DATA_EXIBICAO;SESSAO;TITULO_ORIGINAL;TITULO_BRASIL;CPB_ROE;AUDIO;LEGENDADA;PAIS_OBRA;REGISTRO_SALA;NOME_SALA;PUBLICO;REGISTRO_GRUPO_EXIBIDOR;REGISTRO_EXIBIDOR;REGISTRO_COMPLEXO;MUNICIPIO_SALA_COMPLEXO;UF_SALA_COMPLEXO;RAZAO_SOCIAL_EXIBIDORA;CNPJ_EXIBIDORA
08/08/2020;08/08/2020 10:00:00;THE SON OF BIGFOOT;BIG PAI, BIG FILHO;E1700444500000;DUBLADO;NÃO;BÉLGICA;5006598;CINEMARK ELDORADO DRIVE-IN;21;6000018;1843;11840;SÃO PAULO;SP;CINEMARK BRASIL S.A;00.779.721/0001-41
08/08/2020;08/08/2020 12:00:00;ANNABELLE COMES HOME;ANNABELLE 3: DE VOLTA PARA CASA;E1900234800000;DUBLADO;NÃO;ESTADOS UNIDOS;5006572;CINE 14 BIS DRIVE-IN;14;;5822;6623;GUAXUPÉ;MG;GUAXUPE PROMOCOES E EVENTOS LTDA;03.929.354/0001-03
08/08/2020;08/08/2020 12:30:00;Mostras e Festivais;;G0000000000004;ORIGINAL;SIM;;5006598;CINEMARK ELDORADO DRIVE-IN;20;6000018;1843;11840;SÃO PAULO;SP;CINEMARK BRASIL S.A;00.779.721/0001-41
08/08/2020;08/08/2020 13:00:00;JOKER;CORINGA;E1900357300000;DUBLADO;NÃO;CANADÁ;5004879;CIRCUITO CINEMAS PBAS- SALA 01;0;6000028;15568;27873;PARAUAPEBAS;PA;CIRCUITO ENTRETENIMENTO E CINEMAS LTDA;08.068.712/0001-54
08/08/2020;08/08/2020 13:30:00;SONIC THE HEDGEHOG;SONIC - O FILME;E2000012200000;DUBLADO;NÃO;CANADÁ;5004881;CIRCUITO CINEMAS PBAS- SALA 03;0;6000028;15568;27873;PARAUAPEBAS;PA;CIRCUITO ENTRETENIMENTO E CINEMAS LTDA;08.068.712/0001-54
08/08/2020;08/08/2020 13:50:00;MINHA MÃE É UMA PEÇA 3;;B1900576900000;ORIGINAL;NÃO;BRASIL;5004880;CIRCUITO CINEMAS PBAS- SALA 02;3;6000028;15568;27873;PARAUAPEBAS;PA;CIRCUITO ENTRETENIMENTO E CINEMAS LTDA;08.068.712/0001-54
08/08/2020;08/08/2020 14:00:00;CAMPO;CAMPO;E2000026200000;ORIGINAL;SIM;PORTUGAL;5005898;CINE CASARÃO;1;;37886;37902;MANAUS;AM;C TEATRAL DE IDÉIAS LTDA;09.104.162/0001-44
08/08/2020;08/08/2020 14:30:00;JUMANJI: NEXT LEVEL;JUMANJI: PROXIMA FASE;E1900458100000;DUBLADO;NÃO;ESTADOS UNIDOS;5005929;MOBI CINE AÇAILÂNDIA SALA 01;0;6000040;38236;38237;AÇAILÂNDIA;MA;C A V LEMOS E CIA LTDA - ME;14.717.191/0001-11
08/08/2020;08/08/2020 15:00:00;BAD BOYS 3;BAD BOYS 3;E1500757400000;DUBLADO;NÃO;ESTADOS UNIDOS;5005931;MOBI CINE AÇAILÂNDIA SALA 03;2;6000040;38236;38237;AÇAILÂNDIA;MA;C A V LEMOS E CIA LTDA - ME;14.717.191/0001-11
08/08/2020;08/08/2020 15:00:00;FROZEN II;FROZEN 2;E1900365900000;DUBLADO;NÃO;ESTADOS UNIDOS;5005024;CINE GLOBO SANTA ROSA;4;6000010;20979;29163;SANTA ROSA;RS;CINE GLOBO EXIBICOES CINEMATOGRAFICAS LTDA;14.805.201/0001-70
08/08/2020;08/08/2020 15:00:00;ONWARD;DOIS IRMÃOS: UMA JORNADA FANTÁSTICA;E1900366400000;DUBLADO;NÃO;ESTADOS UNIDOS;5006589;MOVIEMAX-PLANETA DRIVE IN;62;6000109;16398;26188;RECIFE;PE;P.M.C. CINEMAS DO BRASIL LTDA;04.488.617/0001-59
08/08/2020;08/08/2020 15:00:00;THE LION KING;O REI LEÃO;E1900267700000;DUBLADO;NÃO;ESTADOS UNIDOS;5003450;CASTRO 1;3;6000023;12893;21049;CASTRO;PR;ESTILO PRODUÇÕES ARTISTICAS LTDA;03.293.165/0001-97
08/08/2020;08/08/2020 15:15:00;BIRDS OF PREY (AND THE FANTABULOUS EMANCIPATION OF ONE HARLEY QUINN);AVES DE RAPINA (ARLEQUINA E SUA EMANCIPAÇÃO FANTABULOSA);E1900628800000;DUBLADO;NÃO;ESTADOS UNIDOS;5004882;CIRCUITO CINEMAS PBAS- SALA 04;0;6000028;15568;27873;PARAUAPEBAS;PA;CIRCUITO ENTRETENIMENTO E CINEMAS LTDA;08.068.712/0001-54
08/08/2020;08/08/2020 15:20:00;OS PARÇAS 2;;B1900487100000;ORIGINAL;NÃO;BRASIL;5005930;MOBI CINE AÇAILÂNDIA SALA 02;2;6000040;38236;38237;AÇAILÂNDIA;MA;C A V LEMOS E CIA LTDA - ME;14.717.191/0001-11
08/08/2020;08/08/2020 15:30:00;Mostras e Festivais;;G0000000000004;ORIGINAL;SIM;;5006598;CINEMARK ELDORADO DRIVE-IN;13;6000018;1843;11840;SÃO PAULO;SP;CINEMARK BRASIL S.A;00.779.721/0001-41
08/08/2020;08/08/2020 15:45:00;HOW TO TRAIN YOUR DRAGON: THE HIDDEN WORLD;COMO TREINAR O SEU DRAGÃO 3;E1800532200000;DUBLADO;NÃO;ESTADOS UNIDOS;5006587;CENTERPLEX CINE ESTANCIA DRIVE PARK;15;6000006;27814;46014;SÃO BERNARDO DO CAMPO;SP;CINEMATOGRÁFICA LIMEIRA LTDA;17.360.792/0001-08
08/08/2020;08/08/2020 15:45:00;JOKER;CORINGA;E1900357300000;DUBLADO;NÃO;CANADÁ;5004879;CIRCUITO CINEMAS PBAS- SALA 01;1;6000028;15568;27873;PARAUAPEBAS;PA;CIRCUITO ENTRETENIMENTO E CINEMAS LTDA;08.068.712/0001-54
08/08/2020;08/08/2020 16:00:00;ALADDIN;ALADDIN;E1900188100000;DUBLADO;NÃO;ESTADOS UNIDOS;5006554;CINEPLUS XAXIM DRIVE-IN - PLANETA DRIVE-IN;8;6000023;15673;15674;CURITIBA;PR;VITOMAQ PRODUÇÕES ARTISTICAS E CINEMA LTDA - ME;07.617.254/0001-00
08/08/2020;08/08/2020 16:00:00;ALVA;ALVA;E2000026100000;ORIGINAL;SIM;ARGENTINA;5005898;CINE CASARÃO;0;;37886;37902;MANAUS;AM;C TEATRAL DE IDÉIAS LTDA;09.104.162/0001-44
08/08/2020;08/08/2020 16:00:00;SMALLFOOT;PÉPEQUENO;E1800215200000;DUBLADO;NÃO;ESTADOS UNIDOS;5006596;PLAYARTE PLAZA SUL DRIVE IN;11;6000049;39188;41344;SÃO PAULO;SP;MULTIPLEX DO BRASIL ENTRETENIMENTO LTDA;27.595.833/0001-07
08/08/2020;08/08/2020 16:00:00;SONIC THE HEDGEHOG;SONIC - O FILME;E2000012200000;DUBLADO;NÃO;CANADÁ;5004881;CIRCUITO CINEMAS PBAS- SALA 03;1;6000028;15568;27873;PARAUAPEBAS;PA;CIRCUITO ENTRETENIMENTO E CINEMAS LTDA;08.068.712/0001-54
08/08/2020;08/08/2020 16:30:00;MINHA MÃE É UMA PEÇA 3;;B1900576900000;ORIGINAL;NÃO;BRASIL;5004880;CIRCUITO CINEMAS PBAS- SALA 02;0;6000028;15568;27873;PARAUAPEBAS;PA;CIRCUITO ENTRETENIMENTO E CINEMAS LTDA;08.068.712/0001-54
08/08/2020;08/08/2020 17:10:00;JUMANJI: NEXT LEVEL;JUMANJI: PROXIMA FASE;E1900458100000;DUBLADO;NÃO;ESTADOS UNIDOS;5006572;CINE 14 BIS DRIVE-IN;1;;5822;6623;GUAXUPÉ;MG;GUAXUPE PROMOCOES E EVENTOS LTDA;03.929.354/0001-03
08/08/2020;08/08/2020 17:15:00;JUMANJI: NEXT LEVEL;JUMANJI: PROXIMA FASE;E1900458100000;DUBLADO;NÃO;ESTADOS UNIDOS;5005929;MOBI CINE AÇAILÂNDIA SALA 01;2;6000040;38236;38237;AÇAILÂNDIA;MA;C A V LEMOS E CIA LTDA - ME;14.717.191/0001-11
08/08/2020;08/08/2020 17:35:00;OS PARÇAS 2;;B1900487100000;ORIGINAL;NÃO;BRASIL;5005930;MOBI CINE AÇAILÂNDIA SALA 02;0;6000040;38236;38237;AÇAILÂNDIA;MA;C A V LEMOS E CIA LTDA - ME;14.717.191/0001-11
08/08/2020;08/08/2020 17:45:00;BAD BOYS 3;BAD BOYS 3;E1500757400000;DUBLADO;NÃO;ESTADOS UNIDOS;5005931;MOBI CINE AÇAILÂNDIA SALA 03;4;6000040;38236;38237;AÇAILÂNDIA;MA;C A V LEMOS E CIA LTDA - ME;14.717.191/0001-11
08/08/2020;08/08/2020 18:00:00;A STAR IS BORN;NASCE UMA ESTRELA;E1800303500000;DUBLADO;NÃO;ESTADOS UNIDOS;5004882;CIRCUITO CINEMAS PBAS- SALA 04;0;6000028;15568;27873;PARAUAPEBAS;PA;CIRCUITO ENTRETENIMENTO E CINEMAS LTDA;08.068.712/0001-54
08/08/2020;08/08/2020 18:00:00;ONWARD;DOIS IRMÃOS: UMA JORNADA FANTÁSTICA;E1900366400000;DUBLADO;NÃO;ESTADOS UNIDOS;5002102;CINE DRIVEIN;120;;5465;6715;BRASÍLIA;DF;STARK'S CINEMA E LANCHONETE LTDA.;32.917.296/0001-04
08/08/2020;08/08/2020 18:00:00;PLAYMOBIL;PLAYMOBIL - O FILME;E1900127400000;DUBLADO;NÃO;ALEMANHA;5006567;CINESHOW TUBARÃO DRIVE-IN;0;6000025;33770;33771;TUBARÃO;SC;TUBARÃO FILMES LTDA;24.971.903/0001-88
08/08/2020;08/08/2020 18:00:01;WONDER PARK;O PARQUE DOS SONHOS;E1900025300000;DUBLADO;NÃO;ESTADOS UNIDOS;5006575;DRIVE IN CINEART MIX GARDEN;34;6000013;437;45926;NOVA LIMA;MG;DELTA FILMES LTDA;01.735.159/0001-17
08/08/2020;08/08/2020 18:15:00;THE SECRET LIFE OF PETS 2;PETS: A VIDA SECRETA DOS BICHOS 2;E1900162100000;DUBLADO;NÃO;ESTADOS UNIDOS;5006602;TOPAZIO POLO SHOPPING DRIVE IN;51;6000057;2968;19182;INDAIATUBA;SP;LUI CINEMATOGRÁFICA LTDA.;71.912.711/0001-80
08/08/2020;08/08/2020 18:15:00;WONDER PARK;O PARQUE DOS SONHOS;E1900025300000;DUBLADO;NÃO;ESTADOS UNIDOS;5006600;DRIVE - GYN ESTAÇÃO DA MODA;11;6000039;45898;46149;GOIÂNIA;GO;DRIVE-GYN ENTRETENIMENTO LTDA;37.109.882/0001-38
08/08/2020;08/08/2020 18:15:01;THE SECRET LIFE OF PETS 2;PETS: A VIDA SECRETA DOS BICHOS 2;E1900162100000;DUBLADO;NÃO;ESTADOS UNIDOS;5006573;DRIVE - GYN FLAMBOYANT;30;6000039;45898;45899;GOIÂNIA;GO;DRIVE-GYN ENTRETENIMENTO LTDA;37.109.882/0001-38
08/08/2020;08/08/2020 18:20:00;SONIC THE HEDGEHOG;SONIC - O FILME;E2000012200000;DUBLADO;NÃO;CANADÁ;5004881;CIRCUITO CINEMAS PBAS- SALA 03;6;6000028;15568;27873;PARAUAPEBAS;PA;CIRCUITO ENTRETENIMENTO E CINEMAS LTDA;08.068.712/0001-54
08/08/2020;08/08/2020 18:30:00;CAPTAIN MARVEL;CAPITÃ MARVEL;E1900011200000;ORIGINAL;SIM;ESTADOS UNIDOS;5006589;MOVIEMAX-PLANETA DRIVE IN;27;6000109;16398;26188;RECIFE;PE;P.M.C. CINEMAS DO BRASIL LTDA;04.488.617/0001-59
08/08/2020;08/08/2020 18:30:00;COCO;VIVA - A VIDA É UMA FESTA;E1700453400000;DUBLADO;NÃO;ESTADOS UNIDOS;5006551;CENTERPLEX LAPA DRIVE-IN - CINE CTN;110;6000006;2836;2842;SÃO PAULO;SP;EMPRESA SAO LUIZ DE CINEMAS LTDA - EM RECUPERACAO JUDICIAL;52.067.071/0001-05
08/08/2020;08/08/2020 18:30:00;DESPICABLE ME 3;MEU MALVADO FAVORITO 3;E1500759400000;DUBLADO;NÃO;ESTADOS UNIDOS;5006579;CINESYSTEM BRÁS DRIVE-IN;3;6000027;22546;34941;SÃO PAULO;SP;REDECINE BRA CINEMATOGRÁFICA S.A.;15.422.993/0001-67
08/08/2020;08/08/2020 18:30:00;DESPICABLE ME 3;MEU MALVADO FAVORITO 3;E1500759400000;DUBLADO;NÃO;ESTADOS UNIDOS;5006558;CINESYSTEM IGUATEMI FLN DRIVE-IN;3;6000027;22546;41695;FLORIANÓPOLIS;SC;REDECINE BRA CINEMATOGRÁFICA S.A.;15.422.993/0001-67
08/08/2020;08/08/2020 18:30:00;DESPICABLE ME 3;MEU MALVADO FAVORITO 3;E1500759400000;DUBLADO;NÃO;ESTADOS UNIDOS;5006580;CINESYSTEM MORUMBI TOWN DRIVE-IN;72;6000027;22546;34941;SÃO PAULO;SP;REDECINE BRA CINEMATOGRÁFICA S.A.;15.422.993/0001-67
08/08/2020;08/08/2020 18:30:00;JOKER;CORINGA;E1900357300000;DUBLADO;NÃO;CANADÁ;5004879;CIRCUITO CINEMAS PBAS- SALA 01;8;6000028;15568;27873;PARAUAPEBAS;PA;CIRCUITO ENTRETENIMENTO E CINEMAS LTDA;08.068.712/0001-54
08/08/2020;08/08/2020 18:30:00;MANOU THE SWIFT;VOANDO ALTO;E1900126900000;DUBLADO;NÃO;ALEMANHA;5006547;LITORAL PLAZA DRIVE-IN;23;6000027;22546;41704;PRAIA GRANDE;SP;REDECINE BRA CINEMATOGRÁFICA S.A.;15.422.993/0001-67
08/08/2020;08/08/2020 18:30:00;THE LION KING;O REI LEÃO;E1900267700000;DUBLADO;NÃO;ESTADOS UNIDOS;5006606;CINE CAVALIERE ORLANDI DRIVE IN;6;;15009;15010;SOCORRO;SP;ORLANDI MARCHESE LTDA - ME;03.091.068/0001-11
08/08/2020;08/08/2020 18:30:01;FERRIS BUELLER'S DAY OFF;CURTINDO A VIDA ADOIDADO - EDIÇÃO ESPECIAL;E1402514500000;ORIGINAL;NÃO;ESTADOS UNIDOS;5006585;CENTERPLEX CAMPO DE MARTE DRIVE-IN;0;6000006;36999;37000;SÃO PAULO;SP;CINE ELI SP CINEMAS LTDA;27.676.231/0001-76
08/08/2020;08/08/2020 18:30:01;THE LION KING;O REI LEÃO;E1900267700000;DUBLADO;NÃO;ESTADOS UNIDOS;5006587;CENTERPLEX CINE ESTANCIA DRIVE PARK;57;6000006;27814;46014;SÃO BERNARDO DO CAMPO;SP;CINEMATOGRÁFICA LIMEIRA LTDA;17.360.792/0001-08
08/08/2020;08/08/2020 18:40:00;Eventos Esportivos;;G0000000000001;ORIGINAL;SIM;;5006598;CINEMARK ELDORADO DRIVE-IN;83;6000018;1843;11840;SÃO PAULO;SP;CINEMARK BRASIL S.A;00.779.721/0001-41
08/08/2020;08/08/2020 18:40:00;JOKER;CORINGA;E1900357300000;DUBLADO;NÃO;CANADÁ;5006596;PLAYARTE PLAZA SUL DRIVE IN;4;6000049;39188;41344;SÃO PAULO;SP;MULTIPLEX DO BRASIL ENTRETENIMENTO LTDA;27.595.833/0001-07
08/08/2020;08/08/2020 18:40:00;STORKS;CEGONHAS - A HISTÓRIA QUE NÃO TE CONTARAM;E1600405300000;DUBLADO;NÃO;ESTADOS UNIDOS;5006570;TOP CINEPLEX PAULÍNIA - DRIVE-IN;5;6000056;19398;19399;PAULÍNIA;SP;DIAS CINEMATOGRÁFICA LTDA-EPP;12.128.142/0001-18
08/08/2020;08/08/2020 18:40:01;TEEN TITANS GO! TO THE MOVIES;JOVENS TITÃS EM AÇÃO! NOS CINEMAS;E1800215000000;DUBLADO;NÃO;ESTADOS UNIDOS;5006574;DRIVE IN CINEART ALPHAVILLE;16;6000013;437;45925;NOVA LIMA;MG;DELTA FILMES LTDA;01.735.159/0001-17
08/08/2020;08/08/2020 19:00:00;1917;1917;E1900439000000;ORIGINAL;SIM;ESTADOS UNIDOS;5006554;CINEPLUS XAXIM DRIVE-IN - PLANETA DRIVE-IN;48;6000023;15673;15674;CURITIBA;PR;VITOMAQ PRODUÇÕES ARTISTICAS E CINEMA LTDA - ME;07.617.254/0001-00
08/08/2020;08/08/2020 19:00:00;CAPTAIN MARVEL;CAPITÃ MARVEL;E1900011200000;ORIGINAL;NÃO;ESTADOS UNIDOS;5005024;CINE GLOBO SANTA ROSA;2;6000010;20979;29163;SANTA ROSA;RS;CINE GLOBO EXIBICOES CINEMATOGRAFICAS LTDA;14.805.201/0001-70
08/08/2020;08/08/2020 19:00:00;HOW TO TRAIN YOUR DRAGON: THE HIDDEN WORLD;COMO TREINAR O SEU DRAGÃO 3;E1800532200000;DUBLADO;NÃO;ESTADOS UNIDOS;5006616;CINEMAIS LORENA DRIVE IN;4;6000017;2892;31517;LORENA;SP;CINEMAIS CINEMAS LTDA;03.868.869/0001-40
08/08/2020;08/08/2020 19:00:00;MINHA MÃE É UMA PEÇA 3;;B1900576900000;ORIGINAL;NÃO;BRASIL;5004880;CIRCUITO CINEMAS PBAS- SALA 02;0;6000028;15568;27873;PARAUAPEBAS;PA;CIRCUITO ENTRETENIMENTO E CINEMAS LTDA;08.068.712/0001-54
08/08/2020;08/08/2020 19:00:00;TEA PETS;OS BRINQUEDOS MÁGICOS;E1900314200000;DUBLADO;NÃO;CHINA;5006597;CINE PLAYARTE MANAUARA DRIVE IN;0;6000049;260;16356;MANAUS;AM;PLAYARTE CINEMAS LTDA.;60.434.149/0001-00
08/08/2020;08/08/2020 19:00:00;THE LION KING;O REI LEÃO;E1900267700000;DUBLADO;NÃO;ESTADOS UNIDOS;5003450;CASTRO 1;7;6000023;12893;21049;CASTRO;PR;ESTILO PRODUÇÕES ARTISTICAS LTDA;03.293.165/0001-97
08/08/2020;08/08/2020 19:40:01;JOKER;CORINGA;E1900357300000;DUBLADO;NÃO;CANADÁ;5006590;SUPER DRIVE IN;21;6000006;2872;46068;SÃO BERNARDO DO CAMPO;SP;EMPRESA CENTERPLEX DE CINEMAS LTDA;00.812.310/0001-00
08/08/2020;08/08/2020 20:00:00;1917;1917;E1900439000000;ORIGINAL;SIM;ESTADOS UNIDOS;5006572;CINE 14 BIS DRIVE-IN;15;;5822;6623;GUAXUPÉ;MG;GUAXUPE PROMOCOES E EVENTOS LTDA;03.929.354/0001-03
08/08/2020;08/08/2020 20:00:00;ANNABELLE COMES HOME;ANNABELLE 3: DE VOLTA PARA CASA;E1900234800000;DUBLADO;NÃO;ESTADOS UNIDOS;5006613;CINE HOS DRIVE-IN;20;;22207;22208;ADAMANTINA;SP;HADDAD - EMPREENDIMENTOS CINEMATOGRAFICOS E ARTISTICOS LTDA;15.705.606/0001-08
08/08/2020;08/08/2020 20:00:00;JUMANJI: NEXT LEVEL;JUMANJI: PROXIMA FASE;E1900458100000;DUBLADO;NÃO;ESTADOS UNIDOS;5005929;MOBI CINE AÇAILÂNDIA SALA 01;3;6000040;38236;38237;AÇAILÂNDIA;MA;C A V LEMOS E CIA LTDA - ME;14.717.191/0001-11
08/08/2020;08/08/2020 20:00:00;LES HIRONDELLES DE KABOUL;OS OLHOS DE CABUL;E1900532600000;ORIGINAL;SIM;FRANÇA;5005898;CINE CASARÃO;8;;37886;37902;MANAUS;AM;C TEATRAL DE IDÉIAS LTDA;09.104.162/0001-44
08/08/2020;08/08/2020 20:00:00;ONCE UPON A TIME IN HOLLYWOOD;ERA UMA VEZ EM HOLLYWOOD;E1900127300000;DUBLADO;NÃO;ESTADOS UNIDOS;5003451;CASTRO 2;5;6000023;12893;21049;CASTRO;PR;ESTILO PRODUÇÕES ARTISTICAS LTDA;03.293.165/0001-97
08/08/2020;08/08/2020 20:00:00;SONIC THE HEDGEHOG;SONIC - O FILME;E2000012200000;DUBLADO;NÃO;CANADÁ;5006561;CINEART CACOAL SHOPPING SALA DRIVE-IN;3;;19535;37071;CACOAL;RO;CINE ART LTDA ME;07.083.456/0001-01
08/08/2020;08/08/2020 20:00:00;THE LION KING;O REI LEÃO;E1900267700000;DUBLADO;NÃO;ESTADOS UNIDOS;5002102;CINE DRIVEIN;120;;5465;6715;BRASÍLIA;DF;STARK'S CINEMA E LANCHONETE LTDA.;32.917.296/0001-04
08/08/2020;08/08/2020 20:00:01;BAD BOYS FOR LIFE;BAD BOYS PARA SEMPRE;E1900525600000;DUBLADO;NÃO;ESTADOS UNIDOS;5006600;DRIVE - GYN ESTAÇÃO DA MODA;13;6000039;45898;46149;GOIÂNIA;GO;DRIVE-GYN ENTRETENIMENTO LTDA;37.109.882/0001-38
08/08/2020;08/08/2020 20:10:00;BUMBLEBEE;BUMBLEBEE;E1800436900000;ORIGINAL;SIM;ESTADOS UNIDOS;5006573;DRIVE - GYN FLAMBOYANT;11;6000039;45898;45899;GOIÂNIA;GO;DRIVE-GYN ENTRETENIMENTO LTDA;37.109.882/0001-38
08/08/2020;08/08/2020 20:10:00;MARY;A POSSESSÃO DE MARY;E1900534600000;DUBLADO;NÃO;ESTADOS UNIDOS;5005930;MOBI CINE AÇAILÂNDIA SALA 02;0;6000040;38236;38237;AÇAILÂNDIA;MA;C A V LEMOS E CIA LTDA - ME;14.717.191/0001-11
08/08/2020;08/08/2020 20:20:00;MINHA MÃE É UMA PEÇA 3;;B1900576900000;ORIGINAL;NÃO;BRASIL;5006567;CINESHOW TUBARÃO DRIVE-IN;7;6000025;33770;33771;TUBARÃO;SC;TUBARÃO FILMES LTDA;24.971.903/0001-88
08/08/2020;08/08/2020 20:25:00;ABOMINABLE;ABOMINÁVEL;E1900349400000;DUBLADO;NÃO;CHINA;5006579;CINESYSTEM BRÁS DRIVE-IN;25;6000027;22546;34941;SÃO PAULO;SP;REDECINE BRA CINEMATOGRÁFICA S.A.;15.422.993/0001-67
08/08/2020;08/08/2020 20:25:00;ABOMINABLE;ABOMINÁVEL;E1900349400000;DUBLADO;NÃO;CHINA;5006558;CINESYSTEM IGUATEMI FLN DRIVE-IN;8;6000027;22546;41695;FLORIANÓPOLIS;SC;REDECINE BRA CINEMATOGRÁFICA S.A.;15.422.993/0001-67
08/08/2020;08/08/2020 20:25:00;ABOMINABLE;ABOMINÁVEL;E1900349400000;DUBLADO;NÃO;CHINA;5006580;CINESYSTEM MORUMBI TOWN DRIVE-IN;139;6000027;22546;34941;SÃO PAULO;SP;REDECINE BRA CINEMATOGRÁFICA S.A.;15.422.993/0001-67
08/08/2020;08/08/2020 20:25:00;DESPICABLE ME 3;MEU MALVADO FAVORITO 3;E1500759400000;DUBLADO;NÃO;ESTADOS UNIDOS;5006547;LITORAL PLAZA DRIVE-IN;24;6000027;22546;41704;PRAIA GRANDE;SP;REDECINE BRA CINEMATOGRÁFICA S.A.;15.422.993/0001-67
08/08/2020;08/08/2020 20:30:00;ABOMINABLE;ABOMINÁVEL;E1900349400000;DUBLADO;NÃO;CHINA;5006571;CINESYSTEM AMÉRICAS DRIVE-IN;106;6000027;5348;28834;RIO DE JANEIRO;RJ;REDECINE - RIO CINEMATOGRAFICA S.A.;07.524.011/0001-10
08/08/2020;08/08/2020 20:30:00;BAD BOYS 3;BAD BOYS 3;E1500757400000;DUBLADO;NÃO;ESTADOS UNIDOS;5005931;MOBI CINE AÇAILÂNDIA SALA 03;0;6000040;38236;38237;AÇAILÂNDIA;MA;C A V LEMOS E CIA LTDA - ME;14.717.191/0001-11
08/08/2020;08/08/2020 20:30:00;WONDER;EXTRAORDINÁRIO;E1700451500000;DUBLADO;NÃO;ESTADOS UNIDOS;5006602;TOPAZIO POLO SHOPPING DRIVE IN;55;6000057;2968;19182;INDAIATUBA;SP;LUI CINEMATOGRÁFICA LTDA.;71.912.711/0001-80
08/08/2020;08/08/2020 20:30:01;BIRDS OF PREY (AND THE FANTABULOUS EMANCIPATION OF ONE HARLEY QUINN);AVES DE RAPINA (ARLEQUINA E SUA EMANCIPAÇÃO FANTABULOSA);E1900628800000;DUBLADO;NÃO;ESTADOS UNIDOS;5006575;DRIVE IN CINEART MIX GARDEN;53;6000013;437;45926;NOVA LIMA;MG;DELTA FILMES LTDA;01.735.159/0001-17
08/08/2020;08/08/2020 20:35:00;MACABRO;;B1900618000000;ORIGINAL;NÃO;BRASIL;5006578;CINE ARTE PAJUÇARA DRIVE-IN;6;;26591;26593;MACEIÓ;AL;ASSOCIAÇÃO CULTURAL ARTE PAJUÇARA - ACAP;19.442.911/0001-05
08/08/2020;08/08/2020 20:40:00;SONIC THE HEDGEHOG;SONIC - O FILME;E2000012200000;DUBLADO;NÃO;CANADÁ;5004881;CIRCUITO CINEMAS PBAS- SALA 03;0;6000028;15568;27873;PARAUAPEBAS;PA;CIRCUITO ENTRETENIMENTO E CINEMAS LTDA;08.068.712/0001-54
08/08/2020;08/08/2020 20:40:00;WONDER;EXTRAORDINÁRIO;E1700451500000;DUBLADO;NÃO;ESTADOS UNIDOS;5006570;TOP CINEPLEX PAULÍNIA - DRIVE-IN;22;6000056;19398;19399;PAULÍNIA;SP;DIAS CINEMATOGRÁFICA LTDA-EPP;12.128.142/0001-18
08/08/2020;08/08/2020 20:50:00;JUSTICE LEAGUE;LIGA DA JUSTIÇA;E1700482600000;DUBLADO;NÃO;ESTADOS UNIDOS;5006574;DRIVE IN CINEART ALPHAVILLE;39;6000013;437;45925;NOVA LIMA;MG;DELTA FILMES LTDA;01.735.159/0001-17
08/08/2020;08/08/2020 21:00:00;BIRDS OF PREY (AND THE FANTABULOUS EMANCIPATION OF ONE HARLEY QUINN);AVES DE RAPINA (ARLEQUINA E SUA EMANCIPAÇÃO FANTABULOSA);E1900628800000;DUBLADO;NÃO;ESTADOS UNIDOS;5004882;CIRCUITO CINEMAS PBAS- SALA 04;4;6000028;15568;27873;PARAUAPEBAS;PA;CIRCUITO ENTRETENIMENTO E CINEMAS LTDA;08.068.712/0001-54
08/08/2020;08/08/2020 21:00:00;BOHEMIAN RHAPSODY;BOHEMIAN RHAPSODY;E1800251900000;DUBLADO;NÃO;ESTADOS UNIDOS;5006587;CENTERPLEX CINE ESTANCIA DRIVE PARK;66;6000006;27814;46014;SÃO BERNARDO DO CAMPO;SP;CINEMATOGRÁFICA LIMEIRA LTDA;17.360.792/0001-08
08/08/2020;08/08/2020 21:00:01;THE LION KING;O REI LEÃO;E1900267700000;DUBLADO;NÃO;ESTADOS UNIDOS;5006551;CENTERPLEX LAPA DRIVE-IN - CINE CTN;0;6000006;2836;2842;SÃO PAULO;SP;EMPRESA SAO LUIZ DE CINEMAS LTDA - EM RECUPERACAO JUDICIAL;52.067.071/0001-05
08/08/2020;08/08/2020 21:15:00;JOKER;CORINGA;E1900357300000;DUBLADO;NÃO;CANADÁ;5004879;CIRCUITO CINEMAS PBAS- SALA 01;4;6000028;15568;27873;PARAUAPEBAS;PA;CIRCUITO ENTRETENIMENTO E CINEMAS LTDA;08.068.712/0001-54
08/08/2020;08/08/2020 21:15:00;MINHA MÃE É UMA PEÇA 3;;B1900576900000;ORIGINAL;NÃO;BRASIL;5006616;CINEMAIS LORENA DRIVE IN;5;6000017;2892;31517;LORENA;SP;CINEMAIS CINEMAS LTDA;03.868.869/0001-40
08/08/2020;08/08/2020 21:20:00;BIRDS OF PREY (AND THE FANTABULOUS EMANCIPATION OF ONE HARLEY QUINN);AVES DE RAPINA (ARLEQUINA E SUA EMANCIPAÇÃO FANTABULOSA);E1900628800000;DUBLADO;NÃO;ESTADOS UNIDOS;5006596;PLAYARTE PLAZA SUL DRIVE IN;21;6000049;39188;41344;SÃO PAULO;SP;MULTIPLEX DO BRASIL ENTRETENIMENTO LTDA;27.595.833/0001-07
08/08/2020;08/08/2020 21:30:00;AQUAMAN;AQUAMAN;E1800433400000;DUBLADO;NÃO;ESTADOS UNIDOS;5006606;CINE CAVALIERE ORLANDI DRIVE IN;34;;15009;15010;SOCORRO;SP;ORLANDI MARCHESE LTDA - ME;03.091.068/0001-11
08/08/2020;08/08/2020 21:30:00;BIRDS OF PREY (AND THE FANTABULOUS EMANCIPATION OF ONE HARLEY QUINN);AVES DE RAPINA (ARLEQUINA E SUA EMANCIPAÇÃO FANTABULOSA);E1900628800000;DUBLADO;NÃO;ESTADOS UNIDOS;5006591;DRIVE IN SHOPPING VILLA LOBOS;22;6000006;2872;46069;SÃO PAULO;SP;EMPRESA CENTERPLEX DE CINEMAS LTDA;00.812.310/0001-00
08/08/2020;08/08/2020 21:30:00;Mostras e Festivais;;G0000000000004;ORIGINAL;SIM;;5006598;CINEMARK ELDORADO DRIVE-IN;85;6000018;1843;11840;SÃO PAULO;SP;CINEMARK BRASIL S.A;00.779.721/0001-41
08/08/2020;08/08/2020 21:30:00;ONCE UPON A TIME IN HOLLYWOOD;ERA UMA VEZ EM HOLLYWOOD;E1900127300000;ORIGINAL;SIM;ESTADOS UNIDOS;5006589;MOVIEMAX-PLANETA DRIVE IN;25;6000109;16398;26188;RECIFE;PE;P.M.C. CINEMAS DO BRASIL LTDA;04.488.617/0001-59
08/08/2020;08/08/2020 21:30:01;BAD BOYS FOR LIFE;BAD BOYS PARA SEMPRE;E1900525600000;DUBLADO;NÃO;ESTADOS UNIDOS;5006585;CENTERPLEX CAMPO DE MARTE DRIVE-IN;90;6000006;36999;37000;SÃO PAULO;SP;CINE ELI SP CINEMAS LTDA;27.676.231/0001-76
08/08/2020;08/08/2020 21:40:00;MINHA MÃE É UMA PEÇA 3;;B1900576900000;ORIGINAL;NÃO;BRASIL;5004880;CIRCUITO CINEMAS PBAS- SALA 02;0;6000028;15568;27873;PARAUAPEBAS;PA;CIRCUITO ENTRETENIMENTO E CINEMAS LTDA;08.068.712/0001-54
08/08/2020;08/08/2020 22:00:00;MINHA MÃE É UMA PEÇA 3;;B1900576900000;ORIGINAL;NÃO;BRASIL;5006597;CINE PLAYARTE MANAUARA DRIVE IN;0;6000049;260;16356;MANAUS;AM;PLAYARTE CINEMAS LTDA.;60.434.149/0001-00
08/08/2020;08/08/2020 22:20:00;FAST & FURIOUS PRESENTS: HOBBS & SHAW;VELOZES & FURIOSOS: HOBBS & SHAW;E1900264000000;DUBLADO;NÃO;ESTADOS UNIDOS;5006600;DRIVE - GYN ESTAÇÃO DA MODA;6;6000039;45898;46149;GOIÂNIA;GO;DRIVE-GYN ENTRETENIMENTO LTDA;37.109.882/0001-38
08/08/2020;08/08/2020 22:30:00;CAPTAIN FANTASTIC;CAPITÃO FANTÁSTICO;E1600496400000;ORIGINAL;SIM;ESTADOS UNIDOS;5006571;CINESYSTEM AMÉRICAS DRIVE-IN;51;6000027;5348;28834;RIO DE JANEIRO;RJ;REDECINE - RIO CINEMATOGRAFICA S.A.;07.524.011/0001-10
08/08/2020;08/08/2020 22:30:00;CAPTAIN FANTASTIC;CAPITÃO FANTÁSTICO;E1600496400000;ORIGINAL;SIM;ESTADOS UNIDOS;5006579;CINESYSTEM BRÁS DRIVE-IN;26;6000027;22546;34941;SÃO PAULO;SP;REDECINE BRA CINEMATOGRÁFICA S.A.;15.422.993/0001-67
08/08/2020;08/08/2020 22:30:00;CAPTAIN FANTASTIC;CAPITÃO FANTÁSTICO;E1600496400000;ORIGINAL;SIM;ESTADOS UNIDOS;5006558;CINESYSTEM IGUATEMI FLN DRIVE-IN;8;6000027;22546;41695;FLORIANÓPOLIS;SC;REDECINE BRA CINEMATOGRÁFICA S.A.;15.422.993/0001-67
08/08/2020;08/08/2020 22:30:00;CAPTAIN FANTASTIC;CAPITÃO FANTÁSTICO;E1600496400000;ORIGINAL;SIM;ESTADOS UNIDOS;5006580;CINESYSTEM MORUMBI TOWN DRIVE-IN;106;6000027;22546;34941;SÃO PAULO;SP;REDECINE BRA CINEMATOGRÁFICA S.A.;15.422.993/0001-67
08/08/2020;08/08/2020 22:30:00;CAPTAIN FANTASTIC;CAPITÃO FANTÁSTICO;E1600496400000;ORIGINAL;SIM;ESTADOS UNIDOS;5006547;LITORAL PLAZA DRIVE-IN;24;6000027;22546;41704;PRAIA GRANDE;SP;REDECINE BRA CINEMATOGRÁFICA S.A.;15.422.993/0001-67
08/08/2020;08/08/2020 22:30:00;IT;IT: A COISA;E1700363900000;ORIGINAL;SIM;ESTADOS UNIDOS;5006573;DRIVE - GYN FLAMBOYANT;9;6000039;45898;45899;GOIÂNIA;GO;DRIVE-GYN ENTRETENIMENTO LTDA;37.109.882/0001-38
08/08/2020;08/08/2020 22:30:00;THE NUN;A FREIRA;E1800306100000;ORIGINAL;SIM;ESTADOS UNIDOS;5002102;CINE DRIVEIN;120;;5465;6715;BRASÍLIA;DF;STARK'S CINEMA E LANCHONETE LTDA.;32.917.296/0001-04
08/08/2020;08/08/2020 22:30:01;THE SHACK;A CABANA;E1700059700000;DUBLADO;NÃO;ESTADOS UNIDOS;5006622;SUPER CINE ESPAÇO DAS AMÉRICAS DRIVE IN;100;6000006;2836;46340;SÃO PAULO;SP;EMPRESA SAO LUIZ DE CINEMAS LTDA - EM RECUPERACAO JUDICIAL;52.067.071/0001-05
08/08/2020;08/08/2020 23:10:00;JOHN WICK 3: PARABELLUM;JOHN WICK 3: PARABELLUM;E1900126300000;DUBLADO;NÃO;ESTADOS UNIDOS;5006567;CINESHOW TUBARÃO DRIVE-IN;4;6000025;33770;33771;TUBARÃO;SC;TUBARÃO FILMES LTDA;24.971.903/0001-88
08/08/2020;08/08/2020 23:10:00;THE NUN;A FREIRA;E1800306100000;DUBLADO;NÃO;ESTADOS UNIDOS;5006575;DRIVE IN CINEART MIX GARDEN;20;6000013;437;45926;NOVA LIMA;MG;DELTA FILMES LTDA;01.735.159/0001-17
09/08/2020;09/08/2020 10:10:00;PADDINGTON 2;PADDINGTON 2;E1700540700000;DUBLADO;NÃO;FRANÇA;5006598;CINEMARK ELDORADO DRIVE-IN;8;6000018;1843;11840;SÃO PAULO;SP;CINEMARK BRASIL S.A;00.779.721/0001-41
09/08/2020;09/08/2020 12:50:00;SONIC THE HEDGEHOG;SONIC - O FILME;E2000012200000;DUBLADO;NÃO;CANADÁ;5006598;CINEMARK ELDORADO DRIVE-IN;25;6000018;1843;11840;SÃO PAULO;SP;CINEMARK BRASIL S.A;00.779.721/0001-41
09/08/2020;09/08/2020 13:00:00;JOKER;CORINGA;E1900357300000;DUBLADO;NÃO;CANADÁ;5004879;CIRCUITO CINEMAS PBAS- SALA 01;0;6000028;15568;27873;PARAUAPEBAS;PA;CIRCUITO ENTRETENIMENTO E CINEMAS LTDA;08.068.712/0001-54
09/08/2020;09/08/2020 13:00:01;CARROSSEL 2 - O SUMIÇO DE MARIA JOAQUINA;;B1600352700000;ORIGINAL;NÃO;BRASIL;5006591;DRIVE IN SHOPPING VILLA LOBOS;4;6000006;2872;46069;SÃO PAULO;SP;EMPRESA CENTERPLEX DE CINEMAS LTDA;00.812.310/0001-00
09/08/2020;09/08/2020 13:30:00;SONIC THE HEDGEHOG;SONIC - O FILME;E2000012200000;DUBLADO;NÃO;CANADÁ;5004881;CIRCUITO CINEMAS PBAS- SALA 03;10;6000028;15568;27873;PARAUAPEBAS;PA;CIRCUITO ENTRETENIMENTO E CINEMAS LTDA;08.068.712/0001-54
09/08/2020;09/08/2020 13:50:00;MINHA MÃE É UMA PEÇA 3;;B1900576900000;ORIGINAL;NÃO;BRASIL;5004880;CIRCUITO CINEMAS PBAS- SALA 02;2;6000028;15568;27873;PARAUAPEBAS;PA;CIRCUITO ENTRETENIMENTO E CINEMAS LTDA;08.068.712/0001-54
09/08/2020;09/08/2020 14:30:00;JUMANJI: NEXT LEVEL;JUMANJI: PROXIMA FASE;E1900458100000;DUBLADO;NÃO;ESTADOS UNIDOS;5005929;MOBI CINE AÇAILÂNDIA SALA 01;5;6000040;38236;38237;AÇAILÂNDIA;MA;C A V LEMOS E CIA LTDA - ME;14.717.191/0001-11
09/08/2020;09/08/2020 15:00:00;BAD BOYS 3;BAD BOYS 3;E1500757400000;DUBLADO;NÃO;ESTADOS UNIDOS;5005931;MOBI CINE AÇAILÂNDIA SALA 03;1;6000040;38236;38237;AÇAILÂNDIA;MA;C A V LEMOS E CIA LTDA - ME;14.717.191/0001-11
09/08/2020;09/08/2020 15:00:00;FROZEN II;FROZEN 2;E1900365900000;DUBLADO;NÃO;ESTADOS UNIDOS;5005024;CINE GLOBO SANTA ROSA;5;6000010;20979;29163;SANTA ROSA;RS;CINE GLOBO EXIBICOES CINEMATOGRAFICAS LTDA;14.805.201/0001-70
09/08/2020;09/08/2020 15:00:00;FROZEN II;FROZEN 2;E1900365900000;DUBLADO;NÃO;ESTADOS UNIDOS;5006589;MOVIEMAX-PLANETA DRIVE IN;10;6000109;16398;26188;RECIFE;PE;P.M.C. CINEMAS DO BRASIL LTDA;04.488.617/0001-59
09/08/2020;09/08/2020 15:15:00;BIRDS OF PREY (AND THE FANTABULOUS EMANCIPATION OF ONE HARLEY QUINN);AVES DE RAPINA (ARLEQUINA E SUA EMANCIPAÇÃO FANTABULOSA);E1900628800000;DUBLADO;NÃO;ESTADOS UNIDOS;5004882;CIRCUITO CINEMAS PBAS- SALA 04;7;6000028;15568;27873;PARAUAPEBAS;PA;CIRCUITO ENTRETENIMENTO E CINEMAS LTDA;08.068.712/0001-54
09/08/2020;09/08/2020 15:20:00;OS PARÇAS 2;;B1900487100000;ORIGINAL;NÃO;BRASIL;5005930;MOBI CINE AÇAILÂNDIA SALA 02;0;6000040;38236;38237;AÇAILÂNDIA;MA;C A V LEMOS E CIA LTDA - ME;14.717.191/0001-11
09/08/2020;09/08/2020 15:30:00;Mostras e Festivais;;G0000000000004;DUBLADO;NÃO;;5006598;CINEMARK ELDORADO DRIVE-IN;29;6000018;1843;11840;SÃO PAULO;SP;CINEMARK BRASIL S.A;00.779.721/0001-41
09/08/2020;09/08/2020 15:45:00;JOKER;CORINGA;E1900357300000;DUBLADO;NÃO;CANADÁ;5004879;CIRCUITO CINEMAS PBAS- SALA 01;20;6000028;15568;27873;PARAUAPEBAS;PA;CIRCUITO ENTRETENIMENTO E CINEMAS LTDA;08.068.712/0001-54
09/08/2020;09/08/2020 16:00:00;JUMANJI: NEXT LEVEL;JUMANJI: PROXIMA FASE;E1900458100000;DUBLADO;NÃO;ESTADOS UNIDOS;5006554;CINEPLUS XAXIM DRIVE-IN - PLANETA DRIVE-IN;11;6000023;15673;15674;CURITIBA;PR;VITOMAQ PRODUÇÕES ARTISTICAS E CINEMA LTDA - ME;07.617.254/0001-00
09/08/2020;09/08/2020 16:00:00;SONIC THE HEDGEHOG;SONIC - O FILME;E2000012200000;DUBLADO;NÃO;CANADÁ;5004881;CIRCUITO CINEMAS PBAS- SALA 03;4;6000028;15568;27873;PARAUAPEBAS;PA;CIRCUITO ENTRETENIMENTO E CINEMAS LTDA;08.068.712/0001-54
09/08/2020;09/08/2020 16:30:00;MINHA MÃE É UMA PEÇA 3;;B1900576900000;ORIGINAL;NÃO;BRASIL;5004880;CIRCUITO CINEMAS PBAS- SALA 02;10;6000028;15568;27873;PARAUAPEBAS;PA;CIRCUITO ENTRETENIMENTO E CINEMAS LTDA;08.068.712/0001-54
09/08/2020;09/08/2020 17:00:01;SHAZAM!;SHAZAM!;E1900060900000;DUBLADO;NÃO;ESTADOS UNIDOS;5006590;SUPER DRIVE IN;3;6000006;2872;46068;SÃO BERNARDO DO CAMPO;SP;EMPRESA CENTERPLEX DE CINEMAS LTDA;00.812.310/0001-00
09/08/2020;09/08/2020 17:15:00;JUMANJI: NEXT LEVEL;JUMANJI: PROXIMA FASE;E1900458100000;DUBLADO;NÃO;ESTADOS UNIDOS;5005929;MOBI CINE AÇAILÂNDIA SALA 01;6;6000040;38236;38237;AÇAILÂNDIA;MA;C A V LEMOS E CIA LTDA - ME;14.717.191/0001-11
09/08/2020;09/08/2020 17:35:00;OS PARÇAS 2;;B1900487100000;ORIGINAL;NÃO;BRASIL;5005930;MOBI CINE AÇAILÂNDIA SALA 02;0;6000040;38236;38237;AÇAILÂNDIA;MA;C A V LEMOS E CIA LTDA - ME;14.717.191/0001-11
09/08/2020;09/08/2020 17:45:00;BAD BOYS 3;BAD BOYS 3;E1500757400000;DUBLADO;NÃO;ESTADOS UNIDOS;5005931;MOBI CINE AÇAILÂNDIA SALA 03;0;6000040;38236;38237;AÇAILÂNDIA;MA;C A V LEMOS E CIA LTDA - ME;14.717.191/0001-11
09/08/2020;09/08/2020 18:00:00;A STAR IS BORN;NASCE UMA ESTRELA;E1800303500000;DUBLADO;NÃO;ESTADOS UNIDOS;5004882;CIRCUITO CINEMAS PBAS- SALA 04;12;6000028;15568;27873;PARAUAPEBAS;PA;CIRCUITO ENTRETENIMENTO E CINEMAS LTDA;08.068.712/0001-54
09/08/2020;09/08/2020 18:00:00;HARRY POTTER AND THE DEATHLY HALLOWS - PART 1;HARRY POTTER E AS RELÍQUIAS DA MORTE - PARTE 1;E1500138700000;DUBLADO;NÃO;ESTADOS UNIDOS;5006591;DRIVE IN SHOPPING VILLA LOBOS;13;6000006;2872;46069;SÃO PAULO;SP;EMPRESA CENTERPLEX DE CINEMAS LTDA;00.812.310/0001-00
09/08/2020;09/08/2020 18:00:00;MINHA MÃE É UMA PEÇA 3;;B1900576900000;ORIGINAL;NÃO;BRASIL;5006596;PLAYARTE PLAZA SUL DRIVE IN;16;6000049;39188;41344;SÃO PAULO;SP;MULTIPLEX DO BRASIL ENTRETENIMENTO LTDA;27.595.833/0001-07
09/08/2020;09/08/2020 18:00:00;Mostras e Festivais;;G0000000000004;ORIGINAL;SIM;;5006598;CINEMARK ELDORADO DRIVE-IN;27;6000018;1843;11840;SÃO PAULO;SP;CINEMARK BRASIL S.A;00.779.721/0001-41
09/08/2020;09/08/2020 18:00:00;ONWARD;DOIS IRMÃOS: UMA JORNADA FANTÁSTICA;E1900366400000;DUBLADO;NÃO;ESTADOS UNIDOS;5002102;CINE DRIVEIN;29;;5465;6715;BRASÍLIA;DF;STARK'S CINEMA E LANCHONETE LTDA.;32.917.296/0001-04
09/08/2020;09/08/2020 18:00:01;HOW TO TRAIN YOUR DRAGON: THE HIDDEN WORLD;COMO TREINAR O SEU DRAGÃO 3;E1800532200000;DUBLADO;NÃO;ESTADOS UNIDOS;5006587;CENTERPLEX CINE ESTANCIA DRIVE PARK;14;6000006;27814;46014;SÃO BERNARDO DO CAMPO;SP;CINEMATOGRÁFICA LIMEIRA LTDA;17.360.792/0001-08
09/08/2020;09/08/2020 18:15:00;FROZEN II;FROZEN 2;E1900365900000;DUBLADO;NÃO;ESTADOS UNIDOS;5006602;TOPAZIO POLO SHOPPING DRIVE IN;32;6000057;2968;19182;INDAIATUBA;SP;LUI CINEMATOGRÁFICA LTDA.;71.912.711/0001-80
09/08/2020;09/08/2020 18:15:00;WONDER PARK;O PARQUE DOS SONHOS;E1900025300000;DUBLADO;NÃO;ESTADOS UNIDOS;5006600;DRIVE - GYN ESTAÇÃO DA MODA;3;6000039;45898;46149;GOIÂNIA;GO;DRIVE-GYN ENTRETENIMENTO LTDA;37.109.882/0001-38
09/08/2020;09/08/2020 18:15:01;THE SECRET LIFE OF PETS 2;PETS: A VIDA SECRETA DOS BICHOS 2;E1900162100000;DUBLADO;NÃO;ESTADOS UNIDOS;5006573;DRIVE - GYN FLAMBOYANT;23;6000039;45898;45899;GOIÂNIA;GO;DRIVE-GYN ENTRETENIMENTO LTDA;37.109.882/0001-38
09/08/2020;09/08/2020 18:20:00;SONIC THE HEDGEHOG;SONIC - O FILME;E2000012200000;DUBLADO;NÃO;CANADÁ;5004881;CIRCUITO CINEMAS PBAS- SALA 03;0;6000028;15568;27873;PARAUAPEBAS;PA;CIRCUITO ENTRETENIMENTO E CINEMAS LTDA;08.068.712/0001-54
09/08/2020;09/08/2020 18:30:00;BABY DRIVER;EM RITMO DE FUGA;E1500757900000;DUBLADO;NÃO;ESTADOS UNIDOS;5006585;CENTERPLEX CAMPO DE MARTE DRIVE-IN;12;6000006;36999;37000;SÃO PAULO;SP;CINE ELI SP CINEMAS LTDA;27.676.231/0001-76
09/08/2020;09/08/2020 18:30:00;COCO;VIVA - A VIDA É UMA FESTA;E1700453400000;DUBLADO;NÃO;ESTADOS UNIDOS;5006551;CENTERPLEX LAPA DRIVE-IN - CINE CTN;103;6000006;2836;2842;SÃO PAULO;SP;EMPRESA SAO LUIZ DE CINEMAS LTDA - EM RECUPERACAO JUDICIAL;52.067.071/0001-05
09/08/2020;09/08/2020 18:30:00;DESPICABLE ME 3;MEU MALVADO FAVORITO 3;E1500759400000;DUBLADO;NÃO;ESTADOS UNIDOS;5006571;CINESYSTEM AMÉRICAS DRIVE-IN;42;6000027;5348;28834;RIO DE JANEIRO;RJ;REDECINE - RIO CINEMATOGRAFICA S.A.;07.524.011/0001-10
09/08/2020;09/08/2020 18:30:00;DESPICABLE ME 3;MEU MALVADO FAVORITO 3;E1500759400000;DUBLADO;NÃO;ESTADOS UNIDOS;5006579;CINESYSTEM BRÁS DRIVE-IN;4;6000027;22546;34941;SÃO PAULO;SP;REDECINE BRA CINEMATOGRÁFICA S.A.;15.422.993/0001-67
09/08/2020;09/08/2020 18:30:00;DESPICABLE ME 3;MEU MALVADO FAVORITO 3;E1500759400000;DUBLADO;NÃO;ESTADOS UNIDOS;5006558;CINESYSTEM IGUATEMI FLN DRIVE-IN;3;6000027;22546;41695;FLORIANÓPOLIS;SC;REDECINE BRA CINEMATOGRÁFICA S.A.;15.422.993/0001-67
09/08/2020;09/08/2020 18:30:00;DESPICABLE ME 3;MEU MALVADO FAVORITO 3;E1500759400000;DUBLADO;NÃO;ESTADOS UNIDOS;5006580;CINESYSTEM MORUMBI TOWN DRIVE-IN;47;6000027;22546;34941;SÃO PAULO;SP;REDECINE BRA CINEMATOGRÁFICA S.A.;15.422.993/0001-67
09/08/2020;09/08/2020 18:30:00;DORA AND THE LOST CITY OF GOLD;DORA E A CIDADE PERDIDA;E1900339600000;ORIGINAL;SIM;AUSTRÁLIA;5006562;CINE QUINZE DRIVE-IN;2;6000012;15558;39450;GUARAPUAVA;PR;CINE QUINZE CINEMAS LTDA;04.752.934/0001-30
09/08/2020;09/08/2020 18:30:00;FANTASTIC BEASTS: THE CRIMES OF GRINDELWALD;ANIMAIS FANTÁSTICOS: OS CRIMES DE GRINDELWALD;E1800432900000;ORIGINAL;SIM;ESTADOS UNIDOS;5006589;MOVIEMAX-PLANETA DRIVE IN;16;6000109;16398;26188;RECIFE;PE;P.M.C. CINEMAS DO BRASIL LTDA;04.488.617/0001-59
09/08/2020;09/08/2020 18:30:00;JOKER;CORINGA;E1900357300000;DUBLADO;NÃO;CANADÁ;5004879;CIRCUITO CINEMAS PBAS- SALA 01;1;6000028;15568;27873;PARAUAPEBAS;PA;CIRCUITO ENTRETENIMENTO E CINEMAS LTDA;08.068.712/0001-54
09/08/2020;09/08/2020 18:30:00;MANOU THE SWIFT;VOANDO ALTO;E1900126900000;DUBLADO;NÃO;ALEMANHA;5006547;LITORAL PLAZA DRIVE-IN;24;6000027;22546;41704;PRAIA GRANDE;SP;REDECINE BRA CINEMATOGRÁFICA S.A.;15.422.993/0001-67
09/08/2020;09/08/2020 18:30:00;THE LION KING;O REI LEÃO;E1900267700000;DUBLADO;NÃO;ESTADOS UNIDOS;5006606;CINE CAVALIERE ORLANDI DRIVE IN;5;;15009;15010;SOCORRO;SP;ORLANDI MARCHESE LTDA - ME;03.091.068/0001-11
09/08/2020;09/08/2020 18:40:00;STORKS;CEGONHAS - A HISTÓRIA QUE NÃO TE CONTARAM;E1600405300000;DUBLADO;NÃO;ESTADOS UNIDOS;5006570;TOP CINEPLEX PAULÍNIA - DRIVE-IN;8;6000056;19398;19399;PAULÍNIA;SP;DIAS CINEMATOGRÁFICA LTDA-EPP;12.128.142/0001-18
09/08/2020;09/08/2020 18:40:01;TEEN TITANS GO! TO THE MOVIES;JOVENS TITÃS EM AÇÃO! NOS CINEMAS;E1800215000000;DUBLADO;NÃO;ESTADOS UNIDOS;5006574;DRIVE IN CINEART ALPHAVILLE;8;6000013;437;45925;NOVA LIMA;MG;DELTA FILMES LTDA;01.735.159/0001-17
09/08/2020;09/08/2020 19:00:00;CAPTAIN MARVEL;CAPITÃ MARVEL;E1900011200000;DUBLADO;NÃO;ESTADOS UNIDOS;5005024;CINE GLOBO SANTA ROSA;8;6000010;20979;29163;SANTA ROSA;RS;CINE GLOBO EXIBICOES CINEMATOGRAFICAS LTDA;14.805.201/0001-70
09/08/2020;09/08/2020 19:00:00;HOW TO TRAIN YOUR DRAGON: THE HIDDEN WORLD;COMO TREINAR O SEU DRAGÃO 3;E1800532200000;DUBLADO;NÃO;ESTADOS UNIDOS;5006616;CINEMAIS LORENA DRIVE IN;0;6000017;2892;31517;LORENA;SP;CINEMAIS CINEMAS LTDA;03.868.869/0001-40
09/08/2020;09/08/2020 19:00:00;MINHA MÃE É UMA PEÇA 3;;B1900576900000;ORIGINAL;NÃO;BRASIL;5004880;CIRCUITO CINEMAS PBAS- SALA 02;6;6000028;15568;27873;PARAUAPEBAS;PA;CIRCUITO ENTRETENIMENTO E CINEMAS LTDA;08.068.712/0001-54
09/08/2020;09/08/2020 19:00:00;PLAYMOBIL;PLAYMOBIL - O FILME;E1900127400000;DUBLADO;NÃO;ALEMANHA;5006567;CINESHOW TUBARÃO DRIVE-IN;2;6000025;33770;33771;TUBARÃO;SC;TUBARÃO FILMES LTDA;24.971.903/0001-88
09/08/2020;09/08/2020 19:00:00;POKEMON DETECTIVE PIKACHU;POKÉMON DETETIVE PIKACHU;E1900062700000;DUBLADO;NÃO;ESTADOS UNIDOS;5006597;CINE PLAYARTE MANAUARA DRIVE IN;0;6000049;260;16356;MANAUS;AM;PLAYARTE CINEMAS LTDA.;60.434.149/0001-00
09/08/2020;09/08/2020 19:00:00;SHAZAM!;SHAZAM!;E1900060900000;DUBLADO;NÃO;ESTADOS UNIDOS;5006586;MULTICINE DRIVE IN - CIDADE JARDIM;7;6000045;5935;30736;GOIÂNIA;GO;MULTICINE CINEMAS LTDA;07.609.246/0001-04
09/08/2020;09/08/2020 19:30:00;FORD V FERRARI;FORD VS FERRARI;E1900252200000;ORIGINAL;SIM;ESTADOS UNIDOS;5006554;CINEPLUS XAXIM DRIVE-IN - PLANETA DRIVE-IN;21;6000023;15673;15674;CURITIBA;PR;VITOMAQ PRODUÇÕES ARTISTICAS E CINEMA LTDA - ME;07.617.254/0001-00
09/08/2020;09/08/2020 19:40:00;ATÉ QUE A SORTE NOS SEPARE 3;;B1500904200000;ORIGINAL;NÃO;BRASIL;5006590;SUPER DRIVE IN;0;6000006;2872;46068;SÃO BERNARDO DO CAMPO;SP;EMPRESA CENTERPLEX DE CINEMAS LTDA;00.812.310/0001-00
09/08/2020;09/08/2020 20:00:00;1917;1917;E1900439000000;ORIGINAL;SIM;ESTADOS UNIDOS;5006572;CINE 14 BIS DRIVE-IN;25;;5822;6623;GUAXUPÉ;MG;GUAXUPE PROMOCOES E EVENTOS LTDA;03.929.354/0001-03
09/08/2020;09/08/2020 20:00:00;JUMANJI: NEXT LEVEL;JUMANJI: PROXIMA FASE;E1900458100000;DUBLADO;NÃO;ESTADOS UNIDOS;5005929;MOBI CINE AÇAILÂNDIA SALA 01;3;6000040;38236;38237;AÇAILÂNDIA;MA;C A V LEMOS E CIA LTDA - ME;14.717.191/0001-11
09/08/2020;09/08/2020 20:00:00;THE LION KING;O REI LEÃO;E1900267700000;DUBLADO;NÃO;ESTADOS UNIDOS;5002102;CINE DRIVEIN;29;;5465;6715;BRASÍLIA;DF;STARK'S CINEMA E LANCHONETE LTDA.;32.917.296/0001-04
09/08/2020;09/08/2020 20:00:00;WONDER;EXTRAORDINÁRIO;E1700451500000;DUBLADO;NÃO;ESTADOS UNIDOS;5006613;CINE HOS DRIVE-IN;40;;22207;22208;ADAMANTINA;SP;HADDAD - EMPREENDIMENTOS CINEMATOGRAFICOS E ARTISTICOS LTDA;15.705.606/0001-08
09/08/2020;09/08/2020 20:00:01;BAD BOYS FOR LIFE;BAD BOYS PARA SEMPRE;E1900525600000;DUBLADO;NÃO;ESTADOS UNIDOS;5006600;DRIVE - GYN ESTAÇÃO DA MODA;6;6000039;45898;46149;GOIÂNIA;GO;DRIVE-GYN ENTRETENIMENTO LTDA;37.109.882/0001-38
09/08/2020;09/08/2020 20:10:00;BUMBLEBEE;BUMBLEBEE;E1800436900000;ORIGINAL;SIM;ESTADOS UNIDOS;5006573;DRIVE - GYN FLAMBOYANT;8;6000039;45898;45899;GOIÂNIA;GO;DRIVE-GYN ENTRETENIMENTO LTDA;37.109.882/0001-38
09/08/2020;09/08/2020 20:10:00;MARY;A POSSESSÃO DE MARY;E1900534600000;DUBLADO;NÃO;ESTADOS UNIDOS;5005930;MOBI CINE AÇAILÂNDIA SALA 02;4;6000040;38236;38237;AÇAILÂNDIA;MA;C A V LEMOS E CIA LTDA - ME;14.717.191/0001-11
09/08/2020;09/08/2020 20:20:00;SHAZAM!;SHAZAM!;E1900060900000;DUBLADO;NÃO;ESTADOS UNIDOS;5006596;PLAYARTE PLAZA SUL DRIVE IN;19;6000049;39188;41344;SÃO PAULO;SP;MULTIPLEX DO BRASIL ENTRETENIMENTO LTDA;27.595.833/0001-07
09/08/2020;09/08/2020 20:25:00;ABOMINABLE;ABOMINÁVEL;E1900349400000;DUBLADO;NÃO;CHINA;5006571;CINESYSTEM AMÉRICAS DRIVE-IN;52;6000027;5348;28834;RIO DE JANEIRO;RJ;REDECINE - RIO CINEMATOGRAFICA S.A.;07.524.011/0001-10
09/08/2020;09/08/2020 20:25:00;ABOMINABLE;ABOMINÁVEL;E1900349400000;DUBLADO;NÃO;CHINA;5006579;CINESYSTEM BRÁS DRIVE-IN;9;6000027;22546;34941;SÃO PAULO;SP;REDECINE BRA CINEMATOGRÁFICA S.A.;15.422.993/0001-67
09/08/2020;09/08/2020 20:25:00;ABOMINABLE;ABOMINÁVEL;E1900349400000;DUBLADO;NÃO;CHINA;5006558;CINESYSTEM IGUATEMI FLN DRIVE-IN;4;6000027;22546;41695;FLORIANÓPOLIS;SC;REDECINE BRA CINEMATOGRÁFICA S.A.;15.422.993/0001-67
09/08/2020;09/08/2020 20:25:00;ABOMINABLE;ABOMINÁVEL;E1900349400000;DUBLADO;NÃO;CHINA;5006580;CINESYSTEM MORUMBI TOWN DRIVE-IN;46;6000027;22546;34941;SÃO PAULO;SP;REDECINE BRA CINEMATOGRÁFICA S.A.;15.422.993/0001-67
09/08/2020;09/08/2020 20:25:00;DESPICABLE ME 3;MEU MALVADO FAVORITO 3;E1500759400000;DUBLADO;NÃO;ESTADOS UNIDOS;5006547;LITORAL PLAZA DRIVE-IN;11;6000027;22546;41704;PRAIA GRANDE;SP;REDECINE BRA CINEMATOGRÁFICA S.A.;15.422.993/0001-67
09/08/2020;09/08/2020 20:30:00;A STAR IS BORN;NASCE UMA ESTRELA;E1800303500000;DUBLADO;NÃO;ESTADOS UNIDOS;5006587;CENTERPLEX CINE ESTANCIA DRIVE PARK;20;6000006;27814;46014;SÃO BERNARDO DO CAMPO;SP;CINEMATOGRÁFICA LIMEIRA LTDA;17.360.792/0001-08
09/08/2020;09/08/2020 20:30:00;BAD BOYS 3;BAD BOYS 3;E1500757400000;DUBLADO;NÃO;ESTADOS UNIDOS;5005931;MOBI CINE AÇAILÂNDIA SALA 03;2;6000040;38236;38237;AÇAILÂNDIA;MA;C A V LEMOS E CIA LTDA - ME;14.717.191/0001-11
09/08/2020;09/08/2020 20:35:00;Mostras e Festivais;;G0000000000004;ORIGINAL;NÃO;;5006578;CINE ARTE PAJUÇARA DRIVE-IN;10;;26591;26593;MACEIÓ;AL;ASSOCIAÇÃO CULTURAL ARTE PAJUÇARA - ACAP;19.442.911/0001-05
09/08/2020;09/08/2020 20:40:00;SONIC THE HEDGEHOG;SONIC - O FILME;E2000012200000;DUBLADO;NÃO;CANADÁ;5004881;CIRCUITO CINEMAS PBAS- SALA 03;1;6000028;15568;27873;PARAUAPEBAS;PA;CIRCUITO ENTRETENIMENTO E CINEMAS LTDA;08.068.712/0001-54
09/08/2020;09/08/2020 20:40:00;WONDER;EXTRAORDINÁRIO;E1700451500000;DUBLADO;NÃO;ESTADOS UNIDOS;5006570;TOP CINEPLEX PAULÍNIA - DRIVE-IN;9;6000056;19398;19399;PAULÍNIA;SP;DIAS CINEMATOGRÁFICA LTDA-EPP;12.128.142/0001-18
09/08/2020;09/08/2020 20:50:00;JUSTICE LEAGUE;LIGA DA JUSTIÇA;E1700482600000;DUBLADO;NÃO;ESTADOS UNIDOS;5006574;DRIVE IN CINEART ALPHAVILLE;17;6000013;437;45925;NOVA LIMA;MG;DELTA FILMES LTDA;01.735.159/0001-17
09/08/2020;09/08/2020 21:00:00;AQUAMAN;AQUAMAN;E1800433400000;DUBLADO;NÃO;ESTADOS UNIDOS;5006602;TOPAZIO POLO SHOPPING DRIVE IN;26;6000057;2968;19182;INDAIATUBA;SP;LUI CINEMATOGRÁFICA LTDA.;71.912.711/0001-80
09/08/2020;09/08/2020 21:00:00;BIRDS OF PREY (AND THE FANTABULOUS EMANCIPATION OF ONE HARLEY QUINN);AVES DE RAPINA (ARLEQUINA E SUA EMANCIPAÇÃO FANTABULOSA);E1900628800000;DUBLADO;NÃO;ESTADOS UNIDOS;5004882;CIRCUITO CINEMAS PBAS- SALA 04;7;6000028;15568;27873;PARAUAPEBAS;PA;CIRCUITO ENTRETENIMENTO E CINEMAS LTDA;08.068.712/0001-54
09/08/2020;09/08/2020 21:00:00;GEMINI MAN;PROJETO GEMINI;E1900339700000;ORIGINAL;SIM;CHINA;5006562;CINE QUINZE DRIVE-IN;12;6000012;15558;39450;GUARAPUAVA;PR;CINE QUINZE CINEMAS LTDA;04.752.934/0001-30
09/08/2020;09/08/2020 21:00:01;BLOODSHOT;BLOODSHOT;E1900579400000;DUBLADO;NÃO;ESTADOS UNIDOS;5006585;CENTERPLEX CAMPO DE MARTE DRIVE-IN;33;6000006;36999;37000;SÃO PAULO;SP;CINE ELI SP CINEMAS LTDA;27.676.231/0001-76
09/08/2020;09/08/2020 21:00:01;GEMINI MAN;PROJETO GEMINI;E1900339700000;DUBLADO;NÃO;CHINA;5006551;CENTERPLEX LAPA DRIVE-IN - CINE CTN;69;6000006;2836;2842;SÃO PAULO;SP;EMPRESA SAO LUIZ DE CINEMAS LTDA - EM RECUPERACAO JUDICIAL;52.067.071/0001-05
09/08/2020;09/08/2020 21:15:00;JOKER;CORINGA;E1900357300000;DUBLADO;NÃO;CANADÁ;5004879;CIRCUITO CINEMAS PBAS- SALA 01;0;6000028;15568;27873;PARAUAPEBAS;PA;CIRCUITO ENTRETENIMENTO E CINEMAS LTDA;08.068.712/0001-54
09/08/2020;09/08/2020 21:15:00;MINHA MÃE É UMA PEÇA 3;;B1900576900000;ORIGINAL;NÃO;BRASIL;5006616;CINEMAIS LORENA DRIVE IN;1;6000017;2892;31517;LORENA;SP;CINEMAIS CINEMAS LTDA;03.868.869/0001-40
09/08/2020;09/08/2020 21:15:00;Mostras e Festivais;;G0000000000004;ORIGINAL;SIM;;5006598;CINEMARK ELDORADO DRIVE-IN;20;6000018;1843;11840;SÃO PAULO;SP;CINEMARK BRASIL S.A;00.779.721/0001-41
09/08/2020;09/08/2020 21:20:00;MINHA MÃE É UMA PEÇA 3;;B1900576900000;ORIGINAL;NÃO;BRASIL;5006567;CINESHOW TUBARÃO DRIVE-IN;1;6000025;33770;33771;TUBARÃO;SC;TUBARÃO FILMES LTDA;24.971.903/0001-88
09/08/2020;09/08/2020 21:30:00;AQUAMAN;AQUAMAN;E1800433400000;DUBLADO;NÃO;ESTADOS UNIDOS;5006606;CINE CAVALIERE ORLANDI DRIVE IN;10;;15009;15010;SOCORRO;SP;ORLANDI MARCHESE LTDA - ME;03.091.068/0001-11
09/08/2020;09/08/2020 21:30:00;BATMAN VS SUPERMAN;BATMAN VS SUPERMAN: A ORIGEM DA JUSTIÇA;E1600053700000;DUBLADO;NÃO;ESTADOS UNIDOS;5006591;DRIVE IN SHOPPING VILLA LOBOS;7;6000006;2872;46069;SÃO PAULO;SP;EMPRESA CENTERPLEX DE CINEMAS LTDA;00.812.310/0001-00
09/08/2020;09/08/2020 21:30:00;BIRDS OF PREY (AND THE FANTABULOUS EMANCIPATION OF ONE HARLEY QUINN);AVES DE RAPINA (ARLEQUINA E SUA EMANCIPAÇÃO FANTABULOSA);E1900628800000;ORIGINAL;SIM;ESTADOS UNIDOS;5006589;MOVIEMAX-PLANETA DRIVE IN;19;6000109;16398;26188;RECIFE;PE;P.M.C. CINEMAS DO BRASIL LTDA;04.488.617/0001-59
09/08/2020;09/08/2020 21:35:00;THE ACCOUNTANT;O CONTADOR;E1600533600000;DUBLADO;NÃO;ESTADOS UNIDOS;5006586;MULTICINE DRIVE IN - CIDADE JARDIM;5;6000045;5935;30736;GOIÂNIA;GO;MULTICINE CINEMAS LTDA;07.609.246/0001-04
09/08/2020;09/08/2020 21:40:00;MINHA MÃE É UMA PEÇA 3;;B1900576900000;ORIGINAL;NÃO;BRASIL;5004880;CIRCUITO CINEMAS PBAS- SALA 02;0;6000028;15568;27873;PARAUAPEBAS;PA;CIRCUITO ENTRETENIMENTO E CINEMAS LTDA;08.068.712/0001-54
09/08/2020;09/08/2020 22:00:00;TURMA DA MÔNICA - LAÇOS;;B1900235500000;ORIGINAL;NÃO;BRASIL;5006597;CINE PLAYARTE MANAUARA DRIVE IN;0;6000049;260;16356;MANAUS;AM;PLAYARTE CINEMAS LTDA.;60.434.149/0001-00
09/08/2020;09/08/2020 22:20:00;FAST & FURIOUS PRESENTS: HOBBS & SHAW;VELOZES & FURIOSOS: HOBBS & SHAW;E1900264000000;DUBLADO;NÃO;ESTADOS UNIDOS;5006600;DRIVE - GYN ESTAÇÃO DA MODA;1;6000039;45898;46149;GOIÂNIA;GO;DRIVE-GYN ENTRETENIMENTO LTDA;37.109.882/0001-38
09/08/2020;09/08/2020 22:30:00;CAPTAIN FANTASTIC;CAPITÃO FANTÁSTICO;E1600496400000;ORIGINAL;SIM;ESTADOS UNIDOS;5006571;CINESYSTEM AMÉRICAS DRIVE-IN;9;6000027;5348;28834;RIO DE JANEIRO;RJ;REDECINE - RIO CINEMATOGRAFICA S.A.;07.524.011/0001-10
09/08/2020;09/08/2020 22:30:00;CAPTAIN FANTASTIC;CAPITÃO FANTÁSTICO;E1600496400000;ORIGINAL;SIM;ESTADOS UNIDOS;5006579;CINESYSTEM BRÁS DRIVE-IN;15;6000027;22546;34941;SÃO PAULO;SP;REDECINE BRA CINEMATOGRÁFICA S.A.;15.422.993/0001-67
09/08/2020;09/08/2020 22:30:00;CAPTAIN FANTASTIC;CAPITÃO FANTÁSTICO;E1600496400000;ORIGINAL;SIM;ESTADOS UNIDOS;5006558;CINESYSTEM IGUATEMI FLN DRIVE-IN;3;6000027;22546;41695;FLORIANÓPOLIS;SC;REDECINE BRA CINEMATOGRÁFICA S.A.;15.422.993/0001-67
09/08/2020;09/08/2020 22:30:00;CAPTAIN FANTASTIC;CAPITÃO FANTÁSTICO;E1600496400000;ORIGINAL;SIM;ESTADOS UNIDOS;5006580;CINESYSTEM MORUMBI TOWN DRIVE-IN;21;6000027;22546;34941;SÃO PAULO;SP;REDECINE BRA CINEMATOGRÁFICA S.A.;15.422.993/0001-67
09/08/2020;09/08/2020 22:30:00;CAPTAIN FANTASTIC;CAPITÃO FANTÁSTICO;E1600496400000;ORIGINAL;SIM;ESTADOS UNIDOS;5006547;LITORAL PLAZA DRIVE-IN;0;6000027;22546;41704;PRAIA GRANDE;SP;REDECINE BRA CINEMATOGRÁFICA S.A.;15.422.993/0001-67
09/08/2020;09/08/2020 22:30:00;IT;IT: A COISA;E1700363900000;ORIGINAL;SIM;ESTADOS UNIDOS;5006573;DRIVE - GYN FLAMBOYANT;2;6000039;45898;45899;GOIÂNIA;GO;DRIVE-GYN ENTRETENIMENTO LTDA;37.109.882/0001-38
09/08/2020;09/08/2020 22:30:00;THE NUN;A FREIRA;E1800306100000;ORIGINAL;SIM;ESTADOS UNIDOS;5002102;CINE DRIVEIN;29;;5465;6715;BRASÍLIA;DF;STARK'S CINEMA E LANCHONETE LTDA.;32.917.296/0001-04
09/08/2020;09/08/2020 23:10:00;AQUAMAN;AQUAMAN;E1800433400000;DUBLADO;NÃO;ESTADOS UNIDOS;5006596;PLAYARTE PLAZA SUL DRIVE IN;10;6000049;39188;41344;SÃO PAULO;SP;MULTIPLEX DO BRASIL ENTRETENIMENTO LTDA;27.595.833/0001-07
10/08/2020;10/08/2020 11:00:00;THE CURRENT WAR;A BATALHA DAS CORRENTES;E1900289700000;ORIGINAL;SIM;ESTADOS UNIDOS;5006579;CINESYSTEM BRÁS DRIVE-IN;0;6000027;22546;34941;SÃO PAULO;SP;REDECINE BRA CINEMATOGRÁFICA S.A.;15.422.993/0001-67
10/08/2020;10/08/2020 13:00:00;JOKER;CORINGA;E1900357300000;DUBLADO;NÃO;CANADÁ;5004879;CIRCUITO CINEMAS PBAS- SALA 01;1;6000028;15568;27873;PARAUAPEBAS;PA;CIRCUITO ENTRETENIMENTO E CINEMAS LTDA;08.068.712/0001-54
10/08/2020;10/08/2020 13:30:00;SONIC THE HEDGEHOG;SONIC - O FILME;E2000012200000;DUBLADO;NÃO;CANADÁ;5004881;CIRCUITO CINEMAS PBAS- SALA 03;2;6000028;15568;27873;PARAUAPEBAS;PA;CIRCUITO ENTRETENIMENTO E CINEMAS LTDA;08.068.712/0001-54
10/08/2020;10/08/2020 13:50:00;MINHA MÃE É UMA PEÇA 3;;B1900576900000;ORIGINAL;NÃO;BRASIL;5004880;CIRCUITO CINEMAS PBAS- SALA 02;0;6000028;15568;27873;PARAUAPEBAS;PA;CIRCUITO ENTRETENIMENTO E CINEMAS LTDA;08.068.712/0001-54
10/08/2020;10/08/2020 15:15:00;BIRDS OF PREY (AND THE FANTABULOUS EMANCIPATION OF ONE HARLEY QUINN);AVES DE RAPINA (ARLEQUINA E SUA EMANCIPAÇÃO FANTABULOSA);E1900628800000;DUBLADO;NÃO;ESTADOS UNIDOS;5004882;CIRCUITO CINEMAS PBAS- SALA 04;0;6000028;15568;27873;PARAUAPEBAS;PA;CIRCUITO ENTRETENIMENTO E CINEMAS LTDA;08.068.712/0001-54
10/08/2020;10/08/2020 15:45:00;JOKER;CORINGA;E1900357300000;DUBLADO;NÃO;CANADÁ;5004879;CIRCUITO CINEMAS PBAS- SALA 01;0;6000028;15568;27873;PARAUAPEBAS;PA;CIRCUITO ENTRETENIMENTO E CINEMAS LTDA;08.068.712/0001-54
10/08/2020;10/08/2020 16:00:00;SONIC THE HEDGEHOG;SONIC - O FILME;E2000012200000;DUBLADO;NÃO;CANADÁ;5004881;CIRCUITO CINEMAS PBAS- SALA 03;8;6000028;15568;27873;PARAUAPEBAS;PA;CIRCUITO ENTRETENIMENTO E CINEMAS LTDA;08.068.712/0001-54
10/08/2020;10/08/2020 16:30:00;MINHA MÃE É UMA PEÇA 3;;B1900576900000;ORIGINAL;NÃO;BRASIL;5004880;CIRCUITO CINEMAS PBAS- SALA 02;0;6000028;15568;27873;PARAUAPEBAS;PA;CIRCUITO ENTRETENIMENTO E CINEMAS LTDA;08.068.712/0001-54
10/08/2020;10/08/2020 18:00:00;A STAR IS BORN;NASCE UMA ESTRELA;E1800303500000;DUBLADO;NÃO;ESTADOS UNIDOS;5004882;CIRCUITO CINEMAS PBAS- SALA 04;5;6000028;15568;27873;PARAUAPEBAS;PA;CIRCUITO ENTRETENIMENTO E CINEMAS LTDA;08.068.712/0001-54
10/08/2020;10/08/2020 18:00:00;ONWARD;DOIS IRMÃOS: UMA JORNADA FANTÁSTICA;E1900366400000;DUBLADO;NÃO;ESTADOS UNIDOS;5002102;CINE DRIVEIN;26;;5465;6715;BRASÍLIA;DF;STARK'S CINEMA E LANCHONETE LTDA.;32.917.296/0001-04
10/08/2020;10/08/2020 18:15:00;WONDER PARK;O PARQUE DOS SONHOS;E1900025300000;DUBLADO;NÃO;ESTADOS UNIDOS;5006600;DRIVE - GYN ESTAÇÃO DA MODA;2;6000039;45898;46149;GOIÂNIA;GO;DRIVE-GYN ENTRETENIMENTO LTDA;37.109.882/0001-38
10/08/2020;10/08/2020 18:15:01;THE SECRET LIFE OF PETS 2;PETS: A VIDA SECRETA DOS BICHOS 2;E1900162100000;DUBLADO;NÃO;ESTADOS UNIDOS;5006573;DRIVE - GYN FLAMBOYANT;14;6000039;45898;45899;GOIÂNIA;GO;DRIVE-GYN ENTRETENIMENTO LTDA;37.109.882/0001-38
10/08/2020;10/08/2020 18:20:00;SONIC THE HEDGEHOG;SONIC - O FILME;E2000012200000;DUBLADO;NÃO;CANADÁ;5004881;CIRCUITO CINEMAS PBAS- SALA 03;0;6000028;15568;27873;PARAUAPEBAS;PA;CIRCUITO ENTRETENIMENTO E CINEMAS LTDA;08.068.712/0001-54
10/08/2020;10/08/2020 18:30:00;JOKER;CORINGA;E1900357300000;DUBLADO;NÃO;CANADÁ;5004879;CIRCUITO CINEMAS PBAS- SALA 01;9;6000028;15568;27873;PARAUAPEBAS;PA;CIRCUITO ENTRETENIMENTO E CINEMAS LTDA;08.068.712/0001-54
10/08/2020;10/08/2020 19:00:00;JOHN WICK 3: PARABELLUM;JOHN WICK 3: PARABELLUM;E1900126300000;DUBLADO;NÃO;ESTADOS UNIDOS;5006580;CINESYSTEM MORUMBI TOWN DRIVE-IN;57;6000027;22546;34941;SÃO PAULO;SP;REDECINE BRA CINEMATOGRÁFICA S.A.;15.422.993/0001-67
10/08/2020;10/08/2020 19:00:00;KNIVES OUT;ENTRE FACAS E SEGREDOS;E1900395500000;DUBLADO;NÃO;ESTADOS UNIDOS;5006547;LITORAL PLAZA DRIVE-IN;19;6000027;22546;41704;PRAIA GRANDE;SP;REDECINE BRA CINEMATOGRÁFICA S.A.;15.422.993/0001-67
10/08/2020;10/08/2020 19:00:00;MINHA MÃE É UMA PEÇA 3;;B1900576900000;ORIGINAL;NÃO;BRASIL;5004880;CIRCUITO CINEMAS PBAS- SALA 02;4;6000028;15568;27873;PARAUAPEBAS;PA;CIRCUITO ENTRETENIMENTO E CINEMAS LTDA;08.068.712/0001-54
10/08/2020;10/08/2020 20:00:00;JUMANJI: NEXT LEVEL;JUMANJI: PROXIMA FASE;E1900458100000;DUBLADO;NÃO;ESTADOS UNIDOS;5006572;CINE 14 BIS DRIVE-IN;8;;5822;6623;GUAXUPÉ;MG;GUAXUPE PROMOCOES E EVENTOS LTDA;03.929.354/0001-03
10/08/2020;10/08/2020 20:00:00;THE LION KING;O REI LEÃO;E1900267700000;DUBLADO;NÃO;ESTADOS UNIDOS;5002102;CINE DRIVEIN;26;;5465;6715;BRASÍLIA;DF;STARK'S CINEMA E LANCHONETE LTDA.;32.917.296/0001-04
10/08/2020;10/08/2020 20:00:01;BAD BOYS FOR LIFE;BAD BOYS PARA SEMPRE;E1900525600000;DUBLADO;NÃO;ESTADOS UNIDOS;5006600;DRIVE - GYN ESTAÇÃO DA MODA;1;6000039;45898;46149;GOIÂNIA;GO;DRIVE-GYN ENTRETENIMENTO LTDA;37.109.882/0001-38
10/08/2020;10/08/2020 20:10:00;BUMBLEBEE;BUMBLEBEE;E1800436900000;ORIGINAL;SIM;ESTADOS UNIDOS;5006573;DRIVE - GYN FLAMBOYANT;7;6000039;45898;45899;GOIÂNIA;GO;DRIVE-GYN ENTRETENIMENTO LTDA;37.109.882/0001-38
10/08/2020;10/08/2020 20:40:00;SONIC THE HEDGEHOG;SONIC - O FILME;E2000012200000;DUBLADO;NÃO;CANADÁ;5004881;CIRCUITO CINEMAS PBAS- SALA 03;1;6000028;15568;27873;PARAUAPEBAS;PA;CIRCUITO ENTRETENIMENTO E CINEMAS LTDA;08.068.712/0001-54
10/08/2020;10/08/2020 20:40:00;WONDER;EXTRAORDINÁRIO;E1700451500000;DUBLADO;NÃO;ESTADOS UNIDOS;5006570;TOP CINEPLEX PAULÍNIA - DRIVE-IN;1;6000056;19398;19399;PAULÍNIA;SP;DIAS CINEMATOGRÁFICA LTDA-EPP;12.128.142/0001-18
10/08/2020;10/08/2020 21:00:00;BIRDS OF PREY (AND THE FANTABULOUS EMANCIPATION OF ONE HARLEY QUINN);AVES DE RAPINA (ARLEQUINA E SUA EMANCIPAÇÃO FANTABULOSA);E1900628800000;DUBLADO;NÃO;ESTADOS UNIDOS;5004882;CIRCUITO CINEMAS PBAS- SALA 04;0;6000028;15568;27873;PARAUAPEBAS;PA;CIRCUITO ENTRETENIMENTO E CINEMAS LTDA;08.068.712/0001-54
10/08/2020;10/08/2020 21:15:00;JOKER;CORINGA;E1900357300000;DUBLADO;NÃO;CANADÁ;5004879;CIRCUITO CINEMAS PBAS- SALA 01;7;6000028;15568;27873;PARAUAPEBAS;PA;CIRCUITO ENTRETENIMENTO E CINEMAS LTDA;08.068.712/0001-54
10/08/2020;10/08/2020 21:35:00;IT;IT: A COISA;E1700363900000;DUBLADO;NÃO;ESTADOS UNIDOS;5006547;LITORAL PLAZA DRIVE-IN;12;6000027;22546;41704;PRAIA GRANDE;SP;REDECINE BRA CINEMATOGRÁFICA S.A.;15.422.993/0001-67
10/08/2020;10/08/2020 21:40:00;MINHA MÃE É UMA PEÇA 3;;B1900576900000;ORIGINAL;NÃO;BRASIL;5004880;CIRCUITO CINEMAS PBAS- SALA 02;3;6000028;15568;27873;PARAUAPEBAS;PA;CIRCUITO ENTRETENIMENTO E CINEMAS LTDA;08.068.712/0001-54
10/08/2020;10/08/2020 22:00:00;A STAR IS BORN;NASCE UMA ESTRELA;E1800303500000;ORIGINAL;SIM;ESTADOS UNIDOS;5006579;CINESYSTEM BRÁS DRIVE-IN;0;6000027;22546;34941;SÃO PAULO;SP;REDECINE BRA CINEMATOGRÁFICA S.A.;15.422.993/0001-67
10/08/2020;10/08/2020 22:00:00;AQUAMAN;AQUAMAN;E1800433400000;ORIGINAL;SIM;ESTADOS UNIDOS;5006580;CINESYSTEM MORUMBI TOWN DRIVE-IN;0;6000027;22546;34941;SÃO PAULO;SP;REDECINE BRA CINEMATOGRÁFICA S.A.;15.422.993/0001-67
10/08/2020;10/08/2020 22:20:00;FAST & FURIOUS PRESENTS: HOBBS & SHAW;VELOZES & FURIOSOS: HOBBS & SHAW;E1900264000000;DUBLADO;NÃO;ESTADOS UNIDOS;5006600;DRIVE - GYN ESTAÇÃO DA MODA;1;6000039;45898;46149;GOIÂNIA;GO;DRIVE-GYN ENTRETENIMENTO LTDA;37.109.882/0001-38
10/08/2020;10/08/2020 22:30:00;IT;IT: A COISA;E1700363900000;ORIGINAL;SIM;ESTADOS UNIDOS;5006573;DRIVE - GYN FLAMBOYANT;6;6000039;45898;45899;GOIÂNIA;GO;DRIVE-GYN ENTRETENIMENTO LTDA;37.109.882/0001-38
10/08/2020;10/08/2020 22:30:00;THE NUN;A FREIRA;E1800306100000;ORIGINAL;SIM;ESTADOS UNIDOS;5002102;CINE DRIVEIN;26;;5465;6715;BRASÍLIA;DF;STARK'S CINEMA E LANCHONETE LTDA.;32.917.296/0001-04
11/08/2020;11/08/2020 13:00:00;JOKER;CORINGA;E1900357300000;DUBLADO;NÃO;CANADÁ;5004879;CIRCUITO CINEMAS PBAS- SALA 01;1;6000028;15568;27873;PARAUAPEBAS;PA;CIRCUITO ENTRETENIMENTO E CINEMAS LTDA;08.068.712/0001-54
11/08/2020;11/08/2020 13:30:00;SONIC THE HEDGEHOG;SONIC - O FILME;E2000012200000;DUBLADO;NÃO;CANADÁ;5004881;CIRCUITO CINEMAS PBAS- SALA 03;0;6000028;15568;27873;PARAUAPEBAS;PA;CIRCUITO ENTRETENIMENTO E CINEMAS LTDA;08.068.712/0001-54
11/08/2020;11/08/2020 13:50:00;MINHA MÃE É UMA PEÇA 3;;B1900576900000;ORIGINAL;NÃO;BRASIL;5004880;CIRCUITO CINEMAS PBAS- SALA 02;1;6000028;15568;27873;PARAUAPEBAS;PA;CIRCUITO ENTRETENIMENTO E CINEMAS LTDA;08.068.712/0001-54
11/08/2020;11/08/2020 15:00:00;BAD BOYS 3;BAD BOYS 3;E1500757400000;DUBLADO;NÃO;ESTADOS UNIDOS;5005931;MOBI CINE AÇAILÂNDIA SALA 03;0;6000040;38236;38237;AÇAILÂNDIA;MA;C A V LEMOS E CIA LTDA - ME;14.717.191/0001-11
11/08/2020;11/08/2020 15:00:00;THE LION KING;O REI LEÃO;E1900267700000;DUBLADO;NÃO;ESTADOS UNIDOS;5003450;CASTRO 1;2;6000023;12893;21049;CASTRO;PR;ESTILO PRODUÇÕES ARTISTICAS LTDA;03.293.165/0001-97
11/08/2020;11/08/2020 15:15:00;BIRDS OF PREY (AND THE FANTABULOUS EMANCIPATION OF ONE HARLEY QUINN);AVES DE RAPINA (ARLEQUINA E SUA EMANCIPAÇÃO FANTABULOSA);E1900628800000;DUBLADO;NÃO;ESTADOS UNIDOS;5004882;CIRCUITO CINEMAS PBAS- SALA 04;1;6000028;15568;27873;PARAUAPEBAS;PA;CIRCUITO ENTRETENIMENTO E CINEMAS LTDA;08.068.712/0001-54
11/08/2020;11/08/2020 15:20:00;OS PARÇAS 2;;B1900487100000;ORIGINAL;NÃO;BRASIL;5005930;MOBI CINE AÇAILÂNDIA SALA 02;0;6000040;38236;38237;AÇAILÂNDIA;MA;C A V LEMOS E CIA LTDA - ME;14.717.191/0001-11
11/08/2020;11/08/2020 15:45:00;JOKER;CORINGA;E1900357300000;DUBLADO;NÃO;CANADÁ;5004879;CIRCUITO CINEMAS PBAS- SALA 01;1;6000028;15568;27873;PARAUAPEBAS;PA;CIRCUITO ENTRETENIMENTO E CINEMAS LTDA;08.068.712/0001-54
11/08/2020;11/08/2020 16:00:00;SONIC THE HEDGEHOG;SONIC - O FILME;E2000012200000;DUBLADO;NÃO;CANADÁ;5004881;CIRCUITO CINEMAS PBAS- SALA 03;4;6000028;15568;27873;PARAUAPEBAS;PA;CIRCUITO ENTRETENIMENTO E CINEMAS LTDA;08.068.712/0001-54
11/08/2020;11/08/2020 16:30:00;MINHA MÃE É UMA PEÇA 3;;B1900576900000;ORIGINAL;NÃO;BRASIL;5004880;CIRCUITO CINEMAS PBAS- SALA 02;1;6000028;15568;27873;PARAUAPEBAS;PA;CIRCUITO ENTRETENIMENTO E CINEMAS LTDA;08.068.712/0001-54
11/08/2020;11/08/2020 17:00:00;POKEMON DETECTIVE PIKACHU;POKÉMON DETETIVE PIKACHU;E1900062700000;DUBLADO;NÃO;ESTADOS UNIDOS;5006597;CINE PLAYARTE MANAUARA DRIVE IN;180;6000049;260;16356;MANAUS;AM;PLAYARTE CINEMAS LTDA.;60.434.149/0001-00
11/08/2020;11/08/2020 17:35:00;OS PARÇAS 2;;B1900487100000;ORIGINAL;NÃO;BRASIL;5005930;MOBI CINE AÇAILÂNDIA SALA 02;0;6000040;38236;38237;AÇAILÂNDIA;MA;C A V LEMOS E CIA LTDA - ME;14.717.191/0001-11
11/08/2020;11/08/2020 17:45:00;BAD BOYS 3;BAD BOYS 3;E1500757400000;DUBLADO;NÃO;ESTADOS UNIDOS;5005931;MOBI CINE AÇAILÂNDIA SALA 03;0;6000040;38236;38237;AÇAILÂNDIA;MA;C A V LEMOS E CIA LTDA - ME;14.717.191/0001-11
11/08/2020;11/08/2020 18:00:00;A STAR IS BORN;NASCE UMA ESTRELA;E1800303500000;DUBLADO;NÃO;ESTADOS UNIDOS;5004882;CIRCUITO CINEMAS PBAS- SALA 04;2;6000028;15568;27873;PARAUAPEBAS;PA;CIRCUITO ENTRETENIMENTO E CINEMAS LTDA;08.068.712/0001-54
11/08/2020;11/08/2020 18:00:00;BLINDED BY THE LIGHT;A MÚSICA DA MINHA VIDA;E1900234900000;ORIGINAL;SIM;REINO UNIDO;5006580;CINESYSTEM MORUMBI TOWN DRIVE-IN;20;6000027;22546;34941;SÃO PAULO;SP;REDECINE BRA CINEMATOGRÁFICA S.A.;15.422.993/0001-67
11/08/2020;11/08/2020 18:00:00;ONWARD;DOIS IRMÃOS: UMA JORNADA FANTÁSTICA;E1900366400000;DUBLADO;NÃO;ESTADOS UNIDOS;5002102;CINE DRIVEIN;43;;5465;6715;BRASÍLIA;DF;STARK'S CINEMA E LANCHONETE LTDA.;32.917.296/0001-04
11/08/2020;11/08/2020 18:00:01;HARRY POTTER AND THE DEATHLY HALLOWS - PART 1;HARRY POTTER E AS RELÍQUIAS DA MORTE - PARTE 1;E1500138700000;DUBLADO;NÃO;ESTADOS UNIDOS;5006574;DRIVE IN CINEART ALPHAVILLE;10;6000013;437;45925;NOVA LIMA;MG;DELTA FILMES LTDA;01.735.159/0001-17
11/08/2020;11/08/2020 18:15:00;WONDER PARK;O PARQUE DOS SONHOS;E1900025300000;DUBLADO;NÃO;ESTADOS UNIDOS;5006600;DRIVE - GYN ESTAÇÃO DA MODA;0;6000039;45898;46149;GOIÂNIA;GO;DRIVE-GYN ENTRETENIMENTO LTDA;37.109.882/0001-38
11/08/2020;11/08/2020 18:15:01;THE SECRET LIFE OF PETS 2;PETS: A VIDA SECRETA DOS BICHOS 2;E1900162100000;DUBLADO;NÃO;ESTADOS UNIDOS;5006573;DRIVE - GYN FLAMBOYANT;13;6000039;45898;45899;GOIÂNIA;GO;DRIVE-GYN ENTRETENIMENTO LTDA;37.109.882/0001-38
11/08/2020;11/08/2020 18:20:00;SONIC THE HEDGEHOG;SONIC - O FILME;E2000012200000;DUBLADO;NÃO;CANADÁ;5004881;CIRCUITO CINEMAS PBAS- SALA 03;0;6000028;15568;27873;PARAUAPEBAS;PA;CIRCUITO ENTRETENIMENTO E CINEMAS LTDA;08.068.712/0001-54
11/08/2020;11/08/2020 18:30:00;JOKER;CORINGA;E1900357300000;DUBLADO;NÃO;CANADÁ;5004879;CIRCUITO CINEMAS PBAS- SALA 01;1;6000028;15568;27873;PARAUAPEBAS;PA;CIRCUITO ENTRETENIMENTO E CINEMAS LTDA;08.068.712/0001-54
11/08/2020;11/08/2020 18:30:00;SMALLFOOT;PÉPEQUENO;E1800215200000;DUBLADO;NÃO;ESTADOS UNIDOS;5006610;CINESYSTEM DRIVE-IN AEROPORTO VITÓRIA;18;6000027;22546;46257;VITÓRIA;ES;REDECINE BRA CINEMATOGRÁFICA S.A.;15.422.993/0001-67
11/08/2020;11/08/2020 18:40:00;STORKS;CEGONHAS - A HISTÓRIA QUE NÃO TE CONTARAM;E1600405300000;DUBLADO;NÃO;ESTADOS UNIDOS;5006570;TOP CINEPLEX PAULÍNIA - DRIVE-IN;2;6000056;19398;19399;PAULÍNIA;SP;DIAS CINEMATOGRÁFICA LTDA-EPP;12.128.142/0001-18
11/08/2020;11/08/2020 19:00:00;KNIVES OUT;ENTRE FACAS E SEGREDOS;E1900395500000;DUBLADO;NÃO;ESTADOS UNIDOS;5006547;LITORAL PLAZA DRIVE-IN;48;6000027;22546;41704;PRAIA GRANDE;SP;REDECINE BRA CINEMATOGRÁFICA S.A.;15.422.993/0001-67
11/08/2020;11/08/2020 19:00:00;LA LA LAND;LA LA LAND – CANTANDO ESTAÇÕES;E1600677400000;ORIGINAL;SIM;ESTADOS UNIDOS;5006571;CINESYSTEM AMÉRICAS DRIVE-IN;0;6000027;5348;28834;RIO DE JANEIRO;RJ;REDECINE - RIO CINEMATOGRAFICA S.A.;07.524.011/0001-10
11/08/2020;11/08/2020 19:00:00;MINHA MÃE É UMA PEÇA 3;;B1900576900000;ORIGINAL;NÃO;BRASIL;5004880;CIRCUITO CINEMAS PBAS- SALA 02;1;6000028;15568;27873;PARAUAPEBAS;PA;CIRCUITO ENTRETENIMENTO E CINEMAS LTDA;08.068.712/0001-54
11/08/2020;11/08/2020 19:00:00;PLAYMOBIL;PLAYMOBIL - O FILME;E1900127400000;DUBLADO;NÃO;ALEMANHA;5006567;CINESHOW TUBARÃO DRIVE-IN;2;6000025;33770;33771;TUBARÃO;SC;TUBARÃO FILMES LTDA;24.971.903/0001-88
11/08/2020;11/08/2020 19:00:00;THE LION KING;O REI LEÃO;E1900267700000;DUBLADO;NÃO;ESTADOS UNIDOS;5003450;CASTRO 1;2;6000023;12893;21049;CASTRO;PR;ESTILO PRODUÇÕES ARTISTICAS LTDA;03.293.165/0001-97
11/08/2020;11/08/2020 19:15:00;TEA PETS;OS BRINQUEDOS MÁGICOS;E1900314200000;DUBLADO;NÃO;CHINA;5006597;CINE PLAYARTE MANAUARA DRIVE IN;120;6000049;260;16356;MANAUS;AM;PLAYARTE CINEMAS LTDA.;60.434.149/0001-00
11/08/2020;11/08/2020 20:00:00;1917;1917;E1900439000000;ORIGINAL;SIM;ESTADOS UNIDOS;5006572;CINE 14 BIS DRIVE-IN;7;;5822;6623;GUAXUPÉ;MG;GUAXUPE PROMOCOES E EVENTOS LTDA;03.929.354/0001-03
11/08/2020;11/08/2020 20:00:00;ONCE UPON A TIME IN HOLLYWOOD;ERA UMA VEZ EM HOLLYWOOD;E1900127300000;DUBLADO;NÃO;ESTADOS UNIDOS;5003451;CASTRO 2;3;6000023;12893;21049;CASTRO;PR;ESTILO PRODUÇÕES ARTISTICAS LTDA;03.293.165/0001-97
11/08/2020;11/08/2020 20:00:00;THE LION KING;O REI LEÃO;E1900267700000;DUBLADO;NÃO;ESTADOS UNIDOS;5002102;CINE DRIVEIN;43;;5465;6715;BRASÍLIA;DF;STARK'S CINEMA E LANCHONETE LTDA.;32.917.296/0001-04
11/08/2020;11/08/2020 20:00:01;BAD BOYS FOR LIFE;BAD BOYS PARA SEMPRE;E1900525600000;DUBLADO;NÃO;ESTADOS UNIDOS;5006600;DRIVE - GYN ESTAÇÃO DA MODA;4;6000039;45898;46149;GOIÂNIA;GO;DRIVE-GYN ENTRETENIMENTO LTDA;37.109.882/0001-38
11/08/2020;11/08/2020 20:10:00;BUMBLEBEE;BUMBLEBEE;E1800436900000;ORIGINAL;SIM;ESTADOS UNIDOS;5006573;DRIVE - GYN FLAMBOYANT;16;6000039;45898;45899;GOIÂNIA;GO;DRIVE-GYN ENTRETENIMENTO LTDA;37.109.882/0001-38
11/08/2020;11/08/2020 20:10:00;MARY;A POSSESSÃO DE MARY;E1900534600000;DUBLADO;NÃO;ESTADOS UNIDOS;5005930;MOBI CINE AÇAILÂNDIA SALA 02;6;6000040;38236;38237;AÇAILÂNDIA;MA;C A V LEMOS E CIA LTDA - ME;14.717.191/0001-11
11/08/2020;11/08/2020 20:30:00;BAD BOYS 3;BAD BOYS 3;E1500757400000;DUBLADO;NÃO;ESTADOS UNIDOS;5005931;MOBI CINE AÇAILÂNDIA SALA 03;3;6000040;38236;38237;AÇAILÂNDIA;MA;C A V LEMOS E CIA LTDA - ME;14.717.191/0001-11
11/08/2020;11/08/2020 20:30:00;DOLITTLE;DOLITTLE;E1900437900000;DUBLADO;NÃO;ESTADOS UNIDOS;5006610;CINESYSTEM DRIVE-IN AEROPORTO VITÓRIA;19;6000027;22546;46257;VITÓRIA;ES;REDECINE BRA CINEMATOGRÁFICA S.A.;15.422.993/0001-67
11/08/2020;11/08/2020 20:35:00;MACABRO;;B1900618000000;ORIGINAL;NÃO;BRASIL;5006578;CINE ARTE PAJUÇARA DRIVE-IN;2;;26591;26593;MACEIÓ;AL;ASSOCIAÇÃO CULTURAL ARTE PAJUÇARA - ACAP;19.442.911/0001-05
11/08/2020;11/08/2020 20:40:00;SONIC THE HEDGEHOG;SONIC - O FILME;E2000012200000;DUBLADO;NÃO;CANADÁ;5004881;CIRCUITO CINEMAS PBAS- SALA 03;0;6000028;15568;27873;PARAUAPEBAS;PA;CIRCUITO ENTRETENIMENTO E CINEMAS LTDA;08.068.712/0001-54
11/08/2020;11/08/2020 20:40:00;WONDER;EXTRAORDINÁRIO;E1700451500000;DUBLADO;NÃO;ESTADOS UNIDOS;5006570;TOP CINEPLEX PAULÍNIA - DRIVE-IN;2;6000056;19398;19399;PAULÍNIA;SP;DIAS CINEMATOGRÁFICA LTDA-EPP;12.128.142/0001-18
11/08/2020;11/08/2020 20:45:00;FORD V FERRARI;FORD VS FERRARI;E1900252200000;DUBLADO;NÃO;ESTADOS UNIDOS;5006580;CINESYSTEM MORUMBI TOWN DRIVE-IN;60;6000027;22546;34941;SÃO PAULO;SP;REDECINE BRA CINEMATOGRÁFICA S.A.;15.422.993/0001-67
11/08/2020;11/08/2020 20:50:00;JUSTICE LEAGUE;LIGA DA JUSTIÇA;E1700482600000;DUBLADO;NÃO;ESTADOS UNIDOS;5006574;DRIVE IN CINEART ALPHAVILLE;14;6000013;437;45925;NOVA LIMA;MG;DELTA FILMES LTDA;01.735.159/0001-17
11/08/2020;11/08/2020 21:00:00;BIRDS OF PREY (AND THE FANTABULOUS EMANCIPATION OF ONE HARLEY QUINN);AVES DE RAPINA (ARLEQUINA E SUA EMANCIPAÇÃO FANTABULOSA);E1900628800000;DUBLADO;NÃO;ESTADOS UNIDOS;5004882;CIRCUITO CINEMAS PBAS- SALA 04;1;6000028;15568;27873;PARAUAPEBAS;PA;CIRCUITO ENTRETENIMENTO E CINEMAS LTDA;08.068.712/0001-54
11/08/2020;11/08/2020 21:15:00;JOKER;CORINGA;E1900357300000;DUBLADO;NÃO;CANADÁ;5004879;CIRCUITO CINEMAS PBAS- SALA 01;1;6000028;15568;27873;PARAUAPEBAS;PA;CIRCUITO ENTRETENIMENTO E CINEMAS LTDA;08.068.712/0001-54
11/08/2020;11/08/2020 21:20:00;MINHA MÃE É UMA PEÇA 3;;B1900576900000;ORIGINAL;NÃO;BRASIL;5006567;CINESHOW TUBARÃO DRIVE-IN;8;6000025;33770;33771;TUBARÃO;SC;TUBARÃO FILMES LTDA;24.971.903/0001-88
11/08/2020;11/08/2020 21:30:00;TURMA DA MÔNICA - LAÇOS;;B1900235500000;ORIGINAL;NÃO;BRASIL;5006597;CINE PLAYARTE MANAUARA DRIVE IN;120;6000049;260;16356;MANAUS;AM;PLAYARTE CINEMAS LTDA.;60.434.149/0001-00
11/08/2020;11/08/2020 21:35:00;CREED II;CREED II;E1800555200000;DUBLADO;NÃO;ESTADOS UNIDOS;5006571;CINESYSTEM AMÉRICAS DRIVE-IN;47;6000027;5348;28834;RIO DE JANEIRO;RJ;REDECINE - RIO CINEMATOGRAFICA S.A.;07.524.011/0001-10
11/08/2020;11/08/2020 21:35:00;IT;IT: A COISA;E1700363900000;DUBLADO;NÃO;ESTADOS UNIDOS;5006547;LITORAL PLAZA DRIVE-IN;34;6000027;22546;41704;PRAIA GRANDE;SP;REDECINE BRA CINEMATOGRÁFICA S.A.;15.422.993/0001-67
11/08/2020;11/08/2020 21:40:00;MINHA MÃE É UMA PEÇA 3;;B1900576900000;ORIGINAL;NÃO;BRASIL;5004880;CIRCUITO CINEMAS PBAS- SALA 02;1;6000028;15568;27873;PARAUAPEBAS;PA;CIRCUITO ENTRETENIMENTO E CINEMAS LTDA;08.068.712/0001-54
11/08/2020;11/08/2020 22:20:00;FAST & FURIOUS PRESENTS: HOBBS & SHAW;VELOZES & FURIOSOS: HOBBS & SHAW;E1900264000000;DUBLADO;NÃO;ESTADOS UNIDOS;5006600;DRIVE - GYN ESTAÇÃO DA MODA;0;6000039;45898;46149;GOIÂNIA;GO;DRIVE-GYN ENTRETENIMENTO LTDA;37.109.882/0001-38
11/08/2020;11/08/2020 22:30:00;IT;IT: A COISA;E1700363900000;ORIGINAL;SIM;ESTADOS UNIDOS;5006573;DRIVE - GYN FLAMBOYANT;11;6000039;45898;45899;GOIÂNIA;GO;DRIVE-GYN ENTRETENIMENTO LTDA;37.109.882/0001-38
11/08/2020;11/08/2020 22:30:00;THE NUN;A FREIRA;E1800306100000;ORIGINAL;SIM;ESTADOS UNIDOS;5002102;CINE DRIVEIN;43;;5465;6715;BRASÍLIA;DF;STARK'S CINEMA E LANCHONETE LTDA.;32.917.296/0001-04
11/08/2020;11/08/2020 22:35:00;A STAR IS BORN;NASCE UMA ESTRELA;E1800303500000;DUBLADO;NÃO;ESTADOS UNIDOS;5006610;CINESYSTEM DRIVE-IN AEROPORTO VITÓRIA;4;6000027;22546;46257;VITÓRIA;ES;REDECINE BRA CINEMATOGRÁFICA S.A.;15.422.993/0001-67
11/08/2020;11/08/2020 23:40:00;MINHA MÃE É UMA PEÇA 3;;B1900576900000;ORIGINAL;NÃO;BRASIL;5006597;CINE PLAYARTE MANAUARA DRIVE IN;60;6000049;260;16356;MANAUS;AM;PLAYARTE CINEMAS LTDA.;60.434.149/0001-00
11/08/2020;11/08/2020 23:45:00;JOHN WICK 3: PARABELLUM;JOHN WICK 3: PARABELLUM;E1900126300000;DUBLADO;NÃO;ESTADOS UNIDOS;5006580;CINESYSTEM MORUMBI TOWN DRIVE-IN;21;6000027;22546;34941;SÃO PAULO;SP;REDECINE BRA CINEMATOGRÁFICA S.A.;15.422.993/0001-67
12/08/2020;12/08/2020 13:00:00;JOKER;CORINGA;E1900357300000;DUBLADO;NÃO;CANADÁ;5004879;CIRCUITO CINEMAS PBAS- SALA 01;0;6000028;15568;27873;PARAUAPEBAS;PA;CIRCUITO ENTRETENIMENTO E CINEMAS LTDA;08.068.712/0001-54
12/08/2020;12/08/2020 13:30:00;SONIC THE HEDGEHOG;SONIC - O FILME;E2000012200000;DUBLADO;NÃO;CANADÁ;5004881;CIRCUITO CINEMAS PBAS- SALA 03;0;6000028;15568;27873;PARAUAPEBAS;PA;CIRCUITO ENTRETENIMENTO E CINEMAS LTDA;08.068.712/0001-54
12/08/2020;12/08/2020 13:50:00;MINHA MÃE É UMA PEÇA 3;;B1900576900000;ORIGINAL;NÃO;BRASIL;5004880;CIRCUITO CINEMAS PBAS- SALA 02;0;6000028;15568;27873;PARAUAPEBAS;PA;CIRCUITO ENTRETENIMENTO E CINEMAS LTDA;08.068.712/0001-54
12/08/2020;12/08/2020 14:30:00;JUMANJI: NEXT LEVEL;JUMANJI: PROXIMA FASE;E1900458100000;DUBLADO;NÃO;ESTADOS UNIDOS;5005929;MOBI CINE AÇAILÂNDIA SALA 01;2;6000040;38236;38237;AÇAILÂNDIA;MA;C A V LEMOS E CIA LTDA - ME;14.717.191/0001-11
12/08/2020;12/08/2020 15:00:00;BAD BOYS 3;BAD BOYS 3;E1500757400000;DUBLADO;NÃO;ESTADOS UNIDOS;5005931;MOBI CINE AÇAILÂNDIA SALA 03;0;6000040;38236;38237;AÇAILÂNDIA;MA;C A V LEMOS E CIA LTDA - ME;14.717.191/0001-11
12/08/2020;12/08/2020 15:00:00;ONWARD;DOIS IRMÃOS: UMA JORNADA FANTÁSTICA;E1900366400000;DUBLADO;NÃO;ESTADOS UNIDOS;5006589;MOVIEMAX-PLANETA DRIVE IN;22;6000109;16398;26188;RECIFE;PE;P.M.C. CINEMAS DO BRASIL LTDA;04.488.617/0001-59
12/08/2020;12/08/2020 15:15:00;BIRDS OF PREY (AND THE FANTABULOUS EMANCIPATION OF ONE HARLEY QUINN);AVES DE RAPINA (ARLEQUINA E SUA EMANCIPAÇÃO FANTABULOSA);E1900628800000;DUBLADO;NÃO;ESTADOS UNIDOS;5004882;CIRCUITO CINEMAS PBAS- SALA 04;7;6000028;15568;27873;PARAUAPEBAS;PA;CIRCUITO ENTRETENIMENTO E CINEMAS LTDA;08.068.712/0001-54
12/08/2020;12/08/2020 15:20:00;OS PARÇAS 2;;B1900487100000;ORIGINAL;NÃO;BRASIL;5005930;MOBI CINE AÇAILÂNDIA SALA 02;0;6000040;38236;38237;AÇAILÂNDIA;MA;C A V LEMOS E CIA LTDA - ME;14.717.191/0001-11
12/08/2020;12/08/2020 15:45:00;JOKER;CORINGA;E1900357300000;DUBLADO;NÃO;CANADÁ;5004879;CIRCUITO CINEMAS PBAS- SALA 01;0;6000028;15568;27873;PARAUAPEBAS;PA;CIRCUITO ENTRETENIMENTO E CINEMAS LTDA;08.068.712/0001-54
12/08/2020;12/08/2020 16:00:00;SONIC THE HEDGEHOG;SONIC - O FILME;E2000012200000;DUBLADO;NÃO;CANADÁ;5004881;CIRCUITO CINEMAS PBAS- SALA 03;1;6000028;15568;27873;PARAUAPEBAS;PA;CIRCUITO ENTRETENIMENTO E CINEMAS LTDA;08.068.712/0001-54
12/08/2020;12/08/2020 16:30:00;MINHA MÃE É UMA PEÇA 3;;B1900576900000;ORIGINAL;NÃO;BRASIL;5004880;CIRCUITO CINEMAS PBAS- SALA 02;0;6000028;15568;27873;PARAUAPEBAS;PA;CIRCUITO ENTRETENIMENTO E CINEMAS LTDA;08.068.712/0001-54
12/08/2020;12/08/2020 17:15:00;JUMANJI: NEXT LEVEL;JUMANJI: PROXIMA FASE;E1900458100000;DUBLADO;NÃO;ESTADOS UNIDOS;5005929;MOBI CINE AÇAILÂNDIA SALA 01;7;6000040;38236;38237;AÇAILÂNDIA;MA;C A V LEMOS E CIA LTDA - ME;14.717.191/0001-11
12/08/2020;12/08/2020 17:35:00;OS PARÇAS 2;;B1900487100000;ORIGINAL;NÃO;BRASIL;5005930;MOBI CINE AÇAILÂNDIA SALA 02;3;6000040;38236;38237;AÇAILÂNDIA;MA;C A V LEMOS E CIA LTDA - ME;14.717.191/0001-11
12/08/2020;12/08/2020 17:45:00;BAD BOYS 3;BAD BOYS 3;E1500757400000;DUBLADO;NÃO;ESTADOS UNIDOS;5005931;MOBI CINE AÇAILÂNDIA SALA 03;0;6000040;38236;38237;AÇAILÂNDIA;MA;C A V LEMOS E CIA LTDA - ME;14.717.191/0001-11
12/08/2020;12/08/2020 18:00:00;A STAR IS BORN;NASCE UMA ESTRELA;E1800303500000;DUBLADO;NÃO;ESTADOS UNIDOS;5004882;CIRCUITO CINEMAS PBAS- SALA 04;0;6000028;15568;27873;PARAUAPEBAS;PA;CIRCUITO ENTRETENIMENTO E CINEMAS LTDA;08.068.712/0001-54
12/08/2020;12/08/2020 18:00:00;ONWARD;DOIS IRMÃOS: UMA JORNADA FANTÁSTICA;E1900366400000;DUBLADO;NÃO;ESTADOS UNIDOS;5002102;CINE DRIVEIN;44;;5465;6715;BRASÍLIA;DF;STARK'S CINEMA E LANCHONETE LTDA.;32.917.296/0001-04
12/08/2020;12/08/2020 18:00:01;FANTASTIC BEASTS: THE CRIMES OF GRINDELWALD;ANIMAIS FANTÁSTICOS: OS CRIMES DE GRINDELWALD;E1800432900000;DUBLADO;NÃO;ESTADOS UNIDOS;5006574;DRIVE IN CINEART ALPHAVILLE;5;6000013;437;45925;NOVA LIMA;MG;DELTA FILMES LTDA;01.735.159/0001-17
12/08/2020;12/08/2020 18:15:00;WONDER PARK;O PARQUE DOS SONHOS;E1900025300000;DUBLADO;NÃO;ESTADOS UNIDOS;5006600;DRIVE - GYN ESTAÇÃO DA MODA;2;6000039;45898;46149;GOIÂNIA;GO;DRIVE-GYN ENTRETENIMENTO LTDA;37.109.882/0001-38
12/08/2020;12/08/2020 18:20:00;SONIC THE HEDGEHOG;SONIC - O FILME;E2000012200000;DUBLADO;NÃO;CANADÁ;5004881;CIRCUITO CINEMAS PBAS- SALA 03;1;6000028;15568;27873;PARAUAPEBAS;PA;CIRCUITO ENTRETENIMENTO E CINEMAS LTDA;08.068.712/0001-54
12/08/2020;12/08/2020 18:30:00;JOKER;CORINGA;E1900357300000;DUBLADO;NÃO;CANADÁ;5004879;CIRCUITO CINEMAS PBAS- SALA 01;2;6000028;15568;27873;PARAUAPEBAS;PA;CIRCUITO ENTRETENIMENTO E CINEMAS LTDA;08.068.712/0001-54
12/08/2020;12/08/2020 18:30:00;SMALLFOOT;PÉPEQUENO;E1800215200000;DUBLADO;NÃO;ESTADOS UNIDOS;5006610;CINESYSTEM DRIVE-IN AEROPORTO VITÓRIA;3;6000027;22546;46257;VITÓRIA;ES;REDECINE BRA CINEMATOGRÁFICA S.A.;15.422.993/0001-67
12/08/2020;12/08/2020 19:00:00;JOHN WICK 3: PARABELLUM;JOHN WICK 3: PARABELLUM;E1900126300000;DUBLADO;NÃO;ESTADOS UNIDOS;5006580;CINESYSTEM MORUMBI TOWN DRIVE-IN;32;6000027;22546;34941;SÃO PAULO;SP;REDECINE BRA CINEMATOGRÁFICA S.A.;15.422.993/0001-67
12/08/2020;12/08/2020 19:00:00;KNIVES OUT;ENTRE FACAS E SEGREDOS;E1900395500000;DUBLADO;NÃO;ESTADOS UNIDOS;5006547;LITORAL PLAZA DRIVE-IN;28;6000027;22546;41704;PRAIA GRANDE;SP;REDECINE BRA CINEMATOGRÁFICA S.A.;15.422.993/0001-67
12/08/2020;12/08/2020 19:00:00;LA LA LAND;LA LA LAND – CANTANDO ESTAÇÕES;E1600677400000;ORIGINAL;SIM;ESTADOS UNIDOS;5006571;CINESYSTEM AMÉRICAS DRIVE-IN;8;6000027;5348;28834;RIO DE JANEIRO;RJ;REDECINE - RIO CINEMATOGRAFICA S.A.;07.524.011/0001-10
12/08/2020;12/08/2020 19:00:00;MINHA MÃE É UMA PEÇA 3;;B1900576900000;ORIGINAL;NÃO;BRASIL;5004880;CIRCUITO CINEMAS PBAS- SALA 02;8;6000028;15568;27873;PARAUAPEBAS;PA;CIRCUITO ENTRETENIMENTO E CINEMAS LTDA;08.068.712/0001-54
12/08/2020;12/08/2020 19:00:00;PLAYMOBIL;PLAYMOBIL - O FILME;E1900127400000;DUBLADO;NÃO;ALEMANHA;5006567;CINESHOW TUBARÃO DRIVE-IN;2;6000025;33770;33771;TUBARÃO;SC;TUBARÃO FILMES LTDA;24.971.903/0001-88
12/08/2020;12/08/2020 19:00:01;OCEAN'S 8;OITO MULHERES E UM SEGREDO;E1800213600000;DUBLADO;NÃO;ESTADOS UNIDOS;5006591;DRIVE IN SHOPPING VILLA LOBOS;6;6000006;2872;46069;SÃO PAULO;SP;EMPRESA CENTERPLEX DE CINEMAS LTDA;00.812.310/0001-00
12/08/2020;12/08/2020 19:15:00;RAMBO: LAST BLOOD;RAMBO: ATÉ O FIM;E1900310000000;DUBLADO;NÃO;ESTADOS UNIDOS;5006579;CINESYSTEM BRÁS DRIVE-IN;2;6000027;22546;34941;SÃO PAULO;SP;REDECINE BRA CINEMATOGRÁFICA S.A.;15.422.993/0001-67
12/08/2020;12/08/2020 20:00:00;A RAINY DAY IN NEW YORK;UM DIA DE CHUVA EM NOVA YORK;E1900466900000;ORIGINAL;SIM;ESTADOS UNIDOS;5006554;CINEPLUS XAXIM DRIVE-IN - PLANETA DRIVE-IN;23;6000023;15673;15674;CURITIBA;PR;VITOMAQ PRODUÇÕES ARTISTICAS E CINEMA LTDA - ME;07.617.254/0001-00
12/08/2020;12/08/2020 20:00:00;JUMANJI: NEXT LEVEL;JUMANJI: PROXIMA FASE;E1900458100000;DUBLADO;NÃO;ESTADOS UNIDOS;5006572;CINE 14 BIS DRIVE-IN;6;;5822;6623;GUAXUPÉ;MG;GUAXUPE PROMOCOES E EVENTOS LTDA;03.929.354/0001-03
12/08/2020;12/08/2020 20:00:00;JUMANJI: NEXT LEVEL;JUMANJI: PROXIMA FASE;E1900458100000;DUBLADO;NÃO;ESTADOS UNIDOS;5005929;MOBI CINE AÇAILÂNDIA SALA 01;0;6000040;38236;38237;AÇAILÂNDIA;MA;C A V LEMOS E CIA LTDA - ME;14.717.191/0001-11
12/08/2020;12/08/2020 20:00:00;ROCKETMAN;ROCKETMAN;E1900164300000;DUBLADO;NÃO;ESTADOS UNIDOS;5006587;CENTERPLEX CINE ESTANCIA DRIVE PARK;0;6000006;27814;46014;SÃO BERNARDO DO CAMPO;SP;CINEMATOGRÁFICA LIMEIRA LTDA;17.360.792/0001-08
12/08/2020;12/08/2020 20:00:00;SONIC THE HEDGEHOG;SONIC - O FILME;E2000012200000;DUBLADO;NÃO;CANADÁ;5006561;CINEART CACOAL SHOPPING SALA DRIVE-IN;3;;19535;37071;CACOAL;RO;CINE ART LTDA ME;07.083.456/0001-01
12/08/2020;12/08/2020 20:00:00;THE LION KING;O REI LEÃO;E1900267700000;DUBLADO;NÃO;ESTADOS UNIDOS;5002102;CINE DRIVEIN;44;;5465;6715;BRASÍLIA;DF;STARK'S CINEMA E LANCHONETE LTDA.;32.917.296/0001-04
12/08/2020;12/08/2020 20:00:01;BAD BOYS FOR LIFE;BAD BOYS PARA SEMPRE;E1900525600000;DUBLADO;NÃO;ESTADOS UNIDOS;5006600;DRIVE - GYN ESTAÇÃO DA MODA;6;6000039;45898;46149;GOIÂNIA;GO;DRIVE-GYN ENTRETENIMENTO LTDA;37.109.882/0001-38
12/08/2020;12/08/2020 20:10:00;MARY;A POSSESSÃO DE MARY;E1900534600000;DUBLADO;NÃO;ESTADOS UNIDOS;5005930;MOBI CINE AÇAILÂNDIA SALA 02;0;6000040;38236;38237;AÇAILÂNDIA;MA;C A V LEMOS E CIA LTDA - ME;14.717.191/0001-11
12/08/2020;12/08/2020 20:30:00;BAD BOYS 3;BAD BOYS 3;E1500757400000;DUBLADO;NÃO;ESTADOS UNIDOS;5005931;MOBI CINE AÇAILÂNDIA SALA 03;8;6000040;38236;38237;AÇAILÂNDIA;MA;C A V LEMOS E CIA LTDA - ME;14.717.191/0001-11
12/08/2020;12/08/2020 20:30:00;DOLITTLE;DOLITTLE;E1900437900000;DUBLADO;NÃO;ESTADOS UNIDOS;5006610;CINESYSTEM DRIVE-IN AEROPORTO VITÓRIA;26;6000027;22546;46257;VITÓRIA;ES;REDECINE BRA CINEMATOGRÁFICA S.A.;15.422.993/0001-67
12/08/2020;12/08/2020 20:30:01;ROCKETMAN;ROCKETMAN;E1900164300000;DUBLADO;NÃO;ESTADOS UNIDOS;5006551;CENTERPLEX LAPA DRIVE-IN - CINE CTN;53;6000006;2836;2842;SÃO PAULO;SP;EMPRESA SAO LUIZ DE CINEMAS LTDA - EM RECUPERACAO JUDICIAL;52.067.071/0001-05
12/08/2020;12/08/2020 20:35:00;MACABRO;;B1900618000000;ORIGINAL;NÃO;BRASIL;5006578;CINE ARTE PAJUÇARA DRIVE-IN;3;;26591;26593;MACEIÓ;AL;ASSOCIAÇÃO CULTURAL ARTE PAJUÇARA - ACAP;19.442.911/0001-05
12/08/2020;12/08/2020 20:40:00;SONIC THE HEDGEHOG;SONIC - O FILME;E2000012200000;DUBLADO;NÃO;CANADÁ;5004881;CIRCUITO CINEMAS PBAS- SALA 03;0;6000028;15568;27873;PARAUAPEBAS;PA;CIRCUITO ENTRETENIMENTO E CINEMAS LTDA;08.068.712/0001-54
12/08/2020;12/08/2020 20:40:00;WONDER;EXTRAORDINÁRIO;E1700451500000;DUBLADO;NÃO;ESTADOS UNIDOS;5006570;TOP CINEPLEX PAULÍNIA - DRIVE-IN;3;6000056;19398;19399;PAULÍNIA;SP;DIAS CINEMATOGRÁFICA LTDA-EPP;12.128.142/0001-18
12/08/2020;12/08/2020 21:00:00;BIRDS OF PREY (AND THE FANTABULOUS EMANCIPATION OF ONE HARLEY QUINN);AVES DE RAPINA (ARLEQUINA E SUA EMANCIPAÇÃO FANTABULOSA);E1900628800000;DUBLADO;NÃO;ESTADOS UNIDOS;5004882;CIRCUITO CINEMAS PBAS- SALA 04;6;6000028;15568;27873;PARAUAPEBAS;PA;CIRCUITO ENTRETENIMENTO E CINEMAS LTDA;08.068.712/0001-54
12/08/2020;12/08/2020 21:10:01;JUSTICE LEAGUE;LIGA DA JUSTIÇA;E1700482600000;DUBLADO;NÃO;ESTADOS UNIDOS;5006574;DRIVE IN CINEART ALPHAVILLE;30;6000013;437;45925;NOVA LIMA;MG;DELTA FILMES LTDA;01.735.159/0001-17
12/08/2020;12/08/2020 21:15:00;JOKER;CORINGA;E1900357300000;DUBLADO;NÃO;CANADÁ;5004879;CIRCUITO CINEMAS PBAS- SALA 01;3;6000028;15568;27873;PARAUAPEBAS;PA;CIRCUITO ENTRETENIMENTO E CINEMAS LTDA;08.068.712/0001-54
12/08/2020;12/08/2020 21:20:00;MINHA MÃE É UMA PEÇA 3;;B1900576900000;ORIGINAL;NÃO;BRASIL;5006567;CINESHOW TUBARÃO DRIVE-IN;3;6000025;33770;33771;TUBARÃO;SC;TUBARÃO FILMES LTDA;24.971.903/0001-88
12/08/2020;12/08/2020 21:30:00;CAPTAIN MARVEL;CAPITÃ MARVEL;E1900011200000;ORIGINAL;SIM;ESTADOS UNIDOS;5006589;MOVIEMAX-PLANETA DRIVE IN;17;6000109;16398;26188;RECIFE;PE;P.M.C. CINEMAS DO BRASIL LTDA;04.488.617/0001-59
12/08/2020;12/08/2020 21:30:00;JOKER;CORINGA;E1900357300000;DUBLADO;NÃO;CANADÁ;5006613;CINE HOS DRIVE-IN;20;;22207;22208;ADAMANTINA;SP;HADDAD - EMPREENDIMENTOS CINEMATOGRAFICOS E ARTISTICOS LTDA;15.705.606/0001-08
12/08/2020;12/08/2020 21:30:01;BATMAN: DARK KNIGHT RETURNS, THE PART 1;BATMAN: O CAVALEIRO DAS TREVAS - PARTE 1;E1500260300000;DUBLADO;NÃO;ESTADOS UNIDOS;5006591;DRIVE IN SHOPPING VILLA LOBOS;3;6000006;2872;46069;SÃO PAULO;SP;EMPRESA CENTERPLEX DE CINEMAS LTDA;00.812.310/0001-00
12/08/2020;12/08/2020 21:35:00;CREED II;CREED II;E1800555200000;DUBLADO;NÃO;ESTADOS UNIDOS;5006571;CINESYSTEM AMÉRICAS DRIVE-IN;19;6000027;5348;28834;RIO DE JANEIRO;RJ;REDECINE - RIO CINEMATOGRAFICA S.A.;07.524.011/0001-10
12/08/2020;12/08/2020 21:35:00;IT;IT: A COISA;E1700363900000;DUBLADO;NÃO;ESTADOS UNIDOS;5006547;LITORAL PLAZA DRIVE-IN;16;6000027;22546;41704;PRAIA GRANDE;SP;REDECINE BRA CINEMATOGRÁFICA S.A.;15.422.993/0001-67
12/08/2020;12/08/2020 21:40:00;21 BRIDGES;CRIME SEM SAÍDA;E1900482200000;DUBLADO;NÃO;ESTADOS UNIDOS;5006579;CINESYSTEM BRÁS DRIVE-IN;14;6000027;22546;34941;SÃO PAULO;SP;REDECINE BRA CINEMATOGRÁFICA S.A.;15.422.993/0001-67
12/08/2020;12/08/2020 21:40:00;MINHA MÃE É UMA PEÇA 3;;B1900576900000;ORIGINAL;NÃO;BRASIL;5004880;CIRCUITO CINEMAS PBAS- SALA 02;0;6000028;15568;27873;PARAUAPEBAS;PA;CIRCUITO ENTRETENIMENTO E CINEMAS LTDA;08.068.712/0001-54
12/08/2020;12/08/2020 21:45:00;BLINDED BY THE LIGHT;A MÚSICA DA MINHA VIDA;E1900234900000;ORIGINAL;SIM;REINO UNIDO;5006580;CINESYSTEM MORUMBI TOWN DRIVE-IN;31;6000027;22546;34941;SÃO PAULO;SP;REDECINE BRA CINEMATOGRÁFICA S.A.;15.422.993/0001-67
12/08/2020;12/08/2020 22:20:00;FAST & FURIOUS PRESENTS: HOBBS & SHAW;VELOZES & FURIOSOS: HOBBS & SHAW;E1900264000000;DUBLADO;NÃO;ESTADOS UNIDOS;5006600;DRIVE - GYN ESTAÇÃO DA MODA;5;6000039;45898;46149;GOIÂNIA;GO;DRIVE-GYN ENTRETENIMENTO LTDA;37.109.882/0001-38
12/08/2020;12/08/2020 22:30:00;THE NUN;A FREIRA;E1800306100000;ORIGINAL;SIM;ESTADOS UNIDOS;5002102;CINE DRIVEIN;44;;5465;6715;BRASÍLIA;DF;STARK'S CINEMA E LANCHONETE LTDA.;32.917.296/0001-04
12/08/2020;12/08/2020 22:35:00;WONDER;EXTRAORDINÁRIO;E1700451500000;DUBLADO;NÃO;ESTADOS UNIDOS;5006610;CINESYSTEM DRIVE-IN AEROPORTO VITÓRIA;0;6000027;22546;46257;VITÓRIA;ES;REDECINE BRA CINEMATOGRÁFICA S.A.;15.422.993/0001-67
13/08/2020;13/08/2020 08:00:00;THE CURRENT WAR;A BATALHA DAS CORRENTES;E1900289700000;ORIGINAL;SIM;ESTADOS UNIDOS;5006579;CINESYSTEM BRÁS DRIVE-IN;30;6000027;22546;34941;SÃO PAULO;SP;REDECINE BRA CINEMATOGRÁFICA S.A.;15.422.993/0001-67
13/08/2020;13/08/2020 13:00:00;JOKER;CORINGA;E1900357300000;DUBLADO;NÃO;CANADÁ;5004879;CIRCUITO CINEMAS PBAS- SALA 01;0;6000028;15568;27873;PARAUAPEBAS;PA;CIRCUITO ENTRETENIMENTO E CINEMAS LTDA;08.068.712/0001-54
13/08/2020;13/08/2020 13:00:00;MINHA MÃE É UMA PEÇA 3;;B1900576900000;ORIGINAL;NÃO;BRASIL;5004882;CIRCUITO CINEMAS PBAS- SALA 04;0;6000028;15568;27873;PARAUAPEBAS;PA;CIRCUITO ENTRETENIMENTO E CINEMAS LTDA;08.068.712/0001-54
13/08/2020;13/08/2020 13:40:00;SONIC THE HEDGEHOG;SONIC - O FILME;E2000012200000;DUBLADO;NÃO;CANADÁ;5004881;CIRCUITO CINEMAS PBAS- SALA 03;0;6000028;15568;27873;PARAUAPEBAS;PA;CIRCUITO ENTRETENIMENTO E CINEMAS LTDA;08.068.712/0001-54
13/08/2020;13/08/2020 14:00:00;A STAR IS BORN;NASCE UMA ESTRELA;E1800303500000;ORIGINAL;SIM;ESTADOS UNIDOS;5006579;CINESYSTEM BRÁS DRIVE-IN;30;6000027;22546;34941;SÃO PAULO;SP;REDECINE BRA CINEMATOGRÁFICA S.A.;15.422.993/0001-67
13/08/2020;13/08/2020 14:00:00;BLOODSHOT;BLOODSHOT;E1900579400000;DUBLADO;NÃO;ESTADOS UNIDOS;5004880;CIRCUITO CINEMAS PBAS- SALA 02;0;6000028;15568;27873;PARAUAPEBAS;PA;CIRCUITO ENTRETENIMENTO E CINEMAS LTDA;08.068.712/0001-54
13/08/2020;13/08/2020 14:20:00;MEILLEUR RESTE À VENIR, LE;O MELHOR ESTÁ POR VIR;E2000004900000;ORIGINAL;SIM;BÉLGICA;5002722;SALA CINE PLAYARTE MANAUARA 07;2;6000049;260;16356;MANAUS;AM;PLAYARTE CINEMAS LTDA.;60.434.149/0001-00
13/08/2020;13/08/2020 14:40:00;BAD BOYS FOR LIFE;BAD BOYS PARA SEMPRE;E1900525600000;DUBLADO;NÃO;ESTADOS UNIDOS;5002726;SALA CINE PLAYARTE MANAUARA 06;7;6000049;260;16356;MANAUS;AM;PLAYARTE CINEMAS LTDA.;60.434.149/0001-00
13/08/2020;13/08/2020 15:00:00;FROZEN II;FROZEN 2;E1900365900000;DUBLADO;NÃO;ESTADOS UNIDOS;5006589;MOVIEMAX-PLANETA DRIVE IN;7;6000109;16398;26188;RECIFE;PE;P.M.C. CINEMAS DO BRASIL LTDA;04.488.617/0001-59
13/08/2020;13/08/2020 15:10:00;JUMANJI: NEXT LEVEL;JUMANJI: PROXIMA FASE;E1900458100000;DUBLADO;NÃO;ESTADOS UNIDOS;5002721;SALA CINE PLAYARTE MANAUARA 01;3;6000049;260;16356;MANAUS;AM;PLAYARTE CINEMAS LTDA.;60.434.149/0001-00
13/08/2020;13/08/2020 15:30:00;MINHA MÃE É UMA PEÇA 3;;B1900576900000;ORIGINAL;NÃO;BRASIL;5004882;CIRCUITO CINEMAS PBAS- SALA 04;0;6000028;15568;27873;PARAUAPEBAS;PA;CIRCUITO ENTRETENIMENTO E CINEMAS LTDA;08.068.712/0001-54
13/08/2020;13/08/2020 15:30:00;OS ESPETACULARES;;B2000163800000;ORIGINAL;NÃO;BRASIL;5002727;SALA CINE PLAYARTE MANAUARA 04;1;6000049;260;16356;MANAUS;AM;PLAYARTE CINEMAS LTDA.;60.434.149/0001-00
13/08/2020;13/08/2020 15:45:00;JOKER;CORINGA;E1900357300000;DUBLADO;NÃO;CANADÁ;5004879;CIRCUITO CINEMAS PBAS- SALA 01;0;6000028;15568;27873;PARAUAPEBAS;PA;CIRCUITO ENTRETENIMENTO E CINEMAS LTDA;08.068.712/0001-54
13/08/2020;13/08/2020 16:00:00;JUMANJI: NEXT LEVEL;JUMANJI: PROXIMA FASE;E1900458100000;DUBLADO;NÃO;ESTADOS UNIDOS;5001149;CINE PORTO;0;;2351;2352;UBATUBA;SP;CINEMATOGRÁFICA LITORAL NORTE LTDA-EPP;04.165.613/0001-30
13/08/2020;13/08/2020 16:00:00;SONIC THE HEDGEHOG;SONIC - O FILME;E2000012200000;DUBLADO;NÃO;CANADÁ;5004881;CIRCUITO CINEMAS PBAS- SALA 03;0;6000028;15568;27873;PARAUAPEBAS;PA;CIRCUITO ENTRETENIMENTO E CINEMAS LTDA;08.068.712/0001-54
13/08/2020;13/08/2020 16:30:00;BLOODSHOT;BLOODSHOT;E1900579400000;DUBLADO;NÃO;ESTADOS UNIDOS;5004880;CIRCUITO CINEMAS PBAS- SALA 02;0;6000028;15568;27873;PARAUAPEBAS;PA;CIRCUITO ENTRETENIMENTO E CINEMAS LTDA;08.068.712/0001-54
13/08/2020;13/08/2020 16:30:00;DENTRO DA MINHA PELE;;B2000325100000;ORIGINAL;NÃO;BRASIL;5002723;SALA CINE PLAYARTE MANAUARA 03;1;6000049;260;16356;MANAUS;AM;PLAYARTE CINEMAS LTDA.;60.434.149/0001-00
13/08/2020;13/08/2020 16:50:00;MEILLEUR RESTE À VENIR, LE;O MELHOR ESTÁ POR VIR;E2000004900000;ORIGINAL;SIM;BÉLGICA;5002722;SALA CINE PLAYARTE MANAUARA 07;0;6000049;260;16356;MANAUS;AM;PLAYARTE CINEMAS LTDA.;60.434.149/0001-00
13/08/2020;13/08/2020 17:20:00;BIRDS OF PREY (AND THE FANTABULOUS EMANCIPATION OF ONE HARLEY QUINN);AVES DE RAPINA (ARLEQUINA E SUA EMANCIPAÇÃO FANTABULOSA);E1900628800000;DUBLADO;NÃO;ESTADOS UNIDOS;5002726;SALA CINE PLAYARTE MANAUARA 06;9;6000049;260;16356;MANAUS;AM;PLAYARTE CINEMAS LTDA.;60.434.149/0001-00
13/08/2020;13/08/2020 17:30:00;JUMANJI: NEXT LEVEL;JUMANJI: PROXIMA FASE;E1900458100000;DUBLADO;NÃO;ESTADOS UNIDOS;5005930;MOBI CINE AÇAILÂNDIA SALA 02;4;6000040;38236;38237;AÇAILÂNDIA;MA;C A V LEMOS E CIA LTDA - ME;14.717.191/0001-11
13/08/2020;13/08/2020 17:40:00;MINHA MÃE É UMA PEÇA 3;;B1900576900000;ORIGINAL;NÃO;BRASIL;5002727;SALA CINE PLAYARTE MANAUARA 04;4;6000049;260;16356;MANAUS;AM;PLAYARTE CINEMAS LTDA.;60.434.149/0001-00
13/08/2020;13/08/2020 18:00:00;A STAR IS BORN;NASCE UMA ESTRELA;E1800303500000;DUBLADO;NÃO;ESTADOS UNIDOS;5004882;CIRCUITO CINEMAS PBAS- SALA 04;0;6000028;15568;27873;PARAUAPEBAS;PA;CIRCUITO ENTRETENIMENTO E CINEMAS LTDA;08.068.712/0001-54
13/08/2020;13/08/2020 18:00:00;BLOODSHOT;BLOODSHOT;E1900579400000;DUBLADO;NÃO;ESTADOS UNIDOS;5005929;MOBI CINE AÇAILÂNDIA SALA 01;4;6000040;38236;38237;AÇAILÂNDIA;MA;C A V LEMOS E CIA LTDA - ME;14.717.191/0001-11
13/08/2020;13/08/2020 18:00:00;BLOODSHOT;BLOODSHOT;E1900579400000;ORIGINAL;SIM;ESTADOS UNIDOS;5002721;SALA CINE PLAYARTE MANAUARA 01;9;6000049;260;16356;MANAUS;AM;PLAYARTE CINEMAS LTDA.;60.434.149/0001-00
13/08/2020;13/08/2020 18:00:00;ONWARD;DOIS IRMÃOS: UMA JORNADA FANTÁSTICA;E1900366400000;DUBLADO;NÃO;ESTADOS UNIDOS;5002102;CINE DRIVEIN;82;;5465;6715;BRASÍLIA;DF;STARK'S CINEMA E LANCHONETE LTDA.;32.917.296/0001-04
13/08/2020;13/08/2020 18:15:00;BABY DRIVER;EM RITMO DE FUGA;E1500757900000;DUBLADO;NÃO;ESTADOS UNIDOS;5006618;DRIVE - GYN SERRA DOURADA 02;0;6000039;45898;46312;GOIÂNIA;GO;DRIVE-GYN ENTRETENIMENTO LTDA;37.109.882/0001-38
13/08/2020;13/08/2020 18:15:00;SONIC THE HEDGEHOG;SONIC - O FILME;E2000012200000;DUBLADO;NÃO;CANADÁ;5006605;MULTICINE MOSSORÓ DRIVE IN;1;6000045;5935;17881;MOSSORÓ;RN;MULTICINE CINEMAS LTDA;07.609.246/0001-04
13/08/2020;13/08/2020 18:15:00;TEEN TITANS GO! TO THE MOVIES;JOVENS TITÃS EM AÇÃO! NOS CINEMAS;E1800215000000;DUBLADO;NÃO;ESTADOS UNIDOS;5006619;DRIVE - GYN SERRA DOURADA 03;2;6000039;45898;46312;GOIÂNIA;GO;DRIVE-GYN ENTRETENIMENTO LTDA;37.109.882/0001-38
13/08/2020;13/08/2020 18:15:01;YESTERDAY;YESTERDAY;E1900265700000;DUBLADO;NÃO;REINO UNIDO;5006617;DRIVE - GYN SERRA DOURADA 01;0;6000039;45898;46312;GOIÂNIA;GO;DRIVE-GYN ENTRETENIMENTO LTDA;37.109.882/0001-38
13/08/2020;13/08/2020 18:20:00;QUEEN OF SPADES: THROUGH THE LOOKING GLASS;A MALDIÇÃO DO ESPELHO;E1900574500000;DUBLADO;NÃO;RÚSSIA;5005931;MOBI CINE AÇAILÂNDIA SALA 03;0;6000040;38236;38237;AÇAILÂNDIA;MA;C A V LEMOS E CIA LTDA - ME;14.717.191/0001-11
13/08/2020;13/08/2020 18:20:00;SONIC THE HEDGEHOG;SONIC - O FILME;E2000012200000;DUBLADO;NÃO;CANADÁ;5004881;CIRCUITO CINEMAS PBAS- SALA 03;2;6000028;15568;27873;PARAUAPEBAS;PA;CIRCUITO ENTRETENIMENTO E CINEMAS LTDA;08.068.712/0001-54
13/08/2020;13/08/2020 18:20:01;JOKER;CORINGA;E1900357300000;DUBLADO;NÃO;CANADÁ;5006574;DRIVE IN CINEART ALPHAVILLE;7;6000013;437;45925;NOVA LIMA;MG;DELTA FILMES LTDA;01.735.159/0001-17
13/08/2020;13/08/2020 18:30:00;JOHN WICK 3: PARABELLUM;JOHN WICK 3: PARABELLUM;E1900126300000;ORIGINAL;SIM;ESTADOS UNIDOS;5006589;MOVIEMAX-PLANETA DRIVE IN;20;6000109;16398;26188;RECIFE;PE;P.M.C. CINEMAS DO BRASIL LTDA;04.488.617/0001-59
13/08/2020;13/08/2020 18:30:00;JOKER;CORINGA;E1900357300000;DUBLADO;NÃO;CANADÁ;5004879;CIRCUITO CINEMAS PBAS- SALA 01;0;6000028;15568;27873;PARAUAPEBAS;PA;CIRCUITO ENTRETENIMENTO E CINEMAS LTDA;08.068.712/0001-54
13/08/2020;13/08/2020 18:30:00;JUMANJI: NEXT LEVEL;JUMANJI: PROXIMA FASE;E1900458100000;DUBLADO;NÃO;ESTADOS UNIDOS;5001149;CINE PORTO;2;;2351;2352;UBATUBA;SP;CINEMATOGRÁFICA LITORAL NORTE LTDA-EPP;04.165.613/0001-30
13/08/2020;13/08/2020 18:30:00;SMALLFOOT;PÉPEQUENO;E1800215200000;DUBLADO;NÃO;ESTADOS UNIDOS;5006610;CINESYSTEM DRIVE-IN AEROPORTO VITÓRIA;2;6000027;22546;46257;VITÓRIA;ES;REDECINE BRA CINEMATOGRÁFICA S.A.;15.422.993/0001-67
13/08/2020;13/08/2020 18:30:00;TEEN TITANS GO! TO THE MOVIES;JOVENS TITÃS EM AÇÃO! NOS CINEMAS;E1800215000000;DUBLADO;NÃO;ESTADOS UNIDOS;5006571;CINESYSTEM AMÉRICAS DRIVE-IN;12;6000027;5348;28834;RIO DE JANEIRO;RJ;REDECINE - RIO CINEMATOGRAFICA S.A.;07.524.011/0001-10
13/08/2020;13/08/2020 18:30:00;THE QUEEN´S CORGI;THE QUEEN'S CORGI;E1900148700000;DUBLADO;NÃO;BÉLGICA;5006580;CINESYSTEM MORUMBI TOWN DRIVE-IN;10;6000027;22546;34941;SÃO PAULO;SP;REDECINE BRA CINEMATOGRÁFICA S.A.;15.422.993/0001-67
13/08/2020;13/08/2020 18:40:00;GRETEL & HANSEL (2020);MARIA E JOÃO - O CONTO DAS BRUXAS;E1900467000000;DUBLADO;NÃO;ESTADOS UNIDOS;5002723;SALA CINE PLAYARTE MANAUARA 03;20;6000049;260;16356;MANAUS;AM;PLAYARTE CINEMAS LTDA.;60.434.149/0001-00
13/08/2020;13/08/2020 18:40:00;STITCHES;CICATRIZES;E2000012300000;ORIGINAL;SIM;SÉRVIA;5006578;CINE ARTE PAJUÇARA DRIVE-IN;0;;26591;26593;MACEIÓ;AL;ASSOCIAÇÃO CULTURAL ARTE PAJUÇARA - ACAP;19.442.911/0001-05
13/08/2020;13/08/2020 18:45:00;HOW TO TRAIN YOUR DRAGON: THE HIDDEN WORLD;COMO TREINAR O SEU DRAGÃO 3;E1800532200000;DUBLADO;NÃO;ESTADOS UNIDOS;5006620;CINEMAIS MONTES CLAROS DRIVE IN;4;6000017;2892;23844;MONTES CLAROS;MG;CINEMAIS CINEMAS LTDA;03.868.869/0001-40
13/08/2020;13/08/2020 19:00:00;BLOODSHOT;BLOODSHOT;E1900579400000;DUBLADO;NÃO;ESTADOS UNIDOS;5004880;CIRCUITO CINEMAS PBAS- SALA 02;0;6000028;15568;27873;PARAUAPEBAS;PA;CIRCUITO ENTRETENIMENTO E CINEMAS LTDA;08.068.712/0001-54
13/08/2020;13/08/2020 19:00:00;CREED;CREED: NASCIDO PARA LUTAR;E1500858100000;DUBLADO;NÃO;ESTADOS UNIDOS;5006591;DRIVE IN SHOPPING VILLA LOBOS;0;6000006;2872;46069;SÃO PAULO;SP;EMPRESA CENTERPLEX DE CINEMAS LTDA;00.812.310/0001-00
13/08/2020;13/08/2020 19:00:00;POKEMON DETECTIVE PIKACHU;POKÉMON DETETIVE PIKACHU;E1900062700000;DUBLADO;NÃO;ESTADOS UNIDOS;5006558;CINESYSTEM IGUATEMI FLN DRIVE-IN;1;6000027;22546;41695;FLORIANÓPOLIS;SC;REDECINE BRA CINEMATOGRÁFICA S.A.;15.422.993/0001-67
13/08/2020;13/08/2020 19:00:00;THE ADDAMS FAMILY;A FAMÍLIA ADDAMS;E1900349600000;DUBLADO;NÃO;CANADÁ;5006570;TOP CINEPLEX PAULÍNIA - DRIVE-IN;6;6000056;19398;19399;PAULÍNIA;SP;DIAS CINEMATOGRÁFICA LTDA-EPP;12.128.142/0001-18
13/08/2020;13/08/2020 19:00:00;THE LION KING;O REI LEÃO;E1900267700000;DUBLADO;NÃO;ESTADOS UNIDOS;5006567;CINESHOW TUBARÃO DRIVE-IN;1;6000025;33770;33771;TUBARÃO;SC;TUBARÃO FILMES LTDA;24.971.903/0001-88
13/08/2020;13/08/2020 19:00:00;TURMA DA MÔNICA - LAÇOS;;B1900235500000;ORIGINAL;NÃO;BRASIL;5006575;DRIVE IN CINEART MIX GARDEN;2;6000013;437;45926;NOVA LIMA;MG;DELTA FILMES LTDA;01.735.159/0001-17
13/08/2020;13/08/2020 19:00:00;WONDER PARK;O PARQUE DOS SONHOS;E1900025300000;DUBLADO;NÃO;ESTADOS UNIDOS;5003450;CASTRO 1;2;6000023;12893;21049;CASTRO;PR;ESTILO PRODUÇÕES ARTISTICAS LTDA;03.293.165/0001-97
13/08/2020;13/08/2020 19:15:00;THE ADDAMS FAMILY;A FAMÍLIA ADDAMS;E1900349600000;DUBLADO;NÃO;CANADÁ;5006579;CINESYSTEM BRÁS DRIVE-IN;2;6000027;22546;34941;SÃO PAULO;SP;REDECINE BRA CINEMATOGRÁFICA S.A.;15.422.993/0001-67
13/08/2020;13/08/2020 19:30:00;JUMANJI: NEXT LEVEL;JUMANJI: PROXIMA FASE;E1900458100000;DUBLADO;NÃO;ESTADOS UNIDOS;5002722;SALA CINE PLAYARTE MANAUARA 07;10;6000049;260;16356;MANAUS;AM;PLAYARTE CINEMAS LTDA.;60.434.149/0001-00
13/08/2020;13/08/2020 19:50:00;THE INVISIBLE MAN;O HOMEM INVISÍVEL;E1900438600000;ORIGINAL;SIM;AUSTRÁLIA;5002726;SALA CINE PLAYARTE MANAUARA 06;5;6000049;260;16356;MANAUS;AM;PLAYARTE CINEMAS LTDA.;60.434.149/0001-00
13/08/2020;13/08/2020 20:00:00;ANNABELLE COMES HOME;ANNABELLE 3: DE VOLTA PARA CASA;E1900234800000;DUBLADO;NÃO;ESTADOS UNIDOS;5006572;CINE 14 BIS DRIVE-IN;6;;5822;6623;GUAXUPÉ;MG;GUAXUPE PROMOCOES E EVENTOS LTDA;03.929.354/0001-03
13/08/2020;13/08/2020 20:00:00;JUSTICE LEAGUE;LIGA DA JUSTIÇA;E1700482600000;DUBLADO;NÃO;ESTADOS UNIDOS;5006613;CINE HOS DRIVE-IN;24;;22207;22208;ADAMANTINA;SP;HADDAD - EMPREENDIMENTOS CINEMATOGRAFICOS E ARTISTICOS LTDA;15.705.606/0001-08
13/08/2020;13/08/2020 20:00:00;MINHA MÃE É UMA PEÇA 3;;B1900576900000;ORIGINAL;NÃO;BRASIL;5003451;CASTRO 2;5;6000023;12893;21049;CASTRO;PR;ESTILO PRODUÇÕES ARTISTICAS LTDA;03.293.165/0001-97
13/08/2020;13/08/2020 20:00:00;POKEMON DETECTIVE PIKACHU;POKÉMON DETETIVE PIKACHU;E1900062700000;DUBLADO;NÃO;ESTADOS UNIDOS;5002102;CINE DRIVEIN;82;;5465;6715;BRASÍLIA;DF;STARK'S CINEMA E LANCHONETE LTDA.;32.917.296/0001-04
13/08/2020;13/08/2020 20:10:00;BAD BOYS 3;BAD BOYS 3;E1500757400000;DUBLADO;NÃO;ESTADOS UNIDOS;5005930;MOBI CINE AÇAILÂNDIA SALA 02;0;6000040;38236;38237;AÇAILÂNDIA;MA;C A V LEMOS E CIA LTDA - ME;14.717.191/0001-11
13/08/2020;13/08/2020 20:10:00;OS ESPETACULARES;;B2000163800000;ORIGINAL;NÃO;BRASIL;5002727;SALA CINE PLAYARTE MANAUARA 04;6;6000049;260;16356;MANAUS;AM;PLAYARTE CINEMAS LTDA.;60.434.149/0001-00
13/08/2020;13/08/2020 20:15:00;MINHA MÃE É UMA PEÇA 3;;B1900576900000;ORIGINAL;NÃO;BRASIL;5006605;MULTICINE MOSSORÓ DRIVE IN;8;6000045;5935;17881;MOSSORÓ;RN;MULTICINE CINEMAS LTDA;07.609.246/0001-04
13/08/2020;13/08/2020 20:20:00;QUEEN OF SPADES: THROUGH THE LOOKING GLASS;A MALDIÇÃO DO ESPELHO;E1900574500000;DUBLADO;NÃO;RÚSSIA;5005931;MOBI CINE AÇAILÂNDIA SALA 03;2;6000040;38236;38237;AÇAILÂNDIA;MA;C A V LEMOS E CIA LTDA - ME;14.717.191/0001-11
13/08/2020;13/08/2020 20:25:00;DOLITTLE;DOLITTLE;E1900437900000;DUBLADO;NÃO;ESTADOS UNIDOS;5006580;CINESYSTEM MORUMBI TOWN DRIVE-IN;28;6000027;22546;34941;SÃO PAULO;SP;REDECINE BRA CINEMATOGRÁFICA S.A.;15.422.993/0001-67
13/08/2020;13/08/2020 20:25:00;MÚSICA PARA MORRER DE AMOR;;B1900341900000;ORIGINAL;NÃO;BRASIL;5006571;CINESYSTEM AMÉRICAS DRIVE-IN;2;6000027;5348;28834;RIO DE JANEIRO;RJ;REDECINE - RIO CINEMATOGRAFICA S.A.;07.524.011/0001-10
13/08/2020;13/08/2020 20:30:00;BABY DRIVER;EM RITMO DE FUGA;E1500757900000;ORIGINAL;SIM;ESTADOS UNIDOS;5006618;DRIVE - GYN SERRA DOURADA 02;0;6000039;45898;46312;GOIÂNIA;GO;DRIVE-GYN ENTRETENIMENTO LTDA;37.109.882/0001-38
13/08/2020;13/08/2020 20:30:00;BLOODSHOT;BLOODSHOT;E1900579400000;DUBLADO;NÃO;ESTADOS UNIDOS;5005929;MOBI CINE AÇAILÂNDIA SALA 01;0;6000040;38236;38237;AÇAILÂNDIA;MA;C A V LEMOS E CIA LTDA - ME;14.717.191/0001-11
13/08/2020;13/08/2020 20:30:00;BLOODSHOT;BLOODSHOT;E1900579400000;DUBLADO;NÃO;ESTADOS UNIDOS;5002721;SALA CINE PLAYARTE MANAUARA 01;40;6000049;260;16356;MANAUS;AM;PLAYARTE CINEMAS LTDA.;60.434.149/0001-00
13/08/2020;13/08/2020 20:30:00;DOLITTLE;DOLITTLE;E1900437900000;DUBLADO;NÃO;ESTADOS UNIDOS;5006610;CINESYSTEM DRIVE-IN AEROPORTO VITÓRIA;21;6000027;22546;46257;VITÓRIA;ES;REDECINE BRA CINEMATOGRÁFICA S.A.;15.422.993/0001-67
13/08/2020;13/08/2020 20:30:00;FAST & FURIOUS PRESENTS: HOBBS & SHAW;VELOZES & FURIOSOS: HOBBS & SHAW;E1900264000000;DUBLADO;NÃO;ESTADOS UNIDOS;5006621;CINEPLUS PLANETA DRIVE IN PINHAIS;12;6000023;15673;46339;PINHAIS;PR;VITOMAQ PRODUÇÕES ARTISTICAS E CINEMA LTDA - ME;07.617.254/0001-00
13/08/2020;13/08/2020 20:30:00;IT: CHAPTER TWO;IT - CAPÍTULO DOIS;E1900346500000;DUBLADO;NÃO;ESTADOS UNIDOS;5006585;CENTERPLEX CAMPO DE MARTE DRIVE-IN;0;6000006;36999;37000;SÃO PAULO;SP;CINE ELI SP CINEMAS LTDA;27.676.231/0001-76
13/08/2020;13/08/2020 20:30:00;IT: CHAPTER TWO;IT - CAPÍTULO DOIS;E1900346500000;DUBLADO;NÃO;ESTADOS UNIDOS;5006587;CENTERPLEX CINE ESTANCIA DRIVE PARK;8;6000006;27814;46014;SÃO BERNARDO DO CAMPO;SP;CINEMATOGRÁFICA LIMEIRA LTDA;17.360.792/0001-08
13/08/2020;13/08/2020 20:30:00;Mostras e Festivais;;G0000000000004;ORIGINAL;NÃO;;5006578;CINE ARTE PAJUÇARA DRIVE-IN;2;;26591;26593;MACEIÓ;AL;ASSOCIAÇÃO CULTURAL ARTE PAJUÇARA - ACAP;19.442.911/0001-05
13/08/2020;13/08/2020 20:30:01;BOHEMIAN RHAPSODY;BOHEMIAN RHAPSODY;E1800251900000;DUBLADO;NÃO;ESTADOS UNIDOS;5006551;CENTERPLEX LAPA DRIVE-IN - CINE CTN;28;6000006;2836;2842;SÃO PAULO;SP;EMPRESA SAO LUIZ DE CINEMAS LTDA - EM RECUPERACAO JUDICIAL;52.067.071/0001-05
13/08/2020;13/08/2020 20:30:01;Mostras e Festivais;;G0000000000004;ORIGINAL;SIM;;5006619;DRIVE - GYN SERRA DOURADA 03;5;6000039;45898;46312;GOIÂNIA;GO;DRIVE-GYN ENTRETENIMENTO LTDA;37.109.882/0001-38
13/08/2020;13/08/2020 20:30:01;YESTERDAY;YESTERDAY;E1900265700000;ORIGINAL;SIM;REINO UNIDO;5006617;DRIVE - GYN SERRA DOURADA 01;3;6000039;45898;46312;GOIÂNIA;GO;DRIVE-GYN ENTRETENIMENTO LTDA;37.109.882/0001-38
13/08/2020;13/08/2020 20:40:00;BIRDS OF PREY (AND THE FANTABULOUS EMANCIPATION OF ONE HARLEY QUINN);AVES DE RAPINA (ARLEQUINA E SUA EMANCIPAÇÃO FANTABULOSA);E1900628800000;DUBLADO;NÃO;ESTADOS UNIDOS;5004881;CIRCUITO CINEMAS PBAS- SALA 03;0;6000028;15568;27873;PARAUAPEBAS;PA;CIRCUITO ENTRETENIMENTO E CINEMAS LTDA;08.068.712/0001-54
13/08/2020;13/08/2020 20:50:00;GRETEL & HANSEL (2020);MARIA E JOÃO - O CONTO DAS BRUXAS;E1900467000000;DUBLADO;NÃO;ESTADOS UNIDOS;5002723;SALA CINE PLAYARTE MANAUARA 03;13;6000049;260;16356;MANAUS;AM;PLAYARTE CINEMAS LTDA.;60.434.149/0001-00
13/08/2020;13/08/2020 21:00:00;ANNABELLE COMES HOME;ANNABELLE 3: DE VOLTA PARA CASA;E1900234800000;ORIGINAL;SIM;ESTADOS UNIDOS;5006562;CINE QUINZE DRIVE-IN;11;6000012;15558;39450;GUARAPUAVA;PR;CINE QUINZE CINEMAS LTDA;04.752.934/0001-30
13/08/2020;13/08/2020 21:00:00;BOHEMIAN RHAPSODY;BOHEMIAN RHAPSODY;E1800251900000;ORIGINAL;SIM;ESTADOS UNIDOS;5006554;CINEPLUS XAXIM DRIVE-IN - PLANETA DRIVE-IN;37;6000023;15673;15674;CURITIBA;PR;VITOMAQ PRODUÇÕES ARTISTICAS E CINEMA LTDA - ME;07.617.254/0001-00
13/08/2020;13/08/2020 21:00:00;MINHA MÃE É UMA PEÇA 3;;B1900576900000;ORIGINAL;NÃO;BRASIL;5004882;CIRCUITO CINEMAS PBAS- SALA 04;0;6000028;15568;27873;PARAUAPEBAS;PA;CIRCUITO ENTRETENIMENTO E CINEMAS LTDA;08.068.712/0001-54
13/08/2020;13/08/2020 21:00:00;THE FATE OF THE FURIOUS;VELOZES E FURIOSOS 8;E1700045600000;DUBLADO;NÃO;FRANÇA;5006570;TOP CINEPLEX PAULÍNIA - DRIVE-IN;5;6000056;19398;19399;PAULÍNIA;SP;DIAS CINEMATOGRÁFICA LTDA-EPP;12.128.142/0001-18
13/08/2020;13/08/2020 21:00:01;A STAR IS BORN;NASCE UMA ESTRELA;E1800303500000;DUBLADO;NÃO;ESTADOS UNIDOS;5006574;DRIVE IN CINEART ALPHAVILLE;2;6000013;437;45925;NOVA LIMA;MG;DELTA FILMES LTDA;01.735.159/0001-17
13/08/2020;13/08/2020 21:10:00;MINHA MÃE É UMA PEÇA 3;;B1900576900000;ORIGINAL;NÃO;BRASIL;5006620;CINEMAIS MONTES CLAROS DRIVE IN;9;6000017;2892;23844;MONTES CLAROS;MG;CINEMAIS CINEMAS LTDA;03.868.869/0001-40
13/08/2020;13/08/2020 21:15:00;1917;1917;E1900439000000;ORIGINAL;SIM;ESTADOS UNIDOS;5006558;CINESYSTEM IGUATEMI FLN DRIVE-IN;3;6000027;22546;41695;FLORIANÓPOLIS;SC;REDECINE BRA CINEMATOGRÁFICA S.A.;15.422.993/0001-67
13/08/2020;13/08/2020 21:15:00;JOKER;CORINGA;E1900357300000;DUBLADO;NÃO;CANADÁ;5004879;CIRCUITO CINEMAS PBAS- SALA 01;0;6000028;15568;27873;PARAUAPEBAS;PA;CIRCUITO ENTRETENIMENTO E CINEMAS LTDA;08.068.712/0001-54
13/08/2020;13/08/2020 21:15:00;THE FATE OF THE FURIOUS;VELOZES E FURIOSOS 8;E1700045600000;DUBLADO;NÃO;FRANÇA;5006579;CINESYSTEM BRÁS DRIVE-IN;2;6000027;22546;34941;SÃO PAULO;SP;REDECINE BRA CINEMATOGRÁFICA S.A.;15.422.993/0001-67
13/08/2020;13/08/2020 21:30:00;1917;1917;E1900439000000;ORIGINAL;SIM;ESTADOS UNIDOS;5006589;MOVIEMAX-PLANETA DRIVE IN;29;6000109;16398;26188;RECIFE;PE;P.M.C. CINEMAS DO BRASIL LTDA;04.488.617/0001-59
13/08/2020;13/08/2020 21:30:00;BLOODSHOT;BLOODSHOT;E1900579400000;DUBLADO;NÃO;ESTADOS UNIDOS;5004880;CIRCUITO CINEMAS PBAS- SALA 02;1;6000028;15568;27873;PARAUAPEBAS;PA;CIRCUITO ENTRETENIMENTO E CINEMAS LTDA;08.068.712/0001-54
13/08/2020;13/08/2020 21:30:00;IT: CHAPTER TWO;IT - CAPÍTULO DOIS;E1900346500000;DUBLADO;NÃO;ESTADOS UNIDOS;5006591;DRIVE IN SHOPPING VILLA LOBOS;5;6000006;2872;46069;SÃO PAULO;SP;EMPRESA CENTERPLEX DE CINEMAS LTDA;00.812.310/0001-00
13/08/2020;13/08/2020 21:40:00;CAPTAIN MARVEL;CAPITÃ MARVEL;E1900011200000;DUBLADO;NÃO;ESTADOS UNIDOS;5006567;CINESHOW TUBARÃO DRIVE-IN;6;6000025;33770;33771;TUBARÃO;SC;TUBARÃO FILMES LTDA;24.971.903/0001-88
13/08/2020;13/08/2020 22:00:00;CARCEREIROS - O FILMES;;B1900511300000;ORIGINAL;NÃO;BRASIL;5002102;CINE DRIVEIN;82;;5465;6715;BRASÍLIA;DF;STARK'S CINEMA E LANCHONETE LTDA.;32.917.296/0001-04
13/08/2020;13/08/2020 22:30:00;A QUIET PLACE;UM LUGAR SILENCIOSO;E1800074200000;DUBLADO;NÃO;ESTADOS UNIDOS;5006605;MULTICINE MOSSORÓ DRIVE IN;4;6000045;5935;17881;MOSSORÓ;RN;MULTICINE CINEMAS LTDA;07.609.246/0001-04
13/08/2020;13/08/2020 22:30:00;HARRY POTTER AND THE DEATHLY HALLOWS - PART 1;HARRY POTTER E AS RELÍQUIAS DA MORTE - PARTE 1;E1500138700000;ORIGINAL;SIM;ESTADOS UNIDOS;5006580;CINESYSTEM MORUMBI TOWN DRIVE-IN;2;6000027;22546;34941;SÃO PAULO;SP;REDECINE BRA CINEMATOGRÁFICA S.A.;15.422.993/0001-67
13/08/2020;13/08/2020 22:30:00;LA LA LAND;LA LA LAND – CANTANDO ESTAÇÕES;E1600677400000;ORIGINAL;SIM;ESTADOS UNIDOS;5006571;CINESYSTEM AMÉRICAS DRIVE-IN;4;6000027;5348;28834;RIO DE JANEIRO;RJ;REDECINE - RIO CINEMATOGRAFICA S.A.;07.524.011/0001-10
13/08/2020;13/08/2020 22:35:00;A STAR IS BORN;NASCE UMA ESTRELA;E1800303500000;DUBLADO;NÃO;ESTADOS UNIDOS;5006610;CINESYSTEM DRIVE-IN AEROPORTO VITÓRIA;6;6000027;22546;46257;VITÓRIA;ES;REDECINE BRA CINEMATOGRÁFICA S.A.;15.422.993/0001-67
13/08/2020;13/08/2020 22:40:00;OVERLORD;OPERAÇÃO OVERLORD;E1800381200000;DUBLADO;NÃO;ESTADOS UNIDOS;5006600;DRIVE - GYN ESTAÇÃO DA MODA;3;6000039;45898;46149;GOIÂNIA;GO;DRIVE-GYN ENTRETENIMENTO LTDA;37.109.882/0001-38
13/08/2020;13/08/2020 22:45:00;A STAR IS BORN;NASCE UMA ESTRELA;E1800303500000;ORIGINAL;SIM;ESTADOS UNIDOS;5006618;DRIVE - GYN SERRA DOURADA 02;0;6000039;45898;46312;GOIÂNIA;GO;DRIVE-GYN ENTRETENIMENTO LTDA;37.109.882/0001-38
13/08/2020;13/08/2020 22:45:00;JACK REACHER: NEVER GO BACK;JACK RACHER: SEM RETORNO;E1600733400000;ORIGINAL;SIM;ESTADOS UNIDOS;5006617;DRIVE - GYN SERRA DOURADA 01;1;6000039;45898;46312;GOIÂNIA;GO;DRIVE-GYN ENTRETENIMENTO LTDA;37.109.882/0001-38
14/08/2020;14/08/2020 13:00:00;JOKER;CORINGA;E1900357300000;DUBLADO;NÃO;CANADÁ;5004879;CIRCUITO CINEMAS PBAS- SALA 01;1;6000028;15568;27873;PARAUAPEBAS;PA;CIRCUITO ENTRETENIMENTO E CINEMAS LTDA;08.068.712/0001-54
14/08/2020;14/08/2020 13:00:00;MINHA MÃE É UMA PEÇA 3;;B1900576900000;ORIGINAL;NÃO;BRASIL;5004882;CIRCUITO CINEMAS PBAS- SALA 04;2;6000028;15568;27873;PARAUAPEBAS;PA;CIRCUITO ENTRETENIMENTO E CINEMAS LTDA;08.068.712/0001-54
14/08/2020;14/08/2020 13:40:00;SONIC THE HEDGEHOG;SONIC - O FILME;E2000012200000;DUBLADO;NÃO;CANADÁ;5004881;CIRCUITO CINEMAS PBAS- SALA 03;0;6000028;15568;27873;PARAUAPEBAS;PA;CIRCUITO ENTRETENIMENTO E CINEMAS LTDA;08.068.712/0001-54
14/08/2020;14/08/2020 14:00:00;BLOODSHOT;BLOODSHOT;E1900579400000;DUBLADO;NÃO;ESTADOS UNIDOS;5004880;CIRCUITO CINEMAS PBAS- SALA 02;0;6000028;15568;27873;PARAUAPEBAS;PA;CIRCUITO ENTRETENIMENTO E CINEMAS LTDA;08.068.712/0001-54
14/08/2020;14/08/2020 14:20:00;MEILLEUR RESTE À VENIR, LE;O MELHOR ESTÁ POR VIR;E2000004900000;ORIGINAL;SIM;BÉLGICA;5002722;SALA CINE PLAYARTE MANAUARA 07;5;6000049;260;16356;MANAUS;AM;PLAYARTE CINEMAS LTDA.;60.434.149/0001-00
14/08/2020;14/08/2020 14:40:00;BAD BOYS FOR LIFE;BAD BOYS PARA SEMPRE;E1900525600000;DUBLADO;NÃO;ESTADOS UNIDOS;5002726;SALA CINE PLAYARTE MANAUARA 06;10;6000049;260;16356;MANAUS;AM;PLAYARTE CINEMAS LTDA.;60.434.149/0001-00
14/08/2020;14/08/2020 15:00:00;ONWARD;DOIS IRMÃOS: UMA JORNADA FANTÁSTICA;E1900366400000;DUBLADO;NÃO;ESTADOS UNIDOS;5006589;MOVIEMAX-PLANETA DRIVE IN;12;6000109;16398;26188;RECIFE;PE;P.M.C. CINEMAS DO BRASIL LTDA;04.488.617/0001-59
14/08/2020;14/08/2020 15:10:00;BLOODSHOT;BLOODSHOT;E1900579400000;DUBLADO;NÃO;ESTADOS UNIDOS;5002721;SALA CINE PLAYARTE MANAUARA 01;12;6000049;260;16356;MANAUS;AM;PLAYARTE CINEMAS LTDA.;60.434.149/0001-00
14/08/2020;14/08/2020 15:30:00;MINHA MÃE É UMA PEÇA 3;;B1900576900000;ORIGINAL;NÃO;BRASIL;5004882;CIRCUITO CINEMAS PBAS- SALA 04;3;6000028;15568;27873;PARAUAPEBAS;PA;CIRCUITO ENTRETENIMENTO E CINEMAS LTDA;08.068.712/0001-54
14/08/2020;14/08/2020 15:30:00;OS ESPETACULARES;;B2000163800000;ORIGINAL;NÃO;BRASIL;5002727;SALA CINE PLAYARTE MANAUARA 04;1;6000049;260;16356;MANAUS;AM;PLAYARTE CINEMAS LTDA.;60.434.149/0001-00
14/08/2020;14/08/2020 15:30:01;TEEN TITANS GO! TO THE MOVIES;JOVENS TITÃS EM AÇÃO! NOS CINEMAS;E1800215000000;DUBLADO;NÃO;ESTADOS UNIDOS;5006591;DRIVE IN SHOPPING VILLA LOBOS;2;6000006;2872;46069;SÃO PAULO;SP;EMPRESA CENTERPLEX DE CINEMAS LTDA;00.812.310/0001-00
14/08/2020;14/08/2020 15:45:00;JOKER;CORINGA;E1900357300000;DUBLADO;NÃO;CANADÁ;5004879;CIRCUITO CINEMAS PBAS- SALA 01;1;6000028;15568;27873;PARAUAPEBAS;PA;CIRCUITO ENTRETENIMENTO E CINEMAS LTDA;08.068.712/0001-54
14/08/2020;14/08/2020 16:00:00;JUMANJI: NEXT LEVEL;JUMANJI: PROXIMA FASE;E1900458100000;DUBLADO;NÃO;ESTADOS UNIDOS;5001149;CINE PORTO;0;;2351;2352;UBATUBA;SP;CINEMATOGRÁFICA LITORAL NORTE LTDA-EPP;04.165.613/0001-30
14/08/2020;14/08/2020 16:00:00;SONIC THE HEDGEHOG;SONIC - O FILME;E2000012200000;DUBLADO;NÃO;CANADÁ;5004881;CIRCUITO CINEMAS PBAS- SALA 03;5;6000028;15568;27873;PARAUAPEBAS;PA;CIRCUITO ENTRETENIMENTO E CINEMAS LTDA;08.068.712/0001-54
14/08/2020;14/08/2020 16:30:00;BLOODSHOT;BLOODSHOT;E1900579400000;DUBLADO;NÃO;ESTADOS UNIDOS;5004880;CIRCUITO CINEMAS PBAS- SALA 02;0;6000028;15568;27873;PARAUAPEBAS;PA;CIRCUITO ENTRETENIMENTO E CINEMAS LTDA;08.068.712/0001-54
14/08/2020;14/08/2020 16:30:00;DENTRO DA MINHA PELE;;B2000325100000;ORIGINAL;NÃO;BRASIL;5002723;SALA CINE PLAYARTE MANAUARA 03;0;6000049;260;16356;MANAUS;AM;PLAYARTE CINEMAS LTDA.;60.434.149/0001-00
14/08/2020;14/08/2020 16:50:00;MEILLEUR RESTE À VENIR, LE;O MELHOR ESTÁ POR VIR;E2000004900000;ORIGINAL;SIM;BÉLGICA;5002722;SALA CINE PLAYARTE MANAUARA 07;0;6000049;260;16356;MANAUS;AM;PLAYARTE CINEMAS LTDA.;60.434.149/0001-00
14/08/2020;14/08/2020 17:20:00;BIRDS OF PREY (AND THE FANTABULOUS EMANCIPATION OF ONE HARLEY QUINN);AVES DE RAPINA (ARLEQUINA E SUA EMANCIPAÇÃO FANTABULOSA);E1900628800000;DUBLADO;NÃO;ESTADOS UNIDOS;5002726;SALA CINE PLAYARTE MANAUARA 06;9;6000049;260;16356;MANAUS;AM;PLAYARTE CINEMAS LTDA.;60.434.149/0001-00
14/08/2020;14/08/2020 17:40:00;MINHA MÃE É UMA PEÇA 3;;B1900576900000;ORIGINAL;NÃO;BRASIL;5002727;SALA CINE PLAYARTE MANAUARA 04;4;6000049;260;16356;MANAUS;AM;PLAYARTE CINEMAS LTDA.;60.434.149/0001-00
14/08/2020;14/08/2020 18:00:00;A STAR IS BORN;NASCE UMA ESTRELA;E1800303500000;DUBLADO;NÃO;ESTADOS UNIDOS;5004882;CIRCUITO CINEMAS PBAS- SALA 04;0;6000028;15568;27873;PARAUAPEBAS;PA;CIRCUITO ENTRETENIMENTO E CINEMAS LTDA;08.068.712/0001-54
14/08/2020;14/08/2020 18:00:00;AMERICAN SNIPER;SNIPER AMERICANO;E1402739100000;DUBLADO;NÃO;ESTADOS UNIDOS;5006591;DRIVE IN SHOPPING VILLA LOBOS;5;6000006;2872;46069;SÃO PAULO;SP;EMPRESA CENTERPLEX DE CINEMAS LTDA;00.812.310/0001-00
14/08/2020;14/08/2020 18:00:00;BLOODSHOT;BLOODSHOT;E1900579400000;ORIGINAL;SIM;ESTADOS UNIDOS;5002721;SALA CINE PLAYARTE MANAUARA 01;7;6000049;260;16356;MANAUS;AM;PLAYARTE CINEMAS LTDA.;60.434.149/0001-00
14/08/2020;14/08/2020 18:00:00;ONWARD;DOIS IRMÃOS: UMA JORNADA FANTÁSTICA;E1900366400000;DUBLADO;NÃO;ESTADOS UNIDOS;5002102;CINE DRIVEIN;96;;5465;6715;BRASÍLIA;DF;STARK'S CINEMA E LANCHONETE LTDA.;32.917.296/0001-04
14/08/2020;14/08/2020 18:00:00;THE LION KING;O REI LEÃO;E1900267700000;DUBLADO;NÃO;ESTADOS UNIDOS;5006567;CINESHOW TUBARÃO DRIVE-IN;1;6000025;33770;33771;TUBARÃO;SC;TUBARÃO FILMES LTDA;24.971.903/0001-88
14/08/2020;14/08/2020 18:15:00;BABY DRIVER;EM RITMO DE FUGA;E1500757900000;DUBLADO;NÃO;ESTADOS UNIDOS;5006618;DRIVE - GYN SERRA DOURADA 02;0;6000039;45898;46312;GOIÂNIA;GO;DRIVE-GYN ENTRETENIMENTO LTDA;37.109.882/0001-38
14/08/2020;14/08/2020 18:15:00;Mostras e Festivais;;G0000000000004;ORIGINAL;SIM;;5006619;DRIVE - GYN SERRA DOURADA 03;1;6000039;45898;46312;GOIÂNIA;GO;DRIVE-GYN ENTRETENIMENTO LTDA;37.109.882/0001-38
14/08/2020;14/08/2020 18:15:00;SONIC THE HEDGEHOG;SONIC - O FILME;E2000012200000;DUBLADO;NÃO;CANADÁ;5006605;MULTICINE MOSSORÓ DRIVE IN;4;6000045;5935;17881;MOSSORÓ;RN;MULTICINE CINEMAS LTDA;07.609.246/0001-04
14/08/2020;14/08/2020 18:15:00;TEEN TITANS GO! TO THE MOVIES;JOVENS TITÃS EM AÇÃO! NOS CINEMAS;E1800215000000;DUBLADO;NÃO;ESTADOS UNIDOS;5006600;DRIVE - GYN ESTAÇÃO DA MODA;2;6000039;45898;46149;GOIÂNIA;GO;DRIVE-GYN ENTRETENIMENTO LTDA;37.109.882/0001-38
14/08/2020;14/08/2020 18:15:01;YESTERDAY;YESTERDAY;E1900265700000;DUBLADO;NÃO;REINO UNIDO;5006617;DRIVE - GYN SERRA DOURADA 01;0;6000039;45898;46312;GOIÂNIA;GO;DRIVE-GYN ENTRETENIMENTO LTDA;37.109.882/0001-38
14/08/2020;14/08/2020 18:20:00;QUEEN OF SPADES: THROUGH THE LOOKING GLASS;A MALDIÇÃO DO ESPELHO;E1900574500000;DUBLADO;NÃO;RÚSSIA;5005931;MOBI CINE AÇAILÂNDIA SALA 03;4;6000040;38236;38237;AÇAILÂNDIA;MA;C A V LEMOS E CIA LTDA - ME;14.717.191/0001-11
14/08/2020;14/08/2020 18:20:00;SONIC THE HEDGEHOG;SONIC - O FILME;E2000012200000;DUBLADO;NÃO;CANADÁ;5004881;CIRCUITO CINEMAS PBAS- SALA 03;0;6000028;15568;27873;PARAUAPEBAS;PA;CIRCUITO ENTRETENIMENTO E CINEMAS LTDA;08.068.712/0001-54
14/08/2020;14/08/2020 18:20:01;JUSTICE LEAGUE;LIGA DA JUSTIÇA;E1700482600000;DUBLADO;NÃO;ESTADOS UNIDOS;5006574;DRIVE IN CINEART ALPHAVILLE;10;6000013;437;45925;NOVA LIMA;MG;DELTA FILMES LTDA;01.735.159/0001-17
14/08/2020;14/08/2020 18:30:00;47 METERS DOWN: UNCAGED;MEDO PROFUNDO - O SEGUNDO ATAQUE;E1900302700000;DUBLADO;NÃO;REINO UNIDO;5006571;CINESYSTEM AMÉRICAS DRIVE-IN;13;6000027;5348;28834;RIO DE JANEIRO;RJ;REDECINE - RIO CINEMATOGRAFICA S.A.;07.524.011/0001-10
14/08/2020;14/08/2020 18:30:00;COUNTDOWN;A HORA DA SUA MORTE;E1900400200000;ORIGINAL;SIM;HOLANDA;5006558;CINESYSTEM IGUATEMI FLN DRIVE-IN;9;6000027;22546;41695;FLORIANÓPOLIS;SC;REDECINE BRA CINEMATOGRÁFICA S.A.;15.422.993/0001-67
14/08/2020;14/08/2020 18:30:00;GRETEL & HANSEL (2020);MARIA E JOÃO - O CONTO DAS BRUXAS;E1900467000000;DUBLADO;NÃO;ESTADOS UNIDOS;5006610;CINESYSTEM DRIVE-IN AEROPORTO VITÓRIA;7;6000027;22546;46257;VITÓRIA;ES;REDECINE BRA CINEMATOGRÁFICA S.A.;15.422.993/0001-67
14/08/2020;14/08/2020 18:30:00;JOKER;CORINGA;E1900357300000;DUBLADO;NÃO;CANADÁ;5004879;CIRCUITO CINEMAS PBAS- SALA 01;1;6000028;15568;27873;PARAUAPEBAS;PA;CIRCUITO ENTRETENIMENTO E CINEMAS LTDA;08.068.712/0001-54
14/08/2020;14/08/2020 18:30:00;JUMANJI: NEXT LEVEL;JUMANJI: PROXIMA FASE;E1900458100000;DUBLADO;NÃO;ESTADOS UNIDOS;5001149;CINE PORTO;4;;2351;2352;UBATUBA;SP;CINEMATOGRÁFICA LITORAL NORTE LTDA-EPP;04.165.613/0001-30
14/08/2020;14/08/2020 18:30:00;JUMANJI: NEXT LEVEL;JUMANJI: PROXIMA FASE;E1900458100000;DUBLADO;NÃO;ESTADOS UNIDOS;5006554;CINEPLUS XAXIM DRIVE-IN - PLANETA DRIVE-IN;19;6000023;15673;15674;CURITIBA;PR;VITOMAQ PRODUÇÕES ARTISTICAS E CINEMA LTDA - ME;07.617.254/0001-00
14/08/2020;14/08/2020 18:30:00;SPIDER-MAN: FAR FROM HOME;HOMEM-ARANHA LONGE DE CASA;E1900127700000;ORIGINAL;SIM;ESTADOS UNIDOS;5006589;MOVIEMAX-PLANETA DRIVE IN;30;6000109;16398;26188;RECIFE;PE;P.M.C. CINEMAS DO BRASIL LTDA;04.488.617/0001-59
14/08/2020;14/08/2020 18:30:01;AQUAMAN;AQUAMAN;E1800433400000;DUBLADO;NÃO;ESTADOS UNIDOS;5006590;SUPER DRIVE IN;2;6000006;2872;46068;SÃO BERNARDO DO CAMPO;SP;EMPRESA CENTERPLEX DE CINEMAS LTDA;00.812.310/0001-00
14/08/2020;14/08/2020 18:30:01;SHAZAM!;SHAZAM!;E1900060900000;DUBLADO;NÃO;ESTADOS UNIDOS;5006585;CENTERPLEX CAMPO DE MARTE DRIVE-IN;16;6000006;36999;37000;SÃO PAULO;SP;CINE ELI SP CINEMAS LTDA;27.676.231/0001-76
14/08/2020;14/08/2020 18:40:00;GRETEL & HANSEL (2020);MARIA E JOÃO - O CONTO DAS BRUXAS;E1900467000000;DUBLADO;NÃO;ESTADOS UNIDOS;5002723;SALA CINE PLAYARTE MANAUARA 03;22;6000049;260;16356;MANAUS;AM;PLAYARTE CINEMAS LTDA.;60.434.149/0001-00
14/08/2020;14/08/2020 18:40:00;STITCHES;CICATRIZES;E2000012300000;ORIGINAL;SIM;SÉRVIA;5006578;CINE ARTE PAJUÇARA DRIVE-IN;0;;26591;26593;MACEIÓ;AL;ASSOCIAÇÃO CULTURAL ARTE PAJUÇARA - ACAP;19.442.911/0001-05
14/08/2020;14/08/2020 18:45:00;HOW TO TRAIN YOUR DRAGON: THE HIDDEN WORLD;COMO TREINAR O SEU DRAGÃO 3;E1800532200000;DUBLADO;NÃO;ESTADOS UNIDOS;5006620;CINEMAIS MONTES CLAROS DRIVE IN;3;6000017;2892;23844;MONTES CLAROS;MG;CINEMAIS CINEMAS LTDA;03.868.869/0001-40
14/08/2020;14/08/2020 18:45:00;THE DEVIL'S DOORWAY;A MALDIÇÃO DA FREIRA;E1900033300000;DUBLADO;NÃO;REINO UNIDO;5006579;CINESYSTEM BRÁS DRIVE-IN;4;6000027;22546;34941;SÃO PAULO;SP;REDECINE BRA CINEMATOGRÁFICA S.A.;15.422.993/0001-67
14/08/2020;14/08/2020 18:45:00;THE DEVIL'S DOORWAY;A MALDIÇÃO DA FREIRA;E1900033300000;DUBLADO;NÃO;REINO UNIDO;5006580;CINESYSTEM MORUMBI TOWN DRIVE-IN;19;6000027;22546;34941;SÃO PAULO;SP;REDECINE BRA CINEMATOGRÁFICA S.A.;15.422.993/0001-67
14/08/2020;14/08/2020 18:50:00;BEAUTY AND THE BEAST;A BELA E A FERA;E1600795300000;DUBLADO;NÃO;ESTADOS UNIDOS;5006602;TOPAZIO POLO SHOPPING DRIVE IN;39;6000057;2968;19182;INDAIATUBA;SP;LUI CINEMATOGRÁFICA LTDA.;71.912.711/0001-80
14/08/2020;14/08/2020 18:50:00;COCO;VIVA - A VIDA É UMA FESTA;E1700453400000;DUBLADO;NÃO;ESTADOS UNIDOS;5006570;TOP CINEPLEX PAULÍNIA - DRIVE-IN;8;6000056;19398;19399;PAULÍNIA;SP;DIAS CINEMATOGRÁFICA LTDA-EPP;12.128.142/0001-18
14/08/2020;14/08/2020 19:00:00;BLOODSHOT;BLOODSHOT;E1900579400000;DUBLADO;NÃO;ESTADOS UNIDOS;5004880;CIRCUITO CINEMAS PBAS- SALA 02;0;6000028;15568;27873;PARAUAPEBAS;PA;CIRCUITO ENTRETENIMENTO E CINEMAS LTDA;08.068.712/0001-54
14/08/2020;14/08/2020 19:00:00;TEEN TITANS GO! TO THE MOVIES;JOVENS TITÃS EM AÇÃO! NOS CINEMAS;E1800215000000;DUBLADO;NÃO;ESTADOS UNIDOS;5006616;CINEMAIS LORENA DRIVE IN;5;6000017;2892;31517;LORENA;SP;CINEMAIS CINEMAS LTDA;03.868.869/0001-40
14/08/2020;14/08/2020 19:00:00;THE LION KING;O REI LEÃO;E1900267700000;DUBLADO;NÃO;ESTADOS UNIDOS;5006606;CINE CAVALIERE ORLANDI DRIVE IN;4;;15009;15010;SOCORRO;SP;ORLANDI MARCHESE LTDA - ME;03.091.068/0001-11
14/08/2020;14/08/2020 19:00:00;WONDER PARK;O PARQUE DOS SONHOS;E1900025300000;DUBLADO;NÃO;ESTADOS UNIDOS;5003450;CASTRO 1;2;6000023;12893;21049;CASTRO;PR;ESTILO PRODUÇÕES ARTISTICAS LTDA;03.293.165/0001-97
14/08/2020;14/08/2020 19:30:00;JUMANJI: NEXT LEVEL;JUMANJI: PROXIMA FASE;E1900458100000;DUBLADO;NÃO;ESTADOS UNIDOS;5002722;SALA CINE PLAYARTE MANAUARA 07;19;6000049;260;16356;MANAUS;AM;PLAYARTE CINEMAS LTDA.;60.434.149/0001-00
14/08/2020;14/08/2020 19:30:00;THE JUNGLE BOOK;MOGLI O MENINO LOBO;E1900045200000;DUBLADO;NÃO;ESTADOS UNIDOS;5006551;CENTERPLEX LAPA DRIVE-IN - CINE CTN;7;6000006;2836;2842;SÃO PAULO;SP;EMPRESA SAO LUIZ DE CINEMAS LTDA - EM RECUPERACAO JUDICIAL;52.067.071/0001-05
14/08/2020;14/08/2020 19:50:00;THE INVISIBLE MAN;O HOMEM INVISÍVEL;E1900438600000;DUBLADO;NÃO;AUSTRÁLIA;5002726;SALA CINE PLAYARTE MANAUARA 06;19;6000049;260;16356;MANAUS;AM;PLAYARTE CINEMAS LTDA.;60.434.149/0001-00
14/08/2020;14/08/2020 20:00:00;A STAR IS BORN;NASCE UMA ESTRELA;E1800303500000;DUBLADO;NÃO;ESTADOS UNIDOS;5006572;CINE 14 BIS DRIVE-IN;9;;5822;6623;GUAXUPÉ;MG;GUAXUPE PROMOCOES E EVENTOS LTDA;03.929.354/0001-03
14/08/2020;14/08/2020 20:00:00;A STAR IS BORN;NASCE UMA ESTRELA;E1800303500000;ORIGINAL;SIM;ESTADOS UNIDOS;5006600;DRIVE - GYN ESTAÇÃO DA MODA;1;6000039;45898;46149;GOIÂNIA;GO;DRIVE-GYN ENTRETENIMENTO LTDA;37.109.882/0001-38
14/08/2020;14/08/2020 20:00:00;DOLITTLE;DOLITTLE;E1900437900000;DUBLADO;NÃO;ESTADOS UNIDOS;5006561;CINEART CACOAL SHOPPING SALA DRIVE-IN;3;;19535;37071;CACOAL;RO;CINE ART LTDA ME;07.083.456/0001-01
14/08/2020;14/08/2020 20:00:00;MINHA MÃE É UMA PEÇA 3;;B1900576900000;ORIGINAL;NÃO;BRASIL;5003451;CASTRO 2;4;6000023;12893;21049;CASTRO;PR;ESTILO PRODUÇÕES ARTISTICAS LTDA;03.293.165/0001-97
14/08/2020;14/08/2020 20:00:00;POKEMON DETECTIVE PIKACHU;POKÉMON DETETIVE PIKACHU;E1900062700000;DUBLADO;NÃO;ESTADOS UNIDOS;5002102;CINE DRIVEIN;96;;5465;6715;BRASÍLIA;DF;STARK'S CINEMA E LANCHONETE LTDA.;32.917.296/0001-04
14/08/2020;14/08/2020 20:10:00;OS ESPETACULARES;;B2000163800000;ORIGINAL;NÃO;BRASIL;5002727;SALA CINE PLAYARTE MANAUARA 04;1;6000049;260;16356;MANAUS;AM;PLAYARTE CINEMAS LTDA.;60.434.149/0001-00
14/08/2020;14/08/2020 20:15:00;MINHA MÃE É UMA PEÇA 3;;B1900576900000;ORIGINAL;NÃO;BRASIL;5006605;MULTICINE MOSSORÓ DRIVE IN;11;6000045;5935;17881;MOSSORÓ;RN;MULTICINE CINEMAS LTDA;07.609.246/0001-04
14/08/2020;14/08/2020 20:20:00;QUEEN OF SPADES: THROUGH THE LOOKING GLASS;A MALDIÇÃO DO ESPELHO;E1900574500000;DUBLADO;NÃO;RÚSSIA;5005931;MOBI CINE AÇAILÂNDIA SALA 03;2;6000040;38236;38237;AÇAILÂNDIA;MA;C A V LEMOS E CIA LTDA - ME;14.717.191/0001-11
14/08/2020;14/08/2020 20:25:00;HAPPY DEATH DAY 2U;A MORTE TE DÁ PARABÉNS 2;E1900046400000;DUBLADO;NÃO;ESTADOS UNIDOS;5006571;CINESYSTEM AMÉRICAS DRIVE-IN;31;6000027;5348;28834;RIO DE JANEIRO;RJ;REDECINE - RIO CINEMATOGRAFICA S.A.;07.524.011/0001-10
14/08/2020;14/08/2020 20:25:00;HAPPY DEATH DAY 2U;A MORTE TE DÁ PARABÉNS 2;E1900046400000;DUBLADO;NÃO;ESTADOS UNIDOS;5006579;CINESYSTEM BRÁS DRIVE-IN;9;6000027;22546;34941;SÃO PAULO;SP;REDECINE BRA CINEMATOGRÁFICA S.A.;15.422.993/0001-67
14/08/2020;14/08/2020 20:25:00;HAPPY DEATH DAY 2U;A MORTE TE DÁ PARABÉNS 2;E1900046400000;DUBLADO;NÃO;ESTADOS UNIDOS;5006558;CINESYSTEM IGUATEMI FLN DRIVE-IN;3;6000027;22546;41695;FLORIANÓPOLIS;SC;REDECINE BRA CINEMATOGRÁFICA S.A.;15.422.993/0001-67
14/08/2020;14/08/2020 20:25:00;HAPPY DEATH DAY 2U;A MORTE TE DÁ PARABÉNS 2;E1900046400000;ORIGINAL;SIM;ESTADOS UNIDOS;5006580;CINESYSTEM MORUMBI TOWN DRIVE-IN;31;6000027;22546;34941;SÃO PAULO;SP;REDECINE BRA CINEMATOGRÁFICA S.A.;15.422.993/0001-67
14/08/2020;14/08/2020 20:25:00;THE NUN;A FREIRA;E1800306100000;DUBLADO;NÃO;ESTADOS UNIDOS;5006610;CINESYSTEM DRIVE-IN AEROPORTO VITÓRIA;13;6000027;22546;46257;VITÓRIA;ES;REDECINE BRA CINEMATOGRÁFICA S.A.;15.422.993/0001-67
14/08/2020;14/08/2020 20:30:00;BABY DRIVER;EM RITMO DE FUGA;E1500757900000;ORIGINAL;SIM;ESTADOS UNIDOS;5006618;DRIVE - GYN SERRA DOURADA 02;3;6000039;45898;46312;GOIÂNIA;GO;DRIVE-GYN ENTRETENIMENTO LTDA;37.109.882/0001-38
14/08/2020;14/08/2020 20:30:00;BLOODSHOT;BLOODSHOT;E1900579400000;DUBLADO;NÃO;ESTADOS UNIDOS;5002721;SALA CINE PLAYARTE MANAUARA 01;26;6000049;260;16356;MANAUS;AM;PLAYARTE CINEMAS LTDA.;60.434.149/0001-00
14/08/2020;14/08/2020 20:30:00;Mostras e Festivais;;G0000000000004;ORIGINAL;NÃO;;5006578;CINE ARTE PAJUÇARA DRIVE-IN;1;;26591;26593;MACEIÓ;AL;ASSOCIAÇÃO CULTURAL ARTE PAJUÇARA - ACAP;19.442.911/0001-05
14/08/2020;14/08/2020 20:30:00;Mostras e Festivais;;G0000000000004;ORIGINAL;SIM;;5006619;DRIVE - GYN SERRA DOURADA 03;5;6000039;45898;46312;GOIÂNIA;GO;DRIVE-GYN ENTRETENIMENTO LTDA;37.109.882/0001-38
14/08/2020;14/08/2020 20:30:01;YESTERDAY;YESTERDAY;E1900265700000;ORIGINAL;SIM;REINO UNIDO;5006617;DRIVE - GYN SERRA DOURADA 01;11;6000039;45898;46312;GOIÂNIA;GO;DRIVE-GYN ENTRETENIMENTO LTDA;37.109.882/0001-38
14/08/2020;14/08/2020 20:40:00;BIRDS OF PREY (AND THE FANTABULOUS EMANCIPATION OF ONE HARLEY QUINN);AVES DE RAPINA (ARLEQUINA E SUA EMANCIPAÇÃO FANTABULOSA);E1900628800000;DUBLADO;NÃO;ESTADOS UNIDOS;5004881;CIRCUITO CINEMAS PBAS- SALA 03;0;6000028;15568;27873;PARAUAPEBAS;PA;CIRCUITO ENTRETENIMENTO E CINEMAS LTDA;08.068.712/0001-54
14/08/2020;14/08/2020 20:40:00;CAPTAIN MARVEL;CAPITÃ MARVEL;E1900011200000;DUBLADO;NÃO;ESTADOS UNIDOS;5006567;CINESHOW TUBARÃO DRIVE-IN;1;6000025;33770;33771;TUBARÃO;SC;TUBARÃO FILMES LTDA;24.971.903/0001-88
14/08/2020;14/08/2020 20:50:00;GRETEL & HANSEL (2020);MARIA E JOÃO - O CONTO DAS BRUXAS;E1900467000000;DUBLADO;NÃO;ESTADOS UNIDOS;5002723;SALA CINE PLAYARTE MANAUARA 03;13;6000049;260;16356;MANAUS;AM;PLAYARTE CINEMAS LTDA.;60.434.149/0001-00
14/08/2020;14/08/2020 20:50:00;JOKER;CORINGA;E1900357300000;DUBLADO;NÃO;CANADÁ;5006616;CINEMAIS LORENA DRIVE IN;5;6000017;2892;31517;LORENA;SP;CINEMAIS CINEMAS LTDA;03.868.869/0001-40
14/08/2020;14/08/2020 21:00:00;ANNABELLE COMES HOME;ANNABELLE 3: DE VOLTA PARA CASA;E1900234800000;ORIGINAL;SIM;ESTADOS UNIDOS;5006562;CINE QUINZE DRIVE-IN;3;6000012;15558;39450;GUARAPUAVA;PR;CINE QUINZE CINEMAS LTDA;04.752.934/0001-30
14/08/2020;14/08/2020 21:00:00;FORD V FERRARI;FORD VS FERRARI;E1900252200000;DUBLADO;NÃO;ESTADOS UNIDOS;5006585;CENTERPLEX CAMPO DE MARTE DRIVE-IN;30;6000006;36999;37000;SÃO PAULO;SP;CINE ELI SP CINEMAS LTDA;27.676.231/0001-76
14/08/2020;14/08/2020 21:00:00;MINHA MÃE É UMA PEÇA 3;;B1900576900000;ORIGINAL;NÃO;BRASIL;5004882;CIRCUITO CINEMAS PBAS- SALA 04;3;6000028;15568;27873;PARAUAPEBAS;PA;CIRCUITO ENTRETENIMENTO E CINEMAS LTDA;08.068.712/0001-54
14/08/2020;14/08/2020 21:00:01;JOKER;CORINGA;E1900357300000;DUBLADO;NÃO;CANADÁ;5006574;DRIVE IN CINEART ALPHAVILLE;31;6000013;437;45925;NOVA LIMA;MG;DELTA FILMES LTDA;01.735.159/0001-17
14/08/2020;14/08/2020 21:10:00;BIRDS OF PREY (AND THE FANTABULOUS EMANCIPATION OF ONE HARLEY QUINN);AVES DE RAPINA (ARLEQUINA E SUA EMANCIPAÇÃO FANTABULOSA);E1900628800000;DUBLADO;NÃO;ESTADOS UNIDOS;5006570;TOP CINEPLEX PAULÍNIA - DRIVE-IN;3;6000056;19398;19399;PAULÍNIA;SP;DIAS CINEMATOGRÁFICA LTDA-EPP;12.128.142/0001-18
14/08/2020;14/08/2020 21:10:00;MINHA MÃE É UMA PEÇA 3;;B1900576900000;ORIGINAL;NÃO;BRASIL;5006620;CINEMAIS MONTES CLAROS DRIVE IN;13;6000017;2892;23844;MONTES CLAROS;MG;CINEMAIS CINEMAS LTDA;03.868.869/0001-40
14/08/2020;14/08/2020 21:15:00;JOKER;CORINGA;E1900357300000;DUBLADO;NÃO;CANADÁ;5004879;CIRCUITO CINEMAS PBAS- SALA 01;2;6000028;15568;27873;PARAUAPEBAS;PA;CIRCUITO ENTRETENIMENTO E CINEMAS LTDA;08.068.712/0001-54
14/08/2020;14/08/2020 21:30:00;A STAR IS BORN;NASCE UMA ESTRELA;E1800303500000;ORIGINAL;SIM;ESTADOS UNIDOS;5006589;MOVIEMAX-PLANETA DRIVE IN;21;6000109;16398;26188;RECIFE;PE;P.M.C. CINEMAS DO BRASIL LTDA;04.488.617/0001-59
14/08/2020;14/08/2020 21:30:00;BLOODSHOT;BLOODSHOT;E1900579400000;DUBLADO;NÃO;ESTADOS UNIDOS;5004880;CIRCUITO CINEMAS PBAS- SALA 02;6;6000028;15568;27873;PARAUAPEBAS;PA;CIRCUITO ENTRETENIMENTO E CINEMAS LTDA;08.068.712/0001-54
14/08/2020;14/08/2020 21:30:00;MINHA MÃE É UMA PEÇA 3;;B1900576900000;DUBLADO;NÃO;BRASIL;5006606;CINE CAVALIERE ORLANDI DRIVE IN;5;;15009;15010;SOCORRO;SP;ORLANDI MARCHESE LTDA - ME;03.091.068/0001-11
14/08/2020;14/08/2020 21:30:00;THE INVISIBLE MAN;O HOMEM INVISÍVEL;E1900438600000;ORIGINAL;SIM;AUSTRÁLIA;5006554;CINEPLUS XAXIM DRIVE-IN - PLANETA DRIVE-IN;31;6000023;15673;15674;CURITIBA;PR;VITOMAQ PRODUÇÕES ARTISTICAS E CINEMA LTDA - ME;07.617.254/0001-00
14/08/2020;14/08/2020 21:40:00;MINHA MÃE É UMA PEÇA 3;;B1900576900000;ORIGINAL;NÃO;BRASIL;5006602;TOPAZIO POLO SHOPPING DRIVE IN;53;6000057;2968;19182;INDAIATUBA;SP;LUI CINEMATOGRÁFICA LTDA.;71.912.711/0001-80
14/08/2020;14/08/2020 22:00:00;CARCEREIROS - O FILMES;;B1900511300000;ORIGINAL;NÃO;BRASIL;5002102;CINE DRIVEIN;96;;5465;6715;BRASÍLIA;DF;STARK'S CINEMA E LANCHONETE LTDA.;32.917.296/0001-04
14/08/2020;14/08/2020 22:00:00;JOKER;CORINGA;E1900357300000;ORIGINAL;SIM;CANADÁ;5006621;CINEPLUS PLANETA DRIVE IN PINHAIS;34;6000023;15673;46339;PINHAIS;PR;VITOMAQ PRODUÇÕES ARTISTICAS E CINEMA LTDA - ME;07.617.254/0001-00
14/08/2020;14/08/2020 22:00:01;GREASE;GREASE - NOS TEMPOS DA BRILHANTINA;E1402644200000;DUBLADO;NÃO;ESTADOS UNIDOS;5006551;CENTERPLEX LAPA DRIVE-IN - CINE CTN;0;6000006;2836;2842;SÃO PAULO;SP;EMPRESA SAO LUIZ DE CINEMAS LTDA - EM RECUPERACAO JUDICIAL;52.067.071/0001-05
14/08/2020;14/08/2020 22:10:01;BLAIR WITCH;BRUXA DE BLAIR;E1600500700000;DUBLADO;NÃO;ESTADOS UNIDOS;5006590;SUPER DRIVE IN;10;6000006;2872;46068;SÃO BERNARDO DO CAMPO;SP;EMPRESA CENTERPLEX DE CINEMAS LTDA;00.812.310/0001-00
14/08/2020;14/08/2020 22:30:00;A QUIET PLACE;UM LUGAR SILENCIOSO;E1800074200000;DUBLADO;NÃO;ESTADOS UNIDOS;5006605;MULTICINE MOSSORÓ DRIVE IN;4;6000045;5935;17881;MOSSORÓ;RN;MULTICINE CINEMAS LTDA;07.609.246/0001-04
14/08/2020;14/08/2020 22:30:00;ANNABELLE COMES HOME;ANNABELLE 3: DE VOLTA PARA CASA;E1900234800000;DUBLADO;NÃO;ESTADOS UNIDOS;5006571;CINESYSTEM AMÉRICAS DRIVE-IN;26;6000027;5348;28834;RIO DE JANEIRO;RJ;REDECINE - RIO CINEMATOGRAFICA S.A.;07.524.011/0001-10
14/08/2020;14/08/2020 22:30:00;ANNABELLE COMES HOME;ANNABELLE 3: DE VOLTA PARA CASA;E1900234800000;DUBLADO;NÃO;ESTADOS UNIDOS;5006579;CINESYSTEM BRÁS DRIVE-IN;13;6000027;22546;34941;SÃO PAULO;SP;REDECINE BRA CINEMATOGRÁFICA S.A.;15.422.993/0001-67
14/08/2020;14/08/2020 22:30:00;ANNABELLE COMES HOME;ANNABELLE 3: DE VOLTA PARA CASA;E1900234800000;ORIGINAL;SIM;ESTADOS UNIDOS;5006610;CINESYSTEM DRIVE-IN AEROPORTO VITÓRIA;7;6000027;22546;46257;VITÓRIA;ES;REDECINE BRA CINEMATOGRÁFICA S.A.;15.422.993/0001-67
14/08/2020;14/08/2020 22:30:00;JIGSAW;JOGOS MORTAIS: JIGSAW;E1700451200000;ORIGINAL;SIM;CANADÁ;5006580;CINESYSTEM MORUMBI TOWN DRIVE-IN;34;6000027;22546;34941;SÃO PAULO;SP;REDECINE BRA CINEMATOGRÁFICA S.A.;15.422.993/0001-67
14/08/2020;14/08/2020 22:30:00;THE CURSE OF LA LLORONA;A MALDIÇÃO DA CHORONA;E1800606100000;ORIGINAL;SIM;ESTADOS UNIDOS;5006558;CINESYSTEM IGUATEMI FLN DRIVE-IN;2;6000027;22546;41695;FLORIANÓPOLIS;SC;REDECINE BRA CINEMATOGRÁFICA S.A.;15.422.993/0001-67
14/08/2020;14/08/2020 22:30:00;THE NUN;A FREIRA;E1800306100000;DUBLADO;NÃO;ESTADOS UNIDOS;5006622;SUPER CINE ESPAÇO DAS AMÉRICAS DRIVE IN;15;6000006;2836;46340;SÃO PAULO;SP;EMPRESA SAO LUIZ DE CINEMAS LTDA - EM RECUPERACAO JUDICIAL;52.067.071/0001-05
14/08/2020;14/08/2020 22:40:00;OVERLORD;OPERAÇÃO OVERLORD;E1800381200000;DUBLADO;NÃO;ESTADOS UNIDOS;5006600;DRIVE - GYN ESTAÇÃO DA MODA;0;6000039;45898;46149;GOIÂNIA;GO;DRIVE-GYN ENTRETENIMENTO LTDA;37.109.882/0001-38
14/08/2020;14/08/2020 22:45:00;A STAR IS BORN;NASCE UMA ESTRELA;E1800303500000;ORIGINAL;SIM;ESTADOS UNIDOS;5006618;DRIVE - GYN SERRA DOURADA 02;3;6000039;45898;46312;GOIÂNIA;GO;DRIVE-GYN ENTRETENIMENTO LTDA;37.109.882/0001-38
14/08/2020;14/08/2020 22:45:00;JACK REACHER: NEVER GO BACK;JACK RACHER: SEM RETORNO;E1600733400000;ORIGINAL;SIM;ESTADOS UNIDOS;5006617;DRIVE - GYN SERRA DOURADA 01;6;6000039;45898;46312;GOIÂNIA;GO;DRIVE-GYN ENTRETENIMENTO LTDA;37.109.882/0001-38
14/08/2020;14/08/2020 22:50:00;JOHN WICK 3: PARABELLUM;JOHN WICK 3: PARABELLUM;E1900126300000;DUBLADO;NÃO;ESTADOS UNIDOS;5006591;DRIVE IN SHOPPING VILLA LOBOS;10;6000006;2872;46069;SÃO PAULO;SP;EMPRESA CENTERPLEX DE CINEMAS LTDA;00.812.310/0001-00
14/08/2020;14/08/2020 23:20:00;THE NUN;A FREIRA;E1800306100000;DUBLADO;NÃO;ESTADOS UNIDOS;5006567;CINESHOW TUBARÃO DRIVE-IN;2;6000025;33770;33771;TUBARÃO;SC;TUBARÃO FILMES LTDA;24.971.903/0001-88
