DATA_EXIBICAO;SESSAO;TITULO_ORIGINAL;TITULO_BRASIL;CPB_ROE;AUDIO;LEGENDADA;PAIS_OBRA;REGISTRO_SALA;NOME_SALA;PUBLICO;REGISTRO_GRUPO_EXIBIDOR;REGISTRO_EXIBIDOR;REGISTRO_COMPLEXO;MUNICIPIO_SALA_COMPLEXO;UF_SALA_COMPLEXO;RAZAO_SOCIAL_EXIBIDORA;CNPJ_EXIBIDORA
29/06/2016;29/06/2016 09:00:00;ALICE THROUGH THE LOOKING GLASS;ALICE ATRAVÉS DO ESPELHO;E1600259100000;DUBLADO;NÃO;ESTADOS UNIDOS;5001486;MOVIECOM MAXI 2;0;6000100;2912;2913;JUNDIAÍ;SP;MAXI CINEMATOGRÁFICA LTDA;05.279.756/0001-35
29/06/2016;29/06/2016 12:50:00;TEENAGE MUTANT NINJA TURTLES: OUT OF THE SHADOWS;AS TARTARUGAS NINJA: FORA DAS SOMBRAS;E1600265600000;DUBLADO;NÃO;ESTADOS UNIDOS;5003424;CINEMARK SHOPPING RAPOSO TAVARES 06;12;6000018;1843;20591;SÃO PAULO;SP;CINEMARK BRASIL S.A;00.779.721/0001-41
29/06/2016;29/06/2016 13:00:00;INDEPENDENCE DAY RESURGENCE;INDEPENDENCE DAY- O RESSURGIMENTO;E1600182600000;DUBLADO;NÃO;ESTADOS UNIDOS;5003419;CINEMARK SHOPPING RAPOSO TAVARES 01;8;6000018;1843;20591;SÃO PAULO;SP;CINEMARK BRASIL S.A;00.779.721/0001-41
29/06/2016;29/06/2016 13:10:00;MAIS FORTE QUE O MUNDO - A HISTÓRIA DE JOSÉ ALDO;;B1600294500000;ORIGINAL;NÃO;BRASIL;5003422;CINEMARK SHOPPING RAPOSO TAVARES 04;5;6000018;1843;20591;SÃO PAULO;SP;CINEMARK BRASIL S.A;00.779.721/0001-41
29/06/2016;29/06/2016 13:20:00;INDEPENDENCE DAY RESURGENCE;INDEPENDENCE DAY- O RESSURGIMENTO;E1600182600000;DUBLADO;NÃO;ESTADOS UNIDOS;5004488;ARAPIRACA BRA 06;11;6000027;22546;26037;ARAPIRACA;AL;REDECINE BRA CINEMATOGRÁFICA S.A.;15.422.993/0001-67
29/06/2016;29/06/2016 13:20:00;MAIS FORTE QUE O MUNDO - A HISTÓRIA DE JOSÉ ALDO;;B1600294500000;DUBLADO;NÃO;BRASIL;5004997;CINESYSTEM AMERICAS 01;0;6000027;5348;28834;RIO DE JANEIRO;RJ;REDECINE - RIO CINEMATOGRAFICA S.A.;07.524.011/0001-10
29/06/2016;29/06/2016 13:20:00;TEENAGE MUTANT NINJA TURTLES: OUT OF THE SHADOWS;AS TARTARUGAS NINJA: FORA DAS SOMBRAS;E1600265600000;DUBLADO;NÃO;ESTADOS UNIDOS;5002603;CINEMAS BENFICA - SALA 1;42;;15690;15691;FORTALEZA;CE;CINEMAS BENFICA LTDA;07.509.597/0001-43
29/06/2016;29/06/2016 13:25:00;NOW YOU SEE ME: THE SECOND ACT;TRUQUE DE MESTRE 2;E1500269900000;DUBLADO;NÃO;ESTADOS UNIDOS;5004484;ARAPIRACA BRA 02;22;6000027;22546;26037;ARAPIRACA;AL;REDECINE BRA CINEMATOGRÁFICA S.A.;15.422.993/0001-67
29/06/2016;29/06/2016 13:25:00;TEENAGE MUTANT NINJA TURTLES: OUT OF THE SHADOWS;AS TARTARUGAS NINJA: FORA DAS SOMBRAS;E1600265600000;DUBLADO;NÃO;ESTADOS UNIDOS;5004999;CINESYSTEM AMERICAS 03;0;6000027;5348;28834;RIO DE JANEIRO;RJ;REDECINE - RIO CINEMATOGRAFICA S.A.;07.524.011/0001-10
29/06/2016;29/06/2016 13:25:00;THE CONJURING 2;INVOCAÇÃO DO MAL 2;E1600342300000;DUBLADO;NÃO;ESTADOS UNIDOS;5005572;CINESYSTEM PAULISTA SALA 01;4;6000027;22546;33152;PAULISTA;PE;REDECINE BRA CINEMATOGRÁFICA S.A.;15.422.993/0001-67
29/06/2016;29/06/2016 13:30:00;NOW YOU SEE ME 2;TRUQUE DE MESTRE: O 2º ATO;E1700176500000;ORIGINAL;SIM;CANADÁ;5005003;CINESYSTEM AMERICAS 07;9;6000027;5348;28834;RIO DE JANEIRO;RJ;REDECINE - RIO CINEMATOGRAFICA S.A.;07.524.011/0001-10
29/06/2016;29/06/2016 13:30:00;THE CONJURING 2;INVOCAÇÃO DO MAL 2;E1600342300000;DUBLADO;NÃO;ESTADOS UNIDOS;5004485;ARAPIRACA BRA 03;9;6000027;22546;26037;ARAPIRACA;AL;REDECINE BRA CINEMATOGRÁFICA S.A.;15.422.993/0001-67
29/06/2016;29/06/2016 13:40:00;INDEPENDENCE DAY RESURGENCE;INDEPENDENCE DAY- O RESSURGIMENTO;E1600182600000;DUBLADO;NÃO;ESTADOS UNIDOS;5003423;CINEMARK SHOPPING RAPOSO TAVARES 05;14;6000018;1843;20591;SÃO PAULO;SP;CINEMARK BRASIL S.A;00.779.721/0001-41
29/06/2016;29/06/2016 13:40:00;ME BEFORE YOU;COMO EU ERA ANTES DE VOCÊ;E1500875700000;ORIGINAL;SIM;ESTADOS UNIDOS;5004998;CINESYSTEM AMERICAS 02;13;6000027;5348;28834;RIO DE JANEIRO;RJ;REDECINE - RIO CINEMATOGRAFICA S.A.;07.524.011/0001-10
29/06/2016;29/06/2016 13:40:00;TEENAGE MUTANT NINJA TURTLES: OUT OF THE SHADOWS;AS TARTARUGAS NINJA: FORA DAS SOMBRAS;E1600265600000;DUBLADO;NÃO;ESTADOS UNIDOS;5004487;ARAPIRACA BRA 05;47;6000027;22546;26037;ARAPIRACA;AL;REDECINE BRA CINEMATOGRÁFICA S.A.;15.422.993/0001-67
29/06/2016;29/06/2016 13:45:00;THE CONJURING 2;INVOCAÇÃO DO MAL 2;E1600342300000;DUBLADO;NÃO;ESTADOS UNIDOS;5005000;CINESYSTEM AMERICAS 04;4;6000027;5348;28834;RIO DE JANEIRO;RJ;REDECINE - RIO CINEMATOGRAFICA S.A.;07.524.011/0001-10
29/06/2016;29/06/2016 13:50:00;ALICE THROUGH THE LOOKING GLASS;ALICE ATRAVÉS DO ESPELHO;E1600259100000;DUBLADO;NÃO;ESTADOS UNIDOS;5001626;CINESYSTEM SHOPPING TOTAL SALA 03;14;6000027;2375;6658;CURITIBA;PR;REDECINE CWB CINEMATOGRÁFICA LTDA;05.747.411/0001-69
29/06/2016;29/06/2016 13:50:00;MAIS FORTE QUE O MUNDO - A HISTÓRIA DE JOSÉ ALDO;;B1600294500000;DUBLADO;NÃO;BRASIL;5005001;CINESYSTEM AMERICAS 05;8;6000027;5348;28834;RIO DE JANEIRO;RJ;REDECINE - RIO CINEMATOGRAFICA S.A.;07.524.011/0001-10
29/06/2016;29/06/2016 13:50:00;ME BEFORE YOU;COMO EU ERA ANTES DE VOCÊ;E1500875700000;DUBLADO;NÃO;ESTADOS UNIDOS;5005576;CINESYSTEM PAULISTA SALA 06;19;6000027;22546;33152;PAULISTA;PE;REDECINE BRA CINEMATOGRÁFICA S.A.;15.422.993/0001-67
29/06/2016;29/06/2016 13:50:00;NOW YOU SEE ME: THE SECOND ACT;TRUQUE DE MESTRE 2;E1500269900000;ORIGINAL;SIM;ESTADOS UNIDOS;5002781;ILHA PLAZA 01;11;6000027;5348;16645;RIO DE JANEIRO;RJ;REDECINE - RIO CINEMATOGRAFICA S.A.;07.524.011/0001-10
29/06/2016;29/06/2016 14:00:00;INDEPENDENCE DAY RESURGENCE;INDEPENDENCE DAY- O RESSURGIMENTO;E1600182600000;DUBLADO;NÃO;ESTADOS UNIDOS;5002062;AGUA VERDE 1;8;6000023;12893;12894;CURITIBA;PR;ESTILO PRODUÇÕES ARTISTICAS LTDA;03.293.165/0001-97
29/06/2016;29/06/2016 14:00:00;ME BEFORE YOU;COMO EU ERA ANTES DE VOCÊ;E1500875700000;DUBLADO;NÃO;ESTADOS UNIDOS;5003421;CINEMARK SHOPPING RAPOSO TAVARES 03;74;6000018;1843;20591;SÃO PAULO;SP;CINEMARK BRASIL S.A;00.779.721/0001-41
29/06/2016;29/06/2016 14:00:00;ME BEFORE YOU;COMO EU ERA ANTES DE VOCÊ;E1500875700000;DUBLADO;NÃO;ESTADOS UNIDOS;5001627;CINESYSTEM SHOPPING TOTAL SALA 04;13;6000027;2375;6658;CURITIBA;PR;REDECINE CWB CINEMATOGRÁFICA LTDA;05.747.411/0001-69
29/06/2016;29/06/2016 14:10:00;INDEPENDENCE DAY RESURGENCE;INDEPENDENCE DAY- O RESSURGIMENTO;E1600182600000;DUBLADO;NÃO;ESTADOS UNIDOS;5004483;ARAPIRACA BRA 01;48;6000027;22546;26037;ARAPIRACA;AL;REDECINE BRA CINEMATOGRÁFICA S.A.;15.422.993/0001-67
29/06/2016;29/06/2016 14:10:00;ME BEFORE YOU;COMO EU ERA ANTES DE VOCÊ;E1500875700000;DUBLADO;NÃO;ESTADOS UNIDOS;5004486;ARAPIRACA BRA 04;67;6000027;22546;26037;ARAPIRACA;AL;REDECINE BRA CINEMATOGRÁFICA S.A.;15.422.993/0001-67
29/06/2016;29/06/2016 14:10:00;TEENAGE MUTANT NINJA TURTLES: OUT OF THE SHADOWS;AS TARTARUGAS NINJA: FORA DAS SOMBRAS;E1600265600000;DUBLADO;NÃO;ESTADOS UNIDOS;5001624;CINESYSTEM SHOPPING TOTAL SALA 01;10;6000027;2375;6658;CURITIBA;PR;REDECINE CWB CINEMATOGRÁFICA LTDA;05.747.411/0001-69
29/06/2016;29/06/2016 14:10:00;THE CONJURING 2;INVOCAÇÃO DO MAL 2;E1600342300000;DUBLADO;NÃO;ESTADOS UNIDOS;5003425;CINEMARK SHOPPING RAPOSO TAVARES 07;43;6000018;1843;20591;SÃO PAULO;SP;CINEMARK BRASIL S.A;00.779.721/0001-41
29/06/2016;29/06/2016 14:20:00;ALDO - MAIS FORTE QUE O MUNDO;;B1600785100000;DUBLADO;NÃO;BRASIL;5001628;CINESYSTEM SHOPPING TOTAL SALA 05;0;6000027;2375;6658;CURITIBA;PR;REDECINE CWB CINEMATOGRÁFICA LTDA;05.747.411/0001-69
29/06/2016;29/06/2016 14:20:00;INDEPENDENCE DAY RESURGENCE;INDEPENDENCE DAY- O RESSURGIMENTO;E1600182600000;ORIGINAL;SIM;ESTADOS UNIDOS;5005002;CINESYSTEM AMERICAS 06;13;6000027;5348;28834;RIO DE JANEIRO;RJ;REDECINE - RIO CINEMATOGRAFICA S.A.;07.524.011/0001-10
29/06/2016;29/06/2016 14:20:00;TEENAGE MUTANT NINJA TURTLES: OUT OF THE SHADOWS;AS TARTARUGAS NINJA: FORA DAS SOMBRAS;E1600265600000;DUBLADO;NÃO;ESTADOS UNIDOS;5002063;AGUA VERDE 2;3;6000023;12893;12894;CURITIBA;PR;ESTILO PRODUÇÕES ARTISTICAS LTDA;03.293.165/0001-97
29/06/2016;29/06/2016 14:30:00;INDEPENDENCE DAY RESURGENCE;INDEPENDENCE DAY- O RESSURGIMENTO;E1600182600000;DUBLADO;NÃO;ESTADOS UNIDOS;5003369;ARAÚJO MULTIPLEX VIA VERDE 02;24;6000002;3103;20363;RIO BRANCO;AC;EMPRESA CINEMATOGRÁFICA ARAÇATUBA LTDA;03.519.995/0001-90
29/06/2016;29/06/2016 14:30:00;INDEPENDENCE DAY RESURGENCE;INDEPENDENCE DAY- O RESSURGIMENTO;E1600182600000;DUBLADO;NÃO;ESTADOS UNIDOS;5001625;CINESYSTEM SHOPPING TOTAL SALA 02;4;6000027;2375;6658;CURITIBA;PR;REDECINE CWB CINEMATOGRÁFICA LTDA;05.747.411/0001-69
29/06/2016;29/06/2016 14:30:00;ME BEFORE YOU;COMO EU ERA ANTES DE VOCÊ;E1500875700000;DUBLADO;NÃO;ESTADOS UNIDOS;5003900;SALA 3;25;6000002;3136;24148;SOROCABA;SP;MSA EMPRESA CINEMATOGRÁFICA LTDA;03.608.600/0001-25
29/06/2016;29/06/2016 14:30:00;NOW YOU SEE ME: THE SECOND ACT;TRUQUE DE MESTRE 2;E1500269900000;DUBLADO;NÃO;ESTADOS UNIDOS;5003420;CINEMARK SHOPPING RAPOSO TAVARES 02;44;6000018;1843;20591;SÃO PAULO;SP;CINEMARK BRASIL S.A;00.779.721/0001-41
29/06/2016;29/06/2016 14:40:00;ME BEFORE YOU;COMO EU ERA ANTES DE VOCÊ;E1500875700000;DUBLADO;NÃO;ESTADOS UNIDOS;5003087;CINESPAÇO FLORIANÓPOLIS 1;46;6000018;1014;19103;FLORIANÓPOLIS;SC;CIRCUITO ESPAÇO DE CINEMA S/A;03.695.435/0001-96
29/06/2016;29/06/2016 15:00:00;INDEPENDENCE DAY RESURGENCE;INDEPENDENCE DAY- O RESSURGIMENTO;E1600182600000;DUBLADO;NÃO;ESTADOS UNIDOS;5003371;ARAÚJO MULTIPLEX VIA VERDE 04;10;6000002;3103;20363;RIO BRANCO;AC;EMPRESA CINEMATOGRÁFICA ARAÇATUBA LTDA;03.519.995/0001-90
29/06/2016;29/06/2016 15:20:01;O CASEIRO;;B1600227000000;ORIGINAL;NÃO;BRASIL;5001491;MOVIECOM MAXI 6;16;6000100;2912;2913;JUNDIAÍ;SP;MAXI CINEMATOGRÁFICA LTDA;05.279.756/0001-35
29/06/2016;29/06/2016 15:25:00;TEENAGE MUTANT NINJA TURTLES: OUT OF THE SHADOWS;AS TARTARUGAS NINJA: FORA DAS SOMBRAS;E1600265600000;DUBLADO;NÃO;ESTADOS UNIDOS;5003424;CINEMARK SHOPPING RAPOSO TAVARES 06;31;6000018;1843;20591;SÃO PAULO;SP;CINEMARK BRASIL S.A;00.779.721/0001-41
29/06/2016;29/06/2016 15:40:00;TEENAGE MUTANT NINJA TURTLES: OUT OF THE SHADOWS;AS TARTARUGAS NINJA: FORA DAS SOMBRAS;E1600265600000;DUBLADO;NÃO;ESTADOS UNIDOS;5002603;CINEMAS BENFICA - SALA 1;71;;15690;15691;FORTALEZA;CE;CINEMAS BENFICA LTDA;07.509.597/0001-43
29/06/2016;29/06/2016 15:50:00;INDEPENDENCE DAY RESURGENCE;INDEPENDENCE DAY- O RESSURGIMENTO;E1600182600000;DUBLADO;NÃO;ESTADOS UNIDOS;5004488;ARAPIRACA BRA 06;47;6000027;22546;26037;ARAPIRACA;AL;REDECINE BRA CINEMATOGRÁFICA S.A.;15.422.993/0001-67
29/06/2016;29/06/2016 15:50:00;INDEPENDENCE DAY RESURGENCE;INDEPENDENCE DAY- O RESSURGIMENTO;E1600182600000;DUBLADO;NÃO;ESTADOS UNIDOS;5003419;CINEMARK SHOPPING RAPOSO TAVARES 01;27;6000018;1843;20591;SÃO PAULO;SP;CINEMARK BRASIL S.A;00.779.721/0001-41
29/06/2016;29/06/2016 15:50:00;TEENAGE MUTANT NINJA TURTLES: OUT OF THE SHADOWS;AS TARTARUGAS NINJA: FORA DAS SOMBRAS;E1600265600000;DUBLADO;NÃO;ESTADOS UNIDOS;5004999;CINESYSTEM AMERICAS 03;20;6000027;5348;28834;RIO DE JANEIRO;RJ;REDECINE - RIO CINEMATOGRAFICA S.A.;07.524.011/0001-10
29/06/2016;29/06/2016 16:00:00;MAIS FORTE QUE O MUNDO - A HISTÓRIA DE JOSÉ ALDO;;B1600294500000;ORIGINAL;NÃO;BRASIL;5003422;CINEMARK SHOPPING RAPOSO TAVARES 04;9;6000018;1843;20591;SÃO PAULO;SP;CINEMARK BRASIL S.A;00.779.721/0001-41
29/06/2016;29/06/2016 16:00:00;MAIS FORTE QUE O MUNDO - A HISTÓRIA DE JOSÉ ALDO;;B1600294500000;DUBLADO;NÃO;BRASIL;5003899;SALA 2;7;6000002;3136;24148;SOROCABA;SP;MSA EMPRESA CINEMATOGRÁFICA LTDA;03.608.600/0001-25
29/06/2016;29/06/2016 16:00:00;ME BEFORE YOU;COMO EU ERA ANTES DE VOCÊ;E1500875700000;DUBLADO;NÃO;ESTADOS UNIDOS;5004997;CINESYSTEM AMERICAS 01;18;6000027;5348;28834;RIO DE JANEIRO;RJ;REDECINE - RIO CINEMATOGRAFICA S.A.;07.524.011/0001-10
29/06/2016;29/06/2016 16:05:00;ME BEFORE YOU;COMO EU ERA ANTES DE VOCÊ;E1500875700000;DUBLADO;NÃO;ESTADOS UNIDOS;5004484;ARAPIRACA BRA 02;27;6000027;22546;26037;ARAPIRACA;AL;REDECINE BRA CINEMATOGRÁFICA S.A.;15.422.993/0001-67
29/06/2016;29/06/2016 16:10:00;NOW YOU SEE ME 2;TRUQUE DE MESTRE: O 2º ATO;E1700176500000;ORIGINAL;SIM;CANADÁ;5005003;CINESYSTEM AMERICAS 07;20;6000027;5348;28834;RIO DE JANEIRO;RJ;REDECINE - RIO CINEMATOGRAFICA S.A.;07.524.011/0001-10
29/06/2016;29/06/2016 16:10:00;TEENAGE MUTANT NINJA TURTLES: OUT OF THE SHADOWS;AS TARTARUGAS NINJA: FORA DAS SOMBRAS;E1600265600000;DUBLADO;NÃO;ESTADOS UNIDOS;5004487;ARAPIRACA BRA 05;75;6000027;22546;26037;ARAPIRACA;AL;REDECINE BRA CINEMATOGRÁFICA S.A.;15.422.993/0001-67
29/06/2016;29/06/2016 16:10:00;THE CONJURING 2;INVOCAÇÃO DO MAL 2;E1600342300000;DUBLADO;NÃO;ESTADOS UNIDOS;5005572;CINESYSTEM PAULISTA SALA 01;66;6000027;22546;33152;PAULISTA;PE;REDECINE BRA CINEMATOGRÁFICA S.A.;15.422.993/0001-67
29/06/2016;29/06/2016 16:10:00;THE CONJURING 2;INVOCAÇÃO DO MAL 2;E1600342300000;DUBLADO;NÃO;ESTADOS UNIDOS;5001626;CINESYSTEM SHOPPING TOTAL SALA 03;13;6000027;2375;6658;CURITIBA;PR;REDECINE CWB CINEMATOGRÁFICA LTDA;05.747.411/0001-69
29/06/2016;29/06/2016 16:20:00;INDEPENDENCE DAY RESURGENCE;INDEPENDENCE DAY- O RESSURGIMENTO;E1600182600000;DUBLADO;NÃO;ESTADOS UNIDOS;5002062;AGUA VERDE 1;5;6000023;12893;12894;CURITIBA;PR;ESTILO PRODUÇÕES ARTISTICAS LTDA;03.293.165/0001-97
29/06/2016;29/06/2016 16:20:00;MAIS FORTE QUE O MUNDO - A HISTÓRIA DE JOSÉ ALDO;;B1600294500000;ORIGINAL;NÃO;BRASIL;5000921;MOVIECOM MAXI 1;13;6000100;2912;2913;JUNDIAÍ;SP;MAXI CINEMATOGRÁFICA LTDA;05.279.756/0001-35
29/06/2016;29/06/2016 16:20:00;ME BEFORE YOU;COMO EU ERA ANTES DE VOCÊ;E1500875700000;ORIGINAL;SIM;ESTADOS UNIDOS;5004998;CINESYSTEM AMERICAS 02;3;6000027;5348;28834;RIO DE JANEIRO;RJ;REDECINE - RIO CINEMATOGRAFICA S.A.;07.524.011/0001-10
29/06/2016;29/06/2016 16:20:00;ME BEFORE YOU;COMO EU ERA ANTES DE VOCÊ;E1500875700000;DUBLADO;NÃO;ESTADOS UNIDOS;5005576;CINESYSTEM PAULISTA SALA 06;36;6000027;22546;33152;PAULISTA;PE;REDECINE BRA CINEMATOGRÁFICA S.A.;15.422.993/0001-67
29/06/2016;29/06/2016 16:20:00;ME BEFORE YOU;COMO EU ERA ANTES DE VOCÊ;E1500875700000;DUBLADO;NÃO;ESTADOS UNIDOS;5001627;CINESYSTEM SHOPPING TOTAL SALA 04;30;6000027;2375;6658;CURITIBA;PR;REDECINE CWB CINEMATOGRÁFICA LTDA;05.747.411/0001-69
29/06/2016;29/06/2016 16:20:00;THE CONJURING 2;INVOCAÇÃO DO MAL 2;E1600342300000;DUBLADO;NÃO;ESTADOS UNIDOS;5004485;ARAPIRACA BRA 03;52;6000027;22546;26037;ARAPIRACA;AL;REDECINE BRA CINEMATOGRÁFICA S.A.;15.422.993/0001-67
29/06/2016;29/06/2016 16:20:00;THE CONJURING 2;INVOCAÇÃO DO MAL 2;E1600342300000;DUBLADO;NÃO;ESTADOS UNIDOS;5001486;MOVIECOM MAXI 2;90;6000100;2912;2913;JUNDIAÍ;SP;MAXI CINEMATOGRÁFICA LTDA;05.279.756/0001-35
29/06/2016;29/06/2016 16:25:00;MAIS FORTE QUE O MUNDO - A HISTÓRIA DE JOSÉ ALDO;;B1600294500000;DUBLADO;NÃO;BRASIL;5005001;CINESYSTEM AMERICAS 05;11;6000027;5348;28834;RIO DE JANEIRO;RJ;REDECINE - RIO CINEMATOGRAFICA S.A.;07.524.011/0001-10
29/06/2016;29/06/2016 16:30:00;ALICE THROUGH THE LOOKING GLASS;ALICE ATRAVÉS DO ESPELHO;E1600259100000;DUBLADO;NÃO;ESTADOS UNIDOS;5001493;MOVIECOM MAXI 7;119;6000100;2912;2913;JUNDIAÍ;SP;MAXI CINEMATOGRÁFICA LTDA;05.279.756/0001-35
29/06/2016;29/06/2016 16:30:00;INDEPENDENCE DAY RESURGENCE;INDEPENDENCE DAY- O RESSURGIMENTO;E1600182600000;DUBLADO;NÃO;ESTADOS UNIDOS;5003423;CINEMARK SHOPPING RAPOSO TAVARES 05;23;6000018;1843;20591;SÃO PAULO;SP;CINEMARK BRASIL S.A;00.779.721/0001-41
29/06/2016;29/06/2016 16:30:00;INDEPENDENCE DAY RESURGENCE;INDEPENDENCE DAY- O RESSURGIMENTO;E1600182600000;DUBLADO;NÃO;ESTADOS UNIDOS;5001624;CINESYSTEM SHOPPING TOTAL SALA 01;9;6000027;2375;6658;CURITIBA;PR;REDECINE CWB CINEMATOGRÁFICA LTDA;05.747.411/0001-69
29/06/2016;29/06/2016 16:30:00;ME BEFORE YOU;COMO EU ERA ANTES DE VOCÊ;E1500875700000;DUBLADO;NÃO;ESTADOS UNIDOS;5004486;ARAPIRACA BRA 04;59;6000027;22546;26037;ARAPIRACA;AL;REDECINE BRA CINEMATOGRÁFICA S.A.;15.422.993/0001-67
29/06/2016;29/06/2016 16:30:00;TEENAGE MUTANT NINJA TURTLES: OUT OF THE SHADOWS;AS TARTARUGAS NINJA: FORA DAS SOMBRAS;E1600265600000;DUBLADO;NÃO;ESTADOS UNIDOS;5002063;AGUA VERDE 2;2;6000023;12893;12894;CURITIBA;PR;ESTILO PRODUÇÕES ARTISTICAS LTDA;03.293.165/0001-97
29/06/2016;29/06/2016 16:30:00;THE CONJURING 2;INVOCAÇÃO DO MAL 2;E1600342300000;ORIGINAL;SIM;ESTADOS UNIDOS;5005000;CINESYSTEM AMERICAS 04;6;6000027;5348;28834;RIO DE JANEIRO;RJ;REDECINE - RIO CINEMATOGRAFICA S.A.;07.524.011/0001-10
29/06/2016;29/06/2016 16:40:00;INDEPENDENCE DAY RESURGENCE;INDEPENDENCE DAY- O RESSURGIMENTO;E1600182600000;DUBLADO;NÃO;ESTADOS UNIDOS;5004483;ARAPIRACA BRA 01;17;6000027;22546;26037;ARAPIRACA;AL;REDECINE BRA CINEMATOGRÁFICA S.A.;15.422.993/0001-67
29/06/2016;29/06/2016 16:40:00;INDEPENDENCE DAY RESURGENCE;INDEPENDENCE DAY- O RESSURGIMENTO;E1600182600000;DUBLADO;NÃO;ESTADOS UNIDOS;5001487;MOVIECOM MAXI 5;62;6000100;2912;2913;JUNDIAÍ;SP;MAXI CINEMATOGRÁFICA LTDA;05.279.756/0001-35
29/06/2016;29/06/2016 16:40:00;ME BEFORE YOU;COMO EU ERA ANTES DE VOCÊ;E1500875700000;DUBLADO;NÃO;ESTADOS UNIDOS;5003421;CINEMARK SHOPPING RAPOSO TAVARES 03;62;6000018;1843;20591;SÃO PAULO;SP;CINEMARK BRASIL S.A;00.779.721/0001-41
29/06/2016;29/06/2016 16:40:00;ME BEFORE YOU;COMO EU ERA ANTES DE VOCÊ;E1500875700000;DUBLADO;NÃO;ESTADOS UNIDOS;5002781;ILHA PLAZA 01;50;6000027;5348;16645;RIO DE JANEIRO;RJ;REDECINE - RIO CINEMATOGRAFICA S.A.;07.524.011/0001-10
29/06/2016;29/06/2016 16:45:00;INDEPENDENCE DAY RESURGENCE;INDEPENDENCE DAY- O RESSURGIMENTO;E1600182600000;DUBLADO;NÃO;ESTADOS UNIDOS;5003369;ARAÚJO MULTIPLEX VIA VERDE 02;30;6000002;3103;20363;RIO BRANCO;AC;EMPRESA CINEMATOGRÁFICA ARAÇATUBA LTDA;03.519.995/0001-90
29/06/2016;29/06/2016 16:45:00;ME BEFORE YOU;COMO EU ERA ANTES DE VOCÊ;E1500875700000;DUBLADO;NÃO;ESTADOS UNIDOS;5003900;SALA 3;33;6000002;3136;24148;SOROCABA;SP;MSA EMPRESA CINEMATOGRÁFICA LTDA;03.608.600/0001-25
29/06/2016;29/06/2016 16:45:00;TEENAGE MUTANT NINJA TURTLES: OUT OF THE SHADOWS;AS TARTARUGAS NINJA: FORA DAS SOMBRAS;E1600265600000;DUBLADO;NÃO;ESTADOS UNIDOS;5001484;MOVIECOM MAXI 4;30;6000100;2912;2913;JUNDIAÍ;SP;MAXI CINEMATOGRÁFICA LTDA;05.279.756/0001-35
29/06/2016;29/06/2016 16:50:00;ALDO - MAIS FORTE QUE O MUNDO;;B1600785100000;DUBLADO;NÃO;BRASIL;5001628;CINESYSTEM SHOPPING TOTAL SALA 05;2;6000027;2375;6658;CURITIBA;PR;REDECINE CWB CINEMATOGRÁFICA LTDA;05.747.411/0001-69
29/06/2016;29/06/2016 16:50:00;INDEPENDENCE DAY RESURGENCE;INDEPENDENCE DAY- O RESSURGIMENTO;E1600182600000;ORIGINAL;SIM;ESTADOS UNIDOS;5005002;CINESYSTEM AMERICAS 06;8;6000027;5348;28834;RIO DE JANEIRO;RJ;REDECINE - RIO CINEMATOGRAFICA S.A.;07.524.011/0001-10
29/06/2016;29/06/2016 17:00:00;INDEPENDENCE DAY RESURGENCE;INDEPENDENCE DAY- O RESSURGIMENTO;E1600182600000;ORIGINAL;SIM;ESTADOS UNIDOS;5001625;CINESYSTEM SHOPPING TOTAL SALA 02;0;6000027;2375;6658;CURITIBA;PR;REDECINE CWB CINEMATOGRÁFICA LTDA;05.747.411/0001-69
29/06/2016;29/06/2016 17:00:00;ME BEFORE YOU;COMO EU ERA ANTES DE VOCÊ;E1500875700000;ORIGINAL;SIM;ESTADOS UNIDOS;5003087;CINESPAÇO FLORIANÓPOLIS 1;87;6000018;1014;19103;FLORIANÓPOLIS;SC;CIRCUITO ESPAÇO DE CINEMA S/A;03.695.435/0001-96
29/06/2016;29/06/2016 17:00:00;ME BEFORE YOU;COMO EU ERA ANTES DE VOCÊ;E1500875700000;DUBLADO;NÃO;ESTADOS UNIDOS;5001482;MOVIECOM MAXI 3;159;6000100;2912;2913;JUNDIAÍ;SP;MAXI CINEMATOGRÁFICA LTDA;05.279.756/0001-35
29/06/2016;29/06/2016 17:10:00;THE CONJURING 2;INVOCAÇÃO DO MAL 2;E1600342300000;DUBLADO;NÃO;ESTADOS UNIDOS;5003425;CINEMARK SHOPPING RAPOSO TAVARES 07;52;6000018;1843;20591;SÃO PAULO;SP;CINEMARK BRASIL S.A;00.779.721/0001-41
29/06/2016;29/06/2016 17:15:00;INDEPENDENCE DAY RESURGENCE;INDEPENDENCE DAY- O RESSURGIMENTO;E1600182600000;DUBLADO;NÃO;ESTADOS UNIDOS;5003371;ARAÚJO MULTIPLEX VIA VERDE 04;26;6000002;3103;20363;RIO BRANCO;AC;EMPRESA CINEMATOGRÁFICA ARAÇATUBA LTDA;03.519.995/0001-90
29/06/2016;29/06/2016 17:15:00;NOW YOU SEE ME: THE SECOND ACT;TRUQUE DE MESTRE 2;E1500269900000;DUBLADO;NÃO;ESTADOS UNIDOS;5001491;MOVIECOM MAXI 6;77;6000100;2912;2913;JUNDIAÍ;SP;MAXI CINEMATOGRÁFICA LTDA;05.279.756/0001-35
29/06/2016;29/06/2016 17:30:00;NOW YOU SEE ME: THE SECOND ACT;TRUQUE DE MESTRE 2;E1500269900000;DUBLADO;NÃO;ESTADOS UNIDOS;5003420;CINEMARK SHOPPING RAPOSO TAVARES 02;32;6000018;1843;20591;SÃO PAULO;SP;CINEMARK BRASIL S.A;00.779.721/0001-41
29/06/2016;29/06/2016 17:55:00;TEENAGE MUTANT NINJA TURTLES: OUT OF THE SHADOWS;AS TARTARUGAS NINJA: FORA DAS SOMBRAS;E1600265600000;DUBLADO;NÃO;ESTADOS UNIDOS;5002603;CINEMAS BENFICA - SALA 1;67;;15690;15691;FORTALEZA;CE;CINEMAS BENFICA LTDA;07.509.597/0001-43
29/06/2016;29/06/2016 18:00:00;INDEPENDENCE DAY RESURGENCE;INDEPENDENCE DAY- O RESSURGIMENTO;E1600182600000;DUBLADO;NÃO;ESTADOS UNIDOS;5003424;CINEMARK SHOPPING RAPOSO TAVARES 06;19;6000018;1843;20591;SÃO PAULO;SP;CINEMARK BRASIL S.A;00.779.721/0001-41
29/06/2016;29/06/2016 18:15:00;INDEPENDENCE DAY RESURGENCE;INDEPENDENCE DAY- O RESSURGIMENTO;E1600182600000;DUBLADO;NÃO;ESTADOS UNIDOS;5004999;CINESYSTEM AMERICAS 03;19;6000027;5348;28834;RIO DE JANEIRO;RJ;REDECINE - RIO CINEMATOGRAFICA S.A.;07.524.011/0001-10
29/06/2016;29/06/2016 18:20:00;INDEPENDENCE DAY RESURGENCE;INDEPENDENCE DAY- O RESSURGIMENTO;E1600182600000;DUBLADO;NÃO;ESTADOS UNIDOS;5004488;ARAPIRACA BRA 06;21;6000027;22546;26037;ARAPIRACA;AL;REDECINE BRA CINEMATOGRÁFICA S.A.;15.422.993/0001-67
29/06/2016;29/06/2016 18:30:00;MAIS FORTE QUE O MUNDO - A HISTÓRIA DE JOSÉ ALDO;;B1600294500000;DUBLADO;NÃO;BRASIL;5003899;SALA 2;5;6000002;3136;24148;SOROCABA;SP;MSA EMPRESA CINEMATOGRÁFICA LTDA;03.608.600/0001-25
29/06/2016;29/06/2016 18:30:00;NOW YOU SEE ME: THE SECOND ACT;TRUQUE DE MESTRE 2;E1500269900000;DUBLADO;NÃO;ESTADOS UNIDOS;5004484;ARAPIRACA BRA 02;64;6000027;22546;26037;ARAPIRACA;AL;REDECINE BRA CINEMATOGRÁFICA S.A.;15.422.993/0001-67
29/06/2016;29/06/2016 18:30:00;TEENAGE MUTANT NINJA TURTLES: OUT OF THE SHADOWS;AS TARTARUGAS NINJA: FORA DAS SOMBRAS;E1600265600000;DUBLADO;NÃO;ESTADOS UNIDOS;5004997;CINESYSTEM AMERICAS 01;33;6000027;5348;28834;RIO DE JANEIRO;RJ;REDECINE - RIO CINEMATOGRAFICA S.A.;07.524.011/0001-10
29/06/2016;29/06/2016 18:40:00;ME BEFORE YOU;COMO EU ERA ANTES DE VOCÊ;E1500875700000;ORIGINAL;SIM;ESTADOS UNIDOS;5004998;CINESYSTEM AMERICAS 02;26;6000027;5348;28834;RIO DE JANEIRO;RJ;REDECINE - RIO CINEMATOGRAFICA S.A.;07.524.011/0001-10
29/06/2016;29/06/2016 18:40:00;ME BEFORE YOU;COMO EU ERA ANTES DE VOCÊ;E1500875700000;DUBLADO;NÃO;ESTADOS UNIDOS;5005576;CINESYSTEM PAULISTA SALA 06;26;6000027;22546;33152;PAULISTA;PE;REDECINE BRA CINEMATOGRÁFICA S.A.;15.422.993/0001-67
29/06/2016;29/06/2016 18:40:00;ME BEFORE YOU;COMO EU ERA ANTES DE VOCÊ;E1500875700000;DUBLADO;NÃO;ESTADOS UNIDOS;5001627;CINESYSTEM SHOPPING TOTAL SALA 04;34;6000027;2375;6658;CURITIBA;PR;REDECINE CWB CINEMATOGRÁFICA LTDA;05.747.411/0001-69
29/06/2016;29/06/2016 18:40:00;TEENAGE MUTANT NINJA TURTLES: OUT OF THE SHADOWS;AS TARTARUGAS NINJA: FORA DAS SOMBRAS;E1600265600000;DUBLADO;NÃO;ESTADOS UNIDOS;5002063;AGUA VERDE 2;10;6000023;12893;12894;CURITIBA;PR;ESTILO PRODUÇÕES ARTISTICAS LTDA;03.293.165/0001-97
29/06/2016;29/06/2016 18:40:00;TEENAGE MUTANT NINJA TURTLES: OUT OF THE SHADOWS;AS TARTARUGAS NINJA: FORA DAS SOMBRAS;E1600265600000;DUBLADO;NÃO;ESTADOS UNIDOS;5004487;ARAPIRACA BRA 05;79;6000027;22546;26037;ARAPIRACA;AL;REDECINE BRA CINEMATOGRÁFICA S.A.;15.422.993/0001-67
29/06/2016;29/06/2016 18:40:00;TEENAGE MUTANT NINJA TURTLES: OUT OF THE SHADOWS;AS TARTARUGAS NINJA: FORA DAS SOMBRAS;E1600265600000;DUBLADO;NÃO;ESTADOS UNIDOS;5003419;CINEMARK SHOPPING RAPOSO TAVARES 01;46;6000018;1843;20591;SÃO PAULO;SP;CINEMARK BRASIL S.A;00.779.721/0001-41
29/06/2016;29/06/2016 18:45:00;INDEPENDENCE DAY RESURGENCE;INDEPENDENCE DAY- O RESSURGIMENTO;E1600182600000;DUBLADO;NÃO;ESTADOS UNIDOS;5002062;AGUA VERDE 1;2;6000023;12893;12894;CURITIBA;PR;ESTILO PRODUÇÕES ARTISTICAS LTDA;03.293.165/0001-97
29/06/2016;29/06/2016 18:50:00;MAIS FORTE QUE O MUNDO - A HISTÓRIA DE JOSÉ ALDO;;B1600294500000;ORIGINAL;NÃO;BRASIL;5003422;CINEMARK SHOPPING RAPOSO TAVARES 04;38;6000018;1843;20591;SÃO PAULO;SP;CINEMARK BRASIL S.A;00.779.721/0001-41
29/06/2016;29/06/2016 18:50:00;MAIS FORTE QUE O MUNDO - A HISTÓRIA DE JOSÉ ALDO;;B1600294500000;ORIGINAL;NÃO;BRASIL;5000921;MOVIECOM MAXI 1;45;6000100;2912;2913;JUNDIAÍ;SP;MAXI CINEMATOGRÁFICA LTDA;05.279.756/0001-35
29/06/2016;29/06/2016 18:50:00;ME BEFORE YOU;COMO EU ERA ANTES DE VOCÊ;E1500875700000;DUBLADO;NÃO;ESTADOS UNIDOS;5004486;ARAPIRACA BRA 04;131;6000027;22546;26037;ARAPIRACA;AL;REDECINE BRA CINEMATOGRÁFICA S.A.;15.422.993/0001-67
29/06/2016;29/06/2016 18:50:00;NOW YOU SEE ME 2;TRUQUE DE MESTRE: O 2º ATO;E1700176500000;ORIGINAL;SIM;CANADÁ;5005003;CINESYSTEM AMERICAS 07;25;6000027;5348;28834;RIO DE JANEIRO;RJ;REDECINE - RIO CINEMATOGRAFICA S.A.;07.524.011/0001-10
29/06/2016;29/06/2016 18:50:00;THE CONJURING 2;INVOCAÇÃO DO MAL 2;E1600342300000;DUBLADO;NÃO;ESTADOS UNIDOS;5001626;CINESYSTEM SHOPPING TOTAL SALA 03;17;6000027;2375;6658;CURITIBA;PR;REDECINE CWB CINEMATOGRÁFICA LTDA;05.747.411/0001-69
29/06/2016;29/06/2016 18:55:00;X-MEN: APOCALYPSE;X-MEN - APOCALIPSE;E1600181600000;DUBLADO;NÃO;ESTADOS UNIDOS;5001493;MOVIECOM MAXI 7;83;6000100;2912;2913;JUNDIAÍ;SP;MAXI CINEMATOGRÁFICA LTDA;05.279.756/0001-35
29/06/2016;29/06/2016 19:00:00;INDEPENDENCE DAY RESURGENCE;INDEPENDENCE DAY- O RESSURGIMENTO;E1600182600000;DUBLADO;NÃO;ESTADOS UNIDOS;5003369;ARAÚJO MULTIPLEX VIA VERDE 02;151;6000002;3103;20363;RIO BRANCO;AC;EMPRESA CINEMATOGRÁFICA ARAÇATUBA LTDA;03.519.995/0001-90
29/06/2016;29/06/2016 19:00:00;MAIS FORTE QUE O MUNDO - A HISTÓRIA DE JOSÉ ALDO;;B1600294500000;DUBLADO;NÃO;BRASIL;5005001;CINESYSTEM AMERICAS 05;27;6000027;5348;28834;RIO DE JANEIRO;RJ;REDECINE - RIO CINEMATOGRAFICA S.A.;07.524.011/0001-10
29/06/2016;29/06/2016 19:00:00;ME BEFORE YOU;COMO EU ERA ANTES DE VOCÊ;E1500875700000;ORIGINAL;SIM;ESTADOS UNIDOS;5002781;ILHA PLAZA 01;55;6000027;5348;16645;RIO DE JANEIRO;RJ;REDECINE - RIO CINEMATOGRAFICA S.A.;07.524.011/0001-10
29/06/2016;29/06/2016 19:00:00;ME BEFORE YOU;COMO EU ERA ANTES DE VOCÊ;E1500875700000;DUBLADO;NÃO;ESTADOS UNIDOS;5003900;SALA 3;115;6000002;3136;24148;SOROCABA;SP;MSA EMPRESA CINEMATOGRÁFICA LTDA;03.608.600/0001-25
29/06/2016;29/06/2016 19:00:00;TEENAGE MUTANT NINJA TURTLES: OUT OF THE SHADOWS;AS TARTARUGAS NINJA: FORA DAS SOMBRAS;E1600265600000;DUBLADO;NÃO;ESTADOS UNIDOS;5001624;CINESYSTEM SHOPPING TOTAL SALA 01;26;6000027;2375;6658;CURITIBA;PR;REDECINE CWB CINEMATOGRÁFICA LTDA;05.747.411/0001-69
29/06/2016;29/06/2016 19:00:00;THE CONJURING 2;INVOCAÇÃO DO MAL 2;E1600342300000;DUBLADO;NÃO;ESTADOS UNIDOS;5004485;ARAPIRACA BRA 03;67;6000027;22546;26037;ARAPIRACA;AL;REDECINE BRA CINEMATOGRÁFICA S.A.;15.422.993/0001-67
29/06/2016;29/06/2016 19:00:00;THE CONJURING 2;INVOCAÇÃO DO MAL 2;E1600342300000;DUBLADO;NÃO;ESTADOS UNIDOS;5001486;MOVIECOM MAXI 2;139;6000100;2912;2913;JUNDIAÍ;SP;MAXI CINEMATOGRÁFICA LTDA;05.279.756/0001-35
29/06/2016;29/06/2016 19:05:00;TEENAGE MUTANT NINJA TURTLES: OUT OF THE SHADOWS;AS TARTARUGAS NINJA: FORA DAS SOMBRAS;E1600265600000;DUBLADO;NÃO;ESTADOS UNIDOS;5001484;MOVIECOM MAXI 4;144;6000100;2912;2913;JUNDIAÍ;SP;MAXI CINEMATOGRÁFICA LTDA;05.279.756/0001-35
29/06/2016;29/06/2016 19:10:00;INDEPENDENCE DAY RESURGENCE;INDEPENDENCE DAY- O RESSURGIMENTO;E1600182600000;DUBLADO;NÃO;ESTADOS UNIDOS;5004483;ARAPIRACA BRA 01;58;6000027;22546;26037;ARAPIRACA;AL;REDECINE BRA CINEMATOGRÁFICA S.A.;15.422.993/0001-67
29/06/2016;29/06/2016 19:10:00;INDEPENDENCE DAY RESURGENCE;INDEPENDENCE DAY- O RESSURGIMENTO;E1600182600000;DUBLADO;NÃO;ESTADOS UNIDOS;5001487;MOVIECOM MAXI 5;199;6000100;2912;2913;JUNDIAÍ;SP;MAXI CINEMATOGRÁFICA LTDA;05.279.756/0001-35
29/06/2016;29/06/2016 19:10:00;ME BEFORE YOU;COMO EU ERA ANTES DE VOCÊ;E1500875700000;DUBLADO;NÃO;ESTADOS UNIDOS;5003421;CINEMARK SHOPPING RAPOSO TAVARES 03;100;6000018;1843;20591;SÃO PAULO;SP;CINEMARK BRASIL S.A;00.779.721/0001-41
29/06/2016;29/06/2016 19:10:00;THE CONJURING 2;INVOCAÇÃO DO MAL 2;E1600342300000;ORIGINAL;SIM;ESTADOS UNIDOS;5005000;CINESYSTEM AMERICAS 04;8;6000027;5348;28834;RIO DE JANEIRO;RJ;REDECINE - RIO CINEMATOGRAFICA S.A.;07.524.011/0001-10
29/06/2016;29/06/2016 19:10:00;THE CONJURING 2;INVOCAÇÃO DO MAL 2;E1600342300000;DUBLADO;NÃO;ESTADOS UNIDOS;5005572;CINESYSTEM PAULISTA SALA 01;54;6000027;22546;33152;PAULISTA;PE;REDECINE BRA CINEMATOGRÁFICA S.A.;15.422.993/0001-67
29/06/2016;29/06/2016 19:15:00;ME BEFORE YOU;COMO EU ERA ANTES DE VOCÊ;E1500875700000;DUBLADO;NÃO;ESTADOS UNIDOS;5001482;MOVIECOM MAXI 3;198;6000100;2912;2913;JUNDIAÍ;SP;MAXI CINEMATOGRÁFICA LTDA;05.279.756/0001-35
29/06/2016;29/06/2016 19:20:00;ALDO - MAIS FORTE QUE O MUNDO;;B1600785100000;DUBLADO;NÃO;BRASIL;5001628;CINESYSTEM SHOPPING TOTAL SALA 05;21;6000027;2375;6658;CURITIBA;PR;REDECINE CWB CINEMATOGRÁFICA LTDA;05.747.411/0001-69
29/06/2016;29/06/2016 19:20:00;INDEPENDENCE DAY RESURGENCE;INDEPENDENCE DAY- O RESSURGIMENTO;E1600182600000;ORIGINAL;SIM;ESTADOS UNIDOS;5005002;CINESYSTEM AMERICAS 06;16;6000027;5348;28834;RIO DE JANEIRO;RJ;REDECINE - RIO CINEMATOGRAFICA S.A.;07.524.011/0001-10
29/06/2016;29/06/2016 19:20:00;ME BEFORE YOU;COMO EU ERA ANTES DE VOCÊ;E1500875700000;ORIGINAL;SIM;ESTADOS UNIDOS;5003087;CINESPAÇO FLORIANÓPOLIS 1;199;6000018;1014;19103;FLORIANÓPOLIS;SC;CIRCUITO ESPAÇO DE CINEMA S/A;03.695.435/0001-96
29/06/2016;29/06/2016 19:25:00;INDEPENDENCE DAY RESURGENCE;INDEPENDENCE DAY- O RESSURGIMENTO;E1600182600000;DUBLADO;NÃO;ESTADOS UNIDOS;5003423;CINEMARK SHOPPING RAPOSO TAVARES 05;57;6000018;1843;20591;SÃO PAULO;SP;CINEMARK BRASIL S.A;00.779.721/0001-41
29/06/2016;29/06/2016 19:30:00;INDEPENDENCE DAY RESURGENCE;INDEPENDENCE DAY- O RESSURGIMENTO;E1600182600000;DUBLADO;NÃO;ESTADOS UNIDOS;5003371;ARAÚJO MULTIPLEX VIA VERDE 04;155;6000002;3103;20363;RIO BRANCO;AC;EMPRESA CINEMATOGRÁFICA ARAÇATUBA LTDA;03.519.995/0001-90
29/06/2016;29/06/2016 19:30:00;INDEPENDENCE DAY RESURGENCE;INDEPENDENCE DAY- O RESSURGIMENTO;E1600182600000;DUBLADO;NÃO;ESTADOS UNIDOS;5001625;CINESYSTEM SHOPPING TOTAL SALA 02;30;6000027;2375;6658;CURITIBA;PR;REDECINE CWB CINEMATOGRÁFICA LTDA;05.747.411/0001-69
29/06/2016;29/06/2016 19:50:01;O CASEIRO;;B1600227000000;ORIGINAL;NÃO;BRASIL;5001491;MOVIECOM MAXI 6;25;6000100;2912;2913;JUNDIAÍ;SP;MAXI CINEMATOGRÁFICA LTDA;05.279.756/0001-35
29/06/2016;29/06/2016 20:10:00;TEENAGE MUTANT NINJA TURTLES: OUT OF THE SHADOWS;AS TARTARUGAS NINJA: FORA DAS SOMBRAS;E1600265600000;DUBLADO;NÃO;ESTADOS UNIDOS;5002603;CINEMAS BENFICA - SALA 1;83;;15690;15691;FORTALEZA;CE;CINEMAS BENFICA LTDA;07.509.597/0001-43
29/06/2016;29/06/2016 20:10:00;THE CONJURING 2;INVOCAÇÃO DO MAL 2;E1600342300000;DUBLADO;NÃO;ESTADOS UNIDOS;5003425;CINEMARK SHOPPING RAPOSO TAVARES 07;66;6000018;1843;20591;SÃO PAULO;SP;CINEMARK BRASIL S.A;00.779.721/0001-41
29/06/2016;29/06/2016 20:30:00;NOW YOU SEE ME: THE SECOND ACT;TRUQUE DE MESTRE 2;E1500269900000;DUBLADO;NÃO;ESTADOS UNIDOS;5003420;CINEMARK SHOPPING RAPOSO TAVARES 02;100;6000018;1843;20591;SÃO PAULO;SP;CINEMARK BRASIL S.A;00.779.721/0001-41
29/06/2016;29/06/2016 20:50:00;INDEPENDENCE DAY RESURGENCE;INDEPENDENCE DAY- O RESSURGIMENTO;E1600182600000;DUBLADO;NÃO;ESTADOS UNIDOS;5004488;ARAPIRACA BRA 06;30;6000027;22546;26037;ARAPIRACA;AL;REDECINE BRA CINEMATOGRÁFICA S.A.;15.422.993/0001-67
29/06/2016;29/06/2016 20:50:00;INDEPENDENCE DAY RESURGENCE;INDEPENDENCE DAY- O RESSURGIMENTO;E1600182600000;DUBLADO;NÃO;ESTADOS UNIDOS;5003424;CINEMARK SHOPPING RAPOSO TAVARES 06;65;6000018;1843;20591;SÃO PAULO;SP;CINEMARK BRASIL S.A;00.779.721/0001-41
29/06/2016;29/06/2016 20:50:00;INDEPENDENCE DAY RESURGENCE;INDEPENDENCE DAY- O RESSURGIMENTO;E1600182600000;DUBLADO;NÃO;ESTADOS UNIDOS;5004999;CINESYSTEM AMERICAS 03;31;6000027;5348;28834;RIO DE JANEIRO;RJ;REDECINE - RIO CINEMATOGRAFICA S.A.;07.524.011/0001-10
29/06/2016;29/06/2016 20:50:00;TEENAGE MUTANT NINJA TURTLES: OUT OF THE SHADOWS;AS TARTARUGAS NINJA: FORA DAS SOMBRAS;E1600265600000;DUBLADO;NÃO;ESTADOS UNIDOS;5002063;AGUA VERDE 2;4;6000023;12893;12894;CURITIBA;PR;ESTILO PRODUÇÕES ARTISTICAS LTDA;03.293.165/0001-97
29/06/2016;29/06/2016 21:00:00;INDEPENDENCE DAY RESURGENCE;INDEPENDENCE DAY- O RESSURGIMENTO;E1600182600000;DUBLADO;NÃO;ESTADOS UNIDOS;5002062;AGUA VERDE 1;6;6000023;12893;12894;CURITIBA;PR;ESTILO PRODUÇÕES ARTISTICAS LTDA;03.293.165/0001-97
29/06/2016;29/06/2016 21:00:00;MAIS FORTE QUE O MUNDO - A HISTÓRIA DE JOSÉ ALDO;;B1600294500000;DUBLADO;NÃO;BRASIL;5003899;SALA 2;13;6000002;3136;24148;SOROCABA;SP;MSA EMPRESA CINEMATOGRÁFICA LTDA;03.608.600/0001-25
29/06/2016;29/06/2016 21:00:00;ME BEFORE YOU;COMO EU ERA ANTES DE VOCÊ;E1500875700000;ORIGINAL;SIM;ESTADOS UNIDOS;5004998;CINESYSTEM AMERICAS 02;32;6000027;5348;28834;RIO DE JANEIRO;RJ;REDECINE - RIO CINEMATOGRAFICA S.A.;07.524.011/0001-10
29/06/2016;29/06/2016 21:00:00;ME BEFORE YOU;COMO EU ERA ANTES DE VOCÊ;E1500875700000;DUBLADO;NÃO;ESTADOS UNIDOS;5001627;CINESYSTEM SHOPPING TOTAL SALA 04;45;6000027;2375;6658;CURITIBA;PR;REDECINE CWB CINEMATOGRÁFICA LTDA;05.747.411/0001-69
29/06/2016;29/06/2016 21:10:00;MAIS FORTE QUE O MUNDO - A HISTÓRIA DE JOSÉ ALDO;;B1600294500000;DUBLADO;NÃO;BRASIL;5004997;CINESYSTEM AMERICAS 01;16;6000027;5348;28834;RIO DE JANEIRO;RJ;REDECINE - RIO CINEMATOGRAFICA S.A.;07.524.011/0001-10
29/06/2016;29/06/2016 21:10:00;ME BEFORE YOU;COMO EU ERA ANTES DE VOCÊ;E1500875700000;DUBLADO;NÃO;ESTADOS UNIDOS;5004484;ARAPIRACA BRA 02;40;6000027;22546;26037;ARAPIRACA;AL;REDECINE BRA CINEMATOGRÁFICA S.A.;15.422.993/0001-67
29/06/2016;29/06/2016 21:10:00;ME BEFORE YOU;COMO EU ERA ANTES DE VOCÊ;E1500875700000;DUBLADO;NÃO;ESTADOS UNIDOS;5005576;CINESYSTEM PAULISTA SALA 06;29;6000027;22546;33152;PAULISTA;PE;REDECINE BRA CINEMATOGRÁFICA S.A.;15.422.993/0001-67
29/06/2016;29/06/2016 21:15:00;INDEPENDENCE DAY RESURGENCE;INDEPENDENCE DAY- O RESSURGIMENTO;E1600182600000;DUBLADO;NÃO;ESTADOS UNIDOS;5003369;ARAÚJO MULTIPLEX VIA VERDE 02;153;6000002;3103;20363;RIO BRANCO;AC;EMPRESA CINEMATOGRÁFICA ARAÇATUBA LTDA;03.519.995/0001-90
29/06/2016;29/06/2016 21:15:00;ME BEFORE YOU;COMO EU ERA ANTES DE VOCÊ;E1500875700000;DUBLADO;NÃO;ESTADOS UNIDOS;5003900;SALA 3;154;6000002;3136;24148;SOROCABA;SP;MSA EMPRESA CINEMATOGRÁFICA LTDA;03.608.600/0001-25
29/06/2016;29/06/2016 21:20:00;INDEPENDENCE DAY RESURGENCE;INDEPENDENCE DAY- O RESSURGIMENTO;E1600182600000;DUBLADO;NÃO;ESTADOS UNIDOS;5001624;CINESYSTEM SHOPPING TOTAL SALA 01;20;6000027;2375;6658;CURITIBA;PR;REDECINE CWB CINEMATOGRÁFICA LTDA;05.747.411/0001-69
29/06/2016;29/06/2016 21:20:00;MAIS FORTE QUE O MUNDO - A HISTÓRIA DE JOSÉ ALDO;;B1600294500000;ORIGINAL;NÃO;BRASIL;5000921;MOVIECOM MAXI 1;29;6000100;2912;2913;JUNDIAÍ;SP;MAXI CINEMATOGRÁFICA LTDA;05.279.756/0001-35
29/06/2016;29/06/2016 21:20:00;ME BEFORE YOU;COMO EU ERA ANTES DE VOCÊ;E1500875700000;ORIGINAL;SIM;ESTADOS UNIDOS;5002781;ILHA PLAZA 01;40;6000027;5348;16645;RIO DE JANEIRO;RJ;REDECINE - RIO CINEMATOGRAFICA S.A.;07.524.011/0001-10
29/06/2016;29/06/2016 21:20:00;TEENAGE MUTANT NINJA TURTLES: OUT OF THE SHADOWS;AS TARTARUGAS NINJA: FORA DAS SOMBRAS;E1600265600000;DUBLADO;NÃO;ESTADOS UNIDOS;5004487;ARAPIRACA BRA 05;33;6000027;22546;26037;ARAPIRACA;AL;REDECINE BRA CINEMATOGRÁFICA S.A.;15.422.993/0001-67
29/06/2016;29/06/2016 21:20:00;TEENAGE MUTANT NINJA TURTLES: OUT OF THE SHADOWS;AS TARTARUGAS NINJA: FORA DAS SOMBRAS;E1600265600000;DUBLADO;NÃO;ESTADOS UNIDOS;5003419;CINEMARK SHOPPING RAPOSO TAVARES 01;50;6000018;1843;20591;SÃO PAULO;SP;CINEMARK BRASIL S.A;00.779.721/0001-41
29/06/2016;29/06/2016 21:25:00;TEENAGE MUTANT NINJA TURTLES: OUT OF THE SHADOWS;AS TARTARUGAS NINJA: FORA DAS SOMBRAS;E1600265600000;DUBLADO;NÃO;ESTADOS UNIDOS;5001484;MOVIECOM MAXI 4;53;6000100;2912;2913;JUNDIAÍ;SP;MAXI CINEMATOGRÁFICA LTDA;05.279.756/0001-35
29/06/2016;29/06/2016 21:30:00;ME BEFORE YOU;COMO EU ERA ANTES DE VOCÊ;E1500875700000;DUBLADO;NÃO;ESTADOS UNIDOS;5004486;ARAPIRACA BRA 04;23;6000027;22546;26037;ARAPIRACA;AL;REDECINE BRA CINEMATOGRÁFICA S.A.;15.422.993/0001-67
29/06/2016;29/06/2016 21:30:00;ME BEFORE YOU;COMO EU ERA ANTES DE VOCÊ;E1500875700000;DUBLADO;NÃO;ESTADOS UNIDOS;5001482;MOVIECOM MAXI 3;100;6000100;2912;2913;JUNDIAÍ;SP;MAXI CINEMATOGRÁFICA LTDA;05.279.756/0001-35
29/06/2016;29/06/2016 21:30:00;NOW YOU SEE ME 2;TRUQUE DE MESTRE: O 2º ATO;E1700176500000;ORIGINAL;SIM;CANADÁ;5005003;CINESYSTEM AMERICAS 07;22;6000027;5348;28834;RIO DE JANEIRO;RJ;REDECINE - RIO CINEMATOGRAFICA S.A.;07.524.011/0001-10
29/06/2016;29/06/2016 21:30:00;THE CONJURING 2;INVOCAÇÃO DO MAL 2;E1600342300000;DUBLADO;NÃO;ESTADOS UNIDOS;5001626;CINESYSTEM SHOPPING TOTAL SALA 03;19;6000027;2375;6658;CURITIBA;PR;REDECINE CWB CINEMATOGRÁFICA LTDA;05.747.411/0001-69
29/06/2016;29/06/2016 21:35:00;INDEPENDENCE DAY RESURGENCE;INDEPENDENCE DAY- O RESSURGIMENTO;E1600182600000;DUBLADO;NÃO;ESTADOS UNIDOS;5001487;MOVIECOM MAXI 5;83;6000100;2912;2913;JUNDIAÍ;SP;MAXI CINEMATOGRÁFICA LTDA;05.279.756/0001-35
29/06/2016;29/06/2016 21:40:00;INDEPENDENCE DAY RESURGENCE;INDEPENDENCE DAY- O RESSURGIMENTO;E1600182600000;DUBLADO;NÃO;ESTADOS UNIDOS;5004483;ARAPIRACA BRA 01;19;6000027;22546;26037;ARAPIRACA;AL;REDECINE BRA CINEMATOGRÁFICA S.A.;15.422.993/0001-67
29/06/2016;29/06/2016 21:40:00;MAIS FORTE QUE O MUNDO - A HISTÓRIA DE JOSÉ ALDO;;B1600294500000;ORIGINAL;NÃO;BRASIL;5003422;CINEMARK SHOPPING RAPOSO TAVARES 04;38;6000018;1843;20591;SÃO PAULO;SP;CINEMARK BRASIL S.A;00.779.721/0001-41
29/06/2016;29/06/2016 21:40:00;MAIS FORTE QUE O MUNDO - A HISTÓRIA DE JOSÉ ALDO;;B1600294500000;DUBLADO;NÃO;BRASIL;5005001;CINESYSTEM AMERICAS 05;20;6000027;5348;28834;RIO DE JANEIRO;RJ;REDECINE - RIO CINEMATOGRAFICA S.A.;07.524.011/0001-10
29/06/2016;29/06/2016 21:40:00;ME BEFORE YOU;COMO EU ERA ANTES DE VOCÊ;E1500875700000;ORIGINAL;SIM;ESTADOS UNIDOS;5003087;CINESPAÇO FLORIANÓPOLIS 1;39;6000018;1014;19103;FLORIANÓPOLIS;SC;CIRCUITO ESPAÇO DE CINEMA S/A;03.695.435/0001-96
29/06/2016;29/06/2016 21:40:00;THE CONJURING 2;INVOCAÇÃO DO MAL 2;E1600342300000;DUBLADO;NÃO;ESTADOS UNIDOS;5001486;MOVIECOM MAXI 2;133;6000100;2912;2913;JUNDIAÍ;SP;MAXI CINEMATOGRÁFICA LTDA;05.279.756/0001-35
29/06/2016;29/06/2016 21:45:00;INDEPENDENCE DAY RESURGENCE;INDEPENDENCE DAY- O RESSURGIMENTO;E1600182600000;ORIGINAL;SIM;ESTADOS UNIDOS;5003371;ARAÚJO MULTIPLEX VIA VERDE 04;29;6000002;3103;20363;RIO BRANCO;AC;EMPRESA CINEMATOGRÁFICA ARAÇATUBA LTDA;03.519.995/0001-90
29/06/2016;29/06/2016 21:45:00;NOW YOU SEE ME: THE SECOND ACT;TRUQUE DE MESTRE 2;E1500269900000;DUBLADO;NÃO;ESTADOS UNIDOS;5001491;MOVIECOM MAXI 6;110;6000100;2912;2913;JUNDIAÍ;SP;MAXI CINEMATOGRÁFICA LTDA;05.279.756/0001-35
29/06/2016;29/06/2016 21:50:00;ALDO - MAIS FORTE QUE O MUNDO;;B1600785100000;DUBLADO;NÃO;BRASIL;5001628;CINESYSTEM SHOPPING TOTAL SALA 05;4;6000027;2375;6658;CURITIBA;PR;REDECINE CWB CINEMATOGRÁFICA LTDA;05.747.411/0001-69
29/06/2016;29/06/2016 21:50:00;INDEPENDENCE DAY RESURGENCE;INDEPENDENCE DAY- O RESSURGIMENTO;E1600182600000;ORIGINAL;SIM;ESTADOS UNIDOS;5005002;CINESYSTEM AMERICAS 06;12;6000027;5348;28834;RIO DE JANEIRO;RJ;REDECINE - RIO CINEMATOGRAFICA S.A.;07.524.011/0001-10
29/06/2016;29/06/2016 21:50:00;INDEPENDENCE DAY RESURGENCE;INDEPENDENCE DAY- O RESSURGIMENTO;E1600182600000;DUBLADO;NÃO;ESTADOS UNIDOS;5001493;MOVIECOM MAXI 7;8;6000100;2912;2913;JUNDIAÍ;SP;MAXI CINEMATOGRÁFICA LTDA;05.279.756/0001-35
29/06/2016;29/06/2016 21:50:00;ME BEFORE YOU;COMO EU ERA ANTES DE VOCÊ;E1500875700000;DUBLADO;NÃO;ESTADOS UNIDOS;5003421;CINEMARK SHOPPING RAPOSO TAVARES 03;100;6000018;1843;20591;SÃO PAULO;SP;CINEMARK BRASIL S.A;00.779.721/0001-41
29/06/2016;29/06/2016 21:50:00;THE CONJURING 2;INVOCAÇÃO DO MAL 2;E1600342300000;DUBLADO;NÃO;ESTADOS UNIDOS;5004485;ARAPIRACA BRA 03;17;6000027;22546;26037;ARAPIRACA;AL;REDECINE BRA CINEMATOGRÁFICA S.A.;15.422.993/0001-67
29/06/2016;29/06/2016 21:50:00;THE CONJURING 2;INVOCAÇÃO DO MAL 2;E1600342300000;DUBLADO;NÃO;ESTADOS UNIDOS;5005572;CINESYSTEM PAULISTA SALA 01;15;6000027;22546;33152;PAULISTA;PE;REDECINE BRA CINEMATOGRÁFICA S.A.;15.422.993/0001-67
29/06/2016;29/06/2016 22:00:00;INDEPENDENCE DAY RESURGENCE;INDEPENDENCE DAY- O RESSURGIMENTO;E1600182600000;DUBLADO;NÃO;ESTADOS UNIDOS;5001625;CINESYSTEM SHOPPING TOTAL SALA 02;5;6000027;2375;6658;CURITIBA;PR;REDECINE CWB CINEMATOGRÁFICA LTDA;05.747.411/0001-69
29/06/2016;29/06/2016 22:00:00;THE CONJURING 2;INVOCAÇÃO DO MAL 2;E1600342300000;ORIGINAL;SIM;ESTADOS UNIDOS;5005000;CINESYSTEM AMERICAS 04;8;6000027;5348;28834;RIO DE JANEIRO;RJ;REDECINE - RIO CINEMATOGRAFICA S.A.;07.524.011/0001-10
29/06/2016;29/06/2016 22:10:00;INDEPENDENCE DAY RESURGENCE;INDEPENDENCE DAY- O RESSURGIMENTO;E1600182600000;DUBLADO;NÃO;ESTADOS UNIDOS;5003423;CINEMARK SHOPPING RAPOSO TAVARES 05;20;6000018;1843;20591;SÃO PAULO;SP;CINEMARK BRASIL S.A;00.779.721/0001-41
30/06/2016;30/06/2016 00:01:00;FINDING DORY;PROCURANDO DORY;E1600258900000;ORIGINAL;SIM;ESTADOS UNIDOS;5004999;CINESYSTEM AMERICAS 03;9;6000027;5348;28834;RIO DE JANEIRO;RJ;REDECINE - RIO CINEMATOGRAFICA S.A.;07.524.011/0001-10
30/06/2016;30/06/2016 13:00:00;FINDING DORY;PROCURANDO DORY;E1600258900000;DUBLADO;NÃO;ESTADOS UNIDOS;5003422;CINEMARK SHOPPING RAPOSO TAVARES 04;25;6000018;1843;20591;SÃO PAULO;SP;CINEMARK BRASIL S.A;00.779.721/0001-41
30/06/2016;30/06/2016 13:00:00;FINDING DORY;PROCURANDO DORY;E1600258900000;DUBLADO;NÃO;ESTADOS UNIDOS;5000767;NEW YORK CITY CENTER - SALA 03;7;6000058;749;2620;RIO DE JANEIRO;RJ;UNITED CINEMAS INTERNATIONAL BRASIL LTDA.;01.289.530/0001-64
30/06/2016;30/06/2016 13:00:00;FINDING DORY;PROCURANDO DORY;E1600258900000;DUBLADO;NÃO;ESTADOS UNIDOS;5005324;UCI BRASIL - SUMAÚMA PARK SHOPPING MANAUS SALA 01;19;6000058;749;31265;MANAUS;AM;UNITED CINEMAS INTERNATIONAL BRASIL LTDA.;01.289.530/0001-64
30/06/2016;30/06/2016 13:00:00;ME BEFORE YOU;COMO EU ERA ANTES DE VOCÊ;E1500875700000;DUBLADO;NÃO;ESTADOS UNIDOS;5005329;UCI BRASIL - SUMAÚMA PARK SHOPPING MANAUS SALA 06;2;6000058;749;31265;MANAUS;AM;UNITED CINEMAS INTERNATIONAL BRASIL LTDA.;01.289.530/0001-64
30/06/2016;30/06/2016 13:00:00;PORTA DOS FUNDOS - CONTRATO VITALÍCIO;;B1600368700000;DUBLADO;NÃO;BRASIL;5000782;NEW YORK CITY CENTER - SALA 18;5;6000058;749;2620;RIO DE JANEIRO;RJ;UNITED CINEMAS INTERNATIONAL BRASIL LTDA.;01.289.530/0001-64
30/06/2016;30/06/2016 13:00:00;THE CONJURING 2;INVOCAÇÃO DO MAL 2;E1600342300000;DUBLADO;NÃO;ESTADOS UNIDOS;5000775;NEW YORK CITY CENTER - SALA 11;7;6000058;749;2620;RIO DE JANEIRO;RJ;UNITED CINEMAS INTERNATIONAL BRASIL LTDA.;01.289.530/0001-64
30/06/2016;30/06/2016 13:10:00;PORTA DOS FUNDOS - CONTRATO VITALÍCIO;;B1600368700000;ORIGINAL;NÃO;BRASIL;5003424;CINEMARK SHOPPING RAPOSO TAVARES 06;1;6000018;1843;20591;SÃO PAULO;SP;CINEMARK BRASIL S.A;00.779.721/0001-41
30/06/2016;30/06/2016 13:15:00;FINDING DORY;PROCURANDO DORY;E1600258900000;DUBLADO;NÃO;ESTADOS UNIDOS;5000780;NEW YORK CITY CENTER - SALA 16;16;6000058;749;2620;RIO DE JANEIRO;RJ;UNITED CINEMAS INTERNATIONAL BRASIL LTDA.;01.289.530/0001-64
30/06/2016;30/06/2016 13:15:00;INDEPENDENCE DAY RESURGENCE;INDEPENDENCE DAY- O RESSURGIMENTO;E1600182600000;DUBLADO;NÃO;ESTADOS UNIDOS;5000766;NEW YORK CITY CENTER - SALA 02;11;6000058;749;2620;RIO DE JANEIRO;RJ;UNITED CINEMAS INTERNATIONAL BRASIL LTDA.;01.289.530/0001-64
30/06/2016;30/06/2016 13:15:00;PORTA DOS FUNDOS - CONTRATO VITALÍCIO;;B1600368700000;DUBLADO;NÃO;BRASIL;5005326;UCI BRASIL - SUMAÚMA PARK SHOPPING MANAUS SALA 03;4;6000058;749;31265;MANAUS;AM;UNITED CINEMAS INTERNATIONAL BRASIL LTDA.;01.289.530/0001-64
30/06/2016;30/06/2016 13:25:00;FINDING DORY;PROCURANDO DORY;E1600258900000;DUBLADO;NÃO;ESTADOS UNIDOS;5005573;CINESYSTEM PAULISTA SALA 03;37;6000027;22546;33152;PAULISTA;PE;REDECINE BRA CINEMATOGRÁFICA S.A.;15.422.993/0001-67
30/06/2016;30/06/2016 13:30:00;FINDING DORY;PROCURANDO DORY;E1600258900000;DUBLADO;NÃO;ESTADOS UNIDOS;5003371;ARAÚJO MULTIPLEX VIA VERDE 04;40;6000002;3103;20363;RIO BRANCO;AC;EMPRESA CINEMATOGRÁFICA ARAÇATUBA LTDA;03.519.995/0001-90
30/06/2016;30/06/2016 13:30:00;FINDING DORY;PROCURANDO DORY;E1600258900000;DUBLADO;NÃO;ESTADOS UNIDOS;5000777;NEW YORK CITY CENTER - SALA 13;13;6000058;749;2620;RIO DE JANEIRO;RJ;UNITED CINEMAS INTERNATIONAL BRASIL LTDA.;01.289.530/0001-64
30/06/2016;30/06/2016 13:30:00;FINDING DORY;PROCURANDO DORY;E1600258900000;DUBLADO;NÃO;ESTADOS UNIDOS;5003900;SALA 3;36;6000002;3136;24148;SOROCABA;SP;MSA EMPRESA CINEMATOGRÁFICA LTDA;03.608.600/0001-25
30/06/2016;30/06/2016 13:30:00;FINDING DORY;PROCURANDO DORY;E1600258900000;DUBLADO;NÃO;ESTADOS UNIDOS;5005331;UCI BRASIL - SUMAÚMA PARK SHOPPING MANAUS SALA 08;84;6000058;749;31265;MANAUS;AM;UNITED CINEMAS INTERNATIONAL BRASIL LTDA.;01.289.530/0001-64
30/06/2016;30/06/2016 13:30:00;MAIS FORTE QUE O MUNDO - A HISTÓRIA DE JOSÉ ALDO;;B1600294500000;DUBLADO;NÃO;BRASIL;5004997;CINESYSTEM AMERICAS 01;9;6000027;5348;28834;RIO DE JANEIRO;RJ;REDECINE - RIO CINEMATOGRAFICA S.A.;07.524.011/0001-10
30/06/2016;30/06/2016 13:30:00;ME BEFORE YOU;COMO EU ERA ANTES DE VOCÊ;E1500875700000;DUBLADO;NÃO;ESTADOS UNIDOS;5000769;NEW YORK CITY CENTER - SALA 05;14;6000058;749;2620;RIO DE JANEIRO;RJ;UNITED CINEMAS INTERNATIONAL BRASIL LTDA.;01.289.530/0001-64
30/06/2016;30/06/2016 13:30:00;PORTA DOS FUNDOS - CONTRATO VITALÍCIO;;B1600368700000;DUBLADO;NÃO;BRASIL;5000772;NEW YORK CITY CENTER - SALA 08;1;6000058;749;2620;RIO DE JANEIRO;RJ;UNITED CINEMAS INTERNATIONAL BRASIL LTDA.;01.289.530/0001-64
30/06/2016;30/06/2016 13:30:00;TEENAGE MUTANT NINJA TURTLES: OUT OF THE SHADOWS;AS TARTARUGAS NINJA: FORA DAS SOMBRAS;E1600265600000;DUBLADO;NÃO;ESTADOS UNIDOS;5004484;ARAPIRACA BRA 02;7;6000027;22546;26037;ARAPIRACA;AL;REDECINE BRA CINEMATOGRÁFICA S.A.;15.422.993/0001-67
30/06/2016;30/06/2016 13:35:00;MAIS FORTE QUE O MUNDO - A HISTÓRIA DE JOSÉ ALDO;;B1600294500000;DUBLADO;NÃO;BRASIL;5005327;UCI BRASIL - SUMAÚMA PARK SHOPPING MANAUS SALA 04;13;6000058;749;31265;MANAUS;AM;UNITED CINEMAS INTERNATIONAL BRASIL LTDA.;01.289.530/0001-64
30/06/2016;30/06/2016 13:40:00;PORTA DOS FUNDOS - CONTRATO VITALÍCIO;;B1600368700000;DUBLADO;NÃO;BRASIL;5004487;ARAPIRACA BRA 05;10;6000027;22546;26037;ARAPIRACA;AL;REDECINE BRA CINEMATOGRÁFICA S.A.;15.422.993/0001-67
30/06/2016;30/06/2016 13:45:00;INDEPENDENCE DAY RESURGENCE;INDEPENDENCE DAY- O RESSURGIMENTO;E1600182600000;DUBLADO;NÃO;ESTADOS UNIDOS;5000774;NEW YORK CITY CENTER - SALA 10;4;6000058;749;2620;RIO DE JANEIRO;RJ;UNITED CINEMAS INTERNATIONAL BRASIL LTDA.;01.289.530/0001-64
30/06/2016;30/06/2016 13:45:00;MAIS FORTE QUE O MUNDO - A HISTÓRIA DE JOSÉ ALDO;;B1600294500000;ORIGINAL;NÃO;BRASIL;5000921;MOVIECOM MAXI 1;4;6000100;2912;2913;JUNDIAÍ;SP;MAXI CINEMATOGRÁFICA LTDA;05.279.756/0001-35
30/06/2016;30/06/2016 13:45:00;MAIS FORTE QUE O MUNDO - A HISTÓRIA DE JOSÉ ALDO;;B1600294500000;DUBLADO;NÃO;BRASIL;5000771;NEW YORK CITY CENTER - SALA 07;13;6000058;749;2620;RIO DE JANEIRO;RJ;UNITED CINEMAS INTERNATIONAL BRASIL LTDA.;01.289.530/0001-64
30/06/2016;30/06/2016 13:45:00;ME BEFORE YOU;COMO EU ERA ANTES DE VOCÊ;E1500875700000;DUBLADO;NÃO;ESTADOS UNIDOS;5004488;ARAPIRACA BRA 06;30;6000027;22546;26037;ARAPIRACA;AL;REDECINE BRA CINEMATOGRÁFICA S.A.;15.422.993/0001-67
30/06/2016;30/06/2016 13:45:00;THE CONJURING 2;INVOCAÇÃO DO MAL 2;E1600342300000;DUBLADO;NÃO;ESTADOS UNIDOS;5005328;UCI BRASIL - SUMAÚMA PARK SHOPPING MANAUS SALA 05;12;6000058;749;31265;MANAUS;AM;UNITED CINEMAS INTERNATIONAL BRASIL LTDA.;01.289.530/0001-64
30/06/2016;30/06/2016 13:50:00;INDEPENDENCE DAY RESURGENCE;INDEPENDENCE DAY- O RESSURGIMENTO;E1600182600000;DUBLADO;NÃO;ESTADOS UNIDOS;5004483;ARAPIRACA BRA 01;18;6000027;22546;26037;ARAPIRACA;AL;REDECINE BRA CINEMATOGRÁFICA S.A.;15.422.993/0001-67
30/06/2016;30/06/2016 13:50:00;ME BEFORE YOU;COMO EU ERA ANTES DE VOCÊ;E1500875700000;ORIGINAL;SIM;ESTADOS UNIDOS;5005001;CINESYSTEM AMERICAS 05;10;6000027;5348;28834;RIO DE JANEIRO;RJ;REDECINE - RIO CINEMATOGRAFICA S.A.;07.524.011/0001-10
30/06/2016;30/06/2016 13:50:00;TEENAGE MUTANT NINJA TURTLES: OUT OF THE SHADOWS;AS TARTARUGAS NINJA: FORA DAS SOMBRAS;E1600265600000;DUBLADO;NÃO;ESTADOS UNIDOS;5005577;CINESYSTEM PAULISTA SALA 07;11;6000027;22546;33152;PAULISTA;PE;REDECINE BRA CINEMATOGRÁFICA S.A.;15.422.993/0001-67
30/06/2016;30/06/2016 13:50:00;TEENAGE MUTANT NINJA TURTLES: OUT OF THE SHADOWS;AS TARTARUGAS NINJA: FORA DAS SOMBRAS;E1600265600000;DUBLADO;NÃO;ESTADOS UNIDOS;5001484;MOVIECOM MAXI 4;9;6000100;2912;2913;JUNDIAÍ;SP;MAXI CINEMATOGRÁFICA LTDA;05.279.756/0001-35
30/06/2016;30/06/2016 14:00:00;FINDING DORY;PROCURANDO DORY;E1600258900000;DUBLADO;NÃO;ESTADOS UNIDOS;5002063;AGUA VERDE 2;31;6000023;12893;12894;CURITIBA;PR;ESTILO PRODUÇÕES ARTISTICAS LTDA;03.293.165/0001-97
30/06/2016;30/06/2016 14:00:00;FINDING DORY;PROCURANDO DORY;E1600258900000;DUBLADO;NÃO;ESTADOS UNIDOS;5004485;ARAPIRACA BRA 03;66;6000027;22546;26037;ARAPIRACA;AL;REDECINE BRA CINEMATOGRÁFICA S.A.;15.422.993/0001-67
30/06/2016;30/06/2016 14:00:00;FINDING DORY;PROCURANDO DORY;E1600258900000;DUBLADO;NÃO;ESTADOS UNIDOS;5003087;CINESPAÇO FLORIANÓPOLIS 1;36;6000018;1014;19103;FLORIANÓPOLIS;SC;CIRCUITO ESPAÇO DE CINEMA S/A;03.695.435/0001-96
30/06/2016;30/06/2016 14:00:00;FINDING DORY;PROCURANDO DORY;E1600258900000;DUBLADO;NÃO;ESTADOS UNIDOS;5005003;CINESYSTEM AMERICAS 07;20;6000027;5348;28834;RIO DE JANEIRO;RJ;REDECINE - RIO CINEMATOGRAFICA S.A.;07.524.011/0001-10
30/06/2016;30/06/2016 14:00:00;FINDING DORY;PROCURANDO DORY;E1600258900000;DUBLADO;NÃO;ESTADOS UNIDOS;5005572;CINESYSTEM PAULISTA SALA 01;69;6000027;22546;33152;PAULISTA;PE;REDECINE BRA CINEMATOGRÁFICA S.A.;15.422.993/0001-67
30/06/2016;30/06/2016 14:00:00;FINDING DORY;PROCURANDO DORY;E1600258900000;DUBLADO;NÃO;ESTADOS UNIDOS;5001627;CINESYSTEM SHOPPING TOTAL SALA 04;34;6000027;2375;6658;CURITIBA;PR;REDECINE CWB CINEMATOGRÁFICA LTDA;05.747.411/0001-69
30/06/2016;30/06/2016 14:00:00;FINDING DORY;PROCURANDO DORY;E1600258900000;DUBLADO;NÃO;ESTADOS UNIDOS;5000768;NEW YORK CITY CENTER - SALA 04;17;6000058;749;2620;RIO DE JANEIRO;RJ;UNITED CINEMAS INTERNATIONAL BRASIL LTDA.;01.289.530/0001-64
30/06/2016;30/06/2016 14:00:00;FINDING DORY;PROCURANDO DORY;E1600258900000;DUBLADO;NÃO;ESTADOS UNIDOS;5000773;NEW YORK CITY CENTER - SALA 09;16;6000058;749;2620;RIO DE JANEIRO;RJ;UNITED CINEMAS INTERNATIONAL BRASIL LTDA.;01.289.530/0001-64
30/06/2016;30/06/2016 14:00:00;NOW YOU SEE ME: THE SECOND ACT;TRUQUE DE MESTRE 2;E1500269900000;DUBLADO;NÃO;ESTADOS UNIDOS;5000765;NEW YORK CITY CENTER - SALA 01;20;6000058;749;2620;RIO DE JANEIRO;RJ;UNITED CINEMAS INTERNATIONAL BRASIL LTDA.;01.289.530/0001-64
30/06/2016;30/06/2016 14:00:00;PORTA DOS FUNDOS - CONTRATO VITALÍCIO;;B1600368700000;DUBLADO;NÃO;BRASIL;5000781;NEW YORK CITY CENTER - SALA 17;12;6000058;749;2620;RIO DE JANEIRO;RJ;UNITED CINEMAS INTERNATIONAL BRASIL LTDA.;01.289.530/0001-64
30/06/2016;30/06/2016 14:00:01;FINDING DORY;PROCURANDO DORY;E1600258900000;DUBLADO;NÃO;ESTADOS UNIDOS;5001486;MOVIECOM MAXI 2;138;6000100;2912;2913;JUNDIAÍ;SP;MAXI CINEMATOGRÁFICA LTDA;05.279.756/0001-35
30/06/2016;30/06/2016 14:10:00;INDEPENDENCE DAY RESURGENCE;INDEPENDENCE DAY- O RESSURGIMENTO;E1600182600000;ORIGINAL;SIM;ESTADOS UNIDOS;5005002;CINESYSTEM AMERICAS 06;4;6000027;5348;28834;RIO DE JANEIRO;RJ;REDECINE - RIO CINEMATOGRAFICA S.A.;07.524.011/0001-10
30/06/2016;30/06/2016 14:10:00;INDEPENDENCE DAY RESURGENCE;INDEPENDENCE DAY- O RESSURGIMENTO;E1600182600000;DUBLADO;NÃO;ESTADOS UNIDOS;5005330;UCI BRASIL - SUMAÚMA PARK SHOPPING MANAUS SALA 07;37;6000058;749;31265;MANAUS;AM;UNITED CINEMAS INTERNATIONAL BRASIL LTDA.;01.289.530/0001-64
30/06/2016;30/06/2016 14:10:00;ME BEFORE YOU;COMO EU ERA ANTES DE VOCÊ;E1500875700000;DUBLADO;NÃO;ESTADOS UNIDOS;5003419;CINEMARK SHOPPING RAPOSO TAVARES 01;23;6000018;1843;20591;SÃO PAULO;SP;CINEMARK BRASIL S.A;00.779.721/0001-41
30/06/2016;30/06/2016 14:10:00;ME BEFORE YOU;COMO EU ERA ANTES DE VOCÊ;E1500875700000;DUBLADO;NÃO;ESTADOS UNIDOS;5005574;CINESYSTEM PAULISTA SALA 04;20;6000027;22546;33152;PAULISTA;PE;REDECINE BRA CINEMATOGRÁFICA S.A.;15.422.993/0001-67
30/06/2016;30/06/2016 14:10:00;ME BEFORE YOU;COMO EU ERA ANTES DE VOCÊ;E1500875700000;DUBLADO;NÃO;ESTADOS UNIDOS;5001626;CINESYSTEM SHOPPING TOTAL SALA 03;26;6000027;2375;6658;CURITIBA;PR;REDECINE CWB CINEMATOGRÁFICA LTDA;05.747.411/0001-69
30/06/2016;30/06/2016 14:15:00;FINDING DORY;PROCURANDO DORY;E1600258900000;DUBLADO;NÃO;ESTADOS UNIDOS;5000779;NEW YORK CITY CENTER - SALA 15;59;6000058;749;2620;RIO DE JANEIRO;RJ;UNITED CINEMAS INTERNATIONAL BRASIL LTDA.;01.289.530/0001-64
30/06/2016;30/06/2016 14:15:01;INDEPENDENCE DAY RESURGENCE;INDEPENDENCE DAY- O RESSURGIMENTO;E1600182600000;DUBLADO;NÃO;ESTADOS UNIDOS;5001493;MOVIECOM MAXI 7;42;6000100;2912;2913;JUNDIAÍ;SP;MAXI CINEMATOGRÁFICA LTDA;05.279.756/0001-35
30/06/2016;30/06/2016 14:20:00;TEENAGE MUTANT NINJA TURTLES: OUT OF THE SHADOWS;AS TARTARUGAS NINJA: FORA DAS SOMBRAS;E1600265600000;DUBLADO;NÃO;ESTADOS UNIDOS;5002062;AGUA VERDE 1;3;6000023;12893;12894;CURITIBA;PR;ESTILO PRODUÇÕES ARTISTICAS LTDA;03.293.165/0001-97
30/06/2016;30/06/2016 14:20:00;TEENAGE MUTANT NINJA TURTLES: OUT OF THE SHADOWS;AS TARTARUGAS NINJA: FORA DAS SOMBRAS;E1600265600000;DUBLADO;NÃO;ESTADOS UNIDOS;5004999;CINESYSTEM AMERICAS 03;12;6000027;5348;28834;RIO DE JANEIRO;RJ;REDECINE - RIO CINEMATOGRAFICA S.A.;07.524.011/0001-10
30/06/2016;30/06/2016 14:20:00;TEENAGE MUTANT NINJA TURTLES: OUT OF THE SHADOWS;AS TARTARUGAS NINJA: FORA DAS SOMBRAS;E1600265600000;DUBLADO;NÃO;ESTADOS UNIDOS;5001628;CINESYSTEM SHOPPING TOTAL SALA 05;11;6000027;2375;6658;CURITIBA;PR;REDECINE CWB CINEMATOGRÁFICA LTDA;05.747.411/0001-69
30/06/2016;30/06/2016 14:30:00;FINDING DORY;PROCURANDO DORY;E1600258900000;DUBLADO;NÃO;ESTADOS UNIDOS;5003086;CINESPAÇO FLORIANÓPOLIS 2;17;6000018;1014;19103;FLORIANÓPOLIS;SC;CIRCUITO ESPAÇO DE CINEMA S/A;03.695.435/0001-96
30/06/2016;30/06/2016 14:30:00;FINDING DORY;PROCURANDO DORY;E1600258900000;DUBLADO;NÃO;ESTADOS UNIDOS;5002781;ILHA PLAZA 01;83;6000027;5348;16645;RIO DE JANEIRO;RJ;REDECINE - RIO CINEMATOGRAFICA S.A.;07.524.011/0001-10
30/06/2016;30/06/2016 14:30:00;INDEPENDENCE DAY RESURGENCE;INDEPENDENCE DAY- O RESSURGIMENTO;E1600182600000;DUBLADO;NÃO;ESTADOS UNIDOS;5003368;ARAÚJO MULTIPLEX VIA VERDE 01;29;6000002;3103;20363;RIO BRANCO;AC;EMPRESA CINEMATOGRÁFICA ARAÇATUBA LTDA;03.519.995/0001-90
30/06/2016;30/06/2016 14:30:00;ME BEFORE YOU;COMO EU ERA ANTES DE VOCÊ;E1500875700000;DUBLADO;NÃO;ESTADOS UNIDOS;5000778;NEW YORK CITY CENTER - SALA 14;39;6000058;749;2620;RIO DE JANEIRO;RJ;UNITED CINEMAS INTERNATIONAL BRASIL LTDA.;01.289.530/0001-64
30/06/2016;30/06/2016 14:30:00;PORTA DOS FUNDOS - CONTRATO VITALÍCIO;;B1600368700000;ORIGINAL;NÃO;BRASIL;5001491;MOVIECOM MAXI 6;7;6000100;2912;2913;JUNDIAÍ;SP;MAXI CINEMATOGRÁFICA LTDA;05.279.756/0001-35
30/06/2016;30/06/2016 14:30:00;PORTA DOS FUNDOS - CONTRATO VITALÍCIO;;B1600368700000;DUBLADO;NÃO;BRASIL;5005325;UCI BRASIL - SUMAÚMA PARK SHOPPING MANAUS SALA 02;7;6000058;749;31265;MANAUS;AM;UNITED CINEMAS INTERNATIONAL BRASIL LTDA.;01.289.530/0001-64
30/06/2016;30/06/2016 14:40:00;ME BEFORE YOU;COMO EU ERA ANTES DE VOCÊ;E1500875700000;DUBLADO;NÃO;ESTADOS UNIDOS;5003088;CINESPAÇO FLORIANÓPOLIS 5;30;6000018;1014;19103;FLORIANÓPOLIS;SC;CIRCUITO ESPAÇO DE CINEMA S/A;03.695.435/0001-96
30/06/2016;30/06/2016 14:40:00;PORTA DOS FUNDOS - CONTRATO VITALÍCIO;;B1600368700000;DUBLADO;NÃO;BRASIL;5001624;CINESYSTEM SHOPPING TOTAL SALA 01;1;6000027;2375;6658;CURITIBA;PR;REDECINE CWB CINEMATOGRÁFICA LTDA;05.747.411/0001-69
30/06/2016;30/06/2016 14:40:00;TEENAGE MUTANT NINJA TURTLES: OUT OF THE SHADOWS;AS TARTARUGAS NINJA: FORA DAS SOMBRAS;E1600265600000;DUBLADO;NÃO;ESTADOS UNIDOS;5000770;NEW YORK CITY CENTER - SALA 06;14;6000058;749;2620;RIO DE JANEIRO;RJ;UNITED CINEMAS INTERNATIONAL BRASIL LTDA.;01.289.530/0001-64
30/06/2016;30/06/2016 14:45:00;TEENAGE MUTANT NINJA TURTLES: OUT OF THE SHADOWS;AS TARTARUGAS NINJA: FORA DAS SOMBRAS;E1600265600000;DUBLADO;NÃO;ESTADOS UNIDOS;5000776;NEW YORK CITY CENTER - SALA 12;2;6000058;749;2620;RIO DE JANEIRO;RJ;UNITED CINEMAS INTERNATIONAL BRASIL LTDA.;01.289.530/0001-64
30/06/2016;30/06/2016 14:50:00;FINDING DORY;PROCURANDO DORY;E1600258900000;DUBLADO;NÃO;ESTADOS UNIDOS;5005000;CINESYSTEM AMERICAS 04;28;6000027;5348;28834;RIO DE JANEIRO;RJ;REDECINE - RIO CINEMATOGRAFICA S.A.;07.524.011/0001-10
30/06/2016;30/06/2016 14:50:00;FINDING DORY;PROCURANDO DORY;E1600258900000;DUBLADO;NÃO;ESTADOS UNIDOS;5001487;MOVIECOM MAXI 5;67;6000100;2912;2913;JUNDIAÍ;SP;MAXI CINEMATOGRÁFICA LTDA;05.279.756/0001-35
30/06/2016;30/06/2016 15:00:00;FINDING DORY;PROCURANDO DORY;E1600258900000;DUBLADO;NÃO;ESTADOS UNIDOS;5004486;ARAPIRACA BRA 04;65;6000027;22546;26037;ARAPIRACA;AL;REDECINE BRA CINEMATOGRÁFICA S.A.;15.422.993/0001-67
30/06/2016;30/06/2016 15:00:00;FINDING DORY;PROCURANDO DORY;E1600258900000;DUBLADO;NÃO;ESTADOS UNIDOS;5003369;ARAÚJO MULTIPLEX VIA VERDE 02;100;6000002;3103;20363;RIO BRANCO;AC;EMPRESA CINEMATOGRÁFICA ARAÇATUBA LTDA;03.519.995/0001-90
30/06/2016;30/06/2016 15:00:00;FINDING DORY;PROCURANDO DORY;E1600258900000;DUBLADO;NÃO;ESTADOS UNIDOS;5001625;CINESYSTEM SHOPPING TOTAL SALA 02;18;6000027;2375;6658;CURITIBA;PR;REDECINE CWB CINEMATOGRÁFICA LTDA;05.747.411/0001-69
30/06/2016;30/06/2016 15:00:00;FINDING DORY;PROCURANDO DORY;E1600258900000;DUBLADO;NÃO;ESTADOS UNIDOS;5003898;SALA 01;61;6000002;3136;24148;SOROCABA;SP;MSA EMPRESA CINEMATOGRÁFICA LTDA;03.608.600/0001-25
30/06/2016;30/06/2016 15:00:00;ME BEFORE YOU;COMO EU ERA ANTES DE VOCÊ;E1500875700000;DUBLADO;NÃO;ESTADOS UNIDOS;5001482;MOVIECOM MAXI 3;50;6000100;2912;2913;JUNDIAÍ;SP;MAXI CINEMATOGRÁFICA LTDA;05.279.756/0001-35
30/06/2016;30/06/2016 15:15:00;FINDING DORY;PROCURANDO DORY;E1600258900000;DUBLADO;NÃO;ESTADOS UNIDOS;5000767;NEW YORK CITY CENTER - SALA 03;47;6000058;749;2620;RIO DE JANEIRO;RJ;UNITED CINEMAS INTERNATIONAL BRASIL LTDA.;01.289.530/0001-64
30/06/2016;30/06/2016 15:15:00;FINDING DORY;PROCURANDO DORY;E1600258900000;DUBLADO;NÃO;ESTADOS UNIDOS;5005324;UCI BRASIL - SUMAÚMA PARK SHOPPING MANAUS SALA 01;114;6000058;749;31265;MANAUS;AM;UNITED CINEMAS INTERNATIONAL BRASIL LTDA.;01.289.530/0001-64
30/06/2016;30/06/2016 15:20:00;ME BEFORE YOU;COMO EU ERA ANTES DE VOCÊ;E1500875700000;DUBLADO;NÃO;ESTADOS UNIDOS;5005329;UCI BRASIL - SUMAÚMA PARK SHOPPING MANAUS SALA 06;64;6000058;749;31265;MANAUS;AM;UNITED CINEMAS INTERNATIONAL BRASIL LTDA.;01.289.530/0001-64
30/06/2016;30/06/2016 15:20:00;PORTA DOS FUNDOS - CONTRATO VITALÍCIO;;B1600368700000;DUBLADO;NÃO;BRASIL;5000782;NEW YORK CITY CENTER - SALA 18;30;6000058;749;2620;RIO DE JANEIRO;RJ;UNITED CINEMAS INTERNATIONAL BRASIL LTDA.;01.289.530/0001-64
30/06/2016;30/06/2016 15:30:00;FINDING DORY;PROCURANDO DORY;E1600258900000;DUBLADO;NÃO;ESTADOS UNIDOS;5003371;ARAÚJO MULTIPLEX VIA VERDE 04;49;6000002;3103;20363;RIO BRANCO;AC;EMPRESA CINEMATOGRÁFICA ARAÇATUBA LTDA;03.519.995/0001-90
30/06/2016;30/06/2016 15:30:00;FINDING DORY;PROCURANDO DORY;E1600258900000;DUBLADO;NÃO;ESTADOS UNIDOS;5003422;CINEMARK SHOPPING RAPOSO TAVARES 04;70;6000018;1843;20591;SÃO PAULO;SP;CINEMARK BRASIL S.A;00.779.721/0001-41
30/06/2016;30/06/2016 15:30:00;FINDING DORY;PROCURANDO DORY;E1600258900000;DUBLADO;NÃO;ESTADOS UNIDOS;5000780;NEW YORK CITY CENTER - SALA 16;37;6000058;749;2620;RIO DE JANEIRO;RJ;UNITED CINEMAS INTERNATIONAL BRASIL LTDA.;01.289.530/0001-64
30/06/2016;30/06/2016 15:30:00;FINDING DORY;PROCURANDO DORY;E1600258900000;DUBLADO;NÃO;ESTADOS UNIDOS;5003900;SALA 3;47;6000002;3136;24148;SOROCABA;SP;MSA EMPRESA CINEMATOGRÁFICA LTDA;03.608.600/0001-25
30/06/2016;30/06/2016 15:30:00;PORTA DOS FUNDOS - CONTRATO VITALÍCIO;;B1600368700000;DUBLADO;NÃO;BRASIL;5005326;UCI BRASIL - SUMAÚMA PARK SHOPPING MANAUS SALA 03;5;6000058;749;31265;MANAUS;AM;UNITED CINEMAS INTERNATIONAL BRASIL LTDA.;01.289.530/0001-64
30/06/2016;30/06/2016 15:40:00;THE CONJURING 2;INVOCAÇÃO DO MAL 2;E1600342300000;DUBLADO;NÃO;ESTADOS UNIDOS;5005573;CINESYSTEM PAULISTA SALA 03;23;6000027;22546;33152;PAULISTA;PE;REDECINE BRA CINEMATOGRÁFICA S.A.;15.422.993/0001-67
30/06/2016;30/06/2016 15:45:00;FINDING DORY;PROCURANDO DORY;E1600258900000;DUBLADO;NÃO;ESTADOS UNIDOS;5000777;NEW YORK CITY CENTER - SALA 13;40;6000058;749;2620;RIO DE JANEIRO;RJ;UNITED CINEMAS INTERNATIONAL BRASIL LTDA.;01.289.530/0001-64
30/06/2016;30/06/2016 15:45:00;FINDING DORY;PROCURANDO DORY;E1600258900000;DUBLADO;NÃO;ESTADOS UNIDOS;5005331;UCI BRASIL - SUMAÚMA PARK SHOPPING MANAUS SALA 08;152;6000058;749;31265;MANAUS;AM;UNITED CINEMAS INTERNATIONAL BRASIL LTDA.;01.289.530/0001-64
30/06/2016;30/06/2016 15:45:00;INDEPENDENCE DAY RESURGENCE;INDEPENDENCE DAY- O RESSURGIMENTO;E1600182600000;DUBLADO;NÃO;ESTADOS UNIDOS;5000766;NEW YORK CITY CENTER - SALA 02;42;6000058;749;2620;RIO DE JANEIRO;RJ;UNITED CINEMAS INTERNATIONAL BRASIL LTDA.;01.289.530/0001-64
30/06/2016;30/06/2016 15:45:00;THE CONJURING 2;INVOCAÇÃO DO MAL 2;E1600342300000;DUBLADO;NÃO;ESTADOS UNIDOS;5000775;NEW YORK CITY CENTER - SALA 11;26;6000058;749;2620;RIO DE JANEIRO;RJ;UNITED CINEMAS INTERNATIONAL BRASIL LTDA.;01.289.530/0001-64
30/06/2016;30/06/2016 15:50:00;PORTA DOS FUNDOS - CONTRATO VITALÍCIO;;B1600368700000;ORIGINAL;NÃO;BRASIL;5003424;CINEMARK SHOPPING RAPOSO TAVARES 06;6;6000018;1843;20591;SÃO PAULO;SP;CINEMARK BRASIL S.A;00.779.721/0001-41
30/06/2016;30/06/2016 15:50:00;PORTA DOS FUNDOS - CONTRATO VITALÍCIO;;B1600368700000;DUBLADO;NÃO;BRASIL;5000772;NEW YORK CITY CENTER - SALA 08;8;6000058;749;2620;RIO DE JANEIRO;RJ;UNITED CINEMAS INTERNATIONAL BRASIL LTDA.;01.289.530/0001-64
30/06/2016;30/06/2016 15:50:00;TEENAGE MUTANT NINJA TURTLES: OUT OF THE SHADOWS;AS TARTARUGAS NINJA: FORA DAS SOMBRAS;E1600265600000;DUBLADO;NÃO;ESTADOS UNIDOS;5004484;ARAPIRACA BRA 02;15;6000027;22546;26037;ARAPIRACA;AL;REDECINE BRA CINEMATOGRÁFICA S.A.;15.422.993/0001-67
30/06/2016;30/06/2016 16:00:00;FINDING DORY;PROCURANDO DORY;E1600258900000;DUBLADO;NÃO;ESTADOS UNIDOS;5003087;CINESPAÇO FLORIANÓPOLIS 1;39;6000018;1014;19103;FLORIANÓPOLIS;SC;CIRCUITO ESPAÇO DE CINEMA S/A;03.695.435/0001-96
30/06/2016;30/06/2016 16:00:00;MAIS FORTE QUE O MUNDO - A HISTÓRIA DE JOSÉ ALDO;;B1600294500000;DUBLADO;NÃO;BRASIL;5004997;CINESYSTEM AMERICAS 01;12;6000027;5348;28834;RIO DE JANEIRO;RJ;REDECINE - RIO CINEMATOGRAFICA S.A.;07.524.011/0001-10
30/06/2016;30/06/2016 16:00:00;ME BEFORE YOU;COMO EU ERA ANTES DE VOCÊ;E1500875700000;DUBLADO;NÃO;ESTADOS UNIDOS;5000769;NEW YORK CITY CENTER - SALA 05;26;6000058;749;2620;RIO DE JANEIRO;RJ;UNITED CINEMAS INTERNATIONAL BRASIL LTDA.;01.289.530/0001-64
30/06/2016;30/06/2016 16:00:00;PORTA DOS FUNDOS - CONTRATO VITALÍCIO;;B1600368700000;DUBLADO;NÃO;BRASIL;5004487;ARAPIRACA BRA 05;13;6000027;22546;26037;ARAPIRACA;AL;REDECINE BRA CINEMATOGRÁFICA S.A.;15.422.993/0001-67
30/06/2016;30/06/2016 16:10:00;ME BEFORE YOU;COMO EU ERA ANTES DE VOCÊ;E1500875700000;DUBLADO;NÃO;ESTADOS UNIDOS;5004488;ARAPIRACA BRA 06;34;6000027;22546;26037;ARAPIRACA;AL;REDECINE BRA CINEMATOGRÁFICA S.A.;15.422.993/0001-67
30/06/2016;30/06/2016 16:10:00;ME BEFORE YOU;COMO EU ERA ANTES DE VOCÊ;E1500875700000;ORIGINAL;SIM;ESTADOS UNIDOS;5005001;CINESYSTEM AMERICAS 05;19;6000027;5348;28834;RIO DE JANEIRO;RJ;REDECINE - RIO CINEMATOGRAFICA S.A.;07.524.011/0001-10
30/06/2016;30/06/2016 16:10:00;TEENAGE MUTANT NINJA TURTLES: OUT OF THE SHADOWS;AS TARTARUGAS NINJA: FORA DAS SOMBRAS;E1600265600000;DUBLADO;NÃO;ESTADOS UNIDOS;5005577;CINESYSTEM PAULISTA SALA 07;36;6000027;22546;33152;PAULISTA;PE;REDECINE BRA CINEMATOGRÁFICA S.A.;15.422.993/0001-67
30/06/2016;30/06/2016 16:10:00;TEENAGE MUTANT NINJA TURTLES: OUT OF THE SHADOWS;AS TARTARUGAS NINJA: FORA DAS SOMBRAS;E1600265600000;DUBLADO;NÃO;ESTADOS UNIDOS;5005327;UCI BRASIL - SUMAÚMA PARK SHOPPING MANAUS SALA 04;47;6000058;749;31265;MANAUS;AM;UNITED CINEMAS INTERNATIONAL BRASIL LTDA.;01.289.530/0001-64
30/06/2016;30/06/2016 16:10:01;FINDING DORY;PROCURANDO DORY;E1600258900000;DUBLADO;NÃO;ESTADOS UNIDOS;5001486;MOVIECOM MAXI 2;162;6000100;2912;2913;JUNDIAÍ;SP;MAXI CINEMATOGRÁFICA LTDA;05.279.756/0001-35
30/06/2016;30/06/2016 16:15:00;INDEPENDENCE DAY RESURGENCE;INDEPENDENCE DAY- O RESSURGIMENTO;E1600182600000;ORIGINAL;SIM;ESTADOS UNIDOS;5000768;NEW YORK CITY CENTER - SALA 04;25;6000058;749;2620;RIO DE JANEIRO;RJ;UNITED CINEMAS INTERNATIONAL BRASIL LTDA.;01.289.530/0001-64
30/06/2016;30/06/2016 16:15:00;INDEPENDENCE DAY RESURGENCE;INDEPENDENCE DAY- O RESSURGIMENTO;E1600182600000;ORIGINAL;SIM;ESTADOS UNIDOS;5000774;NEW YORK CITY CENTER - SALA 10;38;6000058;749;2620;RIO DE JANEIRO;RJ;UNITED CINEMAS INTERNATIONAL BRASIL LTDA.;01.289.530/0001-64
30/06/2016;30/06/2016 16:15:00;TEENAGE MUTANT NINJA TURTLES: OUT OF THE SHADOWS;AS TARTARUGAS NINJA: FORA DAS SOMBRAS;E1600265600000;DUBLADO;NÃO;ESTADOS UNIDOS;5000921;MOVIECOM MAXI 1;39;6000100;2912;2913;JUNDIAÍ;SP;MAXI CINEMATOGRÁFICA LTDA;05.279.756/0001-35
30/06/2016;30/06/2016 16:20:00;FINDING DORY;PROCURANDO DORY;E1600258900000;DUBLADO;NÃO;ESTADOS UNIDOS;5002063;AGUA VERDE 2;26;6000023;12893;12894;CURITIBA;PR;ESTILO PRODUÇÕES ARTISTICAS LTDA;03.293.165/0001-97
30/06/2016;30/06/2016 16:20:00;FINDING DORY;PROCURANDO DORY;E1600258900000;DUBLADO;NÃO;ESTADOS UNIDOS;5004485;ARAPIRACA BRA 03;30;6000027;22546;26037;ARAPIRACA;AL;REDECINE BRA CINEMATOGRÁFICA S.A.;15.422.993/0001-67
30/06/2016;30/06/2016 16:20:00;FINDING DORY;PROCURANDO DORY;E1600258900000;DUBLADO;NÃO;ESTADOS UNIDOS;5005003;CINESYSTEM AMERICAS 07;42;6000027;5348;28834;RIO DE JANEIRO;RJ;REDECINE - RIO CINEMATOGRAFICA S.A.;07.524.011/0001-10
30/06/2016;30/06/2016 16:20:00;FINDING DORY;PROCURANDO DORY;E1600258900000;DUBLADO;NÃO;ESTADOS UNIDOS;5005572;CINESYSTEM PAULISTA SALA 01;112;6000027;22546;33152;PAULISTA;PE;REDECINE BRA CINEMATOGRÁFICA S.A.;15.422.993/0001-67
30/06/2016;30/06/2016 16:20:00;FINDING DORY;PROCURANDO DORY;E1600258900000;DUBLADO;NÃO;ESTADOS UNIDOS;5001627;CINESYSTEM SHOPPING TOTAL SALA 04;31;6000027;2375;6658;CURITIBA;PR;REDECINE CWB CINEMATOGRÁFICA LTDA;05.747.411/0001-69
30/06/2016;30/06/2016 16:20:00;MAIS FORTE QUE O MUNDO - A HISTÓRIA DE JOSÉ ALDO;;B1600294500000;DUBLADO;NÃO;BRASIL;5000771;NEW YORK CITY CENTER - SALA 07;20;6000058;749;2620;RIO DE JANEIRO;RJ;UNITED CINEMAS INTERNATIONAL BRASIL LTDA.;01.289.530/0001-64
30/06/2016;30/06/2016 16:20:00;PORTA DOS FUNDOS - CONTRATO VITALÍCIO;;B1600368700000;DUBLADO;NÃO;BRASIL;5000781;NEW YORK CITY CENTER - SALA 17;16;6000058;749;2620;RIO DE JANEIRO;RJ;UNITED CINEMAS INTERNATIONAL BRASIL LTDA.;01.289.530/0001-64
30/06/2016;30/06/2016 16:20:00;THE CONJURING 2;INVOCAÇÃO DO MAL 2;E1600342300000;DUBLADO;NÃO;ESTADOS UNIDOS;5001484;MOVIECOM MAXI 4;34;6000100;2912;2913;JUNDIAÍ;SP;MAXI CINEMATOGRÁFICA LTDA;05.279.756/0001-35
30/06/2016;30/06/2016 16:30:00;FINDING DORY;PROCURANDO DORY;E1600258900000;DUBLADO;NÃO;ESTADOS UNIDOS;5000779;NEW YORK CITY CENTER - SALA 15;82;6000058;749;2620;RIO DE JANEIRO;RJ;UNITED CINEMAS INTERNATIONAL BRASIL LTDA.;01.289.530/0001-64
30/06/2016;30/06/2016 16:30:00;INDEPENDENCE DAY RESURGENCE;INDEPENDENCE DAY- O RESSURGIMENTO;E1600182600000;DUBLADO;NÃO;ESTADOS UNIDOS;5002062;AGUA VERDE 1;3;6000023;12893;12894;CURITIBA;PR;ESTILO PRODUÇÕES ARTISTICAS LTDA;03.293.165/0001-97
30/06/2016;30/06/2016 16:30:00;INDEPENDENCE DAY RESURGENCE;INDEPENDENCE DAY- O RESSURGIMENTO;E1600182600000;DUBLADO;NÃO;ESTADOS UNIDOS;5004483;ARAPIRACA BRA 01;18;6000027;22546;26037;ARAPIRACA;AL;REDECINE BRA CINEMATOGRÁFICA S.A.;15.422.993/0001-67
30/06/2016;30/06/2016 16:30:00;ME BEFORE YOU;COMO EU ERA ANTES DE VOCÊ;E1500875700000;DUBLADO;NÃO;ESTADOS UNIDOS;5005574;CINESYSTEM PAULISTA SALA 04;30;6000027;22546;33152;PAULISTA;PE;REDECINE BRA CINEMATOGRÁFICA S.A.;15.422.993/0001-67
30/06/2016;30/06/2016 16:30:00;ME BEFORE YOU;COMO EU ERA ANTES DE VOCÊ;E1500875700000;DUBLADO;NÃO;ESTADOS UNIDOS;5001626;CINESYSTEM SHOPPING TOTAL SALA 03;11;6000027;2375;6658;CURITIBA;PR;REDECINE CWB CINEMATOGRÁFICA LTDA;05.747.411/0001-69
30/06/2016;30/06/2016 16:30:00;ME BEFORE YOU;COMO EU ERA ANTES DE VOCÊ;E1500875700000;ORIGINAL;SIM;ESTADOS UNIDOS;5000773;NEW YORK CITY CENTER - SALA 09;19;6000058;749;2620;RIO DE JANEIRO;RJ;UNITED CINEMAS INTERNATIONAL BRASIL LTDA.;01.289.530/0001-64
30/06/2016;30/06/2016 16:30:00;THE CONJURING 2;INVOCAÇÃO DO MAL 2;E1600342300000;DUBLADO;NÃO;ESTADOS UNIDOS;5005328;UCI BRASIL - SUMAÚMA PARK SHOPPING MANAUS SALA 05;53;6000058;749;31265;MANAUS;AM;UNITED CINEMAS INTERNATIONAL BRASIL LTDA.;01.289.530/0001-64
30/06/2016;30/06/2016 16:40:00;FINDING DORY;PROCURANDO DORY;E1600258900000;DUBLADO;NÃO;ESTADOS UNIDOS;5003086;CINESPAÇO FLORIANÓPOLIS 2;22;6000018;1014;19103;FLORIANÓPOLIS;SC;CIRCUITO ESPAÇO DE CINEMA S/A;03.695.435/0001-96
30/06/2016;30/06/2016 16:40:00;FINDING DORY;PROCURANDO DORY;E1600258900000;DUBLADO;NÃO;ESTADOS UNIDOS;5005002;CINESYSTEM AMERICAS 06;21;6000027;5348;28834;RIO DE JANEIRO;RJ;REDECINE - RIO CINEMATOGRAFICA S.A.;07.524.011/0001-10
30/06/2016;30/06/2016 16:40:00;INDEPENDENCE DAY RESURGENCE;INDEPENDENCE DAY- O RESSURGIMENTO;E1600182600000;DUBLADO;NÃO;ESTADOS UNIDOS;5001628;CINESYSTEM SHOPPING TOTAL SALA 05;10;6000027;2375;6658;CURITIBA;PR;REDECINE CWB CINEMATOGRÁFICA LTDA;05.747.411/0001-69
30/06/2016;30/06/2016 16:40:00;INDEPENDENCE DAY RESURGENCE;INDEPENDENCE DAY- O RESSURGIMENTO;E1600182600000;DUBLADO;NÃO;ESTADOS UNIDOS;5005330;UCI BRASIL - SUMAÚMA PARK SHOPPING MANAUS SALA 07;28;6000058;749;31265;MANAUS;AM;UNITED CINEMAS INTERNATIONAL BRASIL LTDA.;01.289.530/0001-64
30/06/2016;30/06/2016 16:40:00;ME BEFORE YOU;COMO EU ERA ANTES DE VOCÊ;E1500875700000;DUBLADO;NÃO;ESTADOS UNIDOS;5003419;CINEMARK SHOPPING RAPOSO TAVARES 01;27;6000018;1843;20591;SÃO PAULO;SP;CINEMARK BRASIL S.A;00.779.721/0001-41
30/06/2016;30/06/2016 16:40:00;NOW YOU SEE ME: THE SECOND ACT;TRUQUE DE MESTRE 2;E1500269900000;DUBLADO;NÃO;ESTADOS UNIDOS;5000765;NEW YORK CITY CENTER - SALA 01;30;6000058;749;2620;RIO DE JANEIRO;RJ;UNITED CINEMAS INTERNATIONAL BRASIL LTDA.;01.289.530/0001-64
30/06/2016;30/06/2016 16:45:00;INDEPENDENCE DAY RESURGENCE;INDEPENDENCE DAY- O RESSURGIMENTO;E1600182600000;DUBLADO;NÃO;ESTADOS UNIDOS;5003368;ARAÚJO MULTIPLEX VIA VERDE 01;42;6000002;3103;20363;RIO BRANCO;AC;EMPRESA CINEMATOGRÁFICA ARAÇATUBA LTDA;03.519.995/0001-90
30/06/2016;30/06/2016 16:45:00;INDEPENDENCE DAY RESURGENCE;INDEPENDENCE DAY- O RESSURGIMENTO;E1600182600000;DUBLADO;NÃO;ESTADOS UNIDOS;5004999;CINESYSTEM AMERICAS 03;25;6000027;5348;28834;RIO DE JANEIRO;RJ;REDECINE - RIO CINEMATOGRAFICA S.A.;07.524.011/0001-10
30/06/2016;30/06/2016 16:45:00;INDEPENDENCE DAY RESURGENCE;INDEPENDENCE DAY- O RESSURGIMENTO;E1600182600000;DUBLADO;NÃO;ESTADOS UNIDOS;5001493;MOVIECOM MAXI 7;30;6000100;2912;2913;JUNDIAÍ;SP;MAXI CINEMATOGRÁFICA LTDA;05.279.756/0001-35
30/06/2016;30/06/2016 16:45:00;PORTA DOS FUNDOS - CONTRATO VITALÍCIO;;B1600368700000;DUBLADO;NÃO;BRASIL;5005325;UCI BRASIL - SUMAÚMA PARK SHOPPING MANAUS SALA 02;11;6000058;749;31265;MANAUS;AM;UNITED CINEMAS INTERNATIONAL BRASIL LTDA.;01.289.530/0001-64
30/06/2016;30/06/2016 16:50:00;FINDING DORY;PROCURANDO DORY;E1600258900000;DUBLADO;NÃO;ESTADOS UNIDOS;5002781;ILHA PLAZA 01;120;6000027;5348;16645;RIO DE JANEIRO;RJ;REDECINE - RIO CINEMATOGRAFICA S.A.;07.524.011/0001-10
30/06/2016;30/06/2016 16:50:00;ME BEFORE YOU;COMO EU ERA ANTES DE VOCÊ;E1500875700000;ORIGINAL;SIM;ESTADOS UNIDOS;5000778;NEW YORK CITY CENTER - SALA 14;57;6000058;749;2620;RIO DE JANEIRO;RJ;UNITED CINEMAS INTERNATIONAL BRASIL LTDA.;01.289.530/0001-64
30/06/2016;30/06/2016 16:50:00;PORTA DOS FUNDOS - CONTRATO VITALÍCIO;;B1600368700000;ORIGINAL;NÃO;BRASIL;5001491;MOVIECOM MAXI 6;7;6000100;2912;2913;JUNDIAÍ;SP;MAXI CINEMATOGRÁFICA LTDA;05.279.756/0001-35
30/06/2016;30/06/2016 17:00:00;FINDING DORY;PROCURANDO DORY;E1600258900000;DUBLADO;NÃO;ESTADOS UNIDOS;5003369;ARAÚJO MULTIPLEX VIA VERDE 02;111;6000002;3103;20363;RIO BRANCO;AC;EMPRESA CINEMATOGRÁFICA ARAÇATUBA LTDA;03.519.995/0001-90
30/06/2016;30/06/2016 17:00:00;FINDING DORY;PROCURANDO DORY;E1600258900000;DUBLADO;NÃO;ESTADOS UNIDOS;5001487;MOVIECOM MAXI 5;76;6000100;2912;2913;JUNDIAÍ;SP;MAXI CINEMATOGRÁFICA LTDA;05.279.756/0001-35
30/06/2016;30/06/2016 17:00:00;FINDING DORY;PROCURANDO DORY;E1600258900000;DUBLADO;NÃO;ESTADOS UNIDOS;5003898;SALA 01;30;6000002;3136;24148;SOROCABA;SP;MSA EMPRESA CINEMATOGRÁFICA LTDA;03.608.600/0001-25
30/06/2016;30/06/2016 17:00:00;ME BEFORE YOU;COMO EU ERA ANTES DE VOCÊ;E1500875700000;ORIGINAL;SIM;ESTADOS UNIDOS;5003088;CINESPAÇO FLORIANÓPOLIS 5;21;6000018;1014;19103;FLORIANÓPOLIS;SC;CIRCUITO ESPAÇO DE CINEMA S/A;03.695.435/0001-96
30/06/2016;30/06/2016 17:00:00;PORTA DOS FUNDOS - CONTRATO VITALÍCIO;;B1600368700000;DUBLADO;NÃO;BRASIL;5001624;CINESYSTEM SHOPPING TOTAL SALA 01;1;6000027;2375;6658;CURITIBA;PR;REDECINE CWB CINEMATOGRÁFICA LTDA;05.747.411/0001-69
30/06/2016;30/06/2016 17:05:00;TEENAGE MUTANT NINJA TURTLES: OUT OF THE SHADOWS;AS TARTARUGAS NINJA: FORA DAS SOMBRAS;E1600265600000;DUBLADO;NÃO;ESTADOS UNIDOS;5000770;NEW YORK CITY CENTER - SALA 06;22;6000058;749;2620;RIO DE JANEIRO;RJ;UNITED CINEMAS INTERNATIONAL BRASIL LTDA.;01.289.530/0001-64
30/06/2016;30/06/2016 17:10:00;FINDING DORY;PROCURANDO DORY;E1600258900000;DUBLADO;NÃO;ESTADOS UNIDOS;5005000;CINESYSTEM AMERICAS 04;27;6000027;5348;28834;RIO DE JANEIRO;RJ;REDECINE - RIO CINEMATOGRAFICA S.A.;07.524.011/0001-10
30/06/2016;30/06/2016 17:10:00;TEENAGE MUTANT NINJA TURTLES: OUT OF THE SHADOWS;AS TARTARUGAS NINJA: FORA DAS SOMBRAS;E1600265600000;DUBLADO;NÃO;ESTADOS UNIDOS;5000776;NEW YORK CITY CENTER - SALA 12;6;6000058;749;2620;RIO DE JANEIRO;RJ;UNITED CINEMAS INTERNATIONAL BRASIL LTDA.;01.289.530/0001-64
30/06/2016;30/06/2016 17:15:00;FINDING DORY;PROCURANDO DORY;E1600258900000;DUBLADO;NÃO;ESTADOS UNIDOS;5004486;ARAPIRACA BRA 04;4;6000027;22546;26037;ARAPIRACA;AL;REDECINE BRA CINEMATOGRÁFICA S.A.;15.422.993/0001-67
30/06/2016;30/06/2016 17:15:00;ME BEFORE YOU;COMO EU ERA ANTES DE VOCÊ;E1500875700000;DUBLADO;NÃO;ESTADOS UNIDOS;5001482;MOVIECOM MAXI 3;53;6000100;2912;2913;JUNDIAÍ;SP;MAXI CINEMATOGRÁFICA LTDA;05.279.756/0001-35
30/06/2016;30/06/2016 17:20:00;FINDING DORY;PROCURANDO DORY;E1600258900000;DUBLADO;NÃO;ESTADOS UNIDOS;5001625;CINESYSTEM SHOPPING TOTAL SALA 02;20;6000027;2375;6658;CURITIBA;PR;REDECINE CWB CINEMATOGRÁFICA LTDA;05.747.411/0001-69
30/06/2016;30/06/2016 17:30:00;FINDING DORY;PROCURANDO DORY;E1600258900000;DUBLADO;NÃO;ESTADOS UNIDOS;5003371;ARAÚJO MULTIPLEX VIA VERDE 04;121;6000002;3103;20363;RIO BRANCO;AC;EMPRESA CINEMATOGRÁFICA ARAÇATUBA LTDA;03.519.995/0001-90
30/06/2016;30/06/2016 17:30:00;FINDING DORY;PROCURANDO DORY;E1600258900000;DUBLADO;NÃO;ESTADOS UNIDOS;5000767;NEW YORK CITY CENTER - SALA 03;72;6000058;749;2620;RIO DE JANEIRO;RJ;UNITED CINEMAS INTERNATIONAL BRASIL LTDA.;01.289.530/0001-64
30/06/2016;30/06/2016 17:30:00;FINDING DORY;PROCURANDO DORY;E1600258900000;DUBLADO;NÃO;ESTADOS UNIDOS;5003900;SALA 3;22;6000002;3136;24148;SOROCABA;SP;MSA EMPRESA CINEMATOGRÁFICA LTDA;03.608.600/0001-25
30/06/2016;30/06/2016 17:30:00;FINDING DORY;PROCURANDO DORY;E1600258900000;DUBLADO;NÃO;ESTADOS UNIDOS;5005324;UCI BRASIL - SUMAÚMA PARK SHOPPING MANAUS SALA 01;158;6000058;749;31265;MANAUS;AM;UNITED CINEMAS INTERNATIONAL BRASIL LTDA.;01.289.530/0001-64
30/06/2016;30/06/2016 17:40:00;ME BEFORE YOU;COMO EU ERA ANTES DE VOCÊ;E1500875700000;DUBLADO;NÃO;ESTADOS UNIDOS;5005329;UCI BRASIL - SUMAÚMA PARK SHOPPING MANAUS SALA 06;53;6000058;749;31265;MANAUS;AM;UNITED CINEMAS INTERNATIONAL BRASIL LTDA.;01.289.530/0001-64
30/06/2016;30/06/2016 17:40:00;PORTA DOS FUNDOS - CONTRATO VITALÍCIO;;B1600368700000;DUBLADO;NÃO;BRASIL;5000782;NEW YORK CITY CENTER - SALA 18;20;6000058;749;2620;RIO DE JANEIRO;RJ;UNITED CINEMAS INTERNATIONAL BRASIL LTDA.;01.289.530/0001-64
30/06/2016;30/06/2016 17:45:00;PORTA DOS FUNDOS - CONTRATO VITALÍCIO;;B1600368700000;DUBLADO;NÃO;BRASIL;5005326;UCI BRASIL - SUMAÚMA PARK SHOPPING MANAUS SALA 03;13;6000058;749;31265;MANAUS;AM;UNITED CINEMAS INTERNATIONAL BRASIL LTDA.;01.289.530/0001-64
30/06/2016;30/06/2016 18:00:00;FINDING DORY;PROCURANDO DORY;E1600258900000;DUBLADO;NÃO;ESTADOS UNIDOS;5003087;CINESPAÇO FLORIANÓPOLIS 1;34;6000018;1014;19103;FLORIANÓPOLIS;SC;CIRCUITO ESPAÇO DE CINEMA S/A;03.695.435/0001-96
30/06/2016;30/06/2016 18:00:00;FINDING DORY;PROCURANDO DORY;E1600258900000;DUBLADO;NÃO;ESTADOS UNIDOS;5000777;NEW YORK CITY CENTER - SALA 13;52;6000058;749;2620;RIO DE JANEIRO;RJ;UNITED CINEMAS INTERNATIONAL BRASIL LTDA.;01.289.530/0001-64
30/06/2016;30/06/2016 18:00:00;FINDING DORY;PROCURANDO DORY;E1600258900000;DUBLADO;NÃO;ESTADOS UNIDOS;5005331;UCI BRASIL - SUMAÚMA PARK SHOPPING MANAUS SALA 08;152;6000058;749;31265;MANAUS;AM;UNITED CINEMAS INTERNATIONAL BRASIL LTDA.;01.289.530/0001-64
30/06/2016;30/06/2016 18:10:00;FINDING DORY;PROCURANDO DORY;E1600258900000;DUBLADO;NÃO;ESTADOS UNIDOS;5003422;CINEMARK SHOPPING RAPOSO TAVARES 04;50;6000018;1843;20591;SÃO PAULO;SP;CINEMARK BRASIL S.A;00.779.721/0001-41
30/06/2016;30/06/2016 18:10:00;PORTA DOS FUNDOS - CONTRATO VITALÍCIO;;B1600368700000;DUBLADO;NÃO;BRASIL;5000772;NEW YORK CITY CENTER - SALA 08;8;6000058;749;2620;RIO DE JANEIRO;RJ;UNITED CINEMAS INTERNATIONAL BRASIL LTDA.;01.289.530/0001-64
30/06/2016;30/06/2016 18:15:00;INDEPENDENCE DAY RESURGENCE;INDEPENDENCE DAY- O RESSURGIMENTO;E1600182600000;ORIGINAL;SIM;ESTADOS UNIDOS;5000766;NEW YORK CITY CENTER - SALA 02;25;6000058;749;2620;RIO DE JANEIRO;RJ;UNITED CINEMAS INTERNATIONAL BRASIL LTDA.;01.289.530/0001-64
30/06/2016;30/06/2016 18:15:00;PORTA DOS FUNDOS - CONTRATO VITALÍCIO;;B1600368700000;DUBLADO;NÃO;BRASIL;5000780;NEW YORK CITY CENTER - SALA 16;12;6000058;749;2620;RIO DE JANEIRO;RJ;UNITED CINEMAS INTERNATIONAL BRASIL LTDA.;01.289.530/0001-64
30/06/2016;30/06/2016 18:15:00;TEENAGE MUTANT NINJA TURTLES: OUT OF THE SHADOWS;AS TARTARUGAS NINJA: FORA DAS SOMBRAS;E1600265600000;DUBLADO;NÃO;ESTADOS UNIDOS;5004484;ARAPIRACA BRA 02;17;6000027;22546;26037;ARAPIRACA;AL;REDECINE BRA CINEMATOGRÁFICA S.A.;15.422.993/0001-67
30/06/2016;30/06/2016 18:20:00;FINDING DORY;PROCURANDO DORY;E1600258900000;DUBLADO;NÃO;ESTADOS UNIDOS;5005573;CINESYSTEM PAULISTA SALA 03;37;6000027;22546;33152;PAULISTA;PE;REDECINE BRA CINEMATOGRÁFICA S.A.;15.422.993/0001-67
30/06/2016;30/06/2016 18:20:00;FINDING DORY;PROCURANDO DORY;E1600258900000;DUBLADO;NÃO;ESTADOS UNIDOS;5001486;MOVIECOM MAXI 2;166;6000100;2912;2913;JUNDIAÍ;SP;MAXI CINEMATOGRÁFICA LTDA;05.279.756/0001-35
30/06/2016;30/06/2016 18:20:00;MAIS FORTE QUE O MUNDO - A HISTÓRIA DE JOSÉ ALDO;;B1600294500000;DUBLADO;NÃO;BRASIL;5004997;CINESYSTEM AMERICAS 01;21;6000027;5348;28834;RIO DE JANEIRO;RJ;REDECINE - RIO CINEMATOGRAFICA S.A.;07.524.011/0001-10
30/06/2016;30/06/2016 18:20:00;PORTA DOS FUNDOS - CONTRATO VITALÍCIO;;B1600368700000;ORIGINAL;NÃO;BRASIL;5003424;CINEMARK SHOPPING RAPOSO TAVARES 06;6;6000018;1843;20591;SÃO PAULO;SP;CINEMARK BRASIL S.A;00.779.721/0001-41
30/06/2016;30/06/2016 18:25:00;PORTA DOS FUNDOS - CONTRATO VITALÍCIO;;B1600368700000;DUBLADO;NÃO;BRASIL;5004487;ARAPIRACA BRA 05;19;6000027;22546;26037;ARAPIRACA;AL;REDECINE BRA CINEMATOGRÁFICA S.A.;15.422.993/0001-67
30/06/2016;30/06/2016 18:30:00;ME BEFORE YOU;COMO EU ERA ANTES DE VOCÊ;E1500875700000;ORIGINAL;SIM;ESTADOS UNIDOS;5005001;CINESYSTEM AMERICAS 05;30;6000027;5348;28834;RIO DE JANEIRO;RJ;REDECINE - RIO CINEMATOGRAFICA S.A.;07.524.011/0001-10
30/06/2016;30/06/2016 18:30:00;ME BEFORE YOU;COMO EU ERA ANTES DE VOCÊ;E1500875700000;ORIGINAL;SIM;ESTADOS UNIDOS;5000769;NEW YORK CITY CENTER - SALA 05;47;6000058;749;2620;RIO DE JANEIRO;RJ;UNITED CINEMAS INTERNATIONAL BRASIL LTDA.;01.289.530/0001-64
30/06/2016;30/06/2016 18:30:00;TEENAGE MUTANT NINJA TURTLES: OUT OF THE SHADOWS;AS TARTARUGAS NINJA: FORA DAS SOMBRAS;E1600265600000;DUBLADO;NÃO;ESTADOS UNIDOS;5005577;CINESYSTEM PAULISTA SALA 07;11;6000027;22546;33152;PAULISTA;PE;REDECINE BRA CINEMATOGRÁFICA S.A.;15.422.993/0001-67
30/06/2016;30/06/2016 18:30:00;THE CONJURING 2;INVOCAÇÃO DO MAL 2;E1600342300000;DUBLADO;NÃO;ESTADOS UNIDOS;5000775;NEW YORK CITY CENTER - SALA 11;72;6000058;749;2620;RIO DE JANEIRO;RJ;UNITED CINEMAS INTERNATIONAL BRASIL LTDA.;01.289.530/0001-64
30/06/2016;30/06/2016 18:35:00;MAIS FORTE QUE O MUNDO - A HISTÓRIA DE JOSÉ ALDO;;B1600294500000;DUBLADO;NÃO;BRASIL;5005327;UCI BRASIL - SUMAÚMA PARK SHOPPING MANAUS SALA 04;56;6000058;749;31265;MANAUS;AM;UNITED CINEMAS INTERNATIONAL BRASIL LTDA.;01.289.530/0001-64
30/06/2016;30/06/2016 18:40:00;FINDING DORY;PROCURANDO DORY;E1600258900000;DUBLADO;NÃO;ESTADOS UNIDOS;5002063;AGUA VERDE 2;35;6000023;12893;12894;CURITIBA;PR;ESTILO PRODUÇÕES ARTISTICAS LTDA;03.293.165/0001-97
30/06/2016;30/06/2016 18:40:00;FINDING DORY;PROCURANDO DORY;E1600258900000;DUBLADO;NÃO;ESTADOS UNIDOS;5004485;ARAPIRACA BRA 03;46;6000027;22546;26037;ARAPIRACA;AL;REDECINE BRA CINEMATOGRÁFICA S.A.;15.422.993/0001-67
30/06/2016;30/06/2016 18:40:00;FINDING DORY;PROCURANDO DORY;E1600258900000;DUBLADO;NÃO;ESTADOS UNIDOS;5005003;CINESYSTEM AMERICAS 07;135;6000027;5348;28834;RIO DE JANEIRO;RJ;REDECINE - RIO CINEMATOGRAFICA S.A.;07.524.011/0001-10
30/06/2016;30/06/2016 18:40:00;FINDING DORY;PROCURANDO DORY;E1600258900000;DUBLADO;NÃO;ESTADOS UNIDOS;5005572;CINESYSTEM PAULISTA SALA 01;81;6000027;22546;33152;PAULISTA;PE;REDECINE BRA CINEMATOGRÁFICA S.A.;15.422.993/0001-67
30/06/2016;30/06/2016 18:40:00;FINDING DORY;PROCURANDO DORY;E1600258900000;DUBLADO;NÃO;ESTADOS UNIDOS;5001627;CINESYSTEM SHOPPING TOTAL SALA 04;48;6000027;2375;6658;CURITIBA;PR;REDECINE CWB CINEMATOGRÁFICA LTDA;05.747.411/0001-69
30/06/2016;30/06/2016 18:40:00;MAIS FORTE QUE O MUNDO - A HISTÓRIA DE JOSÉ ALDO;;B1600294500000;ORIGINAL;NÃO;BRASIL;5000921;MOVIECOM MAXI 1;5;6000100;2912;2913;JUNDIAÍ;SP;MAXI CINEMATOGRÁFICA LTDA;05.279.756/0001-35
30/06/2016;30/06/2016 18:40:00;PORTA DOS FUNDOS - CONTRATO VITALÍCIO;;B1600368700000;DUBLADO;NÃO;BRASIL;5000781;NEW YORK CITY CENTER - SALA 17;19;6000058;749;2620;RIO DE JANEIRO;RJ;UNITED CINEMAS INTERNATIONAL BRASIL LTDA.;01.289.530/0001-64
30/06/2016;30/06/2016 18:45:00;FINDING DORY;PROCURANDO DORY;E1600258900000;DUBLADO;NÃO;ESTADOS UNIDOS;5000779;NEW YORK CITY CENTER - SALA 15;125;6000058;749;2620;RIO DE JANEIRO;RJ;UNITED CINEMAS INTERNATIONAL BRASIL LTDA.;01.289.530/0001-64
30/06/2016;30/06/2016 18:45:00;INDEPENDENCE DAY RESURGENCE;INDEPENDENCE DAY- O RESSURGIMENTO;E1600182600000;DUBLADO;NÃO;ESTADOS UNIDOS;5000774;NEW YORK CITY CENTER - SALA 10;53;6000058;749;2620;RIO DE JANEIRO;RJ;UNITED CINEMAS INTERNATIONAL BRASIL LTDA.;01.289.530/0001-64
30/06/2016;30/06/2016 18:45:00;ME BEFORE YOU;COMO EU ERA ANTES DE VOCÊ;E1500875700000;DUBLADO;NÃO;ESTADOS UNIDOS;5002062;AGUA VERDE 1;11;6000023;12893;12894;CURITIBA;PR;ESTILO PRODUÇÕES ARTISTICAS LTDA;03.293.165/0001-97
30/06/2016;30/06/2016 18:50:00;FINDING DORY;PROCURANDO DORY;E1600258900000;DUBLADO;NÃO;ESTADOS UNIDOS;5003086;CINESPAÇO FLORIANÓPOLIS 2;56;6000018;1014;19103;FLORIANÓPOLIS;SC;CIRCUITO ESPAÇO DE CINEMA S/A;03.695.435/0001-96
30/06/2016;30/06/2016 18:50:00;FINDING DORY;PROCURANDO DORY;E1600258900000;DUBLADO;NÃO;ESTADOS UNIDOS;5000768;NEW YORK CITY CENTER - SALA 04;69;6000058;749;2620;RIO DE JANEIRO;RJ;UNITED CINEMAS INTERNATIONAL BRASIL LTDA.;01.289.530/0001-64
30/06/2016;30/06/2016 18:50:00;ME BEFORE YOU;COMO EU ERA ANTES DE VOCÊ;E1500875700000;DUBLADO;NÃO;ESTADOS UNIDOS;5004488;ARAPIRACA BRA 06;46;6000027;22546;26037;ARAPIRACA;AL;REDECINE BRA CINEMATOGRÁFICA S.A.;15.422.993/0001-67
30/06/2016;30/06/2016 18:50:00;ME BEFORE YOU;COMO EU ERA ANTES DE VOCÊ;E1500875700000;DUBLADO;NÃO;ESTADOS UNIDOS;5001626;CINESYSTEM SHOPPING TOTAL SALA 03;42;6000027;2375;6658;CURITIBA;PR;REDECINE CWB CINEMATOGRÁFICA LTDA;05.747.411/0001-69
30/06/2016;30/06/2016 18:50:00;THE CONJURING 2;INVOCAÇÃO DO MAL 2;E1600342300000;DUBLADO;NÃO;ESTADOS UNIDOS;5005574;CINESYSTEM PAULISTA SALA 04;26;6000027;22546;33152;PAULISTA;PE;REDECINE BRA CINEMATOGRÁFICA S.A.;15.422.993/0001-67
30/06/2016;30/06/2016 18:55:00;MAIS FORTE QUE O MUNDO - A HISTÓRIA DE JOSÉ ALDO;;B1600294500000;DUBLADO;NÃO;BRASIL;5000771;NEW YORK CITY CENTER - SALA 07;69;6000058;749;2620;RIO DE JANEIRO;RJ;UNITED CINEMAS INTERNATIONAL BRASIL LTDA.;01.289.530/0001-64
30/06/2016;30/06/2016 18:55:00;ME BEFORE YOU;COMO EU ERA ANTES DE VOCÊ;E1500875700000;ORIGINAL;SIM;ESTADOS UNIDOS;5000773;NEW YORK CITY CENTER - SALA 09;19;6000058;749;2620;RIO DE JANEIRO;RJ;UNITED CINEMAS INTERNATIONAL BRASIL LTDA.;01.289.530/0001-64
30/06/2016;30/06/2016 19:00:00;FINDING DORY;PROCURANDO DORY;E1600258900000;DUBLADO;NÃO;ESTADOS UNIDOS;5003369;ARAÚJO MULTIPLEX VIA VERDE 02;278;6000002;3103;20363;RIO BRANCO;AC;EMPRESA CINEMATOGRÁFICA ARAÇATUBA LTDA;03.519.995/0001-90
30/06/2016;30/06/2016 19:00:00;FINDING DORY;PROCURANDO DORY;E1600258900000;DUBLADO;NÃO;ESTADOS UNIDOS;5003898;SALA 01;127;6000002;3136;24148;SOROCABA;SP;MSA EMPRESA CINEMATOGRÁFICA LTDA;03.608.600/0001-25
30/06/2016;30/06/2016 19:00:00;INDEPENDENCE DAY RESURGENCE;INDEPENDENCE DAY- O RESSURGIMENTO;E1600182600000;DUBLADO;NÃO;ESTADOS UNIDOS;5004483;ARAPIRACA BRA 01;45;6000027;22546;26037;ARAPIRACA;AL;REDECINE BRA CINEMATOGRÁFICA S.A.;15.422.993/0001-67
30/06/2016;30/06/2016 19:00:00;INDEPENDENCE DAY RESURGENCE;INDEPENDENCE DAY- O RESSURGIMENTO;E1600182600000;DUBLADO;NÃO;ESTADOS UNIDOS;5003368;ARAÚJO MULTIPLEX VIA VERDE 01;193;6000002;3103;20363;RIO BRANCO;AC;EMPRESA CINEMATOGRÁFICA ARAÇATUBA LTDA;03.519.995/0001-90
30/06/2016;30/06/2016 19:00:00;INDEPENDENCE DAY RESURGENCE;INDEPENDENCE DAY- O RESSURGIMENTO;E1600182600000;ORIGINAL;SIM;ESTADOS UNIDOS;5005002;CINESYSTEM AMERICAS 06;33;6000027;5348;28834;RIO DE JANEIRO;RJ;REDECINE - RIO CINEMATOGRAFICA S.A.;07.524.011/0001-10
30/06/2016;30/06/2016 19:00:00;PORTA DOS FUNDOS - CONTRATO VITALÍCIO;;B1600368700000;DUBLADO;NÃO;BRASIL;5005325;UCI BRASIL - SUMAÚMA PARK SHOPPING MANAUS SALA 02;9;6000058;749;31265;MANAUS;AM;UNITED CINEMAS INTERNATIONAL BRASIL LTDA.;01.289.530/0001-64
30/06/2016;30/06/2016 19:00:00;THE CONJURING 2;INVOCAÇÃO DO MAL 2;E1600342300000;DUBLADO;NÃO;ESTADOS UNIDOS;5001484;MOVIECOM MAXI 4;74;6000100;2912;2913;JUNDIAÍ;SP;MAXI CINEMATOGRÁFICA LTDA;05.279.756/0001-35
30/06/2016;30/06/2016 19:10:00;FINDING DORY;PROCURANDO DORY;E1600258900000;DUBLADO;NÃO;ESTADOS UNIDOS;5005003;CINESYSTEM AMERICAS 07;18;6000027;5348;28834;RIO DE JANEIRO;RJ;REDECINE - RIO CINEMATOGRAFICA S.A.;07.524.011/0001-10
30/06/2016;30/06/2016 19:10:00;FINDING DORY;PROCURANDO DORY;E1600258900000;DUBLADO;NÃO;ESTADOS UNIDOS;5002781;ILHA PLAZA 01;238;6000027;5348;16645;RIO DE JANEIRO;RJ;REDECINE - RIO CINEMATOGRAFICA S.A.;07.524.011/0001-10
30/06/2016;30/06/2016 19:10:00;FINDING DORY;PROCURANDO DORY;E1600258900000;DUBLADO;NÃO;ESTADOS UNIDOS;5001487;MOVIECOM MAXI 5;188;6000100;2912;2913;JUNDIAÍ;SP;MAXI CINEMATOGRÁFICA LTDA;05.279.756/0001-35
30/06/2016;30/06/2016 19:10:00;INDEPENDENCE DAY RESURGENCE;INDEPENDENCE DAY- O RESSURGIMENTO;E1600182600000;DUBLADO;NÃO;ESTADOS UNIDOS;5005330;UCI BRASIL - SUMAÚMA PARK SHOPPING MANAUS SALA 07;83;6000058;749;31265;MANAUS;AM;UNITED CINEMAS INTERNATIONAL BRASIL LTDA.;01.289.530/0001-64
30/06/2016;30/06/2016 19:10:00;ME BEFORE YOU;COMO EU ERA ANTES DE VOCÊ;E1500875700000;DUBLADO;NÃO;ESTADOS UNIDOS;5000778;NEW YORK CITY CENTER - SALA 14;71;6000058;749;2620;RIO DE JANEIRO;RJ;UNITED CINEMAS INTERNATIONAL BRASIL LTDA.;01.289.530/0001-64
30/06/2016;30/06/2016 19:10:00;THE CONJURING 2;INVOCAÇÃO DO MAL 2;E1600342300000;DUBLADO;NÃO;ESTADOS UNIDOS;5001628;CINESYSTEM SHOPPING TOTAL SALA 05;33;6000027;2375;6658;CURITIBA;PR;REDECINE CWB CINEMATOGRÁFICA LTDA;05.747.411/0001-69
30/06/2016;30/06/2016 19:15:00;ME BEFORE YOU;COMO EU ERA ANTES DE VOCÊ;E1500875700000;DUBLADO;NÃO;ESTADOS UNIDOS;5003419;CINEMARK SHOPPING RAPOSO TAVARES 01;59;6000018;1843;20591;SÃO PAULO;SP;CINEMARK BRASIL S.A;00.779.721/0001-41
30/06/2016;30/06/2016 19:15:00;PORTA DOS FUNDOS - CONTRATO VITALÍCIO;;B1600368700000;ORIGINAL;NÃO;BRASIL;5001491;MOVIECOM MAXI 6;37;6000100;2912;2913;JUNDIAÍ;SP;MAXI CINEMATOGRÁFICA LTDA;05.279.756/0001-35
30/06/2016;30/06/2016 19:15:00;THE CONJURING 2;INVOCAÇÃO DO MAL 2;E1600342300000;DUBLADO;NÃO;ESTADOS UNIDOS;5005328;UCI BRASIL - SUMAÚMA PARK SHOPPING MANAUS SALA 05;60;6000058;749;31265;MANAUS;AM;UNITED CINEMAS INTERNATIONAL BRASIL LTDA.;01.289.530/0001-64
30/06/2016;30/06/2016 19:20:00;INDEPENDENCE DAY RESURGENCE;INDEPENDENCE DAY- O RESSURGIMENTO;E1600182600000;DUBLADO;NÃO;ESTADOS UNIDOS;5001493;MOVIECOM MAXI 7;107;6000100;2912;2913;JUNDIAÍ;SP;MAXI CINEMATOGRÁFICA LTDA;05.279.756/0001-35
30/06/2016;30/06/2016 19:20:00;ME BEFORE YOU;COMO EU ERA ANTES DE VOCÊ;E1500875700000;ORIGINAL;SIM;ESTADOS UNIDOS;5003088;CINESPAÇO FLORIANÓPOLIS 5;40;6000018;1014;19103;FLORIANÓPOLIS;SC;CIRCUITO ESPAÇO DE CINEMA S/A;03.695.435/0001-96
30/06/2016;30/06/2016 19:20:00;NOW YOU SEE ME 2;TRUQUE DE MESTRE: O 2º ATO;E1700176500000;ORIGINAL;SIM;CANADÁ;5004999;CINESYSTEM AMERICAS 03;45;6000027;5348;28834;RIO DE JANEIRO;RJ;REDECINE - RIO CINEMATOGRAFICA S.A.;07.524.011/0001-10
30/06/2016;30/06/2016 19:20:00;NOW YOU SEE ME: THE SECOND ACT;TRUQUE DE MESTRE 2;E1500269900000;DUBLADO;NÃO;ESTADOS UNIDOS;5000765;NEW YORK CITY CENTER - SALA 01;81;6000058;749;2620;RIO DE JANEIRO;RJ;UNITED CINEMAS INTERNATIONAL BRASIL LTDA.;01.289.530/0001-64
30/06/2016;30/06/2016 19:20:00;PORTA DOS FUNDOS - CONTRATO VITALÍCIO;;B1600368700000;DUBLADO;NÃO;BRASIL;5001624;CINESYSTEM SHOPPING TOTAL SALA 01;12;6000027;2375;6658;CURITIBA;PR;REDECINE CWB CINEMATOGRÁFICA LTDA;05.747.411/0001-69
30/06/2016;30/06/2016 19:30:00;FINDING DORY;PROCURANDO DORY;E1600258900000;DUBLADO;NÃO;ESTADOS UNIDOS;5004486;ARAPIRACA BRA 04;96;6000027;22546;26037;ARAPIRACA;AL;REDECINE BRA CINEMATOGRÁFICA S.A.;15.422.993/0001-67
30/06/2016;30/06/2016 19:30:00;FINDING DORY;PROCURANDO DORY;E1600258900000;DUBLADO;NÃO;ESTADOS UNIDOS;5003371;ARAÚJO MULTIPLEX VIA VERDE 04;282;6000002;3103;20363;RIO BRANCO;AC;EMPRESA CINEMATOGRÁFICA ARAÇATUBA LTDA;03.519.995/0001-90
30/06/2016;30/06/2016 19:30:00;FINDING DORY;PROCURANDO DORY;E1600258900000;DUBLADO;NÃO;ESTADOS UNIDOS;5005000;CINESYSTEM AMERICAS 04;111;6000027;5348;28834;RIO DE JANEIRO;RJ;REDECINE - RIO CINEMATOGRAFICA S.A.;07.524.011/0001-10
30/06/2016;30/06/2016 19:30:00;FINDING DORY;PROCURANDO DORY;E1600258900000;DUBLADO;NÃO;ESTADOS UNIDOS;5003900;SALA 3;186;6000002;3136;24148;SOROCABA;SP;MSA EMPRESA CINEMATOGRÁFICA LTDA;03.608.600/0001-25
30/06/2016;30/06/2016 19:30:00;ME BEFORE YOU;COMO EU ERA ANTES DE VOCÊ;E1500875700000;DUBLADO;NÃO;ESTADOS UNIDOS;5001482;MOVIECOM MAXI 3;201;6000100;2912;2913;JUNDIAÍ;SP;MAXI CINEMATOGRÁFICA LTDA;05.279.756/0001-35
30/06/2016;30/06/2016 19:30:00;TEENAGE MUTANT NINJA TURTLES: OUT OF THE SHADOWS;AS TARTARUGAS NINJA: FORA DAS SOMBRAS;E1600265600000;DUBLADO;NÃO;ESTADOS UNIDOS;5000770;NEW YORK CITY CENTER - SALA 06;34;6000058;749;2620;RIO DE JANEIRO;RJ;UNITED CINEMAS INTERNATIONAL BRASIL LTDA.;01.289.530/0001-64
30/06/2016;30/06/2016 19:35:00;TEENAGE MUTANT NINJA TURTLES: OUT OF THE SHADOWS;AS TARTARUGAS NINJA: FORA DAS SOMBRAS;E1600265600000;ORIGINAL;SIM;ESTADOS UNIDOS;5000776;NEW YORK CITY CENTER - SALA 12;10;6000058;749;2620;RIO DE JANEIRO;RJ;UNITED CINEMAS INTERNATIONAL BRASIL LTDA.;01.289.530/0001-64
30/06/2016;30/06/2016 19:40:00;FINDING DORY;PROCURANDO DORY;E1600258900000;DUBLADO;NÃO;ESTADOS UNIDOS;5001625;CINESYSTEM SHOPPING TOTAL SALA 02;93;6000027;2375;6658;CURITIBA;PR;REDECINE CWB CINEMATOGRÁFICA LTDA;05.747.411/0001-69
30/06/2016;30/06/2016 19:45:00;FINDING DORY;PROCURANDO DORY;E1600258900000;DUBLADO;NÃO;ESTADOS UNIDOS;5000767;NEW YORK CITY CENTER - SALA 03;167;6000058;749;2620;RIO DE JANEIRO;RJ;UNITED CINEMAS INTERNATIONAL BRASIL LTDA.;01.289.530/0001-64
30/06/2016;30/06/2016 19:45:00;FINDING DORY;PROCURANDO DORY;E1600258900000;DUBLADO;NÃO;ESTADOS UNIDOS;5005324;UCI BRASIL - SUMAÚMA PARK SHOPPING MANAUS SALA 01;230;6000058;749;31265;MANAUS;AM;UNITED CINEMAS INTERNATIONAL BRASIL LTDA.;01.289.530/0001-64
30/06/2016;30/06/2016 20:00:00;FINDING DORY;PROCURANDO DORY;E1600258900000;DUBLADO;NÃO;ESTADOS UNIDOS;5003087;CINESPAÇO FLORIANÓPOLIS 1;57;6000018;1014;19103;FLORIANÓPOLIS;SC;CIRCUITO ESPAÇO DE CINEMA S/A;03.695.435/0001-96
30/06/2016;30/06/2016 20:00:00;ME BEFORE YOU;COMO EU ERA ANTES DE VOCÊ;E1500875700000;DUBLADO;NÃO;ESTADOS UNIDOS;5005329;UCI BRASIL - SUMAÚMA PARK SHOPPING MANAUS SALA 06;78;6000058;749;31265;MANAUS;AM;UNITED CINEMAS INTERNATIONAL BRASIL LTDA.;01.289.530/0001-64
30/06/2016;30/06/2016 20:00:00;PORTA DOS FUNDOS - CONTRATO VITALÍCIO;;B1600368700000;DUBLADO;NÃO;BRASIL;5000782;NEW YORK CITY CENTER - SALA 18;39;6000058;749;2620;RIO DE JANEIRO;RJ;UNITED CINEMAS INTERNATIONAL BRASIL LTDA.;01.289.530/0001-64
30/06/2016;30/06/2016 20:00:00;PORTA DOS FUNDOS - CONTRATO VITALÍCIO;;B1600368700000;DUBLADO;NÃO;BRASIL;5005326;UCI BRASIL - SUMAÚMA PARK SHOPPING MANAUS SALA 03;14;6000058;749;31265;MANAUS;AM;UNITED CINEMAS INTERNATIONAL BRASIL LTDA.;01.289.530/0001-64
30/06/2016;30/06/2016 20:15:00;FINDING DORY;PROCURANDO DORY;E1600258900000;DUBLADO;NÃO;ESTADOS UNIDOS;5000777;NEW YORK CITY CENTER - SALA 13;93;6000058;749;2620;RIO DE JANEIRO;RJ;UNITED CINEMAS INTERNATIONAL BRASIL LTDA.;01.289.530/0001-64
30/06/2016;30/06/2016 20:15:00;FINDING DORY;PROCURANDO DORY;E1600258900000;DUBLADO;NÃO;ESTADOS UNIDOS;5005331;UCI BRASIL - SUMAÚMA PARK SHOPPING MANAUS SALA 08;156;6000058;749;31265;MANAUS;AM;UNITED CINEMAS INTERNATIONAL BRASIL LTDA.;01.289.530/0001-64
30/06/2016;30/06/2016 20:30:00;FINDING DORY;PROCURANDO DORY;E1600258900000;DUBLADO;NÃO;ESTADOS UNIDOS;5001486;MOVIECOM MAXI 2;212;6000100;2912;2913;JUNDIAÍ;SP;MAXI CINEMATOGRÁFICA LTDA;05.279.756/0001-35
30/06/2016;30/06/2016 20:30:00;PORTA DOS FUNDOS - CONTRATO VITALÍCIO;;B1600368700000;DUBLADO;NÃO;BRASIL;5000772;NEW YORK CITY CENTER - SALA 08;19;6000058;749;2620;RIO DE JANEIRO;RJ;UNITED CINEMAS INTERNATIONAL BRASIL LTDA.;01.289.530/0001-64
30/06/2016;30/06/2016 20:35:00;FINDING DORY;PROCURANDO DORY;E1600258900000;DUBLADO;NÃO;ESTADOS UNIDOS;5000780;NEW YORK CITY CENTER - SALA 16;106;6000058;749;2620;RIO DE JANEIRO;RJ;UNITED CINEMAS INTERNATIONAL BRASIL LTDA.;01.289.530/0001-64
30/06/2016;30/06/2016 20:35:00;FINDING DORY;PROCURANDO DORY;E1600258900000;DUBLADO;NÃO;ESTADOS UNIDOS;5000782;NEW YORK CITY CENTER - SALA 18;0;6000058;749;2620;RIO DE JANEIRO;RJ;UNITED CINEMAS INTERNATIONAL BRASIL LTDA.;01.289.530/0001-64
30/06/2016;30/06/2016 20:40:00;FINDING DORY;PROCURANDO DORY;E1600258900000;DUBLADO;NÃO;ESTADOS UNIDOS;5003422;CINEMARK SHOPPING RAPOSO TAVARES 04;109;6000018;1843;20591;SÃO PAULO;SP;CINEMARK BRASIL S.A;00.779.721/0001-41
30/06/2016;30/06/2016 20:40:00;TEENAGE MUTANT NINJA TURTLES: OUT OF THE SHADOWS;AS TARTARUGAS NINJA: FORA DAS SOMBRAS;E1600265600000;DUBLADO;NÃO;ESTADOS UNIDOS;5004484;ARAPIRACA BRA 02;25;6000027;22546;26037;ARAPIRACA;AL;REDECINE BRA CINEMATOGRÁFICA S.A.;15.422.993/0001-67
30/06/2016;30/06/2016 20:40:00;THE CONJURING 2;INVOCAÇÃO DO MAL 2;E1600342300000;DUBLADO;NÃO;ESTADOS UNIDOS;5005573;CINESYSTEM PAULISTA SALA 03;10;6000027;22546;33152;PAULISTA;PE;REDECINE BRA CINEMATOGRÁFICA S.A.;15.422.993/0001-67
30/06/2016;30/06/2016 20:45:00;INDEPENDENCE DAY RESURGENCE;INDEPENDENCE DAY- O RESSURGIMENTO;E1600182600000;ORIGINAL;SIM;ESTADOS UNIDOS;5000766;NEW YORK CITY CENTER - SALA 02;29;6000058;749;2620;RIO DE JANEIRO;RJ;UNITED CINEMAS INTERNATIONAL BRASIL LTDA.;01.289.530/0001-64
30/06/2016;30/06/2016 20:50:00;FINDING DORY;PROCURANDO DORY;E1600258900000;DUBLADO;NÃO;ESTADOS UNIDOS;5002063;AGUA VERDE 2;46;6000023;12893;12894;CURITIBA;PR;ESTILO PRODUÇÕES ARTISTICAS LTDA;03.293.165/0001-97
30/06/2016;30/06/2016 20:50:00;ME BEFORE YOU;COMO EU ERA ANTES DE VOCÊ;E1500875700000;ORIGINAL;SIM;ESTADOS UNIDOS;5005001;CINESYSTEM AMERICAS 05;33;6000027;5348;28834;RIO DE JANEIRO;RJ;REDECINE - RIO CINEMATOGRAFICA S.A.;07.524.011/0001-10
30/06/2016;30/06/2016 20:50:00;ME BEFORE YOU;COMO EU ERA ANTES DE VOCÊ;E1500875700000;DUBLADO;NÃO;ESTADOS UNIDOS;5000769;NEW YORK CITY CENTER - SALA 05;67;6000058;749;2620;RIO DE JANEIRO;RJ;UNITED CINEMAS INTERNATIONAL BRASIL LTDA.;01.289.530/0001-64
30/06/2016;30/06/2016 20:50:00;PORTA DOS FUNDOS - CONTRATO VITALÍCIO;;B1600368700000;DUBLADO;NÃO;BRASIL;5004487;ARAPIRACA BRA 05;40;6000027;22546;26037;ARAPIRACA;AL;REDECINE BRA CINEMATOGRÁFICA S.A.;15.422.993/0001-67
30/06/2016;30/06/2016 20:55:00;PORTA DOS FUNDOS - CONTRATO VITALÍCIO;;B1600368700000;ORIGINAL;NÃO;BRASIL;5003424;CINEMARK SHOPPING RAPOSO TAVARES 06;23;6000018;1843;20591;SÃO PAULO;SP;CINEMARK BRASIL S.A;00.779.721/0001-41
30/06/2016;30/06/2016 21:00:00;FINDING DORY;PROCURANDO DORY;E1600258900000;DUBLADO;NÃO;ESTADOS UNIDOS;5004485;ARAPIRACA BRA 03;39;6000027;22546;26037;ARAPIRACA;AL;REDECINE BRA CINEMATOGRÁFICA S.A.;15.422.993/0001-67
30/06/2016;30/06/2016 21:00:00;FINDING DORY;PROCURANDO DORY;E1600258900000;DUBLADO;NÃO;ESTADOS UNIDOS;5003369;ARAÚJO MULTIPLEX VIA VERDE 02;282;6000002;3103;20363;RIO BRANCO;AC;EMPRESA CINEMATOGRÁFICA ARAÇATUBA LTDA;03.519.995/0001-90
30/06/2016;30/06/2016 21:00:00;FINDING DORY;PROCURANDO DORY;E1600258900000;ORIGINAL;SIM;ESTADOS UNIDOS;5003086;CINESPAÇO FLORIANÓPOLIS 2;39;6000018;1014;19103;FLORIANÓPOLIS;SC;CIRCUITO ESPAÇO DE CINEMA S/A;03.695.435/0001-96
30/06/2016;30/06/2016 21:00:00;FINDING DORY;PROCURANDO DORY;E1600258900000;DUBLADO;NÃO;ESTADOS UNIDOS;5005003;CINESYSTEM AMERICAS 07;76;6000027;5348;28834;RIO DE JANEIRO;RJ;REDECINE - RIO CINEMATOGRAFICA S.A.;07.524.011/0001-10
30/06/2016;30/06/2016 21:00:00;FINDING DORY;PROCURANDO DORY;E1600258900000;DUBLADO;NÃO;ESTADOS UNIDOS;5005572;CINESYSTEM PAULISTA SALA 01;43;6000027;22546;33152;PAULISTA;PE;REDECINE BRA CINEMATOGRÁFICA S.A.;15.422.993/0001-67
30/06/2016;30/06/2016 21:00:00;FINDING DORY;PROCURANDO DORY;E1600258900000;DUBLADO;NÃO;ESTADOS UNIDOS;5001627;CINESYSTEM SHOPPING TOTAL SALA 04;144;6000027;2375;6658;CURITIBA;PR;REDECINE CWB CINEMATOGRÁFICA LTDA;05.747.411/0001-69
30/06/2016;30/06/2016 21:00:00;FINDING DORY;PROCURANDO DORY;E1600258900000;DUBLADO;NÃO;ESTADOS UNIDOS;5000779;NEW YORK CITY CENTER - SALA 15;112;6000058;749;2620;RIO DE JANEIRO;RJ;UNITED CINEMAS INTERNATIONAL BRASIL LTDA.;01.289.530/0001-64
30/06/2016;30/06/2016 21:00:00;FINDING DORY;PROCURANDO DORY;E1600258900000;DUBLADO;NÃO;ESTADOS UNIDOS;5003898;SALA 01;278;6000002;3136;24148;SOROCABA;SP;MSA EMPRESA CINEMATOGRÁFICA LTDA;03.608.600/0001-25
30/06/2016;30/06/2016 21:00:00;INDEPENDENCE DAY RESURGENCE;INDEPENDENCE DAY- O RESSURGIMENTO;E1600182600000;DUBLADO;NÃO;ESTADOS UNIDOS;5002062;AGUA VERDE 1;11;6000023;12893;12894;CURITIBA;PR;ESTILO PRODUÇÕES ARTISTICAS LTDA;03.293.165/0001-97
30/06/2016;30/06/2016 21:00:00;PORTA DOS FUNDOS - CONTRATO VITALÍCIO;;B1600368700000;DUBLADO;NÃO;BRASIL;5000781;NEW YORK CITY CENTER - SALA 17;58;6000058;749;2620;RIO DE JANEIRO;RJ;UNITED CINEMAS INTERNATIONAL BRASIL LTDA.;01.289.530/0001-64
30/06/2016;30/06/2016 21:01:00;FINDING DORY;PROCURANDO DORY;E1600258900000;DUBLADO;NÃO;ESTADOS UNIDOS;5002062;AGUA VERDE 1;2;6000023;12893;12894;CURITIBA;PR;ESTILO PRODUÇÕES ARTISTICAS LTDA;03.293.165/0001-97
30/06/2016;30/06/2016 21:10:00;ME BEFORE YOU;COMO EU ERA ANTES DE VOCÊ;E1500875700000;DUBLADO;NÃO;ESTADOS UNIDOS;5001626;CINESYSTEM SHOPPING TOTAL SALA 03;86;6000027;2375;6658;CURITIBA;PR;REDECINE CWB CINEMATOGRÁFICA LTDA;05.747.411/0001-69
30/06/2016;30/06/2016 21:10:00;NOW YOU SEE ME: THE SECOND ACT;TRUQUE DE MESTRE 2;E1500269900000;DUBLADO;NÃO;ESTADOS UNIDOS;5000921;MOVIECOM MAXI 1;78;6000100;2912;2913;JUNDIAÍ;SP;MAXI CINEMATOGRÁFICA LTDA;05.279.756/0001-35
30/06/2016;30/06/2016 21:10:00;PORTA DOS FUNDOS - CONTRATO VITALÍCIO;;B1600368700000;DUBLADO;NÃO;BRASIL;5004997;CINESYSTEM AMERICAS 01;23;6000027;5348;28834;RIO DE JANEIRO;RJ;REDECINE - RIO CINEMATOGRAFICA S.A.;07.524.011/0001-10
30/06/2016;30/06/2016 21:10:00;TEENAGE MUTANT NINJA TURTLES: OUT OF THE SHADOWS;AS TARTARUGAS NINJA: FORA DAS SOMBRAS;E1600265600000;DUBLADO;NÃO;ESTADOS UNIDOS;5005577;CINESYSTEM PAULISTA SALA 07;13;6000027;22546;33152;PAULISTA;PE;REDECINE BRA CINEMATOGRÁFICA S.A.;15.422.993/0001-67
30/06/2016;30/06/2016 21:10:00;TEENAGE MUTANT NINJA TURTLES: OUT OF THE SHADOWS;AS TARTARUGAS NINJA: FORA DAS SOMBRAS;E1600265600000;DUBLADO;NÃO;ESTADOS UNIDOS;5005327;UCI BRASIL - SUMAÚMA PARK SHOPPING MANAUS SALA 04;68;6000058;749;31265;MANAUS;AM;UNITED CINEMAS INTERNATIONAL BRASIL LTDA.;01.289.530/0001-64
30/06/2016;30/06/2016 21:15:00;INDEPENDENCE DAY RESURGENCE;INDEPENDENCE DAY- O RESSURGIMENTO;E1600182600000;DUBLADO;NÃO;ESTADOS UNIDOS;5003368;ARAÚJO MULTIPLEX VIA VERDE 01;177;6000002;3103;20363;RIO BRANCO;AC;EMPRESA CINEMATOGRÁFICA ARAÇATUBA LTDA;03.519.995/0001-90
30/06/2016;30/06/2016 21:15:00;INDEPENDENCE DAY RESURGENCE;INDEPENDENCE DAY- O RESSURGIMENTO;E1600182600000;ORIGINAL;SIM;ESTADOS UNIDOS;5000774;NEW YORK CITY CENTER - SALA 10;14;6000058;749;2620;RIO DE JANEIRO;RJ;UNITED CINEMAS INTERNATIONAL BRASIL LTDA.;01.289.530/0001-64
30/06/2016;30/06/2016 21:15:00;ME BEFORE YOU;COMO EU ERA ANTES DE VOCÊ;E1500875700000;DUBLADO;NÃO;ESTADOS UNIDOS;5004488;ARAPIRACA BRA 06;52;6000027;22546;26037;ARAPIRACA;AL;REDECINE BRA CINEMATOGRÁFICA S.A.;15.422.993/0001-67
30/06/2016;30/06/2016 21:15:00;PORTA DOS FUNDOS - CONTRATO VITALÍCIO;;B1600368700000;DUBLADO;NÃO;BRASIL;5005325;UCI BRASIL - SUMAÚMA PARK SHOPPING MANAUS SALA 02;43;6000058;749;31265;MANAUS;AM;UNITED CINEMAS INTERNATIONAL BRASIL LTDA.;01.289.530/0001-64
30/06/2016;30/06/2016 21:15:00;THE CONJURING 2;INVOCAÇÃO DO MAL 2;E1600342300000;ORIGINAL;SIM;ESTADOS UNIDOS;5000775;NEW YORK CITY CENTER - SALA 11;73;6000058;749;2620;RIO DE JANEIRO;RJ;UNITED CINEMAS INTERNATIONAL BRASIL LTDA.;01.289.530/0001-64
30/06/2016;30/06/2016 21:20:00;FINDING DORY;PROCURANDO DORY;E1600258900000;DUBLADO;NÃO;ESTADOS UNIDOS;5001487;MOVIECOM MAXI 5;158;6000100;2912;2913;JUNDIAÍ;SP;MAXI CINEMATOGRÁFICA LTDA;05.279.756/0001-35
30/06/2016;30/06/2016 21:20:00;NOW YOU SEE ME: THE SECOND ACT;TRUQUE DE MESTRE 2;E1500269900000;ORIGINAL;SIM;ESTADOS UNIDOS;5000773;NEW YORK CITY CENTER - SALA 09;33;6000058;749;2620;RIO DE JANEIRO;RJ;UNITED CINEMAS INTERNATIONAL BRASIL LTDA.;01.289.530/0001-64
30/06/2016;30/06/2016 21:25:00;INDEPENDENCE DAY RESURGENCE;INDEPENDENCE DAY- O RESSURGIMENTO;E1600182600000;ORIGINAL;SIM;ESTADOS UNIDOS;5000768;NEW YORK CITY CENTER - SALA 04;38;6000058;749;2620;RIO DE JANEIRO;RJ;UNITED CINEMAS INTERNATIONAL BRASIL LTDA.;01.289.530/0001-64
30/06/2016;30/06/2016 21:30:00;FINDING DORY;PROCURANDO DORY;E1600258900000;DUBLADO;NÃO;ESTADOS UNIDOS;5002781;ILHA PLAZA 01;226;6000027;5348;16645;RIO DE JANEIRO;RJ;REDECINE - RIO CINEMATOGRAFICA S.A.;07.524.011/0001-10
30/06/2016;30/06/2016 21:30:00;INDEPENDENCE DAY RESURGENCE;INDEPENDENCE DAY- O RESSURGIMENTO;E1600182600000;DUBLADO;NÃO;ESTADOS UNIDOS;5004483;ARAPIRACA BRA 01;36;6000027;22546;26037;ARAPIRACA;AL;REDECINE BRA CINEMATOGRÁFICA S.A.;15.422.993/0001-67
30/06/2016;30/06/2016 21:30:00;INDEPENDENCE DAY RESURGENCE;INDEPENDENCE DAY- O RESSURGIMENTO;E1600182600000;ORIGINAL;SIM;ESTADOS UNIDOS;5005002;CINESYSTEM AMERICAS 06;26;6000027;5348;28834;RIO DE JANEIRO;RJ;REDECINE - RIO CINEMATOGRAFICA S.A.;07.524.011/0001-10
30/06/2016;30/06/2016 21:30:00;MAIS FORTE QUE O MUNDO - A HISTÓRIA DE JOSÉ ALDO;;B1600294500000;DUBLADO;NÃO;BRASIL;5000771;NEW YORK CITY CENTER - SALA 07;90;6000058;749;2620;RIO DE JANEIRO;RJ;UNITED CINEMAS INTERNATIONAL BRASIL LTDA.;01.289.530/0001-64
30/06/2016;30/06/2016 21:30:00;ME BEFORE YOU;COMO EU ERA ANTES DE VOCÊ;E1500875700000;DUBLADO;NÃO;ESTADOS UNIDOS;5003371;ARAÚJO MULTIPLEX VIA VERDE 04;276;6000002;3103;20363;RIO BRANCO;AC;EMPRESA CINEMATOGRÁFICA ARAÇATUBA LTDA;03.519.995/0001-90
30/06/2016;30/06/2016 21:30:00;ME BEFORE YOU;COMO EU ERA ANTES DE VOCÊ;E1500875700000;DUBLADO;NÃO;ESTADOS UNIDOS;5005574;CINESYSTEM PAULISTA SALA 04;30;6000027;22546;33152;PAULISTA;PE;REDECINE BRA CINEMATOGRÁFICA S.A.;15.422.993/0001-67
30/06/2016;30/06/2016 21:30:00;ME BEFORE YOU;COMO EU ERA ANTES DE VOCÊ;E1500875700000;ORIGINAL;SIM;ESTADOS UNIDOS;5000778;NEW YORK CITY CENTER - SALA 14;45;6000058;749;2620;RIO DE JANEIRO;RJ;UNITED CINEMAS INTERNATIONAL BRASIL LTDA.;01.289.530/0001-64
30/06/2016;30/06/2016 21:30:00;ME BEFORE YOU;COMO EU ERA ANTES DE VOCÊ;E1500875700000;DUBLADO;NÃO;ESTADOS UNIDOS;5003900;SALA 3;83;6000002;3136;24148;SOROCABA;SP;MSA EMPRESA CINEMATOGRÁFICA LTDA;03.608.600/0001-25
30/06/2016;30/06/2016 21:30:01;PORTA DOS FUNDOS - CONTRATO VITALÍCIO;;B1600368700000;ORIGINAL;NÃO;BRASIL;5001491;MOVIECOM MAXI 6;28;6000100;2912;2913;JUNDIAÍ;SP;MAXI CINEMATOGRÁFICA LTDA;05.279.756/0001-35
30/06/2016;30/06/2016 21:40:00;INDEPENDENCE DAY RESURGENCE;INDEPENDENCE DAY- O RESSURGIMENTO;E1600182600000;ORIGINAL;SIM;ESTADOS UNIDOS;5005330;UCI BRASIL - SUMAÚMA PARK SHOPPING MANAUS SALA 07;19;6000058;749;31265;MANAUS;AM;UNITED CINEMAS INTERNATIONAL BRASIL LTDA.;01.289.530/0001-64
30/06/2016;30/06/2016 21:40:00;ME BEFORE YOU;COMO EU ERA ANTES DE VOCÊ;E1500875700000;ORIGINAL;SIM;ESTADOS UNIDOS;5003088;CINESPAÇO FLORIANÓPOLIS 5;39;6000018;1014;19103;FLORIANÓPOLIS;SC;CIRCUITO ESPAÇO DE CINEMA S/A;03.695.435/0001-96
30/06/2016;30/06/2016 21:40:00;PORTA DOS FUNDOS - CONTRATO VITALÍCIO;;B1600368700000;DUBLADO;NÃO;BRASIL;5001624;CINESYSTEM SHOPPING TOTAL SALA 01;6;6000027;2375;6658;CURITIBA;PR;REDECINE CWB CINEMATOGRÁFICA LTDA;05.747.411/0001-69
30/06/2016;30/06/2016 21:40:00;THE CONJURING 2;INVOCAÇÃO DO MAL 2;E1600342300000;DUBLADO;NÃO;ESTADOS UNIDOS;5001484;MOVIECOM MAXI 4;58;6000100;2912;2913;JUNDIAÍ;SP;MAXI CINEMATOGRÁFICA LTDA;05.279.756/0001-35
30/06/2016;30/06/2016 21:45:00;INDEPENDENCE DAY RESURGENCE;INDEPENDENCE DAY- O RESSURGIMENTO;E1600182600000;DUBLADO;NÃO;ESTADOS UNIDOS;5001493;MOVIECOM MAXI 7;60;6000100;2912;2913;JUNDIAÍ;SP;MAXI CINEMATOGRÁFICA LTDA;05.279.756/0001-35
30/06/2016;30/06/2016 21:45:00;THE CONJURING 2;INVOCAÇÃO DO MAL 2;E1600342300000;DUBLADO;NÃO;ESTADOS UNIDOS;5004486;ARAPIRACA BRA 04;32;6000027;22546;26037;ARAPIRACA;AL;REDECINE BRA CINEMATOGRÁFICA S.A.;15.422.993/0001-67
30/06/2016;30/06/2016 21:50:00;ME BEFORE YOU;COMO EU ERA ANTES DE VOCÊ;E1500875700000;DUBLADO;NÃO;ESTADOS UNIDOS;5003419;CINEMARK SHOPPING RAPOSO TAVARES 01;60;6000018;1843;20591;SÃO PAULO;SP;CINEMARK BRASIL S.A;00.779.721/0001-41
30/06/2016;30/06/2016 21:50:00;ME BEFORE YOU;COMO EU ERA ANTES DE VOCÊ;E1500875700000;DUBLADO;NÃO;ESTADOS UNIDOS;5001482;MOVIECOM MAXI 3;155;6000100;2912;2913;JUNDIAÍ;SP;MAXI CINEMATOGRÁFICA LTDA;05.279.756/0001-35
30/06/2016;30/06/2016 21:50:00;TEENAGE MUTANT NINJA TURTLES: OUT OF THE SHADOWS;AS TARTARUGAS NINJA: FORA DAS SOMBRAS;E1600265600000;DUBLADO;NÃO;ESTADOS UNIDOS;5005000;CINESYSTEM AMERICAS 04;15;6000027;5348;28834;RIO DE JANEIRO;RJ;REDECINE - RIO CINEMATOGRAFICA S.A.;07.524.011/0001-10
30/06/2016;30/06/2016 21:50:00;THE CONJURING 2;INVOCAÇÃO DO MAL 2;E1600342300000;DUBLADO;NÃO;ESTADOS UNIDOS;5001628;CINESYSTEM SHOPPING TOTAL SALA 05;53;6000027;2375;6658;CURITIBA;PR;REDECINE CWB CINEMATOGRÁFICA LTDA;05.747.411/0001-69
30/06/2016;30/06/2016 21:55:00;TEENAGE MUTANT NINJA TURTLES: OUT OF THE SHADOWS;AS TARTARUGAS NINJA: FORA DAS SOMBRAS;E1600265600000;DUBLADO;NÃO;ESTADOS UNIDOS;5000770;NEW YORK CITY CENTER - SALA 06;29;6000058;749;2620;RIO DE JANEIRO;RJ;UNITED CINEMAS INTERNATIONAL BRASIL LTDA.;01.289.530/0001-64
30/06/2016;30/06/2016 22:00:00;FINDING DORY;PROCURANDO DORY;E1600258900000;ORIGINAL;SIM;ESTADOS UNIDOS;5003087;CINESPAÇO FLORIANÓPOLIS 1;32;6000018;1014;19103;FLORIANÓPOLIS;SC;CIRCUITO ESPAÇO DE CINEMA S/A;03.695.435/0001-96
30/06/2016;30/06/2016 22:00:00;FINDING DORY;PROCURANDO DORY;E1600258900000;DUBLADO;NÃO;ESTADOS UNIDOS;5000767;NEW YORK CITY CENTER - SALA 03;126;6000058;749;2620;RIO DE JANEIRO;RJ;UNITED CINEMAS INTERNATIONAL BRASIL LTDA.;01.289.530/0001-64
30/06/2016;30/06/2016 22:00:00;FINDING DORY;PROCURANDO DORY;E1600258900000;DUBLADO;NÃO;ESTADOS UNIDOS;5005324;UCI BRASIL - SUMAÚMA PARK SHOPPING MANAUS SALA 01;94;6000058;749;31265;MANAUS;AM;UNITED CINEMAS INTERNATIONAL BRASIL LTDA.;01.289.530/0001-64
30/06/2016;30/06/2016 22:00:00;INDEPENDENCE DAY RESURGENCE;INDEPENDENCE DAY- O RESSURGIMENTO;E1600182600000;DUBLADO;NÃO;ESTADOS UNIDOS;5001625;CINESYSTEM SHOPPING TOTAL SALA 02;36;6000027;2375;6658;CURITIBA;PR;REDECINE CWB CINEMATOGRÁFICA LTDA;05.747.411/0001-69
30/06/2016;30/06/2016 22:00:00;NOW YOU SEE ME 2;TRUQUE DE MESTRE: O 2º ATO;E1700176500000;ORIGINAL;SIM;CANADÁ;5004999;CINESYSTEM AMERICAS 03;28;6000027;5348;28834;RIO DE JANEIRO;RJ;REDECINE - RIO CINEMATOGRAFICA S.A.;07.524.011/0001-10
30/06/2016;30/06/2016 22:00:00;NOW YOU SEE ME: THE SECOND ACT;TRUQUE DE MESTRE 2;E1500269900000;DUBLADO;NÃO;ESTADOS UNIDOS;5000765;NEW YORK CITY CENTER - SALA 01;50;6000058;749;2620;RIO DE JANEIRO;RJ;UNITED CINEMAS INTERNATIONAL BRASIL LTDA.;01.289.530/0001-64
30/06/2016;30/06/2016 22:00:00;TEENAGE MUTANT NINJA TURTLES: OUT OF THE SHADOWS;AS TARTARUGAS NINJA: FORA DAS SOMBRAS;E1600265600000;ORIGINAL;SIM;ESTADOS UNIDOS;5000776;NEW YORK CITY CENTER - SALA 12;8;6000058;749;2620;RIO DE JANEIRO;RJ;UNITED CINEMAS INTERNATIONAL BRASIL LTDA.;01.289.530/0001-64
30/06/2016;30/06/2016 22:00:00;THE CONJURING 2;INVOCAÇÃO DO MAL 2;E1600342300000;DUBLADO;NÃO;ESTADOS UNIDOS;5005328;UCI BRASIL - SUMAÚMA PARK SHOPPING MANAUS SALA 05;42;6000058;749;31265;MANAUS;AM;UNITED CINEMAS INTERNATIONAL BRASIL LTDA.;01.289.530/0001-64
30/06/2016;30/06/2016 22:15:00;PORTA DOS FUNDOS - CONTRATO VITALÍCIO;;B1600368700000;DUBLADO;NÃO;BRASIL;5005326;UCI BRASIL - SUMAÚMA PARK SHOPPING MANAUS SALA 03;9;6000058;749;31265;MANAUS;AM;UNITED CINEMAS INTERNATIONAL BRASIL LTDA.;01.289.530/0001-64
30/06/2016;30/06/2016 22:20:00;ME BEFORE YOU;COMO EU ERA ANTES DE VOCÊ;E1500875700000;DUBLADO;NÃO;ESTADOS UNIDOS;5005329;UCI BRASIL - SUMAÚMA PARK SHOPPING MANAUS SALA 06;31;6000058;749;31265;MANAUS;AM;UNITED CINEMAS INTERNATIONAL BRASIL LTDA.;01.289.530/0001-64
30/06/2016;30/06/2016 22:20:00;PORTA DOS FUNDOS - CONTRATO VITALÍCIO;;B1600368700000;DUBLADO;NÃO;BRASIL;5000782;NEW YORK CITY CENTER - SALA 18;57;6000058;749;2620;RIO DE JANEIRO;RJ;UNITED CINEMAS INTERNATIONAL BRASIL LTDA.;01.289.530/0001-64
30/06/2016;30/06/2016 22:30:00;FINDING DORY;PROCURANDO DORY;E1600258900000;ORIGINAL;SIM;ESTADOS UNIDOS;5000777;NEW YORK CITY CENTER - SALA 13;54;6000058;749;2620;RIO DE JANEIRO;RJ;UNITED CINEMAS INTERNATIONAL BRASIL LTDA.;01.289.530/0001-64
30/06/2016;30/06/2016 22:30:00;FINDING DORY;PROCURANDO DORY;E1600258900000;DUBLADO;NÃO;ESTADOS UNIDOS;5005331;UCI BRASIL - SUMAÚMA PARK SHOPPING MANAUS SALA 08;63;6000058;749;31265;MANAUS;AM;UNITED CINEMAS INTERNATIONAL BRASIL LTDA.;01.289.530/0001-64
