DATA_EXIBICAO;SESSAO;TITULO_ORIGINAL;TITULO_BRASIL;CPB_ROE;AUDIO;LEGENDADA;PAIS_OBRA;REGISTRO_SALA;NOME_SALA;PUBLICO;REGISTRO_GRUPO_EXIBIDOR;REGISTRO_EXIBIDOR;REGISTRO_COMPLEXO;MUNICIPIO_SALA_COMPLEXO;UF_SALA_COMPLEXO;RAZAO_SOCIAL_EXIBIDORA;CNPJ_EXIBIDORA
01/06/2016;01/06/2016 12:00:00;Mostras e Festivais;;G0000000000004;ORIGINAL;NÃO;;5004430;SALA DRAGÃO DO MAR 02;0;;25385;25387;FORTALEZA;CE;INSTITUTO DRAGAO DO MAR;02.455.125/0001-31
01/06/2016;01/06/2016 13:00:00;ANGRY BIRDS;ANGRY BIRDS - O FILME;E1500732000000;DUBLADO;NÃO;ESTADOS UNIDOS;5005338;CINEMAS BENFICA - SALA 4;21;;15690;15691;FORTALEZA;CE;CINEMAS BENFICA LTDA;07.509.597/0001-43
01/06/2016;01/06/2016 13:20:00;ANGRY BIRDS;ANGRY BIRDS - O FILME;E1500732000000;DUBLADO;NÃO;ESTADOS UNIDOS;5002781;ILHA PLAZA 01;5;6000027;5348;16645;RIO DE JANEIRO;RJ;REDECINE - RIO CINEMATOGRAFICA S.A.;07.524.011/0001-10
01/06/2016;01/06/2016 13:30:00;ALICE THROUGH THE LOOKING GLASS;ALICE ATRAVÉS DO ESPELHO;E1600259100000;DUBLADO;NÃO;ESTADOS UNIDOS;5002602;CINEMAS BENFICA - SALA 2;36;;15690;15691;FORTALEZA;CE;CINEMAS BENFICA LTDA;07.509.597/0001-43
01/06/2016;01/06/2016 13:30:00;CAPTAIN AMERICA: CIVIL WAR;CAPITÃO AMÉRICA: GUERRA CIVIL;E1600129800000;DUBLADO;NÃO;ESTADOS UNIDOS;5002780;ILHA PLAZA 03;6;6000027;5348;16645;RIO DE JANEIRO;RJ;REDECINE - RIO CINEMATOGRAFICA S.A.;07.524.011/0001-10
01/06/2016;01/06/2016 13:40:00;ALICE THROUGH THE LOOKING GLASS;ALICE ATRAVÉS DO ESPELHO;E1600259100000;DUBLADO;NÃO;ESTADOS UNIDOS;5001624;CINESYSTEM SHOPPING TOTAL SALA 01;5;6000027;2375;6658;CURITIBA;PR;REDECINE CWB CINEMATOGRÁFICA LTDA;05.747.411/0001-69
01/06/2016;01/06/2016 13:40:00;ALICE THROUGH THE LOOKING GLASS;ALICE ATRAVÉS DO ESPELHO;E1600259100000;DUBLADO;NÃO;ESTADOS UNIDOS;5002782;ILHA PLAZA 02;4;6000027;5348;16645;RIO DE JANEIRO;RJ;REDECINE - RIO CINEMATOGRAFICA S.A.;07.524.011/0001-10
01/06/2016;01/06/2016 13:40:00;CAPTAIN AMERICA: THE WINTER SOLDIER;CAPITÃO AMÉRICA 2: O SOLDADO INVERNAL;E1402820700000;DUBLADO;NÃO;ESTADOS UNIDOS;5005000;CINESYSTEM AMERICAS 04;7;6000027;5348;28834;RIO DE JANEIRO;RJ;REDECINE - RIO CINEMATOGRAFICA S.A.;07.524.011/0001-10
01/06/2016;01/06/2016 13:50:00;ALICE IN WONDERLAND;ALICE NO PAÍS DAS MARAVILHAS;E1500291700000;DUBLADO;NÃO;ESTADOS UNIDOS;5003423;CINEMARK SHOPPING RAPOSO TAVARES 05;17;6000018;1843;20591;SÃO PAULO;SP;CINEMARK BRASIL S.A;00.779.721/0001-41
01/06/2016;01/06/2016 13:50:00;ANGRY BIRDS;ANGRY BIRDS - O FILME;E1500732000000;DUBLADO;NÃO;ESTADOS UNIDOS;5004488;ARAPIRACA BRA 06;9;6000027;22546;26037;ARAPIRACA;AL;REDECINE BRA CINEMATOGRÁFICA S.A.;15.422.993/0001-67
01/06/2016;01/06/2016 13:50:00;CAPTAIN AMERICA: CIVIL WAR;CAPITÃO AMÉRICA: GUERRA CIVIL;E1600129800000;DUBLADO;NÃO;ESTADOS UNIDOS;5001626;CINESYSTEM SHOPPING TOTAL SALA 03;5;6000027;2375;6658;CURITIBA;PR;REDECINE CWB CINEMATOGRÁFICA LTDA;05.747.411/0001-69
01/06/2016;01/06/2016 14:00:00;ALICE THROUGH THE LOOKING GLASS;ALICE ATRAVÉS DO ESPELHO;E1600259100000;DUBLADO;NÃO;ESTADOS UNIDOS;5005002;CINESYSTEM AMERICAS 06;2;6000027;5348;28834;RIO DE JANEIRO;RJ;REDECINE - RIO CINEMATOGRAFICA S.A.;07.524.011/0001-10
01/06/2016;01/06/2016 14:00:00;ANGRY BIRDS;ANGRY BIRDS - O FILME;E1500732000000;DUBLADO;NÃO;ESTADOS UNIDOS;5002063;AGUA VERDE 2;6;6000023;12893;12894;CURITIBA;PR;ESTILO PRODUÇÕES ARTISTICAS LTDA;03.293.165/0001-97
01/06/2016;01/06/2016 14:00:00;X-MEN: APOCALYPSE;X-MEN - APOCALIPSE;E1600181600000;DUBLADO;NÃO;ESTADOS UNIDOS;5004483;ARAPIRACA BRA 01;11;6000027;22546;26037;ARAPIRACA;AL;REDECINE BRA CINEMATOGRÁFICA S.A.;15.422.993/0001-67
01/06/2016;01/06/2016 14:10:00;ALICE THROUGH THE LOOKING GLASS;ALICE ATRAVÉS DO ESPELHO;E1600259100000;DUBLADO;NÃO;ESTADOS UNIDOS;5004486;ARAPIRACA BRA 04;15;6000027;22546;26037;ARAPIRACA;AL;REDECINE BRA CINEMATOGRÁFICA S.A.;15.422.993/0001-67
01/06/2016;01/06/2016 14:10:00;ALICE THROUGH THE LOOKING GLASS;ALICE ATRAVÉS DO ESPELHO;E1600259100000;DUBLADO;NÃO;ESTADOS UNIDOS;5005572;CINESYSTEM PAULISTA SALA 01;23;6000027;22546;33152;PAULISTA;PE;REDECINE BRA CINEMATOGRÁFICA S.A.;15.422.993/0001-67
01/06/2016;01/06/2016 14:10:00;ALICE THROUGH THE LOOKING GLASS;ALICE ATRAVÉS DO ESPELHO;E1600259100000;DUBLADO;NÃO;ESTADOS UNIDOS;5002783;ILHA PLAZA 04;11;6000027;5348;16645;RIO DE JANEIRO;RJ;REDECINE - RIO CINEMATOGRAFICA S.A.;07.524.011/0001-10
01/06/2016;01/06/2016 14:10:00;X-MEN: APOCALYPSE;X-MEN - APOCALIPSE;E1600181600000;ORIGINAL;SIM;ESTADOS UNIDOS;5004999;CINESYSTEM AMERICAS 03;14;6000027;5348;28834;RIO DE JANEIRO;RJ;REDECINE - RIO CINEMATOGRAFICA S.A.;07.524.011/0001-10
01/06/2016;01/06/2016 14:20:00;ALICE THROUGH THE LOOKING GLASS;ALICE ATRAVÉS DO ESPELHO;E1600259100000;DUBLADO;NÃO;ESTADOS UNIDOS;5002062;AGUA VERDE 1;0;6000023;12893;12894;CURITIBA;PR;ESTILO PRODUÇÕES ARTISTICAS LTDA;03.293.165/0001-97
01/06/2016;01/06/2016 14:20:00;ALICE THROUGH THE LOOKING GLASS;ALICE ATRAVÉS DO ESPELHO;E1600259100000;DUBLADO;NÃO;ESTADOS UNIDOS;5001916;CINESYSTEM PARANAGUÁ SALA 01;6;6000027;2375;6627;PARANAGUÁ;PR;REDECINE CWB CINEMATOGRÁFICA LTDA;05.747.411/0001-69
01/06/2016;01/06/2016 14:20:00;ANGRY BIRDS;ANGRY BIRDS - O FILME;E1500732000000;DUBLADO;NÃO;ESTADOS UNIDOS;5001628;CINESYSTEM SHOPPING TOTAL SALA 05;8;6000027;2375;6658;CURITIBA;PR;REDECINE CWB CINEMATOGRÁFICA LTDA;05.747.411/0001-69
01/06/2016;01/06/2016 14:30:00;ALICE THROUGH THE LOOKING GLASS;ALICE ATRAVÉS DO ESPELHO;E1600259100000;DUBLADO;NÃO;ESTADOS UNIDOS;5001625;CINESYSTEM SHOPPING TOTAL SALA 02;0;6000027;2375;6658;CURITIBA;PR;REDECINE CWB CINEMATOGRÁFICA LTDA;05.747.411/0001-69
01/06/2016;01/06/2016 14:30:00;CAPTAIN AMERICA: CIVIL WAR;CAPITÃO AMÉRICA: GUERRA CIVIL;E1600129800000;DUBLADO;NÃO;ESTADOS UNIDOS;5005574;CINESYSTEM PAULISTA SALA 04;8;6000027;22546;33152;PAULISTA;PE;REDECINE BRA CINEMATOGRÁFICA S.A.;15.422.993/0001-67
01/06/2016;01/06/2016 14:30:00;MONEY MONSTER;JOGO DO DINHEIRO;E1500735200000;ORIGINAL;SIM;ESTADOS UNIDOS;5004997;CINESYSTEM AMERICAS 01;18;6000027;5348;28834;RIO DE JANEIRO;RJ;REDECINE - RIO CINEMATOGRAFICA S.A.;07.524.011/0001-10
01/06/2016;01/06/2016 14:31:00;ALICE THROUGH THE LOOKING GLASS;ALICE ATRAVÉS DO ESPELHO;E1600259100000;DUBLADO;NÃO;ESTADOS UNIDOS;5001625;CINESYSTEM SHOPPING TOTAL SALA 02;23;6000027;2375;6658;CURITIBA;PR;REDECINE CWB CINEMATOGRÁFICA LTDA;05.747.411/0001-69
01/06/2016;01/06/2016 14:40:00;CAPTAIN AMERICA: CIVIL WAR;CAPITÃO AMÉRICA: GUERRA CIVIL;E1600129800000;DUBLADO;NÃO;ESTADOS UNIDOS;5004484;ARAPIRACA BRA 02;12;6000027;22546;26037;ARAPIRACA;AL;REDECINE BRA CINEMATOGRÁFICA S.A.;15.422.993/0001-67
01/06/2016;01/06/2016 14:50:00;ALICE IN WONDERLAND;ALICE NO PAÍS DAS MARAVILHAS;E1500291700000;DUBLADO;NÃO;ESTADOS UNIDOS;5003422;CINEMARK SHOPPING RAPOSO TAVARES 04;26;6000018;1843;20591;SÃO PAULO;SP;CINEMARK BRASIL S.A;00.779.721/0001-41
01/06/2016;01/06/2016 14:55:00;ANGRY BIRDS;ANGRY BIRDS - O FILME;E1500732000000;DUBLADO;NÃO;ESTADOS UNIDOS;5005338;CINEMAS BENFICA - SALA 4;22;;15690;15691;FORTALEZA;CE;CINEMAS BENFICA LTDA;07.509.597/0001-43
01/06/2016;01/06/2016 15:00:00;ALICE THROUGH THE LOOKING GLASS;ALICE ATRAVÉS DO ESPELHO;E1600259100000;DUBLADO;NÃO;ESTADOS UNIDOS;5004487;ARAPIRACA BRA 05;5;6000027;22546;26037;ARAPIRACA;AL;REDECINE BRA CINEMATOGRÁFICA S.A.;15.422.993/0001-67
01/06/2016;01/06/2016 15:00:00;X-MEN: APOCALYPSE;X-MEN - APOCALIPSE;E1600181600000;DUBLADO;NÃO;ESTADOS UNIDOS;5005003;CINESYSTEM AMERICAS 07;13;6000027;5348;28834;RIO DE JANEIRO;RJ;REDECINE - RIO CINEMATOGRAFICA S.A.;07.524.011/0001-10
01/06/2016;01/06/2016 15:00:00;X-MEN: APOCALYPSE;X-MEN - APOCALIPSE;E1600181600000;DUBLADO;NÃO;ESTADOS UNIDOS;5001627;CINESYSTEM SHOPPING TOTAL SALA 04;20;6000027;2375;6658;CURITIBA;PR;REDECINE CWB CINEMATOGRÁFICA LTDA;05.747.411/0001-69
01/06/2016;01/06/2016 15:10:00;ALICE THROUGH THE LOOKING GLASS;ALICE ATRAVÉS DO ESPELHO;E1600259100000;DUBLADO;NÃO;ESTADOS UNIDOS;5005001;CINESYSTEM AMERICAS 05;11;6000027;5348;28834;RIO DE JANEIRO;RJ;REDECINE - RIO CINEMATOGRAFICA S.A.;07.524.011/0001-10
01/06/2016;01/06/2016 15:10:00;ALICE THROUGH THE LOOKING GLASS;ALICE ATRAVÉS DO ESPELHO;E1600259100000;DUBLADO;NÃO;ESTADOS UNIDOS;5005575;CINESYSTEM PAULISTA SALA 05;27;6000027;22546;33152;PAULISTA;PE;REDECINE BRA CINEMATOGRÁFICA S.A.;15.422.993/0001-67
01/06/2016;01/06/2016 15:10:00;X-MEN: APOCALYPSE;X-MEN - APOCALIPSE;E1600181600000;DUBLADO;NÃO;ESTADOS UNIDOS;5004485;ARAPIRACA BRA 03;9;6000027;22546;26037;ARAPIRACA;AL;REDECINE BRA CINEMATOGRÁFICA S.A.;15.422.993/0001-67
01/06/2016;01/06/2016 15:30:00;X-MEN: APOCALYPSE;X-MEN - APOCALIPSE;E1600181600000;DUBLADO;NÃO;ESTADOS UNIDOS;5002781;ILHA PLAZA 01;42;6000027;5348;16645;RIO DE JANEIRO;RJ;REDECINE - RIO CINEMATOGRAFICA S.A.;07.524.011/0001-10
01/06/2016;01/06/2016 15:40:00;ALICE THROUGH THE LOOKING GLASS;ALICE ATRAVÉS DO ESPELHO;E1600259100000;DUBLADO;NÃO;ESTADOS UNIDOS;5002602;CINEMAS BENFICA - SALA 2;81;;15690;15691;FORTALEZA;CE;CINEMAS BENFICA LTDA;07.509.597/0001-43
01/06/2016;01/06/2016 16:00:00;ALICE THROUGH THE LOOKING GLASS;ALICE ATRAVÉS DO ESPELHO;E1600259100000;DUBLADO;NÃO;ESTADOS UNIDOS;5001624;CINESYSTEM SHOPPING TOTAL SALA 01;8;6000027;2375;6658;CURITIBA;PR;REDECINE CWB CINEMATOGRÁFICA LTDA;05.747.411/0001-69
01/06/2016;01/06/2016 16:00:00;ANGRY BIRDS;ANGRY BIRDS - O FILME;E1500732000000;DUBLADO;NÃO;ESTADOS UNIDOS;5002063;AGUA VERDE 2;4;6000023;12893;12894;CURITIBA;PR;ESTILO PRODUÇÕES ARTISTICAS LTDA;03.293.165/0001-97
01/06/2016;01/06/2016 16:10:00;X-MEN: APOCALYPSE;X-MEN - APOCALIPSE;E1600181600000;ORIGINAL;SIM;ESTADOS UNIDOS;5002782;ILHA PLAZA 02;20;6000027;5348;16645;RIO DE JANEIRO;RJ;REDECINE - RIO CINEMATOGRAFICA S.A.;07.524.011/0001-10
01/06/2016;01/06/2016 16:20:00;ALICE THROUGH THE LOOKING GLASS;ALICE ATRAVÉS DO ESPELHO;E1600259100000;ORIGINAL;SIM;ESTADOS UNIDOS;5005002;CINESYSTEM AMERICAS 06;9;6000027;5348;28834;RIO DE JANEIRO;RJ;REDECINE - RIO CINEMATOGRAFICA S.A.;07.524.011/0001-10
01/06/2016;01/06/2016 16:20:00;ANGRY BIRDS;ANGRY BIRDS - O FILME;E1500732000000;DUBLADO;NÃO;ESTADOS UNIDOS;5004488;ARAPIRACA BRA 06;7;6000027;22546;26037;ARAPIRACA;AL;REDECINE BRA CINEMATOGRÁFICA S.A.;15.422.993/0001-67
01/06/2016;01/06/2016 16:25:00;ALICE IN WONDERLAND;ALICE NO PAÍS DAS MARAVILHAS;E1500291700000;DUBLADO;NÃO;ESTADOS UNIDOS;5003423;CINEMARK SHOPPING RAPOSO TAVARES 05;26;6000018;1843;20591;SÃO PAULO;SP;CINEMARK BRASIL S.A;00.779.721/0001-41
01/06/2016;01/06/2016 16:30:00;ALICE THROUGH THE LOOKING GLASS;ALICE ATRAVÉS DO ESPELHO;E1600259100000;DUBLADO;NÃO;ESTADOS UNIDOS;5002062;AGUA VERDE 1;15;6000023;12893;12894;CURITIBA;PR;ESTILO PRODUÇÕES ARTISTICAS LTDA;03.293.165/0001-97
01/06/2016;01/06/2016 16:30:00;ALICE THROUGH THE LOOKING GLASS;ALICE ATRAVÉS DO ESPELHO;E1600259100000;DUBLADO;NÃO;ESTADOS UNIDOS;5004486;ARAPIRACA BRA 04;23;6000027;22546;26037;ARAPIRACA;AL;REDECINE BRA CINEMATOGRÁFICA S.A.;15.422.993/0001-67
01/06/2016;01/06/2016 16:30:00;ALICE THROUGH THE LOOKING GLASS;ALICE ATRAVÉS DO ESPELHO;E1600259100000;DUBLADO;NÃO;ESTADOS UNIDOS;5005572;CINESYSTEM PAULISTA SALA 01;19;6000027;22546;33152;PAULISTA;PE;REDECINE BRA CINEMATOGRÁFICA S.A.;15.422.993/0001-67
01/06/2016;01/06/2016 16:30:00;ALICE THROUGH THE LOOKING GLASS;ALICE ATRAVÉS DO ESPELHO;E1600259100000;DUBLADO;NÃO;ESTADOS UNIDOS;5002783;ILHA PLAZA 04;33;6000027;5348;16645;RIO DE JANEIRO;RJ;REDECINE - RIO CINEMATOGRAFICA S.A.;07.524.011/0001-10
01/06/2016;01/06/2016 16:30:00;X-MEN: APOCALYPSE;X-MEN - APOCALIPSE;E1600181600000;DUBLADO;NÃO;ESTADOS UNIDOS;5001628;CINESYSTEM SHOPPING TOTAL SALA 05;7;6000027;2375;6658;CURITIBA;PR;REDECINE CWB CINEMATOGRÁFICA LTDA;05.747.411/0001-69
01/06/2016;01/06/2016 16:40:00;ANGRY BIRDS;ANGRY BIRDS - O FILME;E1500732000000;DUBLADO;NÃO;ESTADOS UNIDOS;5001626;CINESYSTEM SHOPPING TOTAL SALA 03;12;6000027;2375;6658;CURITIBA;PR;REDECINE CWB CINEMATOGRÁFICA LTDA;05.747.411/0001-69
01/06/2016;01/06/2016 16:40:00;ANGRY BIRDS;ANGRY BIRDS - O FILME;E1500732000000;DUBLADO;NÃO;ESTADOS UNIDOS;5002780;ILHA PLAZA 03;20;6000027;5348;16645;RIO DE JANEIRO;RJ;REDECINE - RIO CINEMATOGRAFICA S.A.;07.524.011/0001-10
01/06/2016;01/06/2016 16:40:00;NEIGHBORS 2: SORORITY RISING;NEIGHBORS 2;E1500735800000;ORIGINAL;SIM;ESTADOS UNIDOS;5005000;CINESYSTEM AMERICAS 04;9;6000027;5348;28834;RIO DE JANEIRO;RJ;REDECINE - RIO CINEMATOGRAFICA S.A.;07.524.011/0001-10
01/06/2016;01/06/2016 16:40:00;X-MEN: APOCALYPSE;X-MEN - APOCALIPSE;E1600181600000;DUBLADO;NÃO;ESTADOS UNIDOS;5001916;CINESYSTEM PARANAGUÁ SALA 01;21;6000027;2375;6627;PARANAGUÁ;PR;REDECINE CWB CINEMATOGRÁFICA LTDA;05.747.411/0001-69
01/06/2016;01/06/2016 16:50:00;ALICE THROUGH THE LOOKING GLASS;ALICE ATRAVÉS DO ESPELHO;E1600259100000;DUBLADO;NÃO;ESTADOS UNIDOS;5001625;CINESYSTEM SHOPPING TOTAL SALA 02;0;6000027;2375;6658;CURITIBA;PR;REDECINE CWB CINEMATOGRÁFICA LTDA;05.747.411/0001-69
01/06/2016;01/06/2016 16:50:00;MONEY MONSTER;JOGO DO DINHEIRO;E1500735200000;ORIGINAL;SIM;ESTADOS UNIDOS;5004997;CINESYSTEM AMERICAS 01;12;6000027;5348;28834;RIO DE JANEIRO;RJ;REDECINE - RIO CINEMATOGRAFICA S.A.;07.524.011/0001-10
01/06/2016;01/06/2016 16:51:00;ALICE THROUGH THE LOOKING GLASS;ALICE ATRAVÉS DO ESPELHO;E1600259100000;DUBLADO;NÃO;ESTADOS UNIDOS;5001625;CINESYSTEM SHOPPING TOTAL SALA 02;20;6000027;2375;6658;CURITIBA;PR;REDECINE CWB CINEMATOGRÁFICA LTDA;05.747.411/0001-69
01/06/2016;01/06/2016 17:00:00;ANGRY BIRDS;ANGRY BIRDS - O FILME;E1500732000000;DUBLADO;NÃO;ESTADOS UNIDOS;5005338;CINEMAS BENFICA - SALA 4;14;;15690;15691;FORTALEZA;CE;CINEMAS BENFICA LTDA;07.509.597/0001-43
01/06/2016;01/06/2016 17:10:00;X-MEN: APOCALYPSE;X-MEN - APOCALIPSE;E1600181600000;DUBLADO;NÃO;ESTADOS UNIDOS;5004483;ARAPIRACA BRA 01;7;6000027;22546;26037;ARAPIRACA;AL;REDECINE BRA CINEMATOGRÁFICA S.A.;15.422.993/0001-67
01/06/2016;01/06/2016 17:20:00;X-MEN: APOCALYPSE;X-MEN - APOCALIPSE;E1600181600000;ORIGINAL;SIM;ESTADOS UNIDOS;5004999;CINESYSTEM AMERICAS 03;11;6000027;5348;28834;RIO DE JANEIRO;RJ;REDECINE - RIO CINEMATOGRAFICA S.A.;07.524.011/0001-10
01/06/2016;01/06/2016 17:30:00;ALICE THROUGH THE LOOKING GLASS;ALICE ATRAVÉS DO ESPELHO;E1600259100000;DUBLADO;NÃO;ESTADOS UNIDOS;5004487;ARAPIRACA BRA 05;4;6000027;22546;26037;ARAPIRACA;AL;REDECINE BRA CINEMATOGRÁFICA S.A.;15.422.993/0001-67
01/06/2016;01/06/2016 17:40:00;ALICE THROUGH THE LOOKING GLASS;ALICE ATRAVÉS DO ESPELHO;E1600259100000;DUBLADO;NÃO;ESTADOS UNIDOS;5005001;CINESYSTEM AMERICAS 05;19;6000027;5348;28834;RIO DE JANEIRO;RJ;REDECINE - RIO CINEMATOGRAFICA S.A.;07.524.011/0001-10
01/06/2016;01/06/2016 17:40:00;ALICE THROUGH THE LOOKING GLASS;ALICE ATRAVÉS DO ESPELHO;E1600259100000;DUBLADO;NÃO;ESTADOS UNIDOS;5005575;CINESYSTEM PAULISTA SALA 05;10;6000027;22546;33152;PAULISTA;PE;REDECINE BRA CINEMATOGRÁFICA S.A.;15.422.993/0001-67
01/06/2016;01/06/2016 17:50:00;ALICE IN WONDERLAND;ALICE NO PAÍS DAS MARAVILHAS;E1500291700000;DUBLADO;NÃO;ESTADOS UNIDOS;5003422;CINEMARK SHOPPING RAPOSO TAVARES 04;11;6000018;1843;20591;SÃO PAULO;SP;CINEMARK BRASIL S.A;00.779.721/0001-41
01/06/2016;01/06/2016 17:50:00;ALICE THROUGH THE LOOKING GLASS;ALICE ATRAVÉS DO ESPELHO;E1600259100000;DUBLADO;NÃO;ESTADOS UNIDOS;5002602;CINEMAS BENFICA - SALA 2;112;;15690;15691;FORTALEZA;CE;CINEMAS BENFICA LTDA;07.509.597/0001-43
01/06/2016;01/06/2016 17:50:00;CAPTAIN AMERICA: CIVIL WAR;CAPITÃO AMÉRICA: GUERRA CIVIL;E1600129800000;DUBLADO;NÃO;ESTADOS UNIDOS;5004484;ARAPIRACA BRA 02;26;6000027;22546;26037;ARAPIRACA;AL;REDECINE BRA CINEMATOGRÁFICA S.A.;15.422.993/0001-67
01/06/2016;01/06/2016 18:00:00;CAPTAIN AMERICA: CIVIL WAR;CAPITÃO AMÉRICA: GUERRA CIVIL;E1600129800000;DUBLADO;NÃO;ESTADOS UNIDOS;5005574;CINESYSTEM PAULISTA SALA 04;9;6000027;22546;33152;PAULISTA;PE;REDECINE BRA CINEMATOGRÁFICA S.A.;15.422.993/0001-67
01/06/2016;01/06/2016 18:00:00;X-MEN: APOCALYPSE;X-MEN - APOCALIPSE;E1600181600000;DUBLADO;NÃO;ESTADOS UNIDOS;5002063;AGUA VERDE 2;0;6000023;12893;12894;CURITIBA;PR;ESTILO PRODUÇÕES ARTISTICAS LTDA;03.293.165/0001-97
01/06/2016;01/06/2016 18:00:00;X-MEN: APOCALYPSE;X-MEN - APOCALIPSE;E1600181600000;DUBLADO;NÃO;ESTADOS UNIDOS;5001627;CINESYSTEM SHOPPING TOTAL SALA 04;10;6000027;2375;6658;CURITIBA;PR;REDECINE CWB CINEMATOGRÁFICA LTDA;05.747.411/0001-69
01/06/2016;01/06/2016 18:10:00;X-MEN: APOCALYPSE;X-MEN - APOCALIPSE;E1600181600000;DUBLADO;NÃO;ESTADOS UNIDOS;5005003;CINESYSTEM AMERICAS 07;21;6000027;5348;28834;RIO DE JANEIRO;RJ;REDECINE - RIO CINEMATOGRAFICA S.A.;07.524.011/0001-10
01/06/2016;01/06/2016 18:20:00;ALICE THROUGH THE LOOKING GLASS;ALICE ATRAVÉS DO ESPELHO;E1600259100000;DUBLADO;NÃO;ESTADOS UNIDOS;5001624;CINESYSTEM SHOPPING TOTAL SALA 01;6;6000027;2375;6658;CURITIBA;PR;REDECINE CWB CINEMATOGRÁFICA LTDA;05.747.411/0001-69
01/06/2016;01/06/2016 18:20:00;X-MEN: APOCALYPSE;X-MEN - APOCALIPSE;E1600181600000;DUBLADO;NÃO;ESTADOS UNIDOS;5004485;ARAPIRACA BRA 03;65;6000027;22546;26037;ARAPIRACA;AL;REDECINE BRA CINEMATOGRÁFICA S.A.;15.422.993/0001-67
01/06/2016;01/06/2016 18:30:00;X-MEN: APOCALYPSE;X-MEN - APOCALIPSE;E1600181600000;ORIGINAL;SIM;ESTADOS UNIDOS;5002781;ILHA PLAZA 01;35;6000027;5348;16645;RIO DE JANEIRO;RJ;REDECINE - RIO CINEMATOGRAFICA S.A.;07.524.011/0001-10
01/06/2016;01/06/2016 18:40:00;ALICE THROUGH THE LOOKING GLASS;ALICE ATRAVÉS DO ESPELHO;E1600259100000;DUBLADO;NÃO;ESTADOS UNIDOS;5002062;AGUA VERDE 1;11;6000023;12893;12894;CURITIBA;PR;ESTILO PRODUÇÕES ARTISTICAS LTDA;03.293.165/0001-97
01/06/2016;01/06/2016 18:40:00;ALICE THROUGH THE LOOKING GLASS;ALICE ATRAVÉS DO ESPELHO;E1600259100000;ORIGINAL;SIM;ESTADOS UNIDOS;5005002;CINESYSTEM AMERICAS 06;11;6000027;5348;28834;RIO DE JANEIRO;RJ;REDECINE - RIO CINEMATOGRAFICA S.A.;07.524.011/0001-10
01/06/2016;01/06/2016 18:40:00;ANGRY BIRDS;ANGRY BIRDS - O FILME;E1500732000000;DUBLADO;NÃO;ESTADOS UNIDOS;5004488;ARAPIRACA BRA 06;8;6000027;22546;26037;ARAPIRACA;AL;REDECINE BRA CINEMATOGRÁFICA S.A.;15.422.993/0001-67
01/06/2016;01/06/2016 18:45:00;CAPTAIN AMERICA: CIVIL WAR;CAPITÃO AMÉRICA: GUERRA CIVIL;E1600129800000;DUBLADO;NÃO;ESTADOS UNIDOS;5001626;CINESYSTEM SHOPPING TOTAL SALA 03;9;6000027;2375;6658;CURITIBA;PR;REDECINE CWB CINEMATOGRÁFICA LTDA;05.747.411/0001-69
01/06/2016;01/06/2016 18:50:00;ALICE THROUGH THE LOOKING GLASS;ALICE ATRAVÉS DO ESPELHO;E1600259100000;DUBLADO;NÃO;ESTADOS UNIDOS;5004486;ARAPIRACA BRA 04;22;6000027;22546;26037;ARAPIRACA;AL;REDECINE BRA CINEMATOGRÁFICA S.A.;15.422.993/0001-67
01/06/2016;01/06/2016 18:50:00;ALICE THROUGH THE LOOKING GLASS;ALICE ATRAVÉS DO ESPELHO;E1600259100000;DUBLADO;NÃO;ESTADOS UNIDOS;5005572;CINESYSTEM PAULISTA SALA 01;21;6000027;22546;33152;PAULISTA;PE;REDECINE BRA CINEMATOGRÁFICA S.A.;15.422.993/0001-67
01/06/2016;01/06/2016 18:50:00;ANGRY BIRDS;ANGRY BIRDS - O FILME;E1500732000000;DUBLADO;NÃO;ESTADOS UNIDOS;5005338;CINEMAS BENFICA - SALA 4;24;;15690;15691;FORTALEZA;CE;CINEMAS BENFICA LTDA;07.509.597/0001-43
01/06/2016;01/06/2016 18:50:00;CAPTAIN AMERICA: CIVIL WAR;CAPITÃO AMÉRICA: GUERRA CIVIL;E1600129800000;DUBLADO;NÃO;ESTADOS UNIDOS;5002780;ILHA PLAZA 03;27;6000027;5348;16645;RIO DE JANEIRO;RJ;REDECINE - RIO CINEMATOGRAFICA S.A.;07.524.011/0001-10
01/06/2016;01/06/2016 18:50:00;CAPTAIN AMERICA: THE WINTER SOLDIER;CAPITÃO AMÉRICA 2: O SOLDADO INVERNAL;E1402820700000;DUBLADO;NÃO;ESTADOS UNIDOS;5005000;CINESYSTEM AMERICAS 04;15;6000027;5348;28834;RIO DE JANEIRO;RJ;REDECINE - RIO CINEMATOGRAFICA S.A.;07.524.011/0001-10
01/06/2016;01/06/2016 19:00:00;ALICE IN WONDERLAND;ALICE NO PAÍS DAS MARAVILHAS;E1500291700000;DUBLADO;NÃO;ESTADOS UNIDOS;5003423;CINEMARK SHOPPING RAPOSO TAVARES 05;33;6000018;1843;20591;SÃO PAULO;SP;CINEMARK BRASIL S.A;00.779.721/0001-41
01/06/2016;01/06/2016 19:00:00;ALICE THROUGH THE LOOKING GLASS;ALICE ATRAVÉS DO ESPELHO;E1600259100000;DUBLADO;NÃO;ESTADOS UNIDOS;5002783;ILHA PLAZA 04;33;6000027;5348;16645;RIO DE JANEIRO;RJ;REDECINE - RIO CINEMATOGRAFICA S.A.;07.524.011/0001-10
01/06/2016;01/06/2016 19:00:00;MONEY MONSTER;JOGO DO DINHEIRO;E1500735200000;ORIGINAL;SIM;ESTADOS UNIDOS;5004997;CINESYSTEM AMERICAS 01;19;6000027;5348;28834;RIO DE JANEIRO;RJ;REDECINE - RIO CINEMATOGRAFICA S.A.;07.524.011/0001-10
01/06/2016;01/06/2016 19:10:00;ALICE THROUGH THE LOOKING GLASS;ALICE ATRAVÉS DO ESPELHO;E1600259100000;DUBLADO;NÃO;ESTADOS UNIDOS;5001625;CINESYSTEM SHOPPING TOTAL SALA 02;0;6000027;2375;6658;CURITIBA;PR;REDECINE CWB CINEMATOGRÁFICA LTDA;05.747.411/0001-69
01/06/2016;01/06/2016 19:11:00;ALICE THROUGH THE LOOKING GLASS;ALICE ATRAVÉS DO ESPELHO;E1600259100000;DUBLADO;NÃO;ESTADOS UNIDOS;5001625;CINESYSTEM SHOPPING TOTAL SALA 02;32;6000027;2375;6658;CURITIBA;PR;REDECINE CWB CINEMATOGRÁFICA LTDA;05.747.411/0001-69
01/06/2016;01/06/2016 19:25:00;ALICE THROUGH THE LOOKING GLASS;ALICE ATRAVÉS DO ESPELHO;E1600259100000;ORIGINAL;SIM;ESTADOS UNIDOS;5002782;ILHA PLAZA 02;21;6000027;5348;16645;RIO DE JANEIRO;RJ;REDECINE - RIO CINEMATOGRAFICA S.A.;07.524.011/0001-10
01/06/2016;01/06/2016 19:30:00;ANGRY BIRDS;ANGRY BIRDS - O FILME;E1500732000000;DUBLADO;NÃO;ESTADOS UNIDOS;5001628;CINESYSTEM SHOPPING TOTAL SALA 05;16;6000027;2375;6658;CURITIBA;PR;REDECINE CWB CINEMATOGRÁFICA LTDA;05.747.411/0001-69
01/06/2016;01/06/2016 19:40:00;ALICE THROUGH THE LOOKING GLASS;ALICE ATRAVÉS DO ESPELHO;E1600259100000;DUBLADO;NÃO;ESTADOS UNIDOS;5001916;CINESYSTEM PARANAGUÁ SALA 01;24;6000027;2375;6627;PARANAGUÁ;PR;REDECINE CWB CINEMATOGRÁFICA LTDA;05.747.411/0001-69
01/06/2016;01/06/2016 20:00:00;ALICE THROUGH THE LOOKING GLASS;ALICE ATRAVÉS DO ESPELHO;E1600259100000;DUBLADO;NÃO;ESTADOS UNIDOS;5004487;ARAPIRACA BRA 05;23;6000027;22546;26037;ARAPIRACA;AL;REDECINE BRA CINEMATOGRÁFICA S.A.;15.422.993/0001-67
01/06/2016;01/06/2016 20:00:00;ALICE THROUGH THE LOOKING GLASS;ALICE ATRAVÉS DO ESPELHO;E1600259100000;DUBLADO;NÃO;ESTADOS UNIDOS;5002602;CINEMAS BENFICA - SALA 2;89;;15690;15691;FORTALEZA;CE;CINEMAS BENFICA LTDA;07.509.597/0001-43
01/06/2016;01/06/2016 20:10:00;ALICE THROUGH THE LOOKING GLASS;ALICE ATRAVÉS DO ESPELHO;E1600259100000;ORIGINAL;SIM;ESTADOS UNIDOS;5005001;CINESYSTEM AMERICAS 05;15;6000027;5348;28834;RIO DE JANEIRO;RJ;REDECINE - RIO CINEMATOGRAFICA S.A.;07.524.011/0001-10
01/06/2016;01/06/2016 20:10:00;ALICE THROUGH THE LOOKING GLASS;ALICE ATRAVÉS DO ESPELHO;E1600259100000;DUBLADO;NÃO;ESTADOS UNIDOS;5005575;CINESYSTEM PAULISTA SALA 05;18;6000027;22546;33152;PAULISTA;PE;REDECINE BRA CINEMATOGRÁFICA S.A.;15.422.993/0001-67
01/06/2016;01/06/2016 20:30:00;ALICE IN WONDERLAND;ALICE NO PAÍS DAS MARAVILHAS;E1500291700000;DUBLADO;NÃO;ESTADOS UNIDOS;5003422;CINEMARK SHOPPING RAPOSO TAVARES 04;43;6000018;1843;20591;SÃO PAULO;SP;CINEMARK BRASIL S.A;00.779.721/0001-41
01/06/2016;01/06/2016 20:30:00;X-MEN: APOCALYPSE;X-MEN - APOCALIPSE;E1600181600000;DUBLADO;NÃO;ESTADOS UNIDOS;5004483;ARAPIRACA BRA 01;37;6000027;22546;26037;ARAPIRACA;AL;REDECINE BRA CINEMATOGRÁFICA S.A.;15.422.993/0001-67
01/06/2016;01/06/2016 20:30:00;X-MEN: APOCALYPSE;X-MEN - APOCALIPSE;E1600181600000;ORIGINAL;SIM;ESTADOS UNIDOS;5004999;CINESYSTEM AMERICAS 03;31;6000027;5348;28834;RIO DE JANEIRO;RJ;REDECINE - RIO CINEMATOGRAFICA S.A.;07.524.011/0001-10
01/06/2016;01/06/2016 20:40:00;ALICE THROUGH THE LOOKING GLASS;ALICE ATRAVÉS DO ESPELHO;E1600259100000;DUBLADO;NÃO;ESTADOS UNIDOS;5001624;CINESYSTEM SHOPPING TOTAL SALA 01;18;6000027;2375;6658;CURITIBA;PR;REDECINE CWB CINEMATOGRÁFICA LTDA;05.747.411/0001-69
01/06/2016;01/06/2016 20:50:00;ANGRY BIRDS;ANGRY BIRDS - O FILME;E1500732000000;DUBLADO;NÃO;ESTADOS UNIDOS;5004488;ARAPIRACA BRA 06;2;6000027;22546;26037;ARAPIRACA;AL;REDECINE BRA CINEMATOGRÁFICA S.A.;15.422.993/0001-67
01/06/2016;01/06/2016 20:50:00;X-MEN: APOCALYPSE;X-MEN - APOCALIPSE;E1600181600000;DUBLADO;NÃO;ESTADOS UNIDOS;5002063;AGUA VERDE 2;12;6000023;12893;12894;CURITIBA;PR;ESTILO PRODUÇÕES ARTISTICAS LTDA;03.293.165/0001-97
01/06/2016;01/06/2016 21:00:00;ALICE THROUGH THE LOOKING GLASS;ALICE ATRAVÉS DO ESPELHO;E1600259100000;DUBLADO;NÃO;ESTADOS UNIDOS;5002062;AGUA VERDE 1;4;6000023;12893;12894;CURITIBA;PR;ESTILO PRODUÇÕES ARTISTICAS LTDA;03.293.165/0001-97
01/06/2016;01/06/2016 21:00:00;ALICE THROUGH THE LOOKING GLASS;ALICE ATRAVÉS DO ESPELHO;E1600259100000;ORIGINAL;SIM;ESTADOS UNIDOS;5005002;CINESYSTEM AMERICAS 06;10;6000027;5348;28834;RIO DE JANEIRO;RJ;REDECINE - RIO CINEMATOGRAFICA S.A.;07.524.011/0001-10
01/06/2016;01/06/2016 21:00:00;CAPTAIN AMERICA: CIVIL WAR;CAPITÃO AMÉRICA: GUERRA CIVIL;E1600129800000;DUBLADO;NÃO;ESTADOS UNIDOS;5004484;ARAPIRACA BRA 02;9;6000027;22546;26037;ARAPIRACA;AL;REDECINE BRA CINEMATOGRÁFICA S.A.;15.422.993/0001-67
01/06/2016;01/06/2016 21:00:00;CAPTAIN AMERICA: CIVIL WAR;CAPITÃO AMÉRICA: GUERRA CIVIL;E1600129800000;DUBLADO;NÃO;ESTADOS UNIDOS;5005574;CINESYSTEM PAULISTA SALA 04;21;6000027;22546;33152;PAULISTA;PE;REDECINE BRA CINEMATOGRÁFICA S.A.;15.422.993/0001-67
01/06/2016;01/06/2016 21:00:00;X-MEN: APOCALYPSE;X-MEN - APOCALIPSE;E1600181600000;DUBLADO;NÃO;ESTADOS UNIDOS;5001627;CINESYSTEM SHOPPING TOTAL SALA 04;30;6000027;2375;6658;CURITIBA;PR;REDECINE CWB CINEMATOGRÁFICA LTDA;05.747.411/0001-69
01/06/2016;01/06/2016 21:10:00;ALICE THROUGH THE LOOKING GLASS;ALICE ATRAVÉS DO ESPELHO;E1600259100000;DUBLADO;NÃO;ESTADOS UNIDOS;5004486;ARAPIRACA BRA 04;9;6000027;22546;26037;ARAPIRACA;AL;REDECINE BRA CINEMATOGRÁFICA S.A.;15.422.993/0001-67
01/06/2016;01/06/2016 21:10:00;ALICE THROUGH THE LOOKING GLASS;ALICE ATRAVÉS DO ESPELHO;E1600259100000;DUBLADO;NÃO;ESTADOS UNIDOS;5005572;CINESYSTEM PAULISTA SALA 01;4;6000027;22546;33152;PAULISTA;PE;REDECINE BRA CINEMATOGRÁFICA S.A.;15.422.993/0001-67
01/06/2016;01/06/2016 21:10:00;MONEY MONSTER;JOGO DO DINHEIRO;E1500735200000;ORIGINAL;SIM;ESTADOS UNIDOS;5004997;CINESYSTEM AMERICAS 01;20;6000027;5348;28834;RIO DE JANEIRO;RJ;REDECINE - RIO CINEMATOGRAFICA S.A.;07.524.011/0001-10
01/06/2016;01/06/2016 21:20:00;ALICE THROUGH THE LOOKING GLASS;ALICE ATRAVÉS DO ESPELHO;E1600259100000;ORIGINAL;SIM;ESTADOS UNIDOS;5002783;ILHA PLAZA 04;33;6000027;5348;16645;RIO DE JANEIRO;RJ;REDECINE - RIO CINEMATOGRAFICA S.A.;07.524.011/0001-10
01/06/2016;01/06/2016 21:30:00;ALICE THROUGH THE LOOKING GLASS;ALICE ATRAVÉS DO ESPELHO;E1600259100000;DUBLADO;NÃO;ESTADOS UNIDOS;5001625;CINESYSTEM SHOPPING TOTAL SALA 02;0;6000027;2375;6658;CURITIBA;PR;REDECINE CWB CINEMATOGRÁFICA LTDA;05.747.411/0001-69
01/06/2016;01/06/2016 21:30:00;X-MEN: APOCALYPSE;X-MEN - APOCALIPSE;E1600181600000;DUBLADO;NÃO;ESTADOS UNIDOS;5004485;ARAPIRACA BRA 03;23;6000027;22546;26037;ARAPIRACA;AL;REDECINE BRA CINEMATOGRÁFICA S.A.;15.422.993/0001-67
01/06/2016;01/06/2016 21:30:00;X-MEN: APOCALYPSE;X-MEN - APOCALIPSE;E1600181600000;DUBLADO;NÃO;ESTADOS UNIDOS;5005003;CINESYSTEM AMERICAS 07;30;6000027;5348;28834;RIO DE JANEIRO;RJ;REDECINE - RIO CINEMATOGRAFICA S.A.;07.524.011/0001-10
01/06/2016;01/06/2016 21:30:00;X-MEN: APOCALYPSE;X-MEN - APOCALIPSE;E1600181600000;ORIGINAL;SIM;ESTADOS UNIDOS;5002781;ILHA PLAZA 01;12;6000027;5348;16645;RIO DE JANEIRO;RJ;REDECINE - RIO CINEMATOGRAFICA S.A.;07.524.011/0001-10
01/06/2016;01/06/2016 21:31:00;ALICE THROUGH THE LOOKING GLASS;ALICE ATRAVÉS DO ESPELHO;E1600259100000;DUBLADO;NÃO;ESTADOS UNIDOS;5001625;CINESYSTEM SHOPPING TOTAL SALA 02;35;6000027;2375;6658;CURITIBA;PR;REDECINE CWB CINEMATOGRÁFICA LTDA;05.747.411/0001-69
01/06/2016;01/06/2016 21:35:00;ALICE IN WONDERLAND;ALICE NO PAÍS DAS MARAVILHAS;E1500291700000;DUBLADO;NÃO;ESTADOS UNIDOS;5003423;CINEMARK SHOPPING RAPOSO TAVARES 05;30;6000018;1843;20591;SÃO PAULO;SP;CINEMARK BRASIL S.A;00.779.721/0001-41
01/06/2016;01/06/2016 21:40:00;X-MEN: APOCALYPSE;X-MEN - APOCALIPSE;E1600181600000;DUBLADO;NÃO;ESTADOS UNIDOS;5001628;CINESYSTEM SHOPPING TOTAL SALA 05;19;6000027;2375;6658;CURITIBA;PR;REDECINE CWB CINEMATOGRÁFICA LTDA;05.747.411/0001-69
01/06/2016;01/06/2016 21:50:00;CAPTAIN AMERICA: CIVIL WAR;CAPITÃO AMÉRICA: GUERRA CIVIL;E1600129800000;DUBLADO;NÃO;ESTADOS UNIDOS;5001626;CINESYSTEM SHOPPING TOTAL SALA 03;15;6000027;2375;6658;CURITIBA;PR;REDECINE CWB CINEMATOGRÁFICA LTDA;05.747.411/0001-69
01/06/2016;01/06/2016 21:50:00;CAPTAIN AMERICA: THE WINTER SOLDIER;CAPITÃO AMÉRICA 2: O SOLDADO INVERNAL;E1402820700000;DUBLADO;NÃO;ESTADOS UNIDOS;5005000;CINESYSTEM AMERICAS 04;2;6000027;5348;28834;RIO DE JANEIRO;RJ;REDECINE - RIO CINEMATOGRAFICA S.A.;07.524.011/0001-10
01/06/2016;01/06/2016 21:50:00;X-MEN: APOCALYPSE;X-MEN - APOCALIPSE;E1600181600000;ORIGINAL;SIM;ESTADOS UNIDOS;5002782;ILHA PLAZA 02;22;6000027;5348;16645;RIO DE JANEIRO;RJ;REDECINE - RIO CINEMATOGRAFICA S.A.;07.524.011/0001-10
01/06/2016;01/06/2016 22:00:00;CAPTAIN AMERICA: CIVIL WAR;CAPITÃO AMÉRICA: GUERRA CIVIL;E1600129800000;DUBLADO;NÃO;ESTADOS UNIDOS;5002780;ILHA PLAZA 03;15;6000027;5348;16645;RIO DE JANEIRO;RJ;REDECINE - RIO CINEMATOGRAFICA S.A.;07.524.011/0001-10
01/06/2016;01/06/2016 22:00:00;X-MEN: APOCALYPSE;X-MEN - APOCALIPSE;E1600181600000;DUBLADO;NÃO;ESTADOS UNIDOS;5001916;CINESYSTEM PARANAGUÁ SALA 01;27;6000027;2375;6627;PARANAGUÁ;PR;REDECINE CWB CINEMATOGRÁFICA LTDA;05.747.411/0001-69
02/06/2016;02/06/2016 13:00:00;WARCRAFT;WARCFRAT – O PRIMEIRO ENCONTRO ENTRE DOIS MUNDOS;E1500739800000;DUBLADO;NÃO;ESTADOS UNIDOS;5002603;CINEMAS BENFICA - SALA 1;38;;15690;15691;FORTALEZA;CE;CINEMAS BENFICA LTDA;07.509.597/0001-43
02/06/2016;02/06/2016 13:15:00;ANGRY BIRDS;ANGRY BIRDS - O FILME;E1500732000000;DUBLADO;NÃO;ESTADOS UNIDOS;5005338;CINEMAS BENFICA - SALA 4;8;;15690;15691;FORTALEZA;CE;CINEMAS BENFICA LTDA;07.509.597/0001-43
02/06/2016;02/06/2016 13:15:00;CAPTAIN AMERICA: CIVIL WAR;CAPITÃO AMÉRICA: GUERRA CIVIL;E1600129800000;DUBLADO;NÃO;ESTADOS UNIDOS;5004488;ARAPIRACA BRA 06;7;6000027;22546;26037;ARAPIRACA;AL;REDECINE BRA CINEMATOGRÁFICA S.A.;15.422.993/0001-67
02/06/2016;02/06/2016 13:15:00;WARCRAFT;WARCFRAT – O PRIMEIRO ENCONTRO ENTRE DOIS MUNDOS;E1500739800000;DUBLADO;NÃO;ESTADOS UNIDOS;5005002;CINESYSTEM AMERICAS 06;7;6000027;5348;28834;RIO DE JANEIRO;RJ;REDECINE - RIO CINEMATOGRAFICA S.A.;07.524.011/0001-10
02/06/2016;02/06/2016 13:20:00;ALICE THROUGH THE LOOKING GLASS;ALICE ATRAVÉS DO ESPELHO;E1600259100000;DUBLADO;NÃO;ESTADOS UNIDOS;5004485;ARAPIRACA BRA 03;6;6000027;22546;26037;ARAPIRACA;AL;REDECINE BRA CINEMATOGRÁFICA S.A.;15.422.993/0001-67
02/06/2016;02/06/2016 13:25:00;ANGRY BIRDS;ANGRY BIRDS - O FILME;E1500732000000;DUBLADO;NÃO;ESTADOS UNIDOS;5004484;ARAPIRACA BRA 02;2;6000027;22546;26037;ARAPIRACA;AL;REDECINE BRA CINEMATOGRÁFICA S.A.;15.422.993/0001-67
02/06/2016;02/06/2016 13:25:00;X-MEN: APOCALYPSE;X-MEN - APOCALIPSE;E1600181600000;ORIGINAL;SIM;ESTADOS UNIDOS;5004999;CINESYSTEM AMERICAS 03;3;6000027;5348;28834;RIO DE JANEIRO;RJ;REDECINE - RIO CINEMATOGRAFICA S.A.;07.524.011/0001-10
02/06/2016;02/06/2016 13:30:00;ALICE IN WONDERLAND;ALICE NO PAÍS DAS MARAVILHAS;E1500291700000;DUBLADO;NÃO;ESTADOS UNIDOS;5003424;CINEMARK SHOPPING RAPOSO TAVARES 06;0;6000018;1843;20591;SÃO PAULO;SP;CINEMARK BRASIL S.A;00.779.721/0001-41
02/06/2016;02/06/2016 13:30:00;ALICE THROUGH THE LOOKING GLASS;ALICE ATRAVÉS DO ESPELHO;E1600259100000;DUBLADO;NÃO;ESTADOS UNIDOS;5004486;ARAPIRACA BRA 04;3;6000027;22546;26037;ARAPIRACA;AL;REDECINE BRA CINEMATOGRÁFICA S.A.;15.422.993/0001-67
02/06/2016;02/06/2016 13:30:00;ALICE THROUGH THE LOOKING GLASS;ALICE ATRAVÉS DO ESPELHO;E1600259100000;DUBLADO;NÃO;ESTADOS UNIDOS;5002602;CINEMAS BENFICA - SALA 2;52;;15690;15691;FORTALEZA;CE;CINEMAS BENFICA LTDA;07.509.597/0001-43
02/06/2016;02/06/2016 13:30:00;ALICE THROUGH THE LOOKING GLASS;ALICE ATRAVÉS DO ESPELHO;E1600259100000;DUBLADO;NÃO;ESTADOS UNIDOS;5005578;CINESYSTEM PAULISTA SALA 08 CINÉPIC;2;6000027;22546;33152;PAULISTA;PE;REDECINE BRA CINEMATOGRÁFICA S.A.;15.422.993/0001-67
02/06/2016;02/06/2016 13:30:00;ANGRY BIRDS;ANGRY BIRDS - O FILME;E1500732000000;DUBLADO;NÃO;ESTADOS UNIDOS;5002780;ILHA PLAZA 03;2;6000027;5348;16645;RIO DE JANEIRO;RJ;REDECINE - RIO CINEMATOGRAFICA S.A.;07.524.011/0001-10
02/06/2016;02/06/2016 13:30:00;DEPOIS DE VOCÊ;;B1402157800000;DUBLADO;NÃO;BRASIL;5004997;CINESYSTEM AMERICAS 01;0;6000027;5348;28834;RIO DE JANEIRO;RJ;REDECINE - RIO CINEMATOGRAFICA S.A.;07.524.011/0001-10
02/06/2016;02/06/2016 13:40:00;ALICE THROUGH THE LOOKING GLASS;ALICE ATRAVÉS DO ESPELHO;E1600259100000;DUBLADO;NÃO;ESTADOS UNIDOS;5002781;ILHA PLAZA 01;7;6000027;5348;16645;RIO DE JANEIRO;RJ;REDECINE - RIO CINEMATOGRAFICA S.A.;07.524.011/0001-10
02/06/2016;02/06/2016 13:40:00;CAPTAIN AMERICA: THE WINTER SOLDIER;CAPITÃO AMÉRICA 2: O SOLDADO INVERNAL;E1402820700000;DUBLADO;NÃO;ESTADOS UNIDOS;5005000;CINESYSTEM AMERICAS 04;1;6000027;5348;28834;RIO DE JANEIRO;RJ;REDECINE - RIO CINEMATOGRAFICA S.A.;07.524.011/0001-10
02/06/2016;02/06/2016 13:45:00;UMA LOUCURA DE MULHER;;B1600305700000;ORIGINAL;NÃO;BRASIL;5003420;CINEMARK SHOPPING RAPOSO TAVARES 02;0;6000018;1843;20591;SÃO PAULO;SP;CINEMARK BRASIL S.A;00.779.721/0001-41
02/06/2016;02/06/2016 13:45:00;WARCRAFT;WARCFRAT – O PRIMEIRO ENCONTRO ENTRE DOIS MUNDOS;E1500739800000;DUBLADO;NÃO;ESTADOS UNIDOS;5004487;ARAPIRACA BRA 05;22;6000027;22546;26037;ARAPIRACA;AL;REDECINE BRA CINEMATOGRÁFICA S.A.;15.422.993/0001-67
02/06/2016;02/06/2016 13:50:00;ALICE THROUGH THE LOOKING GLASS;ALICE ATRAVÉS DO ESPELHO;E1600259100000;DUBLADO;NÃO;ESTADOS UNIDOS;5005001;CINESYSTEM AMERICAS 05;5;6000027;5348;28834;RIO DE JANEIRO;RJ;REDECINE - RIO CINEMATOGRAFICA S.A.;07.524.011/0001-10
02/06/2016;02/06/2016 13:50:00;WARCRAFT;WARCFRAT – O PRIMEIRO ENCONTRO ENTRE DOIS MUNDOS;E1500739800000;DUBLADO;NÃO;ESTADOS UNIDOS;5001625;CINESYSTEM SHOPPING TOTAL SALA 02;0;6000027;2375;6658;CURITIBA;PR;REDECINE CWB CINEMATOGRÁFICA LTDA;05.747.411/0001-69
02/06/2016;02/06/2016 14:00:00;ANGRY BIRDS;ANGRY BIRDS - O FILME;E1500732000000;DUBLADO;NÃO;ESTADOS UNIDOS;5002063;AGUA VERDE 2;11;6000023;12893;12894;CURITIBA;PR;ESTILO PRODUÇÕES ARTISTICAS LTDA;03.293.165/0001-97
02/06/2016;02/06/2016 14:00:00;ANGRY BIRDS;ANGRY BIRDS - O FILME;E1500732000000;DUBLADO;NÃO;ESTADOS UNIDOS;5001626;CINESYSTEM SHOPPING TOTAL SALA 03;4;6000027;2375;6658;CURITIBA;PR;REDECINE CWB CINEMATOGRÁFICA LTDA;05.747.411/0001-69
02/06/2016;02/06/2016 14:00:00;X-MEN: APOCALYPSE;X-MEN - APOCALIPSE;E1600181600000;DUBLADO;NÃO;ESTADOS UNIDOS;5002782;ILHA PLAZA 02;6;6000027;5348;16645;RIO DE JANEIRO;RJ;REDECINE - RIO CINEMATOGRAFICA S.A.;07.524.011/0001-10
02/06/2016;02/06/2016 14:10:00;ALICE THROUGH THE LOOKING GLASS;ALICE ATRAVÉS DO ESPELHO;E1600259100000;DUBLADO;NÃO;ESTADOS UNIDOS;5004998;CINESYSTEM AMERICAS 02;1;6000027;5348;28834;RIO DE JANEIRO;RJ;REDECINE - RIO CINEMATOGRAFICA S.A.;07.524.011/0001-10
02/06/2016;02/06/2016 14:10:00;ALICE THROUGH THE LOOKING GLASS;ALICE ATRAVÉS DO ESPELHO;E1600259100000;DUBLADO;NÃO;ESTADOS UNIDOS;5001627;CINESYSTEM SHOPPING TOTAL SALA 04;12;6000027;2375;6658;CURITIBA;PR;REDECINE CWB CINEMATOGRÁFICA LTDA;05.747.411/0001-69
02/06/2016;02/06/2016 14:20:00;ALICE THROUGH THE LOOKING GLASS;ALICE ATRAVÉS DO ESPELHO;E1600259100000;DUBLADO;NÃO;ESTADOS UNIDOS;5002062;AGUA VERDE 1;10;6000023;12893;12894;CURITIBA;PR;ESTILO PRODUÇÕES ARTISTICAS LTDA;03.293.165/0001-97
02/06/2016;02/06/2016 14:20:00;X-MEN: APOCALYPSE;X-MEN - APOCALIPSE;E1600181600000;DUBLADO;NÃO;ESTADOS UNIDOS;5001624;CINESYSTEM SHOPPING TOTAL SALA 01;7;6000027;2375;6658;CURITIBA;PR;REDECINE CWB CINEMATOGRÁFICA LTDA;05.747.411/0001-69
02/06/2016;02/06/2016 14:30:00;WARCRAFT;WARCFRAT – O PRIMEIRO ENCONTRO ENTRE DOIS MUNDOS;E1500739800000;DUBLADO;NÃO;ESTADOS UNIDOS;5001628;CINESYSTEM SHOPPING TOTAL SALA 05;2;6000027;2375;6658;CURITIBA;PR;REDECINE CWB CINEMATOGRÁFICA LTDA;05.747.411/0001-69
02/06/2016;02/06/2016 15:00:00;WARCRAFT;WARCFRAT – O PRIMEIRO ENCONTRO ENTRE DOIS MUNDOS;E1500739800000;DUBLADO;NÃO;ESTADOS UNIDOS;5003422;CINEMARK SHOPPING RAPOSO TAVARES 04;24;6000018;1843;20591;SÃO PAULO;SP;CINEMARK BRASIL S.A;00.779.721/0001-41
02/06/2016;02/06/2016 15:00:00;X-MEN: APOCALYPSE;X-MEN - APOCALIPSE;E1600181600000;DUBLADO;NÃO;ESTADOS UNIDOS;5004483;ARAPIRACA BRA 01;14;6000027;22546;26037;ARAPIRACA;AL;REDECINE BRA CINEMATOGRÁFICA S.A.;15.422.993/0001-67
02/06/2016;02/06/2016 15:10:00;ANGRY BIRDS;ANGRY BIRDS - O FILME;E1500732000000;DUBLADO;NÃO;ESTADOS UNIDOS;5005338;CINEMAS BENFICA - SALA 4;14;;15690;15691;FORTALEZA;CE;CINEMAS BENFICA LTDA;07.509.597/0001-43
02/06/2016;02/06/2016 15:20:00;WARCRAFT;WARCFRAT – O PRIMEIRO ENCONTRO ENTRE DOIS MUNDOS;E1500739800000;DUBLADO;NÃO;ESTADOS UNIDOS;5002603;CINEMAS BENFICA - SALA 1;42;;15690;15691;FORTALEZA;CE;CINEMAS BENFICA LTDA;07.509.597/0001-43
02/06/2016;02/06/2016 15:30:00;ANGRY BIRDS;ANGRY BIRDS - O FILME;E1500732000000;DUBLADO;NÃO;ESTADOS UNIDOS;5004484;ARAPIRACA BRA 02;0;6000027;22546;26037;ARAPIRACA;AL;REDECINE BRA CINEMATOGRÁFICA S.A.;15.422.993/0001-67
02/06/2016;02/06/2016 15:30:00;MONEY MONSTER;JOGO DO DINHEIRO;E1500735200000;ORIGINAL;SIM;ESTADOS UNIDOS;5004997;CINESYSTEM AMERICAS 01;17;6000027;5348;28834;RIO DE JANEIRO;RJ;REDECINE - RIO CINEMATOGRAFICA S.A.;07.524.011/0001-10
02/06/2016;02/06/2016 15:40:00;ALICE THROUGH THE LOOKING GLASS;ALICE ATRAVÉS DO ESPELHO;E1600259100000;DUBLADO;NÃO;ESTADOS UNIDOS;5002602;CINEMAS BENFICA - SALA 2;29;;15690;15691;FORTALEZA;CE;CINEMAS BENFICA LTDA;07.509.597/0001-43
02/06/2016;02/06/2016 15:40:00;ALICE THROUGH THE LOOKING GLASS;ALICE ATRAVÉS DO ESPELHO;E1600259100000;DUBLADO;NÃO;ESTADOS UNIDOS;5002780;ILHA PLAZA 03;23;6000027;5348;16645;RIO DE JANEIRO;RJ;REDECINE - RIO CINEMATOGRAFICA S.A.;07.524.011/0001-10
02/06/2016;02/06/2016 15:45:00;WARCRAFT;WARCFRAT – O PRIMEIRO ENCONTRO ENTRE DOIS MUNDOS;E1500739800000;ORIGINAL;SIM;ESTADOS UNIDOS;5005002;CINESYSTEM AMERICAS 06;14;6000027;5348;28834;RIO DE JANEIRO;RJ;REDECINE - RIO CINEMATOGRAFICA S.A.;07.524.011/0001-10
02/06/2016;02/06/2016 15:50:00;ALICE THROUGH THE LOOKING GLASS;ALICE ATRAVÉS DO ESPELHO;E1600259100000;DUBLADO;NÃO;ESTADOS UNIDOS;5005578;CINESYSTEM PAULISTA SALA 08 CINÉPIC;5;6000027;22546;33152;PAULISTA;PE;REDECINE BRA CINEMATOGRÁFICA S.A.;15.422.993/0001-67
02/06/2016;02/06/2016 15:50:00;X-MEN: APOCALYPSE;X-MEN - APOCALIPSE;E1600181600000;DUBLADO;NÃO;ESTADOS UNIDOS;5004485;ARAPIRACA BRA 03;13;6000027;22546;26037;ARAPIRACA;AL;REDECINE BRA CINEMATOGRÁFICA S.A.;15.422.993/0001-67
02/06/2016;02/06/2016 16:00:00;ALICE THROUGH THE LOOKING GLASS;ALICE ATRAVÉS DO ESPELHO;E1600259100000;DUBLADO;NÃO;ESTADOS UNIDOS;5004486;ARAPIRACA BRA 04;8;6000027;22546;26037;ARAPIRACA;AL;REDECINE BRA CINEMATOGRÁFICA S.A.;15.422.993/0001-67
02/06/2016;02/06/2016 16:00:00;ANGRY BIRDS;ANGRY BIRDS - O FILME;E1500732000000;DUBLADO;NÃO;ESTADOS UNIDOS;5002063;AGUA VERDE 2;0;6000023;12893;12894;CURITIBA;PR;ESTILO PRODUÇÕES ARTISTICAS LTDA;03.293.165/0001-97
02/06/2016;02/06/2016 16:00:00;WARCRAFT;WARCFRAT – O PRIMEIRO ENCONTRO ENTRE DOIS MUNDOS;E1500739800000;DUBLADO;NÃO;ESTADOS UNIDOS;5003424;CINEMARK SHOPPING RAPOSO TAVARES 06;4;6000018;1843;20591;SÃO PAULO;SP;CINEMARK BRASIL S.A;00.779.721/0001-41
02/06/2016;02/06/2016 16:05:00;ANGRY BIRDS;ANGRY BIRDS - O FILME;E1500732000000;DUBLADO;NÃO;ESTADOS UNIDOS;5001626;CINESYSTEM SHOPPING TOTAL SALA 03;7;6000027;2375;6658;CURITIBA;PR;REDECINE CWB CINEMATOGRÁFICA LTDA;05.747.411/0001-69
02/06/2016;02/06/2016 16:10:00;UMA LOUCURA DE MULHER;;B1600305700000;ORIGINAL;NÃO;BRASIL;5003420;CINEMARK SHOPPING RAPOSO TAVARES 02;1;6000018;1843;20591;SÃO PAULO;SP;CINEMARK BRASIL S.A;00.779.721/0001-41
02/06/2016;02/06/2016 16:10:00;WARCRAFT;WARCFRAT – O PRIMEIRO ENCONTRO ENTRE DOIS MUNDOS;E1500739800000;DUBLADO;NÃO;ESTADOS UNIDOS;5004488;ARAPIRACA BRA 06;13;6000027;22546;26037;ARAPIRACA;AL;REDECINE BRA CINEMATOGRÁFICA S.A.;15.422.993/0001-67
02/06/2016;02/06/2016 16:15:00;ALICE THROUGH THE LOOKING GLASS;ALICE ATRAVÉS DO ESPELHO;E1600259100000;DUBLADO;NÃO;ESTADOS UNIDOS;5005001;CINESYSTEM AMERICAS 05;14;6000027;5348;28834;RIO DE JANEIRO;RJ;REDECINE - RIO CINEMATOGRAFICA S.A.;07.524.011/0001-10
02/06/2016;02/06/2016 16:15:00;ALICE THROUGH THE LOOKING GLASS;ALICE ATRAVÉS DO ESPELHO;E1600259100000;DUBLADO;NÃO;ESTADOS UNIDOS;5002781;ILHA PLAZA 01;18;6000027;5348;16645;RIO DE JANEIRO;RJ;REDECINE - RIO CINEMATOGRAFICA S.A.;07.524.011/0001-10
02/06/2016;02/06/2016 16:20:00;WARCRAFT;WARCFRAT – O PRIMEIRO ENCONTRO ENTRE DOIS MUNDOS;E1500739800000;DUBLADO;NÃO;ESTADOS UNIDOS;5004487;ARAPIRACA BRA 05;16;6000027;22546;26037;ARAPIRACA;AL;REDECINE BRA CINEMATOGRÁFICA S.A.;15.422.993/0001-67
02/06/2016;02/06/2016 16:20:00;WARCRAFT;WARCFRAT – O PRIMEIRO ENCONTRO ENTRE DOIS MUNDOS;E1500739800000;DUBLADO;NÃO;ESTADOS UNIDOS;5001625;CINESYSTEM SHOPPING TOTAL SALA 02;11;6000027;2375;6658;CURITIBA;PR;REDECINE CWB CINEMATOGRÁFICA LTDA;05.747.411/0001-69
02/06/2016;02/06/2016 16:25:00;NEIGHBORS 2: SORORITY RISING;NEIGHBORS 2;E1500735800000;ORIGINAL;SIM;ESTADOS UNIDOS;5004999;CINESYSTEM AMERICAS 03;3;6000027;5348;28834;RIO DE JANEIRO;RJ;REDECINE - RIO CINEMATOGRAFICA S.A.;07.524.011/0001-10
02/06/2016;02/06/2016 16:30:00;ALICE THROUGH THE LOOKING GLASS;ALICE ATRAVÉS DO ESPELHO;E1600259100000;DUBLADO;NÃO;ESTADOS UNIDOS;5002062;AGUA VERDE 1;5;6000023;12893;12894;CURITIBA;PR;ESTILO PRODUÇÕES ARTISTICAS LTDA;03.293.165/0001-97
02/06/2016;02/06/2016 16:30:00;ALICE THROUGH THE LOOKING GLASS;ALICE ATRAVÉS DO ESPELHO;E1600259100000;DUBLADO;NÃO;ESTADOS UNIDOS;5001627;CINESYSTEM SHOPPING TOTAL SALA 04;8;6000027;2375;6658;CURITIBA;PR;REDECINE CWB CINEMATOGRÁFICA LTDA;05.747.411/0001-69
02/06/2016;02/06/2016 16:35:00;X-MEN: APOCALYPSE;X-MEN - APOCALIPSE;E1600181600000;DUBLADO;NÃO;ESTADOS UNIDOS;5004998;CINESYSTEM AMERICAS 02;23;6000027;5348;28834;RIO DE JANEIRO;RJ;REDECINE - RIO CINEMATOGRAFICA S.A.;07.524.011/0001-10
02/06/2016;02/06/2016 16:40:00;MONEY MONSTER;JOGO DO DINHEIRO;E1500735200000;ORIGINAL;SIM;ESTADOS UNIDOS;5005000;CINESYSTEM AMERICAS 04;14;6000027;5348;28834;RIO DE JANEIRO;RJ;REDECINE - RIO CINEMATOGRAFICA S.A.;07.524.011/0001-10
02/06/2016;02/06/2016 17:00:00;ALICE THROUGH THE LOOKING GLASS;ALICE ATRAVÉS DO ESPELHO;E1600259100000;DUBLADO;NÃO;ESTADOS UNIDOS;5001628;CINESYSTEM SHOPPING TOTAL SALA 05;12;6000027;2375;6658;CURITIBA;PR;REDECINE CWB CINEMATOGRÁFICA LTDA;05.747.411/0001-69
02/06/2016;02/06/2016 17:05:00;ANGRY BIRDS;ANGRY BIRDS - O FILME;E1500732000000;DUBLADO;NÃO;ESTADOS UNIDOS;5005338;CINEMAS BENFICA - SALA 4;19;;15690;15691;FORTALEZA;CE;CINEMAS BENFICA LTDA;07.509.597/0001-43
02/06/2016;02/06/2016 17:10:00;X-MEN: APOCALYPSE;X-MEN - APOCALIPSE;E1600181600000;ORIGINAL;SIM;ESTADOS UNIDOS;5002782;ILHA PLAZA 02;22;6000027;5348;16645;RIO DE JANEIRO;RJ;REDECINE - RIO CINEMATOGRAFICA S.A.;07.524.011/0001-10
02/06/2016;02/06/2016 17:20:00;X-MEN: APOCALYPSE;X-MEN - APOCALIPSE;E1600181600000;DUBLADO;NÃO;ESTADOS UNIDOS;5001624;CINESYSTEM SHOPPING TOTAL SALA 01;10;6000027;2375;6658;CURITIBA;PR;REDECINE CWB CINEMATOGRÁFICA LTDA;05.747.411/0001-69
02/06/2016;02/06/2016 17:35:00;DEPOIS DE VOCÊ;;B1402157800000;DUBLADO;NÃO;BRASIL;5004484;ARAPIRACA BRA 02;4;6000027;22546;26037;ARAPIRACA;AL;REDECINE BRA CINEMATOGRÁFICA S.A.;15.422.993/0001-67
02/06/2016;02/06/2016 17:40:00;DEPOIS DE VOCÊ;;B1402157800000;DUBLADO;NÃO;BRASIL;5004997;CINESYSTEM AMERICAS 01;2;6000027;5348;28834;RIO DE JANEIRO;RJ;REDECINE - RIO CINEMATOGRAFICA S.A.;07.524.011/0001-10
02/06/2016;02/06/2016 17:40:00;WARCRAFT;WARCFRAT – O PRIMEIRO ENCONTRO ENTRE DOIS MUNDOS;E1500739800000;DUBLADO;NÃO;ESTADOS UNIDOS;5002603;CINEMAS BENFICA - SALA 1;33;;15690;15691;FORTALEZA;CE;CINEMAS BENFICA LTDA;07.509.597/0001-43
02/06/2016;02/06/2016 17:50:00;ALICE THROUGH THE LOOKING GLASS;ALICE ATRAVÉS DO ESPELHO;E1600259100000;DUBLADO;NÃO;ESTADOS UNIDOS;5002602;CINEMAS BENFICA - SALA 2;40;;15690;15691;FORTALEZA;CE;CINEMAS BENFICA LTDA;07.509.597/0001-43
02/06/2016;02/06/2016 18:00:00;WARCRAFT;WARCFRAT – O PRIMEIRO ENCONTRO ENTRE DOIS MUNDOS;E1500739800000;DUBLADO;NÃO;ESTADOS UNIDOS;5003422;CINEMARK SHOPPING RAPOSO TAVARES 04;26;6000018;1843;20591;SÃO PAULO;SP;CINEMARK BRASIL S.A;00.779.721/0001-41
02/06/2016;02/06/2016 18:00:00;X-MEN: APOCALYPSE;X-MEN - APOCALIPSE;E1600181600000;DUBLADO;NÃO;ESTADOS UNIDOS;5002063;AGUA VERDE 2;8;6000023;12893;12894;CURITIBA;PR;ESTILO PRODUÇÕES ARTISTICAS LTDA;03.293.165/0001-97
02/06/2016;02/06/2016 18:00:00;X-MEN: APOCALYPSE;X-MEN - APOCALIPSE;E1600181600000;DUBLADO;NÃO;ESTADOS UNIDOS;5004483;ARAPIRACA BRA 01;8;6000027;22546;26037;ARAPIRACA;AL;REDECINE BRA CINEMATOGRÁFICA S.A.;15.422.993/0001-67
02/06/2016;02/06/2016 18:10:00;CAPTAIN AMERICA: CIVIL WAR;CAPITÃO AMÉRICA: GUERRA CIVIL;E1600129800000;DUBLADO;NÃO;ESTADOS UNIDOS;5001626;CINESYSTEM SHOPPING TOTAL SALA 03;15;6000027;2375;6658;CURITIBA;PR;REDECINE CWB CINEMATOGRÁFICA LTDA;05.747.411/0001-69
02/06/2016;02/06/2016 18:10:00;CAPTAIN AMERICA: CIVIL WAR;CAPITÃO AMÉRICA: GUERRA CIVIL;E1600129800000;DUBLADO;NÃO;ESTADOS UNIDOS;5002780;ILHA PLAZA 03;37;6000027;5348;16645;RIO DE JANEIRO;RJ;REDECINE - RIO CINEMATOGRAFICA S.A.;07.524.011/0001-10
02/06/2016;02/06/2016 18:15:00;ALICE THROUGH THE LOOKING GLASS;ALICE ATRAVÉS DO ESPELHO;E1600259100000;DUBLADO;NÃO;ESTADOS UNIDOS;5005578;CINESYSTEM PAULISTA SALA 08 CINÉPIC;2;6000027;22546;33152;PAULISTA;PE;REDECINE BRA CINEMATOGRÁFICA S.A.;15.422.993/0001-67
02/06/2016;02/06/2016 18:20:00;WARCRAFT;WARCFRAT – O PRIMEIRO ENCONTRO ENTRE DOIS MUNDOS;E1500739800000;ORIGINAL;SIM;ESTADOS UNIDOS;5005002;CINESYSTEM AMERICAS 06;16;6000027;5348;28834;RIO DE JANEIRO;RJ;REDECINE - RIO CINEMATOGRAFICA S.A.;07.524.011/0001-10
02/06/2016;02/06/2016 18:30:00;ALICE THROUGH THE LOOKING GLASS;ALICE ATRAVÉS DO ESPELHO;E1600259100000;DUBLADO;NÃO;ESTADOS UNIDOS;5004486;ARAPIRACA BRA 04;4;6000027;22546;26037;ARAPIRACA;AL;REDECINE BRA CINEMATOGRÁFICA S.A.;15.422.993/0001-67
02/06/2016;02/06/2016 18:30:00;UMA LOUCURA DE MULHER;;B1600305700000;ORIGINAL;NÃO;BRASIL;5003420;CINEMARK SHOPPING RAPOSO TAVARES 02;4;6000018;1843;20591;SÃO PAULO;SP;CINEMARK BRASIL S.A;00.779.721/0001-41
02/06/2016;02/06/2016 18:30:00;X-MEN: APOCALYPSE;X-MEN - APOCALIPSE;E1600181600000;ORIGINAL;SIM;ESTADOS UNIDOS;5004999;CINESYSTEM AMERICAS 03;30;6000027;5348;28834;RIO DE JANEIRO;RJ;REDECINE - RIO CINEMATOGRAFICA S.A.;07.524.011/0001-10
02/06/2016;02/06/2016 18:40:00;ALICE THROUGH THE LOOKING GLASS;ALICE ATRAVÉS DO ESPELHO;E1600259100000;DUBLADO;NÃO;ESTADOS UNIDOS;5002062;AGUA VERDE 1;24;6000023;12893;12894;CURITIBA;PR;ESTILO PRODUÇÕES ARTISTICAS LTDA;03.293.165/0001-97
02/06/2016;02/06/2016 18:40:00;ALICE THROUGH THE LOOKING GLASS;ALICE ATRAVÉS DO ESPELHO;E1600259100000;DUBLADO;NÃO;ESTADOS UNIDOS;5005001;CINESYSTEM AMERICAS 05;15;6000027;5348;28834;RIO DE JANEIRO;RJ;REDECINE - RIO CINEMATOGRAFICA S.A.;07.524.011/0001-10
02/06/2016;02/06/2016 18:40:00;ALICE THROUGH THE LOOKING GLASS;ALICE ATRAVÉS DO ESPELHO;E1600259100000;DUBLADO;NÃO;ESTADOS UNIDOS;5002781;ILHA PLAZA 01;35;6000027;5348;16645;RIO DE JANEIRO;RJ;REDECINE - RIO CINEMATOGRAFICA S.A.;07.524.011/0001-10
02/06/2016;02/06/2016 18:40:00;CAPTAIN AMERICA: CIVIL WAR;CAPITÃO AMÉRICA: GUERRA CIVIL;E1600129800000;DUBLADO;NÃO;ESTADOS UNIDOS;5004488;ARAPIRACA BRA 06;10;6000027;22546;26037;ARAPIRACA;AL;REDECINE BRA CINEMATOGRÁFICA S.A.;15.422.993/0001-67
02/06/2016;02/06/2016 18:50:00;CAPTAIN AMERICA: THE WINTER SOLDIER;CAPITÃO AMÉRICA 2: O SOLDADO INVERNAL;E1402820700000;DUBLADO;NÃO;ESTADOS UNIDOS;5005000;CINESYSTEM AMERICAS 04;21;6000027;5348;28834;RIO DE JANEIRO;RJ;REDECINE - RIO CINEMATOGRAFICA S.A.;07.524.011/0001-10
02/06/2016;02/06/2016 18:50:00;WARCRAFT;WARCFRAT – O PRIMEIRO ENCONTRO ENTRE DOIS MUNDOS;E1500739800000;DUBLADO;NÃO;ESTADOS UNIDOS;5004487;ARAPIRACA BRA 05;81;6000027;22546;26037;ARAPIRACA;AL;REDECINE BRA CINEMATOGRÁFICA S.A.;15.422.993/0001-67
02/06/2016;02/06/2016 18:50:00;WARCRAFT;WARCFRAT – O PRIMEIRO ENCONTRO ENTRE DOIS MUNDOS;E1500739800000;DUBLADO;NÃO;ESTADOS UNIDOS;5001625;CINESYSTEM SHOPPING TOTAL SALA 02;29;6000027;2375;6658;CURITIBA;PR;REDECINE CWB CINEMATOGRÁFICA LTDA;05.747.411/0001-69
02/06/2016;02/06/2016 18:50:00;WARCRAFT;WARCFRAT – O PRIMEIRO ENCONTRO ENTRE DOIS MUNDOS;E1500739800000;DUBLADO;NÃO;ESTADOS UNIDOS;5001627;CINESYSTEM SHOPPING TOTAL SALA 04;7;6000027;2375;6658;CURITIBA;PR;REDECINE CWB CINEMATOGRÁFICA LTDA;05.747.411/0001-69
02/06/2016;02/06/2016 19:00:00;ALICE THROUGH THE LOOKING GLASS;ALICE ATRAVÉS DO ESPELHO;E1600259100000;DUBLADO;NÃO;ESTADOS UNIDOS;5004485;ARAPIRACA BRA 03;16;6000027;22546;26037;ARAPIRACA;AL;REDECINE BRA CINEMATOGRÁFICA S.A.;15.422.993/0001-67
02/06/2016;02/06/2016 19:00:00;ALICE THROUGH THE LOOKING GLASS;ALICE ATRAVÉS DO ESPELHO;E1600259100000;DUBLADO;NÃO;ESTADOS UNIDOS;5001627;CINESYSTEM SHOPPING TOTAL SALA 04;29;6000027;2375;6658;CURITIBA;PR;REDECINE CWB CINEMATOGRÁFICA LTDA;05.747.411/0001-69
02/06/2016;02/06/2016 19:00:00;WARCRAFT;WARCFRAT – O PRIMEIRO ENCONTRO ENTRE DOIS MUNDOS;E1500739800000;DUBLADO;NÃO;ESTADOS UNIDOS;5003424;CINEMARK SHOPPING RAPOSO TAVARES 06;27;6000018;1843;20591;SÃO PAULO;SP;CINEMARK BRASIL S.A;00.779.721/0001-41
02/06/2016;02/06/2016 19:00:00;X-MEN: APOCALYPSE;X-MEN - APOCALIPSE;E1600181600000;DUBLADO;NÃO;ESTADOS UNIDOS;5005338;CINEMAS BENFICA - SALA 4;85;;15690;15691;FORTALEZA;CE;CINEMAS BENFICA LTDA;07.509.597/0001-43
02/06/2016;02/06/2016 19:20:00;WARCRAFT;WARCFRAT – O PRIMEIRO ENCONTRO ENTRE DOIS MUNDOS;E1500739800000;DUBLADO;NÃO;ESTADOS UNIDOS;5001628;CINESYSTEM SHOPPING TOTAL SALA 05;23;6000027;2375;6658;CURITIBA;PR;REDECINE CWB CINEMATOGRÁFICA LTDA;05.747.411/0001-69
02/06/2016;02/06/2016 19:35:00;ALICE THROUGH THE LOOKING GLASS;ALICE ATRAVÉS DO ESPELHO;E1600259100000;ORIGINAL;SIM;ESTADOS UNIDOS;5004998;CINESYSTEM AMERICAS 02;19;6000027;5348;28834;RIO DE JANEIRO;RJ;REDECINE - RIO CINEMATOGRAFICA S.A.;07.524.011/0001-10
02/06/2016;02/06/2016 19:35:00;DEPOIS DE VOCÊ;;B1402157800000;DUBLADO;NÃO;BRASIL;5004484;ARAPIRACA BRA 02;19;6000027;22546;26037;ARAPIRACA;AL;REDECINE BRA CINEMATOGRÁFICA S.A.;15.422.993/0001-67
02/06/2016;02/06/2016 19:45:00;MONEY MONSTER;JOGO DO DINHEIRO;E1500735200000;ORIGINAL;SIM;ESTADOS UNIDOS;5004997;CINESYSTEM AMERICAS 01;31;6000027;5348;28834;RIO DE JANEIRO;RJ;REDECINE - RIO CINEMATOGRAFICA S.A.;07.524.011/0001-10
02/06/2016;02/06/2016 20:00:00;ALICE THROUGH THE LOOKING GLASS;ALICE ATRAVÉS DO ESPELHO;E1600259100000;DUBLADO;NÃO;ESTADOS UNIDOS;5002602;CINEMAS BENFICA - SALA 2;30;;15690;15691;FORTALEZA;CE;CINEMAS BENFICA LTDA;07.509.597/0001-43
02/06/2016;02/06/2016 20:05:00;WARCRAFT;WARCFRAT – O PRIMEIRO ENCONTRO ENTRE DOIS MUNDOS;E1500739800000;ORIGINAL;SIM;ESTADOS UNIDOS;5002603;CINEMAS BENFICA - SALA 1;56;;15690;15691;FORTALEZA;CE;CINEMAS BENFICA LTDA;07.509.597/0001-43
02/06/2016;02/06/2016 20:20:00;X-MEN: APOCALYPSE;X-MEN - APOCALIPSE;E1600181600000;DUBLADO;NÃO;ESTADOS UNIDOS;5001624;CINESYSTEM SHOPPING TOTAL SALA 01;68;6000027;2375;6658;CURITIBA;PR;REDECINE CWB CINEMATOGRÁFICA LTDA;05.747.411/0001-69
02/06/2016;02/06/2016 20:30:00;X-MEN: APOCALYPSE;X-MEN - APOCALIPSE;E1600181600000;DUBLADO;NÃO;ESTADOS UNIDOS;5002782;ILHA PLAZA 02;106;6000027;5348;16645;RIO DE JANEIRO;RJ;REDECINE - RIO CINEMATOGRAFICA S.A.;07.524.011/0001-10
02/06/2016;02/06/2016 20:40:00;ALICE THROUGH THE LOOKING GLASS;ALICE ATRAVÉS DO ESPELHO;E1600259100000;DUBLADO;NÃO;ESTADOS UNIDOS;5005578;CINESYSTEM PAULISTA SALA 08 CINÉPIC;9;6000027;22546;33152;PAULISTA;PE;REDECINE BRA CINEMATOGRÁFICA S.A.;15.422.993/0001-67
02/06/2016;02/06/2016 20:50:00;UMA LOUCURA DE MULHER;;B1600305700000;ORIGINAL;NÃO;BRASIL;5003420;CINEMARK SHOPPING RAPOSO TAVARES 02;8;6000018;1843;20591;SÃO PAULO;SP;CINEMARK BRASIL S.A;00.779.721/0001-41
02/06/2016;02/06/2016 20:50:00;X-MEN: APOCALYPSE;X-MEN - APOCALIPSE;E1600181600000;DUBLADO;NÃO;ESTADOS UNIDOS;5002063;AGUA VERDE 2;11;6000023;12893;12894;CURITIBA;PR;ESTILO PRODUÇÕES ARTISTICAS LTDA;03.293.165/0001-97
02/06/2016;02/06/2016 21:00:00;ALICE THROUGH THE LOOKING GLASS;ALICE ATRAVÉS DO ESPELHO;E1600259100000;DUBLADO;NÃO;ESTADOS UNIDOS;5002062;AGUA VERDE 1;9;6000023;12893;12894;CURITIBA;PR;ESTILO PRODUÇÕES ARTISTICAS LTDA;03.293.165/0001-97
02/06/2016;02/06/2016 21:00:00;ALICE THROUGH THE LOOKING GLASS;ALICE ATRAVÉS DO ESPELHO;E1600259100000;DUBLADO;NÃO;ESTADOS UNIDOS;5004486;ARAPIRACA BRA 04;14;6000027;22546;26037;ARAPIRACA;AL;REDECINE BRA CINEMATOGRÁFICA S.A.;15.422.993/0001-67
02/06/2016;02/06/2016 21:00:00;WARCRAFT;WARCFRAT – O PRIMEIRO ENCONTRO ENTRE DOIS MUNDOS;E1500739800000;DUBLADO;NÃO;ESTADOS UNIDOS;5003422;CINEMARK SHOPPING RAPOSO TAVARES 04;90;6000018;1843;20591;SÃO PAULO;SP;CINEMARK BRASIL S.A;00.779.721/0001-41
02/06/2016;02/06/2016 21:00:00;WARCRAFT;WARCFRAT – O PRIMEIRO ENCONTRO ENTRE DOIS MUNDOS;E1500739800000;ORIGINAL;SIM;ESTADOS UNIDOS;5005002;CINESYSTEM AMERICAS 06;28;6000027;5348;28834;RIO DE JANEIRO;RJ;REDECINE - RIO CINEMATOGRAFICA S.A.;07.524.011/0001-10
02/06/2016;02/06/2016 21:05:00;ALICE THROUGH THE LOOKING GLASS;ALICE ATRAVÉS DO ESPELHO;E1600259100000;ORIGINAL;SIM;ESTADOS UNIDOS;5002781;ILHA PLAZA 01;19;6000027;5348;16645;RIO DE JANEIRO;RJ;REDECINE - RIO CINEMATOGRAFICA S.A.;07.524.011/0001-10
02/06/2016;02/06/2016 21:05:00;CAPTAIN AMERICA: CIVIL WAR;CAPITÃO AMÉRICA: GUERRA CIVIL;E1600129800000;DUBLADO;NÃO;ESTADOS UNIDOS;5001626;CINESYSTEM SHOPPING TOTAL SALA 03;35;6000027;2375;6658;CURITIBA;PR;REDECINE CWB CINEMATOGRÁFICA LTDA;05.747.411/0001-69
02/06/2016;02/06/2016 21:10:00;X-MEN: APOCALYPSE;X-MEN - APOCALIPSE;E1600181600000;DUBLADO;NÃO;ESTADOS UNIDOS;5004483;ARAPIRACA BRA 01;32;6000027;22546;26037;ARAPIRACA;AL;REDECINE BRA CINEMATOGRÁFICA S.A.;15.422.993/0001-67
02/06/2016;02/06/2016 21:10:00;X-MEN: APOCALYPSE;X-MEN - APOCALIPSE;E1600181600000;ORIGINAL;SIM;ESTADOS UNIDOS;5002780;ILHA PLAZA 03;62;6000027;5348;16645;RIO DE JANEIRO;RJ;REDECINE - RIO CINEMATOGRAFICA S.A.;07.524.011/0001-10
02/06/2016;02/06/2016 21:20:00;ALICE THROUGH THE LOOKING GLASS;ALICE ATRAVÉS DO ESPELHO;E1600259100000;ORIGINAL;SIM;ESTADOS UNIDOS;5005001;CINESYSTEM AMERICAS 05;14;6000027;5348;28834;RIO DE JANEIRO;RJ;REDECINE - RIO CINEMATOGRAFICA S.A.;07.524.011/0001-10
02/06/2016;02/06/2016 21:20:00;ALICE THROUGH THE LOOKING GLASS;ALICE ATRAVÉS DO ESPELHO;E1600259100000;DUBLADO;NÃO;ESTADOS UNIDOS;5001627;CINESYSTEM SHOPPING TOTAL SALA 04;45;6000027;2375;6658;CURITIBA;PR;REDECINE CWB CINEMATOGRÁFICA LTDA;05.747.411/0001-69
02/06/2016;02/06/2016 21:20:00;X-MEN: APOCALYPSE;X-MEN - APOCALIPSE;E1600181600000;DUBLADO;NÃO;ESTADOS UNIDOS;5004485;ARAPIRACA BRA 03;8;6000027;22546;26037;ARAPIRACA;AL;REDECINE BRA CINEMATOGRÁFICA S.A.;15.422.993/0001-67
02/06/2016;02/06/2016 21:30:00;WARCRAFT;WARCFRAT – O PRIMEIRO ENCONTRO ENTRE DOIS MUNDOS;E1500739800000;DUBLADO;NÃO;ESTADOS UNIDOS;5004487;ARAPIRACA BRA 05;75;6000027;22546;26037;ARAPIRACA;AL;REDECINE BRA CINEMATOGRÁFICA S.A.;15.422.993/0001-67
02/06/2016;02/06/2016 21:30:00;WARCRAFT;WARCFRAT – O PRIMEIRO ENCONTRO ENTRE DOIS MUNDOS;E1500739800000;DUBLADO;NÃO;ESTADOS UNIDOS;5001625;CINESYSTEM SHOPPING TOTAL SALA 02;57;6000027;2375;6658;CURITIBA;PR;REDECINE CWB CINEMATOGRÁFICA LTDA;05.747.411/0001-69
02/06/2016;02/06/2016 21:30:00;WARCRAFT;WARCFRAT – O PRIMEIRO ENCONTRO ENTRE DOIS MUNDOS;E1500739800000;DUBLADO;NÃO;ESTADOS UNIDOS;5001627;CINESYSTEM SHOPPING TOTAL SALA 04;9;6000027;2375;6658;CURITIBA;PR;REDECINE CWB CINEMATOGRÁFICA LTDA;05.747.411/0001-69
02/06/2016;02/06/2016 21:30:00;X-MEN: APOCALYPSE;X-MEN - APOCALIPSE;E1600181600000;ORIGINAL;SIM;ESTADOS UNIDOS;5004999;CINESYSTEM AMERICAS 03;31;6000027;5348;28834;RIO DE JANEIRO;RJ;REDECINE - RIO CINEMATOGRAFICA S.A.;07.524.011/0001-10
02/06/2016;02/06/2016 21:35:00;DEPOIS DE VOCÊ;;B1402157800000;DUBLADO;NÃO;BRASIL;5004484;ARAPIRACA BRA 02;8;6000027;22546;26037;ARAPIRACA;AL;REDECINE BRA CINEMATOGRÁFICA S.A.;15.422.993/0001-67
02/06/2016;02/06/2016 21:40:00;WARCRAFT;WARCFRAT – O PRIMEIRO ENCONTRO ENTRE DOIS MUNDOS;E1500739800000;DUBLADO;NÃO;ESTADOS UNIDOS;5004488;ARAPIRACA BRA 06;38;6000027;22546;26037;ARAPIRACA;AL;REDECINE BRA CINEMATOGRÁFICA S.A.;15.422.993/0001-67
02/06/2016;02/06/2016 21:50:00;MONEY MONSTER;JOGO DO DINHEIRO;E1500735200000;ORIGINAL;SIM;ESTADOS UNIDOS;5005000;CINESYSTEM AMERICAS 04;18;6000027;5348;28834;RIO DE JANEIRO;RJ;REDECINE - RIO CINEMATOGRAFICA S.A.;07.524.011/0001-10
02/06/2016;02/06/2016 21:50:00;WARCRAFT;WARCFRAT – O PRIMEIRO ENCONTRO ENTRE DOIS MUNDOS;E1500739800000;DUBLADO;NÃO;ESTADOS UNIDOS;5003424;CINEMARK SHOPPING RAPOSO TAVARES 06;20;6000018;1843;20591;SÃO PAULO;SP;CINEMARK BRASIL S.A;00.779.721/0001-41
02/06/2016;02/06/2016 21:50:00;X-MEN: APOCALYPSE;X-MEN - APOCALIPSE;E1600181600000;DUBLADO;NÃO;ESTADOS UNIDOS;5001628;CINESYSTEM SHOPPING TOTAL SALA 05;18;6000027;2375;6658;CURITIBA;PR;REDECINE CWB CINEMATOGRÁFICA LTDA;05.747.411/0001-69
02/06/2016;02/06/2016 21:55:00;DEPOIS DE VOCÊ;;B1402157800000;DUBLADO;NÃO;BRASIL;5004997;CINESYSTEM AMERICAS 01;7;6000027;5348;28834;RIO DE JANEIRO;RJ;REDECINE - RIO CINEMATOGRAFICA S.A.;07.524.011/0001-10
02/06/2016;02/06/2016 22:00:00;X-MEN: APOCALYPSE;X-MEN - APOCALIPSE;E1600181600000;DUBLADO;NÃO;ESTADOS UNIDOS;5004998;CINESYSTEM AMERICAS 02;6;6000027;5348;28834;RIO DE JANEIRO;RJ;REDECINE - RIO CINEMATOGRAFICA S.A.;07.524.011/0001-10
03/06/2016;03/06/2016 13:00:00;WARCRAFT;WARCFRAT – O PRIMEIRO ENCONTRO ENTRE DOIS MUNDOS;E1500739800000;DUBLADO;NÃO;ESTADOS UNIDOS;5002603;CINEMAS BENFICA - SALA 1;31;;15690;15691;FORTALEZA;CE;CINEMAS BENFICA LTDA;07.509.597/0001-43
03/06/2016;03/06/2016 13:15:00;ANGRY BIRDS;ANGRY BIRDS - O FILME;E1500732000000;DUBLADO;NÃO;ESTADOS UNIDOS;5005338;CINEMAS BENFICA - SALA 4;12;;15690;15691;FORTALEZA;CE;CINEMAS BENFICA LTDA;07.509.597/0001-43
03/06/2016;03/06/2016 13:15:00;CAPTAIN AMERICA: CIVIL WAR;CAPITÃO AMÉRICA: GUERRA CIVIL;E1600129800000;DUBLADO;NÃO;ESTADOS UNIDOS;5004488;ARAPIRACA BRA 06;9;6000027;22546;26037;ARAPIRACA;AL;REDECINE BRA CINEMATOGRÁFICA S.A.;15.422.993/0001-67
03/06/2016;03/06/2016 13:15:00;WARCRAFT;WARCFRAT – O PRIMEIRO ENCONTRO ENTRE DOIS MUNDOS;E1500739800000;DUBLADO;NÃO;ESTADOS UNIDOS;5005002;CINESYSTEM AMERICAS 06;12;6000027;5348;28834;RIO DE JANEIRO;RJ;REDECINE - RIO CINEMATOGRAFICA S.A.;07.524.011/0001-10
03/06/2016;03/06/2016 13:20:00;ALICE THROUGH THE LOOKING GLASS;ALICE ATRAVÉS DO ESPELHO;E1600259100000;DUBLADO;NÃO;ESTADOS UNIDOS;5004485;ARAPIRACA BRA 03;7;6000027;22546;26037;ARAPIRACA;AL;REDECINE BRA CINEMATOGRÁFICA S.A.;15.422.993/0001-67
03/06/2016;03/06/2016 13:25:00;ANGRY BIRDS;ANGRY BIRDS - O FILME;E1500732000000;DUBLADO;NÃO;ESTADOS UNIDOS;5004484;ARAPIRACA BRA 02;0;6000027;22546;26037;ARAPIRACA;AL;REDECINE BRA CINEMATOGRÁFICA S.A.;15.422.993/0001-67
03/06/2016;03/06/2016 13:25:00;X-MEN: APOCALYPSE;X-MEN - APOCALIPSE;E1600181600000;ORIGINAL;SIM;ESTADOS UNIDOS;5004999;CINESYSTEM AMERICAS 03;14;6000027;5348;28834;RIO DE JANEIRO;RJ;REDECINE - RIO CINEMATOGRAFICA S.A.;07.524.011/0001-10
03/06/2016;03/06/2016 13:30:00;ALICE IN WONDERLAND;ALICE NO PAÍS DAS MARAVILHAS;E1500291700000;DUBLADO;NÃO;ESTADOS UNIDOS;5003424;CINEMARK SHOPPING RAPOSO TAVARES 06;7;6000018;1843;20591;SÃO PAULO;SP;CINEMARK BRASIL S.A;00.779.721/0001-41
03/06/2016;03/06/2016 13:30:00;ALICE THROUGH THE LOOKING GLASS;ALICE ATRAVÉS DO ESPELHO;E1600259100000;DUBLADO;NÃO;ESTADOS UNIDOS;5004486;ARAPIRACA BRA 04;8;6000027;22546;26037;ARAPIRACA;AL;REDECINE BRA CINEMATOGRÁFICA S.A.;15.422.993/0001-67
03/06/2016;03/06/2016 13:30:00;ALICE THROUGH THE LOOKING GLASS;ALICE ATRAVÉS DO ESPELHO;E1600259100000;DUBLADO;NÃO;ESTADOS UNIDOS;5002602;CINEMAS BENFICA - SALA 2;44;;15690;15691;FORTALEZA;CE;CINEMAS BENFICA LTDA;07.509.597/0001-43
03/06/2016;03/06/2016 13:30:00;ALICE THROUGH THE LOOKING GLASS;ALICE ATRAVÉS DO ESPELHO;E1600259100000;DUBLADO;NÃO;ESTADOS UNIDOS;5005578;CINESYSTEM PAULISTA SALA 08 CINÉPIC;4;6000027;22546;33152;PAULISTA;PE;REDECINE BRA CINEMATOGRÁFICA S.A.;15.422.993/0001-67
03/06/2016;03/06/2016 13:30:00;ANGRY BIRDS;ANGRY BIRDS - O FILME;E1500732000000;DUBLADO;NÃO;ESTADOS UNIDOS;5002780;ILHA PLAZA 03;4;6000027;5348;16645;RIO DE JANEIRO;RJ;REDECINE - RIO CINEMATOGRAFICA S.A.;07.524.011/0001-10
03/06/2016;03/06/2016 13:30:00;DEPOIS DE VOCÊ;;B1402157800000;DUBLADO;NÃO;BRASIL;5004997;CINESYSTEM AMERICAS 01;0;6000027;5348;28834;RIO DE JANEIRO;RJ;REDECINE - RIO CINEMATOGRAFICA S.A.;07.524.011/0001-10
03/06/2016;03/06/2016 13:40:00;ALICE THROUGH THE LOOKING GLASS;ALICE ATRAVÉS DO ESPELHO;E1600259100000;DUBLADO;NÃO;ESTADOS UNIDOS;5002781;ILHA PLAZA 01;10;6000027;5348;16645;RIO DE JANEIRO;RJ;REDECINE - RIO CINEMATOGRAFICA S.A.;07.524.011/0001-10
03/06/2016;03/06/2016 13:40:00;CAPTAIN AMERICA: THE WINTER SOLDIER;CAPITÃO AMÉRICA 2: O SOLDADO INVERNAL;E1402820700000;DUBLADO;NÃO;ESTADOS UNIDOS;5005000;CINESYSTEM AMERICAS 04;7;6000027;5348;28834;RIO DE JANEIRO;RJ;REDECINE - RIO CINEMATOGRAFICA S.A.;07.524.011/0001-10
03/06/2016;03/06/2016 13:45:00;UMA LOUCURA DE MULHER;;B1600305700000;ORIGINAL;NÃO;BRASIL;5003420;CINEMARK SHOPPING RAPOSO TAVARES 02;0;6000018;1843;20591;SÃO PAULO;SP;CINEMARK BRASIL S.A;00.779.721/0001-41
03/06/2016;03/06/2016 13:45:00;WARCRAFT;WARCFRAT – O PRIMEIRO ENCONTRO ENTRE DOIS MUNDOS;E1500739800000;DUBLADO;NÃO;ESTADOS UNIDOS;5004487;ARAPIRACA BRA 05;42;6000027;22546;26037;ARAPIRACA;AL;REDECINE BRA CINEMATOGRÁFICA S.A.;15.422.993/0001-67
03/06/2016;03/06/2016 13:50:00;ALICE THROUGH THE LOOKING GLASS;ALICE ATRAVÉS DO ESPELHO;E1600259100000;DUBLADO;NÃO;ESTADOS UNIDOS;5005001;CINESYSTEM AMERICAS 05;15;6000027;5348;28834;RIO DE JANEIRO;RJ;REDECINE - RIO CINEMATOGRAFICA S.A.;07.524.011/0001-10
03/06/2016;03/06/2016 13:50:00;WARCRAFT;WARCFRAT – O PRIMEIRO ENCONTRO ENTRE DOIS MUNDOS;E1500739800000;DUBLADO;NÃO;ESTADOS UNIDOS;5001625;CINESYSTEM SHOPPING TOTAL SALA 02;5;6000027;2375;6658;CURITIBA;PR;REDECINE CWB CINEMATOGRÁFICA LTDA;05.747.411/0001-69
03/06/2016;03/06/2016 14:00:00;ANGRY BIRDS;ANGRY BIRDS - O FILME;E1500732000000;DUBLADO;NÃO;ESTADOS UNIDOS;5002063;AGUA VERDE 2;4;6000023;12893;12894;CURITIBA;PR;ESTILO PRODUÇÕES ARTISTICAS LTDA;03.293.165/0001-97
03/06/2016;03/06/2016 14:00:00;ANGRY BIRDS;ANGRY BIRDS - O FILME;E1500732000000;DUBLADO;NÃO;ESTADOS UNIDOS;5001626;CINESYSTEM SHOPPING TOTAL SALA 03;7;6000027;2375;6658;CURITIBA;PR;REDECINE CWB CINEMATOGRÁFICA LTDA;05.747.411/0001-69
03/06/2016;03/06/2016 14:00:00;X-MEN: APOCALYPSE;X-MEN - APOCALIPSE;E1600181600000;DUBLADO;NÃO;ESTADOS UNIDOS;5002782;ILHA PLAZA 02;18;6000027;5348;16645;RIO DE JANEIRO;RJ;REDECINE - RIO CINEMATOGRAFICA S.A.;07.524.011/0001-10
03/06/2016;03/06/2016 14:10:00;ALICE THROUGH THE LOOKING GLASS;ALICE ATRAVÉS DO ESPELHO;E1600259100000;DUBLADO;NÃO;ESTADOS UNIDOS;5004998;CINESYSTEM AMERICAS 02;15;6000027;5348;28834;RIO DE JANEIRO;RJ;REDECINE - RIO CINEMATOGRAFICA S.A.;07.524.011/0001-10
03/06/2016;03/06/2016 14:10:00;ALICE THROUGH THE LOOKING GLASS;ALICE ATRAVÉS DO ESPELHO;E1600259100000;DUBLADO;NÃO;ESTADOS UNIDOS;5001627;CINESYSTEM SHOPPING TOTAL SALA 04;17;6000027;2375;6658;CURITIBA;PR;REDECINE CWB CINEMATOGRÁFICA LTDA;05.747.411/0001-69
03/06/2016;03/06/2016 14:20:00;ALICE THROUGH THE LOOKING GLASS;ALICE ATRAVÉS DO ESPELHO;E1600259100000;DUBLADO;NÃO;ESTADOS UNIDOS;5002062;AGUA VERDE 1;8;6000023;12893;12894;CURITIBA;PR;ESTILO PRODUÇÕES ARTISTICAS LTDA;03.293.165/0001-97
03/06/2016;03/06/2016 14:20:00;X-MEN: APOCALYPSE;X-MEN - APOCALIPSE;E1600181600000;DUBLADO;NÃO;ESTADOS UNIDOS;5001624;CINESYSTEM SHOPPING TOTAL SALA 01;8;6000027;2375;6658;CURITIBA;PR;REDECINE CWB CINEMATOGRÁFICA LTDA;05.747.411/0001-69
03/06/2016;03/06/2016 14:30:00;WARCRAFT;WARCFRAT – O PRIMEIRO ENCONTRO ENTRE DOIS MUNDOS;E1500739800000;DUBLADO;NÃO;ESTADOS UNIDOS;5001628;CINESYSTEM SHOPPING TOTAL SALA 05;9;6000027;2375;6658;CURITIBA;PR;REDECINE CWB CINEMATOGRÁFICA LTDA;05.747.411/0001-69
03/06/2016;03/06/2016 15:00:00;WARCRAFT;WARCFRAT – O PRIMEIRO ENCONTRO ENTRE DOIS MUNDOS;E1500739800000;DUBLADO;NÃO;ESTADOS UNIDOS;5003422;CINEMARK SHOPPING RAPOSO TAVARES 04;7;6000018;1843;20591;SÃO PAULO;SP;CINEMARK BRASIL S.A;00.779.721/0001-41
03/06/2016;03/06/2016 15:00:00;X-MEN: APOCALYPSE;X-MEN - APOCALIPSE;E1600181600000;DUBLADO;NÃO;ESTADOS UNIDOS;5004483;ARAPIRACA BRA 01;21;6000027;22546;26037;ARAPIRACA;AL;REDECINE BRA CINEMATOGRÁFICA S.A.;15.422.993/0001-67
03/06/2016;03/06/2016 15:10:00;ANGRY BIRDS;ANGRY BIRDS - O FILME;E1500732000000;DUBLADO;NÃO;ESTADOS UNIDOS;5005338;CINEMAS BENFICA - SALA 4;20;;15690;15691;FORTALEZA;CE;CINEMAS BENFICA LTDA;07.509.597/0001-43
03/06/2016;03/06/2016 15:20:00;WARCRAFT;WARCFRAT – O PRIMEIRO ENCONTRO ENTRE DOIS MUNDOS;E1500739800000;DUBLADO;NÃO;ESTADOS UNIDOS;5002603;CINEMAS BENFICA - SALA 1;31;;15690;15691;FORTALEZA;CE;CINEMAS BENFICA LTDA;07.509.597/0001-43
03/06/2016;03/06/2016 15:30:00;ANGRY BIRDS;ANGRY BIRDS - O FILME;E1500732000000;DUBLADO;NÃO;ESTADOS UNIDOS;5004484;ARAPIRACA BRA 02;11;6000027;22546;26037;ARAPIRACA;AL;REDECINE BRA CINEMATOGRÁFICA S.A.;15.422.993/0001-67
03/06/2016;03/06/2016 15:30:00;MONEY MONSTER;JOGO DO DINHEIRO;E1500735200000;ORIGINAL;SIM;ESTADOS UNIDOS;5004997;CINESYSTEM AMERICAS 01;33;6000027;5348;28834;RIO DE JANEIRO;RJ;REDECINE - RIO CINEMATOGRAFICA S.A.;07.524.011/0001-10
03/06/2016;03/06/2016 15:40:00;ALICE THROUGH THE LOOKING GLASS;ALICE ATRAVÉS DO ESPELHO;E1600259100000;DUBLADO;NÃO;ESTADOS UNIDOS;5002602;CINEMAS BENFICA - SALA 2;38;;15690;15691;FORTALEZA;CE;CINEMAS BENFICA LTDA;07.509.597/0001-43
03/06/2016;03/06/2016 15:40:00;ALICE THROUGH THE LOOKING GLASS;ALICE ATRAVÉS DO ESPELHO;E1600259100000;DUBLADO;NÃO;ESTADOS UNIDOS;5002780;ILHA PLAZA 03;29;6000027;5348;16645;RIO DE JANEIRO;RJ;REDECINE - RIO CINEMATOGRAFICA S.A.;07.524.011/0001-10
03/06/2016;03/06/2016 15:45:00;WARCRAFT;WARCFRAT – O PRIMEIRO ENCONTRO ENTRE DOIS MUNDOS;E1500739800000;ORIGINAL;SIM;ESTADOS UNIDOS;5005002;CINESYSTEM AMERICAS 06;29;6000027;5348;28834;RIO DE JANEIRO;RJ;REDECINE - RIO CINEMATOGRAFICA S.A.;07.524.011/0001-10
03/06/2016;03/06/2016 15:50:00;ALICE THROUGH THE LOOKING GLASS;ALICE ATRAVÉS DO ESPELHO;E1600259100000;DUBLADO;NÃO;ESTADOS UNIDOS;5005578;CINESYSTEM PAULISTA SALA 08 CINÉPIC;20;6000027;22546;33152;PAULISTA;PE;REDECINE BRA CINEMATOGRÁFICA S.A.;15.422.993/0001-67
03/06/2016;03/06/2016 15:50:00;X-MEN: APOCALYPSE;X-MEN - APOCALIPSE;E1600181600000;DUBLADO;NÃO;ESTADOS UNIDOS;5004485;ARAPIRACA BRA 03;8;6000027;22546;26037;ARAPIRACA;AL;REDECINE BRA CINEMATOGRÁFICA S.A.;15.422.993/0001-67
03/06/2016;03/06/2016 16:00:00;ALICE THROUGH THE LOOKING GLASS;ALICE ATRAVÉS DO ESPELHO;E1600259100000;DUBLADO;NÃO;ESTADOS UNIDOS;5004486;ARAPIRACA BRA 04;17;6000027;22546;26037;ARAPIRACA;AL;REDECINE BRA CINEMATOGRÁFICA S.A.;15.422.993/0001-67
03/06/2016;03/06/2016 16:00:00;ANGRY BIRDS;ANGRY BIRDS - O FILME;E1500732000000;DUBLADO;NÃO;ESTADOS UNIDOS;5002063;AGUA VERDE 2;0;6000023;12893;12894;CURITIBA;PR;ESTILO PRODUÇÕES ARTISTICAS LTDA;03.293.165/0001-97
03/06/2016;03/06/2016 16:00:00;WARCRAFT;WARCFRAT – O PRIMEIRO ENCONTRO ENTRE DOIS MUNDOS;E1500739800000;DUBLADO;NÃO;ESTADOS UNIDOS;5003424;CINEMARK SHOPPING RAPOSO TAVARES 06;5;6000018;1843;20591;SÃO PAULO;SP;CINEMARK BRASIL S.A;00.779.721/0001-41
03/06/2016;03/06/2016 16:05:00;ANGRY BIRDS;ANGRY BIRDS - O FILME;E1500732000000;DUBLADO;NÃO;ESTADOS UNIDOS;5001626;CINESYSTEM SHOPPING TOTAL SALA 03;7;6000027;2375;6658;CURITIBA;PR;REDECINE CWB CINEMATOGRÁFICA LTDA;05.747.411/0001-69
03/06/2016;03/06/2016 16:10:00;UMA LOUCURA DE MULHER;;B1600305700000;ORIGINAL;NÃO;BRASIL;5003420;CINEMARK SHOPPING RAPOSO TAVARES 02;0;6000018;1843;20591;SÃO PAULO;SP;CINEMARK BRASIL S.A;00.779.721/0001-41
03/06/2016;03/06/2016 16:10:00;WARCRAFT;WARCFRAT – O PRIMEIRO ENCONTRO ENTRE DOIS MUNDOS;E1500739800000;DUBLADO;NÃO;ESTADOS UNIDOS;5004488;ARAPIRACA BRA 06;8;6000027;22546;26037;ARAPIRACA;AL;REDECINE BRA CINEMATOGRÁFICA S.A.;15.422.993/0001-67
03/06/2016;03/06/2016 16:15:00;ALICE THROUGH THE LOOKING GLASS;ALICE ATRAVÉS DO ESPELHO;E1600259100000;DUBLADO;NÃO;ESTADOS UNIDOS;5005001;CINESYSTEM AMERICAS 05;22;6000027;5348;28834;RIO DE JANEIRO;RJ;REDECINE - RIO CINEMATOGRAFICA S.A.;07.524.011/0001-10
03/06/2016;03/06/2016 16:15:00;ALICE THROUGH THE LOOKING GLASS;ALICE ATRAVÉS DO ESPELHO;E1600259100000;DUBLADO;NÃO;ESTADOS UNIDOS;5002781;ILHA PLAZA 01;39;6000027;5348;16645;RIO DE JANEIRO;RJ;REDECINE - RIO CINEMATOGRAFICA S.A.;07.524.011/0001-10
03/06/2016;03/06/2016 16:20:00;WARCRAFT;WARCFRAT – O PRIMEIRO ENCONTRO ENTRE DOIS MUNDOS;E1500739800000;DUBLADO;NÃO;ESTADOS UNIDOS;5004487;ARAPIRACA BRA 05;7;6000027;22546;26037;ARAPIRACA;AL;REDECINE BRA CINEMATOGRÁFICA S.A.;15.422.993/0001-67
03/06/2016;03/06/2016 16:20:00;WARCRAFT;WARCFRAT – O PRIMEIRO ENCONTRO ENTRE DOIS MUNDOS;E1500739800000;DUBLADO;NÃO;ESTADOS UNIDOS;5001625;CINESYSTEM SHOPPING TOTAL SALA 02;3;6000027;2375;6658;CURITIBA;PR;REDECINE CWB CINEMATOGRÁFICA LTDA;05.747.411/0001-69
03/06/2016;03/06/2016 16:25:00;NEIGHBORS 2: SORORITY RISING;NEIGHBORS 2;E1500735800000;ORIGINAL;SIM;ESTADOS UNIDOS;5004999;CINESYSTEM AMERICAS 03;13;6000027;5348;28834;RIO DE JANEIRO;RJ;REDECINE - RIO CINEMATOGRAFICA S.A.;07.524.011/0001-10
03/06/2016;03/06/2016 16:30:00;ALICE THROUGH THE LOOKING GLASS;ALICE ATRAVÉS DO ESPELHO;E1600259100000;DUBLADO;NÃO;ESTADOS UNIDOS;5002062;AGUA VERDE 1;8;6000023;12893;12894;CURITIBA;PR;ESTILO PRODUÇÕES ARTISTICAS LTDA;03.293.165/0001-97
03/06/2016;03/06/2016 16:30:00;ALICE THROUGH THE LOOKING GLASS;ALICE ATRAVÉS DO ESPELHO;E1600259100000;DUBLADO;NÃO;ESTADOS UNIDOS;5001627;CINESYSTEM SHOPPING TOTAL SALA 04;9;6000027;2375;6658;CURITIBA;PR;REDECINE CWB CINEMATOGRÁFICA LTDA;05.747.411/0001-69
03/06/2016;03/06/2016 16:35:00;X-MEN: APOCALYPSE;X-MEN - APOCALIPSE;E1600181600000;DUBLADO;NÃO;ESTADOS UNIDOS;5004998;CINESYSTEM AMERICAS 02;6;6000027;5348;28834;RIO DE JANEIRO;RJ;REDECINE - RIO CINEMATOGRAFICA S.A.;07.524.011/0001-10
03/06/2016;03/06/2016 16:40:00;MONEY MONSTER;JOGO DO DINHEIRO;E1500735200000;ORIGINAL;SIM;ESTADOS UNIDOS;5005000;CINESYSTEM AMERICAS 04;16;6000027;5348;28834;RIO DE JANEIRO;RJ;REDECINE - RIO CINEMATOGRAFICA S.A.;07.524.011/0001-10
03/06/2016;03/06/2016 17:00:00;ALICE THROUGH THE LOOKING GLASS;ALICE ATRAVÉS DO ESPELHO;E1600259100000;DUBLADO;NÃO;ESTADOS UNIDOS;5001628;CINESYSTEM SHOPPING TOTAL SALA 05;2;6000027;2375;6658;CURITIBA;PR;REDECINE CWB CINEMATOGRÁFICA LTDA;05.747.411/0001-69
03/06/2016;03/06/2016 17:05:00;ANGRY BIRDS;ANGRY BIRDS - O FILME;E1500732000000;DUBLADO;NÃO;ESTADOS UNIDOS;5005338;CINEMAS BENFICA - SALA 4;9;;15690;15691;FORTALEZA;CE;CINEMAS BENFICA LTDA;07.509.597/0001-43
03/06/2016;03/06/2016 17:10:00;X-MEN: APOCALYPSE;X-MEN - APOCALIPSE;E1600181600000;ORIGINAL;SIM;ESTADOS UNIDOS;5002782;ILHA PLAZA 02;33;6000027;5348;16645;RIO DE JANEIRO;RJ;REDECINE - RIO CINEMATOGRAFICA S.A.;07.524.011/0001-10
03/06/2016;03/06/2016 17:20:00;X-MEN: APOCALYPSE;X-MEN - APOCALIPSE;E1600181600000;DUBLADO;NÃO;ESTADOS UNIDOS;5001624;CINESYSTEM SHOPPING TOTAL SALA 01;10;6000027;2375;6658;CURITIBA;PR;REDECINE CWB CINEMATOGRÁFICA LTDA;05.747.411/0001-69
03/06/2016;03/06/2016 17:35:00;DEPOIS DE VOCÊ;;B1402157800000;DUBLADO;NÃO;BRASIL;5004484;ARAPIRACA BRA 02;7;6000027;22546;26037;ARAPIRACA;AL;REDECINE BRA CINEMATOGRÁFICA S.A.;15.422.993/0001-67
03/06/2016;03/06/2016 17:40:00;DEPOIS DE VOCÊ;;B1402157800000;DUBLADO;NÃO;BRASIL;5004997;CINESYSTEM AMERICAS 01;8;6000027;5348;28834;RIO DE JANEIRO;RJ;REDECINE - RIO CINEMATOGRAFICA S.A.;07.524.011/0001-10
03/06/2016;03/06/2016 17:40:00;WARCRAFT;WARCFRAT – O PRIMEIRO ENCONTRO ENTRE DOIS MUNDOS;E1500739800000;DUBLADO;NÃO;ESTADOS UNIDOS;5002603;CINEMAS BENFICA - SALA 1;35;;15690;15691;FORTALEZA;CE;CINEMAS BENFICA LTDA;07.509.597/0001-43
03/06/2016;03/06/2016 17:50:00;ALICE THROUGH THE LOOKING GLASS;ALICE ATRAVÉS DO ESPELHO;E1600259100000;DUBLADO;NÃO;ESTADOS UNIDOS;5002602;CINEMAS BENFICA - SALA 2;48;;15690;15691;FORTALEZA;CE;CINEMAS BENFICA LTDA;07.509.597/0001-43
03/06/2016;03/06/2016 18:00:00;WARCRAFT;WARCFRAT – O PRIMEIRO ENCONTRO ENTRE DOIS MUNDOS;E1500739800000;DUBLADO;NÃO;ESTADOS UNIDOS;5003422;CINEMARK SHOPPING RAPOSO TAVARES 04;15;6000018;1843;20591;SÃO PAULO;SP;CINEMARK BRASIL S.A;00.779.721/0001-41
03/06/2016;03/06/2016 18:00:00;X-MEN: APOCALYPSE;X-MEN - APOCALIPSE;E1600181600000;DUBLADO;NÃO;ESTADOS UNIDOS;5002063;AGUA VERDE 2;7;6000023;12893;12894;CURITIBA;PR;ESTILO PRODUÇÕES ARTISTICAS LTDA;03.293.165/0001-97
03/06/2016;03/06/2016 18:00:00;X-MEN: APOCALYPSE;X-MEN - APOCALIPSE;E1600181600000;DUBLADO;NÃO;ESTADOS UNIDOS;5004483;ARAPIRACA BRA 01;5;6000027;22546;26037;ARAPIRACA;AL;REDECINE BRA CINEMATOGRÁFICA S.A.;15.422.993/0001-67
03/06/2016;03/06/2016 18:10:00;CAPTAIN AMERICA: CIVIL WAR;CAPITÃO AMÉRICA: GUERRA CIVIL;E1600129800000;DUBLADO;NÃO;ESTADOS UNIDOS;5001626;CINESYSTEM SHOPPING TOTAL SALA 03;12;6000027;2375;6658;CURITIBA;PR;REDECINE CWB CINEMATOGRÁFICA LTDA;05.747.411/0001-69
03/06/2016;03/06/2016 18:10:00;CAPTAIN AMERICA: CIVIL WAR;CAPITÃO AMÉRICA: GUERRA CIVIL;E1600129800000;DUBLADO;NÃO;ESTADOS UNIDOS;5002780;ILHA PLAZA 03;29;6000027;5348;16645;RIO DE JANEIRO;RJ;REDECINE - RIO CINEMATOGRAFICA S.A.;07.524.011/0001-10
03/06/2016;03/06/2016 18:15:00;ALICE THROUGH THE LOOKING GLASS;ALICE ATRAVÉS DO ESPELHO;E1600259100000;DUBLADO;NÃO;ESTADOS UNIDOS;5005578;CINESYSTEM PAULISTA SALA 08 CINÉPIC;21;6000027;22546;33152;PAULISTA;PE;REDECINE BRA CINEMATOGRÁFICA S.A.;15.422.993/0001-67
03/06/2016;03/06/2016 18:20:00;WARCRAFT;WARCFRAT – O PRIMEIRO ENCONTRO ENTRE DOIS MUNDOS;E1500739800000;ORIGINAL;SIM;ESTADOS UNIDOS;5005002;CINESYSTEM AMERICAS 06;15;6000027;5348;28834;RIO DE JANEIRO;RJ;REDECINE - RIO CINEMATOGRAFICA S.A.;07.524.011/0001-10
03/06/2016;03/06/2016 18:30:00;ALICE THROUGH THE LOOKING GLASS;ALICE ATRAVÉS DO ESPELHO;E1600259100000;DUBLADO;NÃO;ESTADOS UNIDOS;5004486;ARAPIRACA BRA 04;7;6000027;22546;26037;ARAPIRACA;AL;REDECINE BRA CINEMATOGRÁFICA S.A.;15.422.993/0001-67
03/06/2016;03/06/2016 18:30:00;UMA LOUCURA DE MULHER;;B1600305700000;ORIGINAL;NÃO;BRASIL;5003420;CINEMARK SHOPPING RAPOSO TAVARES 02;3;6000018;1843;20591;SÃO PAULO;SP;CINEMARK BRASIL S.A;00.779.721/0001-41
03/06/2016;03/06/2016 18:30:00;X-MEN: APOCALYPSE;X-MEN - APOCALIPSE;E1600181600000;ORIGINAL;SIM;ESTADOS UNIDOS;5004999;CINESYSTEM AMERICAS 03;15;6000027;5348;28834;RIO DE JANEIRO;RJ;REDECINE - RIO CINEMATOGRAFICA S.A.;07.524.011/0001-10
03/06/2016;03/06/2016 18:40:00;ALICE THROUGH THE LOOKING GLASS;ALICE ATRAVÉS DO ESPELHO;E1600259100000;DUBLADO;NÃO;ESTADOS UNIDOS;5002062;AGUA VERDE 1;13;6000023;12893;12894;CURITIBA;PR;ESTILO PRODUÇÕES ARTISTICAS LTDA;03.293.165/0001-97
03/06/2016;03/06/2016 18:40:00;ALICE THROUGH THE LOOKING GLASS;ALICE ATRAVÉS DO ESPELHO;E1600259100000;DUBLADO;NÃO;ESTADOS UNIDOS;5005001;CINESYSTEM AMERICAS 05;36;6000027;5348;28834;RIO DE JANEIRO;RJ;REDECINE - RIO CINEMATOGRAFICA S.A.;07.524.011/0001-10
03/06/2016;03/06/2016 18:40:00;ALICE THROUGH THE LOOKING GLASS;ALICE ATRAVÉS DO ESPELHO;E1600259100000;DUBLADO;NÃO;ESTADOS UNIDOS;5002781;ILHA PLAZA 01;71;6000027;5348;16645;RIO DE JANEIRO;RJ;REDECINE - RIO CINEMATOGRAFICA S.A.;07.524.011/0001-10
03/06/2016;03/06/2016 18:40:00;CAPTAIN AMERICA: CIVIL WAR;CAPITÃO AMÉRICA: GUERRA CIVIL;E1600129800000;DUBLADO;NÃO;ESTADOS UNIDOS;5004488;ARAPIRACA BRA 06;8;6000027;22546;26037;ARAPIRACA;AL;REDECINE BRA CINEMATOGRÁFICA S.A.;15.422.993/0001-67
03/06/2016;03/06/2016 18:50:00;CAPTAIN AMERICA: THE WINTER SOLDIER;CAPITÃO AMÉRICA 2: O SOLDADO INVERNAL;E1402820700000;DUBLADO;NÃO;ESTADOS UNIDOS;5005000;CINESYSTEM AMERICAS 04;32;6000027;5348;28834;RIO DE JANEIRO;RJ;REDECINE - RIO CINEMATOGRAFICA S.A.;07.524.011/0001-10
03/06/2016;03/06/2016 18:50:00;WARCRAFT;WARCFRAT – O PRIMEIRO ENCONTRO ENTRE DOIS MUNDOS;E1500739800000;DUBLADO;NÃO;ESTADOS UNIDOS;5004487;ARAPIRACA BRA 05;33;6000027;22546;26037;ARAPIRACA;AL;REDECINE BRA CINEMATOGRÁFICA S.A.;15.422.993/0001-67
03/06/2016;03/06/2016 18:50:00;WARCRAFT;WARCFRAT – O PRIMEIRO ENCONTRO ENTRE DOIS MUNDOS;E1500739800000;DUBLADO;NÃO;ESTADOS UNIDOS;5001625;CINESYSTEM SHOPPING TOTAL SALA 02;18;6000027;2375;6658;CURITIBA;PR;REDECINE CWB CINEMATOGRÁFICA LTDA;05.747.411/0001-69
03/06/2016;03/06/2016 19:00:00;ALICE THROUGH THE LOOKING GLASS;ALICE ATRAVÉS DO ESPELHO;E1600259100000;DUBLADO;NÃO;ESTADOS UNIDOS;5004485;ARAPIRACA BRA 03;9;6000027;22546;26037;ARAPIRACA;AL;REDECINE BRA CINEMATOGRÁFICA S.A.;15.422.993/0001-67
03/06/2016;03/06/2016 19:00:00;ALICE THROUGH THE LOOKING GLASS;ALICE ATRAVÉS DO ESPELHO;E1600259100000;DUBLADO;NÃO;ESTADOS UNIDOS;5001627;CINESYSTEM SHOPPING TOTAL SALA 04;16;6000027;2375;6658;CURITIBA;PR;REDECINE CWB CINEMATOGRÁFICA LTDA;05.747.411/0001-69
03/06/2016;03/06/2016 19:00:00;WARCRAFT;WARCFRAT – O PRIMEIRO ENCONTRO ENTRE DOIS MUNDOS;E1500739800000;DUBLADO;NÃO;ESTADOS UNIDOS;5003424;CINEMARK SHOPPING RAPOSO TAVARES 06;26;6000018;1843;20591;SÃO PAULO;SP;CINEMARK BRASIL S.A;00.779.721/0001-41
03/06/2016;03/06/2016 19:00:00;X-MEN: APOCALYPSE;X-MEN - APOCALIPSE;E1600181600000;DUBLADO;NÃO;ESTADOS UNIDOS;5005338;CINEMAS BENFICA - SALA 4;92;;15690;15691;FORTALEZA;CE;CINEMAS BENFICA LTDA;07.509.597/0001-43
03/06/2016;03/06/2016 19:20:00;WARCRAFT;WARCFRAT – O PRIMEIRO ENCONTRO ENTRE DOIS MUNDOS;E1500739800000;DUBLADO;NÃO;ESTADOS UNIDOS;5001628;CINESYSTEM SHOPPING TOTAL SALA 05;21;6000027;2375;6658;CURITIBA;PR;REDECINE CWB CINEMATOGRÁFICA LTDA;05.747.411/0001-69
03/06/2016;03/06/2016 19:35:00;ALICE THROUGH THE LOOKING GLASS;ALICE ATRAVÉS DO ESPELHO;E1600259100000;ORIGINAL;SIM;ESTADOS UNIDOS;5004998;CINESYSTEM AMERICAS 02;66;6000027;5348;28834;RIO DE JANEIRO;RJ;REDECINE - RIO CINEMATOGRAFICA S.A.;07.524.011/0001-10
03/06/2016;03/06/2016 19:35:00;DEPOIS DE VOCÊ;;B1402157800000;DUBLADO;NÃO;BRASIL;5004484;ARAPIRACA BRA 02;14;6000027;22546;26037;ARAPIRACA;AL;REDECINE BRA CINEMATOGRÁFICA S.A.;15.422.993/0001-67
03/06/2016;03/06/2016 19:45:00;MONEY MONSTER;JOGO DO DINHEIRO;E1500735200000;ORIGINAL;SIM;ESTADOS UNIDOS;5004997;CINESYSTEM AMERICAS 01;55;6000027;5348;28834;RIO DE JANEIRO;RJ;REDECINE - RIO CINEMATOGRAFICA S.A.;07.524.011/0001-10
03/06/2016;03/06/2016 20:00:00;ALICE THROUGH THE LOOKING GLASS;ALICE ATRAVÉS DO ESPELHO;E1600259100000;DUBLADO;NÃO;ESTADOS UNIDOS;5002602;CINEMAS BENFICA - SALA 2;50;;15690;15691;FORTALEZA;CE;CINEMAS BENFICA LTDA;07.509.597/0001-43
03/06/2016;03/06/2016 20:05:00;WARCRAFT;WARCFRAT – O PRIMEIRO ENCONTRO ENTRE DOIS MUNDOS;E1500739800000;ORIGINAL;SIM;ESTADOS UNIDOS;5002603;CINEMAS BENFICA - SALA 1;67;;15690;15691;FORTALEZA;CE;CINEMAS BENFICA LTDA;07.509.597/0001-43
03/06/2016;03/06/2016 20:20:00;X-MEN: APOCALYPSE;X-MEN - APOCALIPSE;E1600181600000;DUBLADO;NÃO;ESTADOS UNIDOS;5001624;CINESYSTEM SHOPPING TOTAL SALA 01;43;6000027;2375;6658;CURITIBA;PR;REDECINE CWB CINEMATOGRÁFICA LTDA;05.747.411/0001-69
03/06/2016;03/06/2016 20:30:00;X-MEN: APOCALYPSE;X-MEN - APOCALIPSE;E1600181600000;DUBLADO;NÃO;ESTADOS UNIDOS;5002782;ILHA PLAZA 02;50;6000027;5348;16645;RIO DE JANEIRO;RJ;REDECINE - RIO CINEMATOGRAFICA S.A.;07.524.011/0001-10
03/06/2016;03/06/2016 20:40:00;ALICE THROUGH THE LOOKING GLASS;ALICE ATRAVÉS DO ESPELHO;E1600259100000;DUBLADO;NÃO;ESTADOS UNIDOS;5005578;CINESYSTEM PAULISTA SALA 08 CINÉPIC;14;6000027;22546;33152;PAULISTA;PE;REDECINE BRA CINEMATOGRÁFICA S.A.;15.422.993/0001-67
03/06/2016;03/06/2016 20:50:00;UMA LOUCURA DE MULHER;;B1600305700000;ORIGINAL;NÃO;BRASIL;5003420;CINEMARK SHOPPING RAPOSO TAVARES 02;4;6000018;1843;20591;SÃO PAULO;SP;CINEMARK BRASIL S.A;00.779.721/0001-41
03/06/2016;03/06/2016 20:50:00;X-MEN: APOCALYPSE;X-MEN - APOCALIPSE;E1600181600000;DUBLADO;NÃO;ESTADOS UNIDOS;5002063;AGUA VERDE 2;10;6000023;12893;12894;CURITIBA;PR;ESTILO PRODUÇÕES ARTISTICAS LTDA;03.293.165/0001-97
03/06/2016;03/06/2016 21:00:00;ALICE THROUGH THE LOOKING GLASS;ALICE ATRAVÉS DO ESPELHO;E1600259100000;DUBLADO;NÃO;ESTADOS UNIDOS;5002062;AGUA VERDE 1;27;6000023;12893;12894;CURITIBA;PR;ESTILO PRODUÇÕES ARTISTICAS LTDA;03.293.165/0001-97
03/06/2016;03/06/2016 21:00:00;ALICE THROUGH THE LOOKING GLASS;ALICE ATRAVÉS DO ESPELHO;E1600259100000;DUBLADO;NÃO;ESTADOS UNIDOS;5004486;ARAPIRACA BRA 04;4;6000027;22546;26037;ARAPIRACA;AL;REDECINE BRA CINEMATOGRÁFICA S.A.;15.422.993/0001-67
03/06/2016;03/06/2016 21:00:00;WARCRAFT;WARCFRAT – O PRIMEIRO ENCONTRO ENTRE DOIS MUNDOS;E1500739800000;DUBLADO;NÃO;ESTADOS UNIDOS;5003422;CINEMARK SHOPPING RAPOSO TAVARES 04;73;6000018;1843;20591;SÃO PAULO;SP;CINEMARK BRASIL S.A;00.779.721/0001-41
03/06/2016;03/06/2016 21:00:00;WARCRAFT;WARCFRAT – O PRIMEIRO ENCONTRO ENTRE DOIS MUNDOS;E1500739800000;ORIGINAL;SIM;ESTADOS UNIDOS;5005002;CINESYSTEM AMERICAS 06;54;6000027;5348;28834;RIO DE JANEIRO;RJ;REDECINE - RIO CINEMATOGRAFICA S.A.;07.524.011/0001-10
03/06/2016;03/06/2016 21:05:00;ALICE THROUGH THE LOOKING GLASS;ALICE ATRAVÉS DO ESPELHO;E1600259100000;ORIGINAL;SIM;ESTADOS UNIDOS;5002781;ILHA PLAZA 01;35;6000027;5348;16645;RIO DE JANEIRO;RJ;REDECINE - RIO CINEMATOGRAFICA S.A.;07.524.011/0001-10
03/06/2016;03/06/2016 21:05:00;CAPTAIN AMERICA: CIVIL WAR;CAPITÃO AMÉRICA: GUERRA CIVIL;E1600129800000;DUBLADO;NÃO;ESTADOS UNIDOS;5001626;CINESYSTEM SHOPPING TOTAL SALA 03;32;6000027;2375;6658;CURITIBA;PR;REDECINE CWB CINEMATOGRÁFICA LTDA;05.747.411/0001-69
03/06/2016;03/06/2016 21:10:00;X-MEN: APOCALYPSE;X-MEN - APOCALIPSE;E1600181600000;DUBLADO;NÃO;ESTADOS UNIDOS;5004483;ARAPIRACA BRA 01;14;6000027;22546;26037;ARAPIRACA;AL;REDECINE BRA CINEMATOGRÁFICA S.A.;15.422.993/0001-67
03/06/2016;03/06/2016 21:10:00;X-MEN: APOCALYPSE;X-MEN - APOCALIPSE;E1600181600000;ORIGINAL;SIM;ESTADOS UNIDOS;5002780;ILHA PLAZA 03;46;6000027;5348;16645;RIO DE JANEIRO;RJ;REDECINE - RIO CINEMATOGRAFICA S.A.;07.524.011/0001-10
03/06/2016;03/06/2016 21:20:00;ALICE THROUGH THE LOOKING GLASS;ALICE ATRAVÉS DO ESPELHO;E1600259100000;ORIGINAL;SIM;ESTADOS UNIDOS;5005001;CINESYSTEM AMERICAS 05;42;6000027;5348;28834;RIO DE JANEIRO;RJ;REDECINE - RIO CINEMATOGRAFICA S.A.;07.524.011/0001-10
03/06/2016;03/06/2016 21:20:00;ALICE THROUGH THE LOOKING GLASS;ALICE ATRAVÉS DO ESPELHO;E1600259100000;DUBLADO;NÃO;ESTADOS UNIDOS;5001627;CINESYSTEM SHOPPING TOTAL SALA 04;25;6000027;2375;6658;CURITIBA;PR;REDECINE CWB CINEMATOGRÁFICA LTDA;05.747.411/0001-69
03/06/2016;03/06/2016 21:20:00;X-MEN: APOCALYPSE;X-MEN - APOCALIPSE;E1600181600000;DUBLADO;NÃO;ESTADOS UNIDOS;5004485;ARAPIRACA BRA 03;8;6000027;22546;26037;ARAPIRACA;AL;REDECINE BRA CINEMATOGRÁFICA S.A.;15.422.993/0001-67
03/06/2016;03/06/2016 21:30:00;WARCRAFT;WARCFRAT – O PRIMEIRO ENCONTRO ENTRE DOIS MUNDOS;E1500739800000;DUBLADO;NÃO;ESTADOS UNIDOS;5004487;ARAPIRACA BRA 05;53;6000027;22546;26037;ARAPIRACA;AL;REDECINE BRA CINEMATOGRÁFICA S.A.;15.422.993/0001-67
03/06/2016;03/06/2016 21:30:00;WARCRAFT;WARCFRAT – O PRIMEIRO ENCONTRO ENTRE DOIS MUNDOS;E1500739800000;DUBLADO;NÃO;ESTADOS UNIDOS;5001625;CINESYSTEM SHOPPING TOTAL SALA 02;28;6000027;2375;6658;CURITIBA;PR;REDECINE CWB CINEMATOGRÁFICA LTDA;05.747.411/0001-69
03/06/2016;03/06/2016 21:30:00;X-MEN: APOCALYPSE;X-MEN - APOCALIPSE;E1600181600000;ORIGINAL;SIM;ESTADOS UNIDOS;5004999;CINESYSTEM AMERICAS 03;41;6000027;5348;28834;RIO DE JANEIRO;RJ;REDECINE - RIO CINEMATOGRAFICA S.A.;07.524.011/0001-10
03/06/2016;03/06/2016 21:35:00;DEPOIS DE VOCÊ;;B1402157800000;DUBLADO;NÃO;BRASIL;5004484;ARAPIRACA BRA 02;7;6000027;22546;26037;ARAPIRACA;AL;REDECINE BRA CINEMATOGRÁFICA S.A.;15.422.993/0001-67
03/06/2016;03/06/2016 21:40:00;WARCRAFT;WARCFRAT – O PRIMEIRO ENCONTRO ENTRE DOIS MUNDOS;E1500739800000;DUBLADO;NÃO;ESTADOS UNIDOS;5004488;ARAPIRACA BRA 06;24;6000027;22546;26037;ARAPIRACA;AL;REDECINE BRA CINEMATOGRÁFICA S.A.;15.422.993/0001-67
03/06/2016;03/06/2016 21:50:00;MONEY MONSTER;JOGO DO DINHEIRO;E1500735200000;ORIGINAL;SIM;ESTADOS UNIDOS;5005000;CINESYSTEM AMERICAS 04;43;6000027;5348;28834;RIO DE JANEIRO;RJ;REDECINE - RIO CINEMATOGRAFICA S.A.;07.524.011/0001-10
03/06/2016;03/06/2016 21:50:00;WARCRAFT;WARCFRAT – O PRIMEIRO ENCONTRO ENTRE DOIS MUNDOS;E1500739800000;DUBLADO;NÃO;ESTADOS UNIDOS;5003424;CINEMARK SHOPPING RAPOSO TAVARES 06;28;6000018;1843;20591;SÃO PAULO;SP;CINEMARK BRASIL S.A;00.779.721/0001-41
03/06/2016;03/06/2016 21:50:00;X-MEN: APOCALYPSE;X-MEN - APOCALIPSE;E1600181600000;DUBLADO;NÃO;ESTADOS UNIDOS;5001628;CINESYSTEM SHOPPING TOTAL SALA 05;11;6000027;2375;6658;CURITIBA;PR;REDECINE CWB CINEMATOGRÁFICA LTDA;05.747.411/0001-69
03/06/2016;03/06/2016 21:55:00;DEPOIS DE VOCÊ;;B1402157800000;DUBLADO;NÃO;BRASIL;5004997;CINESYSTEM AMERICAS 01;4;6000027;5348;28834;RIO DE JANEIRO;RJ;REDECINE - RIO CINEMATOGRAFICA S.A.;07.524.011/0001-10
03/06/2016;03/06/2016 22:00:00;X-MEN: APOCALYPSE;X-MEN - APOCALIPSE;E1600181600000;DUBLADO;NÃO;ESTADOS UNIDOS;5004998;CINESYSTEM AMERICAS 02;28;6000027;5348;28834;RIO DE JANEIRO;RJ;REDECINE - RIO CINEMATOGRAFICA S.A.;07.524.011/0001-10
04/06/2016;04/06/2016 12:00:00;PEPPA PIG, THE GOLDEN BOOTS AND OTHER STORIES;PEPPA PIG - AS BOTAS DE OURO E OUTRAS HISTÓRIAS;E1600291900000;DUBLADO;NÃO;ESTADOS UNIDOS;5004484;ARAPIRACA BRA 02;26;6000027;22546;26037;ARAPIRACA;AL;REDECINE BRA CINEMATOGRÁFICA S.A.;15.422.993/0001-67
04/06/2016;04/06/2016 12:00:00;PEPPA PIG, THE GOLDEN BOOTS AND OTHER STORIES;PEPPA PIG - AS BOTAS DE OURO E OUTRAS HISTÓRIAS;E1600291900000;DUBLADO;NÃO;ESTADOS UNIDOS;5004997;CINESYSTEM AMERICAS 01;36;6000027;5348;28834;RIO DE JANEIRO;RJ;REDECINE - RIO CINEMATOGRAFICA S.A.;07.524.011/0001-10
04/06/2016;04/06/2016 12:00:00;PEPPA PIG, THE GOLDEN BOOTS AND OTHER STORIES;PEPPA PIG - AS BOTAS DE OURO E OUTRAS HISTÓRIAS;E1600291900000;DUBLADO;NÃO;ESTADOS UNIDOS;5001624;CINESYSTEM SHOPPING TOTAL SALA 01;9;6000027;2375;6658;CURITIBA;PR;REDECINE CWB CINEMATOGRÁFICA LTDA;05.747.411/0001-69
04/06/2016;04/06/2016 12:00:00;WARCRAFT;WARCFRAT – O PRIMEIRO ENCONTRO ENTRE DOIS MUNDOS;E1500739800000;DUBLADO;NÃO;ESTADOS UNIDOS;5003422;CINEMARK SHOPPING RAPOSO TAVARES 04;21;6000018;1843;20591;SÃO PAULO;SP;CINEMARK BRASIL S.A;00.779.721/0001-41
04/06/2016;04/06/2016 13:00:00;WARCRAFT;WARCFRAT – O PRIMEIRO ENCONTRO ENTRE DOIS MUNDOS;E1500739800000;DUBLADO;NÃO;ESTADOS UNIDOS;5002603;CINEMAS BENFICA - SALA 1;50;;15690;15691;FORTALEZA;CE;CINEMAS BENFICA LTDA;07.509.597/0001-43
04/06/2016;04/06/2016 13:10:00;PEPPA PIG, THE GOLDEN BOOTS AND OTHER STORIES;PEPPA PIG - AS BOTAS DE OURO E OUTRAS HISTÓRIAS;E1600291900000;DUBLADO;NÃO;ESTADOS UNIDOS;5004483;ARAPIRACA BRA 01;16;6000027;22546;26037;ARAPIRACA;AL;REDECINE BRA CINEMATOGRÁFICA S.A.;15.422.993/0001-67
04/06/2016;04/06/2016 13:15:00;ANGRY BIRDS;ANGRY BIRDS - O FILME;E1500732000000;DUBLADO;NÃO;ESTADOS UNIDOS;5005338;CINEMAS BENFICA - SALA 4;18;;15690;15691;FORTALEZA;CE;CINEMAS BENFICA LTDA;07.509.597/0001-43
04/06/2016;04/06/2016 13:15:00;CAPTAIN AMERICA: CIVIL WAR;CAPITÃO AMÉRICA: GUERRA CIVIL;E1600129800000;DUBLADO;NÃO;ESTADOS UNIDOS;5004488;ARAPIRACA BRA 06;29;6000027;22546;26037;ARAPIRACA;AL;REDECINE BRA CINEMATOGRÁFICA S.A.;15.422.993/0001-67
04/06/2016;04/06/2016 13:15:00;WARCRAFT;WARCFRAT – O PRIMEIRO ENCONTRO ENTRE DOIS MUNDOS;E1500739800000;DUBLADO;NÃO;ESTADOS UNIDOS;5005002;CINESYSTEM AMERICAS 06;45;6000027;5348;28834;RIO DE JANEIRO;RJ;REDECINE - RIO CINEMATOGRAFICA S.A.;07.524.011/0001-10
04/06/2016;04/06/2016 13:20:00;ALICE THROUGH THE LOOKING GLASS;ALICE ATRAVÉS DO ESPELHO;E1600259100000;DUBLADO;NÃO;ESTADOS UNIDOS;5004485;ARAPIRACA BRA 03;10;6000027;22546;26037;ARAPIRACA;AL;REDECINE BRA CINEMATOGRÁFICA S.A.;15.422.993/0001-67
04/06/2016;04/06/2016 13:20:00;PEPPA PIG, THE GOLDEN BOOTS AND OTHER STORIES;PEPPA PIG - AS BOTAS DE OURO E OUTRAS HISTÓRIAS;E1600291900000;DUBLADO;NÃO;ESTADOS UNIDOS;5001628;CINESYSTEM SHOPPING TOTAL SALA 05;5;6000027;2375;6658;CURITIBA;PR;REDECINE CWB CINEMATOGRÁFICA LTDA;05.747.411/0001-69
04/06/2016;04/06/2016 13:25:00;ANGRY BIRDS;ANGRY BIRDS - O FILME;E1500732000000;DUBLADO;NÃO;ESTADOS UNIDOS;5004484;ARAPIRACA BRA 02;13;6000027;22546;26037;ARAPIRACA;AL;REDECINE BRA CINEMATOGRÁFICA S.A.;15.422.993/0001-67
04/06/2016;04/06/2016 13:25:00;PEPPA PIG, THE GOLDEN BOOTS AND OTHER STORIES;PEPPA PIG - AS BOTAS DE OURO E OUTRAS HISTÓRIAS;E1600291900000;DUBLADO;NÃO;ESTADOS UNIDOS;5004446;SALA MACEIO 03;24;6000027;22546;25512;MACEIÓ;AL;REDECINE BRA CINEMATOGRÁFICA S.A.;15.422.993/0001-67
04/06/2016;04/06/2016 13:25:00;X-MEN: APOCALYPSE;X-MEN - APOCALIPSE;E1600181600000;ORIGINAL;SIM;ESTADOS UNIDOS;5004999;CINESYSTEM AMERICAS 03;18;6000027;5348;28834;RIO DE JANEIRO;RJ;REDECINE - RIO CINEMATOGRAFICA S.A.;07.524.011/0001-10
04/06/2016;04/06/2016 13:30:00;ALICE IN WONDERLAND;ALICE NO PAÍS DAS MARAVILHAS;E1500291700000;DUBLADO;NÃO;ESTADOS UNIDOS;5003424;CINEMARK SHOPPING RAPOSO TAVARES 06;9;6000018;1843;20591;SÃO PAULO;SP;CINEMARK BRASIL S.A;00.779.721/0001-41
04/06/2016;04/06/2016 13:30:00;ALICE THROUGH THE LOOKING GLASS;ALICE ATRAVÉS DO ESPELHO;E1600259100000;DUBLADO;NÃO;ESTADOS UNIDOS;5004486;ARAPIRACA BRA 04;26;6000027;22546;26037;ARAPIRACA;AL;REDECINE BRA CINEMATOGRÁFICA S.A.;15.422.993/0001-67
04/06/2016;04/06/2016 13:30:00;ALICE THROUGH THE LOOKING GLASS;ALICE ATRAVÉS DO ESPELHO;E1600259100000;DUBLADO;NÃO;ESTADOS UNIDOS;5002602;CINEMAS BENFICA - SALA 2;58;;15690;15691;FORTALEZA;CE;CINEMAS BENFICA LTDA;07.509.597/0001-43
04/06/2016;04/06/2016 13:30:00;ALICE THROUGH THE LOOKING GLASS;ALICE ATRAVÉS DO ESPELHO;E1600259100000;DUBLADO;NÃO;ESTADOS UNIDOS;5005578;CINESYSTEM PAULISTA SALA 08 CINÉPIC;29;6000027;22546;33152;PAULISTA;PE;REDECINE BRA CINEMATOGRÁFICA S.A.;15.422.993/0001-67
04/06/2016;04/06/2016 13:30:00;DEPOIS DE VOCÊ;;B1402157800000;DUBLADO;NÃO;BRASIL;5004997;CINESYSTEM AMERICAS 01;3;6000027;5348;28834;RIO DE JANEIRO;RJ;REDECINE - RIO CINEMATOGRAFICA S.A.;07.524.011/0001-10
04/06/2016;04/06/2016 13:40:00;ALICE THROUGH THE LOOKING GLASS;ALICE ATRAVÉS DO ESPELHO;E1600259100000;DUBLADO;NÃO;ESTADOS UNIDOS;5002781;ILHA PLAZA 01;24;6000027;5348;16645;RIO DE JANEIRO;RJ;REDECINE - RIO CINEMATOGRAFICA S.A.;07.524.011/0001-10
04/06/2016;04/06/2016 13:40:00;CAPTAIN AMERICA: THE WINTER SOLDIER;CAPITÃO AMÉRICA 2: O SOLDADO INVERNAL;E1402820700000;DUBLADO;NÃO;ESTADOS UNIDOS;5005000;CINESYSTEM AMERICAS 04;25;6000027;5348;28834;RIO DE JANEIRO;RJ;REDECINE - RIO CINEMATOGRAFICA S.A.;07.524.011/0001-10
04/06/2016;04/06/2016 13:45:00;UMA LOUCURA DE MULHER;;B1600305700000;ORIGINAL;NÃO;BRASIL;5003420;CINEMARK SHOPPING RAPOSO TAVARES 02;7;6000018;1843;20591;SÃO PAULO;SP;CINEMARK BRASIL S.A;00.779.721/0001-41
04/06/2016;04/06/2016 13:45:00;WARCRAFT;WARCFRAT – O PRIMEIRO ENCONTRO ENTRE DOIS MUNDOS;E1500739800000;DUBLADO;NÃO;ESTADOS UNIDOS;5004487;ARAPIRACA BRA 05;105;6000027;22546;26037;ARAPIRACA;AL;REDECINE BRA CINEMATOGRÁFICA S.A.;15.422.993/0001-67
04/06/2016;04/06/2016 13:50:00;ALICE THROUGH THE LOOKING GLASS;ALICE ATRAVÉS DO ESPELHO;E1600259100000;DUBLADO;NÃO;ESTADOS UNIDOS;5005001;CINESYSTEM AMERICAS 05;18;6000027;5348;28834;RIO DE JANEIRO;RJ;REDECINE - RIO CINEMATOGRAFICA S.A.;07.524.011/0001-10
04/06/2016;04/06/2016 13:50:00;WARCRAFT;WARCFRAT – O PRIMEIRO ENCONTRO ENTRE DOIS MUNDOS;E1500739800000;DUBLADO;NÃO;ESTADOS UNIDOS;5001625;CINESYSTEM SHOPPING TOTAL SALA 02;19;6000027;2375;6658;CURITIBA;PR;REDECINE CWB CINEMATOGRÁFICA LTDA;05.747.411/0001-69
04/06/2016;04/06/2016 14:00:00;ANGRY BIRDS;ANGRY BIRDS - O FILME;E1500732000000;DUBLADO;NÃO;ESTADOS UNIDOS;5001626;CINESYSTEM SHOPPING TOTAL SALA 03;36;6000027;2375;6658;CURITIBA;PR;REDECINE CWB CINEMATOGRÁFICA LTDA;05.747.411/0001-69
04/06/2016;04/06/2016 14:00:00;PEPPA PIG, THE GOLDEN BOOTS AND OTHER STORIES;PEPPA PIG - AS BOTAS DE OURO E OUTRAS HISTÓRIAS;E1600291900000;DUBLADO;NÃO;ESTADOS UNIDOS;5002063;AGUA VERDE 2;13;6000023;12893;12894;CURITIBA;PR;ESTILO PRODUÇÕES ARTISTICAS LTDA;03.293.165/0001-97
04/06/2016;04/06/2016 14:10:00;ALICE THROUGH THE LOOKING GLASS;ALICE ATRAVÉS DO ESPELHO;E1600259100000;DUBLADO;NÃO;ESTADOS UNIDOS;5004998;CINESYSTEM AMERICAS 02;63;6000027;5348;28834;RIO DE JANEIRO;RJ;REDECINE - RIO CINEMATOGRAFICA S.A.;07.524.011/0001-10
04/06/2016;04/06/2016 14:10:00;ALICE THROUGH THE LOOKING GLASS;ALICE ATRAVÉS DO ESPELHO;E1600259100000;DUBLADO;NÃO;ESTADOS UNIDOS;5001627;CINESYSTEM SHOPPING TOTAL SALA 04;64;6000027;2375;6658;CURITIBA;PR;REDECINE CWB CINEMATOGRÁFICA LTDA;05.747.411/0001-69
04/06/2016;04/06/2016 14:20:00;ALICE THROUGH THE LOOKING GLASS;ALICE ATRAVÉS DO ESPELHO;E1600259100000;DUBLADO;NÃO;ESTADOS UNIDOS;5002062;AGUA VERDE 1;57;6000023;12893;12894;CURITIBA;PR;ESTILO PRODUÇÕES ARTISTICAS LTDA;03.293.165/0001-97
04/06/2016;04/06/2016 14:20:00;X-MEN: APOCALYPSE;X-MEN - APOCALIPSE;E1600181600000;DUBLADO;NÃO;ESTADOS UNIDOS;5001624;CINESYSTEM SHOPPING TOTAL SALA 01;29;6000027;2375;6658;CURITIBA;PR;REDECINE CWB CINEMATOGRÁFICA LTDA;05.747.411/0001-69
04/06/2016;04/06/2016 14:30:00;WARCRAFT;WARCFRAT – O PRIMEIRO ENCONTRO ENTRE DOIS MUNDOS;E1500739800000;DUBLADO;NÃO;ESTADOS UNIDOS;5001628;CINESYSTEM SHOPPING TOTAL SALA 05;23;6000027;2375;6658;CURITIBA;PR;REDECINE CWB CINEMATOGRÁFICA LTDA;05.747.411/0001-69
04/06/2016;04/06/2016 14:50:00;X-MEN: APOCALYPSE;X-MEN - APOCALIPSE;E1600181600000;DUBLADO;NÃO;ESTADOS UNIDOS;5004446;SALA MACEIO 03;83;6000027;22546;25512;MACEIÓ;AL;REDECINE BRA CINEMATOGRÁFICA S.A.;15.422.993/0001-67
04/06/2016;04/06/2016 15:00:00;WARCRAFT;WARCFRAT – O PRIMEIRO ENCONTRO ENTRE DOIS MUNDOS;E1500739800000;DUBLADO;NÃO;ESTADOS UNIDOS;5003422;CINEMARK SHOPPING RAPOSO TAVARES 04;64;6000018;1843;20591;SÃO PAULO;SP;CINEMARK BRASIL S.A;00.779.721/0001-41
04/06/2016;04/06/2016 15:00:00;X-MEN: APOCALYPSE;X-MEN - APOCALIPSE;E1600181600000;DUBLADO;NÃO;ESTADOS UNIDOS;5004483;ARAPIRACA BRA 01;55;6000027;22546;26037;ARAPIRACA;AL;REDECINE BRA CINEMATOGRÁFICA S.A.;15.422.993/0001-67
04/06/2016;04/06/2016 15:10:00;ANGRY BIRDS;ANGRY BIRDS - O FILME;E1500732000000;DUBLADO;NÃO;ESTADOS UNIDOS;5005338;CINEMAS BENFICA - SALA 4;33;;15690;15691;FORTALEZA;CE;CINEMAS BENFICA LTDA;07.509.597/0001-43
04/06/2016;04/06/2016 15:20:00;WARCRAFT;WARCFRAT – O PRIMEIRO ENCONTRO ENTRE DOIS MUNDOS;E1500739800000;DUBLADO;NÃO;ESTADOS UNIDOS;5002603;CINEMAS BENFICA - SALA 1;62;;15690;15691;FORTALEZA;CE;CINEMAS BENFICA LTDA;07.509.597/0001-43
04/06/2016;04/06/2016 15:30:00;ANGRY BIRDS;ANGRY BIRDS - O FILME;E1500732000000;DUBLADO;NÃO;ESTADOS UNIDOS;5004484;ARAPIRACA BRA 02;54;6000027;22546;26037;ARAPIRACA;AL;REDECINE BRA CINEMATOGRÁFICA S.A.;15.422.993/0001-67
04/06/2016;04/06/2016 15:30:00;MONEY MONSTER;JOGO DO DINHEIRO;E1500735200000;ORIGINAL;SIM;ESTADOS UNIDOS;5004997;CINESYSTEM AMERICAS 01;37;6000027;5348;28834;RIO DE JANEIRO;RJ;REDECINE - RIO CINEMATOGRAFICA S.A.;07.524.011/0001-10
04/06/2016;04/06/2016 15:40:00;ALICE THROUGH THE LOOKING GLASS;ALICE ATRAVÉS DO ESPELHO;E1600259100000;DUBLADO;NÃO;ESTADOS UNIDOS;5002602;CINEMAS BENFICA - SALA 2;109;;15690;15691;FORTALEZA;CE;CINEMAS BENFICA LTDA;07.509.597/0001-43
04/06/2016;04/06/2016 15:40:00;ANGRY BIRDS;ANGRY BIRDS - O FILME;E1500732000000;DUBLADO;NÃO;ESTADOS UNIDOS;5002063;AGUA VERDE 2;47;6000023;12893;12894;CURITIBA;PR;ESTILO PRODUÇÕES ARTISTICAS LTDA;03.293.165/0001-97
04/06/2016;04/06/2016 15:45:00;WARCRAFT;WARCFRAT – O PRIMEIRO ENCONTRO ENTRE DOIS MUNDOS;E1500739800000;ORIGINAL;SIM;ESTADOS UNIDOS;5005002;CINESYSTEM AMERICAS 06;99;6000027;5348;28834;RIO DE JANEIRO;RJ;REDECINE - RIO CINEMATOGRAFICA S.A.;07.524.011/0001-10
04/06/2016;04/06/2016 15:50:00;ALICE THROUGH THE LOOKING GLASS;ALICE ATRAVÉS DO ESPELHO;E1600259100000;DUBLADO;NÃO;ESTADOS UNIDOS;5005578;CINESYSTEM PAULISTA SALA 08 CINÉPIC;99;6000027;22546;33152;PAULISTA;PE;REDECINE BRA CINEMATOGRÁFICA S.A.;15.422.993/0001-67
04/06/2016;04/06/2016 15:50:00;X-MEN: APOCALYPSE;X-MEN - APOCALIPSE;E1600181600000;DUBLADO;NÃO;ESTADOS UNIDOS;5004485;ARAPIRACA BRA 03;76;6000027;22546;26037;ARAPIRACA;AL;REDECINE BRA CINEMATOGRÁFICA S.A.;15.422.993/0001-67
04/06/2016;04/06/2016 16:00:00;ALICE THROUGH THE LOOKING GLASS;ALICE ATRAVÉS DO ESPELHO;E1600259100000;DUBLADO;NÃO;ESTADOS UNIDOS;5004486;ARAPIRACA BRA 04;56;6000027;22546;26037;ARAPIRACA;AL;REDECINE BRA CINEMATOGRÁFICA S.A.;15.422.993/0001-67
04/06/2016;04/06/2016 16:00:00;WARCRAFT;WARCFRAT – O PRIMEIRO ENCONTRO ENTRE DOIS MUNDOS;E1500739800000;DUBLADO;NÃO;ESTADOS UNIDOS;5003424;CINEMARK SHOPPING RAPOSO TAVARES 06;49;6000018;1843;20591;SÃO PAULO;SP;CINEMARK BRASIL S.A;00.779.721/0001-41
04/06/2016;04/06/2016 16:05:00;ANGRY BIRDS;ANGRY BIRDS - O FILME;E1500732000000;DUBLADO;NÃO;ESTADOS UNIDOS;5001626;CINESYSTEM SHOPPING TOTAL SALA 03;41;6000027;2375;6658;CURITIBA;PR;REDECINE CWB CINEMATOGRÁFICA LTDA;05.747.411/0001-69
04/06/2016;04/06/2016 16:10:00;UMA LOUCURA DE MULHER;;B1600305700000;ORIGINAL;NÃO;BRASIL;5003420;CINEMARK SHOPPING RAPOSO TAVARES 02;9;6000018;1843;20591;SÃO PAULO;SP;CINEMARK BRASIL S.A;00.779.721/0001-41
04/06/2016;04/06/2016 16:10:00;WARCRAFT;WARCFRAT – O PRIMEIRO ENCONTRO ENTRE DOIS MUNDOS;E1500739800000;DUBLADO;NÃO;ESTADOS UNIDOS;5004488;ARAPIRACA BRA 06;31;6000027;22546;26037;ARAPIRACA;AL;REDECINE BRA CINEMATOGRÁFICA S.A.;15.422.993/0001-67
04/06/2016;04/06/2016 16:15:00;ALICE THROUGH THE LOOKING GLASS;ALICE ATRAVÉS DO ESPELHO;E1600259100000;DUBLADO;NÃO;ESTADOS UNIDOS;5005001;CINESYSTEM AMERICAS 05;61;6000027;5348;28834;RIO DE JANEIRO;RJ;REDECINE - RIO CINEMATOGRAFICA S.A.;07.524.011/0001-10
04/06/2016;04/06/2016 16:15:00;ALICE THROUGH THE LOOKING GLASS;ALICE ATRAVÉS DO ESPELHO;E1600259100000;DUBLADO;NÃO;ESTADOS UNIDOS;5002781;ILHA PLAZA 01;75;6000027;5348;16645;RIO DE JANEIRO;RJ;REDECINE - RIO CINEMATOGRAFICA S.A.;07.524.011/0001-10
04/06/2016;04/06/2016 16:20:00;WARCRAFT;WARCFRAT – O PRIMEIRO ENCONTRO ENTRE DOIS MUNDOS;E1500739800000;DUBLADO;NÃO;ESTADOS UNIDOS;5004487;ARAPIRACA BRA 05;49;6000027;22546;26037;ARAPIRACA;AL;REDECINE BRA CINEMATOGRÁFICA S.A.;15.422.993/0001-67
04/06/2016;04/06/2016 16:20:00;WARCRAFT;WARCFRAT – O PRIMEIRO ENCONTRO ENTRE DOIS MUNDOS;E1500739800000;DUBLADO;NÃO;ESTADOS UNIDOS;5001625;CINESYSTEM SHOPPING TOTAL SALA 02;36;6000027;2375;6658;CURITIBA;PR;REDECINE CWB CINEMATOGRÁFICA LTDA;05.747.411/0001-69
04/06/2016;04/06/2016 16:25:00;NEIGHBORS 2: SORORITY RISING;NEIGHBORS 2;E1500735800000;ORIGINAL;SIM;ESTADOS UNIDOS;5004999;CINESYSTEM AMERICAS 03;33;6000027;5348;28834;RIO DE JANEIRO;RJ;REDECINE - RIO CINEMATOGRAFICA S.A.;07.524.011/0001-10
04/06/2016;04/06/2016 16:30:00;ALICE THROUGH THE LOOKING GLASS;ALICE ATRAVÉS DO ESPELHO;E1600259100000;DUBLADO;NÃO;ESTADOS UNIDOS;5002062;AGUA VERDE 1;39;6000023;12893;12894;CURITIBA;PR;ESTILO PRODUÇÕES ARTISTICAS LTDA;03.293.165/0001-97
04/06/2016;04/06/2016 16:30:00;ALICE THROUGH THE LOOKING GLASS;ALICE ATRAVÉS DO ESPELHO;E1600259100000;DUBLADO;NÃO;ESTADOS UNIDOS;5001627;CINESYSTEM SHOPPING TOTAL SALA 04;60;6000027;2375;6658;CURITIBA;PR;REDECINE CWB CINEMATOGRÁFICA LTDA;05.747.411/0001-69
04/06/2016;04/06/2016 16:35:00;X-MEN: APOCALYPSE;X-MEN - APOCALIPSE;E1600181600000;DUBLADO;NÃO;ESTADOS UNIDOS;5004998;CINESYSTEM AMERICAS 02;87;6000027;5348;28834;RIO DE JANEIRO;RJ;REDECINE - RIO CINEMATOGRAFICA S.A.;07.524.011/0001-10
04/06/2016;04/06/2016 16:40:00;MONEY MONSTER;JOGO DO DINHEIRO;E1500735200000;ORIGINAL;SIM;ESTADOS UNIDOS;5005000;CINESYSTEM AMERICAS 04;51;6000027;5348;28834;RIO DE JANEIRO;RJ;REDECINE - RIO CINEMATOGRAFICA S.A.;07.524.011/0001-10
04/06/2016;04/06/2016 17:00:00;ALICE THROUGH THE LOOKING GLASS;ALICE ATRAVÉS DO ESPELHO;E1600259100000;DUBLADO;NÃO;ESTADOS UNIDOS;5001628;CINESYSTEM SHOPPING TOTAL SALA 05;41;6000027;2375;6658;CURITIBA;PR;REDECINE CWB CINEMATOGRÁFICA LTDA;05.747.411/0001-69
04/06/2016;04/06/2016 17:05:00;ANGRY BIRDS;ANGRY BIRDS - O FILME;E1500732000000;DUBLADO;NÃO;ESTADOS UNIDOS;5005338;CINEMAS BENFICA - SALA 4;58;;15690;15691;FORTALEZA;CE;CINEMAS BENFICA LTDA;07.509.597/0001-43
04/06/2016;04/06/2016 17:20:00;X-MEN: APOCALYPSE;X-MEN - APOCALIPSE;E1600181600000;DUBLADO;NÃO;ESTADOS UNIDOS;5001624;CINESYSTEM SHOPPING TOTAL SALA 01;49;6000027;2375;6658;CURITIBA;PR;REDECINE CWB CINEMATOGRÁFICA LTDA;05.747.411/0001-69
04/06/2016;04/06/2016 17:30:00;PEPPA PIG, THE GOLDEN BOOTS AND OTHER STORIES;PEPPA PIG - AS BOTAS DE OURO E OUTRAS HISTÓRIAS;E1600291900000;DUBLADO;NÃO;ESTADOS UNIDOS;5002063;AGUA VERDE 2;28;6000023;12893;12894;CURITIBA;PR;ESTILO PRODUÇÕES ARTISTICAS LTDA;03.293.165/0001-97
04/06/2016;04/06/2016 17:35:00;DEPOIS DE VOCÊ;;B1402157800000;DUBLADO;NÃO;BRASIL;5004484;ARAPIRACA BRA 02;12;6000027;22546;26037;ARAPIRACA;AL;REDECINE BRA CINEMATOGRÁFICA S.A.;15.422.993/0001-67
04/06/2016;04/06/2016 17:40:00;DEPOIS DE VOCÊ;;B1402157800000;DUBLADO;NÃO;BRASIL;5004997;CINESYSTEM AMERICAS 01;19;6000027;5348;28834;RIO DE JANEIRO;RJ;REDECINE - RIO CINEMATOGRAFICA S.A.;07.524.011/0001-10
04/06/2016;04/06/2016 17:40:00;WARCRAFT;WARCFRAT – O PRIMEIRO ENCONTRO ENTRE DOIS MUNDOS;E1500739800000;DUBLADO;NÃO;ESTADOS UNIDOS;5002603;CINEMAS BENFICA - SALA 1;79;;15690;15691;FORTALEZA;CE;CINEMAS BENFICA LTDA;07.509.597/0001-43
04/06/2016;04/06/2016 17:50:00;ALICE THROUGH THE LOOKING GLASS;ALICE ATRAVÉS DO ESPELHO;E1600259100000;DUBLADO;NÃO;ESTADOS UNIDOS;5002602;CINEMAS BENFICA - SALA 2;98;;15690;15691;FORTALEZA;CE;CINEMAS BENFICA LTDA;07.509.597/0001-43
04/06/2016;04/06/2016 17:50:00;X-MEN: APOCALYPSE;X-MEN - APOCALIPSE;E1600181600000;DUBLADO;NÃO;ESTADOS UNIDOS;5004446;SALA MACEIO 03;64;6000027;22546;25512;MACEIÓ;AL;REDECINE BRA CINEMATOGRÁFICA S.A.;15.422.993/0001-67
04/06/2016;04/06/2016 18:00:00;WARCRAFT;WARCFRAT – O PRIMEIRO ENCONTRO ENTRE DOIS MUNDOS;E1500739800000;DUBLADO;NÃO;ESTADOS UNIDOS;5003422;CINEMARK SHOPPING RAPOSO TAVARES 04;79;6000018;1843;20591;SÃO PAULO;SP;CINEMARK BRASIL S.A;00.779.721/0001-41
04/06/2016;04/06/2016 18:00:00;X-MEN: APOCALYPSE;X-MEN - APOCALIPSE;E1600181600000;DUBLADO;NÃO;ESTADOS UNIDOS;5004483;ARAPIRACA BRA 01;25;6000027;22546;26037;ARAPIRACA;AL;REDECINE BRA CINEMATOGRÁFICA S.A.;15.422.993/0001-67
04/06/2016;04/06/2016 18:10:00;CAPTAIN AMERICA: CIVIL WAR;CAPITÃO AMÉRICA: GUERRA CIVIL;E1600129800000;DUBLADO;NÃO;ESTADOS UNIDOS;5001626;CINESYSTEM SHOPPING TOTAL SALA 03;44;6000027;2375;6658;CURITIBA;PR;REDECINE CWB CINEMATOGRÁFICA LTDA;05.747.411/0001-69
04/06/2016;04/06/2016 18:15:00;ALICE THROUGH THE LOOKING GLASS;ALICE ATRAVÉS DO ESPELHO;E1600259100000;DUBLADO;NÃO;ESTADOS UNIDOS;5005578;CINESYSTEM PAULISTA SALA 08 CINÉPIC;45;6000027;22546;33152;PAULISTA;PE;REDECINE BRA CINEMATOGRÁFICA S.A.;15.422.993/0001-67
04/06/2016;04/06/2016 18:20:00;WARCRAFT;WARCFRAT – O PRIMEIRO ENCONTRO ENTRE DOIS MUNDOS;E1500739800000;ORIGINAL;SIM;ESTADOS UNIDOS;5005002;CINESYSTEM AMERICAS 06;79;6000027;5348;28834;RIO DE JANEIRO;RJ;REDECINE - RIO CINEMATOGRAFICA S.A.;07.524.011/0001-10
04/06/2016;04/06/2016 18:30:00;ALICE THROUGH THE LOOKING GLASS;ALICE ATRAVÉS DO ESPELHO;E1600259100000;DUBLADO;NÃO;ESTADOS UNIDOS;5004486;ARAPIRACA BRA 04;13;6000027;22546;26037;ARAPIRACA;AL;REDECINE BRA CINEMATOGRÁFICA S.A.;15.422.993/0001-67
04/06/2016;04/06/2016 18:30:00;UMA LOUCURA DE MULHER;;B1600305700000;ORIGINAL;NÃO;BRASIL;5003420;CINEMARK SHOPPING RAPOSO TAVARES 02;17;6000018;1843;20591;SÃO PAULO;SP;CINEMARK BRASIL S.A;00.779.721/0001-41
04/06/2016;04/06/2016 18:30:00;X-MEN: APOCALYPSE;X-MEN - APOCALIPSE;E1600181600000;ORIGINAL;SIM;ESTADOS UNIDOS;5004999;CINESYSTEM AMERICAS 03;90;6000027;5348;28834;RIO DE JANEIRO;RJ;REDECINE - RIO CINEMATOGRAFICA S.A.;07.524.011/0001-10
04/06/2016;04/06/2016 18:40:00;ALICE THROUGH THE LOOKING GLASS;ALICE ATRAVÉS DO ESPELHO;E1600259100000;DUBLADO;NÃO;ESTADOS UNIDOS;5002062;AGUA VERDE 1;41;6000023;12893;12894;CURITIBA;PR;ESTILO PRODUÇÕES ARTISTICAS LTDA;03.293.165/0001-97
04/06/2016;04/06/2016 18:40:00;ALICE THROUGH THE LOOKING GLASS;ALICE ATRAVÉS DO ESPELHO;E1600259100000;DUBLADO;NÃO;ESTADOS UNIDOS;5005001;CINESYSTEM AMERICAS 05;101;6000027;5348;28834;RIO DE JANEIRO;RJ;REDECINE - RIO CINEMATOGRAFICA S.A.;07.524.011/0001-10
04/06/2016;04/06/2016 18:40:00;ALICE THROUGH THE LOOKING GLASS;ALICE ATRAVÉS DO ESPELHO;E1600259100000;DUBLADO;NÃO;ESTADOS UNIDOS;5002781;ILHA PLAZA 01;106;6000027;5348;16645;RIO DE JANEIRO;RJ;REDECINE - RIO CINEMATOGRAFICA S.A.;07.524.011/0001-10
04/06/2016;04/06/2016 18:40:00;CAPTAIN AMERICA: CIVIL WAR;CAPITÃO AMÉRICA: GUERRA CIVIL;E1600129800000;DUBLADO;NÃO;ESTADOS UNIDOS;5004488;ARAPIRACA BRA 06;30;6000027;22546;26037;ARAPIRACA;AL;REDECINE BRA CINEMATOGRÁFICA S.A.;15.422.993/0001-67
04/06/2016;04/06/2016 18:50:00;ANGRY BIRDS;ANGRY BIRDS - O FILME;E1500732000000;DUBLADO;NÃO;ESTADOS UNIDOS;5002063;AGUA VERDE 2;33;6000023;12893;12894;CURITIBA;PR;ESTILO PRODUÇÕES ARTISTICAS LTDA;03.293.165/0001-97
04/06/2016;04/06/2016 18:50:00;CAPTAIN AMERICA: THE WINTER SOLDIER;CAPITÃO AMÉRICA 2: O SOLDADO INVERNAL;E1402820700000;DUBLADO;NÃO;ESTADOS UNIDOS;5005000;CINESYSTEM AMERICAS 04;92;6000027;5348;28834;RIO DE JANEIRO;RJ;REDECINE - RIO CINEMATOGRAFICA S.A.;07.524.011/0001-10
04/06/2016;04/06/2016 18:50:00;WARCRAFT;WARCFRAT – O PRIMEIRO ENCONTRO ENTRE DOIS MUNDOS;E1500739800000;DUBLADO;NÃO;ESTADOS UNIDOS;5004487;ARAPIRACA BRA 05;89;6000027;22546;26037;ARAPIRACA;AL;REDECINE BRA CINEMATOGRÁFICA S.A.;15.422.993/0001-67
04/06/2016;04/06/2016 18:50:00;WARCRAFT;WARCFRAT – O PRIMEIRO ENCONTRO ENTRE DOIS MUNDOS;E1500739800000;DUBLADO;NÃO;ESTADOS UNIDOS;5001625;CINESYSTEM SHOPPING TOTAL SALA 02;26;6000027;2375;6658;CURITIBA;PR;REDECINE CWB CINEMATOGRÁFICA LTDA;05.747.411/0001-69
04/06/2016;04/06/2016 19:00:00;ALICE THROUGH THE LOOKING GLASS;ALICE ATRAVÉS DO ESPELHO;E1600259100000;DUBLADO;NÃO;ESTADOS UNIDOS;5004485;ARAPIRACA BRA 03;25;6000027;22546;26037;ARAPIRACA;AL;REDECINE BRA CINEMATOGRÁFICA S.A.;15.422.993/0001-67
04/06/2016;04/06/2016 19:00:00;ALICE THROUGH THE LOOKING GLASS;ALICE ATRAVÉS DO ESPELHO;E1600259100000;DUBLADO;NÃO;ESTADOS UNIDOS;5001627;CINESYSTEM SHOPPING TOTAL SALA 04;57;6000027;2375;6658;CURITIBA;PR;REDECINE CWB CINEMATOGRÁFICA LTDA;05.747.411/0001-69
04/06/2016;04/06/2016 19:00:00;WARCRAFT;WARCFRAT – O PRIMEIRO ENCONTRO ENTRE DOIS MUNDOS;E1500739800000;DUBLADO;NÃO;ESTADOS UNIDOS;5003424;CINEMARK SHOPPING RAPOSO TAVARES 06;100;6000018;1843;20591;SÃO PAULO;SP;CINEMARK BRASIL S.A;00.779.721/0001-41
04/06/2016;04/06/2016 19:00:00;X-MEN: APOCALYPSE;X-MEN - APOCALIPSE;E1600181600000;DUBLADO;NÃO;ESTADOS UNIDOS;5005338;CINEMAS BENFICA - SALA 4;125;;15690;15691;FORTALEZA;CE;CINEMAS BENFICA LTDA;07.509.597/0001-43
04/06/2016;04/06/2016 19:20:00;WARCRAFT;WARCFRAT – O PRIMEIRO ENCONTRO ENTRE DOIS MUNDOS;E1500739800000;DUBLADO;NÃO;ESTADOS UNIDOS;5001628;CINESYSTEM SHOPPING TOTAL SALA 05;27;6000027;2375;6658;CURITIBA;PR;REDECINE CWB CINEMATOGRÁFICA LTDA;05.747.411/0001-69
04/06/2016;04/06/2016 19:35:00;ALICE THROUGH THE LOOKING GLASS;ALICE ATRAVÉS DO ESPELHO;E1600259100000;ORIGINAL;SIM;ESTADOS UNIDOS;5004998;CINESYSTEM AMERICAS 02;75;6000027;5348;28834;RIO DE JANEIRO;RJ;REDECINE - RIO CINEMATOGRAFICA S.A.;07.524.011/0001-10
04/06/2016;04/06/2016 19:35:00;DEPOIS DE VOCÊ;;B1402157800000;DUBLADO;NÃO;BRASIL;5004484;ARAPIRACA BRA 02;24;6000027;22546;26037;ARAPIRACA;AL;REDECINE BRA CINEMATOGRÁFICA S.A.;15.422.993/0001-67
04/06/2016;04/06/2016 19:45:00;MONEY MONSTER;JOGO DO DINHEIRO;E1500735200000;ORIGINAL;SIM;ESTADOS UNIDOS;5004997;CINESYSTEM AMERICAS 01;81;6000027;5348;28834;RIO DE JANEIRO;RJ;REDECINE - RIO CINEMATOGRAFICA S.A.;07.524.011/0001-10
04/06/2016;04/06/2016 20:05:00;WARCRAFT;WARCFRAT – O PRIMEIRO ENCONTRO ENTRE DOIS MUNDOS;E1500739800000;ORIGINAL;SIM;ESTADOS UNIDOS;5002603;CINEMAS BENFICA - SALA 1;83;;15690;15691;FORTALEZA;CE;CINEMAS BENFICA LTDA;07.509.597/0001-43
04/06/2016;04/06/2016 20:20:00;X-MEN: APOCALYPSE;X-MEN - APOCALIPSE;E1600181600000;DUBLADO;NÃO;ESTADOS UNIDOS;5001624;CINESYSTEM SHOPPING TOTAL SALA 01;49;6000027;2375;6658;CURITIBA;PR;REDECINE CWB CINEMATOGRÁFICA LTDA;05.747.411/0001-69
04/06/2016;04/06/2016 20:40:00;ALICE THROUGH THE LOOKING GLASS;ALICE ATRAVÉS DO ESPELHO;E1600259100000;DUBLADO;NÃO;ESTADOS UNIDOS;5005578;CINESYSTEM PAULISTA SALA 08 CINÉPIC;17;6000027;22546;33152;PAULISTA;PE;REDECINE BRA CINEMATOGRÁFICA S.A.;15.422.993/0001-67
04/06/2016;04/06/2016 20:50:00;UMA LOUCURA DE MULHER;;B1600305700000;ORIGINAL;NÃO;BRASIL;5003420;CINEMARK SHOPPING RAPOSO TAVARES 02;16;6000018;1843;20591;SÃO PAULO;SP;CINEMARK BRASIL S.A;00.779.721/0001-41
04/06/2016;04/06/2016 20:50:00;X-MEN: APOCALYPSE;X-MEN - APOCALIPSE;E1600181600000;DUBLADO;NÃO;ESTADOS UNIDOS;5002063;AGUA VERDE 2;36;6000023;12893;12894;CURITIBA;PR;ESTILO PRODUÇÕES ARTISTICAS LTDA;03.293.165/0001-97
04/06/2016;04/06/2016 20:50:00;X-MEN: APOCALYPSE;X-MEN - APOCALIPSE;E1600181600000;ORIGINAL;SIM;ESTADOS UNIDOS;5004446;SALA MACEIO 03;51;6000027;22546;25512;MACEIÓ;AL;REDECINE BRA CINEMATOGRÁFICA S.A.;15.422.993/0001-67
04/06/2016;04/06/2016 21:00:00;ALICE THROUGH THE LOOKING GLASS;ALICE ATRAVÉS DO ESPELHO;E1600259100000;DUBLADO;NÃO;ESTADOS UNIDOS;5002062;AGUA VERDE 1;17;6000023;12893;12894;CURITIBA;PR;ESTILO PRODUÇÕES ARTISTICAS LTDA;03.293.165/0001-97
04/06/2016;04/06/2016 21:00:00;ALICE THROUGH THE LOOKING GLASS;ALICE ATRAVÉS DO ESPELHO;E1600259100000;DUBLADO;NÃO;ESTADOS UNIDOS;5004486;ARAPIRACA BRA 04;21;6000027;22546;26037;ARAPIRACA;AL;REDECINE BRA CINEMATOGRÁFICA S.A.;15.422.993/0001-67
04/06/2016;04/06/2016 21:00:00;WARCRAFT;WARCFRAT – O PRIMEIRO ENCONTRO ENTRE DOIS MUNDOS;E1500739800000;DUBLADO;NÃO;ESTADOS UNIDOS;5003422;CINEMARK SHOPPING RAPOSO TAVARES 04;73;6000018;1843;20591;SÃO PAULO;SP;CINEMARK BRASIL S.A;00.779.721/0001-41
04/06/2016;04/06/2016 21:00:00;WARCRAFT;WARCFRAT – O PRIMEIRO ENCONTRO ENTRE DOIS MUNDOS;E1500739800000;ORIGINAL;SIM;ESTADOS UNIDOS;5005002;CINESYSTEM AMERICAS 06;65;6000027;5348;28834;RIO DE JANEIRO;RJ;REDECINE - RIO CINEMATOGRAFICA S.A.;07.524.011/0001-10
04/06/2016;04/06/2016 21:05:00;ALICE THROUGH THE LOOKING GLASS;ALICE ATRAVÉS DO ESPELHO;E1600259100000;ORIGINAL;SIM;ESTADOS UNIDOS;5002781;ILHA PLAZA 01;66;6000027;5348;16645;RIO DE JANEIRO;RJ;REDECINE - RIO CINEMATOGRAFICA S.A.;07.524.011/0001-10
04/06/2016;04/06/2016 21:05:00;CAPTAIN AMERICA: CIVIL WAR;CAPITÃO AMÉRICA: GUERRA CIVIL;E1600129800000;DUBLADO;NÃO;ESTADOS UNIDOS;5001626;CINESYSTEM SHOPPING TOTAL SALA 03;16;6000027;2375;6658;CURITIBA;PR;REDECINE CWB CINEMATOGRÁFICA LTDA;05.747.411/0001-69
04/06/2016;04/06/2016 21:10:00;X-MEN: APOCALYPSE;X-MEN - APOCALIPSE;E1600181600000;DUBLADO;NÃO;ESTADOS UNIDOS;5004483;ARAPIRACA BRA 01;20;6000027;22546;26037;ARAPIRACA;AL;REDECINE BRA CINEMATOGRÁFICA S.A.;15.422.993/0001-67
04/06/2016;04/06/2016 21:20:00;ALICE THROUGH THE LOOKING GLASS;ALICE ATRAVÉS DO ESPELHO;E1600259100000;ORIGINAL;SIM;ESTADOS UNIDOS;5005001;CINESYSTEM AMERICAS 05;50;6000027;5348;28834;RIO DE JANEIRO;RJ;REDECINE - RIO CINEMATOGRAFICA S.A.;07.524.011/0001-10
04/06/2016;04/06/2016 21:20:00;ALICE THROUGH THE LOOKING GLASS;ALICE ATRAVÉS DO ESPELHO;E1600259100000;DUBLADO;NÃO;ESTADOS UNIDOS;5001627;CINESYSTEM SHOPPING TOTAL SALA 04;38;6000027;2375;6658;CURITIBA;PR;REDECINE CWB CINEMATOGRÁFICA LTDA;05.747.411/0001-69
04/06/2016;04/06/2016 21:20:00;X-MEN: APOCALYPSE;X-MEN - APOCALIPSE;E1600181600000;DUBLADO;NÃO;ESTADOS UNIDOS;5004485;ARAPIRACA BRA 03;32;6000027;22546;26037;ARAPIRACA;AL;REDECINE BRA CINEMATOGRÁFICA S.A.;15.422.993/0001-67
04/06/2016;04/06/2016 21:30:00;WARCRAFT;WARCFRAT – O PRIMEIRO ENCONTRO ENTRE DOIS MUNDOS;E1500739800000;DUBLADO;NÃO;ESTADOS UNIDOS;5004487;ARAPIRACA BRA 05;27;6000027;22546;26037;ARAPIRACA;AL;REDECINE BRA CINEMATOGRÁFICA S.A.;15.422.993/0001-67
04/06/2016;04/06/2016 21:30:00;WARCRAFT;WARCFRAT – O PRIMEIRO ENCONTRO ENTRE DOIS MUNDOS;E1500739800000;DUBLADO;NÃO;ESTADOS UNIDOS;5001625;CINESYSTEM SHOPPING TOTAL SALA 02;40;6000027;2375;6658;CURITIBA;PR;REDECINE CWB CINEMATOGRÁFICA LTDA;05.747.411/0001-69
04/06/2016;04/06/2016 21:30:00;X-MEN: APOCALYPSE;X-MEN - APOCALIPSE;E1600181600000;ORIGINAL;SIM;ESTADOS UNIDOS;5004999;CINESYSTEM AMERICAS 03;71;6000027;5348;28834;RIO DE JANEIRO;RJ;REDECINE - RIO CINEMATOGRAFICA S.A.;07.524.011/0001-10
04/06/2016;04/06/2016 21:35:00;DEPOIS DE VOCÊ;;B1402157800000;DUBLADO;NÃO;BRASIL;5004484;ARAPIRACA BRA 02;20;6000027;22546;26037;ARAPIRACA;AL;REDECINE BRA CINEMATOGRÁFICA S.A.;15.422.993/0001-67
04/06/2016;04/06/2016 21:40:00;WARCRAFT;WARCFRAT – O PRIMEIRO ENCONTRO ENTRE DOIS MUNDOS;E1500739800000;DUBLADO;NÃO;ESTADOS UNIDOS;5004488;ARAPIRACA BRA 06;31;6000027;22546;26037;ARAPIRACA;AL;REDECINE BRA CINEMATOGRÁFICA S.A.;15.422.993/0001-67
04/06/2016;04/06/2016 21:50:00;MONEY MONSTER;JOGO DO DINHEIRO;E1500735200000;ORIGINAL;SIM;ESTADOS UNIDOS;5005000;CINESYSTEM AMERICAS 04;91;6000027;5348;28834;RIO DE JANEIRO;RJ;REDECINE - RIO CINEMATOGRAFICA S.A.;07.524.011/0001-10
04/06/2016;04/06/2016 21:50:00;WARCRAFT;WARCFRAT – O PRIMEIRO ENCONTRO ENTRE DOIS MUNDOS;E1500739800000;DUBLADO;NÃO;ESTADOS UNIDOS;5003424;CINEMARK SHOPPING RAPOSO TAVARES 06;33;6000018;1843;20591;SÃO PAULO;SP;CINEMARK BRASIL S.A;00.779.721/0001-41
04/06/2016;04/06/2016 21:50:00;X-MEN: APOCALYPSE;X-MEN - APOCALIPSE;E1600181600000;DUBLADO;NÃO;ESTADOS UNIDOS;5001628;CINESYSTEM SHOPPING TOTAL SALA 05;24;6000027;2375;6658;CURITIBA;PR;REDECINE CWB CINEMATOGRÁFICA LTDA;05.747.411/0001-69
04/06/2016;04/06/2016 21:55:00;DEPOIS DE VOCÊ;;B1402157800000;DUBLADO;NÃO;BRASIL;5004997;CINESYSTEM AMERICAS 01;31;6000027;5348;28834;RIO DE JANEIRO;RJ;REDECINE - RIO CINEMATOGRAFICA S.A.;07.524.011/0001-10
04/06/2016;04/06/2016 22:00:00;X-MEN: APOCALYPSE;X-MEN - APOCALIPSE;E1600181600000;DUBLADO;NÃO;ESTADOS UNIDOS;5004998;CINESYSTEM AMERICAS 02;49;6000027;5348;28834;RIO DE JANEIRO;RJ;REDECINE - RIO CINEMATOGRAFICA S.A.;07.524.011/0001-10
05/06/2016;05/06/2016 12:00:00;PEPPA PIG, THE GOLDEN BOOTS AND OTHER STORIES;PEPPA PIG - AS BOTAS DE OURO E OUTRAS HISTÓRIAS;E1600291900000;DUBLADO;NÃO;ESTADOS UNIDOS;5004484;ARAPIRACA BRA 02;22;6000027;22546;26037;ARAPIRACA;AL;REDECINE BRA CINEMATOGRÁFICA S.A.;15.422.993/0001-67
05/06/2016;05/06/2016 12:00:00;PEPPA PIG, THE GOLDEN BOOTS AND OTHER STORIES;PEPPA PIG - AS BOTAS DE OURO E OUTRAS HISTÓRIAS;E1600291900000;DUBLADO;NÃO;ESTADOS UNIDOS;5004997;CINESYSTEM AMERICAS 01;61;6000027;5348;28834;RIO DE JANEIRO;RJ;REDECINE - RIO CINEMATOGRAFICA S.A.;07.524.011/0001-10
05/06/2016;05/06/2016 12:00:00;PEPPA PIG, THE GOLDEN BOOTS AND OTHER STORIES;PEPPA PIG - AS BOTAS DE OURO E OUTRAS HISTÓRIAS;E1600291900000;DUBLADO;NÃO;ESTADOS UNIDOS;5001624;CINESYSTEM SHOPPING TOTAL SALA 01;2;6000027;2375;6658;CURITIBA;PR;REDECINE CWB CINEMATOGRÁFICA LTDA;05.747.411/0001-69
05/06/2016;05/06/2016 12:00:00;WARCRAFT;WARCFRAT – O PRIMEIRO ENCONTRO ENTRE DOIS MUNDOS;E1500739800000;DUBLADO;NÃO;ESTADOS UNIDOS;5003422;CINEMARK SHOPPING RAPOSO TAVARES 04;38;6000018;1843;20591;SÃO PAULO;SP;CINEMARK BRASIL S.A;00.779.721/0001-41
05/06/2016;05/06/2016 13:00:00;WARCRAFT;WARCFRAT – O PRIMEIRO ENCONTRO ENTRE DOIS MUNDOS;E1500739800000;DUBLADO;NÃO;ESTADOS UNIDOS;5002603;CINEMAS BENFICA - SALA 1;74;;15690;15691;FORTALEZA;CE;CINEMAS BENFICA LTDA;07.509.597/0001-43
05/06/2016;05/06/2016 13:10:00;ANGRY BIRDS;ANGRY BIRDS - O FILME;E1500732000000;DUBLADO;NÃO;ESTADOS UNIDOS;5004442;SALA MACEIO 07;39;6000027;22546;25512;MACEIÓ;AL;REDECINE BRA CINEMATOGRÁFICA S.A.;15.422.993/0001-67
05/06/2016;05/06/2016 13:10:00;PEPPA PIG, THE GOLDEN BOOTS AND OTHER STORIES;PEPPA PIG - AS BOTAS DE OURO E OUTRAS HISTÓRIAS;E1600291900000;DUBLADO;NÃO;ESTADOS UNIDOS;5004483;ARAPIRACA BRA 01;28;6000027;22546;26037;ARAPIRACA;AL;REDECINE BRA CINEMATOGRÁFICA S.A.;15.422.993/0001-67
05/06/2016;05/06/2016 13:15:00;ANGRY BIRDS;ANGRY BIRDS - O FILME;E1500732000000;DUBLADO;NÃO;ESTADOS UNIDOS;5005338;CINEMAS BENFICA - SALA 4;35;;15690;15691;FORTALEZA;CE;CINEMAS BENFICA LTDA;07.509.597/0001-43
05/06/2016;05/06/2016 13:15:00;CAPTAIN AMERICA: CIVIL WAR;CAPITÃO AMÉRICA: GUERRA CIVIL;E1600129800000;DUBLADO;NÃO;ESTADOS UNIDOS;5004488;ARAPIRACA BRA 06;35;6000027;22546;26037;ARAPIRACA;AL;REDECINE BRA CINEMATOGRÁFICA S.A.;15.422.993/0001-67
05/06/2016;05/06/2016 13:15:00;WARCRAFT;WARCFRAT – O PRIMEIRO ENCONTRO ENTRE DOIS MUNDOS;E1500739800000;DUBLADO;NÃO;ESTADOS UNIDOS;5005002;CINESYSTEM AMERICAS 06;33;6000027;5348;28834;RIO DE JANEIRO;RJ;REDECINE - RIO CINEMATOGRAFICA S.A.;07.524.011/0001-10
05/06/2016;05/06/2016 13:20:00;ALICE THROUGH THE LOOKING GLASS;ALICE ATRAVÉS DO ESPELHO;E1600259100000;DUBLADO;NÃO;ESTADOS UNIDOS;5004485;ARAPIRACA BRA 03;16;6000027;22546;26037;ARAPIRACA;AL;REDECINE BRA CINEMATOGRÁFICA S.A.;15.422.993/0001-67
05/06/2016;05/06/2016 13:20:00;PEPPA PIG, THE GOLDEN BOOTS AND OTHER STORIES;PEPPA PIG - AS BOTAS DE OURO E OUTRAS HISTÓRIAS;E1600291900000;DUBLADO;NÃO;ESTADOS UNIDOS;5001628;CINESYSTEM SHOPPING TOTAL SALA 05;26;6000027;2375;6658;CURITIBA;PR;REDECINE CWB CINEMATOGRÁFICA LTDA;05.747.411/0001-69
05/06/2016;05/06/2016 13:25:00;ANGRY BIRDS;ANGRY BIRDS - O FILME;E1500732000000;DUBLADO;NÃO;ESTADOS UNIDOS;5004484;ARAPIRACA BRA 02;17;6000027;22546;26037;ARAPIRACA;AL;REDECINE BRA CINEMATOGRÁFICA S.A.;15.422.993/0001-67
05/06/2016;05/06/2016 13:25:00;X-MEN: APOCALYPSE;X-MEN - APOCALIPSE;E1600181600000;ORIGINAL;SIM;ESTADOS UNIDOS;5004999;CINESYSTEM AMERICAS 03;37;6000027;5348;28834;RIO DE JANEIRO;RJ;REDECINE - RIO CINEMATOGRAFICA S.A.;07.524.011/0001-10
05/06/2016;05/06/2016 13:30:00;ALICE IN WONDERLAND;ALICE NO PAÍS DAS MARAVILHAS;E1500291700000;DUBLADO;NÃO;ESTADOS UNIDOS;5003424;CINEMARK SHOPPING RAPOSO TAVARES 06;21;6000018;1843;20591;SÃO PAULO;SP;CINEMARK BRASIL S.A;00.779.721/0001-41
05/06/2016;05/06/2016 13:30:00;ALICE THROUGH THE LOOKING GLASS;ALICE ATRAVÉS DO ESPELHO;E1600259100000;DUBLADO;NÃO;ESTADOS UNIDOS;5004486;ARAPIRACA BRA 04;43;6000027;22546;26037;ARAPIRACA;AL;REDECINE BRA CINEMATOGRÁFICA S.A.;15.422.993/0001-67
05/06/2016;05/06/2016 13:30:00;ALICE THROUGH THE LOOKING GLASS;ALICE ATRAVÉS DO ESPELHO;E1600259100000;DUBLADO;NÃO;ESTADOS UNIDOS;5002602;CINEMAS BENFICA - SALA 2;30;;15690;15691;FORTALEZA;CE;CINEMAS BENFICA LTDA;07.509.597/0001-43
05/06/2016;05/06/2016 13:30:00;ALICE THROUGH THE LOOKING GLASS;ALICE ATRAVÉS DO ESPELHO;E1600259100000;DUBLADO;NÃO;ESTADOS UNIDOS;5005578;CINESYSTEM PAULISTA SALA 08 CINÉPIC;26;6000027;22546;33152;PAULISTA;PE;REDECINE BRA CINEMATOGRÁFICA S.A.;15.422.993/0001-67
05/06/2016;05/06/2016 13:30:00;DEPOIS DE VOCÊ;;B1402157800000;DUBLADO;NÃO;BRASIL;5004997;CINESYSTEM AMERICAS 01;11;6000027;5348;28834;RIO DE JANEIRO;RJ;REDECINE - RIO CINEMATOGRAFICA S.A.;07.524.011/0001-10
05/06/2016;05/06/2016 13:40:00;ALICE THROUGH THE LOOKING GLASS;ALICE ATRAVÉS DO ESPELHO;E1600259100000;DUBLADO;NÃO;ESTADOS UNIDOS;5002781;ILHA PLAZA 01;23;6000027;5348;16645;RIO DE JANEIRO;RJ;REDECINE - RIO CINEMATOGRAFICA S.A.;07.524.011/0001-10
05/06/2016;05/06/2016 13:40:00;CAPTAIN AMERICA: THE WINTER SOLDIER;CAPITÃO AMÉRICA 2: O SOLDADO INVERNAL;E1402820700000;DUBLADO;NÃO;ESTADOS UNIDOS;5005000;CINESYSTEM AMERICAS 04;44;6000027;5348;28834;RIO DE JANEIRO;RJ;REDECINE - RIO CINEMATOGRAFICA S.A.;07.524.011/0001-10
05/06/2016;05/06/2016 13:45:00;UMA LOUCURA DE MULHER;;B1600305700000;ORIGINAL;NÃO;BRASIL;5003420;CINEMARK SHOPPING RAPOSO TAVARES 02;10;6000018;1843;20591;SÃO PAULO;SP;CINEMARK BRASIL S.A;00.779.721/0001-41
05/06/2016;05/06/2016 13:45:00;WARCRAFT;WARCFRAT – O PRIMEIRO ENCONTRO ENTRE DOIS MUNDOS;E1500739800000;DUBLADO;NÃO;ESTADOS UNIDOS;5004487;ARAPIRACA BRA 05;162;6000027;22546;26037;ARAPIRACA;AL;REDECINE BRA CINEMATOGRÁFICA S.A.;15.422.993/0001-67
05/06/2016;05/06/2016 13:50:00;ALICE THROUGH THE LOOKING GLASS;ALICE ATRAVÉS DO ESPELHO;E1600259100000;DUBLADO;NÃO;ESTADOS UNIDOS;5005001;CINESYSTEM AMERICAS 05;25;6000027;5348;28834;RIO DE JANEIRO;RJ;REDECINE - RIO CINEMATOGRAFICA S.A.;07.524.011/0001-10
05/06/2016;05/06/2016 13:50:00;WARCRAFT;WARCFRAT – O PRIMEIRO ENCONTRO ENTRE DOIS MUNDOS;E1500739800000;DUBLADO;NÃO;ESTADOS UNIDOS;5001625;CINESYSTEM SHOPPING TOTAL SALA 02;31;6000027;2375;6658;CURITIBA;PR;REDECINE CWB CINEMATOGRÁFICA LTDA;05.747.411/0001-69
05/06/2016;05/06/2016 14:00:00;ANGRY BIRDS;ANGRY BIRDS - O FILME;E1500732000000;DUBLADO;NÃO;ESTADOS UNIDOS;5001626;CINESYSTEM SHOPPING TOTAL SALA 03;40;6000027;2375;6658;CURITIBA;PR;REDECINE CWB CINEMATOGRÁFICA LTDA;05.747.411/0001-69
05/06/2016;05/06/2016 14:00:00;PEPPA PIG, THE GOLDEN BOOTS AND OTHER STORIES;PEPPA PIG - AS BOTAS DE OURO E OUTRAS HISTÓRIAS;E1600291900000;DUBLADO;NÃO;ESTADOS UNIDOS;5002063;AGUA VERDE 2;3;6000023;12893;12894;CURITIBA;PR;ESTILO PRODUÇÕES ARTISTICAS LTDA;03.293.165/0001-97
05/06/2016;05/06/2016 14:10:00;ALICE THROUGH THE LOOKING GLASS;ALICE ATRAVÉS DO ESPELHO;E1600259100000;DUBLADO;NÃO;ESTADOS UNIDOS;5004998;CINESYSTEM AMERICAS 02;41;6000027;5348;28834;RIO DE JANEIRO;RJ;REDECINE - RIO CINEMATOGRAFICA S.A.;07.524.011/0001-10
05/06/2016;05/06/2016 14:10:00;ALICE THROUGH THE LOOKING GLASS;ALICE ATRAVÉS DO ESPELHO;E1600259100000;DUBLADO;NÃO;ESTADOS UNIDOS;5001627;CINESYSTEM SHOPPING TOTAL SALA 04;107;6000027;2375;6658;CURITIBA;PR;REDECINE CWB CINEMATOGRÁFICA LTDA;05.747.411/0001-69
05/06/2016;05/06/2016 14:20:00;ALICE THROUGH THE LOOKING GLASS;ALICE ATRAVÉS DO ESPELHO;E1600259100000;DUBLADO;NÃO;ESTADOS UNIDOS;5002062;AGUA VERDE 1;57;6000023;12893;12894;CURITIBA;PR;ESTILO PRODUÇÕES ARTISTICAS LTDA;03.293.165/0001-97
05/06/2016;05/06/2016 14:20:00;X-MEN: APOCALYPSE;X-MEN - APOCALIPSE;E1600181600000;DUBLADO;NÃO;ESTADOS UNIDOS;5001624;CINESYSTEM SHOPPING TOTAL SALA 01;80;6000027;2375;6658;CURITIBA;PR;REDECINE CWB CINEMATOGRÁFICA LTDA;05.747.411/0001-69
05/06/2016;05/06/2016 14:30:00;WARCRAFT;WARCFRAT – O PRIMEIRO ENCONTRO ENTRE DOIS MUNDOS;E1500739800000;DUBLADO;NÃO;ESTADOS UNIDOS;5001628;CINESYSTEM SHOPPING TOTAL SALA 05;54;6000027;2375;6658;CURITIBA;PR;REDECINE CWB CINEMATOGRÁFICA LTDA;05.747.411/0001-69
05/06/2016;05/06/2016 15:00:00;WARCRAFT;WARCFRAT – O PRIMEIRO ENCONTRO ENTRE DOIS MUNDOS;E1500739800000;DUBLADO;NÃO;ESTADOS UNIDOS;5003422;CINEMARK SHOPPING RAPOSO TAVARES 04;94;6000018;1843;20591;SÃO PAULO;SP;CINEMARK BRASIL S.A;00.779.721/0001-41
05/06/2016;05/06/2016 15:00:00;X-MEN: APOCALYPSE;X-MEN - APOCALIPSE;E1600181600000;DUBLADO;NÃO;ESTADOS UNIDOS;5004483;ARAPIRACA BRA 01;118;6000027;22546;26037;ARAPIRACA;AL;REDECINE BRA CINEMATOGRÁFICA S.A.;15.422.993/0001-67
05/06/2016;05/06/2016 15:10:00;ANGRY BIRDS;ANGRY BIRDS - O FILME;E1500732000000;DUBLADO;NÃO;ESTADOS UNIDOS;5005338;CINEMAS BENFICA - SALA 4;25;;15690;15691;FORTALEZA;CE;CINEMAS BENFICA LTDA;07.509.597/0001-43
05/06/2016;05/06/2016 15:20:00;ANGRY BIRDS;ANGRY BIRDS - O FILME;E1500732000000;DUBLADO;NÃO;ESTADOS UNIDOS;5004442;SALA MACEIO 07;65;6000027;22546;25512;MACEIÓ;AL;REDECINE BRA CINEMATOGRÁFICA S.A.;15.422.993/0001-67
05/06/2016;05/06/2016 15:20:00;WARCRAFT;WARCFRAT – O PRIMEIRO ENCONTRO ENTRE DOIS MUNDOS;E1500739800000;DUBLADO;NÃO;ESTADOS UNIDOS;5002603;CINEMAS BENFICA - SALA 1;53;;15690;15691;FORTALEZA;CE;CINEMAS BENFICA LTDA;07.509.597/0001-43
05/06/2016;05/06/2016 15:30:00;ANGRY BIRDS;ANGRY BIRDS - O FILME;E1500732000000;DUBLADO;NÃO;ESTADOS UNIDOS;5004484;ARAPIRACA BRA 02;98;6000027;22546;26037;ARAPIRACA;AL;REDECINE BRA CINEMATOGRÁFICA S.A.;15.422.993/0001-67
05/06/2016;05/06/2016 15:30:00;MONEY MONSTER;JOGO DO DINHEIRO;E1500735200000;ORIGINAL;SIM;ESTADOS UNIDOS;5004997;CINESYSTEM AMERICAS 01;60;6000027;5348;28834;RIO DE JANEIRO;RJ;REDECINE - RIO CINEMATOGRAFICA S.A.;07.524.011/0001-10
05/06/2016;05/06/2016 15:40:00;ALICE THROUGH THE LOOKING GLASS;ALICE ATRAVÉS DO ESPELHO;E1600259100000;DUBLADO;NÃO;ESTADOS UNIDOS;5002602;CINEMAS BENFICA - SALA 2;113;;15690;15691;FORTALEZA;CE;CINEMAS BENFICA LTDA;07.509.597/0001-43
05/06/2016;05/06/2016 15:40:00;ANGRY BIRDS;ANGRY BIRDS - O FILME;E1500732000000;DUBLADO;NÃO;ESTADOS UNIDOS;5002063;AGUA VERDE 2;54;6000023;12893;12894;CURITIBA;PR;ESTILO PRODUÇÕES ARTISTICAS LTDA;03.293.165/0001-97
05/06/2016;05/06/2016 15:45:00;WARCRAFT;WARCFRAT – O PRIMEIRO ENCONTRO ENTRE DOIS MUNDOS;E1500739800000;ORIGINAL;SIM;ESTADOS UNIDOS;5005002;CINESYSTEM AMERICAS 06;87;6000027;5348;28834;RIO DE JANEIRO;RJ;REDECINE - RIO CINEMATOGRAFICA S.A.;07.524.011/0001-10
05/06/2016;05/06/2016 15:50:00;ALICE THROUGH THE LOOKING GLASS;ALICE ATRAVÉS DO ESPELHO;E1600259100000;DUBLADO;NÃO;ESTADOS UNIDOS;5005578;CINESYSTEM PAULISTA SALA 08 CINÉPIC;185;6000027;22546;33152;PAULISTA;PE;REDECINE BRA CINEMATOGRÁFICA S.A.;15.422.993/0001-67
05/06/2016;05/06/2016 15:50:00;X-MEN: APOCALYPSE;X-MEN - APOCALIPSE;E1600181600000;DUBLADO;NÃO;ESTADOS UNIDOS;5004485;ARAPIRACA BRA 03;104;6000027;22546;26037;ARAPIRACA;AL;REDECINE BRA CINEMATOGRÁFICA S.A.;15.422.993/0001-67
05/06/2016;05/06/2016 16:00:00;ALICE THROUGH THE LOOKING GLASS;ALICE ATRAVÉS DO ESPELHO;E1600259100000;DUBLADO;NÃO;ESTADOS UNIDOS;5004486;ARAPIRACA BRA 04;147;6000027;22546;26037;ARAPIRACA;AL;REDECINE BRA CINEMATOGRÁFICA S.A.;15.422.993/0001-67
05/06/2016;05/06/2016 16:00:00;WARCRAFT;WARCFRAT – O PRIMEIRO ENCONTRO ENTRE DOIS MUNDOS;E1500739800000;DUBLADO;NÃO;ESTADOS UNIDOS;5003424;CINEMARK SHOPPING RAPOSO TAVARES 06;62;6000018;1843;20591;SÃO PAULO;SP;CINEMARK BRASIL S.A;00.779.721/0001-41
05/06/2016;05/06/2016 16:05:00;ANGRY BIRDS;ANGRY BIRDS - O FILME;E1500732000000;DUBLADO;NÃO;ESTADOS UNIDOS;5001626;CINESYSTEM SHOPPING TOTAL SALA 03;56;6000027;2375;6658;CURITIBA;PR;REDECINE CWB CINEMATOGRÁFICA LTDA;05.747.411/0001-69
05/06/2016;05/06/2016 16:10:00;UMA LOUCURA DE MULHER;;B1600305700000;ORIGINAL;NÃO;BRASIL;5003420;CINEMARK SHOPPING RAPOSO TAVARES 02;22;6000018;1843;20591;SÃO PAULO;SP;CINEMARK BRASIL S.A;00.779.721/0001-41
05/06/2016;05/06/2016 16:10:00;WARCRAFT;WARCFRAT – O PRIMEIRO ENCONTRO ENTRE DOIS MUNDOS;E1500739800000;DUBLADO;NÃO;ESTADOS UNIDOS;5004488;ARAPIRACA BRA 06;56;6000027;22546;26037;ARAPIRACA;AL;REDECINE BRA CINEMATOGRÁFICA S.A.;15.422.993/0001-67
05/06/2016;05/06/2016 16:15:00;ALICE THROUGH THE LOOKING GLASS;ALICE ATRAVÉS DO ESPELHO;E1600259100000;DUBLADO;NÃO;ESTADOS UNIDOS;5005001;CINESYSTEM AMERICAS 05;126;6000027;5348;28834;RIO DE JANEIRO;RJ;REDECINE - RIO CINEMATOGRAFICA S.A.;07.524.011/0001-10
05/06/2016;05/06/2016 16:15:00;ALICE THROUGH THE LOOKING GLASS;ALICE ATRAVÉS DO ESPELHO;E1600259100000;DUBLADO;NÃO;ESTADOS UNIDOS;5002781;ILHA PLAZA 01;87;6000027;5348;16645;RIO DE JANEIRO;RJ;REDECINE - RIO CINEMATOGRAFICA S.A.;07.524.011/0001-10
05/06/2016;05/06/2016 16:20:00;WARCRAFT;WARCFRAT – O PRIMEIRO ENCONTRO ENTRE DOIS MUNDOS;E1500739800000;DUBLADO;NÃO;ESTADOS UNIDOS;5004487;ARAPIRACA BRA 05;88;6000027;22546;26037;ARAPIRACA;AL;REDECINE BRA CINEMATOGRÁFICA S.A.;15.422.993/0001-67
05/06/2016;05/06/2016 16:20:00;WARCRAFT;WARCFRAT – O PRIMEIRO ENCONTRO ENTRE DOIS MUNDOS;E1500739800000;DUBLADO;NÃO;ESTADOS UNIDOS;5001625;CINESYSTEM SHOPPING TOTAL SALA 02;46;6000027;2375;6658;CURITIBA;PR;REDECINE CWB CINEMATOGRÁFICA LTDA;05.747.411/0001-69
05/06/2016;05/06/2016 16:25:00;NEIGHBORS 2: SORORITY RISING;NEIGHBORS 2;E1500735800000;ORIGINAL;SIM;ESTADOS UNIDOS;5004999;CINESYSTEM AMERICAS 03;42;6000027;5348;28834;RIO DE JANEIRO;RJ;REDECINE - RIO CINEMATOGRAFICA S.A.;07.524.011/0001-10
05/06/2016;05/06/2016 16:30:00;ALICE THROUGH THE LOOKING GLASS;ALICE ATRAVÉS DO ESPELHO;E1600259100000;DUBLADO;NÃO;ESTADOS UNIDOS;5002062;AGUA VERDE 1;79;6000023;12893;12894;CURITIBA;PR;ESTILO PRODUÇÕES ARTISTICAS LTDA;03.293.165/0001-97
05/06/2016;05/06/2016 16:30:00;ALICE THROUGH THE LOOKING GLASS;ALICE ATRAVÉS DO ESPELHO;E1600259100000;DUBLADO;NÃO;ESTADOS UNIDOS;5001627;CINESYSTEM SHOPPING TOTAL SALA 04;76;6000027;2375;6658;CURITIBA;PR;REDECINE CWB CINEMATOGRÁFICA LTDA;05.747.411/0001-69
05/06/2016;05/06/2016 16:35:00;X-MEN: APOCALYPSE;X-MEN - APOCALIPSE;E1600181600000;DUBLADO;NÃO;ESTADOS UNIDOS;5004998;CINESYSTEM AMERICAS 02;108;6000027;5348;28834;RIO DE JANEIRO;RJ;REDECINE - RIO CINEMATOGRAFICA S.A.;07.524.011/0001-10
05/06/2016;05/06/2016 16:40:00;MONEY MONSTER;JOGO DO DINHEIRO;E1500735200000;ORIGINAL;SIM;ESTADOS UNIDOS;5005000;CINESYSTEM AMERICAS 04;61;6000027;5348;28834;RIO DE JANEIRO;RJ;REDECINE - RIO CINEMATOGRAFICA S.A.;07.524.011/0001-10
05/06/2016;05/06/2016 17:00:00;ALICE THROUGH THE LOOKING GLASS;ALICE ATRAVÉS DO ESPELHO;E1600259100000;DUBLADO;NÃO;ESTADOS UNIDOS;5001628;CINESYSTEM SHOPPING TOTAL SALA 05;67;6000027;2375;6658;CURITIBA;PR;REDECINE CWB CINEMATOGRÁFICA LTDA;05.747.411/0001-69
05/06/2016;05/06/2016 17:05:00;ANGRY BIRDS;ANGRY BIRDS - O FILME;E1500732000000;DUBLADO;NÃO;ESTADOS UNIDOS;5005338;CINEMAS BENFICA - SALA 4;60;;15690;15691;FORTALEZA;CE;CINEMAS BENFICA LTDA;07.509.597/0001-43
05/06/2016;05/06/2016 17:20:00;X-MEN: APOCALYPSE;X-MEN - APOCALIPSE;E1600181600000;DUBLADO;NÃO;ESTADOS UNIDOS;5001624;CINESYSTEM SHOPPING TOTAL SALA 01;87;6000027;2375;6658;CURITIBA;PR;REDECINE CWB CINEMATOGRÁFICA LTDA;05.747.411/0001-69
05/06/2016;05/06/2016 17:30:00;ANGRY BIRDS;ANGRY BIRDS - O FILME;E1500732000000;DUBLADO;NÃO;ESTADOS UNIDOS;5004442;SALA MACEIO 07;97;6000027;22546;25512;MACEIÓ;AL;REDECINE BRA CINEMATOGRÁFICA S.A.;15.422.993/0001-67
05/06/2016;05/06/2016 17:30:00;PEPPA PIG, THE GOLDEN BOOTS AND OTHER STORIES;PEPPA PIG - AS BOTAS DE OURO E OUTRAS HISTÓRIAS;E1600291900000;DUBLADO;NÃO;ESTADOS UNIDOS;5002063;AGUA VERDE 2;38;6000023;12893;12894;CURITIBA;PR;ESTILO PRODUÇÕES ARTISTICAS LTDA;03.293.165/0001-97
05/06/2016;05/06/2016 17:35:00;DEPOIS DE VOCÊ;;B1402157800000;DUBLADO;NÃO;BRASIL;5004484;ARAPIRACA BRA 02;28;6000027;22546;26037;ARAPIRACA;AL;REDECINE BRA CINEMATOGRÁFICA S.A.;15.422.993/0001-67
05/06/2016;05/06/2016 17:40:00;DEPOIS DE VOCÊ;;B1402157800000;DUBLADO;NÃO;BRASIL;5004997;CINESYSTEM AMERICAS 01;16;6000027;5348;28834;RIO DE JANEIRO;RJ;REDECINE - RIO CINEMATOGRAFICA S.A.;07.524.011/0001-10
05/06/2016;05/06/2016 17:40:00;WARCRAFT;WARCFRAT – O PRIMEIRO ENCONTRO ENTRE DOIS MUNDOS;E1500739800000;DUBLADO;NÃO;ESTADOS UNIDOS;5002603;CINEMAS BENFICA - SALA 1;87;;15690;15691;FORTALEZA;CE;CINEMAS BENFICA LTDA;07.509.597/0001-43
05/06/2016;05/06/2016 17:50:00;ALICE THROUGH THE LOOKING GLASS;ALICE ATRAVÉS DO ESPELHO;E1600259100000;DUBLADO;NÃO;ESTADOS UNIDOS;5002602;CINEMAS BENFICA - SALA 2;90;;15690;15691;FORTALEZA;CE;CINEMAS BENFICA LTDA;07.509.597/0001-43
05/06/2016;05/06/2016 18:00:00;WARCRAFT;WARCFRAT – O PRIMEIRO ENCONTRO ENTRE DOIS MUNDOS;E1500739800000;DUBLADO;NÃO;ESTADOS UNIDOS;5003422;CINEMARK SHOPPING RAPOSO TAVARES 04;85;6000018;1843;20591;SÃO PAULO;SP;CINEMARK BRASIL S.A;00.779.721/0001-41
05/06/2016;05/06/2016 18:00:00;X-MEN: APOCALYPSE;X-MEN - APOCALIPSE;E1600181600000;DUBLADO;NÃO;ESTADOS UNIDOS;5004483;ARAPIRACA BRA 01;56;6000027;22546;26037;ARAPIRACA;AL;REDECINE BRA CINEMATOGRÁFICA S.A.;15.422.993/0001-67
05/06/2016;05/06/2016 18:10:00;CAPTAIN AMERICA: CIVIL WAR;CAPITÃO AMÉRICA: GUERRA CIVIL;E1600129800000;DUBLADO;NÃO;ESTADOS UNIDOS;5001626;CINESYSTEM SHOPPING TOTAL SALA 03;68;6000027;2375;6658;CURITIBA;PR;REDECINE CWB CINEMATOGRÁFICA LTDA;05.747.411/0001-69
05/06/2016;05/06/2016 18:15:00;ALICE THROUGH THE LOOKING GLASS;ALICE ATRAVÉS DO ESPELHO;E1600259100000;DUBLADO;NÃO;ESTADOS UNIDOS;5005578;CINESYSTEM PAULISTA SALA 08 CINÉPIC;49;6000027;22546;33152;PAULISTA;PE;REDECINE BRA CINEMATOGRÁFICA S.A.;15.422.993/0001-67
05/06/2016;05/06/2016 18:20:00;WARCRAFT;WARCFRAT – O PRIMEIRO ENCONTRO ENTRE DOIS MUNDOS;E1500739800000;ORIGINAL;SIM;ESTADOS UNIDOS;5005002;CINESYSTEM AMERICAS 06;69;6000027;5348;28834;RIO DE JANEIRO;RJ;REDECINE - RIO CINEMATOGRAFICA S.A.;07.524.011/0001-10
05/06/2016;05/06/2016 18:30:00;ALICE THROUGH THE LOOKING GLASS;ALICE ATRAVÉS DO ESPELHO;E1600259100000;DUBLADO;NÃO;ESTADOS UNIDOS;5004486;ARAPIRACA BRA 04;39;6000027;22546;26037;ARAPIRACA;AL;REDECINE BRA CINEMATOGRÁFICA S.A.;15.422.993/0001-67
05/06/2016;05/06/2016 18:30:00;UMA LOUCURA DE MULHER;;B1600305700000;ORIGINAL;NÃO;BRASIL;5003420;CINEMARK SHOPPING RAPOSO TAVARES 02;24;6000018;1843;20591;SÃO PAULO;SP;CINEMARK BRASIL S.A;00.779.721/0001-41
05/06/2016;05/06/2016 18:30:00;X-MEN: APOCALYPSE;X-MEN - APOCALIPSE;E1600181600000;ORIGINAL;SIM;ESTADOS UNIDOS;5004999;CINESYSTEM AMERICAS 03;99;6000027;5348;28834;RIO DE JANEIRO;RJ;REDECINE - RIO CINEMATOGRAFICA S.A.;07.524.011/0001-10
05/06/2016;05/06/2016 18:40:00;ALICE THROUGH THE LOOKING GLASS;ALICE ATRAVÉS DO ESPELHO;E1600259100000;DUBLADO;NÃO;ESTADOS UNIDOS;5002062;AGUA VERDE 1;33;6000023;12893;12894;CURITIBA;PR;ESTILO PRODUÇÕES ARTISTICAS LTDA;03.293.165/0001-97
05/06/2016;05/06/2016 18:40:00;ALICE THROUGH THE LOOKING GLASS;ALICE ATRAVÉS DO ESPELHO;E1600259100000;DUBLADO;NÃO;ESTADOS UNIDOS;5005001;CINESYSTEM AMERICAS 05;116;6000027;5348;28834;RIO DE JANEIRO;RJ;REDECINE - RIO CINEMATOGRAFICA S.A.;07.524.011/0001-10
05/06/2016;05/06/2016 18:40:00;ALICE THROUGH THE LOOKING GLASS;ALICE ATRAVÉS DO ESPELHO;E1600259100000;DUBLADO;NÃO;ESTADOS UNIDOS;5002781;ILHA PLAZA 01;113;6000027;5348;16645;RIO DE JANEIRO;RJ;REDECINE - RIO CINEMATOGRAFICA S.A.;07.524.011/0001-10
05/06/2016;05/06/2016 18:40:00;CAPTAIN AMERICA: CIVIL WAR;CAPITÃO AMÉRICA: GUERRA CIVIL;E1600129800000;DUBLADO;NÃO;ESTADOS UNIDOS;5004488;ARAPIRACA BRA 06;33;6000027;22546;26037;ARAPIRACA;AL;REDECINE BRA CINEMATOGRÁFICA S.A.;15.422.993/0001-67
05/06/2016;05/06/2016 18:50:00;ANGRY BIRDS;ANGRY BIRDS - O FILME;E1500732000000;DUBLADO;NÃO;ESTADOS UNIDOS;5002063;AGUA VERDE 2;19;6000023;12893;12894;CURITIBA;PR;ESTILO PRODUÇÕES ARTISTICAS LTDA;03.293.165/0001-97
05/06/2016;05/06/2016 18:50:00;CAPTAIN AMERICA: THE WINTER SOLDIER;CAPITÃO AMÉRICA 2: O SOLDADO INVERNAL;E1402820700000;DUBLADO;NÃO;ESTADOS UNIDOS;5005000;CINESYSTEM AMERICAS 04;101;6000027;5348;28834;RIO DE JANEIRO;RJ;REDECINE - RIO CINEMATOGRAFICA S.A.;07.524.011/0001-10
05/06/2016;05/06/2016 18:50:00;WARCRAFT;WARCFRAT – O PRIMEIRO ENCONTRO ENTRE DOIS MUNDOS;E1500739800000;DUBLADO;NÃO;ESTADOS UNIDOS;5004487;ARAPIRACA BRA 05;64;6000027;22546;26037;ARAPIRACA;AL;REDECINE BRA CINEMATOGRÁFICA S.A.;15.422.993/0001-67
05/06/2016;05/06/2016 18:50:00;WARCRAFT;WARCFRAT – O PRIMEIRO ENCONTRO ENTRE DOIS MUNDOS;E1500739800000;DUBLADO;NÃO;ESTADOS UNIDOS;5001625;CINESYSTEM SHOPPING TOTAL SALA 02;24;6000027;2375;6658;CURITIBA;PR;REDECINE CWB CINEMATOGRÁFICA LTDA;05.747.411/0001-69
05/06/2016;05/06/2016 19:00:00;ALICE THROUGH THE LOOKING GLASS;ALICE ATRAVÉS DO ESPELHO;E1600259100000;DUBLADO;NÃO;ESTADOS UNIDOS;5004485;ARAPIRACA BRA 03;23;6000027;22546;26037;ARAPIRACA;AL;REDECINE BRA CINEMATOGRÁFICA S.A.;15.422.993/0001-67
05/06/2016;05/06/2016 19:00:00;ALICE THROUGH THE LOOKING GLASS;ALICE ATRAVÉS DO ESPELHO;E1600259100000;DUBLADO;NÃO;ESTADOS UNIDOS;5001627;CINESYSTEM SHOPPING TOTAL SALA 04;49;6000027;2375;6658;CURITIBA;PR;REDECINE CWB CINEMATOGRÁFICA LTDA;05.747.411/0001-69
05/06/2016;05/06/2016 19:00:00;WARCRAFT;WARCFRAT – O PRIMEIRO ENCONTRO ENTRE DOIS MUNDOS;E1500739800000;DUBLADO;NÃO;ESTADOS UNIDOS;5003424;CINEMARK SHOPPING RAPOSO TAVARES 06;58;6000018;1843;20591;SÃO PAULO;SP;CINEMARK BRASIL S.A;00.779.721/0001-41
05/06/2016;05/06/2016 19:00:00;X-MEN: APOCALYPSE;X-MEN - APOCALIPSE;E1600181600000;DUBLADO;NÃO;ESTADOS UNIDOS;5005338;CINEMAS BENFICA - SALA 4;131;;15690;15691;FORTALEZA;CE;CINEMAS BENFICA LTDA;07.509.597/0001-43
05/06/2016;05/06/2016 19:20:00;WARCRAFT;WARCFRAT – O PRIMEIRO ENCONTRO ENTRE DOIS MUNDOS;E1500739800000;DUBLADO;NÃO;ESTADOS UNIDOS;5001628;CINESYSTEM SHOPPING TOTAL SALA 05;59;6000027;2375;6658;CURITIBA;PR;REDECINE CWB CINEMATOGRÁFICA LTDA;05.747.411/0001-69
05/06/2016;05/06/2016 19:35:00;ALICE THROUGH THE LOOKING GLASS;ALICE ATRAVÉS DO ESPELHO;E1600259100000;ORIGINAL;SIM;ESTADOS UNIDOS;5004998;CINESYSTEM AMERICAS 02;60;6000027;5348;28834;RIO DE JANEIRO;RJ;REDECINE - RIO CINEMATOGRAFICA S.A.;07.524.011/0001-10
05/06/2016;05/06/2016 19:35:00;DEPOIS DE VOCÊ;;B1402157800000;DUBLADO;NÃO;BRASIL;5004484;ARAPIRACA BRA 02;19;6000027;22546;26037;ARAPIRACA;AL;REDECINE BRA CINEMATOGRÁFICA S.A.;15.422.993/0001-67
05/06/2016;05/06/2016 19:40:00;NEIGHBORS 2: SORORITY RISING;NEIGHBORS 2;E1500735800000;ORIGINAL;SIM;ESTADOS UNIDOS;5004442;SALA MACEIO 07;97;6000027;22546;25512;MACEIÓ;AL;REDECINE BRA CINEMATOGRÁFICA S.A.;15.422.993/0001-67
05/06/2016;05/06/2016 19:45:00;MONEY MONSTER;JOGO DO DINHEIRO;E1500735200000;ORIGINAL;SIM;ESTADOS UNIDOS;5004997;CINESYSTEM AMERICAS 01;68;6000027;5348;28834;RIO DE JANEIRO;RJ;REDECINE - RIO CINEMATOGRAFICA S.A.;07.524.011/0001-10
05/06/2016;05/06/2016 20:00:00;ALICE THROUGH THE LOOKING GLASS;ALICE ATRAVÉS DO ESPELHO;E1600259100000;DUBLADO;NÃO;ESTADOS UNIDOS;5002602;CINEMAS BENFICA - SALA 2;114;;15690;15691;FORTALEZA;CE;CINEMAS BENFICA LTDA;07.509.597/0001-43
05/06/2016;05/06/2016 20:05:00;WARCRAFT;WARCFRAT – O PRIMEIRO ENCONTRO ENTRE DOIS MUNDOS;E1500739800000;ORIGINAL;SIM;ESTADOS UNIDOS;5002603;CINEMAS BENFICA - SALA 1;63;;15690;15691;FORTALEZA;CE;CINEMAS BENFICA LTDA;07.509.597/0001-43
05/06/2016;05/06/2016 20:20:00;X-MEN: APOCALYPSE;X-MEN - APOCALIPSE;E1600181600000;DUBLADO;NÃO;ESTADOS UNIDOS;5001624;CINESYSTEM SHOPPING TOTAL SALA 01;54;6000027;2375;6658;CURITIBA;PR;REDECINE CWB CINEMATOGRÁFICA LTDA;05.747.411/0001-69
05/06/2016;05/06/2016 20:40:00;ALICE THROUGH THE LOOKING GLASS;ALICE ATRAVÉS DO ESPELHO;E1600259100000;DUBLADO;NÃO;ESTADOS UNIDOS;5005578;CINESYSTEM PAULISTA SALA 08 CINÉPIC;16;6000027;22546;33152;PAULISTA;PE;REDECINE BRA CINEMATOGRÁFICA S.A.;15.422.993/0001-67
05/06/2016;05/06/2016 20:50:00;UMA LOUCURA DE MULHER;;B1600305700000;ORIGINAL;NÃO;BRASIL;5003420;CINEMARK SHOPPING RAPOSO TAVARES 02;14;6000018;1843;20591;SÃO PAULO;SP;CINEMARK BRASIL S.A;00.779.721/0001-41
05/06/2016;05/06/2016 20:50:00;X-MEN: APOCALYPSE;X-MEN - APOCALIPSE;E1600181600000;DUBLADO;NÃO;ESTADOS UNIDOS;5002063;AGUA VERDE 2;2;6000023;12893;12894;CURITIBA;PR;ESTILO PRODUÇÕES ARTISTICAS LTDA;03.293.165/0001-97
05/06/2016;05/06/2016 21:00:00;ALICE THROUGH THE LOOKING GLASS;ALICE ATRAVÉS DO ESPELHO;E1600259100000;DUBLADO;NÃO;ESTADOS UNIDOS;5002062;AGUA VERDE 1;5;6000023;12893;12894;CURITIBA;PR;ESTILO PRODUÇÕES ARTISTICAS LTDA;03.293.165/0001-97
05/06/2016;05/06/2016 21:00:00;ALICE THROUGH THE LOOKING GLASS;ALICE ATRAVÉS DO ESPELHO;E1600259100000;DUBLADO;NÃO;ESTADOS UNIDOS;5004486;ARAPIRACA BRA 04;2;6000027;22546;26037;ARAPIRACA;AL;REDECINE BRA CINEMATOGRÁFICA S.A.;15.422.993/0001-67
05/06/2016;05/06/2016 21:00:00;WARCRAFT;WARCFRAT – O PRIMEIRO ENCONTRO ENTRE DOIS MUNDOS;E1500739800000;DUBLADO;NÃO;ESTADOS UNIDOS;5003422;CINEMARK SHOPPING RAPOSO TAVARES 04;43;6000018;1843;20591;SÃO PAULO;SP;CINEMARK BRASIL S.A;00.779.721/0001-41
05/06/2016;05/06/2016 21:00:00;WARCRAFT;WARCFRAT – O PRIMEIRO ENCONTRO ENTRE DOIS MUNDOS;E1500739800000;ORIGINAL;SIM;ESTADOS UNIDOS;5005002;CINESYSTEM AMERICAS 06;21;6000027;5348;28834;RIO DE JANEIRO;RJ;REDECINE - RIO CINEMATOGRAFICA S.A.;07.524.011/0001-10
05/06/2016;05/06/2016 21:05:00;ALICE THROUGH THE LOOKING GLASS;ALICE ATRAVÉS DO ESPELHO;E1600259100000;ORIGINAL;SIM;ESTADOS UNIDOS;5002781;ILHA PLAZA 01;10;6000027;5348;16645;RIO DE JANEIRO;RJ;REDECINE - RIO CINEMATOGRAFICA S.A.;07.524.011/0001-10
05/06/2016;05/06/2016 21:05:00;CAPTAIN AMERICA: CIVIL WAR;CAPITÃO AMÉRICA: GUERRA CIVIL;E1600129800000;DUBLADO;NÃO;ESTADOS UNIDOS;5001626;CINESYSTEM SHOPPING TOTAL SALA 03;20;6000027;2375;6658;CURITIBA;PR;REDECINE CWB CINEMATOGRÁFICA LTDA;05.747.411/0001-69
05/06/2016;05/06/2016 21:10:00;X-MEN: APOCALYPSE;X-MEN - APOCALIPSE;E1600181600000;DUBLADO;NÃO;ESTADOS UNIDOS;5004483;ARAPIRACA BRA 01;19;6000027;22546;26037;ARAPIRACA;AL;REDECINE BRA CINEMATOGRÁFICA S.A.;15.422.993/0001-67
05/06/2016;05/06/2016 21:20:00;ALICE THROUGH THE LOOKING GLASS;ALICE ATRAVÉS DO ESPELHO;E1600259100000;ORIGINAL;SIM;ESTADOS UNIDOS;5005001;CINESYSTEM AMERICAS 05;22;6000027;5348;28834;RIO DE JANEIRO;RJ;REDECINE - RIO CINEMATOGRAFICA S.A.;07.524.011/0001-10
05/06/2016;05/06/2016 21:20:00;ALICE THROUGH THE LOOKING GLASS;ALICE ATRAVÉS DO ESPELHO;E1600259100000;DUBLADO;NÃO;ESTADOS UNIDOS;5001627;CINESYSTEM SHOPPING TOTAL SALA 04;28;6000027;2375;6658;CURITIBA;PR;REDECINE CWB CINEMATOGRÁFICA LTDA;05.747.411/0001-69
05/06/2016;05/06/2016 21:20:00;X-MEN: APOCALYPSE;X-MEN - APOCALIPSE;E1600181600000;DUBLADO;NÃO;ESTADOS UNIDOS;5004485;ARAPIRACA BRA 03;26;6000027;22546;26037;ARAPIRACA;AL;REDECINE BRA CINEMATOGRÁFICA S.A.;15.422.993/0001-67
05/06/2016;05/06/2016 21:30:00;WARCRAFT;WARCFRAT – O PRIMEIRO ENCONTRO ENTRE DOIS MUNDOS;E1500739800000;DUBLADO;NÃO;ESTADOS UNIDOS;5004487;ARAPIRACA BRA 05;14;6000027;22546;26037;ARAPIRACA;AL;REDECINE BRA CINEMATOGRÁFICA S.A.;15.422.993/0001-67
05/06/2016;05/06/2016 21:30:00;WARCRAFT;WARCFRAT – O PRIMEIRO ENCONTRO ENTRE DOIS MUNDOS;E1500739800000;DUBLADO;NÃO;ESTADOS UNIDOS;5001625;CINESYSTEM SHOPPING TOTAL SALA 02;11;6000027;2375;6658;CURITIBA;PR;REDECINE CWB CINEMATOGRÁFICA LTDA;05.747.411/0001-69
05/06/2016;05/06/2016 21:30:00;X-MEN: APOCALYPSE;X-MEN - APOCALIPSE;E1600181600000;ORIGINAL;SIM;ESTADOS UNIDOS;5004999;CINESYSTEM AMERICAS 03;32;6000027;5348;28834;RIO DE JANEIRO;RJ;REDECINE - RIO CINEMATOGRAFICA S.A.;07.524.011/0001-10
05/06/2016;05/06/2016 21:35:00;DEPOIS DE VOCÊ;;B1402157800000;DUBLADO;NÃO;BRASIL;5004484;ARAPIRACA BRA 02;4;6000027;22546;26037;ARAPIRACA;AL;REDECINE BRA CINEMATOGRÁFICA S.A.;15.422.993/0001-67
05/06/2016;05/06/2016 21:40:00;WARCRAFT;WARCFRAT – O PRIMEIRO ENCONTRO ENTRE DOIS MUNDOS;E1500739800000;DUBLADO;NÃO;ESTADOS UNIDOS;5004488;ARAPIRACA BRA 06;12;6000027;22546;26037;ARAPIRACA;AL;REDECINE BRA CINEMATOGRÁFICA S.A.;15.422.993/0001-67
05/06/2016;05/06/2016 21:50:00;CAPTAIN AMERICA: CIVIL WAR;CAPITÃO AMÉRICA: GUERRA CIVIL;E1600129800000;DUBLADO;NÃO;ESTADOS UNIDOS;5004442;SALA MACEIO 07;10;6000027;22546;25512;MACEIÓ;AL;REDECINE BRA CINEMATOGRÁFICA S.A.;15.422.993/0001-67
05/06/2016;05/06/2016 21:50:00;MONEY MONSTER;JOGO DO DINHEIRO;E1500735200000;ORIGINAL;SIM;ESTADOS UNIDOS;5005000;CINESYSTEM AMERICAS 04;17;6000027;5348;28834;RIO DE JANEIRO;RJ;REDECINE - RIO CINEMATOGRAFICA S.A.;07.524.011/0001-10
05/06/2016;05/06/2016 21:50:00;WARCRAFT;WARCFRAT – O PRIMEIRO ENCONTRO ENTRE DOIS MUNDOS;E1500739800000;DUBLADO;NÃO;ESTADOS UNIDOS;5003424;CINEMARK SHOPPING RAPOSO TAVARES 06;13;6000018;1843;20591;SÃO PAULO;SP;CINEMARK BRASIL S.A;00.779.721/0001-41
05/06/2016;05/06/2016 21:50:00;X-MEN: APOCALYPSE;X-MEN - APOCALIPSE;E1600181600000;DUBLADO;NÃO;ESTADOS UNIDOS;5001628;CINESYSTEM SHOPPING TOTAL SALA 05;7;6000027;2375;6658;CURITIBA;PR;REDECINE CWB CINEMATOGRÁFICA LTDA;05.747.411/0001-69
05/06/2016;05/06/2016 21:55:00;DEPOIS DE VOCÊ;;B1402157800000;DUBLADO;NÃO;BRASIL;5004997;CINESYSTEM AMERICAS 01;11;6000027;5348;28834;RIO DE JANEIRO;RJ;REDECINE - RIO CINEMATOGRAFICA S.A.;07.524.011/0001-10
05/06/2016;05/06/2016 22:00:00;X-MEN: APOCALYPSE;X-MEN - APOCALIPSE;E1600181600000;DUBLADO;NÃO;ESTADOS UNIDOS;5004998;CINESYSTEM AMERICAS 02;28;6000027;5348;28834;RIO DE JANEIRO;RJ;REDECINE - RIO CINEMATOGRAFICA S.A.;07.524.011/0001-10
06/06/2016;06/06/2016 13:00:00;WARCRAFT;WARCFRAT – O PRIMEIRO ENCONTRO ENTRE DOIS MUNDOS;E1500739800000;DUBLADO;NÃO;ESTADOS UNIDOS;5002603;CINEMAS BENFICA - SALA 1;42;;15690;15691;FORTALEZA;CE;CINEMAS BENFICA LTDA;07.509.597/0001-43
06/06/2016;06/06/2016 13:15:00;ANGRY BIRDS;ANGRY BIRDS - O FILME;E1500732000000;DUBLADO;NÃO;ESTADOS UNIDOS;5005338;CINEMAS BENFICA - SALA 4;19;;15690;15691;FORTALEZA;CE;CINEMAS BENFICA LTDA;07.509.597/0001-43
06/06/2016;06/06/2016 13:15:00;CAPTAIN AMERICA: CIVIL WAR;CAPITÃO AMÉRICA: GUERRA CIVIL;E1600129800000;DUBLADO;NÃO;ESTADOS UNIDOS;5004488;ARAPIRACA BRA 06;1;6000027;22546;26037;ARAPIRACA;AL;REDECINE BRA CINEMATOGRÁFICA S.A.;15.422.993/0001-67
06/06/2016;06/06/2016 13:15:00;WARCRAFT;WARCFRAT – O PRIMEIRO ENCONTRO ENTRE DOIS MUNDOS;E1500739800000;DUBLADO;NÃO;ESTADOS UNIDOS;5005002;CINESYSTEM AMERICAS 06;5;6000027;5348;28834;RIO DE JANEIRO;RJ;REDECINE - RIO CINEMATOGRAFICA S.A.;07.524.011/0001-10
06/06/2016;06/06/2016 13:20:00;ALICE THROUGH THE LOOKING GLASS;ALICE ATRAVÉS DO ESPELHO;E1600259100000;DUBLADO;NÃO;ESTADOS UNIDOS;5004485;ARAPIRACA BRA 03;0;6000027;22546;26037;ARAPIRACA;AL;REDECINE BRA CINEMATOGRÁFICA S.A.;15.422.993/0001-67
06/06/2016;06/06/2016 13:25:00;ANGRY BIRDS;ANGRY BIRDS - O FILME;E1500732000000;DUBLADO;NÃO;ESTADOS UNIDOS;5004484;ARAPIRACA BRA 02;2;6000027;22546;26037;ARAPIRACA;AL;REDECINE BRA CINEMATOGRÁFICA S.A.;15.422.993/0001-67
06/06/2016;06/06/2016 13:25:00;X-MEN: APOCALYPSE;X-MEN - APOCALIPSE;E1600181600000;ORIGINAL;SIM;ESTADOS UNIDOS;5004999;CINESYSTEM AMERICAS 03;5;6000027;5348;28834;RIO DE JANEIRO;RJ;REDECINE - RIO CINEMATOGRAFICA S.A.;07.524.011/0001-10
06/06/2016;06/06/2016 13:30:00;ALICE IN WONDERLAND;ALICE NO PAÍS DAS MARAVILHAS;E1500291700000;DUBLADO;NÃO;ESTADOS UNIDOS;5003424;CINEMARK SHOPPING RAPOSO TAVARES 06;7;6000018;1843;20591;SÃO PAULO;SP;CINEMARK BRASIL S.A;00.779.721/0001-41
06/06/2016;06/06/2016 13:30:00;ALICE THROUGH THE LOOKING GLASS;ALICE ATRAVÉS DO ESPELHO;E1600259100000;DUBLADO;NÃO;ESTADOS UNIDOS;5004486;ARAPIRACA BRA 04;5;6000027;22546;26037;ARAPIRACA;AL;REDECINE BRA CINEMATOGRÁFICA S.A.;15.422.993/0001-67
06/06/2016;06/06/2016 13:30:00;ALICE THROUGH THE LOOKING GLASS;ALICE ATRAVÉS DO ESPELHO;E1600259100000;DUBLADO;NÃO;ESTADOS UNIDOS;5002602;CINEMAS BENFICA - SALA 2;57;;15690;15691;FORTALEZA;CE;CINEMAS BENFICA LTDA;07.509.597/0001-43
06/06/2016;06/06/2016 13:30:00;ALICE THROUGH THE LOOKING GLASS;ALICE ATRAVÉS DO ESPELHO;E1600259100000;DUBLADO;NÃO;ESTADOS UNIDOS;5005578;CINESYSTEM PAULISTA SALA 08 CINÉPIC;21;6000027;22546;33152;PAULISTA;PE;REDECINE BRA CINEMATOGRÁFICA S.A.;15.422.993/0001-67
06/06/2016;06/06/2016 13:30:00;ANGRY BIRDS;ANGRY BIRDS - O FILME;E1500732000000;DUBLADO;NÃO;ESTADOS UNIDOS;5002780;ILHA PLAZA 03;4;6000027;5348;16645;RIO DE JANEIRO;RJ;REDECINE - RIO CINEMATOGRAFICA S.A.;07.524.011/0001-10
06/06/2016;06/06/2016 13:30:00;DEPOIS DE VOCÊ;;B1402157800000;DUBLADO;NÃO;BRASIL;5004997;CINESYSTEM AMERICAS 01;6;6000027;5348;28834;RIO DE JANEIRO;RJ;REDECINE - RIO CINEMATOGRAFICA S.A.;07.524.011/0001-10
06/06/2016;06/06/2016 13:40:00;ALICE THROUGH THE LOOKING GLASS;ALICE ATRAVÉS DO ESPELHO;E1600259100000;DUBLADO;NÃO;ESTADOS UNIDOS;5002781;ILHA PLAZA 01;28;6000027;5348;16645;RIO DE JANEIRO;RJ;REDECINE - RIO CINEMATOGRAFICA S.A.;07.524.011/0001-10
06/06/2016;06/06/2016 13:40:00;CAPTAIN AMERICA: THE WINTER SOLDIER;CAPITÃO AMÉRICA 2: O SOLDADO INVERNAL;E1402820700000;DUBLADO;NÃO;ESTADOS UNIDOS;5005000;CINESYSTEM AMERICAS 04;4;6000027;5348;28834;RIO DE JANEIRO;RJ;REDECINE - RIO CINEMATOGRAFICA S.A.;07.524.011/0001-10
06/06/2016;06/06/2016 13:45:00;UMA LOUCURA DE MULHER;;B1600305700000;ORIGINAL;NÃO;BRASIL;5003420;CINEMARK SHOPPING RAPOSO TAVARES 02;2;6000018;1843;20591;SÃO PAULO;SP;CINEMARK BRASIL S.A;00.779.721/0001-41
06/06/2016;06/06/2016 13:45:00;WARCRAFT;WARCFRAT – O PRIMEIRO ENCONTRO ENTRE DOIS MUNDOS;E1500739800000;DUBLADO;NÃO;ESTADOS UNIDOS;5004487;ARAPIRACA BRA 05;14;6000027;22546;26037;ARAPIRACA;AL;REDECINE BRA CINEMATOGRÁFICA S.A.;15.422.993/0001-67
06/06/2016;06/06/2016 13:50:00;ALICE THROUGH THE LOOKING GLASS;ALICE ATRAVÉS DO ESPELHO;E1600259100000;DUBLADO;NÃO;ESTADOS UNIDOS;5005001;CINESYSTEM AMERICAS 05;5;6000027;5348;28834;RIO DE JANEIRO;RJ;REDECINE - RIO CINEMATOGRAFICA S.A.;07.524.011/0001-10
06/06/2016;06/06/2016 13:50:00;WARCRAFT;WARCFRAT – O PRIMEIRO ENCONTRO ENTRE DOIS MUNDOS;E1500739800000;DUBLADO;NÃO;ESTADOS UNIDOS;5001625;CINESYSTEM SHOPPING TOTAL SALA 02;7;6000027;2375;6658;CURITIBA;PR;REDECINE CWB CINEMATOGRÁFICA LTDA;05.747.411/0001-69
06/06/2016;06/06/2016 14:00:00;ANGRY BIRDS;ANGRY BIRDS - O FILME;E1500732000000;DUBLADO;NÃO;ESTADOS UNIDOS;5002063;AGUA VERDE 2;0;6000023;12893;12894;CURITIBA;PR;ESTILO PRODUÇÕES ARTISTICAS LTDA;03.293.165/0001-97
06/06/2016;06/06/2016 14:00:00;ANGRY BIRDS;ANGRY BIRDS - O FILME;E1500732000000;DUBLADO;NÃO;ESTADOS UNIDOS;5001626;CINESYSTEM SHOPPING TOTAL SALA 03;5;6000027;2375;6658;CURITIBA;PR;REDECINE CWB CINEMATOGRÁFICA LTDA;05.747.411/0001-69
06/06/2016;06/06/2016 14:00:00;X-MEN: APOCALYPSE;X-MEN - APOCALIPSE;E1600181600000;DUBLADO;NÃO;ESTADOS UNIDOS;5002782;ILHA PLAZA 02;25;6000027;5348;16645;RIO DE JANEIRO;RJ;REDECINE - RIO CINEMATOGRAFICA S.A.;07.524.011/0001-10
06/06/2016;06/06/2016 14:10:00;ALICE THROUGH THE LOOKING GLASS;ALICE ATRAVÉS DO ESPELHO;E1600259100000;DUBLADO;NÃO;ESTADOS UNIDOS;5004998;CINESYSTEM AMERICAS 02;19;6000027;5348;28834;RIO DE JANEIRO;RJ;REDECINE - RIO CINEMATOGRAFICA S.A.;07.524.011/0001-10
06/06/2016;06/06/2016 14:10:00;ALICE THROUGH THE LOOKING GLASS;ALICE ATRAVÉS DO ESPELHO;E1600259100000;DUBLADO;NÃO;ESTADOS UNIDOS;5001627;CINESYSTEM SHOPPING TOTAL SALA 04;14;6000027;2375;6658;CURITIBA;PR;REDECINE CWB CINEMATOGRÁFICA LTDA;05.747.411/0001-69
06/06/2016;06/06/2016 14:20:00;ALICE THROUGH THE LOOKING GLASS;ALICE ATRAVÉS DO ESPELHO;E1600259100000;DUBLADO;NÃO;ESTADOS UNIDOS;5002062;AGUA VERDE 1;10;6000023;12893;12894;CURITIBA;PR;ESTILO PRODUÇÕES ARTISTICAS LTDA;03.293.165/0001-97
06/06/2016;06/06/2016 14:20:00;X-MEN: APOCALYPSE;X-MEN - APOCALIPSE;E1600181600000;DUBLADO;NÃO;ESTADOS UNIDOS;5001624;CINESYSTEM SHOPPING TOTAL SALA 01;6;6000027;2375;6658;CURITIBA;PR;REDECINE CWB CINEMATOGRÁFICA LTDA;05.747.411/0001-69
06/06/2016;06/06/2016 14:30:00;WARCRAFT;WARCFRAT – O PRIMEIRO ENCONTRO ENTRE DOIS MUNDOS;E1500739800000;DUBLADO;NÃO;ESTADOS UNIDOS;5001628;CINESYSTEM SHOPPING TOTAL SALA 05;3;6000027;2375;6658;CURITIBA;PR;REDECINE CWB CINEMATOGRÁFICA LTDA;05.747.411/0001-69
06/06/2016;06/06/2016 15:00:00;WARCRAFT;WARCFRAT – O PRIMEIRO ENCONTRO ENTRE DOIS MUNDOS;E1500739800000;DUBLADO;NÃO;ESTADOS UNIDOS;5003422;CINEMARK SHOPPING RAPOSO TAVARES 04;22;6000018;1843;20591;SÃO PAULO;SP;CINEMARK BRASIL S.A;00.779.721/0001-41
06/06/2016;06/06/2016 15:00:00;X-MEN: APOCALYPSE;X-MEN - APOCALIPSE;E1600181600000;DUBLADO;NÃO;ESTADOS UNIDOS;5004483;ARAPIRACA BRA 01;26;6000027;22546;26037;ARAPIRACA;AL;REDECINE BRA CINEMATOGRÁFICA S.A.;15.422.993/0001-67
06/06/2016;06/06/2016 15:10:00;ANGRY BIRDS;ANGRY BIRDS - O FILME;E1500732000000;DUBLADO;NÃO;ESTADOS UNIDOS;5005338;CINEMAS BENFICA - SALA 4;18;;15690;15691;FORTALEZA;CE;CINEMAS BENFICA LTDA;07.509.597/0001-43
06/06/2016;06/06/2016 15:20:00;WARCRAFT;WARCFRAT – O PRIMEIRO ENCONTRO ENTRE DOIS MUNDOS;E1500739800000;DUBLADO;NÃO;ESTADOS UNIDOS;5002603;CINEMAS BENFICA - SALA 1;79;;15690;15691;FORTALEZA;CE;CINEMAS BENFICA LTDA;07.509.597/0001-43
06/06/2016;06/06/2016 15:30:00;ANGRY BIRDS;ANGRY BIRDS - O FILME;E1500732000000;DUBLADO;NÃO;ESTADOS UNIDOS;5004484;ARAPIRACA BRA 02;7;6000027;22546;26037;ARAPIRACA;AL;REDECINE BRA CINEMATOGRÁFICA S.A.;15.422.993/0001-67
06/06/2016;06/06/2016 15:30:00;MONEY MONSTER;JOGO DO DINHEIRO;E1500735200000;ORIGINAL;SIM;ESTADOS UNIDOS;5004997;CINESYSTEM AMERICAS 01;5;6000027;5348;28834;RIO DE JANEIRO;RJ;REDECINE - RIO CINEMATOGRAFICA S.A.;07.524.011/0001-10
06/06/2016;06/06/2016 15:40:00;ALICE THROUGH THE LOOKING GLASS;ALICE ATRAVÉS DO ESPELHO;E1600259100000;DUBLADO;NÃO;ESTADOS UNIDOS;5002602;CINEMAS BENFICA - SALA 2;124;;15690;15691;FORTALEZA;CE;CINEMAS BENFICA LTDA;07.509.597/0001-43
06/06/2016;06/06/2016 15:40:00;ALICE THROUGH THE LOOKING GLASS;ALICE ATRAVÉS DO ESPELHO;E1600259100000;DUBLADO;NÃO;ESTADOS UNIDOS;5002780;ILHA PLAZA 03;20;6000027;5348;16645;RIO DE JANEIRO;RJ;REDECINE - RIO CINEMATOGRAFICA S.A.;07.524.011/0001-10
06/06/2016;06/06/2016 15:45:00;WARCRAFT;WARCFRAT – O PRIMEIRO ENCONTRO ENTRE DOIS MUNDOS;E1500739800000;ORIGINAL;SIM;ESTADOS UNIDOS;5005002;CINESYSTEM AMERICAS 06;16;6000027;5348;28834;RIO DE JANEIRO;RJ;REDECINE - RIO CINEMATOGRAFICA S.A.;07.524.011/0001-10
06/06/2016;06/06/2016 15:50:00;ALICE THROUGH THE LOOKING GLASS;ALICE ATRAVÉS DO ESPELHO;E1600259100000;DUBLADO;NÃO;ESTADOS UNIDOS;5005578;CINESYSTEM PAULISTA SALA 08 CINÉPIC;31;6000027;22546;33152;PAULISTA;PE;REDECINE BRA CINEMATOGRÁFICA S.A.;15.422.993/0001-67
06/06/2016;06/06/2016 15:50:00;X-MEN: APOCALYPSE;X-MEN - APOCALIPSE;E1600181600000;DUBLADO;NÃO;ESTADOS UNIDOS;5004485;ARAPIRACA BRA 03;10;6000027;22546;26037;ARAPIRACA;AL;REDECINE BRA CINEMATOGRÁFICA S.A.;15.422.993/0001-67
06/06/2016;06/06/2016 16:00:00;ALICE THROUGH THE LOOKING GLASS;ALICE ATRAVÉS DO ESPELHO;E1600259100000;DUBLADO;NÃO;ESTADOS UNIDOS;5004486;ARAPIRACA BRA 04;25;6000027;22546;26037;ARAPIRACA;AL;REDECINE BRA CINEMATOGRÁFICA S.A.;15.422.993/0001-67
06/06/2016;06/06/2016 16:00:00;ANGRY BIRDS;ANGRY BIRDS - O FILME;E1500732000000;DUBLADO;NÃO;ESTADOS UNIDOS;5002063;AGUA VERDE 2;10;6000023;12893;12894;CURITIBA;PR;ESTILO PRODUÇÕES ARTISTICAS LTDA;03.293.165/0001-97
06/06/2016;06/06/2016 16:00:00;WARCRAFT;WARCFRAT – O PRIMEIRO ENCONTRO ENTRE DOIS MUNDOS;E1500739800000;DUBLADO;NÃO;ESTADOS UNIDOS;5003424;CINEMARK SHOPPING RAPOSO TAVARES 06;15;6000018;1843;20591;SÃO PAULO;SP;CINEMARK BRASIL S.A;00.779.721/0001-41
06/06/2016;06/06/2016 16:05:00;ANGRY BIRDS;ANGRY BIRDS - O FILME;E1500732000000;DUBLADO;NÃO;ESTADOS UNIDOS;5001626;CINESYSTEM SHOPPING TOTAL SALA 03;6;6000027;2375;6658;CURITIBA;PR;REDECINE CWB CINEMATOGRÁFICA LTDA;05.747.411/0001-69
06/06/2016;06/06/2016 16:10:00;UMA LOUCURA DE MULHER;;B1600305700000;ORIGINAL;NÃO;BRASIL;5003420;CINEMARK SHOPPING RAPOSO TAVARES 02;2;6000018;1843;20591;SÃO PAULO;SP;CINEMARK BRASIL S.A;00.779.721/0001-41
06/06/2016;06/06/2016 16:10:00;WARCRAFT;WARCFRAT – O PRIMEIRO ENCONTRO ENTRE DOIS MUNDOS;E1500739800000;DUBLADO;NÃO;ESTADOS UNIDOS;5004488;ARAPIRACA BRA 06;13;6000027;22546;26037;ARAPIRACA;AL;REDECINE BRA CINEMATOGRÁFICA S.A.;15.422.993/0001-67
06/06/2016;06/06/2016 16:15:00;ALICE THROUGH THE LOOKING GLASS;ALICE ATRAVÉS DO ESPELHO;E1600259100000;DUBLADO;NÃO;ESTADOS UNIDOS;5005001;CINESYSTEM AMERICAS 05;11;6000027;5348;28834;RIO DE JANEIRO;RJ;REDECINE - RIO CINEMATOGRAFICA S.A.;07.524.011/0001-10
06/06/2016;06/06/2016 16:15:00;ALICE THROUGH THE LOOKING GLASS;ALICE ATRAVÉS DO ESPELHO;E1600259100000;DUBLADO;NÃO;ESTADOS UNIDOS;5002781;ILHA PLAZA 01;16;6000027;5348;16645;RIO DE JANEIRO;RJ;REDECINE - RIO CINEMATOGRAFICA S.A.;07.524.011/0001-10
06/06/2016;06/06/2016 16:20:00;WARCRAFT;WARCFRAT – O PRIMEIRO ENCONTRO ENTRE DOIS MUNDOS;E1500739800000;DUBLADO;NÃO;ESTADOS UNIDOS;5004487;ARAPIRACA BRA 05;12;6000027;22546;26037;ARAPIRACA;AL;REDECINE BRA CINEMATOGRÁFICA S.A.;15.422.993/0001-67
06/06/2016;06/06/2016 16:20:00;WARCRAFT;WARCFRAT – O PRIMEIRO ENCONTRO ENTRE DOIS MUNDOS;E1500739800000;DUBLADO;NÃO;ESTADOS UNIDOS;5001625;CINESYSTEM SHOPPING TOTAL SALA 02;19;6000027;2375;6658;CURITIBA;PR;REDECINE CWB CINEMATOGRÁFICA LTDA;05.747.411/0001-69
06/06/2016;06/06/2016 16:25:00;NEIGHBORS 2: SORORITY RISING;NEIGHBORS 2;E1500735800000;ORIGINAL;SIM;ESTADOS UNIDOS;5004999;CINESYSTEM AMERICAS 03;2;6000027;5348;28834;RIO DE JANEIRO;RJ;REDECINE - RIO CINEMATOGRAFICA S.A.;07.524.011/0001-10
06/06/2016;06/06/2016 16:30:00;ALICE THROUGH THE LOOKING GLASS;ALICE ATRAVÉS DO ESPELHO;E1600259100000;DUBLADO;NÃO;ESTADOS UNIDOS;5002062;AGUA VERDE 1;14;6000023;12893;12894;CURITIBA;PR;ESTILO PRODUÇÕES ARTISTICAS LTDA;03.293.165/0001-97
06/06/2016;06/06/2016 16:30:00;ALICE THROUGH THE LOOKING GLASS;ALICE ATRAVÉS DO ESPELHO;E1600259100000;DUBLADO;NÃO;ESTADOS UNIDOS;5001627;CINESYSTEM SHOPPING TOTAL SALA 04;19;6000027;2375;6658;CURITIBA;PR;REDECINE CWB CINEMATOGRÁFICA LTDA;05.747.411/0001-69
06/06/2016;06/06/2016 16:35:00;X-MEN: APOCALYPSE;X-MEN - APOCALIPSE;E1600181600000;DUBLADO;NÃO;ESTADOS UNIDOS;5004998;CINESYSTEM AMERICAS 02;7;6000027;5348;28834;RIO DE JANEIRO;RJ;REDECINE - RIO CINEMATOGRAFICA S.A.;07.524.011/0001-10
06/06/2016;06/06/2016 16:40:00;MONEY MONSTER;JOGO DO DINHEIRO;E1500735200000;ORIGINAL;SIM;ESTADOS UNIDOS;5005000;CINESYSTEM AMERICAS 04;13;6000027;5348;28834;RIO DE JANEIRO;RJ;REDECINE - RIO CINEMATOGRAFICA S.A.;07.524.011/0001-10
06/06/2016;06/06/2016 17:00:00;ALICE THROUGH THE LOOKING GLASS;ALICE ATRAVÉS DO ESPELHO;E1600259100000;DUBLADO;NÃO;ESTADOS UNIDOS;5001628;CINESYSTEM SHOPPING TOTAL SALA 05;10;6000027;2375;6658;CURITIBA;PR;REDECINE CWB CINEMATOGRÁFICA LTDA;05.747.411/0001-69
06/06/2016;06/06/2016 17:05:00;ANGRY BIRDS;ANGRY BIRDS - O FILME;E1500732000000;DUBLADO;NÃO;ESTADOS UNIDOS;5005338;CINEMAS BENFICA - SALA 4;25;;15690;15691;FORTALEZA;CE;CINEMAS BENFICA LTDA;07.509.597/0001-43
06/06/2016;06/06/2016 17:10:00;X-MEN: APOCALYPSE;X-MEN - APOCALIPSE;E1600181600000;ORIGINAL;SIM;ESTADOS UNIDOS;5002782;ILHA PLAZA 02;14;6000027;5348;16645;RIO DE JANEIRO;RJ;REDECINE - RIO CINEMATOGRAFICA S.A.;07.524.011/0001-10
06/06/2016;06/06/2016 17:20:00;X-MEN: APOCALYPSE;X-MEN - APOCALIPSE;E1600181600000;DUBLADO;NÃO;ESTADOS UNIDOS;5001624;CINESYSTEM SHOPPING TOTAL SALA 01;22;6000027;2375;6658;CURITIBA;PR;REDECINE CWB CINEMATOGRÁFICA LTDA;05.747.411/0001-69
06/06/2016;06/06/2016 17:35:00;DEPOIS DE VOCÊ;;B1402157800000;DUBLADO;NÃO;BRASIL;5004484;ARAPIRACA BRA 02;12;6000027;22546;26037;ARAPIRACA;AL;REDECINE BRA CINEMATOGRÁFICA S.A.;15.422.993/0001-67
06/06/2016;06/06/2016 17:40:00;DEPOIS DE VOCÊ;;B1402157800000;DUBLADO;NÃO;BRASIL;5004997;CINESYSTEM AMERICAS 01;5;6000027;5348;28834;RIO DE JANEIRO;RJ;REDECINE - RIO CINEMATOGRAFICA S.A.;07.524.011/0001-10
06/06/2016;06/06/2016 17:40:00;WARCRAFT;WARCFRAT – O PRIMEIRO ENCONTRO ENTRE DOIS MUNDOS;E1500739800000;DUBLADO;NÃO;ESTADOS UNIDOS;5002603;CINEMAS BENFICA - SALA 1;100;;15690;15691;FORTALEZA;CE;CINEMAS BENFICA LTDA;07.509.597/0001-43
06/06/2016;06/06/2016 17:50:00;ALICE THROUGH THE LOOKING GLASS;ALICE ATRAVÉS DO ESPELHO;E1600259100000;DUBLADO;NÃO;ESTADOS UNIDOS;5002602;CINEMAS BENFICA - SALA 2;94;;15690;15691;FORTALEZA;CE;CINEMAS BENFICA LTDA;07.509.597/0001-43
06/06/2016;06/06/2016 18:00:00;WARCRAFT;WARCFRAT – O PRIMEIRO ENCONTRO ENTRE DOIS MUNDOS;E1500739800000;DUBLADO;NÃO;ESTADOS UNIDOS;5003422;CINEMARK SHOPPING RAPOSO TAVARES 04;25;6000018;1843;20591;SÃO PAULO;SP;CINEMARK BRASIL S.A;00.779.721/0001-41
06/06/2016;06/06/2016 18:00:00;X-MEN: APOCALYPSE;X-MEN - APOCALIPSE;E1600181600000;DUBLADO;NÃO;ESTADOS UNIDOS;5002063;AGUA VERDE 2;3;6000023;12893;12894;CURITIBA;PR;ESTILO PRODUÇÕES ARTISTICAS LTDA;03.293.165/0001-97
06/06/2016;06/06/2016 18:00:00;X-MEN: APOCALYPSE;X-MEN - APOCALIPSE;E1600181600000;DUBLADO;NÃO;ESTADOS UNIDOS;5004483;ARAPIRACA BRA 01;20;6000027;22546;26037;ARAPIRACA;AL;REDECINE BRA CINEMATOGRÁFICA S.A.;15.422.993/0001-67
06/06/2016;06/06/2016 18:10:00;CAPTAIN AMERICA: CIVIL WAR;CAPITÃO AMÉRICA: GUERRA CIVIL;E1600129800000;DUBLADO;NÃO;ESTADOS UNIDOS;5001626;CINESYSTEM SHOPPING TOTAL SALA 03;20;6000027;2375;6658;CURITIBA;PR;REDECINE CWB CINEMATOGRÁFICA LTDA;05.747.411/0001-69
06/06/2016;06/06/2016 18:10:00;CAPTAIN AMERICA: CIVIL WAR;CAPITÃO AMÉRICA: GUERRA CIVIL;E1600129800000;DUBLADO;NÃO;ESTADOS UNIDOS;5002780;ILHA PLAZA 03;25;6000027;5348;16645;RIO DE JANEIRO;RJ;REDECINE - RIO CINEMATOGRAFICA S.A.;07.524.011/0001-10
06/06/2016;06/06/2016 18:15:00;ALICE THROUGH THE LOOKING GLASS;ALICE ATRAVÉS DO ESPELHO;E1600259100000;DUBLADO;NÃO;ESTADOS UNIDOS;5005578;CINESYSTEM PAULISTA SALA 08 CINÉPIC;37;6000027;22546;33152;PAULISTA;PE;REDECINE BRA CINEMATOGRÁFICA S.A.;15.422.993/0001-67
06/06/2016;06/06/2016 18:20:00;WARCRAFT;WARCFRAT – O PRIMEIRO ENCONTRO ENTRE DOIS MUNDOS;E1500739800000;ORIGINAL;SIM;ESTADOS UNIDOS;5005002;CINESYSTEM AMERICAS 06;13;6000027;5348;28834;RIO DE JANEIRO;RJ;REDECINE - RIO CINEMATOGRAFICA S.A.;07.524.011/0001-10
06/06/2016;06/06/2016 18:30:00;ALICE THROUGH THE LOOKING GLASS;ALICE ATRAVÉS DO ESPELHO;E1600259100000;DUBLADO;NÃO;ESTADOS UNIDOS;5004486;ARAPIRACA BRA 04;18;6000027;22546;26037;ARAPIRACA;AL;REDECINE BRA CINEMATOGRÁFICA S.A.;15.422.993/0001-67
06/06/2016;06/06/2016 18:30:00;UMA LOUCURA DE MULHER;;B1600305700000;ORIGINAL;NÃO;BRASIL;5003420;CINEMARK SHOPPING RAPOSO TAVARES 02;5;6000018;1843;20591;SÃO PAULO;SP;CINEMARK BRASIL S.A;00.779.721/0001-41
06/06/2016;06/06/2016 18:30:00;X-MEN: APOCALYPSE;X-MEN - APOCALIPSE;E1600181600000;ORIGINAL;SIM;ESTADOS UNIDOS;5004999;CINESYSTEM AMERICAS 03;12;6000027;5348;28834;RIO DE JANEIRO;RJ;REDECINE - RIO CINEMATOGRAFICA S.A.;07.524.011/0001-10
06/06/2016;06/06/2016 18:40:00;ALICE THROUGH THE LOOKING GLASS;ALICE ATRAVÉS DO ESPELHO;E1600259100000;DUBLADO;NÃO;ESTADOS UNIDOS;5002062;AGUA VERDE 1;69;6000023;12893;12894;CURITIBA;PR;ESTILO PRODUÇÕES ARTISTICAS LTDA;03.293.165/0001-97
06/06/2016;06/06/2016 18:40:00;ALICE THROUGH THE LOOKING GLASS;ALICE ATRAVÉS DO ESPELHO;E1600259100000;DUBLADO;NÃO;ESTADOS UNIDOS;5005001;CINESYSTEM AMERICAS 05;13;6000027;5348;28834;RIO DE JANEIRO;RJ;REDECINE - RIO CINEMATOGRAFICA S.A.;07.524.011/0001-10
06/06/2016;06/06/2016 18:40:00;ALICE THROUGH THE LOOKING GLASS;ALICE ATRAVÉS DO ESPELHO;E1600259100000;DUBLADO;NÃO;ESTADOS UNIDOS;5002781;ILHA PLAZA 01;38;6000027;5348;16645;RIO DE JANEIRO;RJ;REDECINE - RIO CINEMATOGRAFICA S.A.;07.524.011/0001-10
06/06/2016;06/06/2016 18:40:00;CAPTAIN AMERICA: CIVIL WAR;CAPITÃO AMÉRICA: GUERRA CIVIL;E1600129800000;DUBLADO;NÃO;ESTADOS UNIDOS;5004488;ARAPIRACA BRA 06;16;6000027;22546;26037;ARAPIRACA;AL;REDECINE BRA CINEMATOGRÁFICA S.A.;15.422.993/0001-67
06/06/2016;06/06/2016 18:50:00;CAPTAIN AMERICA: THE WINTER SOLDIER;CAPITÃO AMÉRICA 2: O SOLDADO INVERNAL;E1402820700000;DUBLADO;NÃO;ESTADOS UNIDOS;5005000;CINESYSTEM AMERICAS 04;33;6000027;5348;28834;RIO DE JANEIRO;RJ;REDECINE - RIO CINEMATOGRAFICA S.A.;07.524.011/0001-10
06/06/2016;06/06/2016 18:50:00;WARCRAFT;WARCFRAT – O PRIMEIRO ENCONTRO ENTRE DOIS MUNDOS;E1500739800000;DUBLADO;NÃO;ESTADOS UNIDOS;5004487;ARAPIRACA BRA 05;66;6000027;22546;26037;ARAPIRACA;AL;REDECINE BRA CINEMATOGRÁFICA S.A.;15.422.993/0001-67
06/06/2016;06/06/2016 18:50:00;WARCRAFT;WARCFRAT – O PRIMEIRO ENCONTRO ENTRE DOIS MUNDOS;E1500739800000;DUBLADO;NÃO;ESTADOS UNIDOS;5001625;CINESYSTEM SHOPPING TOTAL SALA 02;41;6000027;2375;6658;CURITIBA;PR;REDECINE CWB CINEMATOGRÁFICA LTDA;05.747.411/0001-69
06/06/2016;06/06/2016 19:00:00;ALICE THROUGH THE LOOKING GLASS;ALICE ATRAVÉS DO ESPELHO;E1600259100000;DUBLADO;NÃO;ESTADOS UNIDOS;5004485;ARAPIRACA BRA 03;16;6000027;22546;26037;ARAPIRACA;AL;REDECINE BRA CINEMATOGRÁFICA S.A.;15.422.993/0001-67
06/06/2016;06/06/2016 19:00:00;ALICE THROUGH THE LOOKING GLASS;ALICE ATRAVÉS DO ESPELHO;E1600259100000;DUBLADO;NÃO;ESTADOS UNIDOS;5001627;CINESYSTEM SHOPPING TOTAL SALA 04;50;6000027;2375;6658;CURITIBA;PR;REDECINE CWB CINEMATOGRÁFICA LTDA;05.747.411/0001-69
06/06/2016;06/06/2016 19:00:00;WARCRAFT;WARCFRAT – O PRIMEIRO ENCONTRO ENTRE DOIS MUNDOS;E1500739800000;DUBLADO;NÃO;ESTADOS UNIDOS;5003424;CINEMARK SHOPPING RAPOSO TAVARES 06;28;6000018;1843;20591;SÃO PAULO;SP;CINEMARK BRASIL S.A;00.779.721/0001-41
06/06/2016;06/06/2016 19:00:00;X-MEN: APOCALYPSE;X-MEN - APOCALIPSE;E1600181600000;DUBLADO;NÃO;ESTADOS UNIDOS;5005338;CINEMAS BENFICA - SALA 4;130;;15690;15691;FORTALEZA;CE;CINEMAS BENFICA LTDA;07.509.597/0001-43
06/06/2016;06/06/2016 19:20:00;WARCRAFT;WARCFRAT – O PRIMEIRO ENCONTRO ENTRE DOIS MUNDOS;E1500739800000;DUBLADO;NÃO;ESTADOS UNIDOS;5001628;CINESYSTEM SHOPPING TOTAL SALA 05;45;6000027;2375;6658;CURITIBA;PR;REDECINE CWB CINEMATOGRÁFICA LTDA;05.747.411/0001-69
06/06/2016;06/06/2016 19:35:00;ALICE THROUGH THE LOOKING GLASS;ALICE ATRAVÉS DO ESPELHO;E1600259100000;ORIGINAL;SIM;ESTADOS UNIDOS;5004998;CINESYSTEM AMERICAS 02;21;6000027;5348;28834;RIO DE JANEIRO;RJ;REDECINE - RIO CINEMATOGRAFICA S.A.;07.524.011/0001-10
06/06/2016;06/06/2016 19:35:00;DEPOIS DE VOCÊ;;B1402157800000;DUBLADO;NÃO;BRASIL;5004484;ARAPIRACA BRA 02;13;6000027;22546;26037;ARAPIRACA;AL;REDECINE BRA CINEMATOGRÁFICA S.A.;15.422.993/0001-67
06/06/2016;06/06/2016 19:45:00;MONEY MONSTER;JOGO DO DINHEIRO;E1500735200000;ORIGINAL;SIM;ESTADOS UNIDOS;5004997;CINESYSTEM AMERICAS 01;27;6000027;5348;28834;RIO DE JANEIRO;RJ;REDECINE - RIO CINEMATOGRAFICA S.A.;07.524.011/0001-10
06/06/2016;06/06/2016 20:00:00;ALICE THROUGH THE LOOKING GLASS;ALICE ATRAVÉS DO ESPELHO;E1600259100000;DUBLADO;NÃO;ESTADOS UNIDOS;5002602;CINEMAS BENFICA - SALA 2;144;;15690;15691;FORTALEZA;CE;CINEMAS BENFICA LTDA;07.509.597/0001-43
06/06/2016;06/06/2016 20:05:00;WARCRAFT;WARCFRAT – O PRIMEIRO ENCONTRO ENTRE DOIS MUNDOS;E1500739800000;ORIGINAL;SIM;ESTADOS UNIDOS;5002603;CINEMAS BENFICA - SALA 1;127;;15690;15691;FORTALEZA;CE;CINEMAS BENFICA LTDA;07.509.597/0001-43
06/06/2016;06/06/2016 20:20:00;X-MEN: APOCALYPSE;X-MEN - APOCALIPSE;E1600181600000;DUBLADO;NÃO;ESTADOS UNIDOS;5001624;CINESYSTEM SHOPPING TOTAL SALA 01;37;6000027;2375;6658;CURITIBA;PR;REDECINE CWB CINEMATOGRÁFICA LTDA;05.747.411/0001-69
06/06/2016;06/06/2016 20:30:00;X-MEN: APOCALYPSE;X-MEN - APOCALIPSE;E1600181600000;DUBLADO;NÃO;ESTADOS UNIDOS;5002782;ILHA PLAZA 02;82;6000027;5348;16645;RIO DE JANEIRO;RJ;REDECINE - RIO CINEMATOGRAFICA S.A.;07.524.011/0001-10
06/06/2016;06/06/2016 20:40:00;ALICE THROUGH THE LOOKING GLASS;ALICE ATRAVÉS DO ESPELHO;E1600259100000;DUBLADO;NÃO;ESTADOS UNIDOS;5005578;CINESYSTEM PAULISTA SALA 08 CINÉPIC;58;6000027;22546;33152;PAULISTA;PE;REDECINE BRA CINEMATOGRÁFICA S.A.;15.422.993/0001-67
06/06/2016;06/06/2016 20:50:00;UMA LOUCURA DE MULHER;;B1600305700000;ORIGINAL;NÃO;BRASIL;5003420;CINEMARK SHOPPING RAPOSO TAVARES 02;8;6000018;1843;20591;SÃO PAULO;SP;CINEMARK BRASIL S.A;00.779.721/0001-41
06/06/2016;06/06/2016 20:50:00;X-MEN: APOCALYPSE;X-MEN - APOCALIPSE;E1600181600000;DUBLADO;NÃO;ESTADOS UNIDOS;5002063;AGUA VERDE 2;36;6000023;12893;12894;CURITIBA;PR;ESTILO PRODUÇÕES ARTISTICAS LTDA;03.293.165/0001-97
06/06/2016;06/06/2016 21:00:00;ALICE THROUGH THE LOOKING GLASS;ALICE ATRAVÉS DO ESPELHO;E1600259100000;DUBLADO;NÃO;ESTADOS UNIDOS;5002062;AGUA VERDE 1;0;6000023;12893;12894;CURITIBA;PR;ESTILO PRODUÇÕES ARTISTICAS LTDA;03.293.165/0001-97
06/06/2016;06/06/2016 21:00:00;ALICE THROUGH THE LOOKING GLASS;ALICE ATRAVÉS DO ESPELHO;E1600259100000;DUBLADO;NÃO;ESTADOS UNIDOS;5004486;ARAPIRACA BRA 04;2;6000027;22546;26037;ARAPIRACA;AL;REDECINE BRA CINEMATOGRÁFICA S.A.;15.422.993/0001-67
06/06/2016;06/06/2016 21:00:00;WARCRAFT;WARCFRAT – O PRIMEIRO ENCONTRO ENTRE DOIS MUNDOS;E1500739800000;DUBLADO;NÃO;ESTADOS UNIDOS;5003422;CINEMARK SHOPPING RAPOSO TAVARES 04;34;6000018;1843;20591;SÃO PAULO;SP;CINEMARK BRASIL S.A;00.779.721/0001-41
06/06/2016;06/06/2016 21:00:00;WARCRAFT;WARCFRAT – O PRIMEIRO ENCONTRO ENTRE DOIS MUNDOS;E1500739800000;ORIGINAL;SIM;ESTADOS UNIDOS;5005002;CINESYSTEM AMERICAS 06;21;6000027;5348;28834;RIO DE JANEIRO;RJ;REDECINE - RIO CINEMATOGRAFICA S.A.;07.524.011/0001-10
06/06/2016;06/06/2016 21:05:00;ALICE THROUGH THE LOOKING GLASS;ALICE ATRAVÉS DO ESPELHO;E1600259100000;ORIGINAL;SIM;ESTADOS UNIDOS;5002781;ILHA PLAZA 01;12;6000027;5348;16645;RIO DE JANEIRO;RJ;REDECINE - RIO CINEMATOGRAFICA S.A.;07.524.011/0001-10
06/06/2016;06/06/2016 21:05:00;CAPTAIN AMERICA: CIVIL WAR;CAPITÃO AMÉRICA: GUERRA CIVIL;E1600129800000;DUBLADO;NÃO;ESTADOS UNIDOS;5001626;CINESYSTEM SHOPPING TOTAL SALA 03;25;6000027;2375;6658;CURITIBA;PR;REDECINE CWB CINEMATOGRÁFICA LTDA;05.747.411/0001-69
06/06/2016;06/06/2016 21:10:00;X-MEN: APOCALYPSE;X-MEN - APOCALIPSE;E1600181600000;DUBLADO;NÃO;ESTADOS UNIDOS;5004483;ARAPIRACA BRA 01;21;6000027;22546;26037;ARAPIRACA;AL;REDECINE BRA CINEMATOGRÁFICA S.A.;15.422.993/0001-67
06/06/2016;06/06/2016 21:10:00;X-MEN: APOCALYPSE;X-MEN - APOCALIPSE;E1600181600000;ORIGINAL;SIM;ESTADOS UNIDOS;5002780;ILHA PLAZA 03;16;6000027;5348;16645;RIO DE JANEIRO;RJ;REDECINE - RIO CINEMATOGRAFICA S.A.;07.524.011/0001-10
06/06/2016;06/06/2016 21:20:00;ALICE THROUGH THE LOOKING GLASS;ALICE ATRAVÉS DO ESPELHO;E1600259100000;ORIGINAL;SIM;ESTADOS UNIDOS;5005001;CINESYSTEM AMERICAS 05;15;6000027;5348;28834;RIO DE JANEIRO;RJ;REDECINE - RIO CINEMATOGRAFICA S.A.;07.524.011/0001-10
06/06/2016;06/06/2016 21:20:00;ALICE THROUGH THE LOOKING GLASS;ALICE ATRAVÉS DO ESPELHO;E1600259100000;DUBLADO;NÃO;ESTADOS UNIDOS;5001627;CINESYSTEM SHOPPING TOTAL SALA 04;32;6000027;2375;6658;CURITIBA;PR;REDECINE CWB CINEMATOGRÁFICA LTDA;05.747.411/0001-69
06/06/2016;06/06/2016 21:20:00;X-MEN: APOCALYPSE;X-MEN - APOCALIPSE;E1600181600000;DUBLADO;NÃO;ESTADOS UNIDOS;5004485;ARAPIRACA BRA 03;43;6000027;22546;26037;ARAPIRACA;AL;REDECINE BRA CINEMATOGRÁFICA S.A.;15.422.993/0001-67
06/06/2016;06/06/2016 21:30:00;WARCRAFT;WARCFRAT – O PRIMEIRO ENCONTRO ENTRE DOIS MUNDOS;E1500739800000;DUBLADO;NÃO;ESTADOS UNIDOS;5004487;ARAPIRACA BRA 05;37;6000027;22546;26037;ARAPIRACA;AL;REDECINE BRA CINEMATOGRÁFICA S.A.;15.422.993/0001-67
06/06/2016;06/06/2016 21:30:00;WARCRAFT;WARCFRAT – O PRIMEIRO ENCONTRO ENTRE DOIS MUNDOS;E1500739800000;DUBLADO;NÃO;ESTADOS UNIDOS;5001625;CINESYSTEM SHOPPING TOTAL SALA 02;35;6000027;2375;6658;CURITIBA;PR;REDECINE CWB CINEMATOGRÁFICA LTDA;05.747.411/0001-69
06/06/2016;06/06/2016 21:30:00;X-MEN: APOCALYPSE;X-MEN - APOCALIPSE;E1600181600000;ORIGINAL;SIM;ESTADOS UNIDOS;5004999;CINESYSTEM AMERICAS 03;19;6000027;5348;28834;RIO DE JANEIRO;RJ;REDECINE - RIO CINEMATOGRAFICA S.A.;07.524.011/0001-10
06/06/2016;06/06/2016 21:35:00;DEPOIS DE VOCÊ;;B1402157800000;DUBLADO;NÃO;BRASIL;5004484;ARAPIRACA BRA 02;8;6000027;22546;26037;ARAPIRACA;AL;REDECINE BRA CINEMATOGRÁFICA S.A.;15.422.993/0001-67
06/06/2016;06/06/2016 21:40:00;WARCRAFT;WARCFRAT – O PRIMEIRO ENCONTRO ENTRE DOIS MUNDOS;E1500739800000;DUBLADO;NÃO;ESTADOS UNIDOS;5004488;ARAPIRACA BRA 06;20;6000027;22546;26037;ARAPIRACA;AL;REDECINE BRA CINEMATOGRÁFICA S.A.;15.422.993/0001-67
06/06/2016;06/06/2016 21:50:00;MONEY MONSTER;JOGO DO DINHEIRO;E1500735200000;ORIGINAL;SIM;ESTADOS UNIDOS;5005000;CINESYSTEM AMERICAS 04;15;6000027;5348;28834;RIO DE JANEIRO;RJ;REDECINE - RIO CINEMATOGRAFICA S.A.;07.524.011/0001-10
06/06/2016;06/06/2016 21:50:00;WARCRAFT;WARCFRAT – O PRIMEIRO ENCONTRO ENTRE DOIS MUNDOS;E1500739800000;DUBLADO;NÃO;ESTADOS UNIDOS;5003424;CINEMARK SHOPPING RAPOSO TAVARES 06;17;6000018;1843;20591;SÃO PAULO;SP;CINEMARK BRASIL S.A;00.779.721/0001-41
06/06/2016;06/06/2016 21:50:00;X-MEN: APOCALYPSE;X-MEN - APOCALIPSE;E1600181600000;DUBLADO;NÃO;ESTADOS UNIDOS;5001628;CINESYSTEM SHOPPING TOTAL SALA 05;23;6000027;2375;6658;CURITIBA;PR;REDECINE CWB CINEMATOGRÁFICA LTDA;05.747.411/0001-69
06/06/2016;06/06/2016 21:55:00;DEPOIS DE VOCÊ;;B1402157800000;DUBLADO;NÃO;BRASIL;5004997;CINESYSTEM AMERICAS 01;6;6000027;5348;28834;RIO DE JANEIRO;RJ;REDECINE - RIO CINEMATOGRAFICA S.A.;07.524.011/0001-10
06/06/2016;06/06/2016 22:00:00;X-MEN: APOCALYPSE;X-MEN - APOCALIPSE;E1600181600000;DUBLADO;NÃO;ESTADOS UNIDOS;5004998;CINESYSTEM AMERICAS 02;17;6000027;5348;28834;RIO DE JANEIRO;RJ;REDECINE - RIO CINEMATOGRAFICA S.A.;07.524.011/0001-10
07/06/2016;07/06/2016 13:00:00;WARCRAFT;WARCFRAT – O PRIMEIRO ENCONTRO ENTRE DOIS MUNDOS;E1500739800000;DUBLADO;NÃO;ESTADOS UNIDOS;5002603;CINEMAS BENFICA - SALA 1;32;;15690;15691;FORTALEZA;CE;CINEMAS BENFICA LTDA;07.509.597/0001-43
07/06/2016;07/06/2016 13:10:00;ANGRY BIRDS;ANGRY BIRDS - O FILME;E1500732000000;DUBLADO;NÃO;ESTADOS UNIDOS;5004442;SALA MACEIO 07;3;6000027;22546;25512;MACEIÓ;AL;REDECINE BRA CINEMATOGRÁFICA S.A.;15.422.993/0001-67
07/06/2016;07/06/2016 13:15:00;ANGRY BIRDS;ANGRY BIRDS - O FILME;E1500732000000;DUBLADO;NÃO;ESTADOS UNIDOS;5005338;CINEMAS BENFICA - SALA 4;7;;15690;15691;FORTALEZA;CE;CINEMAS BENFICA LTDA;07.509.597/0001-43
07/06/2016;07/06/2016 13:15:00;CAPTAIN AMERICA: CIVIL WAR;CAPITÃO AMÉRICA: GUERRA CIVIL;E1600129800000;DUBLADO;NÃO;ESTADOS UNIDOS;5004488;ARAPIRACA BRA 06;12;6000027;22546;26037;ARAPIRACA;AL;REDECINE BRA CINEMATOGRÁFICA S.A.;15.422.993/0001-67
07/06/2016;07/06/2016 13:15:00;WARCRAFT;WARCFRAT – O PRIMEIRO ENCONTRO ENTRE DOIS MUNDOS;E1500739800000;DUBLADO;NÃO;ESTADOS UNIDOS;5005002;CINESYSTEM AMERICAS 06;6;6000027;5348;28834;RIO DE JANEIRO;RJ;REDECINE - RIO CINEMATOGRAFICA S.A.;07.524.011/0001-10
07/06/2016;07/06/2016 13:15:00;WARCRAFT;WARCFRAT – O PRIMEIRO ENCONTRO ENTRE DOIS MUNDOS;E1500739800000;ORIGINAL;SIM;ESTADOS UNIDOS;5004447;SALA MACEIO 02;4;6000027;22546;25512;MACEIÓ;AL;REDECINE BRA CINEMATOGRÁFICA S.A.;15.422.993/0001-67
07/06/2016;07/06/2016 13:20:00;ALICE THROUGH THE LOOKING GLASS;ALICE ATRAVÉS DO ESPELHO;E1600259100000;DUBLADO;NÃO;ESTADOS UNIDOS;5004485;ARAPIRACA BRA 03;0;6000027;22546;26037;ARAPIRACA;AL;REDECINE BRA CINEMATOGRÁFICA S.A.;15.422.993/0001-67
07/06/2016;07/06/2016 13:20:00;ALICE THROUGH THE LOOKING GLASS;ALICE ATRAVÉS DO ESPELHO;E1600259100000;DUBLADO;NÃO;ESTADOS UNIDOS;5004448;SALA MACEIO 01;2;6000027;22546;25512;MACEIÓ;AL;REDECINE BRA CINEMATOGRÁFICA S.A.;15.422.993/0001-67
07/06/2016;07/06/2016 13:25:00;ANGRY BIRDS;ANGRY BIRDS - O FILME;E1500732000000;DUBLADO;NÃO;ESTADOS UNIDOS;5004484;ARAPIRACA BRA 02;0;6000027;22546;26037;ARAPIRACA;AL;REDECINE BRA CINEMATOGRÁFICA S.A.;15.422.993/0001-67
07/06/2016;07/06/2016 13:25:00;X-MEN: APOCALYPSE;X-MEN - APOCALIPSE;E1600181600000;ORIGINAL;SIM;ESTADOS UNIDOS;5004999;CINESYSTEM AMERICAS 03;5;6000027;5348;28834;RIO DE JANEIRO;RJ;REDECINE - RIO CINEMATOGRAFICA S.A.;07.524.011/0001-10
07/06/2016;07/06/2016 13:30:00;ALICE IN WONDERLAND;ALICE NO PAÍS DAS MARAVILHAS;E1500291700000;DUBLADO;NÃO;ESTADOS UNIDOS;5003424;CINEMARK SHOPPING RAPOSO TAVARES 06;5;6000018;1843;20591;SÃO PAULO;SP;CINEMARK BRASIL S.A;00.779.721/0001-41
07/06/2016;07/06/2016 13:30:00;ALICE THROUGH THE LOOKING GLASS;ALICE ATRAVÉS DO ESPELHO;E1600259100000;DUBLADO;NÃO;ESTADOS UNIDOS;5004486;ARAPIRACA BRA 04;9;6000027;22546;26037;ARAPIRACA;AL;REDECINE BRA CINEMATOGRÁFICA S.A.;15.422.993/0001-67
07/06/2016;07/06/2016 13:30:00;ALICE THROUGH THE LOOKING GLASS;ALICE ATRAVÉS DO ESPELHO;E1600259100000;DUBLADO;NÃO;ESTADOS UNIDOS;5002602;CINEMAS BENFICA - SALA 2;36;;15690;15691;FORTALEZA;CE;CINEMAS BENFICA LTDA;07.509.597/0001-43
07/06/2016;07/06/2016 13:30:00;ALICE THROUGH THE LOOKING GLASS;ALICE ATRAVÉS DO ESPELHO;E1600259100000;DUBLADO;NÃO;ESTADOS UNIDOS;5005578;CINESYSTEM PAULISTA SALA 08 CINÉPIC;5;6000027;22546;33152;PAULISTA;PE;REDECINE BRA CINEMATOGRÁFICA S.A.;15.422.993/0001-67
07/06/2016;07/06/2016 13:30:00;ANGRY BIRDS;ANGRY BIRDS - O FILME;E1500732000000;DUBLADO;NÃO;ESTADOS UNIDOS;5002780;ILHA PLAZA 03;17;6000027;5348;16645;RIO DE JANEIRO;RJ;REDECINE - RIO CINEMATOGRAFICA S.A.;07.524.011/0001-10
07/06/2016;07/06/2016 13:30:00;DEPOIS DE VOCÊ;;B1402157800000;DUBLADO;NÃO;BRASIL;5004997;CINESYSTEM AMERICAS 01;7;6000027;5348;28834;RIO DE JANEIRO;RJ;REDECINE - RIO CINEMATOGRAFICA S.A.;07.524.011/0001-10
07/06/2016;07/06/2016 13:40:00;ALICE THROUGH THE LOOKING GLASS;ALICE ATRAVÉS DO ESPELHO;E1600259100000;DUBLADO;NÃO;ESTADOS UNIDOS;5002781;ILHA PLAZA 01;26;6000027;5348;16645;RIO DE JANEIRO;RJ;REDECINE - RIO CINEMATOGRAFICA S.A.;07.524.011/0001-10
07/06/2016;07/06/2016 13:40:00;CAPTAIN AMERICA: THE WINTER SOLDIER;CAPITÃO AMÉRICA 2: O SOLDADO INVERNAL;E1402820700000;DUBLADO;NÃO;ESTADOS UNIDOS;5005000;CINESYSTEM AMERICAS 04;3;6000027;5348;28834;RIO DE JANEIRO;RJ;REDECINE - RIO CINEMATOGRAFICA S.A.;07.524.011/0001-10
07/06/2016;07/06/2016 13:40:00;WARCRAFT;WARCFRAT – O PRIMEIRO ENCONTRO ENTRE DOIS MUNDOS;E1500739800000;DUBLADO;NÃO;ESTADOS UNIDOS;5004440;SALA MACEIO 09;7;6000027;22546;25512;MACEIÓ;AL;REDECINE BRA CINEMATOGRÁFICA S.A.;15.422.993/0001-67
07/06/2016;07/06/2016 13:45:00;UMA LOUCURA DE MULHER;;B1600305700000;ORIGINAL;NÃO;BRASIL;5003420;CINEMARK SHOPPING RAPOSO TAVARES 02;0;6000018;1843;20591;SÃO PAULO;SP;CINEMARK BRASIL S.A;00.779.721/0001-41
07/06/2016;07/06/2016 13:45:00;WARCRAFT;WARCFRAT – O PRIMEIRO ENCONTRO ENTRE DOIS MUNDOS;E1500739800000;DUBLADO;NÃO;ESTADOS UNIDOS;5004487;ARAPIRACA BRA 05;22;6000027;22546;26037;ARAPIRACA;AL;REDECINE BRA CINEMATOGRÁFICA S.A.;15.422.993/0001-67
07/06/2016;07/06/2016 13:50:00;ALICE THROUGH THE LOOKING GLASS;ALICE ATRAVÉS DO ESPELHO;E1600259100000;DUBLADO;NÃO;ESTADOS UNIDOS;5005001;CINESYSTEM AMERICAS 05;7;6000027;5348;28834;RIO DE JANEIRO;RJ;REDECINE - RIO CINEMATOGRAFICA S.A.;07.524.011/0001-10
07/06/2016;07/06/2016 13:50:00;WARCRAFT;WARCFRAT – O PRIMEIRO ENCONTRO ENTRE DOIS MUNDOS;E1500739800000;DUBLADO;NÃO;ESTADOS UNIDOS;5001625;CINESYSTEM SHOPPING TOTAL SALA 02;14;6000027;2375;6658;CURITIBA;PR;REDECINE CWB CINEMATOGRÁFICA LTDA;05.747.411/0001-69
07/06/2016;07/06/2016 14:00:00;ALICE THROUGH THE LOOKING GLASS;ALICE ATRAVÉS DO ESPELHO;E1600259100000;DUBLADO;NÃO;ESTADOS UNIDOS;5004441;SALA MACEIO 08;10;6000027;22546;25512;MACEIÓ;AL;REDECINE BRA CINEMATOGRÁFICA S.A.;15.422.993/0001-67
07/06/2016;07/06/2016 14:00:00;ANGRY BIRDS;ANGRY BIRDS - O FILME;E1500732000000;DUBLADO;NÃO;ESTADOS UNIDOS;5002063;AGUA VERDE 2;4;6000023;12893;12894;CURITIBA;PR;ESTILO PRODUÇÕES ARTISTICAS LTDA;03.293.165/0001-97
07/06/2016;07/06/2016 14:00:00;ANGRY BIRDS;ANGRY BIRDS - O FILME;E1500732000000;DUBLADO;NÃO;ESTADOS UNIDOS;5001626;CINESYSTEM SHOPPING TOTAL SALA 03;4;6000027;2375;6658;CURITIBA;PR;REDECINE CWB CINEMATOGRÁFICA LTDA;05.747.411/0001-69
07/06/2016;07/06/2016 14:00:00;X-MEN: APOCALYPSE;X-MEN - APOCALIPSE;E1600181600000;DUBLADO;NÃO;ESTADOS UNIDOS;5002782;ILHA PLAZA 02;47;6000027;5348;16645;RIO DE JANEIRO;RJ;REDECINE - RIO CINEMATOGRAFICA S.A.;07.524.011/0001-10
07/06/2016;07/06/2016 14:10:00;ALICE THROUGH THE LOOKING GLASS;ALICE ATRAVÉS DO ESPELHO;E1600259100000;DUBLADO;NÃO;ESTADOS UNIDOS;5004998;CINESYSTEM AMERICAS 02;7;6000027;5348;28834;RIO DE JANEIRO;RJ;REDECINE - RIO CINEMATOGRAFICA S.A.;07.524.011/0001-10
07/06/2016;07/06/2016 14:10:00;ALICE THROUGH THE LOOKING GLASS;ALICE ATRAVÉS DO ESPELHO;E1600259100000;DUBLADO;NÃO;ESTADOS UNIDOS;5001627;CINESYSTEM SHOPPING TOTAL SALA 04;32;6000027;2375;6658;CURITIBA;PR;REDECINE CWB CINEMATOGRÁFICA LTDA;05.747.411/0001-69
07/06/2016;07/06/2016 14:20:00;ALICE THROUGH THE LOOKING GLASS;ALICE ATRAVÉS DO ESPELHO;E1600259100000;DUBLADO;NÃO;ESTADOS UNIDOS;5002062;AGUA VERDE 1;14;6000023;12893;12894;CURITIBA;PR;ESTILO PRODUÇÕES ARTISTICAS LTDA;03.293.165/0001-97
07/06/2016;07/06/2016 14:20:00;X-MEN: APOCALYPSE;X-MEN - APOCALIPSE;E1600181600000;DUBLADO;NÃO;ESTADOS UNIDOS;5001624;CINESYSTEM SHOPPING TOTAL SALA 01;28;6000027;2375;6658;CURITIBA;PR;REDECINE CWB CINEMATOGRÁFICA LTDA;05.747.411/0001-69
07/06/2016;07/06/2016 14:30:00;WARCRAFT;WARCFRAT – O PRIMEIRO ENCONTRO ENTRE DOIS MUNDOS;E1500739800000;DUBLADO;NÃO;ESTADOS UNIDOS;5001628;CINESYSTEM SHOPPING TOTAL SALA 05;11;6000027;2375;6658;CURITIBA;PR;REDECINE CWB CINEMATOGRÁFICA LTDA;05.747.411/0001-69
07/06/2016;07/06/2016 14:50:00;X-MEN: APOCALYPSE;X-MEN - APOCALIPSE;E1600181600000;DUBLADO;NÃO;ESTADOS UNIDOS;5004446;SALA MACEIO 03;7;6000027;22546;25512;MACEIÓ;AL;REDECINE BRA CINEMATOGRÁFICA S.A.;15.422.993/0001-67
07/06/2016;07/06/2016 15:00:00;WARCRAFT;WARCFRAT – O PRIMEIRO ENCONTRO ENTRE DOIS MUNDOS;E1500739800000;DUBLADO;NÃO;ESTADOS UNIDOS;5003422;CINEMARK SHOPPING RAPOSO TAVARES 04;15;6000018;1843;20591;SÃO PAULO;SP;CINEMARK BRASIL S.A;00.779.721/0001-41
07/06/2016;07/06/2016 15:00:00;X-MEN: APOCALYPSE;X-MEN - APOCALIPSE;E1600181600000;DUBLADO;NÃO;ESTADOS UNIDOS;5004483;ARAPIRACA BRA 01;12;6000027;22546;26037;ARAPIRACA;AL;REDECINE BRA CINEMATOGRÁFICA S.A.;15.422.993/0001-67
07/06/2016;07/06/2016 15:10:00;ANGRY BIRDS;ANGRY BIRDS - O FILME;E1500732000000;DUBLADO;NÃO;ESTADOS UNIDOS;5005338;CINEMAS BENFICA - SALA 4;11;;15690;15691;FORTALEZA;CE;CINEMAS BENFICA LTDA;07.509.597/0001-43
07/06/2016;07/06/2016 15:20:00;ANGRY BIRDS;ANGRY BIRDS - O FILME;E1500732000000;DUBLADO;NÃO;ESTADOS UNIDOS;5004442;SALA MACEIO 07;12;6000027;22546;25512;MACEIÓ;AL;REDECINE BRA CINEMATOGRÁFICA S.A.;15.422.993/0001-67
07/06/2016;07/06/2016 15:20:00;WARCRAFT;WARCFRAT – O PRIMEIRO ENCONTRO ENTRE DOIS MUNDOS;E1500739800000;DUBLADO;NÃO;ESTADOS UNIDOS;5002603;CINEMAS BENFICA - SALA 1;37;;15690;15691;FORTALEZA;CE;CINEMAS BENFICA LTDA;07.509.597/0001-43
07/06/2016;07/06/2016 15:30:00;ANGRY BIRDS;ANGRY BIRDS - O FILME;E1500732000000;DUBLADO;NÃO;ESTADOS UNIDOS;5004484;ARAPIRACA BRA 02;10;6000027;22546;26037;ARAPIRACA;AL;REDECINE BRA CINEMATOGRÁFICA S.A.;15.422.993/0001-67
07/06/2016;07/06/2016 15:30:00;MONEY MONSTER;JOGO DO DINHEIRO;E1500735200000;ORIGINAL;SIM;ESTADOS UNIDOS;5004997;CINESYSTEM AMERICAS 01;8;6000027;5348;28834;RIO DE JANEIRO;RJ;REDECINE - RIO CINEMATOGRAFICA S.A.;07.524.011/0001-10
07/06/2016;07/06/2016 15:40:00;ALICE THROUGH THE LOOKING GLASS;ALICE ATRAVÉS DO ESPELHO;E1600259100000;DUBLADO;NÃO;ESTADOS UNIDOS;5002602;CINEMAS BENFICA - SALA 2;45;;15690;15691;FORTALEZA;CE;CINEMAS BENFICA LTDA;07.509.597/0001-43
07/06/2016;07/06/2016 15:40:00;ALICE THROUGH THE LOOKING GLASS;ALICE ATRAVÉS DO ESPELHO;E1600259100000;DUBLADO;NÃO;ESTADOS UNIDOS;5002780;ILHA PLAZA 03;56;6000027;5348;16645;RIO DE JANEIRO;RJ;REDECINE - RIO CINEMATOGRAFICA S.A.;07.524.011/0001-10
07/06/2016;07/06/2016 15:40:00;X-MEN: APOCALYPSE;X-MEN - APOCALIPSE;E1600181600000;DUBLADO;NÃO;ESTADOS UNIDOS;5004448;SALA MACEIO 01;16;6000027;22546;25512;MACEIÓ;AL;REDECINE BRA CINEMATOGRÁFICA S.A.;15.422.993/0001-67
07/06/2016;07/06/2016 15:45:00;WARCRAFT;WARCFRAT – O PRIMEIRO ENCONTRO ENTRE DOIS MUNDOS;E1500739800000;ORIGINAL;SIM;ESTADOS UNIDOS;5005002;CINESYSTEM AMERICAS 06;21;6000027;5348;28834;RIO DE JANEIRO;RJ;REDECINE - RIO CINEMATOGRAFICA S.A.;07.524.011/0001-10
07/06/2016;07/06/2016 15:50:00;ALICE THROUGH THE LOOKING GLASS;ALICE ATRAVÉS DO ESPELHO;E1600259100000;DUBLADO;NÃO;ESTADOS UNIDOS;5005578;CINESYSTEM PAULISTA SALA 08 CINÉPIC;51;6000027;22546;33152;PAULISTA;PE;REDECINE BRA CINEMATOGRÁFICA S.A.;15.422.993/0001-67
07/06/2016;07/06/2016 15:50:00;WARCRAFT;WARCFRAT – O PRIMEIRO ENCONTRO ENTRE DOIS MUNDOS;E1500739800000;ORIGINAL;SIM;ESTADOS UNIDOS;5004447;SALA MACEIO 02;18;6000027;22546;25512;MACEIÓ;AL;REDECINE BRA CINEMATOGRÁFICA S.A.;15.422.993/0001-67
07/06/2016;07/06/2016 15:50:00;X-MEN: APOCALYPSE;X-MEN - APOCALIPSE;E1600181600000;DUBLADO;NÃO;ESTADOS UNIDOS;5004485;ARAPIRACA BRA 03;24;6000027;22546;26037;ARAPIRACA;AL;REDECINE BRA CINEMATOGRÁFICA S.A.;15.422.993/0001-67
07/06/2016;07/06/2016 16:00:00;ALICE THROUGH THE LOOKING GLASS;ALICE ATRAVÉS DO ESPELHO;E1600259100000;DUBLADO;NÃO;ESTADOS UNIDOS;5004486;ARAPIRACA BRA 04;15;6000027;22546;26037;ARAPIRACA;AL;REDECINE BRA CINEMATOGRÁFICA S.A.;15.422.993/0001-67
07/06/2016;07/06/2016 16:00:00;ANGRY BIRDS;ANGRY BIRDS - O FILME;E1500732000000;DUBLADO;NÃO;ESTADOS UNIDOS;5002063;AGUA VERDE 2;6;6000023;12893;12894;CURITIBA;PR;ESTILO PRODUÇÕES ARTISTICAS LTDA;03.293.165/0001-97
07/06/2016;07/06/2016 16:00:00;WARCRAFT;WARCFRAT – O PRIMEIRO ENCONTRO ENTRE DOIS MUNDOS;E1500739800000;DUBLADO;NÃO;ESTADOS UNIDOS;5003424;CINEMARK SHOPPING RAPOSO TAVARES 06;6;6000018;1843;20591;SÃO PAULO;SP;CINEMARK BRASIL S.A;00.779.721/0001-41
07/06/2016;07/06/2016 16:05:00;ANGRY BIRDS;ANGRY BIRDS - O FILME;E1500732000000;DUBLADO;NÃO;ESTADOS UNIDOS;5001626;CINESYSTEM SHOPPING TOTAL SALA 03;21;6000027;2375;6658;CURITIBA;PR;REDECINE CWB CINEMATOGRÁFICA LTDA;05.747.411/0001-69
07/06/2016;07/06/2016 16:10:00;UMA LOUCURA DE MULHER;;B1600305700000;ORIGINAL;NÃO;BRASIL;5003420;CINEMARK SHOPPING RAPOSO TAVARES 02;2;6000018;1843;20591;SÃO PAULO;SP;CINEMARK BRASIL S.A;00.779.721/0001-41
07/06/2016;07/06/2016 16:10:00;WARCRAFT;WARCFRAT – O PRIMEIRO ENCONTRO ENTRE DOIS MUNDOS;E1500739800000;DUBLADO;NÃO;ESTADOS UNIDOS;5004488;ARAPIRACA BRA 06;10;6000027;22546;26037;ARAPIRACA;AL;REDECINE BRA CINEMATOGRÁFICA S.A.;15.422.993/0001-67
07/06/2016;07/06/2016 16:15:00;ALICE THROUGH THE LOOKING GLASS;ALICE ATRAVÉS DO ESPELHO;E1600259100000;DUBLADO;NÃO;ESTADOS UNIDOS;5005001;CINESYSTEM AMERICAS 05;23;6000027;5348;28834;RIO DE JANEIRO;RJ;REDECINE - RIO CINEMATOGRAFICA S.A.;07.524.011/0001-10
07/06/2016;07/06/2016 16:15:00;ALICE THROUGH THE LOOKING GLASS;ALICE ATRAVÉS DO ESPELHO;E1600259100000;DUBLADO;NÃO;ESTADOS UNIDOS;5002781;ILHA PLAZA 01;42;6000027;5348;16645;RIO DE JANEIRO;RJ;REDECINE - RIO CINEMATOGRAFICA S.A.;07.524.011/0001-10
07/06/2016;07/06/2016 16:20:00;WARCRAFT;WARCFRAT – O PRIMEIRO ENCONTRO ENTRE DOIS MUNDOS;E1500739800000;DUBLADO;NÃO;ESTADOS UNIDOS;5004487;ARAPIRACA BRA 05;27;6000027;22546;26037;ARAPIRACA;AL;REDECINE BRA CINEMATOGRÁFICA S.A.;15.422.993/0001-67
07/06/2016;07/06/2016 16:20:00;WARCRAFT;WARCFRAT – O PRIMEIRO ENCONTRO ENTRE DOIS MUNDOS;E1500739800000;DUBLADO;NÃO;ESTADOS UNIDOS;5001625;CINESYSTEM SHOPPING TOTAL SALA 02;17;6000027;2375;6658;CURITIBA;PR;REDECINE CWB CINEMATOGRÁFICA LTDA;05.747.411/0001-69
07/06/2016;07/06/2016 16:20:00;WARCRAFT;WARCFRAT – O PRIMEIRO ENCONTRO ENTRE DOIS MUNDOS;E1500739800000;ORIGINAL;SIM;ESTADOS UNIDOS;5004440;SALA MACEIO 09;15;6000027;22546;25512;MACEIÓ;AL;REDECINE BRA CINEMATOGRÁFICA S.A.;15.422.993/0001-67
07/06/2016;07/06/2016 16:25:00;NEIGHBORS 2: SORORITY RISING;NEIGHBORS 2;E1500735800000;ORIGINAL;SIM;ESTADOS UNIDOS;5004999;CINESYSTEM AMERICAS 03;1;6000027;5348;28834;RIO DE JANEIRO;RJ;REDECINE - RIO CINEMATOGRAFICA S.A.;07.524.011/0001-10
07/06/2016;07/06/2016 16:30:00;ALICE THROUGH THE LOOKING GLASS;ALICE ATRAVÉS DO ESPELHO;E1600259100000;DUBLADO;NÃO;ESTADOS UNIDOS;5002062;AGUA VERDE 1;10;6000023;12893;12894;CURITIBA;PR;ESTILO PRODUÇÕES ARTISTICAS LTDA;03.293.165/0001-97
07/06/2016;07/06/2016 16:30:00;ALICE THROUGH THE LOOKING GLASS;ALICE ATRAVÉS DO ESPELHO;E1600259100000;DUBLADO;NÃO;ESTADOS UNIDOS;5001627;CINESYSTEM SHOPPING TOTAL SALA 04;22;6000027;2375;6658;CURITIBA;PR;REDECINE CWB CINEMATOGRÁFICA LTDA;05.747.411/0001-69
07/06/2016;07/06/2016 16:30:00;ALICE THROUGH THE LOOKING GLASS;ALICE ATRAVÉS DO ESPELHO;E1600259100000;DUBLADO;NÃO;ESTADOS UNIDOS;5004441;SALA MACEIO 08;13;6000027;22546;25512;MACEIÓ;AL;REDECINE BRA CINEMATOGRÁFICA S.A.;15.422.993/0001-67
07/06/2016;07/06/2016 16:35:00;X-MEN: APOCALYPSE;X-MEN - APOCALIPSE;E1600181600000;DUBLADO;NÃO;ESTADOS UNIDOS;5004998;CINESYSTEM AMERICAS 02;23;6000027;5348;28834;RIO DE JANEIRO;RJ;REDECINE - RIO CINEMATOGRAFICA S.A.;07.524.011/0001-10
07/06/2016;07/06/2016 16:40:00;MONEY MONSTER;JOGO DO DINHEIRO;E1500735200000;ORIGINAL;SIM;ESTADOS UNIDOS;5005000;CINESYSTEM AMERICAS 04;17;6000027;5348;28834;RIO DE JANEIRO;RJ;REDECINE - RIO CINEMATOGRAFICA S.A.;07.524.011/0001-10
07/06/2016;07/06/2016 17:00:00;ALICE THROUGH THE LOOKING GLASS;ALICE ATRAVÉS DO ESPELHO;E1600259100000;DUBLADO;NÃO;ESTADOS UNIDOS;5001628;CINESYSTEM SHOPPING TOTAL SALA 05;25;6000027;2375;6658;CURITIBA;PR;REDECINE CWB CINEMATOGRÁFICA LTDA;05.747.411/0001-69
07/06/2016;07/06/2016 17:05:00;ANGRY BIRDS;ANGRY BIRDS - O FILME;E1500732000000;DUBLADO;NÃO;ESTADOS UNIDOS;5005338;CINEMAS BENFICA - SALA 4;17;;15690;15691;FORTALEZA;CE;CINEMAS BENFICA LTDA;07.509.597/0001-43
07/06/2016;07/06/2016 17:10:00;X-MEN: APOCALYPSE;X-MEN - APOCALIPSE;E1600181600000;ORIGINAL;SIM;ESTADOS UNIDOS;5002782;ILHA PLAZA 02;50;6000027;5348;16645;RIO DE JANEIRO;RJ;REDECINE - RIO CINEMATOGRAFICA S.A.;07.524.011/0001-10
07/06/2016;07/06/2016 17:20:00;X-MEN: APOCALYPSE;X-MEN - APOCALIPSE;E1600181600000;DUBLADO;NÃO;ESTADOS UNIDOS;5001624;CINESYSTEM SHOPPING TOTAL SALA 01;21;6000027;2375;6658;CURITIBA;PR;REDECINE CWB CINEMATOGRÁFICA LTDA;05.747.411/0001-69
07/06/2016;07/06/2016 17:30:00;ANGRY BIRDS;ANGRY BIRDS - O FILME;E1500732000000;DUBLADO;NÃO;ESTADOS UNIDOS;5004442;SALA MACEIO 07;18;6000027;22546;25512;MACEIÓ;AL;REDECINE BRA CINEMATOGRÁFICA S.A.;15.422.993/0001-67
07/06/2016;07/06/2016 17:35:00;DEPOIS DE VOCÊ;;B1402157800000;DUBLADO;NÃO;BRASIL;5004484;ARAPIRACA BRA 02;9;6000027;22546;26037;ARAPIRACA;AL;REDECINE BRA CINEMATOGRÁFICA S.A.;15.422.993/0001-67
07/06/2016;07/06/2016 17:40:00;DEPOIS DE VOCÊ;;B1402157800000;DUBLADO;NÃO;BRASIL;5004997;CINESYSTEM AMERICAS 01;6;6000027;5348;28834;RIO DE JANEIRO;RJ;REDECINE - RIO CINEMATOGRAFICA S.A.;07.524.011/0001-10
07/06/2016;07/06/2016 17:40:00;WARCRAFT;WARCFRAT – O PRIMEIRO ENCONTRO ENTRE DOIS MUNDOS;E1500739800000;DUBLADO;NÃO;ESTADOS UNIDOS;5002603;CINEMAS BENFICA - SALA 1;25;;15690;15691;FORTALEZA;CE;CINEMAS BENFICA LTDA;07.509.597/0001-43
07/06/2016;07/06/2016 17:50:00;ALICE THROUGH THE LOOKING GLASS;ALICE ATRAVÉS DO ESPELHO;E1600259100000;DUBLADO;NÃO;ESTADOS UNIDOS;5002602;CINEMAS BENFICA - SALA 2;31;;15690;15691;FORTALEZA;CE;CINEMAS BENFICA LTDA;07.509.597/0001-43
07/06/2016;07/06/2016 17:50:00;X-MEN: APOCALYPSE;X-MEN - APOCALIPSE;E1600181600000;DUBLADO;NÃO;ESTADOS UNIDOS;5004446;SALA MACEIO 03;16;6000027;22546;25512;MACEIÓ;AL;REDECINE BRA CINEMATOGRÁFICA S.A.;15.422.993/0001-67
07/06/2016;07/06/2016 18:00:00;WARCRAFT;WARCFRAT – O PRIMEIRO ENCONTRO ENTRE DOIS MUNDOS;E1500739800000;DUBLADO;NÃO;ESTADOS UNIDOS;5003422;CINEMARK SHOPPING RAPOSO TAVARES 04;15;6000018;1843;20591;SÃO PAULO;SP;CINEMARK BRASIL S.A;00.779.721/0001-41
07/06/2016;07/06/2016 18:00:00;X-MEN: APOCALYPSE;X-MEN - APOCALIPSE;E1600181600000;DUBLADO;NÃO;ESTADOS UNIDOS;5002063;AGUA VERDE 2;17;6000023;12893;12894;CURITIBA;PR;ESTILO PRODUÇÕES ARTISTICAS LTDA;03.293.165/0001-97
07/06/2016;07/06/2016 18:00:00;X-MEN: APOCALYPSE;X-MEN - APOCALIPSE;E1600181600000;DUBLADO;NÃO;ESTADOS UNIDOS;5004483;ARAPIRACA BRA 01;28;6000027;22546;26037;ARAPIRACA;AL;REDECINE BRA CINEMATOGRÁFICA S.A.;15.422.993/0001-67
07/06/2016;07/06/2016 18:10:00;CAPTAIN AMERICA: CIVIL WAR;CAPITÃO AMÉRICA: GUERRA CIVIL;E1600129800000;DUBLADO;NÃO;ESTADOS UNIDOS;5001626;CINESYSTEM SHOPPING TOTAL SALA 03;28;6000027;2375;6658;CURITIBA;PR;REDECINE CWB CINEMATOGRÁFICA LTDA;05.747.411/0001-69
07/06/2016;07/06/2016 18:10:00;CAPTAIN AMERICA: CIVIL WAR;CAPITÃO AMÉRICA: GUERRA CIVIL;E1600129800000;DUBLADO;NÃO;ESTADOS UNIDOS;5002780;ILHA PLAZA 03;57;6000027;5348;16645;RIO DE JANEIRO;RJ;REDECINE - RIO CINEMATOGRAFICA S.A.;07.524.011/0001-10
07/06/2016;07/06/2016 18:15:00;ALICE THROUGH THE LOOKING GLASS;ALICE ATRAVÉS DO ESPELHO;E1600259100000;DUBLADO;NÃO;ESTADOS UNIDOS;5005578;CINESYSTEM PAULISTA SALA 08 CINÉPIC;22;6000027;22546;33152;PAULISTA;PE;REDECINE BRA CINEMATOGRÁFICA S.A.;15.422.993/0001-67
07/06/2016;07/06/2016 18:20:00;WARCRAFT;WARCFRAT – O PRIMEIRO ENCONTRO ENTRE DOIS MUNDOS;E1500739800000;ORIGINAL;SIM;ESTADOS UNIDOS;5005002;CINESYSTEM AMERICAS 06;34;6000027;5348;28834;RIO DE JANEIRO;RJ;REDECINE - RIO CINEMATOGRAFICA S.A.;07.524.011/0001-10
07/06/2016;07/06/2016 18:25:00;WARCRAFT;WARCFRAT – O PRIMEIRO ENCONTRO ENTRE DOIS MUNDOS;E1500739800000;ORIGINAL;SIM;ESTADOS UNIDOS;5004447;SALA MACEIO 02;35;6000027;22546;25512;MACEIÓ;AL;REDECINE BRA CINEMATOGRÁFICA S.A.;15.422.993/0001-67
07/06/2016;07/06/2016 18:30:00;ALICE THROUGH THE LOOKING GLASS;ALICE ATRAVÉS DO ESPELHO;E1600259100000;DUBLADO;NÃO;ESTADOS UNIDOS;5004486;ARAPIRACA BRA 04;10;6000027;22546;26037;ARAPIRACA;AL;REDECINE BRA CINEMATOGRÁFICA S.A.;15.422.993/0001-67
07/06/2016;07/06/2016 18:30:00;UMA LOUCURA DE MULHER;;B1600305700000;ORIGINAL;NÃO;BRASIL;5003420;CINEMARK SHOPPING RAPOSO TAVARES 02;8;6000018;1843;20591;SÃO PAULO;SP;CINEMARK BRASIL S.A;00.779.721/0001-41
07/06/2016;07/06/2016 18:30:00;X-MEN: APOCALYPSE;X-MEN - APOCALIPSE;E1600181600000;ORIGINAL;SIM;ESTADOS UNIDOS;5004999;CINESYSTEM AMERICAS 03;21;6000027;5348;28834;RIO DE JANEIRO;RJ;REDECINE - RIO CINEMATOGRAFICA S.A.;07.524.011/0001-10
07/06/2016;07/06/2016 18:40:00;ALICE THROUGH THE LOOKING GLASS;ALICE ATRAVÉS DO ESPELHO;E1600259100000;DUBLADO;NÃO;ESTADOS UNIDOS;5002062;AGUA VERDE 1;61;6000023;12893;12894;CURITIBA;PR;ESTILO PRODUÇÕES ARTISTICAS LTDA;03.293.165/0001-97
07/06/2016;07/06/2016 18:40:00;ALICE THROUGH THE LOOKING GLASS;ALICE ATRAVÉS DO ESPELHO;E1600259100000;DUBLADO;NÃO;ESTADOS UNIDOS;5005001;CINESYSTEM AMERICAS 05;50;6000027;5348;28834;RIO DE JANEIRO;RJ;REDECINE - RIO CINEMATOGRAFICA S.A.;07.524.011/0001-10
07/06/2016;07/06/2016 18:40:00;ALICE THROUGH THE LOOKING GLASS;ALICE ATRAVÉS DO ESPELHO;E1600259100000;DUBLADO;NÃO;ESTADOS UNIDOS;5002781;ILHA PLAZA 01;144;6000027;5348;16645;RIO DE JANEIRO;RJ;REDECINE - RIO CINEMATOGRAFICA S.A.;07.524.011/0001-10
07/06/2016;07/06/2016 18:40:00;ALICE THROUGH THE LOOKING GLASS;ALICE ATRAVÉS DO ESPELHO;E1600259100000;DUBLADO;NÃO;ESTADOS UNIDOS;5004448;SALA MACEIO 01;9;6000027;22546;25512;MACEIÓ;AL;REDECINE BRA CINEMATOGRÁFICA S.A.;15.422.993/0001-67
07/06/2016;07/06/2016 18:40:00;CAPTAIN AMERICA: CIVIL WAR;CAPITÃO AMÉRICA: GUERRA CIVIL;E1600129800000;DUBLADO;NÃO;ESTADOS UNIDOS;5004488;ARAPIRACA BRA 06;14;6000027;22546;26037;ARAPIRACA;AL;REDECINE BRA CINEMATOGRÁFICA S.A.;15.422.993/0001-67
07/06/2016;07/06/2016 18:50:00;ALICE THROUGH THE LOOKING GLASS;ALICE ATRAVÉS DO ESPELHO;E1600259100000;DUBLADO;NÃO;ESTADOS UNIDOS;5004441;SALA MACEIO 08;12;6000027;22546;25512;MACEIÓ;AL;REDECINE BRA CINEMATOGRÁFICA S.A.;15.422.993/0001-67
07/06/2016;07/06/2016 18:50:00;CAPTAIN AMERICA: THE WINTER SOLDIER;CAPITÃO AMÉRICA 2: O SOLDADO INVERNAL;E1402820700000;DUBLADO;NÃO;ESTADOS UNIDOS;5005000;CINESYSTEM AMERICAS 04;25;6000027;5348;28834;RIO DE JANEIRO;RJ;REDECINE - RIO CINEMATOGRAFICA S.A.;07.524.011/0001-10
07/06/2016;07/06/2016 18:50:00;WARCRAFT;WARCFRAT – O PRIMEIRO ENCONTRO ENTRE DOIS MUNDOS;E1500739800000;DUBLADO;NÃO;ESTADOS UNIDOS;5004487;ARAPIRACA BRA 05;91;6000027;22546;26037;ARAPIRACA;AL;REDECINE BRA CINEMATOGRÁFICA S.A.;15.422.993/0001-67
07/06/2016;07/06/2016 18:50:00;WARCRAFT;WARCFRAT – O PRIMEIRO ENCONTRO ENTRE DOIS MUNDOS;E1500739800000;DUBLADO;NÃO;ESTADOS UNIDOS;5001625;CINESYSTEM SHOPPING TOTAL SALA 02;33;6000027;2375;6658;CURITIBA;PR;REDECINE CWB CINEMATOGRÁFICA LTDA;05.747.411/0001-69
07/06/2016;07/06/2016 19:00:00;ALICE THROUGH THE LOOKING GLASS;ALICE ATRAVÉS DO ESPELHO;E1600259100000;DUBLADO;NÃO;ESTADOS UNIDOS;5004485;ARAPIRACA BRA 03;28;6000027;22546;26037;ARAPIRACA;AL;REDECINE BRA CINEMATOGRÁFICA S.A.;15.422.993/0001-67
07/06/2016;07/06/2016 19:00:00;ALICE THROUGH THE LOOKING GLASS;ALICE ATRAVÉS DO ESPELHO;E1600259100000;DUBLADO;NÃO;ESTADOS UNIDOS;5001627;CINESYSTEM SHOPPING TOTAL SALA 04;87;6000027;2375;6658;CURITIBA;PR;REDECINE CWB CINEMATOGRÁFICA LTDA;05.747.411/0001-69
07/06/2016;07/06/2016 19:00:00;WARCRAFT;WARCFRAT – O PRIMEIRO ENCONTRO ENTRE DOIS MUNDOS;E1500739800000;DUBLADO;NÃO;ESTADOS UNIDOS;5003424;CINEMARK SHOPPING RAPOSO TAVARES 06;17;6000018;1843;20591;SÃO PAULO;SP;CINEMARK BRASIL S.A;00.779.721/0001-41
07/06/2016;07/06/2016 19:00:00;WARCRAFT;WARCFRAT – O PRIMEIRO ENCONTRO ENTRE DOIS MUNDOS;E1500739800000;DUBLADO;NÃO;ESTADOS UNIDOS;5004440;SALA MACEIO 09;63;6000027;22546;25512;MACEIÓ;AL;REDECINE BRA CINEMATOGRÁFICA S.A.;15.422.993/0001-67
07/06/2016;07/06/2016 19:00:00;X-MEN: APOCALYPSE;X-MEN - APOCALIPSE;E1600181600000;DUBLADO;NÃO;ESTADOS UNIDOS;5005338;CINEMAS BENFICA - SALA 4;106;;15690;15691;FORTALEZA;CE;CINEMAS BENFICA LTDA;07.509.597/0001-43
07/06/2016;07/06/2016 19:20:00;WARCRAFT;WARCFRAT – O PRIMEIRO ENCONTRO ENTRE DOIS MUNDOS;E1500739800000;DUBLADO;NÃO;ESTADOS UNIDOS;5001628;CINESYSTEM SHOPPING TOTAL SALA 05;41;6000027;2375;6658;CURITIBA;PR;REDECINE CWB CINEMATOGRÁFICA LTDA;05.747.411/0001-69
07/06/2016;07/06/2016 19:35:00;ALICE THROUGH THE LOOKING GLASS;ALICE ATRAVÉS DO ESPELHO;E1600259100000;ORIGINAL;SIM;ESTADOS UNIDOS;5004998;CINESYSTEM AMERICAS 02;25;6000027;5348;28834;RIO DE JANEIRO;RJ;REDECINE - RIO CINEMATOGRAFICA S.A.;07.524.011/0001-10
07/06/2016;07/06/2016 19:35:00;DEPOIS DE VOCÊ;;B1402157800000;DUBLADO;NÃO;BRASIL;5004484;ARAPIRACA BRA 02;24;6000027;22546;26037;ARAPIRACA;AL;REDECINE BRA CINEMATOGRÁFICA S.A.;15.422.993/0001-67
07/06/2016;07/06/2016 19:40:00;NEIGHBORS 2: SORORITY RISING;NEIGHBORS 2;E1500735800000;ORIGINAL;SIM;ESTADOS UNIDOS;5004442;SALA MACEIO 07;39;6000027;22546;25512;MACEIÓ;AL;REDECINE BRA CINEMATOGRÁFICA S.A.;15.422.993/0001-67
07/06/2016;07/06/2016 19:45:00;MONEY MONSTER;JOGO DO DINHEIRO;E1500735200000;ORIGINAL;SIM;ESTADOS UNIDOS;5004997;CINESYSTEM AMERICAS 01;33;6000027;5348;28834;RIO DE JANEIRO;RJ;REDECINE - RIO CINEMATOGRAFICA S.A.;07.524.011/0001-10
07/06/2016;07/06/2016 20:00:00;ALICE THROUGH THE LOOKING GLASS;ALICE ATRAVÉS DO ESPELHO;E1600259100000;DUBLADO;NÃO;ESTADOS UNIDOS;5002602;CINEMAS BENFICA - SALA 2;59;;15690;15691;FORTALEZA;CE;CINEMAS BENFICA LTDA;07.509.597/0001-43
07/06/2016;07/06/2016 20:05:00;WARCRAFT;WARCFRAT – O PRIMEIRO ENCONTRO ENTRE DOIS MUNDOS;E1500739800000;ORIGINAL;SIM;ESTADOS UNIDOS;5002603;CINEMAS BENFICA - SALA 1;30;;15690;15691;FORTALEZA;CE;CINEMAS BENFICA LTDA;07.509.597/0001-43
07/06/2016;07/06/2016 20:20:00;X-MEN: APOCALYPSE;X-MEN - APOCALIPSE;E1600181600000;DUBLADO;NÃO;ESTADOS UNIDOS;5001624;CINESYSTEM SHOPPING TOTAL SALA 01;68;6000027;2375;6658;CURITIBA;PR;REDECINE CWB CINEMATOGRÁFICA LTDA;05.747.411/0001-69
07/06/2016;07/06/2016 20:30:00;X-MEN: APOCALYPSE;X-MEN - APOCALIPSE;E1600181600000;DUBLADO;NÃO;ESTADOS UNIDOS;5002782;ILHA PLAZA 02;180;6000027;5348;16645;RIO DE JANEIRO;RJ;REDECINE - RIO CINEMATOGRAFICA S.A.;07.524.011/0001-10
07/06/2016;07/06/2016 20:40:00;ALICE THROUGH THE LOOKING GLASS;ALICE ATRAVÉS DO ESPELHO;E1600259100000;DUBLADO;NÃO;ESTADOS UNIDOS;5005578;CINESYSTEM PAULISTA SALA 08 CINÉPIC;40;6000027;22546;33152;PAULISTA;PE;REDECINE BRA CINEMATOGRÁFICA S.A.;15.422.993/0001-67
07/06/2016;07/06/2016 20:50:00;UMA LOUCURA DE MULHER;;B1600305700000;ORIGINAL;NÃO;BRASIL;5003420;CINEMARK SHOPPING RAPOSO TAVARES 02;14;6000018;1843;20591;SÃO PAULO;SP;CINEMARK BRASIL S.A;00.779.721/0001-41
07/06/2016;07/06/2016 20:50:00;X-MEN: APOCALYPSE;X-MEN - APOCALIPSE;E1600181600000;DUBLADO;NÃO;ESTADOS UNIDOS;5002063;AGUA VERDE 2;29;6000023;12893;12894;CURITIBA;PR;ESTILO PRODUÇÕES ARTISTICAS LTDA;03.293.165/0001-97
07/06/2016;07/06/2016 20:50:00;X-MEN: APOCALYPSE;X-MEN - APOCALIPSE;E1600181600000;ORIGINAL;SIM;ESTADOS UNIDOS;5004446;SALA MACEIO 03;32;6000027;22546;25512;MACEIÓ;AL;REDECINE BRA CINEMATOGRÁFICA S.A.;15.422.993/0001-67
07/06/2016;07/06/2016 21:00:00;ALICE THROUGH THE LOOKING GLASS;ALICE ATRAVÉS DO ESPELHO;E1600259100000;DUBLADO;NÃO;ESTADOS UNIDOS;5002062;AGUA VERDE 1;25;6000023;12893;12894;CURITIBA;PR;ESTILO PRODUÇÕES ARTISTICAS LTDA;03.293.165/0001-97
07/06/2016;07/06/2016 21:00:00;ALICE THROUGH THE LOOKING GLASS;ALICE ATRAVÉS DO ESPELHO;E1600259100000;DUBLADO;NÃO;ESTADOS UNIDOS;5004486;ARAPIRACA BRA 04;15;6000027;22546;26037;ARAPIRACA;AL;REDECINE BRA CINEMATOGRÁFICA S.A.;15.422.993/0001-67
07/06/2016;07/06/2016 21:00:00;WARCRAFT;WARCFRAT – O PRIMEIRO ENCONTRO ENTRE DOIS MUNDOS;E1500739800000;DUBLADO;NÃO;ESTADOS UNIDOS;5003422;CINEMARK SHOPPING RAPOSO TAVARES 04;39;6000018;1843;20591;SÃO PAULO;SP;CINEMARK BRASIL S.A;00.779.721/0001-41
07/06/2016;07/06/2016 21:00:00;WARCRAFT;WARCFRAT – O PRIMEIRO ENCONTRO ENTRE DOIS MUNDOS;E1500739800000;ORIGINAL;SIM;ESTADOS UNIDOS;5005002;CINESYSTEM AMERICAS 06;31;6000027;5348;28834;RIO DE JANEIRO;RJ;REDECINE - RIO CINEMATOGRAFICA S.A.;07.524.011/0001-10
07/06/2016;07/06/2016 21:00:00;WARCRAFT;WARCFRAT – O PRIMEIRO ENCONTRO ENTRE DOIS MUNDOS;E1500739800000;ORIGINAL;SIM;ESTADOS UNIDOS;5004447;SALA MACEIO 02;46;6000027;22546;25512;MACEIÓ;AL;REDECINE BRA CINEMATOGRÁFICA S.A.;15.422.993/0001-67
07/06/2016;07/06/2016 21:05:00;ALICE THROUGH THE LOOKING GLASS;ALICE ATRAVÉS DO ESPELHO;E1600259100000;ORIGINAL;SIM;ESTADOS UNIDOS;5002781;ILHA PLAZA 01;35;6000027;5348;16645;RIO DE JANEIRO;RJ;REDECINE - RIO CINEMATOGRAFICA S.A.;07.524.011/0001-10
07/06/2016;07/06/2016 21:05:00;CAPTAIN AMERICA: CIVIL WAR;CAPITÃO AMÉRICA: GUERRA CIVIL;E1600129800000;DUBLADO;NÃO;ESTADOS UNIDOS;5001626;CINESYSTEM SHOPPING TOTAL SALA 03;36;6000027;2375;6658;CURITIBA;PR;REDECINE CWB CINEMATOGRÁFICA LTDA;05.747.411/0001-69
07/06/2016;07/06/2016 21:10:00;ALICE THROUGH THE LOOKING GLASS;ALICE ATRAVÉS DO ESPELHO;E1600259100000;ORIGINAL;SIM;ESTADOS UNIDOS;5004441;SALA MACEIO 08;16;6000027;22546;25512;MACEIÓ;AL;REDECINE BRA CINEMATOGRÁFICA S.A.;15.422.993/0001-67
07/06/2016;07/06/2016 21:10:00;X-MEN: APOCALYPSE;X-MEN - APOCALIPSE;E1600181600000;DUBLADO;NÃO;ESTADOS UNIDOS;5004483;ARAPIRACA BRA 01;53;6000027;22546;26037;ARAPIRACA;AL;REDECINE BRA CINEMATOGRÁFICA S.A.;15.422.993/0001-67
07/06/2016;07/06/2016 21:10:00;X-MEN: APOCALYPSE;X-MEN - APOCALIPSE;E1600181600000;ORIGINAL;SIM;ESTADOS UNIDOS;5002780;ILHA PLAZA 03;90;6000027;5348;16645;RIO DE JANEIRO;RJ;REDECINE - RIO CINEMATOGRAFICA S.A.;07.524.011/0001-10
07/06/2016;07/06/2016 21:20:00;ALICE THROUGH THE LOOKING GLASS;ALICE ATRAVÉS DO ESPELHO;E1600259100000;ORIGINAL;SIM;ESTADOS UNIDOS;5005001;CINESYSTEM AMERICAS 05;8;6000027;5348;28834;RIO DE JANEIRO;RJ;REDECINE - RIO CINEMATOGRAFICA S.A.;07.524.011/0001-10
07/06/2016;07/06/2016 21:20:00;ALICE THROUGH THE LOOKING GLASS;ALICE ATRAVÉS DO ESPELHO;E1600259100000;DUBLADO;NÃO;ESTADOS UNIDOS;5001627;CINESYSTEM SHOPPING TOTAL SALA 04;109;6000027;2375;6658;CURITIBA;PR;REDECINE CWB CINEMATOGRÁFICA LTDA;05.747.411/0001-69
07/06/2016;07/06/2016 21:20:00;X-MEN: APOCALYPSE;X-MEN - APOCALIPSE;E1600181600000;DUBLADO;NÃO;ESTADOS UNIDOS;5004485;ARAPIRACA BRA 03;33;6000027;22546;26037;ARAPIRACA;AL;REDECINE BRA CINEMATOGRÁFICA S.A.;15.422.993/0001-67
07/06/2016;07/06/2016 21:30:00;WARCRAFT;WARCFRAT – O PRIMEIRO ENCONTRO ENTRE DOIS MUNDOS;E1500739800000;DUBLADO;NÃO;ESTADOS UNIDOS;5004487;ARAPIRACA BRA 05;97;6000027;22546;26037;ARAPIRACA;AL;REDECINE BRA CINEMATOGRÁFICA S.A.;15.422.993/0001-67
07/06/2016;07/06/2016 21:30:00;WARCRAFT;WARCFRAT – O PRIMEIRO ENCONTRO ENTRE DOIS MUNDOS;E1500739800000;DUBLADO;NÃO;ESTADOS UNIDOS;5001625;CINESYSTEM SHOPPING TOTAL SALA 02;77;6000027;2375;6658;CURITIBA;PR;REDECINE CWB CINEMATOGRÁFICA LTDA;05.747.411/0001-69
07/06/2016;07/06/2016 21:30:00;X-MEN: APOCALYPSE;X-MEN - APOCALIPSE;E1600181600000;ORIGINAL;SIM;ESTADOS UNIDOS;5004999;CINESYSTEM AMERICAS 03;20;6000027;5348;28834;RIO DE JANEIRO;RJ;REDECINE - RIO CINEMATOGRAFICA S.A.;07.524.011/0001-10
07/06/2016;07/06/2016 21:35:00;DEPOIS DE VOCÊ;;B1402157800000;DUBLADO;NÃO;BRASIL;5004484;ARAPIRACA BRA 02;20;6000027;22546;26037;ARAPIRACA;AL;REDECINE BRA CINEMATOGRÁFICA S.A.;15.422.993/0001-67
07/06/2016;07/06/2016 21:40:00;WARCRAFT;WARCFRAT – O PRIMEIRO ENCONTRO ENTRE DOIS MUNDOS;E1500739800000;DUBLADO;NÃO;ESTADOS UNIDOS;5004488;ARAPIRACA BRA 06;22;6000027;22546;26037;ARAPIRACA;AL;REDECINE BRA CINEMATOGRÁFICA S.A.;15.422.993/0001-67
07/06/2016;07/06/2016 21:40:00;WARCRAFT;WARCFRAT – O PRIMEIRO ENCONTRO ENTRE DOIS MUNDOS;E1500739800000;ORIGINAL;SIM;ESTADOS UNIDOS;5004440;SALA MACEIO 09;46;6000027;22546;25512;MACEIÓ;AL;REDECINE BRA CINEMATOGRÁFICA S.A.;15.422.993/0001-67
07/06/2016;07/06/2016 21:45:00;X-MEN: APOCALYPSE;X-MEN - APOCALIPSE;E1600181600000;ORIGINAL;SIM;ESTADOS UNIDOS;5004448;SALA MACEIO 01;9;6000027;22546;25512;MACEIÓ;AL;REDECINE BRA CINEMATOGRÁFICA S.A.;15.422.993/0001-67
07/06/2016;07/06/2016 21:50:00;CAPTAIN AMERICA: CIVIL WAR;CAPITÃO AMÉRICA: GUERRA CIVIL;E1600129800000;DUBLADO;NÃO;ESTADOS UNIDOS;5004442;SALA MACEIO 07;11;6000027;22546;25512;MACEIÓ;AL;REDECINE BRA CINEMATOGRÁFICA S.A.;15.422.993/0001-67
07/06/2016;07/06/2016 21:50:00;MONEY MONSTER;JOGO DO DINHEIRO;E1500735200000;ORIGINAL;SIM;ESTADOS UNIDOS;5005000;CINESYSTEM AMERICAS 04;12;6000027;5348;28834;RIO DE JANEIRO;RJ;REDECINE - RIO CINEMATOGRAFICA S.A.;07.524.011/0001-10
07/06/2016;07/06/2016 21:50:00;WARCRAFT;WARCFRAT – O PRIMEIRO ENCONTRO ENTRE DOIS MUNDOS;E1500739800000;DUBLADO;NÃO;ESTADOS UNIDOS;5003424;CINEMARK SHOPPING RAPOSO TAVARES 06;14;6000018;1843;20591;SÃO PAULO;SP;CINEMARK BRASIL S.A;00.779.721/0001-41
07/06/2016;07/06/2016 21:50:00;X-MEN: APOCALYPSE;X-MEN - APOCALIPSE;E1600181600000;DUBLADO;NÃO;ESTADOS UNIDOS;5001628;CINESYSTEM SHOPPING TOTAL SALA 05;62;6000027;2375;6658;CURITIBA;PR;REDECINE CWB CINEMATOGRÁFICA LTDA;05.747.411/0001-69
07/06/2016;07/06/2016 21:55:00;DEPOIS DE VOCÊ;;B1402157800000;DUBLADO;NÃO;BRASIL;5004997;CINESYSTEM AMERICAS 01;5;6000027;5348;28834;RIO DE JANEIRO;RJ;REDECINE - RIO CINEMATOGRAFICA S.A.;07.524.011/0001-10
07/06/2016;07/06/2016 22:00:00;X-MEN: APOCALYPSE;X-MEN - APOCALIPSE;E1600181600000;DUBLADO;NÃO;ESTADOS UNIDOS;5004998;CINESYSTEM AMERICAS 02;20;6000027;5348;28834;RIO DE JANEIRO;RJ;REDECINE - RIO CINEMATOGRAFICA S.A.;07.524.011/0001-10
