DATA_EXIBICAO;SESSAO;TITULO_ORIGINAL;TITULO_BRASIL;CPB_ROE;AUDIO;LEGENDADA;PAIS_OBRA;REGISTRO_SALA;NOME_SALA;PUBLICO;REGISTRO_GRUPO_EXIBIDOR;REGISTRO_EXIBIDOR;REGISTRO_COMPLEXO;MUNICIPIO_SALA_COMPLEXO;UF_SALA_COMPLEXO;RAZAO_SOCIAL_EXIBIDORA;CNPJ_EXIBIDORA
29/09/2020;29/09/2020 13:30:00;FANTASY ISLAND;A ILHA DA FANTASIA;E1900579500000;DUBLADO;NÃO;ESTADOS UNIDOS;5005805;CINEFLIX APARECIDA DE GOIANIA - SALA 1;2;6000014;24534;36838;APARECIDA DE GOIÂNIA;GO;REDECINE BSB CINEMATOGRÁFICA LTDA;18.087.870/0001-05
29/09/2020;29/09/2020 13:30:00;FANTASY ISLAND;A ILHA DA FANTASIA;E1900579500000;DUBLADO;NÃO;ESTADOS UNIDOS;5004187;CINEFLIX JK SHOPPING - SALA 4;4;6000014;24534;24535;BRASÍLIA;DF;REDECINE BSB CINEMATOGRÁFICA LTDA;18.087.870/0001-05
29/09/2020;29/09/2020 13:30:00;FANTASY ISLAND;A ILHA DA FANTASIA;E1900579500000;DUBLADO;NÃO;ESTADOS UNIDOS;5005317;CINEFLIX SHOPPING PRAÇA NOVA ARAÇATUBA - SALA 02;2;6000014;25182;31153;ARAÇATUBA;SP;REDECINE SUL CINEMAS LTDA.;18.672.374/0001-19
29/09/2020;29/09/2020 13:30:00;FANTASY ISLAND;A ILHA DA FANTASIA;E1900579500000;DUBLADO;NÃO;ESTADOS UNIDOS;5005308;CINEFLIX VÁRZEA GRANDE SHOPPING - SALA 5;4;6000014;24534;31101;VÁRZEA GRANDE;MT;REDECINE BSB CINEMATOGRÁFICA LTDA;18.087.870/0001-05
29/09/2020;29/09/2020 13:30:00;FANTASY ISLAND;A ILHA DA FANTASIA;E1900579500000;DUBLADO;NÃO;ESTADOS UNIDOS;5006472;REDECINE SUMARE 01;0;6000014;5654;44547;SUMARÉ;SP;REDECINE-CPQ CINEMATOGRÁFICA LTDA;07.665.262/0001-14
29/09/2020;29/09/2020 13:30:00;INSIDE OUT;DIVERTIDA MENTE;E1500351400000;DUBLADO;NÃO;ESTADOS UNIDOS;5006081;CINE IMPERIAL 01;0;;40730;40731;SALVADOR;BA;RG PALMA EXIBICAO CINEMATOGRAFICA LTDA;31.159.134/0001-83
29/09/2020;29/09/2020 13:30:00;THE SECRET: DARE TO DREAM;O SEGREDO: OUSE SONHAR;E2000080600000;DUBLADO;NÃO;ESTADOS UNIDOS;5004881;CIRCUITO CINEMAS PBAS- SALA 03;2;6000028;15568;27873;PARAUAPEBAS;PA;CIRCUITO ENTRETENIMENTO E CINEMAS LTDA;08.068.712/0001-54
29/09/2020;29/09/2020 13:35:00;SPYCIES;AGENTES SELVAGENS;E2000250100000;DUBLADO;NÃO;CHINA;5004188;CINEFLIX JK SHOPPING - SALA 5;2;6000014;24534;24535;BRASÍLIA;DF;REDECINE BSB CINEMATOGRÁFICA LTDA;18.087.870/0001-05
29/09/2020;29/09/2020 13:40:00;SCOOB!;SCOOBY - O FILME;E2000026400000;DUBLADO;NÃO;ESTADOS UNIDOS;5006475;REDECINE SUMARE 04;5;6000014;5654;44547;SUMARÉ;SP;REDECINE-CPQ CINEMATOGRÁFICA LTDA;07.665.262/0001-14
29/09/2020;29/09/2020 13:45:00;SCOOB!;SCOOBY - O FILME;E2000026400000;DUBLADO;NÃO;ESTADOS UNIDOS;5005306;CINEFLIX VÁRZEA GRANDE SHOPPING - SALA 3;13;6000014;24534;31101;VÁRZEA GRANDE;MT;REDECINE BSB CINEMATOGRÁFICA LTDA;18.087.870/0001-05
29/09/2020;29/09/2020 13:45:00;SCOOB!;SCOOBY - O FILME;E2000026400000;DUBLADO;NÃO;ESTADOS UNIDOS;5004880;CIRCUITO CINEMAS PBAS- SALA 02;3;6000028;15568;27873;PARAUAPEBAS;PA;CIRCUITO ENTRETENIMENTO E CINEMAS LTDA;08.068.712/0001-54
29/09/2020;29/09/2020 13:45:00;SPYCIES;AGENTES SELVAGENS;E2000250100000;DUBLADO;NÃO;CHINA;5005304;CINEFLIX VÁRZEA GRANDE SHOPPING - SALA 1;4;6000014;24534;31101;VÁRZEA GRANDE;MT;REDECINE BSB CINEMATOGRÁFICA LTDA;18.087.870/0001-05
29/09/2020;29/09/2020 13:50:00;FANTASY ISLAND;A ILHA DA FANTASIA;E1900579500000;ORIGINAL;SIM;ESTADOS UNIDOS;5006305;GALLERIA CAMPINAS 02 - VIP;0;6000024;17266;43208;CAMPINAS;SP;CINEPOLIS OPERADORA DE CINEMAS DO BRASIL LTDA;09.652.820/0001-32
29/09/2020;29/09/2020 13:50:00;SCOOB!;SCOOBY - O FILME;E2000026400000;DUBLADO;NÃO;ESTADOS UNIDOS;5005318;CINEFLIX SHOPPING PRAÇA NOVA ARAÇATUBA - SALA 03;2;6000014;25182;31153;ARAÇATUBA;SP;REDECINE SUL CINEMAS LTDA.;18.672.374/0001-19
29/09/2020;29/09/2020 14:00:00;APOCALYPSE NOW: FINAL CUT;APOCALYPSE NOW: FINAL CUT;E2000169400000;ORIGINAL;SIM;ESTADOS UNIDOS;5004697;SALA RIOMAR 4 -VIP;2;6000024;17266;27076;FORTALEZA;CE;CINEPOLIS OPERADORA DE CINEMAS DO BRASIL LTDA;09.652.820/0001-32
29/09/2020;29/09/2020 14:00:00;FANTASY ISLAND;A ILHA DA FANTASIA;E1900579500000;DUBLADO;NÃO;ESTADOS UNIDOS;5005751;CINE WEST SALA 03;2;;14882;14883;CASCAVEL;PR;WEST SIDE SHOPPING CENTER LTDA;68.761.170/0001-22
29/09/2020;29/09/2020 14:00:00;FANTASY ISLAND;A ILHA DA FANTASIA;E1900579500000;DUBLADO;NÃO;ESTADOS UNIDOS;5005316;CINEFLIX SHOPPING PRAÇA NOVA ARAÇATUBA - SALA 01;1;6000014;25182;31153;ARAÇATUBA;SP;REDECINE SUL CINEMAS LTDA.;18.672.374/0001-19
29/09/2020;29/09/2020 14:00:00;FANTASY ISLAND;A ILHA DA FANTASIA;E1900579500000;DUBLADO;NÃO;ESTADOS UNIDOS;5005719;CINEFLIX VALPARAISO SALA 02;0;6000014;24534;34628;VALPARAÍSO DE GOIÁS;GO;REDECINE BSB CINEMATOGRÁFICA LTDA;18.087.870/0001-05
29/09/2020;29/09/2020 14:00:00;FANTASY ISLAND;A ILHA DA FANTASIA;E1900579500000;DUBLADO;NÃO;ESTADOS UNIDOS;5002603;CINEMAS BENFICA - SALA 1;11;;15690;15691;FORTALEZA;CE;CINEMAS BENFICA LTDA;07.509.597/0001-43
29/09/2020;29/09/2020 14:00:00;FANTASY ISLAND;A ILHA DA FANTASIA;E1900579500000;DUBLADO;NÃO;ESTADOS UNIDOS;5004879;CIRCUITO CINEMAS PBAS- SALA 01;1;6000028;15568;27873;PARAUAPEBAS;PA;CIRCUITO ENTRETENIMENTO E CINEMAS LTDA;08.068.712/0001-54
29/09/2020;29/09/2020 14:00:00;FANTASY ISLAND;A ILHA DA FANTASIA;E1900579500000;DUBLADO;NÃO;ESTADOS UNIDOS;5006350;REDECINE PINDAMONHANGABA 04;2;6000034;43781;43782;PINDAMONHANGABA;SP;REDECINE PINDAMONHANGABA CINEMAS LTDA;34.408.375/0001-07
29/09/2020;29/09/2020 14:00:00;QUEEN OF SPADES: THROUGH THE LOOKING GLASS;A MALDIÇÃO DO ESPELHO;E1900574500000;DUBLADO;NÃO;RÚSSIA;5005099;CINÉPOLIS SÃO GONÇALO SHOPPING - SALA 8;0;6000024;17266;30088;SÃO GONÇALO;RJ;CINEPOLIS OPERADORA DE CINEMAS DO BRASIL LTDA;09.652.820/0001-32
29/09/2020;29/09/2020 14:00:00;SCOOB!;SCOOBY - O FILME;E2000026400000;DUBLADO;NÃO;ESTADOS UNIDOS;5002564;CINE CATARATAS 1;2;;15565;15566;FOZ DO IGUAÇU;PR;CINE CATARATAS LTDA;09.010.219/0001-46
29/09/2020;29/09/2020 14:00:00;SCOOB!;SCOOBY - O FILME;E2000026400000;DUBLADO;NÃO;ESTADOS UNIDOS;5006082;CINE IMPERIAL 02;0;;40730;40731;SALVADOR;BA;RG PALMA EXIBICAO CINEMATOGRAFICA LTDA;31.159.134/0001-83
29/09/2020;29/09/2020 14:00:00;SCOOB!;SCOOBY - O FILME;E2000026400000;DUBLADO;NÃO;ESTADOS UNIDOS;5005694;CINEPOLIS RIOMAR KENNEDY - SALA 03;5;6000024;17266;34309;FORTALEZA;CE;CINEPOLIS OPERADORA DE CINEMAS DO BRASIL LTDA;09.652.820/0001-32
29/09/2020;29/09/2020 14:00:00;SCOOB!;SCOOBY - O FILME;E2000026400000;DUBLADO;NÃO;ESTADOS UNIDOS;5002931;SALA 06;6;6000024;17266;17729;SALVADOR;BA;CINEPOLIS OPERADORA DE CINEMAS DO BRASIL LTDA;09.652.820/0001-32
29/09/2020;29/09/2020 14:00:00;SPYCIES;AGENTES SELVAGENS;E2000250100000;DUBLADO;NÃO;CHINA;5005807;CINEFLIX APARECIDA DE GOIANIA - SALA 3;0;6000014;24534;36838;APARECIDA DE GOIÂNIA;GO;REDECINE BSB CINEMATOGRÁFICA LTDA;18.087.870/0001-05
29/09/2020;29/09/2020 14:00:00;SPYCIES;AGENTES SELVAGENS;E2000250100000;DUBLADO;NÃO;CHINA;5003592;JUNDIAI SHOPPING 05;5;6000024;17266;22674;JUNDIAÍ;SP;CINEPOLIS OPERADORA DE CINEMAS DO BRASIL LTDA;09.652.820/0001-32
29/09/2020;29/09/2020 14:00:00;SPYCIES;AGENTES SELVAGENS;E2000250100000;DUBLADO;NÃO;CHINA;5006473;REDECINE SUMARE 02;4;6000014;5654;44547;SUMARÉ;SP;REDECINE-CPQ CINEMATOGRÁFICA LTDA;07.665.262/0001-14
29/09/2020;29/09/2020 14:00:00;SPYCIES;AGENTES SELVAGENS;E2000250100000;DUBLADO;NÃO;CHINA;5003475;SALA CINEPOLIS BELA VISTA 03;0;6000024;17266;21610;SALVADOR;BA;CINEPOLIS OPERADORA DE CINEMAS DO BRASIL LTDA;09.652.820/0001-32
29/09/2020;29/09/2020 14:00:00;THE GENTLEMEN;MAGNATAS DO CRIME;E2000005600000;ORIGINAL;SIM;ESTADOS UNIDOS;5006306;GALLERIA CAMPINAS 03 - VIP;0;6000024;17266;43208;CAMPINAS;SP;CINEPOLIS OPERADORA DE CINEMAS DO BRASIL LTDA;09.652.820/0001-32
29/09/2020;29/09/2020 14:00:00;THE SECRET: DARE TO DREAM;O SEGREDO: OUSE SONHAR;E2000080600000;ORIGINAL;SIM;ESTADOS UNIDOS;5006479;JUNDIAI SHOPPING 10 - VIP;3;6000024;17266;22674;JUNDIAÍ;SP;CINEPOLIS OPERADORA DE CINEMAS DO BRASIL LTDA;09.652.820/0001-32
29/09/2020;29/09/2020 14:05:00;E.T. THE EXTRA-TERRESTRIAL;E.T. O EXTRATERRESTRE;E1402648300000;DUBLADO;NÃO;ESTADOS UNIDOS;5005106;CINÉPOLIS CAMPINAS SHOPPING - SALA 7;0;6000024;17266;30090;CAMPINAS;SP;CINEPOLIS OPERADORA DE CINEMAS DO BRASIL LTDA;09.652.820/0001-32
29/09/2020;29/09/2020 14:05:00;SPYCIES;AGENTES SELVAGENS;E2000250100000;DUBLADO;NÃO;CHINA;5005320;CINEFLIX SHOPPING PRAÇA NOVA ARAÇATUBA - SALA 05;0;6000014;25182;31153;ARAÇATUBA;SP;REDECINE SUL CINEMAS LTDA.;18.672.374/0001-19
29/09/2020;29/09/2020 14:10:00;E.T. THE EXTRA-TERRESTRIAL;E.T. O EXTRATERRESTRE;E1402648300000;ORIGINAL;SIM;ESTADOS UNIDOS;5003594;JUNDIAI SHOPPING 07;0;6000024;17266;22674;JUNDIAÍ;SP;CINEPOLIS OPERADORA DE CINEMAS DO BRASIL LTDA;09.652.820/0001-32
29/09/2020;29/09/2020 14:10:00;MINIONS;MINIONS;E1500311600000;DUBLADO;NÃO;ESTADOS UNIDOS;5003477;SALA CINEPOLIS BELA VISTA 05;0;6000024;17266;21610;SALVADOR;BA;CINEPOLIS OPERADORA DE CINEMAS DO BRASIL LTDA;09.652.820/0001-32
29/09/2020;29/09/2020 14:10:00;QUEEN OF SPADES: THROUGH THE LOOKING GLASS;A MALDIÇÃO DO ESPELHO;E1900574500000;DUBLADO;NÃO;RÚSSIA;5004184;CINEFLIX JK SHOPPING - SALA 1;1;6000014;24534;24535;BRASÍLIA;DF;REDECINE BSB CINEMATOGRÁFICA LTDA;18.087.870/0001-05
29/09/2020;29/09/2020 14:10:00;TURMA DA MÔNICA - LAÇOS;;B1900235500000;ORIGINAL;NÃO;BRASIL;5006399;GRUPOCINE GUARUJÁ 02;0;6000034;44276;44283;GUARUJÁ;SP;EMPRESA CINEMATOGRAFICA BOMBOCINE LTDA;21.298.337/0001-05
29/09/2020;29/09/2020 14:15:00;BLOODSHOT;BLOODSHOT;E1900579400000;DUBLADO;NÃO;ESTADOS UNIDOS;5004882;CIRCUITO CINEMAS PBAS- SALA 04;1;6000028;15568;27873;PARAUAPEBAS;PA;CIRCUITO ENTRETENIMENTO E CINEMAS LTDA;08.068.712/0001-54
29/09/2020;29/09/2020 14:15:00;FANTASY ISLAND;A ILHA DA FANTASIA;E1900579500000;DUBLADO;NÃO;ESTADOS UNIDOS;5002926;SALA 04;8;6000024;17266;17729;SALVADOR;BA;CINEPOLIS OPERADORA DE CINEMAS DO BRASIL LTDA;09.652.820/0001-32
29/09/2020;29/09/2020 14:15:00;SCOOB!;SCOOBY - O FILME;E2000026400000;DUBLADO;NÃO;ESTADOS UNIDOS;5005108;CINÉPOLIS CAMPINAS SHOPPING - SALA 9;12;6000024;17266;30090;CAMPINAS;SP;CINEPOLIS OPERADORA DE CINEMAS DO BRASIL LTDA;09.652.820/0001-32
29/09/2020;29/09/2020 14:15:00;SCOOB!;SCOOBY - O FILME;E2000026400000;DUBLADO;NÃO;ESTADOS UNIDOS;5004699;SALA RIOMAR 6 - TRADICIONAL;6;6000024;17266;27076;FORTALEZA;CE;CINEPOLIS OPERADORA DE CINEMAS DO BRASIL LTDA;09.652.820/0001-32
29/09/2020;29/09/2020 14:15:00;THE SECRET: DARE TO DREAM;O SEGREDO: OUSE SONHAR;E2000080600000;DUBLADO;NÃO;ESTADOS UNIDOS;5005720;CINEFLIX VALPARAISO SALA 03;2;6000014;24534;34628;VALPARAÍSO DE GOIÁS;GO;REDECINE BSB CINEMATOGRÁFICA LTDA;18.087.870/0001-05
29/09/2020;29/09/2020 14:20:00;ATÉ QUE A SORTE NOS SEPARE;;B1201657700000;ORIGINAL;NÃO;BRASIL;5006398;GRUPOCINE GUARUJÁ 01;0;6000034;44276;44283;GUARUJÁ;SP;EMPRESA CINEMATOGRAFICA BOMBOCINE LTDA;21.298.337/0001-05
29/09/2020;29/09/2020 14:20:00;SCOOB!;SCOOBY - O FILME;E2000026400000;DUBLADO;NÃO;ESTADOS UNIDOS;5002427;CINE WEST SALA 02;7;;14882;14883;CASCAVEL;PR;WEST SIDE SHOPPING CENTER LTDA;68.761.170/0001-22
29/09/2020;29/09/2020 14:20:00;SCOOB!;SCOOBY - O FILME;E2000026400000;DUBLADO;NÃO;ESTADOS UNIDOS;5004185;CINEFLIX JK SHOPPING - SALA 2;26;6000014;24534;24535;BRASÍLIA;DF;REDECINE BSB CINEMATOGRÁFICA LTDA;18.087.870/0001-05
29/09/2020;29/09/2020 14:20:00;SCOOB!;SCOOBY - O FILME;E2000026400000;DUBLADO;NÃO;ESTADOS UNIDOS;5005722;CINEFLIX VALPARAISO SALA 05;0;6000014;24534;34628;VALPARAÍSO DE GOIÁS;GO;REDECINE BSB CINEMATOGRÁFICA LTDA;18.087.870/0001-05
29/09/2020;29/09/2020 14:30:00;FANTASY ISLAND;A ILHA DA FANTASIA;E1900579500000;DUBLADO;NÃO;ESTADOS UNIDOS;5005718;CINEFLIX VALPARAISO SALA 01;0;6000014;24534;34628;VALPARAÍSO DE GOIÁS;GO;REDECINE BSB CINEMATOGRÁFICA LTDA;18.087.870/0001-05
29/09/2020;29/09/2020 14:30:00;FANTASY ISLAND;A ILHA DA FANTASIA;E1900579500000;DUBLADO;NÃO;ESTADOS UNIDOS;5005164;CINÉPOLIS MANAUS PLAZA - SALA 8;4;6000024;17266;30118;MANAUS;AM;CINEPOLIS OPERADORA DE CINEMAS DO BRASIL LTDA;09.652.820/0001-32
29/09/2020;29/09/2020 14:30:00;FANTASY ISLAND;A ILHA DA FANTASIA;E1900579500000;DUBLADO;NÃO;ESTADOS UNIDOS;5003478;SALA CINEPOLIS BELA VISTA 06;10;6000024;17266;21610;SALVADOR;BA;CINEPOLIS OPERADORA DE CINEMAS DO BRASIL LTDA;09.652.820/0001-32
29/09/2020;29/09/2020 14:30:00;FANTASY ISLAND;A ILHA DA FANTASIA;E1900579500000;DUBLADO;NÃO;ESTADOS UNIDOS;5004700;SALA RIOMAR 7 - TRADICIONAL;3;6000024;17266;27076;FORTALEZA;CE;CINEPOLIS OPERADORA DE CINEMAS DO BRASIL LTDA;09.652.820/0001-32
29/09/2020;29/09/2020 14:30:00;MINIONS;MINIONS;E1500311600000;DUBLADO;NÃO;ESTADOS UNIDOS;5006400;GRUPOCINE GUARUJÁ 03;0;6000034;44276;44283;GUARUJÁ;SP;EMPRESA CINEMATOGRAFICA BOMBOCINE LTDA;21.298.337/0001-05
29/09/2020;29/09/2020 14:30:00;QUEEN OF SPADES: THROUGH THE LOOKING GLASS;A MALDIÇÃO DO ESPELHO;E1900574500000;DUBLADO;NÃO;RÚSSIA;5005808;CINEFLIX APARECIDA DE GOIANIA - SALA 4;1;6000014;24534;36838;APARECIDA DE GOIÂNIA;GO;REDECINE BSB CINEMATOGRÁFICA LTDA;18.087.870/0001-05
29/09/2020;29/09/2020 14:30:00;SCOOB!;SCOOBY - O FILME;E2000026400000;DUBLADO;NÃO;ESTADOS UNIDOS;5005338;CINEMAS BENFICA - SALA 4;12;;15690;15691;FORTALEZA;CE;CINEMAS BENFICA LTDA;07.509.597/0001-43
29/09/2020;29/09/2020 14:30:00;SCOOB!;SCOOBY - O FILME;E2000026400000;DUBLADO;NÃO;ESTADOS UNIDOS;5005094;CINÉPOLIS SÃO GONÇALO SHOPPING - SALA 3;2;6000024;17266;30088;SÃO GONÇALO;RJ;CINEPOLIS OPERADORA DE CINEMAS DO BRASIL LTDA;09.652.820/0001-32
29/09/2020;29/09/2020 14:30:00;SCOOB!;SCOOBY - O FILME;E2000026400000;DUBLADO;NÃO;ESTADOS UNIDOS;5006304;GALLERIA CAMPINAS 01 - VIP;0;6000024;17266;43208;CAMPINAS;SP;CINEPOLIS OPERADORA DE CINEMAS DO BRASIL LTDA;09.652.820/0001-32
29/09/2020;29/09/2020 14:30:00;SCOOB!;SCOOBY - O FILME;E2000026400000;DUBLADO;NÃO;ESTADOS UNIDOS;5006348;REDECINE PINDAMONHANGABA 02;3;6000034;43781;43782;PINDAMONHANGABA;SP;REDECINE PINDAMONHANGABA CINEMAS LTDA;34.408.375/0001-07
29/09/2020;29/09/2020 14:30:00;SPYCIES;AGENTES SELVAGENS;E2000250100000;DUBLADO;NÃO;CHINA;5005697;CINEPOLIS RIOMAR KENNEDY - SALA 06;5;6000024;17266;34309;FORTALEZA;CE;CINEPOLIS OPERADORA DE CINEMAS DO BRASIL LTDA;09.652.820/0001-32
29/09/2020;29/09/2020 14:30:00;THE GENTLEMEN;MAGNATAS DO CRIME;E2000005600000;DUBLADO;NÃO;ESTADOS UNIDOS;5006216;SALA 08 - VIP;3;6000024;17266;17729;SALVADOR;BA;CINEPOLIS OPERADORA DE CINEMAS DO BRASIL LTDA;09.652.820/0001-32
29/09/2020;29/09/2020 14:30:00;THE SECRET: DARE TO DREAM;O SEGREDO: OUSE SONHAR;E2000080600000;DUBLADO;NÃO;ESTADOS UNIDOS;5001518;MOVIECOM BURITI 1;0;6000100;2897;2893;APARECIDA DE GOIÂNIA;GO;MOVIE CINEMAS LTDA;04.708.972/0001-96
29/09/2020;29/09/2020 14:30:01;CARLINHOS E CARLÃO;;B1900409100000;ORIGINAL;NÃO;BRASIL;5006072;CINE A ALTAMIRA SALA 02;0;6000008;28464;33426;ALTAMIRA;PA;CINE A MARABA LTDA;21.160.773/0001-05
29/09/2020;29/09/2020 14:35:00;FANTASY ISLAND;A ILHA DA FANTASIA;E1900579500000;DUBLADO;NÃO;ESTADOS UNIDOS;5005104;CINÉPOLIS CAMPINAS SHOPPING - SALA 5;0;6000024;17266;30090;CAMPINAS;SP;CINEPOLIS OPERADORA DE CINEMAS DO BRASIL LTDA;09.652.820/0001-32
29/09/2020;29/09/2020 14:40:00;FANTASY ISLAND;A ILHA DA FANTASIA;E1900579500000;DUBLADO;NÃO;ESTADOS UNIDOS;5005098;CINÉPOLIS SÃO GONÇALO SHOPPING - SALA 7;9;6000024;17266;30088;SÃO GONÇALO;RJ;CINEPOLIS OPERADORA DE CINEMAS DO BRASIL LTDA;09.652.820/0001-32
29/09/2020;29/09/2020 14:40:00;FANTASY ISLAND;A ILHA DA FANTASIA;E1900579500000;DUBLADO;NÃO;ESTADOS UNIDOS;5003588;JUNDIAI SHOPPING 01;6;6000024;17266;22674;JUNDIAÍ;SP;CINEPOLIS OPERADORA DE CINEMAS DO BRASIL LTDA;09.652.820/0001-32
29/09/2020;29/09/2020 14:40:00;SPYCIES;AGENTES SELVAGENS;E2000250100000;DUBLADO;NÃO;CHINA;5005723;CINEFLIX VALPARAISO SALA 06;2;6000014;24534;34628;VALPARAÍSO DE GOIÁS;GO;REDECINE BSB CINEMATOGRÁFICA LTDA;18.087.870/0001-05
29/09/2020;29/09/2020 14:45:00;SPYCIES;AGENTES SELVAGENS;E2000250100000;DUBLADO;NÃO;CHINA;5006307;GALLERIA CAMPINAS 04 - VIP;0;6000024;17266;43208;CAMPINAS;SP;CINEPOLIS OPERADORA DE CINEMAS DO BRASIL LTDA;09.652.820/0001-32
29/09/2020;29/09/2020 14:45:00;THE SECRET: DARE TO DREAM;O SEGREDO: OUSE SONHAR;E2000080600000;DUBLADO;NÃO;ESTADOS UNIDOS;5005617;CINE A ALTAMIRA SALA 01;0;6000008;28464;33426;ALTAMIRA;PA;CINE A MARABA LTDA;21.160.773/0001-05
29/09/2020;29/09/2020 14:50:00;FANTASY ISLAND;A ILHA DA FANTASIA;E1900579500000;DUBLADO;NÃO;ESTADOS UNIDOS;5001520;MOVIECOM BURITI 2;7;6000100;2897;2893;APARECIDA DE GOIÂNIA;GO;MOVIE CINEMAS LTDA;04.708.972/0001-96
29/09/2020;29/09/2020 14:50:00;QUEEN OF SPADES: THROUGH THE LOOKING GLASS;A MALDIÇÃO DO ESPELHO;E1900574500000;DUBLADO;NÃO;RÚSSIA;5005307;CINEFLIX VÁRZEA GRANDE SHOPPING - SALA 4;5;6000014;24534;31101;VÁRZEA GRANDE;MT;REDECINE BSB CINEMATOGRÁFICA LTDA;18.087.870/0001-05
29/09/2020;29/09/2020 15:00:00;21 BRIDGES;CRIME SEM SAÍDA;E1900482200000;DUBLADO;NÃO;ESTADOS UNIDOS;5005325;UCI BRASIL - SUMAÚMA PARK SHOPPING MANAUS SALA 02;4;6000058;749;31265;MANAUS;AM;UNITED CINEMAS INTERNATIONAL BRASIL LTDA.;01.289.530/0001-64
29/09/2020;29/09/2020 15:00:00;APOCALYPSE NOW: FINAL CUT;APOCALYPSE NOW: FINAL CUT;E2000169400000;ORIGINAL;SIM;ESTADOS UNIDOS;5004372;SALA CINEPOLIS PONTA NEGRA 09 TRADICIONAL;2;6000024;17266;25193;MANAUS;AM;CINEPOLIS OPERADORA DE CINEMAS DO BRASIL LTDA;09.652.820/0001-32
29/09/2020;29/09/2020 15:00:00;BACK TO THE FUTURE;DE VOLTA PARA O FUTURO;E1402513800000;DUBLADO;NÃO;ESTADOS UNIDOS;5006217;CINE LAGUNA 2;0;6000141;24511;24512;ALAGOINHAS;BA;VICTORY EVENTOS & TURISMO LTDA;05.607.525/0001-03
29/09/2020;29/09/2020 15:00:00;E.T. THE EXTRA-TERRESTRIAL;E.T. O EXTRATERRESTRE;E1402648300000;ORIGINAL;SIM;ESTADOS UNIDOS;5004703;SALA RIOMAR 10 - TRADICIONAL;5;6000024;17266;27076;FORTALEZA;CE;CINEPOLIS OPERADORA DE CINEMAS DO BRASIL LTDA;09.652.820/0001-32
29/09/2020;29/09/2020 15:00:00;Eventos Esportivos;;G0000000000001;DUBLADO;NÃO;;5005305;CINEFLIX VÁRZEA GRANDE SHOPPING - SALA 2;2;6000014;24534;31101;VÁRZEA GRANDE;MT;REDECINE BSB CINEMATOGRÁFICA LTDA;18.087.870/0001-05
29/09/2020;29/09/2020 15:00:00;FANTASY ISLAND;A ILHA DA FANTASIA;E1900579500000;DUBLADO;NÃO;ESTADOS UNIDOS;5005309;CINEFLIX VÁRZEA GRANDE SHOPPING - SALA 6;6;6000014;24534;31101;VÁRZEA GRANDE;MT;REDECINE BSB CINEMATOGRÁFICA LTDA;18.087.870/0001-05
29/09/2020;29/09/2020 15:00:00;FANTASY ISLAND;A ILHA DA FANTASIA;E1900579500000;DUBLADO;NÃO;ESTADOS UNIDOS;5005693;CINEPOLIS RIOMAR KENNEDY - SALA 02;9;6000024;17266;34309;FORTALEZA;CE;CINEPOLIS OPERADORA DE CINEMAS DO BRASIL LTDA;09.652.820/0001-32
29/09/2020;29/09/2020 15:00:00;FANTASY ISLAND;A ILHA DA FANTASIA;E1900579500000;DUBLADO;NÃO;ESTADOS UNIDOS;5001505;MOVIECOM CASTANHEIRA 7;8;6000100;2897;2896;BELÉM;PA;MOVIE CINEMAS LTDA;04.708.972/0001-96
29/09/2020;29/09/2020 15:00:00;FANTASY ISLAND;A ILHA DA FANTASIA;E1900579500000;DUBLADO;NÃO;ESTADOS UNIDOS;5004432;MOVIECOM UNIMART 6;5;6000100;2897;5573;CAMPINAS;SP;MOVIE CINEMAS LTDA;04.708.972/0001-96
29/09/2020;29/09/2020 15:00:00;FANTASY ISLAND;A ILHA DA FANTASIA;E1900579500000;DUBLADO;NÃO;ESTADOS UNIDOS;5002678;ORIENT CINE PARELELA - SALA 03;4;6000060;2606;16207;SALVADOR;BA;UCI-ORIENT LTDA;01.562.356/0001-81
29/09/2020;29/09/2020 15:00:00;FANTASY ISLAND;A ILHA DA FANTASIA;E1900579500000;DUBLADO;NÃO;ESTADOS UNIDOS;5002938;SALA 04;8;6000024;17266;17763;BELÉM;PA;CINEPOLIS OPERADORA DE CINEMAS DO BRASIL LTDA;09.652.820/0001-32
29/09/2020;29/09/2020 15:00:00;FANTASY ISLAND;A ILHA DA FANTASIA;E1900579500000;DUBLADO;NÃO;ESTADOS UNIDOS;5004583;UCI ORIENT SHOPPING BARRA SALA 1;1;6000060;2606;26893;SALVADOR;BA;UCI-ORIENT LTDA;01.562.356/0001-81
29/09/2020;29/09/2020 15:00:00;HARRY POTTER AND THE SORCERER'S STONE;HARRY POTTER AND THE SORCERER'S STONE;E1900440700000;DUBLADO;NÃO;ESTADOS UNIDOS;5000733;UCI - SHOPPING CENTER IGUATEMI FORTALEZA - SALA 02;19;6000059;2612;2616;FORTALEZA;CE;UCI RIBEIRO LTDA;02.117.937/0001-77
29/09/2020;29/09/2020 15:00:00;HARRY POTTER AND THE SORCERER'S STONE;HARRY POTTER AND THE SORCERER'S STONE;E1900440700000;DUBLADO;NÃO;ESTADOS UNIDOS;5004813;UCI BRASIL SHOPPING PARANGABA SALA 01;20;6000058;749;27591;FORTALEZA;CE;UNITED CINEMAS INTERNATIONAL BRASIL LTDA.;01.289.530/0001-64
29/09/2020;29/09/2020 15:00:00;JUMANJI: NEXT LEVEL;JUMANJI: PROXIMA FASE;E1900458100000;DUBLADO;NÃO;ESTADOS UNIDOS;5002724;SALA CINE PLAYARTE MANAUARA 08;2;6000049;260;16356;MANAUS;AM;PLAYARTE CINEMAS LTDA.;60.434.149/0001-00
29/09/2020;29/09/2020 15:00:00;SCOOB!;SCOOBY - O FILME;E2000026400000;DUBLADO;NÃO;ESTADOS UNIDOS;5005809;CINEFLIX APARECIDA DE GOIANIA - SALA 5;10;6000014;24534;36838;APARECIDA DE GOIÂNIA;GO;REDECINE BSB CINEMATOGRÁFICA LTDA;18.087.870/0001-05
29/09/2020;29/09/2020 15:00:00;SCOOB!;SCOOBY - O FILME;E2000026400000;DUBLADO;NÃO;ESTADOS UNIDOS;5005163;CINÉPOLIS MANAUS PLAZA - SALA 7;0;6000024;17266;30118;MANAUS;AM;CINEPOLIS OPERADORA DE CINEMAS DO BRASIL LTDA;09.652.820/0001-32
29/09/2020;29/09/2020 15:00:00;SPYCIES;AGENTES SELVAGENS;E2000250100000;DUBLADO;NÃO;CHINA;5005107;CINÉPOLIS CAMPINAS SHOPPING - SALA 8;2;6000024;17266;30090;CAMPINAS;SP;CINEPOLIS OPERADORA DE CINEMAS DO BRASIL LTDA;09.652.820/0001-32
29/09/2020;29/09/2020 15:00:00;SPYCIES;AGENTES SELVAGENS;E2000250100000;DUBLADO;NÃO;CHINA;5005152;CINÉPOLIS MILLENNIUM - SALA 4;0;6000024;17266;30116;MANAUS;AM;CINEPOLIS OPERADORA DE CINEMAS DO BRASIL LTDA;09.652.820/0001-32
29/09/2020;29/09/2020 15:00:00;SPYCIES;AGENTES SELVAGENS;E2000250100000;DUBLADO;NÃO;CHINA;5002929;SALA 01;1;6000024;17266;17729;SALVADOR;BA;CINEPOLIS OPERADORA DE CINEMAS DO BRASIL LTDA;09.652.820/0001-32
29/09/2020;29/09/2020 15:00:00;SPYCIES;AGENTES SELVAGENS;E2000250100000;DUBLADO;NÃO;CHINA;5003488;SALA PQ.BELEM 07;2;6000024;17266;21616;BELÉM;PA;CINEPOLIS OPERADORA DE CINEMAS DO BRASIL LTDA;09.652.820/0001-32
29/09/2020;29/09/2020 15:00:00;THE GENTLEMEN;MAGNATAS DO CRIME;E2000005600000;DUBLADO;NÃO;ESTADOS UNIDOS;5006476;REDECINE SUMARE 05;0;6000014;5654;44547;SUMARÉ;SP;REDECINE-CPQ CINEMATOGRÁFICA LTDA;07.665.262/0001-14
29/09/2020;29/09/2020 15:00:00;THE SECRET: DARE TO DREAM;O SEGREDO: OUSE SONHAR;E2000080600000;DUBLADO;NÃO;ESTADOS UNIDOS;5003481;SALA CINEPOLIS BELA VISTA 09;6;6000024;17266;21610;SALVADOR;BA;CINEPOLIS OPERADORA DE CINEMAS DO BRASIL LTDA;09.652.820/0001-32
29/09/2020;29/09/2020 15:00:00;TURMA DA MÔNICA - LAÇOS;;B1900235500000;ORIGINAL;NÃO;BRASIL;5001083;UCI ORIENT SHOPPING DA BAHIA - SALA 11;4;6000060;2606;6586;SALVADOR;BA;UCI-ORIENT LTDA;01.562.356/0001-81
29/09/2020;29/09/2020 15:00:00;WONDER WOMAN;MULHER-MARAVILHA;E1700197900000;DUBLADO;NÃO;ESTADOS UNIDOS;5005428;UCI BRASIL - SHOPPING BOSQUE GRÃO PARÁ SALA 03;1;6000058;749;32026;BELÉM;PA;UNITED CINEMAS INTERNATIONAL BRASIL LTDA.;01.289.530/0001-64
29/09/2020;29/09/2020 15:00:01;FANTASY ISLAND;A ILHA DA FANTASIA;E1900579500000;DUBLADO;NÃO;ESTADOS UNIDOS;5002257;MOVIECOM PATIO BELÉM 2;17;6000100;2897;13915;BELÉM;PA;MOVIE CINEMAS LTDA;04.708.972/0001-96
29/09/2020;29/09/2020 15:00:01;NO GOGÓ DO PAULINHO;;B2000034100000;ORIGINAL;NÃO;BRASIL;5006073;CINE A ALTAMIRA SALA 03;1;6000008;28464;33426;ALTAMIRA;PA;CINE A MARABA LTDA;21.160.773/0001-05
29/09/2020;29/09/2020 15:05:00;ESCAPE FROM PRETORIA;FUGA DE PRETÓRIA;E2000249400000;ORIGINAL;SIM;ÁFRICA DO SUL;5004366;SALA CINEPOLIS PONTA NEGRA 03 VIP;1;6000024;17266;25193;MANAUS;AM;CINEPOLIS OPERADORA DE CINEMAS DO BRASIL LTDA;09.652.820/0001-32
29/09/2020;29/09/2020 15:10:00;SCOOB!;SCOOBY - O FILME;E2000026400000;DUBLADO;NÃO;ESTADOS UNIDOS;5002726;SALA CINE PLAYARTE MANAUARA 06;8;6000049;260;16356;MANAUS;AM;PLAYARTE CINEMAS LTDA.;60.434.149/0001-00
29/09/2020;29/09/2020 15:15:00;AOS OLHOS DE ERNESTO;;B1900448200000;DUBLADO;NÃO;BRASIL;5004189;CINEFLIX JK SHOPPING - SALA 6;2;6000014;24534;24535;BRASÍLIA;DF;REDECINE BSB CINEMATOGRÁFICA LTDA;18.087.870/0001-05
29/09/2020;29/09/2020 15:15:00;E.T. THE EXTRA-TERRESTRIAL;E.T. O EXTRATERRESTRE;E1402648300000;DUBLADO;NÃO;ESTADOS UNIDOS;5002928;SALA 05;2;6000024;17266;17729;SALVADOR;BA;CINEPOLIS OPERADORA DE CINEMAS DO BRASIL LTDA;09.652.820/0001-32
29/09/2020;29/09/2020 15:15:00;FANTASY ISLAND;A ILHA DA FANTASIA;E1900579500000;DUBLADO;NÃO;ESTADOS UNIDOS;5005149;CINÉPOLIS MILLENNIUM - SALA 1;4;6000024;17266;30116;MANAUS;AM;CINEPOLIS OPERADORA DE CINEMAS DO BRASIL LTDA;09.652.820/0001-32
29/09/2020;29/09/2020 15:15:00;FANTASY ISLAND;A ILHA DA FANTASIA;E1900579500000;DUBLADO;NÃO;ESTADOS UNIDOS;5003483;SALA PQ.BELEM 02;2;6000024;17266;21616;BELÉM;PA;CINEPOLIS OPERADORA DE CINEMAS DO BRASIL LTDA;09.652.820/0001-32
29/09/2020;29/09/2020 15:15:00;INSIDE OUT;DIVERTIDA MENTE;E1500351400000;DUBLADO;NÃO;ESTADOS UNIDOS;5005191;ATLÂNTICO;0;6000034;30170;30172;AQUIDAUANA;MS;ATLANTICO CINE LTDA - EPP;22.455.854/0001-03
29/09/2020;29/09/2020 15:15:00;INSIDE OUT;DIVERTIDA MENTE;E1500351400000;DUBLADO;NÃO;ESTADOS UNIDOS;5006546;PARAISO MEGA CENTER 5;0;6000045;5935;45579;VALPARAÍSO DE GOIÁS;GO;MULTICINE CINEMAS LTDA;07.609.246/0001-04
29/09/2020;29/09/2020 15:15:00;MINIONS;MINIONS;E1500311600000;DUBLADO;NÃO;ESTADOS UNIDOS;5004473;SALA CINEPOLIS NORTH SHOPPING JOQUEI 03;16;6000024;17266;25960;FORTALEZA;CE;CINEPOLIS OPERADORA DE CINEMAS DO BRASIL LTDA;09.652.820/0001-32
29/09/2020;29/09/2020 15:15:00;SPYCIES;AGENTES SELVAGENS;E2000250100000;DUBLADO;NÃO;CHINA;5005160;CINÉPOLIS MANAUS PLAZA - SALA 4;7;6000024;17266;30118;MANAUS;AM;CINEPOLIS OPERADORA DE CINEMAS DO BRASIL LTDA;09.652.820/0001-32
29/09/2020;29/09/2020 15:20:00;ATÉ QUE A SORTE NOS SEPARE;;B1201657700000;ORIGINAL;NÃO;BRASIL;5006387;GRUPOCINE VALINHOS 03;0;6000034;44276;44278;VALINHOS;SP;EMPRESA CINEMATOGRAFICA BOMBOCINE LTDA;21.298.337/0001-05
29/09/2020;29/09/2020 15:20:00;FANTASY ISLAND;A ILHA DA FANTASIA;E1900579500000;DUBLADO;NÃO;ESTADOS UNIDOS;5004186;CINEFLIX JK SHOPPING - SALA 3;3;6000014;24534;24535;BRASÍLIA;DF;REDECINE BSB CINEMATOGRÁFICA LTDA;18.087.870/0001-05
29/09/2020;29/09/2020 15:20:00;FANTASY ISLAND;A ILHA DA FANTASIA;E1900579500000;DUBLADO;NÃO;ESTADOS UNIDOS;5006474;REDECINE SUMARE 03;3;6000014;5654;44547;SUMARÉ;SP;REDECINE-CPQ CINEMATOGRÁFICA LTDA;07.665.262/0001-14
29/09/2020;29/09/2020 15:20:00;FANTASY ISLAND;A ILHA DA FANTASIA;E1900579500000;DUBLADO;NÃO;ESTADOS UNIDOS;5001081;UCI ORIENT SHOPPING DA BAHIA - SALA 09;25;6000060;2606;6586;SALVADOR;BA;UCI-ORIENT LTDA;01.562.356/0001-81
29/09/2020;29/09/2020 15:20:00;MINHA MÃE É UMA PEÇA;;B1301808100000;ORIGINAL;NÃO;BRASIL;5004587;UCI ORIENT SHOPPING BARRA SALA 5;0;6000060;2606;26893;SALVADOR;BA;UCI-ORIENT LTDA;01.562.356/0001-81
29/09/2020;29/09/2020 15:20:00;Mostras e Festivais;;G0000000000004;DUBLADO;NÃO;;5001503;MOVIECOM CASTANHEIRA 6;11;6000100;2897;2896;BELÉM;PA;MOVIE CINEMAS LTDA;04.708.972/0001-96
29/09/2020;29/09/2020 15:20:00;SCOOB!;SCOOBY - O FILME;E2000026400000;DUBLADO;NÃO;ESTADOS UNIDOS;5001149;CINE PORTO;0;;2351;2352;UBATUBA;SP;CINEMATOGRÁFICA LITORAL NORTE LTDA-EPP;04.165.613/0001-30
29/09/2020;29/09/2020 15:20:00;SCOOB!;SCOOBY - O FILME;E2000026400000;DUBLADO;NÃO;ESTADOS UNIDOS;5003589;JUNDIAI SHOPPING 02;9;6000024;17266;22674;JUNDIAÍ;SP;CINEPOLIS OPERADORA DE CINEMAS DO BRASIL LTDA;09.652.820/0001-32
29/09/2020;29/09/2020 15:20:00;SCOOB!;SCOOBY - O FILME;E2000026400000;DUBLADO;NÃO;ESTADOS UNIDOS;5001523;MOVIECOM BURITI 5;8;6000100;2897;2893;APARECIDA DE GOIÂNIA;GO;MOVIE CINEMAS LTDA;04.708.972/0001-96
29/09/2020;29/09/2020 15:20:00;SCOOB!;SCOOBY - O FILME;E2000026400000;DUBLADO;NÃO;ESTADOS UNIDOS;5006359;MULTICINE IANDE SHOPPING 4;4;6000045;5935;43968;CAUCAIA;CE;MULTICINE CINEMAS LTDA;07.609.246/0001-04
29/09/2020;29/09/2020 15:20:00;SCOOB!;SCOOBY - O FILME;E2000026400000;DUBLADO;NÃO;ESTADOS UNIDOS;5003473;SALA CINEPOLIS BELA VISTA 01;17;6000024;17266;21610;SALVADOR;BA;CINEPOLIS OPERADORA DE CINEMAS DO BRASIL LTDA;09.652.820/0001-32
29/09/2020;29/09/2020 15:20:00;SPYCIES;AGENTES SELVAGENS;E2000250100000;DUBLADO;NÃO;CHINA;5002677;ORIENT CINE PARALELA - SALA 02;4;6000060;2606;16207;SALVADOR;BA;UCI-ORIENT LTDA;01.562.356/0001-81
29/09/2020;29/09/2020 15:20:00;THE GENTLEMEN;MAGNATAS DO CRIME;E2000005600000;DUBLADO;NÃO;ESTADOS UNIDOS;5006345;CINE SÃO JOSÉ 01;0;;35523;43768;JEQUIÉ;BA;CINE SÃO JOSÉ ENTRETENIMENTO LTDA - ME;26.915.517/0001-02
29/09/2020;29/09/2020 15:20:00;THE INVISIBLE MAN;O HOMEM INVISÍVEL;E1900438600000;DUBLADO;NÃO;AUSTRÁLIA;5005328;UCI BRASIL - SUMAÚMA PARK SHOPPING MANAUS SALA 05;4;6000058;749;31265;MANAUS;AM;UNITED CINEMAS INTERNATIONAL BRASIL LTDA.;01.289.530/0001-64
29/09/2020;29/09/2020 15:20:00;THE SECRET: DARE TO DREAM;O SEGREDO: OUSE SONHAR;E2000080600000;DUBLADO;NÃO;ESTADOS UNIDOS;5000734;UCI - SHOPPING CENTER IGUATEMI FORTALEZA - SALA 03;4;6000059;2612;2616;FORTALEZA;CE;UCI RIBEIRO LTDA;02.117.937/0001-77
29/09/2020;29/09/2020 15:30:00;ESCAPE FROM PRETORIA;FUGA DE PRETÓRIA;E2000249400000;DUBLADO;NÃO;ÁFRICA DO SUL;5005319;CINEFLIX SHOPPING PRAÇA NOVA ARAÇATUBA - SALA 04;3;6000014;25182;31153;ARAÇATUBA;SP;REDECINE SUL CINEMAS LTDA.;18.672.374/0001-19
29/09/2020;29/09/2020 15:30:00;FANTASY ISLAND;A ILHA DA FANTASIA;E1900579500000;DUBLADO;NÃO;ESTADOS UNIDOS;5005806;CINEFLIX APARECIDA DE GOIANIA - SALA 2;3;6000014;24534;36838;APARECIDA DE GOIÂNIA;GO;REDECINE BSB CINEMATOGRÁFICA LTDA;18.087.870/0001-05
29/09/2020;29/09/2020 15:30:00;FANTASY ISLAND;A ILHA DA FANTASIA;E1900579500000;DUBLADO;NÃO;ESTADOS UNIDOS;5002721;SALA CINE PLAYARTE MANAUARA 01;10;6000049;260;16356;MANAUS;AM;PLAYARTE CINEMAS LTDA.;60.434.149/0001-00
29/09/2020;29/09/2020 15:30:00;HARRY POTTER AND THE SORCERER'S STONE;HARRY POTTER AND THE SORCERER'S STONE;E1900440700000;DUBLADO;NÃO;ESTADOS UNIDOS;5005426;UCI BRASIL - SHOPPING BOSQUE GRÃO PARÁ SALA 01;0;6000058;749;32026;BELÉM;PA;UNITED CINEMAS INTERNATIONAL BRASIL LTDA.;01.289.530/0001-64
29/09/2020;29/09/2020 15:30:00;Mostras e Festivais;;G0000000000004;ORIGINAL;NÃO;;5005373;2120 CINEMARK MOGI DAS CRUZES SALA 02;0;6000018;1843;31561;MOGI DAS CRUZES;SP;CINEMARK BRASIL S.A;00.779.721/0001-41
29/09/2020;29/09/2020 15:30:00;SCOOB!;SCOOBY - O FILME;E2000026400000;DUBLADO;NÃO;ESTADOS UNIDOS;5001604;CINE 3 FERRY BOAT´S PLAZA 1;0;;5294;6684;GUARUJÁ;SP;SOBRAL EVENTOS E ENTRETENIMENTO LTDA;07.159.860/0001-11
29/09/2020;29/09/2020 15:30:00;SCOOB!;SCOOBY - O FILME;E2000026400000;DUBLADO;NÃO;ESTADOS UNIDOS;5005273;MULTICINE SANTA MARIA SALA 04;5;6000045;5935;30733;BRASÍLIA;DF;MULTICINE CINEMAS LTDA;07.609.246/0001-04
29/09/2020;29/09/2020 15:30:00;SPYCIES;AGENTES SELVAGENS;E2000250100000;DUBLADO;NÃO;CHINA;5005092;CINÉPOLIS SÃO GONÇALO SHOPPING - SALA 1;0;6000024;17266;30088;SÃO GONÇALO;RJ;CINEPOLIS OPERADORA DE CINEMAS DO BRASIL LTDA;09.652.820/0001-32
29/09/2020;29/09/2020 15:30:00;SPYCIES;AGENTES SELVAGENS;E2000250100000;DUBLADO;NÃO;CHINA;5002940;SALA 03;0;6000024;17266;17763;BELÉM;PA;CINEPOLIS OPERADORA DE CINEMAS DO BRASIL LTDA;09.652.820/0001-32
29/09/2020;29/09/2020 15:30:00;SPYCIES;AGENTES SELVAGENS;E2000250100000;DUBLADO;NÃO;CHINA;5004373;SALA CINEPOLIS PONTA NEGRA 10 TRADICIONAL;0;6000024;17266;25193;MANAUS;AM;CINEPOLIS OPERADORA DE CINEMAS DO BRASIL LTDA;09.652.820/0001-32
29/09/2020;29/09/2020 15:30:00;TURMA DA MÔNICA - LAÇOS;;B1900235500000;ORIGINAL;NÃO;BRASIL;5006386;GRUPOCINE VALINHOS 02;0;6000034;44276;44278;VALINHOS;SP;EMPRESA CINEMATOGRAFICA BOMBOCINE LTDA;21.298.337/0001-05
29/09/2020;29/09/2020 15:40:00;GRETEL & HANSEL (2020);MARIA E JOÃO - O CONTO DAS BRUXAS;E1900467000000;DUBLADO;NÃO;ESTADOS UNIDOS;5000742;UCI - SHOPPING CENTER IGUATEMI FORTALEZA - SALA 11;8;6000059;2612;2616;FORTALEZA;CE;UCI RIBEIRO LTDA;02.117.937/0001-77
29/09/2020;29/09/2020 15:40:00;INSIDE OUT;DIVERTIDA MENTE;E1500351400000;DUBLADO;NÃO;ESTADOS UNIDOS;5003283;MULTICINE JATAÍ 01;0;6000045;5935;19793;JATAÍ;GO;MULTICINE CINEMAS LTDA;07.609.246/0001-04
29/09/2020;29/09/2020 15:40:00;MINIONS;MINIONS;E1500311600000;DUBLADO;NÃO;ESTADOS UNIDOS;5002679;ORIENT CINE PARALELA - SALA 05;5;6000060;2606;16207;SALVADOR;BA;UCI-ORIENT LTDA;01.562.356/0001-81
29/09/2020;29/09/2020 15:40:00;MINIONS;MINIONS;E1500311600000;DUBLADO;NÃO;ESTADOS UNIDOS;5001075;UCI ORIENT SHOPPING DA BAHIA - SALA 03;8;6000060;2606;6586;SALVADOR;BA;UCI-ORIENT LTDA;01.562.356/0001-81
29/09/2020;29/09/2020 15:40:00;Mostras e Festivais;;G0000000000004;ORIGINAL;SIM;;5005632;CINEMARK FOZ DO IGUAÇU SALA 03;0;6000018;1843;33653;FOZ DO IGUAÇU;PR;CINEMARK BRASIL S.A;00.779.721/0001-41
29/09/2020;29/09/2020 15:40:00;Mostras e Festivais;;G0000000000004;DUBLADO;NÃO;;5001521;MOVIECOM BURITI 3;7;6000100;2897;2893;APARECIDA DE GOIÂNIA;GO;MOVIE CINEMAS LTDA;04.708.972/0001-96
29/09/2020;29/09/2020 15:40:00;Mostras e Festivais;;G0000000000004;DUBLADO;NÃO;;5002253;MOVIECOM PATIO BELÉM 4;4;6000100;2897;13915;BELÉM;PA;MOVIE CINEMAS LTDA;04.708.972/0001-96
29/09/2020;29/09/2020 15:40:00;SCOOB!;SCOOBY - O FILME;E2000026400000;DUBLADO;NÃO;ESTADOS UNIDOS;5006346;CINE SÃO JOSÉ 02;2;;35523;43768;JEQUIÉ;BA;CINE SÃO JOSÉ ENTRETENIMENTO LTDA - ME;26.915.517/0001-02
29/09/2020;29/09/2020 15:40:00;SCOOB!;SCOOBY - O FILME;E2000026400000;DUBLADO;NÃO;ESTADOS UNIDOS;5000924;MOVIECOM TIVOLI 2;2;6000100;2914;2917;SANTA BÁRBARA D'OESTE;SP;CINEMATOGRÁFICA PASSOS LTDA;01.688.909/0001-47
29/09/2020;29/09/2020 15:40:00;SCOOB!;SCOOBY - O FILME;E2000026400000;DUBLADO;NÃO;ESTADOS UNIDOS;5003094;TOPAZIO POLO SHOPPING 1;3;6000057;2968;19182;INDAIATUBA;SP;LUI CINEMATOGRÁFICA LTDA.;71.912.711/0001-80
29/09/2020;29/09/2020 15:40:00;SPYCIES;AGENTES SELVAGENS;E2000250100000;DUBLADO;NÃO;CHINA;5004584;UCI ORIENT SHOPPING BARRA SALA 2;0;6000060;2606;26893;SALVADOR;BA;UCI-ORIENT LTDA;01.562.356/0001-81
29/09/2020;29/09/2020 15:40:00;THE GENTLEMEN;MAGNATAS DO CRIME;E2000005600000;DUBLADO;NÃO;ESTADOS UNIDOS;5003479;SALA CINEPOLIS BELA VISTA 07;3;6000024;17266;21610;SALVADOR;BA;CINEPOLIS OPERADORA DE CINEMAS DO BRASIL LTDA;09.652.820/0001-32
29/09/2020;29/09/2020 15:40:00;THE GENTLEMEN;MAGNATAS DO CRIME;E2000005600000;ORIGINAL;SIM;ESTADOS UNIDOS;5000316;SHOPPING IGUATEMI 2;7;6000018;1843;2538;CAMPINAS;SP;CINEMARK BRASIL S.A;00.779.721/0001-41
29/09/2020;29/09/2020 15:40:00;THE SECRET: DARE TO DREAM;O SEGREDO: OUSE SONHAR;E2000080600000;DUBLADO;NÃO;ESTADOS UNIDOS;5001502;MOVIECOM CASTANHEIRA 5;7;6000100;2897;2896;BELÉM;PA;MOVIE CINEMAS LTDA;04.708.972/0001-96
29/09/2020;29/09/2020 15:40:00;WONDER WOMAN;MULHER-MARAVILHA;E1700197900000;DUBLADO;NÃO;ESTADOS UNIDOS;5005331;UCI BRASIL - SUMAÚMA PARK SHOPPING MANAUS SALA 08;4;6000058;749;31265;MANAUS;AM;UNITED CINEMAS INTERNATIONAL BRASIL LTDA.;01.289.530/0001-64
29/09/2020;29/09/2020 15:45:00;E.T. THE EXTRA-TERRESTRIAL;E.T. O EXTRATERRESTRE;E1402648300000;DUBLADO;NÃO;ESTADOS UNIDOS;5001606;CINE 3 FERRY BOAT´S PLAZA 3;0;;5294;6684;GUARUJÁ;SP;SOBRAL EVENTOS E ENTRETENIMENTO LTDA;07.159.860/0001-11
29/09/2020;29/09/2020 15:45:00;MINIONS;MINIONS;E1500311600000;DUBLADO;NÃO;ESTADOS UNIDOS;5006385;GRUPOCINE VALINHOS 01;2;6000034;44276;44278;VALINHOS;SP;EMPRESA CINEMATOGRAFICA BOMBOCINE LTDA;21.298.337/0001-05
29/09/2020;29/09/2020 15:45:00;QUEEN OF SPADES: THROUGH THE LOOKING GLASS;A MALDIÇÃO DO ESPELHO;E1900574500000;DUBLADO;NÃO;RÚSSIA;5005696;CINEPOLIS RIOMAR KENNEDY - SALA 05;0;6000024;17266;34309;FORTALEZA;CE;CINEPOLIS OPERADORA DE CINEMAS DO BRASIL LTDA;09.652.820/0001-32
29/09/2020;29/09/2020 15:45:00;QUEEN OF SPADES: THROUGH THE LOOKING GLASS;A MALDIÇÃO DO ESPELHO;E1900574500000;DUBLADO;NÃO;RÚSSIA;5005103;CINÉPOLIS CAMPINAS SHOPPING - SALA 4;5;6000024;17266;30090;CAMPINAS;SP;CINEPOLIS OPERADORA DE CINEMAS DO BRASIL LTDA;09.652.820/0001-32
29/09/2020;29/09/2020 15:45:00;SCOOB!;SCOOBY - O FILME;E2000026400000;DUBLADO;NÃO;ESTADOS UNIDOS;5006416;GRUPOCINE MARANGUAPE 03;3;6000034;44276;44288;MARANGUAPE;CE;EMPRESA CINEMATOGRAFICA BOMBOCINE LTDA;21.298.337/0001-05
29/09/2020;29/09/2020 15:45:00;SCOOB!;SCOOBY - O FILME;E2000026400000;DUBLADO;NÃO;ESTADOS UNIDOS;5004471;SALA CINEPOLIS NORTH SHOPPING JOQUEI 01;9;6000024;17266;25960;FORTALEZA;CE;CINEPOLIS OPERADORA DE CINEMAS DO BRASIL LTDA;09.652.820/0001-32
29/09/2020;29/09/2020 15:45:00;SPYCIES;AGENTES SELVAGENS;E2000250100000;DUBLADO;NÃO;CHINA;5004188;CINEFLIX JK SHOPPING - SALA 5;4;6000014;24534;24535;BRASÍLIA;DF;REDECINE BSB CINEMATOGRÁFICA LTDA;18.087.870/0001-05
29/09/2020;29/09/2020 15:45:00;SPYCIES;AGENTES SELVAGENS;E2000250100000;DUBLADO;NÃO;CHINA;5006462;GRUPOCINE EUSÉBIO 02;0;6000034;44276;44457;EUSÉBIO;CE;EMPRESA CINEMATOGRAFICA BOMBOCINE LTDA;21.298.337/0001-05
29/09/2020;29/09/2020 15:45:00;SPYCIES;AGENTES SELVAGENS;E2000250100000;DUBLADO;NÃO;CHINA;5006358;MULTICINE IANDE SHOPPING 3;0;6000045;5935;43968;CAUCAIA;CE;MULTICINE CINEMAS LTDA;07.609.246/0001-04
29/09/2020;29/09/2020 15:45:00;WONDER WOMAN;MULHER-MARAVILHA;E1700197900000;DUBLADO;NÃO;ESTADOS UNIDOS;5006347;REDECINE PINDAMONHANGABA 01;0;6000034;43781;43782;PINDAMONHANGABA;SP;REDECINE PINDAMONHANGABA CINEMAS LTDA;34.408.375/0001-07
29/09/2020;29/09/2020 15:50:00;FANTASY ISLAND;A ILHA DA FANTASIA;E1900579500000;DUBLADO;NÃO;ESTADOS UNIDOS;5004187;CINEFLIX JK SHOPPING - SALA 4;6;6000014;24534;24535;BRASÍLIA;DF;REDECINE BSB CINEMATOGRÁFICA LTDA;18.087.870/0001-05
29/09/2020;29/09/2020 15:50:00;FANTASY ISLAND;A ILHA DA FANTASIA;E1900579500000;DUBLADO;NÃO;ESTADOS UNIDOS;5005317;CINEFLIX SHOPPING PRAÇA NOVA ARAÇATUBA - SALA 02;2;6000014;25182;31153;ARAÇATUBA;SP;REDECINE SUL CINEMAS LTDA.;18.672.374/0001-19
29/09/2020;29/09/2020 15:50:00;FANTASY ISLAND;A ILHA DA FANTASIA;E1900579500000;DUBLADO;NÃO;ESTADOS UNIDOS;5006472;REDECINE SUMARE 01;1;6000014;5654;44547;SUMARÉ;SP;REDECINE-CPQ CINEMATOGRÁFICA LTDA;07.665.262/0001-14
29/09/2020;29/09/2020 15:50:00;QUEEN OF SPADES: THROUGH THE LOOKING GLASS;A MALDIÇÃO DO ESPELHO;E1900574500000;DUBLADO;NÃO;RÚSSIA;5000317;SHOPPING IGUATEMI 3;0;6000018;1843;2538;CAMPINAS;SP;CINEMARK BRASIL S.A;00.779.721/0001-41
29/09/2020;29/09/2020 15:50:00;SCOOB!;SCOOBY - O FILME;E2000026400000;DUBLADO;NÃO;ESTADOS UNIDOS;5002564;CINE CATARATAS 1;5;;15565;15566;FOZ DO IGUAÇU;PR;CINE CATARATAS LTDA;09.010.219/0001-46
29/09/2020;29/09/2020 15:50:00;SCOOB!;SCOOBY - O FILME;E2000026400000;DUBLADO;NÃO;ESTADOS UNIDOS;5006475;REDECINE SUMARE 04;0;6000014;5654;44547;SUMARÉ;SP;REDECINE-CPQ CINEMATOGRÁFICA LTDA;07.665.262/0001-14
29/09/2020;29/09/2020 15:50:00;THE GENTLEMEN;MAGNATAS DO CRIME;E2000005600000;DUBLADO;NÃO;ESTADOS UNIDOS;5004881;CIRCUITO CINEMAS PBAS- SALA 03;1;6000028;15568;27873;PARAUAPEBAS;PA;CIRCUITO ENTRETENIMENTO E CINEMAS LTDA;08.068.712/0001-54
29/09/2020;29/09/2020 15:50:00;THE GENTLEMEN;MAGNATAS DO CRIME;E2000005600000;DUBLADO;NÃO;ESTADOS UNIDOS;5006423;GRUPOCINE ITAPECERICA 03;0;6000034;44276;44290;ITAPECERICA DA SERRA;SP;EMPRESA CINEMATOGRAFICA BOMBOCINE LTDA;21.298.337/0001-05
29/09/2020;29/09/2020 15:55:00;FANTASY ISLAND;A ILHA DA FANTASIA;E1900579500000;DUBLADO;NÃO;ESTADOS UNIDOS;5006545;PARAISO MEGA CENTER 4;6;6000045;5935;45579;VALPARAÍSO DE GOIÁS;GO;MULTICINE CINEMAS LTDA;07.609.246/0001-04
29/09/2020;29/09/2020 15:55:00;SPYCIES;AGENTES SELVAGENS;E2000250100000;DUBLADO;NÃO;CHINA;5005304;CINEFLIX VÁRZEA GRANDE SHOPPING - SALA 1;2;6000014;24534;31101;VÁRZEA GRANDE;MT;REDECINE BSB CINEMATOGRÁFICA LTDA;18.087.870/0001-05
29/09/2020;29/09/2020 16:00:00;EL ROBO DEL SIGLO;O ROUBO DO SÉCULO;E2000030900000;ORIGINAL;SIM;ARGENTINA;5005340;SHOPPING IGUATEMI 10;2;6000018;1843;2538;CAMPINAS;SP;CINEMARK BRASIL S.A;00.779.721/0001-41
29/09/2020;29/09/2020 16:00:00;EL ROBO DEL SIGLO;O ROUBO DO SÉCULO;E2000030900000;ORIGINAL;SIM;ARGENTINA;5004590;UCI ORIENT SHOPPING BARRA SALA 8;0;6000060;2606;26893;SALVADOR;BA;UCI-ORIENT LTDA;01.562.356/0001-81
29/09/2020;29/09/2020 16:00:00;FANTASY ISLAND;A ILHA DA FANTASIA;E1900579500000;DUBLADO;NÃO;ESTADOS UNIDOS;5005805;CINEFLIX APARECIDA DE GOIANIA - SALA 1;3;6000014;24534;36838;APARECIDA DE GOIÂNIA;GO;REDECINE BSB CINEMATOGRÁFICA LTDA;18.087.870/0001-05
29/09/2020;29/09/2020 16:00:00;FANTASY ISLAND;A ILHA DA FANTASIA;E1900579500000;DUBLADO;NÃO;ESTADOS UNIDOS;5005308;CINEFLIX VÁRZEA GRANDE SHOPPING - SALA 5;4;6000014;24534;31101;VÁRZEA GRANDE;MT;REDECINE BSB CINEMATOGRÁFICA LTDA;18.087.870/0001-05
29/09/2020;29/09/2020 16:00:00;FANTASY ISLAND;A ILHA DA FANTASIA;E1900579500000;DUBLADO;NÃO;ESTADOS UNIDOS;5001620;CINEMARK JACAREI 1;2;6000018;5130;6664;JACAREÍ;SP;CINE PRIME CINEMA LTDA;05.897.142/0001-17
29/09/2020;29/09/2020 16:00:00;FANTASY ISLAND;A ILHA DA FANTASIA;E1900579500000;DUBLADO;NÃO;ESTADOS UNIDOS;5006422;GRUPOCINE ITAPECERICA 02;1;6000034;44276;44290;ITAPECERICA DA SERRA;SP;EMPRESA CINEMATOGRAFICA BOMBOCINE LTDA;21.298.337/0001-05
29/09/2020;29/09/2020 16:00:00;FANTASY ISLAND;A ILHA DA FANTASIA;E1900579500000;DUBLADO;NÃO;ESTADOS UNIDOS;5006414;GRUPOCINE MARANGUAPE 01;2;6000034;44276;44288;MARANGUAPE;CE;EMPRESA CINEMATOGRAFICA BOMBOCINE LTDA;21.298.337/0001-05
29/09/2020;29/09/2020 16:00:00;FANTASY ISLAND;A ILHA DA FANTASIA;E1900579500000;DUBLADO;NÃO;ESTADOS UNIDOS;5004436;MOVIECOM PÁTIO MARABÁ 4;15;6000100;2897;25394;MARABÁ;PA;MOVIE CINEMAS LTDA;04.708.972/0001-96
29/09/2020;29/09/2020 16:00:00;FANTASY ISLAND;A ILHA DA FANTASIA;E1900579500000;DUBLADO;NÃO;ESTADOS UNIDOS;5005275;MULTICINE SANTA MARIA SALA 06;2;6000045;5935;30733;BRASÍLIA;DF;MULTICINE CINEMAS LTDA;07.609.246/0001-04
29/09/2020;29/09/2020 16:00:00;FANTASY ISLAND;A ILHA DA FANTASIA;E1900579500000;DUBLADO;NÃO;ESTADOS UNIDOS;5004472;SALA CINEPOLIS NORTH SHOPPING JOQUEI 02;8;6000024;17266;25960;FORTALEZA;CE;CINEPOLIS OPERADORA DE CINEMAS DO BRASIL LTDA;09.652.820/0001-32
29/09/2020;29/09/2020 16:00:00;HARRY POTTER AND THE PHILOSOPHER'S STONE;HARRY POTTER E A PEDRA FILOSOFAL;E1500138600000;DUBLADO;NÃO;ESTADOS UNIDOS;5006204;CINE A ITAJUBA 01;0;6000008;15833;41725;ITAJUBÁ;MG;CINE A LTDA;10.894.937/0001-01
29/09/2020;29/09/2020 16:00:00;HARRY POTTER AND THE PHILOSOPHER'S STONE;HARRY POTTER E A PEDRA FILOSOFAL;E1500138600000;DUBLADO;NÃO;ESTADOS UNIDOS;5005287;CINE A MARABÁ SALA 01;0;6000008;28464;28466;MARABÁ;PA;CINE A MARABA LTDA;21.160.773/0001-05
29/09/2020;29/09/2020 16:00:00;HARRY POTTER AND THE PHILOSOPHER'S STONE;HARRY POTTER E A PEDRA FILOSOFAL;E1500138600000;DUBLADO;NÃO;ESTADOS UNIDOS;5006081;CINE IMPERIAL 01;12;;40730;40731;SALVADOR;BA;RG PALMA EXIBICAO CINEMATOGRAFICA LTDA;31.159.134/0001-83
29/09/2020;29/09/2020 16:00:00;HARRY POTTER AND THE SORCERER'S STONE;HARRY POTTER AND THE SORCERER'S STONE;E1900440700000;DUBLADO;NÃO;ESTADOS UNIDOS;5002681;ORIENT CINE PARELELA - SALA 06;4;6000060;2606;16207;SALVADOR;BA;UCI-ORIENT LTDA;01.562.356/0001-81
29/09/2020;29/09/2020 16:00:00;HARRY POTTER AND THE SORCERER'S STONE;HARRY POTTER AND THE SORCERER'S STONE;E1900440700000;DUBLADO;NÃO;ESTADOS UNIDOS;5005329;UCI BRASIL - SUMAÚMA PARK SHOPPING MANAUS SALA 06;1;6000058;749;31265;MANAUS;AM;UNITED CINEMAS INTERNATIONAL BRASIL LTDA.;01.289.530/0001-64
29/09/2020;29/09/2020 16:00:00;HARRY POTTER AND THE SORCERER'S STONE;HARRY POTTER AND THE SORCERER'S STONE;E1900440700000;DUBLADO;NÃO;ESTADOS UNIDOS;5001074;UCI ORIENT SHOPPING DA BAHIA - SALA 02;13;6000060;2606;6586;SALVADOR;BA;UCI-ORIENT LTDA;01.562.356/0001-81
29/09/2020;29/09/2020 16:00:00;MINIONS;MINIONS;E1500311600000;DUBLADO;NÃO;ESTADOS UNIDOS;5006395;GRUPOCINE FERNANDÓPOLIS 01;0;6000034;44276;44281;FERNANDÓPOLIS;SP;EMPRESA CINEMATOGRAFICA BOMBOCINE LTDA;21.298.337/0001-05
29/09/2020;29/09/2020 16:00:00;Mostras e Festivais;;G0000000000004;DUBLADO;NÃO;;5005375;2120 CINEMARK MOGI DAS CRUZES SALA 04;0;6000018;1843;31561;MOGI DAS CRUZES;SP;CINEMARK BRASIL S.A;00.779.721/0001-41
29/09/2020;29/09/2020 16:00:00;Mostras e Festivais;;G0000000000004;DUBLADO;NÃO;;5000318;SHOPPING IGUATEMI 4;0;6000018;1843;2538;CAMPINAS;SP;CINEMARK BRASIL S.A;00.779.721/0001-41
29/09/2020;29/09/2020 16:00:00;SCOOB!;SCOOBY - O FILME;E2000026400000;DUBLADO;NÃO;ESTADOS UNIDOS;5003450;CASTRO 1;7;6000023;12893;21049;CASTRO;PR;ESTILO PRODUÇÕES ARTISTICAS LTDA;03.293.165/0001-97
29/09/2020;29/09/2020 16:00:00;SCOOB!;SCOOBY - O FILME;E2000026400000;DUBLADO;NÃO;ESTADOS UNIDOS;5005928;CENTERPLEX GRANDE CIRCULAR 05;2;6000006;38234;38235;MANAUS;AM;CINE ELI AMAZONAS CINEMAS LTDA - EM RECUPERAÇÃO JUDICIAL;28.619.116/0001-22
29/09/2020;29/09/2020 16:00:00;SCOOB!;SCOOBY - O FILME;E2000026400000;DUBLADO;NÃO;ESTADOS UNIDOS;5002828;CENTERPLEX MARACANAU SALA 02;2;6000006;16321;16969;MARACANAÚ;CE;EMPRESA DE CINEMAS FORTALEZA LTDA;10.785.710/0001-28
29/09/2020;29/09/2020 16:00:00;SCOOB!;SCOOBY - O FILME;E2000026400000;DUBLADO;NÃO;ESTADOS UNIDOS;5002823;CENTERPLEX VIA SUL SHOPPING 2;1;6000006;16321;16322;FORTALEZA;CE;EMPRESA DE CINEMAS FORTALEZA LTDA;10.785.710/0001-28
29/09/2020;29/09/2020 16:00:00;SCOOB!;SCOOBY - O FILME;E2000026400000;DUBLADO;NÃO;ESTADOS UNIDOS;5005788;CINEPLUS FAZENDA - SALA 2;8;6000023;36183;36184;FAZENDA RIO GRANDE;PR;CINELUZ CINEMA LTDA;27.232.323/0001-67
29/09/2020;29/09/2020 16:00:00;SCOOB!;SCOOBY - O FILME;E2000026400000;DUBLADO;NÃO;ESTADOS UNIDOS;5005151;CINÉPOLIS MILLENNIUM - SALA 3;0;6000024;17266;30116;MANAUS;AM;CINEPOLIS OPERADORA DE CINEMAS DO BRASIL LTDA;09.652.820/0001-32
29/09/2020;29/09/2020 16:00:00;SCOOB!;SCOOBY - O FILME;E2000026400000;DUBLADO;NÃO;ESTADOS UNIDOS;5004880;CIRCUITO CINEMAS PBAS- SALA 02;2;6000028;15568;27873;PARAUAPEBAS;PA;CIRCUITO ENTRETENIMENTO E CINEMAS LTDA;08.068.712/0001-54
29/09/2020;29/09/2020 16:00:00;SCOOB!;SCOOBY - O FILME;E2000026400000;DUBLADO;NÃO;ESTADOS UNIDOS;5004369;SALA CINEPOLIS PONTA NEGRA 06 TRADICIONAL;6;6000024;17266;25193;MANAUS;AM;CINEPOLIS OPERADORA DE CINEMAS DO BRASIL LTDA;09.652.820/0001-32
29/09/2020;29/09/2020 16:00:00;SCOOB!;SCOOBY - O FILME;E2000026400000;DUBLADO;NÃO;ESTADOS UNIDOS;5003485;SALA PQ.BELEM 04;4;6000024;17266;21616;BELÉM;PA;CINEPOLIS OPERADORA DE CINEMAS DO BRASIL LTDA;09.652.820/0001-32
29/09/2020;29/09/2020 16:00:00;SONIC THE HEDGEHOG;SONIC - O FILME;E2000012200000;DUBLADO;NÃO;CANADÁ;5006257;CIRCUITO PONTA PORA 01;0;6000028;15568;42557;PONTA PORÃ;MS;CIRCUITO ENTRETENIMENTO E CINEMAS LTDA;08.068.712/0001-54
29/09/2020;29/09/2020 16:00:00;SPYCIES;AGENTES SELVAGENS;E2000250100000;DUBLADO;NÃO;CHINA;5005981;CINESYSTEM ANANINDEUA SALA 07;0;6000027;22546;38898;ANANINDEUA;PA;REDECINE BRA CINEMATOGRÁFICA S.A.;15.422.993/0001-67
29/09/2020;29/09/2020 16:00:00;SPYCIES;AGENTES SELVAGENS;E2000250100000;DUBLADO;NÃO;CHINA;5006411;GRUPOCINE ITAPETININGA 03;0;6000034;44276;44287;ITAPETININGA;SP;EMPRESA CINEMATOGRAFICA BOMBOCINE LTDA;21.298.337/0001-05
29/09/2020;29/09/2020 16:00:00;SPYCIES;AGENTES SELVAGENS;E2000250100000;DUBLADO;NÃO;CHINA;5006349;REDECINE PINDAMONHANGABA 03;0;6000034;43781;43782;PINDAMONHANGABA;SP;REDECINE PINDAMONHANGABA CINEMAS LTDA;34.408.375/0001-07
29/09/2020;29/09/2020 16:00:00;THE GENTLEMEN;MAGNATAS DO CRIME;E2000005600000;DUBLADO;NÃO;ESTADOS UNIDOS;5005367;CIRCUITO CINEMAS - PNP SALA 04;0;6000028;15568;31541;PENÁPOLIS;SP;CIRCUITO ENTRETENIMENTO E CINEMAS LTDA;08.068.712/0001-54
29/09/2020;29/09/2020 16:00:00;THE GENTLEMEN;MAGNATAS DO CRIME;E2000005600000;DUBLADO;NÃO;ESTADOS UNIDOS;5001495;MOVIECOM CASTANHEIRA 1;0;6000100;2897;2896;BELÉM;PA;MOVIE CINEMAS LTDA;04.708.972/0001-96
29/09/2020;29/09/2020 16:00:00;THE GENTLEMEN;MAGNATAS DO CRIME;E2000005600000;DUBLADO;NÃO;ESTADOS UNIDOS;5000741;UCI - SHOPPING CENTER IGUATEMI FORTALEZA - SALA 10;7;6000059;2612;2616;FORTALEZA;CE;UCI RIBEIRO LTDA;02.117.937/0001-77
29/09/2020;29/09/2020 16:00:00;THE GENTLEMEN;MAGNATAS DO CRIME;E2000005600000;DUBLADO;NÃO;ESTADOS UNIDOS;5005431;UCI BRASIL - SHOPPING BOSQUE GRÃO PARÁ SALA 06;2;6000058;749;32026;BELÉM;PA;UNITED CINEMAS INTERNATIONAL BRASIL LTDA.;01.289.530/0001-64
29/09/2020;29/09/2020 16:00:00;TURMA DA MÔNICA - LAÇOS;;B1900235500000;ORIGINAL;NÃO;BRASIL;5001605;CINE 3 FERRY BOAT´S PLAZA 2;0;;5294;6684;GUARUJÁ;SP;SOBRAL EVENTOS E ENTRETENIMENTO LTDA;07.159.860/0001-11
29/09/2020;29/09/2020 16:00:00;WONDER WOMAN;MULHER-MARAVILHA;E1700197900000;DUBLADO;NÃO;ESTADOS UNIDOS;5002256;MOVIECOM PATIO BELÉM 3;8;6000100;2897;13915;BELÉM;PA;MOVIE CINEMAS LTDA;04.708.972/0001-96
29/09/2020;29/09/2020 16:00:00;WONDER WOMAN;MULHER-MARAVILHA;E1700197900000;DUBLADO;NÃO;ESTADOS UNIDOS;5004815;UCI BRASIL SHOPPING PARANGABA SALA 03;8;6000058;749;27591;FORTALEZA;CE;UNITED CINEMAS INTERNATIONAL BRASIL LTDA.;01.289.530/0001-64
29/09/2020;29/09/2020 16:00:01;SCOOB!;SCOOBY - O FILME;E2000026400000;DUBLADO;NÃO;ESTADOS UNIDOS;5005709;CENTERPLEX GRAND SHOPPING MESSEJANA SALA 04;5;6000006;16321;34486;FORTALEZA;CE;EMPRESA DE CINEMAS FORTALEZA LTDA;10.785.710/0001-28
29/09/2020;29/09/2020 16:05:00;SCOOB!;SCOOBY - O FILME;E2000026400000;DUBLADO;NÃO;ESTADOS UNIDOS;5005306;CINEFLIX VÁRZEA GRANDE SHOPPING - SALA 3;11;6000014;24534;31101;VÁRZEA GRANDE;MT;REDECINE BSB CINEMATOGRÁFICA LTDA;18.087.870/0001-05
29/09/2020;29/09/2020 16:10:00;FANTASY ISLAND;A ILHA DA FANTASIA;E1900579500000;DUBLADO;NÃO;ESTADOS UNIDOS;5006493;CINE INTER SANTA INES 01;1;6000140;44834;44835;SANTA INÊS;MA;CINEINTER EXIBICOES CINEMATOGRAFICAS LTDA;35.477.354/0001-06
29/09/2020;29/09/2020 16:10:00;FANTASY ISLAND;A ILHA DA FANTASIA;E1900579500000;DUBLADO;NÃO;ESTADOS UNIDOS;5006463;GRUPOCINE EUSÉBIO 03;1;6000034;44276;44457;EUSÉBIO;CE;EMPRESA CINEMATOGRAFICA BOMBOCINE LTDA;21.298.337/0001-05
29/09/2020;29/09/2020 16:10:00;FANTASY ISLAND;A ILHA DA FANTASIA;E1900579500000;DUBLADO;NÃO;ESTADOS UNIDOS;5006410;GRUPOCINE ITAPETININGA 02;2;6000034;44276;44287;ITAPETININGA;SP;EMPRESA CINEMATOGRAFICA BOMBOCINE LTDA;21.298.337/0001-05
29/09/2020;29/09/2020 16:10:00;FANTASY ISLAND;A ILHA DA FANTASIA;E1900579500000;DUBLADO;NÃO;ESTADOS UNIDOS;5003284;MULTICINE JATAÍ 02;6;6000045;5935;19793;JATAÍ;GO;MULTICINE CINEMAS LTDA;07.609.246/0001-04
29/09/2020;29/09/2020 16:10:00;FIVE FEET APART;A CINCO PASSOS DE VOCÊ;E1900025700000;DUBLADO;NÃO;ESTADOS UNIDOS;5002720;SALA CINE PLAYARTE MANAUARA 09;8;6000049;260;16356;MANAUS;AM;PLAYARTE CINEMAS LTDA.;60.434.149/0001-00
29/09/2020;29/09/2020 16:10:00;QUEEN OF SPADES: THROUGH THE LOOKING GLASS;A MALDIÇÃO DO ESPELHO;E1900574500000;DUBLADO;NÃO;RÚSSIA;5005372;2120 CINEMARK MOGI DAS CRUZES SALA 01;2;6000018;1843;31561;MOGI DAS CRUZES;SP;CINEMARK BRASIL S.A;00.779.721/0001-41
29/09/2020;29/09/2020 16:10:00;QUEEN OF SPADES: THROUGH THE LOOKING GLASS;A MALDIÇÃO DO ESPELHO;E1900574500000;DUBLADO;NÃO;RÚSSIA;5004184;CINEFLIX JK SHOPPING - SALA 1;6;6000014;24534;24535;BRASÍLIA;DF;REDECINE BSB CINEMATOGRÁFICA LTDA;18.087.870/0001-05
29/09/2020;29/09/2020 16:10:00;SCOOB!;SCOOBY - O FILME;E2000026400000;DUBLADO;NÃO;ESTADOS UNIDOS;5005318;CINEFLIX SHOPPING PRAÇA NOVA ARAÇATUBA - SALA 03;8;6000014;25182;31153;ARAÇATUBA;SP;REDECINE SUL CINEMAS LTDA.;18.672.374/0001-19
29/09/2020;29/09/2020 16:10:00;SPYCIES;AGENTES SELVAGENS;E2000250100000;DUBLADO;NÃO;CHINA;5005807;CINEFLIX APARECIDA DE GOIANIA - SALA 3;0;6000014;24534;36838;APARECIDA DE GOIÂNIA;GO;REDECINE BSB CINEMATOGRÁFICA LTDA;18.087.870/0001-05
29/09/2020;29/09/2020 16:10:00;SPYCIES;AGENTES SELVAGENS;E2000250100000;DUBLADO;NÃO;CHINA;5006473;REDECINE SUMARE 02;0;6000014;5654;44547;SUMARÉ;SP;REDECINE-CPQ CINEMATOGRÁFICA LTDA;07.665.262/0001-14
29/09/2020;29/09/2020 16:15:00;MINIONS;MINIONS;E1500311600000;DUBLADO;NÃO;ESTADOS UNIDOS;5001806;SALA CINE 14 BIS;2;;5822;6623;GUAXUPÉ;MG;GUAXUPE PROMOCOES E EVENTOS LTDA;03.929.354/0001-03
29/09/2020;29/09/2020 16:15:00;ONWARD;DOIS IRMÃOS: UMA JORNADA FANTÁSTICA;E1900366400000;DUBLADO;NÃO;ESTADOS UNIDOS;5006260;CIRCUITO PONTA PORA 04;0;6000028;15568;42557;PONTA PORÃ;MS;CIRCUITO ENTRETENIMENTO E CINEMAS LTDA;08.068.712/0001-54
29/09/2020;29/09/2020 16:15:00;QUEEN OF SPADES: THROUGH THE LOOKING GLASS;A MALDIÇÃO DO ESPELHO;E1900574500000;DUBLADO;NÃO;RÚSSIA;5005099;CINÉPOLIS SÃO GONÇALO SHOPPING - SALA 8;6;6000024;17266;30088;SÃO GONÇALO;RJ;CINEPOLIS OPERADORA DE CINEMAS DO BRASIL LTDA;09.652.820/0001-32
29/09/2020;29/09/2020 16:15:00;QUEEN OF SPADES: THROUGH THE LOOKING GLASS;A MALDIÇÃO DO ESPELHO;E1900574500000;DUBLADO;NÃO;RÚSSIA;5002937;SALA 06;6;6000024;17266;17763;BELÉM;PA;CINEPOLIS OPERADORA DE CINEMAS DO BRASIL LTDA;09.652.820/0001-32
29/09/2020;29/09/2020 16:15:00;SCOOB!;SCOOBY - O FILME;E2000026400000;DUBLADO;NÃO;ESTADOS UNIDOS;5005975;CINESYSTEM ANANINDEUA SALA 01;11;6000027;22546;38898;ANANINDEUA;PA;REDECINE BRA CINEMATOGRÁFICA S.A.;15.422.993/0001-67
29/09/2020;29/09/2020 16:15:00;SCOOB!;SCOOBY - O FILME;E2000026400000;DUBLADO;NÃO;ESTADOS UNIDOS;5005365;CIRCUITO CINEMAS - PNP SALA 02;0;6000028;15568;31541;PENÁPOLIS;SP;CIRCUITO ENTRETENIMENTO E CINEMAS LTDA;08.068.712/0001-54
29/09/2020;29/09/2020 16:15:00;THE SECRET: DARE TO DREAM;O SEGREDO: OUSE SONHAR;E2000080600000;DUBLADO;NÃO;ESTADOS UNIDOS;5005154;CINÉPOLIS MILLENNIUM - SALA 6;7;6000024;17266;30116;MANAUS;AM;CINEPOLIS OPERADORA DE CINEMAS DO BRASIL LTDA;09.652.820/0001-32
29/09/2020;29/09/2020 16:20:00;ESCAPE FROM PRETORIA;FUGA DE PRETÓRIA;E2000249400000;ORIGINAL;SIM;ÁFRICA DO SUL;5003475;SALA CINEPOLIS BELA VISTA 03;2;6000024;17266;21610;SALVADOR;BA;CINEPOLIS OPERADORA DE CINEMAS DO BRASIL LTDA;09.652.820/0001-32
29/09/2020;29/09/2020 16:20:00;FANTASY ISLAND;A ILHA DA FANTASIA;E1900579500000;DUBLADO;NÃO;ESTADOS UNIDOS;5005316;CINEFLIX SHOPPING PRAÇA NOVA ARAÇATUBA - SALA 01;0;6000014;25182;31153;ARAÇATUBA;SP;REDECINE SUL CINEMAS LTDA.;18.672.374/0001-19
29/09/2020;29/09/2020 16:20:00;FANTASY ISLAND;A ILHA DA FANTASIA;E1900579500000;DUBLADO;NÃO;ESTADOS UNIDOS;5006357;MULTICINE IANDE SHOPPING 2;6;6000045;5935;43968;CAUCAIA;CE;MULTICINE CINEMAS LTDA;07.609.246/0001-04
29/09/2020;29/09/2020 16:20:00;FANTASY ISLAND;A ILHA DA FANTASIA;E1900579500000;DUBLADO;NÃO;ESTADOS UNIDOS;5003097;TOPAZIO POLO SHOPPING 4;0;6000057;2968;19182;INDAIATUBA;SP;LUI CINEMATOGRÁFICA LTDA.;71.912.711/0001-80
29/09/2020;29/09/2020 16:20:00;Mostras e Festivais;;G0000000000004;DUBLADO;NÃO;;5001622;CINEMARK JACAREI 3;0;6000018;5130;6664;JACAREÍ;SP;CINE PRIME CINEMA LTDA;05.897.142/0001-17
29/09/2020;29/09/2020 16:20:00;QUEEN OF SPADES: THROUGH THE LOOKING GLASS;A MALDIÇÃO DO ESPELHO;E1900574500000;DUBLADO;NÃO;RÚSSIA;5005161;CINÉPOLIS MANAUS PLAZA - SALA 5;4;6000024;17266;30118;MANAUS;AM;CINEPOLIS OPERADORA DE CINEMAS DO BRASIL LTDA;09.652.820/0001-32
29/09/2020;29/09/2020 16:20:00;QUEEN OF SPADES: THROUGH THE LOOKING GLASS;A MALDIÇÃO DO ESPELHO;E1900574500000;DUBLADO;NÃO;RÚSSIA;5005327;UCI BRASIL - SUMAÚMA PARK SHOPPING MANAUS SALA 04;3;6000058;749;31265;MANAUS;AM;UNITED CINEMAS INTERNATIONAL BRASIL LTDA.;01.289.530/0001-64
29/09/2020;29/09/2020 16:20:00;SCOOB!;SCOOBY - O FILME;E2000026400000;DUBLADO;NÃO;ESTADOS UNIDOS;5006494;CINE INTER SANTA INES 02;4;6000140;44834;44835;SANTA INÊS;MA;CINEINTER EXIBICOES CINEMATOGRAFICAS LTDA;35.477.354/0001-06
29/09/2020;29/09/2020 16:20:00;SCOOB!;SCOOBY - O FILME;E2000026400000;DUBLADO;NÃO;ESTADOS UNIDOS;5004185;CINEFLIX JK SHOPPING - SALA 2;11;6000014;24534;24535;BRASÍLIA;DF;REDECINE BSB CINEMATOGRÁFICA LTDA;18.087.870/0001-05
29/09/2020;29/09/2020 16:20:00;SCOOB!;SCOOBY - O FILME;E2000026400000;DUBLADO;NÃO;ESTADOS UNIDOS;5001500;MOVIECOM CASTANHEIRA 4;33;6000100;2897;2896;BELÉM;PA;MOVIE CINEMAS LTDA;04.708.972/0001-96
29/09/2020;29/09/2020 16:20:00;SCOOB!;SCOOBY - O FILME;E2000026400000;DUBLADO;NÃO;ESTADOS UNIDOS;5004435;MOVIECOM PÁTIO MARABÁ 3;9;6000100;2897;25394;MARABÁ;PA;MOVIE CINEMAS LTDA;04.708.972/0001-96
29/09/2020;29/09/2020 16:20:00;SCOOB!;SCOOBY - O FILME;E2000026400000;DUBLADO;NÃO;ESTADOS UNIDOS;5001706;MOVIECOM UNIMART 1;6;6000100;2897;5573;CAMPINAS;SP;MOVIE CINEMAS LTDA;04.708.972/0001-96
29/09/2020;29/09/2020 16:20:00;SCOOB!;SCOOBY - O FILME;E2000026400000;DUBLADO;NÃO;ESTADOS UNIDOS;5002931;SALA 06;12;6000024;17266;17729;SALVADOR;BA;CINEPOLIS OPERADORA DE CINEMAS DO BRASIL LTDA;09.652.820/0001-32
29/09/2020;29/09/2020 16:20:00;SPYCIES;AGENTES SELVAGENS;E2000250100000;DUBLADO;NÃO;CHINA;5006421;GRUPOCINE ITAPECERICA 01;0;6000034;44276;44290;ITAPECERICA DA SERRA;SP;EMPRESA CINEMATOGRAFICA BOMBOCINE LTDA;21.298.337/0001-05
29/09/2020;29/09/2020 16:20:00;SPYCIES;AGENTES SELVAGENS;E2000250100000;DUBLADO;NÃO;CHINA;5000738;UCI - SHOPPING CENTER IGUATEMI FORTALEZA - SALA 07;14;6000059;2612;2616;FORTALEZA;CE;UCI RIBEIRO LTDA;02.117.937/0001-77
29/09/2020;29/09/2020 16:20:00;THE AVENGERS;THE AVENGERS: OS VINGADORES;E1500275200000;ORIGINAL;SIM;ESTADOS UNIDOS;5004588;UCI ORIENT SHOPPING BARRA SALA 6;0;6000060;2606;26893;SALVADOR;BA;UCI-ORIENT LTDA;01.562.356/0001-81
29/09/2020;29/09/2020 16:20:00;THE GENTLEMEN;MAGNATAS DO CRIME;E2000005600000;DUBLADO;NÃO;ESTADOS UNIDOS;5001080;UCI ORIENT SHOPPING DA BAHIA - SALA 08;5;6000060;2606;6586;SALVADOR;BA;UCI-ORIENT LTDA;01.562.356/0001-81
29/09/2020;29/09/2020 16:20:00;THE SECRET: DARE TO DREAM;O SEGREDO: OUSE SONHAR;E2000080600000;DUBLADO;NÃO;ESTADOS UNIDOS;5005808;CINEFLIX APARECIDA DE GOIANIA - SALA 4;0;6000014;24534;36838;APARECIDA DE GOIÂNIA;GO;REDECINE BSB CINEMATOGRÁFICA LTDA;18.087.870/0001-05
29/09/2020;29/09/2020 16:20:00;THE SECRET: DARE TO DREAM;O SEGREDO: OUSE SONHAR;E2000080600000;DUBLADO;NÃO;ESTADOS UNIDOS;5002255;MOVIECOM PATIO BELÉM 1;4;6000100;2897;13915;BELÉM;PA;MOVIE CINEMAS LTDA;04.708.972/0001-96
29/09/2020;29/09/2020 16:25:00;SPYCIES;AGENTES SELVAGENS;E2000250100000;DUBLADO;NÃO;CHINA;5005320;CINEFLIX SHOPPING PRAÇA NOVA ARAÇATUBA - SALA 05;3;6000014;25182;31153;ARAÇATUBA;SP;REDECINE SUL CINEMAS LTDA.;18.672.374/0001-19
29/09/2020;29/09/2020 16:25:00;THE GENTLEMEN;MAGNATAS DO CRIME;E2000005600000;DUBLADO;NÃO;ESTADOS UNIDOS;5005980;CINESYSTEM ANANINDEUA SALA 06;0;6000027;22546;38898;ANANINDEUA;PA;REDECINE BRA CINEMATOGRÁFICA S.A.;15.422.993/0001-67
29/09/2020;29/09/2020 16:30:00;BLOODSHOT;BLOODSHOT;E1900579400000;DUBLADO;NÃO;ESTADOS UNIDOS;5006259;CIRCUITO PONTA PORA 03;0;6000028;15568;42557;PONTA PORÃ;MS;CIRCUITO ENTRETENIMENTO E CINEMAS LTDA;08.068.712/0001-54
29/09/2020;29/09/2020 16:30:00;BLOODSHOT;BLOODSHOT;E1900579400000;DUBLADO;NÃO;ESTADOS UNIDOS;5001497;MOVIECOM CASTANHEIRA 2;15;6000100;2897;2896;BELÉM;PA;MOVIE CINEMAS LTDA;04.708.972/0001-96
29/09/2020;29/09/2020 16:30:00;E.T. THE EXTRA-TERRESTRIAL;E.T. O EXTRATERRESTRE;E1402648300000;ORIGINAL;SIM;ESTADOS UNIDOS;5003477;SALA CINEPOLIS BELA VISTA 05;0;6000024;17266;21610;SALVADOR;BA;CINEPOLIS OPERADORA DE CINEMAS DO BRASIL LTDA;09.652.820/0001-32
29/09/2020;29/09/2020 16:30:00;FANTASY ISLAND;A ILHA DA FANTASIA;E1900579500000;DUBLADO;NÃO;ESTADOS UNIDOS;5003451;CASTRO 2;0;6000023;12893;21049;CASTRO;PR;ESTILO PRODUÇÕES ARTISTICAS LTDA;03.293.165/0001-97
29/09/2020;29/09/2020 16:30:00;FANTASY ISLAND;A ILHA DA FANTASIA;E1900579500000;DUBLADO;NÃO;ESTADOS UNIDOS;5006082;CINE IMPERIAL 02;0;;40730;40731;SALVADOR;BA;RG PALMA EXIBICAO CINEMATOGRAFICA LTDA;31.159.134/0001-83
29/09/2020;29/09/2020 16:30:00;FANTASY ISLAND;A ILHA DA FANTASIA;E1900579500000;DUBLADO;NÃO;ESTADOS UNIDOS;5005719;CINEFLIX VALPARAISO SALA 02;2;6000014;24534;34628;VALPARAÍSO DE GOIÁS;GO;REDECINE BSB CINEMATOGRÁFICA LTDA;18.087.870/0001-05
29/09/2020;29/09/2020 16:30:00;FANTASY ISLAND;A ILHA DA FANTASIA;E1900579500000;DUBLADO;NÃO;ESTADOS UNIDOS;5005631;CINEMARK FOZ DO IGUAÇU SALA 02;0;6000018;1843;33653;FOZ DO IGUAÇU;PR;CINEMARK BRASIL S.A;00.779.721/0001-41
29/09/2020;29/09/2020 16:30:00;FANTASY ISLAND;A ILHA DA FANTASIA;E1900579500000;DUBLADO;NÃO;ESTADOS UNIDOS;5005787;CINEPLUS FAZENDA - SALA 1;4;6000023;36183;36184;FAZENDA RIO GRANDE;PR;CINELUZ CINEMA LTDA;27.232.323/0001-67
29/09/2020;29/09/2020 16:30:00;FANTASY ISLAND;A ILHA DA FANTASIA;E1900579500000;DUBLADO;NÃO;ESTADOS UNIDOS;5005364;CIRCUITO CINEMAS - PNP SALA 01;0;6000028;15568;31541;PENÁPOLIS;SP;CIRCUITO ENTRETENIMENTO E CINEMAS LTDA;08.068.712/0001-54
29/09/2020;29/09/2020 16:30:00;FANTASY ISLAND;A ILHA DA FANTASIA;E1900579500000;DUBLADO;NÃO;ESTADOS UNIDOS;5004879;CIRCUITO CINEMAS PBAS- SALA 01;0;6000028;15568;27873;PARAUAPEBAS;PA;CIRCUITO ENTRETENIMENTO E CINEMAS LTDA;08.068.712/0001-54
29/09/2020;29/09/2020 16:30:00;FANTASY ISLAND;A ILHA DA FANTASIA;E1900579500000;ORIGINAL;SIM;ESTADOS UNIDOS;5006305;GALLERIA CAMPINAS 02 - VIP;0;6000024;17266;43208;CAMPINAS;SP;CINEPOLIS OPERADORA DE CINEMAS DO BRASIL LTDA;09.652.820/0001-32
29/09/2020;29/09/2020 16:30:00;FANTASY ISLAND;A ILHA DA FANTASIA;E1900579500000;DUBLADO;NÃO;ESTADOS UNIDOS;5000164;NORTH SHOPPING 5;9;6000037;1991;2414;FORTALEZA;CE;EMPRESA CINEMAS SÃO LUIZ S/A;33.497.660/0001-89
29/09/2020;29/09/2020 16:30:00;FANTASY ISLAND;A ILHA DA FANTASIA;E1900579500000;DUBLADO;NÃO;ESTADOS UNIDOS;5006350;REDECINE PINDAMONHANGABA 04;0;6000034;43781;43782;PINDAMONHANGABA;SP;REDECINE PINDAMONHANGABA CINEMAS LTDA;34.408.375/0001-07
29/09/2020;29/09/2020 16:30:00;FANTASY ISLAND;A ILHA DA FANTASIA;E1900579500000;ORIGINAL;SIM;ESTADOS UNIDOS;5000320;SHOPPING IGUATEMI 6;1;6000018;1843;2538;CAMPINAS;SP;CINEMARK BRASIL S.A;00.779.721/0001-41
29/09/2020;29/09/2020 16:30:00;HARRY POTTER AND THE SORCERER'S STONE;HARRY POTTER AND THE SORCERER'S STONE;E1900440700000;DUBLADO;NÃO;ESTADOS UNIDOS;5001796;CINE ITAGUARI SALA 2;4;;5725;6588;SANTO ANTÔNIO DE JESUS;BA;IMPERIAL TURISMO E EVENTOS EIRELI;01.732.317/0001-85
29/09/2020;29/09/2020 16:30:00;MINHA MÃE É UMA PEÇA 3;;B1900576900000;DUBLADO;NÃO;BRASIL;5005513;CINE CAVALIERI ORLANDI SALA 02;0;;15009;15010;SOCORRO;SP;ORLANDI MARCHESE LTDA - ME;03.091.068/0001-11
29/09/2020;29/09/2020 16:30:00;Mostras e Festivais;;G0000000000004;DUBLADO;NÃO;;5006207;CINE A ITAJUBA 04;0;6000008;15833;41725;ITAJUBÁ;MG;CINE A LTDA;10.894.937/0001-01
29/09/2020;29/09/2020 16:30:00;Mostras e Festivais;;G0000000000004;DUBLADO;NÃO;;5004946;CINE A MARABÁ SALA 04;0;6000008;28464;28466;MARABÁ;PA;CINE A MARABA LTDA;21.160.773/0001-05
29/09/2020;29/09/2020 16:30:00;Mostras e Festivais;;G0000000000004;DUBLADO;NÃO;;5001487;MOVIECOM MAXI 5;2;6000100;2912;2913;JUNDIAÍ;SP;MAXI CINEMATOGRÁFICA LTDA;05.279.756/0001-35
29/09/2020;29/09/2020 16:30:00;QUEEN OF SPADES: THROUGH THE LOOKING GLASS;A MALDIÇÃO DO ESPELHO;E1900574500000;DUBLADO;NÃO;RÚSSIA;5003592;JUNDIAI SHOPPING 05;6;6000024;17266;22674;JUNDIAÍ;SP;CINEPOLIS OPERADORA DE CINEMAS DO BRASIL LTDA;09.652.820/0001-32
29/09/2020;29/09/2020 16:30:00;SCOOB!;SCOOBY - O FILME;E2000026400000;DUBLADO;NÃO;ESTADOS UNIDOS;5002427;CINE WEST SALA 02;1;;14882;14883;CASCAVEL;PR;WEST SIDE SHOPPING CENTER LTDA;68.761.170/0001-22
29/09/2020;29/09/2020 16:30:00;SCOOB!;SCOOBY - O FILME;E2000026400000;DUBLADO;NÃO;ESTADOS UNIDOS;5005694;CINEPOLIS RIOMAR KENNEDY - SALA 03;21;6000024;17266;34309;FORTALEZA;CE;CINEPOLIS OPERADORA DE CINEMAS DO BRASIL LTDA;09.652.820/0001-32
29/09/2020;29/09/2020 16:30:00;SCOOB!;SCOOBY - O FILME;E2000026400000;DUBLADO;NÃO;ESTADOS UNIDOS;5005108;CINÉPOLIS CAMPINAS SHOPPING - SALA 9;2;6000024;17266;30090;CAMPINAS;SP;CINEPOLIS OPERADORA DE CINEMAS DO BRASIL LTDA;09.652.820/0001-32
29/09/2020;29/09/2020 16:30:00;SCOOB!;SCOOBY - O FILME;E2000026400000;DUBLADO;NÃO;ESTADOS UNIDOS;5006461;GRUPOCINE EUSÉBIO 01;4;6000034;44276;44457;EUSÉBIO;CE;EMPRESA CINEMATOGRAFICA BOMBOCINE LTDA;21.298.337/0001-05
29/09/2020;29/09/2020 16:30:00;SCOOB!;SCOOBY - O FILME;E2000026400000;DUBLADO;NÃO;ESTADOS UNIDOS;5006399;GRUPOCINE GUARUJÁ 02;0;6000034;44276;44283;GUARUJÁ;SP;EMPRESA CINEMATOGRAFICA BOMBOCINE LTDA;21.298.337/0001-05
29/09/2020;29/09/2020 16:30:00;SCOOB!;SCOOBY - O FILME;E2000026400000;DUBLADO;NÃO;ESTADOS UNIDOS;5006424;GRUPOCINE ITAPECERICA 04;4;6000034;44276;44290;ITAPECERICA DA SERRA;SP;EMPRESA CINEMATOGRAFICA BOMBOCINE LTDA;21.298.337/0001-05
29/09/2020;29/09/2020 16:30:00;SCOOB!;SCOOBY - O FILME;E2000026400000;DUBLADO;NÃO;ESTADOS UNIDOS;5005929;MOBI CINE AÇAILÂNDIA SALA 01;0;6000040;38236;38237;AÇAILÂNDIA;MA;C A V LEMOS E CIA LTDA - ME;14.717.191/0001-11
29/09/2020;29/09/2020 16:30:00;SCOOB!;SCOOBY - O FILME;E2000026400000;DUBLADO;NÃO;ESTADOS UNIDOS;5005956;MOBI CINE REDENÇÃO SALA 1;6;6000040;28561;38513;REDENÇÃO;PA;C A VIEIRA LEMOS E CIA LTDA;20.334.881/0001-94
29/09/2020;29/09/2020 16:30:00;SCOOB!;SCOOBY - O FILME;E2000026400000;DUBLADO;NÃO;ESTADOS UNIDOS;5005379;MOBI CINE TUCURUÍ - SALA 1;11;6000040;28561;31594;TUCURUÍ;PA;C A VIEIRA LEMOS E CIA LTDA;20.334.881/0001-94
29/09/2020;29/09/2020 16:30:00;SCOOB!;SCOOBY - O FILME;E2000026400000;DUBLADO;NÃO;ESTADOS UNIDOS;5004699;SALA RIOMAR 6 - TRADICIONAL;10;6000024;17266;27076;FORTALEZA;CE;CINEPOLIS OPERADORA DE CINEMAS DO BRASIL LTDA;09.652.820/0001-32
29/09/2020;29/09/2020 16:30:00;THE GENTLEMEN;MAGNATAS DO CRIME;E2000005600000;ORIGINAL;SIM;ESTADOS UNIDOS;5005378;2120 CINEMARK MOGI DAS CRUZES SALA 07;5;6000018;1843;31561;MOGI DAS CRUZES;SP;CINEMARK BRASIL S.A;00.779.721/0001-41
29/09/2020;29/09/2020 16:30:00;THE SECRET: DARE TO DREAM;O SEGREDO: OUSE SONHAR;E2000080600000;DUBLADO;NÃO;ESTADOS UNIDOS;5001100;CINE TOPÁZIO 1;1;6000057;2968;6742;INDAIATUBA;SP;LUI CINEMATOGRÁFICA LTDA.;71.912.711/0001-80
29/09/2020;29/09/2020 16:30:00;THE SECRET: DARE TO DREAM;O SEGREDO: OUSE SONHAR;E2000080600000;DUBLADO;NÃO;ESTADOS UNIDOS;5004434;MOVIECOM PÁTIO MARABÁ 2;0;6000100;2897;25394;MARABÁ;PA;MOVIE CINEMAS LTDA;04.708.972/0001-96
29/09/2020;29/09/2020 16:30:01;THE SECRET: DARE TO DREAM;O SEGREDO: OUSE SONHAR;E2000080600000;DUBLADO;NÃO;ESTADOS UNIDOS;5006381;ALFENAS SALA 3;0;6000008;15833;44017;ALFENAS;MG;CINE A LTDA;10.894.937/0001-01
29/09/2020;29/09/2020 16:30:01;THE SECRET: DARE TO DREAM;O SEGREDO: OUSE SONHAR;E2000080600000;DUBLADO;NÃO;ESTADOS UNIDOS;5006242;ARARAS SALA 3;0;6000008;15833;24551;ARARAS;SP;CINE A LTDA;10.894.937/0001-01
29/09/2020;29/09/2020 16:35:00;QUEEN OF SPADES: THROUGH THE LOOKING GLASS;A MALDIÇÃO DO ESPELHO;E1900574500000;DUBLADO;NÃO;RÚSSIA;5005977;CINESYSTEM ANANINDEUA SALA 03;9;6000027;22546;38898;ANANINDEUA;PA;REDECINE BRA CINEMATOGRÁFICA S.A.;15.422.993/0001-67
29/09/2020;29/09/2020 16:35:00;SCOOB!;SCOOBY - O FILME;E2000026400000;DUBLADO;NÃO;ESTADOS UNIDOS;5006544;PARAISO MEGA CENTER 3;0;6000045;5935;45579;VALPARAÍSO DE GOIÁS;GO;MULTICINE CINEMAS LTDA;07.609.246/0001-04
29/09/2020;29/09/2020 16:40:00;GRETEL & HANSEL (2020);MARIA E JOÃO - O CONTO DAS BRUXAS;E1900467000000;DUBLADO;NÃO;ESTADOS UNIDOS;5005326;UCI BRASIL - SUMAÚMA PARK SHOPPING MANAUS SALA 03;5;6000058;749;31265;MANAUS;AM;UNITED CINEMAS INTERNATIONAL BRASIL LTDA.;01.289.530/0001-64
29/09/2020;29/09/2020 16:40:00;MINHA MÃE É UMA PEÇA;;B1301808100000;ORIGINAL;NÃO;BRASIL;5006398;GRUPOCINE GUARUJÁ 01;0;6000034;44276;44283;GUARUJÁ;SP;EMPRESA CINEMATOGRAFICA BOMBOCINE LTDA;21.298.337/0001-05
29/09/2020;29/09/2020 16:40:00;Mostras e Festivais;;G0000000000004;DUBLADO;NÃO;;5004214;CINEMARK JACAREI 5;0;6000018;5130;6664;JACAREÍ;SP;CINE PRIME CINEMA LTDA;05.897.142/0001-17
29/09/2020;29/09/2020 16:40:00;Mostras e Festivais;;G0000000000004;DUBLADO;NÃO;;5001707;MOVIECOM UNIMART 2;0;6000100;2897;5573;CAMPINAS;SP;MOVIE CINEMAS LTDA;04.708.972/0001-96
29/09/2020;29/09/2020 16:40:00;Mostras e Festivais;;G0000000000004;ORIGINAL;NÃO;;5000315;SHOPPING IGUATEMI 1;0;6000018;1843;2538;CAMPINAS;SP;CINEMARK BRASIL S.A;00.779.721/0001-41
29/09/2020;29/09/2020 16:40:00;SCOOB!;SCOOBY - O FILME;E2000026400000;DUBLADO;NÃO;ESTADOS UNIDOS;5002402;CINEVIP RONDON PLAZA SHOPPING SALA 02;7;;14781;14782;RONDONÓPOLIS;MT;GIOVANNI ZEM RODRIGUES;10.443.079/0001-89
29/09/2020;29/09/2020 16:40:00;SCOOB!;SCOOBY - O FILME;E2000026400000;DUBLADO;NÃO;ESTADOS UNIDOS;5006296;GOIANESIA 01;3;6000040;42975;42976;GOIANÉSIA;GO;MB EXIBICOES CINEMATOGRAFICAS GOIANESIA LTDA;33.296.719/0001-70
29/09/2020;29/09/2020 16:40:00;SCOOB!;SCOOBY - O FILME;E2000026400000;DUBLADO;NÃO;ESTADOS UNIDOS;5006412;GRUPOCINE ITAPETININGA 04;8;6000034;44276;44287;ITAPETININGA;SP;EMPRESA CINEMATOGRAFICA BOMBOCINE LTDA;21.298.337/0001-05
29/09/2020;29/09/2020 16:40:00;SCOOB!;SCOOBY - O FILME;E2000026400000;DUBLADO;NÃO;ESTADOS UNIDOS;5002254;MOVIECOM PATIO BELÉM 5;14;6000100;2897;13915;BELÉM;PA;MOVIE CINEMAS LTDA;04.708.972/0001-96
29/09/2020;29/09/2020 16:40:00;SPYCIES;AGENTES SELVAGENS;E2000250100000;DUBLADO;NÃO;CHINA;5004816;UCI BRASIL SHOPPING PARANGABA SALA 04;18;6000058;749;27591;FORTALEZA;CE;UNITED CINEMAS INTERNATIONAL BRASIL LTDA.;01.289.530/0001-64
29/09/2020;29/09/2020 16:40:00;THE GENTLEMEN;MAGNATAS DO CRIME;E2000005600000;ORIGINAL;SIM;ESTADOS UNIDOS;5005429;UCI BRASIL - SHOPPING BOSQUE GRÃO PARÁ SALA 04;2;6000058;749;32026;BELÉM;PA;UNITED CINEMAS INTERNATIONAL BRASIL LTDA.;01.289.530/0001-64
29/09/2020;29/09/2020 16:40:00;THE INVISIBLE MAN;O HOMEM INVISÍVEL;E1900438600000;ORIGINAL;SIM;AUSTRÁLIA;5005341;SHOPPING IGUATEMI 11;0;6000018;1843;2538;CAMPINAS;SP;CINEMARK BRASIL S.A;00.779.721/0001-41
29/09/2020;29/09/2020 16:40:00;THE INVISIBLE MAN;O HOMEM INVISÍVEL;E1900438600000;DUBLADO;NÃO;AUSTRÁLIA;5000736;UCI - SHOPPING CENTER IGUATEMI FORTALEZA - SALA 05;14;6000059;2612;2616;FORTALEZA;CE;UCI RIBEIRO LTDA;02.117.937/0001-77
29/09/2020;29/09/2020 16:40:00;THE SECRET: DARE TO DREAM;O SEGREDO: OUSE SONHAR;E2000080600000;DUBLADO;NÃO;ESTADOS UNIDOS;5001084;UCI ORIENT SHOPPING DA BAHIA - SALA 12;8;6000060;2606;6586;SALVADOR;BA;UCI-ORIENT LTDA;01.562.356/0001-81
29/09/2020;29/09/2020 16:45:00;BACK TO THE FUTURE;DE VOLTA PARA O FUTURO;E1402513800000;DUBLADO;NÃO;ESTADOS UNIDOS;5005106;CINÉPOLIS CAMPINAS SHOPPING - SALA 7;1;6000024;17266;30090;CAMPINAS;SP;CINEPOLIS OPERADORA DE CINEMAS DO BRASIL LTDA;09.652.820/0001-32
29/09/2020;29/09/2020 16:45:00;BLOODSHOT;BLOODSHOT;E1900579400000;DUBLADO;NÃO;ESTADOS UNIDOS;5004882;CIRCUITO CINEMAS PBAS- SALA 04;2;6000028;15568;27873;PARAUAPEBAS;PA;CIRCUITO ENTRETENIMENTO E CINEMAS LTDA;08.068.712/0001-54
29/09/2020;29/09/2020 16:45:00;CARLINHOS E CARLÃO;;B1900409100000;ORIGINAL;NÃO;BRASIL;5006072;CINE A ALTAMIRA SALA 02;1;6000008;28464;33426;ALTAMIRA;PA;CINE A MARABA LTDA;21.160.773/0001-05
29/09/2020;29/09/2020 16:45:00;ESCAPE FROM PRETORIA;FUGA DE PRETÓRIA;E2000249400000;DUBLADO;NÃO;ÁFRICA DO SUL;5005720;CINEFLIX VALPARAISO SALA 03;4;6000014;24534;34628;VALPARAÍSO DE GOIÁS;GO;REDECINE BSB CINEMATOGRÁFICA LTDA;18.087.870/0001-05
29/09/2020;29/09/2020 16:45:00;ESCAPE FROM PRETORIA;FUGA DE PRETÓRIA;E2000249400000;ORIGINAL;SIM;ÁFRICA DO SUL;5006479;JUNDIAI SHOPPING 10 - VIP;0;6000024;17266;22674;JUNDIAÍ;SP;CINEPOLIS OPERADORA DE CINEMAS DO BRASIL LTDA;09.652.820/0001-32
29/09/2020;29/09/2020 16:45:00;FANTASY ISLAND;A ILHA DA FANTASIA;E1900579500000;DUBLADO;NÃO;ESTADOS UNIDOS;5006364;ALFENAS SALA 1;0;6000008;15833;44017;ALFENAS;MG;CINE A LTDA;10.894.937/0001-01
29/09/2020;29/09/2020 16:45:00;FANTASY ISLAND;A ILHA DA FANTASIA;E1900579500000;DUBLADO;NÃO;ESTADOS UNIDOS;5004199;ARARAS SALA 1;0;6000008;15833;24551;ARARAS;SP;CINE A LTDA;10.894.937/0001-01
29/09/2020;29/09/2020 16:45:00;FANTASY ISLAND;A ILHA DA FANTASIA;E1900579500000;DUBLADO;NÃO;ESTADOS UNIDOS;5005504;CINE A BRAGANÇA PAULISTA SALA 1;0;6000008;3227;32481;BRAGANÇA PAULISTA;SP;CINE A BRAGANCA PAULISTA LTDA;41.861.923/0001-15
29/09/2020;29/09/2020 16:45:00;Mostras e Festivais;;G0000000000004;DUBLADO;NÃO;;5005630;CINEMARK FOZ DO IGUAÇU SALA 01;2;6000018;1843;33653;FOZ DO IGUAÇU;PR;CINEMARK BRASIL S.A;00.779.721/0001-41
29/09/2020;29/09/2020 16:45:00;QUEEN OF SPADES: THROUGH THE LOOKING GLASS;A MALDIÇÃO DO ESPELHO;E1900574500000;DUBLADO;NÃO;RÚSSIA;5003487;SALA PQ.BELEM 06;3;6000024;17266;21616;BELÉM;PA;CINEPOLIS OPERADORA DE CINEMAS DO BRASIL LTDA;09.652.820/0001-32
29/09/2020;29/09/2020 16:45:00;SCOOB!;SCOOBY - O FILME;E2000026400000;DUBLADO;NÃO;ESTADOS UNIDOS;5006205;CINE A ITAJUBA 02;0;6000008;15833;41725;ITAJUBÁ;MG;CINE A LTDA;10.894.937/0001-01
29/09/2020;29/09/2020 16:45:00;SCOOB!;SCOOBY - O FILME;E2000026400000;DUBLADO;NÃO;ESTADOS UNIDOS;5004947;CINE A MARABÁ SALA 02;0;6000008;28464;28466;MARABÁ;PA;CINE A MARABA LTDA;21.160.773/0001-05
29/09/2020;29/09/2020 16:45:00;SCOOB!;SCOOBY - O FILME;E2000026400000;DUBLADO;NÃO;ESTADOS UNIDOS;5005884;CINE COMPANY ALTA FLORESTA;7;;37637;37638;ALTA FLORESTA;MT;CINE FLORESTA LTDA;28.416.012/0001-10
29/09/2020;29/09/2020 16:45:00;SCOOB!;SCOOBY - O FILME;E2000026400000;DUBLADO;NÃO;ESTADOS UNIDOS;5006396;GRUPOCINE FERNANDÓPOLIS 02;1;6000034;44276;44281;FERNANDÓPOLIS;SP;EMPRESA CINEMATOGRAFICA BOMBOCINE LTDA;21.298.337/0001-05
29/09/2020;29/09/2020 16:45:00;SCOOB!;SCOOBY - O FILME;E2000026400000;DUBLADO;NÃO;ESTADOS UNIDOS;5003285;MULTICINE JATAÍ 03;4;6000045;5935;19793;JATAÍ;GO;MULTICINE CINEMAS LTDA;07.609.246/0001-04
29/09/2020;29/09/2020 16:45:00;THE GENTLEMEN;MAGNATAS DO CRIME;E2000005600000;ORIGINAL;SIM;ESTADOS UNIDOS;5006306;GALLERIA CAMPINAS 03 - VIP;0;6000024;17266;43208;CAMPINAS;SP;CINEPOLIS OPERADORA DE CINEMAS DO BRASIL LTDA;09.652.820/0001-32
29/09/2020;29/09/2020 16:45:00;THE GENTLEMEN;MAGNATAS DO CRIME;E2000005600000;ORIGINAL;SIM;ESTADOS UNIDOS;5002939;SALA 05;11;6000024;17266;17763;BELÉM;PA;CINEPOLIS OPERADORA DE CINEMAS DO BRASIL LTDA;09.652.820/0001-32
29/09/2020;29/09/2020 16:45:00;THE SECRET: DARE TO DREAM;O SEGREDO: OUSE SONHAR;E2000080600000;DUBLADO;NÃO;ESTADOS UNIDOS;5005506;CINE A BRAGANÇA PAULISTA SALA 3;3;6000008;3227;32481;BRAGANÇA PAULISTA;SP;CINE A BRAGANCA PAULISTA LTDA;41.861.923/0001-15
29/09/2020;29/09/2020 16:45:00;THE SECRET: DARE TO DREAM;O SEGREDO: OUSE SONHAR;E2000080600000;DUBLADO;NÃO;ESTADOS UNIDOS;5000921;MOVIECOM MAXI 1;3;6000100;2912;2913;JUNDIAÍ;SP;MAXI CINEMATOGRÁFICA LTDA;05.279.756/0001-35
29/09/2020;29/09/2020 16:45:00;THE SECRET: DARE TO DREAM;O SEGREDO: OUSE SONHAR;E2000080600000;DUBLADO;NÃO;ESTADOS UNIDOS;5001496;MOVIECOM TIVOLI 4;5;6000100;2914;2917;SANTA BÁRBARA D'OESTE;SP;CINEMATOGRÁFICA PASSOS LTDA;01.688.909/0001-47
29/09/2020;29/09/2020 16:50:00;FANTASY ISLAND;A ILHA DA FANTASIA;E1900579500000;DUBLADO;NÃO;ESTADOS UNIDOS;5005930;MOBI CINE AÇAILÂNDIA SALA 02;2;6000040;38236;38237;AÇAILÂNDIA;MA;C A V LEMOS E CIA LTDA - ME;14.717.191/0001-11
29/09/2020;29/09/2020 16:50:00;FANTASY ISLAND;A ILHA DA FANTASIA;E1900579500000;DUBLADO;NÃO;ESTADOS UNIDOS;5005957;MOBI CINE REDENÇÃO SALA 2;0;6000040;28561;38513;REDENÇÃO;PA;C A VIEIRA LEMOS E CIA LTDA;20.334.881/0001-94
29/09/2020;29/09/2020 16:50:00;FANTASY ISLAND;A ILHA DA FANTASIA;E1900579500000;DUBLADO;NÃO;ESTADOS UNIDOS;5005380;MOBI CINE TUCURUÍ - SALA 2;0;6000040;28561;31594;TUCURUÍ;PA;C A VIEIRA LEMOS E CIA LTDA;20.334.881/0001-94
29/09/2020;29/09/2020 16:50:00;FANTASY ISLAND;A ILHA DA FANTASIA;E1900579500000;DUBLADO;NÃO;ESTADOS UNIDOS;5002926;SALA 04;11;6000024;17266;17729;SALVADOR;BA;CINEPOLIS OPERADORA DE CINEMAS DO BRASIL LTDA;09.652.820/0001-32
29/09/2020;29/09/2020 16:50:00;FANTASY ISLAND;A ILHA DA FANTASIA;E1900579500000;DUBLADO;NÃO;ESTADOS UNIDOS;5002723;SALA CINE PLAYARTE MANAUARA 03;0;6000049;260;16356;MANAUS;AM;PLAYARTE CINEMAS LTDA.;60.434.149/0001-00
29/09/2020;29/09/2020 16:50:00;Mostras e Festivais;;G0000000000004;DUBLADO;NÃO;;5001518;MOVIECOM BURITI 1;2;6000100;2897;2893;APARECIDA DE GOIÂNIA;GO;MOVIE CINEMAS LTDA;04.708.972/0001-96
29/09/2020;29/09/2020 16:50:00;QUEEN OF SPADES: THROUGH THE LOOKING GLASS;A MALDIÇÃO DO ESPELHO;E1900574500000;DUBLADO;NÃO;RÚSSIA;5005307;CINEFLIX VÁRZEA GRANDE SHOPPING - SALA 4;10;6000014;24534;31101;VÁRZEA GRANDE;MT;REDECINE BSB CINEMATOGRÁFICA LTDA;18.087.870/0001-05
29/09/2020;29/09/2020 16:50:00;QUEEN OF SPADES: THROUGH THE LOOKING GLASS;A MALDIÇÃO DO ESPELHO;E1900574500000;DUBLADO;NÃO;RÚSSIA;5001498;MOVIECOM CASTANHEIRA 3;33;6000100;2897;2896;BELÉM;PA;MOVIE CINEMAS LTDA;04.708.972/0001-96
29/09/2020;29/09/2020 16:50:00;SCOOB!;SCOOBY - O FILME;E2000026400000;DUBLADO;NÃO;ESTADOS UNIDOS;5005722;CINEFLIX VALPARAISO SALA 05;12;6000014;24534;34628;VALPARAÍSO DE GOIÁS;GO;REDECINE BSB CINEMATOGRÁFICA LTDA;18.087.870/0001-05
29/09/2020;29/09/2020 16:50:00;SCOOB!;SCOOBY - O FILME;E2000026400000;DUBLADO;NÃO;ESTADOS UNIDOS;5005984;CINESYSTEM ANANINDEUA SALA 10;0;6000027;22546;38898;ANANINDEUA;PA;REDECINE BRA CINEMATOGRÁFICA S.A.;15.422.993/0001-67
29/09/2020;29/09/2020 16:50:00;SCOOB!;SCOOBY - O FILME;E2000026400000;DUBLADO;NÃO;ESTADOS UNIDOS;5006348;REDECINE PINDAMONHANGABA 02;2;6000034;43781;43782;PINDAMONHANGABA;SP;REDECINE PINDAMONHANGABA CINEMAS LTDA;34.408.375/0001-07
29/09/2020;29/09/2020 16:50:00;SPIDER-MAN: INTO THE SPIDER-VERSE;HOMEM-ARANHA NO ARANHAVERSO;E1800533700000;DUBLADO;NÃO;ESTADOS UNIDOS;5004433;MOVIECOM PÁTIO MARABÁ 1;0;6000100;2897;25394;MARABÁ;PA;MOVIE CINEMAS LTDA;04.708.972/0001-96
29/09/2020;29/09/2020 16:50:00;SPYCIES;AGENTES SELVAGENS;E2000250100000;DUBLADO;NÃO;CHINA;5005723;CINEFLIX VALPARAISO SALA 06;2;6000014;24534;34628;VALPARAÍSO DE GOIÁS;GO;REDECINE BSB CINEMATOGRÁFICA LTDA;18.087.870/0001-05
29/09/2020;29/09/2020 16:50:00;THE SECRET: DARE TO DREAM;O SEGREDO: OUSE SONHAR;E2000080600000;DUBLADO;NÃO;ESTADOS UNIDOS;5002603;CINEMAS BENFICA - SALA 1;7;;15690;15691;FORTALEZA;CE;CINEMAS BENFICA LTDA;07.509.597/0001-43
29/09/2020;29/09/2020 16:50:00;TWILIGHT;CREPÚSCULO;E1600635500000;DUBLADO;NÃO;ESTADOS UNIDOS;5006400;GRUPOCINE GUARUJÁ 03;4;6000034;44276;44283;GUARUJÁ;SP;EMPRESA CINEMATOGRAFICA BOMBOCINE LTDA;21.298.337/0001-05
29/09/2020;29/09/2020 17:00:00;BACK TO THE FUTURE;DE VOLTA PARA O FUTURO;E1402513800000;ORIGINAL;SIM;ESTADOS UNIDOS;5003594;JUNDIAI SHOPPING 07;2;6000024;17266;22674;JUNDIAÍ;SP;CINEPOLIS OPERADORA DE CINEMAS DO BRASIL LTDA;09.652.820/0001-32
29/09/2020;29/09/2020 17:00:00;BLACK PANTHER;PANTERA NEGRA;E1700512400000;DUBLADO;NÃO;ESTADOS UNIDOS;5003098;TOPAZIO POLO SHOPPING 5;3;6000057;2968;19182;INDAIATUBA;SP;LUI CINEMATOGRÁFICA LTDA.;71.912.711/0001-80
29/09/2020;29/09/2020 17:00:00;FANTASY ISLAND;A ILHA DA FANTASIA;E1900579500000;DUBLADO;NÃO;ESTADOS UNIDOS;5005374;2120 CINEMARK MOGI DAS CRUZES SALA 03;10;6000018;1843;31561;MOGI DAS CRUZES;SP;CINEMARK BRASIL S.A;00.779.721/0001-41
29/09/2020;29/09/2020 17:00:00;FANTASY ISLAND;A ILHA DA FANTASIA;E1900579500000;DUBLADO;NÃO;ESTADOS UNIDOS;5005617;CINE A ALTAMIRA SALA 01;0;6000008;28464;33426;ALTAMIRA;PA;CINE A MARABA LTDA;21.160.773/0001-05
29/09/2020;29/09/2020 17:00:00;FANTASY ISLAND;A ILHA DA FANTASIA;E1900579500000;DUBLADO;NÃO;ESTADOS UNIDOS;5006206;CINE A ITAJUBA 03;2;6000008;15833;41725;ITAJUBÁ;MG;CINE A LTDA;10.894.937/0001-01
29/09/2020;29/09/2020 17:00:00;FANTASY ISLAND;A ILHA DA FANTASIA;E1900579500000;DUBLADO;NÃO;ESTADOS UNIDOS;5004948;CINE A MARABÁ SALA 03;3;6000008;28464;28466;MARABÁ;PA;CINE A MARABA LTDA;21.160.773/0001-05
29/09/2020;29/09/2020 17:00:00;FANTASY ISLAND;A ILHA DA FANTASIA;E1900579500000;DUBLADO;NÃO;ESTADOS UNIDOS;5005718;CINEFLIX VALPARAISO SALA 01;0;6000014;24534;34628;VALPARAÍSO DE GOIÁS;GO;REDECINE BSB CINEMATOGRÁFICA LTDA;18.087.870/0001-05
29/09/2020;29/09/2020 17:00:00;FANTASY ISLAND;A ILHA DA FANTASIA;E1900579500000;DUBLADO;NÃO;ESTADOS UNIDOS;5006297;GOIANESIA 02;2;6000040;42975;42976;GOIANÉSIA;GO;MB EXIBICOES CINEMATOGRAFICAS GOIANESIA LTDA;33.296.719/0001-70
29/09/2020;29/09/2020 17:00:00;FANTASY ISLAND;A ILHA DA FANTASIA;E1900579500000;DUBLADO;NÃO;ESTADOS UNIDOS;5003478;SALA CINEPOLIS BELA VISTA 06;2;6000024;17266;21610;SALVADOR;BA;CINEPOLIS OPERADORA DE CINEMAS DO BRASIL LTDA;09.652.820/0001-32
29/09/2020;29/09/2020 17:00:00;FANTASY ISLAND;A ILHA DA FANTASIA;E1900579500000;ORIGINAL;SIM;ESTADOS UNIDOS;5000737;UCI - SHOPPING CENTER IGUATEMI FORTALEZA - SALA 06;7;6000059;2612;2616;FORTALEZA;CE;UCI RIBEIRO LTDA;02.117.937/0001-77
29/09/2020;29/09/2020 17:00:00;FANTASY ISLAND;A ILHA DA FANTASIA;E1900579500000;ORIGINAL;SIM;ESTADOS UNIDOS;5005330;UCI BRASIL - SUMAÚMA PARK SHOPPING MANAUS SALA 07;0;6000058;749;31265;MANAUS;AM;UNITED CINEMAS INTERNATIONAL BRASIL LTDA.;01.289.530/0001-64
29/09/2020;29/09/2020 17:00:00;FANTASY ISLAND;A ILHA DA FANTASIA;E1900579500000;DUBLADO;NÃO;ESTADOS UNIDOS;5004814;UCI BRASIL SHOPPING PARANGABA SALA 02;20;6000058;749;27591;FORTALEZA;CE;UNITED CINEMAS INTERNATIONAL BRASIL LTDA.;01.289.530/0001-64
29/09/2020;29/09/2020 17:00:00;HARRY POTTER AND THE SORCERER'S STONE;HARRY POTTER AND THE SORCERER'S STONE;E1900440700000;ORIGINAL;SIM;ESTADOS UNIDOS;5004589;UCI ORIENT SHOPPING BARRA SALA 7;0;6000060;2606;26893;SALVADOR;BA;UCI-ORIENT LTDA;01.562.356/0001-81
29/09/2020;29/09/2020 17:00:00;MINIONS;MINIONS;E1500311600000;DUBLADO;NÃO;ESTADOS UNIDOS;5002120;CINE DUPLEX SALA 02;0;;6615;6584;AMPARO;SP;EMPRESA CINEMATOGRÁFICA ESTAÇÃO LTDA;01.272.408/0001-85
29/09/2020;29/09/2020 17:00:00;Mostras e Festivais;;G0000000000004;DUBLADO;NÃO;;5005366;CIRCUITO CINEMAS - PNP SALA 03;0;6000028;15568;31541;PENÁPOLIS;SP;CIRCUITO ENTRETENIMENTO E CINEMAS LTDA;08.068.712/0001-54
29/09/2020;29/09/2020 17:00:00;Mostras e Festivais;;G0000000000004;DUBLADO;NÃO;;5001486;MOVIECOM MAXI 2;5;6000100;2912;2913;JUNDIAÍ;SP;MAXI CINEMATOGRÁFICA LTDA;05.279.756/0001-35
29/09/2020;29/09/2020 17:00:00;QUEEN OF SPADES: THROUGH THE LOOKING GLASS;A MALDIÇÃO DO ESPELHO;E1900574500000;DUBLADO;NÃO;RÚSSIA;5000162;NORTH SHOPPING 3;12;6000037;1991;2414;FORTALEZA;CE;EMPRESA CINEMAS SÃO LUIZ S/A;33.497.660/0001-89
29/09/2020;29/09/2020 17:00:00;SCOOB!;SCOOBY - O FILME;E2000026400000;DUBLADO;NÃO;ESTADOS UNIDOS;5006365;ALFENAS SALA 2;0;6000008;15833;44017;ALFENAS;MG;CINE A LTDA;10.894.937/0001-01
29/09/2020;29/09/2020 17:00:00;SCOOB!;SCOOBY - O FILME;E2000026400000;DUBLADO;NÃO;ESTADOS UNIDOS;5004200;ARARAS SALA 2;0;6000008;15833;24551;ARARAS;SP;CINE A LTDA;10.894.937/0001-01
29/09/2020;29/09/2020 17:00:00;SCOOB!;SCOOBY - O FILME;E2000026400000;DUBLADO;NÃO;ESTADOS UNIDOS;5005706;CENTERPLEX GRAND SHOPPING MESSEJANA SALA 01;3;6000006;16321;34486;FORTALEZA;CE;EMPRESA DE CINEMAS FORTALEZA LTDA;10.785.710/0001-28
29/09/2020;29/09/2020 17:00:00;SCOOB!;SCOOBY - O FILME;E2000026400000;DUBLADO;NÃO;ESTADOS UNIDOS;5005924;CENTERPLEX GRANDE CIRCULAR 01;4;6000006;38234;38235;MANAUS;AM;CINE ELI AMAZONAS CINEMAS LTDA - EM RECUPERAÇÃO JUDICIAL;28.619.116/0001-22
29/09/2020;29/09/2020 17:00:00;SCOOB!;SCOOBY - O FILME;E2000026400000;DUBLADO;NÃO;ESTADOS UNIDOS;5002119;CINE DUPLEX SALA 01;4;;6615;6584;AMPARO;SP;EMPRESA CINEMATOGRÁFICA ESTAÇÃO LTDA;01.272.408/0001-85
29/09/2020;29/09/2020 17:00:00;SCOOB!;SCOOBY - O FILME;E2000026400000;DUBLADO;NÃO;ESTADOS UNIDOS;5001795;CINE ITAGUARI SALA 1;5;;5725;6588;SANTO ANTÔNIO DE JESUS;BA;IMPERIAL TURISMO E EVENTOS EIRELI;01.732.317/0001-85
29/09/2020;29/09/2020 17:00:00;SCOOB!;SCOOBY - O FILME;E2000026400000;DUBLADO;NÃO;ESTADOS UNIDOS;5001102;CINE TOPÁZIO 3;3;6000057;2968;6742;INDAIATUBA;SP;LUI CINEMATOGRÁFICA LTDA.;71.912.711/0001-80
29/09/2020;29/09/2020 17:00:00;SCOOB!;SCOOBY - O FILME;E2000026400000;DUBLADO;NÃO;ESTADOS UNIDOS;5005809;CINEFLIX APARECIDA DE GOIANIA - SALA 5;1;6000014;24534;36838;APARECIDA DE GOIÂNIA;GO;REDECINE BSB CINEMATOGRÁFICA LTDA;18.087.870/0001-05
29/09/2020;29/09/2020 17:00:00;SCOOB!;SCOOBY - O FILME;E2000026400000;DUBLADO;NÃO;ESTADOS UNIDOS;5005094;CINÉPOLIS SÃO GONÇALO SHOPPING - SALA 3;6;6000024;17266;30088;SÃO GONÇALO;RJ;CINEPOLIS OPERADORA DE CINEMAS DO BRASIL LTDA;09.652.820/0001-32
29/09/2020;29/09/2020 17:00:00;SCOOB!;SCOOBY - O FILME;E2000026400000;DUBLADO;NÃO;ESTADOS UNIDOS;5006304;GALLERIA CAMPINAS 01 - VIP;0;6000024;17266;43208;CAMPINAS;SP;CINEPOLIS OPERADORA DE CINEMAS DO BRASIL LTDA;09.652.820/0001-32
29/09/2020;29/09/2020 17:00:00;SCOOB!;SCOOBY - O FILME;E2000026400000;DUBLADO;NÃO;ESTADOS UNIDOS;5002941;SALA 02;17;6000024;17266;17763;BELÉM;PA;CINEPOLIS OPERADORA DE CINEMAS DO BRASIL LTDA;09.652.820/0001-32
29/09/2020;29/09/2020 17:00:00;SPYCIES;AGENTES SELVAGENS;E2000250100000;DUBLADO;NÃO;CHINA;5005353;CINESYSTEM SANTARÉM SALA 03;3;6000027;22546;31524;SANTARÉM;PA;REDECINE BRA CINEMATOGRÁFICA S.A.;15.422.993/0001-67
29/09/2020;29/09/2020 17:00:00;SPYCIES;AGENTES SELVAGENS;E2000250100000;DUBLADO;NÃO;CHINA;5005274;MULTICINE SANTA MARIA SALA 05;5;6000045;5935;30733;BRASÍLIA;DF;MULTICINE CINEMAS LTDA;07.609.246/0001-04
29/09/2020;29/09/2020 17:00:00;SPYCIES;AGENTES SELVAGENS;E2000250100000;DUBLADO;NÃO;CHINA;5001078;UCI ORIENT SHOPPING DA BAHIA - SALA 06;13;6000060;2606;6586;SALVADOR;BA;UCI-ORIENT LTDA;01.562.356/0001-81
29/09/2020;29/09/2020 17:00:00;THE GENTLEMEN;MAGNATAS DO CRIME;E2000005600000;DUBLADO;NÃO;ESTADOS UNIDOS;5001522;MOVIECOM BURITI 4;4;6000100;2897;2893;APARECIDA DE GOIÂNIA;GO;MOVIE CINEMAS LTDA;04.708.972/0001-96
29/09/2020;29/09/2020 17:00:00;THE GENTLEMEN;MAGNATAS DO CRIME;E2000005600000;DUBLADO;NÃO;ESTADOS UNIDOS;5001494;MOVIECOM TIVOLI 3;4;6000100;2914;2917;SANTA BÁRBARA D'OESTE;SP;CINEMATOGRÁFICA PASSOS LTDA;01.688.909/0001-47
29/09/2020;29/09/2020 17:00:00;THE SECRET: DARE TO DREAM;O SEGREDO: OUSE SONHAR;E2000080600000;DUBLADO;NÃO;ESTADOS UNIDOS;5005697;CINEPOLIS RIOMAR KENNEDY - SALA 06;8;6000024;17266;34309;FORTALEZA;CE;CINEPOLIS OPERADORA DE CINEMAS DO BRASIL LTDA;09.652.820/0001-32
29/09/2020;29/09/2020 17:00:01;SCOOB!;SCOOBY - O FILME;E2000026400000;DUBLADO;NÃO;ESTADOS UNIDOS;5006073;CINE A ALTAMIRA SALA 03;4;6000008;28464;33426;ALTAMIRA;PA;CINE A MARABA LTDA;21.160.773/0001-05
29/09/2020;29/09/2020 17:05:00;SCOOB!;SCOOBY - O FILME;E2000026400000;DUBLADO;NÃO;ESTADOS UNIDOS;5005338;CINEMAS BENFICA - SALA 4;8;;15690;15691;FORTALEZA;CE;CINEMAS BENFICA LTDA;07.509.597/0001-43
29/09/2020;29/09/2020 17:10:00;BLACK PANTHER;PANTERA NEGRA;E1700512400000;DUBLADO;NÃO;ESTADOS UNIDOS;5005014;MOVIECOM PATIO BELÉM 6;10;6000100;2897;13915;BELÉM;PA;MOVIE CINEMAS LTDA;04.708.972/0001-96
29/09/2020;29/09/2020 17:10:00;BLOODSHOT;BLOODSHOT;E1900579400000;DUBLADO;NÃO;ESTADOS UNIDOS;5000163;NORTH SHOPPING 4;8;6000037;1991;2414;FORTALEZA;CE;EMPRESA CINEMAS SÃO LUIZ S/A;33.497.660/0001-89
29/09/2020;29/09/2020 17:10:00;FANTASY ISLAND;A ILHA DA FANTASIA;E1900579500000;DUBLADO;NÃO;ESTADOS UNIDOS;5006383;GRUPOCINE SANTA ISABEL 01;0;6000034;44276;44277;SANTA ISABEL;SP;EMPRESA CINEMATOGRAFICA BOMBOCINE LTDA;21.298.337/0001-05
29/09/2020;29/09/2020 17:10:00;FANTASY ISLAND;A ILHA DA FANTASIA;E1900579500000;DUBLADO;NÃO;ESTADOS UNIDOS;5004700;SALA RIOMAR 7 - TRADICIONAL;2;6000024;17266;27076;FORTALEZA;CE;CINEPOLIS OPERADORA DE CINEMAS DO BRASIL LTDA;09.652.820/0001-32
29/09/2020;29/09/2020 17:10:00;FANTASY ISLAND;A ILHA DA FANTASIA;E1900579500000;DUBLADO;NÃO;ESTADOS UNIDOS;5005430;UCI BRASIL - SHOPPING BOSQUE GRÃO PARÁ SALA 05;13;6000058;749;32026;BELÉM;PA;UNITED CINEMAS INTERNATIONAL BRASIL LTDA.;01.289.530/0001-64
29/09/2020;29/09/2020 17:10:00;SCOOB!;SCOOBY - O FILME;E2000026400000;DUBLADO;NÃO;ESTADOS UNIDOS;5001482;MOVIECOM MAXI 3;6;6000100;2912;2913;JUNDIAÍ;SP;MAXI CINEMATOGRÁFICA LTDA;05.279.756/0001-35
29/09/2020;29/09/2020 17:10:00;SPYCIES;AGENTES SELVAGENS;E2000250100000;DUBLADO;NÃO;CHINA;5005931;MOBI CINE AÇAILÂNDIA SALA 03;0;6000040;38236;38237;AÇAILÂNDIA;MA;C A V LEMOS E CIA LTDA - ME;14.717.191/0001-11
29/09/2020;29/09/2020 17:10:00;SPYCIES;AGENTES SELVAGENS;E2000250100000;DUBLADO;NÃO;CHINA;5005958;MOBI CINE REDENÇÃO SALA 3;0;6000040;28561;38513;REDENÇÃO;PA;C A VIEIRA LEMOS E CIA LTDA;20.334.881/0001-94
29/09/2020;29/09/2020 17:10:00;WONDER WOMAN;MULHER-MARAVILHA;E1700197900000;DUBLADO;NÃO;ESTADOS UNIDOS;5001524;MOVIECOM BURITI 6;0;6000100;2897;2893;APARECIDA DE GOIÂNIA;GO;MOVIE CINEMAS LTDA;04.708.972/0001-96
29/09/2020;29/09/2020 17:15:00;ESCAPE FROM PRETORIA;FUGA DE PRETÓRIA;E2000249400000;ORIGINAL;SIM;ÁFRICA DO SUL;5006216;SALA 08 - VIP;0;6000024;17266;17729;SALVADOR;BA;CINEPOLIS OPERADORA DE CINEMAS DO BRASIL LTDA;09.652.820/0001-32
29/09/2020;29/09/2020 17:15:00;FANTASY ISLAND;A ILHA DA FANTASIA;E1900579500000;DUBLADO;NÃO;ESTADOS UNIDOS;5002477;CINE CAVALIERE ORLANDI SALA 01;2;;15009;15010;SOCORRO;SP;ORLANDI MARCHESE LTDA - ME;03.091.068/0001-11
29/09/2020;29/09/2020 17:15:00;FANTASY ISLAND;A ILHA DA FANTASIA;E1900579500000;DUBLADO;NÃO;ESTADOS UNIDOS;5005104;CINÉPOLIS CAMPINAS SHOPPING - SALA 5;0;6000024;17266;30090;CAMPINAS;SP;CINEPOLIS OPERADORA DE CINEMAS DO BRASIL LTDA;09.652.820/0001-32
29/09/2020;29/09/2020 17:15:00;FANTASY ISLAND;A ILHA DA FANTASIA;E1900579500000;DUBLADO;NÃO;ESTADOS UNIDOS;5005164;CINÉPOLIS MANAUS PLAZA - SALA 8;0;6000024;17266;30118;MANAUS;AM;CINEPOLIS OPERADORA DE CINEMAS DO BRASIL LTDA;09.652.820/0001-32
29/09/2020;29/09/2020 17:15:00;FANTASY ISLAND;A ILHA DA FANTASIA;E1900579500000;DUBLADO;NÃO;ESTADOS UNIDOS;5005098;CINÉPOLIS SÃO GONÇALO SHOPPING - SALA 7;8;6000024;17266;30088;SÃO GONÇALO;RJ;CINEPOLIS OPERADORA DE CINEMAS DO BRASIL LTDA;09.652.820/0001-32
29/09/2020;29/09/2020 17:15:00;FANTASY ISLAND;A ILHA DA FANTASIA;E1900579500000;DUBLADO;NÃO;ESTADOS UNIDOS;5003588;JUNDIAI SHOPPING 01;13;6000024;17266;22674;JUNDIAÍ;SP;CINEPOLIS OPERADORA DE CINEMAS DO BRASIL LTDA;09.652.820/0001-32
29/09/2020;29/09/2020 17:15:00;FANTASY ISLAND;A ILHA DA FANTASIA;E1900579500000;DUBLADO;NÃO;ESTADOS UNIDOS;5001484;MOVIECOM MAXI 4;0;6000100;2912;2913;JUNDIAÍ;SP;MAXI CINEMATOGRÁFICA LTDA;05.279.756/0001-35
29/09/2020;29/09/2020 17:15:00;FANTASY ISLAND;A ILHA DA FANTASIA;E1900579500000;DUBLADO;NÃO;ESTADOS UNIDOS;5001492;MOVIECOM TIVOLI 1;14;6000100;2914;2917;SANTA BÁRBARA D'OESTE;SP;CINEMATOGRÁFICA PASSOS LTDA;01.688.909/0001-47
29/09/2020;29/09/2020 17:15:00;SCOOB!;SCOOBY - O FILME;E2000026400000;DUBLADO;NÃO;ESTADOS UNIDOS;5005505;CINE A BRAGANÇA PAULISTA SALA 2;6;6000008;3227;32481;BRAGANÇA PAULISTA;SP;CINE A BRAGANCA PAULISTA LTDA;41.861.923/0001-15
29/09/2020;29/09/2020 17:15:00;THE GENTLEMEN;MAGNATAS DO CRIME;E2000005600000;DUBLADO;NÃO;ESTADOS UNIDOS;5005354;CINESYSTEM SANTARÉM SALA 04;9;6000027;22546;31524;SANTARÉM;PA;REDECINE BRA CINEMATOGRÁFICA S.A.;15.422.993/0001-67
29/09/2020;29/09/2020 17:20:00;FANTASY ISLAND;A ILHA DA FANTASIA;E1900579500000;DUBLADO;NÃO;ESTADOS UNIDOS;5001520;MOVIECOM BURITI 2;6;6000100;2897;2893;APARECIDA DE GOIÂNIA;GO;MOVIE CINEMAS LTDA;04.708.972/0001-96
29/09/2020;29/09/2020 17:20:00;Mostras e Festivais;;G0000000000004;ORIGINAL;SIM;;5000123;KINOPLEX D. PEDRO 10 - PLATINUM;0;6000037;1991;2404;CAMPINAS;SP;EMPRESA CINEMAS SÃO LUIZ S/A;33.497.660/0001-89
29/09/2020;29/09/2020 17:20:00;QUEEN OF SPADES: THROUGH THE LOOKING GLASS;A MALDIÇÃO DO ESPELHO;E1900574500000;ORIGINAL;SIM;RÚSSIA;5000735;UCI - SHOPPING CENTER IGUATEMI FORTALEZA - SALA 04;1;6000059;2612;2616;FORTALEZA;CE;UCI RIBEIRO LTDA;02.117.937/0001-77
29/09/2020;29/09/2020 17:20:00;THE GENTLEMEN;MAGNATAS DO CRIME;E2000005600000;DUBLADO;NÃO;ESTADOS UNIDOS;5006384;GRUPOCINE SANTA ISABEL 02;0;6000034;44276;44277;SANTA ISABEL;SP;EMPRESA CINEMATOGRAFICA BOMBOCINE LTDA;21.298.337/0001-05
29/09/2020;29/09/2020 17:20:00;THE GENTLEMEN;MAGNATAS DO CRIME;E2000005600000;DUBLADO;NÃO;ESTADOS UNIDOS;5001491;MOVIECOM MAXI 6;2;6000100;2912;2913;JUNDIAÍ;SP;MAXI CINEMATOGRÁFICA LTDA;05.279.756/0001-35
29/09/2020;29/09/2020 17:20:00;THE SECRET: DARE TO DREAM;O SEGREDO: OUSE SONHAR;E2000080600000;ORIGINAL;SIM;ESTADOS UNIDOS;5006307;GALLERIA CAMPINAS 04 - VIP;1;6000024;17266;43208;CAMPINAS;SP;CINEPOLIS OPERADORA DE CINEMAS DO BRASIL LTDA;09.652.820/0001-32
29/09/2020;29/09/2020 17:20:00;THE SECRET: DARE TO DREAM;O SEGREDO: OUSE SONHAR;E2000080600000;DUBLADO;NÃO;ESTADOS UNIDOS;5006543;PARAISO MEGA CENTER 2;0;6000045;5935;45579;VALPARAÍSO DE GOIÁS;GO;MULTICINE CINEMAS LTDA;07.609.246/0001-04
29/09/2020;29/09/2020 17:25:00;MINHA MÃE É UMA PEÇA;;B1301808100000;ORIGINAL;NÃO;BRASIL;5001083;UCI ORIENT SHOPPING DA BAHIA - SALA 11;10;6000060;2606;6586;SALVADOR;BA;UCI-ORIENT LTDA;01.562.356/0001-81
29/09/2020;29/09/2020 17:25:00;MINIONS;MINIONS;E1500311600000;DUBLADO;NÃO;ESTADOS UNIDOS;5001604;CINE 3 FERRY BOAT´S PLAZA 1;0;;5294;6684;GUARUJÁ;SP;SOBRAL EVENTOS E ENTRETENIMENTO LTDA;07.159.860/0001-11
29/09/2020;29/09/2020 17:30:00;BIRDS OF PREY (AND THE FANTABULOUS EMANCIPATION OF ONE HARLEY QUINN);AVES DE RAPINA (ARLEQUINA E SUA EMANCIPAÇÃO FANTABULOSA);E1900628800000;DUBLADO;NÃO;ESTADOS UNIDOS;5006258;CIRCUITO PONTA PORA 02;3;6000028;15568;42557;PONTA PORÃ;MS;CIRCUITO ENTRETENIMENTO E CINEMAS LTDA;08.068.712/0001-54
29/09/2020;29/09/2020 17:30:00;BLACK PANTHER;PANTERA NEGRA;E1700512400000;DUBLADO;NÃO;ESTADOS UNIDOS;5005191;ATLÂNTICO;0;6000034;30170;30172;AQUIDAUANA;MS;ATLANTICO CINE LTDA - EPP;22.455.854/0001-03
29/09/2020;29/09/2020 17:30:00;E.T;E.T. O EXTRATERRESTRE;E1500491000000;DUBLADO;NÃO;ESTADOS UNIDOS;5003095;TOPAZIO POLO SHOPPING 2;0;6000057;2968;19182;INDAIATUBA;SP;LUI CINEMATOGRÁFICA LTDA.;71.912.711/0001-80
29/09/2020;29/09/2020 17:30:00;EL ROBO DEL SIGLO;O ROUBO DO SÉCULO;E2000030900000;ORIGINAL;SIM;ARGENTINA;5005152;CINÉPOLIS MILLENNIUM - SALA 4;2;6000024;17266;30116;MANAUS;AM;CINEPOLIS OPERADORA DE CINEMAS DO BRASIL LTDA;09.652.820/0001-32
29/09/2020;29/09/2020 17:30:00;FANTASY ISLAND;A ILHA DA FANTASIA;E1900579500000;DUBLADO;NÃO;ESTADOS UNIDOS;5005707;CENTERPLEX GRAND SHOPPING MESSEJANA SALA 02;5;6000006;16321;34486;FORTALEZA;CE;EMPRESA DE CINEMAS FORTALEZA LTDA;10.785.710/0001-28
29/09/2020;29/09/2020 17:30:00;FANTASY ISLAND;A ILHA DA FANTASIA;E1900579500000;DUBLADO;NÃO;ESTADOS UNIDOS;5005925;CENTERPLEX GRANDE CIRCULAR 02;0;6000006;38234;38235;MANAUS;AM;CINE ELI AMAZONAS CINEMAS LTDA - EM RECUPERAÇÃO JUDICIAL;28.619.116/0001-22
29/09/2020;29/09/2020 17:30:00;FANTASY ISLAND;A ILHA DA FANTASIA;E1900579500000;DUBLADO;NÃO;ESTADOS UNIDOS;5002829;CENTERPLEX MARACANAU SALA 01;3;6000006;16321;16969;MARACANAÚ;CE;EMPRESA DE CINEMAS FORTALEZA LTDA;10.785.710/0001-28
29/09/2020;29/09/2020 17:30:00;FANTASY ISLAND;A ILHA DA FANTASIA;E1900579500000;DUBLADO;NÃO;ESTADOS UNIDOS;5001149;CINE PORTO;0;;2351;2352;UBATUBA;SP;CINEMATOGRÁFICA LITORAL NORTE LTDA-EPP;04.165.613/0001-30
29/09/2020;29/09/2020 17:30:00;FANTASY ISLAND;A ILHA DA FANTASIA;E1900579500000;ORIGINAL;SIM;ESTADOS UNIDOS;5005309;CINEFLIX VÁRZEA GRANDE SHOPPING - SALA 6;0;6000014;24534;31101;VÁRZEA GRANDE;MT;REDECINE BSB CINEMATOGRÁFICA LTDA;18.087.870/0001-05
29/09/2020;29/09/2020 17:30:00;FANTASY ISLAND;A ILHA DA FANTASIA;E1900579500000;DUBLADO;NÃO;ESTADOS UNIDOS;5001505;MOVIECOM CASTANHEIRA 7;8;6000100;2897;2896;BELÉM;PA;MOVIE CINEMAS LTDA;04.708.972/0001-96
29/09/2020;29/09/2020 17:30:00;FANTASY ISLAND;A ILHA DA FANTASIA;E1900579500000;DUBLADO;NÃO;ESTADOS UNIDOS;5002257;MOVIECOM PATIO BELÉM 2;21;6000100;2897;13915;BELÉM;PA;MOVIE CINEMAS LTDA;04.708.972/0001-96
29/09/2020;29/09/2020 17:30:00;FANTASY ISLAND;A ILHA DA FANTASIA;E1900579500000;DUBLADO;NÃO;ESTADOS UNIDOS;5004432;MOVIECOM UNIMART 6;0;6000100;2897;5573;CAMPINAS;SP;MOVIE CINEMAS LTDA;04.708.972/0001-96
29/09/2020;29/09/2020 17:30:00;FANTASY ISLAND;A ILHA DA FANTASIA;E1900579500000;DUBLADO;NÃO;ESTADOS UNIDOS;5000161;NORTH SHOPPING 2;9;6000037;1991;2414;FORTALEZA;CE;EMPRESA CINEMAS SÃO LUIZ S/A;33.497.660/0001-89
29/09/2020;29/09/2020 17:30:00;MINIONS;MINIONS;E1500311600000;DUBLADO;NÃO;ESTADOS UNIDOS;5004587;UCI ORIENT SHOPPING BARRA SALA 5;5;6000060;2606;26893;SALVADOR;BA;UCI-ORIENT LTDA;01.562.356/0001-81
29/09/2020;29/09/2020 17:30:00;QUEEN OF SPADES: THROUGH THE LOOKING GLASS;A MALDIÇÃO DO ESPELHO;E1900574500000;DUBLADO;NÃO;RÚSSIA;5001493;MOVIECOM MAXI 7;0;6000100;2912;2913;JUNDIAÍ;SP;MAXI CINEMATOGRÁFICA LTDA;05.279.756/0001-35
29/09/2020;29/09/2020 17:30:00;QUEEN OF SPADES: THROUGH THE LOOKING GLASS;A MALDIÇÃO DO ESPELHO;E1900574500000;DUBLADO;NÃO;RÚSSIA;5002929;SALA 01;12;6000024;17266;17729;SALVADOR;BA;CINEPOLIS OPERADORA DE CINEMAS DO BRASIL LTDA;09.652.820/0001-32
29/09/2020;29/09/2020 17:30:00;QUEEN OF SPADES: THROUGH THE LOOKING GLASS;A MALDIÇÃO DO ESPELHO;E1900574500000;DUBLADO;NÃO;RÚSSIA;5003481;SALA CINEPOLIS BELA VISTA 09;10;6000024;17266;21610;SALVADOR;BA;CINEPOLIS OPERADORA DE CINEMAS DO BRASIL LTDA;09.652.820/0001-32
29/09/2020;29/09/2020 17:30:00;QUEEN OF SPADES: THROUGH THE LOOKING GLASS;A MALDIÇÃO DO ESPELHO;E1900574500000;DUBLADO;NÃO;RÚSSIA;5004473;SALA CINEPOLIS NORTH SHOPPING JOQUEI 03;10;6000024;17266;25960;FORTALEZA;CE;CINEPOLIS OPERADORA DE CINEMAS DO BRASIL LTDA;09.652.820/0001-32
29/09/2020;29/09/2020 17:30:00;SCOOB!;SCOOBY - O FILME;E2000026400000;DUBLADO;NÃO;ESTADOS UNIDOS;5002824;CENTERPLEX VIA SUL SHOPPING 3;0;6000006;16321;16322;FORTALEZA;CE;EMPRESA DE CINEMAS FORTALEZA LTDA;10.785.710/0001-28
29/09/2020;29/09/2020 17:30:00;SCOOB!;SCOOBY - O FILME;E2000026400000;DUBLADO;NÃO;ESTADOS UNIDOS;5006217;CINE LAGUNA 2;3;6000141;24511;24512;ALAGOINHAS;BA;VICTORY EVENTOS & TURISMO LTDA;05.607.525/0001-03
29/09/2020;29/09/2020 17:30:00;SCOOB!;SCOOBY - O FILME;E2000026400000;DUBLADO;NÃO;ESTADOS UNIDOS;5005163;CINÉPOLIS MANAUS PLAZA - SALA 7;0;6000024;17266;30118;MANAUS;AM;CINEPOLIS OPERADORA DE CINEMAS DO BRASIL LTDA;09.652.820/0001-32
29/09/2020;29/09/2020 17:30:00;SCOOB!;SCOOBY - O FILME;E2000026400000;DUBLADO;NÃO;ESTADOS UNIDOS;5002726;SALA CINE PLAYARTE MANAUARA 06;20;6000049;260;16356;MANAUS;AM;PLAYARTE CINEMAS LTDA.;60.434.149/0001-00
29/09/2020;29/09/2020 17:30:00;THE GENTLEMEN;MAGNATAS DO CRIME;E2000005600000;DUBLADO;NÃO;ESTADOS UNIDOS;5005325;UCI BRASIL - SUMAÚMA PARK SHOPPING MANAUS SALA 02;15;6000058;749;31265;MANAUS;AM;UNITED CINEMAS INTERNATIONAL BRASIL LTDA.;01.289.530/0001-64
29/09/2020;29/09/2020 17:30:00;THE SECRET: DARE TO DREAM;O SEGREDO: OUSE SONHAR;E2000080600000;DUBLADO;NÃO;ESTADOS UNIDOS;5005107;CINÉPOLIS CAMPINAS SHOPPING - SALA 8;4;6000024;17266;30090;CAMPINAS;SP;CINEPOLIS OPERADORA DE CINEMAS DO BRASIL LTDA;09.652.820/0001-32
29/09/2020;29/09/2020 17:30:00;THE SECRET: DARE TO DREAM;O SEGREDO: OUSE SONHAR;E2000080600000;DUBLADO;NÃO;ESTADOS UNIDOS;5003488;SALA PQ.BELEM 07;8;6000024;17266;21616;BELÉM;PA;CINEPOLIS OPERADORA DE CINEMAS DO BRASIL LTDA;09.652.820/0001-32
29/09/2020;29/09/2020 17:35:00;FANTASY ISLAND;A ILHA DA FANTASIA;E1900579500000;DUBLADO;NÃO;ESTADOS UNIDOS;5005693;CINEPOLIS RIOMAR KENNEDY - SALA 02;8;6000024;17266;34309;FORTALEZA;CE;CINEPOLIS OPERADORA DE CINEMAS DO BRASIL LTDA;09.652.820/0001-32
29/09/2020;29/09/2020 17:35:00;FANTASY ISLAND;A ILHA DA FANTASIA;E1900579500000;DUBLADO;NÃO;ESTADOS UNIDOS;5002938;SALA 04;9;6000024;17266;17763;BELÉM;PA;CINEPOLIS OPERADORA DE CINEMAS DO BRASIL LTDA;09.652.820/0001-32
29/09/2020;29/09/2020 17:40:00;FANTASY ISLAND;A ILHA DA FANTASIA;E1900579500000;DUBLADO;NÃO;ESTADOS UNIDOS;5004186;CINEFLIX JK SHOPPING - SALA 3;8;6000014;24534;24535;BRASÍLIA;DF;REDECINE BSB CINEMATOGRÁFICA LTDA;18.087.870/0001-05
29/09/2020;29/09/2020 17:40:00;FANTASY ISLAND;A ILHA DA FANTASIA;E1900579500000;DUBLADO;NÃO;ESTADOS UNIDOS;5002678;ORIENT CINE PARELELA - SALA 03;6;6000060;2606;16207;SALVADOR;BA;UCI-ORIENT LTDA;01.562.356/0001-81
29/09/2020;29/09/2020 17:40:00;FANTASY ISLAND;A ILHA DA FANTASIA;E1900579500000;DUBLADO;NÃO;ESTADOS UNIDOS;5006474;REDECINE SUMARE 03;3;6000014;5654;44547;SUMARÉ;SP;REDECINE-CPQ CINEMATOGRÁFICA LTDA;07.665.262/0001-14
29/09/2020;29/09/2020 17:40:00;MINHA MÃE É UMA PEÇA;;B1301808100000;ORIGINAL;NÃO;BRASIL;5006387;GRUPOCINE VALINHOS 03;0;6000034;44276;44278;VALINHOS;SP;EMPRESA CINEMATOGRAFICA BOMBOCINE LTDA;21.298.337/0001-05
29/09/2020;29/09/2020 17:40:00;Mostras e Festivais;;G0000000000004;ORIGINAL;SIM;;5000321;SHOPPING IGUATEMI 7;7;6000018;1843;2538;CAMPINAS;SP;CINEMARK BRASIL S.A;00.779.721/0001-41
29/09/2020;29/09/2020 17:40:00;QUEEN OF SPADES: THROUGH THE LOOKING GLASS;A MALDIÇÃO DO ESPELHO;E1900574500000;DUBLADO;NÃO;RÚSSIA;5005633;CINEMARK FOZ DO IGUAÇU SALA 04;0;6000018;1843;33653;FOZ DO IGUAÇU;PR;CINEMARK BRASIL S.A;00.779.721/0001-41
29/09/2020;29/09/2020 17:40:00;QUEEN OF SPADES: THROUGH THE LOOKING GLASS;A MALDIÇÃO DO ESPELHO;E1900574500000;DUBLADO;NÃO;RÚSSIA;5001623;CINEMARK JACAREI 4;2;6000018;5130;6664;JACAREÍ;SP;CINE PRIME CINEMA LTDA;05.897.142/0001-17
29/09/2020;29/09/2020 17:40:00;SCOOB!;SCOOBY - O FILME;E2000026400000;DUBLADO;NÃO;ESTADOS UNIDOS;5003589;JUNDIAI SHOPPING 02;3;6000024;17266;22674;JUNDIAÍ;SP;CINEPOLIS OPERADORA DE CINEMAS DO BRASIL LTDA;09.652.820/0001-32
29/09/2020;29/09/2020 17:40:00;SCOOB!;SCOOBY - O FILME;E2000026400000;DUBLADO;NÃO;ESTADOS UNIDOS;5003473;SALA CINEPOLIS BELA VISTA 01;8;6000024;17266;21610;SALVADOR;BA;CINEPOLIS OPERADORA DE CINEMAS DO BRASIL LTDA;09.652.820/0001-32
29/09/2020;29/09/2020 17:40:00;THE GENTLEMEN;MAGNATAS DO CRIME;E2000005600000;ORIGINAL;SIM;ESTADOS UNIDOS;5004366;SALA CINEPOLIS PONTA NEGRA 03 VIP;0;6000024;17266;25193;MANAUS;AM;CINEPOLIS OPERADORA DE CINEMAS DO BRASIL LTDA;09.652.820/0001-32
29/09/2020;29/09/2020 17:40:00;THE SECRET: DARE TO DREAM;O SEGREDO: OUSE SONHAR;E2000080600000;DUBLADO;NÃO;ESTADOS UNIDOS;5005160;CINÉPOLIS MANAUS PLAZA - SALA 4;0;6000024;17266;30118;MANAUS;AM;CINEPOLIS OPERADORA DE CINEMAS DO BRASIL LTDA;09.652.820/0001-32
29/09/2020;29/09/2020 17:45:00;ESCAPE FROM PRETORIA;FUGA DE PRETÓRIA;E2000249400000;DUBLADO;NÃO;ÁFRICA DO SUL;5004189;CINEFLIX JK SHOPPING - SALA 6;0;6000014;24534;24535;BRASÍLIA;DF;REDECINE BSB CINEMATOGRÁFICA LTDA;18.087.870/0001-05
29/09/2020;29/09/2020 17:45:00;FANTASY ISLAND;A ILHA DA FANTASIA;E1900579500000;DUBLADO;NÃO;ESTADOS UNIDOS;5002711;CENTERPLEX VIA SUL SHOPPING 1;4;6000006;16321;16322;FORTALEZA;CE;EMPRESA DE CINEMAS FORTALEZA LTDA;10.785.710/0001-28
29/09/2020;29/09/2020 17:45:00;Mostras e Festivais;;G0000000000004;DUBLADO;NÃO;;5003283;MULTICINE JATAÍ 01;2;6000045;5935;19793;JATAÍ;GO;MULTICINE CINEMAS LTDA;07.609.246/0001-04
29/09/2020;29/09/2020 17:45:00;Mostras e Festivais;;G0000000000004;ORIGINAL;SIM;;5004474;SALA CINEPOLIS NORTH SHOPPING JOQUEI 04;2;6000024;17266;25960;FORTALEZA;CE;CINEPOLIS OPERADORA DE CINEMAS DO BRASIL LTDA;09.652.820/0001-32
29/09/2020;29/09/2020 17:45:00;SCOOB!;SCOOBY - O FILME;E2000026400000;DUBLADO;NÃO;ESTADOS UNIDOS;5006386;GRUPOCINE VALINHOS 02;0;6000034;44276;44278;VALINHOS;SP;EMPRESA CINEMATOGRAFICA BOMBOCINE LTDA;21.298.337/0001-05
29/09/2020;29/09/2020 17:45:00;THE GENTLEMEN;MAGNATAS DO CRIME;E2000005600000;DUBLADO;NÃO;ESTADOS UNIDOS;5006358;MULTICINE IANDE SHOPPING 3;0;6000045;5935;43968;CAUCAIA;CE;MULTICINE CINEMAS LTDA;07.609.246/0001-04
29/09/2020;29/09/2020 17:45:00;THE GENTLEMEN;MAGNATAS DO CRIME;E2000005600000;DUBLADO;NÃO;ESTADOS UNIDOS;5006476;REDECINE SUMARE 05;2;6000014;5654;44547;SUMARÉ;SP;REDECINE-CPQ CINEMATOGRÁFICA LTDA;07.665.262/0001-14
29/09/2020;29/09/2020 17:45:00;THE SECRET: DARE TO DREAM;O SEGREDO: OUSE SONHAR;E2000080600000;DUBLADO;NÃO;ESTADOS UNIDOS;5005319;CINEFLIX SHOPPING PRAÇA NOVA ARAÇATUBA - SALA 04;2;6000014;25182;31153;ARAÇATUBA;SP;REDECINE SUL CINEMAS LTDA.;18.672.374/0001-19
29/09/2020;29/09/2020 17:50:00;ESCAPE FROM PRETORIA;FUGA DE PRETÓRIA;E2000249400000;ORIGINAL;SIM;ÁFRICA DO SUL;5004697;SALA RIOMAR 4 -VIP;1;6000024;17266;27076;FORTALEZA;CE;CINEPOLIS OPERADORA DE CINEMAS DO BRASIL LTDA;09.652.820/0001-32
29/09/2020;29/09/2020 17:50:00;FANTASY ISLAND;A ILHA DA FANTASIA;E1900579500000;DUBLADO;NÃO;ESTADOS UNIDOS;5006345;CINE SÃO JOSÉ 01;0;;35523;43768;JEQUIÉ;BA;CINE SÃO JOSÉ ENTRETENIMENTO LTDA - ME;26.915.517/0001-02
29/09/2020;29/09/2020 17:50:00;FANTASY ISLAND;A ILHA DA FANTASIA;E1900579500000;DUBLADO;NÃO;ESTADOS UNIDOS;5000128;KINOPLEX D. PEDRO 15;6;6000037;1991;2404;CAMPINAS;SP;EMPRESA CINEMAS SÃO LUIZ S/A;33.497.660/0001-89
29/09/2020;29/09/2020 17:50:00;FANTASY ISLAND;A ILHA DA FANTASIA;E1900579500000;ORIGINAL;SIM;ESTADOS UNIDOS;5004583;UCI ORIENT SHOPPING BARRA SALA 1;3;6000060;2606;26893;SALVADOR;BA;UCI-ORIENT LTDA;01.562.356/0001-81
29/09/2020;29/09/2020 17:50:00;QUEEN OF SPADES: THROUGH THE LOOKING GLASS;A MALDIÇÃO DO ESPELHO;E1900574500000;DUBLADO;NÃO;RÚSSIA;5002724;SALA CINE PLAYARTE MANAUARA 08;3;6000049;260;16356;MANAUS;AM;PLAYARTE CINEMAS LTDA.;60.434.149/0001-00
29/09/2020;29/09/2020 17:50:00;SCOOB!;SCOOBY - O FILME;E2000026400000;DUBLADO;NÃO;ESTADOS UNIDOS;5000924;MOVIECOM TIVOLI 2;11;6000100;2914;2917;SANTA BÁRBARA D'OESTE;SP;CINEMATOGRÁFICA PASSOS LTDA;01.688.909/0001-47
29/09/2020;29/09/2020 17:50:00;THE GENTLEMEN;MAGNATAS DO CRIME;E2000005600000;DUBLADO;NÃO;ESTADOS UNIDOS;5004437;MOVIECOM PÁTIO MARABÁ 5;4;6000100;2897;25394;MARABÁ;PA;MOVIE CINEMAS LTDA;04.708.972/0001-96
29/09/2020;29/09/2020 17:50:00;THE GENTLEMEN;MAGNATAS DO CRIME;E2000005600000;DUBLADO;NÃO;ESTADOS UNIDOS;5001708;MOVIECOM UNIMART 3;1;6000100;2897;5573;CAMPINAS;SP;MOVIE CINEMAS LTDA;04.708.972/0001-96
29/09/2020;29/09/2020 17:55:00;THE GENTLEMEN;MAGNATAS DO CRIME;E2000005600000;DUBLADO;NÃO;ESTADOS UNIDOS;5004188;CINEFLIX JK SHOPPING - SALA 5;0;6000014;24534;24535;BRASÍLIA;DF;REDECINE BSB CINEMATOGRÁFICA LTDA;18.087.870/0001-05
29/09/2020;29/09/2020 18:00:00;EL ROBO DEL SIGLO;O ROUBO DO SÉCULO;E2000030900000;ORIGINAL;SIM;ARGENTINA;5001101;CINE TOPÁZIO 2;1;6000057;2968;6742;INDAIATUBA;SP;LUI CINEMATOGRÁFICA LTDA.;71.912.711/0001-80
29/09/2020;29/09/2020 18:00:00;EL ROBO DEL SIGLO;O ROUBO DO SÉCULO;E2000030900000;ORIGINAL;SIM;ARGENTINA;5002679;ORIENT CINE PARALELA - SALA 05;3;6000060;2606;16207;SALVADOR;BA;UCI-ORIENT LTDA;01.562.356/0001-81
29/09/2020;29/09/2020 18:00:00;EL ROBO DEL SIGLO;O ROUBO DO SÉCULO;E2000030900000;ORIGINAL;SIM;ARGENTINA;5000742;UCI - SHOPPING CENTER IGUATEMI FORTALEZA - SALA 11;2;6000059;2612;2616;FORTALEZA;CE;UCI RIBEIRO LTDA;02.117.937/0001-77
29/09/2020;29/09/2020 18:00:00;FANTASY ISLAND;A ILHA DA FANTASIA;E1900579500000;DUBLADO;NÃO;ESTADOS UNIDOS;5005806;CINEFLIX APARECIDA DE GOIANIA - SALA 2;0;6000014;24534;36838;APARECIDA DE GOIÂNIA;GO;REDECINE BSB CINEMATOGRÁFICA LTDA;18.087.870/0001-05
29/09/2020;29/09/2020 18:00:00;FANTASY ISLAND;A ILHA DA FANTASIA;E1900579500000;DUBLADO;NÃO;ESTADOS UNIDOS;5005149;CINÉPOLIS MILLENNIUM - SALA 1;2;6000024;17266;30116;MANAUS;AM;CINEPOLIS OPERADORA DE CINEMAS DO BRASIL LTDA;09.652.820/0001-32
29/09/2020;29/09/2020 18:00:00;FANTASY ISLAND;A ILHA DA FANTASIA;E1900579500000;DUBLADO;NÃO;ESTADOS UNIDOS;5002721;SALA CINE PLAYARTE MANAUARA 01;22;6000049;260;16356;MANAUS;AM;PLAYARTE CINEMAS LTDA.;60.434.149/0001-00
29/09/2020;29/09/2020 18:00:00;FANTASY ISLAND;A ILHA DA FANTASIA;E1900579500000;DUBLADO;NÃO;ESTADOS UNIDOS;5003483;SALA PQ.BELEM 02;1;6000024;17266;21616;BELÉM;PA;CINEPOLIS OPERADORA DE CINEMAS DO BRASIL LTDA;09.652.820/0001-32
29/09/2020;29/09/2020 18:00:00;FANTASY ISLAND;A ILHA DA FANTASIA;E1900579500000;DUBLADO;NÃO;ESTADOS UNIDOS;5001081;UCI ORIENT SHOPPING DA BAHIA - SALA 09;11;6000060;2606;6586;SALVADOR;BA;UCI-ORIENT LTDA;01.562.356/0001-81
29/09/2020;29/09/2020 18:00:00;HARRY POTTER AND THE PHILOSOPHER'S STONE;HARRY POTTER E A PEDRA FILOSOFAL;E1500138600000;DUBLADO;NÃO;ESTADOS UNIDOS;5000121;KINOPLEX D. PEDRO 8;5;6000037;1991;2404;CAMPINAS;SP;EMPRESA CINEMAS SÃO LUIZ S/A;33.497.660/0001-89
29/09/2020;29/09/2020 18:00:00;Mostras e Festivais;;G0000000000004;ORIGINAL;SIM;;5000125;KINOPLEX D. PEDRO 12;0;6000037;1991;2404;CAMPINAS;SP;EMPRESA CINEMAS SÃO LUIZ S/A;33.497.660/0001-89
29/09/2020;29/09/2020 18:00:00;QUEEN OF SPADES: THROUGH THE LOOKING GLASS;A MALDIÇÃO DO ESPELHO;E1900574500000;DUBLADO;NÃO;RÚSSIA;5005352;CINESYSTEM SANTARÉM SALA 02;6;6000027;22546;31524;SANTARÉM;PA;REDECINE BRA CINEMATOGRÁFICA S.A.;15.422.993/0001-67
29/09/2020;29/09/2020 18:00:00;QUEEN OF SPADES: THROUGH THE LOOKING GLASS;A MALDIÇÃO DO ESPELHO;E1900574500000;DUBLADO;NÃO;RÚSSIA;5005103;CINÉPOLIS CAMPINAS SHOPPING - SALA 4;2;6000024;17266;30090;CAMPINAS;SP;CINEPOLIS OPERADORA DE CINEMAS DO BRASIL LTDA;09.652.820/0001-32
29/09/2020;29/09/2020 18:00:00;QUEEN OF SPADES: THROUGH THE LOOKING GLASS;A MALDIÇÃO DO ESPELHO;E1900574500000;DUBLADO;NÃO;RÚSSIA;5000079;KINOPLEX AMAZONAS SALA 01;13;6000037;1991;2393;MANAUS;AM;EMPRESA CINEMAS SÃO LUIZ S/A;33.497.660/0001-89
29/09/2020;29/09/2020 18:00:00;QUEEN OF SPADES: THROUGH THE LOOKING GLASS;A MALDIÇÃO DO ESPELHO;E1900574500000;DUBLADO;NÃO;RÚSSIA;5004703;SALA RIOMAR 10 - TRADICIONAL;2;6000024;17266;27076;FORTALEZA;CE;CINEPOLIS OPERADORA DE CINEMAS DO BRASIL LTDA;09.652.820/0001-32
29/09/2020;29/09/2020 18:00:00;SCOOB!;SCOOBY - O FILME;E2000026400000;DUBLADO;NÃO;ESTADOS UNIDOS;5002102;CINE DRIVEIN;34;;5465;6715;BRASÍLIA;DF;STARK'S CINEMA E LANCHONETE LTDA.;32.917.296/0001-04
29/09/2020;29/09/2020 18:00:00;SCOOB!;SCOOBY - O FILME;E2000026400000;DUBLADO;NÃO;ESTADOS UNIDOS;5006346;CINE SÃO JOSÉ 02;3;;35523;43768;JEQUIÉ;BA;CINE SÃO JOSÉ ENTRETENIMENTO LTDA - ME;26.915.517/0001-02
29/09/2020;29/09/2020 18:00:00;SCOOB!;SCOOBY - O FILME;E2000026400000;DUBLADO;NÃO;ESTADOS UNIDOS;5006475;REDECINE SUMARE 04;7;6000014;5654;44547;SUMARÉ;SP;REDECINE-CPQ CINEMATOGRÁFICA LTDA;07.665.262/0001-14
29/09/2020;29/09/2020 18:00:00;THE GENTLEMEN;MAGNATAS DO CRIME;E2000005600000;DUBLADO;NÃO;ESTADOS UNIDOS;5005305;CINEFLIX VÁRZEA GRANDE SHOPPING - SALA 2;2;6000014;24534;31101;VÁRZEA GRANDE;MT;REDECINE BSB CINEMATOGRÁFICA LTDA;18.087.870/0001-05
29/09/2020;29/09/2020 18:00:00;THE SECRET: DARE TO DREAM;O SEGREDO: OUSE SONHAR;E2000080600000;DUBLADO;NÃO;ESTADOS UNIDOS;5003450;CASTRO 1;4;6000023;12893;21049;CASTRO;PR;ESTILO PRODUÇÕES ARTISTICAS LTDA;03.293.165/0001-97
29/09/2020;29/09/2020 18:00:00;THE SECRET: DARE TO DREAM;O SEGREDO: OUSE SONHAR;E2000080600000;DUBLADO;NÃO;ESTADOS UNIDOS;5005788;CINEPLUS FAZENDA - SALA 2;7;6000023;36183;36184;FAZENDA RIO GRANDE;PR;CINELUZ CINEMA LTDA;27.232.323/0001-67
29/09/2020;29/09/2020 18:00:00;THE SECRET: DARE TO DREAM;O SEGREDO: OUSE SONHAR;E2000080600000;DUBLADO;NÃO;ESTADOS UNIDOS;5005092;CINÉPOLIS SÃO GONÇALO SHOPPING - SALA 1;9;6000024;17266;30088;SÃO GONÇALO;RJ;CINEPOLIS OPERADORA DE CINEMAS DO BRASIL LTDA;09.652.820/0001-32
29/09/2020;29/09/2020 18:00:00;THE SECRET: DARE TO DREAM;O SEGREDO: OUSE SONHAR;E2000080600000;DUBLADO;NÃO;ESTADOS UNIDOS;5005270;MULTICINE SANTA MARIA SALA 01;0;6000045;5935;30733;BRASÍLIA;DF;MULTICINE CINEMAS LTDA;07.609.246/0001-04
29/09/2020;29/09/2020 18:00:00;THE SECRET: DARE TO DREAM;O SEGREDO: OUSE SONHAR;E2000080600000;DUBLADO;NÃO;ESTADOS UNIDOS;5002940;SALA 03;4;6000024;17266;17763;BELÉM;PA;CINEPOLIS OPERADORA DE CINEMAS DO BRASIL LTDA;09.652.820/0001-32
29/09/2020;29/09/2020 18:00:00;THE SECRET: DARE TO DREAM;O SEGREDO: OUSE SONHAR;E2000080600000;DUBLADO;NÃO;ESTADOS UNIDOS;5002928;SALA 05;3;6000024;17266;17729;SALVADOR;BA;CINEPOLIS OPERADORA DE CINEMAS DO BRASIL LTDA;09.652.820/0001-32
29/09/2020;29/09/2020 18:00:00;THE SECRET: DARE TO DREAM;O SEGREDO: OUSE SONHAR;E2000080600000;DUBLADO;NÃO;ESTADOS UNIDOS;5004373;SALA CINEPOLIS PONTA NEGRA 10 TRADICIONAL;5;6000024;17266;25193;MANAUS;AM;CINEPOLIS OPERADORA DE CINEMAS DO BRASIL LTDA;09.652.820/0001-32
29/09/2020;29/09/2020 18:00:00;TWILIGHT;CREPÚSCULO;E1600635500000;DUBLADO;NÃO;ESTADOS UNIDOS;5006385;GRUPOCINE VALINHOS 01;2;6000034;44276;44278;VALINHOS;SP;EMPRESA CINEMATOGRAFICA BOMBOCINE LTDA;21.298.337/0001-05
29/09/2020;29/09/2020 18:05:00;ESCAPE FROM PRETORIA;FUGA DE PRETÓRIA;E2000249400000;DUBLADO;NÃO;ÁFRICA DO SUL;5005304;CINEFLIX VÁRZEA GRANDE SHOPPING - SALA 1;3;6000014;24534;31101;VÁRZEA GRANDE;MT;REDECINE BSB CINEMATOGRÁFICA LTDA;18.087.870/0001-05
29/09/2020;29/09/2020 18:05:00;QUEEN OF SPADES: THROUGH THE LOOKING GLASS;A MALDIÇÃO DO ESPELHO;E1900574500000;DUBLADO;NÃO;RÚSSIA;5005696;CINEPOLIS RIOMAR KENNEDY - SALA 05;6;6000024;17266;34309;FORTALEZA;CE;CINEPOLIS OPERADORA DE CINEMAS DO BRASIL LTDA;09.652.820/0001-32
29/09/2020;29/09/2020 18:05:00;SCOOB!;SCOOBY - O FILME;E2000026400000;DUBLADO;NÃO;ESTADOS UNIDOS;5001605;CINE 3 FERRY BOAT´S PLAZA 2;4;;5294;6684;GUARUJÁ;SP;SOBRAL EVENTOS E ENTRETENIMENTO LTDA;07.159.860/0001-11
29/09/2020;29/09/2020 18:05:00;SCOOB!;SCOOBY - O FILME;E2000026400000;DUBLADO;NÃO;ESTADOS UNIDOS;5004471;SALA CINEPOLIS NORTH SHOPPING JOQUEI 01;4;6000024;17266;25960;FORTALEZA;CE;CINEPOLIS OPERADORA DE CINEMAS DO BRASIL LTDA;09.652.820/0001-32
29/09/2020;29/09/2020 18:10:00;FANTASY ISLAND;A ILHA DA FANTASIA;E1900579500000;ORIGINAL;SIM;ESTADOS UNIDOS;5004187;CINEFLIX JK SHOPPING - SALA 4;1;6000014;24534;24535;BRASÍLIA;DF;REDECINE BSB CINEMATOGRÁFICA LTDA;18.087.870/0001-05
29/09/2020;29/09/2020 18:10:00;FANTASY ISLAND;A ILHA DA FANTASIA;E1900579500000;DUBLADO;NÃO;ESTADOS UNIDOS;5005317;CINEFLIX SHOPPING PRAÇA NOVA ARAÇATUBA - SALA 02;2;6000014;25182;31153;ARAÇATUBA;SP;REDECINE SUL CINEMAS LTDA.;18.672.374/0001-19
29/09/2020;29/09/2020 18:10:00;FANTASY ISLAND;A ILHA DA FANTASIA;E1900579500000;ORIGINAL;SIM;ESTADOS UNIDOS;5006472;REDECINE SUMARE 01;0;6000014;5654;44547;SUMARÉ;SP;REDECINE-CPQ CINEMATOGRÁFICA LTDA;07.665.262/0001-14
29/09/2020;29/09/2020 18:10:00;MINHA MÃE É UMA PEÇA 3;;B1900576900000;ORIGINAL;NÃO;BRASIL;5005979;CINESYSTEM ANANINDEUA SALA 05;5;6000027;22546;38898;ANANINDEUA;PA;REDECINE BRA CINEMATOGRÁFICA S.A.;15.422.993/0001-67
29/09/2020;29/09/2020 18:10:00;QUEEN OF SPADES: THROUGH THE LOOKING GLASS;A MALDIÇÃO DO ESPELHO;E1900574500000;DUBLADO;NÃO;RÚSSIA;5004184;CINEFLIX JK SHOPPING - SALA 1;6;6000014;24534;24535;BRASÍLIA;DF;REDECINE BSB CINEMATOGRÁFICA LTDA;18.087.870/0001-05
29/09/2020;29/09/2020 18:10:00;SPYCIES;AGENTES SELVAGENS;E2000250100000;DUBLADO;NÃO;CHINA;5006462;GRUPOCINE EUSÉBIO 02;0;6000034;44276;44457;EUSÉBIO;CE;EMPRESA CINEMATOGRAFICA BOMBOCINE LTDA;21.298.337/0001-05
29/09/2020;29/09/2020 18:10:00;SPYCIES;AGENTES SELVAGENS;E2000250100000;DUBLADO;NÃO;CHINA;5006415;GRUPOCINE MARANGUAPE 02;2;6000034;44276;44288;MARANGUAPE;CE;EMPRESA CINEMATOGRAFICA BOMBOCINE LTDA;21.298.337/0001-05
29/09/2020;29/09/2020 18:10:00;THE SECRET: DARE TO DREAM;O SEGREDO: OUSE SONHAR;E2000080600000;ORIGINAL;SIM;ESTADOS UNIDOS;5004584;UCI ORIENT SHOPPING BARRA SALA 2;2;6000060;2606;26893;SALVADOR;BA;UCI-ORIENT LTDA;01.562.356/0001-81
29/09/2020;29/09/2020 18:15:00;SCOOB!;SCOOBY - O FILME;E2000026400000;DUBLADO;NÃO;ESTADOS UNIDOS;5004880;CIRCUITO CINEMAS PBAS- SALA 02;1;6000028;15568;27873;PARAUAPEBAS;PA;CIRCUITO ENTRETENIMENTO E CINEMAS LTDA;08.068.712/0001-54
29/09/2020;29/09/2020 18:15:00;THE LION KING;O REI LEÃO;E1900267700000;DUBLADO;NÃO;ESTADOS UNIDOS;5006625;CINE GOLDEN - DRIVE IN;0;6000141;45886;46420;JEQUIÉ;BA;GF ANDRADE ENTRETENIMENTO E COMÉRCIO LTDA;23.200.362/0001-21
29/09/2020;29/09/2020 18:15:00;TURMA DA MÔNICA - LAÇOS;;B1900235500000;ORIGINAL;NÃO;BRASIL;5006395;GRUPOCINE FERNANDÓPOLIS 01;0;6000034;44276;44281;FERNANDÓPOLIS;SP;EMPRESA CINEMATOGRAFICA BOMBOCINE LTDA;21.298.337/0001-05
29/09/2020;29/09/2020 18:20:00;E.T. THE EXTRA-TERRESTRIAL;E.T. O EXTRATERRESTRE;E1402648300000;DUBLADO;NÃO;ESTADOS UNIDOS;5001606;CINE 3 FERRY BOAT´S PLAZA 3;2;;5294;6684;GUARUJÁ;SP;SOBRAL EVENTOS E ENTRETENIMENTO LTDA;07.159.860/0001-11
29/09/2020;29/09/2020 18:20:00;FANTASY ISLAND;A ILHA DA FANTASIA;E1900579500000;DUBLADO;NÃO;ESTADOS UNIDOS;5000734;UCI - SHOPPING CENTER IGUATEMI FORTALEZA - SALA 03;22;6000059;2612;2616;FORTALEZA;CE;UCI RIBEIRO LTDA;02.117.937/0001-77
29/09/2020;29/09/2020 18:20:00;HARRY POTTER AND THE SORCERER'S STONE;HARRY POTTER AND THE SORCERER'S STONE;E1900440700000;DUBLADO;NÃO;ESTADOS UNIDOS;5004813;UCI BRASIL SHOPPING PARANGABA SALA 01;34;6000058;749;27591;FORTALEZA;CE;UNITED CINEMAS INTERNATIONAL BRASIL LTDA.;01.289.530/0001-64
29/09/2020;29/09/2020 18:20:00;Mostras e Festivais;;G0000000000004;DUBLADO;NÃO;;5005373;2120 CINEMARK MOGI DAS CRUZES SALA 02;2;6000018;1843;31561;MOGI DAS CRUZES;SP;CINEMARK BRASIL S.A;00.779.721/0001-41
29/09/2020;29/09/2020 18:20:00;Mostras e Festivais;;G0000000000004;DUBLADO;NÃO;;5001621;CINEMARK JACAREI 2;3;6000018;5130;6664;JACAREÍ;SP;CINE PRIME CINEMA LTDA;05.897.142/0001-17
29/09/2020;29/09/2020 18:20:00;QUEEN OF SPADES: THROUGH THE LOOKING GLASS;A MALDIÇÃO DO ESPELHO;E1900574500000;DUBLADO;NÃO;RÚSSIA;5002677;ORIENT CINE PARALELA - SALA 02;0;6000060;2606;16207;SALVADOR;BA;UCI-ORIENT LTDA;01.562.356/0001-81
29/09/2020;29/09/2020 18:20:00;QUEEN OF SPADES: THROUGH THE LOOKING GLASS;A MALDIÇÃO DO ESPELHO;E1900574500000;DUBLADO;NÃO;RÚSSIA;5006473;REDECINE SUMARE 02;0;6000014;5654;44547;SUMARÉ;SP;REDECINE-CPQ CINEMATOGRÁFICA LTDA;07.665.262/0001-14
29/09/2020;29/09/2020 18:20:00;SCOOB!;SCOOBY - O FILME;E2000026400000;DUBLADO;NÃO;ESTADOS UNIDOS;5004185;CINEFLIX JK SHOPPING - SALA 2;8;6000014;24534;24535;BRASÍLIA;DF;REDECINE BSB CINEMATOGRÁFICA LTDA;18.087.870/0001-05
29/09/2020;29/09/2020 18:20:00;SCOOB!;SCOOBY - O FILME;E2000026400000;DUBLADO;NÃO;ESTADOS UNIDOS;5003485;SALA PQ.BELEM 04;14;6000024;17266;21616;BELÉM;PA;CINEPOLIS OPERADORA DE CINEMAS DO BRASIL LTDA;09.652.820/0001-32
29/09/2020;29/09/2020 18:20:00;SONIC THE HEDGEHOG;SONIC - O FILME;E2000012200000;DUBLADO;NÃO;CANADÁ;5006257;CIRCUITO PONTA PORA 01;1;6000028;15568;42557;PONTA PORÃ;MS;CIRCUITO ENTRETENIMENTO E CINEMAS LTDA;08.068.712/0001-54
29/09/2020;29/09/2020 18:20:00;SPYCIES;AGENTES SELVAGENS;E2000250100000;DUBLADO;NÃO;CHINA;5005981;CINESYSTEM ANANINDEUA SALA 07;10;6000027;22546;38898;ANANINDEUA;PA;REDECINE BRA CINEMATOGRÁFICA S.A.;15.422.993/0001-67
29/09/2020;29/09/2020 18:20:00;THE GENTLEMEN;MAGNATAS DO CRIME;E2000005600000;DUBLADO;NÃO;ESTADOS UNIDOS;5005807;CINEFLIX APARECIDA DE GOIANIA - SALA 3;5;6000014;24534;36838;APARECIDA DE GOIÂNIA;GO;REDECINE BSB CINEMATOGRÁFICA LTDA;18.087.870/0001-05
29/09/2020;29/09/2020 18:20:00;THE GENTLEMEN;MAGNATAS DO CRIME;E2000005600000;DUBLADO;NÃO;ESTADOS UNIDOS;5006423;GRUPOCINE ITAPECERICA 03;1;6000034;44276;44290;ITAPECERICA DA SERRA;SP;EMPRESA CINEMATOGRAFICA BOMBOCINE LTDA;21.298.337/0001-05
29/09/2020;29/09/2020 18:20:00;THE INVISIBLE MAN;O HOMEM INVISÍVEL;E1900438600000;DUBLADO;NÃO;AUSTRÁLIA;5005328;UCI BRASIL - SUMAÚMA PARK SHOPPING MANAUS SALA 05;2;6000058;749;31265;MANAUS;AM;UNITED CINEMAS INTERNATIONAL BRASIL LTDA.;01.289.530/0001-64
29/09/2020;29/09/2020 18:20:00;THE SECRET: DARE TO DREAM;O SEGREDO: OUSE SONHAR;E2000080600000;DUBLADO;NÃO;ESTADOS UNIDOS;5004431;MOVIECOM UNIMART 5;0;6000100;2897;5573;CAMPINAS;SP;MOVIE CINEMAS LTDA;04.708.972/0001-96
29/09/2020;29/09/2020 18:20:00;THE SECRET: DARE TO DREAM;O SEGREDO: OUSE SONHAR;E2000080600000;ORIGINAL;SIM;ESTADOS UNIDOS;5003479;SALA CINEPOLIS BELA VISTA 07;3;6000024;17266;21610;SALVADOR;BA;CINEPOLIS OPERADORA DE CINEMAS DO BRASIL LTDA;09.652.820/0001-32
29/09/2020;29/09/2020 18:25:00;QUEEN OF SPADES: THROUGH THE LOOKING GLASS;A MALDIÇÃO DO ESPELHO;E1900574500000;DUBLADO;NÃO;RÚSSIA;5005709;CENTERPLEX GRAND SHOPPING MESSEJANA SALA 04;3;6000006;16321;34486;FORTALEZA;CE;EMPRESA DE CINEMAS FORTALEZA LTDA;10.785.710/0001-28
29/09/2020;29/09/2020 18:25:00;QUEEN OF SPADES: THROUGH THE LOOKING GLASS;A MALDIÇÃO DO ESPELHO;E1900574500000;DUBLADO;NÃO;RÚSSIA;5005928;CENTERPLEX GRANDE CIRCULAR 05;5;6000006;38234;38235;MANAUS;AM;CINE ELI AMAZONAS CINEMAS LTDA - EM RECUPERAÇÃO JUDICIAL;28.619.116/0001-22
29/09/2020;29/09/2020 18:25:00;SCOOB!;SCOOBY - O FILME;E2000026400000;DUBLADO;NÃO;ESTADOS UNIDOS;5005306;CINEFLIX VÁRZEA GRANDE SHOPPING - SALA 3;6;6000014;24534;31101;VÁRZEA GRANDE;MT;REDECINE BSB CINEMATOGRÁFICA LTDA;18.087.870/0001-05
29/09/2020;29/09/2020 18:30:00;21 BRIDGES;CRIME SEM SAÍDA;E1900482200000;DUBLADO;NÃO;ESTADOS UNIDOS;5005428;UCI BRASIL - SHOPPING BOSQUE GRÃO PARÁ SALA 03;1;6000058;749;32026;BELÉM;PA;UNITED CINEMAS INTERNATIONAL BRASIL LTDA.;01.289.530/0001-64
29/09/2020;29/09/2020 18:30:00;ESCAPE FROM PRETORIA;FUGA DE PRETÓRIA;E2000249400000;DUBLADO;NÃO;ÁFRICA DO SUL;5006411;GRUPOCINE ITAPETININGA 03;0;6000034;44276;44287;ITAPETININGA;SP;EMPRESA CINEMATOGRAFICA BOMBOCINE LTDA;21.298.337/0001-05
29/09/2020;29/09/2020 18:30:00;ESCAPE FROM PRETORIA;FUGA DE PRETÓRIA;E2000249400000;DUBLADO;NÃO;ÁFRICA DO SUL;5006349;REDECINE PINDAMONHANGABA 03;0;6000034;43781;43782;PINDAMONHANGABA;SP;REDECINE PINDAMONHANGABA CINEMAS LTDA;34.408.375/0001-07
29/09/2020;29/09/2020 18:30:00;FANTASY ISLAND;A ILHA DA FANTASIA;E1900579500000;ORIGINAL;SIM;ESTADOS UNIDOS;5005805;CINEFLIX APARECIDA DE GOIANIA - SALA 1;2;6000014;24534;36838;APARECIDA DE GOIÂNIA;GO;REDECINE BSB CINEMATOGRÁFICA LTDA;18.087.870/0001-05
29/09/2020;29/09/2020 18:30:00;FANTASY ISLAND;A ILHA DA FANTASIA;E1900579500000;DUBLADO;NÃO;ESTADOS UNIDOS;5005308;CINEFLIX VÁRZEA GRANDE SHOPPING - SALA 5;8;6000014;24534;31101;VÁRZEA GRANDE;MT;REDECINE BSB CINEMATOGRÁFICA LTDA;18.087.870/0001-05
29/09/2020;29/09/2020 18:30:00;FANTASY ISLAND;A ILHA DA FANTASIA;E1900579500000;DUBLADO;NÃO;ESTADOS UNIDOS;5006422;GRUPOCINE ITAPECERICA 02;3;6000034;44276;44290;ITAPECERICA DA SERRA;SP;EMPRESA CINEMATOGRAFICA BOMBOCINE LTDA;21.298.337/0001-05
29/09/2020;29/09/2020 18:30:00;FANTASY ISLAND;A ILHA DA FANTASIA;E1900579500000;DUBLADO;NÃO;ESTADOS UNIDOS;5006414;GRUPOCINE MARANGUAPE 01;1;6000034;44276;44288;MARANGUAPE;CE;EMPRESA CINEMATOGRAFICA BOMBOCINE LTDA;21.298.337/0001-05
29/09/2020;29/09/2020 18:30:00;FANTASY ISLAND;A ILHA DA FANTASIA;E1900579500000;DUBLADO;NÃO;ESTADOS UNIDOS;5000081;KINOPLEX AMAZONAS SALA 03;6;6000037;1991;2393;MANAUS;AM;EMPRESA CINEMAS SÃO LUIZ S/A;33.497.660/0001-89
29/09/2020;29/09/2020 18:30:00;FANTASY ISLAND;A ILHA DA FANTASIA;E1900579500000;DUBLADO;NÃO;ESTADOS UNIDOS;5004436;MOVIECOM PÁTIO MARABÁ 4;10;6000100;2897;25394;MARABÁ;PA;MOVIE CINEMAS LTDA;04.708.972/0001-96
29/09/2020;29/09/2020 18:30:00;FANTASY ISLAND;A ILHA DA FANTASIA;E1900579500000;DUBLADO;NÃO;ESTADOS UNIDOS;5004472;SALA CINEPOLIS NORTH SHOPPING JOQUEI 02;7;6000024;17266;25960;FORTALEZA;CE;CINEPOLIS OPERADORA DE CINEMAS DO BRASIL LTDA;09.652.820/0001-32
29/09/2020;29/09/2020 18:30:00;MINIONS;MINIONS;E1500311600000;DUBLADO;NÃO;ESTADOS UNIDOS;5006266;CINE ESTAÇÃO 01;0;;42658;42659;FRANCO DA ROCHA;SP;CINE ESTAÇÃO OPERADORA DE CINEMA LTDA;32.998.727/0001-04
29/09/2020;29/09/2020 18:30:00;Mostras e Festivais;;G0000000000004;ORIGINAL;SIM;;5005632;CINEMARK FOZ DO IGUAÇU SALA 03;2;6000018;1843;33653;FOZ DO IGUAÇU;PR;CINEMARK BRASIL S.A;00.779.721/0001-41
29/09/2020;29/09/2020 18:30:00;Mostras e Festivais;;G0000000000004;DUBLADO;NÃO;;5006546;PARAISO MEGA CENTER 5;0;6000045;5935;45579;VALPARAÍSO DE GOIÁS;GO;MULTICINE CINEMAS LTDA;07.609.246/0001-04
29/09/2020;29/09/2020 18:30:00;Mostras e Festivais;;G0000000000004;DUBLADO;NÃO;;5000317;SHOPPING IGUATEMI 3;22;6000018;1843;2538;CAMPINAS;SP;CINEMARK BRASIL S.A;00.779.721/0001-41
29/09/2020;29/09/2020 18:30:00;QUEEN OF SPADES: THROUGH THE LOOKING GLASS;A MALDIÇÃO DO ESPELHO;E1900574500000;DUBLADO;NÃO;RÚSSIA;5002828;CENTERPLEX MARACANAU SALA 02;3;6000006;16321;16969;MARACANAÚ;CE;EMPRESA DE CINEMAS FORTALEZA LTDA;10.785.710/0001-28
29/09/2020;29/09/2020 18:30:00;QUEEN OF SPADES: THROUGH THE LOOKING GLASS;A MALDIÇÃO DO ESPELHO;E1900574500000;DUBLADO;NÃO;RÚSSIA;5005161;CINÉPOLIS MANAUS PLAZA - SALA 5;4;6000024;17266;30118;MANAUS;AM;CINEPOLIS OPERADORA DE CINEMAS DO BRASIL LTDA;09.652.820/0001-32
29/09/2020;29/09/2020 18:30:00;QUEEN OF SPADES: THROUGH THE LOOKING GLASS;A MALDIÇÃO DO ESPELHO;E1900574500000;DUBLADO;NÃO;RÚSSIA;5005099;CINÉPOLIS SÃO GONÇALO SHOPPING - SALA 8;8;6000024;17266;30088;SÃO GONÇALO;RJ;CINEPOLIS OPERADORA DE CINEMAS DO BRASIL LTDA;09.652.820/0001-32
29/09/2020;29/09/2020 18:30:00;QUEEN OF SPADES: THROUGH THE LOOKING GLASS;A MALDIÇÃO DO ESPELHO;E1900574500000;DUBLADO;NÃO;RÚSSIA;5001075;UCI ORIENT SHOPPING DA BAHIA - SALA 03;32;6000060;2606;6586;SALVADOR;BA;UCI-ORIENT LTDA;01.562.356/0001-81
29/09/2020;29/09/2020 18:30:00;SCOOB!;SCOOBY - O FILME;E2000026400000;DUBLADO;NÃO;ESTADOS UNIDOS;5006614;ALPHA CINE DRIVE-IN;4;;46063;46296;BARUERI;SP;ATUANTE SERVICOS E ESTACIONAMENTO LTDA - ME;00.178.856/0001-51
29/09/2020;29/09/2020 18:30:00;SCOOB!;SCOOBY - O FILME;E2000026400000;DUBLADO;NÃO;ESTADOS UNIDOS;5005318;CINEFLIX SHOPPING PRAÇA NOVA ARAÇATUBA - SALA 03;1;6000014;25182;31153;ARAÇATUBA;SP;REDECINE SUL CINEMAS LTDA.;18.672.374/0001-19
29/09/2020;29/09/2020 18:30:00;SCOOB!;SCOOBY - O FILME;E2000026400000;DUBLADO;NÃO;ESTADOS UNIDOS;5005151;CINÉPOLIS MILLENNIUM - SALA 3;2;6000024;17266;30116;MANAUS;AM;CINEPOLIS OPERADORA DE CINEMAS DO BRASIL LTDA;09.652.820/0001-32
29/09/2020;29/09/2020 18:30:00;SCOOB!;SCOOBY - O FILME;E2000026400000;DUBLADO;NÃO;ESTADOS UNIDOS;5005365;CIRCUITO CINEMAS - PNP SALA 02;3;6000028;15568;31541;PENÁPOLIS;SP;CIRCUITO ENTRETENIMENTO E CINEMAS LTDA;08.068.712/0001-54
29/09/2020;29/09/2020 18:30:00;SCOOB!;SCOOBY - O FILME;E2000026400000;DUBLADO;NÃO;ESTADOS UNIDOS;5006539;CULT ALEGRETE 01;2;;45324;45325;ALEGRETE;RS;CULT CINEMAS ALEGRETE LTDA;34.712.675/0001-85
29/09/2020;29/09/2020 18:30:00;SCOOB!;SCOOBY - O FILME;E2000026400000;DUBLADO;NÃO;ESTADOS UNIDOS;5005929;MOBI CINE AÇAILÂNDIA SALA 01;9;6000040;38236;38237;AÇAILÂNDIA;MA;C A V LEMOS E CIA LTDA - ME;14.717.191/0001-11
29/09/2020;29/09/2020 18:30:00;SCOOB!;SCOOBY - O FILME;E2000026400000;DUBLADO;NÃO;ESTADOS UNIDOS;5005956;MOBI CINE REDENÇÃO SALA 1;9;6000040;28561;38513;REDENÇÃO;PA;C A VIEIRA LEMOS E CIA LTDA;20.334.881/0001-94
29/09/2020;29/09/2020 18:30:00;SCOOB!;SCOOBY - O FILME;E2000026400000;DUBLADO;NÃO;ESTADOS UNIDOS;5005379;MOBI CINE TUCURUÍ - SALA 1;9;6000040;28561;31594;TUCURUÍ;PA;C A VIEIRA LEMOS E CIA LTDA;20.334.881/0001-94
29/09/2020;29/09/2020 18:30:00;SCOOB!;SCOOBY - O FILME;E2000026400000;DUBLADO;NÃO;ESTADOS UNIDOS;5004369;SALA CINEPOLIS PONTA NEGRA 06 TRADICIONAL;0;6000024;17266;25193;MANAUS;AM;CINEPOLIS OPERADORA DE CINEMAS DO BRASIL LTDA;09.652.820/0001-32
29/09/2020;29/09/2020 18:30:00;SCOOB!;SCOOBY - O FILME;E2000026400000;DUBLADO;NÃO;ESTADOS UNIDOS;5004300;SALA VILA RICA 1 3D;18;;14637;14638;PRIMAVERA DO LESTE;MT;MAURICIO JOSE NICOLINO & CIA LTDA;05.724.035/0001-97
29/09/2020;29/09/2020 18:30:00;SPYCIES;AGENTES SELVAGENS;E2000250100000;DUBLADO;NÃO;CHINA;5006619;DRIVE - GYN SERRA DOURADA 03;1;6000039;45898;46312;GOIÂNIA;GO;DRIVE-GYN ENTRETENIMENTO LTDA;37.109.882/0001-38
29/09/2020;29/09/2020 18:30:00;THE SECRET: DARE TO DREAM;O SEGREDO: OUSE SONHAR;E2000080600000;DUBLADO;NÃO;ESTADOS UNIDOS;5004881;CIRCUITO CINEMAS PBAS- SALA 03;2;6000028;15568;27873;PARAUAPEBAS;PA;CIRCUITO ENTRETENIMENTO E CINEMAS LTDA;08.068.712/0001-54
29/09/2020;29/09/2020 18:30:01;QUEEN OF SPADES: THROUGH THE LOOKING GLASS;A MALDIÇÃO DO ESPELHO;E1900574500000;DUBLADO;NÃO;RÚSSIA;5002823;CENTERPLEX VIA SUL SHOPPING 2;2;6000006;16321;16322;FORTALEZA;CE;EMPRESA DE CINEMAS FORTALEZA LTDA;10.785.710/0001-28
29/09/2020;29/09/2020 18:35:00;SCOOB!;SCOOBY - O FILME;E2000026400000;DUBLADO;NÃO;ESTADOS UNIDOS;5005975;CINESYSTEM ANANINDEUA SALA 01;6;6000027;22546;38898;ANANINDEUA;PA;REDECINE BRA CINEMATOGRÁFICA S.A.;15.422.993/0001-67
29/09/2020;29/09/2020 18:35:00;SCOOB!;SCOOBY - O FILME;E2000026400000;DUBLADO;NÃO;ESTADOS UNIDOS;5001806;SALA CINE 14 BIS;6;;5822;6623;GUAXUPÉ;MG;GUAXUPE PROMOCOES E EVENTOS LTDA;03.929.354/0001-03
29/09/2020;29/09/2020 18:35:00;THE SECRET: DARE TO DREAM;O SEGREDO: OUSE SONHAR;E2000080600000;DUBLADO;NÃO;ESTADOS UNIDOS;5005351;CINESYSTEM SANTARÉM SALA 01;0;6000027;22546;31524;SANTARÉM;PA;REDECINE BRA CINEMATOGRÁFICA S.A.;15.422.993/0001-67
29/09/2020;29/09/2020 18:40:00;BLACK PANTHER;PANTERA NEGRA;E1700512400000;DUBLADO;NÃO;ESTADOS UNIDOS;5006398;GRUPOCINE GUARUJÁ 01;0;6000034;44276;44283;GUARUJÁ;SP;EMPRESA CINEMATOGRAFICA BOMBOCINE LTDA;21.298.337/0001-05
29/09/2020;29/09/2020 18:40:00;EL ROBO DEL SIGLO;O ROUBO DO SÉCULO;E2000030900000;ORIGINAL;SIM;ARGENTINA;5003475;SALA CINEPOLIS BELA VISTA 03;2;6000024;17266;21610;SALVADOR;BA;CINEPOLIS OPERADORA DE CINEMAS DO BRASIL LTDA;09.652.820/0001-32
29/09/2020;29/09/2020 18:40:00;ESCAPE FROM PRETORIA;FUGA DE PRETÓRIA;E2000249400000;DUBLADO;NÃO;ÁFRICA DO SUL;5006421;GRUPOCINE ITAPECERICA 01;2;6000034;44276;44290;ITAPECERICA DA SERRA;SP;EMPRESA CINEMATOGRAFICA BOMBOCINE LTDA;21.298.337/0001-05
29/09/2020;29/09/2020 18:40:00;FANTASY ISLAND;A ILHA DA FANTASIA;E1900579500000;DUBLADO;NÃO;ESTADOS UNIDOS;5005513;CINE CAVALIERI ORLANDI SALA 02;2;;15009;15010;SOCORRO;SP;ORLANDI MARCHESE LTDA - ME;03.091.068/0001-11
29/09/2020;29/09/2020 18:40:00;FANTASY ISLAND;A ILHA DA FANTASIA;E1900579500000;DUBLADO;NÃO;ESTADOS UNIDOS;5006493;CINE INTER SANTA INES 01;5;6000140;44834;44835;SANTA INÊS;MA;CINEINTER EXIBICOES CINEMATOGRAFICAS LTDA;35.477.354/0001-06
29/09/2020;29/09/2020 18:40:00;FANTASY ISLAND;A ILHA DA FANTASIA;E1900579500000;ORIGINAL;SIM;ESTADOS UNIDOS;5005316;CINEFLIX SHOPPING PRAÇA NOVA ARAÇATUBA - SALA 01;2;6000014;25182;31153;ARAÇATUBA;SP;REDECINE SUL CINEMAS LTDA.;18.672.374/0001-19
29/09/2020;29/09/2020 18:40:00;FANTASY ISLAND;A ILHA DA FANTASIA;E1900579500000;DUBLADO;NÃO;ESTADOS UNIDOS;5006463;GRUPOCINE EUSÉBIO 03;2;6000034;44276;44457;EUSÉBIO;CE;EMPRESA CINEMATOGRAFICA BOMBOCINE LTDA;21.298.337/0001-05
29/09/2020;29/09/2020 18:40:00;FANTASY ISLAND;A ILHA DA FANTASIA;E1900579500000;DUBLADO;NÃO;ESTADOS UNIDOS;5006410;GRUPOCINE ITAPETININGA 02;0;6000034;44276;44287;ITAPETININGA;SP;EMPRESA CINEMATOGRAFICA BOMBOCINE LTDA;21.298.337/0001-05
29/09/2020;29/09/2020 18:40:00;HARRY POTTER AND THE SORCERER'S STONE;HARRY POTTER AND THE SORCERER'S STONE;E1900440700000;DUBLADO;NÃO;ESTADOS UNIDOS;5000733;UCI - SHOPPING CENTER IGUATEMI FORTALEZA - SALA 02;42;6000059;2612;2616;FORTALEZA;CE;UCI RIBEIRO LTDA;02.117.937/0001-77
29/09/2020;29/09/2020 18:40:00;QUEEN OF SPADES: THROUGH THE LOOKING GLASS;A MALDIÇÃO DO ESPELHO;E1900574500000;ORIGINAL;SIM;RÚSSIA;5005372;2120 CINEMARK MOGI DAS CRUZES SALA 01;0;6000018;1843;31561;MOGI DAS CRUZES;SP;CINEMARK BRASIL S.A;00.779.721/0001-41
29/09/2020;29/09/2020 18:40:00;QUEEN OF SPADES: THROUGH THE LOOKING GLASS;A MALDIÇÃO DO ESPELHO;E1900574500000;DUBLADO;NÃO;RÚSSIA;5003592;JUNDIAI SHOPPING 05;0;6000024;17266;22674;JUNDIAÍ;SP;CINEPOLIS OPERADORA DE CINEMAS DO BRASIL LTDA;09.652.820/0001-32
29/09/2020;29/09/2020 18:40:00;SCOOB!;SCOOBY - O FILME;E2000026400000;DUBLADO;NÃO;ESTADOS UNIDOS;5002427;CINE WEST SALA 02;6;;14882;14883;CASCAVEL;PR;WEST SIDE SHOPPING CENTER LTDA;68.761.170/0001-22
29/09/2020;29/09/2020 18:40:00;SCOOB!;SCOOBY - O FILME;E2000026400000;DUBLADO;NÃO;ESTADOS UNIDOS;5006296;GOIANESIA 01;15;6000040;42975;42976;GOIANÉSIA;GO;MB EXIBICOES CINEMATOGRAFICAS GOIANESIA LTDA;33.296.719/0001-70
29/09/2020;29/09/2020 18:40:00;SCOOB!;SCOOBY - O FILME;E2000026400000;DUBLADO;NÃO;ESTADOS UNIDOS;5002931;SALA 06;18;6000024;17266;17729;SALVADOR;BA;CINEPOLIS OPERADORA DE CINEMAS DO BRASIL LTDA;09.652.820/0001-32
29/09/2020;29/09/2020 18:40:00;SCOOB!;SCOOBY - O FILME;E2000026400000;DUBLADO;NÃO;ESTADOS UNIDOS;5002720;SALA CINE PLAYARTE MANAUARA 09;10;6000049;260;16356;MANAUS;AM;PLAYARTE CINEMAS LTDA.;60.434.149/0001-00
29/09/2020;29/09/2020 18:40:00;THE GENTLEMEN;MAGNATAS DO CRIME;E2000005600000;DUBLADO;NÃO;ESTADOS UNIDOS;5005367;CIRCUITO CINEMAS - PNP SALA 04;0;6000028;15568;31541;PENÁPOLIS;SP;CIRCUITO ENTRETENIMENTO E CINEMAS LTDA;08.068.712/0001-54
29/09/2020;29/09/2020 18:45:00;BAD BOYS FOR LIFE;BAD BOYS PARA SEMPRE;E1900525600000;DUBLADO;NÃO;ESTADOS UNIDOS;5006618;DRIVE - GYN SERRA DOURADA 02;0;6000039;45898;46312;GOIÂNIA;GO;DRIVE-GYN ENTRETENIMENTO LTDA;37.109.882/0001-38
29/09/2020;29/09/2020 18:45:00;E.T;E.T. O EXTRATERRESTRE;E1500491000000;DUBLADO;NÃO;ESTADOS UNIDOS;5002119;CINE DUPLEX SALA 01;2;;6615;6584;AMPARO;SP;EMPRESA CINEMATOGRÁFICA ESTAÇÃO LTDA;01.272.408/0001-85
29/09/2020;29/09/2020 18:45:00;FANTASY ISLAND;A ILHA DA FANTASIA;E1900579500000;DUBLADO;NÃO;ESTADOS UNIDOS;5005751;CINE WEST SALA 03;6;;14882;14883;CASCAVEL;PR;WEST SIDE SHOPPING CENTER LTDA;68.761.170/0001-22
29/09/2020;29/09/2020 18:45:00;ONWARD;DOIS IRMÃOS: UMA JORNADA FANTÁSTICA;E1900366400000;DUBLADO;NÃO;ESTADOS UNIDOS;5006260;CIRCUITO PONTA PORA 04;1;6000028;15568;42557;PONTA PORÃ;MS;CIRCUITO ENTRETENIMENTO E CINEMAS LTDA;08.068.712/0001-54
29/09/2020;29/09/2020 18:45:00;QUEEN OF SPADES: THROUGH THE LOOKING GLASS;A MALDIÇÃO DO ESPELHO;E1900574500000;DUBLADO;NÃO;RÚSSIA;5005320;CINEFLIX SHOPPING PRAÇA NOVA ARAÇATUBA - SALA 05;0;6000014;25182;31153;ARAÇATUBA;SP;REDECINE SUL CINEMAS LTDA.;18.672.374/0001-19
29/09/2020;29/09/2020 18:45:00;QUEEN OF SPADES: THROUGH THE LOOKING GLASS;A MALDIÇÃO DO ESPELHO;E1900574500000;DUBLADO;NÃO;RÚSSIA;5002937;SALA 06;15;6000024;17266;17763;BELÉM;PA;CINEPOLIS OPERADORA DE CINEMAS DO BRASIL LTDA;09.652.820/0001-32
29/09/2020;29/09/2020 18:45:00;QUEEN OF SPADES: THROUGH THE LOOKING GLASS;A MALDIÇÃO DO ESPELHO;E1900574500000;ORIGINAL;SIM;RÚSSIA;5000316;SHOPPING IGUATEMI 2;2;6000018;1843;2538;CAMPINAS;SP;CINEMARK BRASIL S.A;00.779.721/0001-41
29/09/2020;29/09/2020 18:45:00;SCOOB!;SCOOBY - O FILME;E2000026400000;DUBLADO;NÃO;ESTADOS UNIDOS;5006568;CINE + ARTE XANGRI-LÁ DRIVE-IN;1;6000103;32155;45890;XANGRI-LÁ;RS;EWERTON LUIS DE SOUZA BRANDOLT;23.288.683/0001-20
29/09/2020;29/09/2020 18:45:00;THE GENTLEMEN;MAGNATAS DO CRIME;E2000005600000;DUBLADO;NÃO;ESTADOS UNIDOS;5005271;MULTICINE SANTA MARIA SALA 02;0;6000045;5935;30733;BRASÍLIA;DF;MULTICINE CINEMAS LTDA;07.609.246/0001-04
29/09/2020;29/09/2020 18:45:00;THE SECRET: DARE TO DREAM;O SEGREDO: OUSE SONHAR;E2000080600000;DUBLADO;NÃO;ESTADOS UNIDOS;5000124;KINOPLEX D. PEDRO 11;8;6000037;1991;2404;CAMPINAS;SP;EMPRESA CINEMAS SÃO LUIZ S/A;33.497.660/0001-89
29/09/2020;29/09/2020 18:50:00;ESCAPE FROM PRETORIA;FUGA DE PRETÓRIA;E2000249400000;DUBLADO;NÃO;ÁFRICA DO SUL;5002428;CINE WEST SALA 01;1;;14882;14883;CASCAVEL;PR;WEST SIDE SHOPPING CENTER LTDA;68.761.170/0001-22
29/09/2020;29/09/2020 18:50:00;ESCAPE FROM PRETORIA;FUGA DE PRETÓRIA;E2000249400000;ORIGINAL;SIM;ÁFRICA DO SUL;5005431;UCI BRASIL - SHOPPING BOSQUE GRÃO PARÁ SALA 06;4;6000058;749;32026;BELÉM;PA;UNITED CINEMAS INTERNATIONAL BRASIL LTDA.;01.289.530/0001-64
29/09/2020;29/09/2020 18:50:00;Mostras e Festivais;;G0000000000004;DUBLADO;NÃO;;5001709;MOVIECOM UNIMART 4;0;6000100;2897;5573;CAMPINAS;SP;MOVIE CINEMAS LTDA;04.708.972/0001-96
29/09/2020;29/09/2020 18:50:00;QUEEN OF SPADES: THROUGH THE LOOKING GLASS;A MALDIÇÃO DO ESPELHO;E1900574500000;DUBLADO;NÃO;RÚSSIA;5005808;CINEFLIX APARECIDA DE GOIANIA - SALA 4;6;6000014;24534;36838;APARECIDA DE GOIÂNIA;GO;REDECINE BSB CINEMATOGRÁFICA LTDA;18.087.870/0001-05
29/09/2020;29/09/2020 18:50:00;QUEEN OF SPADES: THROUGH THE LOOKING GLASS;A MALDIÇÃO DO ESPELHO;E1900574500000;DUBLADO;NÃO;RÚSSIA;5005307;CINEFLIX VÁRZEA GRANDE SHOPPING - SALA 4;5;6000014;24534;31101;VÁRZEA GRANDE;MT;REDECINE BSB CINEMATOGRÁFICA LTDA;18.087.870/0001-05
29/09/2020;29/09/2020 18:50:00;QUEEN OF SPADES: THROUGH THE LOOKING GLASS;A MALDIÇÃO DO ESPELHO;E1900574500000;DUBLADO;NÃO;RÚSSIA;5005977;CINESYSTEM ANANINDEUA SALA 03;10;6000027;22546;38898;ANANINDEUA;PA;REDECINE BRA CINEMATOGRÁFICA S.A.;15.422.993/0001-67
29/09/2020;29/09/2020 18:50:00;QUEEN OF SPADES: THROUGH THE LOOKING GLASS;A MALDIÇÃO DO ESPELHO;E1900574500000;DUBLADO;NÃO;RÚSSIA;5001498;MOVIECOM CASTANHEIRA 3;14;6000100;2897;2896;BELÉM;PA;MOVIE CINEMAS LTDA;04.708.972/0001-96
29/09/2020;29/09/2020 18:50:00;SCOOB!;SCOOBY - O FILME;E2000026400000;DUBLADO;NÃO;ESTADOS UNIDOS;5006494;CINE INTER SANTA INES 02;7;6000140;44834;44835;SANTA INÊS;MA;CINEINTER EXIBICOES CINEMATOGRAFICAS LTDA;35.477.354/0001-06
29/09/2020;29/09/2020 18:50:00;SCOOB!;SCOOBY - O FILME;E2000026400000;DUBLADO;NÃO;ESTADOS UNIDOS;5002402;CINEVIP RONDON PLAZA SHOPPING SALA 02;12;;14781;14782;RONDONÓPOLIS;MT;GIOVANNI ZEM RODRIGUES;10.443.079/0001-89
29/09/2020;29/09/2020 18:50:00;SCOOB!;SCOOBY - O FILME;E2000026400000;DUBLADO;NÃO;ESTADOS UNIDOS;5006461;GRUPOCINE EUSÉBIO 01;5;6000034;44276;44457;EUSÉBIO;CE;EMPRESA CINEMATOGRAFICA BOMBOCINE LTDA;21.298.337/0001-05
29/09/2020;29/09/2020 18:50:00;SCOOB!;SCOOBY - O FILME;E2000026400000;DUBLADO;NÃO;ESTADOS UNIDOS;5006424;GRUPOCINE ITAPECERICA 04;3;6000034;44276;44290;ITAPECERICA DA SERRA;SP;EMPRESA CINEMATOGRAFICA BOMBOCINE LTDA;21.298.337/0001-05
29/09/2020;29/09/2020 18:50:00;SCOOB!;SCOOBY - O FILME;E2000026400000;DUBLADO;NÃO;ESTADOS UNIDOS;5006412;GRUPOCINE ITAPETININGA 04;6;6000034;44276;44287;ITAPETININGA;SP;EMPRESA CINEMATOGRAFICA BOMBOCINE LTDA;21.298.337/0001-05
29/09/2020;29/09/2020 18:50:00;SCOOB!;SCOOBY - O FILME;E2000026400000;DUBLADO;NÃO;ESTADOS UNIDOS;5006416;GRUPOCINE MARANGUAPE 03;5;6000034;44276;44288;MARANGUAPE;CE;EMPRESA CINEMATOGRAFICA BOMBOCINE LTDA;21.298.337/0001-05
29/09/2020;29/09/2020 18:50:00;SCOOB!;SCOOBY - O FILME;E2000026400000;DUBLADO;NÃO;ESTADOS UNIDOS;5003094;TOPAZIO POLO SHOPPING 1;8;6000057;2968;19182;INDAIATUBA;SP;LUI CINEMATOGRÁFICA LTDA.;71.912.711/0001-80
29/09/2020;29/09/2020 18:50:00;THE GENTLEMEN;MAGNATAS DO CRIME;E2000005600000;DUBLADO;NÃO;ESTADOS UNIDOS;5006347;REDECINE PINDAMONHANGABA 01;1;6000034;43781;43782;PINDAMONHANGABA;SP;REDECINE PINDAMONHANGABA CINEMAS LTDA;34.408.375/0001-07
29/09/2020;29/09/2020 18:50:00;THE SECRET: DARE TO DREAM;O SEGREDO: OUSE SONHAR;E2000080600000;DUBLADO;NÃO;ESTADOS UNIDOS;5004822;KINOPLEX AMAZONAS SALA 04;7;6000037;1991;2393;MANAUS;AM;EMPRESA CINEMAS SÃO LUIZ S/A;33.497.660/0001-89
29/09/2020;29/09/2020 18:50:00;WONDER WOMAN;MULHER-MARAVILHA;E1700197900000;DUBLADO;NÃO;ESTADOS UNIDOS;5005331;UCI BRASIL - SUMAÚMA PARK SHOPPING MANAUS SALA 08;9;6000058;749;31265;MANAUS;AM;UNITED CINEMAS INTERNATIONAL BRASIL LTDA.;01.289.530/0001-64
29/09/2020;29/09/2020 18:55:00;FANTASY ISLAND;A ILHA DA FANTASIA;E1900579500000;ORIGINAL;SIM;ESTADOS UNIDOS;5000122;KINOPLEX D. PEDRO 9 - PLATINUM;7;6000037;1991;2404;CAMPINAS;SP;EMPRESA CINEMAS SÃO LUIZ S/A;33.497.660/0001-89
29/09/2020;29/09/2020 19:00:00;APOCALYPSE NOW: FINAL CUT;APOCALYPSE NOW: FINAL CUT;E2000169400000;ORIGINAL;SIM;ESTADOS UNIDOS;5005154;CINÉPOLIS MILLENNIUM - SALA 6;7;6000024;17266;30116;MANAUS;AM;CINEPOLIS OPERADORA DE CINEMAS DO BRASIL LTDA;09.652.820/0001-32
29/09/2020;29/09/2020 19:00:00;BLOODSHOT;BLOODSHOT;E1900579400000;DUBLADO;NÃO;ESTADOS UNIDOS;5006259;CIRCUITO PONTA PORA 03;1;6000028;15568;42557;PONTA PORÃ;MS;CIRCUITO ENTRETENIMENTO E CINEMAS LTDA;08.068.712/0001-54
29/09/2020;29/09/2020 19:00:00;EL ROBO DEL SIGLO;O ROUBO DO SÉCULO;E2000030900000;ORIGINAL;SIM;ARGENTINA;5005340;SHOPPING IGUATEMI 10;2;6000018;1843;2538;CAMPINAS;SP;CINEMARK BRASIL S.A;00.779.721/0001-41
29/09/2020;29/09/2020 19:00:00;EL ROBO DEL SIGLO;O ROUBO DO SÉCULO;E2000030900000;ORIGINAL;SIM;ARGENTINA;5004590;UCI ORIENT SHOPPING BARRA SALA 8;0;6000060;2606;26893;SALVADOR;BA;UCI-ORIENT LTDA;01.562.356/0001-81
29/09/2020;29/09/2020 19:00:00;ESCAPE FROM PRETORIA;FUGA DE PRETÓRIA;E2000249400000;DUBLADO;NÃO;ÁFRICA DO SUL;5000738;UCI - SHOPPING CENTER IGUATEMI FORTALEZA - SALA 07;17;6000059;2612;2616;FORTALEZA;CE;UCI RIBEIRO LTDA;02.117.937/0001-77
29/09/2020;29/09/2020 19:00:00;FALA SÉRIO, MÃE!;;B1700552000000;DUBLADO;NÃO;BRASIL;5002120;CINE DUPLEX SALA 02;0;;6615;6584;AMPARO;SP;EMPRESA CINEMATOGRÁFICA ESTAÇÃO LTDA;01.272.408/0001-85
29/09/2020;29/09/2020 19:00:00;FANTASY ISLAND;A ILHA DA FANTASIA;E1900579500000;DUBLADO;NÃO;ESTADOS UNIDOS;5005884;CINE COMPANY ALTA FLORESTA;21;;37637;37638;ALTA FLORESTA;MT;CINE FLORESTA LTDA;28.416.012/0001-10
29/09/2020;29/09/2020 19:00:00;FANTASY ISLAND;A ILHA DA FANTASIA;E1900579500000;DUBLADO;NÃO;ESTADOS UNIDOS;5005644;CINE LASER BARRA DO GARÇAS SALA 03;7;6000104;33805;33806;BARRA DO GARÇAS;MT;CINE LASER BARRA DO GARÇAS LTDA- ME;24.864.214/0001-74
29/09/2020;29/09/2020 19:00:00;FANTASY ISLAND;A ILHA DA FANTASIA;E1900579500000;DUBLADO;NÃO;ESTADOS UNIDOS;5005719;CINEFLIX VALPARAISO SALA 02;3;6000014;24534;34628;VALPARAÍSO DE GOIÁS;GO;REDECINE BSB CINEMATOGRÁFICA LTDA;18.087.870/0001-05
29/09/2020;29/09/2020 19:00:00;FANTASY ISLAND;A ILHA DA FANTASIA;E1900579500000;ORIGINAL;SIM;ESTADOS UNIDOS;5001620;CINEMARK JACAREI 1;8;6000018;5130;6664;JACAREÍ;SP;CINE PRIME CINEMA LTDA;05.897.142/0001-17
29/09/2020;29/09/2020 19:00:00;FANTASY ISLAND;A ILHA DA FANTASIA;E1900579500000;DUBLADO;NÃO;ESTADOS UNIDOS;5005364;CIRCUITO CINEMAS - PNP SALA 01;2;6000028;15568;31541;PENÁPOLIS;SP;CIRCUITO ENTRETENIMENTO E CINEMAS LTDA;08.068.712/0001-54
29/09/2020;29/09/2020 19:00:00;FANTASY ISLAND;A ILHA DA FANTASIA;E1900579500000;DUBLADO;NÃO;ESTADOS UNIDOS;5004879;CIRCUITO CINEMAS PBAS- SALA 01;10;6000028;15568;27873;PARAUAPEBAS;PA;CIRCUITO ENTRETENIMENTO E CINEMAS LTDA;08.068.712/0001-54
29/09/2020;29/09/2020 19:00:00;FANTASY ISLAND;A ILHA DA FANTASIA;E1900579500000;DUBLADO;NÃO;ESTADOS UNIDOS;5005930;MOBI CINE AÇAILÂNDIA SALA 02;7;6000040;38236;38237;AÇAILÂNDIA;MA;C A V LEMOS E CIA LTDA - ME;14.717.191/0001-11
29/09/2020;29/09/2020 19:00:00;FANTASY ISLAND;A ILHA DA FANTASIA;E1900579500000;DUBLADO;NÃO;ESTADOS UNIDOS;5005957;MOBI CINE REDENÇÃO SALA 2;13;6000040;28561;38513;REDENÇÃO;PA;C A VIEIRA LEMOS E CIA LTDA;20.334.881/0001-94
29/09/2020;29/09/2020 19:00:00;FANTASY ISLAND;A ILHA DA FANTASIA;E1900579500000;DUBLADO;NÃO;ESTADOS UNIDOS;5005380;MOBI CINE TUCURUÍ - SALA 2;6;6000040;28561;31594;TUCURUÍ;PA;C A VIEIRA LEMOS E CIA LTDA;20.334.881/0001-94
29/09/2020;29/09/2020 19:00:00;FANTASY ISLAND;A ILHA DA FANTASIA;E1900579500000;DUBLADO;NÃO;ESTADOS UNIDOS;5000164;NORTH SHOPPING 5;11;6000037;1991;2414;FORTALEZA;CE;EMPRESA CINEMAS SÃO LUIZ S/A;33.497.660/0001-89
29/09/2020;29/09/2020 19:00:00;FANTASY ISLAND;A ILHA DA FANTASIA;E1900579500000;DUBLADO;NÃO;ESTADOS UNIDOS;5006350;REDECINE PINDAMONHANGABA 04;1;6000034;43781;43782;PINDAMONHANGABA;SP;REDECINE PINDAMONHANGABA CINEMAS LTDA;34.408.375/0001-07
29/09/2020;29/09/2020 19:00:00;FANTASY ISLAND;A ILHA DA FANTASIA;E1900579500000;DUBLADO;NÃO;ESTADOS UNIDOS;5004372;SALA CINEPOLIS PONTA NEGRA 09 TRADICIONAL;3;6000024;17266;25193;MANAUS;AM;CINEPOLIS OPERADORA DE CINEMAS DO BRASIL LTDA;09.652.820/0001-32
29/09/2020;29/09/2020 19:00:00;GET OUT;CORRA!;E1700047300000;DUBLADO;NÃO;ESTADOS UNIDOS;5006399;GRUPOCINE GUARUJÁ 02;5;6000034;44276;44283;GUARUJÁ;SP;EMPRESA CINEMATOGRAFICA BOMBOCINE LTDA;21.298.337/0001-05
29/09/2020;29/09/2020 19:00:00;GRETEL & HANSEL (2020);MARIA E JOÃO - O CONTO DAS BRUXAS;E1900467000000;DUBLADO;NÃO;ESTADOS UNIDOS;5005326;UCI BRASIL - SUMAÚMA PARK SHOPPING MANAUS SALA 03;8;6000058;749;31265;MANAUS;AM;UNITED CINEMAS INTERNATIONAL BRASIL LTDA.;01.289.530/0001-64
29/09/2020;29/09/2020 19:00:00;HARRY POTTER AND THE SORCERER'S STONE;HARRY POTTER AND THE SORCERER'S STONE;E1900440700000;DUBLADO;NÃO;ESTADOS UNIDOS;5002355;SALA VILA RICA 2 CONVENCIONAL;17;;14637;14638;PRIMAVERA DO LESTE;MT;MAURICIO JOSE NICOLINO & CIA LTDA;05.724.035/0001-97
29/09/2020;29/09/2020 19:00:00;Mostras e Festivais;;G0000000000004;DUBLADO;NÃO;;5001521;MOVIECOM BURITI 3;6;6000100;2897;2893;APARECIDA DE GOIÂNIA;GO;MOVIE CINEMAS LTDA;04.708.972/0001-96
29/09/2020;29/09/2020 19:00:00;Mostras e Festivais;;G0000000000004;DUBLADO;NÃO;;5001503;MOVIECOM CASTANHEIRA 6;18;6000100;2897;2896;BELÉM;PA;MOVIE CINEMAS LTDA;04.708.972/0001-96
29/09/2020;29/09/2020 19:00:00;Mostras e Festivais;;G0000000000004;ORIGINAL;SIM;;5001487;MOVIECOM MAXI 5;6;6000100;2912;2913;JUNDIAÍ;SP;MAXI CINEMATOGRÁFICA LTDA;05.279.756/0001-35
29/09/2020;29/09/2020 19:00:00;Mostras e Festivais;;G0000000000004;DUBLADO;NÃO;;5002253;MOVIECOM PATIO BELÉM 4;21;6000100;2897;13915;BELÉM;PA;MOVIE CINEMAS LTDA;04.708.972/0001-96
29/09/2020;29/09/2020 19:00:00;Mostras e Festivais;;G0000000000004;ORIGINAL;SIM;;5000318;SHOPPING IGUATEMI 4;7;6000018;1843;2538;CAMPINAS;SP;CINEMARK BRASIL S.A;00.779.721/0001-41
29/09/2020;29/09/2020 19:00:00;QUEEN OF SPADES: THROUGH THE LOOKING GLASS;A MALDIÇÃO DO ESPELHO;E1900574500000;DUBLADO;NÃO;RÚSSIA;5003146;LASER VILHENA 01;6;6000104;19465;19466;VILHENA;RO;CINE LASER CINEMAS LTDA;03.569.447/0001-74
29/09/2020;29/09/2020 19:00:00;SCOOB!;SCOOBY - O FILME;E2000026400000;DUBLADO;NÃO;ESTADOS UNIDOS;5006381;ALFENAS SALA 3;2;6000008;15833;44017;ALFENAS;MG;CINE A LTDA;10.894.937/0001-01
29/09/2020;29/09/2020 19:00:00;SCOOB!;SCOOBY - O FILME;E2000026400000;DUBLADO;NÃO;ESTADOS UNIDOS;5006242;ARARAS SALA 3;0;6000008;15833;24551;ARARAS;SP;CINE A LTDA;10.894.937/0001-01
29/09/2020;29/09/2020 19:00:00;SCOOB!;SCOOBY - O FILME;E2000026400000;DUBLADO;NÃO;ESTADOS UNIDOS;5002337;CENTER CINE;13;;14489;14490;OLIVEIRA;MG;CENTER CINE E EVENTOS LTDA;10.311.428/0001-09
29/09/2020;29/09/2020 19:00:00;SCOOB!;SCOOBY - O FILME;E2000026400000;DUBLADO;NÃO;ESTADOS UNIDOS;5005506;CINE A BRAGANÇA PAULISTA SALA 3;3;6000008;3227;32481;BRAGANÇA PAULISTA;SP;CINE A BRAGANCA PAULISTA LTDA;41.861.923/0001-15
29/09/2020;29/09/2020 19:00:00;SCOOB!;SCOOBY - O FILME;E2000026400000;DUBLADO;NÃO;ESTADOS UNIDOS;5003545;CINE CAFE PARPINELLI PARANÁ;0;;22412;22413;SANTO ANTÔNIO DA PLATINA;PR;PARPINELLI & VILAS BOAS EVENTOS LTDA;13.848.267/0001-85
29/09/2020;29/09/2020 19:00:00;SCOOB!;SCOOBY - O FILME;E2000026400000;DUBLADO;NÃO;ESTADOS UNIDOS;5005809;CINEFLIX APARECIDA DE GOIANIA - SALA 5;7;6000014;24534;36838;APARECIDA DE GOIÂNIA;GO;REDECINE BSB CINEMATOGRÁFICA LTDA;18.087.870/0001-05
29/09/2020;29/09/2020 19:00:00;SCOOB!;SCOOBY - O FILME;E2000026400000;DUBLADO;NÃO;ESTADOS UNIDOS;5005722;CINEFLIX VALPARAISO SALA 05;12;6000014;24534;34628;VALPARAÍSO DE GOIÁS;GO;REDECINE BSB CINEMATOGRÁFICA LTDA;18.087.870/0001-05
29/09/2020;29/09/2020 19:00:00;SCOOB!;SCOOBY - O FILME;E2000026400000;DUBLADO;NÃO;ESTADOS UNIDOS;5005694;CINEPOLIS RIOMAR KENNEDY - SALA 03;15;6000024;17266;34309;FORTALEZA;CE;CINEPOLIS OPERADORA DE CINEMAS DO BRASIL LTDA;09.652.820/0001-32
29/09/2020;29/09/2020 19:00:00;SCOOB!;SCOOBY - O FILME;E2000026400000;DUBLADO;NÃO;ESTADOS UNIDOS;5005108;CINÉPOLIS CAMPINAS SHOPPING - SALA 9;16;6000024;17266;30090;CAMPINAS;SP;CINEPOLIS OPERADORA DE CINEMAS DO BRASIL LTDA;09.652.820/0001-32
29/09/2020;29/09/2020 19:00:00;SCOOB!;SCOOBY - O FILME;E2000026400000;DUBLADO;NÃO;ESTADOS UNIDOS;5006617;DRIVE - GYN SERRA DOURADA 01;8;6000039;45898;46312;GOIÂNIA;GO;DRIVE-GYN ENTRETENIMENTO LTDA;37.109.882/0001-38
29/09/2020;29/09/2020 19:00:00;SCOOB!;SCOOBY - O FILME;E2000026400000;DUBLADO;NÃO;ESTADOS UNIDOS;5006396;GRUPOCINE FERNANDÓPOLIS 02;1;6000034;44276;44281;FERNANDÓPOLIS;SP;EMPRESA CINEMATOGRAFICA BOMBOCINE LTDA;21.298.337/0001-05
29/09/2020;29/09/2020 19:00:00;SCOOB!;SCOOBY - O FILME;E2000026400000;DUBLADO;NÃO;ESTADOS UNIDOS;5006359;MULTICINE IANDE SHOPPING 4;12;6000045;5935;43968;CAUCAIA;CE;MULTICINE CINEMAS LTDA;07.609.246/0001-04
29/09/2020;29/09/2020 19:00:00;SCOOB!;SCOOBY - O FILME;E2000026400000;DUBLADO;NÃO;ESTADOS UNIDOS;5003285;MULTICINE JATAÍ 03;6;6000045;5935;19793;JATAÍ;GO;MULTICINE CINEMAS LTDA;07.609.246/0001-04
29/09/2020;29/09/2020 19:00:00;SCOOB!;SCOOBY - O FILME;E2000026400000;DUBLADO;NÃO;ESTADOS UNIDOS;5005273;MULTICINE SANTA MARIA SALA 04;2;6000045;5935;30733;BRASÍLIA;DF;MULTICINE CINEMAS LTDA;07.609.246/0001-04
29/09/2020;29/09/2020 19:00:00;SCOOB!;SCOOBY - O FILME;E2000026400000;DUBLADO;NÃO;ESTADOS UNIDOS;5003487;SALA PQ.BELEM 06;7;6000024;17266;21616;BELÉM;PA;CINEPOLIS OPERADORA DE CINEMAS DO BRASIL LTDA;09.652.820/0001-32
29/09/2020;29/09/2020 19:00:00;SCOOB!;SCOOBY - O FILME;E2000026400000;DUBLADO;NÃO;ESTADOS UNIDOS;5004699;SALA RIOMAR 6 - TRADICIONAL;29;6000024;17266;27076;FORTALEZA;CE;CINEPOLIS OPERADORA DE CINEMAS DO BRASIL LTDA;09.652.820/0001-32
29/09/2020;29/09/2020 19:00:00;SPYCIES;AGENTES SELVAGENS;E2000250100000;DUBLADO;NÃO;CHINA;5006533;CINE LASER SANTAREM 1;0;6000104;44323;45275;SANTARÉM;PA;CINE LASER CINEMAS NORDESTE LTDA;34.860.287/0001-41
29/09/2020;29/09/2020 19:00:00;SPYCIES;AGENTES SELVAGENS;E2000250100000;DUBLADO;NÃO;CHINA;5003147;CINE LASER SORRISO 1;0;6000104;19465;19467;SORRISO;MT;CINE LASER CINEMAS LTDA;03.569.447/0001-74
29/09/2020;29/09/2020 19:00:00;THE AVENGERS;THE AVENGERS: OS VINGADORES;E1500275200000;DUBLADO;NÃO;ESTADOS UNIDOS;5001795;CINE ITAGUARI SALA 1;0;;5725;6588;SANTO ANTÔNIO DE JESUS;BA;IMPERIAL TURISMO E EVENTOS EIRELI;01.732.317/0001-85
29/09/2020;29/09/2020 19:00:00;THE GENTLEMEN;MAGNATAS DO CRIME;E2000005600000;ORIGINAL;SIM;ESTADOS UNIDOS;5005375;2120 CINEMARK MOGI DAS CRUZES SALA 04;8;6000018;1843;31561;MOGI DAS CRUZES;SP;CINEMARK BRASIL S.A;00.779.721/0001-41
29/09/2020;29/09/2020 19:00:00;THE GENTLEMEN;MAGNATAS DO CRIME;E2000005600000;DUBLADO;NÃO;ESTADOS UNIDOS;5006072;CINE A ALTAMIRA SALA 02;0;6000008;28464;33426;ALTAMIRA;PA;CINE A MARABA LTDA;21.160.773/0001-05
29/09/2020;29/09/2020 19:00:00;THE GENTLEMEN;MAGNATAS DO CRIME;E2000005600000;DUBLADO;NÃO;ESTADOS UNIDOS;5006204;CINE A ITAJUBA 01;2;6000008;15833;41725;ITAJUBÁ;MG;CINE A LTDA;10.894.937/0001-01
29/09/2020;29/09/2020 19:00:00;THE GENTLEMEN;MAGNATAS DO CRIME;E2000005600000;DUBLADO;NÃO;ESTADOS UNIDOS;5005287;CINE A MARABÁ SALA 01;0;6000008;28464;28466;MARABÁ;PA;CINE A MARABA LTDA;21.160.773/0001-05
29/09/2020;29/09/2020 19:00:00;THE GENTLEMEN;MAGNATAS DO CRIME;E2000005600000;DUBLADO;NÃO;ESTADOS UNIDOS;5002400;CINEVIP RONDON PLAZA SHOPPING SALA 01;10;;14781;14782;RONDONÓPOLIS;MT;GIOVANNI ZEM RODRIGUES;10.443.079/0001-89
29/09/2020;29/09/2020 19:00:00;THE GENTLEMEN;MAGNATAS DO CRIME;E2000005600000;DUBLADO;NÃO;ESTADOS UNIDOS;5001080;UCI ORIENT SHOPPING DA BAHIA - SALA 08;9;6000060;2606;6586;SALVADOR;BA;UCI-ORIENT LTDA;01.562.356/0001-81
29/09/2020;29/09/2020 19:00:00;THE SECRET: DARE TO DREAM;O SEGREDO: OUSE SONHAR;E2000080600000;DUBLADO;NÃO;ESTADOS UNIDOS;5004434;MOVIECOM PÁTIO MARABÁ 2;3;6000100;2897;25394;MARABÁ;PA;MOVIE CINEMAS LTDA;04.708.972/0001-96
29/09/2020;29/09/2020 19:00:01;FANTASY ISLAND;A ILHA DA FANTASIA;E1900579500000;DUBLADO;NÃO;ESTADOS UNIDOS;5006364;ALFENAS SALA 1;2;6000008;15833;44017;ALFENAS;MG;CINE A LTDA;10.894.937/0001-01
29/09/2020;29/09/2020 19:00:01;FANTASY ISLAND;A ILHA DA FANTASIA;E1900579500000;DUBLADO;NÃO;ESTADOS UNIDOS;5004199;ARARAS SALA 1;2;6000008;15833;24551;ARARAS;SP;CINE A LTDA;10.894.937/0001-01
29/09/2020;29/09/2020 19:00:01;FANTASY ISLAND;A ILHA DA FANTASIA;E1900579500000;DUBLADO;NÃO;ESTADOS UNIDOS;5005504;CINE A BRAGANÇA PAULISTA SALA 1;2;6000008;3227;32481;BRAGANÇA PAULISTA;SP;CINE A BRAGANCA PAULISTA LTDA;41.861.923/0001-15
29/09/2020;29/09/2020 19:00:01;NO GOGÓ DO PAULINHO;;B2000034100000;ORIGINAL;NÃO;BRASIL;5006073;CINE A ALTAMIRA SALA 03;0;6000008;28464;33426;ALTAMIRA;PA;CINE A MARABA LTDA;21.160.773/0001-05
29/09/2020;29/09/2020 19:00:01;SCOOB!;SCOOBY - O FILME;E2000026400000;DUBLADO;NÃO;ESTADOS UNIDOS;5006205;CINE A ITAJUBA 02;3;6000008;15833;41725;ITAJUBÁ;MG;CINE A LTDA;10.894.937/0001-01
29/09/2020;29/09/2020 19:00:01;SCOOB!;SCOOBY - O FILME;E2000026400000;DUBLADO;NÃO;ESTADOS UNIDOS;5004947;CINE A MARABÁ SALA 02;0;6000008;28464;28466;MARABÁ;PA;CINE A MARABA LTDA;21.160.773/0001-05
29/09/2020;29/09/2020 19:00:01;SCOOB!;SCOOBY - O FILME;E2000026400000;DUBLADO;NÃO;ESTADOS UNIDOS;5006268;CINE ESTAÇÃO 03;21;;42658;42659;FRANCO DA ROCHA;SP;CINE ESTAÇÃO OPERADORA DE CINEMA LTDA;32.998.727/0001-04
29/09/2020;29/09/2020 19:05:00;SCOOB!;SCOOBY - O FILME;E2000026400000;DUBLADO;NÃO;ESTADOS UNIDOS;5006544;PARAISO MEGA CENTER 3;6;6000045;5935;45579;VALPARAÍSO DE GOIÁS;GO;MULTICINE CINEMAS LTDA;07.609.246/0001-04
29/09/2020;29/09/2020 19:05:00;THE GENTLEMEN;MAGNATAS DO CRIME;E2000005600000;DUBLADO;NÃO;ESTADOS UNIDOS;5005980;CINESYSTEM ANANINDEUA SALA 06;2;6000027;22546;38898;ANANINDEUA;PA;REDECINE BRA CINEMATOGRÁFICA S.A.;15.422.993/0001-67
29/09/2020;29/09/2020 19:10:00;FANTASY ISLAND;A ILHA DA FANTASIA;E1900579500000;DUBLADO;NÃO;ESTADOS UNIDOS;5006082;CINE IMPERIAL 02;3;;40730;40731;SALVADOR;BA;RG PALMA EXIBICAO CINEMATOGRAFICA LTDA;31.159.134/0001-83
29/09/2020;29/09/2020 19:10:00;FANTASY ISLAND;A ILHA DA FANTASIA;E1900579500000;DUBLADO;NÃO;ESTADOS UNIDOS;5006297;GOIANESIA 02;9;6000040;42975;42976;GOIANÉSIA;GO;MB EXIBICOES CINEMATOGRAFICAS GOIANESIA LTDA;33.296.719/0001-70
29/09/2020;29/09/2020 19:10:00;HARRY POTTER AND THE SORCERER'S STONE;HARRY POTTER AND THE SORCERER'S STONE;E1900440700000;DUBLADO;NÃO;ESTADOS UNIDOS;5005426;UCI BRASIL - SHOPPING BOSQUE GRÃO PARÁ SALA 01;0;6000058;749;32026;BELÉM;PA;UNITED CINEMAS INTERNATIONAL BRASIL LTDA.;01.289.530/0001-64
29/09/2020;29/09/2020 19:10:00;SCOOB!;SCOOBY - O FILME;E2000026400000;DUBLADO;NÃO;ESTADOS UNIDOS;5001604;CINE 3 FERRY BOAT´S PLAZA 1;2;;5294;6684;GUARUJÁ;SP;SOBRAL EVENTOS E ENTRETENIMENTO LTDA;07.159.860/0001-11
29/09/2020;29/09/2020 19:10:00;SCOOB!;SCOOBY - O FILME;E2000026400000;DUBLADO;NÃO;ESTADOS UNIDOS;5006400;GRUPOCINE GUARUJÁ 03;2;6000034;44276;44283;GUARUJÁ;SP;EMPRESA CINEMATOGRAFICA BOMBOCINE LTDA;21.298.337/0001-05
29/09/2020;29/09/2020 19:10:00;SCOOB!;SCOOBY - O FILME;E2000026400000;DUBLADO;NÃO;ESTADOS UNIDOS;5006348;REDECINE PINDAMONHANGABA 02;2;6000034;43781;43782;PINDAMONHANGABA;SP;REDECINE PINDAMONHANGABA CINEMAS LTDA;34.408.375/0001-07
29/09/2020;29/09/2020 19:10:00;THE GENTLEMEN;MAGNATAS DO CRIME;E2000005600000;DUBLADO;NÃO;ESTADOS UNIDOS;5005931;MOBI CINE AÇAILÂNDIA SALA 03;0;6000040;38236;38237;AÇAILÂNDIA;MA;C A V LEMOS E CIA LTDA - ME;14.717.191/0001-11
29/09/2020;29/09/2020 19:10:00;THE GENTLEMEN;MAGNATAS DO CRIME;E2000005600000;DUBLADO;NÃO;ESTADOS UNIDOS;5005958;MOBI CINE REDENÇÃO SALA 3;7;6000040;28561;38513;REDENÇÃO;PA;C A VIEIRA LEMOS E CIA LTDA;20.334.881/0001-94
29/09/2020;29/09/2020 19:10:00;THE GENTLEMEN;MAGNATAS DO CRIME;E2000005600000;DUBLADO;NÃO;ESTADOS UNIDOS;5001495;MOVIECOM CASTANHEIRA 1;11;6000100;2897;2896;BELÉM;PA;MOVIE CINEMAS LTDA;04.708.972/0001-96
29/09/2020;29/09/2020 19:10:00;THE SECRET: DARE TO DREAM;O SEGREDO: OUSE SONHAR;E2000080600000;DUBLADO;NÃO;ESTADOS UNIDOS;5002566;CINE CATARATAS 3;1;;15565;15566;FOZ DO IGUAÇU;PR;CINE CATARATAS LTDA;09.010.219/0001-46
29/09/2020;29/09/2020 19:10:00;THE SECRET: DARE TO DREAM;O SEGREDO: OUSE SONHAR;E2000080600000;DUBLADO;NÃO;ESTADOS UNIDOS;5000921;MOVIECOM MAXI 1;5;6000100;2912;2913;JUNDIAÍ;SP;MAXI CINEMATOGRÁFICA LTDA;05.279.756/0001-35
29/09/2020;29/09/2020 19:15:00;BACK TO THE FUTURE;DE VOLTA PARA O FUTURO;E1402513800000;DUBLADO;NÃO;ESTADOS UNIDOS;5006207;CINE A ITAJUBA 04;1;6000008;15833;41725;ITAJUBÁ;MG;CINE A LTDA;10.894.937/0001-01
29/09/2020;29/09/2020 19:15:00;BACK TO THE FUTURE;DE VOLTA PARA O FUTURO;E1402513800000;DUBLADO;NÃO;ESTADOS UNIDOS;5004946;CINE A MARABÁ SALA 04;2;6000008;28464;28466;MARABÁ;PA;CINE A MARABA LTDA;21.160.773/0001-05
29/09/2020;29/09/2020 19:15:00;BLOODSHOT;BLOODSHOT;E1900579400000;DUBLADO;NÃO;ESTADOS UNIDOS;5004882;CIRCUITO CINEMAS PBAS- SALA 04;1;6000028;15568;27873;PARAUAPEBAS;PA;CIRCUITO ENTRETENIMENTO E CINEMAS LTDA;08.068.712/0001-54
29/09/2020;29/09/2020 19:15:00;FANTASY ISLAND;A ILHA DA FANTASIA;E1900579500000;DUBLADO;NÃO;ESTADOS UNIDOS;5006206;CINE A ITAJUBA 03;0;6000008;15833;41725;ITAJUBÁ;MG;CINE A LTDA;10.894.937/0001-01
29/09/2020;29/09/2020 19:15:00;FANTASY ISLAND;A ILHA DA FANTASIA;E1900579500000;DUBLADO;NÃO;ESTADOS UNIDOS;5004948;CINE A MARABÁ SALA 03;4;6000008;28464;28466;MARABÁ;PA;CINE A MARABA LTDA;21.160.773/0001-05
29/09/2020;29/09/2020 19:15:00;FANTASY ISLAND;A ILHA DA FANTASIA;E1900579500000;DUBLADO;NÃO;ESTADOS UNIDOS;5002401;CINEVIP RONDON PLAZA SHOPPING SALA 03;11;;14781;14782;RONDONÓPOLIS;MT;GIOVANNI ZEM RODRIGUES;10.443.079/0001-89
29/09/2020;29/09/2020 19:15:00;FANTASY ISLAND;A ILHA DA FANTASIA;E1900579500000;ORIGINAL;SIM;ESTADOS UNIDOS;5006305;GALLERIA CAMPINAS 02 - VIP;7;6000024;17266;43208;CAMPINAS;SP;CINEPOLIS OPERADORA DE CINEMAS DO BRASIL LTDA;09.652.820/0001-32
29/09/2020;29/09/2020 19:15:00;Mostras e Festivais;;G0000000000004;ORIGINAL;SIM;;5000315;SHOPPING IGUATEMI 1;0;6000018;1843;2538;CAMPINAS;SP;CINEMARK BRASIL S.A;00.779.721/0001-41
29/09/2020;29/09/2020 19:15:00;SCOOB!;SCOOBY - O FILME;E2000026400000;DUBLADO;NÃO;ESTADOS UNIDOS;5005984;CINESYSTEM ANANINDEUA SALA 10;12;6000027;22546;38898;ANANINDEUA;PA;REDECINE BRA CINEMATOGRÁFICA S.A.;15.422.993/0001-67
29/09/2020;29/09/2020 19:15:00;SPYCIES;AGENTES SELVAGENS;E2000250100000;DUBLADO;NÃO;CHINA;5005642;CINE LASER BARRA DO GARÇAS SALA 01;1;6000104;33805;33806;BARRA DO GARÇAS;MT;CINE LASER BARRA DO GARÇAS LTDA- ME;24.864.214/0001-74
29/09/2020;29/09/2020 19:15:00;THE GENTLEMEN;MAGNATAS DO CRIME;E2000005600000;DUBLADO;NÃO;ESTADOS UNIDOS;5006365;ALFENAS SALA 2;0;6000008;15833;44017;ALFENAS;MG;CINE A LTDA;10.894.937/0001-01
29/09/2020;29/09/2020 19:15:00;THE GENTLEMEN;MAGNATAS DO CRIME;E2000005600000;DUBLADO;NÃO;ESTADOS UNIDOS;5004200;ARARAS SALA 2;0;6000008;15833;24551;ARARAS;SP;CINE A LTDA;10.894.937/0001-01
29/09/2020;29/09/2020 19:15:00;THE GENTLEMEN;MAGNATAS DO CRIME;E2000005600000;DUBLADO;NÃO;ESTADOS UNIDOS;5005505;CINE A BRAGANÇA PAULISTA SALA 2;0;6000008;3227;32481;BRAGANÇA PAULISTA;SP;CINE A BRAGANCA PAULISTA LTDA;41.861.923/0001-15
29/09/2020;29/09/2020 19:15:00;THE SECRET: DARE TO DREAM;O SEGREDO: OUSE SONHAR;E2000080600000;DUBLADO;NÃO;ESTADOS UNIDOS;5005720;CINEFLIX VALPARAISO SALA 03;3;6000014;24534;34628;VALPARAÍSO DE GOIÁS;GO;REDECINE BSB CINEMATOGRÁFICA LTDA;18.087.870/0001-05
29/09/2020;29/09/2020 19:15:00;THE SECRET: DARE TO DREAM;O SEGREDO: OUSE SONHAR;E2000080600000;DUBLADO;NÃO;ESTADOS UNIDOS;5001496;MOVIECOM TIVOLI 4;8;6000100;2914;2917;SANTA BÁRBARA D'OESTE;SP;CINEMATOGRÁFICA PASSOS LTDA;01.688.909/0001-47
29/09/2020;29/09/2020 19:15:01;FANTASY ISLAND;A ILHA DA FANTASIA;E1900579500000;DUBLADO;NÃO;ESTADOS UNIDOS;5005617;CINE A ALTAMIRA SALA 01;0;6000008;28464;33426;ALTAMIRA;PA;CINE A MARABA LTDA;21.160.773/0001-05
29/09/2020;29/09/2020 19:20:00;FANTASY ISLAND;A ILHA DA FANTASIA;E1900579500000;ORIGINAL;SIM;ESTADOS UNIDOS;5002723;SALA CINE PLAYARTE MANAUARA 03;0;6000049;260;16356;MANAUS;AM;PLAYARTE CINEMAS LTDA.;60.434.149/0001-00
29/09/2020;29/09/2020 19:20:00;HARRY POTTER AND THE SORCERER'S STONE;HARRY POTTER AND THE SORCERER'S STONE;E1900440700000;DUBLADO;NÃO;ESTADOS UNIDOS;5005329;UCI BRASIL - SUMAÚMA PARK SHOPPING MANAUS SALA 06;6;6000058;749;31265;MANAUS;AM;UNITED CINEMAS INTERNATIONAL BRASIL LTDA.;01.289.530/0001-64
29/09/2020;29/09/2020 19:20:00;JAWS;TUBARÃO;E1402577300000;ORIGINAL;SIM;ESTADOS UNIDOS;5003477;SALA CINEPOLIS BELA VISTA 05;2;6000024;17266;21610;SALVADOR;BA;CINEPOLIS OPERADORA DE CINEMAS DO BRASIL LTDA;09.652.820/0001-32
29/09/2020;29/09/2020 19:20:00;Mostras e Festivais;;G0000000000004;ORIGINAL;NÃO;;5001622;CINEMARK JACAREI 3;0;6000018;5130;6664;JACAREÍ;SP;CINE PRIME CINEMA LTDA;05.897.142/0001-17
29/09/2020;29/09/2020 19:20:00;Mostras e Festivais;;G0000000000004;DUBLADO;NÃO;;5004433;MOVIECOM PÁTIO MARABÁ 1;13;6000100;2897;25394;MARABÁ;PA;MOVIE CINEMAS LTDA;04.708.972/0001-96
29/09/2020;29/09/2020 19:20:00;QUEEN OF SPADES: THROUGH THE LOOKING GLASS;A MALDIÇÃO DO ESPELHO;E1900574500000;DUBLADO;NÃO;RÚSSIA;5005723;CINEFLIX VALPARAISO SALA 06;7;6000014;24534;34628;VALPARAÍSO DE GOIÁS;GO;REDECINE BSB CINEMATOGRÁFICA LTDA;18.087.870/0001-05
29/09/2020;29/09/2020 19:20:00;QUEEN OF SPADES: THROUGH THE LOOKING GLASS;A MALDIÇÃO DO ESPELHO;E1900574500000;DUBLADO;NÃO;RÚSSIA;5000162;NORTH SHOPPING 3;17;6000037;1991;2414;FORTALEZA;CE;EMPRESA CINEMAS SÃO LUIZ S/A;33.497.660/0001-89
29/09/2020;29/09/2020 19:20:00;SCOOB!;SCOOBY - O FILME;E2000026400000;DUBLADO;NÃO;ESTADOS UNIDOS;5001482;MOVIECOM MAXI 3;5;6000100;2912;2913;JUNDIAÍ;SP;MAXI CINEMATOGRÁFICA LTDA;05.279.756/0001-35
29/09/2020;29/09/2020 19:20:00;THE AVENGERS;THE AVENGERS: OS VINGADORES;E1500275200000;DUBLADO;NÃO;ESTADOS UNIDOS;5001074;UCI ORIENT SHOPPING DA BAHIA - SALA 02;8;6000060;2606;6586;SALVADOR;BA;UCI-ORIENT LTDA;01.562.356/0001-81
29/09/2020;29/09/2020 19:20:00;THE GENTLEMEN;MAGNATAS DO CRIME;E2000005600000;ORIGINAL;SIM;ESTADOS UNIDOS;5006479;JUNDIAI SHOPPING 10 - VIP;0;6000024;17266;22674;JUNDIAÍ;SP;CINEPOLIS OPERADORA DE CINEMAS DO BRASIL LTDA;09.652.820/0001-32
29/09/2020;29/09/2020 19:20:00;THE GENTLEMEN;MAGNATAS DO CRIME;E2000005600000;ORIGINAL;SIM;ESTADOS UNIDOS;5000741;UCI - SHOPPING CENTER IGUATEMI FORTALEZA - SALA 10;14;6000059;2612;2616;FORTALEZA;CE;UCI RIBEIRO LTDA;02.117.937/0001-77
29/09/2020;29/09/2020 19:20:00;THE GENTLEMEN;MAGNATAS DO CRIME;E2000005600000;DUBLADO;NÃO;ESTADOS UNIDOS;5004815;UCI BRASIL SHOPPING PARANGABA SALA 03;7;6000058;749;27591;FORTALEZA;CE;UNITED CINEMAS INTERNATIONAL BRASIL LTDA.;01.289.530/0001-64
29/09/2020;29/09/2020 19:20:00;THE SECRET: DARE TO DREAM;O SEGREDO: OUSE SONHAR;E2000080600000;DUBLADO;NÃO;ESTADOS UNIDOS;5001518;MOVIECOM BURITI 1;8;6000100;2897;2893;APARECIDA DE GOIÂNIA;GO;MOVIE CINEMAS LTDA;04.708.972/0001-96
29/09/2020;29/09/2020 19:25:00;FANTASY ISLAND;A ILHA DA FANTASIA;E1900579500000;DUBLADO;NÃO;ESTADOS UNIDOS;5002926;SALA 04;3;6000024;17266;17729;SALVADOR;BA;CINEPOLIS OPERADORA DE CINEMAS DO BRASIL LTDA;09.652.820/0001-32
29/09/2020;29/09/2020 19:25:00;FANTASY ISLAND;A ILHA DA FANTASIA;E1900579500000;DUBLADO;NÃO;ESTADOS UNIDOS;5003097;TOPAZIO POLO SHOPPING 4;2;6000057;2968;19182;INDAIATUBA;SP;LUI CINEMATOGRÁFICA LTDA.;71.912.711/0001-80
29/09/2020;29/09/2020 19:25:00;SCOOB!;SCOOBY - O FILME;E2000026400000;DUBLADO;NÃO;ESTADOS UNIDOS;5002477;CINE CAVALIERE ORLANDI SALA 01;4;;15009;15010;SOCORRO;SP;ORLANDI MARCHESE LTDA - ME;03.091.068/0001-11
29/09/2020;29/09/2020 19:30:00;BLACK PANTHER;PANTERA NEGRA;E1700512400000;DUBLADO;NÃO;ESTADOS UNIDOS;5001493;MOVIECOM MAXI 7;4;6000100;2912;2913;JUNDIAÍ;SP;MAXI CINEMATOGRÁFICA LTDA;05.279.756/0001-35
29/09/2020;29/09/2020 19:30:00;EL ROBO DEL SIGLO;O ROUBO DO SÉCULO;E2000030900000;ORIGINAL;SIM;ARGENTINA;5005378;2120 CINEMARK MOGI DAS CRUZES SALA 07;0;6000018;1843;31561;MOGI DAS CRUZES;SP;CINEMARK BRASIL S.A;00.779.721/0001-41
29/09/2020;29/09/2020 19:30:00;EL ROBO DEL SIGLO;O ROUBO DO SÉCULO;E2000030900000;ORIGINAL;SIM;ARGENTINA;5006304;GALLERIA CAMPINAS 01 - VIP;0;6000024;17266;43208;CAMPINAS;SP;CINEPOLIS OPERADORA DE CINEMAS DO BRASIL LTDA;09.652.820/0001-32
29/09/2020;29/09/2020 19:30:00;FANTASY ISLAND;A ILHA DA FANTASIA;E1900579500000;DUBLADO;NÃO;ESTADOS UNIDOS;5003451;CASTRO 2;11;6000023;12893;21049;CASTRO;PR;ESTILO PRODUÇÕES ARTISTICAS LTDA;03.293.165/0001-97
29/09/2020;29/09/2020 19:30:00;FANTASY ISLAND;A ILHA DA FANTASIA;E1900579500000;DUBLADO;NÃO;ESTADOS UNIDOS;5005718;CINEFLIX VALPARAISO SALA 01;2;6000014;24534;34628;VALPARAÍSO DE GOIÁS;GO;REDECINE BSB CINEMATOGRÁFICA LTDA;18.087.870/0001-05
29/09/2020;29/09/2020 19:30:00;FANTASY ISLAND;A ILHA DA FANTASIA;E1900579500000;ORIGINAL;SIM;ESTADOS UNIDOS;5005631;CINEMARK FOZ DO IGUAÇU SALA 02;2;6000018;1843;33653;FOZ DO IGUAÇU;PR;CINEMARK BRASIL S.A;00.779.721/0001-41
29/09/2020;29/09/2020 19:30:00;FANTASY ISLAND;A ILHA DA FANTASIA;E1900579500000;DUBLADO;NÃO;ESTADOS UNIDOS;5005787;CINEPLUS FAZENDA - SALA 1;4;6000023;36183;36184;FAZENDA RIO GRANDE;PR;CINELUZ CINEMA LTDA;27.232.323/0001-67
29/09/2020;29/09/2020 19:30:00;FANTASY ISLAND;A ILHA DA FANTASIA;E1900579500000;DUBLADO;NÃO;ESTADOS UNIDOS;5006357;MULTICINE IANDE SHOPPING 2;3;6000045;5935;43968;CAUCAIA;CE;MULTICINE CINEMAS LTDA;07.609.246/0001-04
29/09/2020;29/09/2020 19:30:00;FANTASY ISLAND;A ILHA DA FANTASIA;E1900579500000;DUBLADO;NÃO;ESTADOS UNIDOS;5003284;MULTICINE JATAÍ 02;11;6000045;5935;19793;JATAÍ;GO;MULTICINE CINEMAS LTDA;07.609.246/0001-04
29/09/2020;29/09/2020 19:30:00;FANTASY ISLAND;A ILHA DA FANTASIA;E1900579500000;DUBLADO;NÃO;ESTADOS UNIDOS;5005275;MULTICINE SANTA MARIA SALA 06;14;6000045;5935;30733;BRASÍLIA;DF;MULTICINE CINEMAS LTDA;07.609.246/0001-04
29/09/2020;29/09/2020 19:30:00;FANTASY ISLAND;A ILHA DA FANTASIA;E1900579500000;ORIGINAL;SIM;ESTADOS UNIDOS;5000320;SHOPPING IGUATEMI 6;2;6000018;1843;2538;CAMPINAS;SP;CINEMARK BRASIL S.A;00.779.721/0001-41
29/09/2020;29/09/2020 19:30:00;HAPPY HALLOWEEN, SCOOBY DOO!;SCOOBY-DOO! HALLOWEEN;E2000345700000;DUBLADO;NÃO;ESTADOS UNIDOS;5006523;UNIPLEX PARANAGUA 3;10;6000007;2442;44957;PARANAGUÁ;PR;CINEMAS UNIPLEX LTDA;02.137.637/0001-50
29/09/2020;29/09/2020 19:30:00;HARRY POTTER AND THE PHILOSOPHER'S STONE;HARRY POTTER E A PEDRA FILOSOFAL;E1500138600000;ORIGINAL;SIM;ESTADOS UNIDOS;5001102;CINE TOPÁZIO 3;4;6000057;2968;6742;INDAIATUBA;SP;LUI CINEMATOGRÁFICA LTDA.;71.912.711/0001-80
29/09/2020;29/09/2020 19:30:00;HARRY POTTER AND THE SORCERER'S STONE;HARRY POTTER AND THE SORCERER'S STONE;E1900440700000;DUBLADO;NÃO;ESTADOS UNIDOS;5006217;CINE LAGUNA 2;2;6000141;24511;24512;ALAGOINHAS;BA;VICTORY EVENTOS & TURISMO LTDA;05.607.525/0001-03
29/09/2020;29/09/2020 19:30:00;SCOOB!;SCOOBY - O FILME;E2000026400000;DUBLADO;NÃO;ESTADOS UNIDOS;5005706;CENTERPLEX GRAND SHOPPING MESSEJANA SALA 01;5;6000006;16321;34486;FORTALEZA;CE;EMPRESA DE CINEMAS FORTALEZA LTDA;10.785.710/0001-28
29/09/2020;29/09/2020 19:30:00;SCOOB!;SCOOBY - O FILME;E2000026400000;DUBLADO;NÃO;ESTADOS UNIDOS;5005924;CENTERPLEX GRANDE CIRCULAR 01;4;6000006;38234;38235;MANAUS;AM;CINE ELI AMAZONAS CINEMAS LTDA - EM RECUPERAÇÃO JUDICIAL;28.619.116/0001-22
29/09/2020;29/09/2020 19:30:00;SCOOB!;SCOOBY - O FILME;E2000026400000;DUBLADO;NÃO;ESTADOS UNIDOS;5002564;CINE CATARATAS 1;5;;15565;15566;FOZ DO IGUAÇU;PR;CINE CATARATAS LTDA;09.010.219/0001-46
29/09/2020;29/09/2020 19:30:00;SCOOB!;SCOOBY - O FILME;E2000026400000;DUBLADO;NÃO;ESTADOS UNIDOS;5006458;CINEMAXS PARANÁ FAMÍLIA 02;9;;19490;40853;CAMPO MOURÃO;PR;H.C. DA GRAÇA & CIA LTDA ME;07.203.974/0001-11
29/09/2020;29/09/2020 19:30:00;SCOOB!;SCOOBY - O FILME;E2000026400000;DUBLADO;NÃO;ESTADOS UNIDOS;5005353;CINESYSTEM SANTARÉM SALA 03;8;6000027;22546;31524;SANTARÉM;PA;REDECINE BRA CINEMATOGRÁFICA S.A.;15.422.993/0001-67
29/09/2020;29/09/2020 19:30:00;SCOOB!;SCOOBY - O FILME;E2000026400000;DUBLADO;NÃO;ESTADOS UNIDOS;5005094;CINÉPOLIS SÃO GONÇALO SHOPPING - SALA 3;5;6000024;17266;30088;SÃO GONÇALO;RJ;CINEPOLIS OPERADORA DE CINEMAS DO BRASIL LTDA;09.652.820/0001-32
29/09/2020;29/09/2020 19:30:00;THE AVENGERS;THE AVENGERS: OS VINGADORES;E1500275200000;DUBLADO;NÃO;ESTADOS UNIDOS;5002681;ORIENT CINE PARELELA - SALA 06;4;6000060;2606;16207;SALVADOR;BA;UCI-ORIENT LTDA;01.562.356/0001-81
29/09/2020;29/09/2020 19:30:00;THE CONJURING;INVOCAÇÃO DO MAL;E1500097000000;DUBLADO;NÃO;ESTADOS UNIDOS;5001796;CINE ITAGUARI SALA 2;0;;5725;6588;SANTO ANTÔNIO DE JESUS;BA;IMPERIAL TURISMO E EVENTOS EIRELI;01.732.317/0001-85
29/09/2020;29/09/2020 19:30:00;THE GENTLEMEN;MAGNATAS DO CRIME;E2000005600000;DUBLADO;NÃO;ESTADOS UNIDOS;5005106;CINÉPOLIS CAMPINAS SHOPPING - SALA 7;9;6000024;17266;30090;CAMPINAS;SP;CINEPOLIS OPERADORA DE CINEMAS DO BRASIL LTDA;09.652.820/0001-32
29/09/2020;29/09/2020 19:30:00;THE GENTLEMEN;MAGNATAS DO CRIME;E2000005600000;DUBLADO;NÃO;ESTADOS UNIDOS;5001522;MOVIECOM BURITI 4;7;6000100;2897;2893;APARECIDA DE GOIÂNIA;GO;MOVIE CINEMAS LTDA;04.708.972/0001-96
29/09/2020;29/09/2020 19:30:00;THE GENTLEMEN;MAGNATAS DO CRIME;E2000005600000;ORIGINAL;SIM;ESTADOS UNIDOS;5001494;MOVIECOM TIVOLI 3;2;6000100;2914;2917;SANTA BÁRBARA D'OESTE;SP;CINEMATOGRÁFICA PASSOS LTDA;01.688.909/0001-47
29/09/2020;29/09/2020 19:30:00;THE GENTLEMEN;MAGNATAS DO CRIME;E2000005600000;ORIGINAL;SIM;ESTADOS UNIDOS;5002939;SALA 05;3;6000024;17266;17763;BELÉM;PA;CINEPOLIS OPERADORA DE CINEMAS DO BRASIL LTDA;09.652.820/0001-32
29/09/2020;29/09/2020 19:30:00;THE GENTLEMEN;MAGNATAS DO CRIME;E2000005600000;ORIGINAL;SIM;ESTADOS UNIDOS;5004588;UCI ORIENT SHOPPING BARRA SALA 6;3;6000060;2606;26893;SALVADOR;BA;UCI-ORIENT LTDA;01.562.356/0001-81
29/09/2020;29/09/2020 19:30:00;WONDER WOMAN;MULHER-MARAVILHA;E1700197900000;DUBLADO;NÃO;ESTADOS UNIDOS;5001500;MOVIECOM CASTANHEIRA 4;19;6000100;2897;2896;BELÉM;PA;MOVIE CINEMAS LTDA;04.708.972/0001-96
29/09/2020;29/09/2020 19:35:00;FANTASY ISLAND;A ILHA DA FANTASIA;E1900579500000;DUBLADO;NÃO;ESTADOS UNIDOS;5002603;CINEMAS BENFICA - SALA 1;15;;15690;15691;FORTALEZA;CE;CINEMAS BENFICA LTDA;07.509.597/0001-43
29/09/2020;29/09/2020 19:40:00;BLACK PANTHER;PANTERA NEGRA;E1700512400000;DUBLADO;NÃO;ESTADOS UNIDOS;5006387;GRUPOCINE VALINHOS 03;0;6000034;44276;44278;VALINHOS;SP;EMPRESA CINEMATOGRAFICA BOMBOCINE LTDA;21.298.337/0001-05
29/09/2020;29/09/2020 19:40:00;BLACK PANTHER;PANTERA NEGRA;E1700512400000;DUBLADO;NÃO;ESTADOS UNIDOS;5001706;MOVIECOM UNIMART 1;3;6000100;2897;5573;CAMPINAS;SP;MOVIE CINEMAS LTDA;04.708.972/0001-96
29/09/2020;29/09/2020 19:40:00;FANTASY ISLAND;A ILHA DA FANTASIA;E1900579500000;DUBLADO;NÃO;ESTADOS UNIDOS;5001149;CINE PORTO;0;;2351;2352;UBATUBA;SP;CINEMATOGRÁFICA LITORAL NORTE LTDA-EPP;04.165.613/0001-30
29/09/2020;29/09/2020 19:40:00;FANTASY ISLAND;A ILHA DA FANTASIA;E1900579500000;DUBLADO;NÃO;ESTADOS UNIDOS;5001484;MOVIECOM MAXI 4;17;6000100;2912;2913;JUNDIAÍ;SP;MAXI CINEMATOGRÁFICA LTDA;05.279.756/0001-35
29/09/2020;29/09/2020 19:40:00;FANTASY ISLAND;A ILHA DA FANTASIA;E1900579500000;DUBLADO;NÃO;ESTADOS UNIDOS;5006545;PARAISO MEGA CENTER 4;0;6000045;5935;45579;VALPARAÍSO DE GOIÁS;GO;MULTICINE CINEMAS LTDA;07.609.246/0001-04
29/09/2020;29/09/2020 19:40:00;FANTASY ISLAND;A ILHA DA FANTASIA;E1900579500000;ORIGINAL;SIM;ESTADOS UNIDOS;5003478;SALA CINEPOLIS BELA VISTA 06;2;6000024;17266;21610;SALVADOR;BA;CINEPOLIS OPERADORA DE CINEMAS DO BRASIL LTDA;09.652.820/0001-32
29/09/2020;29/09/2020 19:40:00;GRETEL & HANSEL (2020);MARIA E JOÃO - O CONTO DAS BRUXAS;E1900467000000;DUBLADO;NÃO;ESTADOS UNIDOS;5000163;NORTH SHOPPING 4;27;6000037;1991;2414;FORTALEZA;CE;EMPRESA CINEMAS SÃO LUIZ S/A;33.497.660/0001-89
29/09/2020;29/09/2020 19:40:00;QUEEN OF SPADES: THROUGH THE LOOKING GLASS;A MALDIÇÃO DO ESPELHO;E1900574500000;DUBLADO;NÃO;RÚSSIA;5002929;SALA 01;8;6000024;17266;17729;SALVADOR;BA;CINEPOLIS OPERADORA DE CINEMAS DO BRASIL LTDA;09.652.820/0001-32
29/09/2020;29/09/2020 19:40:00;QUEEN OF SPADES: THROUGH THE LOOKING GLASS;A MALDIÇÃO DO ESPELHO;E1900574500000;DUBLADO;NÃO;RÚSSIA;5005327;UCI BRASIL - SUMAÚMA PARK SHOPPING MANAUS SALA 04;15;6000058;749;31265;MANAUS;AM;UNITED CINEMAS INTERNATIONAL BRASIL LTDA.;01.289.530/0001-64
29/09/2020;29/09/2020 19:40:00;SCOOB!;SCOOBY - O FILME;E2000026400000;DUBLADO;NÃO;ESTADOS UNIDOS;5002726;SALA CINE PLAYARTE MANAUARA 06;0;6000049;260;16356;MANAUS;AM;PLAYARTE CINEMAS LTDA.;60.434.149/0001-00
29/09/2020;29/09/2020 19:40:00;THE GENTLEMEN;MAGNATAS DO CRIME;E2000005600000;DUBLADO;NÃO;ESTADOS UNIDOS;5005338;CINEMAS BENFICA - SALA 4;10;;15690;15691;FORTALEZA;CE;CINEMAS BENFICA LTDA;07.509.597/0001-43
29/09/2020;29/09/2020 19:40:00;THE GENTLEMEN;MAGNATAS DO CRIME;E2000005600000;DUBLADO;NÃO;ESTADOS UNIDOS;5002256;MOVIECOM PATIO BELÉM 3;7;6000100;2897;13915;BELÉM;PA;MOVIE CINEMAS LTDA;04.708.972/0001-96
29/09/2020;29/09/2020 19:40:00;THE INVISIBLE MAN;O HOMEM INVISÍVEL;E1900438600000;ORIGINAL;SIM;AUSTRÁLIA;5000736;UCI - SHOPPING CENTER IGUATEMI FORTALEZA - SALA 05;4;6000059;2612;2616;FORTALEZA;CE;UCI RIBEIRO LTDA;02.117.937/0001-77
29/09/2020;29/09/2020 19:40:00;THE MATRIX;MATRIX;E1500096600000;ORIGINAL;SIM;AUSTRÁLIA;5001083;UCI ORIENT SHOPPING DA BAHIA - SALA 11;2;6000060;2606;6586;SALVADOR;BA;UCI-ORIENT LTDA;01.562.356/0001-81
29/09/2020;29/09/2020 19:40:00;THE SECRET: DARE TO DREAM;O SEGREDO: OUSE SONHAR;E2000080600000;DUBLADO;NÃO;ESTADOS UNIDOS;5003594;JUNDIAI SHOPPING 07;0;6000024;17266;22674;JUNDIAÍ;SP;CINEPOLIS OPERADORA DE CINEMAS DO BRASIL LTDA;09.652.820/0001-32
29/09/2020;29/09/2020 19:45:00;ESCAPE FROM PRETORIA;FUGA DE PRETÓRIA;E2000249400000;ORIGINAL;SIM;ÁFRICA DO SUL;5005697;CINEPOLIS RIOMAR KENNEDY - SALA 06;3;6000024;17266;34309;FORTALEZA;CE;CINEPOLIS OPERADORA DE CINEMAS DO BRASIL LTDA;09.652.820/0001-32
29/09/2020;29/09/2020 19:45:00;FANTASY ISLAND;A ILHA DA FANTASIA;E1900579500000;ORIGINAL;SIM;ESTADOS UNIDOS;5004214;CINEMARK JACAREI 5;2;6000018;5130;6664;JACAREÍ;SP;CINE PRIME CINEMA LTDA;05.897.142/0001-17
29/09/2020;29/09/2020 19:45:00;FANTASY ISLAND;A ILHA DA FANTASIA;E1900579500000;DUBLADO;NÃO;ESTADOS UNIDOS;5005104;CINÉPOLIS CAMPINAS SHOPPING - SALA 5;7;6000024;17266;30090;CAMPINAS;SP;CINEPOLIS OPERADORA DE CINEMAS DO BRASIL LTDA;09.652.820/0001-32
29/09/2020;29/09/2020 19:45:00;FANTASY ISLAND;A ILHA DA FANTASIA;E1900579500000;DUBLADO;NÃO;ESTADOS UNIDOS;5006383;GRUPOCINE SANTA ISABEL 01;1;6000034;44276;44277;SANTA ISABEL;SP;EMPRESA CINEMATOGRAFICA BOMBOCINE LTDA;21.298.337/0001-05
29/09/2020;29/09/2020 19:45:00;FANTASY ISLAND;A ILHA DA FANTASIA;E1900579500000;DUBLADO;NÃO;ESTADOS UNIDOS;5001492;MOVIECOM TIVOLI 1;24;6000100;2914;2917;SANTA BÁRBARA D'OESTE;SP;CINEMATOGRÁFICA PASSOS LTDA;01.688.909/0001-47
29/09/2020;29/09/2020 19:45:00;FANTASY ISLAND;A ILHA DA FANTASIA;E1900579500000;ORIGINAL;SIM;ESTADOS UNIDOS;5004700;SALA RIOMAR 7 - TRADICIONAL;10;6000024;17266;27076;FORTALEZA;CE;CINEPOLIS OPERADORA DE CINEMAS DO BRASIL LTDA;09.652.820/0001-32
29/09/2020;29/09/2020 19:45:00;QUEEN OF SPADES: THROUGH THE LOOKING GLASS;A MALDIÇÃO DO ESPELHO;E1900574500000;DUBLADO;NÃO;RÚSSIA;5004473;SALA CINEPOLIS NORTH SHOPPING JOQUEI 03;17;6000024;17266;25960;FORTALEZA;CE;CINEPOLIS OPERADORA DE CINEMAS DO BRASIL LTDA;09.652.820/0001-32
29/09/2020;29/09/2020 19:45:00;SCOOB!;SCOOBY - O FILME;E2000026400000;DUBLADO;NÃO;ESTADOS UNIDOS;5002941;SALA 02;24;6000024;17266;17763;BELÉM;PA;CINEPOLIS OPERADORA DE CINEMAS DO BRASIL LTDA;09.652.820/0001-32
29/09/2020;29/09/2020 19:45:00;THE GENTLEMEN;MAGNATAS DO CRIME;E2000005600000;ORIGINAL;SIM;ESTADOS UNIDOS;5005630;CINEMARK FOZ DO IGUAÇU SALA 01;2;6000018;1843;33653;FOZ DO IGUAÇU;PR;CINEMARK BRASIL S.A;00.779.721/0001-41
29/09/2020;29/09/2020 19:45:00;THE GENTLEMEN;MAGNATAS DO CRIME;E2000005600000;ORIGINAL;SIM;ESTADOS UNIDOS;5006306;GALLERIA CAMPINAS 03 - VIP;3;6000024;17266;43208;CAMPINAS;SP;CINEPOLIS OPERADORA DE CINEMAS DO BRASIL LTDA;09.652.820/0001-32
29/09/2020;29/09/2020 19:45:00;THE GENTLEMEN;MAGNATAS DO CRIME;E2000005600000;ORIGINAL;SIM;ESTADOS UNIDOS;5005341;SHOPPING IGUATEMI 11;6;6000018;1843;2538;CAMPINAS;SP;CINEMARK BRASIL S.A;00.779.721/0001-41
29/09/2020;29/09/2020 19:50:00;BLACK PANTHER;PANTERA NEGRA;E1700512400000;DUBLADO;NÃO;ESTADOS UNIDOS;5006081;CINE IMPERIAL 01;4;;40730;40731;SALVADOR;BA;RG PALMA EXIBICAO CINEMATOGRAFICA LTDA;31.159.134/0001-83
29/09/2020;29/09/2020 19:50:00;FANTASY ISLAND;A ILHA DA FANTASIA;E1900579500000;ORIGINAL;SIM;ESTADOS UNIDOS;5005374;2120 CINEMARK MOGI DAS CRUZES SALA 03;5;6000018;1843;31561;MOGI DAS CRUZES;SP;CINEMARK BRASIL S.A;00.779.721/0001-41
29/09/2020;29/09/2020 19:50:00;FANTASY ISLAND;A ILHA DA FANTASIA;E1900579500000;DUBLADO;NÃO;ESTADOS UNIDOS;5005098;CINÉPOLIS SÃO GONÇALO SHOPPING - SALA 7;8;6000024;17266;30088;SÃO GONÇALO;RJ;CINEPOLIS OPERADORA DE CINEMAS DO BRASIL LTDA;09.652.820/0001-32
29/09/2020;29/09/2020 19:50:00;FANTASY ISLAND;A ILHA DA FANTASIA;E1900579500000;ORIGINAL;SIM;ESTADOS UNIDOS;5003588;JUNDIAI SHOPPING 01;0;6000024;17266;22674;JUNDIAÍ;SP;CINEPOLIS OPERADORA DE CINEMAS DO BRASIL LTDA;09.652.820/0001-32
29/09/2020;29/09/2020 19:50:00;FANTASY ISLAND;A ILHA DA FANTASIA;E1900579500000;DUBLADO;NÃO;ESTADOS UNIDOS;5001520;MOVIECOM BURITI 2;8;6000100;2897;2893;APARECIDA DE GOIÂNIA;GO;MOVIE CINEMAS LTDA;04.708.972/0001-96
29/09/2020;29/09/2020 19:50:00;FANTASY ISLAND;A ILHA DA FANTASIA;E1900579500000;ORIGINAL;SIM;ESTADOS UNIDOS;5004814;UCI BRASIL SHOPPING PARANGABA SALA 02;5;6000058;749;27591;FORTALEZA;CE;UNITED CINEMAS INTERNATIONAL BRASIL LTDA.;01.289.530/0001-64
29/09/2020;29/09/2020 19:50:00;QUEEN OF SPADES: THROUGH THE LOOKING GLASS;A MALDIÇÃO DO ESPELHO;E1900574500000;DUBLADO;NÃO;RÚSSIA;5003481;SALA CINEPOLIS BELA VISTA 09;5;6000024;17266;21610;SALVADOR;BA;CINEPOLIS OPERADORA DE CINEMAS DO BRASIL LTDA;09.652.820/0001-32
29/09/2020;29/09/2020 19:50:00;SCOOB!;SCOOBY - O FILME;E2000026400000;DUBLADO;NÃO;ESTADOS UNIDOS;5005163;CINÉPOLIS MANAUS PLAZA - SALA 7;0;6000024;17266;30118;MANAUS;AM;CINEPOLIS OPERADORA DE CINEMAS DO BRASIL LTDA;09.652.820/0001-32
29/09/2020;29/09/2020 19:50:00;THE GENTLEMEN;MAGNATAS DO CRIME;E2000005600000;ORIGINAL;SIM;ESTADOS UNIDOS;5001491;MOVIECOM MAXI 6;0;6000100;2912;2913;JUNDIAÍ;SP;MAXI CINEMATOGRÁFICA LTDA;05.279.756/0001-35
29/09/2020;29/09/2020 19:50:00;THE GENTLEMEN;MAGNATAS DO CRIME;E2000005600000;DUBLADO;NÃO;ESTADOS UNIDOS;5006216;SALA 08 - VIP;0;6000024;17266;17729;SALVADOR;BA;CINEPOLIS OPERADORA DE CINEMAS DO BRASIL LTDA;09.652.820/0001-32
29/09/2020;29/09/2020 20:00:00;A QUIET PLACE;UM LUGAR SILENCIOSO;E1800074200000;DUBLADO;NÃO;ESTADOS UNIDOS;5002724;SALA CINE PLAYARTE MANAUARA 08;12;6000049;260;16356;MANAUS;AM;PLAYARTE CINEMAS LTDA.;60.434.149/0001-00
29/09/2020;29/09/2020 20:00:00;BIRDS OF PREY (AND THE FANTABULOUS EMANCIPATION OF ONE HARLEY QUINN);AVES DE RAPINA (ARLEQUINA E SUA EMANCIPAÇÃO FANTABULOSA);E1900628800000;DUBLADO;NÃO;ESTADOS UNIDOS;5006258;CIRCUITO PONTA PORA 02;3;6000028;15568;42557;PONTA PORÃ;MS;CIRCUITO ENTRETENIMENTO E CINEMAS LTDA;08.068.712/0001-54
29/09/2020;29/09/2020 20:00:00;ESCAPE FROM PRETORIA;FUGA DE PRETÓRIA;E2000249400000;ORIGINAL;SIM;ÁFRICA DO SUL;5005107;CINÉPOLIS CAMPINAS SHOPPING - SALA 8;0;6000024;17266;30090;CAMPINAS;SP;CINEPOLIS OPERADORA DE CINEMAS DO BRASIL LTDA;09.652.820/0001-32
29/09/2020;29/09/2020 20:00:00;ESCAPE FROM PRETORIA;FUGA DE PRETÓRIA;E2000249400000;ORIGINAL;SIM;ÁFRICA DO SUL;5006307;GALLERIA CAMPINAS 04 - VIP;1;6000024;17266;43208;CAMPINAS;SP;CINEPOLIS OPERADORA DE CINEMAS DO BRASIL LTDA;09.652.820/0001-32
29/09/2020;29/09/2020 20:00:00;FANTASY ISLAND;A ILHA DA FANTASIA;E1900579500000;DUBLADO;NÃO;ESTADOS UNIDOS;5002824;CENTERPLEX VIA SUL SHOPPING 3;2;6000006;16321;16322;FORTALEZA;CE;EMPRESA DE CINEMAS FORTALEZA LTDA;10.785.710/0001-28
29/09/2020;29/09/2020 20:00:00;FANTASY ISLAND;A ILHA DA FANTASIA;E1900579500000;DUBLADO;NÃO;ESTADOS UNIDOS;5006534;CINE LASER SANTAREM 2;0;6000104;44323;45275;SANTARÉM;PA;CINE LASER CINEMAS NORDESTE LTDA;34.860.287/0001-41
29/09/2020;29/09/2020 20:00:00;FANTASY ISLAND;A ILHA DA FANTASIA;E1900579500000;DUBLADO;NÃO;ESTADOS UNIDOS;5004593;CINE LASER SORRISO 2;9;6000104;19465;19467;SORRISO;MT;CINE LASER CINEMAS LTDA;03.569.447/0001-74
29/09/2020;29/09/2020 20:00:00;FANTASY ISLAND;A ILHA DA FANTASIA;E1900579500000;DUBLADO;NÃO;ESTADOS UNIDOS;5004186;CINEFLIX JK SHOPPING - SALA 3;13;6000014;24534;24535;BRASÍLIA;DF;REDECINE BSB CINEMATOGRÁFICA LTDA;18.087.870/0001-05
29/09/2020;29/09/2020 20:00:00;FANTASY ISLAND;A ILHA DA FANTASIA;E1900579500000;DUBLADO;NÃO;ESTADOS UNIDOS;5005309;CINEFLIX VÁRZEA GRANDE SHOPPING - SALA 6;8;6000014;24534;31101;VÁRZEA GRANDE;MT;REDECINE BSB CINEMATOGRÁFICA LTDA;18.087.870/0001-05
29/09/2020;29/09/2020 20:00:00;FANTASY ISLAND;A ILHA DA FANTASIA;E1900579500000;DUBLADO;NÃO;ESTADOS UNIDOS;5005164;CINÉPOLIS MANAUS PLAZA - SALA 8;6;6000024;17266;30118;MANAUS;AM;CINEPOLIS OPERADORA DE CINEMAS DO BRASIL LTDA;09.652.820/0001-32
29/09/2020;29/09/2020 20:00:00;FANTASY ISLAND;A ILHA DA FANTASIA;E1900579500000;DUBLADO;NÃO;ESTADOS UNIDOS;5005366;CIRCUITO CINEMAS - PNP SALA 03;0;6000028;15568;31541;PENÁPOLIS;SP;CIRCUITO ENTRETENIMENTO E CINEMAS LTDA;08.068.712/0001-54
29/09/2020;29/09/2020 20:00:00;FANTASY ISLAND;A ILHA DA FANTASIA;E1900579500000;DUBLADO;NÃO;ESTADOS UNIDOS;5003587;LASER VILHENA 02;13;6000104;19465;19466;VILHENA;RO;CINE LASER CINEMAS LTDA;03.569.447/0001-74
29/09/2020;29/09/2020 20:00:00;FANTASY ISLAND;A ILHA DA FANTASIA;E1900579500000;DUBLADO;NÃO;ESTADOS UNIDOS;5001505;MOVIECOM CASTANHEIRA 7;12;6000100;2897;2896;BELÉM;PA;MOVIE CINEMAS LTDA;04.708.972/0001-96
29/09/2020;29/09/2020 20:00:00;FANTASY ISLAND;A ILHA DA FANTASIA;E1900579500000;DUBLADO;NÃO;ESTADOS UNIDOS;5004432;MOVIECOM UNIMART 6;0;6000100;2897;5573;CAMPINAS;SP;MOVIE CINEMAS LTDA;04.708.972/0001-96
29/09/2020;29/09/2020 20:00:00;FANTASY ISLAND;A ILHA DA FANTASIA;E1900579500000;DUBLADO;NÃO;ESTADOS UNIDOS;5000161;NORTH SHOPPING 2;21;6000037;1991;2414;FORTALEZA;CE;EMPRESA CINEMAS SÃO LUIZ S/A;33.497.660/0001-89
29/09/2020;29/09/2020 20:00:00;FANTASY ISLAND;A ILHA DA FANTASIA;E1900579500000;DUBLADO;NÃO;ESTADOS UNIDOS;5006474;REDECINE SUMARE 03;7;6000014;5654;44547;SUMARÉ;SP;REDECINE-CPQ CINEMATOGRÁFICA LTDA;07.665.262/0001-14
29/09/2020;29/09/2020 20:00:00;FANTASY ISLAND;A ILHA DA FANTASIA;E1900579500000;ORIGINAL;SIM;ESTADOS UNIDOS;5000737;UCI - SHOPPING CENTER IGUATEMI FORTALEZA - SALA 06;14;6000059;2612;2616;FORTALEZA;CE;UCI RIBEIRO LTDA;02.117.937/0001-77
29/09/2020;29/09/2020 20:00:00;FANTASY ISLAND;A ILHA DA FANTASIA;E1900579500000;ORIGINAL;SIM;ESTADOS UNIDOS;5005430;UCI BRASIL - SHOPPING BOSQUE GRÃO PARÁ SALA 05;2;6000058;749;32026;BELÉM;PA;UNITED CINEMAS INTERNATIONAL BRASIL LTDA.;01.289.530/0001-64
29/09/2020;29/09/2020 20:00:00;FANTASY ISLAND;A ILHA DA FANTASIA;E1900579500000;DUBLADO;NÃO;ESTADOS UNIDOS;5005330;UCI BRASIL - SUMAÚMA PARK SHOPPING MANAUS SALA 07;11;6000058;749;31265;MANAUS;AM;UNITED CINEMAS INTERNATIONAL BRASIL LTDA.;01.289.530/0001-64
29/09/2020;29/09/2020 20:00:00;GET OUT;CORRA!;E1700047300000;DUBLADO;NÃO;ESTADOS UNIDOS;5006386;GRUPOCINE VALINHOS 02;5;6000034;44276;44278;VALINHOS;SP;EMPRESA CINEMATOGRAFICA BOMBOCINE LTDA;21.298.337/0001-05
29/09/2020;29/09/2020 20:00:00;QUEEN OF SPADES: THROUGH THE LOOKING GLASS;A MALDIÇÃO DO ESPELHO;E1900574500000;DUBLADO;NÃO;RÚSSIA;5001486;MOVIECOM MAXI 2;5;6000100;2912;2913;JUNDIAÍ;SP;MAXI CINEMATOGRÁFICA LTDA;05.279.756/0001-35
29/09/2020;29/09/2020 20:00:00;QUEEN OF SPADES: THROUGH THE LOOKING GLASS;A MALDIÇÃO DO ESPELHO;E1900574500000;DUBLADO;NÃO;RÚSSIA;5000924;MOVIECOM TIVOLI 2;21;6000100;2914;2917;SANTA BÁRBARA D'OESTE;SP;CINEMATOGRÁFICA PASSOS LTDA;01.688.909/0001-47
29/09/2020;29/09/2020 20:00:00;QUEEN OF SPADES: THROUGH THE LOOKING GLASS;A MALDIÇÃO DO ESPELHO;E1900574500000;DUBLADO;NÃO;RÚSSIA;5005274;MULTICINE SANTA MARIA SALA 05;2;6000045;5935;30733;BRASÍLIA;DF;MULTICINE CINEMAS LTDA;07.609.246/0001-04
29/09/2020;29/09/2020 20:00:00;QUEEN OF SPADES: THROUGH THE LOOKING GLASS;A MALDIÇÃO DO ESPELHO;E1900574500000;DUBLADO;NÃO;RÚSSIA;5006522;UNIPLEX PARANAGUA 2;21;6000007;2442;44957;PARANAGUÁ;PR;CINEMAS UNIPLEX LTDA;02.137.637/0001-50
29/09/2020;29/09/2020 20:00:00;SCOOB!;SCOOBY - O FILME;E2000026400000;DUBLADO;NÃO;ESTADOS UNIDOS;5006384;GRUPOCINE SANTA ISABEL 02;2;6000034;44276;44277;SANTA ISABEL;SP;EMPRESA CINEMATOGRAFICA BOMBOCINE LTDA;21.298.337/0001-05
29/09/2020;29/09/2020 20:00:00;SCOOB!;SCOOBY - O FILME;E2000026400000;DUBLADO;NÃO;ESTADOS UNIDOS;5003589;JUNDIAI SHOPPING 02;9;6000024;17266;22674;JUNDIAÍ;SP;CINEPOLIS OPERADORA DE CINEMAS DO BRASIL LTDA;09.652.820/0001-32
29/09/2020;29/09/2020 20:00:00;SCOOB!;SCOOBY - O FILME;E2000026400000;DUBLADO;NÃO;ESTADOS UNIDOS;5003473;SALA CINEPOLIS BELA VISTA 01;7;6000024;17266;21610;SALVADOR;BA;CINEPOLIS OPERADORA DE CINEMAS DO BRASIL LTDA;09.652.820/0001-32
29/09/2020;29/09/2020 20:00:00;THE EXORCIST;O EXORCISTA;E1500099900000;ORIGINAL;SIM;ESTADOS UNIDOS;5004587;UCI ORIENT SHOPPING BARRA SALA 5;0;6000060;2606;26893;SALVADOR;BA;UCI-ORIENT LTDA;01.562.356/0001-81
29/09/2020;29/09/2020 20:00:00;THE GENTLEMEN;MAGNATAS DO CRIME;E2000005600000;DUBLADO;NÃO;ESTADOS UNIDOS;5005643;CINE LASER BARRA DO GARÇAS SALA 02;6;6000104;33805;33806;BARRA DO GARÇAS;MT;CINE LASER BARRA DO GARÇAS LTDA- ME;24.864.214/0001-74
29/09/2020;29/09/2020 20:00:00;THE GENTLEMEN;MAGNATAS DO CRIME;E2000005600000;DUBLADO;NÃO;ESTADOS UNIDOS;5005319;CINEFLIX SHOPPING PRAÇA NOVA ARAÇATUBA - SALA 04;6;6000014;25182;31153;ARAÇATUBA;SP;REDECINE SUL CINEMAS LTDA.;18.672.374/0001-19
29/09/2020;29/09/2020 20:00:00;THE GENTLEMEN;MAGNATAS DO CRIME;E2000005600000;ORIGINAL;SIM;ESTADOS UNIDOS;5003098;TOPAZIO POLO SHOPPING 5;0;6000057;2968;19182;INDAIATUBA;SP;LUI CINEMATOGRÁFICA LTDA.;71.912.711/0001-80
29/09/2020;29/09/2020 20:00:00;THE INVISIBLE MAN;O HOMEM INVISÍVEL;E1900438600000;DUBLADO;NÃO;AUSTRÁLIA;5001078;UCI ORIENT SHOPPING DA BAHIA - SALA 06;7;6000060;2606;6586;SALVADOR;BA;UCI-ORIENT LTDA;01.562.356/0001-81
29/09/2020;29/09/2020 20:00:00;THE SECRET: DARE TO DREAM;O SEGREDO: OUSE SONHAR;E2000080600000;DUBLADO;NÃO;ESTADOS UNIDOS;5001100;CINE TOPÁZIO 1;2;6000057;2968;6742;INDAIATUBA;SP;LUI CINEMATOGRÁFICA LTDA.;71.912.711/0001-80
29/09/2020;29/09/2020 20:00:00;THE SECRET: DARE TO DREAM;O SEGREDO: OUSE SONHAR;E2000080600000;DUBLADO;NÃO;ESTADOS UNIDOS;5006358;MULTICINE IANDE SHOPPING 3;0;6000045;5935;43968;CAUCAIA;CE;MULTICINE CINEMAS LTDA;07.609.246/0001-04
29/09/2020;29/09/2020 20:00:00;THE SUN IS ALSO A STAR;O SOL TAMBÉM É UMA ESTRELA;E1900164200000;ORIGINAL;SIM;ESTADOS UNIDOS;5002102;CINE DRIVEIN;34;;5465;6715;BRASÍLIA;DF;STARK'S CINEMA E LANCHONETE LTDA.;32.917.296/0001-04
29/09/2020;29/09/2020 20:00:01;FANTASY ISLAND;A ILHA DA FANTASIA;E1900579500000;DUBLADO;NÃO;ESTADOS UNIDOS;5006325;CINE VERA CRUZ 2;5;;15645;15647;CAPIVARI;SP;DAVILSON DE JESUS TALASSI - ME;64.499.320/0001-10
29/09/2020;29/09/2020 20:00:01;FANTASY ISLAND;A ILHA DA FANTASIA;E1900579500000;DUBLADO;NÃO;ESTADOS UNIDOS;5002257;MOVIECOM PATIO BELÉM 2;29;6000100;2897;13915;BELÉM;PA;MOVIE CINEMAS LTDA;04.708.972/0001-96
29/09/2020;29/09/2020 20:05:00;THE SECRET: DARE TO DREAM;O SEGREDO: OUSE SONHAR;E2000080600000;DUBLADO;NÃO;ESTADOS UNIDOS;5004189;CINEFLIX JK SHOPPING - SALA 6;6;6000014;24534;24535;BRASÍLIA;DF;REDECINE BSB CINEMATOGRÁFICA LTDA;18.087.870/0001-05
29/09/2020;29/09/2020 20:10:00;FANTASY ISLAND;A ILHA DA FANTASIA;E1900579500000;DUBLADO;NÃO;ESTADOS UNIDOS;5000079;KINOPLEX AMAZONAS SALA 01;24;6000037;1991;2393;MANAUS;AM;EMPRESA CINEMAS SÃO LUIZ S/A;33.497.660/0001-89
29/09/2020;29/09/2020 20:10:00;QUEEN OF SPADES: THROUGH THE LOOKING GLASS;A MALDIÇÃO DO ESPELHO;E1900574500000;DUBLADO;NÃO;RÚSSIA;5004184;CINEFLIX JK SHOPPING - SALA 1;22;6000014;24534;24535;BRASÍLIA;DF;REDECINE BSB CINEMATOGRÁFICA LTDA;18.087.870/0001-05
29/09/2020;29/09/2020 20:10:00;QUEEN OF SPADES: THROUGH THE LOOKING GLASS;A MALDIÇÃO DO ESPELHO;E1900574500000;DUBLADO;NÃO;RÚSSIA;5005633;CINEMARK FOZ DO IGUAÇU SALA 04;0;6000018;1843;33653;FOZ DO IGUAÇU;PR;CINEMARK BRASIL S.A;00.779.721/0001-41
29/09/2020;29/09/2020 20:10:00;QUEEN OF SPADES: THROUGH THE LOOKING GLASS;A MALDIÇÃO DO ESPELHO;E1900574500000;DUBLADO;NÃO;RÚSSIA;5001524;MOVIECOM BURITI 6;20;6000100;2897;2893;APARECIDA DE GOIÂNIA;GO;MOVIE CINEMAS LTDA;04.708.972/0001-96
29/09/2020;29/09/2020 20:10:00;QUEEN OF SPADES: THROUGH THE LOOKING GLASS;A MALDIÇÃO DO ESPELHO;E1900574500000;DUBLADO;NÃO;RÚSSIA;5004703;SALA RIOMAR 10 - TRADICIONAL;3;6000024;17266;27076;FORTALEZA;CE;CINEPOLIS OPERADORA DE CINEMAS DO BRASIL LTDA;09.652.820/0001-32
29/09/2020;29/09/2020 20:10:00;QUEEN OF SPADES: THROUGH THE LOOKING GLASS;A MALDIÇÃO DO ESPELHO;E1900574500000;DUBLADO;NÃO;RÚSSIA;5004816;UCI BRASIL SHOPPING PARANGABA SALA 04;17;6000058;749;27591;FORTALEZA;CE;UNITED CINEMAS INTERNATIONAL BRASIL LTDA.;01.289.530/0001-64
29/09/2020;29/09/2020 20:10:00;SCOOB!;SCOOBY - O FILME;E2000026400000;DUBLADO;NÃO;ESTADOS UNIDOS;5006475;REDECINE SUMARE 04;6;6000014;5654;44547;SUMARÉ;SP;REDECINE-CPQ CINEMATOGRÁFICA LTDA;07.665.262/0001-14
29/09/2020;29/09/2020 20:10:00;THE GENTLEMEN;MAGNATAS DO CRIME;E2000005600000;DUBLADO;NÃO;ESTADOS UNIDOS;5006346;CINE SÃO JOSÉ 02;0;;35523;43768;JEQUIÉ;BA;CINE SÃO JOSÉ ENTRETENIMENTO LTDA - ME;26.915.517/0001-02
29/09/2020;29/09/2020 20:10:00;WONDER WOMAN;MULHER-MARAVILHA;E1700197900000;DUBLADO;NÃO;ESTADOS UNIDOS;5001605;CINE 3 FERRY BOAT´S PLAZA 2;2;;5294;6684;GUARUJÁ;SP;SOBRAL EVENTOS E ENTRETENIMENTO LTDA;07.159.860/0001-11
29/09/2020;29/09/2020 20:15:00;ESCAPE FROM PRETORIA;FUGA DE PRETÓRIA;E2000249400000;ORIGINAL;SIM;ÁFRICA DO SUL;5003488;SALA PQ.BELEM 07;2;6000024;17266;21616;BELÉM;PA;CINEPOLIS OPERADORA DE CINEMAS DO BRASIL LTDA;09.652.820/0001-32
29/09/2020;29/09/2020 20:15:00;FANTASY ISLAND;A ILHA DA FANTASIA;E1900579500000;DUBLADO;NÃO;ESTADOS UNIDOS;5005693;CINEPOLIS RIOMAR KENNEDY - SALA 02;30;6000024;17266;34309;FORTALEZA;CE;CINEPOLIS OPERADORA DE CINEMAS DO BRASIL LTDA;09.652.820/0001-32
29/09/2020;29/09/2020 20:15:00;FANTASY ISLAND;A ILHA DA FANTASIA;E1900579500000;ORIGINAL;SIM;ESTADOS UNIDOS;5002938;SALA 04;10;6000024;17266;17763;BELÉM;PA;CINEPOLIS OPERADORA DE CINEMAS DO BRASIL LTDA;09.652.820/0001-32
29/09/2020;29/09/2020 20:15:00;QUEEN OF SPADES: THROUGH THE LOOKING GLASS;A MALDIÇÃO DO ESPELHO;E1900574500000;DUBLADO;NÃO;RÚSSIA;5001623;CINEMARK JACAREI 4;18;6000018;5130;6664;JACAREÍ;SP;CINE PRIME CINEMA LTDA;05.897.142/0001-17
29/09/2020;29/09/2020 20:15:00;QUEEN OF SPADES: THROUGH THE LOOKING GLASS;A MALDIÇÃO DO ESPELHO;E1900574500000;DUBLADO;NÃO;RÚSSIA;5005352;CINESYSTEM SANTARÉM SALA 02;10;6000027;22546;31524;SANTARÉM;PA;REDECINE BRA CINEMATOGRÁFICA S.A.;15.422.993/0001-67
29/09/2020;29/09/2020 20:15:00;QUEEN OF SPADES: THROUGH THE LOOKING GLASS;A MALDIÇÃO DO ESPELHO;E1900574500000;DUBLADO;NÃO;RÚSSIA;5005103;CINÉPOLIS CAMPINAS SHOPPING - SALA 4;7;6000024;17266;30090;CAMPINAS;SP;CINEPOLIS OPERADORA DE CINEMAS DO BRASIL LTDA;09.652.820/0001-32
29/09/2020;29/09/2020 20:15:00;THE GENTLEMEN;MAGNATAS DO CRIME;E2000005600000;DUBLADO;NÃO;ESTADOS UNIDOS;5005354;CINESYSTEM SANTARÉM SALA 04;34;6000027;22546;31524;SANTARÉM;PA;REDECINE BRA CINEMATOGRÁFICA S.A.;15.422.993/0001-67
29/09/2020;29/09/2020 20:15:00;THE GENTLEMEN;MAGNATAS DO CRIME;E2000005600000;DUBLADO;NÃO;ESTADOS UNIDOS;5005152;CINÉPOLIS MILLENNIUM - SALA 4;6;6000024;17266;30116;MANAUS;AM;CINEPOLIS OPERADORA DE CINEMAS DO BRASIL LTDA;09.652.820/0001-32
29/09/2020;29/09/2020 20:15:00;THE GENTLEMEN;MAGNATAS DO CRIME;E2000005600000;ORIGINAL;SIM;ESTADOS UNIDOS;5004697;SALA RIOMAR 4 -VIP;22;6000024;17266;27076;FORTALEZA;CE;CINEPOLIS OPERADORA DE CINEMAS DO BRASIL LTDA;09.652.820/0001-32
29/09/2020;29/09/2020 20:15:00;THE SECRET: DARE TO DREAM;O SEGREDO: OUSE SONHAR;E2000080600000;DUBLADO;NÃO;ESTADOS UNIDOS;5005160;CINÉPOLIS MANAUS PLAZA - SALA 4;4;6000024;17266;30118;MANAUS;AM;CINEPOLIS OPERADORA DE CINEMAS DO BRASIL LTDA;09.652.820/0001-32
29/09/2020;29/09/2020 20:15:00;THE SECRET: DARE TO DREAM;O SEGREDO: OUSE SONHAR;E2000080600000;DUBLADO;NÃO;ESTADOS UNIDOS;5006476;REDECINE SUMARE 05;2;6000014;5654;44547;SUMARÉ;SP;REDECINE-CPQ CINEMATOGRÁFICA LTDA;07.665.262/0001-14
29/09/2020;29/09/2020 20:20:00;EL ROBO DEL SIGLO;O ROUBO DO SÉCULO;E2000030900000;ORIGINAL;SIM;ARGENTINA;5001084;UCI ORIENT SHOPPING DA BAHIA - SALA 12;11;6000060;2606;6586;SALVADOR;BA;UCI-ORIENT LTDA;01.562.356/0001-81
29/09/2020;29/09/2020 20:20:00;FANTASY ISLAND;A ILHA DA FANTASIA;E1900579500000;DUBLADO;NÃO;ESTADOS UNIDOS;5005707;CENTERPLEX GRAND SHOPPING MESSEJANA SALA 02;2;6000006;16321;34486;FORTALEZA;CE;EMPRESA DE CINEMAS FORTALEZA LTDA;10.785.710/0001-28
29/09/2020;29/09/2020 20:20:00;FANTASY ISLAND;A ILHA DA FANTASIA;E1900579500000;DUBLADO;NÃO;ESTADOS UNIDOS;5005925;CENTERPLEX GRANDE CIRCULAR 02;3;6000006;38234;38235;MANAUS;AM;CINE ELI AMAZONAS CINEMAS LTDA - EM RECUPERAÇÃO JUDICIAL;28.619.116/0001-22
29/09/2020;29/09/2020 20:20:00;FANTASY ISLAND;A ILHA DA FANTASIA;E1900579500000;DUBLADO;NÃO;ESTADOS UNIDOS;5002829;CENTERPLEX MARACANAU SALA 01;2;6000006;16321;16969;MARACANAÚ;CE;EMPRESA DE CINEMAS FORTALEZA LTDA;10.785.710/0001-28
29/09/2020;29/09/2020 20:20:00;FANTASY ISLAND;A ILHA DA FANTASIA;E1900579500000;DUBLADO;NÃO;ESTADOS UNIDOS;5006345;CINE SÃO JOSÉ 01;0;;35523;43768;JEQUIÉ;BA;CINE SÃO JOSÉ ENTRETENIMENTO LTDA - ME;26.915.517/0001-02
29/09/2020;29/09/2020 20:20:00;FANTASY ISLAND;A ILHA DA FANTASIA;E1900579500000;DUBLADO;NÃO;ESTADOS UNIDOS;5000128;KINOPLEX D. PEDRO 15;8;6000037;1991;2404;CAMPINAS;SP;EMPRESA CINEMAS SÃO LUIZ S/A;33.497.660/0001-89
29/09/2020;29/09/2020 20:20:00;FANTASY ISLAND;A ILHA DA FANTASIA;E1900579500000;DUBLADO;NÃO;ESTADOS UNIDOS;5002678;ORIENT CINE PARELELA - SALA 03;4;6000060;2606;16207;SALVADOR;BA;UCI-ORIENT LTDA;01.562.356/0001-81
29/09/2020;29/09/2020 20:20:00;QUEEN OF SPADES: THROUGH THE LOOKING GLASS;A MALDIÇÃO DO ESPELHO;E1900574500000;DUBLADO;NÃO;RÚSSIA;5006473;REDECINE SUMARE 02;3;6000014;5654;44547;SUMARÉ;SP;REDECINE-CPQ CINEMATOGRÁFICA LTDA;07.665.262/0001-14
29/09/2020;29/09/2020 20:20:00;QUEEN OF SPADES: THROUGH THE LOOKING GLASS;A MALDIÇÃO DO ESPELHO;E1900574500000;DUBLADO;NÃO;RÚSSIA;5000735;UCI - SHOPPING CENTER IGUATEMI FORTALEZA - SALA 04;22;6000059;2612;2616;FORTALEZA;CE;UCI RIBEIRO LTDA;02.117.937/0001-77
29/09/2020;29/09/2020 20:20:00;SCOOB!;SCOOBY - O FILME;E2000026400000;DUBLADO;NÃO;ESTADOS UNIDOS;5003450;CASTRO 1;13;6000023;12893;21049;CASTRO;PR;ESTILO PRODUÇÕES ARTISTICAS LTDA;03.293.165/0001-97
29/09/2020;29/09/2020 20:20:00;SCOOB!;SCOOBY - O FILME;E2000026400000;DUBLADO;NÃO;ESTADOS UNIDOS;5004185;CINEFLIX JK SHOPPING - SALA 2;21;6000014;24534;24535;BRASÍLIA;DF;REDECINE BSB CINEMATOGRÁFICA LTDA;18.087.870/0001-05
29/09/2020;29/09/2020 20:20:00;SCOOB!;SCOOBY - O FILME;E2000026400000;DUBLADO;NÃO;ESTADOS UNIDOS;5005788;CINEPLUS FAZENDA - SALA 2;17;6000023;36183;36184;FAZENDA RIO GRANDE;PR;CINELUZ CINEMA LTDA;27.232.323/0001-67
29/09/2020;29/09/2020 20:20:00;SCOOB!;SCOOBY - O FILME;E2000026400000;DUBLADO;NÃO;ESTADOS UNIDOS;5006385;GRUPOCINE VALINHOS 01;0;6000034;44276;44278;VALINHOS;SP;EMPRESA CINEMATOGRAFICA BOMBOCINE LTDA;21.298.337/0001-05
29/09/2020;29/09/2020 20:20:00;THE CONJURING;INVOCAÇÃO DO MAL;E1500097000000;DUBLADO;NÃO;ESTADOS UNIDOS;5005191;ATLÂNTICO;3;6000034;30170;30172;AQUIDAUANA;MS;ATLANTICO CINE LTDA - EPP;22.455.854/0001-03
29/09/2020;29/09/2020 20:20:00;THE GENTLEMEN;MAGNATAS DO CRIME;E2000005600000;DUBLADO;NÃO;ESTADOS UNIDOS;5004437;MOVIECOM PÁTIO MARABÁ 5;4;6000100;2897;25394;MARABÁ;PA;MOVIE CINEMAS LTDA;04.708.972/0001-96
29/09/2020;29/09/2020 20:20:00;THE GENTLEMEN;MAGNATAS DO CRIME;E2000005600000;DUBLADO;NÃO;ESTADOS UNIDOS;5001708;MOVIECOM UNIMART 3;8;6000100;2897;5573;CAMPINAS;SP;MOVIE CINEMAS LTDA;04.708.972/0001-96
29/09/2020;29/09/2020 20:25:00;THE EXORCIST;O EXORCISTA;E1500099900000;ORIGINAL;SIM;ESTADOS UNIDOS;5003283;MULTICINE JATAÍ 01;5;6000045;5935;19793;JATAÍ;GO;MULTICINE CINEMAS LTDA;07.609.246/0001-04
29/09/2020;29/09/2020 20:25:00;THE GENTLEMEN;MAGNATAS DO CRIME;E2000005600000;DUBLADO;NÃO;ESTADOS UNIDOS;5004188;CINEFLIX JK SHOPPING - SALA 5;10;6000014;24534;24535;BRASÍLIA;DF;REDECINE BSB CINEMATOGRÁFICA LTDA;18.087.870/0001-05
29/09/2020;29/09/2020 20:30:00;AQUAMAN;AQUAMAN;E1800433400000;DUBLADO;NÃO;ESTADOS UNIDOS;5006625;CINE GOLDEN - DRIVE IN;0;6000141;45886;46420;JEQUIÉ;BA;GF ANDRADE ENTRETENIMENTO E COMÉRCIO LTDA;23.200.362/0001-21
29/09/2020;29/09/2020 20:30:00;BACK TO THE FUTURE;DE VOLTA PARA O FUTURO;E1402513800000;ORIGINAL;SIM;ESTADOS UNIDOS;5001101;CINE TOPÁZIO 2;5;6000057;2968;6742;INDAIATUBA;SP;LUI CINEMATOGRÁFICA LTDA.;71.912.711/0001-80
29/09/2020;29/09/2020 20:30:00;BLACK PANTHER;PANTERA NEGRA;E1700512400000;DUBLADO;NÃO;ESTADOS UNIDOS;5006395;GRUPOCINE FERNANDÓPOLIS 01;5;6000034;44276;44281;FERNANDÓPOLIS;SP;EMPRESA CINEMATOGRAFICA BOMBOCINE LTDA;21.298.337/0001-05
29/09/2020;29/09/2020 20:30:00;ESCAPE FROM PRETORIA;FUGA DE PRETÓRIA;E2000249400000;DUBLADO;NÃO;ÁFRICA DO SUL;5006462;GRUPOCINE EUSÉBIO 02;2;6000034;44276;44457;EUSÉBIO;CE;EMPRESA CINEMATOGRAFICA BOMBOCINE LTDA;21.298.337/0001-05
29/09/2020;29/09/2020 20:30:00;FANTASY ISLAND;A ILHA DA FANTASIA;E1900579500000;DUBLADO;NÃO;ESTADOS UNIDOS;5005806;CINEFLIX APARECIDA DE GOIANIA - SALA 2;9;6000014;24534;36838;APARECIDA DE GOIÂNIA;GO;REDECINE BSB CINEMATOGRÁFICA LTDA;18.087.870/0001-05
29/09/2020;29/09/2020 20:30:00;FANTASY ISLAND;A ILHA DA FANTASIA;E1900579500000;DUBLADO;NÃO;ESTADOS UNIDOS;5004187;CINEFLIX JK SHOPPING - SALA 4;24;6000014;24534;24535;BRASÍLIA;DF;REDECINE BSB CINEMATOGRÁFICA LTDA;18.087.870/0001-05
29/09/2020;29/09/2020 20:30:00;FANTASY ISLAND;A ILHA DA FANTASIA;E1900579500000;DUBLADO;NÃO;ESTADOS UNIDOS;5005317;CINEFLIX SHOPPING PRAÇA NOVA ARAÇATUBA - SALA 02;4;6000014;25182;31153;ARAÇATUBA;SP;REDECINE SUL CINEMAS LTDA.;18.672.374/0001-19
29/09/2020;29/09/2020 20:30:00;FANTASY ISLAND;A ILHA DA FANTASIA;E1900579500000;DUBLADO;NÃO;ESTADOS UNIDOS;5006472;REDECINE SUMARE 01;9;6000014;5654;44547;SUMARÉ;SP;REDECINE-CPQ CINEMATOGRÁFICA LTDA;07.665.262/0001-14
29/09/2020;29/09/2020 20:30:00;FANTASY ISLAND;A ILHA DA FANTASIA;E1900579500000;DUBLADO;NÃO;ESTADOS UNIDOS;5002721;SALA CINE PLAYARTE MANAUARA 01;6;6000049;260;16356;MANAUS;AM;PLAYARTE CINEMAS LTDA.;60.434.149/0001-00
29/09/2020;29/09/2020 20:30:00;FANTASY ISLAND;A ILHA DA FANTASIA;E1900579500000;ORIGINAL;SIM;ESTADOS UNIDOS;5004366;SALA CINEPOLIS PONTA NEGRA 03 VIP;10;6000024;17266;25193;MANAUS;AM;CINEPOLIS OPERADORA DE CINEMAS DO BRASIL LTDA;09.652.820/0001-32
29/09/2020;29/09/2020 20:30:00;FANTASY ISLAND;A ILHA DA FANTASIA;E1900579500000;ORIGINAL;SIM;ESTADOS UNIDOS;5004583;UCI ORIENT SHOPPING BARRA SALA 1;1;6000060;2606;26893;SALVADOR;BA;UCI-ORIENT LTDA;01.562.356/0001-81
29/09/2020;29/09/2020 20:30:00;FANTASY ISLAND;A ILHA DA FANTASIA;E1900579500000;DUBLADO;NÃO;ESTADOS UNIDOS;5006521;UNIPLEX PARANAGUA 1;25;6000007;2442;44957;PARANAGUÁ;PR;CINEMAS UNIPLEX LTDA;02.137.637/0001-50
29/09/2020;29/09/2020 20:30:00;JOKER;CORINGA;E1900357300000;DUBLADO;NÃO;CANADÁ;5005978;CINESYSTEM ANANINDEUA SALA 04;10;6000027;22546;38898;ANANINDEUA;PA;REDECINE BRA CINEMATOGRÁFICA S.A.;15.422.993/0001-67
29/09/2020;29/09/2020 20:30:00;ONCE UPON A TIME IN HOLLYWOOD;ERA UMA VEZ EM HOLLYWOOD;E1900127300000;ORIGINAL;SIM;ESTADOS UNIDOS;5006619;DRIVE - GYN SERRA DOURADA 03;0;6000039;45898;46312;GOIÂNIA;GO;DRIVE-GYN ENTRETENIMENTO LTDA;37.109.882/0001-38
29/09/2020;29/09/2020 20:30:00;QUEEN OF SPADES: THROUGH THE LOOKING GLASS;A MALDIÇÃO DO ESPELHO;E1900574500000;DUBLADO;NÃO;RÚSSIA;5005379;MOBI CINE TUCURUÍ - SALA 1;8;6000040;28561;31594;TUCURUÍ;PA;C A VIEIRA LEMOS E CIA LTDA;20.334.881/0001-94
29/09/2020;29/09/2020 20:30:00;QUEEN OF SPADES: THROUGH THE LOOKING GLASS;A MALDIÇÃO DO ESPELHO;E1900574500000;DUBLADO;NÃO;RÚSSIA;5004300;SALA VILA RICA 1 3D;2;;14637;14638;PRIMAVERA DO LESTE;MT;MAURICIO JOSE NICOLINO & CIA LTDA;05.724.035/0001-97
29/09/2020;29/09/2020 20:30:00;QUEEN OF SPADES: THROUGH THE LOOKING GLASS;A MALDIÇÃO DO ESPELHO;E1900574500000;DUBLADO;NÃO;RÚSSIA;5003095;TOPAZIO POLO SHOPPING 2;3;6000057;2968;19182;INDAIATUBA;SP;LUI CINEMATOGRÁFICA LTDA.;71.912.711/0001-80
29/09/2020;29/09/2020 20:30:00;QUEEN OF SPADES: THROUGH THE LOOKING GLASS;A MALDIÇÃO DO ESPELHO;E1900574500000;DUBLADO;NÃO;RÚSSIA;5005429;UCI BRASIL - SHOPPING BOSQUE GRÃO PARÁ SALA 04;12;6000058;749;32026;BELÉM;PA;UNITED CINEMAS INTERNATIONAL BRASIL LTDA.;01.289.530/0001-64
29/09/2020;29/09/2020 20:30:00;SCOOB!;SCOOBY - O FILME;E2000026400000;DUBLADO;NÃO;ESTADOS UNIDOS;5002711;CENTERPLEX VIA SUL SHOPPING 1;4;6000006;16321;16322;FORTALEZA;CE;EMPRESA DE CINEMAS FORTALEZA LTDA;10.785.710/0001-28
29/09/2020;29/09/2020 20:30:00;SCOOB!;SCOOBY - O FILME;E2000026400000;DUBLADO;NÃO;ESTADOS UNIDOS;5002593;CINE VERA CRUZ 1;8;;15645;15647;CAPIVARI;SP;DAVILSON DE JESUS TALASSI - ME;64.499.320/0001-10
29/09/2020;29/09/2020 20:30:00;SCOOB!;SCOOBY - O FILME;E2000026400000;DUBLADO;NÃO;ESTADOS UNIDOS;5004880;CIRCUITO CINEMAS PBAS- SALA 02;13;6000028;15568;27873;PARAUAPEBAS;PA;CIRCUITO ENTRETENIMENTO E CINEMAS LTDA;08.068.712/0001-54
29/09/2020;29/09/2020 20:30:00;SCOOB!;SCOOBY - O FILME;E2000026400000;DUBLADO;NÃO;ESTADOS UNIDOS;5004471;SALA CINEPOLIS NORTH SHOPPING JOQUEI 01;28;6000024;17266;25960;FORTALEZA;CE;CINEPOLIS OPERADORA DE CINEMAS DO BRASIL LTDA;09.652.820/0001-32
29/09/2020;29/09/2020 20:30:00;THE GENTLEMEN;MAGNATAS DO CRIME;E2000005600000;DUBLADO;NÃO;ESTADOS UNIDOS;5005092;CINÉPOLIS SÃO GONÇALO SHOPPING - SALA 1;14;6000024;17266;30088;SÃO GONÇALO;RJ;CINEPOLIS OPERADORA DE CINEMAS DO BRASIL LTDA;09.652.820/0001-32
29/09/2020;29/09/2020 20:30:00;THE GENTLEMEN;MAGNATAS DO CRIME;E2000005600000;DUBLADO;NÃO;ESTADOS UNIDOS;5006415;GRUPOCINE MARANGUAPE 02;0;6000034;44276;44288;MARANGUAPE;CE;EMPRESA CINEMATOGRAFICA BOMBOCINE LTDA;21.298.337/0001-05
29/09/2020;29/09/2020 20:30:00;THE SECRET: DARE TO DREAM;O SEGREDO: OUSE SONHAR;E2000080600000;DUBLADO;NÃO;ESTADOS UNIDOS;5005305;CINEFLIX VÁRZEA GRANDE SHOPPING - SALA 2;5;6000014;24534;31101;VÁRZEA GRANDE;MT;REDECINE BSB CINEMATOGRÁFICA LTDA;18.087.870/0001-05
29/09/2020;29/09/2020 20:30:00;THE SECRET: DARE TO DREAM;O SEGREDO: OUSE SONHAR;E2000080600000;DUBLADO;NÃO;ESTADOS UNIDOS;5005929;MOBI CINE AÇAILÂNDIA SALA 01;0;6000040;38236;38237;AÇAILÂNDIA;MA;C A V LEMOS E CIA LTDA - ME;14.717.191/0001-11
29/09/2020;29/09/2020 20:30:00;THE SECRET: DARE TO DREAM;O SEGREDO: OUSE SONHAR;E2000080600000;DUBLADO;NÃO;ESTADOS UNIDOS;5005956;MOBI CINE REDENÇÃO SALA 1;3;6000040;28561;38513;REDENÇÃO;PA;C A VIEIRA LEMOS E CIA LTDA;20.334.881/0001-94
29/09/2020;29/09/2020 20:30:00;THE SECRET: DARE TO DREAM;O SEGREDO: OUSE SONHAR;E2000080600000;DUBLADO;NÃO;ESTADOS UNIDOS;5001502;MOVIECOM CASTANHEIRA 5;6;6000100;2897;2896;BELÉM;PA;MOVIE CINEMAS LTDA;04.708.972/0001-96
29/09/2020;29/09/2020 20:30:00;THE SECRET: DARE TO DREAM;O SEGREDO: OUSE SONHAR;E2000080600000;DUBLADO;NÃO;ESTADOS UNIDOS;5006543;PARAISO MEGA CENTER 2;2;6000045;5935;45579;VALPARAÍSO DE GOIÁS;GO;MULTICINE CINEMAS LTDA;07.609.246/0001-04
29/09/2020;29/09/2020 20:30:00;WONDER WOMAN;MULHER-MARAVILHA;E1700197900000;DUBLADO;NÃO;ESTADOS UNIDOS;5006266;CINE ESTAÇÃO 01;3;;42658;42659;FRANCO DA ROCHA;SP;CINE ESTAÇÃO OPERADORA DE CINEMA LTDA;32.998.727/0001-04
29/09/2020;29/09/2020 20:30:01;FANTASY ISLAND;A ILHA DA FANTASIA;E1900579500000;DUBLADO;NÃO;ESTADOS UNIDOS;5006267;CINE ESTAÇÃO 02;11;;42658;42659;FRANCO DA ROCHA;SP;CINE ESTAÇÃO OPERADORA DE CINEMA LTDA;32.998.727/0001-04
29/09/2020;29/09/2020 20:35:00;ESCAPE FROM PRETORIA;FUGA DE PRETÓRIA;E2000249400000;DUBLADO;NÃO;ÁFRICA DO SUL;5005304;CINEFLIX VÁRZEA GRANDE SHOPPING - SALA 1;5;6000014;24534;31101;VÁRZEA GRANDE;MT;REDECINE BSB CINEMATOGRÁFICA LTDA;18.087.870/0001-05
29/09/2020;29/09/2020 20:35:00;ESCAPE FROM PRETORIA;FUGA DE PRETÓRIA;E2000249400000;ORIGINAL;SIM;ÁFRICA DO SUL;5002940;SALA 03;9;6000024;17266;17763;BELÉM;PA;CINEPOLIS OPERADORA DE CINEMAS DO BRASIL LTDA;09.652.820/0001-32
29/09/2020;29/09/2020 20:35:00;THE SECRET: DARE TO DREAM;O SEGREDO: OUSE SONHAR;E2000080600000;DUBLADO;NÃO;ESTADOS UNIDOS;5002928;SALA 05;2;6000024;17266;17729;SALVADOR;BA;CINEPOLIS OPERADORA DE CINEMAS DO BRASIL LTDA;09.652.820/0001-32
29/09/2020;29/09/2020 20:40:00;ESCAPE FROM PRETORIA;FUGA DE PRETÓRIA;E2000249400000;DUBLADO;NÃO;ÁFRICA DO SUL;5005807;CINEFLIX APARECIDA DE GOIANIA - SALA 3;4;6000014;24534;36838;APARECIDA DE GOIÂNIA;GO;REDECINE BSB CINEMATOGRÁFICA LTDA;18.087.870/0001-05
29/09/2020;29/09/2020 20:40:00;ESCAPE FROM PRETORIA;FUGA DE PRETÓRIA;E2000249400000;DUBLADO;NÃO;ÁFRICA DO SUL;5005981;CINESYSTEM ANANINDEUA SALA 07;7;6000027;22546;38898;ANANINDEUA;PA;REDECINE BRA CINEMATOGRÁFICA S.A.;15.422.993/0001-67
29/09/2020;29/09/2020 20:40:00;ESCAPE FROM PRETORIA;FUGA DE PRETÓRIA;E2000249400000;DUBLADO;NÃO;ÁFRICA DO SUL;5000123;KINOPLEX D. PEDRO 10 - PLATINUM;7;6000037;1991;2404;CAMPINAS;SP;EMPRESA CINEMAS SÃO LUIZ S/A;33.497.660/0001-89
29/09/2020;29/09/2020 20:40:00;FANTASY ISLAND;A ILHA DA FANTASIA;E1900579500000;DUBLADO;NÃO;ESTADOS UNIDOS;5006539;CULT ALEGRETE 01;3;;45324;45325;ALEGRETE;RS;CULT CINEMAS ALEGRETE LTDA;34.712.675/0001-85
29/09/2020;29/09/2020 20:40:00;FANTASY ISLAND;A ILHA DA FANTASIA;E1900579500000;DUBLADO;NÃO;ESTADOS UNIDOS;5001081;UCI ORIENT SHOPPING DA BAHIA - SALA 09;0;6000060;2606;6586;SALVADOR;BA;UCI-ORIENT LTDA;01.562.356/0001-81
29/09/2020;29/09/2020 20:40:00;QUEEN OF SPADES: THROUGH THE LOOKING GLASS;A MALDIÇÃO DO ESPELHO;E1900574500000;DUBLADO;NÃO;RÚSSIA;5005161;CINÉPOLIS MANAUS PLAZA - SALA 5;7;6000024;17266;30118;MANAUS;AM;CINEPOLIS OPERADORA DE CINEMAS DO BRASIL LTDA;09.652.820/0001-32
29/09/2020;29/09/2020 20:40:00;SONIC THE HEDGEHOG;SONIC - O FILME;E2000012200000;DUBLADO;NÃO;CANADÁ;5006257;CIRCUITO PONTA PORA 01;1;6000028;15568;42557;PONTA PORÃ;MS;CIRCUITO ENTRETENIMENTO E CINEMAS LTDA;08.068.712/0001-54
29/09/2020;29/09/2020 20:40:00;THE GENTLEMEN;MAGNATAS DO CRIME;E2000005600000;DUBLADO;NÃO;ESTADOS UNIDOS;5006296;GOIANESIA 01;6;6000040;42975;42976;GOIANÉSIA;GO;MB EXIBICOES CINEMATOGRAFICAS GOIANESIA LTDA;33.296.719/0001-70
29/09/2020;29/09/2020 20:40:00;THE GENTLEMEN;MAGNATAS DO CRIME;E2000005600000;ORIGINAL;SIM;ESTADOS UNIDOS;5002677;ORIENT CINE PARALELA - SALA 02;3;6000060;2606;16207;SALVADOR;BA;UCI-ORIENT LTDA;01.562.356/0001-81
29/09/2020;29/09/2020 20:40:00;THE SECRET: DARE TO DREAM;O SEGREDO: OUSE SONHAR;E2000080600000;DUBLADO;NÃO;ESTADOS UNIDOS;5002255;MOVIECOM PATIO BELÉM 1;10;6000100;2897;13915;BELÉM;PA;MOVIE CINEMAS LTDA;04.708.972/0001-96
29/09/2020;29/09/2020 20:40:00;THE SECRET: DARE TO DREAM;O SEGREDO: OUSE SONHAR;E2000080600000;DUBLADO;NÃO;ESTADOS UNIDOS;5004431;MOVIECOM UNIMART 5;4;6000100;2897;5573;CAMPINAS;SP;MOVIE CINEMAS LTDA;04.708.972/0001-96
29/09/2020;29/09/2020 20:40:01;QUEEN OF SPADES: THROUGH THE LOOKING GLASS;A MALDIÇÃO DO ESPELHO;E1900574500000;DUBLADO;NÃO;RÚSSIA;5002828;CENTERPLEX MARACANAU SALA 02;2;6000006;16321;16969;MARACANAÚ;CE;EMPRESA DE CINEMAS FORTALEZA LTDA;10.785.710/0001-28
29/09/2020;29/09/2020 20:45:00;CALL OF THE WILD;O CHAMADO DA FLORESTA;E2000027000000;DUBLADO;NÃO;ESTADOS UNIDOS;5006568;CINE + ARTE XANGRI-LÁ DRIVE-IN;0;6000103;32155;45890;XANGRI-LÁ;RS;EWERTON LUIS DE SOUZA BRANDOLT;23.288.683/0001-20
29/09/2020;29/09/2020 20:45:00;EL ROBO DEL SIGLO;O ROUBO DO SÉCULO;E2000030900000;ORIGINAL;SIM;ARGENTINA;5004373;SALA CINEPOLIS PONTA NEGRA 10 TRADICIONAL;6;6000024;17266;25193;MANAUS;AM;CINEPOLIS OPERADORA DE CINEMAS DO BRASIL LTDA;09.652.820/0001-32
29/09/2020;29/09/2020 20:45:00;FANTASY ISLAND;A ILHA DA FANTASIA;E1900579500000;DUBLADO;NÃO;ESTADOS UNIDOS;5005149;CINÉPOLIS MILLENNIUM - SALA 1;12;6000024;17266;30116;MANAUS;AM;CINEPOLIS OPERADORA DE CINEMAS DO BRASIL LTDA;09.652.820/0001-32
29/09/2020;29/09/2020 20:45:00;QUEEN OF SPADES: THROUGH THE LOOKING GLASS;A MALDIÇÃO DO ESPELHO;E1900574500000;ORIGINAL;SIM;RÚSSIA;5006614;ALPHA CINE DRIVE-IN;0;;46063;46296;BARUERI;SP;ATUANTE SERVICOS E ESTACIONAMENTO LTDA - ME;00.178.856/0001-51
29/09/2020;29/09/2020 20:45:00;QUEEN OF SPADES: THROUGH THE LOOKING GLASS;A MALDIÇÃO DO ESPELHO;E1900574500000;DUBLADO;NÃO;RÚSSIA;5005709;CENTERPLEX GRAND SHOPPING MESSEJANA SALA 04;2;6000006;16321;34486;FORTALEZA;CE;EMPRESA DE CINEMAS FORTALEZA LTDA;10.785.710/0001-28
29/09/2020;29/09/2020 20:45:00;QUEEN OF SPADES: THROUGH THE LOOKING GLASS;A MALDIÇÃO DO ESPELHO;E1900574500000;DUBLADO;NÃO;RÚSSIA;5005928;CENTERPLEX GRANDE CIRCULAR 05;1;6000006;38234;38235;MANAUS;AM;CINE ELI AMAZONAS CINEMAS LTDA - EM RECUPERAÇÃO JUDICIAL;28.619.116/0001-22
29/09/2020;29/09/2020 20:45:00;QUEEN OF SPADES: THROUGH THE LOOKING GLASS;A MALDIÇÃO DO ESPELHO;E1900574500000;DUBLADO;NÃO;RÚSSIA;5002823;CENTERPLEX VIA SUL SHOPPING 2;2;6000006;16321;16322;FORTALEZA;CE;EMPRESA DE CINEMAS FORTALEZA LTDA;10.785.710/0001-28
29/09/2020;29/09/2020 20:45:00;QUEEN OF SPADES: THROUGH THE LOOKING GLASS;A MALDIÇÃO DO ESPELHO;E1900574500000;DUBLADO;NÃO;RÚSSIA;5005320;CINEFLIX SHOPPING PRAÇA NOVA ARAÇATUBA - SALA 05;0;6000014;25182;31153;ARAÇATUBA;SP;REDECINE SUL CINEMAS LTDA.;18.672.374/0001-19
29/09/2020;29/09/2020 20:45:00;QUEEN OF SPADES: THROUGH THE LOOKING GLASS;A MALDIÇÃO DO ESPELHO;E1900574500000;DUBLADO;NÃO;RÚSSIA;5005696;CINEPOLIS RIOMAR KENNEDY - SALA 05;14;6000024;17266;34309;FORTALEZA;CE;CINEPOLIS OPERADORA DE CINEMAS DO BRASIL LTDA;09.652.820/0001-32
29/09/2020;29/09/2020 20:45:00;QUEEN OF SPADES: THROUGH THE LOOKING GLASS;A MALDIÇÃO DO ESPELHO;E1900574500000;DUBLADO;NÃO;RÚSSIA;5005099;CINÉPOLIS SÃO GONÇALO SHOPPING - SALA 8;12;6000024;17266;30088;SÃO GONÇALO;RJ;CINEPOLIS OPERADORA DE CINEMAS DO BRASIL LTDA;09.652.820/0001-32
29/09/2020;29/09/2020 20:45:00;SCOOB!;SCOOBY - O FILME;E2000026400000;DUBLADO;NÃO;ESTADOS UNIDOS;5005306;CINEFLIX VÁRZEA GRANDE SHOPPING - SALA 3;10;6000014;24534;31101;VÁRZEA GRANDE;MT;REDECINE BSB CINEMATOGRÁFICA LTDA;18.087.870/0001-05
29/09/2020;29/09/2020 20:45:00;SCOOB!;SCOOBY - O FILME;E2000026400000;DUBLADO;NÃO;ESTADOS UNIDOS;5005365;CIRCUITO CINEMAS - PNP SALA 02;0;6000028;15568;31541;PENÁPOLIS;SP;CIRCUITO ENTRETENIMENTO E CINEMAS LTDA;08.068.712/0001-54
29/09/2020;29/09/2020 20:45:00;SCOOB!;SCOOBY - O FILME;E2000026400000;DUBLADO;NÃO;ESTADOS UNIDOS;5003485;SALA PQ.BELEM 04;13;6000024;17266;21616;BELÉM;PA;CINEPOLIS OPERADORA DE CINEMAS DO BRASIL LTDA;09.652.820/0001-32
29/09/2020;29/09/2020 20:45:00;THE GENTLEMEN;MAGNATAS DO CRIME;E2000005600000;DUBLADO;NÃO;ESTADOS UNIDOS;5006411;GRUPOCINE ITAPETININGA 03;0;6000034;44276;44287;ITAPETININGA;SP;EMPRESA CINEMATOGRAFICA BOMBOCINE LTDA;21.298.337/0001-05
29/09/2020;29/09/2020 20:45:00;THE SECRET: DARE TO DREAM;O SEGREDO: OUSE SONHAR;E2000080600000;DUBLADO;NÃO;ESTADOS UNIDOS;5004474;SALA CINEPOLIS NORTH SHOPPING JOQUEI 04;5;6000024;17266;25960;FORTALEZA;CE;CINEPOLIS OPERADORA DE CINEMAS DO BRASIL LTDA;09.652.820/0001-32
29/09/2020;29/09/2020 20:50:00;ESCAPE FROM PRETORIA;FUGA DE PRETÓRIA;E2000249400000;ORIGINAL;SIM;ÁFRICA DO SUL;5005151;CINÉPOLIS MILLENNIUM - SALA 3;2;6000024;17266;30116;MANAUS;AM;CINEPOLIS OPERADORA DE CINEMAS DO BRASIL LTDA;09.652.820/0001-32
29/09/2020;29/09/2020 20:50:00;Mostras e Festivais;;G0000000000004;DUBLADO;NÃO;;5001498;MOVIECOM CASTANHEIRA 3;2;6000100;2897;2896;BELÉM;PA;MOVIE CINEMAS LTDA;04.708.972/0001-96
29/09/2020;29/09/2020 20:50:00;QUEEN OF SPADES: THROUGH THE LOOKING GLASS;A MALDIÇÃO DO ESPELHO;E1900574500000;DUBLADO;NÃO;RÚSSIA;5005808;CINEFLIX APARECIDA DE GOIANIA - SALA 4;10;6000014;24534;36838;APARECIDA DE GOIÂNIA;GO;REDECINE BSB CINEMATOGRÁFICA LTDA;18.087.870/0001-05
29/09/2020;29/09/2020 20:50:00;QUEEN OF SPADES: THROUGH THE LOOKING GLASS;A MALDIÇÃO DO ESPELHO;E1900574500000;DUBLADO;NÃO;RÚSSIA;5005307;CINEFLIX VÁRZEA GRANDE SHOPPING - SALA 4;1;6000014;24534;31101;VÁRZEA GRANDE;MT;REDECINE BSB CINEMATOGRÁFICA LTDA;18.087.870/0001-05
29/09/2020;29/09/2020 20:50:00;SCOOB!;SCOOBY - O FILME;E2000026400000;DUBLADO;NÃO;ESTADOS UNIDOS;5005318;CINEFLIX SHOPPING PRAÇA NOVA ARAÇATUBA - SALA 03;8;6000014;25182;31153;ARAÇATUBA;SP;REDECINE SUL CINEMAS LTDA.;18.672.374/0001-19
29/09/2020;29/09/2020 20:50:00;THE GENTLEMEN;MAGNATAS DO CRIME;E2000005600000;ORIGINAL;SIM;ESTADOS UNIDOS;5003479;SALA CINEPOLIS BELA VISTA 07;0;6000024;17266;21610;SALVADOR;BA;CINEPOLIS OPERADORA DE CINEMAS DO BRASIL LTDA;09.652.820/0001-32
29/09/2020;29/09/2020 20:50:00;THE SECRET: DARE TO DREAM;O SEGREDO: OUSE SONHAR;E2000080600000;ORIGINAL;SIM;ESTADOS UNIDOS;5004584;UCI ORIENT SHOPPING BARRA SALA 2;0;6000060;2606;26893;SALVADOR;BA;UCI-ORIENT LTDA;01.562.356/0001-81
29/09/2020;29/09/2020 20:50:00;WONDER WOMAN BLOODLINES;WONDER WOMAN LINHAGEM DE SANGUE;E1900364500000;DUBLADO;NÃO;ESTADOS UNIDOS;5005513;CINE CAVALIERI ORLANDI SALA 02;2;;15009;15010;SOCORRO;SP;ORLANDI MARCHESE LTDA - ME;03.091.068/0001-11
29/09/2020;29/09/2020 20:55:00;Mostras e Festivais;;G0000000000004;DUBLADO;NÃO;;5001606;CINE 3 FERRY BOAT´S PLAZA 3;2;;5294;6684;GUARUJÁ;SP;SOBRAL EVENTOS E ENTRETENIMENTO LTDA;07.159.860/0001-11
29/09/2020;29/09/2020 20:55:00;SCOOB!;SCOOBY - O FILME;E2000026400000;DUBLADO;NÃO;ESTADOS UNIDOS;5005975;CINESYSTEM ANANINDEUA SALA 01;16;6000027;22546;38898;ANANINDEUA;PA;REDECINE BRA CINEMATOGRÁFICA S.A.;15.422.993/0001-67
29/09/2020;29/09/2020 20:55:00;THE SECRET: DARE TO DREAM;O SEGREDO: OUSE SONHAR;E2000080600000;DUBLADO;NÃO;ESTADOS UNIDOS;5005351;CINESYSTEM SANTARÉM SALA 01;0;6000027;22546;31524;SANTARÉM;PA;REDECINE BRA CINEMATOGRÁFICA S.A.;15.422.993/0001-67
29/09/2020;29/09/2020 20:55:00;THE SECRET: DARE TO DREAM;O SEGREDO: OUSE SONHAR;E2000080600000;DUBLADO;NÃO;ESTADOS UNIDOS;5003285;MULTICINE JATAÍ 03;2;6000045;5935;19793;JATAÍ;GO;MULTICINE CINEMAS LTDA;07.609.246/0001-04
29/09/2020;29/09/2020 21:00:00;AVENGERS: ENDGAME;VINGADORES: ULTIMATO;E1900107800000;DUBLADO;NÃO;ESTADOS UNIDOS;5002120;CINE DUPLEX SALA 02;2;;6615;6584;AMPARO;SP;EMPRESA CINEMATOGRÁFICA ESTAÇÃO LTDA;01.272.408/0001-85
29/09/2020;29/09/2020 21:00:00;BAD BOYS FOR LIFE;BAD BOYS PARA SEMPRE;E1900525600000;DUBLADO;NÃO;ESTADOS UNIDOS;5002337;CENTER CINE;10;;14489;14490;OLIVEIRA;MG;CENTER CINE E EVENTOS LTDA;10.311.428/0001-09
29/09/2020;29/09/2020 21:00:00;BLACK PANTHER;PANTERA NEGRA;E1700512400000;DUBLADO;NÃO;ESTADOS UNIDOS;5003545;CINE CAFE PARPINELLI PARANÁ;0;;22412;22413;SANTO ANTÔNIO DA PLATINA;PR;PARPINELLI & VILAS BOAS EVENTOS LTDA;13.848.267/0001-85
29/09/2020;29/09/2020 21:00:00;EL ROBO DEL SIGLO;O ROUBO DO SÉCULO;E2000030900000;ORIGINAL;SIM;ARGENTINA;5006617;DRIVE - GYN SERRA DOURADA 01;2;6000039;45898;46312;GOIÂNIA;GO;DRIVE-GYN ENTRETENIMENTO LTDA;37.109.882/0001-38
29/09/2020;29/09/2020 21:00:00;FANTASY ISLAND;A ILHA DA FANTASIA;E1900579500000;DUBLADO;NÃO;ESTADOS UNIDOS;5005644;CINE LASER BARRA DO GARÇAS SALA 03;10;6000104;33805;33806;BARRA DO GARÇAS;MT;CINE LASER BARRA DO GARÇAS LTDA- ME;24.864.214/0001-74
29/09/2020;29/09/2020 21:00:00;FANTASY ISLAND;A ILHA DA FANTASIA;E1900579500000;DUBLADO;NÃO;ESTADOS UNIDOS;5005805;CINEFLIX APARECIDA DE GOIANIA - SALA 1;8;6000014;24534;36838;APARECIDA DE GOIÂNIA;GO;REDECINE BSB CINEMATOGRÁFICA LTDA;18.087.870/0001-05
29/09/2020;29/09/2020 21:00:00;FANTASY ISLAND;A ILHA DA FANTASIA;E1900579500000;DUBLADO;NÃO;ESTADOS UNIDOS;5005316;CINEFLIX SHOPPING PRAÇA NOVA ARAÇATUBA - SALA 01;1;6000014;25182;31153;ARAÇATUBA;SP;REDECINE SUL CINEMAS LTDA.;18.672.374/0001-19
29/09/2020;29/09/2020 21:00:00;FANTASY ISLAND;A ILHA DA FANTASIA;E1900579500000;DUBLADO;NÃO;ESTADOS UNIDOS;5005308;CINEFLIX VÁRZEA GRANDE SHOPPING - SALA 5;10;6000014;24534;31101;VÁRZEA GRANDE;MT;REDECINE BSB CINEMATOGRÁFICA LTDA;18.087.870/0001-05
29/09/2020;29/09/2020 21:00:00;FANTASY ISLAND;A ILHA DA FANTASIA;E1900579500000;DUBLADO;NÃO;ESTADOS UNIDOS;5006416;GRUPOCINE MARANGUAPE 03;2;6000034;44276;44288;MARANGUAPE;CE;EMPRESA CINEMATOGRAFICA BOMBOCINE LTDA;21.298.337/0001-05
29/09/2020;29/09/2020 21:00:00;FANTASY ISLAND;A ILHA DA FANTASIA;E1900579500000;DUBLADO;NÃO;ESTADOS UNIDOS;5000081;KINOPLEX AMAZONAS SALA 03;4;6000037;1991;2393;MANAUS;AM;EMPRESA CINEMAS SÃO LUIZ S/A;33.497.660/0001-89
29/09/2020;29/09/2020 21:00:00;FANTASY ISLAND;A ILHA DA FANTASIA;E1900579500000;DUBLADO;NÃO;ESTADOS UNIDOS;5004436;MOVIECOM PÁTIO MARABÁ 4;15;6000100;2897;25394;MARABÁ;PA;MOVIE CINEMAS LTDA;04.708.972/0001-96
29/09/2020;29/09/2020 21:00:00;FANTASY ISLAND;A ILHA DA FANTASIA;E1900579500000;DUBLADO;NÃO;ESTADOS UNIDOS;5004472;SALA CINEPOLIS NORTH SHOPPING JOQUEI 02;14;6000024;17266;25960;FORTALEZA;CE;CINEPOLIS OPERADORA DE CINEMAS DO BRASIL LTDA;09.652.820/0001-32
29/09/2020;29/09/2020 21:00:00;FANTASY ISLAND;A ILHA DA FANTASIA;E1900579500000;DUBLADO;NÃO;ESTADOS UNIDOS;5003483;SALA PQ.BELEM 02;14;6000024;17266;21616;BELÉM;PA;CINEPOLIS OPERADORA DE CINEMAS DO BRASIL LTDA;09.652.820/0001-32
29/09/2020;29/09/2020 21:00:00;MINHA MÃE É UMA PEÇA;;B1301808100000;ORIGINAL;NÃO;BRASIL;5002679;ORIENT CINE PARALELA - SALA 05;0;6000060;2606;16207;SALVADOR;BA;UCI-ORIENT LTDA;01.562.356/0001-81
29/09/2020;29/09/2020 21:00:00;NO GOGÓ DO PAULINHO;;B2000034100000;ORIGINAL;NÃO;BRASIL;5006073;CINE A ALTAMIRA SALA 03;0;6000008;28464;33426;ALTAMIRA;PA;CINE A MARABA LTDA;21.160.773/0001-05
29/09/2020;29/09/2020 21:00:00;QUEEN OF SPADES: THROUGH THE LOOKING GLASS;A MALDIÇÃO DO ESPELHO;E1900574500000;DUBLADO;NÃO;RÚSSIA;5000125;KINOPLEX D. PEDRO 12;11;6000037;1991;2404;CAMPINAS;SP;EMPRESA CINEMAS SÃO LUIZ S/A;33.497.660/0001-89
29/09/2020;29/09/2020 21:00:00;QUEEN OF SPADES: THROUGH THE LOOKING GLASS;A MALDIÇÃO DO ESPELHO;E1900574500000;DUBLADO;NÃO;RÚSSIA;5002254;MOVIECOM PATIO BELÉM 5;17;6000100;2897;13915;BELÉM;PA;MOVIE CINEMAS LTDA;04.708.972/0001-96
29/09/2020;29/09/2020 21:00:00;QUEEN OF SPADES: THROUGH THE LOOKING GLASS;A MALDIÇÃO DO ESPELHO;E1900574500000;ORIGINAL;SIM;RÚSSIA;5002937;SALA 06;2;6000024;17266;17763;BELÉM;PA;CINEPOLIS OPERADORA DE CINEMAS DO BRASIL LTDA;09.652.820/0001-32
29/09/2020;29/09/2020 21:00:00;QUEEN OF SPADES: THROUGH THE LOOKING GLASS;A MALDIÇÃO DO ESPELHO;E1900574500000;DUBLADO;NÃO;RÚSSIA;5002720;SALA CINE PLAYARTE MANAUARA 09;4;6000049;260;16356;MANAUS;AM;PLAYARTE CINEMAS LTDA.;60.434.149/0001-00
29/09/2020;29/09/2020 21:00:00;QUEEN OF SPADES: THROUGH THE LOOKING GLASS;A MALDIÇÃO DO ESPELHO;E1900574500000;DUBLADO;NÃO;RÚSSIA;5004369;SALA CINEPOLIS PONTA NEGRA 06 TRADICIONAL;8;6000024;17266;25193;MANAUS;AM;CINEPOLIS OPERADORA DE CINEMAS DO BRASIL LTDA;09.652.820/0001-32
29/09/2020;29/09/2020 21:00:00;QUEEN OF SPADES: THROUGH THE LOOKING GLASS;A MALDIÇÃO DO ESPELHO;E1900574500000;DUBLADO;NÃO;RÚSSIA;5001075;UCI ORIENT SHOPPING DA BAHIA - SALA 03;11;6000060;2606;6586;SALVADOR;BA;UCI-ORIENT LTDA;01.562.356/0001-81
29/09/2020;29/09/2020 21:00:00;SCOOB!;SCOOBY - O FILME;E2000026400000;DUBLADO;NÃO;ESTADOS UNIDOS;5005809;CINEFLIX APARECIDA DE GOIANIA - SALA 5;6;6000014;24534;36838;APARECIDA DE GOIÂNIA;GO;REDECINE BSB CINEMATOGRÁFICA LTDA;18.087.870/0001-05
29/09/2020;29/09/2020 21:00:00;SPIDER-MAN: INTO THE SPIDER-VERSE;HOMEM-ARANHA NO ARANHAVERSO;E1800533700000;DUBLADO;NÃO;ESTADOS UNIDOS;5001806;SALA CINE 14 BIS;3;;5822;6623;GUAXUPÉ;MG;GUAXUPE PROMOCOES E EVENTOS LTDA;03.929.354/0001-03
29/09/2020;29/09/2020 21:00:00;THE CONJURING;INVOCAÇÃO DO MAL;E1500097000000;DUBLADO;NÃO;ESTADOS UNIDOS;5002427;CINE WEST SALA 02;9;;14882;14883;CASCAVEL;PR;WEST SIDE SHOPPING CENTER LTDA;68.761.170/0001-22
29/09/2020;29/09/2020 21:00:00;THE CONJURING;INVOCAÇÃO DO MAL;E1500097000000;DUBLADO;NÃO;ESTADOS UNIDOS;5006412;GRUPOCINE ITAPETININGA 04;2;6000034;44276;44287;ITAPETININGA;SP;EMPRESA CINEMATOGRAFICA BOMBOCINE LTDA;21.298.337/0001-05
29/09/2020;29/09/2020 21:00:00;THE GENTLEMEN;MAGNATAS DO CRIME;E2000005600000;DUBLADO;NÃO;ESTADOS UNIDOS;5006381;ALFENAS SALA 3;2;6000008;15833;44017;ALFENAS;MG;CINE A LTDA;10.894.937/0001-01
29/09/2020;29/09/2020 21:00:00;THE GENTLEMEN;MAGNATAS DO CRIME;E2000005600000;DUBLADO;NÃO;ESTADOS UNIDOS;5006242;ARARAS SALA 3;0;6000008;15833;24551;ARARAS;SP;CINE A LTDA;10.894.937/0001-01
29/09/2020;29/09/2020 21:00:00;THE GENTLEMEN;MAGNATAS DO CRIME;E2000005600000;DUBLADO;NÃO;ESTADOS UNIDOS;5005506;CINE A BRAGANÇA PAULISTA SALA 3;2;6000008;3227;32481;BRAGANÇA PAULISTA;SP;CINE A BRAGANCA PAULISTA LTDA;41.861.923/0001-15
29/09/2020;29/09/2020 21:00:00;THE GENTLEMEN;MAGNATAS DO CRIME;E2000005600000;DUBLADO;NÃO;ESTADOS UNIDOS;5006494;CINE INTER SANTA INES 02;19;6000140;44834;44835;SANTA INÊS;MA;CINEINTER EXIBICOES CINEMATOGRAFICAS LTDA;35.477.354/0001-06
29/09/2020;29/09/2020 21:00:00;THE GENTLEMEN;MAGNATAS DO CRIME;E2000005600000;DUBLADO;NÃO;ESTADOS UNIDOS;5006533;CINE LASER SANTAREM 1;1;6000104;44323;45275;SANTARÉM;PA;CINE LASER CINEMAS NORDESTE LTDA;34.860.287/0001-41
29/09/2020;29/09/2020 21:00:00;THE GENTLEMEN;MAGNATAS DO CRIME;E2000005600000;DUBLADO;NÃO;ESTADOS UNIDOS;5003147;CINE LASER SORRISO 1;2;6000104;19465;19467;SORRISO;MT;CINE LASER CINEMAS LTDA;03.569.447/0001-74
29/09/2020;29/09/2020 21:00:00;THE GENTLEMEN;MAGNATAS DO CRIME;E2000005600000;DUBLADO;NÃO;ESTADOS UNIDOS;5004881;CIRCUITO CINEMAS PBAS- SALA 03;1;6000028;15568;27873;PARAUAPEBAS;PA;CIRCUITO ENTRETENIMENTO E CINEMAS LTDA;08.068.712/0001-54
29/09/2020;29/09/2020 21:00:00;THE GENTLEMEN;MAGNATAS DO CRIME;E2000005600000;DUBLADO;NÃO;ESTADOS UNIDOS;5006461;GRUPOCINE EUSÉBIO 01;0;6000034;44276;44457;EUSÉBIO;CE;EMPRESA CINEMATOGRAFICA BOMBOCINE LTDA;21.298.337/0001-05
29/09/2020;29/09/2020 21:00:00;THE GENTLEMEN;MAGNATAS DO CRIME;E2000005600000;DUBLADO;NÃO;ESTADOS UNIDOS;5003146;LASER VILHENA 01;10;6000104;19465;19466;VILHENA;RO;CINE LASER CINEMAS LTDA;03.569.447/0001-74
29/09/2020;29/09/2020 21:00:00;THE SECRET: DARE TO DREAM;O SEGREDO: OUSE SONHAR;E2000080600000;DUBLADO;NÃO;ESTADOS UNIDOS;5002402;CINEVIP RONDON PLAZA SHOPPING SALA 02;6;;14781;14782;RONDONÓPOLIS;MT;GIOVANNI ZEM RODRIGUES;10.443.079/0001-89
29/09/2020;29/09/2020 21:00:01;MINHA MÃE É UMA PEÇA;;B1301808100000;ORIGINAL;NÃO;BRASIL;5006268;CINE ESTAÇÃO 03;0;;42658;42659;FRANCO DA ROCHA;SP;CINE ESTAÇÃO OPERADORA DE CINEMA LTDA;32.998.727/0001-04
29/09/2020;29/09/2020 21:00:01;THE GENTLEMEN;MAGNATAS DO CRIME;E2000005600000;DUBLADO;NÃO;ESTADOS UNIDOS;5006205;CINE A ITAJUBA 02;2;6000008;15833;41725;ITAJUBÁ;MG;CINE A LTDA;10.894.937/0001-01
29/09/2020;29/09/2020 21:00:01;THE GENTLEMEN;MAGNATAS DO CRIME;E2000005600000;DUBLADO;NÃO;ESTADOS UNIDOS;5004947;CINE A MARABÁ SALA 02;2;6000008;28464;28466;MARABÁ;PA;CINE A MARABA LTDA;21.160.773/0001-05
29/09/2020;29/09/2020 21:05:00;FANTASY ISLAND;A ILHA DA FANTASIA;E1900579500000;DUBLADO;NÃO;ESTADOS UNIDOS;5003094;TOPAZIO POLO SHOPPING 1;9;6000057;2968;19182;INDAIATUBA;SP;LUI CINEMATOGRÁFICA LTDA.;71.912.711/0001-80
29/09/2020;29/09/2020 21:10:00;BLACK PANTHER;PANTERA NEGRA;E1700512400000;DUBLADO;NÃO;ESTADOS UNIDOS;5001604;CINE 3 FERRY BOAT´S PLAZA 1;3;;5294;6684;GUARUJÁ;SP;SOBRAL EVENTOS E ENTRETENIMENTO LTDA;07.159.860/0001-11
29/09/2020;29/09/2020 21:10:00;COUNTDOWN;A HORA DA SUA MORTE;E1900400200000;DUBLADO;NÃO;HOLANDA;5004822;KINOPLEX AMAZONAS SALA 04;14;6000037;1991;2393;MANAUS;AM;EMPRESA CINEMAS SÃO LUIZ S/A;33.497.660/0001-89
29/09/2020;29/09/2020 21:10:00;ESCAPE FROM PRETORIA;FUGA DE PRETÓRIA;E2000249400000;DUBLADO;NÃO;ÁFRICA DO SUL;5006414;GRUPOCINE MARANGUAPE 01;0;6000034;44276;44288;MARANGUAPE;CE;EMPRESA CINEMATOGRAFICA BOMBOCINE LTDA;21.298.337/0001-05
29/09/2020;29/09/2020 21:10:00;FANTASY ISLAND;A ILHA DA FANTASIA;E1900579500000;DUBLADO;NÃO;ESTADOS UNIDOS;5006493;CINE INTER SANTA INES 01;7;6000140;44834;44835;SANTA INÊS;MA;CINEINTER EXIBICOES CINEMATOGRAFICAS LTDA;35.477.354/0001-06
29/09/2020;29/09/2020 21:10:00;FANTASY ISLAND;A ILHA DA FANTASIA;E1900579500000;DUBLADO;NÃO;ESTADOS UNIDOS;5006463;GRUPOCINE EUSÉBIO 03;2;6000034;44276;44457;EUSÉBIO;CE;EMPRESA CINEMATOGRAFICA BOMBOCINE LTDA;21.298.337/0001-05
29/09/2020;29/09/2020 21:10:00;FANTASY ISLAND;A ILHA DA FANTASIA;E1900579500000;DUBLADO;NÃO;ESTADOS UNIDOS;5006410;GRUPOCINE ITAPETININGA 02;6;6000034;44276;44287;ITAPETININGA;SP;EMPRESA CINEMATOGRAFICA BOMBOCINE LTDA;21.298.337/0001-05
29/09/2020;29/09/2020 21:10:00;FANTASY ISLAND;A ILHA DA FANTASIA;E1900579500000;DUBLADO;NÃO;ESTADOS UNIDOS;5005380;MOBI CINE TUCURUÍ - SALA 2;12;6000040;28561;31594;TUCURUÍ;PA;C A VIEIRA LEMOS E CIA LTDA;20.334.881/0001-94
29/09/2020;29/09/2020 21:10:00;QUEEN OF SPADES: THROUGH THE LOOKING GLASS;A MALDIÇÃO DO ESPELHO;E1900574500000;DUBLADO;NÃO;RÚSSIA;5005977;CINESYSTEM ANANINDEUA SALA 03;5;6000027;22546;38898;ANANINDEUA;PA;REDECINE BRA CINEMATOGRÁFICA S.A.;15.422.993/0001-67
29/09/2020;29/09/2020 21:10:00;QUEEN OF SPADES: THROUGH THE LOOKING GLASS;A MALDIÇÃO DO ESPELHO;E1900574500000;DUBLADO;NÃO;RÚSSIA;5005930;MOBI CINE AÇAILÂNDIA SALA 02;0;6000040;38236;38237;AÇAILÂNDIA;MA;C A V LEMOS E CIA LTDA - ME;14.717.191/0001-11
29/09/2020;29/09/2020 21:10:00;QUEEN OF SPADES: THROUGH THE LOOKING GLASS;A MALDIÇÃO DO ESPELHO;E1900574500000;DUBLADO;NÃO;RÚSSIA;5005957;MOBI CINE REDENÇÃO SALA 2;15;6000040;28561;38513;REDENÇÃO;PA;C A VIEIRA LEMOS E CIA LTDA;20.334.881/0001-94
29/09/2020;29/09/2020 21:10:00;QUEEN OF SPADES: THROUGH THE LOOKING GLASS;A MALDIÇÃO DO ESPELHO;E1900574500000;ORIGINAL;SIM;RÚSSIA;5004589;UCI ORIENT SHOPPING BARRA SALA 7;0;6000060;2606;26893;SALVADOR;BA;UCI-ORIENT LTDA;01.562.356/0001-81
29/09/2020;29/09/2020 21:10:00;THE CONJURING;INVOCAÇÃO DO MAL;E1500097000000;DUBLADO;NÃO;ESTADOS UNIDOS;5006546;PARAISO MEGA CENTER 5;2;6000045;5935;45579;VALPARAÍSO DE GOIÁS;GO;MULTICINE CINEMAS LTDA;07.609.246/0001-04
29/09/2020;29/09/2020 21:10:00;THE GENTLEMEN;MAGNATAS DO CRIME;E2000005600000;DUBLADO;NÃO;ESTADOS UNIDOS;5002428;CINE WEST SALA 01;4;;14882;14883;CASCAVEL;PR;WEST SIDE SHOPPING CENTER LTDA;68.761.170/0001-22
29/09/2020;29/09/2020 21:10:00;THE GENTLEMEN;MAGNATAS DO CRIME;E2000005600000;DUBLADO;NÃO;ESTADOS UNIDOS;5005722;CINEFLIX VALPARAISO SALA 05;8;6000014;24534;34628;VALPARAÍSO DE GOIÁS;GO;REDECINE BSB CINEMATOGRÁFICA LTDA;18.087.870/0001-05
29/09/2020;29/09/2020 21:10:01;BLOODSHOT;BLOODSHOT;E1900579400000;DUBLADO;NÃO;ESTADOS UNIDOS;5006618;DRIVE - GYN SERRA DOURADA 02;2;6000039;45898;46312;GOIÂNIA;GO;DRIVE-GYN ENTRETENIMENTO LTDA;37.109.882/0001-38
29/09/2020;29/09/2020 21:15:00;CARLINHOS E CARLÃO;;B1900409100000;ORIGINAL;NÃO;BRASIL;5006072;CINE A ALTAMIRA SALA 02;0;6000008;28464;33426;ALTAMIRA;PA;CINE A MARABA LTDA;21.160.773/0001-05
29/09/2020;29/09/2020 21:15:00;FANTASY ISLAND;A ILHA DA FANTASIA;E1900579500000;DUBLADO;NÃO;ESTADOS UNIDOS;5006364;ALFENAS SALA 1;3;6000008;15833;44017;ALFENAS;MG;CINE A LTDA;10.894.937/0001-01
29/09/2020;29/09/2020 21:15:00;FANTASY ISLAND;A ILHA DA FANTASIA;E1900579500000;DUBLADO;NÃO;ESTADOS UNIDOS;5004199;ARARAS SALA 1;1;6000008;15833;24551;ARARAS;SP;CINE A LTDA;10.894.937/0001-01
29/09/2020;29/09/2020 21:15:00;FANTASY ISLAND;A ILHA DA FANTASIA;E1900579500000;DUBLADO;NÃO;ESTADOS UNIDOS;5005504;CINE A BRAGANÇA PAULISTA SALA 1;2;6000008;3227;32481;BRAGANÇA PAULISTA;SP;CINE A BRAGANCA PAULISTA LTDA;41.861.923/0001-15
29/09/2020;29/09/2020 21:15:00;FANTASY ISLAND;A ILHA DA FANTASIA;E1900579500000;DUBLADO;NÃO;ESTADOS UNIDOS;5002477;CINE CAVALIERE ORLANDI SALA 01;0;;15009;15010;SOCORRO;SP;ORLANDI MARCHESE LTDA - ME;03.091.068/0001-11
29/09/2020;29/09/2020 21:15:00;MINHA MÃE É UMA PEÇA;;B1301808100000;ORIGINAL;NÃO;BRASIL;5006396;GRUPOCINE FERNANDÓPOLIS 02;0;6000034;44276;44281;FERNANDÓPOLIS;SP;EMPRESA CINEMATOGRAFICA BOMBOCINE LTDA;21.298.337/0001-05
29/09/2020;29/09/2020 21:15:00;MINHA MÃE É UMA PEÇA 3;;B1900576900000;DUBLADO;NÃO;BRASIL;5002119;CINE DUPLEX SALA 01;0;;6615;6584;AMPARO;SP;EMPRESA CINEMATOGRÁFICA ESTAÇÃO LTDA;01.272.408/0001-85
29/09/2020;29/09/2020 21:15:00;ONWARD;DOIS IRMÃOS: UMA JORNADA FANTÁSTICA;E1900366400000;DUBLADO;NÃO;ESTADOS UNIDOS;5006260;CIRCUITO PONTA PORA 04;1;6000028;15568;42557;PONTA PORÃ;MS;CIRCUITO ENTRETENIMENTO E CINEMAS LTDA;08.068.712/0001-54
29/09/2020;29/09/2020 21:15:00;QUEEN OF SPADES: THROUGH THE LOOKING GLASS;A MALDIÇÃO DO ESPELHO;E1900574500000;DUBLADO;NÃO;RÚSSIA;5003487;SALA PQ.BELEM 06;15;6000024;17266;21616;BELÉM;PA;CINEPOLIS OPERADORA DE CINEMAS DO BRASIL LTDA;09.652.820/0001-32
29/09/2020;29/09/2020 21:15:00;THE GENTLEMEN;MAGNATAS DO CRIME;E2000005600000;DUBLADO;NÃO;ESTADOS UNIDOS;5005367;CIRCUITO CINEMAS - PNP SALA 04;0;6000028;15568;31541;PENÁPOLIS;SP;CIRCUITO ENTRETENIMENTO E CINEMAS LTDA;08.068.712/0001-54
29/09/2020;29/09/2020 21:15:00;THE GENTLEMEN;MAGNATAS DO CRIME;E2000005600000;ORIGINAL;SIM;ESTADOS UNIDOS;5000124;KINOPLEX D. PEDRO 11;6;6000037;1991;2404;CAMPINAS;SP;EMPRESA CINEMAS SÃO LUIZ S/A;33.497.660/0001-89
29/09/2020;29/09/2020 21:15:00;THE GENTLEMEN;MAGNATAS DO CRIME;E2000005600000;DUBLADO;NÃO;ESTADOS UNIDOS;5005931;MOBI CINE AÇAILÂNDIA SALA 03;1;6000040;38236;38237;AÇAILÂNDIA;MA;C A V LEMOS E CIA LTDA - ME;14.717.191/0001-11
29/09/2020;29/09/2020 21:15:00;THE GENTLEMEN;MAGNATAS DO CRIME;E2000005600000;DUBLADO;NÃO;ESTADOS UNIDOS;5005958;MOBI CINE REDENÇÃO SALA 3;6;6000040;28561;38513;REDENÇÃO;PA;C A VIEIRA LEMOS E CIA LTDA;20.334.881/0001-94
29/09/2020;29/09/2020 21:15:01;THE SECRET: DARE TO DREAM;O SEGREDO: OUSE SONHAR;E2000080600000;DUBLADO;NÃO;ESTADOS UNIDOS;5006204;CINE A ITAJUBA 01;1;6000008;15833;41725;ITAJUBÁ;MG;CINE A LTDA;10.894.937/0001-01
29/09/2020;29/09/2020 21:15:01;THE SECRET: DARE TO DREAM;O SEGREDO: OUSE SONHAR;E2000080600000;DUBLADO;NÃO;ESTADOS UNIDOS;5005287;CINE A MARABÁ SALA 01;0;6000008;28464;28466;MARABÁ;PA;CINE A MARABA LTDA;21.160.773/0001-05
29/09/2020;29/09/2020 21:20:00;FANTASY ISLAND;A ILHA DA FANTASIA;E1900579500000;DUBLADO;NÃO;ESTADOS UNIDOS;5005884;CINE COMPANY ALTA FLORESTA;11;;37637;37638;ALTA FLORESTA;MT;CINE FLORESTA LTDA;28.416.012/0001-10
29/09/2020;29/09/2020 21:20:00;FANTASY ISLAND;A ILHA DA FANTASIA;E1900579500000;DUBLADO;NÃO;ESTADOS UNIDOS;5005751;CINE WEST SALA 03;12;;14882;14883;CASCAVEL;PR;WEST SIDE SHOPPING CENTER LTDA;68.761.170/0001-22
29/09/2020;29/09/2020 21:20:00;FANTASY ISLAND;A ILHA DA FANTASIA;E1900579500000;DUBLADO;NÃO;ESTADOS UNIDOS;5006297;GOIANESIA 02;19;6000040;42975;42976;GOIANÉSIA;GO;MB EXIBICOES CINEMATOGRAFICAS GOIANESIA LTDA;33.296.719/0001-70
29/09/2020;29/09/2020 21:20:00;MINHA MÃE É UMA PEÇA 3;;B1900576900000;DUBLADO;NÃO;BRASIL;5002565;CINE CATARATAS 2;4;;15565;15566;FOZ DO IGUAÇU;PR;CINE CATARATAS LTDA;09.010.219/0001-46
29/09/2020;29/09/2020 21:20:00;Mostras e Festivais;;G0000000000004;ORIGINAL;SIM;;5000121;KINOPLEX D. PEDRO 8;4;6000037;1991;2404;CAMPINAS;SP;EMPRESA CINEMAS SÃO LUIZ S/A;33.497.660/0001-89
29/09/2020;29/09/2020 21:20:00;QUEEN OF SPADES: THROUGH THE LOOKING GLASS;A MALDIÇÃO DO ESPELHO;E1900574500000;DUBLADO;NÃO;RÚSSIA;5005723;CINEFLIX VALPARAISO SALA 06;4;6000014;24534;34628;VALPARAÍSO DE GOIÁS;GO;REDECINE BSB CINEMATOGRÁFICA LTDA;18.087.870/0001-05
29/09/2020;29/09/2020 21:20:00;QUEEN OF SPADES: THROUGH THE LOOKING GLASS;A MALDIÇÃO DO ESPELHO;E1900574500000;DUBLADO;NÃO;RÚSSIA;5004434;MOVIECOM PÁTIO MARABÁ 2;15;6000100;2897;25394;MARABÁ;PA;MOVIE CINEMAS LTDA;04.708.972/0001-96
29/09/2020;29/09/2020 21:20:00;QUEEN OF SPADES: THROUGH THE LOOKING GLASS;A MALDIÇÃO DO ESPELHO;E1900574500000;DUBLADO;NÃO;RÚSSIA;5001709;MOVIECOM UNIMART 4;0;6000100;2897;5573;CAMPINAS;SP;MOVIE CINEMAS LTDA;04.708.972/0001-96
29/09/2020;29/09/2020 21:25:00;FANTASY ISLAND;A ILHA DA FANTASIA;E1900579500000;ORIGINAL;SIM;ESTADOS UNIDOS;5000122;KINOPLEX D. PEDRO 9 - PLATINUM;9;6000037;1991;2404;CAMPINAS;SP;EMPRESA CINEMAS SÃO LUIZ S/A;33.497.660/0001-89
29/09/2020;29/09/2020 21:30:00;BLOODSHOT;BLOODSHOT;E1900579400000;DUBLADO;NÃO;ESTADOS UNIDOS;5006259;CIRCUITO PONTA PORA 03;1;6000028;15568;42557;PONTA PORÃ;MS;CIRCUITO ENTRETENIMENTO E CINEMAS LTDA;08.068.712/0001-54
29/09/2020;29/09/2020 21:30:00;EL ROBO DEL SIGLO;O ROUBO DO SÉCULO;E2000030900000;ORIGINAL;SIM;ARGENTINA;5002564;CINE CATARATAS 1;2;;15565;15566;FOZ DO IGUAÇU;PR;CINE CATARATAS LTDA;09.010.219/0001-46
29/09/2020;29/09/2020 21:30:00;FANTASY ISLAND;A ILHA DA FANTASIA;E1900579500000;DUBLADO;NÃO;ESTADOS UNIDOS;5005617;CINE A ALTAMIRA SALA 01;10;6000008;28464;33426;ALTAMIRA;PA;CINE A MARABA LTDA;21.160.773/0001-05
29/09/2020;29/09/2020 21:30:00;FANTASY ISLAND;A ILHA DA FANTASIA;E1900579500000;DUBLADO;NÃO;ESTADOS UNIDOS;5005719;CINEFLIX VALPARAISO SALA 02;8;6000014;24534;34628;VALPARAÍSO DE GOIÁS;GO;REDECINE BSB CINEMATOGRÁFICA LTDA;18.087.870/0001-05
29/09/2020;29/09/2020 21:30:00;FANTASY ISLAND;A ILHA DA FANTASIA;E1900579500000;DUBLADO;NÃO;ESTADOS UNIDOS;5005364;CIRCUITO CINEMAS - PNP SALA 01;0;6000028;15568;31541;PENÁPOLIS;SP;CIRCUITO ENTRETENIMENTO E CINEMAS LTDA;08.068.712/0001-54
29/09/2020;29/09/2020 21:30:00;FANTASY ISLAND;A ILHA DA FANTASIA;E1900579500000;DUBLADO;NÃO;ESTADOS UNIDOS;5004879;CIRCUITO CINEMAS PBAS- SALA 01;0;6000028;15568;27873;PARAUAPEBAS;PA;CIRCUITO ENTRETENIMENTO E CINEMAS LTDA;08.068.712/0001-54
29/09/2020;29/09/2020 21:30:00;MINHA MÃE É UMA PEÇA 3;;B1900576900000;ORIGINAL;NÃO;BRASIL;5005979;CINESYSTEM ANANINDEUA SALA 05;9;6000027;22546;38898;ANANINDEUA;PA;REDECINE BRA CINEMATOGRÁFICA S.A.;15.422.993/0001-67
29/09/2020;29/09/2020 21:30:00;QUEEN OF SPADES: THROUGH THE LOOKING GLASS;A MALDIÇÃO DO ESPELHO;E1900574500000;DUBLADO;NÃO;RÚSSIA;5006365;ALFENAS SALA 2;0;6000008;15833;44017;ALFENAS;MG;CINE A LTDA;10.894.937/0001-01
29/09/2020;29/09/2020 21:30:00;QUEEN OF SPADES: THROUGH THE LOOKING GLASS;A MALDIÇÃO DO ESPELHO;E1900574500000;DUBLADO;NÃO;RÚSSIA;5004200;ARARAS SALA 2;0;6000008;15833;24551;ARARAS;SP;CINE A LTDA;10.894.937/0001-01
29/09/2020;29/09/2020 21:30:00;QUEEN OF SPADES: THROUGH THE LOOKING GLASS;A MALDIÇÃO DO ESPELHO;E1900574500000;DUBLADO;NÃO;RÚSSIA;5005505;CINE A BRAGANÇA PAULISTA SALA 2;2;6000008;3227;32481;BRAGANÇA PAULISTA;SP;CINE A BRAGANCA PAULISTA LTDA;41.861.923/0001-15
29/09/2020;29/09/2020 21:30:00;THE GENTLEMEN;MAGNATAS DO CRIME;E2000005600000;DUBLADO;NÃO;ESTADOS UNIDOS;5002400;CINEVIP RONDON PLAZA SHOPPING SALA 01;8;;14781;14782;RONDONÓPOLIS;MT;GIOVANNI ZEM RODRIGUES;10.443.079/0001-89
29/09/2020;29/09/2020 21:30:00;THE SECRET: DARE TO DREAM;O SEGREDO: OUSE SONHAR;E2000080600000;DUBLADO;NÃO;ESTADOS UNIDOS;5002566;CINE CATARATAS 3;3;;15565;15566;FOZ DO IGUAÇU;PR;CINE CATARATAS LTDA;09.010.219/0001-46
29/09/2020;29/09/2020 21:30:01;FANTASY ISLAND;A ILHA DA FANTASIA;E1900579500000;DUBLADO;NÃO;ESTADOS UNIDOS;5006206;CINE A ITAJUBA 03;3;6000008;15833;41725;ITAJUBÁ;MG;CINE A LTDA;10.894.937/0001-01
29/09/2020;29/09/2020 21:30:01;FANTASY ISLAND;A ILHA DA FANTASIA;E1900579500000;DUBLADO;NÃO;ESTADOS UNIDOS;5004948;CINE A MARABÁ SALA 03;5;6000008;28464;28466;MARABÁ;PA;CINE A MARABA LTDA;21.160.773/0001-05
29/09/2020;29/09/2020 21:30:01;QUEEN OF SPADES: THROUGH THE LOOKING GLASS;A MALDIÇÃO DO ESPELHO;E1900574500000;DUBLADO;NÃO;RÚSSIA;5006207;CINE A ITAJUBA 04;2;6000008;15833;41725;ITAJUBÁ;MG;CINE A LTDA;10.894.937/0001-01
29/09/2020;29/09/2020 21:30:01;QUEEN OF SPADES: THROUGH THE LOOKING GLASS;A MALDIÇÃO DO ESPELHO;E1900574500000;DUBLADO;NÃO;RÚSSIA;5004946;CINE A MARABÁ SALA 04;2;6000008;28464;28466;MARABÁ;PA;CINE A MARABA LTDA;21.160.773/0001-05
29/09/2020;29/09/2020 21:35:00;SCOOB!;SCOOBY - O FILME;E2000026400000;DUBLADO;NÃO;ESTADOS UNIDOS;5005984;CINESYSTEM ANANINDEUA SALA 10;0;6000027;22546;38898;ANANINDEUA;PA;REDECINE BRA CINEMATOGRÁFICA S.A.;15.422.993/0001-67
29/09/2020;29/09/2020 21:40:00;FANTASY ISLAND;A ILHA DA FANTASIA;E1900579500000;DUBLADO;NÃO;ESTADOS UNIDOS;5002401;CINEVIP RONDON PLAZA SHOPPING SALA 03;12;;14781;14782;RONDONÓPOLIS;MT;GIOVANNI ZEM RODRIGUES;10.443.079/0001-89
29/09/2020;29/09/2020 21:45:00;BLOODSHOT;BLOODSHOT;E1900579400000;DUBLADO;NÃO;ESTADOS UNIDOS;5004882;CIRCUITO CINEMAS PBAS- SALA 04;2;6000028;15568;27873;PARAUAPEBAS;PA;CIRCUITO ENTRETENIMENTO E CINEMAS LTDA;08.068.712/0001-54
29/09/2020;29/09/2020 21:45:00;ESCAPE FROM PRETORIA;FUGA DE PRETÓRIA;E2000249400000;DUBLADO;NÃO;ÁFRICA DO SUL;5005720;CINEFLIX VALPARAISO SALA 03;7;6000014;24534;34628;VALPARAÍSO DE GOIÁS;GO;REDECINE BSB CINEMATOGRÁFICA LTDA;18.087.870/0001-05
29/09/2020;29/09/2020 21:45:00;THE GENTLEMEN;MAGNATAS DO CRIME;E2000005600000;DUBLADO;NÃO;ESTADOS UNIDOS;5005980;CINESYSTEM ANANINDEUA SALA 06;6;6000027;22546;38898;ANANINDEUA;PA;REDECINE BRA CINEMATOGRÁFICA S.A.;15.422.993/0001-67
29/09/2020;29/09/2020 22:00:00;BOHEMIAN RHAPSODY;BOHEMIAN RHAPSODY;E1800251900000;ORIGINAL;SIM;ESTADOS UNIDOS;5002102;CINE DRIVEIN;34;;5465;6715;BRASÍLIA;DF;STARK'S CINEMA E LANCHONETE LTDA.;32.917.296/0001-04
29/09/2020;29/09/2020 22:00:00;FANTASY ISLAND;A ILHA DA FANTASIA;E1900579500000;DUBLADO;NÃO;ESTADOS UNIDOS;5005718;CINEFLIX VALPARAISO SALA 01;0;6000014;24534;34628;VALPARAÍSO DE GOIÁS;GO;REDECINE BSB CINEMATOGRÁFICA LTDA;18.087.870/0001-05
29/09/2020;29/09/2020 22:40:00;QUEEN OF SPADES: THROUGH THE LOOKING GLASS;A MALDIÇÃO DO ESPELHO;E1900574500000;DUBLADO;NÃO;RÚSSIA;5006568;CINE + ARTE XANGRI-LÁ DRIVE-IN;0;6000103;32155;45890;XANGRI-LÁ;RS;EWERTON LUIS DE SOUZA BRANDOLT;23.288.683/0001-20
30/09/2020;30/09/2020 13:30:00;FANTASY ISLAND;A ILHA DA FANTASIA;E1900579500000;DUBLADO;NÃO;ESTADOS UNIDOS;5005805;CINEFLIX APARECIDA DE GOIANIA - SALA 1;0;6000014;24534;36838;APARECIDA DE GOIÂNIA;GO;REDECINE BSB CINEMATOGRÁFICA LTDA;18.087.870/0001-05
30/09/2020;30/09/2020 13:30:00;FANTASY ISLAND;A ILHA DA FANTASIA;E1900579500000;DUBLADO;NÃO;ESTADOS UNIDOS;5004187;CINEFLIX JK SHOPPING - SALA 4;0;6000014;24534;24535;BRASÍLIA;DF;REDECINE BSB CINEMATOGRÁFICA LTDA;18.087.870/0001-05
30/09/2020;30/09/2020 13:30:00;FANTASY ISLAND;A ILHA DA FANTASIA;E1900579500000;DUBLADO;NÃO;ESTADOS UNIDOS;5005317;CINEFLIX SHOPPING PRAÇA NOVA ARAÇATUBA - SALA 02;0;6000014;25182;31153;ARAÇATUBA;SP;REDECINE SUL CINEMAS LTDA.;18.672.374/0001-19
30/09/2020;30/09/2020 13:30:00;FANTASY ISLAND;A ILHA DA FANTASIA;E1900579500000;DUBLADO;NÃO;ESTADOS UNIDOS;5005308;CINEFLIX VÁRZEA GRANDE SHOPPING - SALA 5;0;6000014;24534;31101;VÁRZEA GRANDE;MT;REDECINE BSB CINEMATOGRÁFICA LTDA;18.087.870/0001-05
30/09/2020;30/09/2020 13:30:00;FANTASY ISLAND;A ILHA DA FANTASIA;E1900579500000;DUBLADO;NÃO;ESTADOS UNIDOS;5006472;REDECINE SUMARE 01;0;6000014;5654;44547;SUMARÉ;SP;REDECINE-CPQ CINEMATOGRÁFICA LTDA;07.665.262/0001-14
30/09/2020;30/09/2020 13:30:00;INSIDE OUT;DIVERTIDA MENTE;E1500351400000;DUBLADO;NÃO;ESTADOS UNIDOS;5006081;CINE IMPERIAL 01;0;;40730;40731;SALVADOR;BA;RG PALMA EXIBICAO CINEMATOGRAFICA LTDA;31.159.134/0001-83
30/09/2020;30/09/2020 13:30:00;THE SECRET: DARE TO DREAM;O SEGREDO: OUSE SONHAR;E2000080600000;DUBLADO;NÃO;ESTADOS UNIDOS;5004881;CIRCUITO CINEMAS PBAS- SALA 03;0;6000028;15568;27873;PARAUAPEBAS;PA;CIRCUITO ENTRETENIMENTO E CINEMAS LTDA;08.068.712/0001-54
30/09/2020;30/09/2020 13:35:00;SPYCIES;AGENTES SELVAGENS;E2000250100000;DUBLADO;NÃO;CHINA;5004188;CINEFLIX JK SHOPPING - SALA 5;0;6000014;24534;24535;BRASÍLIA;DF;REDECINE BSB CINEMATOGRÁFICA LTDA;18.087.870/0001-05
30/09/2020;30/09/2020 13:40:00;SCOOB!;SCOOBY - O FILME;E2000026400000;DUBLADO;NÃO;ESTADOS UNIDOS;5006475;REDECINE SUMARE 04;0;6000014;5654;44547;SUMARÉ;SP;REDECINE-CPQ CINEMATOGRÁFICA LTDA;07.665.262/0001-14
30/09/2020;30/09/2020 13:45:00;SCOOB!;SCOOBY - O FILME;E2000026400000;DUBLADO;NÃO;ESTADOS UNIDOS;5005306;CINEFLIX VÁRZEA GRANDE SHOPPING - SALA 3;6;6000014;24534;31101;VÁRZEA GRANDE;MT;REDECINE BSB CINEMATOGRÁFICA LTDA;18.087.870/0001-05
30/09/2020;30/09/2020 13:45:00;SCOOB!;SCOOBY - O FILME;E2000026400000;DUBLADO;NÃO;ESTADOS UNIDOS;5004880;CIRCUITO CINEMAS PBAS- SALA 02;3;6000028;15568;27873;PARAUAPEBAS;PA;CIRCUITO ENTRETENIMENTO E CINEMAS LTDA;08.068.712/0001-54
30/09/2020;30/09/2020 13:45:00;SPYCIES;AGENTES SELVAGENS;E2000250100000;DUBLADO;NÃO;CHINA;5005304;CINEFLIX VÁRZEA GRANDE SHOPPING - SALA 1;0;6000014;24534;31101;VÁRZEA GRANDE;MT;REDECINE BSB CINEMATOGRÁFICA LTDA;18.087.870/0001-05
30/09/2020;30/09/2020 13:50:00;FANTASY ISLAND;A ILHA DA FANTASIA;E1900579500000;ORIGINAL;SIM;ESTADOS UNIDOS;5006305;GALLERIA CAMPINAS 02 - VIP;0;6000024;17266;43208;CAMPINAS;SP;CINEPOLIS OPERADORA DE CINEMAS DO BRASIL LTDA;09.652.820/0001-32
30/09/2020;30/09/2020 13:50:00;SCOOB!;SCOOBY - O FILME;E2000026400000;DUBLADO;NÃO;ESTADOS UNIDOS;5005318;CINEFLIX SHOPPING PRAÇA NOVA ARAÇATUBA - SALA 03;0;6000014;25182;31153;ARAÇATUBA;SP;REDECINE SUL CINEMAS LTDA.;18.672.374/0001-19
30/09/2020;30/09/2020 14:00:00;APOCALYPSE NOW: FINAL CUT;APOCALYPSE NOW: FINAL CUT;E2000169400000;ORIGINAL;SIM;ESTADOS UNIDOS;5004697;SALA RIOMAR 4 -VIP;0;6000024;17266;27076;FORTALEZA;CE;CINEPOLIS OPERADORA DE CINEMAS DO BRASIL LTDA;09.652.820/0001-32
30/09/2020;30/09/2020 14:00:00;E.T. THE EXTRA-TERRESTRIAL;E.T. O EXTRATERRESTRE;E1402648300000;DUBLADO;NÃO;ESTADOS UNIDOS;5005106;CINÉPOLIS CAMPINAS SHOPPING - SALA 7;0;6000024;17266;30090;CAMPINAS;SP;CINEPOLIS OPERADORA DE CINEMAS DO BRASIL LTDA;09.652.820/0001-32
30/09/2020;30/09/2020 14:00:00;FANTASY ISLAND;A ILHA DA FANTASIA;E1900579500000;DUBLADO;NÃO;ESTADOS UNIDOS;5005316;CINEFLIX SHOPPING PRAÇA NOVA ARAÇATUBA - SALA 01;0;6000014;25182;31153;ARAÇATUBA;SP;REDECINE SUL CINEMAS LTDA.;18.672.374/0001-19
30/09/2020;30/09/2020 14:00:00;FANTASY ISLAND;A ILHA DA FANTASIA;E1900579500000;DUBLADO;NÃO;ESTADOS UNIDOS;5005719;CINEFLIX VALPARAISO SALA 02;0;6000014;24534;34628;VALPARAÍSO DE GOIÁS;GO;REDECINE BSB CINEMATOGRÁFICA LTDA;18.087.870/0001-05
30/09/2020;30/09/2020 14:00:00;FANTASY ISLAND;A ILHA DA FANTASIA;E1900579500000;DUBLADO;NÃO;ESTADOS UNIDOS;5002603;CINEMAS BENFICA - SALA 1;13;;15690;15691;FORTALEZA;CE;CINEMAS BENFICA LTDA;07.509.597/0001-43
30/09/2020;30/09/2020 14:00:00;FANTASY ISLAND;A ILHA DA FANTASIA;E1900579500000;DUBLADO;NÃO;ESTADOS UNIDOS;5004879;CIRCUITO CINEMAS PBAS- SALA 01;2;6000028;15568;27873;PARAUAPEBAS;PA;CIRCUITO ENTRETENIMENTO E CINEMAS LTDA;08.068.712/0001-54
30/09/2020;30/09/2020 14:00:00;FANTASY ISLAND;A ILHA DA FANTASIA;E1900579500000;DUBLADO;NÃO;ESTADOS UNIDOS;5006350;REDECINE PINDAMONHANGABA 04;0;6000034;43781;43782;PINDAMONHANGABA;SP;REDECINE PINDAMONHANGABA CINEMAS LTDA;34.408.375/0001-07
30/09/2020;30/09/2020 14:00:00;QUEEN OF SPADES: THROUGH THE LOOKING GLASS;A MALDIÇÃO DO ESPELHO;E1900574500000;DUBLADO;NÃO;RÚSSIA;5005099;CINÉPOLIS SÃO GONÇALO SHOPPING - SALA 8;0;6000024;17266;30088;SÃO GONÇALO;RJ;CINEPOLIS OPERADORA DE CINEMAS DO BRASIL LTDA;09.652.820/0001-32
30/09/2020;30/09/2020 14:00:00;SCOOB!;SCOOBY - O FILME;E2000026400000;DUBLADO;NÃO;ESTADOS UNIDOS;5002564;CINE CATARATAS 1;7;;15565;15566;FOZ DO IGUAÇU;PR;CINE CATARATAS LTDA;09.010.219/0001-46
30/09/2020;30/09/2020 14:00:00;SCOOB!;SCOOBY - O FILME;E2000026400000;DUBLADO;NÃO;ESTADOS UNIDOS;5006082;CINE IMPERIAL 02;3;;40730;40731;SALVADOR;BA;RG PALMA EXIBICAO CINEMATOGRAFICA LTDA;31.159.134/0001-83
30/09/2020;30/09/2020 14:00:00;SCOOB!;SCOOBY - O FILME;E2000026400000;DUBLADO;NÃO;ESTADOS UNIDOS;5005694;CINEPOLIS RIOMAR KENNEDY - SALA 03;4;6000024;17266;34309;FORTALEZA;CE;CINEPOLIS OPERADORA DE CINEMAS DO BRASIL LTDA;09.652.820/0001-32
30/09/2020;30/09/2020 14:00:00;SCOOB!;SCOOBY - O FILME;E2000026400000;DUBLADO;NÃO;ESTADOS UNIDOS;5002931;SALA 06;2;6000024;17266;17729;SALVADOR;BA;CINEPOLIS OPERADORA DE CINEMAS DO BRASIL LTDA;09.652.820/0001-32
30/09/2020;30/09/2020 14:00:00;SPYCIES;AGENTES SELVAGENS;E2000250100000;DUBLADO;NÃO;CHINA;5005807;CINEFLIX APARECIDA DE GOIANIA - SALA 3;3;6000014;24534;36838;APARECIDA DE GOIÂNIA;GO;REDECINE BSB CINEMATOGRÁFICA LTDA;18.087.870/0001-05
30/09/2020;30/09/2020 14:00:00;SPYCIES;AGENTES SELVAGENS;E2000250100000;DUBLADO;NÃO;CHINA;5003592;JUNDIAI SHOPPING 05;0;6000024;17266;22674;JUNDIAÍ;SP;CINEPOLIS OPERADORA DE CINEMAS DO BRASIL LTDA;09.652.820/0001-32
30/09/2020;30/09/2020 14:00:00;SPYCIES;AGENTES SELVAGENS;E2000250100000;DUBLADO;NÃO;CHINA;5006473;REDECINE SUMARE 02;0;6000014;5654;44547;SUMARÉ;SP;REDECINE-CPQ CINEMATOGRÁFICA LTDA;07.665.262/0001-14
30/09/2020;30/09/2020 14:00:00;SPYCIES;AGENTES SELVAGENS;E2000250100000;DUBLADO;NÃO;CHINA;5003475;SALA CINEPOLIS BELA VISTA 03;0;6000024;17266;21610;SALVADOR;BA;CINEPOLIS OPERADORA DE CINEMAS DO BRASIL LTDA;09.652.820/0001-32
30/09/2020;30/09/2020 14:00:00;THE GENTLEMEN;MAGNATAS DO CRIME;E2000005600000;ORIGINAL;SIM;ESTADOS UNIDOS;5006306;GALLERIA CAMPINAS 03 - VIP;3;6000024;17266;43208;CAMPINAS;SP;CINEPOLIS OPERADORA DE CINEMAS DO BRASIL LTDA;09.652.820/0001-32
30/09/2020;30/09/2020 14:00:00;THE SECRET: DARE TO DREAM;O SEGREDO: OUSE SONHAR;E2000080600000;ORIGINAL;SIM;ESTADOS UNIDOS;5006479;JUNDIAI SHOPPING 10 - VIP;0;6000024;17266;22674;JUNDIAÍ;SP;CINEPOLIS OPERADORA DE CINEMAS DO BRASIL LTDA;09.652.820/0001-32
30/09/2020;30/09/2020 14:00:00;TO LIVE TO SING;VIVER PARA CANTAR;E2000095200000;ORIGINAL;SIM;CANADÁ;5005898;CINE CASARÃO;0;;37886;37902;MANAUS;AM;C TEATRAL DE IDÉIAS LTDA;09.104.162/0001-44
30/09/2020;30/09/2020 14:05:00;SPYCIES;AGENTES SELVAGENS;E2000250100000;DUBLADO;NÃO;CHINA;5005320;CINEFLIX SHOPPING PRAÇA NOVA ARAÇATUBA - SALA 05;0;6000014;25182;31153;ARAÇATUBA;SP;REDECINE SUL CINEMAS LTDA.;18.672.374/0001-19
30/09/2020;30/09/2020 14:10:00;E.T. THE EXTRA-TERRESTRIAL;E.T. O EXTRATERRESTRE;E1402648300000;ORIGINAL;SIM;ESTADOS UNIDOS;5003594;JUNDIAI SHOPPING 07;2;6000024;17266;22674;JUNDIAÍ;SP;CINEPOLIS OPERADORA DE CINEMAS DO BRASIL LTDA;09.652.820/0001-32
30/09/2020;30/09/2020 14:10:00;MINIONS;MINIONS;E1500311600000;DUBLADO;NÃO;ESTADOS UNIDOS;5003477;SALA CINEPOLIS BELA VISTA 05;2;6000024;17266;21610;SALVADOR;BA;CINEPOLIS OPERADORA DE CINEMAS DO BRASIL LTDA;09.652.820/0001-32
30/09/2020;30/09/2020 14:10:00;QUEEN OF SPADES: THROUGH THE LOOKING GLASS;A MALDIÇÃO DO ESPELHO;E1900574500000;DUBLADO;NÃO;RÚSSIA;5004184;CINEFLIX JK SHOPPING - SALA 1;2;6000014;24534;24535;BRASÍLIA;DF;REDECINE BSB CINEMATOGRÁFICA LTDA;18.087.870/0001-05
30/09/2020;30/09/2020 14:10:00;SCOOB!;SCOOBY - O FILME;E2000026400000;DUBLADO;NÃO;ESTADOS UNIDOS;5005108;CINÉPOLIS CAMPINAS SHOPPING - SALA 9;7;6000024;17266;30090;CAMPINAS;SP;CINEPOLIS OPERADORA DE CINEMAS DO BRASIL LTDA;09.652.820/0001-32
30/09/2020;30/09/2020 14:10:00;TURMA DA MÔNICA - LAÇOS;;B1900235500000;ORIGINAL;NÃO;BRASIL;5006399;GRUPOCINE GUARUJÁ 02;0;6000034;44276;44283;GUARUJÁ;SP;EMPRESA CINEMATOGRAFICA BOMBOCINE LTDA;21.298.337/0001-05
30/09/2020;30/09/2020 14:15:00;BLOODSHOT;BLOODSHOT;E1900579400000;DUBLADO;NÃO;ESTADOS UNIDOS;5004882;CIRCUITO CINEMAS PBAS- SALA 04;0;6000028;15568;27873;PARAUAPEBAS;PA;CIRCUITO ENTRETENIMENTO E CINEMAS LTDA;08.068.712/0001-54
30/09/2020;30/09/2020 14:15:00;FANTASY ISLAND;A ILHA DA FANTASIA;E1900579500000;DUBLADO;NÃO;ESTADOS UNIDOS;5002926;SALA 04;4;6000024;17266;17729;SALVADOR;BA;CINEPOLIS OPERADORA DE CINEMAS DO BRASIL LTDA;09.652.820/0001-32
30/09/2020;30/09/2020 14:15:00;SCOOB!;SCOOBY - O FILME;E2000026400000;DUBLADO;NÃO;ESTADOS UNIDOS;5004699;SALA RIOMAR 6 - TRADICIONAL;7;6000024;17266;27076;FORTALEZA;CE;CINEPOLIS OPERADORA DE CINEMAS DO BRASIL LTDA;09.652.820/0001-32
30/09/2020;30/09/2020 14:15:00;THE SECRET: DARE TO DREAM;O SEGREDO: OUSE SONHAR;E2000080600000;DUBLADO;NÃO;ESTADOS UNIDOS;5005720;CINEFLIX VALPARAISO SALA 03;0;6000014;24534;34628;VALPARAÍSO DE GOIÁS;GO;REDECINE BSB CINEMATOGRÁFICA LTDA;18.087.870/0001-05
30/09/2020;30/09/2020 14:20:00;ATÉ QUE A SORTE NOS SEPARE;;B1201657700000;ORIGINAL;NÃO;BRASIL;5006398;GRUPOCINE GUARUJÁ 01;0;6000034;44276;44283;GUARUJÁ;SP;EMPRESA CINEMATOGRAFICA BOMBOCINE LTDA;21.298.337/0001-05
30/09/2020;30/09/2020 14:20:00;SCOOB!;SCOOBY - O FILME;E2000026400000;DUBLADO;NÃO;ESTADOS UNIDOS;5002427;CINE WEST SALA 02;4;;14882;14883;CASCAVEL;PR;WEST SIDE SHOPPING CENTER LTDA;68.761.170/0001-22
30/09/2020;30/09/2020 14:20:00;SCOOB!;SCOOBY - O FILME;E2000026400000;DUBLADO;NÃO;ESTADOS UNIDOS;5004185;CINEFLIX JK SHOPPING - SALA 2;3;6000014;24534;24535;BRASÍLIA;DF;REDECINE BSB CINEMATOGRÁFICA LTDA;18.087.870/0001-05
30/09/2020;30/09/2020 14:20:00;SCOOB!;SCOOBY - O FILME;E2000026400000;DUBLADO;NÃO;ESTADOS UNIDOS;5005722;CINEFLIX VALPARAISO SALA 05;1;6000014;24534;34628;VALPARAÍSO DE GOIÁS;GO;REDECINE BSB CINEMATOGRÁFICA LTDA;18.087.870/0001-05
30/09/2020;30/09/2020 14:30:00;FANTASY ISLAND;A ILHA DA FANTASIA;E1900579500000;DUBLADO;NÃO;ESTADOS UNIDOS;5005718;CINEFLIX VALPARAISO SALA 01;1;6000014;24534;34628;VALPARAÍSO DE GOIÁS;GO;REDECINE BSB CINEMATOGRÁFICA LTDA;18.087.870/0001-05
30/09/2020;30/09/2020 14:30:00;FANTASY ISLAND;A ILHA DA FANTASIA;E1900579500000;DUBLADO;NÃO;ESTADOS UNIDOS;5005104;CINÉPOLIS CAMPINAS SHOPPING - SALA 5;7;6000024;17266;30090;CAMPINAS;SP;CINEPOLIS OPERADORA DE CINEMAS DO BRASIL LTDA;09.652.820/0001-32
30/09/2020;30/09/2020 14:30:00;FANTASY ISLAND;A ILHA DA FANTASIA;E1900579500000;DUBLADO;NÃO;ESTADOS UNIDOS;5005164;CINÉPOLIS MANAUS PLAZA - SALA 8;8;6000024;17266;30118;MANAUS;AM;CINEPOLIS OPERADORA DE CINEMAS DO BRASIL LTDA;09.652.820/0001-32
30/09/2020;30/09/2020 14:30:00;FANTASY ISLAND;A ILHA DA FANTASIA;E1900579500000;DUBLADO;NÃO;ESTADOS UNIDOS;5003478;SALA CINEPOLIS BELA VISTA 06;9;6000024;17266;21610;SALVADOR;BA;CINEPOLIS OPERADORA DE CINEMAS DO BRASIL LTDA;09.652.820/0001-32
30/09/2020;30/09/2020 14:30:00;FANTASY ISLAND;A ILHA DA FANTASIA;E1900579500000;DUBLADO;NÃO;ESTADOS UNIDOS;5004700;SALA RIOMAR 7 - TRADICIONAL;6;6000024;17266;27076;FORTALEZA;CE;CINEPOLIS OPERADORA DE CINEMAS DO BRASIL LTDA;09.652.820/0001-32
30/09/2020;30/09/2020 14:30:00;MINIONS;MINIONS;E1500311600000;DUBLADO;NÃO;ESTADOS UNIDOS;5006400;GRUPOCINE GUARUJÁ 03;0;6000034;44276;44283;GUARUJÁ;SP;EMPRESA CINEMATOGRAFICA BOMBOCINE LTDA;21.298.337/0001-05
30/09/2020;30/09/2020 14:30:00;QUEEN OF SPADES: THROUGH THE LOOKING GLASS;A MALDIÇÃO DO ESPELHO;E1900574500000;DUBLADO;NÃO;RÚSSIA;5005808;CINEFLIX APARECIDA DE GOIANIA - SALA 4;0;6000014;24534;36838;APARECIDA DE GOIÂNIA;GO;REDECINE BSB CINEMATOGRÁFICA LTDA;18.087.870/0001-05
30/09/2020;30/09/2020 14:30:00;SCOOB!;SCOOBY - O FILME;E2000026400000;DUBLADO;NÃO;ESTADOS UNIDOS;5005338;CINEMAS BENFICA - SALA 4;11;;15690;15691;FORTALEZA;CE;CINEMAS BENFICA LTDA;07.509.597/0001-43
30/09/2020;30/09/2020 14:30:00;SCOOB!;SCOOBY - O FILME;E2000026400000;DUBLADO;NÃO;ESTADOS UNIDOS;5005094;CINÉPOLIS SÃO GONÇALO SHOPPING - SALA 3;8;6000024;17266;30088;SÃO GONÇALO;RJ;CINEPOLIS OPERADORA DE CINEMAS DO BRASIL LTDA;09.652.820/0001-32
30/09/2020;30/09/2020 14:30:00;SCOOB!;SCOOBY - O FILME;E2000026400000;DUBLADO;NÃO;ESTADOS UNIDOS;5006304;GALLERIA CAMPINAS 01 - VIP;4;6000024;17266;43208;CAMPINAS;SP;CINEPOLIS OPERADORA DE CINEMAS DO BRASIL LTDA;09.652.820/0001-32
30/09/2020;30/09/2020 14:30:00;SCOOB!;SCOOBY - O FILME;E2000026400000;DUBLADO;NÃO;ESTADOS UNIDOS;5006348;REDECINE PINDAMONHANGABA 02;3;6000034;43781;43782;PINDAMONHANGABA;SP;REDECINE PINDAMONHANGABA CINEMAS LTDA;34.408.375/0001-07
30/09/2020;30/09/2020 14:30:00;SPYCIES;AGENTES SELVAGENS;E2000250100000;DUBLADO;NÃO;CHINA;5005697;CINEPOLIS RIOMAR KENNEDY - SALA 06;0;6000024;17266;34309;FORTALEZA;CE;CINEPOLIS OPERADORA DE CINEMAS DO BRASIL LTDA;09.652.820/0001-32
30/09/2020;30/09/2020 14:30:00;THE GENTLEMEN;MAGNATAS DO CRIME;E2000005600000;DUBLADO;NÃO;ESTADOS UNIDOS;5006216;SALA 08 - VIP;2;6000024;17266;17729;SALVADOR;BA;CINEPOLIS OPERADORA DE CINEMAS DO BRASIL LTDA;09.652.820/0001-32
30/09/2020;30/09/2020 14:30:00;THE SECRET: DARE TO DREAM;O SEGREDO: OUSE SONHAR;E2000080600000;DUBLADO;NÃO;ESTADOS UNIDOS;5001518;MOVIECOM BURITI 1;6;6000100;2897;2893;APARECIDA DE GOIÂNIA;GO;MOVIE CINEMAS LTDA;04.708.972/0001-96
30/09/2020;30/09/2020 14:30:01;CARLINHOS E CARLÃO;;B1900409100000;ORIGINAL;NÃO;BRASIL;5006072;CINE A ALTAMIRA SALA 02;0;6000008;28464;33426;ALTAMIRA;PA;CINE A MARABA LTDA;21.160.773/0001-05
30/09/2020;30/09/2020 14:40:00;FANTASY ISLAND;A ILHA DA FANTASIA;E1900579500000;DUBLADO;NÃO;ESTADOS UNIDOS;5005098;CINÉPOLIS SÃO GONÇALO SHOPPING - SALA 7;5;6000024;17266;30088;SÃO GONÇALO;RJ;CINEPOLIS OPERADORA DE CINEMAS DO BRASIL LTDA;09.652.820/0001-32
30/09/2020;30/09/2020 14:40:00;FANTASY ISLAND;A ILHA DA FANTASIA;E1900579500000;DUBLADO;NÃO;ESTADOS UNIDOS;5003588;JUNDIAI SHOPPING 01;7;6000024;17266;22674;JUNDIAÍ;SP;CINEPOLIS OPERADORA DE CINEMAS DO BRASIL LTDA;09.652.820/0001-32
30/09/2020;30/09/2020 14:40:00;FROZEN II;FROZEN 2;E1900365900000;DUBLADO;NÃO;ESTADOS UNIDOS;5002566;CINE CATARATAS 3;1;;15565;15566;FOZ DO IGUAÇU;PR;CINE CATARATAS LTDA;09.010.219/0001-46
30/09/2020;30/09/2020 14:40:00;SPYCIES;AGENTES SELVAGENS;E2000250100000;DUBLADO;NÃO;CHINA;5005723;CINEFLIX VALPARAISO SALA 06;5;6000014;24534;34628;VALPARAÍSO DE GOIÁS;GO;REDECINE BSB CINEMATOGRÁFICA LTDA;18.087.870/0001-05
30/09/2020;30/09/2020 14:45:00;SPYCIES;AGENTES SELVAGENS;E2000250100000;DUBLADO;NÃO;CHINA;5006307;GALLERIA CAMPINAS 04 - VIP;4;6000024;17266;43208;CAMPINAS;SP;CINEPOLIS OPERADORA DE CINEMAS DO BRASIL LTDA;09.652.820/0001-32
30/09/2020;30/09/2020 14:45:00;THE SECRET: DARE TO DREAM;O SEGREDO: OUSE SONHAR;E2000080600000;DUBLADO;NÃO;ESTADOS UNIDOS;5005617;CINE A ALTAMIRA SALA 01;1;6000008;28464;33426;ALTAMIRA;PA;CINE A MARABA LTDA;21.160.773/0001-05
30/09/2020;30/09/2020 14:50:00;FANTASY ISLAND;A ILHA DA FANTASIA;E1900579500000;DUBLADO;NÃO;ESTADOS UNIDOS;5001520;MOVIECOM BURITI 2;9;6000100;2897;2893;APARECIDA DE GOIÂNIA;GO;MOVIE CINEMAS LTDA;04.708.972/0001-96
30/09/2020;30/09/2020 14:50:00;QUEEN OF SPADES: THROUGH THE LOOKING GLASS;A MALDIÇÃO DO ESPELHO;E1900574500000;DUBLADO;NÃO;RÚSSIA;5005307;CINEFLIX VÁRZEA GRANDE SHOPPING - SALA 4;10;6000014;24534;31101;VÁRZEA GRANDE;MT;REDECINE BSB CINEMATOGRÁFICA LTDA;18.087.870/0001-05
30/09/2020;30/09/2020 15:00:00;21 BRIDGES;CRIME SEM SAÍDA;E1900482200000;DUBLADO;NÃO;ESTADOS UNIDOS;5005325;UCI BRASIL - SUMAÚMA PARK SHOPPING MANAUS SALA 02;1;6000058;749;31265;MANAUS;AM;UNITED CINEMAS INTERNATIONAL BRASIL LTDA.;01.289.530/0001-64
30/09/2020;30/09/2020 15:00:00;APOCALYPSE NOW: FINAL CUT;APOCALYPSE NOW: FINAL CUT;E2000169400000;ORIGINAL;SIM;ESTADOS UNIDOS;5004372;SALA CINEPOLIS PONTA NEGRA 09 TRADICIONAL;0;6000024;17266;25193;MANAUS;AM;CINEPOLIS OPERADORA DE CINEMAS DO BRASIL LTDA;09.652.820/0001-32
30/09/2020;30/09/2020 15:00:00;BACK TO THE FUTURE;DE VOLTA PARA O FUTURO;E1402513800000;DUBLADO;NÃO;ESTADOS UNIDOS;5006217;CINE LAGUNA 2;1;6000141;24511;24512;ALAGOINHAS;BA;VICTORY EVENTOS & TURISMO LTDA;05.607.525/0001-03
30/09/2020;30/09/2020 15:00:00;E.T. THE EXTRA-TERRESTRIAL;E.T. O EXTRATERRESTRE;E1402648300000;ORIGINAL;SIM;ESTADOS UNIDOS;5004703;SALA RIOMAR 10 - TRADICIONAL;2;6000024;17266;27076;FORTALEZA;CE;CINEPOLIS OPERADORA DE CINEMAS DO BRASIL LTDA;09.652.820/0001-32
30/09/2020;30/09/2020 15:00:00;Eventos Esportivos;;G0000000000001;DUBLADO;NÃO;;5005305;CINEFLIX VÁRZEA GRANDE SHOPPING - SALA 2;4;6000014;24534;31101;VÁRZEA GRANDE;MT;REDECINE BSB CINEMATOGRÁFICA LTDA;18.087.870/0001-05
30/09/2020;30/09/2020 15:00:00;FANTASY ISLAND;A ILHA DA FANTASIA;E1900579500000;DUBLADO;NÃO;ESTADOS UNIDOS;5005309;CINEFLIX VÁRZEA GRANDE SHOPPING - SALA 6;1;6000014;24534;31101;VÁRZEA GRANDE;MT;REDECINE BSB CINEMATOGRÁFICA LTDA;18.087.870/0001-05
30/09/2020;30/09/2020 15:00:00;FANTASY ISLAND;A ILHA DA FANTASIA;E1900579500000;DUBLADO;NÃO;ESTADOS UNIDOS;5005693;CINEPOLIS RIOMAR KENNEDY - SALA 02;2;6000024;17266;34309;FORTALEZA;CE;CINEPOLIS OPERADORA DE CINEMAS DO BRASIL LTDA;09.652.820/0001-32
30/09/2020;30/09/2020 15:00:00;FANTASY ISLAND;A ILHA DA FANTASIA;E1900579500000;DUBLADO;NÃO;ESTADOS UNIDOS;5001505;MOVIECOM CASTANHEIRA 7;19;6000100;2897;2896;BELÉM;PA;MOVIE CINEMAS LTDA;04.708.972/0001-96
30/09/2020;30/09/2020 15:00:00;FANTASY ISLAND;A ILHA DA FANTASIA;E1900579500000;DUBLADO;NÃO;ESTADOS UNIDOS;5004432;MOVIECOM UNIMART 6;2;6000100;2897;5573;CAMPINAS;SP;MOVIE CINEMAS LTDA;04.708.972/0001-96
30/09/2020;30/09/2020 15:00:00;FANTASY ISLAND;A ILHA DA FANTASIA;E1900579500000;DUBLADO;NÃO;ESTADOS UNIDOS;5002678;ORIENT CINE PARELELA - SALA 03;15;6000060;2606;16207;SALVADOR;BA;UCI-ORIENT LTDA;01.562.356/0001-81
30/09/2020;30/09/2020 15:00:00;FANTASY ISLAND;A ILHA DA FANTASIA;E1900579500000;DUBLADO;NÃO;ESTADOS UNIDOS;5002938;SALA 04;9;6000024;17266;17763;BELÉM;PA;CINEPOLIS OPERADORA DE CINEMAS DO BRASIL LTDA;09.652.820/0001-32
30/09/2020;30/09/2020 15:00:00;FANTASY ISLAND;A ILHA DA FANTASIA;E1900579500000;DUBLADO;NÃO;ESTADOS UNIDOS;5004583;UCI ORIENT SHOPPING BARRA SALA 1;4;6000060;2606;26893;SALVADOR;BA;UCI-ORIENT LTDA;01.562.356/0001-81
30/09/2020;30/09/2020 15:00:00;HARRY POTTER AND THE SORCERER'S STONE;HARRY POTTER AND THE SORCERER'S STONE;E1900440700000;DUBLADO;NÃO;ESTADOS UNIDOS;5000733;UCI - SHOPPING CENTER IGUATEMI FORTALEZA - SALA 02;20;6000059;2612;2616;FORTALEZA;CE;UCI RIBEIRO LTDA;02.117.937/0001-77
30/09/2020;30/09/2020 15:00:00;HARRY POTTER AND THE SORCERER'S STONE;HARRY POTTER AND THE SORCERER'S STONE;E1900440700000;DUBLADO;NÃO;ESTADOS UNIDOS;5004813;UCI BRASIL SHOPPING PARANGABA SALA 01;27;6000058;749;27591;FORTALEZA;CE;UNITED CINEMAS INTERNATIONAL BRASIL LTDA.;01.289.530/0001-64
30/09/2020;30/09/2020 15:00:00;JUMANJI: NEXT LEVEL;JUMANJI: PROXIMA FASE;E1900458100000;DUBLADO;NÃO;ESTADOS UNIDOS;5002724;SALA CINE PLAYARTE MANAUARA 08;0;6000049;260;16356;MANAUS;AM;PLAYARTE CINEMAS LTDA.;60.434.149/0001-00
30/09/2020;30/09/2020 15:00:00;SCOOB!;SCOOBY - O FILME;E2000026400000;DUBLADO;NÃO;ESTADOS UNIDOS;5005809;CINEFLIX APARECIDA DE GOIANIA - SALA 5;0;6000014;24534;36838;APARECIDA DE GOIÂNIA;GO;REDECINE BSB CINEMATOGRÁFICA LTDA;18.087.870/0001-05
30/09/2020;30/09/2020 15:00:00;SCOOB!;SCOOBY - O FILME;E2000026400000;DUBLADO;NÃO;ESTADOS UNIDOS;5005163;CINÉPOLIS MANAUS PLAZA - SALA 7;1;6000024;17266;30118;MANAUS;AM;CINEPOLIS OPERADORA DE CINEMAS DO BRASIL LTDA;09.652.820/0001-32
30/09/2020;30/09/2020 15:00:00;SPYCIES;AGENTES SELVAGENS;E2000250100000;DUBLADO;NÃO;CHINA;5005107;CINÉPOLIS CAMPINAS SHOPPING - SALA 8;4;6000024;17266;30090;CAMPINAS;SP;CINEPOLIS OPERADORA DE CINEMAS DO BRASIL LTDA;09.652.820/0001-32
30/09/2020;30/09/2020 15:00:00;SPYCIES;AGENTES SELVAGENS;E2000250100000;DUBLADO;NÃO;CHINA;5005152;CINÉPOLIS MILLENNIUM - SALA 4;0;6000024;17266;30116;MANAUS;AM;CINEPOLIS OPERADORA DE CINEMAS DO BRASIL LTDA;09.652.820/0001-32
30/09/2020;30/09/2020 15:00:00;SPYCIES;AGENTES SELVAGENS;E2000250100000;DUBLADO;NÃO;CHINA;5002929;SALA 01;0;6000024;17266;17729;SALVADOR;BA;CINEPOLIS OPERADORA DE CINEMAS DO BRASIL LTDA;09.652.820/0001-32
30/09/2020;30/09/2020 15:00:00;SPYCIES;AGENTES SELVAGENS;E2000250100000;DUBLADO;NÃO;CHINA;5003488;SALA PQ.BELEM 07;4;6000024;17266;21616;BELÉM;PA;CINEPOLIS OPERADORA DE CINEMAS DO BRASIL LTDA;09.652.820/0001-32
30/09/2020;30/09/2020 15:00:00;THE GENTLEMEN;MAGNATAS DO CRIME;E2000005600000;DUBLADO;NÃO;ESTADOS UNIDOS;5006476;REDECINE SUMARE 05;0;6000014;5654;44547;SUMARÉ;SP;REDECINE-CPQ CINEMATOGRÁFICA LTDA;07.665.262/0001-14
30/09/2020;30/09/2020 15:00:00;THE SECRET: DARE TO DREAM;O SEGREDO: OUSE SONHAR;E2000080600000;DUBLADO;NÃO;ESTADOS UNIDOS;5003481;SALA CINEPOLIS BELA VISTA 09;3;6000024;17266;21610;SALVADOR;BA;CINEPOLIS OPERADORA DE CINEMAS DO BRASIL LTDA;09.652.820/0001-32
30/09/2020;30/09/2020 15:00:00;TURMA DA MÔNICA - LAÇOS;;B1900235500000;ORIGINAL;NÃO;BRASIL;5001083;UCI ORIENT SHOPPING DA BAHIA - SALA 11;2;6000060;2606;6586;SALVADOR;BA;UCI-ORIENT LTDA;01.562.356/0001-81
30/09/2020;30/09/2020 15:00:00;WONDER WOMAN;MULHER-MARAVILHA;E1700197900000;DUBLADO;NÃO;ESTADOS UNIDOS;5005428;UCI BRASIL - SHOPPING BOSQUE GRÃO PARÁ SALA 03;2;6000058;749;32026;BELÉM;PA;UNITED CINEMAS INTERNATIONAL BRASIL LTDA.;01.289.530/0001-64
30/09/2020;30/09/2020 15:00:01;FANTASY ISLAND;A ILHA DA FANTASIA;E1900579500000;DUBLADO;NÃO;ESTADOS UNIDOS;5002257;MOVIECOM PATIO BELÉM 2;6;6000100;2897;13915;BELÉM;PA;MOVIE CINEMAS LTDA;04.708.972/0001-96
30/09/2020;30/09/2020 15:00:01;NO GOGÓ DO PAULINHO;;B2000034100000;ORIGINAL;NÃO;BRASIL;5006073;CINE A ALTAMIRA SALA 03;2;6000008;28464;33426;ALTAMIRA;PA;CINE A MARABA LTDA;21.160.773/0001-05
30/09/2020;30/09/2020 15:05:00;ESCAPE FROM PRETORIA;FUGA DE PRETÓRIA;E2000249400000;ORIGINAL;SIM;ÁFRICA DO SUL;5004366;SALA CINEPOLIS PONTA NEGRA 03 VIP;0;6000024;17266;25193;MANAUS;AM;CINEPOLIS OPERADORA DE CINEMAS DO BRASIL LTDA;09.652.820/0001-32
30/09/2020;30/09/2020 15:10:00;SCOOB!;SCOOBY - O FILME;E2000026400000;DUBLADO;NÃO;ESTADOS UNIDOS;5002726;SALA CINE PLAYARTE MANAUARA 06;5;6000049;260;16356;MANAUS;AM;PLAYARTE CINEMAS LTDA.;60.434.149/0001-00
30/09/2020;30/09/2020 15:15:00;AOS OLHOS DE ERNESTO;;B1900448200000;DUBLADO;NÃO;BRASIL;5004189;CINEFLIX JK SHOPPING - SALA 6;0;6000014;24534;24535;BRASÍLIA;DF;REDECINE BSB CINEMATOGRÁFICA LTDA;18.087.870/0001-05
30/09/2020;30/09/2020 15:15:00;E.T. THE EXTRA-TERRESTRIAL;E.T. O EXTRATERRESTRE;E1402648300000;DUBLADO;NÃO;ESTADOS UNIDOS;5002928;SALA 05;2;6000024;17266;17729;SALVADOR;BA;CINEPOLIS OPERADORA DE CINEMAS DO BRASIL LTDA;09.652.820/0001-32
30/09/2020;30/09/2020 15:15:00;FANTASY ISLAND;A ILHA DA FANTASIA;E1900579500000;DUBLADO;NÃO;ESTADOS UNIDOS;5005149;CINÉPOLIS MILLENNIUM - SALA 1;6;6000024;17266;30116;MANAUS;AM;CINEPOLIS OPERADORA DE CINEMAS DO BRASIL LTDA;09.652.820/0001-32
30/09/2020;30/09/2020 15:15:00;FANTASY ISLAND;A ILHA DA FANTASIA;E1900579500000;DUBLADO;NÃO;ESTADOS UNIDOS;5003483;SALA PQ.BELEM 02;10;6000024;17266;21616;BELÉM;PA;CINEPOLIS OPERADORA DE CINEMAS DO BRASIL LTDA;09.652.820/0001-32
30/09/2020;30/09/2020 15:15:00;INSIDE OUT;DIVERTIDA MENTE;E1500351400000;DUBLADO;NÃO;ESTADOS UNIDOS;5005191;ATLÂNTICO;0;6000034;30170;30172;AQUIDAUANA;MS;ATLANTICO CINE LTDA - EPP;22.455.854/0001-03
30/09/2020;30/09/2020 15:15:00;INSIDE OUT;DIVERTIDA MENTE;E1500351400000;DUBLADO;NÃO;ESTADOS UNIDOS;5006546;PARAISO MEGA CENTER 5;3;6000045;5935;45579;VALPARAÍSO DE GOIÁS;GO;MULTICINE CINEMAS LTDA;07.609.246/0001-04
30/09/2020;30/09/2020 15:15:00;MINIONS;MINIONS;E1500311600000;DUBLADO;NÃO;ESTADOS UNIDOS;5004473;SALA CINEPOLIS NORTH SHOPPING JOQUEI 03;5;6000024;17266;25960;FORTALEZA;CE;CINEPOLIS OPERADORA DE CINEMAS DO BRASIL LTDA;09.652.820/0001-32
30/09/2020;30/09/2020 15:15:00;SPYCIES;AGENTES SELVAGENS;E2000250100000;DUBLADO;NÃO;CHINA;5005160;CINÉPOLIS MANAUS PLAZA - SALA 4;0;6000024;17266;30118;MANAUS;AM;CINEPOLIS OPERADORA DE CINEMAS DO BRASIL LTDA;09.652.820/0001-32
30/09/2020;30/09/2020 15:20:00;ATÉ QUE A SORTE NOS SEPARE;;B1201657700000;ORIGINAL;NÃO;BRASIL;5006387;GRUPOCINE VALINHOS 03;0;6000034;44276;44278;VALINHOS;SP;EMPRESA CINEMATOGRAFICA BOMBOCINE LTDA;21.298.337/0001-05
30/09/2020;30/09/2020 15:20:00;FANTASY ISLAND;A ILHA DA FANTASIA;E1900579500000;DUBLADO;NÃO;ESTADOS UNIDOS;5004186;CINEFLIX JK SHOPPING - SALA 3;2;6000014;24534;24535;BRASÍLIA;DF;REDECINE BSB CINEMATOGRÁFICA LTDA;18.087.870/0001-05
30/09/2020;30/09/2020 15:20:00;FANTASY ISLAND;A ILHA DA FANTASIA;E1900579500000;DUBLADO;NÃO;ESTADOS UNIDOS;5006474;REDECINE SUMARE 03;0;6000014;5654;44547;SUMARÉ;SP;REDECINE-CPQ CINEMATOGRÁFICA LTDA;07.665.262/0001-14
30/09/2020;30/09/2020 15:20:00;FANTASY ISLAND;A ILHA DA FANTASIA;E1900579500000;DUBLADO;NÃO;ESTADOS UNIDOS;5001081;UCI ORIENT SHOPPING DA BAHIA - SALA 09;25;6000060;2606;6586;SALVADOR;BA;UCI-ORIENT LTDA;01.562.356/0001-81
30/09/2020;30/09/2020 15:20:00;MINHA MÃE É UMA PEÇA;;B1301808100000;ORIGINAL;NÃO;BRASIL;5004587;UCI ORIENT SHOPPING BARRA SALA 5;0;6000060;2606;26893;SALVADOR;BA;UCI-ORIENT LTDA;01.562.356/0001-81
30/09/2020;30/09/2020 15:20:00;Mostras e Festivais;;G0000000000004;DUBLADO;NÃO;;5001503;MOVIECOM CASTANHEIRA 6;26;6000100;2897;2896;BELÉM;PA;MOVIE CINEMAS LTDA;04.708.972/0001-96
30/09/2020;30/09/2020 15:20:00;SCOOB!;SCOOBY - O FILME;E2000026400000;DUBLADO;NÃO;ESTADOS UNIDOS;5001149;CINE PORTO;0;;2351;2352;UBATUBA;SP;CINEMATOGRÁFICA LITORAL NORTE LTDA-EPP;04.165.613/0001-30
30/09/2020;30/09/2020 15:20:00;SCOOB!;SCOOBY - O FILME;E2000026400000;DUBLADO;NÃO;ESTADOS UNIDOS;5003589;JUNDIAI SHOPPING 02;13;6000024;17266;22674;JUNDIAÍ;SP;CINEPOLIS OPERADORA DE CINEMAS DO BRASIL LTDA;09.652.820/0001-32
30/09/2020;30/09/2020 15:20:00;SCOOB!;SCOOBY - O FILME;E2000026400000;DUBLADO;NÃO;ESTADOS UNIDOS;5001523;MOVIECOM BURITI 5;10;6000100;2897;2893;APARECIDA DE GOIÂNIA;GO;MOVIE CINEMAS LTDA;04.708.972/0001-96
30/09/2020;30/09/2020 15:20:00;SCOOB!;SCOOBY - O FILME;E2000026400000;DUBLADO;NÃO;ESTADOS UNIDOS;5006359;MULTICINE IANDE SHOPPING 4;0;6000045;5935;43968;CAUCAIA;CE;MULTICINE CINEMAS LTDA;07.609.246/0001-04
30/09/2020;30/09/2020 15:20:00;SCOOB!;SCOOBY - O FILME;E2000026400000;DUBLADO;NÃO;ESTADOS UNIDOS;5003473;SALA CINEPOLIS BELA VISTA 01;8;6000024;17266;21610;SALVADOR;BA;CINEPOLIS OPERADORA DE CINEMAS DO BRASIL LTDA;09.652.820/0001-32
30/09/2020;30/09/2020 15:20:00;SPYCIES;AGENTES SELVAGENS;E2000250100000;DUBLADO;NÃO;CHINA;5002677;ORIENT CINE PARALELA - SALA 02;4;6000060;2606;16207;SALVADOR;BA;UCI-ORIENT LTDA;01.562.356/0001-81
30/09/2020;30/09/2020 15:20:00;THE GENTLEMEN;MAGNATAS DO CRIME;E2000005600000;DUBLADO;NÃO;ESTADOS UNIDOS;5006345;CINE SÃO JOSÉ 01;0;;35523;43768;JEQUIÉ;BA;CINE SÃO JOSÉ ENTRETENIMENTO LTDA - ME;26.915.517/0001-02
30/09/2020;30/09/2020 15:20:00;THE INVISIBLE MAN;O HOMEM INVISÍVEL;E1900438600000;DUBLADO;NÃO;AUSTRÁLIA;5005328;UCI BRASIL - SUMAÚMA PARK SHOPPING MANAUS SALA 05;3;6000058;749;31265;MANAUS;AM;UNITED CINEMAS INTERNATIONAL BRASIL LTDA.;01.289.530/0001-64
30/09/2020;30/09/2020 15:20:00;THE SECRET: DARE TO DREAM;O SEGREDO: OUSE SONHAR;E2000080600000;DUBLADO;NÃO;ESTADOS UNIDOS;5000734;UCI - SHOPPING CENTER IGUATEMI FORTALEZA - SALA 03;6;6000059;2612;2616;FORTALEZA;CE;UCI RIBEIRO LTDA;02.117.937/0001-77
30/09/2020;30/09/2020 15:30:00;ESCAPE FROM PRETORIA;FUGA DE PRETÓRIA;E2000249400000;DUBLADO;NÃO;ÁFRICA DO SUL;5005319;CINEFLIX SHOPPING PRAÇA NOVA ARAÇATUBA - SALA 04;0;6000014;25182;31153;ARAÇATUBA;SP;REDECINE SUL CINEMAS LTDA.;18.672.374/0001-19
30/09/2020;30/09/2020 15:30:00;FANTASY ISLAND;A ILHA DA FANTASIA;E1900579500000;DUBLADO;NÃO;ESTADOS UNIDOS;5005806;CINEFLIX APARECIDA DE GOIANIA - SALA 2;0;6000014;24534;36838;APARECIDA DE GOIÂNIA;GO;REDECINE BSB CINEMATOGRÁFICA LTDA;18.087.870/0001-05
30/09/2020;30/09/2020 15:30:00;FANTASY ISLAND;A ILHA DA FANTASIA;E1900579500000;DUBLADO;NÃO;ESTADOS UNIDOS;5002721;SALA CINE PLAYARTE MANAUARA 01;7;6000049;260;16356;MANAUS;AM;PLAYARTE CINEMAS LTDA.;60.434.149/0001-00
30/09/2020;30/09/2020 15:30:00;HARRY POTTER AND THE SORCERER'S STONE;HARRY POTTER AND THE SORCERER'S STONE;E1900440700000;DUBLADO;NÃO;ESTADOS UNIDOS;5005426;UCI BRASIL - SHOPPING BOSQUE GRÃO PARÁ SALA 01;16;6000058;749;32026;BELÉM;PA;UNITED CINEMAS INTERNATIONAL BRASIL LTDA.;01.289.530/0001-64
30/09/2020;30/09/2020 15:30:00;Mostras e Festivais;;G0000000000004;ORIGINAL;SIM;;5005373;2120 CINEMARK MOGI DAS CRUZES SALA 02;4;6000018;1843;31561;MOGI DAS CRUZES;SP;CINEMARK BRASIL S.A;00.779.721/0001-41
30/09/2020;30/09/2020 15:30:00;SCOOB!;SCOOBY - O FILME;E2000026400000;DUBLADO;NÃO;ESTADOS UNIDOS;5001604;CINE 3 FERRY BOAT´S PLAZA 1;6;;5294;6684;GUARUJÁ;SP;SOBRAL EVENTOS E ENTRETENIMENTO LTDA;07.159.860/0001-11
30/09/2020;30/09/2020 15:30:00;SCOOB!;SCOOBY - O FILME;E2000026400000;DUBLADO;NÃO;ESTADOS UNIDOS;5005273;MULTICINE SANTA MARIA SALA 04;13;6000045;5935;30733;BRASÍLIA;DF;MULTICINE CINEMAS LTDA;07.609.246/0001-04
30/09/2020;30/09/2020 15:30:00;SPYCIES;AGENTES SELVAGENS;E2000250100000;DUBLADO;NÃO;CHINA;5005092;CINÉPOLIS SÃO GONÇALO SHOPPING - SALA 1;0;6000024;17266;30088;SÃO GONÇALO;RJ;CINEPOLIS OPERADORA DE CINEMAS DO BRASIL LTDA;09.652.820/0001-32
30/09/2020;30/09/2020 15:30:00;SPYCIES;AGENTES SELVAGENS;E2000250100000;DUBLADO;NÃO;CHINA;5002940;SALA 03;2;6000024;17266;17763;BELÉM;PA;CINEPOLIS OPERADORA DE CINEMAS DO BRASIL LTDA;09.652.820/0001-32
30/09/2020;30/09/2020 15:30:00;SPYCIES;AGENTES SELVAGENS;E2000250100000;DUBLADO;NÃO;CHINA;5004373;SALA CINEPOLIS PONTA NEGRA 10 TRADICIONAL;4;6000024;17266;25193;MANAUS;AM;CINEPOLIS OPERADORA DE CINEMAS DO BRASIL LTDA;09.652.820/0001-32
30/09/2020;30/09/2020 15:30:00;TURMA DA MÔNICA - LAÇOS;;B1900235500000;ORIGINAL;NÃO;BRASIL;5006386;GRUPOCINE VALINHOS 02;2;6000034;44276;44278;VALINHOS;SP;EMPRESA CINEMATOGRAFICA BOMBOCINE LTDA;21.298.337/0001-05
30/09/2020;30/09/2020 15:40:00;EL ROBO DEL SIGLO;O ROUBO DO SÉCULO;E2000030900000;ORIGINAL;SIM;ARGENTINA;5000316;SHOPPING IGUATEMI 2;1;6000018;1843;2538;CAMPINAS;SP;CINEMARK BRASIL S.A;00.779.721/0001-41
30/09/2020;30/09/2020 15:40:00;GRETEL & HANSEL (2020);MARIA E JOÃO - O CONTO DAS BRUXAS;E1900467000000;DUBLADO;NÃO;ESTADOS UNIDOS;5000742;UCI - SHOPPING CENTER IGUATEMI FORTALEZA - SALA 11;3;6000059;2612;2616;FORTALEZA;CE;UCI RIBEIRO LTDA;02.117.937/0001-77
30/09/2020;30/09/2020 15:40:00;INSIDE OUT;DIVERTIDA MENTE;E1500351400000;DUBLADO;NÃO;ESTADOS UNIDOS;5003283;MULTICINE JATAÍ 01;0;6000045;5935;19793;JATAÍ;GO;MULTICINE CINEMAS LTDA;07.609.246/0001-04
30/09/2020;30/09/2020 15:40:00;MINIONS;MINIONS;E1500311600000;DUBLADO;NÃO;ESTADOS UNIDOS;5002679;ORIENT CINE PARALELA - SALA 05;9;6000060;2606;16207;SALVADOR;BA;UCI-ORIENT LTDA;01.562.356/0001-81
30/09/2020;30/09/2020 15:40:00;MINIONS;MINIONS;E1500311600000;DUBLADO;NÃO;ESTADOS UNIDOS;5001075;UCI ORIENT SHOPPING DA BAHIA - SALA 03;7;6000060;2606;6586;SALVADOR;BA;UCI-ORIENT LTDA;01.562.356/0001-81
30/09/2020;30/09/2020 15:40:00;Mostras e Festivais;;G0000000000004;DUBLADO;NÃO;;5005632;CINEMARK FOZ DO IGUAÇU SALA 03;1;6000018;1843;33653;FOZ DO IGUAÇU;PR;CINEMARK BRASIL S.A;00.779.721/0001-41
30/09/2020;30/09/2020 15:40:00;Mostras e Festivais;;G0000000000004;DUBLADO;NÃO;;5001521;MOVIECOM BURITI 3;5;6000100;2897;2893;APARECIDA DE GOIÂNIA;GO;MOVIE CINEMAS LTDA;04.708.972/0001-96
30/09/2020;30/09/2020 15:40:00;Mostras e Festivais;;G0000000000004;DUBLADO;NÃO;;5002253;MOVIECOM PATIO BELÉM 4;8;6000100;2897;13915;BELÉM;PA;MOVIE CINEMAS LTDA;04.708.972/0001-96
30/09/2020;30/09/2020 15:40:00;SCOOB!;SCOOBY - O FILME;E2000026400000;DUBLADO;NÃO;ESTADOS UNIDOS;5006346;CINE SÃO JOSÉ 02;0;;35523;43768;JEQUIÉ;BA;CINE SÃO JOSÉ ENTRETENIMENTO LTDA - ME;26.915.517/0001-02
30/09/2020;30/09/2020 15:40:00;SCOOB!;SCOOBY - O FILME;E2000026400000;DUBLADO;NÃO;ESTADOS UNIDOS;5000924;MOVIECOM TIVOLI 2;18;6000100;2914;2917;SANTA BÁRBARA D'OESTE;SP;CINEMATOGRÁFICA PASSOS LTDA;01.688.909/0001-47
30/09/2020;30/09/2020 15:40:00;SCOOB!;SCOOBY - O FILME;E2000026400000;DUBLADO;NÃO;ESTADOS UNIDOS;5003094;TOPAZIO POLO SHOPPING 1;0;6000057;2968;19182;INDAIATUBA;SP;LUI CINEMATOGRÁFICA LTDA.;71.912.711/0001-80
30/09/2020;30/09/2020 15:40:00;SPYCIES;AGENTES SELVAGENS;E2000250100000;DUBLADO;NÃO;CHINA;5004584;UCI ORIENT SHOPPING BARRA SALA 2;2;6000060;2606;26893;SALVADOR;BA;UCI-ORIENT LTDA;01.562.356/0001-81
30/09/2020;30/09/2020 15:40:00;THE GENTLEMEN;MAGNATAS DO CRIME;E2000005600000;DUBLADO;NÃO;ESTADOS UNIDOS;5003479;SALA CINEPOLIS BELA VISTA 07;0;6000024;17266;21610;SALVADOR;BA;CINEPOLIS OPERADORA DE CINEMAS DO BRASIL LTDA;09.652.820/0001-32
30/09/2020;30/09/2020 15:40:00;THE SECRET: DARE TO DREAM;O SEGREDO: OUSE SONHAR;E2000080600000;DUBLADO;NÃO;ESTADOS UNIDOS;5001502;MOVIECOM CASTANHEIRA 5;4;6000100;2897;2896;BELÉM;PA;MOVIE CINEMAS LTDA;04.708.972/0001-96
30/09/2020;30/09/2020 15:40:00;WONDER WOMAN;MULHER-MARAVILHA;E1700197900000;DUBLADO;NÃO;ESTADOS UNIDOS;5005331;UCI BRASIL - SUMAÚMA PARK SHOPPING MANAUS SALA 08;4;6000058;749;31265;MANAUS;AM;UNITED CINEMAS INTERNATIONAL BRASIL LTDA.;01.289.530/0001-64
30/09/2020;30/09/2020 15:45:00;E.T. THE EXTRA-TERRESTRIAL;E.T. O EXTRATERRESTRE;E1402648300000;DUBLADO;NÃO;ESTADOS UNIDOS;5001606;CINE 3 FERRY BOAT´S PLAZA 3;0;;5294;6684;GUARUJÁ;SP;SOBRAL EVENTOS E ENTRETENIMENTO LTDA;07.159.860/0001-11
30/09/2020;30/09/2020 15:45:00;MINIONS;MINIONS;E1500311600000;DUBLADO;NÃO;ESTADOS UNIDOS;5006385;GRUPOCINE VALINHOS 01;0;6000034;44276;44278;VALINHOS;SP;EMPRESA CINEMATOGRAFICA BOMBOCINE LTDA;21.298.337/0001-05
30/09/2020;30/09/2020 15:45:00;QUEEN OF SPADES: THROUGH THE LOOKING GLASS;A MALDIÇÃO DO ESPELHO;E1900574500000;DUBLADO;NÃO;RÚSSIA;5005696;CINEPOLIS RIOMAR KENNEDY - SALA 05;4;6000024;17266;34309;FORTALEZA;CE;CINEPOLIS OPERADORA DE CINEMAS DO BRASIL LTDA;09.652.820/0001-32
30/09/2020;30/09/2020 15:45:00;QUEEN OF SPADES: THROUGH THE LOOKING GLASS;A MALDIÇÃO DO ESPELHO;E1900574500000;DUBLADO;NÃO;RÚSSIA;5005103;CINÉPOLIS CAMPINAS SHOPPING - SALA 4;4;6000024;17266;30090;CAMPINAS;SP;CINEPOLIS OPERADORA DE CINEMAS DO BRASIL LTDA;09.652.820/0001-32
30/09/2020;30/09/2020 15:45:00;SCOOB!;SCOOBY - O FILME;E2000026400000;DUBLADO;NÃO;ESTADOS UNIDOS;5006416;GRUPOCINE MARANGUAPE 03;1;6000034;44276;44288;MARANGUAPE;CE;EMPRESA CINEMATOGRAFICA BOMBOCINE LTDA;21.298.337/0001-05
30/09/2020;30/09/2020 15:45:00;SCOOB!;SCOOBY - O FILME;E2000026400000;DUBLADO;NÃO;ESTADOS UNIDOS;5004471;SALA CINEPOLIS NORTH SHOPPING JOQUEI 01;9;6000024;17266;25960;FORTALEZA;CE;CINEPOLIS OPERADORA DE CINEMAS DO BRASIL LTDA;09.652.820/0001-32
30/09/2020;30/09/2020 15:45:00;SPYCIES;AGENTES SELVAGENS;E2000250100000;DUBLADO;NÃO;CHINA;5004188;CINEFLIX JK SHOPPING - SALA 5;3;6000014;24534;24535;BRASÍLIA;DF;REDECINE BSB CINEMATOGRÁFICA LTDA;18.087.870/0001-05
30/09/2020;30/09/2020 15:45:00;SPYCIES;AGENTES SELVAGENS;E2000250100000;DUBLADO;NÃO;CHINA;5006462;GRUPOCINE EUSÉBIO 02;3;6000034;44276;44457;EUSÉBIO;CE;EMPRESA CINEMATOGRAFICA BOMBOCINE LTDA;21.298.337/0001-05
30/09/2020;30/09/2020 15:45:00;SPYCIES;AGENTES SELVAGENS;E2000250100000;DUBLADO;NÃO;CHINA;5006358;MULTICINE IANDE SHOPPING 3;0;6000045;5935;43968;CAUCAIA;CE;MULTICINE CINEMAS LTDA;07.609.246/0001-04
30/09/2020;30/09/2020 15:45:00;WONDER WOMAN;MULHER-MARAVILHA;E1700197900000;DUBLADO;NÃO;ESTADOS UNIDOS;5006347;REDECINE PINDAMONHANGABA 01;0;6000034;43781;43782;PINDAMONHANGABA;SP;REDECINE PINDAMONHANGABA CINEMAS LTDA;34.408.375/0001-07
30/09/2020;30/09/2020 15:50:00;FANTASY ISLAND;A ILHA DA FANTASIA;E1900579500000;DUBLADO;NÃO;ESTADOS UNIDOS;5004187;CINEFLIX JK SHOPPING - SALA 4;2;6000014;24534;24535;BRASÍLIA;DF;REDECINE BSB CINEMATOGRÁFICA LTDA;18.087.870/0001-05
30/09/2020;30/09/2020 15:50:00;FANTASY ISLAND;A ILHA DA FANTASIA;E1900579500000;DUBLADO;NÃO;ESTADOS UNIDOS;5005317;CINEFLIX SHOPPING PRAÇA NOVA ARAÇATUBA - SALA 02;1;6000014;25182;31153;ARAÇATUBA;SP;REDECINE SUL CINEMAS LTDA.;18.672.374/0001-19
30/09/2020;30/09/2020 15:50:00;FANTASY ISLAND;A ILHA DA FANTASIA;E1900579500000;DUBLADO;NÃO;ESTADOS UNIDOS;5006472;REDECINE SUMARE 01;0;6000014;5654;44547;SUMARÉ;SP;REDECINE-CPQ CINEMATOGRÁFICA LTDA;07.665.262/0001-14
30/09/2020;30/09/2020 15:50:00;QUEEN OF SPADES: THROUGH THE LOOKING GLASS;A MALDIÇÃO DO ESPELHO;E1900574500000;DUBLADO;NÃO;RÚSSIA;5000317;SHOPPING IGUATEMI 3;0;6000018;1843;2538;CAMPINAS;SP;CINEMARK BRASIL S.A;00.779.721/0001-41
30/09/2020;30/09/2020 15:50:00;SCOOB!;SCOOBY - O FILME;E2000026400000;DUBLADO;NÃO;ESTADOS UNIDOS;5002564;CINE CATARATAS 1;10;;15565;15566;FOZ DO IGUAÇU;PR;CINE CATARATAS LTDA;09.010.219/0001-46
30/09/2020;30/09/2020 15:50:00;SCOOB!;SCOOBY - O FILME;E2000026400000;DUBLADO;NÃO;ESTADOS UNIDOS;5006475;REDECINE SUMARE 04;6;6000014;5654;44547;SUMARÉ;SP;REDECINE-CPQ CINEMATOGRÁFICA LTDA;07.665.262/0001-14
30/09/2020;30/09/2020 15:50:00;THE GENTLEMEN;MAGNATAS DO CRIME;E2000005600000;DUBLADO;NÃO;ESTADOS UNIDOS;5004881;CIRCUITO CINEMAS PBAS- SALA 03;1;6000028;15568;27873;PARAUAPEBAS;PA;CIRCUITO ENTRETENIMENTO E CINEMAS LTDA;08.068.712/0001-54
30/09/2020;30/09/2020 15:50:00;THE GENTLEMEN;MAGNATAS DO CRIME;E2000005600000;DUBLADO;NÃO;ESTADOS UNIDOS;5006423;GRUPOCINE ITAPECERICA 03;0;6000034;44276;44290;ITAPECERICA DA SERRA;SP;EMPRESA CINEMATOGRAFICA BOMBOCINE LTDA;21.298.337/0001-05
30/09/2020;30/09/2020 15:55:00;FANTASY ISLAND;A ILHA DA FANTASIA;E1900579500000;DUBLADO;NÃO;ESTADOS UNIDOS;5006545;PARAISO MEGA CENTER 4;4;6000045;5935;45579;VALPARAÍSO DE GOIÁS;GO;MULTICINE CINEMAS LTDA;07.609.246/0001-04
30/09/2020;30/09/2020 15:55:00;SPYCIES;AGENTES SELVAGENS;E2000250100000;DUBLADO;NÃO;CHINA;5005304;CINEFLIX VÁRZEA GRANDE SHOPPING - SALA 1;5;6000014;24534;31101;VÁRZEA GRANDE;MT;REDECINE BSB CINEMATOGRÁFICA LTDA;18.087.870/0001-05
30/09/2020;30/09/2020 16:00:00;BAD BOYS FOR LIFE;BAD BOYS PARA SEMPRE;E1900525600000;ORIGINAL;SIM;ESTADOS UNIDOS;5005340;SHOPPING IGUATEMI 10;2;6000018;1843;2538;CAMPINAS;SP;CINEMARK BRASIL S.A;00.779.721/0001-41
30/09/2020;30/09/2020 16:00:00;EL ROBO DEL SIGLO;O ROUBO DO SÉCULO;E2000030900000;ORIGINAL;SIM;ARGENTINA;5004590;UCI ORIENT SHOPPING BARRA SALA 8;1;6000060;2606;26893;SALVADOR;BA;UCI-ORIENT LTDA;01.562.356/0001-81
30/09/2020;30/09/2020 16:00:00;FANTASY ISLAND;A ILHA DA FANTASIA;E1900579500000;DUBLADO;NÃO;ESTADOS UNIDOS;5005805;CINEFLIX APARECIDA DE GOIANIA - SALA 1;6;6000014;24534;36838;APARECIDA DE GOIÂNIA;GO;REDECINE BSB CINEMATOGRÁFICA LTDA;18.087.870/0001-05
30/09/2020;30/09/2020 16:00:00;FANTASY ISLAND;A ILHA DA FANTASIA;E1900579500000;DUBLADO;NÃO;ESTADOS UNIDOS;5005308;CINEFLIX VÁRZEA GRANDE SHOPPING - SALA 5;0;6000014;24534;31101;VÁRZEA GRANDE;MT;REDECINE BSB CINEMATOGRÁFICA LTDA;18.087.870/0001-05
30/09/2020;30/09/2020 16:00:00;FANTASY ISLAND;A ILHA DA FANTASIA;E1900579500000;DUBLADO;NÃO;ESTADOS UNIDOS;5001620;CINEMARK JACAREI 1;0;6000018;5130;6664;JACAREÍ;SP;CINE PRIME CINEMA LTDA;05.897.142/0001-17
30/09/2020;30/09/2020 16:00:00;FANTASY ISLAND;A ILHA DA FANTASIA;E1900579500000;DUBLADO;NÃO;ESTADOS UNIDOS;5006422;GRUPOCINE ITAPECERICA 02;1;6000034;44276;44290;ITAPECERICA DA SERRA;SP;EMPRESA CINEMATOGRAFICA BOMBOCINE LTDA;21.298.337/0001-05
30/09/2020;30/09/2020 16:00:00;FANTASY ISLAND;A ILHA DA FANTASIA;E1900579500000;DUBLADO;NÃO;ESTADOS UNIDOS;5006414;GRUPOCINE MARANGUAPE 01;7;6000034;44276;44288;MARANGUAPE;CE;EMPRESA CINEMATOGRAFICA BOMBOCINE LTDA;21.298.337/0001-05
30/09/2020;30/09/2020 16:00:00;FANTASY ISLAND;A ILHA DA FANTASIA;E1900579500000;DUBLADO;NÃO;ESTADOS UNIDOS;5004436;MOVIECOM PÁTIO MARABÁ 4;6;6000100;2897;25394;MARABÁ;PA;MOVIE CINEMAS LTDA;04.708.972/0001-96
30/09/2020;30/09/2020 16:00:00;FANTASY ISLAND;A ILHA DA FANTASIA;E1900579500000;DUBLADO;NÃO;ESTADOS UNIDOS;5005275;MULTICINE SANTA MARIA SALA 06;10;6000045;5935;30733;BRASÍLIA;DF;MULTICINE CINEMAS LTDA;07.609.246/0001-04
30/09/2020;30/09/2020 16:00:00;FANTASY ISLAND;A ILHA DA FANTASIA;E1900579500000;DUBLADO;NÃO;ESTADOS UNIDOS;5004472;SALA CINEPOLIS NORTH SHOPPING JOQUEI 02;5;6000024;17266;25960;FORTALEZA;CE;CINEPOLIS OPERADORA DE CINEMAS DO BRASIL LTDA;09.652.820/0001-32
30/09/2020;30/09/2020 16:00:00;HARRY POTTER AND THE PHILOSOPHER'S STONE;HARRY POTTER E A PEDRA FILOSOFAL;E1500138600000;DUBLADO;NÃO;ESTADOS UNIDOS;5006204;CINE A ITAJUBA 01;2;6000008;15833;41725;ITAJUBÁ;MG;CINE A LTDA;10.894.937/0001-01
30/09/2020;30/09/2020 16:00:00;HARRY POTTER AND THE PHILOSOPHER'S STONE;HARRY POTTER E A PEDRA FILOSOFAL;E1500138600000;DUBLADO;NÃO;ESTADOS UNIDOS;5005287;CINE A MARABÁ SALA 01;0;6000008;28464;28466;MARABÁ;PA;CINE A MARABA LTDA;21.160.773/0001-05
30/09/2020;30/09/2020 16:00:00;HARRY POTTER AND THE PHILOSOPHER'S STONE;HARRY POTTER E A PEDRA FILOSOFAL;E1500138600000;DUBLADO;NÃO;ESTADOS UNIDOS;5006081;CINE IMPERIAL 01;2;;40730;40731;SALVADOR;BA;RG PALMA EXIBICAO CINEMATOGRAFICA LTDA;31.159.134/0001-83
30/09/2020;30/09/2020 16:00:00;HARRY POTTER AND THE SORCERER'S STONE;HARRY POTTER AND THE SORCERER'S STONE;E1900440700000;DUBLADO;NÃO;ESTADOS UNIDOS;5002681;ORIENT CINE PARELELA - SALA 06;3;6000060;2606;16207;SALVADOR;BA;UCI-ORIENT LTDA;01.562.356/0001-81
30/09/2020;30/09/2020 16:00:00;HARRY POTTER AND THE SORCERER'S STONE;HARRY POTTER AND THE SORCERER'S STONE;E1900440700000;DUBLADO;NÃO;ESTADOS UNIDOS;5005329;UCI BRASIL - SUMAÚMA PARK SHOPPING MANAUS SALA 06;6;6000058;749;31265;MANAUS;AM;UNITED CINEMAS INTERNATIONAL BRASIL LTDA.;01.289.530/0001-64
30/09/2020;30/09/2020 16:00:00;HARRY POTTER AND THE SORCERER'S STONE;HARRY POTTER AND THE SORCERER'S STONE;E1900440700000;DUBLADO;NÃO;ESTADOS UNIDOS;5001074;UCI ORIENT SHOPPING DA BAHIA - SALA 02;8;6000060;2606;6586;SALVADOR;BA;UCI-ORIENT LTDA;01.562.356/0001-81
30/09/2020;30/09/2020 16:00:00;MINIONS;MINIONS;E1500311600000;DUBLADO;NÃO;ESTADOS UNIDOS;5006395;GRUPOCINE FERNANDÓPOLIS 01;7;6000034;44276;44281;FERNANDÓPOLIS;SP;EMPRESA CINEMATOGRAFICA BOMBOCINE LTDA;21.298.337/0001-05
30/09/2020;30/09/2020 16:00:00;Mostras e Festivais;;G0000000000004;DUBLADO;NÃO;;5005375;2120 CINEMARK MOGI DAS CRUZES SALA 04;5;6000018;1843;31561;MOGI DAS CRUZES;SP;CINEMARK BRASIL S.A;00.779.721/0001-41
30/09/2020;30/09/2020 16:00:00;Mostras e Festivais;;G0000000000004;ORIGINAL;SIM;;5000318;SHOPPING IGUATEMI 4;6;6000018;1843;2538;CAMPINAS;SP;CINEMARK BRASIL S.A;00.779.721/0001-41
30/09/2020;30/09/2020 16:00:00;SCOOB!;SCOOBY - O FILME;E2000026400000;DUBLADO;NÃO;ESTADOS UNIDOS;5005928;CENTERPLEX GRANDE CIRCULAR 05;11;6000006;38234;38235;MANAUS;AM;CINE ELI AMAZONAS CINEMAS LTDA - EM RECUPERAÇÃO JUDICIAL;28.619.116/0001-22
30/09/2020;30/09/2020 16:00:00;SCOOB!;SCOOBY - O FILME;E2000026400000;DUBLADO;NÃO;ESTADOS UNIDOS;5002828;CENTERPLEX MARACANAU SALA 02;13;6000006;16321;16969;MARACANAÚ;CE;EMPRESA DE CINEMAS FORTALEZA LTDA;10.785.710/0001-28
30/09/2020;30/09/2020 16:00:00;SCOOB!;SCOOBY - O FILME;E2000026400000;DUBLADO;NÃO;ESTADOS UNIDOS;5002823;CENTERPLEX VIA SUL SHOPPING 2;8;6000006;16321;16322;FORTALEZA;CE;EMPRESA DE CINEMAS FORTALEZA LTDA;10.785.710/0001-28
30/09/2020;30/09/2020 16:00:00;SCOOB!;SCOOBY - O FILME;E2000026400000;DUBLADO;NÃO;ESTADOS UNIDOS;5005151;CINÉPOLIS MILLENNIUM - SALA 3;0;6000024;17266;30116;MANAUS;AM;CINEPOLIS OPERADORA DE CINEMAS DO BRASIL LTDA;09.652.820/0001-32
30/09/2020;30/09/2020 16:00:00;SCOOB!;SCOOBY - O FILME;E2000026400000;DUBLADO;NÃO;ESTADOS UNIDOS;5004880;CIRCUITO CINEMAS PBAS- SALA 02;4;6000028;15568;27873;PARAUAPEBAS;PA;CIRCUITO ENTRETENIMENTO E CINEMAS LTDA;08.068.712/0001-54
30/09/2020;30/09/2020 16:00:00;SCOOB!;SCOOBY - O FILME;E2000026400000;DUBLADO;NÃO;ESTADOS UNIDOS;5004369;SALA CINEPOLIS PONTA NEGRA 06 TRADICIONAL;0;6000024;17266;25193;MANAUS;AM;CINEPOLIS OPERADORA DE CINEMAS DO BRASIL LTDA;09.652.820/0001-32
30/09/2020;30/09/2020 16:00:00;SCOOB!;SCOOBY - O FILME;E2000026400000;DUBLADO;NÃO;ESTADOS UNIDOS;5003485;SALA PQ.BELEM 04;20;6000024;17266;21616;BELÉM;PA;CINEPOLIS OPERADORA DE CINEMAS DO BRASIL LTDA;09.652.820/0001-32
30/09/2020;30/09/2020 16:00:00;SONIC THE HEDGEHOG;SONIC - O FILME;E2000012200000;DUBLADO;NÃO;CANADÁ;5006257;CIRCUITO PONTA PORA 01;3;6000028;15568;42557;PONTA PORÃ;MS;CIRCUITO ENTRETENIMENTO E CINEMAS LTDA;08.068.712/0001-54
30/09/2020;30/09/2020 16:00:00;SPYCIES;AGENTES SELVAGENS;E2000250100000;DUBLADO;NÃO;CHINA;5006411;GRUPOCINE ITAPETININGA 03;0;6000034;44276;44287;ITAPETININGA;SP;EMPRESA CINEMATOGRAFICA BOMBOCINE LTDA;21.298.337/0001-05
30/09/2020;30/09/2020 16:00:00;SPYCIES;AGENTES SELVAGENS;E2000250100000;DUBLADO;NÃO;CHINA;5006349;REDECINE PINDAMONHANGABA 03;0;6000034;43781;43782;PINDAMONHANGABA;SP;REDECINE PINDAMONHANGABA CINEMAS LTDA;34.408.375/0001-07
30/09/2020;30/09/2020 16:00:00;THE GENTLEMEN;MAGNATAS DO CRIME;E2000005600000;DUBLADO;NÃO;ESTADOS UNIDOS;5005367;CIRCUITO CINEMAS - PNP SALA 04;0;6000028;15568;31541;PENÁPOLIS;SP;CIRCUITO ENTRETENIMENTO E CINEMAS LTDA;08.068.712/0001-54
30/09/2020;30/09/2020 16:00:00;THE GENTLEMEN;MAGNATAS DO CRIME;E2000005600000;DUBLADO;NÃO;ESTADOS UNIDOS;5001495;MOVIECOM CASTANHEIRA 1;6;6000100;2897;2896;BELÉM;PA;MOVIE CINEMAS LTDA;04.708.972/0001-96
30/09/2020;30/09/2020 16:00:00;THE GENTLEMEN;MAGNATAS DO CRIME;E2000005600000;DUBLADO;NÃO;ESTADOS UNIDOS;5000741;UCI - SHOPPING CENTER IGUATEMI FORTALEZA - SALA 10;10;6000059;2612;2616;FORTALEZA;CE;UCI RIBEIRO LTDA;02.117.937/0001-77
30/09/2020;30/09/2020 16:00:00;THE GENTLEMEN;MAGNATAS DO CRIME;E2000005600000;DUBLADO;NÃO;ESTADOS UNIDOS;5005431;UCI BRASIL - SHOPPING BOSQUE GRÃO PARÁ SALA 06;4;6000058;749;32026;BELÉM;PA;UNITED CINEMAS INTERNATIONAL BRASIL LTDA.;01.289.530/0001-64
30/09/2020;30/09/2020 16:00:00;TURMA DA MÔNICA - LAÇOS;;B1900235500000;ORIGINAL;NÃO;BRASIL;5001605;CINE 3 FERRY BOAT´S PLAZA 2;4;;5294;6684;GUARUJÁ;SP;SOBRAL EVENTOS E ENTRETENIMENTO LTDA;07.159.860/0001-11
30/09/2020;30/09/2020 16:00:00;WONDER WOMAN;MULHER-MARAVILHA;E1700197900000;DUBLADO;NÃO;ESTADOS UNIDOS;5002256;MOVIECOM PATIO BELÉM 3;10;6000100;2897;13915;BELÉM;PA;MOVIE CINEMAS LTDA;04.708.972/0001-96
30/09/2020;30/09/2020 16:00:00;WONDER WOMAN;MULHER-MARAVILHA;E1700197900000;DUBLADO;NÃO;ESTADOS UNIDOS;5004815;UCI BRASIL SHOPPING PARANGABA SALA 03;2;6000058;749;27591;FORTALEZA;CE;UNITED CINEMAS INTERNATIONAL BRASIL LTDA.;01.289.530/0001-64
30/09/2020;30/09/2020 16:00:01;SCOOB!;SCOOBY - O FILME;E2000026400000;DUBLADO;NÃO;ESTADOS UNIDOS;5005709;CENTERPLEX GRAND SHOPPING MESSEJANA SALA 04;9;6000006;16321;34486;FORTALEZA;CE;EMPRESA DE CINEMAS FORTALEZA LTDA;10.785.710/0001-28
30/09/2020;30/09/2020 16:05:00;SCOOB!;SCOOBY - O FILME;E2000026400000;DUBLADO;NÃO;ESTADOS UNIDOS;5005306;CINEFLIX VÁRZEA GRANDE SHOPPING - SALA 3;7;6000014;24534;31101;VÁRZEA GRANDE;MT;REDECINE BSB CINEMATOGRÁFICA LTDA;18.087.870/0001-05
30/09/2020;30/09/2020 16:10:00;FANTASY ISLAND;A ILHA DA FANTASIA;E1900579500000;DUBLADO;NÃO;ESTADOS UNIDOS;5006493;CINE INTER SANTA INES 01;3;6000140;44834;44835;SANTA INÊS;MA;CINEINTER EXIBICOES CINEMATOGRAFICAS LTDA;35.477.354/0001-06
30/09/2020;30/09/2020 16:10:00;FANTASY ISLAND;A ILHA DA FANTASIA;E1900579500000;DUBLADO;NÃO;ESTADOS UNIDOS;5006463;GRUPOCINE EUSÉBIO 03;2;6000034;44276;44457;EUSÉBIO;CE;EMPRESA CINEMATOGRAFICA BOMBOCINE LTDA;21.298.337/0001-05
30/09/2020;30/09/2020 16:10:00;FANTASY ISLAND;A ILHA DA FANTASIA;E1900579500000;DUBLADO;NÃO;ESTADOS UNIDOS;5006410;GRUPOCINE ITAPETININGA 02;3;6000034;44276;44287;ITAPETININGA;SP;EMPRESA CINEMATOGRAFICA BOMBOCINE LTDA;21.298.337/0001-05
30/09/2020;30/09/2020 16:10:00;FANTASY ISLAND;A ILHA DA FANTASIA;E1900579500000;DUBLADO;NÃO;ESTADOS UNIDOS;5003284;MULTICINE JATAÍ 02;0;6000045;5935;19793;JATAÍ;GO;MULTICINE CINEMAS LTDA;07.609.246/0001-04
30/09/2020;30/09/2020 16:10:00;FIVE FEET APART;A CINCO PASSOS DE VOCÊ;E1900025700000;DUBLADO;NÃO;ESTADOS UNIDOS;5002720;SALA CINE PLAYARTE MANAUARA 09;2;6000049;260;16356;MANAUS;AM;PLAYARTE CINEMAS LTDA.;60.434.149/0001-00
30/09/2020;30/09/2020 16:10:00;QUEEN OF SPADES: THROUGH THE LOOKING GLASS;A MALDIÇÃO DO ESPELHO;E1900574500000;DUBLADO;NÃO;RÚSSIA;5005372;2120 CINEMARK MOGI DAS CRUZES SALA 01;13;6000018;1843;31561;MOGI DAS CRUZES;SP;CINEMARK BRASIL S.A;00.779.721/0001-41
30/09/2020;30/09/2020 16:10:00;QUEEN OF SPADES: THROUGH THE LOOKING GLASS;A MALDIÇÃO DO ESPELHO;E1900574500000;DUBLADO;NÃO;RÚSSIA;5004184;CINEFLIX JK SHOPPING - SALA 1;0;6000014;24534;24535;BRASÍLIA;DF;REDECINE BSB CINEMATOGRÁFICA LTDA;18.087.870/0001-05
30/09/2020;30/09/2020 16:10:00;SCOOB!;SCOOBY - O FILME;E2000026400000;DUBLADO;NÃO;ESTADOS UNIDOS;5005318;CINEFLIX SHOPPING PRAÇA NOVA ARAÇATUBA - SALA 03;5;6000014;25182;31153;ARAÇATUBA;SP;REDECINE SUL CINEMAS LTDA.;18.672.374/0001-19
30/09/2020;30/09/2020 16:10:00;SPYCIES;AGENTES SELVAGENS;E2000250100000;DUBLADO;NÃO;CHINA;5005807;CINEFLIX APARECIDA DE GOIANIA - SALA 3;4;6000014;24534;36838;APARECIDA DE GOIÂNIA;GO;REDECINE BSB CINEMATOGRÁFICA LTDA;18.087.870/0001-05
30/09/2020;30/09/2020 16:10:00;SPYCIES;AGENTES SELVAGENS;E2000250100000;DUBLADO;NÃO;CHINA;5006473;REDECINE SUMARE 02;0;6000014;5654;44547;SUMARÉ;SP;REDECINE-CPQ CINEMATOGRÁFICA LTDA;07.665.262/0001-14
30/09/2020;30/09/2020 16:15:00;EL ROBO DEL SIGLO;O ROUBO DO SÉCULO;E2000030900000;ORIGINAL;SIM;ARGENTINA;5005630;CINEMARK FOZ DO IGUAÇU SALA 01;2;6000018;1843;33653;FOZ DO IGUAÇU;PR;CINEMARK BRASIL S.A;00.779.721/0001-41
30/09/2020;30/09/2020 16:15:00;FANTASY ISLAND;A ILHA DA FANTASIA;E1900579500000;DUBLADO;NÃO;ESTADOS UNIDOS;5005751;CINE WEST SALA 03;5;;14882;14883;CASCAVEL;PR;WEST SIDE SHOPPING CENTER LTDA;68.761.170/0001-22
30/09/2020;30/09/2020 16:15:00;MINIONS;MINIONS;E1500311600000;DUBLADO;NÃO;ESTADOS UNIDOS;5001806;SALA CINE 14 BIS;4;;5822;6623;GUAXUPÉ;MG;GUAXUPE PROMOCOES E EVENTOS LTDA;03.929.354/0001-03
30/09/2020;30/09/2020 16:15:00;Mostras e Festivais;;G0000000000004;ORIGINAL;SIM;;5000315;SHOPPING IGUATEMI 1;7;6000018;1843;2538;CAMPINAS;SP;CINEMARK BRASIL S.A;00.779.721/0001-41
30/09/2020;30/09/2020 16:15:00;ONWARD;DOIS IRMÃOS: UMA JORNADA FANTÁSTICA;E1900366400000;DUBLADO;NÃO;ESTADOS UNIDOS;5006260;CIRCUITO PONTA PORA 04;1;6000028;15568;42557;PONTA PORÃ;MS;CIRCUITO ENTRETENIMENTO E CINEMAS LTDA;08.068.712/0001-54
30/09/2020;30/09/2020 16:15:00;QUEEN OF SPADES: THROUGH THE LOOKING GLASS;A MALDIÇÃO DO ESPELHO;E1900574500000;DUBLADO;NÃO;RÚSSIA;5005099;CINÉPOLIS SÃO GONÇALO SHOPPING - SALA 8;9;6000024;17266;30088;SÃO GONÇALO;RJ;CINEPOLIS OPERADORA DE CINEMAS DO BRASIL LTDA;09.652.820/0001-32
30/09/2020;30/09/2020 16:15:00;QUEEN OF SPADES: THROUGH THE LOOKING GLASS;A MALDIÇÃO DO ESPELHO;E1900574500000;DUBLADO;NÃO;RÚSSIA;5002937;SALA 06;0;6000024;17266;17763;BELÉM;PA;CINEPOLIS OPERADORA DE CINEMAS DO BRASIL LTDA;09.652.820/0001-32
30/09/2020;30/09/2020 16:15:00;SCOOB!;SCOOBY - O FILME;E2000026400000;DUBLADO;NÃO;ESTADOS UNIDOS;5005365;CIRCUITO CINEMAS - PNP SALA 02;0;6000028;15568;31541;PENÁPOLIS;SP;CIRCUITO ENTRETENIMENTO E CINEMAS LTDA;08.068.712/0001-54
30/09/2020;30/09/2020 16:15:00;THE SECRET: DARE TO DREAM;O SEGREDO: OUSE SONHAR;E2000080600000;DUBLADO;NÃO;ESTADOS UNIDOS;5005154;CINÉPOLIS MILLENNIUM - SALA 6;2;6000024;17266;30116;MANAUS;AM;CINEPOLIS OPERADORA DE CINEMAS DO BRASIL LTDA;09.652.820/0001-32
30/09/2020;30/09/2020 16:20:00;ESCAPE FROM PRETORIA;FUGA DE PRETÓRIA;E2000249400000;ORIGINAL;SIM;ÁFRICA DO SUL;5003475;SALA CINEPOLIS BELA VISTA 03;3;6000024;17266;21610;SALVADOR;BA;CINEPOLIS OPERADORA DE CINEMAS DO BRASIL LTDA;09.652.820/0001-32
30/09/2020;30/09/2020 16:20:00;FANTASY ISLAND;A ILHA DA FANTASIA;E1900579500000;DUBLADO;NÃO;ESTADOS UNIDOS;5005316;CINEFLIX SHOPPING PRAÇA NOVA ARAÇATUBA - SALA 01;3;6000014;25182;31153;ARAÇATUBA;SP;REDECINE SUL CINEMAS LTDA.;18.672.374/0001-19
30/09/2020;30/09/2020 16:20:00;FANTASY ISLAND;A ILHA DA FANTASIA;E1900579500000;DUBLADO;NÃO;ESTADOS UNIDOS;5006357;MULTICINE IANDE SHOPPING 2;22;6000045;5935;43968;CAUCAIA;CE;MULTICINE CINEMAS LTDA;07.609.246/0001-04
30/09/2020;30/09/2020 16:20:00;FANTASY ISLAND;A ILHA DA FANTASIA;E1900579500000;DUBLADO;NÃO;ESTADOS UNIDOS;5003097;TOPAZIO POLO SHOPPING 4;2;6000057;2968;19182;INDAIATUBA;SP;LUI CINEMATOGRÁFICA LTDA.;71.912.711/0001-80
30/09/2020;30/09/2020 16:20:00;Mostras e Festivais;;G0000000000004;DUBLADO;NÃO;;5001622;CINEMARK JACAREI 3;0;6000018;5130;6664;JACAREÍ;SP;CINE PRIME CINEMA LTDA;05.897.142/0001-17
30/09/2020;30/09/2020 16:20:00;QUEEN OF SPADES: THROUGH THE LOOKING GLASS;A MALDIÇÃO DO ESPELHO;E1900574500000;DUBLADO;NÃO;RÚSSIA;5005161;CINÉPOLIS MANAUS PLAZA - SALA 5;6;6000024;17266;30118;MANAUS;AM;CINEPOLIS OPERADORA DE CINEMAS DO BRASIL LTDA;09.652.820/0001-32
30/09/2020;30/09/2020 16:20:00;QUEEN OF SPADES: THROUGH THE LOOKING GLASS;A MALDIÇÃO DO ESPELHO;E1900574500000;DUBLADO;NÃO;RÚSSIA;5005327;UCI BRASIL - SUMAÚMA PARK SHOPPING MANAUS SALA 04;3;6000058;749;31265;MANAUS;AM;UNITED CINEMAS INTERNATIONAL BRASIL LTDA.;01.289.530/0001-64
30/09/2020;30/09/2020 16:20:00;SCOOB!;SCOOBY - O FILME;E2000026400000;DUBLADO;NÃO;ESTADOS UNIDOS;5006494;CINE INTER SANTA INES 02;1;6000140;44834;44835;SANTA INÊS;MA;CINEINTER EXIBICOES CINEMATOGRAFICAS LTDA;35.477.354/0001-06
30/09/2020;30/09/2020 16:20:00;SCOOB!;SCOOBY - O FILME;E2000026400000;DUBLADO;NÃO;ESTADOS UNIDOS;5004185;CINEFLIX JK SHOPPING - SALA 2;1;6000014;24534;24535;BRASÍLIA;DF;REDECINE BSB CINEMATOGRÁFICA LTDA;18.087.870/0001-05
30/09/2020;30/09/2020 16:20:00;SCOOB!;SCOOBY - O FILME;E2000026400000;DUBLADO;NÃO;ESTADOS UNIDOS;5001500;MOVIECOM CASTANHEIRA 4;29;6000100;2897;2896;BELÉM;PA;MOVIE CINEMAS LTDA;04.708.972/0001-96
30/09/2020;30/09/2020 16:20:00;SCOOB!;SCOOBY - O FILME;E2000026400000;DUBLADO;NÃO;ESTADOS UNIDOS;5004435;MOVIECOM PÁTIO MARABÁ 3;11;6000100;2897;25394;MARABÁ;PA;MOVIE CINEMAS LTDA;04.708.972/0001-96
30/09/2020;30/09/2020 16:20:00;SCOOB!;SCOOBY - O FILME;E2000026400000;DUBLADO;NÃO;ESTADOS UNIDOS;5001706;MOVIECOM UNIMART 1;11;6000100;2897;5573;CAMPINAS;SP;MOVIE CINEMAS LTDA;04.708.972/0001-96
30/09/2020;30/09/2020 16:20:00;SCOOB!;SCOOBY - O FILME;E2000026400000;DUBLADO;NÃO;ESTADOS UNIDOS;5002931;SALA 06;15;6000024;17266;17729;SALVADOR;BA;CINEPOLIS OPERADORA DE CINEMAS DO BRASIL LTDA;09.652.820/0001-32
30/09/2020;30/09/2020 16:20:00;SPYCIES;AGENTES SELVAGENS;E2000250100000;DUBLADO;NÃO;CHINA;5006421;GRUPOCINE ITAPECERICA 01;0;6000034;44276;44290;ITAPECERICA DA SERRA;SP;EMPRESA CINEMATOGRAFICA BOMBOCINE LTDA;21.298.337/0001-05
30/09/2020;30/09/2020 16:20:00;SPYCIES;AGENTES SELVAGENS;E2000250100000;DUBLADO;NÃO;CHINA;5000738;UCI - SHOPPING CENTER IGUATEMI FORTALEZA - SALA 07;10;6000059;2612;2616;FORTALEZA;CE;UCI RIBEIRO LTDA;02.117.937/0001-77
30/09/2020;30/09/2020 16:20:00;THE AVENGERS;THE AVENGERS: OS VINGADORES;E1500275200000;ORIGINAL;SIM;ESTADOS UNIDOS;5004588;UCI ORIENT SHOPPING BARRA SALA 6;0;6000060;2606;26893;SALVADOR;BA;UCI-ORIENT LTDA;01.562.356/0001-81
30/09/2020;30/09/2020 16:20:00;THE GENTLEMEN;MAGNATAS DO CRIME;E2000005600000;DUBLADO;NÃO;ESTADOS UNIDOS;5001080;UCI ORIENT SHOPPING DA BAHIA - SALA 08;5;6000060;2606;6586;SALVADOR;BA;UCI-ORIENT LTDA;01.562.356/0001-81
30/09/2020;30/09/2020 16:20:00;THE SECRET: DARE TO DREAM;O SEGREDO: OUSE SONHAR;E2000080600000;DUBLADO;NÃO;ESTADOS UNIDOS;5005808;CINEFLIX APARECIDA DE GOIANIA - SALA 4;0;6000014;24534;36838;APARECIDA DE GOIÂNIA;GO;REDECINE BSB CINEMATOGRÁFICA LTDA;18.087.870/0001-05
30/09/2020;30/09/2020 16:20:00;THE SECRET: DARE TO DREAM;O SEGREDO: OUSE SONHAR;E2000080600000;DUBLADO;NÃO;ESTADOS UNIDOS;5002255;MOVIECOM PATIO BELÉM 1;2;6000100;2897;13915;BELÉM;PA;MOVIE CINEMAS LTDA;04.708.972/0001-96
30/09/2020;30/09/2020 16:25:00;SPYCIES;AGENTES SELVAGENS;E2000250100000;DUBLADO;NÃO;CHINA;5005320;CINEFLIX SHOPPING PRAÇA NOVA ARAÇATUBA - SALA 05;3;6000014;25182;31153;ARAÇATUBA;SP;REDECINE SUL CINEMAS LTDA.;18.672.374/0001-19
30/09/2020;30/09/2020 16:30:00;BLOODSHOT;BLOODSHOT;E1900579400000;DUBLADO;NÃO;ESTADOS UNIDOS;5006259;CIRCUITO PONTA PORA 03;3;6000028;15568;42557;PONTA PORÃ;MS;CIRCUITO ENTRETENIMENTO E CINEMAS LTDA;08.068.712/0001-54
30/09/2020;30/09/2020 16:30:00;BLOODSHOT;BLOODSHOT;E1900579400000;DUBLADO;NÃO;ESTADOS UNIDOS;5001497;MOVIECOM CASTANHEIRA 2;11;6000100;2897;2896;BELÉM;PA;MOVIE CINEMAS LTDA;04.708.972/0001-96
30/09/2020;30/09/2020 16:30:00;E.T. THE EXTRA-TERRESTRIAL;E.T. O EXTRATERRESTRE;E1402648300000;ORIGINAL;SIM;ESTADOS UNIDOS;5003477;SALA CINEPOLIS BELA VISTA 05;1;6000024;17266;21610;SALVADOR;BA;CINEPOLIS OPERADORA DE CINEMAS DO BRASIL LTDA;09.652.820/0001-32
30/09/2020;30/09/2020 16:30:00;EL ROBO DEL SIGLO;O ROUBO DO SÉCULO;E2000030900000;ORIGINAL;SIM;ARGENTINA;5005378;2120 CINEMARK MOGI DAS CRUZES SALA 07;0;6000018;1843;31561;MOGI DAS CRUZES;SP;CINEMARK BRASIL S.A;00.779.721/0001-41
30/09/2020;30/09/2020 16:30:00;FANTASY ISLAND;A ILHA DA FANTASIA;E1900579500000;DUBLADO;NÃO;ESTADOS UNIDOS;5006082;CINE IMPERIAL 02;6;;40730;40731;SALVADOR;BA;RG PALMA EXIBICAO CINEMATOGRAFICA LTDA;31.159.134/0001-83
30/09/2020;30/09/2020 16:30:00;FANTASY ISLAND;A ILHA DA FANTASIA;E1900579500000;DUBLADO;NÃO;ESTADOS UNIDOS;5005719;CINEFLIX VALPARAISO SALA 02;4;6000014;24534;34628;VALPARAÍSO DE GOIÁS;GO;REDECINE BSB CINEMATOGRÁFICA LTDA;18.087.870/0001-05
30/09/2020;30/09/2020 16:30:00;FANTASY ISLAND;A ILHA DA FANTASIA;E1900579500000;DUBLADO;NÃO;ESTADOS UNIDOS;5005631;CINEMARK FOZ DO IGUAÇU SALA 02;0;6000018;1843;33653;FOZ DO IGUAÇU;PR;CINEMARK BRASIL S.A;00.779.721/0001-41
30/09/2020;30/09/2020 16:30:00;FANTASY ISLAND;A ILHA DA FANTASIA;E1900579500000;DUBLADO;NÃO;ESTADOS UNIDOS;5005364;CIRCUITO CINEMAS - PNP SALA 01;1;6000028;15568;31541;PENÁPOLIS;SP;CIRCUITO ENTRETENIMENTO E CINEMAS LTDA;08.068.712/0001-54
30/09/2020;30/09/2020 16:30:00;FANTASY ISLAND;A ILHA DA FANTASIA;E1900579500000;DUBLADO;NÃO;ESTADOS UNIDOS;5004879;CIRCUITO CINEMAS PBAS- SALA 01;0;6000028;15568;27873;PARAUAPEBAS;PA;CIRCUITO ENTRETENIMENTO E CINEMAS LTDA;08.068.712/0001-54
30/09/2020;30/09/2020 16:30:00;FANTASY ISLAND;A ILHA DA FANTASIA;E1900579500000;ORIGINAL;SIM;ESTADOS UNIDOS;5006305;GALLERIA CAMPINAS 02 - VIP;2;6000024;17266;43208;CAMPINAS;SP;CINEPOLIS OPERADORA DE CINEMAS DO BRASIL LTDA;09.652.820/0001-32
30/09/2020;30/09/2020 16:30:00;FANTASY ISLAND;A ILHA DA FANTASIA;E1900579500000;DUBLADO;NÃO;ESTADOS UNIDOS;5000164;NORTH SHOPPING 5;9;6000037;1991;2414;FORTALEZA;CE;EMPRESA CINEMAS SÃO LUIZ S/A;33.497.660/0001-89
30/09/2020;30/09/2020 16:30:00;FANTASY ISLAND;A ILHA DA FANTASIA;E1900579500000;DUBLADO;NÃO;ESTADOS UNIDOS;5006350;REDECINE PINDAMONHANGABA 04;1;6000034;43781;43782;PINDAMONHANGABA;SP;REDECINE PINDAMONHANGABA CINEMAS LTDA;34.408.375/0001-07
30/09/2020;30/09/2020 16:30:00;FANTASY ISLAND;A ILHA DA FANTASIA;E1900579500000;ORIGINAL;SIM;ESTADOS UNIDOS;5000320;SHOPPING IGUATEMI 6;0;6000018;1843;2538;CAMPINAS;SP;CINEMARK BRASIL S.A;00.779.721/0001-41
30/09/2020;30/09/2020 16:30:00;HARRY POTTER AND THE SORCERER'S STONE;HARRY POTTER AND THE SORCERER'S STONE;E1900440700000;DUBLADO;NÃO;ESTADOS UNIDOS;5001796;CINE ITAGUARI SALA 2;1;;5725;6588;SANTO ANTÔNIO DE JESUS;BA;IMPERIAL TURISMO E EVENTOS EIRELI;01.732.317/0001-85
30/09/2020;30/09/2020 16:30:00;MINHA MÃE É UMA PEÇA 3;;B1900576900000;DUBLADO;NÃO;BRASIL;5005513;CINE CAVALIERI ORLANDI SALA 02;2;;15009;15010;SOCORRO;SP;ORLANDI MARCHESE LTDA - ME;03.091.068/0001-11
30/09/2020;30/09/2020 16:30:00;Mostras e Festivais;;G0000000000004;DUBLADO;NÃO;;5006207;CINE A ITAJUBA 04;2;6000008;15833;41725;ITAJUBÁ;MG;CINE A LTDA;10.894.937/0001-01
30/09/2020;30/09/2020 16:30:00;Mostras e Festivais;;G0000000000004;DUBLADO;NÃO;;5004946;CINE A MARABÁ SALA 04;0;6000008;28464;28466;MARABÁ;PA;CINE A MARABA LTDA;21.160.773/0001-05
30/09/2020;30/09/2020 16:30:00;Mostras e Festivais;;G0000000000004;DUBLADO;NÃO;;5001487;MOVIECOM MAXI 5;6;6000100;2912;2913;JUNDIAÍ;SP;MAXI CINEMATOGRÁFICA LTDA;05.279.756/0001-35
30/09/2020;30/09/2020 16:30:00;QUEEN OF SPADES: THROUGH THE LOOKING GLASS;A MALDIÇÃO DO ESPELHO;E1900574500000;DUBLADO;NÃO;RÚSSIA;5003592;JUNDIAI SHOPPING 05;8;6000024;17266;22674;JUNDIAÍ;SP;CINEPOLIS OPERADORA DE CINEMAS DO BRASIL LTDA;09.652.820/0001-32
30/09/2020;30/09/2020 16:30:00;SCOOB!;SCOOBY - O FILME;E2000026400000;DUBLADO;NÃO;ESTADOS UNIDOS;5002427;CINE WEST SALA 02;18;;14882;14883;CASCAVEL;PR;WEST SIDE SHOPPING CENTER LTDA;68.761.170/0001-22
30/09/2020;30/09/2020 16:30:00;SCOOB!;SCOOBY - O FILME;E2000026400000;DUBLADO;NÃO;ESTADOS UNIDOS;5005694;CINEPOLIS RIOMAR KENNEDY - SALA 03;15;6000024;17266;34309;FORTALEZA;CE;CINEPOLIS OPERADORA DE CINEMAS DO BRASIL LTDA;09.652.820/0001-32
30/09/2020;30/09/2020 16:30:00;SCOOB!;SCOOBY - O FILME;E2000026400000;DUBLADO;NÃO;ESTADOS UNIDOS;5005108;CINÉPOLIS CAMPINAS SHOPPING - SALA 9;15;6000024;17266;30090;CAMPINAS;SP;CINEPOLIS OPERADORA DE CINEMAS DO BRASIL LTDA;09.652.820/0001-32
30/09/2020;30/09/2020 16:30:00;SCOOB!;SCOOBY - O FILME;E2000026400000;DUBLADO;NÃO;ESTADOS UNIDOS;5006461;GRUPOCINE EUSÉBIO 01;4;6000034;44276;44457;EUSÉBIO;CE;EMPRESA CINEMATOGRAFICA BOMBOCINE LTDA;21.298.337/0001-05
30/09/2020;30/09/2020 16:30:00;SCOOB!;SCOOBY - O FILME;E2000026400000;DUBLADO;NÃO;ESTADOS UNIDOS;5006399;GRUPOCINE GUARUJÁ 02;1;6000034;44276;44283;GUARUJÁ;SP;EMPRESA CINEMATOGRAFICA BOMBOCINE LTDA;21.298.337/0001-05
30/09/2020;30/09/2020 16:30:00;SCOOB!;SCOOBY - O FILME;E2000026400000;DUBLADO;NÃO;ESTADOS UNIDOS;5006424;GRUPOCINE ITAPECERICA 04;3;6000034;44276;44290;ITAPECERICA DA SERRA;SP;EMPRESA CINEMATOGRAFICA BOMBOCINE LTDA;21.298.337/0001-05
30/09/2020;30/09/2020 16:30:00;SCOOB!;SCOOBY - O FILME;E2000026400000;DUBLADO;NÃO;ESTADOS UNIDOS;5005929;MOBI CINE AÇAILÂNDIA SALA 01;8;6000040;38236;38237;AÇAILÂNDIA;MA;C A V LEMOS E CIA LTDA - ME;14.717.191/0001-11
30/09/2020;30/09/2020 16:30:00;SCOOB!;SCOOBY - O FILME;E2000026400000;DUBLADO;NÃO;ESTADOS UNIDOS;5005956;MOBI CINE REDENÇÃO SALA 1;0;6000040;28561;38513;REDENÇÃO;PA;C A VIEIRA LEMOS E CIA LTDA;20.334.881/0001-94
30/09/2020;30/09/2020 16:30:00;SCOOB!;SCOOBY - O FILME;E2000026400000;DUBLADO;NÃO;ESTADOS UNIDOS;5005379;MOBI CINE TUCURUÍ - SALA 1;21;6000040;28561;31594;TUCURUÍ;PA;C A VIEIRA LEMOS E CIA LTDA;20.334.881/0001-94
30/09/2020;30/09/2020 16:30:00;SCOOB!;SCOOBY - O FILME;E2000026400000;DUBLADO;NÃO;ESTADOS UNIDOS;5004699;SALA RIOMAR 6 - TRADICIONAL;7;6000024;17266;27076;FORTALEZA;CE;CINEPOLIS OPERADORA DE CINEMAS DO BRASIL LTDA;09.652.820/0001-32
30/09/2020;30/09/2020 16:30:00;THE SECRET: DARE TO DREAM;O SEGREDO: OUSE SONHAR;E2000080600000;DUBLADO;NÃO;ESTADOS UNIDOS;5001100;CINE TOPÁZIO 1;3;6000057;2968;6742;INDAIATUBA;SP;LUI CINEMATOGRÁFICA LTDA.;71.912.711/0001-80
30/09/2020;30/09/2020 16:30:00;THE SECRET: DARE TO DREAM;O SEGREDO: OUSE SONHAR;E2000080600000;DUBLADO;NÃO;ESTADOS UNIDOS;5004434;MOVIECOM PÁTIO MARABÁ 2;2;6000100;2897;25394;MARABÁ;PA;MOVIE CINEMAS LTDA;04.708.972/0001-96
30/09/2020;30/09/2020 16:30:01;THE SECRET: DARE TO DREAM;O SEGREDO: OUSE SONHAR;E2000080600000;DUBLADO;NÃO;ESTADOS UNIDOS;5006381;ALFENAS SALA 3;2;6000008;15833;44017;ALFENAS;MG;CINE A LTDA;10.894.937/0001-01
30/09/2020;30/09/2020 16:30:01;THE SECRET: DARE TO DREAM;O SEGREDO: OUSE SONHAR;E2000080600000;DUBLADO;NÃO;ESTADOS UNIDOS;5006242;ARARAS SALA 3;2;6000008;15833;24551;ARARAS;SP;CINE A LTDA;10.894.937/0001-01
30/09/2020;30/09/2020 16:35:00;SCOOB!;SCOOBY - O FILME;E2000026400000;DUBLADO;NÃO;ESTADOS UNIDOS;5006544;PARAISO MEGA CENTER 3;0;6000045;5935;45579;VALPARAÍSO DE GOIÁS;GO;MULTICINE CINEMAS LTDA;07.609.246/0001-04
30/09/2020;30/09/2020 16:40:00;FANTASY ISLAND;A ILHA DA FANTASIA;E1900579500000;DUBLADO;NÃO;ESTADOS UNIDOS;5005966;CINE SUL SALA 02;5;6000121;38751;38752;MEDIANEIRA;PR;L N DA ROCHA & CIA LTDA - ME;29.099.414/0001-00
30/09/2020;30/09/2020 16:40:00;GRETEL & HANSEL (2020);MARIA E JOÃO - O CONTO DAS BRUXAS;E1900467000000;DUBLADO;NÃO;ESTADOS UNIDOS;5005326;UCI BRASIL - SUMAÚMA PARK SHOPPING MANAUS SALA 03;6;6000058;749;31265;MANAUS;AM;UNITED CINEMAS INTERNATIONAL BRASIL LTDA.;01.289.530/0001-64
30/09/2020;30/09/2020 16:40:00;MINHA MÃE É UMA PEÇA;;B1301808100000;ORIGINAL;NÃO;BRASIL;5006398;GRUPOCINE GUARUJÁ 01;0;6000034;44276;44283;GUARUJÁ;SP;EMPRESA CINEMATOGRAFICA BOMBOCINE LTDA;21.298.337/0001-05
30/09/2020;30/09/2020 16:40:00;Mostras e Festivais;;G0000000000004;DUBLADO;NÃO;;5004214;CINEMARK JACAREI 5;0;6000018;5130;6664;JACAREÍ;SP;CINE PRIME CINEMA LTDA;05.897.142/0001-17
30/09/2020;30/09/2020 16:40:00;Mostras e Festivais;;G0000000000004;DUBLADO;NÃO;;5001707;MOVIECOM UNIMART 2;2;6000100;2897;5573;CAMPINAS;SP;MOVIE CINEMAS LTDA;04.708.972/0001-96
30/09/2020;30/09/2020 16:40:00;ONWARD;DOIS IRMÃOS: UMA JORNADA FANTÁSTICA;E1900366400000;DUBLADO;NÃO;ESTADOS UNIDOS;5002565;CINE CATARATAS 2;2;;15565;15566;FOZ DO IGUAÇU;PR;CINE CATARATAS LTDA;09.010.219/0001-46
30/09/2020;30/09/2020 16:40:00;SCOOB!;SCOOBY - O FILME;E2000026400000;DUBLADO;NÃO;ESTADOS UNIDOS;5002402;CINEVIP RONDON PLAZA SHOPPING SALA 02;16;;14781;14782;RONDONÓPOLIS;MT;GIOVANNI ZEM RODRIGUES;10.443.079/0001-89
30/09/2020;30/09/2020 16:40:00;SCOOB!;SCOOBY - O FILME;E2000026400000;DUBLADO;NÃO;ESTADOS UNIDOS;5006296;GOIANESIA 01;0;6000040;42975;42976;GOIANÉSIA;GO;MB EXIBICOES CINEMATOGRAFICAS GOIANESIA LTDA;33.296.719/0001-70
30/09/2020;30/09/2020 16:40:00;SCOOB!;SCOOBY - O FILME;E2000026400000;DUBLADO;NÃO;ESTADOS UNIDOS;5006412;GRUPOCINE ITAPETININGA 04;6;6000034;44276;44287;ITAPETININGA;SP;EMPRESA CINEMATOGRAFICA BOMBOCINE LTDA;21.298.337/0001-05
30/09/2020;30/09/2020 16:40:00;SCOOB!;SCOOBY - O FILME;E2000026400000;DUBLADO;NÃO;ESTADOS UNIDOS;5002254;MOVIECOM PATIO BELÉM 5;25;6000100;2897;13915;BELÉM;PA;MOVIE CINEMAS LTDA;04.708.972/0001-96
30/09/2020;30/09/2020 16:40:00;SPYCIES;AGENTES SELVAGENS;E2000250100000;DUBLADO;NÃO;CHINA;5004816;UCI BRASIL SHOPPING PARANGABA SALA 04;17;6000058;749;27591;FORTALEZA;CE;UNITED CINEMAS INTERNATIONAL BRASIL LTDA.;01.289.530/0001-64
30/09/2020;30/09/2020 16:40:00;THE GENTLEMEN;MAGNATAS DO CRIME;E2000005600000;ORIGINAL;SIM;ESTADOS UNIDOS;5005341;SHOPPING IGUATEMI 11;0;6000018;1843;2538;CAMPINAS;SP;CINEMARK BRASIL S.A;00.779.721/0001-41
30/09/2020;30/09/2020 16:40:00;THE GENTLEMEN;MAGNATAS DO CRIME;E2000005600000;ORIGINAL;SIM;ESTADOS UNIDOS;5005429;UCI BRASIL - SHOPPING BOSQUE GRÃO PARÁ SALA 04;0;6000058;749;32026;BELÉM;PA;UNITED CINEMAS INTERNATIONAL BRASIL LTDA.;01.289.530/0001-64
30/09/2020;30/09/2020 16:40:00;THE INVISIBLE MAN;O HOMEM INVISÍVEL;E1900438600000;DUBLADO;NÃO;AUSTRÁLIA;5000736;UCI - SHOPPING CENTER IGUATEMI FORTALEZA - SALA 05;5;6000059;2612;2616;FORTALEZA;CE;UCI RIBEIRO LTDA;02.117.937/0001-77
30/09/2020;30/09/2020 16:40:00;THE SECRET: DARE TO DREAM;O SEGREDO: OUSE SONHAR;E2000080600000;DUBLADO;NÃO;ESTADOS UNIDOS;5001084;UCI ORIENT SHOPPING DA BAHIA - SALA 12;12;6000060;2606;6586;SALVADOR;BA;UCI-ORIENT LTDA;01.562.356/0001-81
30/09/2020;30/09/2020 16:45:00;BACK TO THE FUTURE;DE VOLTA PARA O FUTURO;E1402513800000;DUBLADO;NÃO;ESTADOS UNIDOS;5005106;CINÉPOLIS CAMPINAS SHOPPING - SALA 7;3;6000024;17266;30090;CAMPINAS;SP;CINEPOLIS OPERADORA DE CINEMAS DO BRASIL LTDA;09.652.820/0001-32
30/09/2020;30/09/2020 16:45:00;BLOODSHOT;BLOODSHOT;E1900579400000;DUBLADO;NÃO;ESTADOS UNIDOS;5004882;CIRCUITO CINEMAS PBAS- SALA 04;6;6000028;15568;27873;PARAUAPEBAS;PA;CIRCUITO ENTRETENIMENTO E CINEMAS LTDA;08.068.712/0001-54
30/09/2020;30/09/2020 16:45:00;CARLINHOS E CARLÃO;;B1900409100000;ORIGINAL;NÃO;BRASIL;5006072;CINE A ALTAMIRA SALA 02;2;6000008;28464;33426;ALTAMIRA;PA;CINE A MARABA LTDA;21.160.773/0001-05
30/09/2020;30/09/2020 16:45:00;ESCAPE FROM PRETORIA;FUGA DE PRETÓRIA;E2000249400000;DUBLADO;NÃO;ÁFRICA DO SUL;5005720;CINEFLIX VALPARAISO SALA 03;0;6000014;24534;34628;VALPARAÍSO DE GOIÁS;GO;REDECINE BSB CINEMATOGRÁFICA LTDA;18.087.870/0001-05
30/09/2020;30/09/2020 16:45:00;ESCAPE FROM PRETORIA;FUGA DE PRETÓRIA;E2000249400000;ORIGINAL;SIM;ÁFRICA DO SUL;5006479;JUNDIAI SHOPPING 10 - VIP;0;6000024;17266;22674;JUNDIAÍ;SP;CINEPOLIS OPERADORA DE CINEMAS DO BRASIL LTDA;09.652.820/0001-32
30/09/2020;30/09/2020 16:45:00;FANTASY ISLAND;A ILHA DA FANTASIA;E1900579500000;DUBLADO;NÃO;ESTADOS UNIDOS;5006364;ALFENAS SALA 1;4;6000008;15833;44017;ALFENAS;MG;CINE A LTDA;10.894.937/0001-01
30/09/2020;30/09/2020 16:45:00;FANTASY ISLAND;A ILHA DA FANTASIA;E1900579500000;DUBLADO;NÃO;ESTADOS UNIDOS;5004199;ARARAS SALA 1;0;6000008;15833;24551;ARARAS;SP;CINE A LTDA;10.894.937/0001-01
30/09/2020;30/09/2020 16:45:00;FANTASY ISLAND;A ILHA DA FANTASIA;E1900579500000;DUBLADO;NÃO;ESTADOS UNIDOS;5005504;CINE A BRAGANÇA PAULISTA SALA 1;0;6000008;3227;32481;BRAGANÇA PAULISTA;SP;CINE A BRAGANCA PAULISTA LTDA;41.861.923/0001-15
30/09/2020;30/09/2020 16:45:00;QUEEN OF SPADES: THROUGH THE LOOKING GLASS;A MALDIÇÃO DO ESPELHO;E1900574500000;DUBLADO;NÃO;RÚSSIA;5003487;SALA PQ.BELEM 06;8;6000024;17266;21616;BELÉM;PA;CINEPOLIS OPERADORA DE CINEMAS DO BRASIL LTDA;09.652.820/0001-32
30/09/2020;30/09/2020 16:45:00;SCOOB!;SCOOBY - O FILME;E2000026400000;DUBLADO;NÃO;ESTADOS UNIDOS;5006205;CINE A ITAJUBA 02;0;6000008;15833;41725;ITAJUBÁ;MG;CINE A LTDA;10.894.937/0001-01
30/09/2020;30/09/2020 16:45:00;SCOOB!;SCOOBY - O FILME;E2000026400000;DUBLADO;NÃO;ESTADOS UNIDOS;5004947;CINE A MARABÁ SALA 02;2;6000008;28464;28466;MARABÁ;PA;CINE A MARABA LTDA;21.160.773/0001-05
30/09/2020;30/09/2020 16:45:00;SCOOB!;SCOOBY - O FILME;E2000026400000;DUBLADO;NÃO;ESTADOS UNIDOS;5005884;CINE COMPANY ALTA FLORESTA;0;;37637;37638;ALTA FLORESTA;MT;CINE FLORESTA LTDA;28.416.012/0001-10
30/09/2020;30/09/2020 16:45:00;SCOOB!;SCOOBY - O FILME;E2000026400000;DUBLADO;NÃO;ESTADOS UNIDOS;5006396;GRUPOCINE FERNANDÓPOLIS 02;1;6000034;44276;44281;FERNANDÓPOLIS;SP;EMPRESA CINEMATOGRAFICA BOMBOCINE LTDA;21.298.337/0001-05
30/09/2020;30/09/2020 16:45:00;SCOOB!;SCOOBY - O FILME;E2000026400000;DUBLADO;NÃO;ESTADOS UNIDOS;5003285;MULTICINE JATAÍ 03;3;6000045;5935;19793;JATAÍ;GO;MULTICINE CINEMAS LTDA;07.609.246/0001-04
30/09/2020;30/09/2020 16:45:00;SPYCIES;AGENTES SELVAGENS;E2000250100000;DUBLADO;NÃO;CHINA;5005981;CINESYSTEM ANANINDEUA SALA 07;1;6000027;22546;38898;ANANINDEUA;PA;REDECINE BRA CINEMATOGRÁFICA S.A.;15.422.993/0001-67
30/09/2020;30/09/2020 16:45:00;THE GENTLEMEN;MAGNATAS DO CRIME;E2000005600000;ORIGINAL;SIM;ESTADOS UNIDOS;5006306;GALLERIA CAMPINAS 03 - VIP;2;6000024;17266;43208;CAMPINAS;SP;CINEPOLIS OPERADORA DE CINEMAS DO BRASIL LTDA;09.652.820/0001-32
30/09/2020;30/09/2020 16:45:00;THE GENTLEMEN;MAGNATAS DO CRIME;E2000005600000;ORIGINAL;SIM;ESTADOS UNIDOS;5002939;SALA 05;10;6000024;17266;17763;BELÉM;PA;CINEPOLIS OPERADORA DE CINEMAS DO BRASIL LTDA;09.652.820/0001-32
30/09/2020;30/09/2020 16:45:00;THE SECRET: DARE TO DREAM;O SEGREDO: OUSE SONHAR;E2000080600000;DUBLADO;NÃO;ESTADOS UNIDOS;5005506;CINE A BRAGANÇA PAULISTA SALA 3;0;6000008;3227;32481;BRAGANÇA PAULISTA;SP;CINE A BRAGANCA PAULISTA LTDA;41.861.923/0001-15
30/09/2020;30/09/2020 16:45:00;THE SECRET: DARE TO DREAM;O SEGREDO: OUSE SONHAR;E2000080600000;DUBLADO;NÃO;ESTADOS UNIDOS;5000921;MOVIECOM MAXI 1;2;6000100;2912;2913;JUNDIAÍ;SP;MAXI CINEMATOGRÁFICA LTDA;05.279.756/0001-35
30/09/2020;30/09/2020 16:45:00;THE SECRET: DARE TO DREAM;O SEGREDO: OUSE SONHAR;E2000080600000;DUBLADO;NÃO;ESTADOS UNIDOS;5001496;MOVIECOM TIVOLI 4;3;6000100;2914;2917;SANTA BÁRBARA D'OESTE;SP;CINEMATOGRÁFICA PASSOS LTDA;01.688.909/0001-47
30/09/2020;30/09/2020 16:50:00;FANTASY ISLAND;A ILHA DA FANTASIA;E1900579500000;DUBLADO;NÃO;ESTADOS UNIDOS;5005930;MOBI CINE AÇAILÂNDIA SALA 02;2;6000040;38236;38237;AÇAILÂNDIA;MA;C A V LEMOS E CIA LTDA - ME;14.717.191/0001-11
30/09/2020;30/09/2020 16:50:00;FANTASY ISLAND;A ILHA DA FANTASIA;E1900579500000;DUBLADO;NÃO;ESTADOS UNIDOS;5005957;MOBI CINE REDENÇÃO SALA 2;4;6000040;28561;38513;REDENÇÃO;PA;C A VIEIRA LEMOS E CIA LTDA;20.334.881/0001-94
30/09/2020;30/09/2020 16:50:00;FANTASY ISLAND;A ILHA DA FANTASIA;E1900579500000;DUBLADO;NÃO;ESTADOS UNIDOS;5005380;MOBI CINE TUCURUÍ - SALA 2;23;6000040;28561;31594;TUCURUÍ;PA;C A VIEIRA LEMOS E CIA LTDA;20.334.881/0001-94
30/09/2020;30/09/2020 16:50:00;FANTASY ISLAND;A ILHA DA FANTASIA;E1900579500000;DUBLADO;NÃO;ESTADOS UNIDOS;5002926;SALA 04;6;6000024;17266;17729;SALVADOR;BA;CINEPOLIS OPERADORA DE CINEMAS DO BRASIL LTDA;09.652.820/0001-32
30/09/2020;30/09/2020 16:50:00;FANTASY ISLAND;A ILHA DA FANTASIA;E1900579500000;DUBLADO;NÃO;ESTADOS UNIDOS;5002723;SALA CINE PLAYARTE MANAUARA 03;0;6000049;260;16356;MANAUS;AM;PLAYARTE CINEMAS LTDA.;60.434.149/0001-00
30/09/2020;30/09/2020 16:50:00;FROZEN II;FROZEN 2;E1900365900000;DUBLADO;NÃO;ESTADOS UNIDOS;5002566;CINE CATARATAS 3;3;;15565;15566;FOZ DO IGUAÇU;PR;CINE CATARATAS LTDA;09.010.219/0001-46
30/09/2020;30/09/2020 16:50:00;Mostras e Festivais;;G0000000000004;DUBLADO;NÃO;;5001518;MOVIECOM BURITI 1;0;6000100;2897;2893;APARECIDA DE GOIÂNIA;GO;MOVIE CINEMAS LTDA;04.708.972/0001-96
30/09/2020;30/09/2020 16:50:00;QUEEN OF SPADES: THROUGH THE LOOKING GLASS;A MALDIÇÃO DO ESPELHO;E1900574500000;DUBLADO;NÃO;RÚSSIA;5005307;CINEFLIX VÁRZEA GRANDE SHOPPING - SALA 4;6;6000014;24534;31101;VÁRZEA GRANDE;MT;REDECINE BSB CINEMATOGRÁFICA LTDA;18.087.870/0001-05
30/09/2020;30/09/2020 16:50:00;QUEEN OF SPADES: THROUGH THE LOOKING GLASS;A MALDIÇÃO DO ESPELHO;E1900574500000;DUBLADO;NÃO;RÚSSIA;5001498;MOVIECOM CASTANHEIRA 3;11;6000100;2897;2896;BELÉM;PA;MOVIE CINEMAS LTDA;04.708.972/0001-96
30/09/2020;30/09/2020 16:50:00;SCOOB!;SCOOBY - O FILME;E2000026400000;DUBLADO;NÃO;ESTADOS UNIDOS;5005722;CINEFLIX VALPARAISO SALA 05;8;6000014;24534;34628;VALPARAÍSO DE GOIÁS;GO;REDECINE BSB CINEMATOGRÁFICA LTDA;18.087.870/0001-05
30/09/2020;30/09/2020 16:50:00;SCOOB!;SCOOBY - O FILME;E2000026400000;DUBLADO;NÃO;ESTADOS UNIDOS;5006348;REDECINE PINDAMONHANGABA 02;0;6000034;43781;43782;PINDAMONHANGABA;SP;REDECINE PINDAMONHANGABA CINEMAS LTDA;34.408.375/0001-07
30/09/2020;30/09/2020 16:50:00;SPIDER-MAN: INTO THE SPIDER-VERSE;HOMEM-ARANHA NO ARANHAVERSO;E1800533700000;DUBLADO;NÃO;ESTADOS UNIDOS;5004433;MOVIECOM PÁTIO MARABÁ 1;7;6000100;2897;25394;MARABÁ;PA;MOVIE CINEMAS LTDA;04.708.972/0001-96
30/09/2020;30/09/2020 16:50:00;SPYCIES;AGENTES SELVAGENS;E2000250100000;DUBLADO;NÃO;CHINA;5005723;CINEFLIX VALPARAISO SALA 06;0;6000014;24534;34628;VALPARAÍSO DE GOIÁS;GO;REDECINE BSB CINEMATOGRÁFICA LTDA;18.087.870/0001-05
30/09/2020;30/09/2020 16:50:00;THE SECRET: DARE TO DREAM;O SEGREDO: OUSE SONHAR;E2000080600000;DUBLADO;NÃO;ESTADOS UNIDOS;5002603;CINEMAS BENFICA - SALA 1;4;;15690;15691;FORTALEZA;CE;CINEMAS BENFICA LTDA;07.509.597/0001-43
30/09/2020;30/09/2020 16:50:00;TWILIGHT;CREPÚSCULO;E1600635500000;DUBLADO;NÃO;ESTADOS UNIDOS;5006400;GRUPOCINE GUARUJÁ 03;0;6000034;44276;44283;GUARUJÁ;SP;EMPRESA CINEMATOGRAFICA BOMBOCINE LTDA;21.298.337/0001-05
30/09/2020;30/09/2020 17:00:00;BACK TO THE FUTURE;DE VOLTA PARA O FUTURO;E1402513800000;ORIGINAL;SIM;ESTADOS UNIDOS;5003594;JUNDIAI SHOPPING 07;0;6000024;17266;22674;JUNDIAÍ;SP;CINEPOLIS OPERADORA DE CINEMAS DO BRASIL LTDA;09.652.820/0001-32
30/09/2020;30/09/2020 17:00:00;BLACK PANTHER;PANTERA NEGRA;E1700512400000;DUBLADO;NÃO;ESTADOS UNIDOS;5003098;TOPAZIO POLO SHOPPING 5;0;6000057;2968;19182;INDAIATUBA;SP;LUI CINEMATOGRÁFICA LTDA.;71.912.711/0001-80
30/09/2020;30/09/2020 17:00:00;FANTASY ISLAND;A ILHA DA FANTASIA;E1900579500000;DUBLADO;NÃO;ESTADOS UNIDOS;5005374;2120 CINEMARK MOGI DAS CRUZES SALA 03;5;6000018;1843;31561;MOGI DAS CRUZES;SP;CINEMARK BRASIL S.A;00.779.721/0001-41
30/09/2020;30/09/2020 17:00:00;FANTASY ISLAND;A ILHA DA FANTASIA;E1900579500000;DUBLADO;NÃO;ESTADOS UNIDOS;5005617;CINE A ALTAMIRA SALA 01;1;6000008;28464;33426;ALTAMIRA;PA;CINE A MARABA LTDA;21.160.773/0001-05
30/09/2020;30/09/2020 17:00:00;FANTASY ISLAND;A ILHA DA FANTASIA;E1900579500000;DUBLADO;NÃO;ESTADOS UNIDOS;5006206;CINE A ITAJUBA 03;0;6000008;15833;41725;ITAJUBÁ;MG;CINE A LTDA;10.894.937/0001-01
30/09/2020;30/09/2020 17:00:00;FANTASY ISLAND;A ILHA DA FANTASIA;E1900579500000;DUBLADO;NÃO;ESTADOS UNIDOS;5004948;CINE A MARABÁ SALA 03;0;6000008;28464;28466;MARABÁ;PA;CINE A MARABA LTDA;21.160.773/0001-05
30/09/2020;30/09/2020 17:00:00;FANTASY ISLAND;A ILHA DA FANTASIA;E1900579500000;DUBLADO;NÃO;ESTADOS UNIDOS;5005718;CINEFLIX VALPARAISO SALA 01;7;6000014;24534;34628;VALPARAÍSO DE GOIÁS;GO;REDECINE BSB CINEMATOGRÁFICA LTDA;18.087.870/0001-05
30/09/2020;30/09/2020 17:00:00;FANTASY ISLAND;A ILHA DA FANTASIA;E1900579500000;DUBLADO;NÃO;ESTADOS UNIDOS;5006297;GOIANESIA 02;0;6000040;42975;42976;GOIANÉSIA;GO;MB EXIBICOES CINEMATOGRAFICAS GOIANESIA LTDA;33.296.719/0001-70
30/09/2020;30/09/2020 17:00:00;FANTASY ISLAND;A ILHA DA FANTASIA;E1900579500000;DUBLADO;NÃO;ESTADOS UNIDOS;5003478;SALA CINEPOLIS BELA VISTA 06;8;6000024;17266;21610;SALVADOR;BA;CINEPOLIS OPERADORA DE CINEMAS DO BRASIL LTDA;09.652.820/0001-32
30/09/2020;30/09/2020 17:00:00;FANTASY ISLAND;A ILHA DA FANTASIA;E1900579500000;ORIGINAL;SIM;ESTADOS UNIDOS;5000737;UCI - SHOPPING CENTER IGUATEMI FORTALEZA - SALA 06;8;6000059;2612;2616;FORTALEZA;CE;UCI RIBEIRO LTDA;02.117.937/0001-77
30/09/2020;30/09/2020 17:00:00;FANTASY ISLAND;A ILHA DA FANTASIA;E1900579500000;ORIGINAL;SIM;ESTADOS UNIDOS;5005330;UCI BRASIL - SUMAÚMA PARK SHOPPING MANAUS SALA 07;2;6000058;749;31265;MANAUS;AM;UNITED CINEMAS INTERNATIONAL BRASIL LTDA.;01.289.530/0001-64
30/09/2020;30/09/2020 17:00:00;FANTASY ISLAND;A ILHA DA FANTASIA;E1900579500000;DUBLADO;NÃO;ESTADOS UNIDOS;5004814;UCI BRASIL SHOPPING PARANGABA SALA 02;16;6000058;749;27591;FORTALEZA;CE;UNITED CINEMAS INTERNATIONAL BRASIL LTDA.;01.289.530/0001-64
30/09/2020;30/09/2020 17:00:00;HARRY POTTER AND THE SORCERER'S STONE;HARRY POTTER AND THE SORCERER'S STONE;E1900440700000;ORIGINAL;SIM;ESTADOS UNIDOS;5004589;UCI ORIENT SHOPPING BARRA SALA 7;16;6000060;2606;26893;SALVADOR;BA;UCI-ORIENT LTDA;01.562.356/0001-81
30/09/2020;30/09/2020 17:00:00;MINIONS;MINIONS;E1500311600000;DUBLADO;NÃO;ESTADOS UNIDOS;5002120;CINE DUPLEX SALA 02;0;;6615;6584;AMPARO;SP;EMPRESA CINEMATOGRÁFICA ESTAÇÃO LTDA;01.272.408/0001-85
30/09/2020;30/09/2020 17:00:00;Mostras e Festivais;;G0000000000004;DUBLADO;NÃO;;5005366;CIRCUITO CINEMAS - PNP SALA 03;0;6000028;15568;31541;PENÁPOLIS;SP;CIRCUITO ENTRETENIMENTO E CINEMAS LTDA;08.068.712/0001-54
30/09/2020;30/09/2020 17:00:00;Mostras e Festivais;;G0000000000004;DUBLADO;NÃO;;5001486;MOVIECOM MAXI 2;0;6000100;2912;2913;JUNDIAÍ;SP;MAXI CINEMATOGRÁFICA LTDA;05.279.756/0001-35
30/09/2020;30/09/2020 17:00:00;QUEEN OF SPADES: THROUGH THE LOOKING GLASS;A MALDIÇÃO DO ESPELHO;E1900574500000;DUBLADO;NÃO;RÚSSIA;5000162;NORTH SHOPPING 3;13;6000037;1991;2414;FORTALEZA;CE;EMPRESA CINEMAS SÃO LUIZ S/A;33.497.660/0001-89
30/09/2020;30/09/2020 17:00:00;SCOOB!;SCOOBY - O FILME;E2000026400000;DUBLADO;NÃO;ESTADOS UNIDOS;5006365;ALFENAS SALA 2;1;6000008;15833;44017;ALFENAS;MG;CINE A LTDA;10.894.937/0001-01
30/09/2020;30/09/2020 17:00:00;SCOOB!;SCOOBY - O FILME;E2000026400000;DUBLADO;NÃO;ESTADOS UNIDOS;5004200;ARARAS SALA 2;0;6000008;15833;24551;ARARAS;SP;CINE A LTDA;10.894.937/0001-01
30/09/2020;30/09/2020 17:00:00;SCOOB!;SCOOBY - O FILME;E2000026400000;DUBLADO;NÃO;ESTADOS UNIDOS;5005706;CENTERPLEX GRAND SHOPPING MESSEJANA SALA 01;4;6000006;16321;34486;FORTALEZA;CE;EMPRESA DE CINEMAS FORTALEZA LTDA;10.785.710/0001-28
30/09/2020;30/09/2020 17:00:00;SCOOB!;SCOOBY - O FILME;E2000026400000;DUBLADO;NÃO;ESTADOS UNIDOS;5005924;CENTERPLEX GRANDE CIRCULAR 01;8;6000006;38234;38235;MANAUS;AM;CINE ELI AMAZONAS CINEMAS LTDA - EM RECUPERAÇÃO JUDICIAL;28.619.116/0001-22
30/09/2020;30/09/2020 17:00:00;SCOOB!;SCOOBY - O FILME;E2000026400000;DUBLADO;NÃO;ESTADOS UNIDOS;5002119;CINE DUPLEX SALA 01;4;;6615;6584;AMPARO;SP;EMPRESA CINEMATOGRÁFICA ESTAÇÃO LTDA;01.272.408/0001-85
30/09/2020;30/09/2020 17:00:00;SCOOB!;SCOOBY - O FILME;E2000026400000;DUBLADO;NÃO;ESTADOS UNIDOS;5001795;CINE ITAGUARI SALA 1;7;;5725;6588;SANTO ANTÔNIO DE JESUS;BA;IMPERIAL TURISMO E EVENTOS EIRELI;01.732.317/0001-85
30/09/2020;30/09/2020 17:00:00;SCOOB!;SCOOBY - O FILME;E2000026400000;DUBLADO;NÃO;ESTADOS UNIDOS;5005965;CINE SUL SALA 01;18;6000121;38751;38752;MEDIANEIRA;PR;L N DA ROCHA & CIA LTDA - ME;29.099.414/0001-00
30/09/2020;30/09/2020 17:00:00;SCOOB!;SCOOBY - O FILME;E2000026400000;DUBLADO;NÃO;ESTADOS UNIDOS;5001102;CINE TOPÁZIO 3;0;6000057;2968;6742;INDAIATUBA;SP;LUI CINEMATOGRÁFICA LTDA.;71.912.711/0001-80
30/09/2020;30/09/2020 17:00:00;SCOOB!;SCOOBY - O FILME;E2000026400000;DUBLADO;NÃO;ESTADOS UNIDOS;5005809;CINEFLIX APARECIDA DE GOIANIA - SALA 5;1;6000014;24534;36838;APARECIDA DE GOIÂNIA;GO;REDECINE BSB CINEMATOGRÁFICA LTDA;18.087.870/0001-05
30/09/2020;30/09/2020 17:00:00;SCOOB!;SCOOBY - O FILME;E2000026400000;DUBLADO;NÃO;ESTADOS UNIDOS;5005975;CINESYSTEM ANANINDEUA SALA 01;10;6000027;22546;38898;ANANINDEUA;PA;REDECINE BRA CINEMATOGRÁFICA S.A.;15.422.993/0001-67
30/09/2020;30/09/2020 17:00:00;SCOOB!;SCOOBY - O FILME;E2000026400000;DUBLADO;NÃO;ESTADOS UNIDOS;5005094;CINÉPOLIS SÃO GONÇALO SHOPPING - SALA 3;13;6000024;17266;30088;SÃO GONÇALO;RJ;CINEPOLIS OPERADORA DE CINEMAS DO BRASIL LTDA;09.652.820/0001-32
30/09/2020;30/09/2020 17:00:00;SCOOB!;SCOOBY - O FILME;E2000026400000;DUBLADO;NÃO;ESTADOS UNIDOS;5006304;GALLERIA CAMPINAS 01 - VIP;0;6000024;17266;43208;CAMPINAS;SP;CINEPOLIS OPERADORA DE CINEMAS DO BRASIL LTDA;09.652.820/0001-32
30/09/2020;30/09/2020 17:00:00;SCOOB!;SCOOBY - O FILME;E2000026400000;DUBLADO;NÃO;ESTADOS UNIDOS;5002941;SALA 02;11;6000024;17266;17763;BELÉM;PA;CINEPOLIS OPERADORA DE CINEMAS DO BRASIL LTDA;09.652.820/0001-32
30/09/2020;30/09/2020 17:00:00;SEM SEU SANGUE;;B1900381500000;ORIGINAL;SIM;BRASIL;5005898;CINE CASARÃO;1;;37886;37902;MANAUS;AM;C TEATRAL DE IDÉIAS LTDA;09.104.162/0001-44
30/09/2020;30/09/2020 17:00:00;SPYCIES;AGENTES SELVAGENS;E2000250100000;DUBLADO;NÃO;CHINA;5005353;CINESYSTEM SANTARÉM SALA 03;11;6000027;22546;31524;SANTARÉM;PA;REDECINE BRA CINEMATOGRÁFICA S.A.;15.422.993/0001-67
30/09/2020;30/09/2020 17:00:00;SPYCIES;AGENTES SELVAGENS;E2000250100000;DUBLADO;NÃO;CHINA;5005274;MULTICINE SANTA MARIA SALA 05;0;6000045;5935;30733;BRASÍLIA;DF;MULTICINE CINEMAS LTDA;07.609.246/0001-04
30/09/2020;30/09/2020 17:00:00;SPYCIES;AGENTES SELVAGENS;E2000250100000;DUBLADO;NÃO;CHINA;5001078;UCI ORIENT SHOPPING DA BAHIA - SALA 06;13;6000060;2606;6586;SALVADOR;BA;UCI-ORIENT LTDA;01.562.356/0001-81
30/09/2020;30/09/2020 17:00:00;THE GENTLEMEN;MAGNATAS DO CRIME;E2000005600000;DUBLADO;NÃO;ESTADOS UNIDOS;5001522;MOVIECOM BURITI 4;1;6000100;2897;2893;APARECIDA DE GOIÂNIA;GO;MOVIE CINEMAS LTDA;04.708.972/0001-96
30/09/2020;30/09/2020 17:00:00;THE GENTLEMEN;MAGNATAS DO CRIME;E2000005600000;DUBLADO;NÃO;ESTADOS UNIDOS;5001494;MOVIECOM TIVOLI 3;0;6000100;2914;2917;SANTA BÁRBARA D'OESTE;SP;CINEMATOGRÁFICA PASSOS LTDA;01.688.909/0001-47
30/09/2020;30/09/2020 17:00:00;THE SECRET: DARE TO DREAM;O SEGREDO: OUSE SONHAR;E2000080600000;DUBLADO;NÃO;ESTADOS UNIDOS;5005697;CINEPOLIS RIOMAR KENNEDY - SALA 06;7;6000024;17266;34309;FORTALEZA;CE;CINEPOLIS OPERADORA DE CINEMAS DO BRASIL LTDA;09.652.820/0001-32
30/09/2020;30/09/2020 17:00:01;SCOOB!;SCOOBY - O FILME;E2000026400000;DUBLADO;NÃO;ESTADOS UNIDOS;5006073;CINE A ALTAMIRA SALA 03;6;6000008;28464;33426;ALTAMIRA;PA;CINE A MARABA LTDA;21.160.773/0001-05
30/09/2020;30/09/2020 17:05:00;SCOOB!;SCOOBY - O FILME;E2000026400000;DUBLADO;NÃO;ESTADOS UNIDOS;5005338;CINEMAS BENFICA - SALA 4;2;;15690;15691;FORTALEZA;CE;CINEMAS BENFICA LTDA;07.509.597/0001-43
30/09/2020;30/09/2020 17:10:00;BLACK PANTHER;PANTERA NEGRA;E1700512400000;DUBLADO;NÃO;ESTADOS UNIDOS;5005014;MOVIECOM PATIO BELÉM 6;21;6000100;2897;13915;BELÉM;PA;MOVIE CINEMAS LTDA;04.708.972/0001-96
30/09/2020;30/09/2020 17:10:00;BLOODSHOT;BLOODSHOT;E1900579400000;DUBLADO;NÃO;ESTADOS UNIDOS;5000163;NORTH SHOPPING 4;3;6000037;1991;2414;FORTALEZA;CE;EMPRESA CINEMAS SÃO LUIZ S/A;33.497.660/0001-89
30/09/2020;30/09/2020 17:10:00;FANTASY ISLAND;A ILHA DA FANTASIA;E1900579500000;DUBLADO;NÃO;ESTADOS UNIDOS;5005104;CINÉPOLIS CAMPINAS SHOPPING - SALA 5;5;6000024;17266;30090;CAMPINAS;SP;CINEPOLIS OPERADORA DE CINEMAS DO BRASIL LTDA;09.652.820/0001-32
30/09/2020;30/09/2020 17:10:00;FANTASY ISLAND;A ILHA DA FANTASIA;E1900579500000;DUBLADO;NÃO;ESTADOS UNIDOS;5006383;GRUPOCINE SANTA ISABEL 01;2;6000034;44276;44277;SANTA ISABEL;SP;EMPRESA CINEMATOGRAFICA BOMBOCINE LTDA;21.298.337/0001-05
30/09/2020;30/09/2020 17:10:00;FANTASY ISLAND;A ILHA DA FANTASIA;E1900579500000;DUBLADO;NÃO;ESTADOS UNIDOS;5004700;SALA RIOMAR 7 - TRADICIONAL;2;6000024;17266;27076;FORTALEZA;CE;CINEPOLIS OPERADORA DE CINEMAS DO BRASIL LTDA;09.652.820/0001-32
30/09/2020;30/09/2020 17:10:00;FANTASY ISLAND;A ILHA DA FANTASIA;E1900579500000;DUBLADO;NÃO;ESTADOS UNIDOS;5005430;UCI BRASIL - SHOPPING BOSQUE GRÃO PARÁ SALA 05;12;6000058;749;32026;BELÉM;PA;UNITED CINEMAS INTERNATIONAL BRASIL LTDA.;01.289.530/0001-64
30/09/2020;30/09/2020 17:10:00;SCOOB!;SCOOBY - O FILME;E2000026400000;DUBLADO;NÃO;ESTADOS UNIDOS;5001482;MOVIECOM MAXI 3;28;6000100;2912;2913;JUNDIAÍ;SP;MAXI CINEMATOGRÁFICA LTDA;05.279.756/0001-35
30/09/2020;30/09/2020 17:10:00;SPYCIES;AGENTES SELVAGENS;E2000250100000;DUBLADO;NÃO;CHINA;5005931;MOBI CINE AÇAILÂNDIA SALA 03;0;6000040;38236;38237;AÇAILÂNDIA;MA;C A V LEMOS E CIA LTDA - ME;14.717.191/0001-11
30/09/2020;30/09/2020 17:10:00;SPYCIES;AGENTES SELVAGENS;E2000250100000;DUBLADO;NÃO;CHINA;5005958;MOBI CINE REDENÇÃO SALA 3;3;6000040;28561;38513;REDENÇÃO;PA;C A VIEIRA LEMOS E CIA LTDA;20.334.881/0001-94
30/09/2020;30/09/2020 17:10:00;SPYCIES;AGENTES SELVAGENS;E2000250100000;DUBLADO;NÃO;CHINA;5005381;MOBI CINE TUCURUÍ - SALA 3;2;6000040;28561;31594;TUCURUÍ;PA;C A VIEIRA LEMOS E CIA LTDA;20.334.881/0001-94
30/09/2020;30/09/2020 17:10:00;WONDER WOMAN;MULHER-MARAVILHA;E1700197900000;DUBLADO;NÃO;ESTADOS UNIDOS;5001524;MOVIECOM BURITI 6;2;6000100;2897;2893;APARECIDA DE GOIÂNIA;GO;MOVIE CINEMAS LTDA;04.708.972/0001-96
30/09/2020;30/09/2020 17:15:00;ESCAPE FROM PRETORIA;FUGA DE PRETÓRIA;E2000249400000;ORIGINAL;SIM;ÁFRICA DO SUL;5006216;SALA 08 - VIP;2;6000024;17266;17729;SALVADOR;BA;CINEPOLIS OPERADORA DE CINEMAS DO BRASIL LTDA;09.652.820/0001-32
30/09/2020;30/09/2020 17:15:00;FANTASY ISLAND;A ILHA DA FANTASIA;E1900579500000;DUBLADO;NÃO;ESTADOS UNIDOS;5005164;CINÉPOLIS MANAUS PLAZA - SALA 8;4;6000024;17266;30118;MANAUS;AM;CINEPOLIS OPERADORA DE CINEMAS DO BRASIL LTDA;09.652.820/0001-32
30/09/2020;30/09/2020 17:15:00;FANTASY ISLAND;A ILHA DA FANTASIA;E1900579500000;DUBLADO;NÃO;ESTADOS UNIDOS;5005098;CINÉPOLIS SÃO GONÇALO SHOPPING - SALA 7;11;6000024;17266;30088;SÃO GONÇALO;RJ;CINEPOLIS OPERADORA DE CINEMAS DO BRASIL LTDA;09.652.820/0001-32
30/09/2020;30/09/2020 17:15:00;FANTASY ISLAND;A ILHA DA FANTASIA;E1900579500000;DUBLADO;NÃO;ESTADOS UNIDOS;5003588;JUNDIAI SHOPPING 01;0;6000024;17266;22674;JUNDIAÍ;SP;CINEPOLIS OPERADORA DE CINEMAS DO BRASIL LTDA;09.652.820/0001-32
30/09/2020;30/09/2020 17:15:00;FANTASY ISLAND;A ILHA DA FANTASIA;E1900579500000;DUBLADO;NÃO;ESTADOS UNIDOS;5001484;MOVIECOM MAXI 4;4;6000100;2912;2913;JUNDIAÍ;SP;MAXI CINEMATOGRÁFICA LTDA;05.279.756/0001-35
30/09/2020;30/09/2020 17:15:00;FANTASY ISLAND;A ILHA DA FANTASIA;E1900579500000;DUBLADO;NÃO;ESTADOS UNIDOS;5001492;MOVIECOM TIVOLI 1;7;6000100;2914;2917;SANTA BÁRBARA D'OESTE;SP;CINEMATOGRÁFICA PASSOS LTDA;01.688.909/0001-47
30/09/2020;30/09/2020 17:15:00;SCOOB!;SCOOBY - O FILME;E2000026400000;DUBLADO;NÃO;ESTADOS UNIDOS;5005505;CINE A BRAGANÇA PAULISTA SALA 2;0;6000008;3227;32481;BRAGANÇA PAULISTA;SP;CINE A BRAGANCA PAULISTA LTDA;41.861.923/0001-15
30/09/2020;30/09/2020 17:15:00;THE GENTLEMEN;MAGNATAS DO CRIME;E2000005600000;DUBLADO;NÃO;ESTADOS UNIDOS;5005354;CINESYSTEM SANTARÉM SALA 04;3;6000027;22546;31524;SANTARÉM;PA;REDECINE BRA CINEMATOGRÁFICA S.A.;15.422.993/0001-67
30/09/2020;30/09/2020 17:20:00;FANTASY ISLAND;A ILHA DA FANTASIA;E1900579500000;DUBLADO;NÃO;ESTADOS UNIDOS;5001520;MOVIECOM BURITI 2;8;6000100;2897;2893;APARECIDA DE GOIÂNIA;GO;MOVIE CINEMAS LTDA;04.708.972/0001-96
30/09/2020;30/09/2020 17:20:00;MINHA MÃE É UMA PEÇA 3;;B1900576900000;ORIGINAL;NÃO;BRASIL;5005979;CINESYSTEM ANANINDEUA SALA 05;7;6000027;22546;38898;ANANINDEUA;PA;REDECINE BRA CINEMATOGRÁFICA S.A.;15.422.993/0001-67
30/09/2020;30/09/2020 17:20:00;Mostras e Festivais;;G0000000000004;ORIGINAL;SIM;;5000123;KINOPLEX D. PEDRO 10 - PLATINUM;0;6000037;1991;2404;CAMPINAS;SP;EMPRESA CINEMAS SÃO LUIZ S/A;33.497.660/0001-89
30/09/2020;30/09/2020 17:20:00;QUEEN OF SPADES: THROUGH THE LOOKING GLASS;A MALDIÇÃO DO ESPELHO;E1900574500000;ORIGINAL;SIM;RÚSSIA;5000735;UCI - SHOPPING CENTER IGUATEMI FORTALEZA - SALA 04;3;6000059;2612;2616;FORTALEZA;CE;UCI RIBEIRO LTDA;02.117.937/0001-77
30/09/2020;30/09/2020 17:20:00;THE GENTLEMEN;MAGNATAS DO CRIME;E2000005600000;DUBLADO;NÃO;ESTADOS UNIDOS;5006384;GRUPOCINE SANTA ISABEL 02;0;6000034;44276;44277;SANTA ISABEL;SP;EMPRESA CINEMATOGRAFICA BOMBOCINE LTDA;21.298.337/0001-05
30/09/2020;30/09/2020 17:20:00;THE GENTLEMEN;MAGNATAS DO CRIME;E2000005600000;DUBLADO;NÃO;ESTADOS UNIDOS;5001491;MOVIECOM MAXI 6;0;6000100;2912;2913;JUNDIAÍ;SP;MAXI CINEMATOGRÁFICA LTDA;05.279.756/0001-35
30/09/2020;30/09/2020 17:20:00;THE SECRET: DARE TO DREAM;O SEGREDO: OUSE SONHAR;E2000080600000;ORIGINAL;SIM;ESTADOS UNIDOS;5006307;GALLERIA CAMPINAS 04 - VIP;0;6000024;17266;43208;CAMPINAS;SP;CINEPOLIS OPERADORA DE CINEMAS DO BRASIL LTDA;09.652.820/0001-32
30/09/2020;30/09/2020 17:20:00;THE SECRET: DARE TO DREAM;O SEGREDO: OUSE SONHAR;E2000080600000;DUBLADO;NÃO;ESTADOS UNIDOS;5006543;PARAISO MEGA CENTER 2;3;6000045;5935;45579;VALPARAÍSO DE GOIÁS;GO;MULTICINE CINEMAS LTDA;07.609.246/0001-04
30/09/2020;30/09/2020 17:25:00;MINHA MÃE É UMA PEÇA;;B1301808100000;ORIGINAL;NÃO;BRASIL;5001083;UCI ORIENT SHOPPING DA BAHIA - SALA 11;2;6000060;2606;6586;SALVADOR;BA;UCI-ORIENT LTDA;01.562.356/0001-81
30/09/2020;30/09/2020 17:25:00;MINIONS;MINIONS;E1500311600000;DUBLADO;NÃO;ESTADOS UNIDOS;5001604;CINE 3 FERRY BOAT´S PLAZA 1;4;;5294;6684;GUARUJÁ;SP;SOBRAL EVENTOS E ENTRETENIMENTO LTDA;07.159.860/0001-11
30/09/2020;30/09/2020 17:25:00;THE GENTLEMEN;MAGNATAS DO CRIME;E2000005600000;DUBLADO;NÃO;ESTADOS UNIDOS;5005980;CINESYSTEM ANANINDEUA SALA 06;4;6000027;22546;38898;ANANINDEUA;PA;REDECINE BRA CINEMATOGRÁFICA S.A.;15.422.993/0001-67
30/09/2020;30/09/2020 17:30:00;BIRDS OF PREY (AND THE FANTABULOUS EMANCIPATION OF ONE HARLEY QUINN);AVES DE RAPINA (ARLEQUINA E SUA EMANCIPAÇÃO FANTABULOSA);E1900628800000;DUBLADO;NÃO;ESTADOS UNIDOS;5006258;CIRCUITO PONTA PORA 02;4;6000028;15568;42557;PONTA PORÃ;MS;CIRCUITO ENTRETENIMENTO E CINEMAS LTDA;08.068.712/0001-54
30/09/2020;30/09/2020 17:30:00;BLACK PANTHER;PANTERA NEGRA;E1700512400000;DUBLADO;NÃO;ESTADOS UNIDOS;5005191;ATLÂNTICO;0;6000034;30170;30172;AQUIDAUANA;MS;ATLANTICO CINE LTDA - EPP;22.455.854/0001-03
30/09/2020;30/09/2020 17:30:00;E.T;E.T. O EXTRATERRESTRE;E1500491000000;DUBLADO;NÃO;ESTADOS UNIDOS;5003095;TOPAZIO POLO SHOPPING 2;0;6000057;2968;19182;INDAIATUBA;SP;LUI CINEMATOGRÁFICA LTDA.;71.912.711/0001-80
30/09/2020;30/09/2020 17:30:00;EL ROBO DEL SIGLO;O ROUBO DO SÉCULO;E2000030900000;ORIGINAL;SIM;ARGENTINA;5005152;CINÉPOLIS MILLENNIUM - SALA 4;4;6000024;17266;30116;MANAUS;AM;CINEPOLIS OPERADORA DE CINEMAS DO BRASIL LTDA;09.652.820/0001-32
30/09/2020;30/09/2020 17:30:00;FANTASY ISLAND;A ILHA DA FANTASIA;E1900579500000;DUBLADO;NÃO;ESTADOS UNIDOS;5005707;CENTERPLEX GRAND SHOPPING MESSEJANA SALA 02;2;6000006;16321;34486;FORTALEZA;CE;EMPRESA DE CINEMAS FORTALEZA LTDA;10.785.710/0001-28
30/09/2020;30/09/2020 17:30:00;FANTASY ISLAND;A ILHA DA FANTASIA;E1900579500000;DUBLADO;NÃO;ESTADOS UNIDOS;5005925;CENTERPLEX GRANDE CIRCULAR 02;4;6000006;38234;38235;MANAUS;AM;CINE ELI AMAZONAS CINEMAS LTDA - EM RECUPERAÇÃO JUDICIAL;28.619.116/0001-22
30/09/2020;30/09/2020 17:30:00;FANTASY ISLAND;A ILHA DA FANTASIA;E1900579500000;DUBLADO;NÃO;ESTADOS UNIDOS;5002829;CENTERPLEX MARACANAU SALA 01;2;6000006;16321;16969;MARACANAÚ;CE;EMPRESA DE CINEMAS FORTALEZA LTDA;10.785.710/0001-28
30/09/2020;30/09/2020 17:30:00;FANTASY ISLAND;A ILHA DA FANTASIA;E1900579500000;DUBLADO;NÃO;ESTADOS UNIDOS;5001149;CINE PORTO;5;;2351;2352;UBATUBA;SP;CINEMATOGRÁFICA LITORAL NORTE LTDA-EPP;04.165.613/0001-30
30/09/2020;30/09/2020 17:30:00;FANTASY ISLAND;A ILHA DA FANTASIA;E1900579500000;ORIGINAL;SIM;ESTADOS UNIDOS;5005309;CINEFLIX VÁRZEA GRANDE SHOPPING - SALA 6;0;6000014;24534;31101;VÁRZEA GRANDE;MT;REDECINE BSB CINEMATOGRÁFICA LTDA;18.087.870/0001-05
30/09/2020;30/09/2020 17:30:00;FANTASY ISLAND;A ILHA DA FANTASIA;E1900579500000;DUBLADO;NÃO;ESTADOS UNIDOS;5001505;MOVIECOM CASTANHEIRA 7;8;6000100;2897;2896;BELÉM;PA;MOVIE CINEMAS LTDA;04.708.972/0001-96
30/09/2020;30/09/2020 17:30:00;FANTASY ISLAND;A ILHA DA FANTASIA;E1900579500000;DUBLADO;NÃO;ESTADOS UNIDOS;5002257;MOVIECOM PATIO BELÉM 2;21;6000100;2897;13915;BELÉM;PA;MOVIE CINEMAS LTDA;04.708.972/0001-96
30/09/2020;30/09/2020 17:30:00;FANTASY ISLAND;A ILHA DA FANTASIA;E1900579500000;DUBLADO;NÃO;ESTADOS UNIDOS;5004432;MOVIECOM UNIMART 6;3;6000100;2897;5573;CAMPINAS;SP;MOVIE CINEMAS LTDA;04.708.972/0001-96
30/09/2020;30/09/2020 17:30:00;FANTASY ISLAND;A ILHA DA FANTASIA;E1900579500000;DUBLADO;NÃO;ESTADOS UNIDOS;5000161;NORTH SHOPPING 2;7;6000037;1991;2414;FORTALEZA;CE;EMPRESA CINEMAS SÃO LUIZ S/A;33.497.660/0001-89
30/09/2020;30/09/2020 17:30:00;MINIONS;MINIONS;E1500311600000;DUBLADO;NÃO;ESTADOS UNIDOS;5004587;UCI ORIENT SHOPPING BARRA SALA 5;2;6000060;2606;26893;SALVADOR;BA;UCI-ORIENT LTDA;01.562.356/0001-81
30/09/2020;30/09/2020 17:30:00;QUEEN OF SPADES: THROUGH THE LOOKING GLASS;A MALDIÇÃO DO ESPELHO;E1900574500000;DUBLADO;NÃO;RÚSSIA;5005977;CINESYSTEM ANANINDEUA SALA 03;6;6000027;22546;38898;ANANINDEUA;PA;REDECINE BRA CINEMATOGRÁFICA S.A.;15.422.993/0001-67
30/09/2020;30/09/2020 17:30:00;QUEEN OF SPADES: THROUGH THE LOOKING GLASS;A MALDIÇÃO DO ESPELHO;E1900574500000;DUBLADO;NÃO;RÚSSIA;5001493;MOVIECOM MAXI 7;7;6000100;2912;2913;JUNDIAÍ;SP;MAXI CINEMATOGRÁFICA LTDA;05.279.756/0001-35
30/09/2020;30/09/2020 17:30:00;QUEEN OF SPADES: THROUGH THE LOOKING GLASS;A MALDIÇÃO DO ESPELHO;E1900574500000;DUBLADO;NÃO;RÚSSIA;5002929;SALA 01;8;6000024;17266;17729;SALVADOR;BA;CINEPOLIS OPERADORA DE CINEMAS DO BRASIL LTDA;09.652.820/0001-32
30/09/2020;30/09/2020 17:30:00;QUEEN OF SPADES: THROUGH THE LOOKING GLASS;A MALDIÇÃO DO ESPELHO;E1900574500000;DUBLADO;NÃO;RÚSSIA;5003481;SALA CINEPOLIS BELA VISTA 09;11;6000024;17266;21610;SALVADOR;BA;CINEPOLIS OPERADORA DE CINEMAS DO BRASIL LTDA;09.652.820/0001-32
30/09/2020;30/09/2020 17:30:00;QUEEN OF SPADES: THROUGH THE LOOKING GLASS;A MALDIÇÃO DO ESPELHO;E1900574500000;DUBLADO;NÃO;RÚSSIA;5004473;SALA CINEPOLIS NORTH SHOPPING JOQUEI 03;7;6000024;17266;25960;FORTALEZA;CE;CINEPOLIS OPERADORA DE CINEMAS DO BRASIL LTDA;09.652.820/0001-32
30/09/2020;30/09/2020 17:30:00;SCOOB!;SCOOBY - O FILME;E2000026400000;DUBLADO;NÃO;ESTADOS UNIDOS;5004571;ASTON SALA 2;0;;16209;16210;PARANAVAÍ;PR;SBPO ENTRETENIMENTOS LTDA;04.096.720/0001-53
30/09/2020;30/09/2020 17:30:00;SCOOB!;SCOOBY - O FILME;E2000026400000;DUBLADO;NÃO;ESTADOS UNIDOS;5002824;CENTERPLEX VIA SUL SHOPPING 3;8;6000006;16321;16322;FORTALEZA;CE;EMPRESA DE CINEMAS FORTALEZA LTDA;10.785.710/0001-28
30/09/2020;30/09/2020 17:30:00;SCOOB!;SCOOBY - O FILME;E2000026400000;DUBLADO;NÃO;ESTADOS UNIDOS;5006217;CINE LAGUNA 2;10;6000141;24511;24512;ALAGOINHAS;BA;VICTORY EVENTOS & TURISMO LTDA;05.607.525/0001-03
30/09/2020;30/09/2020 17:30:00;SCOOB!;SCOOBY - O FILME;E2000026400000;DUBLADO;NÃO;ESTADOS UNIDOS;5005163;CINÉPOLIS MANAUS PLAZA - SALA 7;3;6000024;17266;30118;MANAUS;AM;CINEPOLIS OPERADORA DE CINEMAS DO BRASIL LTDA;09.652.820/0001-32
30/09/2020;30/09/2020 17:30:00;SCOOB!;SCOOBY - O FILME;E2000026400000;DUBLADO;NÃO;ESTADOS UNIDOS;5002726;SALA CINE PLAYARTE MANAUARA 06;14;6000049;260;16356;MANAUS;AM;PLAYARTE CINEMAS LTDA.;60.434.149/0001-00
30/09/2020;30/09/2020 17:30:00;THE GENTLEMEN;MAGNATAS DO CRIME;E2000005600000;DUBLADO;NÃO;ESTADOS UNIDOS;5005325;UCI BRASIL - SUMAÚMA PARK SHOPPING MANAUS SALA 02;4;6000058;749;31265;MANAUS;AM;UNITED CINEMAS INTERNATIONAL BRASIL LTDA.;01.289.530/0001-64
30/09/2020;30/09/2020 17:30:00;THE SECRET: DARE TO DREAM;O SEGREDO: OUSE SONHAR;E2000080600000;DUBLADO;NÃO;ESTADOS UNIDOS;5005107;CINÉPOLIS CAMPINAS SHOPPING - SALA 8;12;6000024;17266;30090;CAMPINAS;SP;CINEPOLIS OPERADORA DE CINEMAS DO BRASIL LTDA;09.652.820/0001-32
30/09/2020;30/09/2020 17:30:00;THE SECRET: DARE TO DREAM;O SEGREDO: OUSE SONHAR;E2000080600000;DUBLADO;NÃO;ESTADOS UNIDOS;5003488;SALA PQ.BELEM 07;8;6000024;17266;21616;BELÉM;PA;CINEPOLIS OPERADORA DE CINEMAS DO BRASIL LTDA;09.652.820/0001-32
30/09/2020;30/09/2020 17:35:00;FANTASY ISLAND;A ILHA DA FANTASIA;E1900579500000;DUBLADO;NÃO;ESTADOS UNIDOS;5005693;CINEPOLIS RIOMAR KENNEDY - SALA 02;8;6000024;17266;34309;FORTALEZA;CE;CINEPOLIS OPERADORA DE CINEMAS DO BRASIL LTDA;09.652.820/0001-32
30/09/2020;30/09/2020 17:35:00;FANTASY ISLAND;A ILHA DA FANTASIA;E1900579500000;DUBLADO;NÃO;ESTADOS UNIDOS;5002938;SALA 04;10;6000024;17266;17763;BELÉM;PA;CINEPOLIS OPERADORA DE CINEMAS DO BRASIL LTDA;09.652.820/0001-32
30/09/2020;30/09/2020 17:40:00;FANTASY ISLAND;A ILHA DA FANTASIA;E1900579500000;DUBLADO;NÃO;ESTADOS UNIDOS;5004186;CINEFLIX JK SHOPPING - SALA 3;4;6000014;24534;24535;BRASÍLIA;DF;REDECINE BSB CINEMATOGRÁFICA LTDA;18.087.870/0001-05
30/09/2020;30/09/2020 17:40:00;FANTASY ISLAND;A ILHA DA FANTASIA;E1900579500000;DUBLADO;NÃO;ESTADOS UNIDOS;5002678;ORIENT CINE PARELELA - SALA 03;8;6000060;2606;16207;SALVADOR;BA;UCI-ORIENT LTDA;01.562.356/0001-81
30/09/2020;30/09/2020 17:40:00;FANTASY ISLAND;A ILHA DA FANTASIA;E1900579500000;DUBLADO;NÃO;ESTADOS UNIDOS;5006474;REDECINE SUMARE 03;0;6000014;5654;44547;SUMARÉ;SP;REDECINE-CPQ CINEMATOGRÁFICA LTDA;07.665.262/0001-14
30/09/2020;30/09/2020 17:40:00;MINHA MÃE É UMA PEÇA;;B1301808100000;ORIGINAL;NÃO;BRASIL;5006387;GRUPOCINE VALINHOS 03;0;6000034;44276;44278;VALINHOS;SP;EMPRESA CINEMATOGRAFICA BOMBOCINE LTDA;21.298.337/0001-05
30/09/2020;30/09/2020 17:40:00;Mostras e Festivais;;G0000000000004;ORIGINAL;SIM;;5000321;SHOPPING IGUATEMI 7;0;6000018;1843;2538;CAMPINAS;SP;CINEMARK BRASIL S.A;00.779.721/0001-41
30/09/2020;30/09/2020 17:40:00;QUEEN OF SPADES: THROUGH THE LOOKING GLASS;A MALDIÇÃO DO ESPELHO;E1900574500000;DUBLADO;NÃO;RÚSSIA;5005633;CINEMARK FOZ DO IGUAÇU SALA 04;0;6000018;1843;33653;FOZ DO IGUAÇU;PR;CINEMARK BRASIL S.A;00.779.721/0001-41
30/09/2020;30/09/2020 17:40:00;QUEEN OF SPADES: THROUGH THE LOOKING GLASS;A MALDIÇÃO DO ESPELHO;E1900574500000;DUBLADO;NÃO;RÚSSIA;5001623;CINEMARK JACAREI 4;8;6000018;5130;6664;JACAREÍ;SP;CINE PRIME CINEMA LTDA;05.897.142/0001-17
30/09/2020;30/09/2020 17:40:00;SCOOB!;SCOOBY - O FILME;E2000026400000;DUBLADO;NÃO;ESTADOS UNIDOS;5002564;CINE CATARATAS 1;5;;15565;15566;FOZ DO IGUAÇU;PR;CINE CATARATAS LTDA;09.010.219/0001-46
30/09/2020;30/09/2020 17:40:00;SCOOB!;SCOOBY - O FILME;E2000026400000;DUBLADO;NÃO;ESTADOS UNIDOS;5003589;JUNDIAI SHOPPING 02;0;6000024;17266;22674;JUNDIAÍ;SP;CINEPOLIS OPERADORA DE CINEMAS DO BRASIL LTDA;09.652.820/0001-32
30/09/2020;30/09/2020 17:40:00;SCOOB!;SCOOBY - O FILME;E2000026400000;DUBLADO;NÃO;ESTADOS UNIDOS;5003473;SALA CINEPOLIS BELA VISTA 01;18;6000024;17266;21610;SALVADOR;BA;CINEPOLIS OPERADORA DE CINEMAS DO BRASIL LTDA;09.652.820/0001-32
30/09/2020;30/09/2020 17:40:00;THE GENTLEMEN;MAGNATAS DO CRIME;E2000005600000;ORIGINAL;SIM;ESTADOS UNIDOS;5004366;SALA CINEPOLIS PONTA NEGRA 03 VIP;0;6000024;17266;25193;MANAUS;AM;CINEPOLIS OPERADORA DE CINEMAS DO BRASIL LTDA;09.652.820/0001-32
30/09/2020;30/09/2020 17:40:00;THE SECRET: DARE TO DREAM;O SEGREDO: OUSE SONHAR;E2000080600000;DUBLADO;NÃO;ESTADOS UNIDOS;5005160;CINÉPOLIS MANAUS PLAZA - SALA 4;2;6000024;17266;30118;MANAUS;AM;CINEPOLIS OPERADORA DE CINEMAS DO BRASIL LTDA;09.652.820/0001-32
30/09/2020;30/09/2020 17:45:00;ESCAPE FROM PRETORIA;FUGA DE PRETÓRIA;E2000249400000;DUBLADO;NÃO;ÁFRICA DO SUL;5004189;CINEFLIX JK SHOPPING - SALA 6;5;6000014;24534;24535;BRASÍLIA;DF;REDECINE BSB CINEMATOGRÁFICA LTDA;18.087.870/0001-05
30/09/2020;30/09/2020 17:45:00;FANTASY ISLAND;A ILHA DA FANTASIA;E1900579500000;DUBLADO;NÃO;ESTADOS UNIDOS;5002711;CENTERPLEX VIA SUL SHOPPING 1;0;6000006;16321;16322;FORTALEZA;CE;EMPRESA DE CINEMAS FORTALEZA LTDA;10.785.710/0001-28
30/09/2020;30/09/2020 17:45:00;Mostras e Festivais;;G0000000000004;DUBLADO;NÃO;;5003283;MULTICINE JATAÍ 01;0;6000045;5935;19793;JATAÍ;GO;MULTICINE CINEMAS LTDA;07.609.246/0001-04
30/09/2020;30/09/2020 17:45:00;Mostras e Festivais;;G0000000000004;ORIGINAL;SIM;;5004474;SALA CINEPOLIS NORTH SHOPPING JOQUEI 04;4;6000024;17266;25960;FORTALEZA;CE;CINEPOLIS OPERADORA DE CINEMAS DO BRASIL LTDA;09.652.820/0001-32
30/09/2020;30/09/2020 17:45:00;SCOOB!;SCOOBY - O FILME;E2000026400000;DUBLADO;NÃO;ESTADOS UNIDOS;5006386;GRUPOCINE VALINHOS 02;1;6000034;44276;44278;VALINHOS;SP;EMPRESA CINEMATOGRAFICA BOMBOCINE LTDA;21.298.337/0001-05
30/09/2020;30/09/2020 17:45:00;THE GENTLEMEN;MAGNATAS DO CRIME;E2000005600000;DUBLADO;NÃO;ESTADOS UNIDOS;5006358;MULTICINE IANDE SHOPPING 3;0;6000045;5935;43968;CAUCAIA;CE;MULTICINE CINEMAS LTDA;07.609.246/0001-04
30/09/2020;30/09/2020 17:45:00;THE GENTLEMEN;MAGNATAS DO CRIME;E2000005600000;DUBLADO;NÃO;ESTADOS UNIDOS;5006476;REDECINE SUMARE 05;0;6000014;5654;44547;SUMARÉ;SP;REDECINE-CPQ CINEMATOGRÁFICA LTDA;07.665.262/0001-14
30/09/2020;30/09/2020 17:45:00;THE SECRET: DARE TO DREAM;O SEGREDO: OUSE SONHAR;E2000080600000;DUBLADO;NÃO;ESTADOS UNIDOS;5005319;CINEFLIX SHOPPING PRAÇA NOVA ARAÇATUBA - SALA 04;2;6000014;25182;31153;ARAÇATUBA;SP;REDECINE SUL CINEMAS LTDA.;18.672.374/0001-19
30/09/2020;30/09/2020 17:50:00;ESCAPE FROM PRETORIA;FUGA DE PRETÓRIA;E2000249400000;ORIGINAL;SIM;ÁFRICA DO SUL;5004697;SALA RIOMAR 4 -VIP;0;6000024;17266;27076;FORTALEZA;CE;CINEPOLIS OPERADORA DE CINEMAS DO BRASIL LTDA;09.652.820/0001-32
30/09/2020;30/09/2020 17:50:00;FANTASY ISLAND;A ILHA DA FANTASIA;E1900579500000;DUBLADO;NÃO;ESTADOS UNIDOS;5006345;CINE SÃO JOSÉ 01;0;;35523;43768;JEQUIÉ;BA;CINE SÃO JOSÉ ENTRETENIMENTO LTDA - ME;26.915.517/0001-02
30/09/2020;30/09/2020 17:50:00;FANTASY ISLAND;A ILHA DA FANTASIA;E1900579500000;DUBLADO;NÃO;ESTADOS UNIDOS;5000128;KINOPLEX D. PEDRO 15;11;6000037;1991;2404;CAMPINAS;SP;EMPRESA CINEMAS SÃO LUIZ S/A;33.497.660/0001-89
30/09/2020;30/09/2020 17:50:00;FANTASY ISLAND;A ILHA DA FANTASIA;E1900579500000;ORIGINAL;SIM;ESTADOS UNIDOS;5004583;UCI ORIENT SHOPPING BARRA SALA 1;2;6000060;2606;26893;SALVADOR;BA;UCI-ORIENT LTDA;01.562.356/0001-81
30/09/2020;30/09/2020 17:50:00;QUEEN OF SPADES: THROUGH THE LOOKING GLASS;A MALDIÇÃO DO ESPELHO;E1900574500000;DUBLADO;NÃO;RÚSSIA;5002724;SALA CINE PLAYARTE MANAUARA 08;4;6000049;260;16356;MANAUS;AM;PLAYARTE CINEMAS LTDA.;60.434.149/0001-00
30/09/2020;30/09/2020 17:50:00;SCOOB!;SCOOBY - O FILME;E2000026400000;DUBLADO;NÃO;ESTADOS UNIDOS;5000924;MOVIECOM TIVOLI 2;8;6000100;2914;2917;SANTA BÁRBARA D'OESTE;SP;CINEMATOGRÁFICA PASSOS LTDA;01.688.909/0001-47
30/09/2020;30/09/2020 17:50:00;THE GENTLEMEN;MAGNATAS DO CRIME;E2000005600000;DUBLADO;NÃO;ESTADOS UNIDOS;5004437;MOVIECOM PÁTIO MARABÁ 5;0;6000100;2897;25394;MARABÁ;PA;MOVIE CINEMAS LTDA;04.708.972/0001-96
30/09/2020;30/09/2020 17:50:00;THE GENTLEMEN;MAGNATAS DO CRIME;E2000005600000;DUBLADO;NÃO;ESTADOS UNIDOS;5001708;MOVIECOM UNIMART 3;0;6000100;2897;5573;CAMPINAS;SP;MOVIE CINEMAS LTDA;04.708.972/0001-96
30/09/2020;30/09/2020 17:55:00;THE GENTLEMEN;MAGNATAS DO CRIME;E2000005600000;DUBLADO;NÃO;ESTADOS UNIDOS;5004188;CINEFLIX JK SHOPPING - SALA 5;0;6000014;24534;24535;BRASÍLIA;DF;REDECINE BSB CINEMATOGRÁFICA LTDA;18.087.870/0001-05
30/09/2020;30/09/2020 18:00:00;EL ROBO DEL SIGLO;O ROUBO DO SÉCULO;E2000030900000;ORIGINAL;SIM;ARGENTINA;5001101;CINE TOPÁZIO 2;0;6000057;2968;6742;INDAIATUBA;SP;LUI CINEMATOGRÁFICA LTDA.;71.912.711/0001-80
30/09/2020;30/09/2020 18:00:00;EL ROBO DEL SIGLO;O ROUBO DO SÉCULO;E2000030900000;ORIGINAL;SIM;ARGENTINA;5002679;ORIENT CINE PARALELA - SALA 05;4;6000060;2606;16207;SALVADOR;BA;UCI-ORIENT LTDA;01.562.356/0001-81
30/09/2020;30/09/2020 18:00:00;EL ROBO DEL SIGLO;O ROUBO DO SÉCULO;E2000030900000;ORIGINAL;SIM;ARGENTINA;5000742;UCI - SHOPPING CENTER IGUATEMI FORTALEZA - SALA 11;1;6000059;2612;2616;FORTALEZA;CE;UCI RIBEIRO LTDA;02.117.937/0001-77
30/09/2020;30/09/2020 18:00:00;FANTASY ISLAND;A ILHA DA FANTASIA;E1900579500000;DUBLADO;NÃO;ESTADOS UNIDOS;5005806;CINEFLIX APARECIDA DE GOIANIA - SALA 2;4;6000014;24534;36838;APARECIDA DE GOIÂNIA;GO;REDECINE BSB CINEMATOGRÁFICA LTDA;18.087.870/0001-05
30/09/2020;30/09/2020 18:00:00;FANTASY ISLAND;A ILHA DA FANTASIA;E1900579500000;DUBLADO;NÃO;ESTADOS UNIDOS;5005149;CINÉPOLIS MILLENNIUM - SALA 1;0;6000024;17266;30116;MANAUS;AM;CINEPOLIS OPERADORA DE CINEMAS DO BRASIL LTDA;09.652.820/0001-32
30/09/2020;30/09/2020 18:00:00;FANTASY ISLAND;A ILHA DA FANTASIA;E1900579500000;DUBLADO;NÃO;ESTADOS UNIDOS;5002721;SALA CINE PLAYARTE MANAUARA 01;5;6000049;260;16356;MANAUS;AM;PLAYARTE CINEMAS LTDA.;60.434.149/0001-00
30/09/2020;30/09/2020 18:00:00;FANTASY ISLAND;A ILHA DA FANTASIA;E1900579500000;DUBLADO;NÃO;ESTADOS UNIDOS;5003483;SALA PQ.BELEM 02;16;6000024;17266;21616;BELÉM;PA;CINEPOLIS OPERADORA DE CINEMAS DO BRASIL LTDA;09.652.820/0001-32
30/09/2020;30/09/2020 18:00:00;FANTASY ISLAND;A ILHA DA FANTASIA;E1900579500000;DUBLADO;NÃO;ESTADOS UNIDOS;5001081;UCI ORIENT SHOPPING DA BAHIA - SALA 09;24;6000060;2606;6586;SALVADOR;BA;UCI-ORIENT LTDA;01.562.356/0001-81
30/09/2020;30/09/2020 18:00:00;HARRY POTTER AND THE PHILOSOPHER'S STONE;HARRY POTTER E A PEDRA FILOSOFAL;E1500138600000;DUBLADO;NÃO;ESTADOS UNIDOS;5000121;KINOPLEX D. PEDRO 8;12;6000037;1991;2404;CAMPINAS;SP;EMPRESA CINEMAS SÃO LUIZ S/A;33.497.660/0001-89
30/09/2020;30/09/2020 18:00:00;Mostras e Festivais;;G0000000000004;ORIGINAL;SIM;;5000125;KINOPLEX D. PEDRO 12;2;6000037;1991;2404;CAMPINAS;SP;EMPRESA CINEMAS SÃO LUIZ S/A;33.497.660/0001-89
30/09/2020;30/09/2020 18:00:00;QUEEN OF SPADES: THROUGH THE LOOKING GLASS;A MALDIÇÃO DO ESPELHO;E1900574500000;DUBLADO;NÃO;RÚSSIA;5005352;CINESYSTEM SANTARÉM SALA 02;4;6000027;22546;31524;SANTARÉM;PA;REDECINE BRA CINEMATOGRÁFICA S.A.;15.422.993/0001-67
30/09/2020;30/09/2020 18:00:00;QUEEN OF SPADES: THROUGH THE LOOKING GLASS;A MALDIÇÃO DO ESPELHO;E1900574500000;DUBLADO;NÃO;RÚSSIA;5005103;CINÉPOLIS CAMPINAS SHOPPING - SALA 4;0;6000024;17266;30090;CAMPINAS;SP;CINEPOLIS OPERADORA DE CINEMAS DO BRASIL LTDA;09.652.820/0001-32
30/09/2020;30/09/2020 18:00:00;QUEEN OF SPADES: THROUGH THE LOOKING GLASS;A MALDIÇÃO DO ESPELHO;E1900574500000;DUBLADO;NÃO;RÚSSIA;5000079;KINOPLEX AMAZONAS SALA 01;10;6000037;1991;2393;MANAUS;AM;EMPRESA CINEMAS SÃO LUIZ S/A;33.497.660/0001-89
30/09/2020;30/09/2020 18:00:00;QUEEN OF SPADES: THROUGH THE LOOKING GLASS;A MALDIÇÃO DO ESPELHO;E1900574500000;DUBLADO;NÃO;RÚSSIA;5004703;SALA RIOMAR 10 - TRADICIONAL;0;6000024;17266;27076;FORTALEZA;CE;CINEPOLIS OPERADORA DE CINEMAS DO BRASIL LTDA;09.652.820/0001-32
30/09/2020;30/09/2020 18:00:00;SCOOB!;SCOOBY - O FILME;E2000026400000;DUBLADO;NÃO;ESTADOS UNIDOS;5002102;CINE DRIVEIN;31;;5465;6715;BRASÍLIA;DF;STARK'S CINEMA E LANCHONETE LTDA.;32.917.296/0001-04
30/09/2020;30/09/2020 18:00:00;SCOOB!;SCOOBY - O FILME;E2000026400000;DUBLADO;NÃO;ESTADOS UNIDOS;5006346;CINE SÃO JOSÉ 02;5;;35523;43768;JEQUIÉ;BA;CINE SÃO JOSÉ ENTRETENIMENTO LTDA - ME;26.915.517/0001-02
30/09/2020;30/09/2020 18:00:00;SCOOB!;SCOOBY - O FILME;E2000026400000;DUBLADO;NÃO;ESTADOS UNIDOS;5005984;CINESYSTEM ANANINDEUA SALA 10;3;6000027;22546;38898;ANANINDEUA;PA;REDECINE BRA CINEMATOGRÁFICA S.A.;15.422.993/0001-67
30/09/2020;30/09/2020 18:00:00;SCOOB!;SCOOBY - O FILME;E2000026400000;DUBLADO;NÃO;ESTADOS UNIDOS;5006475;REDECINE SUMARE 04;0;6000014;5654;44547;SUMARÉ;SP;REDECINE-CPQ CINEMATOGRÁFICA LTDA;07.665.262/0001-14
30/09/2020;30/09/2020 18:00:00;THE GENTLEMEN;MAGNATAS DO CRIME;E2000005600000;DUBLADO;NÃO;ESTADOS UNIDOS;5005305;CINEFLIX VÁRZEA GRANDE SHOPPING - SALA 2;2;6000014;24534;31101;VÁRZEA GRANDE;MT;REDECINE BSB CINEMATOGRÁFICA LTDA;18.087.870/0001-05
30/09/2020;30/09/2020 18:00:00;THE SECRET: DARE TO DREAM;O SEGREDO: OUSE SONHAR;E2000080600000;DUBLADO;NÃO;ESTADOS UNIDOS;5005092;CINÉPOLIS SÃO GONÇALO SHOPPING - SALA 1;4;6000024;17266;30088;SÃO GONÇALO;RJ;CINEPOLIS OPERADORA DE CINEMAS DO BRASIL LTDA;09.652.820/0001-32
30/09/2020;30/09/2020 18:00:00;THE SECRET: DARE TO DREAM;O SEGREDO: OUSE SONHAR;E2000080600000;DUBLADO;NÃO;ESTADOS UNIDOS;5005270;MULTICINE SANTA MARIA SALA 01;0;6000045;5935;30733;BRASÍLIA;DF;MULTICINE CINEMAS LTDA;07.609.246/0001-04
30/09/2020;30/09/2020 18:00:00;THE SECRET: DARE TO DREAM;O SEGREDO: OUSE SONHAR;E2000080600000;DUBLADO;NÃO;ESTADOS UNIDOS;5002940;SALA 03;3;6000024;17266;17763;BELÉM;PA;CINEPOLIS OPERADORA DE CINEMAS DO BRASIL LTDA;09.652.820/0001-32
30/09/2020;30/09/2020 18:00:00;THE SECRET: DARE TO DREAM;O SEGREDO: OUSE SONHAR;E2000080600000;DUBLADO;NÃO;ESTADOS UNIDOS;5002928;SALA 05;7;6000024;17266;17729;SALVADOR;BA;CINEPOLIS OPERADORA DE CINEMAS DO BRASIL LTDA;09.652.820/0001-32
30/09/2020;30/09/2020 18:00:00;THE SECRET: DARE TO DREAM;O SEGREDO: OUSE SONHAR;E2000080600000;DUBLADO;NÃO;ESTADOS UNIDOS;5004373;SALA CINEPOLIS PONTA NEGRA 10 TRADICIONAL;4;6000024;17266;25193;MANAUS;AM;CINEPOLIS OPERADORA DE CINEMAS DO BRASIL LTDA;09.652.820/0001-32
30/09/2020;30/09/2020 18:00:00;TWILIGHT;CREPÚSCULO;E1600635500000;DUBLADO;NÃO;ESTADOS UNIDOS;5006385;GRUPOCINE VALINHOS 01;2;6000034;44276;44278;VALINHOS;SP;EMPRESA CINEMATOGRAFICA BOMBOCINE LTDA;21.298.337/0001-05
30/09/2020;30/09/2020 18:05:00;ESCAPE FROM PRETORIA;FUGA DE PRETÓRIA;E2000249400000;DUBLADO;NÃO;ÁFRICA DO SUL;5005304;CINEFLIX VÁRZEA GRANDE SHOPPING - SALA 1;0;6000014;24534;31101;VÁRZEA GRANDE;MT;REDECINE BSB CINEMATOGRÁFICA LTDA;18.087.870/0001-05
30/09/2020;30/09/2020 18:05:00;QUEEN OF SPADES: THROUGH THE LOOKING GLASS;A MALDIÇÃO DO ESPELHO;E1900574500000;DUBLADO;NÃO;RÚSSIA;5005696;CINEPOLIS RIOMAR KENNEDY - SALA 05;5;6000024;17266;34309;FORTALEZA;CE;CINEPOLIS OPERADORA DE CINEMAS DO BRASIL LTDA;09.652.820/0001-32
30/09/2020;30/09/2020 18:05:00;SCOOB!;SCOOBY - O FILME;E2000026400000;DUBLADO;NÃO;ESTADOS UNIDOS;5001605;CINE 3 FERRY BOAT´S PLAZA 2;0;;5294;6684;GUARUJÁ;SP;SOBRAL EVENTOS E ENTRETENIMENTO LTDA;07.159.860/0001-11
30/09/2020;30/09/2020 18:05:00;SCOOB!;SCOOBY - O FILME;E2000026400000;DUBLADO;NÃO;ESTADOS UNIDOS;5004471;SALA CINEPOLIS NORTH SHOPPING JOQUEI 01;2;6000024;17266;25960;FORTALEZA;CE;CINEPOLIS OPERADORA DE CINEMAS DO BRASIL LTDA;09.652.820/0001-32
30/09/2020;30/09/2020 18:10:00;FANTASY ISLAND;A ILHA DA FANTASIA;E1900579500000;ORIGINAL;SIM;ESTADOS UNIDOS;5004187;CINEFLIX JK SHOPPING - SALA 4;2;6000014;24534;24535;BRASÍLIA;DF;REDECINE BSB CINEMATOGRÁFICA LTDA;18.087.870/0001-05
30/09/2020;30/09/2020 18:10:00;FANTASY ISLAND;A ILHA DA FANTASIA;E1900579500000;DUBLADO;NÃO;ESTADOS UNIDOS;5005317;CINEFLIX SHOPPING PRAÇA NOVA ARAÇATUBA - SALA 02;4;6000014;25182;31153;ARAÇATUBA;SP;REDECINE SUL CINEMAS LTDA.;18.672.374/0001-19
30/09/2020;30/09/2020 18:10:00;FANTASY ISLAND;A ILHA DA FANTASIA;E1900579500000;ORIGINAL;SIM;ESTADOS UNIDOS;5006472;REDECINE SUMARE 01;0;6000014;5654;44547;SUMARÉ;SP;REDECINE-CPQ CINEMATOGRÁFICA LTDA;07.665.262/0001-14
30/09/2020;30/09/2020 18:10:00;QUEEN OF SPADES: THROUGH THE LOOKING GLASS;A MALDIÇÃO DO ESPELHO;E1900574500000;DUBLADO;NÃO;RÚSSIA;5004184;CINEFLIX JK SHOPPING - SALA 1;2;6000014;24534;24535;BRASÍLIA;DF;REDECINE BSB CINEMATOGRÁFICA LTDA;18.087.870/0001-05
30/09/2020;30/09/2020 18:10:00;SPYCIES;AGENTES SELVAGENS;E2000250100000;DUBLADO;NÃO;CHINA;5006462;GRUPOCINE EUSÉBIO 02;0;6000034;44276;44457;EUSÉBIO;CE;EMPRESA CINEMATOGRAFICA BOMBOCINE LTDA;21.298.337/0001-05
30/09/2020;30/09/2020 18:10:00;SPYCIES;AGENTES SELVAGENS;E2000250100000;DUBLADO;NÃO;CHINA;5006415;GRUPOCINE MARANGUAPE 02;1;6000034;44276;44288;MARANGUAPE;CE;EMPRESA CINEMATOGRAFICA BOMBOCINE LTDA;21.298.337/0001-05
30/09/2020;30/09/2020 18:10:00;THE SECRET: DARE TO DREAM;O SEGREDO: OUSE SONHAR;E2000080600000;ORIGINAL;SIM;ESTADOS UNIDOS;5004584;UCI ORIENT SHOPPING BARRA SALA 2;1;6000060;2606;26893;SALVADOR;BA;UCI-ORIENT LTDA;01.562.356/0001-81
30/09/2020;30/09/2020 18:15:00;SCOOB!;SCOOBY - O FILME;E2000026400000;DUBLADO;NÃO;ESTADOS UNIDOS;5004880;CIRCUITO CINEMAS PBAS- SALA 02;4;6000028;15568;27873;PARAUAPEBAS;PA;CIRCUITO ENTRETENIMENTO E CINEMAS LTDA;08.068.712/0001-54
30/09/2020;30/09/2020 18:15:00;THE LION KING;O REI LEÃO;E1900267700000;DUBLADO;NÃO;ESTADOS UNIDOS;5006625;CINE GOLDEN - DRIVE IN;0;6000141;45886;46420;JEQUIÉ;BA;GF ANDRADE ENTRETENIMENTO E COMÉRCIO LTDA;23.200.362/0001-21
30/09/2020;30/09/2020 18:15:00;TURMA DA MÔNICA - LAÇOS;;B1900235500000;ORIGINAL;NÃO;BRASIL;5006395;GRUPOCINE FERNANDÓPOLIS 01;2;6000034;44276;44281;FERNANDÓPOLIS;SP;EMPRESA CINEMATOGRAFICA BOMBOCINE LTDA;21.298.337/0001-05
30/09/2020;30/09/2020 18:20:00;E.T. THE EXTRA-TERRESTRIAL;E.T. O EXTRATERRESTRE;E1402648300000;DUBLADO;NÃO;ESTADOS UNIDOS;5001606;CINE 3 FERRY BOAT´S PLAZA 3;0;;5294;6684;GUARUJÁ;SP;SOBRAL EVENTOS E ENTRETENIMENTO LTDA;07.159.860/0001-11
30/09/2020;30/09/2020 18:20:00;FANTASY ISLAND;A ILHA DA FANTASIA;E1900579500000;DUBLADO;NÃO;ESTADOS UNIDOS;5000734;UCI - SHOPPING CENTER IGUATEMI FORTALEZA - SALA 03;30;6000059;2612;2616;FORTALEZA;CE;UCI RIBEIRO LTDA;02.117.937/0001-77
30/09/2020;30/09/2020 18:20:00;HARRY POTTER AND THE SORCERER'S STONE;HARRY POTTER AND THE SORCERER'S STONE;E1900440700000;DUBLADO;NÃO;ESTADOS UNIDOS;5004813;UCI BRASIL SHOPPING PARANGABA SALA 01;22;6000058;749;27591;FORTALEZA;CE;UNITED CINEMAS INTERNATIONAL BRASIL LTDA.;01.289.530/0001-64
30/09/2020;30/09/2020 18:20:00;Mostras e Festivais;;G0000000000004;ORIGINAL;SIM;;5005373;2120 CINEMARK MOGI DAS CRUZES SALA 02;5;6000018;1843;31561;MOGI DAS CRUZES;SP;CINEMARK BRASIL S.A;00.779.721/0001-41
30/09/2020;30/09/2020 18:20:00;Mostras e Festivais;;G0000000000004;DUBLADO;NÃO;;5001621;CINEMARK JACAREI 2;7;6000018;5130;6664;JACAREÍ;SP;CINE PRIME CINEMA LTDA;05.897.142/0001-17
30/09/2020;30/09/2020 18:20:00;QUEEN OF SPADES: THROUGH THE LOOKING GLASS;A MALDIÇÃO DO ESPELHO;E1900574500000;DUBLADO;NÃO;RÚSSIA;5002677;ORIENT CINE PARALELA - SALA 02;0;6000060;2606;16207;SALVADOR;BA;UCI-ORIENT LTDA;01.562.356/0001-81
30/09/2020;30/09/2020 18:20:00;QUEEN OF SPADES: THROUGH THE LOOKING GLASS;A MALDIÇÃO DO ESPELHO;E1900574500000;DUBLADO;NÃO;RÚSSIA;5006473;REDECINE SUMARE 02;1;6000014;5654;44547;SUMARÉ;SP;REDECINE-CPQ CINEMATOGRÁFICA LTDA;07.665.262/0001-14
30/09/2020;30/09/2020 18:20:00;SCOOB!;SCOOBY - O FILME;E2000026400000;DUBLADO;NÃO;ESTADOS UNIDOS;5004185;CINEFLIX JK SHOPPING - SALA 2;2;6000014;24534;24535;BRASÍLIA;DF;REDECINE BSB CINEMATOGRÁFICA LTDA;18.087.870/0001-05
30/09/2020;30/09/2020 18:20:00;SCOOB!;SCOOBY - O FILME;E2000026400000;DUBLADO;NÃO;ESTADOS UNIDOS;5003485;SALA PQ.BELEM 04;7;6000024;17266;21616;BELÉM;PA;CINEPOLIS OPERADORA DE CINEMAS DO BRASIL LTDA;09.652.820/0001-32
30/09/2020;30/09/2020 18:20:00;SONIC THE HEDGEHOG;SONIC - O FILME;E2000012200000;DUBLADO;NÃO;CANADÁ;5006257;CIRCUITO PONTA PORA 01;3;6000028;15568;42557;PONTA PORÃ;MS;CIRCUITO ENTRETENIMENTO E CINEMAS LTDA;08.068.712/0001-54
30/09/2020;30/09/2020 18:20:00;THE GENTLEMEN;MAGNATAS DO CRIME;E2000005600000;DUBLADO;NÃO;ESTADOS UNIDOS;5005807;CINEFLIX APARECIDA DE GOIANIA - SALA 3;2;6000014;24534;36838;APARECIDA DE GOIÂNIA;GO;REDECINE BSB CINEMATOGRÁFICA LTDA;18.087.870/0001-05
30/09/2020;30/09/2020 18:20:00;THE GENTLEMEN;MAGNATAS DO CRIME;E2000005600000;DUBLADO;NÃO;ESTADOS UNIDOS;5006423;GRUPOCINE ITAPECERICA 03;1;6000034;44276;44290;ITAPECERICA DA SERRA;SP;EMPRESA CINEMATOGRAFICA BOMBOCINE LTDA;21.298.337/0001-05
30/09/2020;30/09/2020 18:20:00;THE INVISIBLE MAN;O HOMEM INVISÍVEL;E1900438600000;DUBLADO;NÃO;AUSTRÁLIA;5005328;UCI BRASIL - SUMAÚMA PARK SHOPPING MANAUS SALA 05;7;6000058;749;31265;MANAUS;AM;UNITED CINEMAS INTERNATIONAL BRASIL LTDA.;01.289.530/0001-64
30/09/2020;30/09/2020 18:20:00;THE SECRET: DARE TO DREAM;O SEGREDO: OUSE SONHAR;E2000080600000;DUBLADO;NÃO;ESTADOS UNIDOS;5004431;MOVIECOM UNIMART 5;3;6000100;2897;5573;CAMPINAS;SP;MOVIE CINEMAS LTDA;04.708.972/0001-96
30/09/2020;30/09/2020 18:20:00;THE SECRET: DARE TO DREAM;O SEGREDO: OUSE SONHAR;E2000080600000;ORIGINAL;SIM;ESTADOS UNIDOS;5003479;SALA CINEPOLIS BELA VISTA 07;3;6000024;17266;21610;SALVADOR;BA;CINEPOLIS OPERADORA DE CINEMAS DO BRASIL LTDA;09.652.820/0001-32
30/09/2020;30/09/2020 18:25:00;QUEEN OF SPADES: THROUGH THE LOOKING GLASS;A MALDIÇÃO DO ESPELHO;E1900574500000;DUBLADO;NÃO;RÚSSIA;5005709;CENTERPLEX GRAND SHOPPING MESSEJANA SALA 04;0;6000006;16321;34486;FORTALEZA;CE;EMPRESA DE CINEMAS FORTALEZA LTDA;10.785.710/0001-28
30/09/2020;30/09/2020 18:25:00;QUEEN OF SPADES: THROUGH THE LOOKING GLASS;A MALDIÇÃO DO ESPELHO;E1900574500000;DUBLADO;NÃO;RÚSSIA;5005928;CENTERPLEX GRANDE CIRCULAR 05;3;6000006;38234;38235;MANAUS;AM;CINE ELI AMAZONAS CINEMAS LTDA - EM RECUPERAÇÃO JUDICIAL;28.619.116/0001-22
30/09/2020;30/09/2020 18:25:00;SCOOB!;SCOOBY - O FILME;E2000026400000;DUBLADO;NÃO;ESTADOS UNIDOS;5005306;CINEFLIX VÁRZEA GRANDE SHOPPING - SALA 3;7;6000014;24534;31101;VÁRZEA GRANDE;MT;REDECINE BSB CINEMATOGRÁFICA LTDA;18.087.870/0001-05
30/09/2020;30/09/2020 18:30:00;21 BRIDGES;CRIME SEM SAÍDA;E1900482200000;DUBLADO;NÃO;ESTADOS UNIDOS;5005428;UCI BRASIL - SHOPPING BOSQUE GRÃO PARÁ SALA 03;2;6000058;749;32026;BELÉM;PA;UNITED CINEMAS INTERNATIONAL BRASIL LTDA.;01.289.530/0001-64
30/09/2020;30/09/2020 18:30:00;ESCAPE FROM PRETORIA;FUGA DE PRETÓRIA;E2000249400000;DUBLADO;NÃO;ÁFRICA DO SUL;5006411;GRUPOCINE ITAPETININGA 03;1;6000034;44276;44287;ITAPETININGA;SP;EMPRESA CINEMATOGRAFICA BOMBOCINE LTDA;21.298.337/0001-05
30/09/2020;30/09/2020 18:30:00;ESCAPE FROM PRETORIA;FUGA DE PRETÓRIA;E2000249400000;DUBLADO;NÃO;ÁFRICA DO SUL;5006349;REDECINE PINDAMONHANGABA 03;0;6000034;43781;43782;PINDAMONHANGABA;SP;REDECINE PINDAMONHANGABA CINEMAS LTDA;34.408.375/0001-07
30/09/2020;30/09/2020 18:30:00;FANTASY ISLAND;A ILHA DA FANTASIA;E1900579500000;DUBLADO;NÃO;ESTADOS UNIDOS;5002682;ASTON SALA 1;0;;16209;16210;PARANAVAÍ;PR;SBPO ENTRETENIMENTOS LTDA;04.096.720/0001-53
30/09/2020;30/09/2020 18:30:00;FANTASY ISLAND;A ILHA DA FANTASIA;E1900579500000;ORIGINAL;SIM;ESTADOS UNIDOS;5005805;CINEFLIX APARECIDA DE GOIANIA - SALA 1;0;6000014;24534;36838;APARECIDA DE GOIÂNIA;GO;REDECINE BSB CINEMATOGRÁFICA LTDA;18.087.870/0001-05
30/09/2020;30/09/2020 18:30:00;FANTASY ISLAND;A ILHA DA FANTASIA;E1900579500000;DUBLADO;NÃO;ESTADOS UNIDOS;5005308;CINEFLIX VÁRZEA GRANDE SHOPPING - SALA 5;0;6000014;24534;31101;VÁRZEA GRANDE;MT;REDECINE BSB CINEMATOGRÁFICA LTDA;18.087.870/0001-05
30/09/2020;30/09/2020 18:30:00;FANTASY ISLAND;A ILHA DA FANTASIA;E1900579500000;DUBLADO;NÃO;ESTADOS UNIDOS;5006422;GRUPOCINE ITAPECERICA 02;2;6000034;44276;44290;ITAPECERICA DA SERRA;SP;EMPRESA CINEMATOGRAFICA BOMBOCINE LTDA;21.298.337/0001-05
30/09/2020;30/09/2020 18:30:00;FANTASY ISLAND;A ILHA DA FANTASIA;E1900579500000;DUBLADO;NÃO;ESTADOS UNIDOS;5006414;GRUPOCINE MARANGUAPE 01;6;6000034;44276;44288;MARANGUAPE;CE;EMPRESA CINEMATOGRAFICA BOMBOCINE LTDA;21.298.337/0001-05
30/09/2020;30/09/2020 18:30:00;FANTASY ISLAND;A ILHA DA FANTASIA;E1900579500000;DUBLADO;NÃO;ESTADOS UNIDOS;5000081;KINOPLEX AMAZONAS SALA 03;8;6000037;1991;2393;MANAUS;AM;EMPRESA CINEMAS SÃO LUIZ S/A;33.497.660/0001-89
30/09/2020;30/09/2020 18:30:00;FANTASY ISLAND;A ILHA DA FANTASIA;E1900579500000;DUBLADO;NÃO;ESTADOS UNIDOS;5004436;MOVIECOM PÁTIO MARABÁ 4;9;6000100;2897;25394;MARABÁ;PA;MOVIE CINEMAS LTDA;04.708.972/0001-96
30/09/2020;30/09/2020 18:30:00;FANTASY ISLAND;A ILHA DA FANTASIA;E1900579500000;DUBLADO;NÃO;ESTADOS UNIDOS;5004472;SALA CINEPOLIS NORTH SHOPPING JOQUEI 02;5;6000024;17266;25960;FORTALEZA;CE;CINEPOLIS OPERADORA DE CINEMAS DO BRASIL LTDA;09.652.820/0001-32
30/09/2020;30/09/2020 18:30:00;MINIONS;MINIONS;E1500311600000;DUBLADO;NÃO;ESTADOS UNIDOS;5006266;CINE ESTAÇÃO 01;0;;42658;42659;FRANCO DA ROCHA;SP;CINE ESTAÇÃO OPERADORA DE CINEMA LTDA;32.998.727/0001-04
30/09/2020;30/09/2020 18:30:00;Mostras e Festivais;;G0000000000004;DUBLADO;NÃO;;5006546;PARAISO MEGA CENTER 5;0;6000045;5935;45579;VALPARAÍSO DE GOIÁS;GO;MULTICINE CINEMAS LTDA;07.609.246/0001-04
30/09/2020;30/09/2020 18:30:00;Mostras e Festivais;;G0000000000004;ORIGINAL;SIM;;5000317;SHOPPING IGUATEMI 3;14;6000018;1843;2538;CAMPINAS;SP;CINEMARK BRASIL S.A;00.779.721/0001-41
30/09/2020;30/09/2020 18:30:00;QUEEN OF SPADES: THROUGH THE LOOKING GLASS;A MALDIÇÃO DO ESPELHO;E1900574500000;DUBLADO;NÃO;RÚSSIA;5002828;CENTERPLEX MARACANAU SALA 02;11;6000006;16321;16969;MARACANAÚ;CE;EMPRESA DE CINEMAS FORTALEZA LTDA;10.785.710/0001-28
30/09/2020;30/09/2020 18:30:00;QUEEN OF SPADES: THROUGH THE LOOKING GLASS;A MALDIÇÃO DO ESPELHO;E1900574500000;DUBLADO;NÃO;RÚSSIA;5005161;CINÉPOLIS MANAUS PLAZA - SALA 5;12;6000024;17266;30118;MANAUS;AM;CINEPOLIS OPERADORA DE CINEMAS DO BRASIL LTDA;09.652.820/0001-32
30/09/2020;30/09/2020 18:30:00;QUEEN OF SPADES: THROUGH THE LOOKING GLASS;A MALDIÇÃO DO ESPELHO;E1900574500000;DUBLADO;NÃO;RÚSSIA;5005099;CINÉPOLIS SÃO GONÇALO SHOPPING - SALA 8;12;6000024;17266;30088;SÃO GONÇALO;RJ;CINEPOLIS OPERADORA DE CINEMAS DO BRASIL LTDA;09.652.820/0001-32
30/09/2020;30/09/2020 18:30:00;QUEEN OF SPADES: THROUGH THE LOOKING GLASS;A MALDIÇÃO DO ESPELHO;E1900574500000;DUBLADO;NÃO;RÚSSIA;5001075;UCI ORIENT SHOPPING DA BAHIA - SALA 03;9;6000060;2606;6586;SALVADOR;BA;UCI-ORIENT LTDA;01.562.356/0001-81
30/09/2020;30/09/2020 18:30:00;SCOOB!;SCOOBY - O FILME;E2000026400000;DUBLADO;NÃO;ESTADOS UNIDOS;5006614;ALPHA CINE DRIVE-IN;2;;46063;46296;BARUERI;SP;ATUANTE SERVICOS E ESTACIONAMENTO LTDA - ME;00.178.856/0001-51
30/09/2020;30/09/2020 18:30:00;SCOOB!;SCOOBY - O FILME;E2000026400000;DUBLADO;NÃO;ESTADOS UNIDOS;5005318;CINEFLIX SHOPPING PRAÇA NOVA ARAÇATUBA - SALA 03;4;6000014;25182;31153;ARAÇATUBA;SP;REDECINE SUL CINEMAS LTDA.;18.672.374/0001-19
30/09/2020;30/09/2020 18:30:00;SCOOB!;SCOOBY - O FILME;E2000026400000;DUBLADO;NÃO;ESTADOS UNIDOS;5005151;CINÉPOLIS MILLENNIUM - SALA 3;2;6000024;17266;30116;MANAUS;AM;CINEPOLIS OPERADORA DE CINEMAS DO BRASIL LTDA;09.652.820/0001-32
30/09/2020;30/09/2020 18:30:00;SCOOB!;SCOOBY - O FILME;E2000026400000;DUBLADO;NÃO;ESTADOS UNIDOS;5005365;CIRCUITO CINEMAS - PNP SALA 02;3;6000028;15568;31541;PENÁPOLIS;SP;CIRCUITO ENTRETENIMENTO E CINEMAS LTDA;08.068.712/0001-54
30/09/2020;30/09/2020 18:30:00;SCOOB!;SCOOBY - O FILME;E2000026400000;DUBLADO;NÃO;ESTADOS UNIDOS;5006539;CULT ALEGRETE 01;4;;45324;45325;ALEGRETE;RS;CULT CINEMAS ALEGRETE LTDA;34.712.675/0001-85
30/09/2020;30/09/2020 18:30:00;SCOOB!;SCOOBY - O FILME;E2000026400000;DUBLADO;NÃO;ESTADOS UNIDOS;5005929;MOBI CINE AÇAILÂNDIA SALA 01;10;6000040;38236;38237;AÇAILÂNDIA;MA;C A V LEMOS E CIA LTDA - ME;14.717.191/0001-11
30/09/2020;30/09/2020 18:30:00;SCOOB!;SCOOBY - O FILME;E2000026400000;DUBLADO;NÃO;ESTADOS UNIDOS;5005956;MOBI CINE REDENÇÃO SALA 1;7;6000040;28561;38513;REDENÇÃO;PA;C A VIEIRA LEMOS E CIA LTDA;20.334.881/0001-94
30/09/2020;30/09/2020 18:30:00;SCOOB!;SCOOBY - O FILME;E2000026400000;DUBLADO;NÃO;ESTADOS UNIDOS;5005379;MOBI CINE TUCURUÍ - SALA 1;3;6000040;28561;31594;TUCURUÍ;PA;C A VIEIRA LEMOS E CIA LTDA;20.334.881/0001-94
30/09/2020;30/09/2020 18:30:00;SCOOB!;SCOOBY - O FILME;E2000026400000;DUBLADO;NÃO;ESTADOS UNIDOS;5004369;SALA CINEPOLIS PONTA NEGRA 06 TRADICIONAL;2;6000024;17266;25193;MANAUS;AM;CINEPOLIS OPERADORA DE CINEMAS DO BRASIL LTDA;09.652.820/0001-32
30/09/2020;30/09/2020 18:30:00;SCOOB!;SCOOBY - O FILME;E2000026400000;DUBLADO;NÃO;ESTADOS UNIDOS;5004300;SALA VILA RICA 1 3D;13;;14637;14638;PRIMAVERA DO LESTE;MT;MAURICIO JOSE NICOLINO & CIA LTDA;05.724.035/0001-97
30/09/2020;30/09/2020 18:30:00;SPYCIES;AGENTES SELVAGENS;E2000250100000;DUBLADO;NÃO;CHINA;5006619;DRIVE - GYN SERRA DOURADA 03;0;6000039;45898;46312;GOIÂNIA;GO;DRIVE-GYN ENTRETENIMENTO LTDA;37.109.882/0001-38
30/09/2020;30/09/2020 18:30:00;THE SECRET: DARE TO DREAM;O SEGREDO: OUSE SONHAR;E2000080600000;DUBLADO;NÃO;ESTADOS UNIDOS;5004881;CIRCUITO CINEMAS PBAS- SALA 03;0;6000028;15568;27873;PARAUAPEBAS;PA;CIRCUITO ENTRETENIMENTO E CINEMAS LTDA;08.068.712/0001-54
30/09/2020;30/09/2020 18:30:01;QUEEN OF SPADES: THROUGH THE LOOKING GLASS;A MALDIÇÃO DO ESPELHO;E1900574500000;DUBLADO;NÃO;RÚSSIA;5002823;CENTERPLEX VIA SUL SHOPPING 2;2;6000006;16321;16322;FORTALEZA;CE;EMPRESA DE CINEMAS FORTALEZA LTDA;10.785.710/0001-28
30/09/2020;30/09/2020 18:35:00;SCOOB!;SCOOBY - O FILME;E2000026400000;DUBLADO;NÃO;ESTADOS UNIDOS;5001806;SALA CINE 14 BIS;3;;5822;6623;GUAXUPÉ;MG;GUAXUPE PROMOCOES E EVENTOS LTDA;03.929.354/0001-03
30/09/2020;30/09/2020 18:35:00;THE SECRET: DARE TO DREAM;O SEGREDO: OUSE SONHAR;E2000080600000;DUBLADO;NÃO;ESTADOS UNIDOS;5005351;CINESYSTEM SANTARÉM SALA 01;2;6000027;22546;31524;SANTARÉM;PA;REDECINE BRA CINEMATOGRÁFICA S.A.;15.422.993/0001-67
30/09/2020;30/09/2020 18:40:00;BLACK PANTHER;PANTERA NEGRA;E1700512400000;DUBLADO;NÃO;ESTADOS UNIDOS;5006398;GRUPOCINE GUARUJÁ 01;0;6000034;44276;44283;GUARUJÁ;SP;EMPRESA CINEMATOGRAFICA BOMBOCINE LTDA;21.298.337/0001-05
30/09/2020;30/09/2020 18:40:00;EL ROBO DEL SIGLO;O ROUBO DO SÉCULO;E2000030900000;ORIGINAL;SIM;ARGENTINA;5003475;SALA CINEPOLIS BELA VISTA 03;5;6000024;17266;21610;SALVADOR;BA;CINEPOLIS OPERADORA DE CINEMAS DO BRASIL LTDA;09.652.820/0001-32
30/09/2020;30/09/2020 18:40:00;ESCAPE FROM PRETORIA;FUGA DE PRETÓRIA;E2000249400000;DUBLADO;NÃO;ÁFRICA DO SUL;5006421;GRUPOCINE ITAPECERICA 01;0;6000034;44276;44290;ITAPECERICA DA SERRA;SP;EMPRESA CINEMATOGRAFICA BOMBOCINE LTDA;21.298.337/0001-05
30/09/2020;30/09/2020 18:40:00;FANTASY ISLAND;A ILHA DA FANTASIA;E1900579500000;DUBLADO;NÃO;ESTADOS UNIDOS;5005513;CINE CAVALIERI ORLANDI SALA 02;4;;15009;15010;SOCORRO;SP;ORLANDI MARCHESE LTDA - ME;03.091.068/0001-11
30/09/2020;30/09/2020 18:40:00;FANTASY ISLAND;A ILHA DA FANTASIA;E1900579500000;DUBLADO;NÃO;ESTADOS UNIDOS;5006493;CINE INTER SANTA INES 01;9;6000140;44834;44835;SANTA INÊS;MA;CINEINTER EXIBICOES CINEMATOGRAFICAS LTDA;35.477.354/0001-06
30/09/2020;30/09/2020 18:40:00;FANTASY ISLAND;A ILHA DA FANTASIA;E1900579500000;ORIGINAL;SIM;ESTADOS UNIDOS;5005316;CINEFLIX SHOPPING PRAÇA NOVA ARAÇATUBA - SALA 01;4;6000014;25182;31153;ARAÇATUBA;SP;REDECINE SUL CINEMAS LTDA.;18.672.374/0001-19
30/09/2020;30/09/2020 18:40:00;FANTASY ISLAND;A ILHA DA FANTASIA;E1900579500000;DUBLADO;NÃO;ESTADOS UNIDOS;5006463;GRUPOCINE EUSÉBIO 03;1;6000034;44276;44457;EUSÉBIO;CE;EMPRESA CINEMATOGRAFICA BOMBOCINE LTDA;21.298.337/0001-05
30/09/2020;30/09/2020 18:40:00;FANTASY ISLAND;A ILHA DA FANTASIA;E1900579500000;DUBLADO;NÃO;ESTADOS UNIDOS;5006410;GRUPOCINE ITAPETININGA 02;3;6000034;44276;44287;ITAPETININGA;SP;EMPRESA CINEMATOGRAFICA BOMBOCINE LTDA;21.298.337/0001-05
30/09/2020;30/09/2020 18:40:00;HARRY POTTER AND THE SORCERER'S STONE;HARRY POTTER AND THE SORCERER'S STONE;E1900440700000;DUBLADO;NÃO;ESTADOS UNIDOS;5000733;UCI - SHOPPING CENTER IGUATEMI FORTALEZA - SALA 02;13;6000059;2612;2616;FORTALEZA;CE;UCI RIBEIRO LTDA;02.117.937/0001-77
30/09/2020;30/09/2020 18:40:00;Mostras e Festivais;;G0000000000004;DUBLADO;NÃO;;5005632;CINEMARK FOZ DO IGUAÇU SALA 03;5;6000018;1843;33653;FOZ DO IGUAÇU;PR;CINEMARK BRASIL S.A;00.779.721/0001-41
30/09/2020;30/09/2020 18:40:00;QUEEN OF SPADES: THROUGH THE LOOKING GLASS;A MALDIÇÃO DO ESPELHO;E1900574500000;ORIGINAL;SIM;RÚSSIA;5005372;2120 CINEMARK MOGI DAS CRUZES SALA 01;5;6000018;1843;31561;MOGI DAS CRUZES;SP;CINEMARK BRASIL S.A;00.779.721/0001-41
30/09/2020;30/09/2020 18:40:00;QUEEN OF SPADES: THROUGH THE LOOKING GLASS;A MALDIÇÃO DO ESPELHO;E1900574500000;DUBLADO;NÃO;RÚSSIA;5003592;JUNDIAI SHOPPING 05;19;6000024;17266;22674;JUNDIAÍ;SP;CINEPOLIS OPERADORA DE CINEMAS DO BRASIL LTDA;09.652.820/0001-32
30/09/2020;30/09/2020 18:40:00;SCOOB!;SCOOBY - O FILME;E2000026400000;DUBLADO;NÃO;ESTADOS UNIDOS;5002427;CINE WEST SALA 02;17;;14882;14883;CASCAVEL;PR;WEST SIDE SHOPPING CENTER LTDA;68.761.170/0001-22
30/09/2020;30/09/2020 18:40:00;SCOOB!;SCOOBY - O FILME;E2000026400000;DUBLADO;NÃO;ESTADOS UNIDOS;5006296;GOIANESIA 01;17;6000040;42975;42976;GOIANÉSIA;GO;MB EXIBICOES CINEMATOGRAFICAS GOIANESIA LTDA;33.296.719/0001-70
30/09/2020;30/09/2020 18:40:00;SCOOB!;SCOOBY - O FILME;E2000026400000;DUBLADO;NÃO;ESTADOS UNIDOS;5002931;SALA 06;3;6000024;17266;17729;SALVADOR;BA;CINEPOLIS OPERADORA DE CINEMAS DO BRASIL LTDA;09.652.820/0001-32
30/09/2020;30/09/2020 18:40:00;SCOOB!;SCOOBY - O FILME;E2000026400000;DUBLADO;NÃO;ESTADOS UNIDOS;5002720;SALA CINE PLAYARTE MANAUARA 09;0;6000049;260;16356;MANAUS;AM;PLAYARTE CINEMAS LTDA.;60.434.149/0001-00
30/09/2020;30/09/2020 18:40:00;THE GENTLEMEN;MAGNATAS DO CRIME;E2000005600000;DUBLADO;NÃO;ESTADOS UNIDOS;5005367;CIRCUITO CINEMAS - PNP SALA 04;0;6000028;15568;31541;PENÁPOLIS;SP;CIRCUITO ENTRETENIMENTO E CINEMAS LTDA;08.068.712/0001-54
30/09/2020;30/09/2020 18:45:00;BAD BOYS FOR LIFE;BAD BOYS PARA SEMPRE;E1900525600000;DUBLADO;NÃO;ESTADOS UNIDOS;5006618;DRIVE - GYN SERRA DOURADA 02;2;6000039;45898;46312;GOIÂNIA;GO;DRIVE-GYN ENTRETENIMENTO LTDA;37.109.882/0001-38
30/09/2020;30/09/2020 18:45:00;E.T;E.T. O EXTRATERRESTRE;E1500491000000;DUBLADO;NÃO;ESTADOS UNIDOS;5002119;CINE DUPLEX SALA 01;0;;6615;6584;AMPARO;SP;EMPRESA CINEMATOGRÁFICA ESTAÇÃO LTDA;01.272.408/0001-85
30/09/2020;30/09/2020 18:45:00;FANTASY ISLAND;A ILHA DA FANTASIA;E1900579500000;DUBLADO;NÃO;ESTADOS UNIDOS;5005751;CINE WEST SALA 03;10;;14882;14883;CASCAVEL;PR;WEST SIDE SHOPPING CENTER LTDA;68.761.170/0001-22
30/09/2020;30/09/2020 18:45:00;ONWARD;DOIS IRMÃOS: UMA JORNADA FANTÁSTICA;E1900366400000;DUBLADO;NÃO;ESTADOS UNIDOS;5006260;CIRCUITO PONTA PORA 04;1;6000028;15568;42557;PONTA PORÃ;MS;CIRCUITO ENTRETENIMENTO E CINEMAS LTDA;08.068.712/0001-54
30/09/2020;30/09/2020 18:45:00;QUEEN OF SPADES: THROUGH THE LOOKING GLASS;A MALDIÇÃO DO ESPELHO;E1900574500000;DUBLADO;NÃO;RÚSSIA;5005320;CINEFLIX SHOPPING PRAÇA NOVA ARAÇATUBA - SALA 05;1;6000014;25182;31153;ARAÇATUBA;SP;REDECINE SUL CINEMAS LTDA.;18.672.374/0001-19
30/09/2020;30/09/2020 18:45:00;QUEEN OF SPADES: THROUGH THE LOOKING GLASS;A MALDIÇÃO DO ESPELHO;E1900574500000;DUBLADO;NÃO;RÚSSIA;5002937;SALA 06;6;6000024;17266;17763;BELÉM;PA;CINEPOLIS OPERADORA DE CINEMAS DO BRASIL LTDA;09.652.820/0001-32
30/09/2020;30/09/2020 18:45:00;QUEEN OF SPADES: THROUGH THE LOOKING GLASS;A MALDIÇÃO DO ESPELHO;E1900574500000;ORIGINAL;SIM;RÚSSIA;5000316;SHOPPING IGUATEMI 2;4;6000018;1843;2538;CAMPINAS;SP;CINEMARK BRASIL S.A;00.779.721/0001-41
30/09/2020;30/09/2020 18:45:00;SCOOB!;SCOOBY - O FILME;E2000026400000;DUBLADO;NÃO;ESTADOS UNIDOS;5006568;CINE + ARTE XANGRI-LÁ DRIVE-IN;0;6000103;32155;45890;XANGRI-LÁ;RS;EWERTON LUIS DE SOUZA BRANDOLT;23.288.683/0001-20
30/09/2020;30/09/2020 18:45:00;THE GENTLEMEN;MAGNATAS DO CRIME;E2000005600000;DUBLADO;NÃO;ESTADOS UNIDOS;5005271;MULTICINE SANTA MARIA SALA 02;0;6000045;5935;30733;BRASÍLIA;DF;MULTICINE CINEMAS LTDA;07.609.246/0001-04
30/09/2020;30/09/2020 18:45:00;THE SECRET: DARE TO DREAM;O SEGREDO: OUSE SONHAR;E2000080600000;DUBLADO;NÃO;ESTADOS UNIDOS;5000124;KINOPLEX D. PEDRO 11;7;6000037;1991;2404;CAMPINAS;SP;EMPRESA CINEMAS SÃO LUIZ S/A;33.497.660/0001-89
30/09/2020;30/09/2020 18:50:00;ESCAPE FROM PRETORIA;FUGA DE PRETÓRIA;E2000249400000;DUBLADO;NÃO;ÁFRICA DO SUL;5002428;CINE WEST SALA 01;1;;14882;14883;CASCAVEL;PR;WEST SIDE SHOPPING CENTER LTDA;68.761.170/0001-22
30/09/2020;30/09/2020 18:50:00;ESCAPE FROM PRETORIA;FUGA DE PRETÓRIA;E2000249400000;ORIGINAL;SIM;ÁFRICA DO SUL;5005431;UCI BRASIL - SHOPPING BOSQUE GRÃO PARÁ SALA 06;2;6000058;749;32026;BELÉM;PA;UNITED CINEMAS INTERNATIONAL BRASIL LTDA.;01.289.530/0001-64
30/09/2020;30/09/2020 18:50:00;Mostras e Festivais;;G0000000000004;DUBLADO;NÃO;;5001709;MOVIECOM UNIMART 4;2;6000100;2897;5573;CAMPINAS;SP;MOVIE CINEMAS LTDA;04.708.972/0001-96
30/09/2020;30/09/2020 18:50:00;QUEEN OF SPADES: THROUGH THE LOOKING GLASS;A MALDIÇÃO DO ESPELHO;E1900574500000;DUBLADO;NÃO;RÚSSIA;5005808;CINEFLIX APARECIDA DE GOIANIA - SALA 4;4;6000014;24534;36838;APARECIDA DE GOIÂNIA;GO;REDECINE BSB CINEMATOGRÁFICA LTDA;18.087.870/0001-05
30/09/2020;30/09/2020 18:50:00;QUEEN OF SPADES: THROUGH THE LOOKING GLASS;A MALDIÇÃO DO ESPELHO;E1900574500000;DUBLADO;NÃO;RÚSSIA;5005307;CINEFLIX VÁRZEA GRANDE SHOPPING - SALA 4;4;6000014;24534;31101;VÁRZEA GRANDE;MT;REDECINE BSB CINEMATOGRÁFICA LTDA;18.087.870/0001-05
30/09/2020;30/09/2020 18:50:00;QUEEN OF SPADES: THROUGH THE LOOKING GLASS;A MALDIÇÃO DO ESPELHO;E1900574500000;DUBLADO;NÃO;RÚSSIA;5001498;MOVIECOM CASTANHEIRA 3;16;6000100;2897;2896;BELÉM;PA;MOVIE CINEMAS LTDA;04.708.972/0001-96
30/09/2020;30/09/2020 18:50:00;SCOOB!;SCOOBY - O FILME;E2000026400000;DUBLADO;NÃO;ESTADOS UNIDOS;5006494;CINE INTER SANTA INES 02;5;6000140;44834;44835;SANTA INÊS;MA;CINEINTER EXIBICOES CINEMATOGRAFICAS LTDA;35.477.354/0001-06
30/09/2020;30/09/2020 18:50:00;SCOOB!;SCOOBY - O FILME;E2000026400000;DUBLADO;NÃO;ESTADOS UNIDOS;5002402;CINEVIP RONDON PLAZA SHOPPING SALA 02;28;;14781;14782;RONDONÓPOLIS;MT;GIOVANNI ZEM RODRIGUES;10.443.079/0001-89
30/09/2020;30/09/2020 18:50:00;SCOOB!;SCOOBY - O FILME;E2000026400000;DUBLADO;NÃO;ESTADOS UNIDOS;5006461;GRUPOCINE EUSÉBIO 01;15;6000034;44276;44457;EUSÉBIO;CE;EMPRESA CINEMATOGRAFICA BOMBOCINE LTDA;21.298.337/0001-05
30/09/2020;30/09/2020 18:50:00;SCOOB!;SCOOBY - O FILME;E2000026400000;DUBLADO;NÃO;ESTADOS UNIDOS;5006424;GRUPOCINE ITAPECERICA 04;6;6000034;44276;44290;ITAPECERICA DA SERRA;SP;EMPRESA CINEMATOGRAFICA BOMBOCINE LTDA;21.298.337/0001-05
30/09/2020;30/09/2020 18:50:00;SCOOB!;SCOOBY - O FILME;E2000026400000;DUBLADO;NÃO;ESTADOS UNIDOS;5006412;GRUPOCINE ITAPETININGA 04;4;6000034;44276;44287;ITAPETININGA;SP;EMPRESA CINEMATOGRAFICA BOMBOCINE LTDA;21.298.337/0001-05
30/09/2020;30/09/2020 18:50:00;SCOOB!;SCOOBY - O FILME;E2000026400000;DUBLADO;NÃO;ESTADOS UNIDOS;5006416;GRUPOCINE MARANGUAPE 03;5;6000034;44276;44288;MARANGUAPE;CE;EMPRESA CINEMATOGRAFICA BOMBOCINE LTDA;21.298.337/0001-05
30/09/2020;30/09/2020 18:50:00;SCOOB!;SCOOBY - O FILME;E2000026400000;DUBLADO;NÃO;ESTADOS UNIDOS;5003094;TOPAZIO POLO SHOPPING 1;10;6000057;2968;19182;INDAIATUBA;SP;LUI CINEMATOGRÁFICA LTDA.;71.912.711/0001-80
30/09/2020;30/09/2020 18:50:00;THE GENTLEMEN;MAGNATAS DO CRIME;E2000005600000;DUBLADO;NÃO;ESTADOS UNIDOS;5005966;CINE SUL SALA 02;4;6000121;38751;38752;MEDIANEIRA;PR;L N DA ROCHA & CIA LTDA - ME;29.099.414/0001-00
30/09/2020;30/09/2020 18:50:00;THE GENTLEMEN;MAGNATAS DO CRIME;E2000005600000;DUBLADO;NÃO;ESTADOS UNIDOS;5006347;REDECINE PINDAMONHANGABA 01;1;6000034;43781;43782;PINDAMONHANGABA;SP;REDECINE PINDAMONHANGABA CINEMAS LTDA;34.408.375/0001-07
30/09/2020;30/09/2020 18:50:00;THE SECRET: DARE TO DREAM;O SEGREDO: OUSE SONHAR;E2000080600000;DUBLADO;NÃO;ESTADOS UNIDOS;5004822;KINOPLEX AMAZONAS SALA 04;12;6000037;1991;2393;MANAUS;AM;EMPRESA CINEMAS SÃO LUIZ S/A;33.497.660/0001-89
30/09/2020;30/09/2020 18:50:00;WONDER WOMAN;MULHER-MARAVILHA;E1700197900000;DUBLADO;NÃO;ESTADOS UNIDOS;5005331;UCI BRASIL - SUMAÚMA PARK SHOPPING MANAUS SALA 08;8;6000058;749;31265;MANAUS;AM;UNITED CINEMAS INTERNATIONAL BRASIL LTDA.;01.289.530/0001-64
30/09/2020;30/09/2020 18:55:00;FANTASY ISLAND;A ILHA DA FANTASIA;E1900579500000;ORIGINAL;SIM;ESTADOS UNIDOS;5000122;KINOPLEX D. PEDRO 9 - PLATINUM;6;6000037;1991;2404;CAMPINAS;SP;EMPRESA CINEMAS SÃO LUIZ S/A;33.497.660/0001-89
30/09/2020;30/09/2020 19:00:00;APOCALYPSE NOW: FINAL CUT;APOCALYPSE NOW: FINAL CUT;E2000169400000;ORIGINAL;SIM;ESTADOS UNIDOS;5005154;CINÉPOLIS MILLENNIUM - SALA 6;2;6000024;17266;30116;MANAUS;AM;CINEPOLIS OPERADORA DE CINEMAS DO BRASIL LTDA;09.652.820/0001-32
30/09/2020;30/09/2020 19:00:00;BLOODSHOT;BLOODSHOT;E1900579400000;DUBLADO;NÃO;ESTADOS UNIDOS;5006259;CIRCUITO PONTA PORA 03;3;6000028;15568;42557;PONTA PORÃ;MS;CIRCUITO ENTRETENIMENTO E CINEMAS LTDA;08.068.712/0001-54
30/09/2020;30/09/2020 19:00:00;EL ROBO DEL SIGLO;O ROUBO DO SÉCULO;E2000030900000;ORIGINAL;SIM;ARGENTINA;5005340;SHOPPING IGUATEMI 10;5;6000018;1843;2538;CAMPINAS;SP;CINEMARK BRASIL S.A;00.779.721/0001-41
30/09/2020;30/09/2020 19:00:00;EL ROBO DEL SIGLO;O ROUBO DO SÉCULO;E2000030900000;ORIGINAL;SIM;ARGENTINA;5004590;UCI ORIENT SHOPPING BARRA SALA 8;9;6000060;2606;26893;SALVADOR;BA;UCI-ORIENT LTDA;01.562.356/0001-81
30/09/2020;30/09/2020 19:00:00;ESCAPE FROM PRETORIA;FUGA DE PRETÓRIA;E2000249400000;DUBLADO;NÃO;ÁFRICA DO SUL;5000738;UCI - SHOPPING CENTER IGUATEMI FORTALEZA - SALA 07;14;6000059;2612;2616;FORTALEZA;CE;UCI RIBEIRO LTDA;02.117.937/0001-77
30/09/2020;30/09/2020 19:00:00;FALA SÉRIO, MÃE!;;B1700552000000;DUBLADO;NÃO;BRASIL;5002120;CINE DUPLEX SALA 02;0;;6615;6584;AMPARO;SP;EMPRESA CINEMATOGRÁFICA ESTAÇÃO LTDA;01.272.408/0001-85
30/09/2020;30/09/2020 19:00:00;FANTASY ISLAND;A ILHA DA FANTASIA;E1900579500000;DUBLADO;NÃO;ESTADOS UNIDOS;5005884;CINE COMPANY ALTA FLORESTA;14;;37637;37638;ALTA FLORESTA;MT;CINE FLORESTA LTDA;28.416.012/0001-10
30/09/2020;30/09/2020 19:00:00;FANTASY ISLAND;A ILHA DA FANTASIA;E1900579500000;DUBLADO;NÃO;ESTADOS UNIDOS;5005644;CINE LASER BARRA DO GARÇAS SALA 03;2;6000104;33805;33806;BARRA DO GARÇAS;MT;CINE LASER BARRA DO GARÇAS LTDA- ME;24.864.214/0001-74
30/09/2020;30/09/2020 19:00:00;FANTASY ISLAND;A ILHA DA FANTASIA;E1900579500000;DUBLADO;NÃO;ESTADOS UNIDOS;5005719;CINEFLIX VALPARAISO SALA 02;8;6000014;24534;34628;VALPARAÍSO DE GOIÁS;GO;REDECINE BSB CINEMATOGRÁFICA LTDA;18.087.870/0001-05
30/09/2020;30/09/2020 19:00:00;FANTASY ISLAND;A ILHA DA FANTASIA;E1900579500000;DUBLADO;NÃO;ESTADOS UNIDOS;5001620;CINEMARK JACAREI 1;2;6000018;5130;6664;JACAREÍ;SP;CINE PRIME CINEMA LTDA;05.897.142/0001-17
30/09/2020;30/09/2020 19:00:00;FANTASY ISLAND;A ILHA DA FANTASIA;E1900579500000;DUBLADO;NÃO;ESTADOS UNIDOS;5005364;CIRCUITO CINEMAS - PNP SALA 01;5;6000028;15568;31541;PENÁPOLIS;SP;CIRCUITO ENTRETENIMENTO E CINEMAS LTDA;08.068.712/0001-54
30/09/2020;30/09/2020 19:00:00;FANTASY ISLAND;A ILHA DA FANTASIA;E1900579500000;DUBLADO;NÃO;ESTADOS UNIDOS;5004879;CIRCUITO CINEMAS PBAS- SALA 01;6;6000028;15568;27873;PARAUAPEBAS;PA;CIRCUITO ENTRETENIMENTO E CINEMAS LTDA;08.068.712/0001-54
30/09/2020;30/09/2020 19:00:00;FANTASY ISLAND;A ILHA DA FANTASIA;E1900579500000;DUBLADO;NÃO;ESTADOS UNIDOS;5005930;MOBI CINE AÇAILÂNDIA SALA 02;6;6000040;38236;38237;AÇAILÂNDIA;MA;C A V LEMOS E CIA LTDA - ME;14.717.191/0001-11
30/09/2020;30/09/2020 19:00:00;FANTASY ISLAND;A ILHA DA FANTASIA;E1900579500000;DUBLADO;NÃO;ESTADOS UNIDOS;5005957;MOBI CINE REDENÇÃO SALA 2;1;6000040;28561;38513;REDENÇÃO;PA;C A VIEIRA LEMOS E CIA LTDA;20.334.881/0001-94
30/09/2020;30/09/2020 19:00:00;FANTASY ISLAND;A ILHA DA FANTASIA;E1900579500000;DUBLADO;NÃO;ESTADOS UNIDOS;5005380;MOBI CINE TUCURUÍ - SALA 2;20;6000040;28561;31594;TUCURUÍ;PA;C A VIEIRA LEMOS E CIA LTDA;20.334.881/0001-94
30/09/2020;30/09/2020 19:00:00;FANTASY ISLAND;A ILHA DA FANTASIA;E1900579500000;DUBLADO;NÃO;ESTADOS UNIDOS;5000164;NORTH SHOPPING 5;5;6000037;1991;2414;FORTALEZA;CE;EMPRESA CINEMAS SÃO LUIZ S/A;33.497.660/0001-89
30/09/2020;30/09/2020 19:00:00;FANTASY ISLAND;A ILHA DA FANTASIA;E1900579500000;DUBLADO;NÃO;ESTADOS UNIDOS;5006350;REDECINE PINDAMONHANGABA 04;3;6000034;43781;43782;PINDAMONHANGABA;SP;REDECINE PINDAMONHANGABA CINEMAS LTDA;34.408.375/0001-07
30/09/2020;30/09/2020 19:00:00;FANTASY ISLAND;A ILHA DA FANTASIA;E1900579500000;DUBLADO;NÃO;ESTADOS UNIDOS;5004372;SALA CINEPOLIS PONTA NEGRA 09 TRADICIONAL;0;6000024;17266;25193;MANAUS;AM;CINEPOLIS OPERADORA DE CINEMAS DO BRASIL LTDA;09.652.820/0001-32
30/09/2020;30/09/2020 19:00:00;GET OUT;CORRA!;E1700047300000;DUBLADO;NÃO;ESTADOS UNIDOS;5006399;GRUPOCINE GUARUJÁ 02;4;6000034;44276;44283;GUARUJÁ;SP;EMPRESA CINEMATOGRAFICA BOMBOCINE LTDA;21.298.337/0001-05
30/09/2020;30/09/2020 19:00:00;GRETEL & HANSEL (2020);MARIA E JOÃO - O CONTO DAS BRUXAS;E1900467000000;DUBLADO;NÃO;ESTADOS UNIDOS;5005326;UCI BRASIL - SUMAÚMA PARK SHOPPING MANAUS SALA 03;7;6000058;749;31265;MANAUS;AM;UNITED CINEMAS INTERNATIONAL BRASIL LTDA.;01.289.530/0001-64
30/09/2020;30/09/2020 19:00:00;HARRY POTTER AND THE SORCERER'S STONE;HARRY POTTER AND THE SORCERER'S STONE;E1900440700000;DUBLADO;NÃO;ESTADOS UNIDOS;5002355;SALA VILA RICA 2 CONVENCIONAL;15;;14637;14638;PRIMAVERA DO LESTE;MT;MAURICIO JOSE NICOLINO & CIA LTDA;05.724.035/0001-97
30/09/2020;30/09/2020 19:00:00;MINHA MÃE É UMA PEÇA 3;;B1900576900000;DUBLADO;NÃO;BRASIL;5002565;CINE CATARATAS 2;2;;15565;15566;FOZ DO IGUAÇU;PR;CINE CATARATAS LTDA;09.010.219/0001-46
30/09/2020;30/09/2020 19:00:00;Mostras e Festivais;;G0000000000004;DUBLADO;NÃO;;5001521;MOVIECOM BURITI 3;7;6000100;2897;2893;APARECIDA DE GOIÂNIA;GO;MOVIE CINEMAS LTDA;04.708.972/0001-96
30/09/2020;30/09/2020 19:00:00;Mostras e Festivais;;G0000000000004;DUBLADO;NÃO;;5001503;MOVIECOM CASTANHEIRA 6;14;6000100;2897;2896;BELÉM;PA;MOVIE CINEMAS LTDA;04.708.972/0001-96
30/09/2020;30/09/2020 19:00:00;Mostras e Festivais;;G0000000000004;ORIGINAL;SIM;;5001487;MOVIECOM MAXI 5;8;6000100;2912;2913;JUNDIAÍ;SP;MAXI CINEMATOGRÁFICA LTDA;05.279.756/0001-35
30/09/2020;30/09/2020 19:00:00;Mostras e Festivais;;G0000000000004;DUBLADO;NÃO;;5002253;MOVIECOM PATIO BELÉM 4;25;6000100;2897;13915;BELÉM;PA;MOVIE CINEMAS LTDA;04.708.972/0001-96
30/09/2020;30/09/2020 19:00:00;Mostras e Festivais;;G0000000000004;ORIGINAL;SIM;;5000318;SHOPPING IGUATEMI 4;2;6000018;1843;2538;CAMPINAS;SP;CINEMARK BRASIL S.A;00.779.721/0001-41
30/09/2020;30/09/2020 19:00:00;SCOOB!;SCOOBY - O FILME;E2000026400000;DUBLADO;NÃO;ESTADOS UNIDOS;5006381;ALFENAS SALA 3;10;6000008;15833;44017;ALFENAS;MG;CINE A LTDA;10.894.937/0001-01
30/09/2020;30/09/2020 19:00:00;SCOOB!;SCOOBY - O FILME;E2000026400000;DUBLADO;NÃO;ESTADOS UNIDOS;5006242;ARARAS SALA 3;3;6000008;15833;24551;ARARAS;SP;CINE A LTDA;10.894.937/0001-01
30/09/2020;30/09/2020 19:00:00;SCOOB!;SCOOBY - O FILME;E2000026400000;DUBLADO;NÃO;ESTADOS UNIDOS;5002337;CENTER CINE;7;;14489;14490;OLIVEIRA;MG;CENTER CINE E EVENTOS LTDA;10.311.428/0001-09
30/09/2020;30/09/2020 19:00:00;SCOOB!;SCOOBY - O FILME;E2000026400000;DUBLADO;NÃO;ESTADOS UNIDOS;5005506;CINE A BRAGANÇA PAULISTA SALA 3;5;6000008;3227;32481;BRAGANÇA PAULISTA;SP;CINE A BRAGANCA PAULISTA LTDA;41.861.923/0001-15
30/09/2020;30/09/2020 19:00:00;SCOOB!;SCOOBY - O FILME;E2000026400000;DUBLADO;NÃO;ESTADOS UNIDOS;5003545;CINE CAFE PARPINELLI PARANÁ;2;;22412;22413;SANTO ANTÔNIO DA PLATINA;PR;PARPINELLI & VILAS BOAS EVENTOS LTDA;13.848.267/0001-85
30/09/2020;30/09/2020 19:00:00;SCOOB!;SCOOBY - O FILME;E2000026400000;DUBLADO;NÃO;ESTADOS UNIDOS;5006577;CINE FLEX DRIVE-IN;7;6000121;41685;45933;PONTA GROSSA;PR;CINE SUL CINEMAS TB - EIRELI;31.266.859/0001-70
30/09/2020;30/09/2020 19:00:00;SCOOB!;SCOOBY - O FILME;E2000026400000;DUBLADO;NÃO;ESTADOS UNIDOS;5005809;CINEFLIX APARECIDA DE GOIANIA - SALA 5;2;6000014;24534;36838;APARECIDA DE GOIÂNIA;GO;REDECINE BSB CINEMATOGRÁFICA LTDA;18.087.870/0001-05
30/09/2020;30/09/2020 19:00:00;SCOOB!;SCOOBY - O FILME;E2000026400000;DUBLADO;NÃO;ESTADOS UNIDOS;5005722;CINEFLIX VALPARAISO SALA 05;9;6000014;24534;34628;VALPARAÍSO DE GOIÁS;GO;REDECINE BSB CINEMATOGRÁFICA LTDA;18.087.870/0001-05
30/09/2020;30/09/2020 19:00:00;SCOOB!;SCOOBY - O FILME;E2000026400000;DUBLADO;NÃO;ESTADOS UNIDOS;5005694;CINEPOLIS RIOMAR KENNEDY - SALA 03;10;6000024;17266;34309;FORTALEZA;CE;CINEPOLIS OPERADORA DE CINEMAS DO BRASIL LTDA;09.652.820/0001-32
30/09/2020;30/09/2020 19:00:00;SCOOB!;SCOOBY - O FILME;E2000026400000;DUBLADO;NÃO;ESTADOS UNIDOS;5005108;CINÉPOLIS CAMPINAS SHOPPING - SALA 9;8;6000024;17266;30090;CAMPINAS;SP;CINEPOLIS OPERADORA DE CINEMAS DO BRASIL LTDA;09.652.820/0001-32
30/09/2020;30/09/2020 19:00:00;SCOOB!;SCOOBY - O FILME;E2000026400000;DUBLADO;NÃO;ESTADOS UNIDOS;5006617;DRIVE - GYN SERRA DOURADA 01;4;6000039;45898;46312;GOIÂNIA;GO;DRIVE-GYN ENTRETENIMENTO LTDA;37.109.882/0001-38
30/09/2020;30/09/2020 19:00:00;SCOOB!;SCOOBY - O FILME;E2000026400000;DUBLADO;NÃO;ESTADOS UNIDOS;5006396;GRUPOCINE FERNANDÓPOLIS 02;3;6000034;44276;44281;FERNANDÓPOLIS;SP;EMPRESA CINEMATOGRAFICA BOMBOCINE LTDA;21.298.337/0001-05
30/09/2020;30/09/2020 19:00:00;SCOOB!;SCOOBY - O FILME;E2000026400000;DUBLADO;NÃO;ESTADOS UNIDOS;5006359;MULTICINE IANDE SHOPPING 4;5;6000045;5935;43968;CAUCAIA;CE;MULTICINE CINEMAS LTDA;07.609.246/0001-04
30/09/2020;30/09/2020 19:00:00;SCOOB!;SCOOBY - O FILME;E2000026400000;DUBLADO;NÃO;ESTADOS UNIDOS;5003285;MULTICINE JATAÍ 03;2;6000045;5935;19793;JATAÍ;GO;MULTICINE CINEMAS LTDA;07.609.246/0001-04
30/09/2020;30/09/2020 19:00:00;SCOOB!;SCOOBY - O FILME;E2000026400000;DUBLADO;NÃO;ESTADOS UNIDOS;5005273;MULTICINE SANTA MARIA SALA 04;2;6000045;5935;30733;BRASÍLIA;DF;MULTICINE CINEMAS LTDA;07.609.246/0001-04
30/09/2020;30/09/2020 19:00:00;SCOOB!;SCOOBY - O FILME;E2000026400000;DUBLADO;NÃO;ESTADOS UNIDOS;5003487;SALA PQ.BELEM 06;9;6000024;17266;21616;BELÉM;PA;CINEPOLIS OPERADORA DE CINEMAS DO BRASIL LTDA;09.652.820/0001-32
30/09/2020;30/09/2020 19:00:00;SCOOB!;SCOOBY - O FILME;E2000026400000;DUBLADO;NÃO;ESTADOS UNIDOS;5004699;SALA RIOMAR 6 - TRADICIONAL;12;6000024;17266;27076;FORTALEZA;CE;CINEPOLIS OPERADORA DE CINEMAS DO BRASIL LTDA;09.652.820/0001-32
30/09/2020;30/09/2020 19:00:00;SPYCIES;AGENTES SELVAGENS;E2000250100000;DUBLADO;NÃO;CHINA;5006533;CINE LASER SANTAREM 1;0;6000104;44323;45275;SANTARÉM;PA;CINE LASER CINEMAS NORDESTE LTDA;34.860.287/0001-41
30/09/2020;30/09/2020 19:00:00;SPYCIES;AGENTES SELVAGENS;E2000250100000;DUBLADO;NÃO;CHINA;5003147;CINE LASER SORRISO 1;5;6000104;19465;19467;SORRISO;MT;CINE LASER CINEMAS LTDA;03.569.447/0001-74
30/09/2020;30/09/2020 19:00:00;THE AVENGERS;THE AVENGERS: OS VINGADORES;E1500275200000;DUBLADO;NÃO;ESTADOS UNIDOS;5001795;CINE ITAGUARI SALA 1;0;;5725;6588;SANTO ANTÔNIO DE JESUS;BA;IMPERIAL TURISMO E EVENTOS EIRELI;01.732.317/0001-85
30/09/2020;30/09/2020 19:00:00;THE GENTLEMEN;MAGNATAS DO CRIME;E2000005600000;ORIGINAL;SIM;ESTADOS UNIDOS;5005375;2120 CINEMARK MOGI DAS CRUZES SALA 04;4;6000018;1843;31561;MOGI DAS CRUZES;SP;CINEMARK BRASIL S.A;00.779.721/0001-41
30/09/2020;30/09/2020 19:00:00;THE GENTLEMEN;MAGNATAS DO CRIME;E2000005600000;DUBLADO;NÃO;ESTADOS UNIDOS;5006072;CINE A ALTAMIRA SALA 02;3;6000008;28464;33426;ALTAMIRA;PA;CINE A MARABA LTDA;21.160.773/0001-05
30/09/2020;30/09/2020 19:00:00;THE GENTLEMEN;MAGNATAS DO CRIME;E2000005600000;DUBLADO;NÃO;ESTADOS UNIDOS;5006204;CINE A ITAJUBA 01;0;6000008;15833;41725;ITAJUBÁ;MG;CINE A LTDA;10.894.937/0001-01
30/09/2020;30/09/2020 19:00:00;THE GENTLEMEN;MAGNATAS DO CRIME;E2000005600000;DUBLADO;NÃO;ESTADOS UNIDOS;5005287;CINE A MARABÁ SALA 01;0;6000008;28464;28466;MARABÁ;PA;CINE A MARABA LTDA;21.160.773/0001-05
30/09/2020;30/09/2020 19:00:00;THE GENTLEMEN;MAGNATAS DO CRIME;E2000005600000;DUBLADO;NÃO;ESTADOS UNIDOS;5002400;CINEVIP RONDON PLAZA SHOPPING SALA 01;12;;14781;14782;RONDONÓPOLIS;MT;GIOVANNI ZEM RODRIGUES;10.443.079/0001-89
30/09/2020;30/09/2020 19:00:00;THE GENTLEMEN;MAGNATAS DO CRIME;E2000005600000;DUBLADO;NÃO;ESTADOS UNIDOS;5005381;MOBI CINE TUCURUÍ - SALA 3;0;6000040;28561;31594;TUCURUÍ;PA;C A VIEIRA LEMOS E CIA LTDA;20.334.881/0001-94
30/09/2020;30/09/2020 19:00:00;THE GENTLEMEN;MAGNATAS DO CRIME;E2000005600000;DUBLADO;NÃO;ESTADOS UNIDOS;5001080;UCI ORIENT SHOPPING DA BAHIA - SALA 08;4;6000060;2606;6586;SALVADOR;BA;UCI-ORIENT LTDA;01.562.356/0001-81
30/09/2020;30/09/2020 19:00:00;THE SECRET: DARE TO DREAM;O SEGREDO: OUSE SONHAR;E2000080600000;DUBLADO;NÃO;ESTADOS UNIDOS;5005965;CINE SUL SALA 01;15;6000121;38751;38752;MEDIANEIRA;PR;L N DA ROCHA & CIA LTDA - ME;29.099.414/0001-00
30/09/2020;30/09/2020 19:00:00;THE SECRET: DARE TO DREAM;O SEGREDO: OUSE SONHAR;E2000080600000;DUBLADO;NÃO;ESTADOS UNIDOS;5004434;MOVIECOM PÁTIO MARABÁ 2;0;6000100;2897;25394;MARABÁ;PA;MOVIE CINEMAS LTDA;04.708.972/0001-96
30/09/2020;30/09/2020 19:00:01;FANTASY ISLAND;A ILHA DA FANTASIA;E1900579500000;DUBLADO;NÃO;ESTADOS UNIDOS;5006364;ALFENAS SALA 1;2;6000008;15833;44017;ALFENAS;MG;CINE A LTDA;10.894.937/0001-01
30/09/2020;30/09/2020 19:00:01;FANTASY ISLAND;A ILHA DA FANTASIA;E1900579500000;DUBLADO;NÃO;ESTADOS UNIDOS;5004199;ARARAS SALA 1;5;6000008;15833;24551;ARARAS;SP;CINE A LTDA;10.894.937/0001-01
30/09/2020;30/09/2020 19:00:01;FANTASY ISLAND;A ILHA DA FANTASIA;E1900579500000;DUBLADO;NÃO;ESTADOS UNIDOS;5005504;CINE A BRAGANÇA PAULISTA SALA 1;2;6000008;3227;32481;BRAGANÇA PAULISTA;SP;CINE A BRAGANCA PAULISTA LTDA;41.861.923/0001-15
30/09/2020;30/09/2020 19:00:01;NO GOGÓ DO PAULINHO;;B2000034100000;ORIGINAL;NÃO;BRASIL;5006073;CINE A ALTAMIRA SALA 03;0;6000008;28464;33426;ALTAMIRA;PA;CINE A MARABA LTDA;21.160.773/0001-05
30/09/2020;30/09/2020 19:00:01;SCOOB!;SCOOBY - O FILME;E2000026400000;DUBLADO;NÃO;ESTADOS UNIDOS;5006205;CINE A ITAJUBA 02;2;6000008;15833;41725;ITAJUBÁ;MG;CINE A LTDA;10.894.937/0001-01
30/09/2020;30/09/2020 19:00:01;SCOOB!;SCOOBY - O FILME;E2000026400000;DUBLADO;NÃO;ESTADOS UNIDOS;5004947;CINE A MARABÁ SALA 02;0;6000008;28464;28466;MARABÁ;PA;CINE A MARABA LTDA;21.160.773/0001-05
30/09/2020;30/09/2020 19:00:01;SCOOB!;SCOOBY - O FILME;E2000026400000;DUBLADO;NÃO;ESTADOS UNIDOS;5006268;CINE ESTAÇÃO 03;22;;42658;42659;FRANCO DA ROCHA;SP;CINE ESTAÇÃO OPERADORA DE CINEMA LTDA;32.998.727/0001-04
30/09/2020;30/09/2020 19:05:00;ESCAPE FROM PRETORIA;FUGA DE PRETÓRIA;E2000249400000;DUBLADO;NÃO;ÁFRICA DO SUL;5005981;CINESYSTEM ANANINDEUA SALA 07;0;6000027;22546;38898;ANANINDEUA;PA;REDECINE BRA CINEMATOGRÁFICA S.A.;15.422.993/0001-67
30/09/2020;30/09/2020 19:05:00;SCOOB!;SCOOBY - O FILME;E2000026400000;DUBLADO;NÃO;ESTADOS UNIDOS;5006544;PARAISO MEGA CENTER 3;0;6000045;5935;45579;VALPARAÍSO DE GOIÁS;GO;MULTICINE CINEMAS LTDA;07.609.246/0001-04
30/09/2020;30/09/2020 19:10:00;FANTASY ISLAND;A ILHA DA FANTASIA;E1900579500000;DUBLADO;NÃO;ESTADOS UNIDOS;5006082;CINE IMPERIAL 02;5;;40730;40731;SALVADOR;BA;RG PALMA EXIBICAO CINEMATOGRAFICA LTDA;31.159.134/0001-83
30/09/2020;30/09/2020 19:10:00;FANTASY ISLAND;A ILHA DA FANTASIA;E1900579500000;DUBLADO;NÃO;ESTADOS UNIDOS;5006297;GOIANESIA 02;14;6000040;42975;42976;GOIANÉSIA;GO;MB EXIBICOES CINEMATOGRAFICAS GOIANESIA LTDA;33.296.719/0001-70
30/09/2020;30/09/2020 19:10:00;HARRY POTTER AND THE SORCERER'S STONE;HARRY POTTER AND THE SORCERER'S STONE;E1900440700000;DUBLADO;NÃO;ESTADOS UNIDOS;5005426;UCI BRASIL - SHOPPING BOSQUE GRÃO PARÁ SALA 01;1;6000058;749;32026;BELÉM;PA;UNITED CINEMAS INTERNATIONAL BRASIL LTDA.;01.289.530/0001-64
30/09/2020;30/09/2020 19:10:00;SCOOB!;SCOOBY - O FILME;E2000026400000;DUBLADO;NÃO;ESTADOS UNIDOS;5001604;CINE 3 FERRY BOAT´S PLAZA 1;2;;5294;6684;GUARUJÁ;SP;SOBRAL EVENTOS E ENTRETENIMENTO LTDA;07.159.860/0001-11
30/09/2020;30/09/2020 19:10:00;SCOOB!;SCOOBY - O FILME;E2000026400000;DUBLADO;NÃO;ESTADOS UNIDOS;5006400;GRUPOCINE GUARUJÁ 03;1;6000034;44276;44283;GUARUJÁ;SP;EMPRESA CINEMATOGRAFICA BOMBOCINE LTDA;21.298.337/0001-05
30/09/2020;30/09/2020 19:10:00;SCOOB!;SCOOBY - O FILME;E2000026400000;DUBLADO;NÃO;ESTADOS UNIDOS;5006348;REDECINE PINDAMONHANGABA 02;5;6000034;43781;43782;PINDAMONHANGABA;SP;REDECINE PINDAMONHANGABA CINEMAS LTDA;34.408.375/0001-07
30/09/2020;30/09/2020 19:10:00;THE GENTLEMEN;MAGNATAS DO CRIME;E2000005600000;DUBLADO;NÃO;ESTADOS UNIDOS;5005931;MOBI CINE AÇAILÂNDIA SALA 03;6;6000040;38236;38237;AÇAILÂNDIA;MA;C A V LEMOS E CIA LTDA - ME;14.717.191/0001-11
30/09/2020;30/09/2020 19:10:00;THE GENTLEMEN;MAGNATAS DO CRIME;E2000005600000;DUBLADO;NÃO;ESTADOS UNIDOS;5005958;MOBI CINE REDENÇÃO SALA 3;7;6000040;28561;38513;REDENÇÃO;PA;C A VIEIRA LEMOS E CIA LTDA;20.334.881/0001-94
30/09/2020;30/09/2020 19:10:00;THE GENTLEMEN;MAGNATAS DO CRIME;E2000005600000;DUBLADO;NÃO;ESTADOS UNIDOS;5001495;MOVIECOM CASTANHEIRA 1;5;6000100;2897;2896;BELÉM;PA;MOVIE CINEMAS LTDA;04.708.972/0001-96
30/09/2020;30/09/2020 19:10:00;THE SECRET: DARE TO DREAM;O SEGREDO: OUSE SONHAR;E2000080600000;DUBLADO;NÃO;ESTADOS UNIDOS;5002566;CINE CATARATAS 3;1;;15565;15566;FOZ DO IGUAÇU;PR;CINE CATARATAS LTDA;09.010.219/0001-46
30/09/2020;30/09/2020 19:10:00;THE SECRET: DARE TO DREAM;O SEGREDO: OUSE SONHAR;E2000080600000;DUBLADO;NÃO;ESTADOS UNIDOS;5000921;MOVIECOM MAXI 1;6;6000100;2912;2913;JUNDIAÍ;SP;MAXI CINEMATOGRÁFICA LTDA;05.279.756/0001-35
30/09/2020;30/09/2020 19:15:00;BACK TO THE FUTURE;DE VOLTA PARA O FUTURO;E1402513800000;DUBLADO;NÃO;ESTADOS UNIDOS;5006207;CINE A ITAJUBA 04;0;6000008;15833;41725;ITAJUBÁ;MG;CINE A LTDA;10.894.937/0001-01
30/09/2020;30/09/2020 19:15:00;BACK TO THE FUTURE;DE VOLTA PARA O FUTURO;E1402513800000;DUBLADO;NÃO;ESTADOS UNIDOS;5004946;CINE A MARABÁ SALA 04;0;6000008;28464;28466;MARABÁ;PA;CINE A MARABA LTDA;21.160.773/0001-05
30/09/2020;30/09/2020 19:15:00;BLOODSHOT;BLOODSHOT;E1900579400000;DUBLADO;NÃO;ESTADOS UNIDOS;5004882;CIRCUITO CINEMAS PBAS- SALA 04;3;6000028;15568;27873;PARAUAPEBAS;PA;CIRCUITO ENTRETENIMENTO E CINEMAS LTDA;08.068.712/0001-54
30/09/2020;30/09/2020 19:15:00;FANTASY ISLAND;A ILHA DA FANTASIA;E1900579500000;DUBLADO;NÃO;ESTADOS UNIDOS;5006206;CINE A ITAJUBA 03;0;6000008;15833;41725;ITAJUBÁ;MG;CINE A LTDA;10.894.937/0001-01
30/09/2020;30/09/2020 19:15:00;FANTASY ISLAND;A ILHA DA FANTASIA;E1900579500000;DUBLADO;NÃO;ESTADOS UNIDOS;5004948;CINE A MARABÁ SALA 03;0;6000008;28464;28466;MARABÁ;PA;CINE A MARABA LTDA;21.160.773/0001-05
30/09/2020;30/09/2020 19:15:00;FANTASY ISLAND;A ILHA DA FANTASIA;E1900579500000;DUBLADO;NÃO;ESTADOS UNIDOS;5002401;CINEVIP RONDON PLAZA SHOPPING SALA 03;54;;14781;14782;RONDONÓPOLIS;MT;GIOVANNI ZEM RODRIGUES;10.443.079/0001-89
30/09/2020;30/09/2020 19:15:00;FANTASY ISLAND;A ILHA DA FANTASIA;E1900579500000;ORIGINAL;SIM;ESTADOS UNIDOS;5006305;GALLERIA CAMPINAS 02 - VIP;0;6000024;17266;43208;CAMPINAS;SP;CINEPOLIS OPERADORA DE CINEMAS DO BRASIL LTDA;09.652.820/0001-32
30/09/2020;30/09/2020 19:15:00;Mostras e Festivais;;G0000000000004;ORIGINAL;SIM;;5005630;CINEMARK FOZ DO IGUAÇU SALA 01;2;6000018;1843;33653;FOZ DO IGUAÇU;PR;CINEMARK BRASIL S.A;00.779.721/0001-41
30/09/2020;30/09/2020 19:15:00;Mostras e Festivais;;G0000000000004;ORIGINAL;SIM;;5000315;SHOPPING IGUATEMI 1;6;6000018;1843;2538;CAMPINAS;SP;CINEMARK BRASIL S.A;00.779.721/0001-41
30/09/2020;30/09/2020 19:15:00;SPYCIES;AGENTES SELVAGENS;E2000250100000;DUBLADO;NÃO;CHINA;5005642;CINE LASER BARRA DO GARÇAS SALA 01;2;6000104;33805;33806;BARRA DO GARÇAS;MT;CINE LASER BARRA DO GARÇAS LTDA- ME;24.864.214/0001-74
30/09/2020;30/09/2020 19:15:00;THE GENTLEMEN;MAGNATAS DO CRIME;E2000005600000;DUBLADO;NÃO;ESTADOS UNIDOS;5006365;ALFENAS SALA 2;2;6000008;15833;44017;ALFENAS;MG;CINE A LTDA;10.894.937/0001-01
30/09/2020;30/09/2020 19:15:00;THE GENTLEMEN;MAGNATAS DO CRIME;E2000005600000;DUBLADO;NÃO;ESTADOS UNIDOS;5004200;ARARAS SALA 2;2;6000008;15833;24551;ARARAS;SP;CINE A LTDA;10.894.937/0001-01
30/09/2020;30/09/2020 19:15:00;THE GENTLEMEN;MAGNATAS DO CRIME;E2000005600000;DUBLADO;NÃO;ESTADOS UNIDOS;5005505;CINE A BRAGANÇA PAULISTA SALA 2;2;6000008;3227;32481;BRAGANÇA PAULISTA;SP;CINE A BRAGANCA PAULISTA LTDA;41.861.923/0001-15
30/09/2020;30/09/2020 19:15:00;THE SECRET: DARE TO DREAM;O SEGREDO: OUSE SONHAR;E2000080600000;DUBLADO;NÃO;ESTADOS UNIDOS;5005720;CINEFLIX VALPARAISO SALA 03;2;6000014;24534;34628;VALPARAÍSO DE GOIÁS;GO;REDECINE BSB CINEMATOGRÁFICA LTDA;18.087.870/0001-05
30/09/2020;30/09/2020 19:15:00;THE SECRET: DARE TO DREAM;O SEGREDO: OUSE SONHAR;E2000080600000;DUBLADO;NÃO;ESTADOS UNIDOS;5001496;MOVIECOM TIVOLI 4;3;6000100;2914;2917;SANTA BÁRBARA D'OESTE;SP;CINEMATOGRÁFICA PASSOS LTDA;01.688.909/0001-47
30/09/2020;30/09/2020 19:15:01;FANTASY ISLAND;A ILHA DA FANTASIA;E1900579500000;DUBLADO;NÃO;ESTADOS UNIDOS;5005617;CINE A ALTAMIRA SALA 01;5;6000008;28464;33426;ALTAMIRA;PA;CINE A MARABA LTDA;21.160.773/0001-05
30/09/2020;30/09/2020 19:20:00;FANTASY ISLAND;A ILHA DA FANTASIA;E1900579500000;ORIGINAL;SIM;ESTADOS UNIDOS;5002723;SALA CINE PLAYARTE MANAUARA 03;0;6000049;260;16356;MANAUS;AM;PLAYARTE CINEMAS LTDA.;60.434.149/0001-00
30/09/2020;30/09/2020 19:20:00;HARRY POTTER AND THE SORCERER'S STONE;HARRY POTTER AND THE SORCERER'S STONE;E1900440700000;DUBLADO;NÃO;ESTADOS UNIDOS;5005329;UCI BRASIL - SUMAÚMA PARK SHOPPING MANAUS SALA 06;10;6000058;749;31265;MANAUS;AM;UNITED CINEMAS INTERNATIONAL BRASIL LTDA.;01.289.530/0001-64
30/09/2020;30/09/2020 19:20:00;JAWS;TUBARÃO;E1402577300000;ORIGINAL;SIM;ESTADOS UNIDOS;5003477;SALA CINEPOLIS BELA VISTA 05;1;6000024;17266;21610;SALVADOR;BA;CINEPOLIS OPERADORA DE CINEMAS DO BRASIL LTDA;09.652.820/0001-32
30/09/2020;30/09/2020 19:20:00;Mostras e Festivais;;G0000000000004;DUBLADO;NÃO;;5001622;CINEMARK JACAREI 3;4;6000018;5130;6664;JACAREÍ;SP;CINE PRIME CINEMA LTDA;05.897.142/0001-17
30/09/2020;30/09/2020 19:20:00;Mostras e Festivais;;G0000000000004;DUBLADO;NÃO;;5004433;MOVIECOM PÁTIO MARABÁ 1;4;6000100;2897;25394;MARABÁ;PA;MOVIE CINEMAS LTDA;04.708.972/0001-96
30/09/2020;30/09/2020 19:20:00;QUEEN OF SPADES: THROUGH THE LOOKING GLASS;A MALDIÇÃO DO ESPELHO;E1900574500000;DUBLADO;NÃO;RÚSSIA;5005723;CINEFLIX VALPARAISO SALA 06;7;6000014;24534;34628;VALPARAÍSO DE GOIÁS;GO;REDECINE BSB CINEMATOGRÁFICA LTDA;18.087.870/0001-05
30/09/2020;30/09/2020 19:20:00;QUEEN OF SPADES: THROUGH THE LOOKING GLASS;A MALDIÇÃO DO ESPELHO;E1900574500000;DUBLADO;NÃO;RÚSSIA;5000162;NORTH SHOPPING 3;4;6000037;1991;2414;FORTALEZA;CE;EMPRESA CINEMAS SÃO LUIZ S/A;33.497.660/0001-89
30/09/2020;30/09/2020 19:20:00;SCOOB!;SCOOBY - O FILME;E2000026400000;DUBLADO;NÃO;ESTADOS UNIDOS;5001482;MOVIECOM MAXI 3;16;6000100;2912;2913;JUNDIAÍ;SP;MAXI CINEMATOGRÁFICA LTDA;05.279.756/0001-35
30/09/2020;30/09/2020 19:20:00;THE AVENGERS;THE AVENGERS: OS VINGADORES;E1500275200000;DUBLADO;NÃO;ESTADOS UNIDOS;5001074;UCI ORIENT SHOPPING DA BAHIA - SALA 02;0;6000060;2606;6586;SALVADOR;BA;UCI-ORIENT LTDA;01.562.356/0001-81
30/09/2020;30/09/2020 19:20:00;THE GENTLEMEN;MAGNATAS DO CRIME;E2000005600000;ORIGINAL;SIM;ESTADOS UNIDOS;5006479;JUNDIAI SHOPPING 10 - VIP;6;6000024;17266;22674;JUNDIAÍ;SP;CINEPOLIS OPERADORA DE CINEMAS DO BRASIL LTDA;09.652.820/0001-32
30/09/2020;30/09/2020 19:20:00;THE GENTLEMEN;MAGNATAS DO CRIME;E2000005600000;ORIGINAL;SIM;ESTADOS UNIDOS;5000741;UCI - SHOPPING CENTER IGUATEMI FORTALEZA - SALA 10;9;6000059;2612;2616;FORTALEZA;CE;UCI RIBEIRO LTDA;02.117.937/0001-77
30/09/2020;30/09/2020 19:20:00;THE GENTLEMEN;MAGNATAS DO CRIME;E2000005600000;DUBLADO;NÃO;ESTADOS UNIDOS;5004815;UCI BRASIL SHOPPING PARANGABA SALA 03;13;6000058;749;27591;FORTALEZA;CE;UNITED CINEMAS INTERNATIONAL BRASIL LTDA.;01.289.530/0001-64
30/09/2020;30/09/2020 19:20:00;THE SECRET: DARE TO DREAM;O SEGREDO: OUSE SONHAR;E2000080600000;DUBLADO;NÃO;ESTADOS UNIDOS;5001518;MOVIECOM BURITI 1;14;6000100;2897;2893;APARECIDA DE GOIÂNIA;GO;MOVIE CINEMAS LTDA;04.708.972/0001-96
30/09/2020;30/09/2020 19:25:00;FANTASY ISLAND;A ILHA DA FANTASIA;E1900579500000;DUBLADO;NÃO;ESTADOS UNIDOS;5002926;SALA 04;6;6000024;17266;17729;SALVADOR;BA;CINEPOLIS OPERADORA DE CINEMAS DO BRASIL LTDA;09.652.820/0001-32
30/09/2020;30/09/2020 19:25:00;FANTASY ISLAND;A ILHA DA FANTASIA;E1900579500000;DUBLADO;NÃO;ESTADOS UNIDOS;5003097;TOPAZIO POLO SHOPPING 4;3;6000057;2968;19182;INDAIATUBA;SP;LUI CINEMATOGRÁFICA LTDA.;71.912.711/0001-80
30/09/2020;30/09/2020 19:30:00;BLACK PANTHER;PANTERA NEGRA;E1700512400000;DUBLADO;NÃO;ESTADOS UNIDOS;5001493;MOVIECOM MAXI 7;0;6000100;2912;2913;JUNDIAÍ;SP;MAXI CINEMATOGRÁFICA LTDA;05.279.756/0001-35
30/09/2020;30/09/2020 19:30:00;EL ROBO DEL SIGLO;O ROUBO DO SÉCULO;E2000030900000;ORIGINAL;SIM;ARGENTINA;5005378;2120 CINEMARK MOGI DAS CRUZES SALA 07;4;6000018;1843;31561;MOGI DAS CRUZES;SP;CINEMARK BRASIL S.A;00.779.721/0001-41
30/09/2020;30/09/2020 19:30:00;EL ROBO DEL SIGLO;O ROUBO DO SÉCULO;E2000030900000;ORIGINAL;SIM;ARGENTINA;5006304;GALLERIA CAMPINAS 01 - VIP;1;6000024;17266;43208;CAMPINAS;SP;CINEPOLIS OPERADORA DE CINEMAS DO BRASIL LTDA;09.652.820/0001-32
30/09/2020;30/09/2020 19:30:00;FANTASY ISLAND;A ILHA DA FANTASIA;E1900579500000;DUBLADO;NÃO;ESTADOS UNIDOS;5005718;CINEFLIX VALPARAISO SALA 01;5;6000014;24534;34628;VALPARAÍSO DE GOIÁS;GO;REDECINE BSB CINEMATOGRÁFICA LTDA;18.087.870/0001-05
30/09/2020;30/09/2020 19:30:00;FANTASY ISLAND;A ILHA DA FANTASIA;E1900579500000;DUBLADO;NÃO;ESTADOS UNIDOS;5006357;MULTICINE IANDE SHOPPING 2;0;6000045;5935;43968;CAUCAIA;CE;MULTICINE CINEMAS LTDA;07.609.246/0001-04
30/09/2020;30/09/2020 19:30:00;FANTASY ISLAND;A ILHA DA FANTASIA;E1900579500000;DUBLADO;NÃO;ESTADOS UNIDOS;5003284;MULTICINE JATAÍ 02;6;6000045;5935;19793;JATAÍ;GO;MULTICINE CINEMAS LTDA;07.609.246/0001-04
30/09/2020;30/09/2020 19:30:00;FANTASY ISLAND;A ILHA DA FANTASIA;E1900579500000;DUBLADO;NÃO;ESTADOS UNIDOS;5005275;MULTICINE SANTA MARIA SALA 06;4;6000045;5935;30733;BRASÍLIA;DF;MULTICINE CINEMAS LTDA;07.609.246/0001-04
30/09/2020;30/09/2020 19:30:00;FANTASY ISLAND;A ILHA DA FANTASIA;E1900579500000;ORIGINAL;SIM;ESTADOS UNIDOS;5000320;SHOPPING IGUATEMI 6;2;6000018;1843;2538;CAMPINAS;SP;CINEMARK BRASIL S.A;00.779.721/0001-41
30/09/2020;30/09/2020 19:30:00;HAPPY HALLOWEEN, SCOOBY DOO!;SCOOBY-DOO! HALLOWEEN;E2000345700000;DUBLADO;NÃO;ESTADOS UNIDOS;5006523;UNIPLEX PARANAGUA 3;18;6000007;2442;44957;PARANAGUÁ;PR;CINEMAS UNIPLEX LTDA;02.137.637/0001-50
30/09/2020;30/09/2020 19:30:00;HARRY POTTER AND THE PHILOSOPHER'S STONE;HARRY POTTER E A PEDRA FILOSOFAL;E1500138600000;ORIGINAL;SIM;ESTADOS UNIDOS;5001102;CINE TOPÁZIO 3;15;6000057;2968;6742;INDAIATUBA;SP;LUI CINEMATOGRÁFICA LTDA.;71.912.711/0001-80
30/09/2020;30/09/2020 19:30:00;HARRY POTTER AND THE SORCERER'S STONE;HARRY POTTER AND THE SORCERER'S STONE;E1900440700000;DUBLADO;NÃO;ESTADOS UNIDOS;5006217;CINE LAGUNA 2;5;6000141;24511;24512;ALAGOINHAS;BA;VICTORY EVENTOS & TURISMO LTDA;05.607.525/0001-03
30/09/2020;30/09/2020 19:30:00;SCOOB!;SCOOBY - O FILME;E2000026400000;DUBLADO;NÃO;ESTADOS UNIDOS;5005706;CENTERPLEX GRAND SHOPPING MESSEJANA SALA 01;10;6000006;16321;34486;FORTALEZA;CE;EMPRESA DE CINEMAS FORTALEZA LTDA;10.785.710/0001-28
30/09/2020;30/09/2020 19:30:00;SCOOB!;SCOOBY - O FILME;E2000026400000;DUBLADO;NÃO;ESTADOS UNIDOS;5005924;CENTERPLEX GRANDE CIRCULAR 01;15;6000006;38234;38235;MANAUS;AM;CINE ELI AMAZONAS CINEMAS LTDA - EM RECUPERAÇÃO JUDICIAL;28.619.116/0001-22
30/09/2020;30/09/2020 19:30:00;SCOOB!;SCOOBY - O FILME;E2000026400000;DUBLADO;NÃO;ESTADOS UNIDOS;5002564;CINE CATARATAS 1;11;;15565;15566;FOZ DO IGUAÇU;PR;CINE CATARATAS LTDA;09.010.219/0001-46
30/09/2020;30/09/2020 19:30:00;SCOOB!;SCOOBY - O FILME;E2000026400000;DUBLADO;NÃO;ESTADOS UNIDOS;5006458;CINEMAXS PARANÁ FAMÍLIA 02;7;;19490;40853;CAMPO MOURÃO;PR;H.C. DA GRAÇA & CIA LTDA ME;07.203.974/0001-11
30/09/2020;30/09/2020 19:30:00;SCOOB!;SCOOBY - O FILME;E2000026400000;DUBLADO;NÃO;ESTADOS UNIDOS;5005975;CINESYSTEM ANANINDEUA SALA 01;14;6000027;22546;38898;ANANINDEUA;PA;REDECINE BRA CINEMATOGRÁFICA S.A.;15.422.993/0001-67
30/09/2020;30/09/2020 19:30:00;SCOOB!;SCOOBY - O FILME;E2000026400000;DUBLADO;NÃO;ESTADOS UNIDOS;5005353;CINESYSTEM SANTARÉM SALA 03;16;6000027;22546;31524;SANTARÉM;PA;REDECINE BRA CINEMATOGRÁFICA S.A.;15.422.993/0001-67
30/09/2020;30/09/2020 19:30:00;SCOOB!;SCOOBY - O FILME;E2000026400000;DUBLADO;NÃO;ESTADOS UNIDOS;5005094;CINÉPOLIS SÃO GONÇALO SHOPPING - SALA 3;26;6000024;17266;30088;SÃO GONÇALO;RJ;CINEPOLIS OPERADORA DE CINEMAS DO BRASIL LTDA;09.652.820/0001-32
30/09/2020;30/09/2020 19:30:00;THE AVENGERS;THE AVENGERS: OS VINGADORES;E1500275200000;DUBLADO;NÃO;ESTADOS UNIDOS;5002681;ORIENT CINE PARELELA - SALA 06;4;6000060;2606;16207;SALVADOR;BA;UCI-ORIENT LTDA;01.562.356/0001-81
30/09/2020;30/09/2020 19:30:00;THE CONJURING;INVOCAÇÃO DO MAL;E1500097000000;DUBLADO;NÃO;ESTADOS UNIDOS;5001796;CINE ITAGUARI SALA 2;2;;5725;6588;SANTO ANTÔNIO DE JESUS;BA;IMPERIAL TURISMO E EVENTOS EIRELI;01.732.317/0001-85
30/09/2020;30/09/2020 19:30:00;THE GENTLEMEN;MAGNATAS DO CRIME;E2000005600000;DUBLADO;NÃO;ESTADOS UNIDOS;5005106;CINÉPOLIS CAMPINAS SHOPPING - SALA 7;4;6000024;17266;30090;CAMPINAS;SP;CINEPOLIS OPERADORA DE CINEMAS DO BRASIL LTDA;09.652.820/0001-32
30/09/2020;30/09/2020 19:30:00;THE GENTLEMEN;MAGNATAS DO CRIME;E2000005600000;DUBLADO;NÃO;ESTADOS UNIDOS;5001522;MOVIECOM BURITI 4;4;6000100;2897;2893;APARECIDA DE GOIÂNIA;GO;MOVIE CINEMAS LTDA;04.708.972/0001-96
30/09/2020;30/09/2020 19:30:00;THE GENTLEMEN;MAGNATAS DO CRIME;E2000005600000;ORIGINAL;SIM;ESTADOS UNIDOS;5001494;MOVIECOM TIVOLI 3;5;6000100;2914;2917;SANTA BÁRBARA D'OESTE;SP;CINEMATOGRÁFICA PASSOS LTDA;01.688.909/0001-47
30/09/2020;30/09/2020 19:30:00;THE GENTLEMEN;MAGNATAS DO CRIME;E2000005600000;ORIGINAL;SIM;ESTADOS UNIDOS;5002939;SALA 05;9;6000024;17266;17763;BELÉM;PA;CINEPOLIS OPERADORA DE CINEMAS DO BRASIL LTDA;09.652.820/0001-32
30/09/2020;30/09/2020 19:30:00;THE GENTLEMEN;MAGNATAS DO CRIME;E2000005600000;ORIGINAL;SIM;ESTADOS UNIDOS;5004588;UCI ORIENT SHOPPING BARRA SALA 6;2;6000060;2606;26893;SALVADOR;BA;UCI-ORIENT LTDA;01.562.356/0001-81
30/09/2020;30/09/2020 19:30:00;WONDER WOMAN;MULHER-MARAVILHA;E1700197900000;DUBLADO;NÃO;ESTADOS UNIDOS;5001500;MOVIECOM CASTANHEIRA 4;15;6000100;2897;2896;BELÉM;PA;MOVIE CINEMAS LTDA;04.708.972/0001-96
30/09/2020;30/09/2020 19:35:00;FANTASY ISLAND;A ILHA DA FANTASIA;E1900579500000;DUBLADO;NÃO;ESTADOS UNIDOS;5002603;CINEMAS BENFICA - SALA 1;4;;15690;15691;FORTALEZA;CE;CINEMAS BENFICA LTDA;07.509.597/0001-43
30/09/2020;30/09/2020 19:40:00;BLACK PANTHER;PANTERA NEGRA;E1700512400000;DUBLADO;NÃO;ESTADOS UNIDOS;5006387;GRUPOCINE VALINHOS 03;2;6000034;44276;44278;VALINHOS;SP;EMPRESA CINEMATOGRAFICA BOMBOCINE LTDA;21.298.337/0001-05
30/09/2020;30/09/2020 19:40:00;BLACK PANTHER;PANTERA NEGRA;E1700512400000;DUBLADO;NÃO;ESTADOS UNIDOS;5001706;MOVIECOM UNIMART 1;2;6000100;2897;5573;CAMPINAS;SP;MOVIE CINEMAS LTDA;04.708.972/0001-96
30/09/2020;30/09/2020 19:40:00;FANTASY ISLAND;A ILHA DA FANTASIA;E1900579500000;DUBLADO;NÃO;ESTADOS UNIDOS;5001149;CINE PORTO;10;;2351;2352;UBATUBA;SP;CINEMATOGRÁFICA LITORAL NORTE LTDA-EPP;04.165.613/0001-30
30/09/2020;30/09/2020 19:40:00;FANTASY ISLAND;A ILHA DA FANTASIA;E1900579500000;DUBLADO;NÃO;ESTADOS UNIDOS;5005631;CINEMARK FOZ DO IGUAÇU SALA 02;14;6000018;1843;33653;FOZ DO IGUAÇU;PR;CINEMARK BRASIL S.A;00.779.721/0001-41
30/09/2020;30/09/2020 19:40:00;FANTASY ISLAND;A ILHA DA FANTASIA;E1900579500000;DUBLADO;NÃO;ESTADOS UNIDOS;5001484;MOVIECOM MAXI 4;8;6000100;2912;2913;JUNDIAÍ;SP;MAXI CINEMATOGRÁFICA LTDA;05.279.756/0001-35
30/09/2020;30/09/2020 19:40:00;FANTASY ISLAND;A ILHA DA FANTASIA;E1900579500000;DUBLADO;NÃO;ESTADOS UNIDOS;5006545;PARAISO MEGA CENTER 4;0;6000045;5935;45579;VALPARAÍSO DE GOIÁS;GO;MULTICINE CINEMAS LTDA;07.609.246/0001-04
30/09/2020;30/09/2020 19:40:00;FANTASY ISLAND;A ILHA DA FANTASIA;E1900579500000;ORIGINAL;SIM;ESTADOS UNIDOS;5003478;SALA CINEPOLIS BELA VISTA 06;2;6000024;17266;21610;SALVADOR;BA;CINEPOLIS OPERADORA DE CINEMAS DO BRASIL LTDA;09.652.820/0001-32
30/09/2020;30/09/2020 19:40:00;GRETEL & HANSEL (2020);MARIA E JOÃO - O CONTO DAS BRUXAS;E1900467000000;DUBLADO;NÃO;ESTADOS UNIDOS;5000163;NORTH SHOPPING 4;22;6000037;1991;2414;FORTALEZA;CE;EMPRESA CINEMAS SÃO LUIZ S/A;33.497.660/0001-89
30/09/2020;30/09/2020 19:40:00;Mostras e Festivais;;G0000000000004;ORIGINAL;NÃO;;5004214;CINEMARK JACAREI 5;0;6000018;5130;6664;JACAREÍ;SP;CINE PRIME CINEMA LTDA;05.897.142/0001-17
30/09/2020;30/09/2020 19:40:00;QUEEN OF SPADES: THROUGH THE LOOKING GLASS;A MALDIÇÃO DO ESPELHO;E1900574500000;DUBLADO;NÃO;RÚSSIA;5002929;SALA 01;8;6000024;17266;17729;SALVADOR;BA;CINEPOLIS OPERADORA DE CINEMAS DO BRASIL LTDA;09.652.820/0001-32
30/09/2020;30/09/2020 19:40:00;QUEEN OF SPADES: THROUGH THE LOOKING GLASS;A MALDIÇÃO DO ESPELHO;E1900574500000;DUBLADO;NÃO;RÚSSIA;5005327;UCI BRASIL - SUMAÚMA PARK SHOPPING MANAUS SALA 04;6;6000058;749;31265;MANAUS;AM;UNITED CINEMAS INTERNATIONAL BRASIL LTDA.;01.289.530/0001-64
30/09/2020;30/09/2020 19:40:00;SCOOB!;SCOOBY - O FILME;E2000026400000;DUBLADO;NÃO;ESTADOS UNIDOS;5002726;SALA CINE PLAYARTE MANAUARA 06;20;6000049;260;16356;MANAUS;AM;PLAYARTE CINEMAS LTDA.;60.434.149/0001-00
30/09/2020;30/09/2020 19:40:00;THE GENTLEMEN;MAGNATAS DO CRIME;E2000005600000;DUBLADO;NÃO;ESTADOS UNIDOS;5005338;CINEMAS BENFICA - SALA 4;9;;15690;15691;FORTALEZA;CE;CINEMAS BENFICA LTDA;07.509.597/0001-43
30/09/2020;30/09/2020 19:40:00;THE GENTLEMEN;MAGNATAS DO CRIME;E2000005600000;DUBLADO;NÃO;ESTADOS UNIDOS;5002256;MOVIECOM PATIO BELÉM 3;9;6000100;2897;13915;BELÉM;PA;MOVIE CINEMAS LTDA;04.708.972/0001-96
30/09/2020;30/09/2020 19:40:00;THE INVISIBLE MAN;O HOMEM INVISÍVEL;E1900438600000;ORIGINAL;SIM;AUSTRÁLIA;5000736;UCI - SHOPPING CENTER IGUATEMI FORTALEZA - SALA 05;5;6000059;2612;2616;FORTALEZA;CE;UCI RIBEIRO LTDA;02.117.937/0001-77
30/09/2020;30/09/2020 19:40:00;THE MATRIX;MATRIX;E1500096600000;ORIGINAL;SIM;AUSTRÁLIA;5001083;UCI ORIENT SHOPPING DA BAHIA - SALA 11;1;6000060;2606;6586;SALVADOR;BA;UCI-ORIENT LTDA;01.562.356/0001-81
30/09/2020;30/09/2020 19:40:00;THE SECRET: DARE TO DREAM;O SEGREDO: OUSE SONHAR;E2000080600000;DUBLADO;NÃO;ESTADOS UNIDOS;5003594;JUNDIAI SHOPPING 07;15;6000024;17266;22674;JUNDIAÍ;SP;CINEPOLIS OPERADORA DE CINEMAS DO BRASIL LTDA;09.652.820/0001-32
30/09/2020;30/09/2020 19:45:00;ESCAPE FROM PRETORIA;FUGA DE PRETÓRIA;E2000249400000;ORIGINAL;SIM;ÁFRICA DO SUL;5005697;CINEPOLIS RIOMAR KENNEDY - SALA 06;2;6000024;17266;34309;FORTALEZA;CE;CINEPOLIS OPERADORA DE CINEMAS DO BRASIL LTDA;09.652.820/0001-32
30/09/2020;30/09/2020 19:45:00;FANTASY ISLAND;A ILHA DA FANTASIA;E1900579500000;DUBLADO;NÃO;ESTADOS UNIDOS;5005104;CINÉPOLIS CAMPINAS SHOPPING - SALA 5;3;6000024;17266;30090;CAMPINAS;SP;CINEPOLIS OPERADORA DE CINEMAS DO BRASIL LTDA;09.652.820/0001-32
30/09/2020;30/09/2020 19:45:00;FANTASY ISLAND;A ILHA DA FANTASIA;E1900579500000;DUBLADO;NÃO;ESTADOS UNIDOS;5006383;GRUPOCINE SANTA ISABEL 01;9;6000034;44276;44277;SANTA ISABEL;SP;EMPRESA CINEMATOGRAFICA BOMBOCINE LTDA;21.298.337/0001-05
30/09/2020;30/09/2020 19:45:00;FANTASY ISLAND;A ILHA DA FANTASIA;E1900579500000;DUBLADO;NÃO;ESTADOS UNIDOS;5001492;MOVIECOM TIVOLI 1;8;6000100;2914;2917;SANTA BÁRBARA D'OESTE;SP;CINEMATOGRÁFICA PASSOS LTDA;01.688.909/0001-47
30/09/2020;30/09/2020 19:45:00;FANTASY ISLAND;A ILHA DA FANTASIA;E1900579500000;ORIGINAL;SIM;ESTADOS UNIDOS;5004700;SALA RIOMAR 7 - TRADICIONAL;10;6000024;17266;27076;FORTALEZA;CE;CINEPOLIS OPERADORA DE CINEMAS DO BRASIL LTDA;09.652.820/0001-32
30/09/2020;30/09/2020 19:45:00;QUEEN OF SPADES: THROUGH THE LOOKING GLASS;A MALDIÇÃO DO ESPELHO;E1900574500000;DUBLADO;NÃO;RÚSSIA;5005977;CINESYSTEM ANANINDEUA SALA 03;7;6000027;22546;38898;ANANINDEUA;PA;REDECINE BRA CINEMATOGRÁFICA S.A.;15.422.993/0001-67
30/09/2020;30/09/2020 19:45:00;QUEEN OF SPADES: THROUGH THE LOOKING GLASS;A MALDIÇÃO DO ESPELHO;E1900574500000;DUBLADO;NÃO;RÚSSIA;5004473;SALA CINEPOLIS NORTH SHOPPING JOQUEI 03;15;6000024;17266;25960;FORTALEZA;CE;CINEPOLIS OPERADORA DE CINEMAS DO BRASIL LTDA;09.652.820/0001-32
30/09/2020;30/09/2020 19:45:00;SCOOB!;SCOOBY - O FILME;E2000026400000;DUBLADO;NÃO;ESTADOS UNIDOS;5002941;SALA 02;25;6000024;17266;17763;BELÉM;PA;CINEPOLIS OPERADORA DE CINEMAS DO BRASIL LTDA;09.652.820/0001-32
30/09/2020;30/09/2020 19:45:00;THE GENTLEMEN;MAGNATAS DO CRIME;E2000005600000;ORIGINAL;SIM;ESTADOS UNIDOS;5006306;GALLERIA CAMPINAS 03 - VIP;0;6000024;17266;43208;CAMPINAS;SP;CINEPOLIS OPERADORA DE CINEMAS DO BRASIL LTDA;09.652.820/0001-32
30/09/2020;30/09/2020 19:45:00;THE GENTLEMEN;MAGNATAS DO CRIME;E2000005600000;ORIGINAL;SIM;ESTADOS UNIDOS;5005341;SHOPPING IGUATEMI 11;6;6000018;1843;2538;CAMPINAS;SP;CINEMARK BRASIL S.A;00.779.721/0001-41
30/09/2020;30/09/2020 19:50:00;BLACK PANTHER;PANTERA NEGRA;E1700512400000;DUBLADO;NÃO;ESTADOS UNIDOS;5006081;CINE IMPERIAL 01;0;;40730;40731;SALVADOR;BA;RG PALMA EXIBICAO CINEMATOGRAFICA LTDA;31.159.134/0001-83
30/09/2020;30/09/2020 19:50:00;FANTASY ISLAND;A ILHA DA FANTASIA;E1900579500000;ORIGINAL;SIM;ESTADOS UNIDOS;5005374;2120 CINEMARK MOGI DAS CRUZES SALA 03;2;6000018;1843;31561;MOGI DAS CRUZES;SP;CINEMARK BRASIL S.A;00.779.721/0001-41
30/09/2020;30/09/2020 19:50:00;FANTASY ISLAND;A ILHA DA FANTASIA;E1900579500000;DUBLADO;NÃO;ESTADOS UNIDOS;5005098;CINÉPOLIS SÃO GONÇALO SHOPPING - SALA 7;6;6000024;17266;30088;SÃO GONÇALO;RJ;CINEPOLIS OPERADORA DE CINEMAS DO BRASIL LTDA;09.652.820/0001-32
30/09/2020;30/09/2020 19:50:00;FANTASY ISLAND;A ILHA DA FANTASIA;E1900579500000;ORIGINAL;SIM;ESTADOS UNIDOS;5003588;JUNDIAI SHOPPING 01;9;6000024;17266;22674;JUNDIAÍ;SP;CINEPOLIS OPERADORA DE CINEMAS DO BRASIL LTDA;09.652.820/0001-32
30/09/2020;30/09/2020 19:50:00;FANTASY ISLAND;A ILHA DA FANTASIA;E1900579500000;DUBLADO;NÃO;ESTADOS UNIDOS;5001520;MOVIECOM BURITI 2;11;6000100;2897;2893;APARECIDA DE GOIÂNIA;GO;MOVIE CINEMAS LTDA;04.708.972/0001-96
30/09/2020;30/09/2020 19:50:00;FANTASY ISLAND;A ILHA DA FANTASIA;E1900579500000;ORIGINAL;SIM;ESTADOS UNIDOS;5004814;UCI BRASIL SHOPPING PARANGABA SALA 02;5;6000058;749;27591;FORTALEZA;CE;UNITED CINEMAS INTERNATIONAL BRASIL LTDA.;01.289.530/0001-64
30/09/2020;30/09/2020 19:50:00;QUEEN OF SPADES: THROUGH THE LOOKING GLASS;A MALDIÇÃO DO ESPELHO;E1900574500000;DUBLADO;NÃO;RÚSSIA;5003481;SALA CINEPOLIS BELA VISTA 09;6;6000024;17266;21610;SALVADOR;BA;CINEPOLIS OPERADORA DE CINEMAS DO BRASIL LTDA;09.652.820/0001-32
30/09/2020;30/09/2020 19:50:00;SCOOB!;SCOOBY - O FILME;E2000026400000;DUBLADO;NÃO;ESTADOS UNIDOS;5005163;CINÉPOLIS MANAUS PLAZA - SALA 7;2;6000024;17266;30118;MANAUS;AM;CINEPOLIS OPERADORA DE CINEMAS DO BRASIL LTDA;09.652.820/0001-32
30/09/2020;30/09/2020 19:50:00;THE GENTLEMEN;MAGNATAS DO CRIME;E2000005600000;ORIGINAL;SIM;ESTADOS UNIDOS;5001491;MOVIECOM MAXI 6;3;6000100;2912;2913;JUNDIAÍ;SP;MAXI CINEMATOGRÁFICA LTDA;05.279.756/0001-35
30/09/2020;30/09/2020 19:50:00;THE GENTLEMEN;MAGNATAS DO CRIME;E2000005600000;DUBLADO;NÃO;ESTADOS UNIDOS;5006216;SALA 08 - VIP;4;6000024;17266;17729;SALVADOR;BA;CINEPOLIS OPERADORA DE CINEMAS DO BRASIL LTDA;09.652.820/0001-32
30/09/2020;30/09/2020 20:00:00;A QUIET PLACE;UM LUGAR SILENCIOSO;E1800074200000;DUBLADO;NÃO;ESTADOS UNIDOS;5002724;SALA CINE PLAYARTE MANAUARA 08;6;6000049;260;16356;MANAUS;AM;PLAYARTE CINEMAS LTDA.;60.434.149/0001-00
30/09/2020;30/09/2020 20:00:00;BIRDS OF PREY (AND THE FANTABULOUS EMANCIPATION OF ONE HARLEY QUINN);AVES DE RAPINA (ARLEQUINA E SUA EMANCIPAÇÃO FANTABULOSA);E1900628800000;DUBLADO;NÃO;ESTADOS UNIDOS;5006258;CIRCUITO PONTA PORA 02;4;6000028;15568;42557;PONTA PORÃ;MS;CIRCUITO ENTRETENIMENTO E CINEMAS LTDA;08.068.712/0001-54
30/09/2020;30/09/2020 20:00:00;ESCAPE FROM PRETORIA;FUGA DE PRETÓRIA;E2000249400000;ORIGINAL;SIM;ÁFRICA DO SUL;5005107;CINÉPOLIS CAMPINAS SHOPPING - SALA 8;2;6000024;17266;30090;CAMPINAS;SP;CINEPOLIS OPERADORA DE CINEMAS DO BRASIL LTDA;09.652.820/0001-32
30/09/2020;30/09/2020 20:00:00;ESCAPE FROM PRETORIA;FUGA DE PRETÓRIA;E2000249400000;ORIGINAL;SIM;ÁFRICA DO SUL;5006307;GALLERIA CAMPINAS 04 - VIP;0;6000024;17266;43208;CAMPINAS;SP;CINEPOLIS OPERADORA DE CINEMAS DO BRASIL LTDA;09.652.820/0001-32
30/09/2020;30/09/2020 20:00:00;FANTASY ISLAND;A ILHA DA FANTASIA;E1900579500000;DUBLADO;NÃO;ESTADOS UNIDOS;5002824;CENTERPLEX VIA SUL SHOPPING 3;6;6000006;16321;16322;FORTALEZA;CE;EMPRESA DE CINEMAS FORTALEZA LTDA;10.785.710/0001-28
30/09/2020;30/09/2020 20:00:00;FANTASY ISLAND;A ILHA DA FANTASIA;E1900579500000;DUBLADO;NÃO;ESTADOS UNIDOS;5006534;CINE LASER SANTAREM 2;1;6000104;44323;45275;SANTARÉM;PA;CINE LASER CINEMAS NORDESTE LTDA;34.860.287/0001-41
30/09/2020;30/09/2020 20:00:00;FANTASY ISLAND;A ILHA DA FANTASIA;E1900579500000;DUBLADO;NÃO;ESTADOS UNIDOS;5004593;CINE LASER SORRISO 2;12;6000104;19465;19467;SORRISO;MT;CINE LASER CINEMAS LTDA;03.569.447/0001-74
30/09/2020;30/09/2020 20:00:00;FANTASY ISLAND;A ILHA DA FANTASIA;E1900579500000;DUBLADO;NÃO;ESTADOS UNIDOS;5004186;CINEFLIX JK SHOPPING - SALA 3;2;6000014;24534;24535;BRASÍLIA;DF;REDECINE BSB CINEMATOGRÁFICA LTDA;18.087.870/0001-05
30/09/2020;30/09/2020 20:00:00;FANTASY ISLAND;A ILHA DA FANTASIA;E1900579500000;DUBLADO;NÃO;ESTADOS UNIDOS;5005309;CINEFLIX VÁRZEA GRANDE SHOPPING - SALA 6;23;6000014;24534;31101;VÁRZEA GRANDE;MT;REDECINE BSB CINEMATOGRÁFICA LTDA;18.087.870/0001-05
30/09/2020;30/09/2020 20:00:00;FANTASY ISLAND;A ILHA DA FANTASIA;E1900579500000;DUBLADO;NÃO;ESTADOS UNIDOS;5005164;CINÉPOLIS MANAUS PLAZA - SALA 8;4;6000024;17266;30118;MANAUS;AM;CINEPOLIS OPERADORA DE CINEMAS DO BRASIL LTDA;09.652.820/0001-32
30/09/2020;30/09/2020 20:00:00;FANTASY ISLAND;A ILHA DA FANTASIA;E1900579500000;DUBLADO;NÃO;ESTADOS UNIDOS;5005366;CIRCUITO CINEMAS - PNP SALA 03;6;6000028;15568;31541;PENÁPOLIS;SP;CIRCUITO ENTRETENIMENTO E CINEMAS LTDA;08.068.712/0001-54
30/09/2020;30/09/2020 20:00:00;FANTASY ISLAND;A ILHA DA FANTASIA;E1900579500000;DUBLADO;NÃO;ESTADOS UNIDOS;5001505;MOVIECOM CASTANHEIRA 7;20;6000100;2897;2896;BELÉM;PA;MOVIE CINEMAS LTDA;04.708.972/0001-96
30/09/2020;30/09/2020 20:00:00;FANTASY ISLAND;A ILHA DA FANTASIA;E1900579500000;DUBLADO;NÃO;ESTADOS UNIDOS;5004432;MOVIECOM UNIMART 6;2;6000100;2897;5573;CAMPINAS;SP;MOVIE CINEMAS LTDA;04.708.972/0001-96
30/09/2020;30/09/2020 20:00:00;FANTASY ISLAND;A ILHA DA FANTASIA;E1900579500000;DUBLADO;NÃO;ESTADOS UNIDOS;5000161;NORTH SHOPPING 2;12;6000037;1991;2414;FORTALEZA;CE;EMPRESA CINEMAS SÃO LUIZ S/A;33.497.660/0001-89
30/09/2020;30/09/2020 20:00:00;FANTASY ISLAND;A ILHA DA FANTASIA;E1900579500000;DUBLADO;NÃO;ESTADOS UNIDOS;5006474;REDECINE SUMARE 03;18;6000014;5654;44547;SUMARÉ;SP;REDECINE-CPQ CINEMATOGRÁFICA LTDA;07.665.262/0001-14
30/09/2020;30/09/2020 20:00:00;FANTASY ISLAND;A ILHA DA FANTASIA;E1900579500000;ORIGINAL;SIM;ESTADOS UNIDOS;5000737;UCI - SHOPPING CENTER IGUATEMI FORTALEZA - SALA 06;12;6000059;2612;2616;FORTALEZA;CE;UCI RIBEIRO LTDA;02.117.937/0001-77
30/09/2020;30/09/2020 20:00:00;FANTASY ISLAND;A ILHA DA FANTASIA;E1900579500000;ORIGINAL;SIM;ESTADOS UNIDOS;5005430;UCI BRASIL - SHOPPING BOSQUE GRÃO PARÁ SALA 05;2;6000058;749;32026;BELÉM;PA;UNITED CINEMAS INTERNATIONAL BRASIL LTDA.;01.289.530/0001-64
30/09/2020;30/09/2020 20:00:00;FANTASY ISLAND;A ILHA DA FANTASIA;E1900579500000;DUBLADO;NÃO;ESTADOS UNIDOS;5005330;UCI BRASIL - SUMAÚMA PARK SHOPPING MANAUS SALA 07;32;6000058;749;31265;MANAUS;AM;UNITED CINEMAS INTERNATIONAL BRASIL LTDA.;01.289.530/0001-64
30/09/2020;30/09/2020 20:00:00;GET OUT;CORRA!;E1700047300000;DUBLADO;NÃO;ESTADOS UNIDOS;5006386;GRUPOCINE VALINHOS 02;5;6000034;44276;44278;VALINHOS;SP;EMPRESA CINEMATOGRAFICA BOMBOCINE LTDA;21.298.337/0001-05
30/09/2020;30/09/2020 20:00:00;MINHA MÃE É UMA PEÇA 3;;B1900576900000;ORIGINAL;NÃO;BRASIL;5005979;CINESYSTEM ANANINDEUA SALA 05;9;6000027;22546;38898;ANANINDEUA;PA;REDECINE BRA CINEMATOGRÁFICA S.A.;15.422.993/0001-67
30/09/2020;30/09/2020 20:00:00;QUEEN OF SPADES: THROUGH THE LOOKING GLASS;A MALDIÇÃO DO ESPELHO;E1900574500000;DUBLADO;NÃO;RÚSSIA;5001486;MOVIECOM MAXI 2;13;6000100;2912;2913;JUNDIAÍ;SP;MAXI CINEMATOGRÁFICA LTDA;05.279.756/0001-35
30/09/2020;30/09/2020 20:00:00;QUEEN OF SPADES: THROUGH THE LOOKING GLASS;A MALDIÇÃO DO ESPELHO;E1900574500000;DUBLADO;NÃO;RÚSSIA;5000924;MOVIECOM TIVOLI 2;11;6000100;2914;2917;SANTA BÁRBARA D'OESTE;SP;CINEMATOGRÁFICA PASSOS LTDA;01.688.909/0001-47
30/09/2020;30/09/2020 20:00:00;QUEEN OF SPADES: THROUGH THE LOOKING GLASS;A MALDIÇÃO DO ESPELHO;E1900574500000;DUBLADO;NÃO;RÚSSIA;5005274;MULTICINE SANTA MARIA SALA 05;8;6000045;5935;30733;BRASÍLIA;DF;MULTICINE CINEMAS LTDA;07.609.246/0001-04
30/09/2020;30/09/2020 20:00:00;QUEEN OF SPADES: THROUGH THE LOOKING GLASS;A MALDIÇÃO DO ESPELHO;E1900574500000;DUBLADO;NÃO;RÚSSIA;5006522;UNIPLEX PARANAGUA 2;20;6000007;2442;44957;PARANAGUÁ;PR;CINEMAS UNIPLEX LTDA;02.137.637/0001-50
30/09/2020;30/09/2020 20:00:00;SCOOB!;SCOOBY - O FILME;E2000026400000;DUBLADO;NÃO;ESTADOS UNIDOS;5004571;ASTON SALA 2;9;;16209;16210;PARANAVAÍ;PR;SBPO ENTRETENIMENTOS LTDA;04.096.720/0001-53
30/09/2020;30/09/2020 20:00:00;SCOOB!;SCOOBY - O FILME;E2000026400000;DUBLADO;NÃO;ESTADOS UNIDOS;5006384;GRUPOCINE SANTA ISABEL 02;1;6000034;44276;44277;SANTA ISABEL;SP;EMPRESA CINEMATOGRAFICA BOMBOCINE LTDA;21.298.337/0001-05
30/09/2020;30/09/2020 20:00:00;SCOOB!;SCOOBY - O FILME;E2000026400000;DUBLADO;NÃO;ESTADOS UNIDOS;5003589;JUNDIAI SHOPPING 02;5;6000024;17266;22674;JUNDIAÍ;SP;CINEPOLIS OPERADORA DE CINEMAS DO BRASIL LTDA;09.652.820/0001-32
30/09/2020;30/09/2020 20:00:00;SCOOB!;SCOOBY - O FILME;E2000026400000;DUBLADO;SIM;ESTADOS UNIDOS;5003158;SALA CIANORTE 01;18;;19525;19526;CIANORTE;PR;CINE TEATRO CIANORTE LTDA -ME;07.555.492/0001-20
30/09/2020;30/09/2020 20:00:00;SCOOB!;SCOOBY - O FILME;E2000026400000;DUBLADO;NÃO;ESTADOS UNIDOS;5003473;SALA CINEPOLIS BELA VISTA 01;14;6000024;17266;21610;SALVADOR;BA;CINEPOLIS OPERADORA DE CINEMAS DO BRASIL LTDA;09.652.820/0001-32
30/09/2020;30/09/2020 20:00:00;THE EXORCIST;O EXORCISTA;E1500099900000;ORIGINAL;SIM;ESTADOS UNIDOS;5004587;UCI ORIENT SHOPPING BARRA SALA 5;3;6000060;2606;26893;SALVADOR;BA;UCI-ORIENT LTDA;01.562.356/0001-81
30/09/2020;30/09/2020 20:00:00;THE GENTLEMEN;MAGNATAS DO CRIME;E2000005600000;DUBLADO;NÃO;ESTADOS UNIDOS;5005643;CINE LASER BARRA DO GARÇAS SALA 02;4;6000104;33805;33806;BARRA DO GARÇAS;MT;CINE LASER BARRA DO GARÇAS LTDA- ME;24.864.214/0001-74
30/09/2020;30/09/2020 20:00:00;THE GENTLEMEN;MAGNATAS DO CRIME;E2000005600000;DUBLADO;NÃO;ESTADOS UNIDOS;5005319;CINEFLIX SHOPPING PRAÇA NOVA ARAÇATUBA - SALA 04;5;6000014;25182;31153;ARAÇATUBA;SP;REDECINE SUL CINEMAS LTDA.;18.672.374/0001-19
30/09/2020;30/09/2020 20:00:00;THE GENTLEMEN;MAGNATAS DO CRIME;E2000005600000;ORIGINAL;SIM;ESTADOS UNIDOS;5003098;TOPAZIO POLO SHOPPING 5;0;6000057;2968;19182;INDAIATUBA;SP;LUI CINEMATOGRÁFICA LTDA.;71.912.711/0001-80
30/09/2020;30/09/2020 20:00:00;THE INVISIBLE MAN;O HOMEM INVISÍVEL;E1900438600000;DUBLADO;NÃO;AUSTRÁLIA;5001078;UCI ORIENT SHOPPING DA BAHIA - SALA 06;3;6000060;2606;6586;SALVADOR;BA;UCI-ORIENT LTDA;01.562.356/0001-81
30/09/2020;30/09/2020 20:00:00;THE SECRET: DARE TO DREAM;O SEGREDO: OUSE SONHAR;E2000080600000;DUBLADO;NÃO;ESTADOS UNIDOS;5001100;CINE TOPÁZIO 1;0;6000057;2968;6742;INDAIATUBA;SP;LUI CINEMATOGRÁFICA LTDA.;71.912.711/0001-80
30/09/2020;30/09/2020 20:00:00;THE SECRET: DARE TO DREAM;O SEGREDO: OUSE SONHAR;E2000080600000;DUBLADO;NÃO;ESTADOS UNIDOS;5006358;MULTICINE IANDE SHOPPING 3;4;6000045;5935;43968;CAUCAIA;CE;MULTICINE CINEMAS LTDA;07.609.246/0001-04
30/09/2020;30/09/2020 20:00:00;THE SUN IS ALSO A STAR;O SOL TAMBÉM É UMA ESTRELA;E1900164200000;ORIGINAL;SIM;ESTADOS UNIDOS;5002102;CINE DRIVEIN;31;;5465;6715;BRASÍLIA;DF;STARK'S CINEMA E LANCHONETE LTDA.;32.917.296/0001-04
30/09/2020;30/09/2020 20:00:00;ZONA ÁRIDA;;B2000259000000;ORIGINAL;SIM;BRASIL;5005898;CINE CASARÃO;0;;37886;37902;MANAUS;AM;C TEATRAL DE IDÉIAS LTDA;09.104.162/0001-44
30/09/2020;30/09/2020 20:00:01;BOHEMIAN RHAPSODY;BOHEMIAN RHAPSODY;E1800251900000;DUBLADO;NÃO;ESTADOS UNIDOS;5006551;CENTERPLEX LAPA DRIVE-IN - CINE CTN;14;6000006;2836;2842;SÃO PAULO;SP;EMPRESA SAO LUIZ DE CINEMAS LTDA - EM RECUPERACAO JUDICIAL;52.067.071/0001-05
30/09/2020;30/09/2020 20:00:01;FANTASY ISLAND;A ILHA DA FANTASIA;E1900579500000;DUBLADO;NÃO;ESTADOS UNIDOS;5006325;CINE VERA CRUZ 2;0;;15645;15647;CAPIVARI;SP;DAVILSON DE JESUS TALASSI - ME;64.499.320/0001-10
30/09/2020;30/09/2020 20:00:01;FANTASY ISLAND;A ILHA DA FANTASIA;E1900579500000;DUBLADO;NÃO;ESTADOS UNIDOS;5002257;MOVIECOM PATIO BELÉM 2;12;6000100;2897;13915;BELÉM;PA;MOVIE CINEMAS LTDA;04.708.972/0001-96
30/09/2020;30/09/2020 20:05:00;THE GENTLEMEN;MAGNATAS DO CRIME;E2000005600000;DUBLADO;NÃO;ESTADOS UNIDOS;5005980;CINESYSTEM ANANINDEUA SALA 06;5;6000027;22546;38898;ANANINDEUA;PA;REDECINE BRA CINEMATOGRÁFICA S.A.;15.422.993/0001-67
30/09/2020;30/09/2020 20:05:00;THE SECRET: DARE TO DREAM;O SEGREDO: OUSE SONHAR;E2000080600000;DUBLADO;NÃO;ESTADOS UNIDOS;5004189;CINEFLIX JK SHOPPING - SALA 6;0;6000014;24534;24535;BRASÍLIA;DF;REDECINE BSB CINEMATOGRÁFICA LTDA;18.087.870/0001-05
30/09/2020;30/09/2020 20:10:00;FANTASY ISLAND;A ILHA DA FANTASIA;E1900579500000;DUBLADO;NÃO;ESTADOS UNIDOS;5000079;KINOPLEX AMAZONAS SALA 01;29;6000037;1991;2393;MANAUS;AM;EMPRESA CINEMAS SÃO LUIZ S/A;33.497.660/0001-89
30/09/2020;30/09/2020 20:10:00;QUEEN OF SPADES: THROUGH THE LOOKING GLASS;A MALDIÇÃO DO ESPELHO;E1900574500000;DUBLADO;NÃO;RÚSSIA;5004184;CINEFLIX JK SHOPPING - SALA 1;2;6000014;24534;24535;BRASÍLIA;DF;REDECINE BSB CINEMATOGRÁFICA LTDA;18.087.870/0001-05
30/09/2020;30/09/2020 20:10:00;QUEEN OF SPADES: THROUGH THE LOOKING GLASS;A MALDIÇÃO DO ESPELHO;E1900574500000;DUBLADO;NÃO;RÚSSIA;5005633;CINEMARK FOZ DO IGUAÇU SALA 04;0;6000018;1843;33653;FOZ DO IGUAÇU;PR;CINEMARK BRASIL S.A;00.779.721/0001-41
30/09/2020;30/09/2020 20:10:00;QUEEN OF SPADES: THROUGH THE LOOKING GLASS;A MALDIÇÃO DO ESPELHO;E1900574500000;DUBLADO;NÃO;RÚSSIA;5001524;MOVIECOM BURITI 6;8;6000100;2897;2893;APARECIDA DE GOIÂNIA;GO;MOVIE CINEMAS LTDA;04.708.972/0001-96
30/09/2020;30/09/2020 20:10:00;QUEEN OF SPADES: THROUGH THE LOOKING GLASS;A MALDIÇÃO DO ESPELHO;E1900574500000;DUBLADO;NÃO;RÚSSIA;5004703;SALA RIOMAR 10 - TRADICIONAL;0;6000024;17266;27076;FORTALEZA;CE;CINEPOLIS OPERADORA DE CINEMAS DO BRASIL LTDA;09.652.820/0001-32
30/09/2020;30/09/2020 20:10:00;QUEEN OF SPADES: THROUGH THE LOOKING GLASS;A MALDIÇÃO DO ESPELHO;E1900574500000;DUBLADO;NÃO;RÚSSIA;5004816;UCI BRASIL SHOPPING PARANGABA SALA 04;16;6000058;749;27591;FORTALEZA;CE;UNITED CINEMAS INTERNATIONAL BRASIL LTDA.;01.289.530/0001-64
30/09/2020;30/09/2020 20:10:00;SCOOB!;SCOOBY - O FILME;E2000026400000;DUBLADO;NÃO;ESTADOS UNIDOS;5006475;REDECINE SUMARE 04;6;6000014;5654;44547;SUMARÉ;SP;REDECINE-CPQ CINEMATOGRÁFICA LTDA;07.665.262/0001-14
30/09/2020;30/09/2020 20:10:00;THE GENTLEMEN;MAGNATAS DO CRIME;E2000005600000;DUBLADO;NÃO;ESTADOS UNIDOS;5006346;CINE SÃO JOSÉ 02;0;;35523;43768;JEQUIÉ;BA;CINE SÃO JOSÉ ENTRETENIMENTO LTDA - ME;26.915.517/0001-02
30/09/2020;30/09/2020 20:10:00;WONDER WOMAN;MULHER-MARAVILHA;E1700197900000;DUBLADO;NÃO;ESTADOS UNIDOS;5001605;CINE 3 FERRY BOAT´S PLAZA 2;2;;5294;6684;GUARUJÁ;SP;SOBRAL EVENTOS E ENTRETENIMENTO LTDA;07.159.860/0001-11
30/09/2020;30/09/2020 20:15:00;ESCAPE FROM PRETORIA;FUGA DE PRETÓRIA;E2000249400000;ORIGINAL;SIM;ÁFRICA DO SUL;5003488;SALA PQ.BELEM 07;8;6000024;17266;21616;BELÉM;PA;CINEPOLIS OPERADORA DE CINEMAS DO BRASIL LTDA;09.652.820/0001-32
30/09/2020;30/09/2020 20:15:00;FANTASY ISLAND;A ILHA DA FANTASIA;E1900579500000;DUBLADO;NÃO;ESTADOS UNIDOS;5005693;CINEPOLIS RIOMAR KENNEDY - SALA 02;15;6000024;17266;34309;FORTALEZA;CE;CINEPOLIS OPERADORA DE CINEMAS DO BRASIL LTDA;09.652.820/0001-32
30/09/2020;30/09/2020 20:15:00;FANTASY ISLAND;A ILHA DA FANTASIA;E1900579500000;ORIGINAL;SIM;ESTADOS UNIDOS;5002938;SALA 04;5;6000024;17266;17763;BELÉM;PA;CINEPOLIS OPERADORA DE CINEMAS DO BRASIL LTDA;09.652.820/0001-32
30/09/2020;30/09/2020 20:15:00;QUEEN OF SPADES: THROUGH THE LOOKING GLASS;A MALDIÇÃO DO ESPELHO;E1900574500000;DUBLADO;NÃO;RÚSSIA;5001623;CINEMARK JACAREI 4;9;6000018;5130;6664;JACAREÍ;SP;CINE PRIME CINEMA LTDA;05.897.142/0001-17
30/09/2020;30/09/2020 20:15:00;QUEEN OF SPADES: THROUGH THE LOOKING GLASS;A MALDIÇÃO DO ESPELHO;E1900574500000;DUBLADO;NÃO;RÚSSIA;5005352;CINESYSTEM SANTARÉM SALA 02;21;6000027;22546;31524;SANTARÉM;PA;REDECINE BRA CINEMATOGRÁFICA S.A.;15.422.993/0001-67
30/09/2020;30/09/2020 20:15:00;QUEEN OF SPADES: THROUGH THE LOOKING GLASS;A MALDIÇÃO DO ESPELHO;E1900574500000;DUBLADO;NÃO;RÚSSIA;5005103;CINÉPOLIS CAMPINAS SHOPPING - SALA 4;25;6000024;17266;30090;CAMPINAS;SP;CINEPOLIS OPERADORA DE CINEMAS DO BRASIL LTDA;09.652.820/0001-32
30/09/2020;30/09/2020 20:15:00;THE GENTLEMEN;MAGNATAS DO CRIME;E2000005600000;DUBLADO;NÃO;ESTADOS UNIDOS;5005354;CINESYSTEM SANTARÉM SALA 04;15;6000027;22546;31524;SANTARÉM;PA;REDECINE BRA CINEMATOGRÁFICA S.A.;15.422.993/0001-67
30/09/2020;30/09/2020 20:15:00;THE GENTLEMEN;MAGNATAS DO CRIME;E2000005600000;DUBLADO;NÃO;ESTADOS UNIDOS;5005152;CINÉPOLIS MILLENNIUM - SALA 4;5;6000024;17266;30116;MANAUS;AM;CINEPOLIS OPERADORA DE CINEMAS DO BRASIL LTDA;09.652.820/0001-32
30/09/2020;30/09/2020 20:15:00;THE GENTLEMEN;MAGNATAS DO CRIME;E2000005600000;ORIGINAL;SIM;ESTADOS UNIDOS;5004697;SALA RIOMAR 4 -VIP;16;6000024;17266;27076;FORTALEZA;CE;CINEPOLIS OPERADORA DE CINEMAS DO BRASIL LTDA;09.652.820/0001-32
30/09/2020;30/09/2020 20:15:00;THE SECRET: DARE TO DREAM;O SEGREDO: OUSE SONHAR;E2000080600000;DUBLADO;NÃO;ESTADOS UNIDOS;5005160;CINÉPOLIS MANAUS PLAZA - SALA 4;0;6000024;17266;30118;MANAUS;AM;CINEPOLIS OPERADORA DE CINEMAS DO BRASIL LTDA;09.652.820/0001-32
30/09/2020;30/09/2020 20:15:00;THE SECRET: DARE TO DREAM;O SEGREDO: OUSE SONHAR;E2000080600000;DUBLADO;NÃO;ESTADOS UNIDOS;5006476;REDECINE SUMARE 05;3;6000014;5654;44547;SUMARÉ;SP;REDECINE-CPQ CINEMATOGRÁFICA LTDA;07.665.262/0001-14
30/09/2020;30/09/2020 20:20:00;EL ROBO DEL SIGLO;O ROUBO DO SÉCULO;E2000030900000;ORIGINAL;SIM;ARGENTINA;5001084;UCI ORIENT SHOPPING DA BAHIA - SALA 12;6;6000060;2606;6586;SALVADOR;BA;UCI-ORIENT LTDA;01.562.356/0001-81
30/09/2020;30/09/2020 20:20:00;FANTASY ISLAND;A ILHA DA FANTASIA;E1900579500000;DUBLADO;NÃO;ESTADOS UNIDOS;5005707;CENTERPLEX GRAND SHOPPING MESSEJANA SALA 02;3;6000006;16321;34486;FORTALEZA;CE;EMPRESA DE CINEMAS FORTALEZA LTDA;10.785.710/0001-28
30/09/2020;30/09/2020 20:20:00;FANTASY ISLAND;A ILHA DA FANTASIA;E1900579500000;DUBLADO;NÃO;ESTADOS UNIDOS;5005925;CENTERPLEX GRANDE CIRCULAR 02;9;6000006;38234;38235;MANAUS;AM;CINE ELI AMAZONAS CINEMAS LTDA - EM RECUPERAÇÃO JUDICIAL;28.619.116/0001-22
30/09/2020;30/09/2020 20:20:00;FANTASY ISLAND;A ILHA DA FANTASIA;E1900579500000;DUBLADO;NÃO;ESTADOS UNIDOS;5002829;CENTERPLEX MARACANAU SALA 01;3;6000006;16321;16969;MARACANAÚ;CE;EMPRESA DE CINEMAS FORTALEZA LTDA;10.785.710/0001-28
30/09/2020;30/09/2020 20:20:00;FANTASY ISLAND;A ILHA DA FANTASIA;E1900579500000;DUBLADO;NÃO;ESTADOS UNIDOS;5006345;CINE SÃO JOSÉ 01;6;;35523;43768;JEQUIÉ;BA;CINE SÃO JOSÉ ENTRETENIMENTO LTDA - ME;26.915.517/0001-02
30/09/2020;30/09/2020 20:20:00;FANTASY ISLAND;A ILHA DA FANTASIA;E1900579500000;DUBLADO;NÃO;ESTADOS UNIDOS;5000128;KINOPLEX D. PEDRO 15;15;6000037;1991;2404;CAMPINAS;SP;EMPRESA CINEMAS SÃO LUIZ S/A;33.497.660/0001-89
30/09/2020;30/09/2020 20:20:00;FANTASY ISLAND;A ILHA DA FANTASIA;E1900579500000;DUBLADO;NÃO;ESTADOS UNIDOS;5002678;ORIENT CINE PARELELA - SALA 03;4;6000060;2606;16207;SALVADOR;BA;UCI-ORIENT LTDA;01.562.356/0001-81
30/09/2020;30/09/2020 20:20:00;QUEEN OF SPADES: THROUGH THE LOOKING GLASS;A MALDIÇÃO DO ESPELHO;E1900574500000;DUBLADO;NÃO;RÚSSIA;5006473;REDECINE SUMARE 02;3;6000014;5654;44547;SUMARÉ;SP;REDECINE-CPQ CINEMATOGRÁFICA LTDA;07.665.262/0001-14
30/09/2020;30/09/2020 20:20:00;QUEEN OF SPADES: THROUGH THE LOOKING GLASS;A MALDIÇÃO DO ESPELHO;E1900574500000;DUBLADO;NÃO;RÚSSIA;5000735;UCI - SHOPPING CENTER IGUATEMI FORTALEZA - SALA 04;16;6000059;2612;2616;FORTALEZA;CE;UCI RIBEIRO LTDA;02.117.937/0001-77
30/09/2020;30/09/2020 20:20:00;SCOOB!;SCOOBY - O FILME;E2000026400000;DUBLADO;NÃO;ESTADOS UNIDOS;5004185;CINEFLIX JK SHOPPING - SALA 2;5;6000014;24534;24535;BRASÍLIA;DF;REDECINE BSB CINEMATOGRÁFICA LTDA;18.087.870/0001-05
30/09/2020;30/09/2020 20:20:00;SCOOB!;SCOOBY - O FILME;E2000026400000;DUBLADO;NÃO;ESTADOS UNIDOS;5005984;CINESYSTEM ANANINDEUA SALA 10;5;6000027;22546;38898;ANANINDEUA;PA;REDECINE BRA CINEMATOGRÁFICA S.A.;15.422.993/0001-67
30/09/2020;30/09/2020 20:20:00;SCOOB!;SCOOBY - O FILME;E2000026400000;DUBLADO;NÃO;ESTADOS UNIDOS;5006385;GRUPOCINE VALINHOS 01;0;6000034;44276;44278;VALINHOS;SP;EMPRESA CINEMATOGRAFICA BOMBOCINE LTDA;21.298.337/0001-05
30/09/2020;30/09/2020 20:20:00;THE CONJURING;INVOCAÇÃO DO MAL;E1500097000000;DUBLADO;NÃO;ESTADOS UNIDOS;5005191;ATLÂNTICO;0;6000034;30170;30172;AQUIDAUANA;MS;ATLANTICO CINE LTDA - EPP;22.455.854/0001-03
30/09/2020;30/09/2020 20:20:00;THE GENTLEMEN;MAGNATAS DO CRIME;E2000005600000;DUBLADO;NÃO;ESTADOS UNIDOS;5004437;MOVIECOM PÁTIO MARABÁ 5;14;6000100;2897;25394;MARABÁ;PA;MOVIE CINEMAS LTDA;04.708.972/0001-96
30/09/2020;30/09/2020 20:20:00;THE GENTLEMEN;MAGNATAS DO CRIME;E2000005600000;DUBLADO;NÃO;ESTADOS UNIDOS;5001708;MOVIECOM UNIMART 3;4;6000100;2897;5573;CAMPINAS;SP;MOVIE CINEMAS LTDA;04.708.972/0001-96
30/09/2020;30/09/2020 20:25:00;THE EXORCIST;O EXORCISTA;E1500099900000;ORIGINAL;SIM;ESTADOS UNIDOS;5003283;MULTICINE JATAÍ 01;7;6000045;5935;19793;JATAÍ;GO;MULTICINE CINEMAS LTDA;07.609.246/0001-04
30/09/2020;30/09/2020 20:25:00;THE GENTLEMEN;MAGNATAS DO CRIME;E2000005600000;DUBLADO;NÃO;ESTADOS UNIDOS;5004188;CINEFLIX JK SHOPPING - SALA 5;4;6000014;24534;24535;BRASÍLIA;DF;REDECINE BSB CINEMATOGRÁFICA LTDA;18.087.870/0001-05
30/09/2020;30/09/2020 20:30:00;AQUAMAN;AQUAMAN;E1800433400000;DUBLADO;NÃO;ESTADOS UNIDOS;5006625;CINE GOLDEN - DRIVE IN;0;6000141;45886;46420;JEQUIÉ;BA;GF ANDRADE ENTRETENIMENTO E COMÉRCIO LTDA;23.200.362/0001-21
30/09/2020;30/09/2020 20:30:00;BACK TO THE FUTURE;DE VOLTA PARA O FUTURO;E1402513800000;ORIGINAL;SIM;ESTADOS UNIDOS;5001101;CINE TOPÁZIO 2;4;6000057;2968;6742;INDAIATUBA;SP;LUI CINEMATOGRÁFICA LTDA.;71.912.711/0001-80
30/09/2020;30/09/2020 20:30:00;BLACK PANTHER;PANTERA NEGRA;E1700512400000;DUBLADO;NÃO;ESTADOS UNIDOS;5006395;GRUPOCINE FERNANDÓPOLIS 01;6;6000034;44276;44281;FERNANDÓPOLIS;SP;EMPRESA CINEMATOGRAFICA BOMBOCINE LTDA;21.298.337/0001-05
30/09/2020;30/09/2020 20:30:00;ESCAPE FROM PRETORIA;FUGA DE PRETÓRIA;E2000249400000;DUBLADO;NÃO;ÁFRICA DO SUL;5006462;GRUPOCINE EUSÉBIO 02;6;6000034;44276;44457;EUSÉBIO;CE;EMPRESA CINEMATOGRAFICA BOMBOCINE LTDA;21.298.337/0001-05
30/09/2020;30/09/2020 20:30:00;FANTASY ISLAND;A ILHA DA FANTASIA;E1900579500000;DUBLADO;NÃO;ESTADOS UNIDOS;5005806;CINEFLIX APARECIDA DE GOIANIA - SALA 2;9;6000014;24534;36838;APARECIDA DE GOIÂNIA;GO;REDECINE BSB CINEMATOGRÁFICA LTDA;18.087.870/0001-05
30/09/2020;30/09/2020 20:30:00;FANTASY ISLAND;A ILHA DA FANTASIA;E1900579500000;DUBLADO;NÃO;ESTADOS UNIDOS;5004187;CINEFLIX JK SHOPPING - SALA 4;15;6000014;24534;24535;BRASÍLIA;DF;REDECINE BSB CINEMATOGRÁFICA LTDA;18.087.870/0001-05
30/09/2020;30/09/2020 20:30:00;FANTASY ISLAND;A ILHA DA FANTASIA;E1900579500000;DUBLADO;NÃO;ESTADOS UNIDOS;5005317;CINEFLIX SHOPPING PRAÇA NOVA ARAÇATUBA - SALA 02;1;6000014;25182;31153;ARAÇATUBA;SP;REDECINE SUL CINEMAS LTDA.;18.672.374/0001-19
30/09/2020;30/09/2020 20:30:00;FANTASY ISLAND;A ILHA DA FANTASIA;E1900579500000;DUBLADO;NÃO;ESTADOS UNIDOS;5006472;REDECINE SUMARE 01;0;6000014;5654;44547;SUMARÉ;SP;REDECINE-CPQ CINEMATOGRÁFICA LTDA;07.665.262/0001-14
30/09/2020;30/09/2020 20:30:00;FANTASY ISLAND;A ILHA DA FANTASIA;E1900579500000;DUBLADO;NÃO;ESTADOS UNIDOS;5002721;SALA CINE PLAYARTE MANAUARA 01;8;6000049;260;16356;MANAUS;AM;PLAYARTE CINEMAS LTDA.;60.434.149/0001-00
30/09/2020;30/09/2020 20:30:00;FANTASY ISLAND;A ILHA DA FANTASIA;E1900579500000;ORIGINAL;SIM;ESTADOS UNIDOS;5004366;SALA CINEPOLIS PONTA NEGRA 03 VIP;4;6000024;17266;25193;MANAUS;AM;CINEPOLIS OPERADORA DE CINEMAS DO BRASIL LTDA;09.652.820/0001-32
30/09/2020;30/09/2020 20:30:00;FANTASY ISLAND;A ILHA DA FANTASIA;E1900579500000;ORIGINAL;SIM;ESTADOS UNIDOS;5004583;UCI ORIENT SHOPPING BARRA SALA 1;10;6000060;2606;26893;SALVADOR;BA;UCI-ORIENT LTDA;01.562.356/0001-81
30/09/2020;30/09/2020 20:30:00;FANTASY ISLAND;A ILHA DA FANTASIA;E1900579500000;DUBLADO;NÃO;ESTADOS UNIDOS;5006521;UNIPLEX PARANAGUA 1;32;6000007;2442;44957;PARANAGUÁ;PR;CINEMAS UNIPLEX LTDA;02.137.637/0001-50
30/09/2020;30/09/2020 20:30:00;JOKER;CORINGA;E1900357300000;DUBLADO;NÃO;CANADÁ;5005978;CINESYSTEM ANANINDEUA SALA 04;5;6000027;22546;38898;ANANINDEUA;PA;REDECINE BRA CINEMATOGRÁFICA S.A.;15.422.993/0001-67
30/09/2020;30/09/2020 20:30:00;ONCE UPON A TIME IN HOLLYWOOD;ERA UMA VEZ EM HOLLYWOOD;E1900127300000;ORIGINAL;SIM;ESTADOS UNIDOS;5006619;DRIVE - GYN SERRA DOURADA 03;3;6000039;45898;46312;GOIÂNIA;GO;DRIVE-GYN ENTRETENIMENTO LTDA;37.109.882/0001-38
30/09/2020;30/09/2020 20:30:00;QUEEN OF SPADES: THROUGH THE LOOKING GLASS;A MALDIÇÃO DO ESPELHO;E1900574500000;DUBLADO;NÃO;RÚSSIA;5005379;MOBI CINE TUCURUÍ - SALA 1;13;6000040;28561;31594;TUCURUÍ;PA;C A VIEIRA LEMOS E CIA LTDA;20.334.881/0001-94
30/09/2020;30/09/2020 20:30:00;QUEEN OF SPADES: THROUGH THE LOOKING GLASS;A MALDIÇÃO DO ESPELHO;E1900574500000;DUBLADO;NÃO;RÚSSIA;5004300;SALA VILA RICA 1 3D;12;;14637;14638;PRIMAVERA DO LESTE;MT;MAURICIO JOSE NICOLINO & CIA LTDA;05.724.035/0001-97
30/09/2020;30/09/2020 20:30:00;QUEEN OF SPADES: THROUGH THE LOOKING GLASS;A MALDIÇÃO DO ESPELHO;E1900574500000;DUBLADO;NÃO;RÚSSIA;5003095;TOPAZIO POLO SHOPPING 2;5;6000057;2968;19182;INDAIATUBA;SP;LUI CINEMATOGRÁFICA LTDA.;71.912.711/0001-80
30/09/2020;30/09/2020 20:30:00;QUEEN OF SPADES: THROUGH THE LOOKING GLASS;A MALDIÇÃO DO ESPELHO;E1900574500000;DUBLADO;NÃO;RÚSSIA;5005429;UCI BRASIL - SHOPPING BOSQUE GRÃO PARÁ SALA 04;16;6000058;749;32026;BELÉM;PA;UNITED CINEMAS INTERNATIONAL BRASIL LTDA.;01.289.530/0001-64
30/09/2020;30/09/2020 20:30:00;SCOOB!;SCOOBY - O FILME;E2000026400000;DUBLADO;NÃO;ESTADOS UNIDOS;5002711;CENTERPLEX VIA SUL SHOPPING 1;3;6000006;16321;16322;FORTALEZA;CE;EMPRESA DE CINEMAS FORTALEZA LTDA;10.785.710/0001-28
30/09/2020;30/09/2020 20:30:00;SCOOB!;SCOOBY - O FILME;E2000026400000;DUBLADO;NÃO;ESTADOS UNIDOS;5002593;CINE VERA CRUZ 1;0;;15645;15647;CAPIVARI;SP;DAVILSON DE JESUS TALASSI - ME;64.499.320/0001-10
30/09/2020;30/09/2020 20:30:00;SCOOB!;SCOOBY - O FILME;E2000026400000;DUBLADO;NÃO;ESTADOS UNIDOS;5004880;CIRCUITO CINEMAS PBAS- SALA 02;23;6000028;15568;27873;PARAUAPEBAS;PA;CIRCUITO ENTRETENIMENTO E CINEMAS LTDA;08.068.712/0001-54
30/09/2020;30/09/2020 20:30:00;SCOOB!;SCOOBY - O FILME;E2000026400000;DUBLADO;NÃO;ESTADOS UNIDOS;5004471;SALA CINEPOLIS NORTH SHOPPING JOQUEI 01;11;6000024;17266;25960;FORTALEZA;CE;CINEPOLIS OPERADORA DE CINEMAS DO BRASIL LTDA;09.652.820/0001-32
30/09/2020;30/09/2020 20:30:00;THE GENTLEMEN;MAGNATAS DO CRIME;E2000005600000;DUBLADO;NÃO;ESTADOS UNIDOS;5005092;CINÉPOLIS SÃO GONÇALO SHOPPING - SALA 1;10;6000024;17266;30088;SÃO GONÇALO;RJ;CINEPOLIS OPERADORA DE CINEMAS DO BRASIL LTDA;09.652.820/0001-32
30/09/2020;30/09/2020 20:30:00;THE GENTLEMEN;MAGNATAS DO CRIME;E2000005600000;DUBLADO;NÃO;ESTADOS UNIDOS;5006415;GRUPOCINE MARANGUAPE 02;1;6000034;44276;44288;MARANGUAPE;CE;EMPRESA CINEMATOGRAFICA BOMBOCINE LTDA;21.298.337/0001-05
30/09/2020;30/09/2020 20:30:00;THE SECRET: DARE TO DREAM;O SEGREDO: OUSE SONHAR;E2000080600000;DUBLADO;NÃO;ESTADOS UNIDOS;5005305;CINEFLIX VÁRZEA GRANDE SHOPPING - SALA 2;4;6000014;24534;31101;VÁRZEA GRANDE;MT;REDECINE BSB CINEMATOGRÁFICA LTDA;18.087.870/0001-05
30/09/2020;30/09/2020 20:30:00;THE SECRET: DARE TO DREAM;O SEGREDO: OUSE SONHAR;E2000080600000;DUBLADO;NÃO;ESTADOS UNIDOS;5005929;MOBI CINE AÇAILÂNDIA SALA 01;5;6000040;38236;38237;AÇAILÂNDIA;MA;C A V LEMOS E CIA LTDA - ME;14.717.191/0001-11
30/09/2020;30/09/2020 20:30:00;THE SECRET: DARE TO DREAM;O SEGREDO: OUSE SONHAR;E2000080600000;DUBLADO;NÃO;ESTADOS UNIDOS;5005956;MOBI CINE REDENÇÃO SALA 1;6;6000040;28561;38513;REDENÇÃO;PA;C A VIEIRA LEMOS E CIA LTDA;20.334.881/0001-94
30/09/2020;30/09/2020 20:30:00;THE SECRET: DARE TO DREAM;O SEGREDO: OUSE SONHAR;E2000080600000;DUBLADO;NÃO;ESTADOS UNIDOS;5001502;MOVIECOM CASTANHEIRA 5;12;6000100;2897;2896;BELÉM;PA;MOVIE CINEMAS LTDA;04.708.972/0001-96
30/09/2020;30/09/2020 20:30:00;THE SECRET: DARE TO DREAM;O SEGREDO: OUSE SONHAR;E2000080600000;DUBLADO;NÃO;ESTADOS UNIDOS;5006543;PARAISO MEGA CENTER 2;0;6000045;5935;45579;VALPARAÍSO DE GOIÁS;GO;MULTICINE CINEMAS LTDA;07.609.246/0001-04
30/09/2020;30/09/2020 20:30:00;WONDER WOMAN;MULHER-MARAVILHA;E1700197900000;DUBLADO;NÃO;ESTADOS UNIDOS;5006266;CINE ESTAÇÃO 01;5;;42658;42659;FRANCO DA ROCHA;SP;CINE ESTAÇÃO OPERADORA DE CINEMA LTDA;32.998.727/0001-04
30/09/2020;30/09/2020 20:30:01;FANTASY ISLAND;A ILHA DA FANTASIA;E1900579500000;DUBLADO;NÃO;ESTADOS UNIDOS;5006267;CINE ESTAÇÃO 02;26;;42658;42659;FRANCO DA ROCHA;SP;CINE ESTAÇÃO OPERADORA DE CINEMA LTDA;32.998.727/0001-04
30/09/2020;30/09/2020 20:35:00;ESCAPE FROM PRETORIA;FUGA DE PRETÓRIA;E2000249400000;DUBLADO;NÃO;ÁFRICA DO SUL;5005304;CINEFLIX VÁRZEA GRANDE SHOPPING - SALA 1;2;6000014;24534;31101;VÁRZEA GRANDE;MT;REDECINE BSB CINEMATOGRÁFICA LTDA;18.087.870/0001-05
30/09/2020;30/09/2020 20:35:00;ESCAPE FROM PRETORIA;FUGA DE PRETÓRIA;E2000249400000;ORIGINAL;SIM;ÁFRICA DO SUL;5002940;SALA 03;5;6000024;17266;17763;BELÉM;PA;CINEPOLIS OPERADORA DE CINEMAS DO BRASIL LTDA;09.652.820/0001-32
30/09/2020;30/09/2020 20:35:00;THE SECRET: DARE TO DREAM;O SEGREDO: OUSE SONHAR;E2000080600000;DUBLADO;NÃO;ESTADOS UNIDOS;5002928;SALA 05;8;6000024;17266;17729;SALVADOR;BA;CINEPOLIS OPERADORA DE CINEMAS DO BRASIL LTDA;09.652.820/0001-32
30/09/2020;30/09/2020 20:40:00;ESCAPE FROM PRETORIA;FUGA DE PRETÓRIA;E2000249400000;DUBLADO;NÃO;ÁFRICA DO SUL;5005807;CINEFLIX APARECIDA DE GOIANIA - SALA 3;0;6000014;24534;36838;APARECIDA DE GOIÂNIA;GO;REDECINE BSB CINEMATOGRÁFICA LTDA;18.087.870/0001-05
30/09/2020;30/09/2020 20:40:00;ESCAPE FROM PRETORIA;FUGA DE PRETÓRIA;E2000249400000;DUBLADO;NÃO;ÁFRICA DO SUL;5000123;KINOPLEX D. PEDRO 10 - PLATINUM;6;6000037;1991;2404;CAMPINAS;SP;EMPRESA CINEMAS SÃO LUIZ S/A;33.497.660/0001-89
30/09/2020;30/09/2020 20:40:00;FANTASY ISLAND;A ILHA DA FANTASIA;E1900579500000;DUBLADO;NÃO;ESTADOS UNIDOS;5006539;CULT ALEGRETE 01;2;;45324;45325;ALEGRETE;RS;CULT CINEMAS ALEGRETE LTDA;34.712.675/0001-85
30/09/2020;30/09/2020 20:40:00;FANTASY ISLAND;A ILHA DA FANTASIA;E1900579500000;DUBLADO;NÃO;ESTADOS UNIDOS;5001081;UCI ORIENT SHOPPING DA BAHIA - SALA 09;13;6000060;2606;6586;SALVADOR;BA;UCI-ORIENT LTDA;01.562.356/0001-81
30/09/2020;30/09/2020 20:40:00;QUEEN OF SPADES: THROUGH THE LOOKING GLASS;A MALDIÇÃO DO ESPELHO;E1900574500000;DUBLADO;NÃO;RÚSSIA;5005161;CINÉPOLIS MANAUS PLAZA - SALA 5;6;6000024;17266;30118;MANAUS;AM;CINEPOLIS OPERADORA DE CINEMAS DO BRASIL LTDA;09.652.820/0001-32
30/09/2020;30/09/2020 20:40:00;SONIC THE HEDGEHOG;SONIC - O FILME;E2000012200000;DUBLADO;NÃO;CANADÁ;5006257;CIRCUITO PONTA PORA 01;3;6000028;15568;42557;PONTA PORÃ;MS;CIRCUITO ENTRETENIMENTO E CINEMAS LTDA;08.068.712/0001-54
30/09/2020;30/09/2020 20:40:00;THE GENTLEMEN;MAGNATAS DO CRIME;E2000005600000;DUBLADO;NÃO;ESTADOS UNIDOS;5006296;GOIANESIA 01;6;6000040;42975;42976;GOIANÉSIA;GO;MB EXIBICOES CINEMATOGRAFICAS GOIANESIA LTDA;33.296.719/0001-70
30/09/2020;30/09/2020 20:40:00;THE GENTLEMEN;MAGNATAS DO CRIME;E2000005600000;ORIGINAL;SIM;ESTADOS UNIDOS;5002677;ORIENT CINE PARALELA - SALA 02;2;6000060;2606;16207;SALVADOR;BA;UCI-ORIENT LTDA;01.562.356/0001-81
30/09/2020;30/09/2020 20:40:00;THE SECRET: DARE TO DREAM;O SEGREDO: OUSE SONHAR;E2000080600000;DUBLADO;NÃO;ESTADOS UNIDOS;5002255;MOVIECOM PATIO BELÉM 1;3;6000100;2897;13915;BELÉM;PA;MOVIE CINEMAS LTDA;04.708.972/0001-96
30/09/2020;30/09/2020 20:40:00;THE SECRET: DARE TO DREAM;O SEGREDO: OUSE SONHAR;E2000080600000;DUBLADO;NÃO;ESTADOS UNIDOS;5004431;MOVIECOM UNIMART 5;4;6000100;2897;5573;CAMPINAS;SP;MOVIE CINEMAS LTDA;04.708.972/0001-96
30/09/2020;30/09/2020 20:40:01;QUEEN OF SPADES: THROUGH THE LOOKING GLASS;A MALDIÇÃO DO ESPELHO;E1900574500000;DUBLADO;NÃO;RÚSSIA;5002828;CENTERPLEX MARACANAU SALA 02;12;6000006;16321;16969;MARACANAÚ;CE;EMPRESA DE CINEMAS FORTALEZA LTDA;10.785.710/0001-28
30/09/2020;30/09/2020 20:45:00;CALL OF THE WILD;O CHAMADO DA FLORESTA;E2000027000000;DUBLADO;NÃO;ESTADOS UNIDOS;5006568;CINE + ARTE XANGRI-LÁ DRIVE-IN;2;6000103;32155;45890;XANGRI-LÁ;RS;EWERTON LUIS DE SOUZA BRANDOLT;23.288.683/0001-20
30/09/2020;30/09/2020 20:45:00;EL ROBO DEL SIGLO;O ROUBO DO SÉCULO;E2000030900000;ORIGINAL;SIM;ARGENTINA;5004373;SALA CINEPOLIS PONTA NEGRA 10 TRADICIONAL;2;6000024;17266;25193;MANAUS;AM;CINEPOLIS OPERADORA DE CINEMAS DO BRASIL LTDA;09.652.820/0001-32
30/09/2020;30/09/2020 20:45:00;FANTASY ISLAND;A ILHA DA FANTASIA;E1900579500000;DUBLADO;NÃO;ESTADOS UNIDOS;5005149;CINÉPOLIS MILLENNIUM - SALA 1;9;6000024;17266;30116;MANAUS;AM;CINEPOLIS OPERADORA DE CINEMAS DO BRASIL LTDA;09.652.820/0001-32
30/09/2020;30/09/2020 20:45:00;QUEEN OF SPADES: THROUGH THE LOOKING GLASS;A MALDIÇÃO DO ESPELHO;E1900574500000;DUBLADO;NÃO;RÚSSIA;5006614;ALPHA CINE DRIVE-IN;3;;46063;46296;BARUERI;SP;ATUANTE SERVICOS E ESTACIONAMENTO LTDA - ME;00.178.856/0001-51
30/09/2020;30/09/2020 20:45:00;QUEEN OF SPADES: THROUGH THE LOOKING GLASS;A MALDIÇÃO DO ESPELHO;E1900574500000;DUBLADO;NÃO;RÚSSIA;5005709;CENTERPLEX GRAND SHOPPING MESSEJANA SALA 04;4;6000006;16321;34486;FORTALEZA;CE;EMPRESA DE CINEMAS FORTALEZA LTDA;10.785.710/0001-28
30/09/2020;30/09/2020 20:45:00;QUEEN OF SPADES: THROUGH THE LOOKING GLASS;A MALDIÇÃO DO ESPELHO;E1900574500000;DUBLADO;NÃO;RÚSSIA;5005928;CENTERPLEX GRANDE CIRCULAR 05;0;6000006;38234;38235;MANAUS;AM;CINE ELI AMAZONAS CINEMAS LTDA - EM RECUPERAÇÃO JUDICIAL;28.619.116/0001-22
30/09/2020;30/09/2020 20:45:00;QUEEN OF SPADES: THROUGH THE LOOKING GLASS;A MALDIÇÃO DO ESPELHO;E1900574500000;DUBLADO;NÃO;RÚSSIA;5002823;CENTERPLEX VIA SUL SHOPPING 2;0;6000006;16321;16322;FORTALEZA;CE;EMPRESA DE CINEMAS FORTALEZA LTDA;10.785.710/0001-28
30/09/2020;30/09/2020 20:45:00;QUEEN OF SPADES: THROUGH THE LOOKING GLASS;A MALDIÇÃO DO ESPELHO;E1900574500000;DUBLADO;NÃO;RÚSSIA;5005320;CINEFLIX SHOPPING PRAÇA NOVA ARAÇATUBA - SALA 05;14;6000014;25182;31153;ARAÇATUBA;SP;REDECINE SUL CINEMAS LTDA.;18.672.374/0001-19
30/09/2020;30/09/2020 20:45:00;QUEEN OF SPADES: THROUGH THE LOOKING GLASS;A MALDIÇÃO DO ESPELHO;E1900574500000;DUBLADO;NÃO;RÚSSIA;5005696;CINEPOLIS RIOMAR KENNEDY - SALA 05;23;6000024;17266;34309;FORTALEZA;CE;CINEPOLIS OPERADORA DE CINEMAS DO BRASIL LTDA;09.652.820/0001-32
30/09/2020;30/09/2020 20:45:00;QUEEN OF SPADES: THROUGH THE LOOKING GLASS;A MALDIÇÃO DO ESPELHO;E1900574500000;DUBLADO;NÃO;RÚSSIA;5005099;CINÉPOLIS SÃO GONÇALO SHOPPING - SALA 8;0;6000024;17266;30088;SÃO GONÇALO;RJ;CINEPOLIS OPERADORA DE CINEMAS DO BRASIL LTDA;09.652.820/0001-32
30/09/2020;30/09/2020 20:45:00;SCOOB!;SCOOBY - O FILME;E2000026400000;DUBLADO;NÃO;ESTADOS UNIDOS;5005306;CINEFLIX VÁRZEA GRANDE SHOPPING - SALA 3;11;6000014;24534;31101;VÁRZEA GRANDE;MT;REDECINE BSB CINEMATOGRÁFICA LTDA;18.087.870/0001-05
30/09/2020;30/09/2020 20:45:00;SCOOB!;SCOOBY - O FILME;E2000026400000;DUBLADO;NÃO;ESTADOS UNIDOS;5005365;CIRCUITO CINEMAS - PNP SALA 02;3;6000028;15568;31541;PENÁPOLIS;SP;CIRCUITO ENTRETENIMENTO E CINEMAS LTDA;08.068.712/0001-54
30/09/2020;30/09/2020 20:45:00;SCOOB!;SCOOBY - O FILME;E2000026400000;DUBLADO;NÃO;ESTADOS UNIDOS;5003485;SALA PQ.BELEM 04;5;6000024;17266;21616;BELÉM;PA;CINEPOLIS OPERADORA DE CINEMAS DO BRASIL LTDA;09.652.820/0001-32
30/09/2020;30/09/2020 20:45:00;THE GENTLEMEN;MAGNATAS DO CRIME;E2000005600000;DUBLADO;NÃO;ESTADOS UNIDOS;5006411;GRUPOCINE ITAPETININGA 03;1;6000034;44276;44287;ITAPETININGA;SP;EMPRESA CINEMATOGRAFICA BOMBOCINE LTDA;21.298.337/0001-05
30/09/2020;30/09/2020 20:45:00;THE SECRET: DARE TO DREAM;O SEGREDO: OUSE SONHAR;E2000080600000;DUBLADO;NÃO;ESTADOS UNIDOS;5004474;SALA CINEPOLIS NORTH SHOPPING JOQUEI 04;5;6000024;17266;25960;FORTALEZA;CE;CINEPOLIS OPERADORA DE CINEMAS DO BRASIL LTDA;09.652.820/0001-32
30/09/2020;30/09/2020 20:50:00;ESCAPE FROM PRETORIA;FUGA DE PRETÓRIA;E2000249400000;ORIGINAL;SIM;ÁFRICA DO SUL;5005151;CINÉPOLIS MILLENNIUM - SALA 3;0;6000024;17266;30116;MANAUS;AM;CINEPOLIS OPERADORA DE CINEMAS DO BRASIL LTDA;09.652.820/0001-32
30/09/2020;30/09/2020 20:50:00;Mostras e Festivais;;G0000000000004;DUBLADO;NÃO;;5001498;MOVIECOM CASTANHEIRA 3;18;6000100;2897;2896;BELÉM;PA;MOVIE CINEMAS LTDA;04.708.972/0001-96
30/09/2020;30/09/2020 20:50:00;QUEEN OF SPADES: THROUGH THE LOOKING GLASS;A MALDIÇÃO DO ESPELHO;E1900574500000;DUBLADO;NÃO;RÚSSIA;5005808;CINEFLIX APARECIDA DE GOIANIA - SALA 4;3;6000014;24534;36838;APARECIDA DE GOIÂNIA;GO;REDECINE BSB CINEMATOGRÁFICA LTDA;18.087.870/0001-05
30/09/2020;30/09/2020 20:50:00;QUEEN OF SPADES: THROUGH THE LOOKING GLASS;A MALDIÇÃO DO ESPELHO;E1900574500000;DUBLADO;NÃO;RÚSSIA;5005307;CINEFLIX VÁRZEA GRANDE SHOPPING - SALA 4;11;6000014;24534;31101;VÁRZEA GRANDE;MT;REDECINE BSB CINEMATOGRÁFICA LTDA;18.087.870/0001-05
30/09/2020;30/09/2020 20:50:00;SCOOB!;SCOOBY - O FILME;E2000026400000;DUBLADO;NÃO;ESTADOS UNIDOS;5005318;CINEFLIX SHOPPING PRAÇA NOVA ARAÇATUBA - SALA 03;12;6000014;25182;31153;ARAÇATUBA;SP;REDECINE SUL CINEMAS LTDA.;18.672.374/0001-19
30/09/2020;30/09/2020 20:50:00;THE GENTLEMEN;MAGNATAS DO CRIME;E2000005600000;ORIGINAL;SIM;ESTADOS UNIDOS;5003479;SALA CINEPOLIS BELA VISTA 07;5;6000024;17266;21610;SALVADOR;BA;CINEPOLIS OPERADORA DE CINEMAS DO BRASIL LTDA;09.652.820/0001-32
30/09/2020;30/09/2020 20:50:00;THE SECRET: DARE TO DREAM;O SEGREDO: OUSE SONHAR;E2000080600000;ORIGINAL;SIM;ESTADOS UNIDOS;5004584;UCI ORIENT SHOPPING BARRA SALA 2;6;6000060;2606;26893;SALVADOR;BA;UCI-ORIENT LTDA;01.562.356/0001-81
30/09/2020;30/09/2020 20:50:00;WONDER WOMAN BLOODLINES;WONDER WOMAN LINHAGEM DE SANGUE;E1900364500000;DUBLADO;NÃO;ESTADOS UNIDOS;5005513;CINE CAVALIERI ORLANDI SALA 02;0;;15009;15010;SOCORRO;SP;ORLANDI MARCHESE LTDA - ME;03.091.068/0001-11
30/09/2020;30/09/2020 20:55:00;Mostras e Festivais;;G0000000000004;DUBLADO;NÃO;;5001606;CINE 3 FERRY BOAT´S PLAZA 3;5;;5294;6684;GUARUJÁ;SP;SOBRAL EVENTOS E ENTRETENIMENTO LTDA;07.159.860/0001-11
30/09/2020;30/09/2020 20:55:00;THE SECRET: DARE TO DREAM;O SEGREDO: OUSE SONHAR;E2000080600000;DUBLADO;NÃO;ESTADOS UNIDOS;5005351;CINESYSTEM SANTARÉM SALA 01;6;6000027;22546;31524;SANTARÉM;PA;REDECINE BRA CINEMATOGRÁFICA S.A.;15.422.993/0001-67
30/09/2020;30/09/2020 20:55:00;THE SECRET: DARE TO DREAM;O SEGREDO: OUSE SONHAR;E2000080600000;DUBLADO;NÃO;ESTADOS UNIDOS;5003285;MULTICINE JATAÍ 03;8;6000045;5935;19793;JATAÍ;GO;MULTICINE CINEMAS LTDA;07.609.246/0001-04
30/09/2020;30/09/2020 21:00:00;AVENGERS: ENDGAME;VINGADORES: ULTIMATO;E1900107800000;DUBLADO;NÃO;ESTADOS UNIDOS;5002120;CINE DUPLEX SALA 02;0;;6615;6584;AMPARO;SP;EMPRESA CINEMATOGRÁFICA ESTAÇÃO LTDA;01.272.408/0001-85
30/09/2020;30/09/2020 21:00:00;BLACK PANTHER;PANTERA NEGRA;E1700512400000;DUBLADO;NÃO;ESTADOS UNIDOS;5003545;CINE CAFE PARPINELLI PARANÁ;5;;22412;22413;SANTO ANTÔNIO DA PLATINA;PR;PARPINELLI & VILAS BOAS EVENTOS LTDA;13.848.267/0001-85
30/09/2020;30/09/2020 21:00:00;BLOODSHOT;BLOODSHOT;E1900579400000;DUBLADO;NÃO;ESTADOS UNIDOS;5002337;CENTER CINE;6;;14489;14490;OLIVEIRA;MG;CENTER CINE E EVENTOS LTDA;10.311.428/0001-09
30/09/2020;30/09/2020 21:00:00;CALL OF THE WILD;O CHAMADO DA FLORESTA;E2000027000000;DUBLADO;NÃO;ESTADOS UNIDOS;5006577;CINE FLEX DRIVE-IN;5;6000121;41685;45933;PONTA GROSSA;PR;CINE SUL CINEMAS TB - EIRELI;31.266.859/0001-70
30/09/2020;30/09/2020 21:00:00;EL ROBO DEL SIGLO;O ROUBO DO SÉCULO;E2000030900000;ORIGINAL;SIM;ARGENTINA;5006617;DRIVE - GYN SERRA DOURADA 01;5;6000039;45898;46312;GOIÂNIA;GO;DRIVE-GYN ENTRETENIMENTO LTDA;37.109.882/0001-38
30/09/2020;30/09/2020 21:00:00;FANTASY ISLAND;A ILHA DA FANTASIA;E1900579500000;DUBLADO;NÃO;ESTADOS UNIDOS;5005644;CINE LASER BARRA DO GARÇAS SALA 03;4;6000104;33805;33806;BARRA DO GARÇAS;MT;CINE LASER BARRA DO GARÇAS LTDA- ME;24.864.214/0001-74
30/09/2020;30/09/2020 21:00:00;FANTASY ISLAND;A ILHA DA FANTASIA;E1900579500000;DUBLADO;NÃO;ESTADOS UNIDOS;5005966;CINE SUL SALA 02;2;6000121;38751;38752;MEDIANEIRA;PR;L N DA ROCHA & CIA LTDA - ME;29.099.414/0001-00
30/09/2020;30/09/2020 21:00:00;FANTASY ISLAND;A ILHA DA FANTASIA;E1900579500000;DUBLADO;NÃO;ESTADOS UNIDOS;5005805;CINEFLIX APARECIDA DE GOIANIA - SALA 1;6;6000014;24534;36838;APARECIDA DE GOIÂNIA;GO;REDECINE BSB CINEMATOGRÁFICA LTDA;18.087.870/0001-05
30/09/2020;30/09/2020 21:00:00;FANTASY ISLAND;A ILHA DA FANTASIA;E1900579500000;DUBLADO;NÃO;ESTADOS UNIDOS;5005316;CINEFLIX SHOPPING PRAÇA NOVA ARAÇATUBA - SALA 01;3;6000014;25182;31153;ARAÇATUBA;SP;REDECINE SUL CINEMAS LTDA.;18.672.374/0001-19
30/09/2020;30/09/2020 21:00:00;FANTASY ISLAND;A ILHA DA FANTASIA;E1900579500000;DUBLADO;NÃO;ESTADOS UNIDOS;5005308;CINEFLIX VÁRZEA GRANDE SHOPPING - SALA 5;0;6000014;24534;31101;VÁRZEA GRANDE;MT;REDECINE BSB CINEMATOGRÁFICA LTDA;18.087.870/0001-05
30/09/2020;30/09/2020 21:00:00;FANTASY ISLAND;A ILHA DA FANTASIA;E1900579500000;DUBLADO;NÃO;ESTADOS UNIDOS;5006416;GRUPOCINE MARANGUAPE 03;2;6000034;44276;44288;MARANGUAPE;CE;EMPRESA CINEMATOGRAFICA BOMBOCINE LTDA;21.298.337/0001-05
30/09/2020;30/09/2020 21:00:00;FANTASY ISLAND;A ILHA DA FANTASIA;E1900579500000;DUBLADO;NÃO;ESTADOS UNIDOS;5000081;KINOPLEX AMAZONAS SALA 03;5;6000037;1991;2393;MANAUS;AM;EMPRESA CINEMAS SÃO LUIZ S/A;33.497.660/0001-89
30/09/2020;30/09/2020 21:00:00;FANTASY ISLAND;A ILHA DA FANTASIA;E1900579500000;DUBLADO;NÃO;ESTADOS UNIDOS;5004436;MOVIECOM PÁTIO MARABÁ 4;8;6000100;2897;25394;MARABÁ;PA;MOVIE CINEMAS LTDA;04.708.972/0001-96
30/09/2020;30/09/2020 21:00:00;FANTASY ISLAND;A ILHA DA FANTASIA;E1900579500000;DUBLADO;NÃO;ESTADOS UNIDOS;5004472;SALA CINEPOLIS NORTH SHOPPING JOQUEI 02;2;6000024;17266;25960;FORTALEZA;CE;CINEPOLIS OPERADORA DE CINEMAS DO BRASIL LTDA;09.652.820/0001-32
30/09/2020;30/09/2020 21:00:00;FANTASY ISLAND;A ILHA DA FANTASIA;E1900579500000;DUBLADO;NÃO;ESTADOS UNIDOS;5003483;SALA PQ.BELEM 02;14;6000024;17266;21616;BELÉM;PA;CINEPOLIS OPERADORA DE CINEMAS DO BRASIL LTDA;09.652.820/0001-32
30/09/2020;30/09/2020 21:00:00;MINHA MÃE É UMA PEÇA;;B1301808100000;ORIGINAL;NÃO;BRASIL;5002679;ORIENT CINE PARALELA - SALA 05;0;6000060;2606;16207;SALVADOR;BA;UCI-ORIENT LTDA;01.562.356/0001-81
30/09/2020;30/09/2020 21:00:00;NO GOGÓ DO PAULINHO;;B2000034100000;ORIGINAL;NÃO;BRASIL;5006073;CINE A ALTAMIRA SALA 03;0;6000008;28464;33426;ALTAMIRA;PA;CINE A MARABA LTDA;21.160.773/0001-05
30/09/2020;30/09/2020 21:00:00;QUEEN OF SPADES: THROUGH THE LOOKING GLASS;A MALDIÇÃO DO ESPELHO;E1900574500000;DUBLADO;NÃO;RÚSSIA;5000125;KINOPLEX D. PEDRO 12;11;6000037;1991;2404;CAMPINAS;SP;EMPRESA CINEMAS SÃO LUIZ S/A;33.497.660/0001-89
30/09/2020;30/09/2020 21:00:00;QUEEN OF SPADES: THROUGH THE LOOKING GLASS;A MALDIÇÃO DO ESPELHO;E1900574500000;DUBLADO;NÃO;RÚSSIA;5002254;MOVIECOM PATIO BELÉM 5;10;6000100;2897;13915;BELÉM;PA;MOVIE CINEMAS LTDA;04.708.972/0001-96
30/09/2020;30/09/2020 21:00:00;QUEEN OF SPADES: THROUGH THE LOOKING GLASS;A MALDIÇÃO DO ESPELHO;E1900574500000;ORIGINAL;SIM;RÚSSIA;5002937;SALA 06;0;6000024;17266;17763;BELÉM;PA;CINEPOLIS OPERADORA DE CINEMAS DO BRASIL LTDA;09.652.820/0001-32
30/09/2020;30/09/2020 21:00:00;QUEEN OF SPADES: THROUGH THE LOOKING GLASS;A MALDIÇÃO DO ESPELHO;E1900574500000;DUBLADO;NÃO;RÚSSIA;5002720;SALA CINE PLAYARTE MANAUARA 09;7;6000049;260;16356;MANAUS;AM;PLAYARTE CINEMAS LTDA.;60.434.149/0001-00
30/09/2020;30/09/2020 21:00:00;QUEEN OF SPADES: THROUGH THE LOOKING GLASS;A MALDIÇÃO DO ESPELHO;E1900574500000;DUBLADO;NÃO;RÚSSIA;5004369;SALA CINEPOLIS PONTA NEGRA 06 TRADICIONAL;0;6000024;17266;25193;MANAUS;AM;CINEPOLIS OPERADORA DE CINEMAS DO BRASIL LTDA;09.652.820/0001-32
30/09/2020;30/09/2020 21:00:00;QUEEN OF SPADES: THROUGH THE LOOKING GLASS;A MALDIÇÃO DO ESPELHO;E1900574500000;DUBLADO;NÃO;RÚSSIA;5001075;UCI ORIENT SHOPPING DA BAHIA - SALA 03;2;6000060;2606;6586;SALVADOR;BA;UCI-ORIENT LTDA;01.562.356/0001-81
30/09/2020;30/09/2020 21:00:00;SCOOB!;SCOOBY - O FILME;E2000026400000;DUBLADO;NÃO;ESTADOS UNIDOS;5005809;CINEFLIX APARECIDA DE GOIANIA - SALA 5;12;6000014;24534;36838;APARECIDA DE GOIÂNIA;GO;REDECINE BSB CINEMATOGRÁFICA LTDA;18.087.870/0001-05
30/09/2020;30/09/2020 21:00:00;SPIDER-MAN: INTO THE SPIDER-VERSE;HOMEM-ARANHA NO ARANHAVERSO;E1800533700000;DUBLADO;NÃO;ESTADOS UNIDOS;5001806;SALA CINE 14 BIS;2;;5822;6623;GUAXUPÉ;MG;GUAXUPE PROMOCOES E EVENTOS LTDA;03.929.354/0001-03
30/09/2020;30/09/2020 21:00:00;THE CONJURING;INVOCAÇÃO DO MAL;E1500097000000;DUBLADO;NÃO;ESTADOS UNIDOS;5002427;CINE WEST SALA 02;20;;14882;14883;CASCAVEL;PR;WEST SIDE SHOPPING CENTER LTDA;68.761.170/0001-22
30/09/2020;30/09/2020 21:00:00;THE CONJURING;INVOCAÇÃO DO MAL;E1500097000000;DUBLADO;NÃO;ESTADOS UNIDOS;5006412;GRUPOCINE ITAPETININGA 04;5;6000034;44276;44287;ITAPETININGA;SP;EMPRESA CINEMATOGRAFICA BOMBOCINE LTDA;21.298.337/0001-05
30/09/2020;30/09/2020 21:00:00;THE GENTLEMEN;MAGNATAS DO CRIME;E2000005600000;DUBLADO;NÃO;ESTADOS UNIDOS;5006381;ALFENAS SALA 3;1;6000008;15833;44017;ALFENAS;MG;CINE A LTDA;10.894.937/0001-01
30/09/2020;30/09/2020 21:00:00;THE GENTLEMEN;MAGNATAS DO CRIME;E2000005600000;DUBLADO;NÃO;ESTADOS UNIDOS;5006242;ARARAS SALA 3;0;6000008;15833;24551;ARARAS;SP;CINE A LTDA;10.894.937/0001-01
30/09/2020;30/09/2020 21:00:00;THE GENTLEMEN;MAGNATAS DO CRIME;E2000005600000;DUBLADO;NÃO;ESTADOS UNIDOS;5005506;CINE A BRAGANÇA PAULISTA SALA 3;0;6000008;3227;32481;BRAGANÇA PAULISTA;SP;CINE A BRAGANCA PAULISTA LTDA;41.861.923/0001-15
30/09/2020;30/09/2020 21:00:00;THE GENTLEMEN;MAGNATAS DO CRIME;E2000005600000;DUBLADO;NÃO;ESTADOS UNIDOS;5006494;CINE INTER SANTA INES 02;23;6000140;44834;44835;SANTA INÊS;MA;CINEINTER EXIBICOES CINEMATOGRAFICAS LTDA;35.477.354/0001-06
30/09/2020;30/09/2020 21:00:00;THE GENTLEMEN;MAGNATAS DO CRIME;E2000005600000;DUBLADO;NÃO;ESTADOS UNIDOS;5006533;CINE LASER SANTAREM 1;0;6000104;44323;45275;SANTARÉM;PA;CINE LASER CINEMAS NORDESTE LTDA;34.860.287/0001-41
30/09/2020;30/09/2020 21:00:00;THE GENTLEMEN;MAGNATAS DO CRIME;E2000005600000;DUBLADO;NÃO;ESTADOS UNIDOS;5003147;CINE LASER SORRISO 1;6;6000104;19465;19467;SORRISO;MT;CINE LASER CINEMAS LTDA;03.569.447/0001-74
30/09/2020;30/09/2020 21:00:00;THE GENTLEMEN;MAGNATAS DO CRIME;E2000005600000;DUBLADO;NÃO;ESTADOS UNIDOS;5004881;CIRCUITO CINEMAS PBAS- SALA 03;0;6000028;15568;27873;PARAUAPEBAS;PA;CIRCUITO ENTRETENIMENTO E CINEMAS LTDA;08.068.712/0001-54
30/09/2020;30/09/2020 21:00:00;THE GENTLEMEN;MAGNATAS DO CRIME;E2000005600000;DUBLADO;NÃO;ESTADOS UNIDOS;5006461;GRUPOCINE EUSÉBIO 01;0;6000034;44276;44457;EUSÉBIO;CE;EMPRESA CINEMATOGRAFICA BOMBOCINE LTDA;21.298.337/0001-05
30/09/2020;30/09/2020 21:00:00;THE SECRET: DARE TO DREAM;O SEGREDO: OUSE SONHAR;E2000080600000;DUBLADO;NÃO;ESTADOS UNIDOS;5002402;CINEVIP RONDON PLAZA SHOPPING SALA 02;12;;14781;14782;RONDONÓPOLIS;MT;GIOVANNI ZEM RODRIGUES;10.443.079/0001-89
30/09/2020;30/09/2020 21:00:01;MINHA MÃE É UMA PEÇA;;B1301808100000;ORIGINAL;NÃO;BRASIL;5006268;CINE ESTAÇÃO 03;0;;42658;42659;FRANCO DA ROCHA;SP;CINE ESTAÇÃO OPERADORA DE CINEMA LTDA;32.998.727/0001-04
30/09/2020;30/09/2020 21:00:01;THE GENTLEMEN;MAGNATAS DO CRIME;E2000005600000;DUBLADO;NÃO;ESTADOS UNIDOS;5006205;CINE A ITAJUBA 02;2;6000008;15833;41725;ITAJUBÁ;MG;CINE A LTDA;10.894.937/0001-01
30/09/2020;30/09/2020 21:00:01;THE GENTLEMEN;MAGNATAS DO CRIME;E2000005600000;DUBLADO;NÃO;ESTADOS UNIDOS;5004947;CINE A MARABÁ SALA 02;2;6000008;28464;28466;MARABÁ;PA;CINE A MARABA LTDA;21.160.773/0001-05
30/09/2020;30/09/2020 21:05:00;FANTASY ISLAND;A ILHA DA FANTASIA;E1900579500000;DUBLADO;NÃO;ESTADOS UNIDOS;5003094;TOPAZIO POLO SHOPPING 1;6;6000057;2968;19182;INDAIATUBA;SP;LUI CINEMATOGRÁFICA LTDA.;71.912.711/0001-80
30/09/2020;30/09/2020 21:10:00;BLACK PANTHER;PANTERA NEGRA;E1700512400000;DUBLADO;NÃO;ESTADOS UNIDOS;5001604;CINE 3 FERRY BOAT´S PLAZA 1;7;;5294;6684;GUARUJÁ;SP;SOBRAL EVENTOS E ENTRETENIMENTO LTDA;07.159.860/0001-11
30/09/2020;30/09/2020 21:10:00;COUNTDOWN;A HORA DA SUA MORTE;E1900400200000;DUBLADO;NÃO;HOLANDA;5004822;KINOPLEX AMAZONAS SALA 04;8;6000037;1991;2393;MANAUS;AM;EMPRESA CINEMAS SÃO LUIZ S/A;33.497.660/0001-89
30/09/2020;30/09/2020 21:10:00;ESCAPE FROM PRETORIA;FUGA DE PRETÓRIA;E2000249400000;DUBLADO;NÃO;ÁFRICA DO SUL;5006414;GRUPOCINE MARANGUAPE 01;0;6000034;44276;44288;MARANGUAPE;CE;EMPRESA CINEMATOGRAFICA BOMBOCINE LTDA;21.298.337/0001-05
30/09/2020;30/09/2020 21:10:00;FANTASY ISLAND;A ILHA DA FANTASIA;E1900579500000;DUBLADO;NÃO;ESTADOS UNIDOS;5006493;CINE INTER SANTA INES 01;5;6000140;44834;44835;SANTA INÊS;MA;CINEINTER EXIBICOES CINEMATOGRAFICAS LTDA;35.477.354/0001-06
30/09/2020;30/09/2020 21:10:00;FANTASY ISLAND;A ILHA DA FANTASIA;E1900579500000;DUBLADO;NÃO;ESTADOS UNIDOS;5006463;GRUPOCINE EUSÉBIO 03;3;6000034;44276;44457;EUSÉBIO;CE;EMPRESA CINEMATOGRAFICA BOMBOCINE LTDA;21.298.337/0001-05
30/09/2020;30/09/2020 21:10:00;FANTASY ISLAND;A ILHA DA FANTASIA;E1900579500000;DUBLADO;NÃO;ESTADOS UNIDOS;5006410;GRUPOCINE ITAPETININGA 02;0;6000034;44276;44287;ITAPETININGA;SP;EMPRESA CINEMATOGRAFICA BOMBOCINE LTDA;21.298.337/0001-05
30/09/2020;30/09/2020 21:10:00;FANTASY ISLAND;A ILHA DA FANTASIA;E1900579500000;DUBLADO;NÃO;ESTADOS UNIDOS;5005380;MOBI CINE TUCURUÍ - SALA 2;17;6000040;28561;31594;TUCURUÍ;PA;C A VIEIRA LEMOS E CIA LTDA;20.334.881/0001-94
30/09/2020;30/09/2020 21:10:00;QUEEN OF SPADES: THROUGH THE LOOKING GLASS;A MALDIÇÃO DO ESPELHO;E1900574500000;DUBLADO;NÃO;RÚSSIA;5005965;CINE SUL SALA 01;10;6000121;38751;38752;MEDIANEIRA;PR;L N DA ROCHA & CIA LTDA - ME;29.099.414/0001-00
30/09/2020;30/09/2020 21:10:00;QUEEN OF SPADES: THROUGH THE LOOKING GLASS;A MALDIÇÃO DO ESPELHO;E1900574500000;DUBLADO;NÃO;RÚSSIA;5005930;MOBI CINE AÇAILÂNDIA SALA 02;25;6000040;38236;38237;AÇAILÂNDIA;MA;C A V LEMOS E CIA LTDA - ME;14.717.191/0001-11
30/09/2020;30/09/2020 21:10:00;QUEEN OF SPADES: THROUGH THE LOOKING GLASS;A MALDIÇÃO DO ESPELHO;E1900574500000;DUBLADO;NÃO;RÚSSIA;5005957;MOBI CINE REDENÇÃO SALA 2;0;6000040;28561;38513;REDENÇÃO;PA;C A VIEIRA LEMOS E CIA LTDA;20.334.881/0001-94
30/09/2020;30/09/2020 21:10:00;QUEEN OF SPADES: THROUGH THE LOOKING GLASS;A MALDIÇÃO DO ESPELHO;E1900574500000;ORIGINAL;SIM;RÚSSIA;5004589;UCI ORIENT SHOPPING BARRA SALA 7;2;6000060;2606;26893;SALVADOR;BA;UCI-ORIENT LTDA;01.562.356/0001-81
30/09/2020;30/09/2020 21:10:00;THE CONJURING;INVOCAÇÃO DO MAL;E1500097000000;DUBLADO;NÃO;ESTADOS UNIDOS;5006546;PARAISO MEGA CENTER 5;0;6000045;5935;45579;VALPARAÍSO DE GOIÁS;GO;MULTICINE CINEMAS LTDA;07.609.246/0001-04
30/09/2020;30/09/2020 21:10:00;THE GENTLEMEN;MAGNATAS DO CRIME;E2000005600000;DUBLADO;NÃO;ESTADOS UNIDOS;5002428;CINE WEST SALA 01;8;;14882;14883;CASCAVEL;PR;WEST SIDE SHOPPING CENTER LTDA;68.761.170/0001-22
30/09/2020;30/09/2020 21:10:00;THE GENTLEMEN;MAGNATAS DO CRIME;E2000005600000;DUBLADO;NÃO;ESTADOS UNIDOS;5005722;CINEFLIX VALPARAISO SALA 05;2;6000014;24534;34628;VALPARAÍSO DE GOIÁS;GO;REDECINE BSB CINEMATOGRÁFICA LTDA;18.087.870/0001-05
30/09/2020;30/09/2020 21:10:01;BLOODSHOT;BLOODSHOT;E1900579400000;DUBLADO;NÃO;ESTADOS UNIDOS;5006618;DRIVE - GYN SERRA DOURADA 02;1;6000039;45898;46312;GOIÂNIA;GO;DRIVE-GYN ENTRETENIMENTO LTDA;37.109.882/0001-38
30/09/2020;30/09/2020 21:15:00;CARLINHOS E CARLÃO;;B1900409100000;ORIGINAL;NÃO;BRASIL;5006072;CINE A ALTAMIRA SALA 02;0;6000008;28464;33426;ALTAMIRA;PA;CINE A MARABA LTDA;21.160.773/0001-05
30/09/2020;30/09/2020 21:15:00;FANTASY ISLAND;A ILHA DA FANTASIA;E1900579500000;DUBLADO;NÃO;ESTADOS UNIDOS;5006364;ALFENAS SALA 1;2;6000008;15833;44017;ALFENAS;MG;CINE A LTDA;10.894.937/0001-01
30/09/2020;30/09/2020 21:15:00;FANTASY ISLAND;A ILHA DA FANTASIA;E1900579500000;DUBLADO;NÃO;ESTADOS UNIDOS;5004199;ARARAS SALA 1;2;6000008;15833;24551;ARARAS;SP;CINE A LTDA;10.894.937/0001-01
30/09/2020;30/09/2020 21:15:00;FANTASY ISLAND;A ILHA DA FANTASIA;E1900579500000;DUBLADO;NÃO;ESTADOS UNIDOS;5005504;CINE A BRAGANÇA PAULISTA SALA 1;2;6000008;3227;32481;BRAGANÇA PAULISTA;SP;CINE A BRAGANCA PAULISTA LTDA;41.861.923/0001-15
30/09/2020;30/09/2020 21:15:00;MINHA MÃE É UMA PEÇA;;B1301808100000;ORIGINAL;NÃO;BRASIL;5006396;GRUPOCINE FERNANDÓPOLIS 02;0;6000034;44276;44281;FERNANDÓPOLIS;SP;EMPRESA CINEMATOGRAFICA BOMBOCINE LTDA;21.298.337/0001-05
30/09/2020;30/09/2020 21:15:00;MINHA MÃE É UMA PEÇA 3;;B1900576900000;DUBLADO;NÃO;BRASIL;5002119;CINE DUPLEX SALA 01;2;;6615;6584;AMPARO;SP;EMPRESA CINEMATOGRÁFICA ESTAÇÃO LTDA;01.272.408/0001-85
30/09/2020;30/09/2020 21:15:00;ONWARD;DOIS IRMÃOS: UMA JORNADA FANTÁSTICA;E1900366400000;DUBLADO;NÃO;ESTADOS UNIDOS;5006260;CIRCUITO PONTA PORA 04;2;6000028;15568;42557;PONTA PORÃ;MS;CIRCUITO ENTRETENIMENTO E CINEMAS LTDA;08.068.712/0001-54
30/09/2020;30/09/2020 21:15:00;QUEEN OF SPADES: THROUGH THE LOOKING GLASS;A MALDIÇÃO DO ESPELHO;E1900574500000;DUBLADO;NÃO;RÚSSIA;5003487;SALA PQ.BELEM 06;10;6000024;17266;21616;BELÉM;PA;CINEPOLIS OPERADORA DE CINEMAS DO BRASIL LTDA;09.652.820/0001-32
30/09/2020;30/09/2020 21:15:00;THE GENTLEMEN;MAGNATAS DO CRIME;E2000005600000;DUBLADO;NÃO;ESTADOS UNIDOS;5005367;CIRCUITO CINEMAS - PNP SALA 04;0;6000028;15568;31541;PENÁPOLIS;SP;CIRCUITO ENTRETENIMENTO E CINEMAS LTDA;08.068.712/0001-54
30/09/2020;30/09/2020 21:15:00;THE GENTLEMEN;MAGNATAS DO CRIME;E2000005600000;ORIGINAL;SIM;ESTADOS UNIDOS;5000124;KINOPLEX D. PEDRO 11;8;6000037;1991;2404;CAMPINAS;SP;EMPRESA CINEMAS SÃO LUIZ S/A;33.497.660/0001-89
30/09/2020;30/09/2020 21:15:00;THE GENTLEMEN;MAGNATAS DO CRIME;E2000005600000;DUBLADO;NÃO;ESTADOS UNIDOS;5005931;MOBI CINE AÇAILÂNDIA SALA 03;0;6000040;38236;38237;AÇAILÂNDIA;MA;C A V LEMOS E CIA LTDA - ME;14.717.191/0001-11
30/09/2020;30/09/2020 21:15:00;THE GENTLEMEN;MAGNATAS DO CRIME;E2000005600000;DUBLADO;NÃO;ESTADOS UNIDOS;5005958;MOBI CINE REDENÇÃO SALA 3;2;6000040;28561;38513;REDENÇÃO;PA;C A VIEIRA LEMOS E CIA LTDA;20.334.881/0001-94
30/09/2020;30/09/2020 21:15:00;THE GENTLEMEN;MAGNATAS DO CRIME;E2000005600000;DUBLADO;NÃO;ESTADOS UNIDOS;5005381;MOBI CINE TUCURUÍ - SALA 3;2;6000040;28561;31594;TUCURUÍ;PA;C A VIEIRA LEMOS E CIA LTDA;20.334.881/0001-94
30/09/2020;30/09/2020 21:15:01;THE SECRET: DARE TO DREAM;O SEGREDO: OUSE SONHAR;E2000080600000;DUBLADO;NÃO;ESTADOS UNIDOS;5006204;CINE A ITAJUBA 01;1;6000008;15833;41725;ITAJUBÁ;MG;CINE A LTDA;10.894.937/0001-01
30/09/2020;30/09/2020 21:15:01;THE SECRET: DARE TO DREAM;O SEGREDO: OUSE SONHAR;E2000080600000;DUBLADO;NÃO;ESTADOS UNIDOS;5005287;CINE A MARABÁ SALA 01;3;6000008;28464;28466;MARABÁ;PA;CINE A MARABA LTDA;21.160.773/0001-05
30/09/2020;30/09/2020 21:20:00;FANTASY ISLAND;A ILHA DA FANTASIA;E1900579500000;DUBLADO;NÃO;ESTADOS UNIDOS;5005884;CINE COMPANY ALTA FLORESTA;16;;37637;37638;ALTA FLORESTA;MT;CINE FLORESTA LTDA;28.416.012/0001-10
30/09/2020;30/09/2020 21:20:00;FANTASY ISLAND;A ILHA DA FANTASIA;E1900579500000;DUBLADO;NÃO;ESTADOS UNIDOS;5005751;CINE WEST SALA 03;12;;14882;14883;CASCAVEL;PR;WEST SIDE SHOPPING CENTER LTDA;68.761.170/0001-22
30/09/2020;30/09/2020 21:20:00;FANTASY ISLAND;A ILHA DA FANTASIA;E1900579500000;DUBLADO;NÃO;ESTADOS UNIDOS;5006297;GOIANESIA 02;9;6000040;42975;42976;GOIANÉSIA;GO;MB EXIBICOES CINEMATOGRAFICAS GOIANESIA LTDA;33.296.719/0001-70
30/09/2020;30/09/2020 21:20:00;MINHA MÃE É UMA PEÇA 3;;B1900576900000;DUBLADO;NÃO;BRASIL;5002565;CINE CATARATAS 2;3;;15565;15566;FOZ DO IGUAÇU;PR;CINE CATARATAS LTDA;09.010.219/0001-46
30/09/2020;30/09/2020 21:20:00;Mostras e Festivais;;G0000000000004;ORIGINAL;SIM;;5000121;KINOPLEX D. PEDRO 8;1;6000037;1991;2404;CAMPINAS;SP;EMPRESA CINEMAS SÃO LUIZ S/A;33.497.660/0001-89
30/09/2020;30/09/2020 21:20:00;QUEEN OF SPADES: THROUGH THE LOOKING GLASS;A MALDIÇÃO DO ESPELHO;E1900574500000;DUBLADO;NÃO;RÚSSIA;5005723;CINEFLIX VALPARAISO SALA 06;5;6000014;24534;34628;VALPARAÍSO DE GOIÁS;GO;REDECINE BSB CINEMATOGRÁFICA LTDA;18.087.870/0001-05
30/09/2020;30/09/2020 21:20:00;QUEEN OF SPADES: THROUGH THE LOOKING GLASS;A MALDIÇÃO DO ESPELHO;E1900574500000;DUBLADO;NÃO;RÚSSIA;5004434;MOVIECOM PÁTIO MARABÁ 2;9;6000100;2897;25394;MARABÁ;PA;MOVIE CINEMAS LTDA;04.708.972/0001-96
30/09/2020;30/09/2020 21:20:00;QUEEN OF SPADES: THROUGH THE LOOKING GLASS;A MALDIÇÃO DO ESPELHO;E1900574500000;DUBLADO;NÃO;RÚSSIA;5001709;MOVIECOM UNIMART 4;0;6000100;2897;5573;CAMPINAS;SP;MOVIE CINEMAS LTDA;04.708.972/0001-96
30/09/2020;30/09/2020 21:25:00;FANTASY ISLAND;A ILHA DA FANTASIA;E1900579500000;ORIGINAL;SIM;ESTADOS UNIDOS;5000122;KINOPLEX D. PEDRO 9 - PLATINUM;5;6000037;1991;2404;CAMPINAS;SP;EMPRESA CINEMAS SÃO LUIZ S/A;33.497.660/0001-89
30/09/2020;30/09/2020 21:30:00;BLOODSHOT;BLOODSHOT;E1900579400000;DUBLADO;NÃO;ESTADOS UNIDOS;5006259;CIRCUITO PONTA PORA 03;3;6000028;15568;42557;PONTA PORÃ;MS;CIRCUITO ENTRETENIMENTO E CINEMAS LTDA;08.068.712/0001-54
30/09/2020;30/09/2020 21:30:00;EL ROBO DEL SIGLO;O ROUBO DO SÉCULO;E2000030900000;ORIGINAL;SIM;ARGENTINA;5002564;CINE CATARATAS 1;5;;15565;15566;FOZ DO IGUAÇU;PR;CINE CATARATAS LTDA;09.010.219/0001-46
30/09/2020;30/09/2020 21:30:00;FANTASY ISLAND;A ILHA DA FANTASIA;E1900579500000;DUBLADO;NÃO;ESTADOS UNIDOS;5002682;ASTON SALA 1;3;;16209;16210;PARANAVAÍ;PR;SBPO ENTRETENIMENTOS LTDA;04.096.720/0001-53
30/09/2020;30/09/2020 21:30:00;FANTASY ISLAND;A ILHA DA FANTASIA;E1900579500000;DUBLADO;NÃO;ESTADOS UNIDOS;5005617;CINE A ALTAMIRA SALA 01;9;6000008;28464;33426;ALTAMIRA;PA;CINE A MARABA LTDA;21.160.773/0001-05
30/09/2020;30/09/2020 21:30:00;FANTASY ISLAND;A ILHA DA FANTASIA;E1900579500000;DUBLADO;NÃO;ESTADOS UNIDOS;5005719;CINEFLIX VALPARAISO SALA 02;9;6000014;24534;34628;VALPARAÍSO DE GOIÁS;GO;REDECINE BSB CINEMATOGRÁFICA LTDA;18.087.870/0001-05
30/09/2020;30/09/2020 21:30:00;FANTASY ISLAND;A ILHA DA FANTASIA;E1900579500000;DUBLADO;NÃO;ESTADOS UNIDOS;5005364;CIRCUITO CINEMAS - PNP SALA 01;2;6000028;15568;31541;PENÁPOLIS;SP;CIRCUITO ENTRETENIMENTO E CINEMAS LTDA;08.068.712/0001-54
30/09/2020;30/09/2020 21:30:00;FANTASY ISLAND;A ILHA DA FANTASIA;E1900579500000;DUBLADO;NÃO;ESTADOS UNIDOS;5004879;CIRCUITO CINEMAS PBAS- SALA 01;5;6000028;15568;27873;PARAUAPEBAS;PA;CIRCUITO ENTRETENIMENTO E CINEMAS LTDA;08.068.712/0001-54
30/09/2020;30/09/2020 21:30:00;QUEEN OF SPADES: THROUGH THE LOOKING GLASS;A MALDIÇÃO DO ESPELHO;E1900574500000;DUBLADO;NÃO;RÚSSIA;5006365;ALFENAS SALA 2;1;6000008;15833;44017;ALFENAS;MG;CINE A LTDA;10.894.937/0001-01
30/09/2020;30/09/2020 21:30:00;QUEEN OF SPADES: THROUGH THE LOOKING GLASS;A MALDIÇÃO DO ESPELHO;E1900574500000;DUBLADO;NÃO;RÚSSIA;5004200;ARARAS SALA 2;1;6000008;15833;24551;ARARAS;SP;CINE A LTDA;10.894.937/0001-01
30/09/2020;30/09/2020 21:30:00;QUEEN OF SPADES: THROUGH THE LOOKING GLASS;A MALDIÇÃO DO ESPELHO;E1900574500000;DUBLADO;NÃO;RÚSSIA;5005505;CINE A BRAGANÇA PAULISTA SALA 2;2;6000008;3227;32481;BRAGANÇA PAULISTA;SP;CINE A BRAGANCA PAULISTA LTDA;41.861.923/0001-15
30/09/2020;30/09/2020 21:30:00;THE GENTLEMEN;MAGNATAS DO CRIME;E2000005600000;DUBLADO;NÃO;ESTADOS UNIDOS;5002400;CINEVIP RONDON PLAZA SHOPPING SALA 01;8;;14781;14782;RONDONÓPOLIS;MT;GIOVANNI ZEM RODRIGUES;10.443.079/0001-89
30/09/2020;30/09/2020 21:30:00;THE SECRET: DARE TO DREAM;O SEGREDO: OUSE SONHAR;E2000080600000;DUBLADO;NÃO;ESTADOS UNIDOS;5002566;CINE CATARATAS 3;2;;15565;15566;FOZ DO IGUAÇU;PR;CINE CATARATAS LTDA;09.010.219/0001-46
30/09/2020;30/09/2020 21:30:01;FANTASY ISLAND;A ILHA DA FANTASIA;E1900579500000;DUBLADO;NÃO;ESTADOS UNIDOS;5006206;CINE A ITAJUBA 03;4;6000008;15833;41725;ITAJUBÁ;MG;CINE A LTDA;10.894.937/0001-01
30/09/2020;30/09/2020 21:30:01;FANTASY ISLAND;A ILHA DA FANTASIA;E1900579500000;DUBLADO;NÃO;ESTADOS UNIDOS;5004948;CINE A MARABÁ SALA 03;4;6000008;28464;28466;MARABÁ;PA;CINE A MARABA LTDA;21.160.773/0001-05
30/09/2020;30/09/2020 21:30:01;QUEEN OF SPADES: THROUGH THE LOOKING GLASS;A MALDIÇÃO DO ESPELHO;E1900574500000;DUBLADO;NÃO;RÚSSIA;5006207;CINE A ITAJUBA 04;2;6000008;15833;41725;ITAJUBÁ;MG;CINE A LTDA;10.894.937/0001-01
30/09/2020;30/09/2020 21:30:01;QUEEN OF SPADES: THROUGH THE LOOKING GLASS;A MALDIÇÃO DO ESPELHO;E1900574500000;DUBLADO;NÃO;RÚSSIA;5004946;CINE A MARABÁ SALA 04;0;6000008;28464;28466;MARABÁ;PA;CINE A MARABA LTDA;21.160.773/0001-05
30/09/2020;30/09/2020 21:40:00;FANTASY ISLAND;A ILHA DA FANTASIA;E1900579500000;DUBLADO;NÃO;ESTADOS UNIDOS;5002401;CINEVIP RONDON PLAZA SHOPPING SALA 03;10;;14781;14782;RONDONÓPOLIS;MT;GIOVANNI ZEM RODRIGUES;10.443.079/0001-89
30/09/2020;30/09/2020 21:45:00;BLOODSHOT;BLOODSHOT;E1900579400000;DUBLADO;NÃO;ESTADOS UNIDOS;5004882;CIRCUITO CINEMAS PBAS- SALA 04;2;6000028;15568;27873;PARAUAPEBAS;PA;CIRCUITO ENTRETENIMENTO E CINEMAS LTDA;08.068.712/0001-54
30/09/2020;30/09/2020 21:45:00;ESCAPE FROM PRETORIA;FUGA DE PRETÓRIA;E2000249400000;DUBLADO;NÃO;ÁFRICA DO SUL;5005720;CINEFLIX VALPARAISO SALA 03;0;6000014;24534;34628;VALPARAÍSO DE GOIÁS;GO;REDECINE BSB CINEMATOGRÁFICA LTDA;18.087.870/0001-05
30/09/2020;30/09/2020 22:00:00;BOHEMIAN RHAPSODY;BOHEMIAN RHAPSODY;E1800251900000;ORIGINAL;SIM;ESTADOS UNIDOS;5002102;CINE DRIVEIN;31;;5465;6715;BRASÍLIA;DF;STARK'S CINEMA E LANCHONETE LTDA.;32.917.296/0001-04
30/09/2020;30/09/2020 22:00:00;FANTASY ISLAND;A ILHA DA FANTASIA;E1900579500000;DUBLADO;NÃO;ESTADOS UNIDOS;5005718;CINEFLIX VALPARAISO SALA 01;0;6000014;24534;34628;VALPARAÍSO DE GOIÁS;GO;REDECINE BSB CINEMATOGRÁFICA LTDA;18.087.870/0001-05
30/09/2020;30/09/2020 22:40:00;QUEEN OF SPADES: THROUGH THE LOOKING GLASS;A MALDIÇÃO DO ESPELHO;E1900574500000;DUBLADO;NÃO;RÚSSIA;5006568;CINE + ARTE XANGRI-LÁ DRIVE-IN;2;6000103;32155;45890;XANGRI-LÁ;RS;EWERTON LUIS DE SOUZA BRANDOLT;23.288.683/0001-20
