DATA_EXIBICAO;SESSAO;TITULO_ORIGINAL;TITULO_BRASIL;CPB_ROE;AUDIO;LEGENDADA;PAIS_OBRA;REGISTRO_SALA;NOME_SALA;PUBLICO;REGISTRO_GRUPO_EXIBIDOR;REGISTRO_EXIBIDOR;REGISTRO_COMPLEXO;MUNICIPIO_SALA_COMPLEXO;UF_SALA_COMPLEXO;RAZAO_SOCIAL_EXIBIDORA;CNPJ_EXIBIDORA
08/04/2021;08/04/2021 14:00:00;FOLLOW ME;SEM SAÍDA;E2100006300000;DUBLADO;NÃO;ESTADOS UNIDOS;5000206;KINOPLEX GRANDE RIO 3;6;6000037;1991;2424;SÃO JOÃO DE MERITI;RJ;EMPRESA CINEMAS SÃO LUIZ S/A;33.497.660/0001-89
08/04/2021;08/04/2021 14:00:00;RAYA AND THE LAST DRAGON;RAYA E O ÚLTIMO DRAGÃO;E2100035300000;DUBLADO;NÃO;ESTADOS UNIDOS;5001634;CINE TERESINA 1;5;;2140;6595;TERESINA;PI;CINEMAS TERESINA LTDA;02.142.566/0001-83
08/04/2021;08/04/2021 14:00:00;TOM & JERRY;TOM & JERRY - O FILME;E2000553800000;DUBLADO;NÃO;ESTADOS UNIDOS;5006060;CENTERPLEX BOULEVARD 02;0;6000006;40317;40318;VITÓRIA DA CONQUISTA;BA;CINE ELI BAHIA CINEMAS LTDA - EM RECUPERACAO JUDICIAL;30.096.740/0001-34
08/04/2021;08/04/2021 14:00:00;TOM & JERRY;TOM & JERRY - O FILME;E2000553800000;DUBLADO;NÃO;ESTADOS UNIDOS;5002565;CINE CATARATAS 2;3;;15565;15566;FOZ DO IGUAÇU;PR;CINE CATARATAS LTDA;09.010.219/0001-46
08/04/2021;08/04/2021 14:00:00;WONDER WOMAN 1984;MULHER-MARAVILHA 1984;E2000170200000;DUBLADO;NÃO;CANADÁ;5005647;CINE TERESINA 4;6;;2140;6595;TERESINA;PI;CINEMAS TERESINA LTDA;02.142.566/0001-83
08/04/2021;08/04/2021 14:20:00;TOM & JERRY;TOM & JERRY - O FILME;E2000553800000;DUBLADO;NÃO;ESTADOS UNIDOS;5000205;KINOPLEX GRANDE RIO 2;3;6000037;1991;2424;SÃO JOÃO DE MERITI;RJ;EMPRESA CINEMAS SÃO LUIZ S/A;33.497.660/0001-89
08/04/2021;08/04/2021 14:30:00;LUCICREIDE VAI PRA MARTE;;B1900421800000;ORIGINAL;NÃO;BRASIL;5006062;CENTERPLEX BOULEVARD 04;2;6000006;40317;40318;VITÓRIA DA CONQUISTA;BA;CINE ELI BAHIA CINEMAS LTDA - EM RECUPERACAO JUDICIAL;30.096.740/0001-34
08/04/2021;08/04/2021 14:40:00;TOM & JERRY;TOM & JERRY - O FILME;E2000553800000;DUBLADO;NÃO;ESTADOS UNIDOS;5005270;MULTICINE SANTA MARIA SALA 01;2;6000045;5935;30733;BRASÍLIA;DF;MULTICINE CINEMAS LTDA;07.609.246/0001-04
08/04/2021;08/04/2021 15:00:00;DEPOIS A LOUCA SOU EU;;B2000078000000;DUBLADO;NÃO;BRASIL;5005206;CINÉPOLIS RIO POTY SALA 10;5;6000024;17266;30352;TERESINA;PI;CINEPOLIS OPERADORA DE CINEMAS DO BRASIL LTDA;09.652.820/0001-32
08/04/2021;08/04/2021 15:00:00;RAYA AND THE LAST DRAGON;RAYA E O ÚLTIMO DRAGÃO;E2100035300000;DUBLADO;NÃO;ESTADOS UNIDOS;5004809;SHOPPING BOSQUE DOS IPÊS- SALA 03;2;6000058;749;27590;CAMPO GRANDE;MS;UNITED CINEMAS INTERNATIONAL BRASIL LTDA.;01.289.530/0001-64
08/04/2021;08/04/2021 15:00:00;THE WITCHES;CONVENÇÃO DAS BRUXAS;E2000396100000;DUBLADO;NÃO;ESTADOS UNIDOS;5006644;PLAYARTE RORAIMA GARDEN SALA 03;0;6000049;39188;47248;BOA VISTA;RR;MULTIPLEX DO BRASIL ENTRETENIMENTO LTDA;27.595.833/0001-07
08/04/2021;08/04/2021 15:00:00;TOM & JERRY;TOM & JERRY - O FILME;E2000553800000;DUBLADO;NÃO;ESTADOS UNIDOS;5006059;CENTERPLEX BOULEVARD 01;2;6000006;40317;40318;VITÓRIA DA CONQUISTA;BA;CINE ELI BAHIA CINEMAS LTDA - EM RECUPERACAO JUDICIAL;30.096.740/0001-34
08/04/2021;08/04/2021 15:10:00;RAYA AND THE LAST DRAGON;RAYA E O ÚLTIMO DRAGÃO;E2100035300000;DUBLADO;NÃO;ESTADOS UNIDOS;5005272;MULTICINE SANTA MARIA SALA 03;0;6000045;5935;30733;BRASÍLIA;DF;MULTICINE CINEMAS LTDA;07.609.246/0001-04
08/04/2021;08/04/2021 15:15:00;TOM & JERRY;TOM & JERRY - O FILME;E2000553800000;DUBLADO;NÃO;ESTADOS UNIDOS;5005545;CINE COLOMBO RESENDE SALA 03;0;6000008;15833;33011;RESENDE;RJ;CINE A LTDA;10.894.937/0001-01
08/04/2021;08/04/2021 15:20:00;LUCICREIDE VAI PRA MARTE;;B1900421800000;ORIGINAL;NÃO;BRASIL;5001662;ORIENT CINEPLACE BOULEVARD SHOPPING - SALA 3;3;6000046;2869;6630;FEIRA DE SANTANA;BA;FEIRA PLEXCINE LTDA.;04.547.950/0001-91
08/04/2021;08/04/2021 15:20:00;MONSTER HUNTER;MONSTER HUNTER;E2000403800000;DUBLADO;NÃO;ESTADOS UNIDOS;5005648;CINE TERESINA 5;6;;2140;6595;TERESINA;PI;CINEMAS TERESINA LTDA;02.142.566/0001-83
08/04/2021;08/04/2021 15:20:00;PINOCCHIO;PINÓQUIO;E2000294800000;DUBLADO;NÃO;FRANÇA;5004812;SHOPPING BOSQUE DOS IPÊS- SALA 06;0;6000058;749;27590;CAMPO GRANDE;MS;UNITED CINEMAS INTERNATIONAL BRASIL LTDA.;01.289.530/0001-64
08/04/2021;08/04/2021 15:20:00;RAYA AND THE LAST DRAGON;RAYA E O ÚLTIMO DRAGÃO;E2100035300000;DUBLADO;NÃO;ESTADOS UNIDOS;5001636;CINE TERESINA 3;5;;2140;6595;TERESINA;PI;CINEMAS TERESINA LTDA;02.142.566/0001-83
08/04/2021;08/04/2021 15:30:00;DEPOIS A LOUCA SOU EU;;B2000078000000;ORIGINAL;NÃO;BRASIL;5001638;CINE TERESINA 7;4;;2140;6595;TERESINA;PI;CINEMAS TERESINA LTDA;02.142.566/0001-83
08/04/2021;08/04/2021 15:30:00;LUCICREIDE VAI PRA MARTE;;B1900421800000;ORIGINAL;NÃO;BRASIL;5006061;CENTERPLEX BOULEVARD 03;1;6000006;40317;40318;VITÓRIA DA CONQUISTA;BA;CINE ELI BAHIA CINEMAS LTDA - EM RECUPERACAO JUDICIAL;30.096.740/0001-34
08/04/2021;08/04/2021 15:30:00;LUCICREIDE VAI PRA MARTE;;B1900421800000;DUBLADO;NÃO;BRASIL;5005208;CINÉPOLIS RIO POTY SALA 12;2;6000024;17266;30352;TERESINA;PI;CINEPOLIS OPERADORA DE CINEMAS DO BRASIL LTDA;09.652.820/0001-32
08/04/2021;08/04/2021 15:30:00;RAYA AND THE LAST DRAGON;RAYA E O ÚLTIMO DRAGÃO;E2100035300000;DUBLADO;NÃO;ESTADOS UNIDOS;5000204;KINOPLEX GRANDE RIO 1;20;6000037;1991;2424;SÃO JOÃO DE MERITI;RJ;EMPRESA CINEMAS SÃO LUIZ S/A;33.497.660/0001-89
08/04/2021;08/04/2021 15:30:00;WONDER WOMAN 1984;MULHER-MARAVILHA 1984;E2000170200000;DUBLADO;NÃO;CANADÁ;5005543;CINE COLOMBO RESENDE SALA 01;2;6000008;15833;33011;RESENDE;RJ;CINE A LTDA;10.894.937/0001-01
08/04/2021;08/04/2021 15:40:00;THE WIDOW;A VIÚVA DAS SOMBRAS;E2100005000000;DUBLADO;NÃO;RÚSSIA;5005271;MULTICINE SANTA MARIA SALA 02;0;6000045;5935;30733;BRASÍLIA;DF;MULTICINE CINEMAS LTDA;07.609.246/0001-04
08/04/2021;08/04/2021 15:40:00;TOM & JERRY;TOM & JERRY - O FILME;E2000553800000;DUBLADO;NÃO;ESTADOS UNIDOS;5001635;CINE TERESINA 2;4;;2140;6595;TERESINA;PI;CINEMAS TERESINA LTDA;02.142.566/0001-83
08/04/2021;08/04/2021 15:50:00;LUCICREIDE VAI PRA MARTE;;B1900421800000;ORIGINAL;NÃO;BRASIL;5001637;CINE TERESINA 6;4;;2140;6595;TERESINA;PI;CINEMAS TERESINA LTDA;02.142.566/0001-83
08/04/2021;08/04/2021 15:50:00;TOM & JERRY;TOM & JERRY - O FILME;E2000553800000;DUBLADO;NÃO;ESTADOS UNIDOS;5006643;PLAYARTE RORAIMA GARDEN SALA 02;8;6000049;39188;47248;BOA VISTA;RR;MULTIPLEX DO BRASIL ENTRETENIMENTO LTDA;27.595.833/0001-07
08/04/2021;08/04/2021 16:00:00;HONEST THIEF;LEGADO EXPLOSIVO;E2000416200000;DUBLADO;NÃO;ESTADOS UNIDOS;5000206;KINOPLEX GRANDE RIO 3;12;6000037;1991;2424;SÃO JOÃO DE MERITI;RJ;EMPRESA CINEMAS SÃO LUIZ S/A;33.497.660/0001-89
08/04/2021;08/04/2021 16:00:00;RAYA AND THE LAST DRAGON;RAYA E O ÚLTIMO DRAGÃO;E2100035300000;DUBLADO;NÃO;ESTADOS UNIDOS;5002566;CINE CATARATAS 3;4;;15565;15566;FOZ DO IGUAÇU;PR;CINE CATARATAS LTDA;09.010.219/0001-46
08/04/2021;08/04/2021 16:00:00;RAYA AND THE LAST DRAGON;RAYA E O ÚLTIMO DRAGÃO;E2100035300000;DUBLADO;NÃO;ESTADOS UNIDOS;5004504;CINE GRACHER ESPAÇO HAVAN 1;2;6000032;5979;26111;BRUSQUE;SC;CINE GRACHER LTDA;07.272.690/0001-87
08/04/2021;08/04/2021 16:00:00;RAYA AND THE LAST DRAGON;RAYA E O ÚLTIMO DRAGÃO;E2100035300000;DUBLADO;NÃO;ESTADOS UNIDOS;5006657;SALA CINE VIEIRA 01;0;;47551;47598;SÃO BENTO;PB;COSTA E VIEIRA EMPREENDIMENTOS LTDA;10.866.528/0001-00
08/04/2021;08/04/2021 16:00:00;TOM & JERRY;TOM & JERRY - O FILME;E2000553800000;DUBLADO;NÃO;ESTADOS UNIDOS;5006484;CINE + ARTE SOMBRIO 01;0;6000103;44714;44715;SOMBRIO;SC;CINE + ARTE SOMBRIO LTDA;35.505.937/0001-01
08/04/2021;08/04/2021 16:00:00;TOM & JERRY;TOM & JERRY - O FILME;E2000553800000;DUBLADO;NÃO;ESTADOS UNIDOS;5004502;CINE GRACHER ESPAÇO HAVAN 2;2;6000032;5979;26111;BRUSQUE;SC;CINE GRACHER LTDA;07.272.690/0001-87
08/04/2021;08/04/2021 16:00:00;TOM & JERRY;TOM & JERRY - O FILME;E2000553800000;DUBLADO;NÃO;ESTADOS UNIDOS;5005204;CINÉPOLIS RIO POTY SALA 8;9;6000024;17266;30352;TERESINA;PI;CINEPOLIS OPERADORA DE CINEMAS DO BRASIL LTDA;09.652.820/0001-32
08/04/2021;08/04/2021 16:10:00;TOM & JERRY;TOM & JERRY - O FILME;E2000553800000;DUBLADO;NÃO;ESTADOS UNIDOS;5004810;SHOPPING BOSQUE DOS IPÊS- SALA 04;0;6000058;749;27590;CAMPO GRANDE;MS;UNITED CINEMAS INTERNATIONAL BRASIL LTDA.;01.289.530/0001-64
08/04/2021;08/04/2021 16:15:00;RAYA AND THE LAST DRAGON;RAYA E O ÚLTIMO DRAGÃO;E2100035300000;DUBLADO;NÃO;ESTADOS UNIDOS;5005289;GRUPO CINE FRAIBURGO;0;6000034;30763;30765;FRAIBURGO;SC;CINEMA FRAIBURGO LTDA;17.067.309/0001-00
08/04/2021;08/04/2021 16:20:00;RAYA AND THE LAST DRAGON;RAYA E O ÚLTIMO DRAGÃO;E2100035300000;DUBLADO;NÃO;ESTADOS UNIDOS;5000149;TERRAÇO 2;2;6000037;1991;2411;BRASÍLIA;DF;EMPRESA CINEMAS SÃO LUIZ S/A;33.497.660/0001-89
08/04/2021;08/04/2021 16:20:00;THE WIDOW;A VIÚVA DAS SOMBRAS;E2100005000000;DUBLADO;NÃO;RÚSSIA;5005725;KINOPLEX IGUAÇU TOP SALA 05;4;6000037;1991;2387;NOVA IGUAÇU;RJ;EMPRESA CINEMAS SÃO LUIZ S/A;33.497.660/0001-89
08/04/2021;08/04/2021 16:30:00;MONSTER HUNTER;MONSTER HUNTER;E2000403800000;DUBLADO;NÃO;ESTADOS UNIDOS;5004503;CINE GRACHER ESPAÇO HAVAN 3;0;6000032;5979;26111;BRUSQUE;SC;CINE GRACHER LTDA;07.272.690/0001-87
08/04/2021;08/04/2021 16:30:00;THE WIDOW;A VIÚVA DAS SOMBRAS;E2100005000000;DUBLADO;NÃO;RÚSSIA;5006060;CENTERPLEX BOULEVARD 02;0;6000006;40317;40318;VITÓRIA DA CONQUISTA;BA;CINE ELI BAHIA CINEMAS LTDA - EM RECUPERACAO JUDICIAL;30.096.740/0001-34
08/04/2021;08/04/2021 16:30:00;THE WIDOW;A VIÚVA DAS SOMBRAS;E2100005000000;DUBLADO;NÃO;RÚSSIA;5001634;CINE TERESINA 1;8;;2140;6595;TERESINA;PI;CINEMAS TERESINA LTDA;02.142.566/0001-83
08/04/2021;08/04/2021 16:30:00;THE WIDOW;A VIÚVA DAS SOMBRAS;E2100005000000;DUBLADO;NÃO;RÚSSIA;5000205;KINOPLEX GRANDE RIO 2;12;6000037;1991;2424;SÃO JOÃO DE MERITI;RJ;EMPRESA CINEMAS SÃO LUIZ S/A;33.497.660/0001-89
08/04/2021;08/04/2021 16:30:00;TOM & JERRY;TOM & JERRY - O FILME;E2000553800000;DUBLADO;NÃO;ESTADOS UNIDOS;5002565;CINE CATARATAS 2;2;;15565;15566;FOZ DO IGUAÇU;PR;CINE CATARATAS LTDA;09.010.219/0001-46
08/04/2021;08/04/2021 16:30:00;TOM & JERRY;TOM & JERRY - O FILME;E2000553800000;DUBLADO;NÃO;ESTADOS UNIDOS;5005724;KINOPLEX IGUAÇU TOP SALA 04;15;6000037;1991;2387;NOVA IGUAÇU;RJ;EMPRESA CINEMAS SÃO LUIZ S/A;33.497.660/0001-89
08/04/2021;08/04/2021 16:40:00;THE ELFKINS - BAKING A DIFFERENCE;É DOCE!;E2000077600000;DUBLADO;NÃO;ALEMANHA;5006645;PLAYARTE RORAIMA GARDEN SALA 04;0;6000049;39188;47248;BOA VISTA;RR;MULTIPLEX DO BRASIL ENTRETENIMENTO LTDA;27.595.833/0001-07
08/04/2021;08/04/2021 16:45:00;TOM & JERRY;TOM & JERRY - O FILME;E2000553800000;DUBLADO;NÃO;ESTADOS UNIDOS;5002355;SALA VILA RICA 2 CONVENCIONAL;0;;14637;14638;PRIMAVERA DO LESTE;MT;MAURICIO JOSE NICOLINO & CIA LTDA;05.724.035/0001-97
08/04/2021;08/04/2021 16:45:01;FOLLOW ME;SEM SAÍDA;E2100006300000;DUBLADO;NÃO;ESTADOS UNIDOS;5006493;CINE INTER SANTA INES 01;2;6000140;44834;44835;SANTA INÊS;MA;CINEINTER EXIBICOES CINEMATOGRAFICAS LTDA;35.477.354/0001-06
08/04/2021;08/04/2021 16:50:00;MONSTER HUNTER;MONSTER HUNTER;E2000403800000;ORIGINAL;SIM;ESTADOS UNIDOS;5000150;TERRAÇO 3;0;6000037;1991;2411;BRASÍLIA;DF;EMPRESA CINEMAS SÃO LUIZ S/A;33.497.660/0001-89
08/04/2021;08/04/2021 16:50:01;TOM & JERRY;TOM & JERRY - O FILME;E2000553800000;DUBLADO;NÃO;ESTADOS UNIDOS;5005270;MULTICINE SANTA MARIA SALA 01;2;6000045;5935;30733;BRASÍLIA;DF;MULTICINE CINEMAS LTDA;07.609.246/0001-04
08/04/2021;08/04/2021 17:00:00;MONSTER HUNTER;MONSTER HUNTER;E2000403800000;DUBLADO;NÃO;ESTADOS UNIDOS;5006062;CENTERPLEX BOULEVARD 04;1;6000006;40317;40318;VITÓRIA DA CONQUISTA;BA;CINE ELI BAHIA CINEMAS LTDA - EM RECUPERACAO JUDICIAL;30.096.740/0001-34
08/04/2021;08/04/2021 17:00:00;RAYA AND THE LAST DRAGON;RAYA E O ÚLTIMO DRAGÃO;E2100035300000;DUBLADO;NÃO;ESTADOS UNIDOS;5001860;CINE GRACHER LTDA;0;6000032;5979;6687;BRUSQUE;SC;CINE GRACHER LTDA;07.272.690/0001-87
08/04/2021;08/04/2021 17:00:00;RAYA AND THE LAST DRAGON;RAYA E O ÚLTIMO DRAGÃO;E2100035300000;DUBLADO;NÃO;ESTADOS UNIDOS;5006669;CINE ITAGUARI - SALA 1;0;6000141;45886;48010;SANTO ANTÔNIO DE JESUS;BA;GF ANDRADE ENTRETENIMENTO E COMÉRCIO LTDA;23.200.362/0001-21
08/04/2021;08/04/2021 17:00:00;RAYA AND THE LAST DRAGON;RAYA E O ÚLTIMO DRAGÃO;E2100035300000;DUBLADO;NÃO;ESTADOS UNIDOS;5006217;CINE LAGUNA 2;2;6000141;24511;24512;ALAGOINHAS;BA;VICTORY EVENTOS & TURISMO LTDA;05.607.525/0001-03
08/04/2021;08/04/2021 17:00:00;RAYA AND THE LAST DRAGON;RAYA E O ÚLTIMO DRAGÃO;E2100035300000;DUBLADO;NÃO;ESTADOS UNIDOS;5002748;KINOPLEX BOULEVARD 01;9;6000037;1991;16402;BRASÍLIA;DF;EMPRESA CINEMAS SÃO LUIZ S/A;33.497.660/0001-89
08/04/2021;08/04/2021 17:00:00;RAYA AND THE LAST DRAGON;RAYA E O ÚLTIMO DRAGÃO;E2100035300000;DUBLADO;NÃO;ESTADOS UNIDOS;5000153;PÁTIO BRASIL 1;2;6000037;1991;2412;BRASÍLIA;DF;EMPRESA CINEMAS SÃO LUIZ S/A;33.497.660/0001-89
08/04/2021;08/04/2021 17:00:00;WONDER WOMAN 1984;MULHER-MARAVILHA 1984;E2000170200000;DUBLADO;NÃO;CANADÁ;5005206;CINÉPOLIS RIO POTY SALA 10;2;6000024;17266;30352;TERESINA;PI;CINEPOLIS OPERADORA DE CINEMAS DO BRASIL LTDA;09.652.820/0001-32
08/04/2021;08/04/2021 17:10:00;RAYA AND THE LAST DRAGON;RAYA E O ÚLTIMO DRAGÃO;E2100035300000;DUBLADO;NÃO;ESTADOS UNIDOS;5000175;KINOPLEX PARKSHOPPING 3;13;6000037;2364;2415;BRASÍLIA;DF;CINEMAS PARIS SEVERIANO RIBEIRO LTDA;31.611.189/0001-82
08/04/2021;08/04/2021 17:10:00;WONDER WOMAN 1984;MULHER-MARAVILHA 1984;E2000170200000;DUBLADO;NÃO;CANADÁ;5005647;CINE TERESINA 4;1;;2140;6595;TERESINA;PI;CINEMAS TERESINA LTDA;02.142.566/0001-83
08/04/2021;08/04/2021 17:15:00;LUCICREIDE VAI PRA MARTE;;B1900421800000;ORIGINAL;NÃO;BRASIL;5005562;KINOPLEX NOVA IGUAÇU SALA 01;7;6000037;1991;33119;NOVA IGUAÇU;RJ;EMPRESA CINEMAS SÃO LUIZ S/A;33.497.660/0001-89
08/04/2021;08/04/2021 17:15:00;TOM & JERRY;TOM & JERRY - O FILME;E2000553800000;DUBLADO;NÃO;ESTADOS UNIDOS;5006059;CENTERPLEX BOULEVARD 01;2;6000006;40317;40318;VITÓRIA DA CONQUISTA;BA;CINE ELI BAHIA CINEMAS LTDA - EM RECUPERACAO JUDICIAL;30.096.740/0001-34
08/04/2021;08/04/2021 17:15:00;TOM & JERRY;TOM & JERRY - O FILME;E2000553800000;DUBLADO;NÃO;ESTADOS UNIDOS;5000171;KINOPLEX PARKSHOPPING 2;6;6000037;2364;2415;BRASÍLIA;DF;CINEMAS PARIS SEVERIANO RIBEIRO LTDA;31.611.189/0001-82
08/04/2021;08/04/2021 17:20:00;SPUTNIK;ESTRANHO PASSSAGEIRO - SPUTNIK;E2000513800000;DUBLADO;NÃO;RÚSSIA;5006644;PLAYARTE RORAIMA GARDEN SALA 03;2;6000049;39188;47248;BOA VISTA;RR;MULTIPLEX DO BRASIL ENTRETENIMENTO LTDA;27.595.833/0001-07
08/04/2021;08/04/2021 17:20:00;THE EMPTY MAN;O MENSAGEIRO DO ÚLTIMO DIA;E2000471300000;DUBLADO;NÃO;ESTADOS UNIDOS;5000155;PÁTIO BRASIL 3;2;6000037;1991;2412;BRASÍLIA;DF;EMPRESA CINEMAS SÃO LUIZ S/A;33.497.660/0001-89
08/04/2021;08/04/2021 17:20:00;WONDER WOMAN 1984;MULHER-MARAVILHA 1984;E2000170200000;DUBLADO;NÃO;CANADÁ;5000167;KINOPLEX PARKSHOPPING 1;3;6000037;2364;2415;BRASÍLIA;DF;CINEMAS PARIS SEVERIANO RIBEIRO LTDA;31.611.189/0001-82
08/04/2021;08/04/2021 17:20:00;WONDER WOMAN 1984;MULHER-MARAVILHA 1984;E2000170200000;DUBLADO;NÃO;CANADÁ;5004809;SHOPPING BOSQUE DOS IPÊS- SALA 03;0;6000058;749;27590;CAMPO GRANDE;MS;UNITED CINEMAS INTERNATIONAL BRASIL LTDA.;01.289.530/0001-64
08/04/2021;08/04/2021 17:30:00;JUDAS AND THE BLACK MESSIAH;JUDAS E O MESSIAS NEGRO;E2100040400000;ORIGINAL;SIM;ESTADOS UNIDOS;5005208;CINÉPOLIS RIO POTY SALA 12;2;6000024;17266;30352;TERESINA;PI;CINEPOLIS OPERADORA DE CINEMAS DO BRASIL LTDA;09.652.820/0001-32
08/04/2021;08/04/2021 17:30:00;JUDAS AND THE BLACK MESSIAH;JUDAS E O MESSIAS NEGRO;E2100040400000;ORIGINAL;SIM;ESTADOS UNIDOS;5000168;KINOPLEX PARKSHOPPING 5;2;6000037;2364;2415;BRASÍLIA;DF;CINEMAS PARIS SEVERIANO RIBEIRO LTDA;31.611.189/0001-82
08/04/2021;08/04/2021 17:30:00;LUCICREIDE VAI PRA MARTE;;B1900421800000;ORIGINAL;NÃO;BRASIL;5006494;CINE INTER SANTA INES 02;0;6000140;44834;44835;SANTA INÊS;MA;CINEINTER EXIBICOES CINEMATOGRAFICAS LTDA;35.477.354/0001-06
08/04/2021;08/04/2021 17:30:00;MONSTER HUNTER;MONSTER HUNTER;E2000403800000;DUBLADO;NÃO;ESTADOS UNIDOS;5006670;CINE ITAGUARI - SALA 2;0;6000141;45886;48010;SANTO ANTÔNIO DE JESUS;BA;GF ANDRADE ENTRETENIMENTO E COMÉRCIO LTDA;23.200.362/0001-21
08/04/2021;08/04/2021 17:30:00;RAYA AND THE LAST DRAGON;RAYA E O ÚLTIMO DRAGÃO;E2100035300000;DUBLADO;NÃO;ESTADOS UNIDOS;5005545;CINE COLOMBO RESENDE SALA 03;0;6000008;15833;33011;RESENDE;RJ;CINE A LTDA;10.894.937/0001-01
08/04/2021;08/04/2021 17:30:00;RAYA AND THE LAST DRAGON;RAYA E O ÚLTIMO DRAGÃO;E2100035300000;DUBLADO;NÃO;ESTADOS UNIDOS;5005726;KINOPLEX IGUAÇU TOP SALA 06;5;6000037;1991;2387;NOVA IGUAÇU;RJ;EMPRESA CINEMAS SÃO LUIZ S/A;33.497.660/0001-89
08/04/2021;08/04/2021 17:30:00;RAYA AND THE LAST DRAGON;RAYA E O ÚLTIMO DRAGÃO;E2100035300000;DUBLADO;NÃO;ESTADOS UNIDOS;5005563;KINOPLEX NOVA IGUAÇU SALA 02 KINOEVOLUTION;15;6000037;1991;33119;NOVA IGUAÇU;RJ;EMPRESA CINEMAS SÃO LUIZ S/A;33.497.660/0001-89
08/04/2021;08/04/2021 17:30:01;LUCICREIDE VAI PRA MARTE;;B1900421800000;ORIGINAL;NÃO;BRASIL;5006061;CENTERPLEX BOULEVARD 03;1;6000006;40317;40318;VITÓRIA DA CONQUISTA;BA;CINE ELI BAHIA CINEMAS LTDA - EM RECUPERACAO JUDICIAL;30.096.740/0001-34
08/04/2021;08/04/2021 17:35:00;THE WIDOW;A VIÚVA DAS SOMBRAS;E2100005000000;DUBLADO;NÃO;RÚSSIA;5005271;MULTICINE SANTA MARIA SALA 02;1;6000045;5935;30733;BRASÍLIA;DF;MULTICINE CINEMAS LTDA;07.609.246/0001-04
08/04/2021;08/04/2021 17:40:00;DRUK;DRUK - MAIS UMA RODADA;E2100078400000;ORIGINAL;SIM;DINAMARCA;5000169;KINOPLEX PARKSHOPPING 6;2;6000037;2364;2415;BRASÍLIA;DF;CINEMAS PARIS SEVERIANO RIBEIRO LTDA;31.611.189/0001-82
08/04/2021;08/04/2021 17:40:00;JUDAS AND THE BLACK MESSIAH;JUDAS E O MESSIAS NEGRO;E2100040400000;ORIGINAL;SIM;ESTADOS UNIDOS;5001638;CINE TERESINA 7;0;;2140;6595;TERESINA;PI;CINEMAS TERESINA LTDA;02.142.566/0001-83
08/04/2021;08/04/2021 17:40:00;MONSTER HUNTER;MONSTER HUNTER;E2000403800000;DUBLADO;NÃO;ESTADOS UNIDOS;5002745;KINOPLEX BOULEVARD 02;3;6000037;1991;16402;BRASÍLIA;DF;EMPRESA CINEMAS SÃO LUIZ S/A;33.497.660/0001-89
08/04/2021;08/04/2021 17:40:00;THE WIDOW;A VIÚVA DAS SOMBRAS;E2100005000000;DUBLADO;NÃO;RÚSSIA;5001662;ORIENT CINEPLACE BOULEVARD SHOPPING - SALA 3;4;6000046;2869;6630;FEIRA DE SANTANA;BA;FEIRA PLEXCINE LTDA.;04.547.950/0001-91
08/04/2021;08/04/2021 17:45:00;RAYA AND THE LAST DRAGON;RAYA E O ÚLTIMO DRAGÃO;E2100035300000;DUBLADO;NÃO;ESTADOS UNIDOS;5006138;SALA CINE GUEDES 03;0;;23266;23267;PATOS;PB;LILIANE ROCHA DE MEDEIROS GUEDES-ME;16.844.526/0001-98
08/04/2021;08/04/2021 17:50:00;MONSTER HUNTER;MONSTER HUNTER;E2000403800000;ORIGINAL;SIM;ESTADOS UNIDOS;5005648;CINE TERESINA 5;0;;2140;6595;TERESINA;PI;CINEMAS TERESINA LTDA;02.142.566/0001-83
08/04/2021;08/04/2021 18:00:00;HONEST THIEF;LEGADO EXPLOSIVO;E2000416200000;DUBLADO;NÃO;ESTADOS UNIDOS;5000154;PÁTIO BRASIL 2;4;6000037;1991;2412;BRASÍLIA;DF;EMPRESA CINEMAS SÃO LUIZ S/A;33.497.660/0001-89
08/04/2021;08/04/2021 18:00:00;MONSTER HUNTER;MONSTER HUNTER;E2000403800000;DUBLADO;NÃO;ESTADOS UNIDOS;5006484;CINE + ARTE SOMBRIO 01;2;6000103;44714;44715;SOMBRIO;SC;CINE + ARTE SOMBRIO LTDA;35.505.937/0001-01
08/04/2021;08/04/2021 18:00:00;MONSTER HUNTER;MONSTER HUNTER;E2000403800000;DUBLADO;NÃO;ESTADOS UNIDOS;5006058;CINE GRACHER JOAÇABA SALA 03;2;6000032;5979;40234;JOAÇABA;SC;CINE GRACHER LTDA;07.272.690/0001-87
08/04/2021;08/04/2021 18:00:00;MONSTER HUNTER;MONSTER HUNTER;E2000403800000;DUBLADO;NÃO;ESTADOS UNIDOS;5005204;CINÉPOLIS RIO POTY SALA 8;3;6000024;17266;30352;TERESINA;PI;CINEPOLIS OPERADORA DE CINEMAS DO BRASIL LTDA;09.652.820/0001-32
08/04/2021;08/04/2021 18:00:00;MONSTER HUNTER;MONSTER HUNTER;E2000403800000;DUBLADO;NÃO;ESTADOS UNIDOS;5004812;SHOPPING BOSQUE DOS IPÊS- SALA 06;3;6000058;749;27590;CAMPO GRANDE;MS;UNITED CINEMAS INTERNATIONAL BRASIL LTDA.;01.289.530/0001-64
08/04/2021;08/04/2021 18:00:00;RAYA AND THE LAST DRAGON;RAYA E O ÚLTIMO DRAGÃO;E2100035300000;DUBLADO;NÃO;ESTADOS UNIDOS;5002102;CINE DRIVEIN;33;;5465;6715;BRASÍLIA;DF;STARK'S CINEMA E LANCHONETE LTDA.;32.917.296/0001-04
08/04/2021;08/04/2021 18:00:00;RAYA AND THE LAST DRAGON;RAYA E O ÚLTIMO DRAGÃO;E2100035300000;DUBLADO;NÃO;ESTADOS UNIDOS;5006056;CINE GRACHER JOAÇABA SALA 01;0;6000032;5979;40234;JOAÇABA;SC;CINE GRACHER LTDA;07.272.690/0001-87
08/04/2021;08/04/2021 18:00:00;RAYA AND THE LAST DRAGON;RAYA E O ÚLTIMO DRAGÃO;E2100035300000;DUBLADO;NÃO;ESTADOS UNIDOS;5001636;CINE TERESINA 3;10;;2140;6595;TERESINA;PI;CINEMAS TERESINA LTDA;02.142.566/0001-83
08/04/2021;08/04/2021 18:00:00;RAYA AND THE LAST DRAGON;RAYA E O ÚLTIMO DRAGÃO;E2100035300000;DUBLADO;NÃO;ESTADOS UNIDOS;5000204;KINOPLEX GRANDE RIO 1;12;6000037;1991;2424;SÃO JOÃO DE MERITI;RJ;EMPRESA CINEMAS SÃO LUIZ S/A;33.497.660/0001-89
08/04/2021;08/04/2021 18:00:00;TOM & JERRY;TOM & JERRY - O FILME;E2000553800000;DUBLADO;NÃO;ESTADOS UNIDOS;5006643;PLAYARTE RORAIMA GARDEN SALA 02;2;6000049;39188;47248;BOA VISTA;RR;MULTIPLEX DO BRASIL ENTRETENIMENTO LTDA;27.595.833/0001-07
08/04/2021;08/04/2021 18:10:00;LUCICREIDE VAI PRA MARTE;;B1900421800000;ORIGINAL;NÃO;BRASIL;5001637;CINE TERESINA 6;3;;2140;6595;TERESINA;PI;CINEMAS TERESINA LTDA;02.142.566/0001-83
08/04/2021;08/04/2021 18:10:00;LUCICREIDE VAI PRA MARTE;;B1900421800000;ORIGINAL;NÃO;BRASIL;5003652;SALA CINE GUEDES 01;0;;23266;23267;PATOS;PB;LILIANE ROCHA DE MEDEIROS GUEDES-ME;16.844.526/0001-98
08/04/2021;08/04/2021 18:10:00;MONSTER HUNTER;MONSTER HUNTER;E2000403800000;DUBLADO;NÃO;ESTADOS UNIDOS;5000206;KINOPLEX GRANDE RIO 3;26;6000037;1991;2424;SÃO JOÃO DE MERITI;RJ;EMPRESA CINEMAS SÃO LUIZ S/A;33.497.660/0001-89
08/04/2021;08/04/2021 18:10:00;MONSTER HUNTER;MONSTER HUNTER;E2000403800000;DUBLADO;NÃO;ESTADOS UNIDOS;5005564;KINOPLEX NOVA IGUAÇU SALA 03 PLATINUM;6;6000037;1991;33119;NOVA IGUAÇU;RJ;EMPRESA CINEMAS SÃO LUIZ S/A;33.497.660/0001-89
08/04/2021;08/04/2021 18:10:00;THE FATHER;THE FATHER;E1900616300000;ORIGINAL;SIM;INGLATERRA;5000166;KINOPLEX PARKSHOPPING 4;7;6000037;2364;2415;BRASÍLIA;DF;CINEMAS PARIS SEVERIANO RIBEIRO LTDA;31.611.189/0001-82
08/04/2021;08/04/2021 18:10:00;THE WIDOW;A VIÚVA DAS SOMBRAS;E2100005000000;DUBLADO;NÃO;RÚSSIA;5005205;CINÉPOLIS RIO POTY SALA 9;5;6000024;17266;30352;TERESINA;PI;CINEPOLIS OPERADORA DE CINEMAS DO BRASIL LTDA;09.652.820/0001-32
08/04/2021;08/04/2021 18:10:00;TOM & JERRY;TOM & JERRY - O FILME;E2000553800000;DUBLADO;NÃO;ESTADOS UNIDOS;5001635;CINE TERESINA 2;2;;2140;6595;TERESINA;PI;CINEMAS TERESINA LTDA;02.142.566/0001-83
08/04/2021;08/04/2021 18:15:00;RAYA AND THE LAST DRAGON;RAYA E O ÚLTIMO DRAGÃO;E2100035300000;DUBLADO;NÃO;ESTADOS UNIDOS;5006001;CINE GRACHER INDAIAL - SALA 04;0;6000032;5979;39283;INDAIAL;SC;CINE GRACHER LTDA;07.272.690/0001-87
08/04/2021;08/04/2021 18:15:00;RAYA AND THE LAST DRAGON;RAYA E O ÚLTIMO DRAGÃO;E2100035300000;DUBLADO;NÃO;ESTADOS UNIDOS;5006086;CINE GRACHER PORTO BELO SALA 04;0;6000032;5979;40771;PORTO BELO;SC;CINE GRACHER LTDA;07.272.690/0001-87
08/04/2021;08/04/2021 18:15:00;RAYA AND THE LAST DRAGON;RAYA E O ÚLTIMO DRAGÃO;E2100035300000;DUBLADO;NÃO;ESTADOS UNIDOS;5006112;CINE GRACHER SÃO BENTO 02;0;6000032;5979;41056;SÃO BENTO DO SUL;SC;CINE GRACHER LTDA;07.272.690/0001-87
08/04/2021;08/04/2021 18:15:00;RAYA AND THE LAST DRAGON;RAYA E O ÚLTIMO DRAGÃO;E2100035300000;DUBLADO;NÃO;ESTADOS UNIDOS;5004300;SALA VILA RICA 1 3D;11;;14637;14638;PRIMAVERA DO LESTE;MT;MAURICIO JOSE NICOLINO & CIA LTDA;05.724.035/0001-97
08/04/2021;08/04/2021 18:20:00;FOLLOW ME;SEM SAÍDA;E2100006300000;DUBLADO;NÃO;ESTADOS UNIDOS;5006657;SALA CINE VIEIRA 01;0;;47551;47598;SÃO BENTO;PB;COSTA E VIEIRA EMPREENDIMENTOS LTDA;10.866.528/0001-00
08/04/2021;08/04/2021 18:20:00;HONEST THIEF;LEGADO EXPLOSIVO;E2000416200000;DUBLADO;NÃO;ESTADOS UNIDOS;5005725;KINOPLEX IGUAÇU TOP SALA 05;10;6000037;1991;2387;NOVA IGUAÇU;RJ;EMPRESA CINEMAS SÃO LUIZ S/A;33.497.660/0001-89
08/04/2021;08/04/2021 18:20:00;RAYA AND THE LAST DRAGON;RAYA E O ÚLTIMO DRAGÃO;E2100035300000;DUBLADO;NÃO;ESTADOS UNIDOS;5002566;CINE CATARATAS 3;3;;15565;15566;FOZ DO IGUAÇU;PR;CINE CATARATAS LTDA;09.010.219/0001-46
08/04/2021;08/04/2021 18:20:00;THE WIDOW;A VIÚVA DAS SOMBRAS;E2100005000000;DUBLADO;NÃO;RÚSSIA;5004810;SHOPPING BOSQUE DOS IPÊS- SALA 04;6;6000058;749;27590;CAMPO GRANDE;MS;UNITED CINEMAS INTERNATIONAL BRASIL LTDA.;01.289.530/0001-64
08/04/2021;08/04/2021 18:30:00;MONSTER HUNTER;MONSTER HUNTER;E2000403800000;DUBLADO;NÃO;ESTADOS UNIDOS;5002565;CINE CATARATAS 2;4;;15565;15566;FOZ DO IGUAÇU;PR;CINE CATARATAS LTDA;09.010.219/0001-46
08/04/2021;08/04/2021 18:30:00;MONSTER HUNTER;MONSTER HUNTER;E2000403800000;DUBLADO;NÃO;ESTADOS UNIDOS;5005543;CINE COLOMBO RESENDE SALA 01;2;6000008;15833;33011;RESENDE;RJ;CINE A LTDA;10.894.937/0001-01
08/04/2021;08/04/2021 18:30:00;MONSTER HUNTER;MONSTER HUNTER;E2000403800000;DUBLADO;NÃO;ESTADOS UNIDOS;5006000;CINE GRACHER INDAIAL - SALA 03;4;6000032;5979;39283;INDAIAL;SC;CINE GRACHER LTDA;07.272.690/0001-87
08/04/2021;08/04/2021 18:30:00;MONSTER HUNTER;MONSTER HUNTER;E2000403800000;DUBLADO;NÃO;ESTADOS UNIDOS;5006085;CINE GRACHER PORTO BELO SALA 03;0;6000032;5979;40771;PORTO BELO;SC;CINE GRACHER LTDA;07.272.690/0001-87
08/04/2021;08/04/2021 18:30:00;MONSTER HUNTER;MONSTER HUNTER;E2000403800000;DUBLADO;NÃO;ESTADOS UNIDOS;5006114;CINE GRACHER SÃO BENTO 04;0;6000032;5979;41056;SÃO BENTO DO SUL;SC;CINE GRACHER LTDA;07.272.690/0001-87
08/04/2021;08/04/2021 18:30:00;MONSTER HUNTER;MONSTER HUNTER;E2000403800000;DUBLADO;NÃO;ESTADOS UNIDOS;5002355;SALA VILA RICA 2 CONVENCIONAL;4;;14637;14638;PRIMAVERA DO LESTE;MT;MAURICIO JOSE NICOLINO & CIA LTDA;05.724.035/0001-97
08/04/2021;08/04/2021 18:30:00;RAYA AND THE LAST DRAGON;RAYA E O ÚLTIMO DRAGÃO;E2100035300000;DUBLADO;NÃO;ESTADOS UNIDOS;5005289;GRUPO CINE FRAIBURGO;5;6000034;30763;30765;FRAIBURGO;SC;CINEMA FRAIBURGO LTDA;17.067.309/0001-00
08/04/2021;08/04/2021 18:30:00;THE WIDOW;A VIÚVA DAS SOMBRAS;E2100005000000;ORIGINAL;SIM;RÚSSIA;5001634;CINE TERESINA 1;4;;2140;6595;TERESINA;PI;CINEMAS TERESINA LTDA;02.142.566/0001-83
08/04/2021;08/04/2021 18:30:00;THE WIDOW;A VIÚVA DAS SOMBRAS;E2100005000000;DUBLADO;NÃO;RÚSSIA;5000205;KINOPLEX GRANDE RIO 2;42;6000037;1991;2424;SÃO JOÃO DE MERITI;RJ;EMPRESA CINEMAS SÃO LUIZ S/A;33.497.660/0001-89
08/04/2021;08/04/2021 18:30:00;TOM & JERRY;TOM & JERRY - O FILME;E2000553800000;DUBLADO;NÃO;ESTADOS UNIDOS;5005998;CINE GRACHER INDAIAL - SALA 01;0;6000032;5979;39283;INDAIAL;SC;CINE GRACHER LTDA;07.272.690/0001-87
08/04/2021;08/04/2021 18:30:00;TOM & JERRY;TOM & JERRY - O FILME;E2000553800000;DUBLADO;NÃO;ESTADOS UNIDOS;5006083;CINE GRACHER PORTO BELO SALA 01;0;6000032;5979;40771;PORTO BELO;SC;CINE GRACHER LTDA;07.272.690/0001-87
08/04/2021;08/04/2021 18:30:00;TOM & JERRY;TOM & JERRY - O FILME;E2000553800000;DUBLADO;NÃO;ESTADOS UNIDOS;5006111;CINE GRACHER SÃO BENTO 01;0;6000032;5979;41056;SÃO BENTO DO SUL;SC;CINE GRACHER LTDA;07.272.690/0001-87
08/04/2021;08/04/2021 18:30:00;WONDER WOMAN 1984;MULHER-MARAVILHA 1984;E2000170200000;DUBLADO;NÃO;CANADÁ;5006645;PLAYARTE RORAIMA GARDEN SALA 04;4;6000049;39188;47248;BOA VISTA;RR;MULTIPLEX DO BRASIL ENTRETENIMENTO LTDA;27.595.833/0001-07
08/04/2021;08/04/2021 18:40:00;LUCICREIDE VAI PRA MARTE;;B1900421800000;ORIGINAL;NÃO;BRASIL;5006493;CINE INTER SANTA INES 01;0;6000140;44834;44835;SANTA INÊS;MA;CINEINTER EXIBICOES CINEMATOGRAFICAS LTDA;35.477.354/0001-06
08/04/2021;08/04/2021 18:40:00;LUCICREIDE VAI PRA MARTE;;B1900421800000;ORIGINAL;NÃO;BRASIL;5005724;KINOPLEX IGUAÇU TOP SALA 04;3;6000037;1991;2387;NOVA IGUAÇU;RJ;EMPRESA CINEMAS SÃO LUIZ S/A;33.497.660/0001-89
08/04/2021;08/04/2021 18:40:00;RAYA AND THE LAST DRAGON;RAYA E O ÚLTIMO DRAGÃO;E2100035300000;DUBLADO;NÃO;ESTADOS UNIDOS;5005272;MULTICINE SANTA MARIA SALA 03;0;6000045;5935;30733;BRASÍLIA;DF;MULTICINE CINEMAS LTDA;07.609.246/0001-04
08/04/2021;08/04/2021 18:40:00;THE WIDOW;A VIÚVA DAS SOMBRAS;E2100005000000;DUBLADO;NÃO;RÚSSIA;5005568;KINOPLEX NOVA IGUAÇU SALA 07;10;6000037;1991;33119;NOVA IGUAÇU;RJ;EMPRESA CINEMAS SÃO LUIZ S/A;33.497.660/0001-89
08/04/2021;08/04/2021 18:45:00;MONSTER HUNTER;MONSTER HUNTER;E2000403800000;DUBLADO;NÃO;ESTADOS UNIDOS;5001862;CINE GRACHER LTDA;2;6000032;5979;6687;BRUSQUE;SC;CINE GRACHER LTDA;07.272.690/0001-87
08/04/2021;08/04/2021 18:45:00;RAYA AND THE LAST DRAGON;RAYA E O ÚLTIMO DRAGÃO;E2100035300000;DUBLADO;NÃO;ESTADOS UNIDOS;5004504;CINE GRACHER ESPAÇO HAVAN 1;2;6000032;5979;26111;BRUSQUE;SC;CINE GRACHER LTDA;07.272.690/0001-87
08/04/2021;08/04/2021 18:45:00;TOM & JERRY;TOM & JERRY - O FILME;E2000553800000;DUBLADO;NÃO;ESTADOS UNIDOS;5001861;CINE GRACHER LTDA;0;6000032;5979;6687;BRUSQUE;SC;CINE GRACHER LTDA;07.272.690/0001-87
08/04/2021;08/04/2021 18:50:00;RAYA AND THE LAST DRAGON;RAYA E O ÚLTIMO DRAGÃO;E2100035300000;DUBLADO;NÃO;ESTADOS UNIDOS;5000149;TERRAÇO 2;0;6000037;1991;2411;BRASÍLIA;DF;EMPRESA CINEMAS SÃO LUIZ S/A;33.497.660/0001-89
08/04/2021;08/04/2021 19:00:00;MONSTER HUNTER;MONSTER HUNTER;E2000403800000;DUBLADO;NÃO;ESTADOS UNIDOS;5005270;MULTICINE SANTA MARIA SALA 01;8;6000045;5935;30733;BRASÍLIA;DF;MULTICINE CINEMAS LTDA;07.609.246/0001-04
08/04/2021;08/04/2021 19:00:00;THE WIDOW;A VIÚVA DAS SOMBRAS;E2100005000000;DUBLADO;NÃO;RÚSSIA;5004503;CINE GRACHER ESPAÇO HAVAN 3;1;6000032;5979;26111;BRUSQUE;SC;CINE GRACHER LTDA;07.272.690/0001-87
08/04/2021;08/04/2021 19:00:00;TOM & JERRY;TOM & JERRY - O FILME;E2000553800000;DUBLADO;NÃO;ESTADOS UNIDOS;5004502;CINE GRACHER ESPAÇO HAVAN 2;2;6000032;5979;26111;BRUSQUE;SC;CINE GRACHER LTDA;07.272.690/0001-87
08/04/2021;08/04/2021 19:00:00;WONDER WOMAN 1984;MULHER-MARAVILHA 1984;E2000170200000;DUBLADO;NÃO;CANADÁ;5006113;CINE GRACHER SÃO BENTO 03;2;6000032;5979;41056;SÃO BENTO DO SUL;SC;CINE GRACHER LTDA;07.272.690/0001-87
08/04/2021;08/04/2021 19:10:00;HONEST THIEF;LEGADO EXPLOSIVO;E2000416200000;ORIGINAL;SIM;ESTADOS UNIDOS;5000150;TERRAÇO 3;1;6000037;1991;2411;BRASÍLIA;DF;EMPRESA CINEMAS SÃO LUIZ S/A;33.497.660/0001-89
08/04/2021;08/04/2021 19:30:00;PINOCCHIO;PINÓQUIO;E2000294800000;DUBLADO;NÃO;FRANÇA;5000171;KINOPLEX PARKSHOPPING 2;4;6000037;2364;2415;BRASÍLIA;DF;CINEMAS PARIS SEVERIANO RIBEIRO LTDA;31.611.189/0001-82
08/04/2021;08/04/2021 19:30:00;RAYA AND THE LAST DRAGON;RAYA E O ÚLTIMO DRAGÃO;E2100035300000;DUBLADO;NÃO;ESTADOS UNIDOS;5002748;KINOPLEX BOULEVARD 01;7;6000037;1991;16402;BRASÍLIA;DF;EMPRESA CINEMAS SÃO LUIZ S/A;33.497.660/0001-89
08/04/2021;08/04/2021 19:30:00;RAYA AND THE LAST DRAGON;RAYA E O ÚLTIMO DRAGÃO;E2100035300000;DUBLADO;NÃO;ESTADOS UNIDOS;5000153;PÁTIO BRASIL 1;2;6000037;1991;2412;BRASÍLIA;DF;EMPRESA CINEMAS SÃO LUIZ S/A;33.497.660/0001-89
08/04/2021;08/04/2021 19:30:00;THE EMPTY MAN;O MENSAGEIRO DO ÚLTIMO DIA;E2000471300000;DUBLADO;NÃO;ESTADOS UNIDOS;5006494;CINE INTER SANTA INES 02;15;6000140;44834;44835;SANTA INÊS;MA;CINEINTER EXIBICOES CINEMATOGRAFICAS LTDA;35.477.354/0001-06
08/04/2021;08/04/2021 19:30:00;THE EMPTY MAN;O MENSAGEIRO DO ÚLTIMO DIA;E2000471300000;DUBLADO;NÃO;ESTADOS UNIDOS;5005562;KINOPLEX NOVA IGUAÇU SALA 01;19;6000037;1991;33119;NOVA IGUAÇU;RJ;EMPRESA CINEMAS SÃO LUIZ S/A;33.497.660/0001-89
08/04/2021;08/04/2021 19:30:00;THE WIDOW;A VIÚVA DAS SOMBRAS;E2100005000000;DUBLADO;NÃO;RÚSSIA;5005271;MULTICINE SANTA MARIA SALA 02;5;6000045;5935;30733;BRASÍLIA;DF;MULTICINE CINEMAS LTDA;07.609.246/0001-04
08/04/2021;08/04/2021 19:30:00;WONDER WOMAN 1984;MULHER-MARAVILHA 1984;E2000170200000;DUBLADO;NÃO;CANADÁ;5001860;CINE GRACHER LTDA;1;6000032;5979;6687;BRUSQUE;SC;CINE GRACHER LTDA;07.272.690/0001-87
08/04/2021;08/04/2021 19:40:00;RAYA AND THE LAST DRAGON;RAYA E O ÚLTIMO DRAGÃO;E2100035300000;DUBLADO;NÃO;ESTADOS UNIDOS;5000175;KINOPLEX PARKSHOPPING 3;17;6000037;2364;2415;BRASÍLIA;DF;CINEMAS PARIS SEVERIANO RIBEIRO LTDA;31.611.189/0001-82
08/04/2021;08/04/2021 19:40:00;THE WITCHES;CONVENÇÃO DAS BRUXAS;E2000396100000;DUBLADO;NÃO;ESTADOS UNIDOS;5006644;PLAYARTE RORAIMA GARDEN SALA 03;3;6000049;39188;47248;BOA VISTA;RR;MULTIPLEX DO BRASIL ENTRETENIMENTO LTDA;27.595.833/0001-07
08/04/2021;08/04/2021 19:45:00;RAYA AND THE LAST DRAGON;RAYA E O ÚLTIMO DRAGÃO;E2100035300000;DUBLADO;NÃO;ESTADOS UNIDOS;5005545;CINE COLOMBO RESENDE SALA 03;2;6000008;15833;33011;RESENDE;RJ;CINE A LTDA;10.894.937/0001-01
08/04/2021;08/04/2021 20:00:00;CHORÃO: MARGINAL ALADO;;B2000158900000;DUBLADO;NÃO;BRASIL;5006577;CINE FLEX DRIVE-IN;6;6000121;41685;45933;PONTA GROSSA;PR;CINE SUL CINEMAS TB - EIRELI;31.266.859/0001-70
08/04/2021;08/04/2021 20:00:00;LUCICREIDE VAI PRA MARTE;;B1900421800000;ORIGINAL;NÃO;BRASIL;5006138;SALA CINE GUEDES 03;4;;23266;23267;PATOS;PB;LILIANE ROCHA DE MEDEIROS GUEDES-ME;16.844.526/0001-98
08/04/2021;08/04/2021 20:00:00;RAYA AND THE LAST DRAGON;RAYA E O ÚLTIMO DRAGÃO;E2100035300000;DUBLADO;NÃO;ESTADOS UNIDOS;5005726;KINOPLEX IGUAÇU TOP SALA 06;2;6000037;1991;2387;NOVA IGUAÇU;RJ;EMPRESA CINEMAS SÃO LUIZ S/A;33.497.660/0001-89
08/04/2021;08/04/2021 20:00:00;RAYA AND THE LAST DRAGON;RAYA E O ÚLTIMO DRAGÃO;E2100035300000;DUBLADO;NÃO;ESTADOS UNIDOS;5005563;KINOPLEX NOVA IGUAÇU SALA 02 KINOEVOLUTION;2;6000037;1991;33119;NOVA IGUAÇU;RJ;EMPRESA CINEMAS SÃO LUIZ S/A;33.497.660/0001-89
08/04/2021;08/04/2021 20:00:00;THE WIDOW;A VIÚVA DAS SOMBRAS;E2100005000000;DUBLADO;NÃO;RÚSSIA;5002745;KINOPLEX BOULEVARD 02;7;6000037;1991;16402;BRASÍLIA;DF;EMPRESA CINEMAS SÃO LUIZ S/A;33.497.660/0001-89
08/04/2021;08/04/2021 20:00:00;TOM & JERRY;TOM & JERRY - O FILME;E2000553800000;DUBLADO;NÃO;ESTADOS UNIDOS;5002102;CINE DRIVEIN;33;;5465;6715;BRASÍLIA;DF;STARK'S CINEMA E LANCHONETE LTDA.;32.917.296/0001-04
08/04/2021;08/04/2021 20:10:00;MONSTER HUNTER;MONSTER HUNTER;E2000403800000;DUBLADO;NÃO;ESTADOS UNIDOS;5000168;KINOPLEX PARKSHOPPING 5;11;6000037;2364;2415;BRASÍLIA;DF;CINEMAS PARIS SEVERIANO RIBEIRO LTDA;31.611.189/0001-82
08/04/2021;08/04/2021 20:10:00;MONSTER HUNTER;MONSTER HUNTER;E2000403800000;DUBLADO;NÃO;ESTADOS UNIDOS;5000155;PÁTIO BRASIL 3;3;6000037;1991;2412;BRASÍLIA;DF;EMPRESA CINEMAS SÃO LUIZ S/A;33.497.660/0001-89
08/04/2021;08/04/2021 20:10:00;THE WIDOW;A VIÚVA DAS SOMBRAS;E2100005000000;DUBLADO;NÃO;RÚSSIA;5006643;PLAYARTE RORAIMA GARDEN SALA 02;17;6000049;39188;47248;BOA VISTA;RR;MULTIPLEX DO BRASIL ENTRETENIMENTO LTDA;27.595.833/0001-07
08/04/2021;08/04/2021 20:10:00;THE WIDOW;A VIÚVA DAS SOMBRAS;E2100005000000;DUBLADO;NÃO;RÚSSIA;5003652;SALA CINE GUEDES 01;7;;23266;23267;PATOS;PB;LILIANE ROCHA DE MEDEIROS GUEDES-ME;16.844.526/0001-98
08/04/2021;08/04/2021 20:15:00;THE EMPTY MAN;O MENSAGEIRO DO ÚLTIMO DIA;E2000471300000;DUBLADO;NÃO;ESTADOS UNIDOS;5006657;SALA CINE VIEIRA 01;0;;47551;47598;SÃO BENTO;PB;COSTA E VIEIRA EMPREENDIMENTOS LTDA;10.866.528/0001-00
08/04/2021;08/04/2021 20:20:00;FOLLOW ME;SEM SAÍDA;E2100006300000;DUBLADO;NÃO;ESTADOS UNIDOS;5000167;KINOPLEX PARKSHOPPING 1;4;6000037;2364;2415;BRASÍLIA;DF;CINEMAS PARIS SEVERIANO RIBEIRO LTDA;31.611.189/0001-82
08/04/2021;08/04/2021 20:20:00;THE FATHER;THE FATHER;E1900616300000;ORIGINAL;SIM;INGLATERRA;5000169;KINOPLEX PARKSHOPPING 6;14;6000037;2364;2415;BRASÍLIA;DF;CINEMAS PARIS SEVERIANO RIBEIRO LTDA;31.611.189/0001-82
08/04/2021;08/04/2021 20:20:00;THE WIDOW;A VIÚVA DAS SOMBRAS;E2100005000000;DUBLADO;NÃO;RÚSSIA;5000154;PÁTIO BRASIL 2;4;6000037;1991;2412;BRASÍLIA;DF;EMPRESA CINEMAS SÃO LUIZ S/A;33.497.660/0001-89
08/04/2021;08/04/2021 20:30:00;FOLLOW ME;SEM SAÍDA;E2100006300000;DUBLADO;NÃO;ESTADOS UNIDOS;5006493;CINE INTER SANTA INES 01;7;6000140;44834;44835;SANTA INÊS;MA;CINEINTER EXIBICOES CINEMATOGRAFICAS LTDA;35.477.354/0001-06
08/04/2021;08/04/2021 20:30:00;HONEST THIEF;LEGADO EXPLOSIVO;E2000416200000;DUBLADO;NÃO;ESTADOS UNIDOS;5005564;KINOPLEX NOVA IGUAÇU SALA 03 PLATINUM;8;6000037;1991;33119;NOVA IGUAÇU;RJ;EMPRESA CINEMAS SÃO LUIZ S/A;33.497.660/0001-89
08/04/2021;08/04/2021 20:30:00;MONSTER HUNTER;MONSTER HUNTER;E2000403800000;DUBLADO;NÃO;ESTADOS UNIDOS;5002565;CINE CATARATAS 2;2;;15565;15566;FOZ DO IGUAÇU;PR;CINE CATARATAS LTDA;09.010.219/0001-46
08/04/2021;08/04/2021 20:30:00;RAYA AND THE LAST DRAGON;RAYA E O ÚLTIMO DRAGÃO;E2100035300000;DUBLADO;NÃO;ESTADOS UNIDOS;5006056;CINE GRACHER JOAÇABA SALA 01;2;6000032;5979;40234;JOAÇABA;SC;CINE GRACHER LTDA;07.272.690/0001-87
08/04/2021;08/04/2021 20:30:00;THE WIDOW;A VIÚVA DAS SOMBRAS;E2100005000000;DUBLADO;NÃO;RÚSSIA;5006484;CINE + ARTE SOMBRIO 01;22;6000103;44714;44715;SOMBRIO;SC;CINE + ARTE SOMBRIO LTDA;35.505.937/0001-01
08/04/2021;08/04/2021 20:30:00;THE WIDOW;A VIÚVA DAS SOMBRAS;E2100005000000;DUBLADO;NÃO;RÚSSIA;5005543;CINE COLOMBO RESENDE SALA 01;0;6000008;15833;33011;RESENDE;RJ;CINE A LTDA;10.894.937/0001-01
08/04/2021;08/04/2021 20:30:00;THE WIDOW;A VIÚVA DAS SOMBRAS;E2100005000000;DUBLADO;NÃO;RÚSSIA;5006058;CINE GRACHER JOAÇABA SALA 03;0;6000032;5979;40234;JOAÇABA;SC;CINE GRACHER LTDA;07.272.690/0001-87
08/04/2021;08/04/2021 20:30:00;THE WIDOW;A VIÚVA DAS SOMBRAS;E2100005000000;DUBLADO;NÃO;RÚSSIA;5005725;KINOPLEX IGUAÇU TOP SALA 05;10;6000037;1991;2387;NOVA IGUAÇU;RJ;EMPRESA CINEMAS SÃO LUIZ S/A;33.497.660/0001-89
08/04/2021;08/04/2021 20:30:00;THE WIDOW;A VIÚVA DAS SOMBRAS;E2100005000000;DUBLADO;NÃO;RÚSSIA;5000166;KINOPLEX PARKSHOPPING 4;18;6000037;2364;2415;BRASÍLIA;DF;CINEMAS PARIS SEVERIANO RIBEIRO LTDA;31.611.189/0001-82
08/04/2021;08/04/2021 20:40:00;MONSTER HUNTER;MONSTER HUNTER;E2000403800000;DUBLADO;NÃO;ESTADOS UNIDOS;5005724;KINOPLEX IGUAÇU TOP SALA 04;1;6000037;1991;2387;NOVA IGUAÇU;RJ;EMPRESA CINEMAS SÃO LUIZ S/A;33.497.660/0001-89
08/04/2021;08/04/2021 20:40:00;RAYA AND THE LAST DRAGON;RAYA E O ÚLTIMO DRAGÃO;E2100035300000;DUBLADO;NÃO;ESTADOS UNIDOS;5002566;CINE CATARATAS 3;7;;15565;15566;FOZ DO IGUAÇU;PR;CINE CATARATAS LTDA;09.010.219/0001-46
08/04/2021;08/04/2021 20:40:00;THE WIDOW;A VIÚVA DAS SOMBRAS;E2100005000000;DUBLADO;NÃO;RÚSSIA;5005289;GRUPO CINE FRAIBURGO;4;6000034;30763;30765;FRAIBURGO;SC;CINEMA FRAIBURGO LTDA;17.067.309/0001-00
08/04/2021;08/04/2021 20:40:00;THE WIDOW;A VIÚVA DAS SOMBRAS;E2100005000000;DUBLADO;NÃO;RÚSSIA;5005568;KINOPLEX NOVA IGUAÇU SALA 07;8;6000037;1991;33119;NOVA IGUAÇU;RJ;EMPRESA CINEMAS SÃO LUIZ S/A;33.497.660/0001-89
08/04/2021;08/04/2021 20:45:00;FOLLOW ME;SEM SAÍDA;E2100006300000;DUBLADO;NÃO;ESTADOS UNIDOS;5006083;CINE GRACHER PORTO BELO SALA 01;0;6000032;5979;40771;PORTO BELO;SC;CINE GRACHER LTDA;07.272.690/0001-87
08/04/2021;08/04/2021 20:45:00;FOLLOW ME;SEM SAÍDA;E2100006300000;DUBLADO;NÃO;ESTADOS UNIDOS;5006111;CINE GRACHER SÃO BENTO 01;0;6000032;5979;41056;SÃO BENTO DO SUL;SC;CINE GRACHER LTDA;07.272.690/0001-87
08/04/2021;08/04/2021 20:45:00;RAYA AND THE LAST DRAGON;RAYA E O ÚLTIMO DRAGÃO;E2100035300000;DUBLADO;NÃO;ESTADOS UNIDOS;5006001;CINE GRACHER INDAIAL - SALA 04;0;6000032;5979;39283;INDAIAL;SC;CINE GRACHER LTDA;07.272.690/0001-87
08/04/2021;08/04/2021 20:45:00;RAYA AND THE LAST DRAGON;RAYA E O ÚLTIMO DRAGÃO;E2100035300000;DUBLADO;NÃO;ESTADOS UNIDOS;5006086;CINE GRACHER PORTO BELO SALA 04;4;6000032;5979;40771;PORTO BELO;SC;CINE GRACHER LTDA;07.272.690/0001-87
08/04/2021;08/04/2021 20:45:00;RAYA AND THE LAST DRAGON;RAYA E O ÚLTIMO DRAGÃO;E2100035300000;DUBLADO;NÃO;ESTADOS UNIDOS;5006112;CINE GRACHER SÃO BENTO 02;6;6000032;5979;41056;SÃO BENTO DO SUL;SC;CINE GRACHER LTDA;07.272.690/0001-87
08/04/2021;08/04/2021 20:45:00;THE WIDOW;A VIÚVA DAS SOMBRAS;E2100005000000;DUBLADO;NÃO;RÚSSIA;5006000;CINE GRACHER INDAIAL - SALA 03;2;6000032;5979;39283;INDAIAL;SC;CINE GRACHER LTDA;07.272.690/0001-87
08/04/2021;08/04/2021 20:45:00;THE WIDOW;A VIÚVA DAS SOMBRAS;E2100005000000;DUBLADO;NÃO;RÚSSIA;5006085;CINE GRACHER PORTO BELO SALA 03;0;6000032;5979;40771;PORTO BELO;SC;CINE GRACHER LTDA;07.272.690/0001-87
08/04/2021;08/04/2021 20:45:00;THE WIDOW;A VIÚVA DAS SOMBRAS;E2100005000000;DUBLADO;NÃO;RÚSSIA;5006114;CINE GRACHER SÃO BENTO 04;0;6000032;5979;41056;SÃO BENTO DO SUL;SC;CINE GRACHER LTDA;07.272.690/0001-87
08/04/2021;08/04/2021 20:45:00;TOM & JERRY;TOM & JERRY - O FILME;E2000553800000;DUBLADO;NÃO;ESTADOS UNIDOS;5005998;CINE GRACHER INDAIAL - SALA 01;2;6000032;5979;39283;INDAIAL;SC;CINE GRACHER LTDA;07.272.690/0001-87
08/04/2021;08/04/2021 21:00:00;TOM & JERRY;TOM & JERRY - O FILME;E2000553800000;DUBLADO;NÃO;ESTADOS UNIDOS;5004502;CINE GRACHER ESPAÇO HAVAN 2;0;6000032;5979;26111;BRUSQUE;SC;CINE GRACHER LTDA;07.272.690/0001-87
08/04/2021;08/04/2021 21:15:00;FOLLOW ME;SEM SAÍDA;E2100006300000;DUBLADO;NÃO;ESTADOS UNIDOS;5001862;CINE GRACHER LTDA;0;6000032;5979;6687;BRUSQUE;SC;CINE GRACHER LTDA;07.272.690/0001-87
08/04/2021;08/04/2021 21:15:00;RAYA AND THE LAST DRAGON;RAYA E O ÚLTIMO DRAGÃO;E2100035300000;DUBLADO;NÃO;ESTADOS UNIDOS;5004504;CINE GRACHER ESPAÇO HAVAN 1;2;6000032;5979;26111;BRUSQUE;SC;CINE GRACHER LTDA;07.272.690/0001-87
08/04/2021;08/04/2021 21:15:00;THE WIDOW;A VIÚVA DAS SOMBRAS;E2100005000000;DUBLADO;NÃO;RÚSSIA;5004503;CINE GRACHER ESPAÇO HAVAN 3;7;6000032;5979;26111;BRUSQUE;SC;CINE GRACHER LTDA;07.272.690/0001-87
08/04/2021;08/04/2021 21:15:00;TOM & JERRY;TOM & JERRY - O FILME;E2000553800000;DUBLADO;NÃO;ESTADOS UNIDOS;5001861;CINE GRACHER LTDA;2;6000032;5979;6687;BRUSQUE;SC;CINE GRACHER LTDA;07.272.690/0001-87
09/04/2021;09/04/2021 13:20:00;RAYA AND THE LAST DRAGON;RAYA E O ÚLTIMO DRAGÃO;E2100035300000;DUBLADO;NÃO;ESTADOS UNIDOS;5002566;CINE CATARATAS 3;2;;15565;15566;FOZ DO IGUAÇU;PR;CINE CATARATAS LTDA;09.010.219/0001-46
09/04/2021;09/04/2021 14:00:00;FOLLOW ME;SEM SAÍDA;E2100006300000;DUBLADO;NÃO;ESTADOS UNIDOS;5000206;KINOPLEX GRANDE RIO 3;6;6000037;1991;2424;SÃO JOÃO DE MERITI;RJ;EMPRESA CINEMAS SÃO LUIZ S/A;33.497.660/0001-89
09/04/2021;09/04/2021 14:00:00;TOM & JERRY;TOM & JERRY - O FILME;E2000553800000;DUBLADO;NÃO;ESTADOS UNIDOS;5006060;CENTERPLEX BOULEVARD 02;0;6000006;40317;40318;VITÓRIA DA CONQUISTA;BA;CINE ELI BAHIA CINEMAS LTDA - EM RECUPERACAO JUDICIAL;30.096.740/0001-34
09/04/2021;09/04/2021 14:00:00;TOM & JERRY;TOM & JERRY - O FILME;E2000553800000;DUBLADO;NÃO;ESTADOS UNIDOS;5002051;UCI - KINOPLEX NORTE SHOPPING - SALA 02;2;6000059;2612;12748;RIO DE JANEIRO;RJ;UCI RIBEIRO LTDA;02.117.937/0001-77
09/04/2021;09/04/2021 14:20:00;LUCICREIDE VAI PRA MARTE;;B1900421800000;DUBLADO;NÃO;BRASIL;5002053;UCI - KINOPLEX NORTE SHOPPING - SALA 08;2;6000059;2612;12748;RIO DE JANEIRO;RJ;UCI RIBEIRO LTDA;02.117.937/0001-77
09/04/2021;09/04/2021 14:20:00;TOM & JERRY;TOM & JERRY - O FILME;E2000553800000;DUBLADO;NÃO;ESTADOS UNIDOS;5000205;KINOPLEX GRANDE RIO 2;5;6000037;1991;2424;SÃO JOÃO DE MERITI;RJ;EMPRESA CINEMAS SÃO LUIZ S/A;33.497.660/0001-89
09/04/2021;09/04/2021 14:30:00;LUCICREIDE VAI PRA MARTE;;B1900421800000;ORIGINAL;NÃO;BRASIL;5006062;CENTERPLEX BOULEVARD 04;0;6000006;40317;40318;VITÓRIA DA CONQUISTA;BA;CINE ELI BAHIA CINEMAS LTDA - EM RECUPERACAO JUDICIAL;30.096.740/0001-34
09/04/2021;09/04/2021 14:40:00;RAYA AND THE LAST DRAGON;RAYA E O ÚLTIMO DRAGÃO;E2100035300000;DUBLADO;NÃO;ESTADOS UNIDOS;5002052;UCI - KINOPLEX NORTE SHOPPING - SALA 10;0;6000059;2612;12748;RIO DE JANEIRO;RJ;UCI RIBEIRO LTDA;02.117.937/0001-77
09/04/2021;09/04/2021 14:40:00;TOM & JERRY;TOM & JERRY - O FILME;E2000553800000;DUBLADO;NÃO;ESTADOS UNIDOS;5005270;MULTICINE SANTA MARIA SALA 01;0;6000045;5935;30733;BRASÍLIA;DF;MULTICINE CINEMAS LTDA;07.609.246/0001-04
09/04/2021;09/04/2021 15:00:00;A MULHER DA LUZ PRÓPRIA;;B1900320300000;ORIGINAL;NÃO;BRASIL;5002323;CINE SANTA TERESA;0;6000083;14200;14201;RIO DE JANEIRO;RJ;ARTE VITAL EXIBIÇÕES CINEMATOGRÁFICAS LTDA;03.459.043/0001-28
09/04/2021;09/04/2021 15:00:00;LUCICREIDE VAI PRA MARTE;;B1900421800000;DUBLADO;NÃO;BRASIL;5000770;NEW YORK CITY CENTER - SALA 06;0;6000058;749;2620;RIO DE JANEIRO;RJ;UNITED CINEMAS INTERNATIONAL BRASIL LTDA.;01.289.530/0001-64
09/04/2021;09/04/2021 15:00:00;PINOCCHIO;PINÓQUIO;E2000294800000;DUBLADO;NÃO;FRANÇA;5003766;UCI BRASIL - SHOPPING CG - SALA 03;0;6000058;749;23929;RIO DE JANEIRO;RJ;UNITED CINEMAS INTERNATIONAL BRASIL LTDA.;01.289.530/0001-64
09/04/2021;09/04/2021 15:00:00;RAYA AND THE LAST DRAGON;RAYA E O ÚLTIMO DRAGÃO;E2100035300000;DUBLADO;NÃO;ESTADOS UNIDOS;5004809;SHOPPING BOSQUE DOS IPÊS- SALA 03;7;6000058;749;27590;CAMPO GRANDE;MS;UNITED CINEMAS INTERNATIONAL BRASIL LTDA.;01.289.530/0001-64
09/04/2021;09/04/2021 15:00:00;THE WITCHES;CONVENÇÃO DAS BRUXAS;E2000396100000;DUBLADO;NÃO;ESTADOS UNIDOS;5006644;PLAYARTE RORAIMA GARDEN SALA 03;0;6000049;39188;47248;BOA VISTA;RR;MULTIPLEX DO BRASIL ENTRETENIMENTO LTDA;27.595.833/0001-07
09/04/2021;09/04/2021 15:00:00;TOM & JERRY;TOM & JERRY - O FILME;E2000553800000;DUBLADO;NÃO;ESTADOS UNIDOS;5006059;CENTERPLEX BOULEVARD 01;1;6000006;40317;40318;VITÓRIA DA CONQUISTA;BA;CINE ELI BAHIA CINEMAS LTDA - EM RECUPERACAO JUDICIAL;30.096.740/0001-34
09/04/2021;09/04/2021 15:00:00;WONDER WOMAN 1984;MULHER-MARAVILHA 1984;E2000170200000;DUBLADO;NÃO;CANADÁ;5002057;UCI - KINOPLEX NORTE SHOPPING - SALA 03;3;6000059;2612;12748;RIO DE JANEIRO;RJ;UCI RIBEIRO LTDA;02.117.937/0001-77
09/04/2021;09/04/2021 15:10:00;RAYA AND THE LAST DRAGON;RAYA E O ÚLTIMO DRAGÃO;E2100035300000;DUBLADO;NÃO;ESTADOS UNIDOS;5005272;MULTICINE SANTA MARIA SALA 03;5;6000045;5935;30733;BRASÍLIA;DF;MULTICINE CINEMAS LTDA;07.609.246/0001-04
09/04/2021;09/04/2021 15:15:00;TOM & JERRY;TOM & JERRY - O FILME;E2000553800000;DUBLADO;NÃO;ESTADOS UNIDOS;5005545;CINE COLOMBO RESENDE SALA 03;2;6000008;15833;33011;RESENDE;RJ;CINE A LTDA;10.894.937/0001-01
09/04/2021;09/04/2021 15:20:00;DEPOIS A LOUCA SOU EU;;B2000078000000;DUBLADO;NÃO;BRASIL;5000780;NEW YORK CITY CENTER - SALA 16;0;6000058;749;2620;RIO DE JANEIRO;RJ;UNITED CINEMAS INTERNATIONAL BRASIL LTDA.;01.289.530/0001-64
09/04/2021;09/04/2021 15:20:00;LUCICREIDE VAI PRA MARTE;;B1900421800000;ORIGINAL;NÃO;BRASIL;5001662;ORIENT CINEPLACE BOULEVARD SHOPPING - SALA 3;7;6000046;2869;6630;FEIRA DE SANTANA;BA;FEIRA PLEXCINE LTDA.;04.547.950/0001-91
09/04/2021;09/04/2021 15:20:00;MONSTER HUNTER;MONSTER HUNTER;E2000403800000;DUBLADO;NÃO;ESTADOS UNIDOS;5002059;UCI - KINOPLEX NORTE SHOPPING - SALA 07;0;6000059;2612;12748;RIO DE JANEIRO;RJ;UCI RIBEIRO LTDA;02.117.937/0001-77
09/04/2021;09/04/2021 15:20:00;PINOCCHIO;PINÓQUIO;E2000294800000;DUBLADO;NÃO;FRANÇA;5004812;SHOPPING BOSQUE DOS IPÊS- SALA 06;3;6000058;749;27590;CAMPO GRANDE;MS;UNITED CINEMAS INTERNATIONAL BRASIL LTDA.;01.289.530/0001-64
09/04/2021;09/04/2021 15:20:00;RAYA AND THE LAST DRAGON;RAYA E O ÚLTIMO DRAGÃO;E2100035300000;DUBLADO;NÃO;ESTADOS UNIDOS;5000210;IGUATEMI 1;0;6000037;1991;2425;RIO DE JANEIRO;RJ;EMPRESA CINEMAS SÃO LUIZ S/A;33.497.660/0001-89
09/04/2021;09/04/2021 15:20:00;RAYA AND THE LAST DRAGON;RAYA E O ÚLTIMO DRAGÃO;E2100035300000;DUBLADO;NÃO;ESTADOS UNIDOS;5003762;UCI BRASIL PARK CG - SALA 04;2;6000058;749;23929;RIO DE JANEIRO;RJ;UNITED CINEMAS INTERNATIONAL BRASIL LTDA.;01.289.530/0001-64
09/04/2021;09/04/2021 15:30:00;LUCICREIDE VAI PRA MARTE;;B1900421800000;ORIGINAL;NÃO;BRASIL;5006061;CENTERPLEX BOULEVARD 03;0;6000006;40317;40318;VITÓRIA DA CONQUISTA;BA;CINE ELI BAHIA CINEMAS LTDA - EM RECUPERACAO JUDICIAL;30.096.740/0001-34
09/04/2021;09/04/2021 15:30:00;RAYA AND THE LAST DRAGON;RAYA E O ÚLTIMO DRAGÃO;E2100035300000;DUBLADO;NÃO;ESTADOS UNIDOS;5000204;KINOPLEX GRANDE RIO 1;20;6000037;1991;2424;SÃO JOÃO DE MERITI;RJ;EMPRESA CINEMAS SÃO LUIZ S/A;33.497.660/0001-89
09/04/2021;09/04/2021 15:30:00;WONDER WOMAN 1984;MULHER-MARAVILHA 1984;E2000170200000;DUBLADO;NÃO;CANADÁ;5005543;CINE COLOMBO RESENDE SALA 01;2;6000008;15833;33011;RESENDE;RJ;CINE A LTDA;10.894.937/0001-01
09/04/2021;09/04/2021 15:40:00;LUCICREIDE VAI PRA MARTE;;B1900421800000;DUBLADO;NÃO;BRASIL;5003765;UCI BRASIL - PARK SHOPPING CG - SALA 2;3;6000058;749;23929;RIO DE JANEIRO;RJ;UNITED CINEMAS INTERNATIONAL BRASIL LTDA.;01.289.530/0001-64
09/04/2021;09/04/2021 15:40:00;RAYA AND THE LAST DRAGON;RAYA E O ÚLTIMO DRAGÃO;E2100035300000;DUBLADO;NÃO;ESTADOS UNIDOS;5000066;KINOPLEX RIO SUL - SALA KINOEVOLUTIUM 02;6;6000037;1991;2390;RIO DE JANEIRO;RJ;EMPRESA CINEMAS SÃO LUIZ S/A;33.497.660/0001-89
09/04/2021;09/04/2021 15:40:00;RAYA AND THE LAST DRAGON;RAYA E O ÚLTIMO DRAGÃO;E2100035300000;DUBLADO;NÃO;ESTADOS UNIDOS;5005018;KINOPLEX VIA PARQUE 4- KINOEVOLUTION;9;6000037;1991;13454;RIO DE JANEIRO;RJ;EMPRESA CINEMAS SÃO LUIZ S/A;33.497.660/0001-89
09/04/2021;09/04/2021 15:40:00;THE FATHER;THE FATHER;E1900616300000;ORIGINAL;SIM;INGLATERRA;5002179;KINOPLEX TIJUCA SALA 05;14;6000037;11751;13416;RIO DE JANEIRO;RJ;SR RIO DE JANEIRO CINEMAS S/A;08.262.566/0001-01
09/04/2021;09/04/2021 15:40:00;THE FATHER;THE FATHER;E1900616300000;ORIGINAL;SIM;INGLATERRA;5000765;NEW YORK CITY CENTER - SALA 01;6;6000058;749;2620;RIO DE JANEIRO;RJ;UNITED CINEMAS INTERNATIONAL BRASIL LTDA.;01.289.530/0001-64
09/04/2021;09/04/2021 15:40:00;THE WIDOW;A VIÚVA DAS SOMBRAS;E2100005000000;DUBLADO;NÃO;RÚSSIA;5005271;MULTICINE SANTA MARIA SALA 02;2;6000045;5935;30733;BRASÍLIA;DF;MULTICINE CINEMAS LTDA;07.609.246/0001-04
09/04/2021;09/04/2021 15:50:00;TOM & JERRY;TOM & JERRY - O FILME;E2000553800000;DUBLADO;NÃO;ESTADOS UNIDOS;5006643;PLAYARTE RORAIMA GARDEN SALA 02;2;6000049;39188;47248;BOA VISTA;RR;MULTIPLEX DO BRASIL ENTRETENIMENTO LTDA;27.595.833/0001-07
09/04/2021;09/04/2021 16:00:00;HONEST THIEF;LEGADO EXPLOSIVO;E2000416200000;DUBLADO;NÃO;ESTADOS UNIDOS;5000206;KINOPLEX GRANDE RIO 3;13;6000037;1991;2424;SÃO JOÃO DE MERITI;RJ;EMPRESA CINEMAS SÃO LUIZ S/A;33.497.660/0001-89
09/04/2021;09/04/2021 16:00:00;JUDAS AND THE BLACK MESSIAH;JUDAS E O MESSIAS NEGRO;E2100040400000;ORIGINAL;SIM;ESTADOS UNIDOS;5005994;CINE BARRA POINT SALA 01;0;6000083;14200;39233;RIO DE JANEIRO;RJ;ARTE VITAL EXIBIÇÕES CINEMATOGRÁFICAS LTDA;03.459.043/0001-28
09/04/2021;09/04/2021 16:00:00;RAYA AND THE LAST DRAGON;RAYA E O ÚLTIMO DRAGÃO;E2100035300000;DUBLADO;NÃO;ESTADOS UNIDOS;5002566;CINE CATARATAS 3;10;;15565;15566;FOZ DO IGUAÇU;PR;CINE CATARATAS LTDA;09.010.219/0001-46
09/04/2021;09/04/2021 16:00:00;RAYA AND THE LAST DRAGON;RAYA E O ÚLTIMO DRAGÃO;E2100035300000;DUBLADO;NÃO;ESTADOS UNIDOS;5004504;CINE GRACHER ESPAÇO HAVAN 1;0;6000032;5979;26111;BRUSQUE;SC;CINE GRACHER LTDA;07.272.690/0001-87
09/04/2021;09/04/2021 16:00:00;RAYA AND THE LAST DRAGON;RAYA E O ÚLTIMO DRAGÃO;E2100035300000;DUBLADO;NÃO;ESTADOS UNIDOS;5006657;SALA CINE VIEIRA 01;0;;47551;47598;SÃO BENTO;PB;COSTA E VIEIRA EMPREENDIMENTOS LTDA;10.866.528/0001-00
09/04/2021;09/04/2021 16:00:00;THE FATHER;THE FATHER;E1900616300000;ORIGINAL;SIM;INGLATERRA;5005019;KINOPLEX VIA PARQUE 5;2;6000037;1991;13454;RIO DE JANEIRO;RJ;EMPRESA CINEMAS SÃO LUIZ S/A;33.497.660/0001-89
09/04/2021;09/04/2021 16:00:00;THE FATHER;THE FATHER;E1900616300000;ORIGINAL;SIM;INGLATERRA;5001932;SALA KINOPLEX LEBLON SALA 02;14;6000037;11751;11752;RIO DE JANEIRO;RJ;SR RIO DE JANEIRO CINEMAS S/A;08.262.566/0001-01
09/04/2021;09/04/2021 16:00:00;THE WIDOW;A VIÚVA DAS SOMBRAS;E2100005000000;ORIGINAL;SIM;RÚSSIA;5000067;KINOPLEX RIO SUL - SALA PLATINUM 03;2;6000037;1991;2390;RIO DE JANEIRO;RJ;EMPRESA CINEMAS SÃO LUIZ S/A;33.497.660/0001-89
09/04/2021;09/04/2021 16:00:00;THE WIDOW;A VIÚVA DAS SOMBRAS;E2100005000000;ORIGINAL;SIM;RÚSSIA;5000774;NEW YORK CITY CENTER - SALA 10;1;6000058;749;2620;RIO DE JANEIRO;RJ;UNITED CINEMAS INTERNATIONAL BRASIL LTDA.;01.289.530/0001-64
09/04/2021;09/04/2021 16:00:00;TOM & JERRY;TOM & JERRY - O FILME;E2000553800000;DUBLADO;NÃO;ESTADOS UNIDOS;5006484;CINE + ARTE SOMBRIO 01;0;6000103;44714;44715;SOMBRIO;SC;CINE + ARTE SOMBRIO LTDA;35.505.937/0001-01
09/04/2021;09/04/2021 16:00:00;TOM & JERRY;TOM & JERRY - O FILME;E2000553800000;DUBLADO;NÃO;ESTADOS UNIDOS;5004502;CINE GRACHER ESPAÇO HAVAN 2;2;6000032;5979;26111;BRUSQUE;SC;CINE GRACHER LTDA;07.272.690/0001-87
09/04/2021;09/04/2021 16:10:00;RAYA AND THE LAST DRAGON;RAYA E O ÚLTIMO DRAGÃO;E2100035300000;DUBLADO;NÃO;ESTADOS UNIDOS;5001930;SALA KINOPLEX LEBLON SALA 01;0;6000037;11751;11752;RIO DE JANEIRO;RJ;SR RIO DE JANEIRO CINEMAS S/A;08.262.566/0001-01
09/04/2021;09/04/2021 16:10:00;TOM & JERRY;TOM & JERRY - O FILME;E2000553800000;DUBLADO;NÃO;ESTADOS UNIDOS;5004810;SHOPPING BOSQUE DOS IPÊS- SALA 04;0;6000058;749;27590;CAMPO GRANDE;MS;UNITED CINEMAS INTERNATIONAL BRASIL LTDA.;01.289.530/0001-64
09/04/2021;09/04/2021 16:15:00;RAYA AND THE LAST DRAGON;RAYA E O ÚLTIMO DRAGÃO;E2100035300000;DUBLADO;NÃO;ESTADOS UNIDOS;5005289;GRUPO CINE FRAIBURGO;0;6000034;30763;30765;FRAIBURGO;SC;CINEMA FRAIBURGO LTDA;17.067.309/0001-00
09/04/2021;09/04/2021 16:20:00;LUCICREIDE VAI PRA MARTE;;B1900421800000;ORIGINAL;NÃO;BRASIL;5001960;KINOPLEX NOVA AMÉRICA SALA 04;2;6000037;1991;2426;RIO DE JANEIRO;RJ;EMPRESA CINEMAS SÃO LUIZ S/A;33.497.660/0001-89
09/04/2021;09/04/2021 16:20:00;MONSTER HUNTER;MONSTER HUNTER;E2000403800000;DUBLADO;NÃO;ESTADOS UNIDOS;5003764;UCI BRASIL - PARK SHOPPING - SALA 1;0;6000058;749;23929;RIO DE JANEIRO;RJ;UNITED CINEMAS INTERNATIONAL BRASIL LTDA.;01.289.530/0001-64
09/04/2021;09/04/2021 16:20:00;MONSTER HUNTER;MONSTER HUNTER;E2000403800000;DUBLADO;NÃO;ESTADOS UNIDOS;5003756;UCI BRASIL CG - SALA 05;0;6000058;749;23929;RIO DE JANEIRO;RJ;UNITED CINEMAS INTERNATIONAL BRASIL LTDA.;01.289.530/0001-64
09/04/2021;09/04/2021 16:20:00;RAYA AND THE LAST DRAGON;RAYA E O ÚLTIMO DRAGÃO;E2100035300000;DUBLADO;NÃO;ESTADOS UNIDOS;5000149;TERRAÇO 2;3;6000037;1991;2411;BRASÍLIA;DF;EMPRESA CINEMAS SÃO LUIZ S/A;33.497.660/0001-89
09/04/2021;09/04/2021 16:20:00;THE WIDOW;A VIÚVA DAS SOMBRAS;E2100005000000;DUBLADO;NÃO;RÚSSIA;5005725;KINOPLEX IGUAÇU TOP SALA 05;17;6000037;1991;2387;NOVA IGUAÇU;RJ;EMPRESA CINEMAS SÃO LUIZ S/A;33.497.660/0001-89
09/04/2021;09/04/2021 16:20:00;TOM & JERRY;TOM & JERRY - O FILME;E2000553800000;DUBLADO;NÃO;ESTADOS UNIDOS;5002178;KINOPLEX TIJUCA SALA 04;6;6000037;11751;13416;RIO DE JANEIRO;RJ;SR RIO DE JANEIRO CINEMAS S/A;08.262.566/0001-01
09/04/2021;09/04/2021 16:20:00;TOM & JERRY;TOM & JERRY - O FILME;E2000553800000;DUBLADO;NÃO;ESTADOS UNIDOS;5000778;NEW YORK CITY CENTER - SALA 14;0;6000058;749;2620;RIO DE JANEIRO;RJ;UNITED CINEMAS INTERNATIONAL BRASIL LTDA.;01.289.530/0001-64
09/04/2021;09/04/2021 16:30:00;LUCICREIDE VAI PRA MARTE;;B1900421800000;ORIGINAL;NÃO;BRASIL;5000212;IGUATEMI 3;3;6000037;1991;2425;RIO DE JANEIRO;RJ;EMPRESA CINEMAS SÃO LUIZ S/A;33.497.660/0001-89
09/04/2021;09/04/2021 16:30:00;MONSTER HUNTER;MONSTER HUNTER;E2000403800000;DUBLADO;NÃO;ESTADOS UNIDOS;5004503;CINE GRACHER ESPAÇO HAVAN 3;0;6000032;5979;26111;BRUSQUE;SC;CINE GRACHER LTDA;07.272.690/0001-87
09/04/2021;09/04/2021 16:30:00;RAYA AND THE LAST DRAGON;RAYA E O ÚLTIMO DRAGÃO;E2100035300000;DUBLADO;NÃO;ESTADOS UNIDOS;5001957;KINOPLEX NOVA AMÉRICA SALA 01;8;6000037;1991;2426;RIO DE JANEIRO;RJ;EMPRESA CINEMAS SÃO LUIZ S/A;33.497.660/0001-89
09/04/2021;09/04/2021 16:30:00;RAYA AND THE LAST DRAGON;RAYA E O ÚLTIMO DRAGÃO;E2100035300000;DUBLADO;NÃO;ESTADOS UNIDOS;5002888;KINOPLEX WEST SHOPPING RIO 01;16;6000037;1991;17366;RIO DE JANEIRO;RJ;EMPRESA CINEMAS SÃO LUIZ S/A;33.497.660/0001-89
09/04/2021;09/04/2021 16:30:00;RAYA AND THE LAST DRAGON;RAYA E O ÚLTIMO DRAGÃO;E2100035300000;DUBLADO;NÃO;ESTADOS UNIDOS;5000062;SALA KINOPLEX MADUREIRA 02;4;6000037;1991;2389;RIO DE JANEIRO;RJ;EMPRESA CINEMAS SÃO LUIZ S/A;33.497.660/0001-89
09/04/2021;09/04/2021 16:30:00;THE WIDOW;A VIÚVA DAS SOMBRAS;E2100005000000;DUBLADO;NÃO;RÚSSIA;5006060;CENTERPLEX BOULEVARD 02;1;6000006;40317;40318;VITÓRIA DA CONQUISTA;BA;CINE ELI BAHIA CINEMAS LTDA - EM RECUPERACAO JUDICIAL;30.096.740/0001-34
09/04/2021;09/04/2021 16:30:00;THE WIDOW;A VIÚVA DAS SOMBRAS;E2100005000000;DUBLADO;NÃO;RÚSSIA;5000205;KINOPLEX GRANDE RIO 2;18;6000037;1991;2424;SÃO JOÃO DE MERITI;RJ;EMPRESA CINEMAS SÃO LUIZ S/A;33.497.660/0001-89
09/04/2021;09/04/2021 16:30:00;TOM & JERRY;TOM & JERRY - O FILME;E2000553800000;DUBLADO;NÃO;ESTADOS UNIDOS;5002565;CINE CATARATAS 2;3;;15565;15566;FOZ DO IGUAÇU;PR;CINE CATARATAS LTDA;09.010.219/0001-46
09/04/2021;09/04/2021 16:30:00;TOM & JERRY;TOM & JERRY - O FILME;E2000553800000;DUBLADO;NÃO;ESTADOS UNIDOS;5005724;KINOPLEX IGUAÇU TOP SALA 04;8;6000037;1991;2387;NOVA IGUAÇU;RJ;EMPRESA CINEMAS SÃO LUIZ S/A;33.497.660/0001-89
09/04/2021;09/04/2021 16:35:00;RAYA AND THE LAST DRAGON;RAYA E O ÚLTIMO DRAGÃO;E2100035300000;DUBLADO;NÃO;ESTADOS UNIDOS;5002180;KINOPLEX TIJUCA SALA 06;7;6000037;11751;13416;RIO DE JANEIRO;RJ;SR RIO DE JANEIRO CINEMAS S/A;08.262.566/0001-01
09/04/2021;09/04/2021 16:40:00;JUDAS AND THE BLACK MESSIAH;JUDAS E O MESSIAS NEGRO;E2100040400000;ORIGINAL;SIM;ESTADOS UNIDOS;5002323;CINE SANTA TERESA;0;6000083;14200;14201;RIO DE JANEIRO;RJ;ARTE VITAL EXIBIÇÕES CINEMATOGRÁFICAS LTDA;03.459.043/0001-28
09/04/2021;09/04/2021 16:40:00;LUCICREIDE VAI PRA MARTE;;B1900421800000;ORIGINAL;NÃO;BRASIL;5000063;SALA KINOPLEX MADUREIRA 03;0;6000037;1991;2389;RIO DE JANEIRO;RJ;EMPRESA CINEMAS SÃO LUIZ S/A;33.497.660/0001-89
09/04/2021;09/04/2021 16:40:00;THE ELFKINS - BAKING A DIFFERENCE;É DOCE!;E2000077600000;DUBLADO;NÃO;ALEMANHA;5006645;PLAYARTE RORAIMA GARDEN SALA 04;3;6000049;39188;47248;BOA VISTA;RR;MULTIPLEX DO BRASIL ENTRETENIMENTO LTDA;27.595.833/0001-07
09/04/2021;09/04/2021 16:40:00;THE WIDOW;A VIÚVA DAS SOMBRAS;E2100005000000;DUBLADO;NÃO;RÚSSIA;5002891;KINOPLEX WEST SHOPPING RIO 02;12;6000037;1991;17366;RIO DE JANEIRO;RJ;EMPRESA CINEMAS SÃO LUIZ S/A;33.497.660/0001-89
09/04/2021;09/04/2021 16:40:00;TOM & JERRY;TOM & JERRY - O FILME;E2000553800000;DUBLADO;NÃO;ESTADOS UNIDOS;5000211;IGUATEMI 2;10;6000037;1991;2425;RIO DE JANEIRO;RJ;EMPRESA CINEMAS SÃO LUIZ S/A;33.497.660/0001-89
09/04/2021;09/04/2021 16:45:00;TOM & JERRY;TOM & JERRY - O FILME;E2000553800000;DUBLADO;NÃO;ESTADOS UNIDOS;5002355;SALA VILA RICA 2 CONVENCIONAL;3;;14637;14638;PRIMAVERA DO LESTE;MT;MAURICIO JOSE NICOLINO & CIA LTDA;05.724.035/0001-97
09/04/2021;09/04/2021 16:45:01;FOLLOW ME;SEM SAÍDA;E2100006300000;DUBLADO;NÃO;ESTADOS UNIDOS;5006493;CINE INTER SANTA INES 01;1;6000140;44834;44835;SANTA INÊS;MA;CINEINTER EXIBICOES CINEMATOGRAFICAS LTDA;35.477.354/0001-06
09/04/2021;09/04/2021 16:50:00;LUCICREIDE VAI PRA MARTE;;B1900421800000;ORIGINAL;NÃO;BRASIL;5002199;KINOPLEX VIA PARQUE 3;2;6000037;1991;13454;RIO DE JANEIRO;RJ;EMPRESA CINEMAS SÃO LUIZ S/A;33.497.660/0001-89
09/04/2021;09/04/2021 16:50:00;MONSTER HUNTER;MONSTER HUNTER;E2000403800000;ORIGINAL;SIM;ESTADOS UNIDOS;5000150;TERRAÇO 3;0;6000037;1991;2411;BRASÍLIA;DF;EMPRESA CINEMAS SÃO LUIZ S/A;33.497.660/0001-89
09/04/2021;09/04/2021 16:50:00;THE WIDOW;A VIÚVA DAS SOMBRAS;E2100005000000;DUBLADO;NÃO;RÚSSIA;5002051;UCI - KINOPLEX NORTE SHOPPING - SALA 02;3;6000059;2612;12748;RIO DE JANEIRO;RJ;UCI RIBEIRO LTDA;02.117.937/0001-77
09/04/2021;09/04/2021 16:50:00;TOM & JERRY;TOM & JERRY - O FILME;E2000553800000;DUBLADO;NÃO;ESTADOS UNIDOS;5001958;KINOPLEX NOVA AMÉRICA SALA 02;7;6000037;1991;2426;RIO DE JANEIRO;RJ;EMPRESA CINEMAS SÃO LUIZ S/A;33.497.660/0001-89
09/04/2021;09/04/2021 16:50:01;TOM & JERRY;TOM & JERRY - O FILME;E2000553800000;DUBLADO;NÃO;ESTADOS UNIDOS;5005270;MULTICINE SANTA MARIA SALA 01;3;6000045;5935;30733;BRASÍLIA;DF;MULTICINE CINEMAS LTDA;07.609.246/0001-04
09/04/2021;09/04/2021 17:00:00;MONSTER HUNTER;MONSTER HUNTER;E2000403800000;DUBLADO;NÃO;ESTADOS UNIDOS;5006062;CENTERPLEX BOULEVARD 04;1;6000006;40317;40318;VITÓRIA DA CONQUISTA;BA;CINE ELI BAHIA CINEMAS LTDA - EM RECUPERACAO JUDICIAL;30.096.740/0001-34
09/04/2021;09/04/2021 17:00:00;RAYA AND THE LAST DRAGON;RAYA E O ÚLTIMO DRAGÃO;E2100035300000;DUBLADO;NÃO;ESTADOS UNIDOS;5001860;CINE GRACHER LTDA;0;6000032;5979;6687;BRUSQUE;SC;CINE GRACHER LTDA;07.272.690/0001-87
09/04/2021;09/04/2021 17:00:00;RAYA AND THE LAST DRAGON;RAYA E O ÚLTIMO DRAGÃO;E2100035300000;DUBLADO;NÃO;ESTADOS UNIDOS;5006669;CINE ITAGUARI - SALA 1;3;6000141;45886;48010;SANTO ANTÔNIO DE JESUS;BA;GF ANDRADE ENTRETENIMENTO E COMÉRCIO LTDA;23.200.362/0001-21
09/04/2021;09/04/2021 17:00:00;RAYA AND THE LAST DRAGON;RAYA E O ÚLTIMO DRAGÃO;E2100035300000;DUBLADO;NÃO;ESTADOS UNIDOS;5006217;CINE LAGUNA 2;4;6000141;24511;24512;ALAGOINHAS;BA;VICTORY EVENTOS & TURISMO LTDA;05.607.525/0001-03
09/04/2021;09/04/2021 17:00:00;RAYA AND THE LAST DRAGON;RAYA E O ÚLTIMO DRAGÃO;E2100035300000;DUBLADO;NÃO;ESTADOS UNIDOS;5002748;KINOPLEX BOULEVARD 01;2;6000037;1991;16402;BRASÍLIA;DF;EMPRESA CINEMAS SÃO LUIZ S/A;33.497.660/0001-89
09/04/2021;09/04/2021 17:00:00;RAYA AND THE LAST DRAGON;RAYA E O ÚLTIMO DRAGÃO;E2100035300000;DUBLADO;NÃO;ESTADOS UNIDOS;5000153;PÁTIO BRASIL 1;1;6000037;1991;2412;BRASÍLIA;DF;EMPRESA CINEMAS SÃO LUIZ S/A;33.497.660/0001-89
09/04/2021;09/04/2021 17:00:00;TOM & JERRY;TOM & JERRY - O FILME;E2000553800000;DUBLADO;NÃO;ESTADOS UNIDOS;5002890;KINOPLEX WEST SHOPPING RIO 03;2;6000037;1991;17366;RIO DE JANEIRO;RJ;EMPRESA CINEMAS SÃO LUIZ S/A;33.497.660/0001-89
09/04/2021;09/04/2021 17:10:00;RAYA AND THE LAST DRAGON;RAYA E O ÚLTIMO DRAGÃO;E2100035300000;DUBLADO;NÃO;ESTADOS UNIDOS;5000175;KINOPLEX PARKSHOPPING 3;4;6000037;2364;2415;BRASÍLIA;DF;CINEMAS PARIS SEVERIANO RIBEIRO LTDA;31.611.189/0001-82
09/04/2021;09/04/2021 17:15:00;LUCICREIDE VAI PRA MARTE;;B1900421800000;ORIGINAL;NÃO;BRASIL;5005562;KINOPLEX NOVA IGUAÇU SALA 01;17;6000037;1991;33119;NOVA IGUAÇU;RJ;EMPRESA CINEMAS SÃO LUIZ S/A;33.497.660/0001-89
09/04/2021;09/04/2021 17:15:00;TOM & JERRY;TOM & JERRY - O FILME;E2000553800000;DUBLADO;NÃO;ESTADOS UNIDOS;5006059;CENTERPLEX BOULEVARD 01;2;6000006;40317;40318;VITÓRIA DA CONQUISTA;BA;CINE ELI BAHIA CINEMAS LTDA - EM RECUPERACAO JUDICIAL;30.096.740/0001-34
09/04/2021;09/04/2021 17:15:00;TOM & JERRY;TOM & JERRY - O FILME;E2000553800000;DUBLADO;NÃO;ESTADOS UNIDOS;5000171;KINOPLEX PARKSHOPPING 2;9;6000037;2364;2415;BRASÍLIA;DF;CINEMAS PARIS SEVERIANO RIBEIRO LTDA;31.611.189/0001-82
09/04/2021;09/04/2021 17:20:00;SPUTNIK;ESTRANHO PASSSAGEIRO - SPUTNIK;E2000513800000;DUBLADO;NÃO;RÚSSIA;5006644;PLAYARTE RORAIMA GARDEN SALA 03;2;6000049;39188;47248;BOA VISTA;RR;MULTIPLEX DO BRASIL ENTRETENIMENTO LTDA;27.595.833/0001-07
09/04/2021;09/04/2021 17:20:00;THE EMPTY MAN;O MENSAGEIRO DO ÚLTIMO DIA;E2000471300000;DUBLADO;NÃO;ESTADOS UNIDOS;5000155;PÁTIO BRASIL 3;7;6000037;1991;2412;BRASÍLIA;DF;EMPRESA CINEMAS SÃO LUIZ S/A;33.497.660/0001-89
09/04/2021;09/04/2021 17:20:00;THE WIDOW;A VIÚVA DAS SOMBRAS;E2100005000000;DUBLADO;NÃO;RÚSSIA;5001959;KINOPLEX NOVA AMÉRICA SALA 03;21;6000037;1991;2426;RIO DE JANEIRO;RJ;EMPRESA CINEMAS SÃO LUIZ S/A;33.497.660/0001-89
09/04/2021;09/04/2021 17:20:00;THE WIDOW;A VIÚVA DAS SOMBRAS;E2100005000000;DUBLADO;NÃO;RÚSSIA;5000061;SALA KINOPLEX MADUREIRA 01;8;6000037;1991;2389;RIO DE JANEIRO;RJ;EMPRESA CINEMAS SÃO LUIZ S/A;33.497.660/0001-89
09/04/2021;09/04/2021 17:20:00;WONDER WOMAN 1984;MULHER-MARAVILHA 1984;E2000170200000;DUBLADO;NÃO;CANADÁ;5000167;KINOPLEX PARKSHOPPING 1;4;6000037;2364;2415;BRASÍLIA;DF;CINEMAS PARIS SEVERIANO RIBEIRO LTDA;31.611.189/0001-82
09/04/2021;09/04/2021 17:20:00;WONDER WOMAN 1984;MULHER-MARAVILHA 1984;E2000170200000;DUBLADO;NÃO;CANADÁ;5000770;NEW YORK CITY CENTER - SALA 06;0;6000058;749;2620;RIO DE JANEIRO;RJ;UNITED CINEMAS INTERNATIONAL BRASIL LTDA.;01.289.530/0001-64
09/04/2021;09/04/2021 17:20:00;WONDER WOMAN 1984;MULHER-MARAVILHA 1984;E2000170200000;DUBLADO;NÃO;CANADÁ;5004809;SHOPPING BOSQUE DOS IPÊS- SALA 03;0;6000058;749;27590;CAMPO GRANDE;MS;UNITED CINEMAS INTERNATIONAL BRASIL LTDA.;01.289.530/0001-64
09/04/2021;09/04/2021 17:30:00;JUDAS AND THE BLACK MESSIAH;JUDAS E O MESSIAS NEGRO;E2100040400000;ORIGINAL;SIM;ESTADOS UNIDOS;5000168;KINOPLEX PARKSHOPPING 5;4;6000037;2364;2415;BRASÍLIA;DF;CINEMAS PARIS SEVERIANO RIBEIRO LTDA;31.611.189/0001-82
09/04/2021;09/04/2021 17:30:00;LUCICREIDE VAI PRA MARTE;;B1900421800000;ORIGINAL;NÃO;BRASIL;5006494;CINE INTER SANTA INES 02;0;6000140;44834;44835;SANTA INÊS;MA;CINEINTER EXIBICOES CINEMATOGRAFICAS LTDA;35.477.354/0001-06
09/04/2021;09/04/2021 17:30:00;MONSTER HUNTER;MONSTER HUNTER;E2000403800000;DUBLADO;NÃO;ESTADOS UNIDOS;5006670;CINE ITAGUARI - SALA 2;2;6000141;45886;48010;SANTO ANTÔNIO DE JESUS;BA;GF ANDRADE ENTRETENIMENTO E COMÉRCIO LTDA;23.200.362/0001-21
09/04/2021;09/04/2021 17:30:00;RAYA AND THE LAST DRAGON;RAYA E O ÚLTIMO DRAGÃO;E2100035300000;DUBLADO;NÃO;ESTADOS UNIDOS;5005545;CINE COLOMBO RESENDE SALA 03;0;6000008;15833;33011;RESENDE;RJ;CINE A LTDA;10.894.937/0001-01
09/04/2021;09/04/2021 17:30:00;RAYA AND THE LAST DRAGON;RAYA E O ÚLTIMO DRAGÃO;E2100035300000;DUBLADO;NÃO;ESTADOS UNIDOS;5005726;KINOPLEX IGUAÇU TOP SALA 06;13;6000037;1991;2387;NOVA IGUAÇU;RJ;EMPRESA CINEMAS SÃO LUIZ S/A;33.497.660/0001-89
09/04/2021;09/04/2021 17:30:00;RAYA AND THE LAST DRAGON;RAYA E O ÚLTIMO DRAGÃO;E2100035300000;DUBLADO;NÃO;ESTADOS UNIDOS;5005563;KINOPLEX NOVA IGUAÇU SALA 02 KINOEVOLUTION;9;6000037;1991;33119;NOVA IGUAÇU;RJ;EMPRESA CINEMAS SÃO LUIZ S/A;33.497.660/0001-89
09/04/2021;09/04/2021 17:30:01;LUCICREIDE VAI PRA MARTE;;B1900421800000;ORIGINAL;NÃO;BRASIL;5006061;CENTERPLEX BOULEVARD 03;0;6000006;40317;40318;VITÓRIA DA CONQUISTA;BA;CINE ELI BAHIA CINEMAS LTDA - EM RECUPERACAO JUDICIAL;30.096.740/0001-34
09/04/2021;09/04/2021 17:35:00;RAYA AND THE LAST DRAGON;RAYA E O ÚLTIMO DRAGÃO;E2100035300000;DUBLADO;NÃO;ESTADOS UNIDOS;5002052;UCI - KINOPLEX NORTE SHOPPING - SALA 10;4;6000059;2612;12748;RIO DE JANEIRO;RJ;UCI RIBEIRO LTDA;02.117.937/0001-77
09/04/2021;09/04/2021 17:35:00;THE WIDOW;A VIÚVA DAS SOMBRAS;E2100005000000;DUBLADO;NÃO;RÚSSIA;5005271;MULTICINE SANTA MARIA SALA 02;0;6000045;5935;30733;BRASÍLIA;DF;MULTICINE CINEMAS LTDA;07.609.246/0001-04
09/04/2021;09/04/2021 17:40:00;DRUK;DRUK - MAIS UMA RODADA;E2100078400000;ORIGINAL;SIM;DINAMARCA;5000169;KINOPLEX PARKSHOPPING 6;3;6000037;2364;2415;BRASÍLIA;DF;CINEMAS PARIS SEVERIANO RIBEIRO LTDA;31.611.189/0001-82
09/04/2021;09/04/2021 17:40:00;MONSTER HUNTER;MONSTER HUNTER;E2000403800000;DUBLADO;NÃO;ESTADOS UNIDOS;5002745;KINOPLEX BOULEVARD 02;5;6000037;1991;16402;BRASÍLIA;DF;EMPRESA CINEMAS SÃO LUIZ S/A;33.497.660/0001-89
09/04/2021;09/04/2021 17:40:00;RAYA AND THE LAST DRAGON;RAYA E O ÚLTIMO DRAGÃO;E2100035300000;DUBLADO;NÃO;ESTADOS UNIDOS;5000780;NEW YORK CITY CENTER - SALA 16;4;6000058;749;2620;RIO DE JANEIRO;RJ;UNITED CINEMAS INTERNATIONAL BRASIL LTDA.;01.289.530/0001-64
09/04/2021;09/04/2021 17:40:00;THE WIDOW;A VIÚVA DAS SOMBRAS;E2100005000000;DUBLADO;NÃO;RÚSSIA;5001662;ORIENT CINEPLACE BOULEVARD SHOPPING - SALA 3;14;6000046;2869;6630;FEIRA DE SANTANA;BA;FEIRA PLEXCINE LTDA.;04.547.950/0001-91
09/04/2021;09/04/2021 17:45:00;RAYA AND THE LAST DRAGON;RAYA E O ÚLTIMO DRAGÃO;E2100035300000;DUBLADO;NÃO;ESTADOS UNIDOS;5006138;SALA CINE GUEDES 03;0;;23266;23267;PATOS;PB;LILIANE ROCHA DE MEDEIROS GUEDES-ME;16.844.526/0001-98
09/04/2021;09/04/2021 17:50:00;THE FATHER;THE FATHER;E1900616300000;ORIGINAL;SIM;INGLATERRA;5003765;UCI BRASIL - PARK SHOPPING CG - SALA 2;6;6000058;749;23929;RIO DE JANEIRO;RJ;UNITED CINEMAS INTERNATIONAL BRASIL LTDA.;01.289.530/0001-64
09/04/2021;09/04/2021 18:00:00;HONEST THIEF;LEGADO EXPLOSIVO;E2000416200000;DUBLADO;NÃO;ESTADOS UNIDOS;5000154;PÁTIO BRASIL 2;4;6000037;1991;2412;BRASÍLIA;DF;EMPRESA CINEMAS SÃO LUIZ S/A;33.497.660/0001-89
09/04/2021;09/04/2021 18:00:00;MONSTER HUNTER;MONSTER HUNTER;E2000403800000;DUBLADO;NÃO;ESTADOS UNIDOS;5006484;CINE + ARTE SOMBRIO 01;2;6000103;44714;44715;SOMBRIO;SC;CINE + ARTE SOMBRIO LTDA;35.505.937/0001-01
09/04/2021;09/04/2021 18:00:00;MONSTER HUNTER;MONSTER HUNTER;E2000403800000;DUBLADO;NÃO;ESTADOS UNIDOS;5006058;CINE GRACHER JOAÇABA SALA 03;2;6000032;5979;40234;JOAÇABA;SC;CINE GRACHER LTDA;07.272.690/0001-87
09/04/2021;09/04/2021 18:00:00;MONSTER HUNTER;MONSTER HUNTER;E2000403800000;DUBLADO;NÃO;ESTADOS UNIDOS;5004812;SHOPPING BOSQUE DOS IPÊS- SALA 06;2;6000058;749;27590;CAMPO GRANDE;MS;UNITED CINEMAS INTERNATIONAL BRASIL LTDA.;01.289.530/0001-64
09/04/2021;09/04/2021 18:00:00;RAYA AND THE LAST DRAGON;RAYA E O ÚLTIMO DRAGÃO;E2100035300000;DUBLADO;NÃO;ESTADOS UNIDOS;5002102;CINE DRIVEIN;97;;5465;6715;BRASÍLIA;DF;STARK'S CINEMA E LANCHONETE LTDA.;32.917.296/0001-04
09/04/2021;09/04/2021 18:00:00;RAYA AND THE LAST DRAGON;RAYA E O ÚLTIMO DRAGÃO;E2100035300000;DUBLADO;NÃO;ESTADOS UNIDOS;5006056;CINE GRACHER JOAÇABA SALA 01;2;6000032;5979;40234;JOAÇABA;SC;CINE GRACHER LTDA;07.272.690/0001-87
09/04/2021;09/04/2021 18:00:00;RAYA AND THE LAST DRAGON;RAYA E O ÚLTIMO DRAGÃO;E2100035300000;DUBLADO;NÃO;ESTADOS UNIDOS;5000210;IGUATEMI 1;2;6000037;1991;2425;RIO DE JANEIRO;RJ;EMPRESA CINEMAS SÃO LUIZ S/A;33.497.660/0001-89
09/04/2021;09/04/2021 18:00:00;RAYA AND THE LAST DRAGON;RAYA E O ÚLTIMO DRAGÃO;E2100035300000;DUBLADO;NÃO;ESTADOS UNIDOS;5000204;KINOPLEX GRANDE RIO 1;30;6000037;1991;2424;SÃO JOÃO DE MERITI;RJ;EMPRESA CINEMAS SÃO LUIZ S/A;33.497.660/0001-89
09/04/2021;09/04/2021 18:00:00;THE FATHER;THE FATHER;E1900616300000;ORIGINAL;SIM;INGLATERRA;5000765;NEW YORK CITY CENTER - SALA 01;11;6000058;749;2620;RIO DE JANEIRO;RJ;UNITED CINEMAS INTERNATIONAL BRASIL LTDA.;01.289.530/0001-64
09/04/2021;09/04/2021 18:00:00;TOM & JERRY;TOM & JERRY - O FILME;E2000553800000;DUBLADO;NÃO;ESTADOS UNIDOS;5006643;PLAYARTE RORAIMA GARDEN SALA 02;2;6000049;39188;47248;BOA VISTA;RR;MULTIPLEX DO BRASIL ENTRETENIMENTO LTDA;27.595.833/0001-07
09/04/2021;09/04/2021 18:00:00;WONDER WOMAN 1984;MULHER-MARAVILHA 1984;E2000170200000;DUBLADO;NÃO;CANADÁ;5003766;UCI BRASIL - SHOPPING CG - SALA 03;6;6000058;749;23929;RIO DE JANEIRO;RJ;UNITED CINEMAS INTERNATIONAL BRASIL LTDA.;01.289.530/0001-64
09/04/2021;09/04/2021 18:05:00;DEPOIS A LOUCA SOU EU;;B2000078000000;DUBLADO;NÃO;BRASIL;5002059;UCI - KINOPLEX NORTE SHOPPING - SALA 07;1;6000059;2612;12748;RIO DE JANEIRO;RJ;UCI RIBEIRO LTDA;02.117.937/0001-77
09/04/2021;09/04/2021 18:10:00;LUCICREIDE VAI PRA MARTE;;B1900421800000;ORIGINAL;NÃO;BRASIL;5003652;SALA CINE GUEDES 01;5;;23266;23267;PATOS;PB;LILIANE ROCHA DE MEDEIROS GUEDES-ME;16.844.526/0001-98
09/04/2021;09/04/2021 18:10:00;MONSTER HUNTER;MONSTER HUNTER;E2000403800000;DUBLADO;NÃO;ESTADOS UNIDOS;5000206;KINOPLEX GRANDE RIO 3;5;6000037;1991;2424;SÃO JOÃO DE MERITI;RJ;EMPRESA CINEMAS SÃO LUIZ S/A;33.497.660/0001-89
09/04/2021;09/04/2021 18:10:00;MONSTER HUNTER;MONSTER HUNTER;E2000403800000;DUBLADO;NÃO;ESTADOS UNIDOS;5005564;KINOPLEX NOVA IGUAÇU SALA 03 PLATINUM;9;6000037;1991;33119;NOVA IGUAÇU;RJ;EMPRESA CINEMAS SÃO LUIZ S/A;33.497.660/0001-89
09/04/2021;09/04/2021 18:10:00;THE FATHER;THE FATHER;E1900616300000;ORIGINAL;SIM;INGLATERRA;5000166;KINOPLEX PARKSHOPPING 4;12;6000037;2364;2415;BRASÍLIA;DF;CINEMAS PARIS SEVERIANO RIBEIRO LTDA;31.611.189/0001-82
09/04/2021;09/04/2021 18:10:00;THE FATHER;THE FATHER;E1900616300000;ORIGINAL;SIM;INGLATERRA;5002179;KINOPLEX TIJUCA SALA 05;12;6000037;11751;13416;RIO DE JANEIRO;RJ;SR RIO DE JANEIRO CINEMAS S/A;08.262.566/0001-01
09/04/2021;09/04/2021 18:15:00;RAYA AND THE LAST DRAGON;RAYA E O ÚLTIMO DRAGÃO;E2100035300000;DUBLADO;NÃO;ESTADOS UNIDOS;5006001;CINE GRACHER INDAIAL - SALA 04;2;6000032;5979;39283;INDAIAL;SC;CINE GRACHER LTDA;07.272.690/0001-87
09/04/2021;09/04/2021 18:15:00;RAYA AND THE LAST DRAGON;RAYA E O ÚLTIMO DRAGÃO;E2100035300000;DUBLADO;NÃO;ESTADOS UNIDOS;5006112;CINE GRACHER SÃO BENTO 02;1;6000032;5979;41056;SÃO BENTO DO SUL;SC;CINE GRACHER LTDA;07.272.690/0001-87
09/04/2021;09/04/2021 18:15:00;RAYA AND THE LAST DRAGON;RAYA E O ÚLTIMO DRAGÃO;E2100035300000;DUBLADO;NÃO;ESTADOS UNIDOS;5004300;SALA VILA RICA 1 3D;5;;14637;14638;PRIMAVERA DO LESTE;MT;MAURICIO JOSE NICOLINO & CIA LTDA;05.724.035/0001-97
09/04/2021;09/04/2021 18:20:00;FOLLOW ME;SEM SAÍDA;E2100006300000;DUBLADO;NÃO;ESTADOS UNIDOS;5006657;SALA CINE VIEIRA 01;3;;47551;47598;SÃO BENTO;PB;COSTA E VIEIRA EMPREENDIMENTOS LTDA;10.866.528/0001-00
09/04/2021;09/04/2021 18:20:00;HONEST THIEF;LEGADO EXPLOSIVO;E2000416200000;DUBLADO;NÃO;ESTADOS UNIDOS;5005725;KINOPLEX IGUAÇU TOP SALA 05;11;6000037;1991;2387;NOVA IGUAÇU;RJ;EMPRESA CINEMAS SÃO LUIZ S/A;33.497.660/0001-89
09/04/2021;09/04/2021 18:20:00;JUDAS AND THE BLACK MESSIAH;JUDAS E O MESSIAS NEGRO;E2100040400000;ORIGINAL;SIM;ESTADOS UNIDOS;5000774;NEW YORK CITY CENTER - SALA 10;4;6000058;749;2620;RIO DE JANEIRO;RJ;UNITED CINEMAS INTERNATIONAL BRASIL LTDA.;01.289.530/0001-64
09/04/2021;09/04/2021 18:20:00;RAYA AND THE LAST DRAGON;RAYA E O ÚLTIMO DRAGÃO;E2100035300000;DUBLADO;NÃO;ESTADOS UNIDOS;5002566;CINE CATARATAS 3;5;;15565;15566;FOZ DO IGUAÇU;PR;CINE CATARATAS LTDA;09.010.219/0001-46
09/04/2021;09/04/2021 18:20:00;RAYA AND THE LAST DRAGON;RAYA E O ÚLTIMO DRAGÃO;E2100035300000;DUBLADO;NÃO;ESTADOS UNIDOS;5000066;KINOPLEX RIO SUL - SALA KINOEVOLUTIUM 02;2;6000037;1991;2390;RIO DE JANEIRO;RJ;EMPRESA CINEMAS SÃO LUIZ S/A;33.497.660/0001-89
09/04/2021;09/04/2021 18:20:00;RAYA AND THE LAST DRAGON;RAYA E O ÚLTIMO DRAGÃO;E2100035300000;DUBLADO;NÃO;ESTADOS UNIDOS;5005018;KINOPLEX VIA PARQUE 4- KINOEVOLUTION;8;6000037;1991;13454;RIO DE JANEIRO;RJ;EMPRESA CINEMAS SÃO LUIZ S/A;33.497.660/0001-89
09/04/2021;09/04/2021 18:20:00;THE WIDOW;A VIÚVA DAS SOMBRAS;E2100005000000;DUBLADO;NÃO;RÚSSIA;5004810;SHOPPING BOSQUE DOS IPÊS- SALA 04;0;6000058;749;27590;CAMPO GRANDE;MS;UNITED CINEMAS INTERNATIONAL BRASIL LTDA.;01.289.530/0001-64
09/04/2021;09/04/2021 18:20:00;TOM & JERRY;TOM & JERRY - O FILME;E2000553800000;DUBLADO;NÃO;ESTADOS UNIDOS;5003762;UCI BRASIL PARK CG - SALA 04;4;6000058;749;23929;RIO DE JANEIRO;RJ;UNITED CINEMAS INTERNATIONAL BRASIL LTDA.;01.289.530/0001-64
09/04/2021;09/04/2021 18:30:00;DRUK;DRUK - MAIS UMA RODADA;E2100078400000;ORIGINAL;SIM;DINAMARCA;5000067;KINOPLEX RIO SUL - SALA PLATINUM 03;8;6000037;1991;2390;RIO DE JANEIRO;RJ;EMPRESA CINEMAS SÃO LUIZ S/A;33.497.660/0001-89
09/04/2021;09/04/2021 18:30:00;DRUK;DRUK - MAIS UMA RODADA;E2100078400000;ORIGINAL;SIM;DINAMARCA;5001932;SALA KINOPLEX LEBLON SALA 02;9;6000037;11751;11752;RIO DE JANEIRO;RJ;SR RIO DE JANEIRO CINEMAS S/A;08.262.566/0001-01
09/04/2021;09/04/2021 18:30:00;LUCICREIDE VAI PRA MARTE;;B1900421800000;DUBLADO;NÃO;BRASIL;5002053;UCI - KINOPLEX NORTE SHOPPING - SALA 08;1;6000059;2612;12748;RIO DE JANEIRO;RJ;UCI RIBEIRO LTDA;02.117.937/0001-77
09/04/2021;09/04/2021 18:30:00;MONSTER HUNTER;MONSTER HUNTER;E2000403800000;DUBLADO;NÃO;ESTADOS UNIDOS;5002565;CINE CATARATAS 2;5;;15565;15566;FOZ DO IGUAÇU;PR;CINE CATARATAS LTDA;09.010.219/0001-46
09/04/2021;09/04/2021 18:30:00;MONSTER HUNTER;MONSTER HUNTER;E2000403800000;DUBLADO;NÃO;ESTADOS UNIDOS;5005543;CINE COLOMBO RESENDE SALA 01;0;6000008;15833;33011;RESENDE;RJ;CINE A LTDA;10.894.937/0001-01
09/04/2021;09/04/2021 18:30:00;MONSTER HUNTER;MONSTER HUNTER;E2000403800000;DUBLADO;NÃO;ESTADOS UNIDOS;5006000;CINE GRACHER INDAIAL - SALA 03;2;6000032;5979;39283;INDAIAL;SC;CINE GRACHER LTDA;07.272.690/0001-87
09/04/2021;09/04/2021 18:30:00;MONSTER HUNTER;MONSTER HUNTER;E2000403800000;DUBLADO;NÃO;ESTADOS UNIDOS;5006114;CINE GRACHER SÃO BENTO 04;0;6000032;5979;41056;SÃO BENTO DO SUL;SC;CINE GRACHER LTDA;07.272.690/0001-87
09/04/2021;09/04/2021 18:30:00;MONSTER HUNTER;MONSTER HUNTER;E2000403800000;DUBLADO;NÃO;ESTADOS UNIDOS;5001960;KINOPLEX NOVA AMÉRICA SALA 04;6;6000037;1991;2426;RIO DE JANEIRO;RJ;EMPRESA CINEMAS SÃO LUIZ S/A;33.497.660/0001-89
09/04/2021;09/04/2021 18:30:00;MONSTER HUNTER;MONSTER HUNTER;E2000403800000;DUBLADO;NÃO;ESTADOS UNIDOS;5002355;SALA VILA RICA 2 CONVENCIONAL;3;;14637;14638;PRIMAVERA DO LESTE;MT;MAURICIO JOSE NICOLINO & CIA LTDA;05.724.035/0001-97
09/04/2021;09/04/2021 18:30:00;RAYA AND THE LAST DRAGON;RAYA E O ÚLTIMO DRAGÃO;E2100035300000;DUBLADO;NÃO;ESTADOS UNIDOS;5005289;GRUPO CINE FRAIBURGO;4;6000034;30763;30765;FRAIBURGO;SC;CINEMA FRAIBURGO LTDA;17.067.309/0001-00
09/04/2021;09/04/2021 18:30:00;THE FATHER;THE FATHER;E1900616300000;ORIGINAL;SIM;INGLATERRA;5005019;KINOPLEX VIA PARQUE 5;9;6000037;1991;13454;RIO DE JANEIRO;RJ;EMPRESA CINEMAS SÃO LUIZ S/A;33.497.660/0001-89
09/04/2021;09/04/2021 18:30:00;THE FATHER;THE FATHER;E1900616300000;ORIGINAL;SIM;INGLATERRA;5002057;UCI - KINOPLEX NORTE SHOPPING - SALA 03;8;6000059;2612;12748;RIO DE JANEIRO;RJ;UCI RIBEIRO LTDA;02.117.937/0001-77
09/04/2021;09/04/2021 18:30:00;THE WIDOW;A VIÚVA DAS SOMBRAS;E2100005000000;DUBLADO;NÃO;RÚSSIA;5000205;KINOPLEX GRANDE RIO 2;26;6000037;1991;2424;SÃO JOÃO DE MERITI;RJ;EMPRESA CINEMAS SÃO LUIZ S/A;33.497.660/0001-89
09/04/2021;09/04/2021 18:30:00;TOM & JERRY;TOM & JERRY - O FILME;E2000553800000;DUBLADO;NÃO;ESTADOS UNIDOS;5005998;CINE GRACHER INDAIAL - SALA 01;0;6000032;5979;39283;INDAIAL;SC;CINE GRACHER LTDA;07.272.690/0001-87
09/04/2021;09/04/2021 18:30:00;TOM & JERRY;TOM & JERRY - O FILME;E2000553800000;DUBLADO;NÃO;ESTADOS UNIDOS;5006111;CINE GRACHER SÃO BENTO 01;0;6000032;5979;41056;SÃO BENTO DO SUL;SC;CINE GRACHER LTDA;07.272.690/0001-87
09/04/2021;09/04/2021 18:30:00;WONDER WOMAN 1984;MULHER-MARAVILHA 1984;E2000170200000;DUBLADO;NÃO;CANADÁ;5006645;PLAYARTE RORAIMA GARDEN SALA 04;5;6000049;39188;47248;BOA VISTA;RR;MULTIPLEX DO BRASIL ENTRETENIMENTO LTDA;27.595.833/0001-07
09/04/2021;09/04/2021 18:40:00;DRUK;DRUK - MAIS UMA RODADA;E2100078400000;ORIGINAL;SIM;DINAMARCA;5005994;CINE BARRA POINT SALA 01;3;6000083;14200;39233;RIO DE JANEIRO;RJ;ARTE VITAL EXIBIÇÕES CINEMATOGRÁFICAS LTDA;03.459.043/0001-28
09/04/2021;09/04/2021 18:40:00;DRUK;DRUK - MAIS UMA RODADA;E2100078400000;ORIGINAL;SIM;DINAMARCA;5002178;KINOPLEX TIJUCA SALA 04;15;6000037;11751;13416;RIO DE JANEIRO;RJ;SR RIO DE JANEIRO CINEMAS S/A;08.262.566/0001-01
09/04/2021;09/04/2021 18:40:00;LUCICREIDE VAI PRA MARTE;;B1900421800000;ORIGINAL;NÃO;BRASIL;5006493;CINE INTER SANTA INES 01;0;6000140;44834;44835;SANTA INÊS;MA;CINEINTER EXIBICOES CINEMATOGRAFICAS LTDA;35.477.354/0001-06
09/04/2021;09/04/2021 18:40:00;LUCICREIDE VAI PRA MARTE;;B1900421800000;ORIGINAL;NÃO;BRASIL;5005724;KINOPLEX IGUAÇU TOP SALA 04;10;6000037;1991;2387;NOVA IGUAÇU;RJ;EMPRESA CINEMAS SÃO LUIZ S/A;33.497.660/0001-89
09/04/2021;09/04/2021 18:40:00;MONSTER HUNTER;MONSTER HUNTER;E2000403800000;DUBLADO;NÃO;ESTADOS UNIDOS;5000212;IGUATEMI 3;2;6000037;1991;2425;RIO DE JANEIRO;RJ;EMPRESA CINEMAS SÃO LUIZ S/A;33.497.660/0001-89
09/04/2021;09/04/2021 18:40:00;MONSTER HUNTER;MONSTER HUNTER;E2000403800000;DUBLADO;NÃO;ESTADOS UNIDOS;5000063;SALA KINOPLEX MADUREIRA 03;15;6000037;1991;2389;RIO DE JANEIRO;RJ;EMPRESA CINEMAS SÃO LUIZ S/A;33.497.660/0001-89
09/04/2021;09/04/2021 18:40:00;RAYA AND THE LAST DRAGON;RAYA E O ÚLTIMO DRAGÃO;E2100035300000;DUBLADO;NÃO;ESTADOS UNIDOS;5005272;MULTICINE SANTA MARIA SALA 03;3;6000045;5935;30733;BRASÍLIA;DF;MULTICINE CINEMAS LTDA;07.609.246/0001-04
09/04/2021;09/04/2021 18:40:00;THE WIDOW;A VIÚVA DAS SOMBRAS;E2100005000000;DUBLADO;NÃO;RÚSSIA;5005568;KINOPLEX NOVA IGUAÇU SALA 07;24;6000037;1991;33119;NOVA IGUAÇU;RJ;EMPRESA CINEMAS SÃO LUIZ S/A;33.497.660/0001-89
09/04/2021;09/04/2021 18:40:00;THE WIDOW;A VIÚVA DAS SOMBRAS;E2100005000000;DUBLADO;NÃO;RÚSSIA;5002891;KINOPLEX WEST SHOPPING RIO 02;0;6000037;1991;17366;RIO DE JANEIRO;RJ;EMPRESA CINEMAS SÃO LUIZ S/A;33.497.660/0001-89
09/04/2021;09/04/2021 18:40:00;THE WIDOW;A VIÚVA DAS SOMBRAS;E2100005000000;DUBLADO;NÃO;RÚSSIA;5003764;UCI BRASIL - PARK SHOPPING - SALA 1;0;6000058;749;23929;RIO DE JANEIRO;RJ;UNITED CINEMAS INTERNATIONAL BRASIL LTDA.;01.289.530/0001-64
09/04/2021;09/04/2021 18:40:00;THE WIDOW;A VIÚVA DAS SOMBRAS;E2100005000000;DUBLADO;NÃO;RÚSSIA;5003756;UCI BRASIL CG - SALA 05;11;6000058;749;23929;RIO DE JANEIRO;RJ;UNITED CINEMAS INTERNATIONAL BRASIL LTDA.;01.289.530/0001-64
09/04/2021;09/04/2021 18:45:00;MONSTER HUNTER;MONSTER HUNTER;E2000403800000;DUBLADO;NÃO;ESTADOS UNIDOS;5001862;CINE GRACHER LTDA;0;6000032;5979;6687;BRUSQUE;SC;CINE GRACHER LTDA;07.272.690/0001-87
09/04/2021;09/04/2021 18:45:00;RAYA AND THE LAST DRAGON;RAYA E O ÚLTIMO DRAGÃO;E2100035300000;DUBLADO;NÃO;ESTADOS UNIDOS;5004504;CINE GRACHER ESPAÇO HAVAN 1;0;6000032;5979;26111;BRUSQUE;SC;CINE GRACHER LTDA;07.272.690/0001-87
09/04/2021;09/04/2021 18:45:00;TOM & JERRY;TOM & JERRY - O FILME;E2000553800000;DUBLADO;NÃO;ESTADOS UNIDOS;5001861;CINE GRACHER LTDA;2;6000032;5979;6687;BRUSQUE;SC;CINE GRACHER LTDA;07.272.690/0001-87
09/04/2021;09/04/2021 18:50:00;RAYA AND THE LAST DRAGON;RAYA E O ÚLTIMO DRAGÃO;E2100035300000;DUBLADO;NÃO;ESTADOS UNIDOS;5000149;TERRAÇO 2;9;6000037;1991;2411;BRASÍLIA;DF;EMPRESA CINEMAS SÃO LUIZ S/A;33.497.660/0001-89
09/04/2021;09/04/2021 18:50:00;THE FATHER;THE FATHER;E1900616300000;ORIGINAL;SIM;INGLATERRA;5001930;SALA KINOPLEX LEBLON SALA 01;10;6000037;11751;11752;RIO DE JANEIRO;RJ;SR RIO DE JANEIRO CINEMAS S/A;08.262.566/0001-01
09/04/2021;09/04/2021 19:00:00;MONSTER HUNTER;MONSTER HUNTER;E2000403800000;DUBLADO;NÃO;ESTADOS UNIDOS;5005270;MULTICINE SANTA MARIA SALA 01;0;6000045;5935;30733;BRASÍLIA;DF;MULTICINE CINEMAS LTDA;07.609.246/0001-04
09/04/2021;09/04/2021 19:00:00;MONSTER HUNTER;MONSTER HUNTER;E2000403800000;DUBLADO;NÃO;ESTADOS UNIDOS;5000778;NEW YORK CITY CENTER - SALA 14;2;6000058;749;2620;RIO DE JANEIRO;RJ;UNITED CINEMAS INTERNATIONAL BRASIL LTDA.;01.289.530/0001-64
09/04/2021;09/04/2021 19:00:00;RAYA AND THE LAST DRAGON;RAYA E O ÚLTIMO DRAGÃO;E2100035300000;DUBLADO;NÃO;ESTADOS UNIDOS;5001957;KINOPLEX NOVA AMÉRICA SALA 01;8;6000037;1991;2426;RIO DE JANEIRO;RJ;EMPRESA CINEMAS SÃO LUIZ S/A;33.497.660/0001-89
09/04/2021;09/04/2021 19:00:00;RAYA AND THE LAST DRAGON;RAYA E O ÚLTIMO DRAGÃO;E2100035300000;DUBLADO;NÃO;ESTADOS UNIDOS;5002888;KINOPLEX WEST SHOPPING RIO 01;10;6000037;1991;17366;RIO DE JANEIRO;RJ;EMPRESA CINEMAS SÃO LUIZ S/A;33.497.660/0001-89
09/04/2021;09/04/2021 19:00:00;RAYA AND THE LAST DRAGON;RAYA E O ÚLTIMO DRAGÃO;E2100035300000;DUBLADO;NÃO;ESTADOS UNIDOS;5000062;SALA KINOPLEX MADUREIRA 02;12;6000037;1991;2389;RIO DE JANEIRO;RJ;EMPRESA CINEMAS SÃO LUIZ S/A;33.497.660/0001-89
09/04/2021;09/04/2021 19:00:00;THE WIDOW;A VIÚVA DAS SOMBRAS;E2100005000000;DUBLADO;NÃO;RÚSSIA;5004503;CINE GRACHER ESPAÇO HAVAN 3;4;6000032;5979;26111;BRUSQUE;SC;CINE GRACHER LTDA;07.272.690/0001-87
09/04/2021;09/04/2021 19:00:00;THE WIDOW;A VIÚVA DAS SOMBRAS;E2100005000000;DUBLADO;NÃO;RÚSSIA;5000211;IGUATEMI 2;6;6000037;1991;2425;RIO DE JANEIRO;RJ;EMPRESA CINEMAS SÃO LUIZ S/A;33.497.660/0001-89
09/04/2021;09/04/2021 19:00:00;THE WIDOW;A VIÚVA DAS SOMBRAS;E2100005000000;DUBLADO;NÃO;RÚSSIA;5002199;KINOPLEX VIA PARQUE 3;2;6000037;1991;13454;RIO DE JANEIRO;RJ;EMPRESA CINEMAS SÃO LUIZ S/A;33.497.660/0001-89
09/04/2021;09/04/2021 19:00:00;TOM & JERRY;TOM & JERRY - O FILME;E2000553800000;DUBLADO;NÃO;ESTADOS UNIDOS;5004502;CINE GRACHER ESPAÇO HAVAN 2;0;6000032;5979;26111;BRUSQUE;SC;CINE GRACHER LTDA;07.272.690/0001-87
09/04/2021;09/04/2021 19:00:00;WONDER WOMAN 1984;MULHER-MARAVILHA 1984;E2000170200000;DUBLADO;NÃO;CANADÁ;5006113;CINE GRACHER SÃO BENTO 03;1;6000032;5979;41056;SÃO BENTO DO SUL;SC;CINE GRACHER LTDA;07.272.690/0001-87
09/04/2021;09/04/2021 19:10:00;DRUK;DRUK - MAIS UMA RODADA;E2100078400000;ORIGINAL;SIM;DINAMARCA;5002323;CINE SANTA TERESA;1;6000083;14200;14201;RIO DE JANEIRO;RJ;ARTE VITAL EXIBIÇÕES CINEMATOGRÁFICAS LTDA;03.459.043/0001-28
09/04/2021;09/04/2021 19:10:00;HONEST THIEF;LEGADO EXPLOSIVO;E2000416200000;DUBLADO;NÃO;ESTADOS UNIDOS;5001958;KINOPLEX NOVA AMÉRICA SALA 02;4;6000037;1991;2426;RIO DE JANEIRO;RJ;EMPRESA CINEMAS SÃO LUIZ S/A;33.497.660/0001-89
09/04/2021;09/04/2021 19:10:00;HONEST THIEF;LEGADO EXPLOSIVO;E2000416200000;ORIGINAL;SIM;ESTADOS UNIDOS;5000150;TERRAÇO 3;3;6000037;1991;2411;BRASÍLIA;DF;EMPRESA CINEMAS SÃO LUIZ S/A;33.497.660/0001-89
09/04/2021;09/04/2021 19:10:00;MONSTER HUNTER;MONSTER HUNTER;E2000403800000;DUBLADO;NÃO;ESTADOS UNIDOS;5002890;KINOPLEX WEST SHOPPING RIO 03;8;6000037;1991;17366;RIO DE JANEIRO;RJ;EMPRESA CINEMAS SÃO LUIZ S/A;33.497.660/0001-89
09/04/2021;09/04/2021 19:10:00;THE WIDOW;A VIÚVA DAS SOMBRAS;E2100005000000;ORIGINAL;SIM;RÚSSIA;5002180;KINOPLEX TIJUCA SALA 06;15;6000037;11751;13416;RIO DE JANEIRO;RJ;SR RIO DE JANEIRO CINEMAS S/A;08.262.566/0001-01
09/04/2021;09/04/2021 19:20:00;THE WIDOW;A VIÚVA DAS SOMBRAS;E2100005000000;DUBLADO;NÃO;RÚSSIA;5001959;KINOPLEX NOVA AMÉRICA SALA 03;14;6000037;1991;2426;RIO DE JANEIRO;RJ;EMPRESA CINEMAS SÃO LUIZ S/A;33.497.660/0001-89
09/04/2021;09/04/2021 19:20:00;THE WIDOW;A VIÚVA DAS SOMBRAS;E2100005000000;DUBLADO;NÃO;RÚSSIA;5000061;SALA KINOPLEX MADUREIRA 01;6;6000037;1991;2389;RIO DE JANEIRO;RJ;EMPRESA CINEMAS SÃO LUIZ S/A;33.497.660/0001-89
09/04/2021;09/04/2021 19:30:00;PINOCCHIO;PINÓQUIO;E2000294800000;DUBLADO;NÃO;FRANÇA;5000171;KINOPLEX PARKSHOPPING 2;4;6000037;2364;2415;BRASÍLIA;DF;CINEMAS PARIS SEVERIANO RIBEIRO LTDA;31.611.189/0001-82
09/04/2021;09/04/2021 19:30:00;RAYA AND THE LAST DRAGON;RAYA E O ÚLTIMO DRAGÃO;E2100035300000;DUBLADO;NÃO;ESTADOS UNIDOS;5002748;KINOPLEX BOULEVARD 01;4;6000037;1991;16402;BRASÍLIA;DF;EMPRESA CINEMAS SÃO LUIZ S/A;33.497.660/0001-89
09/04/2021;09/04/2021 19:30:00;RAYA AND THE LAST DRAGON;RAYA E O ÚLTIMO DRAGÃO;E2100035300000;DUBLADO;NÃO;ESTADOS UNIDOS;5000153;PÁTIO BRASIL 1;14;6000037;1991;2412;BRASÍLIA;DF;EMPRESA CINEMAS SÃO LUIZ S/A;33.497.660/0001-89
09/04/2021;09/04/2021 19:30:00;THE EMPTY MAN;O MENSAGEIRO DO ÚLTIMO DIA;E2000471300000;DUBLADO;NÃO;ESTADOS UNIDOS;5006494;CINE INTER SANTA INES 02;15;6000140;44834;44835;SANTA INÊS;MA;CINEINTER EXIBICOES CINEMATOGRAFICAS LTDA;35.477.354/0001-06
09/04/2021;09/04/2021 19:30:00;THE EMPTY MAN;O MENSAGEIRO DO ÚLTIMO DIA;E2000471300000;DUBLADO;NÃO;ESTADOS UNIDOS;5005562;KINOPLEX NOVA IGUAÇU SALA 01;8;6000037;1991;33119;NOVA IGUAÇU;RJ;EMPRESA CINEMAS SÃO LUIZ S/A;33.497.660/0001-89
09/04/2021;09/04/2021 19:30:00;THE WIDOW;A VIÚVA DAS SOMBRAS;E2100005000000;DUBLADO;NÃO;RÚSSIA;5005271;MULTICINE SANTA MARIA SALA 02;4;6000045;5935;30733;BRASÍLIA;DF;MULTICINE CINEMAS LTDA;07.609.246/0001-04
09/04/2021;09/04/2021 19:30:00;WONDER WOMAN 1984;MULHER-MARAVILHA 1984;E2000170200000;DUBLADO;NÃO;CANADÁ;5001860;CINE GRACHER LTDA;3;6000032;5979;6687;BRUSQUE;SC;CINE GRACHER LTDA;07.272.690/0001-87
09/04/2021;09/04/2021 19:40:00;RAYA AND THE LAST DRAGON;RAYA E O ÚLTIMO DRAGÃO;E2100035300000;DUBLADO;NÃO;ESTADOS UNIDOS;5000175;KINOPLEX PARKSHOPPING 3;30;6000037;2364;2415;BRASÍLIA;DF;CINEMAS PARIS SEVERIANO RIBEIRO LTDA;31.611.189/0001-82
09/04/2021;09/04/2021 19:40:00;THE WITCHES;CONVENÇÃO DAS BRUXAS;E2000396100000;DUBLADO;NÃO;ESTADOS UNIDOS;5006644;PLAYARTE RORAIMA GARDEN SALA 03;7;6000049;39188;47248;BOA VISTA;RR;MULTIPLEX DO BRASIL ENTRETENIMENTO LTDA;27.595.833/0001-07
09/04/2021;09/04/2021 19:45:00;RAYA AND THE LAST DRAGON;RAYA E O ÚLTIMO DRAGÃO;E2100035300000;DUBLADO;NÃO;ESTADOS UNIDOS;5005545;CINE COLOMBO RESENDE SALA 03;2;6000008;15833;33011;RESENDE;RJ;CINE A LTDA;10.894.937/0001-01
09/04/2021;09/04/2021 20:00:00;LUCICREIDE VAI PRA MARTE;;B1900421800000;ORIGINAL;NÃO;BRASIL;5006138;SALA CINE GUEDES 03;0;;23266;23267;PATOS;PB;LILIANE ROCHA DE MEDEIROS GUEDES-ME;16.844.526/0001-98
09/04/2021;09/04/2021 20:00:00;RAYA AND THE LAST DRAGON;RAYA E O ÚLTIMO DRAGÃO;E2100035300000;DUBLADO;NÃO;ESTADOS UNIDOS;5005726;KINOPLEX IGUAÇU TOP SALA 06;10;6000037;1991;2387;NOVA IGUAÇU;RJ;EMPRESA CINEMAS SÃO LUIZ S/A;33.497.660/0001-89
09/04/2021;09/04/2021 20:00:00;RAYA AND THE LAST DRAGON;RAYA E O ÚLTIMO DRAGÃO;E2100035300000;DUBLADO;NÃO;ESTADOS UNIDOS;5005563;KINOPLEX NOVA IGUAÇU SALA 02 KINOEVOLUTION;29;6000037;1991;33119;NOVA IGUAÇU;RJ;EMPRESA CINEMAS SÃO LUIZ S/A;33.497.660/0001-89
09/04/2021;09/04/2021 20:00:00;THE WIDOW;A VIÚVA DAS SOMBRAS;E2100005000000;DUBLADO;NÃO;RÚSSIA;5002745;KINOPLEX BOULEVARD 02;6;6000037;1991;16402;BRASÍLIA;DF;EMPRESA CINEMAS SÃO LUIZ S/A;33.497.660/0001-89
09/04/2021;09/04/2021 20:00:00;TOM & JERRY;TOM & JERRY - O FILME;E2000553800000;DUBLADO;NÃO;ESTADOS UNIDOS;5002102;CINE DRIVEIN;97;;5465;6715;BRASÍLIA;DF;STARK'S CINEMA E LANCHONETE LTDA.;32.917.296/0001-04
09/04/2021;09/04/2021 20:10:00;MONSTER HUNTER;MONSTER HUNTER;E2000403800000;DUBLADO;NÃO;ESTADOS UNIDOS;5000168;KINOPLEX PARKSHOPPING 5;6;6000037;2364;2415;BRASÍLIA;DF;CINEMAS PARIS SEVERIANO RIBEIRO LTDA;31.611.189/0001-82
09/04/2021;09/04/2021 20:10:00;MONSTER HUNTER;MONSTER HUNTER;E2000403800000;DUBLADO;NÃO;ESTADOS UNIDOS;5000155;PÁTIO BRASIL 3;3;6000037;1991;2412;BRASÍLIA;DF;EMPRESA CINEMAS SÃO LUIZ S/A;33.497.660/0001-89
09/04/2021;09/04/2021 20:10:00;THE WIDOW;A VIÚVA DAS SOMBRAS;E2100005000000;DUBLADO;NÃO;RÚSSIA;5006643;PLAYARTE RORAIMA GARDEN SALA 02;9;6000049;39188;47248;BOA VISTA;RR;MULTIPLEX DO BRASIL ENTRETENIMENTO LTDA;27.595.833/0001-07
09/04/2021;09/04/2021 20:10:00;THE WIDOW;A VIÚVA DAS SOMBRAS;E2100005000000;DUBLADO;NÃO;RÚSSIA;5003652;SALA CINE GUEDES 01;0;;23266;23267;PATOS;PB;LILIANE ROCHA DE MEDEIROS GUEDES-ME;16.844.526/0001-98
09/04/2021;09/04/2021 20:15:00;THE EMPTY MAN;O MENSAGEIRO DO ÚLTIMO DIA;E2000471300000;DUBLADO;NÃO;ESTADOS UNIDOS;5006657;SALA CINE VIEIRA 01;10;;47551;47598;SÃO BENTO;PB;COSTA E VIEIRA EMPREENDIMENTOS LTDA;10.866.528/0001-00
09/04/2021;09/04/2021 20:20:00;FOLLOW ME;SEM SAÍDA;E2100006300000;DUBLADO;NÃO;ESTADOS UNIDOS;5000167;KINOPLEX PARKSHOPPING 1;8;6000037;2364;2415;BRASÍLIA;DF;CINEMAS PARIS SEVERIANO RIBEIRO LTDA;31.611.189/0001-82
09/04/2021;09/04/2021 20:20:00;THE FATHER;THE FATHER;E1900616300000;ORIGINAL;SIM;INGLATERRA;5000169;KINOPLEX PARKSHOPPING 6;20;6000037;2364;2415;BRASÍLIA;DF;CINEMAS PARIS SEVERIANO RIBEIRO LTDA;31.611.189/0001-82
09/04/2021;09/04/2021 20:20:00;THE WIDOW;A VIÚVA DAS SOMBRAS;E2100005000000;DUBLADO;NÃO;RÚSSIA;5000154;PÁTIO BRASIL 2;10;6000037;1991;2412;BRASÍLIA;DF;EMPRESA CINEMAS SÃO LUIZ S/A;33.497.660/0001-89
09/04/2021;09/04/2021 20:30:00;FOLLOW ME;SEM SAÍDA;E2100006300000;DUBLADO;NÃO;ESTADOS UNIDOS;5006493;CINE INTER SANTA INES 01;9;6000140;44834;44835;SANTA INÊS;MA;CINEINTER EXIBICOES CINEMATOGRAFICAS LTDA;35.477.354/0001-06
09/04/2021;09/04/2021 20:30:00;HONEST THIEF;LEGADO EXPLOSIVO;E2000416200000;DUBLADO;NÃO;ESTADOS UNIDOS;5005564;KINOPLEX NOVA IGUAÇU SALA 03 PLATINUM;19;6000037;1991;33119;NOVA IGUAÇU;RJ;EMPRESA CINEMAS SÃO LUIZ S/A;33.497.660/0001-89
09/04/2021;09/04/2021 20:30:00;MONSTER HUNTER;MONSTER HUNTER;E2000403800000;DUBLADO;NÃO;ESTADOS UNIDOS;5002565;CINE CATARATAS 2;6;;15565;15566;FOZ DO IGUAÇU;PR;CINE CATARATAS LTDA;09.010.219/0001-46
09/04/2021;09/04/2021 20:30:00;RAYA AND THE LAST DRAGON;RAYA E O ÚLTIMO DRAGÃO;E2100035300000;DUBLADO;NÃO;ESTADOS UNIDOS;5006056;CINE GRACHER JOAÇABA SALA 01;0;6000032;5979;40234;JOAÇABA;SC;CINE GRACHER LTDA;07.272.690/0001-87
09/04/2021;09/04/2021 20:30:00;THE WIDOW;A VIÚVA DAS SOMBRAS;E2100005000000;DUBLADO;NÃO;RÚSSIA;5006484;CINE + ARTE SOMBRIO 01;5;6000103;44714;44715;SOMBRIO;SC;CINE + ARTE SOMBRIO LTDA;35.505.937/0001-01
09/04/2021;09/04/2021 20:30:00;THE WIDOW;A VIÚVA DAS SOMBRAS;E2100005000000;DUBLADO;NÃO;RÚSSIA;5005543;CINE COLOMBO RESENDE SALA 01;0;6000008;15833;33011;RESENDE;RJ;CINE A LTDA;10.894.937/0001-01
09/04/2021;09/04/2021 20:30:00;THE WIDOW;A VIÚVA DAS SOMBRAS;E2100005000000;DUBLADO;NÃO;RÚSSIA;5006058;CINE GRACHER JOAÇABA SALA 03;5;6000032;5979;40234;JOAÇABA;SC;CINE GRACHER LTDA;07.272.690/0001-87
09/04/2021;09/04/2021 20:30:00;THE WIDOW;A VIÚVA DAS SOMBRAS;E2100005000000;DUBLADO;NÃO;RÚSSIA;5005725;KINOPLEX IGUAÇU TOP SALA 05;37;6000037;1991;2387;NOVA IGUAÇU;RJ;EMPRESA CINEMAS SÃO LUIZ S/A;33.497.660/0001-89
09/04/2021;09/04/2021 20:30:00;THE WIDOW;A VIÚVA DAS SOMBRAS;E2100005000000;DUBLADO;NÃO;RÚSSIA;5000166;KINOPLEX PARKSHOPPING 4;14;6000037;2364;2415;BRASÍLIA;DF;CINEMAS PARIS SEVERIANO RIBEIRO LTDA;31.611.189/0001-82
09/04/2021;09/04/2021 20:40:00;MONSTER HUNTER;MONSTER HUNTER;E2000403800000;DUBLADO;NÃO;ESTADOS UNIDOS;5005724;KINOPLEX IGUAÇU TOP SALA 04;18;6000037;1991;2387;NOVA IGUAÇU;RJ;EMPRESA CINEMAS SÃO LUIZ S/A;33.497.660/0001-89
09/04/2021;09/04/2021 20:40:00;RAYA AND THE LAST DRAGON;RAYA E O ÚLTIMO DRAGÃO;E2100035300000;DUBLADO;NÃO;ESTADOS UNIDOS;5002566;CINE CATARATAS 3;16;;15565;15566;FOZ DO IGUAÇU;PR;CINE CATARATAS LTDA;09.010.219/0001-46
09/04/2021;09/04/2021 20:40:00;THE WIDOW;A VIÚVA DAS SOMBRAS;E2100005000000;DUBLADO;NÃO;RÚSSIA;5005289;GRUPO CINE FRAIBURGO;3;6000034;30763;30765;FRAIBURGO;SC;CINEMA FRAIBURGO LTDA;17.067.309/0001-00
09/04/2021;09/04/2021 20:40:00;THE WIDOW;A VIÚVA DAS SOMBRAS;E2100005000000;DUBLADO;NÃO;RÚSSIA;5005568;KINOPLEX NOVA IGUAÇU SALA 07;13;6000037;1991;33119;NOVA IGUAÇU;RJ;EMPRESA CINEMAS SÃO LUIZ S/A;33.497.660/0001-89
09/04/2021;09/04/2021 20:45:00;FOLLOW ME;SEM SAÍDA;E2100006300000;DUBLADO;NÃO;ESTADOS UNIDOS;5006111;CINE GRACHER SÃO BENTO 01;0;6000032;5979;41056;SÃO BENTO DO SUL;SC;CINE GRACHER LTDA;07.272.690/0001-87
09/04/2021;09/04/2021 20:45:00;RAYA AND THE LAST DRAGON;RAYA E O ÚLTIMO DRAGÃO;E2100035300000;DUBLADO;NÃO;ESTADOS UNIDOS;5006001;CINE GRACHER INDAIAL - SALA 04;0;6000032;5979;39283;INDAIAL;SC;CINE GRACHER LTDA;07.272.690/0001-87
09/04/2021;09/04/2021 20:45:00;RAYA AND THE LAST DRAGON;RAYA E O ÚLTIMO DRAGÃO;E2100035300000;DUBLADO;NÃO;ESTADOS UNIDOS;5006112;CINE GRACHER SÃO BENTO 02;7;6000032;5979;41056;SÃO BENTO DO SUL;SC;CINE GRACHER LTDA;07.272.690/0001-87
09/04/2021;09/04/2021 20:45:00;THE WIDOW;A VIÚVA DAS SOMBRAS;E2100005000000;DUBLADO;NÃO;RÚSSIA;5006000;CINE GRACHER INDAIAL - SALA 03;2;6000032;5979;39283;INDAIAL;SC;CINE GRACHER LTDA;07.272.690/0001-87
09/04/2021;09/04/2021 20:45:00;THE WIDOW;A VIÚVA DAS SOMBRAS;E2100005000000;DUBLADO;NÃO;RÚSSIA;5006114;CINE GRACHER SÃO BENTO 04;0;6000032;5979;41056;SÃO BENTO DO SUL;SC;CINE GRACHER LTDA;07.272.690/0001-87
09/04/2021;09/04/2021 20:45:00;TOM & JERRY;TOM & JERRY - O FILME;E2000553800000;DUBLADO;NÃO;ESTADOS UNIDOS;5005998;CINE GRACHER INDAIAL - SALA 01;4;6000032;5979;39283;INDAIAL;SC;CINE GRACHER LTDA;07.272.690/0001-87
09/04/2021;09/04/2021 21:00:00;TOM & JERRY;TOM & JERRY - O FILME;E2000553800000;DUBLADO;NÃO;ESTADOS UNIDOS;5004502;CINE GRACHER ESPAÇO HAVAN 2;0;6000032;5979;26111;BRUSQUE;SC;CINE GRACHER LTDA;07.272.690/0001-87
09/04/2021;09/04/2021 21:15:00;FOLLOW ME;SEM SAÍDA;E2100006300000;DUBLADO;NÃO;ESTADOS UNIDOS;5001862;CINE GRACHER LTDA;1;6000032;5979;6687;BRUSQUE;SC;CINE GRACHER LTDA;07.272.690/0001-87
09/04/2021;09/04/2021 21:15:00;RAYA AND THE LAST DRAGON;RAYA E O ÚLTIMO DRAGÃO;E2100035300000;DUBLADO;NÃO;ESTADOS UNIDOS;5004504;CINE GRACHER ESPAÇO HAVAN 1;0;6000032;5979;26111;BRUSQUE;SC;CINE GRACHER LTDA;07.272.690/0001-87
09/04/2021;09/04/2021 21:15:00;THE WIDOW;A VIÚVA DAS SOMBRAS;E2100005000000;DUBLADO;NÃO;RÚSSIA;5004503;CINE GRACHER ESPAÇO HAVAN 3;6;6000032;5979;26111;BRUSQUE;SC;CINE GRACHER LTDA;07.272.690/0001-87
09/04/2021;09/04/2021 21:15:00;TOM & JERRY;TOM & JERRY - O FILME;E2000553800000;DUBLADO;NÃO;ESTADOS UNIDOS;5001861;CINE GRACHER LTDA;4;6000032;5979;6687;BRUSQUE;SC;CINE GRACHER LTDA;07.272.690/0001-87
10/04/2021;10/04/2021 09:40:00;RAYA AND THE LAST DRAGON;RAYA E O ÚLTIMO DRAGÃO;E2100035300000;DUBLADO;NÃO;ESTADOS UNIDOS;5004300;SALA VILA RICA 1 3D;3;;14637;14638;PRIMAVERA DO LESTE;MT;MAURICIO JOSE NICOLINO & CIA LTDA;05.724.035/0001-97
10/04/2021;10/04/2021 10:00:00;MONSTER HUNTER;MONSTER HUNTER;E2000403800000;DUBLADO;NÃO;ESTADOS UNIDOS;5002355;SALA VILA RICA 2 CONVENCIONAL;0;;14637;14638;PRIMAVERA DO LESTE;MT;MAURICIO JOSE NICOLINO & CIA LTDA;05.724.035/0001-97
10/04/2021;10/04/2021 13:20:00;RAYA AND THE LAST DRAGON;RAYA E O ÚLTIMO DRAGÃO;E2100035300000;DUBLADO;NÃO;ESTADOS UNIDOS;5002566;CINE CATARATAS 3;7;;15565;15566;FOZ DO IGUAÇU;PR;CINE CATARATAS LTDA;09.010.219/0001-46
10/04/2021;10/04/2021 14:00:00;FOLLOW ME;SEM SAÍDA;E2100006300000;DUBLADO;NÃO;ESTADOS UNIDOS;5000206;KINOPLEX GRANDE RIO 3;12;6000037;1991;2424;SÃO JOÃO DE MERITI;RJ;EMPRESA CINEMAS SÃO LUIZ S/A;33.497.660/0001-89
10/04/2021;10/04/2021 14:00:00;JUDAS AND THE BLACK MESSIAH;JUDAS E O MESSIAS NEGRO;E2100040400000;ORIGINAL;SIM;ESTADOS UNIDOS;5000068;KINOPLEX RIO SUL - SALA PLATINUM 04;6;6000037;1991;2390;RIO DE JANEIRO;RJ;EMPRESA CINEMAS SÃO LUIZ S/A;33.497.660/0001-89
10/04/2021;10/04/2021 14:00:00;JUDAS AND THE BLACK MESSIAH;JUDAS E O MESSIAS NEGRO;E2100040400000;ORIGINAL;SIM;ESTADOS UNIDOS;5002179;KINOPLEX TIJUCA SALA 05;11;6000037;11751;13416;RIO DE JANEIRO;RJ;SR RIO DE JANEIRO CINEMAS S/A;08.262.566/0001-01
10/04/2021;10/04/2021 14:00:00;JUDAS AND THE BLACK MESSIAH;JUDAS E O MESSIAS NEGRO;E2100040400000;ORIGINAL;SIM;ESTADOS UNIDOS;5005019;KINOPLEX VIA PARQUE 5;2;6000037;1991;13454;RIO DE JANEIRO;RJ;EMPRESA CINEMAS SÃO LUIZ S/A;33.497.660/0001-89
10/04/2021;10/04/2021 14:00:00;PINOCCHIO;PINÓQUIO;E2000294800000;DUBLADO;NÃO;FRANÇA;5000150;TERRAÇO 3;4;6000037;1991;2411;BRASÍLIA;DF;EMPRESA CINEMAS SÃO LUIZ S/A;33.497.660/0001-89
10/04/2021;10/04/2021 14:00:00;RAYA AND THE LAST DRAGON;RAYA E O ÚLTIMO DRAGÃO;E2100035300000;DUBLADO;NÃO;ESTADOS UNIDOS;5001957;KINOPLEX NOVA AMÉRICA SALA 01;11;6000037;1991;2426;RIO DE JANEIRO;RJ;EMPRESA CINEMAS SÃO LUIZ S/A;33.497.660/0001-89
10/04/2021;10/04/2021 14:00:00;RAYA AND THE LAST DRAGON;RAYA E O ÚLTIMO DRAGÃO;E2100035300000;DUBLADO;NÃO;ESTADOS UNIDOS;5002180;KINOPLEX TIJUCA SALA 06;4;6000037;11751;13416;RIO DE JANEIRO;RJ;SR RIO DE JANEIRO CINEMAS S/A;08.262.566/0001-01
10/04/2021;10/04/2021 14:00:00;RAYA AND THE LAST DRAGON;RAYA E O ÚLTIMO DRAGÃO;E2100035300000;DUBLADO;NÃO;ESTADOS UNIDOS;5002888;KINOPLEX WEST SHOPPING RIO 01;0;6000037;1991;17366;RIO DE JANEIRO;RJ;EMPRESA CINEMAS SÃO LUIZ S/A;33.497.660/0001-89
10/04/2021;10/04/2021 14:00:00;RAYA AND THE LAST DRAGON;RAYA E O ÚLTIMO DRAGÃO;E2100035300000;DUBLADO;NÃO;ESTADOS UNIDOS;5001931;SALA KINOPLEX LEBLON SALA 03;2;6000037;11751;11752;RIO DE JANEIRO;RJ;SR RIO DE JANEIRO CINEMAS S/A;08.262.566/0001-01
10/04/2021;10/04/2021 14:00:00;RAYA AND THE LAST DRAGON;RAYA E O ÚLTIMO DRAGÃO;E2100035300000;DUBLADO;NÃO;ESTADOS UNIDOS;5000062;SALA KINOPLEX MADUREIRA 02;1;6000037;1991;2389;RIO DE JANEIRO;RJ;EMPRESA CINEMAS SÃO LUIZ S/A;33.497.660/0001-89
10/04/2021;10/04/2021 14:00:00;SCOOB!;SCOOBY - O FILME;E2000026400000;DUBLADO;NÃO;ESTADOS UNIDOS;5002178;KINOPLEX TIJUCA SALA 04;0;6000037;11751;13416;RIO DE JANEIRO;RJ;SR RIO DE JANEIRO CINEMAS S/A;08.262.566/0001-01
10/04/2021;10/04/2021 14:00:00;SCOOB!;SCOOBY - O FILME;E2000026400000;DUBLADO;NÃO;ESTADOS UNIDOS;5005018;KINOPLEX VIA PARQUE 4- KINOEVOLUTION;12;6000037;1991;13454;RIO DE JANEIRO;RJ;EMPRESA CINEMAS SÃO LUIZ S/A;33.497.660/0001-89
10/04/2021;10/04/2021 14:00:00;THE FATHER;THE FATHER;E1900616300000;ORIGINAL;SIM;INGLATERRA;5001932;SALA KINOPLEX LEBLON SALA 02;8;6000037;11751;11752;RIO DE JANEIRO;RJ;SR RIO DE JANEIRO CINEMAS S/A;08.262.566/0001-01
10/04/2021;10/04/2021 14:00:00;TOM & JERRY;TOM & JERRY - O FILME;E2000553800000;DUBLADO;NÃO;ESTADOS UNIDOS;5006060;CENTERPLEX BOULEVARD 02;1;6000006;40317;40318;VITÓRIA DA CONQUISTA;BA;CINE ELI BAHIA CINEMAS LTDA - EM RECUPERACAO JUDICIAL;30.096.740/0001-34
10/04/2021;10/04/2021 14:00:00;TOM & JERRY;TOM & JERRY - O FILME;E2000553800000;DUBLADO;NÃO;ESTADOS UNIDOS;5002565;CINE CATARATAS 2;12;;15565;15566;FOZ DO IGUAÇU;PR;CINE CATARATAS LTDA;09.010.219/0001-46
10/04/2021;10/04/2021 14:00:00;TOM & JERRY;TOM & JERRY - O FILME;E2000553800000;DUBLADO;NÃO;ESTADOS UNIDOS;5000066;KINOPLEX RIO SUL - SALA KINOEVOLUTIUM 02;8;6000037;1991;2390;RIO DE JANEIRO;RJ;EMPRESA CINEMAS SÃO LUIZ S/A;33.497.660/0001-89
10/04/2021;10/04/2021 14:00:00;TOM & JERRY;TOM & JERRY - O FILME;E2000553800000;DUBLADO;NÃO;ESTADOS UNIDOS;5002051;UCI - KINOPLEX NORTE SHOPPING - SALA 02;4;6000059;2612;12748;RIO DE JANEIRO;RJ;UCI RIBEIRO LTDA;02.117.937/0001-77
10/04/2021;10/04/2021 14:10:00;THE FATHER;THE FATHER;E1900616300000;ORIGINAL;SIM;INGLATERRA;5000067;KINOPLEX RIO SUL - SALA PLATINUM 03;3;6000037;1991;2390;RIO DE JANEIRO;RJ;EMPRESA CINEMAS SÃO LUIZ S/A;33.497.660/0001-89
10/04/2021;10/04/2021 14:10:00;TOM & JERRY;TOM & JERRY - O FILME;E2000553800000;DUBLADO;NÃO;ESTADOS UNIDOS;5000149;TERRAÇO 2;1;6000037;1991;2411;BRASÍLIA;DF;EMPRESA CINEMAS SÃO LUIZ S/A;33.497.660/0001-89
10/04/2021;10/04/2021 14:20:00;LUCICREIDE VAI PRA MARTE;;B1900421800000;ORIGINAL;NÃO;BRASIL;5001960;KINOPLEX NOVA AMÉRICA SALA 04;5;6000037;1991;2426;RIO DE JANEIRO;RJ;EMPRESA CINEMAS SÃO LUIZ S/A;33.497.660/0001-89
10/04/2021;10/04/2021 14:20:00;LUCICREIDE VAI PRA MARTE;;B1900421800000;DUBLADO;NÃO;BRASIL;5002053;UCI - KINOPLEX NORTE SHOPPING - SALA 08;1;6000059;2612;12748;RIO DE JANEIRO;RJ;UCI RIBEIRO LTDA;02.117.937/0001-77
10/04/2021;10/04/2021 14:20:00;TOM & JERRY;TOM & JERRY - O FILME;E2000553800000;DUBLADO;NÃO;ESTADOS UNIDOS;5000205;KINOPLEX GRANDE RIO 2;15;6000037;1991;2424;SÃO JOÃO DE MERITI;RJ;EMPRESA CINEMAS SÃO LUIZ S/A;33.497.660/0001-89
10/04/2021;10/04/2021 14:30:00;JUDAS AND THE BLACK MESSIAH;JUDAS E O MESSIAS NEGRO;E2100040400000;ORIGINAL;SIM;ESTADOS UNIDOS;5001959;KINOPLEX NOVA AMÉRICA SALA 03;7;6000037;1991;2426;RIO DE JANEIRO;RJ;EMPRESA CINEMAS SÃO LUIZ S/A;33.497.660/0001-89
10/04/2021;10/04/2021 14:30:00;LUCICREIDE VAI PRA MARTE;;B1900421800000;ORIGINAL;NÃO;BRASIL;5006062;CENTERPLEX BOULEVARD 04;2;6000006;40317;40318;VITÓRIA DA CONQUISTA;BA;CINE ELI BAHIA CINEMAS LTDA - EM RECUPERACAO JUDICIAL;30.096.740/0001-34
10/04/2021;10/04/2021 14:30:00;TOM & JERRY;TOM & JERRY - O FILME;E2000553800000;DUBLADO;NÃO;ESTADOS UNIDOS;5002746;KINOPLEX BOULEVARD 03;0;6000037;1991;16402;BRASÍLIA;DF;EMPRESA CINEMAS SÃO LUIZ S/A;33.497.660/0001-89
10/04/2021;10/04/2021 14:30:00;TOM & JERRY;TOM & JERRY - O FILME;E2000553800000;DUBLADO;NÃO;ESTADOS UNIDOS;5002199;KINOPLEX VIA PARQUE 3;3;6000037;1991;13454;RIO DE JANEIRO;RJ;EMPRESA CINEMAS SÃO LUIZ S/A;33.497.660/0001-89
10/04/2021;10/04/2021 14:30:00;TOM & JERRY;TOM & JERRY - O FILME;E2000553800000;DUBLADO;NÃO;ESTADOS UNIDOS;5000063;SALA KINOPLEX MADUREIRA 03;11;6000037;1991;2389;RIO DE JANEIRO;RJ;EMPRESA CINEMAS SÃO LUIZ S/A;33.497.660/0001-89
10/04/2021;10/04/2021 14:40:00;RAYA AND THE LAST DRAGON;RAYA E O ÚLTIMO DRAGÃO;E2100035300000;DUBLADO;NÃO;ESTADOS UNIDOS;5000175;KINOPLEX PARKSHOPPING 3;28;6000037;2364;2415;BRASÍLIA;DF;CINEMAS PARIS SEVERIANO RIBEIRO LTDA;31.611.189/0001-82
10/04/2021;10/04/2021 14:40:00;RAYA AND THE LAST DRAGON;RAYA E O ÚLTIMO DRAGÃO;E2100035300000;DUBLADO;NÃO;ESTADOS UNIDOS;5002052;UCI - KINOPLEX NORTE SHOPPING - SALA 10;2;6000059;2612;12748;RIO DE JANEIRO;RJ;UCI RIBEIRO LTDA;02.117.937/0001-77
10/04/2021;10/04/2021 14:40:00;THE WIDOW;A VIÚVA DAS SOMBRAS;E2100005000000;DUBLADO;NÃO;RÚSSIA;5002891;KINOPLEX WEST SHOPPING RIO 02;7;6000037;1991;17366;RIO DE JANEIRO;RJ;EMPRESA CINEMAS SÃO LUIZ S/A;33.497.660/0001-89
10/04/2021;10/04/2021 14:40:00;TOM & JERRY;TOM & JERRY - O FILME;E2000553800000;DUBLADO;NÃO;ESTADOS UNIDOS;5001958;KINOPLEX NOVA AMÉRICA SALA 02;17;6000037;1991;2426;RIO DE JANEIRO;RJ;EMPRESA CINEMAS SÃO LUIZ S/A;33.497.660/0001-89
10/04/2021;10/04/2021 14:40:00;TOM & JERRY;TOM & JERRY - O FILME;E2000553800000;DUBLADO;NÃO;ESTADOS UNIDOS;5005270;MULTICINE SANTA MARIA SALA 01;4;6000045;5935;30733;BRASÍLIA;DF;MULTICINE CINEMAS LTDA;07.609.246/0001-04
10/04/2021;10/04/2021 14:45:00;LUCICREIDE VAI PRA MARTE;;B1900421800000;ORIGINAL;NÃO;BRASIL;5006493;CINE INTER SANTA INES 01;0;6000140;44834;44835;SANTA INÊS;MA;CINEINTER EXIBICOES CINEMATOGRAFICAS LTDA;35.477.354/0001-06
10/04/2021;10/04/2021 14:45:00;TOM & JERRY;TOM & JERRY - O FILME;E2000553800000;DUBLADO;NÃO;ESTADOS UNIDOS;5005562;KINOPLEX NOVA IGUAÇU SALA 01;13;6000037;1991;33119;NOVA IGUAÇU;RJ;EMPRESA CINEMAS SÃO LUIZ S/A;33.497.660/0001-89
10/04/2021;10/04/2021 14:50:00;THE EMPTY MAN;O MENSAGEIRO DO ÚLTIMO DIA;E2000471300000;DUBLADO;NÃO;ESTADOS UNIDOS;5006494;CINE INTER SANTA INES 02;3;6000140;44834;44835;SANTA INÊS;MA;CINEINTER EXIBICOES CINEMATOGRAFICAS LTDA;35.477.354/0001-06
10/04/2021;10/04/2021 14:50:00;THE EMPTY MAN;O MENSAGEIRO DO ÚLTIMO DIA;E2000471300000;DUBLADO;NÃO;ESTADOS UNIDOS;5000207;KINOPLEX GRANDE RIO 4;6;6000037;1991;2424;SÃO JOÃO DE MERITI;RJ;EMPRESA CINEMAS SÃO LUIZ S/A;33.497.660/0001-89
10/04/2021;10/04/2021 14:50:00;TOM & JERRY;TOM & JERRY - O FILME;E2000553800000;DUBLADO;NÃO;ESTADOS UNIDOS;5002890;KINOPLEX WEST SHOPPING RIO 03;0;6000037;1991;17366;RIO DE JANEIRO;RJ;EMPRESA CINEMAS SÃO LUIZ S/A;33.497.660/0001-89
10/04/2021;10/04/2021 15:00:00;A MULHER DA LUZ PRÓPRIA;;B1900320300000;ORIGINAL;NÃO;BRASIL;5002323;CINE SANTA TERESA;0;6000083;14200;14201;RIO DE JANEIRO;RJ;ARTE VITAL EXIBIÇÕES CINEMATOGRÁFICAS LTDA;03.459.043/0001-28
10/04/2021;10/04/2021 15:00:00;LUCICREIDE VAI PRA MARTE;;B1900421800000;DUBLADO;NÃO;BRASIL;5000770;NEW YORK CITY CENTER - SALA 06;0;6000058;749;2620;RIO DE JANEIRO;RJ;UNITED CINEMAS INTERNATIONAL BRASIL LTDA.;01.289.530/0001-64
10/04/2021;10/04/2021 15:00:00;PINOCCHIO;PINÓQUIO;E2000294800000;DUBLADO;NÃO;FRANÇA;5003766;UCI BRASIL - SHOPPING CG - SALA 03;16;6000058;749;23929;RIO DE JANEIRO;RJ;UNITED CINEMAS INTERNATIONAL BRASIL LTDA.;01.289.530/0001-64
10/04/2021;10/04/2021 15:00:00;RAYA AND THE LAST DRAGON;RAYA E O ÚLTIMO DRAGÃO;E2100035300000;DUBLADO;NÃO;ESTADOS UNIDOS;5002748;KINOPLEX BOULEVARD 01;12;6000037;1991;16402;BRASÍLIA;DF;EMPRESA CINEMAS SÃO LUIZ S/A;33.497.660/0001-89
10/04/2021;10/04/2021 15:00:00;RAYA AND THE LAST DRAGON;RAYA E O ÚLTIMO DRAGÃO;E2100035300000;DUBLADO;NÃO;ESTADOS UNIDOS;5005726;KINOPLEX IGUAÇU TOP SALA 06;16;6000037;1991;2387;NOVA IGUAÇU;RJ;EMPRESA CINEMAS SÃO LUIZ S/A;33.497.660/0001-89
10/04/2021;10/04/2021 15:00:00;RAYA AND THE LAST DRAGON;RAYA E O ÚLTIMO DRAGÃO;E2100035300000;DUBLADO;NÃO;ESTADOS UNIDOS;5005563;KINOPLEX NOVA IGUAÇU SALA 02 KINOEVOLUTION;26;6000037;1991;33119;NOVA IGUAÇU;RJ;EMPRESA CINEMAS SÃO LUIZ S/A;33.497.660/0001-89
10/04/2021;10/04/2021 15:00:00;RAYA AND THE LAST DRAGON;RAYA E O ÚLTIMO DRAGÃO;E2100035300000;DUBLADO;NÃO;ESTADOS UNIDOS;5000153;PÁTIO BRASIL 1;2;6000037;1991;2412;BRASÍLIA;DF;EMPRESA CINEMAS SÃO LUIZ S/A;33.497.660/0001-89
10/04/2021;10/04/2021 15:00:00;RAYA AND THE LAST DRAGON;RAYA E O ÚLTIMO DRAGÃO;E2100035300000;DUBLADO;NÃO;ESTADOS UNIDOS;5004809;SHOPPING BOSQUE DOS IPÊS- SALA 03;12;6000058;749;27590;CAMPO GRANDE;MS;UNITED CINEMAS INTERNATIONAL BRASIL LTDA.;01.289.530/0001-64
10/04/2021;10/04/2021 15:00:00;THE WITCHES;CONVENÇÃO DAS BRUXAS;E2000396100000;DUBLADO;NÃO;ESTADOS UNIDOS;5000213;IGUATEMI 4;7;6000037;1991;2425;RIO DE JANEIRO;RJ;EMPRESA CINEMAS SÃO LUIZ S/A;33.497.660/0001-89
10/04/2021;10/04/2021 15:00:00;THE WITCHES;CONVENÇÃO DAS BRUXAS;E2000396100000;DUBLADO;NÃO;ESTADOS UNIDOS;5006644;PLAYARTE RORAIMA GARDEN SALA 03;5;6000049;39188;47248;BOA VISTA;RR;MULTIPLEX DO BRASIL ENTRETENIMENTO LTDA;27.595.833/0001-07
10/04/2021;10/04/2021 15:00:00;TOM & JERRY;TOM & JERRY - O FILME;E2000553800000;DUBLADO;NÃO;ESTADOS UNIDOS;5006059;CENTERPLEX BOULEVARD 01;1;6000006;40317;40318;VITÓRIA DA CONQUISTA;BA;CINE ELI BAHIA CINEMAS LTDA - EM RECUPERACAO JUDICIAL;30.096.740/0001-34
10/04/2021;10/04/2021 15:00:00;TOM & JERRY;TOM & JERRY - O FILME;E2000553800000;DUBLADO;NÃO;ESTADOS UNIDOS;5000171;KINOPLEX PARKSHOPPING 2;6;6000037;2364;2415;BRASÍLIA;DF;CINEMAS PARIS SEVERIANO RIBEIRO LTDA;31.611.189/0001-82
10/04/2021;10/04/2021 15:00:00;WONDER WOMAN 1984;MULHER-MARAVILHA 1984;E2000170200000;DUBLADO;NÃO;CANADÁ;5002057;UCI - KINOPLEX NORTE SHOPPING - SALA 03;6;6000059;2612;12748;RIO DE JANEIRO;RJ;UCI RIBEIRO LTDA;02.117.937/0001-77
10/04/2021;10/04/2021 15:00:01;LUCICREIDE VAI PRA MARTE;;B1900421800000;ORIGINAL;NÃO;BRASIL;5005789;CIDADE LUZ 3 MAXXI STADIUM;0;;32725;32727;GUARABIRA;PB;VERONILDO COUTINHO DE SOUSA EIRELI- EPP;24.248.972/0001-68
10/04/2021;10/04/2021 15:10:00;RAYA AND THE LAST DRAGON;RAYA E O ÚLTIMO DRAGÃO;E2100035300000;DUBLADO;NÃO;ESTADOS UNIDOS;5005272;MULTICINE SANTA MARIA SALA 03;4;6000045;5935;30733;BRASÍLIA;DF;MULTICINE CINEMAS LTDA;07.609.246/0001-04
10/04/2021;10/04/2021 15:10:00;THE WITCHES;CONVENÇÃO DAS BRUXAS;E2000396100000;DUBLADO;NÃO;ESTADOS UNIDOS;5000168;KINOPLEX PARKSHOPPING 5;13;6000037;2364;2415;BRASÍLIA;DF;CINEMAS PARIS SEVERIANO RIBEIRO LTDA;31.611.189/0001-82
10/04/2021;10/04/2021 15:10:00;TOM & JERRY;TOM & JERRY - O FILME;E2000553800000;DUBLADO;NÃO;ESTADOS UNIDOS;5000155;PÁTIO BRASIL 3;10;6000037;1991;2412;BRASÍLIA;DF;EMPRESA CINEMAS SÃO LUIZ S/A;33.497.660/0001-89
10/04/2021;10/04/2021 15:15:00;LUCICREIDE VAI PRA MARTE;;B1900421800000;ORIGINAL;NÃO;BRASIL;5000167;KINOPLEX PARKSHOPPING 1;7;6000037;2364;2415;BRASÍLIA;DF;CINEMAS PARIS SEVERIANO RIBEIRO LTDA;31.611.189/0001-82
10/04/2021;10/04/2021 15:15:01;TOM & JERRY;TOM & JERRY - O FILME;E2000553800000;DUBLADO;NÃO;ESTADOS UNIDOS;5005545;CINE COLOMBO RESENDE SALA 03;0;6000008;15833;33011;RESENDE;RJ;CINE A LTDA;10.894.937/0001-01
10/04/2021;10/04/2021 15:20:00;DEPOIS A LOUCA SOU EU;;B2000078000000;DUBLADO;NÃO;BRASIL;5000780;NEW YORK CITY CENTER - SALA 16;6;6000058;749;2620;RIO DE JANEIRO;RJ;UNITED CINEMAS INTERNATIONAL BRASIL LTDA.;01.289.530/0001-64
10/04/2021;10/04/2021 15:20:00;MONSTER HUNTER;MONSTER HUNTER;E2000403800000;ORIGINAL;SIM;ESTADOS UNIDOS;5000169;KINOPLEX PARKSHOPPING 6;12;6000037;2364;2415;BRASÍLIA;DF;CINEMAS PARIS SEVERIANO RIBEIRO LTDA;31.611.189/0001-82
10/04/2021;10/04/2021 15:20:00;MONSTER HUNTER;MONSTER HUNTER;E2000403800000;DUBLADO;NÃO;ESTADOS UNIDOS;5002059;UCI - KINOPLEX NORTE SHOPPING - SALA 07;7;6000059;2612;12748;RIO DE JANEIRO;RJ;UCI RIBEIRO LTDA;02.117.937/0001-77
10/04/2021;10/04/2021 15:20:00;PINOCCHIO;PINÓQUIO;E2000294800000;DUBLADO;NÃO;FRANÇA;5004812;SHOPPING BOSQUE DOS IPÊS- SALA 06;4;6000058;749;27590;CAMPO GRANDE;MS;UNITED CINEMAS INTERNATIONAL BRASIL LTDA.;01.289.530/0001-64
10/04/2021;10/04/2021 15:20:00;RAYA AND THE LAST DRAGON;RAYA E O ÚLTIMO DRAGÃO;E2100035300000;DUBLADO;NÃO;ESTADOS UNIDOS;5000210;IGUATEMI 1;8;6000037;1991;2425;RIO DE JANEIRO;RJ;EMPRESA CINEMAS SÃO LUIZ S/A;33.497.660/0001-89
10/04/2021;10/04/2021 15:20:00;RAYA AND THE LAST DRAGON;RAYA E O ÚLTIMO DRAGÃO;E2100035300000;DUBLADO;NÃO;ESTADOS UNIDOS;5003762;UCI BRASIL PARK CG - SALA 04;19;6000058;749;23929;RIO DE JANEIRO;RJ;UNITED CINEMAS INTERNATIONAL BRASIL LTDA.;01.289.530/0001-64
10/04/2021;10/04/2021 15:20:00;THE WIDOW;A VIÚVA DAS SOMBRAS;E2100005000000;DUBLADO;NÃO;RÚSSIA;5000061;SALA KINOPLEX MADUREIRA 01;6;6000037;1991;2389;RIO DE JANEIRO;RJ;EMPRESA CINEMAS SÃO LUIZ S/A;33.497.660/0001-89
10/04/2021;10/04/2021 15:30:00;LUCICREIDE VAI PRA MARTE;;B1900421800000;ORIGINAL;NÃO;BRASIL;5006061;CENTERPLEX BOULEVARD 03;0;6000006;40317;40318;VITÓRIA DA CONQUISTA;BA;CINE ELI BAHIA CINEMAS LTDA - EM RECUPERACAO JUDICIAL;30.096.740/0001-34
10/04/2021;10/04/2021 15:30:00;MONSTER HUNTER;MONSTER HUNTER;E2000403800000;DUBLADO;NÃO;ESTADOS UNIDOS;5006058;CINE GRACHER JOAÇABA SALA 03;5;6000032;5979;40234;JOAÇABA;SC;CINE GRACHER LTDA;07.272.690/0001-87
10/04/2021;10/04/2021 15:30:00;RAYA AND THE LAST DRAGON;RAYA E O ÚLTIMO DRAGÃO;E2100035300000;DUBLADO;NÃO;ESTADOS UNIDOS;5006001;CINE GRACHER INDAIAL - SALA 04;2;6000032;5979;39283;INDAIAL;SC;CINE GRACHER LTDA;07.272.690/0001-87
10/04/2021;10/04/2021 15:30:00;RAYA AND THE LAST DRAGON;RAYA E O ÚLTIMO DRAGÃO;E2100035300000;DUBLADO;NÃO;ESTADOS UNIDOS;5006056;CINE GRACHER JOAÇABA SALA 01;0;6000032;5979;40234;JOAÇABA;SC;CINE GRACHER LTDA;07.272.690/0001-87
10/04/2021;10/04/2021 15:30:00;RAYA AND THE LAST DRAGON;RAYA E O ÚLTIMO DRAGÃO;E2100035300000;DUBLADO;NÃO;ESTADOS UNIDOS;5006086;CINE GRACHER PORTO BELO SALA 04;4;6000032;5979;40771;PORTO BELO;SC;CINE GRACHER LTDA;07.272.690/0001-87
10/04/2021;10/04/2021 15:30:00;RAYA AND THE LAST DRAGON;RAYA E O ÚLTIMO DRAGÃO;E2100035300000;DUBLADO;NÃO;ESTADOS UNIDOS;5006112;CINE GRACHER SÃO BENTO 02;8;6000032;5979;41056;SÃO BENTO DO SUL;SC;CINE GRACHER LTDA;07.272.690/0001-87
10/04/2021;10/04/2021 15:30:00;RAYA AND THE LAST DRAGON;RAYA E O ÚLTIMO DRAGÃO;E2100035300000;DUBLADO;NÃO;ESTADOS UNIDOS;5000204;KINOPLEX GRANDE RIO 1;38;6000037;1991;2424;SÃO JOÃO DE MERITI;RJ;EMPRESA CINEMAS SÃO LUIZ S/A;33.497.660/0001-89
10/04/2021;10/04/2021 15:30:00;WONDER WOMAN 1984;MULHER-MARAVILHA 1984;E2000170200000;DUBLADO;NÃO;CANADÁ;5005543;CINE COLOMBO RESENDE SALA 01;3;6000008;15833;33011;RESENDE;RJ;CINE A LTDA;10.894.937/0001-01
10/04/2021;10/04/2021 15:30:00;WONDER WOMAN 1984;MULHER-MARAVILHA 1984;E2000170200000;DUBLADO;NÃO;CANADÁ;5005568;KINOPLEX NOVA IGUAÇU SALA 07;16;6000037;1991;33119;NOVA IGUAÇU;RJ;EMPRESA CINEMAS SÃO LUIZ S/A;33.497.660/0001-89
10/04/2021;10/04/2021 15:40:00;LUCICREIDE VAI PRA MARTE;;B1900421800000;DUBLADO;NÃO;BRASIL;5003765;UCI BRASIL - PARK SHOPPING CG - SALA 2;9;6000058;749;23929;RIO DE JANEIRO;RJ;UNITED CINEMAS INTERNATIONAL BRASIL LTDA.;01.289.530/0001-64
10/04/2021;10/04/2021 15:40:00;THE FATHER;THE FATHER;E1900616300000;ORIGINAL;SIM;INGLATERRA;5000765;NEW YORK CITY CENTER - SALA 01;29;6000058;749;2620;RIO DE JANEIRO;RJ;UNITED CINEMAS INTERNATIONAL BRASIL LTDA.;01.289.530/0001-64
10/04/2021;10/04/2021 15:40:00;THE WIDOW;A VIÚVA DAS SOMBRAS;E2100005000000;DUBLADO;NÃO;RÚSSIA;5005271;MULTICINE SANTA MARIA SALA 02;2;6000045;5935;30733;BRASÍLIA;DF;MULTICINE CINEMAS LTDA;07.609.246/0001-04
10/04/2021;10/04/2021 15:40:00;THE WITCHES;CONVENÇÃO DAS BRUXAS;E2000396100000;DUBLADO;NÃO;ESTADOS UNIDOS;5002745;KINOPLEX BOULEVARD 02;3;6000037;1991;16402;BRASÍLIA;DF;EMPRESA CINEMAS SÃO LUIZ S/A;33.497.660/0001-89
10/04/2021;10/04/2021 15:50:00;HONEST THIEF;LEGADO EXPLOSIVO;E2000416200000;DUBLADO;NÃO;ESTADOS UNIDOS;5005564;KINOPLEX NOVA IGUAÇU SALA 03 PLATINUM;29;6000037;1991;33119;NOVA IGUAÇU;RJ;EMPRESA CINEMAS SÃO LUIZ S/A;33.497.660/0001-89
10/04/2021;10/04/2021 15:50:00;RAYA AND THE LAST DRAGON;RAYA E O ÚLTIMO DRAGÃO;E2100035300000;DUBLADO;NÃO;ESTADOS UNIDOS;5001930;SALA KINOPLEX LEBLON SALA 01;8;6000037;11751;11752;RIO DE JANEIRO;RJ;SR RIO DE JANEIRO CINEMAS S/A;08.262.566/0001-01
10/04/2021;10/04/2021 15:50:00;TOM & JERRY;TOM & JERRY - O FILME;E2000553800000;DUBLADO;NÃO;ESTADOS UNIDOS;5006643;PLAYARTE RORAIMA GARDEN SALA 02;4;6000049;39188;47248;BOA VISTA;RR;MULTIPLEX DO BRASIL ENTRETENIMENTO LTDA;27.595.833/0001-07
10/04/2021;10/04/2021 16:00:00;FOLLOW ME;SEM SAÍDA;E2100006300000;DUBLADO;NÃO;ESTADOS UNIDOS;5000057;KINOPLEX IGUAÇU TOP SALA 02;26;6000037;1991;2387;NOVA IGUAÇU;RJ;EMPRESA CINEMAS SÃO LUIZ S/A;33.497.660/0001-89
10/04/2021;10/04/2021 16:00:00;HONEST THIEF;LEGADO EXPLOSIVO;E2000416200000;DUBLADO;NÃO;ESTADOS UNIDOS;5000206;KINOPLEX GRANDE RIO 3;21;6000037;1991;2424;SÃO JOÃO DE MERITI;RJ;EMPRESA CINEMAS SÃO LUIZ S/A;33.497.660/0001-89
10/04/2021;10/04/2021 16:00:00;JUDAS AND THE BLACK MESSIAH;JUDAS E O MESSIAS NEGRO;E2100040400000;ORIGINAL;SIM;ESTADOS UNIDOS;5005994;CINE BARRA POINT SALA 01;4;6000083;14200;39233;RIO DE JANEIRO;RJ;ARTE VITAL EXIBIÇÕES CINEMATOGRÁFICAS LTDA;03.459.043/0001-28
10/04/2021;10/04/2021 16:00:00;MONSTER HUNTER;MONSTER HUNTER;E2000403800000;DUBLADO;NÃO;ESTADOS UNIDOS;5006000;CINE GRACHER INDAIAL - SALA 03;4;6000032;5979;39283;INDAIAL;SC;CINE GRACHER LTDA;07.272.690/0001-87
10/04/2021;10/04/2021 16:00:00;MONSTER HUNTER;MONSTER HUNTER;E2000403800000;DUBLADO;NÃO;ESTADOS UNIDOS;5006085;CINE GRACHER PORTO BELO SALA 03;0;6000032;5979;40771;PORTO BELO;SC;CINE GRACHER LTDA;07.272.690/0001-87
10/04/2021;10/04/2021 16:00:00;MONSTER HUNTER;MONSTER HUNTER;E2000403800000;DUBLADO;NÃO;ESTADOS UNIDOS;5006114;CINE GRACHER SÃO BENTO 04;2;6000032;5979;41056;SÃO BENTO DO SUL;SC;CINE GRACHER LTDA;07.272.690/0001-87
10/04/2021;10/04/2021 16:00:00;RAYA AND THE LAST DRAGON;RAYA E O ÚLTIMO DRAGÃO;E2100035300000;DUBLADO;NÃO;ESTADOS UNIDOS;5002566;CINE CATARATAS 3;14;;15565;15566;FOZ DO IGUAÇU;PR;CINE CATARATAS LTDA;09.010.219/0001-46
10/04/2021;10/04/2021 16:00:00;RAYA AND THE LAST DRAGON;RAYA E O ÚLTIMO DRAGÃO;E2100035300000;DUBLADO;NÃO;ESTADOS UNIDOS;5004504;CINE GRACHER ESPAÇO HAVAN 1;18;6000032;5979;26111;BRUSQUE;SC;CINE GRACHER LTDA;07.272.690/0001-87
10/04/2021;10/04/2021 16:00:00;RAYA AND THE LAST DRAGON;RAYA E O ÚLTIMO DRAGÃO;E2100035300000;DUBLADO;NÃO;ESTADOS UNIDOS;5006657;SALA CINE VIEIRA 01;4;;47551;47598;SÃO BENTO;PB;COSTA E VIEIRA EMPREENDIMENTOS LTDA;10.866.528/0001-00
10/04/2021;10/04/2021 16:00:00;THE WIDOW;A VIÚVA DAS SOMBRAS;E2100005000000;ORIGINAL;SIM;RÚSSIA;5000774;NEW YORK CITY CENTER - SALA 10;13;6000058;749;2620;RIO DE JANEIRO;RJ;UNITED CINEMAS INTERNATIONAL BRASIL LTDA.;01.289.530/0001-64
10/04/2021;10/04/2021 16:00:00;THE WIDOW;A VIÚVA DAS SOMBRAS;E2100005000000;DUBLADO;NÃO;RÚSSIA;5000154;PÁTIO BRASIL 2;8;6000037;1991;2412;BRASÍLIA;DF;EMPRESA CINEMAS SÃO LUIZ S/A;33.497.660/0001-89
10/04/2021;10/04/2021 16:00:00;TOM & JERRY;TOM & JERRY - O FILME;E2000553800000;DUBLADO;NÃO;ESTADOS UNIDOS;5006484;CINE + ARTE SOMBRIO 01;16;6000103;44714;44715;SOMBRIO;SC;CINE + ARTE SOMBRIO LTDA;35.505.937/0001-01
10/04/2021;10/04/2021 16:00:00;TOM & JERRY;TOM & JERRY - O FILME;E2000553800000;DUBLADO;NÃO;ESTADOS UNIDOS;5004502;CINE GRACHER ESPAÇO HAVAN 2;12;6000032;5979;26111;BRUSQUE;SC;CINE GRACHER LTDA;07.272.690/0001-87
10/04/2021;10/04/2021 16:00:00;TOM & JERRY;TOM & JERRY - O FILME;E2000553800000;DUBLADO;NÃO;ESTADOS UNIDOS;5005998;CINE GRACHER INDAIAL - SALA 01;2;6000032;5979;39283;INDAIAL;SC;CINE GRACHER LTDA;07.272.690/0001-87
10/04/2021;10/04/2021 16:00:00;TOM & JERRY;TOM & JERRY - O FILME;E2000553800000;DUBLADO;NÃO;ESTADOS UNIDOS;5006083;CINE GRACHER PORTO BELO SALA 01;10;6000032;5979;40771;PORTO BELO;SC;CINE GRACHER LTDA;07.272.690/0001-87
10/04/2021;10/04/2021 16:00:00;TOM & JERRY;TOM & JERRY - O FILME;E2000553800000;DUBLADO;NÃO;ESTADOS UNIDOS;5006111;CINE GRACHER SÃO BENTO 01;4;6000032;5979;41056;SÃO BENTO DO SUL;SC;CINE GRACHER LTDA;07.272.690/0001-87
10/04/2021;10/04/2021 16:10:00;RAYA AND THE LAST DRAGON;RAYA E O ÚLTIMO DRAGÃO;E2100035300000;DUBLADO;NÃO;ESTADOS UNIDOS;5005018;KINOPLEX VIA PARQUE 4- KINOEVOLUTION;32;6000037;1991;13454;RIO DE JANEIRO;RJ;EMPRESA CINEMAS SÃO LUIZ S/A;33.497.660/0001-89
10/04/2021;10/04/2021 16:10:00;THE FATHER;THE FATHER;E1900616300000;ORIGINAL;SIM;INGLATERRA;5001932;SALA KINOPLEX LEBLON SALA 02;26;6000037;11751;11752;RIO DE JANEIRO;RJ;SR RIO DE JANEIRO CINEMAS S/A;08.262.566/0001-01
10/04/2021;10/04/2021 16:10:00;THE WIDOW;A VIÚVA DAS SOMBRAS;E2100005000000;DUBLADO;NÃO;RÚSSIA;5000166;KINOPLEX PARKSHOPPING 4;34;6000037;2364;2415;BRASÍLIA;DF;CINEMAS PARIS SEVERIANO RIBEIRO LTDA;31.611.189/0001-82
10/04/2021;10/04/2021 16:10:00;TOM & JERRY;TOM & JERRY - O FILME;E2000553800000;DUBLADO;NÃO;ESTADOS UNIDOS;5004810;SHOPPING BOSQUE DOS IPÊS- SALA 04;1;6000058;749;27590;CAMPO GRANDE;MS;UNITED CINEMAS INTERNATIONAL BRASIL LTDA.;01.289.530/0001-64
10/04/2021;10/04/2021 16:15:00;RAYA AND THE LAST DRAGON;RAYA E O ÚLTIMO DRAGÃO;E2100035300000;DUBLADO;NÃO;ESTADOS UNIDOS;5005289;GRUPO CINE FRAIBURGO;2;6000034;30763;30765;FRAIBURGO;SC;CINEMA FRAIBURGO LTDA;17.067.309/0001-00
10/04/2021;10/04/2021 16:15:00;RAYA AND THE LAST DRAGON;RAYA E O ÚLTIMO DRAGÃO;E2100035300000;DUBLADO;NÃO;ESTADOS UNIDOS;5000066;KINOPLEX RIO SUL - SALA KINOEVOLUTIUM 02;32;6000037;1991;2390;RIO DE JANEIRO;RJ;EMPRESA CINEMAS SÃO LUIZ S/A;33.497.660/0001-89
10/04/2021;10/04/2021 16:20:00;LUCICREIDE VAI PRA MARTE;;B1900421800000;ORIGINAL;NÃO;BRASIL;5001960;KINOPLEX NOVA AMÉRICA SALA 04;20;6000037;1991;2426;RIO DE JANEIRO;RJ;EMPRESA CINEMAS SÃO LUIZ S/A;33.497.660/0001-89
10/04/2021;10/04/2021 16:20:00;MONSTER HUNTER;MONSTER HUNTER;E2000403800000;DUBLADO;NÃO;ESTADOS UNIDOS;5003756;UCI BRASIL CG - SALA 05;24;6000058;749;23929;RIO DE JANEIRO;RJ;UNITED CINEMAS INTERNATIONAL BRASIL LTDA.;01.289.530/0001-64
10/04/2021;10/04/2021 16:20:00;RAYA AND THE LAST DRAGON;RAYA E O ÚLTIMO DRAGÃO;E2100035300000;DUBLADO;NÃO;ESTADOS UNIDOS;5000149;TERRAÇO 2;34;6000037;1991;2411;BRASÍLIA;DF;EMPRESA CINEMAS SÃO LUIZ S/A;33.497.660/0001-89
10/04/2021;10/04/2021 16:20:00;THE WIDOW;A VIÚVA DAS SOMBRAS;E2100005000000;DUBLADO;NÃO;RÚSSIA;5005725;KINOPLEX IGUAÇU TOP SALA 05;34;6000037;1991;2387;NOVA IGUAÇU;RJ;EMPRESA CINEMAS SÃO LUIZ S/A;33.497.660/0001-89
10/04/2021;10/04/2021 16:20:00;THE WIDOW;A VIÚVA DAS SOMBRAS;E2100005000000;ORIGINAL;SIM;RÚSSIA;5000067;KINOPLEX RIO SUL - SALA PLATINUM 03;5;6000037;1991;2390;RIO DE JANEIRO;RJ;EMPRESA CINEMAS SÃO LUIZ S/A;33.497.660/0001-89
10/04/2021;10/04/2021 16:20:00;TOM & JERRY;TOM & JERRY - O FILME;E2000553800000;DUBLADO;NÃO;ESTADOS UNIDOS;5002178;KINOPLEX TIJUCA SALA 04;0;6000037;11751;13416;RIO DE JANEIRO;RJ;SR RIO DE JANEIRO CINEMAS S/A;08.262.566/0001-01
10/04/2021;10/04/2021 16:20:00;TOM & JERRY;TOM & JERRY - O FILME;E2000553800000;DUBLADO;NÃO;ESTADOS UNIDOS;5000778;NEW YORK CITY CENTER - SALA 14;22;6000058;749;2620;RIO DE JANEIRO;RJ;UNITED CINEMAS INTERNATIONAL BRASIL LTDA.;01.289.530/0001-64
10/04/2021;10/04/2021 16:25:00;TOM & JERRY;TOM & JERRY - O FILME;E2000553800000;DUBLADO;NÃO;ESTADOS UNIDOS;5001931;SALA KINOPLEX LEBLON SALA 03;11;6000037;11751;11752;RIO DE JANEIRO;RJ;SR RIO DE JANEIRO CINEMAS S/A;08.262.566/0001-01
10/04/2021;10/04/2021 16:30:00;FOLLOW ME;SEM SAÍDA;E2100006300000;DUBLADO;NÃO;ESTADOS UNIDOS;5001862;CINE GRACHER LTDA;0;6000032;5979;6687;BRUSQUE;SC;CINE GRACHER LTDA;07.272.690/0001-87
10/04/2021;10/04/2021 16:30:00;LUCICREIDE VAI PRA MARTE;;B1900421800000;ORIGINAL;NÃO;BRASIL;5000212;IGUATEMI 3;2;6000037;1991;2425;RIO DE JANEIRO;RJ;EMPRESA CINEMAS SÃO LUIZ S/A;33.497.660/0001-89
10/04/2021;10/04/2021 16:30:00;MONSTER HUNTER;MONSTER HUNTER;E2000403800000;DUBLADO;NÃO;ESTADOS UNIDOS;5004503;CINE GRACHER ESPAÇO HAVAN 3;23;6000032;5979;26111;BRUSQUE;SC;CINE GRACHER LTDA;07.272.690/0001-87
10/04/2021;10/04/2021 16:30:00;RAYA AND THE LAST DRAGON;RAYA E O ÚLTIMO DRAGÃO;E2100035300000;DUBLADO;NÃO;ESTADOS UNIDOS;5001957;KINOPLEX NOVA AMÉRICA SALA 01;47;6000037;1991;2426;RIO DE JANEIRO;RJ;EMPRESA CINEMAS SÃO LUIZ S/A;33.497.660/0001-89
10/04/2021;10/04/2021 16:30:00;RAYA AND THE LAST DRAGON;RAYA E O ÚLTIMO DRAGÃO;E2100035300000;DUBLADO;NÃO;ESTADOS UNIDOS;5002888;KINOPLEX WEST SHOPPING RIO 01;19;6000037;1991;17366;RIO DE JANEIRO;RJ;EMPRESA CINEMAS SÃO LUIZ S/A;33.497.660/0001-89
10/04/2021;10/04/2021 16:30:00;RAYA AND THE LAST DRAGON;RAYA E O ÚLTIMO DRAGÃO;E2100035300000;DUBLADO;NÃO;ESTADOS UNIDOS;5000062;SALA KINOPLEX MADUREIRA 02;20;6000037;1991;2389;RIO DE JANEIRO;RJ;EMPRESA CINEMAS SÃO LUIZ S/A;33.497.660/0001-89
10/04/2021;10/04/2021 16:30:00;THE WIDOW;A VIÚVA DAS SOMBRAS;E2100005000000;DUBLADO;NÃO;RÚSSIA;5006060;CENTERPLEX BOULEVARD 02;2;6000006;40317;40318;VITÓRIA DA CONQUISTA;BA;CINE ELI BAHIA CINEMAS LTDA - EM RECUPERACAO JUDICIAL;30.096.740/0001-34
10/04/2021;10/04/2021 16:30:00;THE WIDOW;A VIÚVA DAS SOMBRAS;E2100005000000;DUBLADO;NÃO;RÚSSIA;5000205;KINOPLEX GRANDE RIO 2;35;6000037;1991;2424;SÃO JOÃO DE MERITI;RJ;EMPRESA CINEMAS SÃO LUIZ S/A;33.497.660/0001-89
10/04/2021;10/04/2021 16:30:00;TOM & JERRY;TOM & JERRY - O FILME;E2000553800000;DUBLADO;NÃO;ESTADOS UNIDOS;5002565;CINE CATARATAS 2;14;;15565;15566;FOZ DO IGUAÇU;PR;CINE CATARATAS LTDA;09.010.219/0001-46
10/04/2021;10/04/2021 16:30:00;TOM & JERRY;TOM & JERRY - O FILME;E2000553800000;DUBLADO;NÃO;ESTADOS UNIDOS;5001861;CINE GRACHER LTDA;0;6000032;5979;6687;BRUSQUE;SC;CINE GRACHER LTDA;07.272.690/0001-87
10/04/2021;10/04/2021 16:30:00;TOM & JERRY;TOM & JERRY - O FILME;E2000553800000;DUBLADO;NÃO;ESTADOS UNIDOS;5005724;KINOPLEX IGUAÇU TOP SALA 04;14;6000037;1991;2387;NOVA IGUAÇU;RJ;EMPRESA CINEMAS SÃO LUIZ S/A;33.497.660/0001-89
10/04/2021;10/04/2021 16:35:00;RAYA AND THE LAST DRAGON;RAYA E O ÚLTIMO DRAGÃO;E2100035300000;DUBLADO;NÃO;ESTADOS UNIDOS;5002180;KINOPLEX TIJUCA SALA 06;18;6000037;11751;13416;RIO DE JANEIRO;RJ;SR RIO DE JANEIRO CINEMAS S/A;08.262.566/0001-01
10/04/2021;10/04/2021 16:40:00;JUDAS AND THE BLACK MESSIAH;JUDAS E O MESSIAS NEGRO;E2100040400000;ORIGINAL;SIM;ESTADOS UNIDOS;5002323;CINE SANTA TERESA;4;6000083;14200;14201;RIO DE JANEIRO;RJ;ARTE VITAL EXIBIÇÕES CINEMATOGRÁFICAS LTDA;03.459.043/0001-28
10/04/2021;10/04/2021 16:40:00;LUCICREIDE VAI PRA MARTE;;B1900421800000;ORIGINAL;NÃO;BRASIL;5000063;SALA KINOPLEX MADUREIRA 03;7;6000037;1991;2389;RIO DE JANEIRO;RJ;EMPRESA CINEMAS SÃO LUIZ S/A;33.497.660/0001-89
10/04/2021;10/04/2021 16:40:00;THE ELFKINS - BAKING A DIFFERENCE;É DOCE!;E2000077600000;DUBLADO;NÃO;ALEMANHA;5006645;PLAYARTE RORAIMA GARDEN SALA 04;39;6000049;39188;47248;BOA VISTA;RR;MULTIPLEX DO BRASIL ENTRETENIMENTO LTDA;27.595.833/0001-07
10/04/2021;10/04/2021 16:40:00;THE WIDOW;A VIÚVA DAS SOMBRAS;E2100005000000;DUBLADO;NÃO;RÚSSIA;5002891;KINOPLEX WEST SHOPPING RIO 02;19;6000037;1991;17366;RIO DE JANEIRO;RJ;EMPRESA CINEMAS SÃO LUIZ S/A;33.497.660/0001-89
10/04/2021;10/04/2021 16:40:00;TOM & JERRY;TOM & JERRY - O FILME;E2000553800000;DUBLADO;NÃO;ESTADOS UNIDOS;5000211;IGUATEMI 2;14;6000037;1991;2425;RIO DE JANEIRO;RJ;EMPRESA CINEMAS SÃO LUIZ S/A;33.497.660/0001-89
10/04/2021;10/04/2021 16:40:00;WONDER WOMAN 1984;MULHER-MARAVILHA 1984;E2000170200000;DUBLADO;NÃO;CANADÁ;5002746;KINOPLEX BOULEVARD 03;7;6000037;1991;16402;BRASÍLIA;DF;EMPRESA CINEMAS SÃO LUIZ S/A;33.497.660/0001-89
10/04/2021;10/04/2021 16:45:00;FOLLOW ME;SEM SAÍDA;E2100006300000;DUBLADO;NÃO;ESTADOS UNIDOS;5006493;CINE INTER SANTA INES 01;5;6000140;44834;44835;SANTA INÊS;MA;CINEINTER EXIBICOES CINEMATOGRAFICAS LTDA;35.477.354/0001-06
10/04/2021;10/04/2021 16:45:00;THE FATHER;THE FATHER;E1900616300000;ORIGINAL;SIM;INGLATERRA;5002179;KINOPLEX TIJUCA SALA 05;30;6000037;11751;13416;RIO DE JANEIRO;RJ;SR RIO DE JANEIRO CINEMAS S/A;08.262.566/0001-01
10/04/2021;10/04/2021 16:50:00;LUCICREIDE VAI PRA MARTE;;B1900421800000;ORIGINAL;NÃO;BRASIL;5002199;KINOPLEX VIA PARQUE 3;23;6000037;1991;13454;RIO DE JANEIRO;RJ;EMPRESA CINEMAS SÃO LUIZ S/A;33.497.660/0001-89
10/04/2021;10/04/2021 16:50:00;MONSTER HUNTER;MONSTER HUNTER;E2000403800000;ORIGINAL;SIM;ESTADOS UNIDOS;5000150;TERRAÇO 3;8;6000037;1991;2411;BRASÍLIA;DF;EMPRESA CINEMAS SÃO LUIZ S/A;33.497.660/0001-89
10/04/2021;10/04/2021 16:50:00;THE FATHER;THE FATHER;E1900616300000;ORIGINAL;SIM;INGLATERRA;5000068;KINOPLEX RIO SUL - SALA PLATINUM 04;41;6000037;1991;2390;RIO DE JANEIRO;RJ;EMPRESA CINEMAS SÃO LUIZ S/A;33.497.660/0001-89
10/04/2021;10/04/2021 16:50:00;THE FATHER;THE FATHER;E1900616300000;ORIGINAL;SIM;INGLATERRA;5005019;KINOPLEX VIA PARQUE 5;18;6000037;1991;13454;RIO DE JANEIRO;RJ;EMPRESA CINEMAS SÃO LUIZ S/A;33.497.660/0001-89
10/04/2021;10/04/2021 16:50:00;THE WIDOW;A VIÚVA DAS SOMBRAS;E2100005000000;DUBLADO;NÃO;RÚSSIA;5002051;UCI - KINOPLEX NORTE SHOPPING - SALA 02;14;6000059;2612;12748;RIO DE JANEIRO;RJ;UCI RIBEIRO LTDA;02.117.937/0001-77
10/04/2021;10/04/2021 16:50:00;TOM & JERRY;TOM & JERRY - O FILME;E2000553800000;DUBLADO;NÃO;ESTADOS UNIDOS;5001958;KINOPLEX NOVA AMÉRICA SALA 02;35;6000037;1991;2426;RIO DE JANEIRO;RJ;EMPRESA CINEMAS SÃO LUIZ S/A;33.497.660/0001-89
10/04/2021;10/04/2021 16:50:01;TOM & JERRY;TOM & JERRY - O FILME;E2000553800000;DUBLADO;NÃO;ESTADOS UNIDOS;5005270;MULTICINE SANTA MARIA SALA 01;0;6000045;5935;30733;BRASÍLIA;DF;MULTICINE CINEMAS LTDA;07.609.246/0001-04
10/04/2021;10/04/2021 17:00:00;MONSTER HUNTER;MONSTER HUNTER;E2000403800000;DUBLADO;NÃO;ESTADOS UNIDOS;5006062;CENTERPLEX BOULEVARD 04;6;6000006;40317;40318;VITÓRIA DA CONQUISTA;BA;CINE ELI BAHIA CINEMAS LTDA - EM RECUPERACAO JUDICIAL;30.096.740/0001-34
10/04/2021;10/04/2021 17:00:00;RAYA AND THE LAST DRAGON;RAYA E O ÚLTIMO DRAGÃO;E2100035300000;DUBLADO;NÃO;ESTADOS UNIDOS;5001860;CINE GRACHER LTDA;3;6000032;5979;6687;BRUSQUE;SC;CINE GRACHER LTDA;07.272.690/0001-87
10/04/2021;10/04/2021 17:00:00;RAYA AND THE LAST DRAGON;RAYA E O ÚLTIMO DRAGÃO;E2100035300000;DUBLADO;NÃO;ESTADOS UNIDOS;5006669;CINE ITAGUARI - SALA 1;2;6000141;45886;48010;SANTO ANTÔNIO DE JESUS;BA;GF ANDRADE ENTRETENIMENTO E COMÉRCIO LTDA;23.200.362/0001-21
10/04/2021;10/04/2021 17:00:00;RAYA AND THE LAST DRAGON;RAYA E O ÚLTIMO DRAGÃO;E2100035300000;DUBLADO;NÃO;ESTADOS UNIDOS;5006217;CINE LAGUNA 2;0;6000141;24511;24512;ALAGOINHAS;BA;VICTORY EVENTOS & TURISMO LTDA;05.607.525/0001-03
10/04/2021;10/04/2021 17:00:00;TOM & JERRY;TOM & JERRY - O FILME;E2000553800000;DUBLADO;NÃO;ESTADOS UNIDOS;5002890;KINOPLEX WEST SHOPPING RIO 03;8;6000037;1991;17366;RIO DE JANEIRO;RJ;EMPRESA CINEMAS SÃO LUIZ S/A;33.497.660/0001-89
10/04/2021;10/04/2021 17:00:01;LUCICREIDE VAI PRA MARTE;;B1900421800000;ORIGINAL;NÃO;BRASIL;5005789;CIDADE LUZ 3 MAXXI STADIUM;7;;32725;32727;GUARABIRA;PB;VERONILDO COUTINHO DE SOUSA EIRELI- EPP;24.248.972/0001-68
10/04/2021;10/04/2021 17:10:00;RAYA AND THE LAST DRAGON;RAYA E O ÚLTIMO DRAGÃO;E2100035300000;DUBLADO;NÃO;ESTADOS UNIDOS;5000175;KINOPLEX PARKSHOPPING 3;22;6000037;2364;2415;BRASÍLIA;DF;CINEMAS PARIS SEVERIANO RIBEIRO LTDA;31.611.189/0001-82
10/04/2021;10/04/2021 17:15:00;LUCICREIDE VAI PRA MARTE;;B1900421800000;ORIGINAL;NÃO;BRASIL;5005562;KINOPLEX NOVA IGUAÇU SALA 01;27;6000037;1991;33119;NOVA IGUAÇU;RJ;EMPRESA CINEMAS SÃO LUIZ S/A;33.497.660/0001-89
10/04/2021;10/04/2021 17:15:00;TOM & JERRY;TOM & JERRY - O FILME;E2000553800000;DUBLADO;NÃO;ESTADOS UNIDOS;5006059;CENTERPLEX BOULEVARD 01;1;6000006;40317;40318;VITÓRIA DA CONQUISTA;BA;CINE ELI BAHIA CINEMAS LTDA - EM RECUPERACAO JUDICIAL;30.096.740/0001-34
10/04/2021;10/04/2021 17:15:00;TOM & JERRY;TOM & JERRY - O FILME;E2000553800000;DUBLADO;NÃO;ESTADOS UNIDOS;5000171;KINOPLEX PARKSHOPPING 2;10;6000037;2364;2415;BRASÍLIA;DF;CINEMAS PARIS SEVERIANO RIBEIRO LTDA;31.611.189/0001-82
10/04/2021;10/04/2021 17:20:00;SPUTNIK;ESTRANHO PASSSAGEIRO - SPUTNIK;E2000513800000;DUBLADO;NÃO;RÚSSIA;5006644;PLAYARTE RORAIMA GARDEN SALA 03;19;6000049;39188;47248;BOA VISTA;RR;MULTIPLEX DO BRASIL ENTRETENIMENTO LTDA;27.595.833/0001-07
10/04/2021;10/04/2021 17:20:00;THE EMPTY MAN;O MENSAGEIRO DO ÚLTIMO DIA;E2000471300000;DUBLADO;NÃO;ESTADOS UNIDOS;5000155;PÁTIO BRASIL 3;2;6000037;1991;2412;BRASÍLIA;DF;EMPRESA CINEMAS SÃO LUIZ S/A;33.497.660/0001-89
10/04/2021;10/04/2021 17:20:00;THE WIDOW;A VIÚVA DAS SOMBRAS;E2100005000000;DUBLADO;NÃO;RÚSSIA;5001959;KINOPLEX NOVA AMÉRICA SALA 03;60;6000037;1991;2426;RIO DE JANEIRO;RJ;EMPRESA CINEMAS SÃO LUIZ S/A;33.497.660/0001-89
10/04/2021;10/04/2021 17:20:00;THE WIDOW;A VIÚVA DAS SOMBRAS;E2100005000000;DUBLADO;NÃO;RÚSSIA;5000061;SALA KINOPLEX MADUREIRA 01;14;6000037;1991;2389;RIO DE JANEIRO;RJ;EMPRESA CINEMAS SÃO LUIZ S/A;33.497.660/0001-89
10/04/2021;10/04/2021 17:20:00;WONDER WOMAN 1984;MULHER-MARAVILHA 1984;E2000170200000;DUBLADO;NÃO;CANADÁ;5000167;KINOPLEX PARKSHOPPING 1;19;6000037;2364;2415;BRASÍLIA;DF;CINEMAS PARIS SEVERIANO RIBEIRO LTDA;31.611.189/0001-82
10/04/2021;10/04/2021 17:20:00;WONDER WOMAN 1984;MULHER-MARAVILHA 1984;E2000170200000;DUBLADO;NÃO;CANADÁ;5000770;NEW YORK CITY CENTER - SALA 06;23;6000058;749;2620;RIO DE JANEIRO;RJ;UNITED CINEMAS INTERNATIONAL BRASIL LTDA.;01.289.530/0001-64
10/04/2021;10/04/2021 17:20:00;WONDER WOMAN 1984;MULHER-MARAVILHA 1984;E2000170200000;DUBLADO;NÃO;CANADÁ;5004809;SHOPPING BOSQUE DOS IPÊS- SALA 03;4;6000058;749;27590;CAMPO GRANDE;MS;UNITED CINEMAS INTERNATIONAL BRASIL LTDA.;01.289.530/0001-64
10/04/2021;10/04/2021 17:30:00;JUDAS AND THE BLACK MESSIAH;JUDAS E O MESSIAS NEGRO;E2100040400000;ORIGINAL;SIM;ESTADOS UNIDOS;5000168;KINOPLEX PARKSHOPPING 5;19;6000037;2364;2415;BRASÍLIA;DF;CINEMAS PARIS SEVERIANO RIBEIRO LTDA;31.611.189/0001-82
10/04/2021;10/04/2021 17:30:00;LUCICREIDE VAI PRA MARTE;;B1900421800000;ORIGINAL;NÃO;BRASIL;5006061;CENTERPLEX BOULEVARD 03;1;6000006;40317;40318;VITÓRIA DA CONQUISTA;BA;CINE ELI BAHIA CINEMAS LTDA - EM RECUPERACAO JUDICIAL;30.096.740/0001-34
10/04/2021;10/04/2021 17:30:00;LUCICREIDE VAI PRA MARTE;;B1900421800000;ORIGINAL;NÃO;BRASIL;5006494;CINE INTER SANTA INES 02;3;6000140;44834;44835;SANTA INÊS;MA;CINEINTER EXIBICOES CINEMATOGRAFICAS LTDA;35.477.354/0001-06
10/04/2021;10/04/2021 17:30:00;MONSTER HUNTER;MONSTER HUNTER;E2000403800000;DUBLADO;NÃO;ESTADOS UNIDOS;5006670;CINE ITAGUARI - SALA 2;12;6000141;45886;48010;SANTO ANTÔNIO DE JESUS;BA;GF ANDRADE ENTRETENIMENTO E COMÉRCIO LTDA;23.200.362/0001-21
10/04/2021;10/04/2021 17:30:00;RAYA AND THE LAST DRAGON;RAYA E O ÚLTIMO DRAGÃO;E2100035300000;DUBLADO;NÃO;ESTADOS UNIDOS;5005545;CINE COLOMBO RESENDE SALA 03;4;6000008;15833;33011;RESENDE;RJ;CINE A LTDA;10.894.937/0001-01
10/04/2021;10/04/2021 17:30:00;RAYA AND THE LAST DRAGON;RAYA E O ÚLTIMO DRAGÃO;E2100035300000;DUBLADO;NÃO;ESTADOS UNIDOS;5002748;KINOPLEX BOULEVARD 01;17;6000037;1991;16402;BRASÍLIA;DF;EMPRESA CINEMAS SÃO LUIZ S/A;33.497.660/0001-89
10/04/2021;10/04/2021 17:30:00;RAYA AND THE LAST DRAGON;RAYA E O ÚLTIMO DRAGÃO;E2100035300000;DUBLADO;NÃO;ESTADOS UNIDOS;5005726;KINOPLEX IGUAÇU TOP SALA 06;24;6000037;1991;2387;NOVA IGUAÇU;RJ;EMPRESA CINEMAS SÃO LUIZ S/A;33.497.660/0001-89
10/04/2021;10/04/2021 17:30:00;RAYA AND THE LAST DRAGON;RAYA E O ÚLTIMO DRAGÃO;E2100035300000;DUBLADO;NÃO;ESTADOS UNIDOS;5005563;KINOPLEX NOVA IGUAÇU SALA 02 KINOEVOLUTION;77;6000037;1991;33119;NOVA IGUAÇU;RJ;EMPRESA CINEMAS SÃO LUIZ S/A;33.497.660/0001-89
10/04/2021;10/04/2021 17:30:00;RAYA AND THE LAST DRAGON;RAYA E O ÚLTIMO DRAGÃO;E2100035300000;DUBLADO;NÃO;ESTADOS UNIDOS;5000153;PÁTIO BRASIL 1;16;6000037;1991;2412;BRASÍLIA;DF;EMPRESA CINEMAS SÃO LUIZ S/A;33.497.660/0001-89
10/04/2021;10/04/2021 17:35:00;RAYA AND THE LAST DRAGON;RAYA E O ÚLTIMO DRAGÃO;E2100035300000;DUBLADO;NÃO;ESTADOS UNIDOS;5002052;UCI - KINOPLEX NORTE SHOPPING - SALA 10;25;6000059;2612;12748;RIO DE JANEIRO;RJ;UCI RIBEIRO LTDA;02.117.937/0001-77
10/04/2021;10/04/2021 17:35:00;THE WIDOW;A VIÚVA DAS SOMBRAS;E2100005000000;DUBLADO;NÃO;RÚSSIA;5005271;MULTICINE SANTA MARIA SALA 02;2;6000045;5935;30733;BRASÍLIA;DF;MULTICINE CINEMAS LTDA;07.609.246/0001-04
10/04/2021;10/04/2021 17:40:00;RAYA AND THE LAST DRAGON;RAYA E O ÚLTIMO DRAGÃO;E2100035300000;DUBLADO;NÃO;ESTADOS UNIDOS;5000780;NEW YORK CITY CENTER - SALA 16;40;6000058;749;2620;RIO DE JANEIRO;RJ;UNITED CINEMAS INTERNATIONAL BRASIL LTDA.;01.289.530/0001-64
10/04/2021;10/04/2021 17:40:00;THE FATHER;THE FATHER;E1900616300000;ORIGINAL;SIM;INGLATERRA;5000169;KINOPLEX PARKSHOPPING 6;7;6000037;2364;2415;BRASÍLIA;DF;CINEMAS PARIS SEVERIANO RIBEIRO LTDA;31.611.189/0001-82
10/04/2021;10/04/2021 17:40:00;WONDER WOMAN 1984;MULHER-MARAVILHA 1984;E2000170200000;DUBLADO;NÃO;CANADÁ;5000213;IGUATEMI 4;2;6000037;1991;2425;RIO DE JANEIRO;RJ;EMPRESA CINEMAS SÃO LUIZ S/A;33.497.660/0001-89
10/04/2021;10/04/2021 17:45:00;RAYA AND THE LAST DRAGON;RAYA E O ÚLTIMO DRAGÃO;E2100035300000;DUBLADO;NÃO;ESTADOS UNIDOS;5006138;SALA CINE GUEDES 03;4;;23266;23267;PATOS;PB;LILIANE ROCHA DE MEDEIROS GUEDES-ME;16.844.526/0001-98
10/04/2021;10/04/2021 17:45:00;TOM & JERRY;TOM & JERRY - O FILME;E2000553800000;DUBLADO;NÃO;ESTADOS UNIDOS;5002355;SALA VILA RICA 2 CONVENCIONAL;3;;14637;14638;PRIMAVERA DO LESTE;MT;MAURICIO JOSE NICOLINO & CIA LTDA;05.724.035/0001-97
10/04/2021;10/04/2021 17:50:00;THE FATHER;THE FATHER;E1900616300000;ORIGINAL;SIM;INGLATERRA;5003765;UCI BRASIL - PARK SHOPPING CG - SALA 2;23;6000058;749;23929;RIO DE JANEIRO;RJ;UNITED CINEMAS INTERNATIONAL BRASIL LTDA.;01.289.530/0001-64
10/04/2021;10/04/2021 17:50:00;TOM & JERRY;TOM & JERRY - O FILME;E2000553800000;DUBLADO;NÃO;ESTADOS UNIDOS;5000207;KINOPLEX GRANDE RIO 4;25;6000037;1991;2424;SÃO JOÃO DE MERITI;RJ;EMPRESA CINEMAS SÃO LUIZ S/A;33.497.660/0001-89
10/04/2021;10/04/2021 18:00:00;HONEST THIEF;LEGADO EXPLOSIVO;E2000416200000;DUBLADO;NÃO;ESTADOS UNIDOS;5000154;PÁTIO BRASIL 2;7;6000037;1991;2412;BRASÍLIA;DF;EMPRESA CINEMAS SÃO LUIZ S/A;33.497.660/0001-89
10/04/2021;10/04/2021 18:00:00;MONSTER HUNTER;MONSTER HUNTER;E2000403800000;DUBLADO;NÃO;ESTADOS UNIDOS;5006484;CINE + ARTE SOMBRIO 01;8;6000103;44714;44715;SOMBRIO;SC;CINE + ARTE SOMBRIO LTDA;35.505.937/0001-01
10/04/2021;10/04/2021 18:00:00;MONSTER HUNTER;MONSTER HUNTER;E2000403800000;DUBLADO;NÃO;ESTADOS UNIDOS;5006085;CINE GRACHER PORTO BELO SALA 03;0;6000032;5979;40771;PORTO BELO;SC;CINE GRACHER LTDA;07.272.690/0001-87
10/04/2021;10/04/2021 18:00:00;MONSTER HUNTER;MONSTER HUNTER;E2000403800000;DUBLADO;NÃO;ESTADOS UNIDOS;5004812;SHOPPING BOSQUE DOS IPÊS- SALA 06;9;6000058;749;27590;CAMPO GRANDE;MS;UNITED CINEMAS INTERNATIONAL BRASIL LTDA.;01.289.530/0001-64
10/04/2021;10/04/2021 18:00:00;RAYA AND THE LAST DRAGON;RAYA E O ÚLTIMO DRAGÃO;E2100035300000;DUBLADO;NÃO;ESTADOS UNIDOS;5002102;CINE DRIVEIN;255;;5465;6715;BRASÍLIA;DF;STARK'S CINEMA E LANCHONETE LTDA.;32.917.296/0001-04
10/04/2021;10/04/2021 18:00:00;RAYA AND THE LAST DRAGON;RAYA E O ÚLTIMO DRAGÃO;E2100035300000;DUBLADO;NÃO;ESTADOS UNIDOS;5006056;CINE GRACHER JOAÇABA SALA 01;3;6000032;5979;40234;JOAÇABA;SC;CINE GRACHER LTDA;07.272.690/0001-87
10/04/2021;10/04/2021 18:00:00;RAYA AND THE LAST DRAGON;RAYA E O ÚLTIMO DRAGÃO;E2100035300000;DUBLADO;NÃO;ESTADOS UNIDOS;5000210;IGUATEMI 1;15;6000037;1991;2425;RIO DE JANEIRO;RJ;EMPRESA CINEMAS SÃO LUIZ S/A;33.497.660/0001-89
10/04/2021;10/04/2021 18:00:00;RAYA AND THE LAST DRAGON;RAYA E O ÚLTIMO DRAGÃO;E2100035300000;DUBLADO;NÃO;ESTADOS UNIDOS;5000204;KINOPLEX GRANDE RIO 1;29;6000037;1991;2424;SÃO JOÃO DE MERITI;RJ;EMPRESA CINEMAS SÃO LUIZ S/A;33.497.660/0001-89
10/04/2021;10/04/2021 18:00:00;THE FATHER;THE FATHER;E1900616300000;ORIGINAL;SIM;INGLATERRA;5000765;NEW YORK CITY CENTER - SALA 01;31;6000058;749;2620;RIO DE JANEIRO;RJ;UNITED CINEMAS INTERNATIONAL BRASIL LTDA.;01.289.530/0001-64
10/04/2021;10/04/2021 18:00:00;TOM & JERRY;TOM & JERRY - O FILME;E2000553800000;DUBLADO;NÃO;ESTADOS UNIDOS;5006643;PLAYARTE RORAIMA GARDEN SALA 02;15;6000049;39188;47248;BOA VISTA;RR;MULTIPLEX DO BRASIL ENTRETENIMENTO LTDA;27.595.833/0001-07
10/04/2021;10/04/2021 18:00:00;WONDER WOMAN 1984;MULHER-MARAVILHA 1984;E2000170200000;DUBLADO;NÃO;CANADÁ;5003766;UCI BRASIL - SHOPPING CG - SALA 03;16;6000058;749;23929;RIO DE JANEIRO;RJ;UNITED CINEMAS INTERNATIONAL BRASIL LTDA.;01.289.530/0001-64
10/04/2021;10/04/2021 18:05:00;DEPOIS A LOUCA SOU EU;;B2000078000000;DUBLADO;NÃO;BRASIL;5002059;UCI - KINOPLEX NORTE SHOPPING - SALA 07;2;6000059;2612;12748;RIO DE JANEIRO;RJ;UCI RIBEIRO LTDA;02.117.937/0001-77
10/04/2021;10/04/2021 18:10:00;LUCICREIDE VAI PRA MARTE;;B1900421800000;ORIGINAL;NÃO;BRASIL;5003652;SALA CINE GUEDES 01;10;;23266;23267;PATOS;PB;LILIANE ROCHA DE MEDEIROS GUEDES-ME;16.844.526/0001-98
10/04/2021;10/04/2021 18:10:00;MONSTER HUNTER;MONSTER HUNTER;E2000403800000;DUBLADO;NÃO;ESTADOS UNIDOS;5000206;KINOPLEX GRANDE RIO 3;25;6000037;1991;2424;SÃO JOÃO DE MERITI;RJ;EMPRESA CINEMAS SÃO LUIZ S/A;33.497.660/0001-89
10/04/2021;10/04/2021 18:10:00;MONSTER HUNTER;MONSTER HUNTER;E2000403800000;DUBLADO;NÃO;ESTADOS UNIDOS;5005564;KINOPLEX NOVA IGUAÇU SALA 03 PLATINUM;29;6000037;1991;33119;NOVA IGUAÇU;RJ;EMPRESA CINEMAS SÃO LUIZ S/A;33.497.660/0001-89
10/04/2021;10/04/2021 18:10:00;THE FATHER;THE FATHER;E1900616300000;ORIGINAL;SIM;INGLATERRA;5000166;KINOPLEX PARKSHOPPING 4;15;6000037;2364;2415;BRASÍLIA;DF;CINEMAS PARIS SEVERIANO RIBEIRO LTDA;31.611.189/0001-82
10/04/2021;10/04/2021 18:10:00;THE WIDOW;A VIÚVA DAS SOMBRAS;E2100005000000;DUBLADO;NÃO;RÚSSIA;5002745;KINOPLEX BOULEVARD 02;11;6000037;1991;16402;BRASÍLIA;DF;EMPRESA CINEMAS SÃO LUIZ S/A;33.497.660/0001-89
10/04/2021;10/04/2021 18:10:00;TOM & JERRY;TOM & JERRY - O FILME;E2000553800000;DUBLADO;NÃO;ESTADOS UNIDOS;5000057;KINOPLEX IGUAÇU TOP SALA 02;18;6000037;1991;2387;NOVA IGUAÇU;RJ;EMPRESA CINEMAS SÃO LUIZ S/A;33.497.660/0001-89
10/04/2021;10/04/2021 18:15:00;RAYA AND THE LAST DRAGON;RAYA E O ÚLTIMO DRAGÃO;E2100035300000;DUBLADO;NÃO;ESTADOS UNIDOS;5006001;CINE GRACHER INDAIAL - SALA 04;2;6000032;5979;39283;INDAIAL;SC;CINE GRACHER LTDA;07.272.690/0001-87
10/04/2021;10/04/2021 18:15:00;RAYA AND THE LAST DRAGON;RAYA E O ÚLTIMO DRAGÃO;E2100035300000;DUBLADO;NÃO;ESTADOS UNIDOS;5006086;CINE GRACHER PORTO BELO SALA 04;4;6000032;5979;40771;PORTO BELO;SC;CINE GRACHER LTDA;07.272.690/0001-87
10/04/2021;10/04/2021 18:15:00;RAYA AND THE LAST DRAGON;RAYA E O ÚLTIMO DRAGÃO;E2100035300000;DUBLADO;NÃO;ESTADOS UNIDOS;5006112;CINE GRACHER SÃO BENTO 02;6;6000032;5979;41056;SÃO BENTO DO SUL;SC;CINE GRACHER LTDA;07.272.690/0001-87
10/04/2021;10/04/2021 18:15:00;THE WIDOW;A VIÚVA DAS SOMBRAS;E2100005000000;DUBLADO;NÃO;RÚSSIA;5006058;CINE GRACHER JOAÇABA SALA 03;2;6000032;5979;40234;JOAÇABA;SC;CINE GRACHER LTDA;07.272.690/0001-87
10/04/2021;10/04/2021 18:20:00;FOLLOW ME;SEM SAÍDA;E2100006300000;DUBLADO;NÃO;ESTADOS UNIDOS;5006657;SALA CINE VIEIRA 01;5;;47551;47598;SÃO BENTO;PB;COSTA E VIEIRA EMPREENDIMENTOS LTDA;10.866.528/0001-00
10/04/2021;10/04/2021 18:20:00;JUDAS AND THE BLACK MESSIAH;JUDAS E O MESSIAS NEGRO;E2100040400000;ORIGINAL;SIM;ESTADOS UNIDOS;5000774;NEW YORK CITY CENTER - SALA 10;5;6000058;749;2620;RIO DE JANEIRO;RJ;UNITED CINEMAS INTERNATIONAL BRASIL LTDA.;01.289.530/0001-64
10/04/2021;10/04/2021 18:20:00;RAYA AND THE LAST DRAGON;RAYA E O ÚLTIMO DRAGÃO;E2100035300000;DUBLADO;NÃO;ESTADOS UNIDOS;5002566;CINE CATARATAS 3;23;;15565;15566;FOZ DO IGUAÇU;PR;CINE CATARATAS LTDA;09.010.219/0001-46
10/04/2021;10/04/2021 18:20:00;THE WIDOW;A VIÚVA DAS SOMBRAS;E2100005000000;DUBLADO;NÃO;RÚSSIA;5004810;SHOPPING BOSQUE DOS IPÊS- SALA 04;3;6000058;749;27590;CAMPO GRANDE;MS;UNITED CINEMAS INTERNATIONAL BRASIL LTDA.;01.289.530/0001-64
10/04/2021;10/04/2021 18:20:00;TOM & JERRY;TOM & JERRY - O FILME;E2000553800000;DUBLADO;NÃO;ESTADOS UNIDOS;5003762;UCI BRASIL PARK CG - SALA 04;13;6000058;749;23929;RIO DE JANEIRO;RJ;UNITED CINEMAS INTERNATIONAL BRASIL LTDA.;01.289.530/0001-64
10/04/2021;10/04/2021 18:30:00;DRUK;DRUK - MAIS UMA RODADA;E2100078400000;ORIGINAL;SIM;DINAMARCA;5000067;KINOPLEX RIO SUL - SALA PLATINUM 03;16;6000037;1991;2390;RIO DE JANEIRO;RJ;EMPRESA CINEMAS SÃO LUIZ S/A;33.497.660/0001-89
10/04/2021;10/04/2021 18:30:00;LUCICREIDE VAI PRA MARTE;;B1900421800000;DUBLADO;NÃO;BRASIL;5002053;UCI - KINOPLEX NORTE SHOPPING - SALA 08;14;6000059;2612;12748;RIO DE JANEIRO;RJ;UCI RIBEIRO LTDA;02.117.937/0001-77
10/04/2021;10/04/2021 18:30:00;MONSTER HUNTER;MONSTER HUNTER;E2000403800000;DUBLADO;NÃO;ESTADOS UNIDOS;5002565;CINE CATARATAS 2;25;;15565;15566;FOZ DO IGUAÇU;PR;CINE CATARATAS LTDA;09.010.219/0001-46
10/04/2021;10/04/2021 18:30:00;MONSTER HUNTER;MONSTER HUNTER;E2000403800000;DUBLADO;NÃO;ESTADOS UNIDOS;5005543;CINE COLOMBO RESENDE SALA 01;2;6000008;15833;33011;RESENDE;RJ;CINE A LTDA;10.894.937/0001-01
10/04/2021;10/04/2021 18:30:00;MONSTER HUNTER;MONSTER HUNTER;E2000403800000;DUBLADO;NÃO;ESTADOS UNIDOS;5006000;CINE GRACHER INDAIAL - SALA 03;11;6000032;5979;39283;INDAIAL;SC;CINE GRACHER LTDA;07.272.690/0001-87
10/04/2021;10/04/2021 18:30:00;MONSTER HUNTER;MONSTER HUNTER;E2000403800000;DUBLADO;NÃO;ESTADOS UNIDOS;5006114;CINE GRACHER SÃO BENTO 04;0;6000032;5979;41056;SÃO BENTO DO SUL;SC;CINE GRACHER LTDA;07.272.690/0001-87
10/04/2021;10/04/2021 18:30:00;MONSTER HUNTER;MONSTER HUNTER;E2000403800000;DUBLADO;NÃO;ESTADOS UNIDOS;5001960;KINOPLEX NOVA AMÉRICA SALA 04;35;6000037;1991;2426;RIO DE JANEIRO;RJ;EMPRESA CINEMAS SÃO LUIZ S/A;33.497.660/0001-89
10/04/2021;10/04/2021 18:30:00;RAYA AND THE LAST DRAGON;RAYA E O ÚLTIMO DRAGÃO;E2100035300000;DUBLADO;NÃO;ESTADOS UNIDOS;5005289;GRUPO CINE FRAIBURGO;2;6000034;30763;30765;FRAIBURGO;SC;CINEMA FRAIBURGO LTDA;17.067.309/0001-00
10/04/2021;10/04/2021 18:30:00;THE FATHER;THE FATHER;E1900616300000;ORIGINAL;SIM;INGLATERRA;5001930;SALA KINOPLEX LEBLON SALA 01;51;6000037;11751;11752;RIO DE JANEIRO;RJ;SR RIO DE JANEIRO CINEMAS S/A;08.262.566/0001-01
10/04/2021;10/04/2021 18:30:00;THE FATHER;THE FATHER;E1900616300000;ORIGINAL;SIM;INGLATERRA;5002057;UCI - KINOPLEX NORTE SHOPPING - SALA 03;18;6000059;2612;12748;RIO DE JANEIRO;RJ;UCI RIBEIRO LTDA;02.117.937/0001-77
10/04/2021;10/04/2021 18:30:00;THE WIDOW;A VIÚVA DAS SOMBRAS;E2100005000000;DUBLADO;NÃO;RÚSSIA;5000205;KINOPLEX GRANDE RIO 2;73;6000037;1991;2424;SÃO JOÃO DE MERITI;RJ;EMPRESA CINEMAS SÃO LUIZ S/A;33.497.660/0001-89
10/04/2021;10/04/2021 18:30:00;THE WIDOW;A VIÚVA DAS SOMBRAS;E2100005000000;DUBLADO;NÃO;RÚSSIA;5005725;KINOPLEX IGUAÇU TOP SALA 05;31;6000037;1991;2387;NOVA IGUAÇU;RJ;EMPRESA CINEMAS SÃO LUIZ S/A;33.497.660/0001-89
10/04/2021;10/04/2021 18:30:00;TOM & JERRY;TOM & JERRY - O FILME;E2000553800000;DUBLADO;NÃO;ESTADOS UNIDOS;5005998;CINE GRACHER INDAIAL - SALA 01;2;6000032;5979;39283;INDAIAL;SC;CINE GRACHER LTDA;07.272.690/0001-87
10/04/2021;10/04/2021 18:30:00;TOM & JERRY;TOM & JERRY - O FILME;E2000553800000;DUBLADO;NÃO;ESTADOS UNIDOS;5006083;CINE GRACHER PORTO BELO SALA 01;12;6000032;5979;40771;PORTO BELO;SC;CINE GRACHER LTDA;07.272.690/0001-87
10/04/2021;10/04/2021 18:30:00;TOM & JERRY;TOM & JERRY - O FILME;E2000553800000;DUBLADO;NÃO;ESTADOS UNIDOS;5006111;CINE GRACHER SÃO BENTO 01;6;6000032;5979;41056;SÃO BENTO DO SUL;SC;CINE GRACHER LTDA;07.272.690/0001-87
10/04/2021;10/04/2021 18:30:00;WONDER WOMAN 1984;MULHER-MARAVILHA 1984;E2000170200000;DUBLADO;NÃO;CANADÁ;5006645;PLAYARTE RORAIMA GARDEN SALA 04;6;6000049;39188;47248;BOA VISTA;RR;MULTIPLEX DO BRASIL ENTRETENIMENTO LTDA;27.595.833/0001-07
10/04/2021;10/04/2021 18:40:00;DRUK;DRUK - MAIS UMA RODADA;E2100078400000;ORIGINAL;SIM;DINAMARCA;5005994;CINE BARRA POINT SALA 01;5;6000083;14200;39233;RIO DE JANEIRO;RJ;ARTE VITAL EXIBIÇÕES CINEMATOGRÁFICAS LTDA;03.459.043/0001-28
10/04/2021;10/04/2021 18:40:00;DRUK;DRUK - MAIS UMA RODADA;E2100078400000;ORIGINAL;SIM;DINAMARCA;5002178;KINOPLEX TIJUCA SALA 04;0;6000037;11751;13416;RIO DE JANEIRO;RJ;SR RIO DE JANEIRO CINEMAS S/A;08.262.566/0001-01
10/04/2021;10/04/2021 18:40:00;JUDAS AND THE BLACK MESSIAH;JUDAS E O MESSIAS NEGRO;E2100040400000;ORIGINAL;SIM;ESTADOS UNIDOS;5001931;SALA KINOPLEX LEBLON SALA 03;2;6000037;11751;11752;RIO DE JANEIRO;RJ;SR RIO DE JANEIRO CINEMAS S/A;08.262.566/0001-01
10/04/2021;10/04/2021 18:40:00;LUCICREIDE VAI PRA MARTE;;B1900421800000;ORIGINAL;NÃO;BRASIL;5006493;CINE INTER SANTA INES 01;10;6000140;44834;44835;SANTA INÊS;MA;CINEINTER EXIBICOES CINEMATOGRAFICAS LTDA;35.477.354/0001-06
10/04/2021;10/04/2021 18:40:00;LUCICREIDE VAI PRA MARTE;;B1900421800000;ORIGINAL;NÃO;BRASIL;5005724;KINOPLEX IGUAÇU TOP SALA 04;13;6000037;1991;2387;NOVA IGUAÇU;RJ;EMPRESA CINEMAS SÃO LUIZ S/A;33.497.660/0001-89
10/04/2021;10/04/2021 18:40:00;MONSTER HUNTER;MONSTER HUNTER;E2000403800000;DUBLADO;NÃO;ESTADOS UNIDOS;5000212;IGUATEMI 3;25;6000037;1991;2425;RIO DE JANEIRO;RJ;EMPRESA CINEMAS SÃO LUIZ S/A;33.497.660/0001-89
10/04/2021;10/04/2021 18:40:00;MONSTER HUNTER;MONSTER HUNTER;E2000403800000;DUBLADO;NÃO;ESTADOS UNIDOS;5000063;SALA KINOPLEX MADUREIRA 03;15;6000037;1991;2389;RIO DE JANEIRO;RJ;EMPRESA CINEMAS SÃO LUIZ S/A;33.497.660/0001-89
10/04/2021;10/04/2021 18:40:00;RAYA AND THE LAST DRAGON;RAYA E O ÚLTIMO DRAGÃO;E2100035300000;DUBLADO;NÃO;ESTADOS UNIDOS;5005272;MULTICINE SANTA MARIA SALA 03;4;6000045;5935;30733;BRASÍLIA;DF;MULTICINE CINEMAS LTDA;07.609.246/0001-04
10/04/2021;10/04/2021 18:40:00;THE WIDOW;A VIÚVA DAS SOMBRAS;E2100005000000;DUBLADO;NÃO;RÚSSIA;5005568;KINOPLEX NOVA IGUAÇU SALA 07;62;6000037;1991;33119;NOVA IGUAÇU;RJ;EMPRESA CINEMAS SÃO LUIZ S/A;33.497.660/0001-89
10/04/2021;10/04/2021 18:40:00;THE WIDOW;A VIÚVA DAS SOMBRAS;E2100005000000;DUBLADO;NÃO;RÚSSIA;5002891;KINOPLEX WEST SHOPPING RIO 02;21;6000037;1991;17366;RIO DE JANEIRO;RJ;EMPRESA CINEMAS SÃO LUIZ S/A;33.497.660/0001-89
10/04/2021;10/04/2021 18:40:00;THE WIDOW;A VIÚVA DAS SOMBRAS;E2100005000000;DUBLADO;NÃO;RÚSSIA;5003756;UCI BRASIL CG - SALA 05;11;6000058;749;23929;RIO DE JANEIRO;RJ;UNITED CINEMAS INTERNATIONAL BRASIL LTDA.;01.289.530/0001-64
10/04/2021;10/04/2021 18:45:00;MONSTER HUNTER;MONSTER HUNTER;E2000403800000;DUBLADO;NÃO;ESTADOS UNIDOS;5001862;CINE GRACHER LTDA;0;6000032;5979;6687;BRUSQUE;SC;CINE GRACHER LTDA;07.272.690/0001-87
10/04/2021;10/04/2021 18:45:00;RAYA AND THE LAST DRAGON;RAYA E O ÚLTIMO DRAGÃO;E2100035300000;DUBLADO;NÃO;ESTADOS UNIDOS;5004504;CINE GRACHER ESPAÇO HAVAN 1;24;6000032;5979;26111;BRUSQUE;SC;CINE GRACHER LTDA;07.272.690/0001-87
10/04/2021;10/04/2021 18:45:00;RAYA AND THE LAST DRAGON;RAYA E O ÚLTIMO DRAGÃO;E2100035300000;DUBLADO;NÃO;ESTADOS UNIDOS;5000066;KINOPLEX RIO SUL - SALA KINOEVOLUTIUM 02;49;6000037;1991;2390;RIO DE JANEIRO;RJ;EMPRESA CINEMAS SÃO LUIZ S/A;33.497.660/0001-89
10/04/2021;10/04/2021 18:45:00;RAYA AND THE LAST DRAGON;RAYA E O ÚLTIMO DRAGÃO;E2100035300000;DUBLADO;NÃO;ESTADOS UNIDOS;5005018;KINOPLEX VIA PARQUE 4- KINOEVOLUTION;12;6000037;1991;13454;RIO DE JANEIRO;RJ;EMPRESA CINEMAS SÃO LUIZ S/A;33.497.660/0001-89
10/04/2021;10/04/2021 18:45:00;TOM & JERRY;TOM & JERRY - O FILME;E2000553800000;DUBLADO;NÃO;ESTADOS UNIDOS;5001861;CINE GRACHER LTDA;0;6000032;5979;6687;BRUSQUE;SC;CINE GRACHER LTDA;07.272.690/0001-87
10/04/2021;10/04/2021 18:50:00;DRUK;DRUK - MAIS UMA RODADA;E2100078400000;ORIGINAL;SIM;DINAMARCA;5001932;SALA KINOPLEX LEBLON SALA 02;16;6000037;11751;11752;RIO DE JANEIRO;RJ;SR RIO DE JANEIRO CINEMAS S/A;08.262.566/0001-01
10/04/2021;10/04/2021 18:50:00;RAYA AND THE LAST DRAGON;RAYA E O ÚLTIMO DRAGÃO;E2100035300000;DUBLADO;NÃO;ESTADOS UNIDOS;5000149;TERRAÇO 2;8;6000037;1991;2411;BRASÍLIA;DF;EMPRESA CINEMAS SÃO LUIZ S/A;33.497.660/0001-89
10/04/2021;10/04/2021 19:00:00;LUCICREIDE VAI PRA MARTE;;B1900421800000;ORIGINAL;NÃO;BRASIL;5005789;CIDADE LUZ 3 MAXXI STADIUM;8;;32725;32727;GUARABIRA;PB;VERONILDO COUTINHO DE SOUSA EIRELI- EPP;24.248.972/0001-68
10/04/2021;10/04/2021 19:00:00;MONSTER HUNTER;MONSTER HUNTER;E2000403800000;DUBLADO;NÃO;ESTADOS UNIDOS;5005270;MULTICINE SANTA MARIA SALA 01;6;6000045;5935;30733;BRASÍLIA;DF;MULTICINE CINEMAS LTDA;07.609.246/0001-04
10/04/2021;10/04/2021 19:00:00;MONSTER HUNTER;MONSTER HUNTER;E2000403800000;DUBLADO;NÃO;ESTADOS UNIDOS;5000778;NEW YORK CITY CENTER - SALA 14;40;6000058;749;2620;RIO DE JANEIRO;RJ;UNITED CINEMAS INTERNATIONAL BRASIL LTDA.;01.289.530/0001-64
10/04/2021;10/04/2021 19:00:00;RAYA AND THE LAST DRAGON;RAYA E O ÚLTIMO DRAGÃO;E2100035300000;DUBLADO;NÃO;ESTADOS UNIDOS;5001957;KINOPLEX NOVA AMÉRICA SALA 01;52;6000037;1991;2426;RIO DE JANEIRO;RJ;EMPRESA CINEMAS SÃO LUIZ S/A;33.497.660/0001-89
10/04/2021;10/04/2021 19:00:00;RAYA AND THE LAST DRAGON;RAYA E O ÚLTIMO DRAGÃO;E2100035300000;DUBLADO;NÃO;ESTADOS UNIDOS;5002888;KINOPLEX WEST SHOPPING RIO 01;27;6000037;1991;17366;RIO DE JANEIRO;RJ;EMPRESA CINEMAS SÃO LUIZ S/A;33.497.660/0001-89
10/04/2021;10/04/2021 19:00:00;RAYA AND THE LAST DRAGON;RAYA E O ÚLTIMO DRAGÃO;E2100035300000;DUBLADO;NÃO;ESTADOS UNIDOS;5000062;SALA KINOPLEX MADUREIRA 02;25;6000037;1991;2389;RIO DE JANEIRO;RJ;EMPRESA CINEMAS SÃO LUIZ S/A;33.497.660/0001-89
10/04/2021;10/04/2021 19:00:00;RAYA AND THE LAST DRAGON;RAYA E O ÚLTIMO DRAGÃO;E2100035300000;DUBLADO;NÃO;ESTADOS UNIDOS;5004300;SALA VILA RICA 1 3D;4;;14637;14638;PRIMAVERA DO LESTE;MT;MAURICIO JOSE NICOLINO & CIA LTDA;05.724.035/0001-97
10/04/2021;10/04/2021 19:00:00;THE FATHER;THE FATHER;E1900616300000;ORIGINAL;SIM;INGLATERRA;5002179;KINOPLEX TIJUCA SALA 05;55;6000037;11751;13416;RIO DE JANEIRO;RJ;SR RIO DE JANEIRO CINEMAS S/A;08.262.566/0001-01
10/04/2021;10/04/2021 19:00:00;THE WIDOW;A VIÚVA DAS SOMBRAS;E2100005000000;DUBLADO;NÃO;RÚSSIA;5004503;CINE GRACHER ESPAÇO HAVAN 3;17;6000032;5979;26111;BRUSQUE;SC;CINE GRACHER LTDA;07.272.690/0001-87
10/04/2021;10/04/2021 19:00:00;THE WIDOW;A VIÚVA DAS SOMBRAS;E2100005000000;DUBLADO;NÃO;RÚSSIA;5000211;IGUATEMI 2;4;6000037;1991;2425;RIO DE JANEIRO;RJ;EMPRESA CINEMAS SÃO LUIZ S/A;33.497.660/0001-89
10/04/2021;10/04/2021 19:00:00;THE WIDOW;A VIÚVA DAS SOMBRAS;E2100005000000;DUBLADO;NÃO;RÚSSIA;5002199;KINOPLEX VIA PARQUE 3;18;6000037;1991;13454;RIO DE JANEIRO;RJ;EMPRESA CINEMAS SÃO LUIZ S/A;33.497.660/0001-89
10/04/2021;10/04/2021 19:00:00;TOM & JERRY;TOM & JERRY - O FILME;E2000553800000;DUBLADO;NÃO;ESTADOS UNIDOS;5004502;CINE GRACHER ESPAÇO HAVAN 2;0;6000032;5979;26111;BRUSQUE;SC;CINE GRACHER LTDA;07.272.690/0001-87
10/04/2021;10/04/2021 19:00:00;WONDER WOMAN 1984;MULHER-MARAVILHA 1984;E2000170200000;DUBLADO;NÃO;CANADÁ;5006113;CINE GRACHER SÃO BENTO 03;7;6000032;5979;41056;SÃO BENTO DO SUL;SC;CINE GRACHER LTDA;07.272.690/0001-87
10/04/2021;10/04/2021 19:10:00;DRUK;DRUK - MAIS UMA RODADA;E2100078400000;ORIGINAL;SIM;DINAMARCA;5002323;CINE SANTA TERESA;8;6000083;14200;14201;RIO DE JANEIRO;RJ;ARTE VITAL EXIBIÇÕES CINEMATOGRÁFICAS LTDA;03.459.043/0001-28
10/04/2021;10/04/2021 19:10:00;HONEST THIEF;LEGADO EXPLOSIVO;E2000416200000;DUBLADO;NÃO;ESTADOS UNIDOS;5001958;KINOPLEX NOVA AMÉRICA SALA 02;41;6000037;1991;2426;RIO DE JANEIRO;RJ;EMPRESA CINEMAS SÃO LUIZ S/A;33.497.660/0001-89
10/04/2021;10/04/2021 19:10:00;HONEST THIEF;LEGADO EXPLOSIVO;E2000416200000;ORIGINAL;SIM;ESTADOS UNIDOS;5000150;TERRAÇO 3;6;6000037;1991;2411;BRASÍLIA;DF;EMPRESA CINEMAS SÃO LUIZ S/A;33.497.660/0001-89
10/04/2021;10/04/2021 19:10:00;MONSTER HUNTER;MONSTER HUNTER;E2000403800000;DUBLADO;NÃO;ESTADOS UNIDOS;5002890;KINOPLEX WEST SHOPPING RIO 03;10;6000037;1991;17366;RIO DE JANEIRO;RJ;EMPRESA CINEMAS SÃO LUIZ S/A;33.497.660/0001-89
10/04/2021;10/04/2021 19:10:00;THE FATHER;THE FATHER;E1900616300000;ORIGINAL;SIM;INGLATERRA;5000068;KINOPLEX RIO SUL - SALA PLATINUM 04;41;6000037;1991;2390;RIO DE JANEIRO;RJ;EMPRESA CINEMAS SÃO LUIZ S/A;33.497.660/0001-89
10/04/2021;10/04/2021 19:10:00;THE FATHER;THE FATHER;E1900616300000;ORIGINAL;SIM;INGLATERRA;5005019;KINOPLEX VIA PARQUE 5;29;6000037;1991;13454;RIO DE JANEIRO;RJ;EMPRESA CINEMAS SÃO LUIZ S/A;33.497.660/0001-89
10/04/2021;10/04/2021 19:10:00;THE WIDOW;A VIÚVA DAS SOMBRAS;E2100005000000;ORIGINAL;SIM;RÚSSIA;5002180;KINOPLEX TIJUCA SALA 06;10;6000037;11751;13416;RIO DE JANEIRO;RJ;SR RIO DE JANEIRO CINEMAS S/A;08.262.566/0001-01
10/04/2021;10/04/2021 19:20:00;THE WIDOW;A VIÚVA DAS SOMBRAS;E2100005000000;DUBLADO;NÃO;RÚSSIA;5001959;KINOPLEX NOVA AMÉRICA SALA 03;43;6000037;1991;2426;RIO DE JANEIRO;RJ;EMPRESA CINEMAS SÃO LUIZ S/A;33.497.660/0001-89
10/04/2021;10/04/2021 19:20:00;THE WIDOW;A VIÚVA DAS SOMBRAS;E2100005000000;DUBLADO;NÃO;RÚSSIA;5000061;SALA KINOPLEX MADUREIRA 01;18;6000037;1991;2389;RIO DE JANEIRO;RJ;EMPRESA CINEMAS SÃO LUIZ S/A;33.497.660/0001-89
10/04/2021;10/04/2021 19:30:00;PINOCCHIO;PINÓQUIO;E2000294800000;DUBLADO;NÃO;FRANÇA;5000171;KINOPLEX PARKSHOPPING 2;16;6000037;2364;2415;BRASÍLIA;DF;CINEMAS PARIS SEVERIANO RIBEIRO LTDA;31.611.189/0001-82
10/04/2021;10/04/2021 19:30:00;RAYA AND THE LAST DRAGON;RAYA E O ÚLTIMO DRAGÃO;E2100035300000;DUBLADO;NÃO;ESTADOS UNIDOS;5006577;CINE FLEX DRIVE-IN;6;6000121;41685;45933;PONTA GROSSA;PR;CINE SUL CINEMAS TB - EIRELI;31.266.859/0001-70
10/04/2021;10/04/2021 19:30:00;THE EMPTY MAN;O MENSAGEIRO DO ÚLTIMO DIA;E2000471300000;DUBLADO;NÃO;ESTADOS UNIDOS;5006494;CINE INTER SANTA INES 02;4;6000140;44834;44835;SANTA INÊS;MA;CINEINTER EXIBICOES CINEMATOGRAFICAS LTDA;35.477.354/0001-06
10/04/2021;10/04/2021 19:30:00;THE EMPTY MAN;O MENSAGEIRO DO ÚLTIMO DIA;E2000471300000;DUBLADO;NÃO;ESTADOS UNIDOS;5005562;KINOPLEX NOVA IGUAÇU SALA 01;40;6000037;1991;33119;NOVA IGUAÇU;RJ;EMPRESA CINEMAS SÃO LUIZ S/A;33.497.660/0001-89
10/04/2021;10/04/2021 19:30:00;THE WIDOW;A VIÚVA DAS SOMBRAS;E2100005000000;DUBLADO;NÃO;RÚSSIA;5005271;MULTICINE SANTA MARIA SALA 02;4;6000045;5935;30733;BRASÍLIA;DF;MULTICINE CINEMAS LTDA;07.609.246/0001-04
10/04/2021;10/04/2021 19:30:00;WONDER WOMAN 1984;MULHER-MARAVILHA 1984;E2000170200000;DUBLADO;NÃO;CANADÁ;5001860;CINE GRACHER LTDA;3;6000032;5979;6687;BRUSQUE;SC;CINE GRACHER LTDA;07.272.690/0001-87
10/04/2021;10/04/2021 19:35:00;MONSTER HUNTER;MONSTER HUNTER;E2000403800000;DUBLADO;NÃO;ESTADOS UNIDOS;5002355;SALA VILA RICA 2 CONVENCIONAL;5;;14637;14638;PRIMAVERA DO LESTE;MT;MAURICIO JOSE NICOLINO & CIA LTDA;05.724.035/0001-97
10/04/2021;10/04/2021 19:40:00;MONSTER HUNTER;MONSTER HUNTER;E2000403800000;DUBLADO;NÃO;ESTADOS UNIDOS;5002746;KINOPLEX BOULEVARD 03;11;6000037;1991;16402;BRASÍLIA;DF;EMPRESA CINEMAS SÃO LUIZ S/A;33.497.660/0001-89
10/04/2021;10/04/2021 19:40:00;RAYA AND THE LAST DRAGON;RAYA E O ÚLTIMO DRAGÃO;E2100035300000;DUBLADO;NÃO;ESTADOS UNIDOS;5000175;KINOPLEX PARKSHOPPING 3;31;6000037;2364;2415;BRASÍLIA;DF;CINEMAS PARIS SEVERIANO RIBEIRO LTDA;31.611.189/0001-82
10/04/2021;10/04/2021 19:40:00;THE WITCHES;CONVENÇÃO DAS BRUXAS;E2000396100000;DUBLADO;NÃO;ESTADOS UNIDOS;5006644;PLAYARTE RORAIMA GARDEN SALA 03;13;6000049;39188;47248;BOA VISTA;RR;MULTIPLEX DO BRASIL ENTRETENIMENTO LTDA;27.595.833/0001-07
10/04/2021;10/04/2021 19:45:00;RAYA AND THE LAST DRAGON;RAYA E O ÚLTIMO DRAGÃO;E2100035300000;DUBLADO;NÃO;ESTADOS UNIDOS;5005545;CINE COLOMBO RESENDE SALA 03;2;6000008;15833;33011;RESENDE;RJ;CINE A LTDA;10.894.937/0001-01
10/04/2021;10/04/2021 20:00:00;LUCICREIDE VAI PRA MARTE;;B1900421800000;ORIGINAL;NÃO;BRASIL;5006138;SALA CINE GUEDES 03;6;;23266;23267;PATOS;PB;LILIANE ROCHA DE MEDEIROS GUEDES-ME;16.844.526/0001-98
10/04/2021;10/04/2021 20:00:00;RAYA AND THE LAST DRAGON;RAYA E O ÚLTIMO DRAGÃO;E2100035300000;DUBLADO;NÃO;ESTADOS UNIDOS;5002748;KINOPLEX BOULEVARD 01;16;6000037;1991;16402;BRASÍLIA;DF;EMPRESA CINEMAS SÃO LUIZ S/A;33.497.660/0001-89
10/04/2021;10/04/2021 20:00:00;RAYA AND THE LAST DRAGON;RAYA E O ÚLTIMO DRAGÃO;E2100035300000;DUBLADO;NÃO;ESTADOS UNIDOS;5005726;KINOPLEX IGUAÇU TOP SALA 06;27;6000037;1991;2387;NOVA IGUAÇU;RJ;EMPRESA CINEMAS SÃO LUIZ S/A;33.497.660/0001-89
10/04/2021;10/04/2021 20:00:00;RAYA AND THE LAST DRAGON;RAYA E O ÚLTIMO DRAGÃO;E2100035300000;DUBLADO;NÃO;ESTADOS UNIDOS;5005563;KINOPLEX NOVA IGUAÇU SALA 02 KINOEVOLUTION;81;6000037;1991;33119;NOVA IGUAÇU;RJ;EMPRESA CINEMAS SÃO LUIZ S/A;33.497.660/0001-89
10/04/2021;10/04/2021 20:00:00;RAYA AND THE LAST DRAGON;RAYA E O ÚLTIMO DRAGÃO;E2100035300000;DUBLADO;NÃO;ESTADOS UNIDOS;5000153;PÁTIO BRASIL 1;14;6000037;1991;2412;BRASÍLIA;DF;EMPRESA CINEMAS SÃO LUIZ S/A;33.497.660/0001-89
10/04/2021;10/04/2021 20:00:00;TOM & JERRY;TOM & JERRY - O FILME;E2000553800000;DUBLADO;NÃO;ESTADOS UNIDOS;5002102;CINE DRIVEIN;255;;5465;6715;BRASÍLIA;DF;STARK'S CINEMA E LANCHONETE LTDA.;32.917.296/0001-04
10/04/2021;10/04/2021 20:10:00;MONSTER HUNTER;MONSTER HUNTER;E2000403800000;DUBLADO;NÃO;ESTADOS UNIDOS;5000168;KINOPLEX PARKSHOPPING 5;19;6000037;2364;2415;BRASÍLIA;DF;CINEMAS PARIS SEVERIANO RIBEIRO LTDA;31.611.189/0001-82
10/04/2021;10/04/2021 20:10:00;MONSTER HUNTER;MONSTER HUNTER;E2000403800000;DUBLADO;NÃO;ESTADOS UNIDOS;5000155;PÁTIO BRASIL 3;10;6000037;1991;2412;BRASÍLIA;DF;EMPRESA CINEMAS SÃO LUIZ S/A;33.497.660/0001-89
10/04/2021;10/04/2021 20:10:00;THE WIDOW;A VIÚVA DAS SOMBRAS;E2100005000000;DUBLADO;NÃO;RÚSSIA;5002745;KINOPLEX BOULEVARD 02;5;6000037;1991;16402;BRASÍLIA;DF;EMPRESA CINEMAS SÃO LUIZ S/A;33.497.660/0001-89
10/04/2021;10/04/2021 20:10:00;THE WIDOW;A VIÚVA DAS SOMBRAS;E2100005000000;DUBLADO;NÃO;RÚSSIA;5006643;PLAYARTE RORAIMA GARDEN SALA 02;16;6000049;39188;47248;BOA VISTA;RR;MULTIPLEX DO BRASIL ENTRETENIMENTO LTDA;27.595.833/0001-07
10/04/2021;10/04/2021 20:10:00;THE WIDOW;A VIÚVA DAS SOMBRAS;E2100005000000;DUBLADO;NÃO;RÚSSIA;5003652;SALA CINE GUEDES 01;5;;23266;23267;PATOS;PB;LILIANE ROCHA DE MEDEIROS GUEDES-ME;16.844.526/0001-98
10/04/2021;10/04/2021 20:15:00;THE EMPTY MAN;O MENSAGEIRO DO ÚLTIMO DIA;E2000471300000;DUBLADO;NÃO;ESTADOS UNIDOS;5006657;SALA CINE VIEIRA 01;12;;47551;47598;SÃO BENTO;PB;COSTA E VIEIRA EMPREENDIMENTOS LTDA;10.866.528/0001-00
10/04/2021;10/04/2021 20:20:00;FOLLOW ME;SEM SAÍDA;E2100006300000;DUBLADO;NÃO;ESTADOS UNIDOS;5000167;KINOPLEX PARKSHOPPING 1;30;6000037;2364;2415;BRASÍLIA;DF;CINEMAS PARIS SEVERIANO RIBEIRO LTDA;31.611.189/0001-82
10/04/2021;10/04/2021 20:20:00;HONEST THIEF;LEGADO EXPLOSIVO;E2000416200000;DUBLADO;NÃO;ESTADOS UNIDOS;5000057;KINOPLEX IGUAÇU TOP SALA 02;44;6000037;1991;2387;NOVA IGUAÇU;RJ;EMPRESA CINEMAS SÃO LUIZ S/A;33.497.660/0001-89
10/04/2021;10/04/2021 20:20:00;THE FATHER;THE FATHER;E1900616300000;ORIGINAL;SIM;INGLATERRA;5000169;KINOPLEX PARKSHOPPING 6;24;6000037;2364;2415;BRASÍLIA;DF;CINEMAS PARIS SEVERIANO RIBEIRO LTDA;31.611.189/0001-82
10/04/2021;10/04/2021 20:20:00;THE WIDOW;A VIÚVA DAS SOMBRAS;E2100005000000;DUBLADO;NÃO;RÚSSIA;5000154;PÁTIO BRASIL 2;4;6000037;1991;2412;BRASÍLIA;DF;EMPRESA CINEMAS SÃO LUIZ S/A;33.497.660/0001-89
10/04/2021;10/04/2021 20:30:00;FOLLOW ME;SEM SAÍDA;E2100006300000;DUBLADO;NÃO;ESTADOS UNIDOS;5006493;CINE INTER SANTA INES 01;9;6000140;44834;44835;SANTA INÊS;MA;CINEINTER EXIBICOES CINEMATOGRAFICAS LTDA;35.477.354/0001-06
10/04/2021;10/04/2021 20:30:00;HONEST THIEF;LEGADO EXPLOSIVO;E2000416200000;DUBLADO;NÃO;ESTADOS UNIDOS;5005564;KINOPLEX NOVA IGUAÇU SALA 03 PLATINUM;30;6000037;1991;33119;NOVA IGUAÇU;RJ;EMPRESA CINEMAS SÃO LUIZ S/A;33.497.660/0001-89
10/04/2021;10/04/2021 20:30:00;MONSTER HUNTER;MONSTER HUNTER;E2000403800000;DUBLADO;NÃO;ESTADOS UNIDOS;5002565;CINE CATARATAS 2;10;;15565;15566;FOZ DO IGUAÇU;PR;CINE CATARATAS LTDA;09.010.219/0001-46
10/04/2021;10/04/2021 20:30:00;THE WIDOW;A VIÚVA DAS SOMBRAS;E2100005000000;DUBLADO;NÃO;RÚSSIA;5006484;CINE + ARTE SOMBRIO 01;8;6000103;44714;44715;SOMBRIO;SC;CINE + ARTE SOMBRIO LTDA;35.505.937/0001-01
10/04/2021;10/04/2021 20:30:00;THE WIDOW;A VIÚVA DAS SOMBRAS;E2100005000000;DUBLADO;NÃO;RÚSSIA;5005543;CINE COLOMBO RESENDE SALA 01;3;6000008;15833;33011;RESENDE;RJ;CINE A LTDA;10.894.937/0001-01
10/04/2021;10/04/2021 20:30:00;THE WIDOW;A VIÚVA DAS SOMBRAS;E2100005000000;DUBLADO;NÃO;RÚSSIA;5006058;CINE GRACHER JOAÇABA SALA 03;13;6000032;5979;40234;JOAÇABA;SC;CINE GRACHER LTDA;07.272.690/0001-87
10/04/2021;10/04/2021 20:30:00;THE WIDOW;A VIÚVA DAS SOMBRAS;E2100005000000;DUBLADO;NÃO;RÚSSIA;5005725;KINOPLEX IGUAÇU TOP SALA 05;34;6000037;1991;2387;NOVA IGUAÇU;RJ;EMPRESA CINEMAS SÃO LUIZ S/A;33.497.660/0001-89
10/04/2021;10/04/2021 20:30:00;THE WIDOW;A VIÚVA DAS SOMBRAS;E2100005000000;DUBLADO;NÃO;RÚSSIA;5000166;KINOPLEX PARKSHOPPING 4;22;6000037;2364;2415;BRASÍLIA;DF;CINEMAS PARIS SEVERIANO RIBEIRO LTDA;31.611.189/0001-82
10/04/2021;10/04/2021 20:30:00;TOM & JERRY;TOM & JERRY - O FILME;E2000553800000;DUBLADO;NÃO;ESTADOS UNIDOS;5006056;CINE GRACHER JOAÇABA SALA 01;2;6000032;5979;40234;JOAÇABA;SC;CINE GRACHER LTDA;07.272.690/0001-87
10/04/2021;10/04/2021 20:40:00;MONSTER HUNTER;MONSTER HUNTER;E2000403800000;DUBLADO;NÃO;ESTADOS UNIDOS;5005724;KINOPLEX IGUAÇU TOP SALA 04;18;6000037;1991;2387;NOVA IGUAÇU;RJ;EMPRESA CINEMAS SÃO LUIZ S/A;33.497.660/0001-89
10/04/2021;10/04/2021 20:40:00;RAYA AND THE LAST DRAGON;RAYA E O ÚLTIMO DRAGÃO;E2100035300000;DUBLADO;NÃO;ESTADOS UNIDOS;5002566;CINE CATARATAS 3;14;;15565;15566;FOZ DO IGUAÇU;PR;CINE CATARATAS LTDA;09.010.219/0001-46
10/04/2021;10/04/2021 20:40:00;THE WIDOW;A VIÚVA DAS SOMBRAS;E2100005000000;DUBLADO;NÃO;RÚSSIA;5005289;GRUPO CINE FRAIBURGO;3;6000034;30763;30765;FRAIBURGO;SC;CINEMA FRAIBURGO LTDA;17.067.309/0001-00
10/04/2021;10/04/2021 20:40:00;THE WIDOW;A VIÚVA DAS SOMBRAS;E2100005000000;DUBLADO;NÃO;RÚSSIA;5005568;KINOPLEX NOVA IGUAÇU SALA 07;53;6000037;1991;33119;NOVA IGUAÇU;RJ;EMPRESA CINEMAS SÃO LUIZ S/A;33.497.660/0001-89
10/04/2021;10/04/2021 20:45:00;FOLLOW ME;SEM SAÍDA;E2100006300000;DUBLADO;NÃO;ESTADOS UNIDOS;5006083;CINE GRACHER PORTO BELO SALA 01;2;6000032;5979;40771;PORTO BELO;SC;CINE GRACHER LTDA;07.272.690/0001-87
10/04/2021;10/04/2021 20:45:00;FOLLOW ME;SEM SAÍDA;E2100006300000;DUBLADO;NÃO;ESTADOS UNIDOS;5006111;CINE GRACHER SÃO BENTO 01;5;6000032;5979;41056;SÃO BENTO DO SUL;SC;CINE GRACHER LTDA;07.272.690/0001-87
10/04/2021;10/04/2021 20:45:00;RAYA AND THE LAST DRAGON;RAYA E O ÚLTIMO DRAGÃO;E2100035300000;DUBLADO;NÃO;ESTADOS UNIDOS;5006001;CINE GRACHER INDAIAL - SALA 04;5;6000032;5979;39283;INDAIAL;SC;CINE GRACHER LTDA;07.272.690/0001-87
10/04/2021;10/04/2021 20:45:00;RAYA AND THE LAST DRAGON;RAYA E O ÚLTIMO DRAGÃO;E2100035300000;DUBLADO;NÃO;ESTADOS UNIDOS;5006086;CINE GRACHER PORTO BELO SALA 04;8;6000032;5979;40771;PORTO BELO;SC;CINE GRACHER LTDA;07.272.690/0001-87
10/04/2021;10/04/2021 20:45:00;RAYA AND THE LAST DRAGON;RAYA E O ÚLTIMO DRAGÃO;E2100035300000;DUBLADO;NÃO;ESTADOS UNIDOS;5006112;CINE GRACHER SÃO BENTO 02;0;6000032;5979;41056;SÃO BENTO DO SUL;SC;CINE GRACHER LTDA;07.272.690/0001-87
10/04/2021;10/04/2021 20:45:00;THE WIDOW;A VIÚVA DAS SOMBRAS;E2100005000000;DUBLADO;NÃO;RÚSSIA;5006000;CINE GRACHER INDAIAL - SALA 03;19;6000032;5979;39283;INDAIAL;SC;CINE GRACHER LTDA;07.272.690/0001-87
10/04/2021;10/04/2021 20:45:00;THE WIDOW;A VIÚVA DAS SOMBRAS;E2100005000000;DUBLADO;NÃO;RÚSSIA;5006085;CINE GRACHER PORTO BELO SALA 03;4;6000032;5979;40771;PORTO BELO;SC;CINE GRACHER LTDA;07.272.690/0001-87
10/04/2021;10/04/2021 20:45:00;THE WIDOW;A VIÚVA DAS SOMBRAS;E2100005000000;DUBLADO;NÃO;RÚSSIA;5006114;CINE GRACHER SÃO BENTO 04;2;6000032;5979;41056;SÃO BENTO DO SUL;SC;CINE GRACHER LTDA;07.272.690/0001-87
10/04/2021;10/04/2021 20:45:00;TOM & JERRY;TOM & JERRY - O FILME;E2000553800000;DUBLADO;NÃO;ESTADOS UNIDOS;5005998;CINE GRACHER INDAIAL - SALA 01;5;6000032;5979;39283;INDAIAL;SC;CINE GRACHER LTDA;07.272.690/0001-87
10/04/2021;10/04/2021 21:00:01;LUCICREIDE VAI PRA MARTE;;B1900421800000;ORIGINAL;NÃO;BRASIL;5005789;CIDADE LUZ 3 MAXXI STADIUM;2;;32725;32727;GUARABIRA;PB;VERONILDO COUTINHO DE SOUSA EIRELI- EPP;24.248.972/0001-68
10/04/2021;10/04/2021 21:15:00;FOLLOW ME;SEM SAÍDA;E2100006300000;DUBLADO;NÃO;ESTADOS UNIDOS;5001862;CINE GRACHER LTDA;9;6000032;5979;6687;BRUSQUE;SC;CINE GRACHER LTDA;07.272.690/0001-87
10/04/2021;10/04/2021 21:15:00;RAYA AND THE LAST DRAGON;RAYA E O ÚLTIMO DRAGÃO;E2100035300000;DUBLADO;NÃO;ESTADOS UNIDOS;5004504;CINE GRACHER ESPAÇO HAVAN 1;11;6000032;5979;26111;BRUSQUE;SC;CINE GRACHER LTDA;07.272.690/0001-87
10/04/2021;10/04/2021 21:15:00;THE WIDOW;A VIÚVA DAS SOMBRAS;E2100005000000;DUBLADO;NÃO;RÚSSIA;5004503;CINE GRACHER ESPAÇO HAVAN 3;23;6000032;5979;26111;BRUSQUE;SC;CINE GRACHER LTDA;07.272.690/0001-87
10/04/2021;10/04/2021 21:15:00;TOM & JERRY;TOM & JERRY - O FILME;E2000553800000;DUBLADO;NÃO;ESTADOS UNIDOS;5004502;CINE GRACHER ESPAÇO HAVAN 2;0;6000032;5979;26111;BRUSQUE;SC;CINE GRACHER LTDA;07.272.690/0001-87
10/04/2021;10/04/2021 21:15:00;TOM & JERRY;TOM & JERRY - O FILME;E2000553800000;DUBLADO;NÃO;ESTADOS UNIDOS;5001861;CINE GRACHER LTDA;2;6000032;5979;6687;BRUSQUE;SC;CINE GRACHER LTDA;07.272.690/0001-87
11/04/2021;11/04/2021 13:20:00;RAYA AND THE LAST DRAGON;RAYA E O ÚLTIMO DRAGÃO;E2100035300000;DUBLADO;NÃO;ESTADOS UNIDOS;5002566;CINE CATARATAS 3;15;;15565;15566;FOZ DO IGUAÇU;PR;CINE CATARATAS LTDA;09.010.219/0001-46
11/04/2021;11/04/2021 14:00:00;FOLLOW ME;SEM SAÍDA;E2100006300000;DUBLADO;NÃO;ESTADOS UNIDOS;5000206;KINOPLEX GRANDE RIO 3;11;6000037;1991;2424;SÃO JOÃO DE MERITI;RJ;EMPRESA CINEMAS SÃO LUIZ S/A;33.497.660/0001-89
11/04/2021;11/04/2021 14:00:00;JUDAS AND THE BLACK MESSIAH;JUDAS E O MESSIAS NEGRO;E2100040400000;ORIGINAL;SIM;ESTADOS UNIDOS;5000068;KINOPLEX RIO SUL - SALA PLATINUM 04;7;6000037;1991;2390;RIO DE JANEIRO;RJ;EMPRESA CINEMAS SÃO LUIZ S/A;33.497.660/0001-89
11/04/2021;11/04/2021 14:00:00;JUDAS AND THE BLACK MESSIAH;JUDAS E O MESSIAS NEGRO;E2100040400000;ORIGINAL;SIM;ESTADOS UNIDOS;5002179;KINOPLEX TIJUCA SALA 05;6;6000037;11751;13416;RIO DE JANEIRO;RJ;SR RIO DE JANEIRO CINEMAS S/A;08.262.566/0001-01
11/04/2021;11/04/2021 14:00:00;JUDAS AND THE BLACK MESSIAH;JUDAS E O MESSIAS NEGRO;E2100040400000;ORIGINAL;SIM;ESTADOS UNIDOS;5005020;KINOPLEX VIA PARQUE 6;1;6000037;1991;13454;RIO DE JANEIRO;RJ;EMPRESA CINEMAS SÃO LUIZ S/A;33.497.660/0001-89
11/04/2021;11/04/2021 14:00:00;PINOCCHIO;PINÓQUIO;E2000294800000;DUBLADO;NÃO;FRANÇA;5000150;TERRAÇO 3;3;6000037;1991;2411;BRASÍLIA;DF;EMPRESA CINEMAS SÃO LUIZ S/A;33.497.660/0001-89
11/04/2021;11/04/2021 14:00:00;RAYA AND THE LAST DRAGON;RAYA E O ÚLTIMO DRAGÃO;E2100035300000;DUBLADO;NÃO;ESTADOS UNIDOS;5001957;KINOPLEX NOVA AMÉRICA SALA 01;19;6000037;1991;2426;RIO DE JANEIRO;RJ;EMPRESA CINEMAS SÃO LUIZ S/A;33.497.660/0001-89
11/04/2021;11/04/2021 14:00:00;RAYA AND THE LAST DRAGON;RAYA E O ÚLTIMO DRAGÃO;E2100035300000;DUBLADO;NÃO;ESTADOS UNIDOS;5002180;KINOPLEX TIJUCA SALA 06;9;6000037;11751;13416;RIO DE JANEIRO;RJ;SR RIO DE JANEIRO CINEMAS S/A;08.262.566/0001-01
11/04/2021;11/04/2021 14:00:00;RAYA AND THE LAST DRAGON;RAYA E O ÚLTIMO DRAGÃO;E2100035300000;DUBLADO;NÃO;ESTADOS UNIDOS;5002888;KINOPLEX WEST SHOPPING RIO 01;11;6000037;1991;17366;RIO DE JANEIRO;RJ;EMPRESA CINEMAS SÃO LUIZ S/A;33.497.660/0001-89
11/04/2021;11/04/2021 14:00:00;RAYA AND THE LAST DRAGON;RAYA E O ÚLTIMO DRAGÃO;E2100035300000;DUBLADO;NÃO;ESTADOS UNIDOS;5001931;SALA KINOPLEX LEBLON SALA 03;14;6000037;11751;11752;RIO DE JANEIRO;RJ;SR RIO DE JANEIRO CINEMAS S/A;08.262.566/0001-01
11/04/2021;11/04/2021 14:00:00;RAYA AND THE LAST DRAGON;RAYA E O ÚLTIMO DRAGÃO;E2100035300000;DUBLADO;NÃO;ESTADOS UNIDOS;5000062;SALA KINOPLEX MADUREIRA 02;5;6000037;1991;2389;RIO DE JANEIRO;RJ;EMPRESA CINEMAS SÃO LUIZ S/A;33.497.660/0001-89
11/04/2021;11/04/2021 14:00:00;SCOOB!;SCOOBY - O FILME;E2000026400000;DUBLADO;NÃO;ESTADOS UNIDOS;5005018;KINOPLEX VIA PARQUE 4- KINOEVOLUTION;13;6000037;1991;13454;RIO DE JANEIRO;RJ;EMPRESA CINEMAS SÃO LUIZ S/A;33.497.660/0001-89
11/04/2021;11/04/2021 14:00:00;THE FATHER;THE FATHER;E1900616300000;ORIGINAL;SIM;INGLATERRA;5001932;SALA KINOPLEX LEBLON SALA 02;2;6000037;11751;11752;RIO DE JANEIRO;RJ;SR RIO DE JANEIRO CINEMAS S/A;08.262.566/0001-01
11/04/2021;11/04/2021 14:00:00;TOM & JERRY;TOM & JERRY - O FILME;E2000553800000;DUBLADO;NÃO;ESTADOS UNIDOS;5006060;CENTERPLEX BOULEVARD 02;2;6000006;40317;40318;VITÓRIA DA CONQUISTA;BA;CINE ELI BAHIA CINEMAS LTDA - EM RECUPERACAO JUDICIAL;30.096.740/0001-34
11/04/2021;11/04/2021 14:00:00;TOM & JERRY;TOM & JERRY - O FILME;E2000553800000;DUBLADO;NÃO;ESTADOS UNIDOS;5002565;CINE CATARATAS 2;16;;15565;15566;FOZ DO IGUAÇU;PR;CINE CATARATAS LTDA;09.010.219/0001-46
11/04/2021;11/04/2021 14:00:00;TOM & JERRY;TOM & JERRY - O FILME;E2000553800000;DUBLADO;NÃO;ESTADOS UNIDOS;5000065;KINOPLEX RIO SUL - SALA KINOEVOLUTIUM 01;7;6000037;1991;2390;RIO DE JANEIRO;RJ;EMPRESA CINEMAS SÃO LUIZ S/A;33.497.660/0001-89
11/04/2021;11/04/2021 14:00:00;TOM & JERRY;TOM & JERRY - O FILME;E2000553800000;DUBLADO;NÃO;ESTADOS UNIDOS;5000066;KINOPLEX RIO SUL - SALA KINOEVOLUTIUM 02;0;6000037;1991;2390;RIO DE JANEIRO;RJ;EMPRESA CINEMAS SÃO LUIZ S/A;33.497.660/0001-89
11/04/2021;11/04/2021 14:00:00;TOM & JERRY;TOM & JERRY - O FILME;E2000553800000;DUBLADO;NÃO;ESTADOS UNIDOS;5002051;UCI - KINOPLEX NORTE SHOPPING - SALA 02;3;6000059;2612;12748;RIO DE JANEIRO;RJ;UCI RIBEIRO LTDA;02.117.937/0001-77
11/04/2021;11/04/2021 14:10:00;THE FATHER;THE FATHER;E1900616300000;ORIGINAL;SIM;INGLATERRA;5000067;KINOPLEX RIO SUL - SALA PLATINUM 03;13;6000037;1991;2390;RIO DE JANEIRO;RJ;EMPRESA CINEMAS SÃO LUIZ S/A;33.497.660/0001-89
11/04/2021;11/04/2021 14:10:00;TOM & JERRY;TOM & JERRY - O FILME;E2000553800000;DUBLADO;NÃO;ESTADOS UNIDOS;5000149;TERRAÇO 2;6;6000037;1991;2411;BRASÍLIA;DF;EMPRESA CINEMAS SÃO LUIZ S/A;33.497.660/0001-89
11/04/2021;11/04/2021 14:20:00;LUCICREIDE VAI PRA MARTE;;B1900421800000;ORIGINAL;NÃO;BRASIL;5001960;KINOPLEX NOVA AMÉRICA SALA 04;10;6000037;1991;2426;RIO DE JANEIRO;RJ;EMPRESA CINEMAS SÃO LUIZ S/A;33.497.660/0001-89
11/04/2021;11/04/2021 14:20:00;LUCICREIDE VAI PRA MARTE;;B1900421800000;DUBLADO;NÃO;BRASIL;5002053;UCI - KINOPLEX NORTE SHOPPING - SALA 08;0;6000059;2612;12748;RIO DE JANEIRO;RJ;UCI RIBEIRO LTDA;02.117.937/0001-77
11/04/2021;11/04/2021 14:20:00;TOM & JERRY;TOM & JERRY - O FILME;E2000553800000;DUBLADO;NÃO;ESTADOS UNIDOS;5000205;KINOPLEX GRANDE RIO 2;10;6000037;1991;2424;SÃO JOÃO DE MERITI;RJ;EMPRESA CINEMAS SÃO LUIZ S/A;33.497.660/0001-89
11/04/2021;11/04/2021 14:30:00;JUDAS AND THE BLACK MESSIAH;JUDAS E O MESSIAS NEGRO;E2100040400000;ORIGINAL;SIM;ESTADOS UNIDOS;5001959;KINOPLEX NOVA AMÉRICA SALA 03;14;6000037;1991;2426;RIO DE JANEIRO;RJ;EMPRESA CINEMAS SÃO LUIZ S/A;33.497.660/0001-89
11/04/2021;11/04/2021 14:30:00;LUCICREIDE VAI PRA MARTE;;B1900421800000;ORIGINAL;NÃO;BRASIL;5006062;CENTERPLEX BOULEVARD 04;2;6000006;40317;40318;VITÓRIA DA CONQUISTA;BA;CINE ELI BAHIA CINEMAS LTDA - EM RECUPERACAO JUDICIAL;30.096.740/0001-34
11/04/2021;11/04/2021 14:30:00;TOM & JERRY;TOM & JERRY - O FILME;E2000553800000;DUBLADO;NÃO;ESTADOS UNIDOS;5002746;KINOPLEX BOULEVARD 03;3;6000037;1991;16402;BRASÍLIA;DF;EMPRESA CINEMAS SÃO LUIZ S/A;33.497.660/0001-89
11/04/2021;11/04/2021 14:30:00;TOM & JERRY;TOM & JERRY - O FILME;E2000553800000;DUBLADO;NÃO;ESTADOS UNIDOS;5002199;KINOPLEX VIA PARQUE 3;2;6000037;1991;13454;RIO DE JANEIRO;RJ;EMPRESA CINEMAS SÃO LUIZ S/A;33.497.660/0001-89
11/04/2021;11/04/2021 14:30:00;TOM & JERRY;TOM & JERRY - O FILME;E2000553800000;DUBLADO;NÃO;ESTADOS UNIDOS;5000063;SALA KINOPLEX MADUREIRA 03;4;6000037;1991;2389;RIO DE JANEIRO;RJ;EMPRESA CINEMAS SÃO LUIZ S/A;33.497.660/0001-89
11/04/2021;11/04/2021 14:40:00;RAYA AND THE LAST DRAGON;RAYA E O ÚLTIMO DRAGÃO;E2100035300000;DUBLADO;NÃO;ESTADOS UNIDOS;5000175;KINOPLEX PARKSHOPPING 3;40;6000037;2364;2415;BRASÍLIA;DF;CINEMAS PARIS SEVERIANO RIBEIRO LTDA;31.611.189/0001-82
11/04/2021;11/04/2021 14:40:00;RAYA AND THE LAST DRAGON;RAYA E O ÚLTIMO DRAGÃO;E2100035300000;DUBLADO;NÃO;ESTADOS UNIDOS;5002052;UCI - KINOPLEX NORTE SHOPPING - SALA 10;5;6000059;2612;12748;RIO DE JANEIRO;RJ;UCI RIBEIRO LTDA;02.117.937/0001-77
11/04/2021;11/04/2021 14:40:00;THE WIDOW;A VIÚVA DAS SOMBRAS;E2100005000000;DUBLADO;NÃO;RÚSSIA;5002891;KINOPLEX WEST SHOPPING RIO 02;2;6000037;1991;17366;RIO DE JANEIRO;RJ;EMPRESA CINEMAS SÃO LUIZ S/A;33.497.660/0001-89
11/04/2021;11/04/2021 14:40:00;TOM & JERRY;TOM & JERRY - O FILME;E2000553800000;DUBLADO;NÃO;ESTADOS UNIDOS;5001958;KINOPLEX NOVA AMÉRICA SALA 02;11;6000037;1991;2426;RIO DE JANEIRO;RJ;EMPRESA CINEMAS SÃO LUIZ S/A;33.497.660/0001-89
11/04/2021;11/04/2021 14:40:00;TOM & JERRY;TOM & JERRY - O FILME;E2000553800000;DUBLADO;NÃO;ESTADOS UNIDOS;5005270;MULTICINE SANTA MARIA SALA 01;2;6000045;5935;30733;BRASÍLIA;DF;MULTICINE CINEMAS LTDA;07.609.246/0001-04
11/04/2021;11/04/2021 14:45:00;LUCICREIDE VAI PRA MARTE;;B1900421800000;ORIGINAL;NÃO;BRASIL;5006493;CINE INTER SANTA INES 01;3;6000140;44834;44835;SANTA INÊS;MA;CINEINTER EXIBICOES CINEMATOGRAFICAS LTDA;35.477.354/0001-06
11/04/2021;11/04/2021 14:45:00;TOM & JERRY;TOM & JERRY - O FILME;E2000553800000;DUBLADO;NÃO;ESTADOS UNIDOS;5005562;KINOPLEX NOVA IGUAÇU SALA 01;9;6000037;1991;33119;NOVA IGUAÇU;RJ;EMPRESA CINEMAS SÃO LUIZ S/A;33.497.660/0001-89
11/04/2021;11/04/2021 14:50:00;THE EMPTY MAN;O MENSAGEIRO DO ÚLTIMO DIA;E2000471300000;DUBLADO;NÃO;ESTADOS UNIDOS;5006494;CINE INTER SANTA INES 02;3;6000140;44834;44835;SANTA INÊS;MA;CINEINTER EXIBICOES CINEMATOGRAFICAS LTDA;35.477.354/0001-06
11/04/2021;11/04/2021 14:50:00;THE EMPTY MAN;O MENSAGEIRO DO ÚLTIMO DIA;E2000471300000;DUBLADO;NÃO;ESTADOS UNIDOS;5000207;KINOPLEX GRANDE RIO 4;23;6000037;1991;2424;SÃO JOÃO DE MERITI;RJ;EMPRESA CINEMAS SÃO LUIZ S/A;33.497.660/0001-89
11/04/2021;11/04/2021 14:50:00;TOM & JERRY;TOM & JERRY - O FILME;E2000553800000;DUBLADO;NÃO;ESTADOS UNIDOS;5002890;KINOPLEX WEST SHOPPING RIO 03;12;6000037;1991;17366;RIO DE JANEIRO;RJ;EMPRESA CINEMAS SÃO LUIZ S/A;33.497.660/0001-89
11/04/2021;11/04/2021 15:00:00;A MULHER DA LUZ PRÓPRIA;;B1900320300000;ORIGINAL;NÃO;BRASIL;5002323;CINE SANTA TERESA;0;6000083;14200;14201;RIO DE JANEIRO;RJ;ARTE VITAL EXIBIÇÕES CINEMATOGRÁFICAS LTDA;03.459.043/0001-28
11/04/2021;11/04/2021 15:00:00;LUCICREIDE VAI PRA MARTE;;B1900421800000;DUBLADO;NÃO;BRASIL;5000770;NEW YORK CITY CENTER - SALA 06;4;6000058;749;2620;RIO DE JANEIRO;RJ;UNITED CINEMAS INTERNATIONAL BRASIL LTDA.;01.289.530/0001-64
11/04/2021;11/04/2021 15:00:00;PINOCCHIO;PINÓQUIO;E2000294800000;DUBLADO;NÃO;FRANÇA;5003766;UCI BRASIL - SHOPPING CG - SALA 03;9;6000058;749;23929;RIO DE JANEIRO;RJ;UNITED CINEMAS INTERNATIONAL BRASIL LTDA.;01.289.530/0001-64
11/04/2021;11/04/2021 15:00:00;RAYA AND THE LAST DRAGON;RAYA E O ÚLTIMO DRAGÃO;E2100035300000;DUBLADO;NÃO;ESTADOS UNIDOS;5002748;KINOPLEX BOULEVARD 01;18;6000037;1991;16402;BRASÍLIA;DF;EMPRESA CINEMAS SÃO LUIZ S/A;33.497.660/0001-89
11/04/2021;11/04/2021 15:00:00;RAYA AND THE LAST DRAGON;RAYA E O ÚLTIMO DRAGÃO;E2100035300000;DUBLADO;NÃO;ESTADOS UNIDOS;5005726;KINOPLEX IGUAÇU TOP SALA 06;17;6000037;1991;2387;NOVA IGUAÇU;RJ;EMPRESA CINEMAS SÃO LUIZ S/A;33.497.660/0001-89
11/04/2021;11/04/2021 15:00:00;RAYA AND THE LAST DRAGON;RAYA E O ÚLTIMO DRAGÃO;E2100035300000;DUBLADO;NÃO;ESTADOS UNIDOS;5005563;KINOPLEX NOVA IGUAÇU SALA 02 KINOEVOLUTION;26;6000037;1991;33119;NOVA IGUAÇU;RJ;EMPRESA CINEMAS SÃO LUIZ S/A;33.497.660/0001-89
11/04/2021;11/04/2021 15:00:00;RAYA AND THE LAST DRAGON;RAYA E O ÚLTIMO DRAGÃO;E2100035300000;DUBLADO;NÃO;ESTADOS UNIDOS;5000153;PÁTIO BRASIL 1;18;6000037;1991;2412;BRASÍLIA;DF;EMPRESA CINEMAS SÃO LUIZ S/A;33.497.660/0001-89
11/04/2021;11/04/2021 15:00:00;RAYA AND THE LAST DRAGON;RAYA E O ÚLTIMO DRAGÃO;E2100035300000;DUBLADO;NÃO;ESTADOS UNIDOS;5004809;SHOPPING BOSQUE DOS IPÊS- SALA 03;16;6000058;749;27590;CAMPO GRANDE;MS;UNITED CINEMAS INTERNATIONAL BRASIL LTDA.;01.289.530/0001-64
11/04/2021;11/04/2021 15:00:00;THE WITCHES;CONVENÇÃO DAS BRUXAS;E2000396100000;DUBLADO;NÃO;ESTADOS UNIDOS;5000213;IGUATEMI 4;14;6000037;1991;2425;RIO DE JANEIRO;RJ;EMPRESA CINEMAS SÃO LUIZ S/A;33.497.660/0001-89
11/04/2021;11/04/2021 15:00:00;THE WITCHES;CONVENÇÃO DAS BRUXAS;E2000396100000;DUBLADO;NÃO;ESTADOS UNIDOS;5006644;PLAYARTE RORAIMA GARDEN SALA 03;10;6000049;39188;47248;BOA VISTA;RR;MULTIPLEX DO BRASIL ENTRETENIMENTO LTDA;27.595.833/0001-07
11/04/2021;11/04/2021 15:00:00;TOM & JERRY;TOM & JERRY - O FILME;E2000553800000;DUBLADO;NÃO;ESTADOS UNIDOS;5006059;CENTERPLEX BOULEVARD 01;5;6000006;40317;40318;VITÓRIA DA CONQUISTA;BA;CINE ELI BAHIA CINEMAS LTDA - EM RECUPERACAO JUDICIAL;30.096.740/0001-34
11/04/2021;11/04/2021 15:00:00;TOM & JERRY;TOM & JERRY - O FILME;E2000553800000;DUBLADO;NÃO;ESTADOS UNIDOS;5000171;KINOPLEX PARKSHOPPING 2;22;6000037;2364;2415;BRASÍLIA;DF;CINEMAS PARIS SEVERIANO RIBEIRO LTDA;31.611.189/0001-82
11/04/2021;11/04/2021 15:00:00;WONDER WOMAN 1984;MULHER-MARAVILHA 1984;E2000170200000;DUBLADO;NÃO;CANADÁ;5002057;UCI - KINOPLEX NORTE SHOPPING - SALA 03;11;6000059;2612;12748;RIO DE JANEIRO;RJ;UCI RIBEIRO LTDA;02.117.937/0001-77
11/04/2021;11/04/2021 15:00:01;LUCICREIDE VAI PRA MARTE;;B1900421800000;ORIGINAL;NÃO;BRASIL;5005789;CIDADE LUZ 3 MAXXI STADIUM;0;;32725;32727;GUARABIRA;PB;VERONILDO COUTINHO DE SOUSA EIRELI- EPP;24.248.972/0001-68
11/04/2021;11/04/2021 15:10:00;RAYA AND THE LAST DRAGON;RAYA E O ÚLTIMO DRAGÃO;E2100035300000;DUBLADO;NÃO;ESTADOS UNIDOS;5005272;MULTICINE SANTA MARIA SALA 03;3;6000045;5935;30733;BRASÍLIA;DF;MULTICINE CINEMAS LTDA;07.609.246/0001-04
11/04/2021;11/04/2021 15:10:00;THE WITCHES;CONVENÇÃO DAS BRUXAS;E2000396100000;DUBLADO;NÃO;ESTADOS UNIDOS;5000168;KINOPLEX PARKSHOPPING 5;17;6000037;2364;2415;BRASÍLIA;DF;CINEMAS PARIS SEVERIANO RIBEIRO LTDA;31.611.189/0001-82
11/04/2021;11/04/2021 15:10:00;TOM & JERRY;TOM & JERRY - O FILME;E2000553800000;DUBLADO;NÃO;ESTADOS UNIDOS;5000155;PÁTIO BRASIL 3;10;6000037;1991;2412;BRASÍLIA;DF;EMPRESA CINEMAS SÃO LUIZ S/A;33.497.660/0001-89
11/04/2021;11/04/2021 15:15:00;LUCICREIDE VAI PRA MARTE;;B1900421800000;ORIGINAL;NÃO;BRASIL;5000167;KINOPLEX PARKSHOPPING 1;20;6000037;2364;2415;BRASÍLIA;DF;CINEMAS PARIS SEVERIANO RIBEIRO LTDA;31.611.189/0001-82
11/04/2021;11/04/2021 15:15:01;TOM & JERRY;TOM & JERRY - O FILME;E2000553800000;DUBLADO;NÃO;ESTADOS UNIDOS;5005545;CINE COLOMBO RESENDE SALA 03;3;6000008;15833;33011;RESENDE;RJ;CINE A LTDA;10.894.937/0001-01
11/04/2021;11/04/2021 15:20:00;DEPOIS A LOUCA SOU EU;;B2000078000000;DUBLADO;NÃO;BRASIL;5000780;NEW YORK CITY CENTER - SALA 16;4;6000058;749;2620;RIO DE JANEIRO;RJ;UNITED CINEMAS INTERNATIONAL BRASIL LTDA.;01.289.530/0001-64
11/04/2021;11/04/2021 15:20:00;MONSTER HUNTER;MONSTER HUNTER;E2000403800000;ORIGINAL;SIM;ESTADOS UNIDOS;5000169;KINOPLEX PARKSHOPPING 6;15;6000037;2364;2415;BRASÍLIA;DF;CINEMAS PARIS SEVERIANO RIBEIRO LTDA;31.611.189/0001-82
11/04/2021;11/04/2021 15:20:00;MONSTER HUNTER;MONSTER HUNTER;E2000403800000;DUBLADO;NÃO;ESTADOS UNIDOS;5002059;UCI - KINOPLEX NORTE SHOPPING - SALA 07;10;6000059;2612;12748;RIO DE JANEIRO;RJ;UCI RIBEIRO LTDA;02.117.937/0001-77
11/04/2021;11/04/2021 15:20:00;PINOCCHIO;PINÓQUIO;E2000294800000;DUBLADO;NÃO;FRANÇA;5004812;SHOPPING BOSQUE DOS IPÊS- SALA 06;0;6000058;749;27590;CAMPO GRANDE;MS;UNITED CINEMAS INTERNATIONAL BRASIL LTDA.;01.289.530/0001-64
11/04/2021;11/04/2021 15:20:00;RAYA AND THE LAST DRAGON;RAYA E O ÚLTIMO DRAGÃO;E2100035300000;DUBLADO;NÃO;ESTADOS UNIDOS;5000210;IGUATEMI 1;4;6000037;1991;2425;RIO DE JANEIRO;RJ;EMPRESA CINEMAS SÃO LUIZ S/A;33.497.660/0001-89
11/04/2021;11/04/2021 15:20:00;RAYA AND THE LAST DRAGON;RAYA E O ÚLTIMO DRAGÃO;E2100035300000;DUBLADO;NÃO;ESTADOS UNIDOS;5003762;UCI BRASIL PARK CG - SALA 04;16;6000058;749;23929;RIO DE JANEIRO;RJ;UNITED CINEMAS INTERNATIONAL BRASIL LTDA.;01.289.530/0001-64
11/04/2021;11/04/2021 15:20:00;THE WIDOW;A VIÚVA DAS SOMBRAS;E2100005000000;DUBLADO;NÃO;RÚSSIA;5000061;SALA KINOPLEX MADUREIRA 01;6;6000037;1991;2389;RIO DE JANEIRO;RJ;EMPRESA CINEMAS SÃO LUIZ S/A;33.497.660/0001-89
11/04/2021;11/04/2021 15:30:00;LUCICREIDE VAI PRA MARTE;;B1900421800000;ORIGINAL;NÃO;BRASIL;5006061;CENTERPLEX BOULEVARD 03;2;6000006;40317;40318;VITÓRIA DA CONQUISTA;BA;CINE ELI BAHIA CINEMAS LTDA - EM RECUPERACAO JUDICIAL;30.096.740/0001-34
11/04/2021;11/04/2021 15:30:00;MONSTER HUNTER;MONSTER HUNTER;E2000403800000;DUBLADO;NÃO;ESTADOS UNIDOS;5006058;CINE GRACHER JOAÇABA SALA 03;3;6000032;5979;40234;JOAÇABA;SC;CINE GRACHER LTDA;07.272.690/0001-87
11/04/2021;11/04/2021 15:30:00;RAYA AND THE LAST DRAGON;RAYA E O ÚLTIMO DRAGÃO;E2100035300000;DUBLADO;NÃO;ESTADOS UNIDOS;5006001;CINE GRACHER INDAIAL - SALA 04;2;6000032;5979;39283;INDAIAL;SC;CINE GRACHER LTDA;07.272.690/0001-87
11/04/2021;11/04/2021 15:30:00;RAYA AND THE LAST DRAGON;RAYA E O ÚLTIMO DRAGÃO;E2100035300000;DUBLADO;NÃO;ESTADOS UNIDOS;5006056;CINE GRACHER JOAÇABA SALA 01;12;6000032;5979;40234;JOAÇABA;SC;CINE GRACHER LTDA;07.272.690/0001-87
11/04/2021;11/04/2021 15:30:00;RAYA AND THE LAST DRAGON;RAYA E O ÚLTIMO DRAGÃO;E2100035300000;DUBLADO;NÃO;ESTADOS UNIDOS;5006086;CINE GRACHER PORTO BELO SALA 04;16;6000032;5979;40771;PORTO BELO;SC;CINE GRACHER LTDA;07.272.690/0001-87
11/04/2021;11/04/2021 15:30:00;RAYA AND THE LAST DRAGON;RAYA E O ÚLTIMO DRAGÃO;E2100035300000;DUBLADO;NÃO;ESTADOS UNIDOS;5006112;CINE GRACHER SÃO BENTO 02;9;6000032;5979;41056;SÃO BENTO DO SUL;SC;CINE GRACHER LTDA;07.272.690/0001-87
11/04/2021;11/04/2021 15:30:00;RAYA AND THE LAST DRAGON;RAYA E O ÚLTIMO DRAGÃO;E2100035300000;DUBLADO;NÃO;ESTADOS UNIDOS;5000204;KINOPLEX GRANDE RIO 1;49;6000037;1991;2424;SÃO JOÃO DE MERITI;RJ;EMPRESA CINEMAS SÃO LUIZ S/A;33.497.660/0001-89
11/04/2021;11/04/2021 15:30:00;WONDER WOMAN 1984;MULHER-MARAVILHA 1984;E2000170200000;DUBLADO;NÃO;CANADÁ;5005543;CINE COLOMBO RESENDE SALA 01;1;6000008;15833;33011;RESENDE;RJ;CINE A LTDA;10.894.937/0001-01
11/04/2021;11/04/2021 15:30:00;WONDER WOMAN 1984;MULHER-MARAVILHA 1984;E2000170200000;DUBLADO;NÃO;CANADÁ;5005568;KINOPLEX NOVA IGUAÇU SALA 07;20;6000037;1991;33119;NOVA IGUAÇU;RJ;EMPRESA CINEMAS SÃO LUIZ S/A;33.497.660/0001-89
11/04/2021;11/04/2021 15:40:00;LUCICREIDE VAI PRA MARTE;;B1900421800000;DUBLADO;NÃO;BRASIL;5003765;UCI BRASIL - PARK SHOPPING CG - SALA 2;10;6000058;749;23929;RIO DE JANEIRO;RJ;UNITED CINEMAS INTERNATIONAL BRASIL LTDA.;01.289.530/0001-64
11/04/2021;11/04/2021 15:40:00;THE FATHER;THE FATHER;E1900616300000;ORIGINAL;SIM;INGLATERRA;5000765;NEW YORK CITY CENTER - SALA 01;30;6000058;749;2620;RIO DE JANEIRO;RJ;UNITED CINEMAS INTERNATIONAL BRASIL LTDA.;01.289.530/0001-64
11/04/2021;11/04/2021 15:40:00;THE WIDOW;A VIÚVA DAS SOMBRAS;E2100005000000;DUBLADO;NÃO;RÚSSIA;5005271;MULTICINE SANTA MARIA SALA 02;2;6000045;5935;30733;BRASÍLIA;DF;MULTICINE CINEMAS LTDA;07.609.246/0001-04
11/04/2021;11/04/2021 15:40:00;THE WITCHES;CONVENÇÃO DAS BRUXAS;E2000396100000;DUBLADO;NÃO;ESTADOS UNIDOS;5002745;KINOPLEX BOULEVARD 02;3;6000037;1991;16402;BRASÍLIA;DF;EMPRESA CINEMAS SÃO LUIZ S/A;33.497.660/0001-89
11/04/2021;11/04/2021 15:50:00;HONEST THIEF;LEGADO EXPLOSIVO;E2000416200000;DUBLADO;NÃO;ESTADOS UNIDOS;5005564;KINOPLEX NOVA IGUAÇU SALA 03 PLATINUM;29;6000037;1991;33119;NOVA IGUAÇU;RJ;EMPRESA CINEMAS SÃO LUIZ S/A;33.497.660/0001-89
11/04/2021;11/04/2021 15:50:00;TOM & JERRY;TOM & JERRY - O FILME;E2000553800000;DUBLADO;NÃO;ESTADOS UNIDOS;5006643;PLAYARTE RORAIMA GARDEN SALA 02;4;6000049;39188;47248;BOA VISTA;RR;MULTIPLEX DO BRASIL ENTRETENIMENTO LTDA;27.595.833/0001-07
11/04/2021;11/04/2021 16:00:00;FOLLOW ME;SEM SAÍDA;E2100006300000;DUBLADO;NÃO;ESTADOS UNIDOS;5000057;KINOPLEX IGUAÇU TOP SALA 02;30;6000037;1991;2387;NOVA IGUAÇU;RJ;EMPRESA CINEMAS SÃO LUIZ S/A;33.497.660/0001-89
11/04/2021;11/04/2021 16:00:00;HONEST THIEF;LEGADO EXPLOSIVO;E2000416200000;DUBLADO;NÃO;ESTADOS UNIDOS;5000206;KINOPLEX GRANDE RIO 3;31;6000037;1991;2424;SÃO JOÃO DE MERITI;RJ;EMPRESA CINEMAS SÃO LUIZ S/A;33.497.660/0001-89
11/04/2021;11/04/2021 16:00:00;JUDAS AND THE BLACK MESSIAH;JUDAS E O MESSIAS NEGRO;E2100040400000;ORIGINAL;SIM;ESTADOS UNIDOS;5005994;CINE BARRA POINT SALA 01;3;6000083;14200;39233;RIO DE JANEIRO;RJ;ARTE VITAL EXIBIÇÕES CINEMATOGRÁFICAS LTDA;03.459.043/0001-28
11/04/2021;11/04/2021 16:00:00;MONSTER HUNTER;MONSTER HUNTER;E2000403800000;DUBLADO;NÃO;ESTADOS UNIDOS;5006000;CINE GRACHER INDAIAL - SALA 03;13;6000032;5979;39283;INDAIAL;SC;CINE GRACHER LTDA;07.272.690/0001-87
11/04/2021;11/04/2021 16:00:00;MONSTER HUNTER;MONSTER HUNTER;E2000403800000;DUBLADO;NÃO;ESTADOS UNIDOS;5006085;CINE GRACHER PORTO BELO SALA 03;4;6000032;5979;40771;PORTO BELO;SC;CINE GRACHER LTDA;07.272.690/0001-87
11/04/2021;11/04/2021 16:00:00;MONSTER HUNTER;MONSTER HUNTER;E2000403800000;DUBLADO;NÃO;ESTADOS UNIDOS;5006114;CINE GRACHER SÃO BENTO 04;6;6000032;5979;41056;SÃO BENTO DO SUL;SC;CINE GRACHER LTDA;07.272.690/0001-87
11/04/2021;11/04/2021 16:00:00;RAYA AND THE LAST DRAGON;RAYA E O ÚLTIMO DRAGÃO;E2100035300000;DUBLADO;NÃO;ESTADOS UNIDOS;5002566;CINE CATARATAS 3;42;;15565;15566;FOZ DO IGUAÇU;PR;CINE CATARATAS LTDA;09.010.219/0001-46
11/04/2021;11/04/2021 16:00:00;RAYA AND THE LAST DRAGON;RAYA E O ÚLTIMO DRAGÃO;E2100035300000;DUBLADO;NÃO;ESTADOS UNIDOS;5004504;CINE GRACHER ESPAÇO HAVAN 1;24;6000032;5979;26111;BRUSQUE;SC;CINE GRACHER LTDA;07.272.690/0001-87
11/04/2021;11/04/2021 16:00:00;RAYA AND THE LAST DRAGON;RAYA E O ÚLTIMO DRAGÃO;E2100035300000;DUBLADO;NÃO;ESTADOS UNIDOS;5006657;SALA CINE VIEIRA 01;5;;47551;47598;SÃO BENTO;PB;COSTA E VIEIRA EMPREENDIMENTOS LTDA;10.866.528/0001-00
11/04/2021;11/04/2021 16:00:00;THE FATHER;THE FATHER;E1900616300000;ORIGINAL;SIM;INGLATERRA;5001932;SALA KINOPLEX LEBLON SALA 02;24;6000037;11751;11752;RIO DE JANEIRO;RJ;SR RIO DE JANEIRO CINEMAS S/A;08.262.566/0001-01
11/04/2021;11/04/2021 16:00:00;THE WIDOW;A VIÚVA DAS SOMBRAS;E2100005000000;ORIGINAL;SIM;RÚSSIA;5000774;NEW YORK CITY CENTER - SALA 10;25;6000058;749;2620;RIO DE JANEIRO;RJ;UNITED CINEMAS INTERNATIONAL BRASIL LTDA.;01.289.530/0001-64
11/04/2021;11/04/2021 16:00:00;THE WIDOW;A VIÚVA DAS SOMBRAS;E2100005000000;DUBLADO;NÃO;RÚSSIA;5000154;PÁTIO BRASIL 2;11;6000037;1991;2412;BRASÍLIA;DF;EMPRESA CINEMAS SÃO LUIZ S/A;33.497.660/0001-89
11/04/2021;11/04/2021 16:00:00;TOM & JERRY;TOM & JERRY - O FILME;E2000553800000;DUBLADO;NÃO;ESTADOS UNIDOS;5006484;CINE + ARTE SOMBRIO 01;13;6000103;44714;44715;SOMBRIO;SC;CINE + ARTE SOMBRIO LTDA;35.505.937/0001-01
11/04/2021;11/04/2021 16:00:00;TOM & JERRY;TOM & JERRY - O FILME;E2000553800000;DUBLADO;NÃO;ESTADOS UNIDOS;5004502;CINE GRACHER ESPAÇO HAVAN 2;8;6000032;5979;26111;BRUSQUE;SC;CINE GRACHER LTDA;07.272.690/0001-87
11/04/2021;11/04/2021 16:00:00;TOM & JERRY;TOM & JERRY - O FILME;E2000553800000;DUBLADO;NÃO;ESTADOS UNIDOS;5005998;CINE GRACHER INDAIAL - SALA 01;11;6000032;5979;39283;INDAIAL;SC;CINE GRACHER LTDA;07.272.690/0001-87
11/04/2021;11/04/2021 16:00:00;TOM & JERRY;TOM & JERRY - O FILME;E2000553800000;DUBLADO;NÃO;ESTADOS UNIDOS;5006083;CINE GRACHER PORTO BELO SALA 01;7;6000032;5979;40771;PORTO BELO;SC;CINE GRACHER LTDA;07.272.690/0001-87
11/04/2021;11/04/2021 16:00:00;TOM & JERRY;TOM & JERRY - O FILME;E2000553800000;DUBLADO;NÃO;ESTADOS UNIDOS;5006111;CINE GRACHER SÃO BENTO 01;11;6000032;5979;41056;SÃO BENTO DO SUL;SC;CINE GRACHER LTDA;07.272.690/0001-87
11/04/2021;11/04/2021 16:10:00;RAYA AND THE LAST DRAGON;RAYA E O ÚLTIMO DRAGÃO;E2100035300000;DUBLADO;NÃO;ESTADOS UNIDOS;5005018;KINOPLEX VIA PARQUE 4- KINOEVOLUTION;30;6000037;1991;13454;RIO DE JANEIRO;RJ;EMPRESA CINEMAS SÃO LUIZ S/A;33.497.660/0001-89
11/04/2021;11/04/2021 16:10:00;RAYA AND THE LAST DRAGON;RAYA E O ÚLTIMO DRAGÃO;E2100035300000;DUBLADO;NÃO;ESTADOS UNIDOS;5001930;SALA KINOPLEX LEBLON SALA 01;38;6000037;11751;11752;RIO DE JANEIRO;RJ;SR RIO DE JANEIRO CINEMAS S/A;08.262.566/0001-01
11/04/2021;11/04/2021 16:10:00;THE WIDOW;A VIÚVA DAS SOMBRAS;E2100005000000;DUBLADO;NÃO;RÚSSIA;5000166;KINOPLEX PARKSHOPPING 4;21;6000037;2364;2415;BRASÍLIA;DF;CINEMAS PARIS SEVERIANO RIBEIRO LTDA;31.611.189/0001-82
11/04/2021;11/04/2021 16:10:00;TOM & JERRY;TOM & JERRY - O FILME;E2000553800000;DUBLADO;NÃO;ESTADOS UNIDOS;5004810;SHOPPING BOSQUE DOS IPÊS- SALA 04;7;6000058;749;27590;CAMPO GRANDE;MS;UNITED CINEMAS INTERNATIONAL BRASIL LTDA.;01.289.530/0001-64
11/04/2021;11/04/2021 16:15:00;RAYA AND THE LAST DRAGON;RAYA E O ÚLTIMO DRAGÃO;E2100035300000;DUBLADO;NÃO;ESTADOS UNIDOS;5005289;GRUPO CINE FRAIBURGO;2;6000034;30763;30765;FRAIBURGO;SC;CINEMA FRAIBURGO LTDA;17.067.309/0001-00
11/04/2021;11/04/2021 16:15:00;RAYA AND THE LAST DRAGON;RAYA E O ÚLTIMO DRAGÃO;E2100035300000;DUBLADO;NÃO;ESTADOS UNIDOS;5000065;KINOPLEX RIO SUL - SALA KINOEVOLUTIUM 01;34;6000037;1991;2390;RIO DE JANEIRO;RJ;EMPRESA CINEMAS SÃO LUIZ S/A;33.497.660/0001-89
11/04/2021;11/04/2021 16:15:00;RAYA AND THE LAST DRAGON;RAYA E O ÚLTIMO DRAGÃO;E2100035300000;DUBLADO;NÃO;ESTADOS UNIDOS;5000066;KINOPLEX RIO SUL - SALA KINOEVOLUTIUM 02;3;6000037;1991;2390;RIO DE JANEIRO;RJ;EMPRESA CINEMAS SÃO LUIZ S/A;33.497.660/0001-89
11/04/2021;11/04/2021 16:20:00;LUCICREIDE VAI PRA MARTE;;B1900421800000;ORIGINAL;NÃO;BRASIL;5001960;KINOPLEX NOVA AMÉRICA SALA 04;12;6000037;1991;2426;RIO DE JANEIRO;RJ;EMPRESA CINEMAS SÃO LUIZ S/A;33.497.660/0001-89
11/04/2021;11/04/2021 16:20:00;MONSTER HUNTER;MONSTER HUNTER;E2000403800000;DUBLADO;NÃO;ESTADOS UNIDOS;5003756;UCI BRASIL CG - SALA 05;0;6000058;749;23929;RIO DE JANEIRO;RJ;UNITED CINEMAS INTERNATIONAL BRASIL LTDA.;01.289.530/0001-64
11/04/2021;11/04/2021 16:20:00;RAYA AND THE LAST DRAGON;RAYA E O ÚLTIMO DRAGÃO;E2100035300000;DUBLADO;NÃO;ESTADOS UNIDOS;5000149;TERRAÇO 2;17;6000037;1991;2411;BRASÍLIA;DF;EMPRESA CINEMAS SÃO LUIZ S/A;33.497.660/0001-89
11/04/2021;11/04/2021 16:20:00;THE FATHER;THE FATHER;E1900616300000;ORIGINAL;SIM;INGLATERRA;5000067;KINOPLEX RIO SUL - SALA PLATINUM 03;5;6000037;1991;2390;RIO DE JANEIRO;RJ;EMPRESA CINEMAS SÃO LUIZ S/A;33.497.660/0001-89
11/04/2021;11/04/2021 16:20:00;THE WIDOW;A VIÚVA DAS SOMBRAS;E2100005000000;DUBLADO;NÃO;RÚSSIA;5005725;KINOPLEX IGUAÇU TOP SALA 05;39;6000037;1991;2387;NOVA IGUAÇU;RJ;EMPRESA CINEMAS SÃO LUIZ S/A;33.497.660/0001-89
11/04/2021;11/04/2021 16:20:00;TOM & JERRY;TOM & JERRY - O FILME;E2000553800000;DUBLADO;NÃO;ESTADOS UNIDOS;5002175;KINOPLEX TIJUCA SALA 02;14;6000037;11751;13416;RIO DE JANEIRO;RJ;SR RIO DE JANEIRO CINEMAS S/A;08.262.566/0001-01
11/04/2021;11/04/2021 16:20:00;TOM & JERRY;TOM & JERRY - O FILME;E2000553800000;DUBLADO;NÃO;ESTADOS UNIDOS;5000778;NEW YORK CITY CENTER - SALA 14;19;6000058;749;2620;RIO DE JANEIRO;RJ;UNITED CINEMAS INTERNATIONAL BRASIL LTDA.;01.289.530/0001-64
11/04/2021;11/04/2021 16:25:00;TOM & JERRY;TOM & JERRY - O FILME;E2000553800000;DUBLADO;NÃO;ESTADOS UNIDOS;5001931;SALA KINOPLEX LEBLON SALA 03;13;6000037;11751;11752;RIO DE JANEIRO;RJ;SR RIO DE JANEIRO CINEMAS S/A;08.262.566/0001-01
11/04/2021;11/04/2021 16:30:00;FOLLOW ME;SEM SAÍDA;E2100006300000;DUBLADO;NÃO;ESTADOS UNIDOS;5001862;CINE GRACHER LTDA;10;6000032;5979;6687;BRUSQUE;SC;CINE GRACHER LTDA;07.272.690/0001-87
11/04/2021;11/04/2021 16:30:00;LUCICREIDE VAI PRA MARTE;;B1900421800000;ORIGINAL;NÃO;BRASIL;5000212;IGUATEMI 3;16;6000037;1991;2425;RIO DE JANEIRO;RJ;EMPRESA CINEMAS SÃO LUIZ S/A;33.497.660/0001-89
11/04/2021;11/04/2021 16:30:00;MONSTER HUNTER;MONSTER HUNTER;E2000403800000;DUBLADO;NÃO;ESTADOS UNIDOS;5004503;CINE GRACHER ESPAÇO HAVAN 3;23;6000032;5979;26111;BRUSQUE;SC;CINE GRACHER LTDA;07.272.690/0001-87
11/04/2021;11/04/2021 16:30:00;RAYA AND THE LAST DRAGON;RAYA E O ÚLTIMO DRAGÃO;E2100035300000;DUBLADO;NÃO;ESTADOS UNIDOS;5001957;KINOPLEX NOVA AMÉRICA SALA 01;41;6000037;1991;2426;RIO DE JANEIRO;RJ;EMPRESA CINEMAS SÃO LUIZ S/A;33.497.660/0001-89
11/04/2021;11/04/2021 16:30:00;RAYA AND THE LAST DRAGON;RAYA E O ÚLTIMO DRAGÃO;E2100035300000;DUBLADO;NÃO;ESTADOS UNIDOS;5002888;KINOPLEX WEST SHOPPING RIO 01;5;6000037;1991;17366;RIO DE JANEIRO;RJ;EMPRESA CINEMAS SÃO LUIZ S/A;33.497.660/0001-89
11/04/2021;11/04/2021 16:30:00;RAYA AND THE LAST DRAGON;RAYA E O ÚLTIMO DRAGÃO;E2100035300000;DUBLADO;NÃO;ESTADOS UNIDOS;5000062;SALA KINOPLEX MADUREIRA 02;16;6000037;1991;2389;RIO DE JANEIRO;RJ;EMPRESA CINEMAS SÃO LUIZ S/A;33.497.660/0001-89
11/04/2021;11/04/2021 16:30:00;THE WIDOW;A VIÚVA DAS SOMBRAS;E2100005000000;DUBLADO;NÃO;RÚSSIA;5006060;CENTERPLEX BOULEVARD 02;5;6000006;40317;40318;VITÓRIA DA CONQUISTA;BA;CINE ELI BAHIA CINEMAS LTDA - EM RECUPERACAO JUDICIAL;30.096.740/0001-34
11/04/2021;11/04/2021 16:30:00;THE WIDOW;A VIÚVA DAS SOMBRAS;E2100005000000;DUBLADO;NÃO;RÚSSIA;5000205;KINOPLEX GRANDE RIO 2;60;6000037;1991;2424;SÃO JOÃO DE MERITI;RJ;EMPRESA CINEMAS SÃO LUIZ S/A;33.497.660/0001-89
11/04/2021;11/04/2021 16:30:00;TOM & JERRY;TOM & JERRY - O FILME;E2000553800000;DUBLADO;NÃO;ESTADOS UNIDOS;5002565;CINE CATARATAS 2;22;;15565;15566;FOZ DO IGUAÇU;PR;CINE CATARATAS LTDA;09.010.219/0001-46
11/04/2021;11/04/2021 16:30:00;TOM & JERRY;TOM & JERRY - O FILME;E2000553800000;DUBLADO;NÃO;ESTADOS UNIDOS;5001861;CINE GRACHER LTDA;3;6000032;5979;6687;BRUSQUE;SC;CINE GRACHER LTDA;07.272.690/0001-87
11/04/2021;11/04/2021 16:30:00;TOM & JERRY;TOM & JERRY - O FILME;E2000553800000;DUBLADO;NÃO;ESTADOS UNIDOS;5005724;KINOPLEX IGUAÇU TOP SALA 04;13;6000037;1991;2387;NOVA IGUAÇU;RJ;EMPRESA CINEMAS SÃO LUIZ S/A;33.497.660/0001-89
11/04/2021;11/04/2021 16:35:00;RAYA AND THE LAST DRAGON;RAYA E O ÚLTIMO DRAGÃO;E2100035300000;DUBLADO;NÃO;ESTADOS UNIDOS;5002180;KINOPLEX TIJUCA SALA 06;30;6000037;11751;13416;RIO DE JANEIRO;RJ;SR RIO DE JANEIRO CINEMAS S/A;08.262.566/0001-01
11/04/2021;11/04/2021 16:40:00;JUDAS AND THE BLACK MESSIAH;JUDAS E O MESSIAS NEGRO;E2100040400000;ORIGINAL;SIM;ESTADOS UNIDOS;5002323;CINE SANTA TERESA;9;6000083;14200;14201;RIO DE JANEIRO;RJ;ARTE VITAL EXIBIÇÕES CINEMATOGRÁFICAS LTDA;03.459.043/0001-28
11/04/2021;11/04/2021 16:40:00;LUCICREIDE VAI PRA MARTE;;B1900421800000;ORIGINAL;NÃO;BRASIL;5000063;SALA KINOPLEX MADUREIRA 03;7;6000037;1991;2389;RIO DE JANEIRO;RJ;EMPRESA CINEMAS SÃO LUIZ S/A;33.497.660/0001-89
11/04/2021;11/04/2021 16:40:00;THE ELFKINS - BAKING A DIFFERENCE;É DOCE!;E2000077600000;DUBLADO;NÃO;ALEMANHA;5006645;PLAYARTE RORAIMA GARDEN SALA 04;12;6000049;39188;47248;BOA VISTA;RR;MULTIPLEX DO BRASIL ENTRETENIMENTO LTDA;27.595.833/0001-07
11/04/2021;11/04/2021 16:40:00;THE WIDOW;A VIÚVA DAS SOMBRAS;E2100005000000;DUBLADO;NÃO;RÚSSIA;5002891;KINOPLEX WEST SHOPPING RIO 02;21;6000037;1991;17366;RIO DE JANEIRO;RJ;EMPRESA CINEMAS SÃO LUIZ S/A;33.497.660/0001-89
11/04/2021;11/04/2021 16:40:00;TOM & JERRY;TOM & JERRY - O FILME;E2000553800000;DUBLADO;NÃO;ESTADOS UNIDOS;5000211;IGUATEMI 2;17;6000037;1991;2425;RIO DE JANEIRO;RJ;EMPRESA CINEMAS SÃO LUIZ S/A;33.497.660/0001-89
11/04/2021;11/04/2021 16:40:00;WONDER WOMAN 1984;MULHER-MARAVILHA 1984;E2000170200000;DUBLADO;NÃO;CANADÁ;5002746;KINOPLEX BOULEVARD 03;4;6000037;1991;16402;BRASÍLIA;DF;EMPRESA CINEMAS SÃO LUIZ S/A;33.497.660/0001-89
11/04/2021;11/04/2021 16:45:00;FOLLOW ME;SEM SAÍDA;E2100006300000;DUBLADO;NÃO;ESTADOS UNIDOS;5006493;CINE INTER SANTA INES 01;11;6000140;44834;44835;SANTA INÊS;MA;CINEINTER EXIBICOES CINEMATOGRAFICAS LTDA;35.477.354/0001-06
11/04/2021;11/04/2021 16:45:00;THE FATHER;THE FATHER;E1900616300000;ORIGINAL;SIM;INGLATERRA;5002179;KINOPLEX TIJUCA SALA 05;28;6000037;11751;13416;RIO DE JANEIRO;RJ;SR RIO DE JANEIRO CINEMAS S/A;08.262.566/0001-01
11/04/2021;11/04/2021 16:50:00;LUCICREIDE VAI PRA MARTE;;B1900421800000;ORIGINAL;NÃO;BRASIL;5002199;KINOPLEX VIA PARQUE 3;10;6000037;1991;13454;RIO DE JANEIRO;RJ;EMPRESA CINEMAS SÃO LUIZ S/A;33.497.660/0001-89
11/04/2021;11/04/2021 16:50:00;MONSTER HUNTER;MONSTER HUNTER;E2000403800000;ORIGINAL;SIM;ESTADOS UNIDOS;5000150;TERRAÇO 3;1;6000037;1991;2411;BRASÍLIA;DF;EMPRESA CINEMAS SÃO LUIZ S/A;33.497.660/0001-89
11/04/2021;11/04/2021 16:50:00;THE FATHER;THE FATHER;E1900616300000;ORIGINAL;SIM;INGLATERRA;5000068;KINOPLEX RIO SUL - SALA PLATINUM 04;12;6000037;1991;2390;RIO DE JANEIRO;RJ;EMPRESA CINEMAS SÃO LUIZ S/A;33.497.660/0001-89
11/04/2021;11/04/2021 16:50:00;THE FATHER;THE FATHER;E1900616300000;ORIGINAL;SIM;INGLATERRA;5005020;KINOPLEX VIA PARQUE 6;12;6000037;1991;13454;RIO DE JANEIRO;RJ;EMPRESA CINEMAS SÃO LUIZ S/A;33.497.660/0001-89
11/04/2021;11/04/2021 16:50:00;THE WIDOW;A VIÚVA DAS SOMBRAS;E2100005000000;DUBLADO;NÃO;RÚSSIA;5002051;UCI - KINOPLEX NORTE SHOPPING - SALA 02;15;6000059;2612;12748;RIO DE JANEIRO;RJ;UCI RIBEIRO LTDA;02.117.937/0001-77
11/04/2021;11/04/2021 16:50:00;TOM & JERRY;TOM & JERRY - O FILME;E2000553800000;DUBLADO;NÃO;ESTADOS UNIDOS;5001958;KINOPLEX NOVA AMÉRICA SALA 02;18;6000037;1991;2426;RIO DE JANEIRO;RJ;EMPRESA CINEMAS SÃO LUIZ S/A;33.497.660/0001-89
11/04/2021;11/04/2021 16:50:01;TOM & JERRY;TOM & JERRY - O FILME;E2000553800000;DUBLADO;NÃO;ESTADOS UNIDOS;5005270;MULTICINE SANTA MARIA SALA 01;7;6000045;5935;30733;BRASÍLIA;DF;MULTICINE CINEMAS LTDA;07.609.246/0001-04
11/04/2021;11/04/2021 17:00:00;MONSTER HUNTER;MONSTER HUNTER;E2000403800000;DUBLADO;NÃO;ESTADOS UNIDOS;5006062;CENTERPLEX BOULEVARD 04;5;6000006;40317;40318;VITÓRIA DA CONQUISTA;BA;CINE ELI BAHIA CINEMAS LTDA - EM RECUPERACAO JUDICIAL;30.096.740/0001-34
11/04/2021;11/04/2021 17:00:00;RAYA AND THE LAST DRAGON;RAYA E O ÚLTIMO DRAGÃO;E2100035300000;DUBLADO;NÃO;ESTADOS UNIDOS;5001860;CINE GRACHER LTDA;0;6000032;5979;6687;BRUSQUE;SC;CINE GRACHER LTDA;07.272.690/0001-87
11/04/2021;11/04/2021 17:00:00;RAYA AND THE LAST DRAGON;RAYA E O ÚLTIMO DRAGÃO;E2100035300000;DUBLADO;NÃO;ESTADOS UNIDOS;5006669;CINE ITAGUARI - SALA 1;8;6000141;45886;48010;SANTO ANTÔNIO DE JESUS;BA;GF ANDRADE ENTRETENIMENTO E COMÉRCIO LTDA;23.200.362/0001-21
11/04/2021;11/04/2021 17:00:00;RAYA AND THE LAST DRAGON;RAYA E O ÚLTIMO DRAGÃO;E2100035300000;DUBLADO;NÃO;ESTADOS UNIDOS;5006217;CINE LAGUNA 2;0;6000141;24511;24512;ALAGOINHAS;BA;VICTORY EVENTOS & TURISMO LTDA;05.607.525/0001-03
11/04/2021;11/04/2021 17:00:00;TOM & JERRY;TOM & JERRY - O FILME;E2000553800000;DUBLADO;NÃO;ESTADOS UNIDOS;5002890;KINOPLEX WEST SHOPPING RIO 03;13;6000037;1991;17366;RIO DE JANEIRO;RJ;EMPRESA CINEMAS SÃO LUIZ S/A;33.497.660/0001-89
11/04/2021;11/04/2021 17:00:01;LUCICREIDE VAI PRA MARTE;;B1900421800000;ORIGINAL;NÃO;BRASIL;5005789;CIDADE LUZ 3 MAXXI STADIUM;0;;32725;32727;GUARABIRA;PB;VERONILDO COUTINHO DE SOUSA EIRELI- EPP;24.248.972/0001-68
11/04/2021;11/04/2021 17:10:00;RAYA AND THE LAST DRAGON;RAYA E O ÚLTIMO DRAGÃO;E2100035300000;DUBLADO;NÃO;ESTADOS UNIDOS;5000175;KINOPLEX PARKSHOPPING 3;43;6000037;2364;2415;BRASÍLIA;DF;CINEMAS PARIS SEVERIANO RIBEIRO LTDA;31.611.189/0001-82
11/04/2021;11/04/2021 17:15:00;LUCICREIDE VAI PRA MARTE;;B1900421800000;ORIGINAL;NÃO;BRASIL;5005562;KINOPLEX NOVA IGUAÇU SALA 01;25;6000037;1991;33119;NOVA IGUAÇU;RJ;EMPRESA CINEMAS SÃO LUIZ S/A;33.497.660/0001-89
11/04/2021;11/04/2021 17:15:00;TOM & JERRY;TOM & JERRY - O FILME;E2000553800000;DUBLADO;NÃO;ESTADOS UNIDOS;5006059;CENTERPLEX BOULEVARD 01;2;6000006;40317;40318;VITÓRIA DA CONQUISTA;BA;CINE ELI BAHIA CINEMAS LTDA - EM RECUPERACAO JUDICIAL;30.096.740/0001-34
11/04/2021;11/04/2021 17:15:00;TOM & JERRY;TOM & JERRY - O FILME;E2000553800000;DUBLADO;NÃO;ESTADOS UNIDOS;5000171;KINOPLEX PARKSHOPPING 2;16;6000037;2364;2415;BRASÍLIA;DF;CINEMAS PARIS SEVERIANO RIBEIRO LTDA;31.611.189/0001-82
11/04/2021;11/04/2021 17:20:00;SPUTNIK;ESTRANHO PASSSAGEIRO - SPUTNIK;E2000513800000;DUBLADO;NÃO;RÚSSIA;5006644;PLAYARTE RORAIMA GARDEN SALA 03;4;6000049;39188;47248;BOA VISTA;RR;MULTIPLEX DO BRASIL ENTRETENIMENTO LTDA;27.595.833/0001-07
11/04/2021;11/04/2021 17:20:00;THE EMPTY MAN;O MENSAGEIRO DO ÚLTIMO DIA;E2000471300000;DUBLADO;NÃO;ESTADOS UNIDOS;5000155;PÁTIO BRASIL 3;5;6000037;1991;2412;BRASÍLIA;DF;EMPRESA CINEMAS SÃO LUIZ S/A;33.497.660/0001-89
11/04/2021;11/04/2021 17:20:00;THE WIDOW;A VIÚVA DAS SOMBRAS;E2100005000000;DUBLADO;NÃO;RÚSSIA;5001959;KINOPLEX NOVA AMÉRICA SALA 03;53;6000037;1991;2426;RIO DE JANEIRO;RJ;EMPRESA CINEMAS SÃO LUIZ S/A;33.497.660/0001-89
11/04/2021;11/04/2021 17:20:00;THE WIDOW;A VIÚVA DAS SOMBRAS;E2100005000000;DUBLADO;NÃO;RÚSSIA;5000061;SALA KINOPLEX MADUREIRA 01;12;6000037;1991;2389;RIO DE JANEIRO;RJ;EMPRESA CINEMAS SÃO LUIZ S/A;33.497.660/0001-89
11/04/2021;11/04/2021 17:20:00;WONDER WOMAN 1984;MULHER-MARAVILHA 1984;E2000170200000;DUBLADO;NÃO;CANADÁ;5000167;KINOPLEX PARKSHOPPING 1;13;6000037;2364;2415;BRASÍLIA;DF;CINEMAS PARIS SEVERIANO RIBEIRO LTDA;31.611.189/0001-82
11/04/2021;11/04/2021 17:20:00;WONDER WOMAN 1984;MULHER-MARAVILHA 1984;E2000170200000;DUBLADO;NÃO;CANADÁ;5000770;NEW YORK CITY CENTER - SALA 06;17;6000058;749;2620;RIO DE JANEIRO;RJ;UNITED CINEMAS INTERNATIONAL BRASIL LTDA.;01.289.530/0001-64
11/04/2021;11/04/2021 17:20:00;WONDER WOMAN 1984;MULHER-MARAVILHA 1984;E2000170200000;DUBLADO;NÃO;CANADÁ;5004809;SHOPPING BOSQUE DOS IPÊS- SALA 03;4;6000058;749;27590;CAMPO GRANDE;MS;UNITED CINEMAS INTERNATIONAL BRASIL LTDA.;01.289.530/0001-64
11/04/2021;11/04/2021 17:30:00;JUDAS AND THE BLACK MESSIAH;JUDAS E O MESSIAS NEGRO;E2100040400000;ORIGINAL;SIM;ESTADOS UNIDOS;5000168;KINOPLEX PARKSHOPPING 5;16;6000037;2364;2415;BRASÍLIA;DF;CINEMAS PARIS SEVERIANO RIBEIRO LTDA;31.611.189/0001-82
11/04/2021;11/04/2021 17:30:00;LUCICREIDE VAI PRA MARTE;;B1900421800000;ORIGINAL;NÃO;BRASIL;5006061;CENTERPLEX BOULEVARD 03;3;6000006;40317;40318;VITÓRIA DA CONQUISTA;BA;CINE ELI BAHIA CINEMAS LTDA - EM RECUPERACAO JUDICIAL;30.096.740/0001-34
11/04/2021;11/04/2021 17:30:00;LUCICREIDE VAI PRA MARTE;;B1900421800000;ORIGINAL;NÃO;BRASIL;5006494;CINE INTER SANTA INES 02;3;6000140;44834;44835;SANTA INÊS;MA;CINEINTER EXIBICOES CINEMATOGRAFICAS LTDA;35.477.354/0001-06
11/04/2021;11/04/2021 17:30:00;MONSTER HUNTER;MONSTER HUNTER;E2000403800000;DUBLADO;NÃO;ESTADOS UNIDOS;5006670;CINE ITAGUARI - SALA 2;1;6000141;45886;48010;SANTO ANTÔNIO DE JESUS;BA;GF ANDRADE ENTRETENIMENTO E COMÉRCIO LTDA;23.200.362/0001-21
11/04/2021;11/04/2021 17:30:00;RAYA AND THE LAST DRAGON;RAYA E O ÚLTIMO DRAGÃO;E2100035300000;DUBLADO;NÃO;ESTADOS UNIDOS;5005545;CINE COLOMBO RESENDE SALA 03;2;6000008;15833;33011;RESENDE;RJ;CINE A LTDA;10.894.937/0001-01
11/04/2021;11/04/2021 17:30:00;RAYA AND THE LAST DRAGON;RAYA E O ÚLTIMO DRAGÃO;E2100035300000;DUBLADO;NÃO;ESTADOS UNIDOS;5002748;KINOPLEX BOULEVARD 01;8;6000037;1991;16402;BRASÍLIA;DF;EMPRESA CINEMAS SÃO LUIZ S/A;33.497.660/0001-89
11/04/2021;11/04/2021 17:30:00;RAYA AND THE LAST DRAGON;RAYA E O ÚLTIMO DRAGÃO;E2100035300000;DUBLADO;NÃO;ESTADOS UNIDOS;5005726;KINOPLEX IGUAÇU TOP SALA 06;43;6000037;1991;2387;NOVA IGUAÇU;RJ;EMPRESA CINEMAS SÃO LUIZ S/A;33.497.660/0001-89
11/04/2021;11/04/2021 17:30:00;RAYA AND THE LAST DRAGON;RAYA E O ÚLTIMO DRAGÃO;E2100035300000;DUBLADO;NÃO;ESTADOS UNIDOS;5005563;KINOPLEX NOVA IGUAÇU SALA 02 KINOEVOLUTION;58;6000037;1991;33119;NOVA IGUAÇU;RJ;EMPRESA CINEMAS SÃO LUIZ S/A;33.497.660/0001-89
11/04/2021;11/04/2021 17:30:00;RAYA AND THE LAST DRAGON;RAYA E O ÚLTIMO DRAGÃO;E2100035300000;DUBLADO;NÃO;ESTADOS UNIDOS;5000153;PÁTIO BRASIL 1;13;6000037;1991;2412;BRASÍLIA;DF;EMPRESA CINEMAS SÃO LUIZ S/A;33.497.660/0001-89
11/04/2021;11/04/2021 17:35:00;RAYA AND THE LAST DRAGON;RAYA E O ÚLTIMO DRAGÃO;E2100035300000;DUBLADO;NÃO;ESTADOS UNIDOS;5002052;UCI - KINOPLEX NORTE SHOPPING - SALA 10;18;6000059;2612;12748;RIO DE JANEIRO;RJ;UCI RIBEIRO LTDA;02.117.937/0001-77
11/04/2021;11/04/2021 17:35:00;THE WIDOW;A VIÚVA DAS SOMBRAS;E2100005000000;DUBLADO;NÃO;RÚSSIA;5005271;MULTICINE SANTA MARIA SALA 02;6;6000045;5935;30733;BRASÍLIA;DF;MULTICINE CINEMAS LTDA;07.609.246/0001-04
11/04/2021;11/04/2021 17:40:00;RAYA AND THE LAST DRAGON;RAYA E O ÚLTIMO DRAGÃO;E2100035300000;DUBLADO;NÃO;ESTADOS UNIDOS;5000780;NEW YORK CITY CENTER - SALA 16;50;6000058;749;2620;RIO DE JANEIRO;RJ;UNITED CINEMAS INTERNATIONAL BRASIL LTDA.;01.289.530/0001-64
11/04/2021;11/04/2021 17:40:00;THE FATHER;THE FATHER;E1900616300000;ORIGINAL;SIM;INGLATERRA;5000169;KINOPLEX PARKSHOPPING 6;25;6000037;2364;2415;BRASÍLIA;DF;CINEMAS PARIS SEVERIANO RIBEIRO LTDA;31.611.189/0001-82
11/04/2021;11/04/2021 17:40:00;WONDER WOMAN 1984;MULHER-MARAVILHA 1984;E2000170200000;DUBLADO;NÃO;CANADÁ;5000213;IGUATEMI 4;5;6000037;1991;2425;RIO DE JANEIRO;RJ;EMPRESA CINEMAS SÃO LUIZ S/A;33.497.660/0001-89
11/04/2021;11/04/2021 17:45:00;RAYA AND THE LAST DRAGON;RAYA E O ÚLTIMO DRAGÃO;E2100035300000;DUBLADO;NÃO;ESTADOS UNIDOS;5006138;SALA CINE GUEDES 03;9;;23266;23267;PATOS;PB;LILIANE ROCHA DE MEDEIROS GUEDES-ME;16.844.526/0001-98
11/04/2021;11/04/2021 17:50:00;THE FATHER;THE FATHER;E1900616300000;ORIGINAL;SIM;INGLATERRA;5003765;UCI BRASIL - PARK SHOPPING CG - SALA 2;30;6000058;749;23929;RIO DE JANEIRO;RJ;UNITED CINEMAS INTERNATIONAL BRASIL LTDA.;01.289.530/0001-64
11/04/2021;11/04/2021 17:50:00;TOM & JERRY;TOM & JERRY - O FILME;E2000553800000;DUBLADO;NÃO;ESTADOS UNIDOS;5000207;KINOPLEX GRANDE RIO 4;32;6000037;1991;2424;SÃO JOÃO DE MERITI;RJ;EMPRESA CINEMAS SÃO LUIZ S/A;33.497.660/0001-89
11/04/2021;11/04/2021 17:50:00;WONDER WOMAN 1984;MULHER-MARAVILHA 1984;E2000170200000;DUBLADO;NÃO;CANADÁ;5003766;UCI BRASIL - SHOPPING CG - SALA 03;21;6000058;749;23929;RIO DE JANEIRO;RJ;UNITED CINEMAS INTERNATIONAL BRASIL LTDA.;01.289.530/0001-64
11/04/2021;11/04/2021 18:00:00;HONEST THIEF;LEGADO EXPLOSIVO;E2000416200000;DUBLADO;NÃO;ESTADOS UNIDOS;5000154;PÁTIO BRASIL 2;17;6000037;1991;2412;BRASÍLIA;DF;EMPRESA CINEMAS SÃO LUIZ S/A;33.497.660/0001-89
11/04/2021;11/04/2021 18:00:00;MONSTER HUNTER;MONSTER HUNTER;E2000403800000;DUBLADO;NÃO;ESTADOS UNIDOS;5006484;CINE + ARTE SOMBRIO 01;12;6000103;44714;44715;SOMBRIO;SC;CINE + ARTE SOMBRIO LTDA;35.505.937/0001-01
11/04/2021;11/04/2021 18:00:00;MONSTER HUNTER;MONSTER HUNTER;E2000403800000;DUBLADO;NÃO;ESTADOS UNIDOS;5006085;CINE GRACHER PORTO BELO SALA 03;2;6000032;5979;40771;PORTO BELO;SC;CINE GRACHER LTDA;07.272.690/0001-87
11/04/2021;11/04/2021 18:00:00;MONSTER HUNTER;MONSTER HUNTER;E2000403800000;DUBLADO;NÃO;ESTADOS UNIDOS;5004812;SHOPPING BOSQUE DOS IPÊS- SALA 06;6;6000058;749;27590;CAMPO GRANDE;MS;UNITED CINEMAS INTERNATIONAL BRASIL LTDA.;01.289.530/0001-64
11/04/2021;11/04/2021 18:00:00;RAYA AND THE LAST DRAGON;RAYA E O ÚLTIMO DRAGÃO;E2100035300000;DUBLADO;NÃO;ESTADOS UNIDOS;5002102;CINE DRIVEIN;109;;5465;6715;BRASÍLIA;DF;STARK'S CINEMA E LANCHONETE LTDA.;32.917.296/0001-04
11/04/2021;11/04/2021 18:00:00;RAYA AND THE LAST DRAGON;RAYA E O ÚLTIMO DRAGÃO;E2100035300000;DUBLADO;NÃO;ESTADOS UNIDOS;5006056;CINE GRACHER JOAÇABA SALA 01;6;6000032;5979;40234;JOAÇABA;SC;CINE GRACHER LTDA;07.272.690/0001-87
11/04/2021;11/04/2021 18:00:00;RAYA AND THE LAST DRAGON;RAYA E O ÚLTIMO DRAGÃO;E2100035300000;DUBLADO;NÃO;ESTADOS UNIDOS;5000210;IGUATEMI 1;13;6000037;1991;2425;RIO DE JANEIRO;RJ;EMPRESA CINEMAS SÃO LUIZ S/A;33.497.660/0001-89
11/04/2021;11/04/2021 18:00:00;RAYA AND THE LAST DRAGON;RAYA E O ÚLTIMO DRAGÃO;E2100035300000;DUBLADO;NÃO;ESTADOS UNIDOS;5000204;KINOPLEX GRANDE RIO 1;52;6000037;1991;2424;SÃO JOÃO DE MERITI;RJ;EMPRESA CINEMAS SÃO LUIZ S/A;33.497.660/0001-89
11/04/2021;11/04/2021 18:00:00;THE FATHER;THE FATHER;E1900616300000;ORIGINAL;SIM;INGLATERRA;5000765;NEW YORK CITY CENTER - SALA 01;24;6000058;749;2620;RIO DE JANEIRO;RJ;UNITED CINEMAS INTERNATIONAL BRASIL LTDA.;01.289.530/0001-64
11/04/2021;11/04/2021 18:00:00;TOM & JERRY;TOM & JERRY - O FILME;E2000553800000;DUBLADO;NÃO;ESTADOS UNIDOS;5006643;PLAYARTE RORAIMA GARDEN SALA 02;23;6000049;39188;47248;BOA VISTA;RR;MULTIPLEX DO BRASIL ENTRETENIMENTO LTDA;27.595.833/0001-07
11/04/2021;11/04/2021 18:05:00;DEPOIS A LOUCA SOU EU;;B2000078000000;DUBLADO;NÃO;BRASIL;5002059;UCI - KINOPLEX NORTE SHOPPING - SALA 07;10;6000059;2612;12748;RIO DE JANEIRO;RJ;UCI RIBEIRO LTDA;02.117.937/0001-77
11/04/2021;11/04/2021 18:10:00;LUCICREIDE VAI PRA MARTE;;B1900421800000;ORIGINAL;NÃO;BRASIL;5003652;SALA CINE GUEDES 01;4;;23266;23267;PATOS;PB;LILIANE ROCHA DE MEDEIROS GUEDES-ME;16.844.526/0001-98
11/04/2021;11/04/2021 18:10:00;MONSTER HUNTER;MONSTER HUNTER;E2000403800000;DUBLADO;NÃO;ESTADOS UNIDOS;5000206;KINOPLEX GRANDE RIO 3;43;6000037;1991;2424;SÃO JOÃO DE MERITI;RJ;EMPRESA CINEMAS SÃO LUIZ S/A;33.497.660/0001-89
11/04/2021;11/04/2021 18:10:00;MONSTER HUNTER;MONSTER HUNTER;E2000403800000;DUBLADO;NÃO;ESTADOS UNIDOS;5005564;KINOPLEX NOVA IGUAÇU SALA 03 PLATINUM;39;6000037;1991;33119;NOVA IGUAÇU;RJ;EMPRESA CINEMAS SÃO LUIZ S/A;33.497.660/0001-89
11/04/2021;11/04/2021 18:10:00;THE FATHER;THE FATHER;E1900616300000;ORIGINAL;SIM;INGLATERRA;5000166;KINOPLEX PARKSHOPPING 4;10;6000037;2364;2415;BRASÍLIA;DF;CINEMAS PARIS SEVERIANO RIBEIRO LTDA;31.611.189/0001-82
11/04/2021;11/04/2021 18:10:00;THE WIDOW;A VIÚVA DAS SOMBRAS;E2100005000000;DUBLADO;NÃO;RÚSSIA;5002745;KINOPLEX BOULEVARD 02;5;6000037;1991;16402;BRASÍLIA;DF;EMPRESA CINEMAS SÃO LUIZ S/A;33.497.660/0001-89
11/04/2021;11/04/2021 18:10:00;TOM & JERRY;TOM & JERRY - O FILME;E2000553800000;DUBLADO;NÃO;ESTADOS UNIDOS;5000057;KINOPLEX IGUAÇU TOP SALA 02;22;6000037;1991;2387;NOVA IGUAÇU;RJ;EMPRESA CINEMAS SÃO LUIZ S/A;33.497.660/0001-89
11/04/2021;11/04/2021 18:15:00;RAYA AND THE LAST DRAGON;RAYA E O ÚLTIMO DRAGÃO;E2100035300000;DUBLADO;NÃO;ESTADOS UNIDOS;5006001;CINE GRACHER INDAIAL - SALA 04;7;6000032;5979;39283;INDAIAL;SC;CINE GRACHER LTDA;07.272.690/0001-87
11/04/2021;11/04/2021 18:15:00;RAYA AND THE LAST DRAGON;RAYA E O ÚLTIMO DRAGÃO;E2100035300000;DUBLADO;NÃO;ESTADOS UNIDOS;5006086;CINE GRACHER PORTO BELO SALA 04;2;6000032;5979;40771;PORTO BELO;SC;CINE GRACHER LTDA;07.272.690/0001-87
11/04/2021;11/04/2021 18:15:00;RAYA AND THE LAST DRAGON;RAYA E O ÚLTIMO DRAGÃO;E2100035300000;DUBLADO;NÃO;ESTADOS UNIDOS;5006112;CINE GRACHER SÃO BENTO 02;9;6000032;5979;41056;SÃO BENTO DO SUL;SC;CINE GRACHER LTDA;07.272.690/0001-87
11/04/2021;11/04/2021 18:15:00;THE WIDOW;A VIÚVA DAS SOMBRAS;E2100005000000;DUBLADO;NÃO;RÚSSIA;5006058;CINE GRACHER JOAÇABA SALA 03;7;6000032;5979;40234;JOAÇABA;SC;CINE GRACHER LTDA;07.272.690/0001-87
11/04/2021;11/04/2021 18:20:00;FOLLOW ME;SEM SAÍDA;E2100006300000;DUBLADO;NÃO;ESTADOS UNIDOS;5006657;SALA CINE VIEIRA 01;9;;47551;47598;SÃO BENTO;PB;COSTA E VIEIRA EMPREENDIMENTOS LTDA;10.866.528/0001-00
11/04/2021;11/04/2021 18:20:00;JUDAS AND THE BLACK MESSIAH;JUDAS E O MESSIAS NEGRO;E2100040400000;ORIGINAL;SIM;ESTADOS UNIDOS;5000774;NEW YORK CITY CENTER - SALA 10;12;6000058;749;2620;RIO DE JANEIRO;RJ;UNITED CINEMAS INTERNATIONAL BRASIL LTDA.;01.289.530/0001-64
11/04/2021;11/04/2021 18:20:00;RAYA AND THE LAST DRAGON;RAYA E O ÚLTIMO DRAGÃO;E2100035300000;DUBLADO;NÃO;ESTADOS UNIDOS;5002566;CINE CATARATAS 3;17;;15565;15566;FOZ DO IGUAÇU;PR;CINE CATARATAS LTDA;09.010.219/0001-46
11/04/2021;11/04/2021 18:20:00;THE WIDOW;A VIÚVA DAS SOMBRAS;E2100005000000;DUBLADO;NÃO;RÚSSIA;5004810;SHOPPING BOSQUE DOS IPÊS- SALA 04;18;6000058;749;27590;CAMPO GRANDE;MS;UNITED CINEMAS INTERNATIONAL BRASIL LTDA.;01.289.530/0001-64
11/04/2021;11/04/2021 18:20:00;TOM & JERRY;TOM & JERRY - O FILME;E2000553800000;DUBLADO;NÃO;ESTADOS UNIDOS;5003762;UCI BRASIL PARK CG - SALA 04;6;6000058;749;23929;RIO DE JANEIRO;RJ;UNITED CINEMAS INTERNATIONAL BRASIL LTDA.;01.289.530/0001-64
11/04/2021;11/04/2021 18:30:00;DRUK;DRUK - MAIS UMA RODADA;E2100078400000;ORIGINAL;SIM;DINAMARCA;5000067;KINOPLEX RIO SUL - SALA PLATINUM 03;35;6000037;1991;2390;RIO DE JANEIRO;RJ;EMPRESA CINEMAS SÃO LUIZ S/A;33.497.660/0001-89
11/04/2021;11/04/2021 18:30:00;DRUK;DRUK - MAIS UMA RODADA;E2100078400000;ORIGINAL;SIM;DINAMARCA;5001932;SALA KINOPLEX LEBLON SALA 02;12;6000037;11751;11752;RIO DE JANEIRO;RJ;SR RIO DE JANEIRO CINEMAS S/A;08.262.566/0001-01
11/04/2021;11/04/2021 18:30:00;LUCICREIDE VAI PRA MARTE;;B1900421800000;DUBLADO;NÃO;BRASIL;5002053;UCI - KINOPLEX NORTE SHOPPING - SALA 08;4;6000059;2612;12748;RIO DE JANEIRO;RJ;UCI RIBEIRO LTDA;02.117.937/0001-77
11/04/2021;11/04/2021 18:30:00;MONSTER HUNTER;MONSTER HUNTER;E2000403800000;DUBLADO;NÃO;ESTADOS UNIDOS;5002565;CINE CATARATAS 2;26;;15565;15566;FOZ DO IGUAÇU;PR;CINE CATARATAS LTDA;09.010.219/0001-46
11/04/2021;11/04/2021 18:30:00;MONSTER HUNTER;MONSTER HUNTER;E2000403800000;DUBLADO;NÃO;ESTADOS UNIDOS;5005543;CINE COLOMBO RESENDE SALA 01;3;6000008;15833;33011;RESENDE;RJ;CINE A LTDA;10.894.937/0001-01
11/04/2021;11/04/2021 18:30:00;MONSTER HUNTER;MONSTER HUNTER;E2000403800000;DUBLADO;NÃO;ESTADOS UNIDOS;5006000;CINE GRACHER INDAIAL - SALA 03;12;6000032;5979;39283;INDAIAL;SC;CINE GRACHER LTDA;07.272.690/0001-87
11/04/2021;11/04/2021 18:30:00;MONSTER HUNTER;MONSTER HUNTER;E2000403800000;DUBLADO;NÃO;ESTADOS UNIDOS;5006114;CINE GRACHER SÃO BENTO 04;6;6000032;5979;41056;SÃO BENTO DO SUL;SC;CINE GRACHER LTDA;07.272.690/0001-87
11/04/2021;11/04/2021 18:30:00;MONSTER HUNTER;MONSTER HUNTER;E2000403800000;DUBLADO;NÃO;ESTADOS UNIDOS;5001960;KINOPLEX NOVA AMÉRICA SALA 04;20;6000037;1991;2426;RIO DE JANEIRO;RJ;EMPRESA CINEMAS SÃO LUIZ S/A;33.497.660/0001-89
11/04/2021;11/04/2021 18:30:00;RAYA AND THE LAST DRAGON;RAYA E O ÚLTIMO DRAGÃO;E2100035300000;DUBLADO;NÃO;ESTADOS UNIDOS;5005289;GRUPO CINE FRAIBURGO;3;6000034;30763;30765;FRAIBURGO;SC;CINEMA FRAIBURGO LTDA;17.067.309/0001-00
11/04/2021;11/04/2021 18:30:00;THE FATHER;THE FATHER;E1900616300000;ORIGINAL;SIM;INGLATERRA;5002057;UCI - KINOPLEX NORTE SHOPPING - SALA 03;15;6000059;2612;12748;RIO DE JANEIRO;RJ;UCI RIBEIRO LTDA;02.117.937/0001-77
11/04/2021;11/04/2021 18:30:00;THE WIDOW;A VIÚVA DAS SOMBRAS;E2100005000000;DUBLADO;NÃO;RÚSSIA;5000205;KINOPLEX GRANDE RIO 2;64;6000037;1991;2424;SÃO JOÃO DE MERITI;RJ;EMPRESA CINEMAS SÃO LUIZ S/A;33.497.660/0001-89
11/04/2021;11/04/2021 18:30:00;THE WIDOW;A VIÚVA DAS SOMBRAS;E2100005000000;DUBLADO;NÃO;RÚSSIA;5005725;KINOPLEX IGUAÇU TOP SALA 05;39;6000037;1991;2387;NOVA IGUAÇU;RJ;EMPRESA CINEMAS SÃO LUIZ S/A;33.497.660/0001-89
11/04/2021;11/04/2021 18:30:00;TOM & JERRY;TOM & JERRY - O FILME;E2000553800000;DUBLADO;NÃO;ESTADOS UNIDOS;5005998;CINE GRACHER INDAIAL - SALA 01;2;6000032;5979;39283;INDAIAL;SC;CINE GRACHER LTDA;07.272.690/0001-87
11/04/2021;11/04/2021 18:30:00;TOM & JERRY;TOM & JERRY - O FILME;E2000553800000;DUBLADO;NÃO;ESTADOS UNIDOS;5006083;CINE GRACHER PORTO BELO SALA 01;2;6000032;5979;40771;PORTO BELO;SC;CINE GRACHER LTDA;07.272.690/0001-87
11/04/2021;11/04/2021 18:30:00;TOM & JERRY;TOM & JERRY - O FILME;E2000553800000;DUBLADO;NÃO;ESTADOS UNIDOS;5006111;CINE GRACHER SÃO BENTO 01;10;6000032;5979;41056;SÃO BENTO DO SUL;SC;CINE GRACHER LTDA;07.272.690/0001-87
11/04/2021;11/04/2021 18:30:00;WONDER WOMAN 1984;MULHER-MARAVILHA 1984;E2000170200000;DUBLADO;NÃO;CANADÁ;5006645;PLAYARTE RORAIMA GARDEN SALA 04;39;6000049;39188;47248;BOA VISTA;RR;MULTIPLEX DO BRASIL ENTRETENIMENTO LTDA;27.595.833/0001-07
11/04/2021;11/04/2021 18:40:00;DRUK;DRUK - MAIS UMA RODADA;E2100078400000;ORIGINAL;SIM;DINAMARCA;5005994;CINE BARRA POINT SALA 01;7;6000083;14200;39233;RIO DE JANEIRO;RJ;ARTE VITAL EXIBIÇÕES CINEMATOGRÁFICAS LTDA;03.459.043/0001-28
11/04/2021;11/04/2021 18:40:00;DRUK;DRUK - MAIS UMA RODADA;E2100078400000;ORIGINAL;SIM;DINAMARCA;5002175;KINOPLEX TIJUCA SALA 02;14;6000037;11751;13416;RIO DE JANEIRO;RJ;SR RIO DE JANEIRO CINEMAS S/A;08.262.566/0001-01
11/04/2021;11/04/2021 18:40:00;JUDAS AND THE BLACK MESSIAH;JUDAS E O MESSIAS NEGRO;E2100040400000;ORIGINAL;SIM;ESTADOS UNIDOS;5001931;SALA KINOPLEX LEBLON SALA 03;6;6000037;11751;11752;RIO DE JANEIRO;RJ;SR RIO DE JANEIRO CINEMAS S/A;08.262.566/0001-01
11/04/2021;11/04/2021 18:40:00;LUCICREIDE VAI PRA MARTE;;B1900421800000;ORIGINAL;NÃO;BRASIL;5006493;CINE INTER SANTA INES 01;9;6000140;44834;44835;SANTA INÊS;MA;CINEINTER EXIBICOES CINEMATOGRAFICAS LTDA;35.477.354/0001-06
11/04/2021;11/04/2021 18:40:00;LUCICREIDE VAI PRA MARTE;;B1900421800000;ORIGINAL;NÃO;BRASIL;5005724;KINOPLEX IGUAÇU TOP SALA 04;26;6000037;1991;2387;NOVA IGUAÇU;RJ;EMPRESA CINEMAS SÃO LUIZ S/A;33.497.660/0001-89
11/04/2021;11/04/2021 18:40:00;MONSTER HUNTER;MONSTER HUNTER;E2000403800000;DUBLADO;NÃO;ESTADOS UNIDOS;5000212;IGUATEMI 3;9;6000037;1991;2425;RIO DE JANEIRO;RJ;EMPRESA CINEMAS SÃO LUIZ S/A;33.497.660/0001-89
11/04/2021;11/04/2021 18:40:00;MONSTER HUNTER;MONSTER HUNTER;E2000403800000;DUBLADO;NÃO;ESTADOS UNIDOS;5000063;SALA KINOPLEX MADUREIRA 03;25;6000037;1991;2389;RIO DE JANEIRO;RJ;EMPRESA CINEMAS SÃO LUIZ S/A;33.497.660/0001-89
11/04/2021;11/04/2021 18:40:00;RAYA AND THE LAST DRAGON;RAYA E O ÚLTIMO DRAGÃO;E2100035300000;DUBLADO;NÃO;ESTADOS UNIDOS;5005272;MULTICINE SANTA MARIA SALA 03;2;6000045;5935;30733;BRASÍLIA;DF;MULTICINE CINEMAS LTDA;07.609.246/0001-04
11/04/2021;11/04/2021 18:40:00;THE WIDOW;A VIÚVA DAS SOMBRAS;E2100005000000;DUBLADO;NÃO;RÚSSIA;5005568;KINOPLEX NOVA IGUAÇU SALA 07;39;6000037;1991;33119;NOVA IGUAÇU;RJ;EMPRESA CINEMAS SÃO LUIZ S/A;33.497.660/0001-89
11/04/2021;11/04/2021 18:40:00;THE WIDOW;A VIÚVA DAS SOMBRAS;E2100005000000;DUBLADO;NÃO;RÚSSIA;5002891;KINOPLEX WEST SHOPPING RIO 02;10;6000037;1991;17366;RIO DE JANEIRO;RJ;EMPRESA CINEMAS SÃO LUIZ S/A;33.497.660/0001-89
11/04/2021;11/04/2021 18:40:00;THE WIDOW;A VIÚVA DAS SOMBRAS;E2100005000000;DUBLADO;NÃO;RÚSSIA;5003756;UCI BRASIL CG - SALA 05;30;6000058;749;23929;RIO DE JANEIRO;RJ;UNITED CINEMAS INTERNATIONAL BRASIL LTDA.;01.289.530/0001-64
11/04/2021;11/04/2021 18:45:00;MONSTER HUNTER;MONSTER HUNTER;E2000403800000;DUBLADO;NÃO;ESTADOS UNIDOS;5001862;CINE GRACHER LTDA;5;6000032;5979;6687;BRUSQUE;SC;CINE GRACHER LTDA;07.272.690/0001-87
11/04/2021;11/04/2021 18:45:00;RAYA AND THE LAST DRAGON;RAYA E O ÚLTIMO DRAGÃO;E2100035300000;DUBLADO;NÃO;ESTADOS UNIDOS;5004504;CINE GRACHER ESPAÇO HAVAN 1;5;6000032;5979;26111;BRUSQUE;SC;CINE GRACHER LTDA;07.272.690/0001-87
11/04/2021;11/04/2021 18:45:00;RAYA AND THE LAST DRAGON;RAYA E O ÚLTIMO DRAGÃO;E2100035300000;DUBLADO;NÃO;ESTADOS UNIDOS;5000065;KINOPLEX RIO SUL - SALA KINOEVOLUTIUM 01;24;6000037;1991;2390;RIO DE JANEIRO;RJ;EMPRESA CINEMAS SÃO LUIZ S/A;33.497.660/0001-89
11/04/2021;11/04/2021 18:45:00;RAYA AND THE LAST DRAGON;RAYA E O ÚLTIMO DRAGÃO;E2100035300000;DUBLADO;NÃO;ESTADOS UNIDOS;5000066;KINOPLEX RIO SUL - SALA KINOEVOLUTIUM 02;0;6000037;1991;2390;RIO DE JANEIRO;RJ;EMPRESA CINEMAS SÃO LUIZ S/A;33.497.660/0001-89
11/04/2021;11/04/2021 18:45:00;RAYA AND THE LAST DRAGON;RAYA E O ÚLTIMO DRAGÃO;E2100035300000;DUBLADO;NÃO;ESTADOS UNIDOS;5005018;KINOPLEX VIA PARQUE 4- KINOEVOLUTION;12;6000037;1991;13454;RIO DE JANEIRO;RJ;EMPRESA CINEMAS SÃO LUIZ S/A;33.497.660/0001-89
11/04/2021;11/04/2021 18:45:00;TOM & JERRY;TOM & JERRY - O FILME;E2000553800000;DUBLADO;NÃO;ESTADOS UNIDOS;5001861;CINE GRACHER LTDA;4;6000032;5979;6687;BRUSQUE;SC;CINE GRACHER LTDA;07.272.690/0001-87
11/04/2021;11/04/2021 18:50:00;RAYA AND THE LAST DRAGON;RAYA E O ÚLTIMO DRAGÃO;E2100035300000;DUBLADO;NÃO;ESTADOS UNIDOS;5000149;TERRAÇO 2;9;6000037;1991;2411;BRASÍLIA;DF;EMPRESA CINEMAS SÃO LUIZ S/A;33.497.660/0001-89
11/04/2021;11/04/2021 18:50:00;THE FATHER;THE FATHER;E1900616300000;ORIGINAL;SIM;INGLATERRA;5001930;SALA KINOPLEX LEBLON SALA 01;35;6000037;11751;11752;RIO DE JANEIRO;RJ;SR RIO DE JANEIRO CINEMAS S/A;08.262.566/0001-01
11/04/2021;11/04/2021 19:00:00;LUCICREIDE VAI PRA MARTE;;B1900421800000;ORIGINAL;NÃO;BRASIL;5005789;CIDADE LUZ 3 MAXXI STADIUM;0;;32725;32727;GUARABIRA;PB;VERONILDO COUTINHO DE SOUSA EIRELI- EPP;24.248.972/0001-68
11/04/2021;11/04/2021 19:00:00;MONSTER HUNTER;MONSTER HUNTER;E2000403800000;DUBLADO;NÃO;ESTADOS UNIDOS;5005270;MULTICINE SANTA MARIA SALA 01;8;6000045;5935;30733;BRASÍLIA;DF;MULTICINE CINEMAS LTDA;07.609.246/0001-04
11/04/2021;11/04/2021 19:00:00;MONSTER HUNTER;MONSTER HUNTER;E2000403800000;DUBLADO;NÃO;ESTADOS UNIDOS;5000778;NEW YORK CITY CENTER - SALA 14;27;6000058;749;2620;RIO DE JANEIRO;RJ;UNITED CINEMAS INTERNATIONAL BRASIL LTDA.;01.289.530/0001-64
11/04/2021;11/04/2021 19:00:00;RAYA AND THE LAST DRAGON;RAYA E O ÚLTIMO DRAGÃO;E2100035300000;DUBLADO;NÃO;ESTADOS UNIDOS;5001957;KINOPLEX NOVA AMÉRICA SALA 01;45;6000037;1991;2426;RIO DE JANEIRO;RJ;EMPRESA CINEMAS SÃO LUIZ S/A;33.497.660/0001-89
11/04/2021;11/04/2021 19:00:00;RAYA AND THE LAST DRAGON;RAYA E O ÚLTIMO DRAGÃO;E2100035300000;DUBLADO;NÃO;ESTADOS UNIDOS;5002888;KINOPLEX WEST SHOPPING RIO 01;10;6000037;1991;17366;RIO DE JANEIRO;RJ;EMPRESA CINEMAS SÃO LUIZ S/A;33.497.660/0001-89
11/04/2021;11/04/2021 19:00:00;RAYA AND THE LAST DRAGON;RAYA E O ÚLTIMO DRAGÃO;E2100035300000;DUBLADO;NÃO;ESTADOS UNIDOS;5000062;SALA KINOPLEX MADUREIRA 02;15;6000037;1991;2389;RIO DE JANEIRO;RJ;EMPRESA CINEMAS SÃO LUIZ S/A;33.497.660/0001-89
11/04/2021;11/04/2021 19:00:00;THE FATHER;THE FATHER;E1900616300000;ORIGINAL;SIM;INGLATERRA;5002179;KINOPLEX TIJUCA SALA 05;25;6000037;11751;13416;RIO DE JANEIRO;RJ;SR RIO DE JANEIRO CINEMAS S/A;08.262.566/0001-01
11/04/2021;11/04/2021 19:00:00;THE WIDOW;A VIÚVA DAS SOMBRAS;E2100005000000;DUBLADO;NÃO;RÚSSIA;5004503;CINE GRACHER ESPAÇO HAVAN 3;14;6000032;5979;26111;BRUSQUE;SC;CINE GRACHER LTDA;07.272.690/0001-87
11/04/2021;11/04/2021 19:00:00;THE WIDOW;A VIÚVA DAS SOMBRAS;E2100005000000;DUBLADO;NÃO;RÚSSIA;5000211;IGUATEMI 2;6;6000037;1991;2425;RIO DE JANEIRO;RJ;EMPRESA CINEMAS SÃO LUIZ S/A;33.497.660/0001-89
11/04/2021;11/04/2021 19:00:00;THE WIDOW;A VIÚVA DAS SOMBRAS;E2100005000000;DUBLADO;NÃO;RÚSSIA;5002199;KINOPLEX VIA PARQUE 3;10;6000037;1991;13454;RIO DE JANEIRO;RJ;EMPRESA CINEMAS SÃO LUIZ S/A;33.497.660/0001-89
11/04/2021;11/04/2021 19:00:00;TOM & JERRY;TOM & JERRY - O FILME;E2000553800000;DUBLADO;NÃO;ESTADOS UNIDOS;5004502;CINE GRACHER ESPAÇO HAVAN 2;9;6000032;5979;26111;BRUSQUE;SC;CINE GRACHER LTDA;07.272.690/0001-87
11/04/2021;11/04/2021 19:00:00;WONDER WOMAN 1984;MULHER-MARAVILHA 1984;E2000170200000;DUBLADO;NÃO;CANADÁ;5006113;CINE GRACHER SÃO BENTO 03;0;6000032;5979;41056;SÃO BENTO DO SUL;SC;CINE GRACHER LTDA;07.272.690/0001-87
11/04/2021;11/04/2021 19:10:00;DRUK;DRUK - MAIS UMA RODADA;E2100078400000;ORIGINAL;SIM;DINAMARCA;5002323;CINE SANTA TERESA;0;6000083;14200;14201;RIO DE JANEIRO;RJ;ARTE VITAL EXIBIÇÕES CINEMATOGRÁFICAS LTDA;03.459.043/0001-28
11/04/2021;11/04/2021 19:10:00;HONEST THIEF;LEGADO EXPLOSIVO;E2000416200000;DUBLADO;NÃO;ESTADOS UNIDOS;5001958;KINOPLEX NOVA AMÉRICA SALA 02;35;6000037;1991;2426;RIO DE JANEIRO;RJ;EMPRESA CINEMAS SÃO LUIZ S/A;33.497.660/0001-89
11/04/2021;11/04/2021 19:10:00;HONEST THIEF;LEGADO EXPLOSIVO;E2000416200000;ORIGINAL;SIM;ESTADOS UNIDOS;5000150;TERRAÇO 3;10;6000037;1991;2411;BRASÍLIA;DF;EMPRESA CINEMAS SÃO LUIZ S/A;33.497.660/0001-89
11/04/2021;11/04/2021 19:10:00;MONSTER HUNTER;MONSTER HUNTER;E2000403800000;DUBLADO;NÃO;ESTADOS UNIDOS;5002890;KINOPLEX WEST SHOPPING RIO 03;15;6000037;1991;17366;RIO DE JANEIRO;RJ;EMPRESA CINEMAS SÃO LUIZ S/A;33.497.660/0001-89
11/04/2021;11/04/2021 19:10:00;THE FATHER;THE FATHER;E1900616300000;ORIGINAL;SIM;INGLATERRA;5000068;KINOPLEX RIO SUL - SALA PLATINUM 04;30;6000037;1991;2390;RIO DE JANEIRO;RJ;EMPRESA CINEMAS SÃO LUIZ S/A;33.497.660/0001-89
11/04/2021;11/04/2021 19:10:00;THE FATHER;THE FATHER;E1900616300000;ORIGINAL;SIM;INGLATERRA;5005020;KINOPLEX VIA PARQUE 6;5;6000037;1991;13454;RIO DE JANEIRO;RJ;EMPRESA CINEMAS SÃO LUIZ S/A;33.497.660/0001-89
11/04/2021;11/04/2021 19:10:00;THE WIDOW;A VIÚVA DAS SOMBRAS;E2100005000000;ORIGINAL;SIM;RÚSSIA;5002180;KINOPLEX TIJUCA SALA 06;11;6000037;11751;13416;RIO DE JANEIRO;RJ;SR RIO DE JANEIRO CINEMAS S/A;08.262.566/0001-01
11/04/2021;11/04/2021 19:20:00;THE WIDOW;A VIÚVA DAS SOMBRAS;E2100005000000;DUBLADO;NÃO;RÚSSIA;5001959;KINOPLEX NOVA AMÉRICA SALA 03;67;6000037;1991;2426;RIO DE JANEIRO;RJ;EMPRESA CINEMAS SÃO LUIZ S/A;33.497.660/0001-89
11/04/2021;11/04/2021 19:20:00;THE WIDOW;A VIÚVA DAS SOMBRAS;E2100005000000;DUBLADO;NÃO;RÚSSIA;5000061;SALA KINOPLEX MADUREIRA 01;7;6000037;1991;2389;RIO DE JANEIRO;RJ;EMPRESA CINEMAS SÃO LUIZ S/A;33.497.660/0001-89
11/04/2021;11/04/2021 19:30:00;PINOCCHIO;PINÓQUIO;E2000294800000;DUBLADO;NÃO;FRANÇA;5000171;KINOPLEX PARKSHOPPING 2;12;6000037;2364;2415;BRASÍLIA;DF;CINEMAS PARIS SEVERIANO RIBEIRO LTDA;31.611.189/0001-82
11/04/2021;11/04/2021 19:30:00;RAYA AND THE LAST DRAGON;RAYA E O ÚLTIMO DRAGÃO;E2100035300000;DUBLADO;NÃO;ESTADOS UNIDOS;5006577;CINE FLEX DRIVE-IN;17;6000121;41685;45933;PONTA GROSSA;PR;CINE SUL CINEMAS TB - EIRELI;31.266.859/0001-70
11/04/2021;11/04/2021 19:30:00;THE EMPTY MAN;O MENSAGEIRO DO ÚLTIMO DIA;E2000471300000;DUBLADO;NÃO;ESTADOS UNIDOS;5006494;CINE INTER SANTA INES 02;5;6000140;44834;44835;SANTA INÊS;MA;CINEINTER EXIBICOES CINEMATOGRAFICAS LTDA;35.477.354/0001-06
11/04/2021;11/04/2021 19:30:00;THE EMPTY MAN;O MENSAGEIRO DO ÚLTIMO DIA;E2000471300000;DUBLADO;NÃO;ESTADOS UNIDOS;5005562;KINOPLEX NOVA IGUAÇU SALA 01;55;6000037;1991;33119;NOVA IGUAÇU;RJ;EMPRESA CINEMAS SÃO LUIZ S/A;33.497.660/0001-89
11/04/2021;11/04/2021 19:30:00;THE WIDOW;A VIÚVA DAS SOMBRAS;E2100005000000;DUBLADO;NÃO;RÚSSIA;5005271;MULTICINE SANTA MARIA SALA 02;2;6000045;5935;30733;BRASÍLIA;DF;MULTICINE CINEMAS LTDA;07.609.246/0001-04
11/04/2021;11/04/2021 19:30:00;WONDER WOMAN 1984;MULHER-MARAVILHA 1984;E2000170200000;DUBLADO;NÃO;CANADÁ;5001860;CINE GRACHER LTDA;8;6000032;5979;6687;BRUSQUE;SC;CINE GRACHER LTDA;07.272.690/0001-87
11/04/2021;11/04/2021 19:40:00;MONSTER HUNTER;MONSTER HUNTER;E2000403800000;DUBLADO;NÃO;ESTADOS UNIDOS;5002746;KINOPLEX BOULEVARD 03;4;6000037;1991;16402;BRASÍLIA;DF;EMPRESA CINEMAS SÃO LUIZ S/A;33.497.660/0001-89
11/04/2021;11/04/2021 19:40:00;RAYA AND THE LAST DRAGON;RAYA E O ÚLTIMO DRAGÃO;E2100035300000;DUBLADO;NÃO;ESTADOS UNIDOS;5000175;KINOPLEX PARKSHOPPING 3;16;6000037;2364;2415;BRASÍLIA;DF;CINEMAS PARIS SEVERIANO RIBEIRO LTDA;31.611.189/0001-82
11/04/2021;11/04/2021 19:40:00;THE WITCHES;CONVENÇÃO DAS BRUXAS;E2000396100000;DUBLADO;NÃO;ESTADOS UNIDOS;5006644;PLAYARTE RORAIMA GARDEN SALA 03;21;6000049;39188;47248;BOA VISTA;RR;MULTIPLEX DO BRASIL ENTRETENIMENTO LTDA;27.595.833/0001-07
11/04/2021;11/04/2021 19:45:00;RAYA AND THE LAST DRAGON;RAYA E O ÚLTIMO DRAGÃO;E2100035300000;DUBLADO;NÃO;ESTADOS UNIDOS;5005545;CINE COLOMBO RESENDE SALA 03;0;6000008;15833;33011;RESENDE;RJ;CINE A LTDA;10.894.937/0001-01
11/04/2021;11/04/2021 20:00:00;LUCICREIDE VAI PRA MARTE;;B1900421800000;ORIGINAL;NÃO;BRASIL;5006138;SALA CINE GUEDES 03;0;;23266;23267;PATOS;PB;LILIANE ROCHA DE MEDEIROS GUEDES-ME;16.844.526/0001-98
11/04/2021;11/04/2021 20:00:00;RAYA AND THE LAST DRAGON;RAYA E O ÚLTIMO DRAGÃO;E2100035300000;DUBLADO;NÃO;ESTADOS UNIDOS;5002748;KINOPLEX BOULEVARD 01;2;6000037;1991;16402;BRASÍLIA;DF;EMPRESA CINEMAS SÃO LUIZ S/A;33.497.660/0001-89
11/04/2021;11/04/2021 20:00:00;RAYA AND THE LAST DRAGON;RAYA E O ÚLTIMO DRAGÃO;E2100035300000;DUBLADO;NÃO;ESTADOS UNIDOS;5005726;KINOPLEX IGUAÇU TOP SALA 06;9;6000037;1991;2387;NOVA IGUAÇU;RJ;EMPRESA CINEMAS SÃO LUIZ S/A;33.497.660/0001-89
11/04/2021;11/04/2021 20:00:00;RAYA AND THE LAST DRAGON;RAYA E O ÚLTIMO DRAGÃO;E2100035300000;DUBLADO;NÃO;ESTADOS UNIDOS;5005563;KINOPLEX NOVA IGUAÇU SALA 02 KINOEVOLUTION;38;6000037;1991;33119;NOVA IGUAÇU;RJ;EMPRESA CINEMAS SÃO LUIZ S/A;33.497.660/0001-89
11/04/2021;11/04/2021 20:00:00;RAYA AND THE LAST DRAGON;RAYA E O ÚLTIMO DRAGÃO;E2100035300000;DUBLADO;NÃO;ESTADOS UNIDOS;5000153;PÁTIO BRASIL 1;0;6000037;1991;2412;BRASÍLIA;DF;EMPRESA CINEMAS SÃO LUIZ S/A;33.497.660/0001-89
11/04/2021;11/04/2021 20:00:00;TOM & JERRY;TOM & JERRY - O FILME;E2000553800000;DUBLADO;NÃO;ESTADOS UNIDOS;5002102;CINE DRIVEIN;109;;5465;6715;BRASÍLIA;DF;STARK'S CINEMA E LANCHONETE LTDA.;32.917.296/0001-04
11/04/2021;11/04/2021 20:10:00;MONSTER HUNTER;MONSTER HUNTER;E2000403800000;DUBLADO;NÃO;ESTADOS UNIDOS;5000168;KINOPLEX PARKSHOPPING 5;9;6000037;2364;2415;BRASÍLIA;DF;CINEMAS PARIS SEVERIANO RIBEIRO LTDA;31.611.189/0001-82
11/04/2021;11/04/2021 20:10:00;MONSTER HUNTER;MONSTER HUNTER;E2000403800000;DUBLADO;NÃO;ESTADOS UNIDOS;5000155;PÁTIO BRASIL 3;2;6000037;1991;2412;BRASÍLIA;DF;EMPRESA CINEMAS SÃO LUIZ S/A;33.497.660/0001-89
11/04/2021;11/04/2021 20:10:00;THE WIDOW;A VIÚVA DAS SOMBRAS;E2100005000000;DUBLADO;NÃO;RÚSSIA;5002745;KINOPLEX BOULEVARD 02;1;6000037;1991;16402;BRASÍLIA;DF;EMPRESA CINEMAS SÃO LUIZ S/A;33.497.660/0001-89
11/04/2021;11/04/2021 20:10:00;THE WIDOW;A VIÚVA DAS SOMBRAS;E2100005000000;DUBLADO;NÃO;RÚSSIA;5006643;PLAYARTE RORAIMA GARDEN SALA 02;15;6000049;39188;47248;BOA VISTA;RR;MULTIPLEX DO BRASIL ENTRETENIMENTO LTDA;27.595.833/0001-07
11/04/2021;11/04/2021 20:10:00;THE WIDOW;A VIÚVA DAS SOMBRAS;E2100005000000;DUBLADO;NÃO;RÚSSIA;5003652;SALA CINE GUEDES 01;0;;23266;23267;PATOS;PB;LILIANE ROCHA DE MEDEIROS GUEDES-ME;16.844.526/0001-98
11/04/2021;11/04/2021 20:15:00;THE EMPTY MAN;O MENSAGEIRO DO ÚLTIMO DIA;E2000471300000;DUBLADO;NÃO;ESTADOS UNIDOS;5006657;SALA CINE VIEIRA 01;10;;47551;47598;SÃO BENTO;PB;COSTA E VIEIRA EMPREENDIMENTOS LTDA;10.866.528/0001-00
11/04/2021;11/04/2021 20:20:00;FOLLOW ME;SEM SAÍDA;E2100006300000;DUBLADO;NÃO;ESTADOS UNIDOS;5000167;KINOPLEX PARKSHOPPING 1;28;6000037;2364;2415;BRASÍLIA;DF;CINEMAS PARIS SEVERIANO RIBEIRO LTDA;31.611.189/0001-82
11/04/2021;11/04/2021 20:20:00;HONEST THIEF;LEGADO EXPLOSIVO;E2000416200000;DUBLADO;NÃO;ESTADOS UNIDOS;5000057;KINOPLEX IGUAÇU TOP SALA 02;11;6000037;1991;2387;NOVA IGUAÇU;RJ;EMPRESA CINEMAS SÃO LUIZ S/A;33.497.660/0001-89
11/04/2021;11/04/2021 20:20:00;THE FATHER;THE FATHER;E1900616300000;ORIGINAL;SIM;INGLATERRA;5000169;KINOPLEX PARKSHOPPING 6;24;6000037;2364;2415;BRASÍLIA;DF;CINEMAS PARIS SEVERIANO RIBEIRO LTDA;31.611.189/0001-82
11/04/2021;11/04/2021 20:20:00;THE WIDOW;A VIÚVA DAS SOMBRAS;E2100005000000;DUBLADO;NÃO;RÚSSIA;5000154;PÁTIO BRASIL 2;11;6000037;1991;2412;BRASÍLIA;DF;EMPRESA CINEMAS SÃO LUIZ S/A;33.497.660/0001-89
11/04/2021;11/04/2021 20:30:00;FOLLOW ME;SEM SAÍDA;E2100006300000;DUBLADO;NÃO;ESTADOS UNIDOS;5006493;CINE INTER SANTA INES 01;12;6000140;44834;44835;SANTA INÊS;MA;CINEINTER EXIBICOES CINEMATOGRAFICAS LTDA;35.477.354/0001-06
11/04/2021;11/04/2021 20:30:00;HONEST THIEF;LEGADO EXPLOSIVO;E2000416200000;DUBLADO;NÃO;ESTADOS UNIDOS;5005564;KINOPLEX NOVA IGUAÇU SALA 03 PLATINUM;31;6000037;1991;33119;NOVA IGUAÇU;RJ;EMPRESA CINEMAS SÃO LUIZ S/A;33.497.660/0001-89
11/04/2021;11/04/2021 20:30:00;MONSTER HUNTER;MONSTER HUNTER;E2000403800000;DUBLADO;NÃO;ESTADOS UNIDOS;5002565;CINE CATARATAS 2;4;;15565;15566;FOZ DO IGUAÇU;PR;CINE CATARATAS LTDA;09.010.219/0001-46
11/04/2021;11/04/2021 20:30:00;THE WIDOW;A VIÚVA DAS SOMBRAS;E2100005000000;DUBLADO;NÃO;RÚSSIA;5006484;CINE + ARTE SOMBRIO 01;6;6000103;44714;44715;SOMBRIO;SC;CINE + ARTE SOMBRIO LTDA;35.505.937/0001-01
11/04/2021;11/04/2021 20:30:00;THE WIDOW;A VIÚVA DAS SOMBRAS;E2100005000000;DUBLADO;NÃO;RÚSSIA;5005543;CINE COLOMBO RESENDE SALA 01;2;6000008;15833;33011;RESENDE;RJ;CINE A LTDA;10.894.937/0001-01
11/04/2021;11/04/2021 20:30:00;THE WIDOW;A VIÚVA DAS SOMBRAS;E2100005000000;DUBLADO;NÃO;RÚSSIA;5006058;CINE GRACHER JOAÇABA SALA 03;9;6000032;5979;40234;JOAÇABA;SC;CINE GRACHER LTDA;07.272.690/0001-87
11/04/2021;11/04/2021 20:30:00;THE WIDOW;A VIÚVA DAS SOMBRAS;E2100005000000;DUBLADO;NÃO;RÚSSIA;5005725;KINOPLEX IGUAÇU TOP SALA 05;23;6000037;1991;2387;NOVA IGUAÇU;RJ;EMPRESA CINEMAS SÃO LUIZ S/A;33.497.660/0001-89
11/04/2021;11/04/2021 20:30:00;THE WIDOW;A VIÚVA DAS SOMBRAS;E2100005000000;DUBLADO;NÃO;RÚSSIA;5000166;KINOPLEX PARKSHOPPING 4;15;6000037;2364;2415;BRASÍLIA;DF;CINEMAS PARIS SEVERIANO RIBEIRO LTDA;31.611.189/0001-82
11/04/2021;11/04/2021 20:30:00;TOM & JERRY;TOM & JERRY - O FILME;E2000553800000;DUBLADO;NÃO;ESTADOS UNIDOS;5006056;CINE GRACHER JOAÇABA SALA 01;8;6000032;5979;40234;JOAÇABA;SC;CINE GRACHER LTDA;07.272.690/0001-87
11/04/2021;11/04/2021 20:40:00;MONSTER HUNTER;MONSTER HUNTER;E2000403800000;DUBLADO;NÃO;ESTADOS UNIDOS;5005724;KINOPLEX IGUAÇU TOP SALA 04;32;6000037;1991;2387;NOVA IGUAÇU;RJ;EMPRESA CINEMAS SÃO LUIZ S/A;33.497.660/0001-89
11/04/2021;11/04/2021 20:40:00;RAYA AND THE LAST DRAGON;RAYA E O ÚLTIMO DRAGÃO;E2100035300000;DUBLADO;NÃO;ESTADOS UNIDOS;5002566;CINE CATARATAS 3;2;;15565;15566;FOZ DO IGUAÇU;PR;CINE CATARATAS LTDA;09.010.219/0001-46
11/04/2021;11/04/2021 20:40:00;THE WIDOW;A VIÚVA DAS SOMBRAS;E2100005000000;DUBLADO;NÃO;RÚSSIA;5005289;GRUPO CINE FRAIBURGO;2;6000034;30763;30765;FRAIBURGO;SC;CINEMA FRAIBURGO LTDA;17.067.309/0001-00
11/04/2021;11/04/2021 20:40:00;THE WIDOW;A VIÚVA DAS SOMBRAS;E2100005000000;DUBLADO;NÃO;RÚSSIA;5005568;KINOPLEX NOVA IGUAÇU SALA 07;26;6000037;1991;33119;NOVA IGUAÇU;RJ;EMPRESA CINEMAS SÃO LUIZ S/A;33.497.660/0001-89
11/04/2021;11/04/2021 20:45:00;FOLLOW ME;SEM SAÍDA;E2100006300000;DUBLADO;NÃO;ESTADOS UNIDOS;5006083;CINE GRACHER PORTO BELO SALA 01;11;6000032;5979;40771;PORTO BELO;SC;CINE GRACHER LTDA;07.272.690/0001-87
11/04/2021;11/04/2021 20:45:00;FOLLOW ME;SEM SAÍDA;E2100006300000;DUBLADO;NÃO;ESTADOS UNIDOS;5006111;CINE GRACHER SÃO BENTO 01;9;6000032;5979;41056;SÃO BENTO DO SUL;SC;CINE GRACHER LTDA;07.272.690/0001-87
11/04/2021;11/04/2021 20:45:00;RAYA AND THE LAST DRAGON;RAYA E O ÚLTIMO DRAGÃO;E2100035300000;DUBLADO;NÃO;ESTADOS UNIDOS;5006001;CINE GRACHER INDAIAL - SALA 04;5;6000032;5979;39283;INDAIAL;SC;CINE GRACHER LTDA;07.272.690/0001-87
11/04/2021;11/04/2021 20:45:00;RAYA AND THE LAST DRAGON;RAYA E O ÚLTIMO DRAGÃO;E2100035300000;DUBLADO;NÃO;ESTADOS UNIDOS;5006086;CINE GRACHER PORTO BELO SALA 04;4;6000032;5979;40771;PORTO BELO;SC;CINE GRACHER LTDA;07.272.690/0001-87
11/04/2021;11/04/2021 20:45:00;RAYA AND THE LAST DRAGON;RAYA E O ÚLTIMO DRAGÃO;E2100035300000;DUBLADO;NÃO;ESTADOS UNIDOS;5006112;CINE GRACHER SÃO BENTO 02;4;6000032;5979;41056;SÃO BENTO DO SUL;SC;CINE GRACHER LTDA;07.272.690/0001-87
11/04/2021;11/04/2021 20:45:00;THE WIDOW;A VIÚVA DAS SOMBRAS;E2100005000000;DUBLADO;NÃO;RÚSSIA;5006000;CINE GRACHER INDAIAL - SALA 03;12;6000032;5979;39283;INDAIAL;SC;CINE GRACHER LTDA;07.272.690/0001-87
11/04/2021;11/04/2021 20:45:00;THE WIDOW;A VIÚVA DAS SOMBRAS;E2100005000000;DUBLADO;NÃO;RÚSSIA;5006085;CINE GRACHER PORTO BELO SALA 03;4;6000032;5979;40771;PORTO BELO;SC;CINE GRACHER LTDA;07.272.690/0001-87
11/04/2021;11/04/2021 20:45:00;THE WIDOW;A VIÚVA DAS SOMBRAS;E2100005000000;DUBLADO;NÃO;RÚSSIA;5006114;CINE GRACHER SÃO BENTO 04;2;6000032;5979;41056;SÃO BENTO DO SUL;SC;CINE GRACHER LTDA;07.272.690/0001-87
11/04/2021;11/04/2021 20:45:00;TOM & JERRY;TOM & JERRY - O FILME;E2000553800000;DUBLADO;NÃO;ESTADOS UNIDOS;5005998;CINE GRACHER INDAIAL - SALA 01;7;6000032;5979;39283;INDAIAL;SC;CINE GRACHER LTDA;07.272.690/0001-87
11/04/2021;11/04/2021 21:00:01;LUCICREIDE VAI PRA MARTE;;B1900421800000;ORIGINAL;NÃO;BRASIL;5005789;CIDADE LUZ 3 MAXXI STADIUM;3;;32725;32727;GUARABIRA;PB;VERONILDO COUTINHO DE SOUSA EIRELI- EPP;24.248.972/0001-68
11/04/2021;11/04/2021 21:15:00;FOLLOW ME;SEM SAÍDA;E2100006300000;DUBLADO;NÃO;ESTADOS UNIDOS;5004502;CINE GRACHER ESPAÇO HAVAN 2;12;6000032;5979;26111;BRUSQUE;SC;CINE GRACHER LTDA;07.272.690/0001-87
11/04/2021;11/04/2021 21:15:00;FOLLOW ME;SEM SAÍDA;E2100006300000;DUBLADO;NÃO;ESTADOS UNIDOS;5001862;CINE GRACHER LTDA;0;6000032;5979;6687;BRUSQUE;SC;CINE GRACHER LTDA;07.272.690/0001-87
11/04/2021;11/04/2021 21:15:00;RAYA AND THE LAST DRAGON;RAYA E O ÚLTIMO DRAGÃO;E2100035300000;DUBLADO;NÃO;ESTADOS UNIDOS;5004504;CINE GRACHER ESPAÇO HAVAN 1;5;6000032;5979;26111;BRUSQUE;SC;CINE GRACHER LTDA;07.272.690/0001-87
11/04/2021;11/04/2021 21:15:00;THE WIDOW;A VIÚVA DAS SOMBRAS;E2100005000000;DUBLADO;NÃO;RÚSSIA;5004503;CINE GRACHER ESPAÇO HAVAN 3;3;6000032;5979;26111;BRUSQUE;SC;CINE GRACHER LTDA;07.272.690/0001-87
11/04/2021;11/04/2021 21:15:00;TOM & JERRY;TOM & JERRY - O FILME;E2000553800000;DUBLADO;NÃO;ESTADOS UNIDOS;5001861;CINE GRACHER LTDA;0;6000032;5979;6687;BRUSQUE;SC;CINE GRACHER LTDA;07.272.690/0001-87
12/04/2021;12/04/2021 13:20:00;RAYA AND THE LAST DRAGON;RAYA E O ÚLTIMO DRAGÃO;E2100035300000;DUBLADO;NÃO;ESTADOS UNIDOS;5002566;CINE CATARATAS 3;5;;15565;15566;FOZ DO IGUAÇU;PR;CINE CATARATAS LTDA;09.010.219/0001-46
12/04/2021;12/04/2021 14:00:00;FOLLOW ME;SEM SAÍDA;E2100006300000;DUBLADO;NÃO;ESTADOS UNIDOS;5000206;KINOPLEX GRANDE RIO 3;9;6000037;1991;2424;SÃO JOÃO DE MERITI;RJ;EMPRESA CINEMAS SÃO LUIZ S/A;33.497.660/0001-89
12/04/2021;12/04/2021 14:00:00;RAYA AND THE LAST DRAGON;RAYA E O ÚLTIMO DRAGÃO;E2100035300000;DUBLADO;NÃO;ESTADOS UNIDOS;5001634;CINE TERESINA 1;6;;2140;6595;TERESINA;PI;CINEMAS TERESINA LTDA;02.142.566/0001-83
12/04/2021;12/04/2021 14:00:00;TOM & JERRY;TOM & JERRY - O FILME;E2000553800000;DUBLADO;NÃO;ESTADOS UNIDOS;5006060;CENTERPLEX BOULEVARD 02;0;6000006;40317;40318;VITÓRIA DA CONQUISTA;BA;CINE ELI BAHIA CINEMAS LTDA - EM RECUPERACAO JUDICIAL;30.096.740/0001-34
12/04/2021;12/04/2021 14:00:00;TOM & JERRY;TOM & JERRY - O FILME;E2000553800000;DUBLADO;NÃO;ESTADOS UNIDOS;5002565;CINE CATARATAS 2;2;;15565;15566;FOZ DO IGUAÇU;PR;CINE CATARATAS LTDA;09.010.219/0001-46
12/04/2021;12/04/2021 14:00:00;TOM & JERRY;TOM & JERRY - O FILME;E2000553800000;DUBLADO;NÃO;ESTADOS UNIDOS;5002051;UCI - KINOPLEX NORTE SHOPPING - SALA 02;1;6000059;2612;12748;RIO DE JANEIRO;RJ;UCI RIBEIRO LTDA;02.117.937/0001-77
12/04/2021;12/04/2021 14:00:00;WONDER WOMAN 1984;MULHER-MARAVILHA 1984;E2000170200000;DUBLADO;NÃO;CANADÁ;5005647;CINE TERESINA 4;4;;2140;6595;TERESINA;PI;CINEMAS TERESINA LTDA;02.142.566/0001-83
12/04/2021;12/04/2021 14:20:00;LUCICREIDE VAI PRA MARTE;;B1900421800000;DUBLADO;NÃO;BRASIL;5002053;UCI - KINOPLEX NORTE SHOPPING - SALA 08;0;6000059;2612;12748;RIO DE JANEIRO;RJ;UCI RIBEIRO LTDA;02.117.937/0001-77
12/04/2021;12/04/2021 14:20:00;TOM & JERRY;TOM & JERRY - O FILME;E2000553800000;DUBLADO;NÃO;ESTADOS UNIDOS;5000205;KINOPLEX GRANDE RIO 2;11;6000037;1991;2424;SÃO JOÃO DE MERITI;RJ;EMPRESA CINEMAS SÃO LUIZ S/A;33.497.660/0001-89
12/04/2021;12/04/2021 14:30:00;LUCICREIDE VAI PRA MARTE;;B1900421800000;ORIGINAL;NÃO;BRASIL;5006062;CENTERPLEX BOULEVARD 04;1;6000006;40317;40318;VITÓRIA DA CONQUISTA;BA;CINE ELI BAHIA CINEMAS LTDA - EM RECUPERACAO JUDICIAL;30.096.740/0001-34
12/04/2021;12/04/2021 14:40:00;RAYA AND THE LAST DRAGON;RAYA E O ÚLTIMO DRAGÃO;E2100035300000;DUBLADO;NÃO;ESTADOS UNIDOS;5002052;UCI - KINOPLEX NORTE SHOPPING - SALA 10;11;6000059;2612;12748;RIO DE JANEIRO;RJ;UCI RIBEIRO LTDA;02.117.937/0001-77
12/04/2021;12/04/2021 14:40:00;TOM & JERRY;TOM & JERRY - O FILME;E2000553800000;DUBLADO;NÃO;ESTADOS UNIDOS;5005270;MULTICINE SANTA MARIA SALA 01;1;6000045;5935;30733;BRASÍLIA;DF;MULTICINE CINEMAS LTDA;07.609.246/0001-04
12/04/2021;12/04/2021 15:00:00;A MULHER DA LUZ PRÓPRIA;;B1900320300000;ORIGINAL;NÃO;BRASIL;5002323;CINE SANTA TERESA;0;6000083;14200;14201;RIO DE JANEIRO;RJ;ARTE VITAL EXIBIÇÕES CINEMATOGRÁFICAS LTDA;03.459.043/0001-28
12/04/2021;12/04/2021 15:00:00;DEPOIS A LOUCA SOU EU;;B2000078000000;DUBLADO;NÃO;BRASIL;5005206;CINÉPOLIS RIO POTY SALA 10;0;6000024;17266;30352;TERESINA;PI;CINEPOLIS OPERADORA DE CINEMAS DO BRASIL LTDA;09.652.820/0001-32
12/04/2021;12/04/2021 15:00:00;LUCICREIDE VAI PRA MARTE;;B1900421800000;DUBLADO;NÃO;BRASIL;5000770;NEW YORK CITY CENTER - SALA 06;2;6000058;749;2620;RIO DE JANEIRO;RJ;UNITED CINEMAS INTERNATIONAL BRASIL LTDA.;01.289.530/0001-64
12/04/2021;12/04/2021 15:00:00;PINOCCHIO;PINÓQUIO;E2000294800000;DUBLADO;NÃO;FRANÇA;5003766;UCI BRASIL - SHOPPING CG - SALA 03;0;6000058;749;23929;RIO DE JANEIRO;RJ;UNITED CINEMAS INTERNATIONAL BRASIL LTDA.;01.289.530/0001-64
12/04/2021;12/04/2021 15:00:00;RAYA AND THE LAST DRAGON;RAYA E O ÚLTIMO DRAGÃO;E2100035300000;DUBLADO;NÃO;ESTADOS UNIDOS;5004809;SHOPPING BOSQUE DOS IPÊS- SALA 03;2;6000058;749;27590;CAMPO GRANDE;MS;UNITED CINEMAS INTERNATIONAL BRASIL LTDA.;01.289.530/0001-64
12/04/2021;12/04/2021 15:00:00;THE WITCHES;CONVENÇÃO DAS BRUXAS;E2000396100000;DUBLADO;NÃO;ESTADOS UNIDOS;5006644;PLAYARTE RORAIMA GARDEN SALA 03;0;6000049;39188;47248;BOA VISTA;RR;MULTIPLEX DO BRASIL ENTRETENIMENTO LTDA;27.595.833/0001-07
12/04/2021;12/04/2021 15:00:00;TOM & JERRY;TOM & JERRY - O FILME;E2000553800000;DUBLADO;NÃO;ESTADOS UNIDOS;5006059;CENTERPLEX BOULEVARD 01;0;6000006;40317;40318;VITÓRIA DA CONQUISTA;BA;CINE ELI BAHIA CINEMAS LTDA - EM RECUPERACAO JUDICIAL;30.096.740/0001-34
12/04/2021;12/04/2021 15:00:00;WONDER WOMAN 1984;MULHER-MARAVILHA 1984;E2000170200000;DUBLADO;NÃO;CANADÁ;5002057;UCI - KINOPLEX NORTE SHOPPING - SALA 03;7;6000059;2612;12748;RIO DE JANEIRO;RJ;UCI RIBEIRO LTDA;02.117.937/0001-77
12/04/2021;12/04/2021 15:10:00;RAYA AND THE LAST DRAGON;RAYA E O ÚLTIMO DRAGÃO;E2100035300000;DUBLADO;NÃO;ESTADOS UNIDOS;5005272;MULTICINE SANTA MARIA SALA 03;5;6000045;5935;30733;BRASÍLIA;DF;MULTICINE CINEMAS LTDA;07.609.246/0001-04
12/04/2021;12/04/2021 15:15:00;TOM & JERRY;TOM & JERRY - O FILME;E2000553800000;DUBLADO;NÃO;ESTADOS UNIDOS;5005545;CINE COLOMBO RESENDE SALA 03;0;6000008;15833;33011;RESENDE;RJ;CINE A LTDA;10.894.937/0001-01
12/04/2021;12/04/2021 15:20:00;DEPOIS A LOUCA SOU EU;;B2000078000000;DUBLADO;NÃO;BRASIL;5000780;NEW YORK CITY CENTER - SALA 16;0;6000058;749;2620;RIO DE JANEIRO;RJ;UNITED CINEMAS INTERNATIONAL BRASIL LTDA.;01.289.530/0001-64
12/04/2021;12/04/2021 15:20:00;LUCICREIDE VAI PRA MARTE;;B1900421800000;ORIGINAL;NÃO;BRASIL;5001662;ORIENT CINEPLACE BOULEVARD SHOPPING - SALA 3;6;6000046;2869;6630;FEIRA DE SANTANA;BA;FEIRA PLEXCINE LTDA.;04.547.950/0001-91
12/04/2021;12/04/2021 15:20:00;MONSTER HUNTER;MONSTER HUNTER;E2000403800000;DUBLADO;NÃO;ESTADOS UNIDOS;5005648;CINE TERESINA 5;7;;2140;6595;TERESINA;PI;CINEMAS TERESINA LTDA;02.142.566/0001-83
12/04/2021;12/04/2021 15:20:00;MONSTER HUNTER;MONSTER HUNTER;E2000403800000;DUBLADO;NÃO;ESTADOS UNIDOS;5002059;UCI - KINOPLEX NORTE SHOPPING - SALA 07;7;6000059;2612;12748;RIO DE JANEIRO;RJ;UCI RIBEIRO LTDA;02.117.937/0001-77
12/04/2021;12/04/2021 15:20:00;PINOCCHIO;PINÓQUIO;E2000294800000;DUBLADO;NÃO;FRANÇA;5004812;SHOPPING BOSQUE DOS IPÊS- SALA 06;6;6000058;749;27590;CAMPO GRANDE;MS;UNITED CINEMAS INTERNATIONAL BRASIL LTDA.;01.289.530/0001-64
12/04/2021;12/04/2021 15:20:00;RAYA AND THE LAST DRAGON;RAYA E O ÚLTIMO DRAGÃO;E2100035300000;DUBLADO;NÃO;ESTADOS UNIDOS;5001636;CINE TERESINA 3;8;;2140;6595;TERESINA;PI;CINEMAS TERESINA LTDA;02.142.566/0001-83
12/04/2021;12/04/2021 15:20:00;RAYA AND THE LAST DRAGON;RAYA E O ÚLTIMO DRAGÃO;E2100035300000;DUBLADO;NÃO;ESTADOS UNIDOS;5000210;IGUATEMI 1;0;6000037;1991;2425;RIO DE JANEIRO;RJ;EMPRESA CINEMAS SÃO LUIZ S/A;33.497.660/0001-89
12/04/2021;12/04/2021 15:20:00;RAYA AND THE LAST DRAGON;RAYA E O ÚLTIMO DRAGÃO;E2100035300000;DUBLADO;NÃO;ESTADOS UNIDOS;5003762;UCI BRASIL PARK CG - SALA 04;12;6000058;749;23929;RIO DE JANEIRO;RJ;UNITED CINEMAS INTERNATIONAL BRASIL LTDA.;01.289.530/0001-64
12/04/2021;12/04/2021 15:30:00;DEPOIS A LOUCA SOU EU;;B2000078000000;ORIGINAL;NÃO;BRASIL;5001638;CINE TERESINA 7;3;;2140;6595;TERESINA;PI;CINEMAS TERESINA LTDA;02.142.566/0001-83
12/04/2021;12/04/2021 15:30:00;LUCICREIDE VAI PRA MARTE;;B1900421800000;ORIGINAL;NÃO;BRASIL;5006061;CENTERPLEX BOULEVARD 03;0;6000006;40317;40318;VITÓRIA DA CONQUISTA;BA;CINE ELI BAHIA CINEMAS LTDA - EM RECUPERACAO JUDICIAL;30.096.740/0001-34
12/04/2021;12/04/2021 15:30:00;LUCICREIDE VAI PRA MARTE;;B1900421800000;DUBLADO;NÃO;BRASIL;5005208;CINÉPOLIS RIO POTY SALA 12;4;6000024;17266;30352;TERESINA;PI;CINEPOLIS OPERADORA DE CINEMAS DO BRASIL LTDA;09.652.820/0001-32
12/04/2021;12/04/2021 15:30:00;RAYA AND THE LAST DRAGON;RAYA E O ÚLTIMO DRAGÃO;E2100035300000;DUBLADO;NÃO;ESTADOS UNIDOS;5000204;KINOPLEX GRANDE RIO 1;31;6000037;1991;2424;SÃO JOÃO DE MERITI;RJ;EMPRESA CINEMAS SÃO LUIZ S/A;33.497.660/0001-89
12/04/2021;12/04/2021 15:30:00;WONDER WOMAN 1984;MULHER-MARAVILHA 1984;E2000170200000;DUBLADO;NÃO;CANADÁ;5005543;CINE COLOMBO RESENDE SALA 01;0;6000008;15833;33011;RESENDE;RJ;CINE A LTDA;10.894.937/0001-01
12/04/2021;12/04/2021 15:40:00;LUCICREIDE VAI PRA MARTE;;B1900421800000;DUBLADO;NÃO;BRASIL;5003765;UCI BRASIL - PARK SHOPPING CG - SALA 2;8;6000058;749;23929;RIO DE JANEIRO;RJ;UNITED CINEMAS INTERNATIONAL BRASIL LTDA.;01.289.530/0001-64
12/04/2021;12/04/2021 15:40:00;RAYA AND THE LAST DRAGON;RAYA E O ÚLTIMO DRAGÃO;E2100035300000;DUBLADO;NÃO;ESTADOS UNIDOS;5000065;KINOPLEX RIO SUL - SALA KINOEVOLUTIUM 01;9;6000037;1991;2390;RIO DE JANEIRO;RJ;EMPRESA CINEMAS SÃO LUIZ S/A;33.497.660/0001-89
12/04/2021;12/04/2021 15:40:00;RAYA AND THE LAST DRAGON;RAYA E O ÚLTIMO DRAGÃO;E2100035300000;DUBLADO;NÃO;ESTADOS UNIDOS;5000066;KINOPLEX RIO SUL - SALA KINOEVOLUTIUM 02;0;6000037;1991;2390;RIO DE JANEIRO;RJ;EMPRESA CINEMAS SÃO LUIZ S/A;33.497.660/0001-89
12/04/2021;12/04/2021 15:40:00;RAYA AND THE LAST DRAGON;RAYA E O ÚLTIMO DRAGÃO;E2100035300000;DUBLADO;NÃO;ESTADOS UNIDOS;5005018;KINOPLEX VIA PARQUE 4- KINOEVOLUTION;13;6000037;1991;13454;RIO DE JANEIRO;RJ;EMPRESA CINEMAS SÃO LUIZ S/A;33.497.660/0001-89
12/04/2021;12/04/2021 15:40:00;THE FATHER;THE FATHER;E1900616300000;ORIGINAL;SIM;INGLATERRA;5002179;KINOPLEX TIJUCA SALA 05;13;6000037;11751;13416;RIO DE JANEIRO;RJ;SR RIO DE JANEIRO CINEMAS S/A;08.262.566/0001-01
12/04/2021;12/04/2021 15:40:00;THE FATHER;THE FATHER;E1900616300000;ORIGINAL;SIM;INGLATERRA;5000765;NEW YORK CITY CENTER - SALA 01;6;6000058;749;2620;RIO DE JANEIRO;RJ;UNITED CINEMAS INTERNATIONAL BRASIL LTDA.;01.289.530/0001-64
12/04/2021;12/04/2021 15:40:00;THE WIDOW;A VIÚVA DAS SOMBRAS;E2100005000000;DUBLADO;NÃO;RÚSSIA;5005271;MULTICINE SANTA MARIA SALA 02;0;6000045;5935;30733;BRASÍLIA;DF;MULTICINE CINEMAS LTDA;07.609.246/0001-04
12/04/2021;12/04/2021 15:40:00;TOM & JERRY;TOM & JERRY - O FILME;E2000553800000;DUBLADO;NÃO;ESTADOS UNIDOS;5001635;CINE TERESINA 2;5;;2140;6595;TERESINA;PI;CINEMAS TERESINA LTDA;02.142.566/0001-83
12/04/2021;12/04/2021 15:50:00;LUCICREIDE VAI PRA MARTE;;B1900421800000;ORIGINAL;NÃO;BRASIL;5001637;CINE TERESINA 6;12;;2140;6595;TERESINA;PI;CINEMAS TERESINA LTDA;02.142.566/0001-83
12/04/2021;12/04/2021 15:50:00;TOM & JERRY;TOM & JERRY - O FILME;E2000553800000;DUBLADO;NÃO;ESTADOS UNIDOS;5006643;PLAYARTE RORAIMA GARDEN SALA 02;0;6000049;39188;47248;BOA VISTA;RR;MULTIPLEX DO BRASIL ENTRETENIMENTO LTDA;27.595.833/0001-07
12/04/2021;12/04/2021 16:00:00;HONEST THIEF;LEGADO EXPLOSIVO;E2000416200000;DUBLADO;NÃO;ESTADOS UNIDOS;5000206;KINOPLEX GRANDE RIO 3;10;6000037;1991;2424;SÃO JOÃO DE MERITI;RJ;EMPRESA CINEMAS SÃO LUIZ S/A;33.497.660/0001-89
12/04/2021;12/04/2021 16:00:00;JUDAS AND THE BLACK MESSIAH;JUDAS E O MESSIAS NEGRO;E2100040400000;ORIGINAL;SIM;ESTADOS UNIDOS;5005994;CINE BARRA POINT SALA 01;0;6000083;14200;39233;RIO DE JANEIRO;RJ;ARTE VITAL EXIBIÇÕES CINEMATOGRÁFICAS LTDA;03.459.043/0001-28
12/04/2021;12/04/2021 16:00:00;RAYA AND THE LAST DRAGON;RAYA E O ÚLTIMO DRAGÃO;E2100035300000;DUBLADO;NÃO;ESTADOS UNIDOS;5002566;CINE CATARATAS 3;5;;15565;15566;FOZ DO IGUAÇU;PR;CINE CATARATAS LTDA;09.010.219/0001-46
12/04/2021;12/04/2021 16:00:00;RAYA AND THE LAST DRAGON;RAYA E O ÚLTIMO DRAGÃO;E2100035300000;DUBLADO;NÃO;ESTADOS UNIDOS;5004504;CINE GRACHER ESPAÇO HAVAN 1;2;6000032;5979;26111;BRUSQUE;SC;CINE GRACHER LTDA;07.272.690/0001-87
12/04/2021;12/04/2021 16:00:00;THE FATHER;THE FATHER;E1900616300000;ORIGINAL;SIM;INGLATERRA;5000068;KINOPLEX RIO SUL - SALA PLATINUM 04;3;6000037;1991;2390;RIO DE JANEIRO;RJ;EMPRESA CINEMAS SÃO LUIZ S/A;33.497.660/0001-89
12/04/2021;12/04/2021 16:00:00;THE FATHER;THE FATHER;E1900616300000;ORIGINAL;SIM;INGLATERRA;5005020;KINOPLEX VIA PARQUE 6;4;6000037;1991;13454;RIO DE JANEIRO;RJ;EMPRESA CINEMAS SÃO LUIZ S/A;33.497.660/0001-89
12/04/2021;12/04/2021 16:00:00;THE FATHER;THE FATHER;E1900616300000;ORIGINAL;SIM;INGLATERRA;5001932;SALA KINOPLEX LEBLON SALA 02;4;6000037;11751;11752;RIO DE JANEIRO;RJ;SR RIO DE JANEIRO CINEMAS S/A;08.262.566/0001-01
12/04/2021;12/04/2021 16:00:00;THE WIDOW;A VIÚVA DAS SOMBRAS;E2100005000000;ORIGINAL;SIM;RÚSSIA;5000067;KINOPLEX RIO SUL - SALA PLATINUM 03;0;6000037;1991;2390;RIO DE JANEIRO;RJ;EMPRESA CINEMAS SÃO LUIZ S/A;33.497.660/0001-89
12/04/2021;12/04/2021 16:00:00;THE WIDOW;A VIÚVA DAS SOMBRAS;E2100005000000;ORIGINAL;SIM;RÚSSIA;5000774;NEW YORK CITY CENTER - SALA 10;12;6000058;749;2620;RIO DE JANEIRO;RJ;UNITED CINEMAS INTERNATIONAL BRASIL LTDA.;01.289.530/0001-64
12/04/2021;12/04/2021 16:00:00;TOM & JERRY;TOM & JERRY - O FILME;E2000553800000;DUBLADO;NÃO;ESTADOS UNIDOS;5004502;CINE GRACHER ESPAÇO HAVAN 2;4;6000032;5979;26111;BRUSQUE;SC;CINE GRACHER LTDA;07.272.690/0001-87
12/04/2021;12/04/2021 16:00:00;TOM & JERRY;TOM & JERRY - O FILME;E2000553800000;DUBLADO;NÃO;ESTADOS UNIDOS;5005204;CINÉPOLIS RIO POTY SALA 8;14;6000024;17266;30352;TERESINA;PI;CINEPOLIS OPERADORA DE CINEMAS DO BRASIL LTDA;09.652.820/0001-32
12/04/2021;12/04/2021 16:10:00;RAYA AND THE LAST DRAGON;RAYA E O ÚLTIMO DRAGÃO;E2100035300000;DUBLADO;NÃO;ESTADOS UNIDOS;5001930;SALA KINOPLEX LEBLON SALA 01;7;6000037;11751;11752;RIO DE JANEIRO;RJ;SR RIO DE JANEIRO CINEMAS S/A;08.262.566/0001-01
12/04/2021;12/04/2021 16:10:00;TOM & JERRY;TOM & JERRY - O FILME;E2000553800000;DUBLADO;NÃO;ESTADOS UNIDOS;5004810;SHOPPING BOSQUE DOS IPÊS- SALA 04;0;6000058;749;27590;CAMPO GRANDE;MS;UNITED CINEMAS INTERNATIONAL BRASIL LTDA.;01.289.530/0001-64
12/04/2021;12/04/2021 16:15:00;RAYA AND THE LAST DRAGON;RAYA E O ÚLTIMO DRAGÃO;E2100035300000;DUBLADO;NÃO;ESTADOS UNIDOS;5005289;GRUPO CINE FRAIBURGO;0;6000034;30763;30765;FRAIBURGO;SC;CINEMA FRAIBURGO LTDA;17.067.309/0001-00
12/04/2021;12/04/2021 16:20:00;LUCICREIDE VAI PRA MARTE;;B1900421800000;ORIGINAL;NÃO;BRASIL;5001960;KINOPLEX NOVA AMÉRICA SALA 04;2;6000037;1991;2426;RIO DE JANEIRO;RJ;EMPRESA CINEMAS SÃO LUIZ S/A;33.497.660/0001-89
12/04/2021;12/04/2021 16:20:00;MONSTER HUNTER;MONSTER HUNTER;E2000403800000;DUBLADO;NÃO;ESTADOS UNIDOS;5003756;UCI BRASIL CG - SALA 05;14;6000058;749;23929;RIO DE JANEIRO;RJ;UNITED CINEMAS INTERNATIONAL BRASIL LTDA.;01.289.530/0001-64
12/04/2021;12/04/2021 16:20:00;THE WIDOW;A VIÚVA DAS SOMBRAS;E2100005000000;DUBLADO;NÃO;RÚSSIA;5005725;KINOPLEX IGUAÇU TOP SALA 05;18;6000037;1991;2387;NOVA IGUAÇU;RJ;EMPRESA CINEMAS SÃO LUIZ S/A;33.497.660/0001-89
12/04/2021;12/04/2021 16:20:00;TOM & JERRY;TOM & JERRY - O FILME;E2000553800000;DUBLADO;NÃO;ESTADOS UNIDOS;5002175;KINOPLEX TIJUCA SALA 02;3;6000037;11751;13416;RIO DE JANEIRO;RJ;SR RIO DE JANEIRO CINEMAS S/A;08.262.566/0001-01
12/04/2021;12/04/2021 16:20:00;TOM & JERRY;TOM & JERRY - O FILME;E2000553800000;DUBLADO;NÃO;ESTADOS UNIDOS;5000778;NEW YORK CITY CENTER - SALA 14;6;6000058;749;2620;RIO DE JANEIRO;RJ;UNITED CINEMAS INTERNATIONAL BRASIL LTDA.;01.289.530/0001-64
12/04/2021;12/04/2021 16:30:00;LUCICREIDE VAI PRA MARTE;;B1900421800000;ORIGINAL;NÃO;BRASIL;5000212;IGUATEMI 3;5;6000037;1991;2425;RIO DE JANEIRO;RJ;EMPRESA CINEMAS SÃO LUIZ S/A;33.497.660/0001-89
12/04/2021;12/04/2021 16:30:00;MONSTER HUNTER;MONSTER HUNTER;E2000403800000;DUBLADO;NÃO;ESTADOS UNIDOS;5004503;CINE GRACHER ESPAÇO HAVAN 3;2;6000032;5979;26111;BRUSQUE;SC;CINE GRACHER LTDA;07.272.690/0001-87
12/04/2021;12/04/2021 16:30:00;RAYA AND THE LAST DRAGON;RAYA E O ÚLTIMO DRAGÃO;E2100035300000;DUBLADO;NÃO;ESTADOS UNIDOS;5001957;KINOPLEX NOVA AMÉRICA SALA 01;11;6000037;1991;2426;RIO DE JANEIRO;RJ;EMPRESA CINEMAS SÃO LUIZ S/A;33.497.660/0001-89
12/04/2021;12/04/2021 16:30:00;RAYA AND THE LAST DRAGON;RAYA E O ÚLTIMO DRAGÃO;E2100035300000;DUBLADO;NÃO;ESTADOS UNIDOS;5002888;KINOPLEX WEST SHOPPING RIO 01;6;6000037;1991;17366;RIO DE JANEIRO;RJ;EMPRESA CINEMAS SÃO LUIZ S/A;33.497.660/0001-89
12/04/2021;12/04/2021 16:30:00;RAYA AND THE LAST DRAGON;RAYA E O ÚLTIMO DRAGÃO;E2100035300000;DUBLADO;NÃO;ESTADOS UNIDOS;5000062;SALA KINOPLEX MADUREIRA 02;11;6000037;1991;2389;RIO DE JANEIRO;RJ;EMPRESA CINEMAS SÃO LUIZ S/A;33.497.660/0001-89
12/04/2021;12/04/2021 16:30:00;THE WIDOW;A VIÚVA DAS SOMBRAS;E2100005000000;DUBLADO;NÃO;RÚSSIA;5006060;CENTERPLEX BOULEVARD 02;1;6000006;40317;40318;VITÓRIA DA CONQUISTA;BA;CINE ELI BAHIA CINEMAS LTDA - EM RECUPERACAO JUDICIAL;30.096.740/0001-34
12/04/2021;12/04/2021 16:30:00;THE WIDOW;A VIÚVA DAS SOMBRAS;E2100005000000;DUBLADO;NÃO;RÚSSIA;5001634;CINE TERESINA 1;11;;2140;6595;TERESINA;PI;CINEMAS TERESINA LTDA;02.142.566/0001-83
12/04/2021;12/04/2021 16:30:00;THE WIDOW;A VIÚVA DAS SOMBRAS;E2100005000000;DUBLADO;NÃO;RÚSSIA;5000205;KINOPLEX GRANDE RIO 2;10;6000037;1991;2424;SÃO JOÃO DE MERITI;RJ;EMPRESA CINEMAS SÃO LUIZ S/A;33.497.660/0001-89
12/04/2021;12/04/2021 16:30:00;TOM & JERRY;TOM & JERRY - O FILME;E2000553800000;DUBLADO;NÃO;ESTADOS UNIDOS;5002565;CINE CATARATAS 2;7;;15565;15566;FOZ DO IGUAÇU;PR;CINE CATARATAS LTDA;09.010.219/0001-46
12/04/2021;12/04/2021 16:30:00;TOM & JERRY;TOM & JERRY - O FILME;E2000553800000;DUBLADO;NÃO;ESTADOS UNIDOS;5005724;KINOPLEX IGUAÇU TOP SALA 04;7;6000037;1991;2387;NOVA IGUAÇU;RJ;EMPRESA CINEMAS SÃO LUIZ S/A;33.497.660/0001-89
12/04/2021;12/04/2021 16:35:00;RAYA AND THE LAST DRAGON;RAYA E O ÚLTIMO DRAGÃO;E2100035300000;DUBLADO;NÃO;ESTADOS UNIDOS;5002180;KINOPLEX TIJUCA SALA 06;0;6000037;11751;13416;RIO DE JANEIRO;RJ;SR RIO DE JANEIRO CINEMAS S/A;08.262.566/0001-01
12/04/2021;12/04/2021 16:40:00;JUDAS AND THE BLACK MESSIAH;JUDAS E O MESSIAS NEGRO;E2100040400000;ORIGINAL;SIM;ESTADOS UNIDOS;5002323;CINE SANTA TERESA;2;6000083;14200;14201;RIO DE JANEIRO;RJ;ARTE VITAL EXIBIÇÕES CINEMATOGRÁFICAS LTDA;03.459.043/0001-28
12/04/2021;12/04/2021 16:40:00;LUCICREIDE VAI PRA MARTE;;B1900421800000;ORIGINAL;NÃO;BRASIL;5000063;SALA KINOPLEX MADUREIRA 03;6;6000037;1991;2389;RIO DE JANEIRO;RJ;EMPRESA CINEMAS SÃO LUIZ S/A;33.497.660/0001-89
12/04/2021;12/04/2021 16:40:00;THE ELFKINS - BAKING A DIFFERENCE;É DOCE!;E2000077600000;DUBLADO;NÃO;ALEMANHA;5006645;PLAYARTE RORAIMA GARDEN SALA 04;2;6000049;39188;47248;BOA VISTA;RR;MULTIPLEX DO BRASIL ENTRETENIMENTO LTDA;27.595.833/0001-07
12/04/2021;12/04/2021 16:40:00;THE WIDOW;A VIÚVA DAS SOMBRAS;E2100005000000;DUBLADO;NÃO;RÚSSIA;5002891;KINOPLEX WEST SHOPPING RIO 02;5;6000037;1991;17366;RIO DE JANEIRO;RJ;EMPRESA CINEMAS SÃO LUIZ S/A;33.497.660/0001-89
12/04/2021;12/04/2021 16:40:00;TOM & JERRY;TOM & JERRY - O FILME;E2000553800000;DUBLADO;NÃO;ESTADOS UNIDOS;5000211;IGUATEMI 2;10;6000037;1991;2425;RIO DE JANEIRO;RJ;EMPRESA CINEMAS SÃO LUIZ S/A;33.497.660/0001-89
12/04/2021;12/04/2021 16:45:01;FOLLOW ME;SEM SAÍDA;E2100006300000;DUBLADO;NÃO;ESTADOS UNIDOS;5006493;CINE INTER SANTA INES 01;2;6000140;44834;44835;SANTA INÊS;MA;CINEINTER EXIBICOES CINEMATOGRAFICAS LTDA;35.477.354/0001-06
12/04/2021;12/04/2021 16:50:00;LUCICREIDE VAI PRA MARTE;;B1900421800000;ORIGINAL;NÃO;BRASIL;5002199;KINOPLEX VIA PARQUE 3;2;6000037;1991;13454;RIO DE JANEIRO;RJ;EMPRESA CINEMAS SÃO LUIZ S/A;33.497.660/0001-89
12/04/2021;12/04/2021 16:50:00;THE WIDOW;A VIÚVA DAS SOMBRAS;E2100005000000;DUBLADO;NÃO;RÚSSIA;5002051;UCI - KINOPLEX NORTE SHOPPING - SALA 02;5;6000059;2612;12748;RIO DE JANEIRO;RJ;UCI RIBEIRO LTDA;02.117.937/0001-77
12/04/2021;12/04/2021 16:50:00;TOM & JERRY;TOM & JERRY - O FILME;E2000553800000;DUBLADO;NÃO;ESTADOS UNIDOS;5001958;KINOPLEX NOVA AMÉRICA SALA 02;15;6000037;1991;2426;RIO DE JANEIRO;RJ;EMPRESA CINEMAS SÃO LUIZ S/A;33.497.660/0001-89
12/04/2021;12/04/2021 16:50:01;TOM & JERRY;TOM & JERRY - O FILME;E2000553800000;DUBLADO;NÃO;ESTADOS UNIDOS;5005270;MULTICINE SANTA MARIA SALA 01;4;6000045;5935;30733;BRASÍLIA;DF;MULTICINE CINEMAS LTDA;07.609.246/0001-04
12/04/2021;12/04/2021 17:00:00;MONSTER HUNTER;MONSTER HUNTER;E2000403800000;DUBLADO;NÃO;ESTADOS UNIDOS;5006062;CENTERPLEX BOULEVARD 04;1;6000006;40317;40318;VITÓRIA DA CONQUISTA;BA;CINE ELI BAHIA CINEMAS LTDA - EM RECUPERACAO JUDICIAL;30.096.740/0001-34
12/04/2021;12/04/2021 17:00:00;RAYA AND THE LAST DRAGON;RAYA E O ÚLTIMO DRAGÃO;E2100035300000;DUBLADO;NÃO;ESTADOS UNIDOS;5001860;CINE GRACHER LTDA;2;6000032;5979;6687;BRUSQUE;SC;CINE GRACHER LTDA;07.272.690/0001-87
12/04/2021;12/04/2021 17:00:00;RAYA AND THE LAST DRAGON;RAYA E O ÚLTIMO DRAGÃO;E2100035300000;DUBLADO;NÃO;ESTADOS UNIDOS;5006669;CINE ITAGUARI - SALA 1;0;6000141;45886;48010;SANTO ANTÔNIO DE JESUS;BA;GF ANDRADE ENTRETENIMENTO E COMÉRCIO LTDA;23.200.362/0001-21
12/04/2021;12/04/2021 17:00:00;RAYA AND THE LAST DRAGON;RAYA E O ÚLTIMO DRAGÃO;E2100035300000;DUBLADO;NÃO;ESTADOS UNIDOS;5006217;CINE LAGUNA 2;0;6000141;24511;24512;ALAGOINHAS;BA;VICTORY EVENTOS & TURISMO LTDA;05.607.525/0001-03
12/04/2021;12/04/2021 17:00:00;THE WITCHES;CONVENÇÃO DAS BRUXAS;E2000396100000;DUBLADO;NÃO;ESTADOS UNIDOS;5000213;IGUATEMI 4;0;6000037;1991;2425;RIO DE JANEIRO;RJ;EMPRESA CINEMAS SÃO LUIZ S/A;33.497.660/0001-89
12/04/2021;12/04/2021 17:00:00;TOM & JERRY;TOM & JERRY - O FILME;E2000553800000;DUBLADO;NÃO;ESTADOS UNIDOS;5002890;KINOPLEX WEST SHOPPING RIO 03;9;6000037;1991;17366;RIO DE JANEIRO;RJ;EMPRESA CINEMAS SÃO LUIZ S/A;33.497.660/0001-89
12/04/2021;12/04/2021 17:00:00;WONDER WOMAN 1984;MULHER-MARAVILHA 1984;E2000170200000;DUBLADO;NÃO;CANADÁ;5005206;CINÉPOLIS RIO POTY SALA 10;8;6000024;17266;30352;TERESINA;PI;CINEPOLIS OPERADORA DE CINEMAS DO BRASIL LTDA;09.652.820/0001-32
12/04/2021;12/04/2021 17:00:01;LUCICREIDE VAI PRA MARTE;;B1900421800000;ORIGINAL;NÃO;BRASIL;5005789;CIDADE LUZ 3 MAXXI STADIUM;0;;32725;32727;GUARABIRA;PB;VERONILDO COUTINHO DE SOUSA EIRELI- EPP;24.248.972/0001-68
12/04/2021;12/04/2021 17:10:00;RAYA AND THE LAST DRAGON;RAYA E O ÚLTIMO DRAGÃO;E2100035300000;DUBLADO;NÃO;ESTADOS UNIDOS;5000175;KINOPLEX PARKSHOPPING 3;0;6000037;2364;2415;BRASÍLIA;DF;CINEMAS PARIS SEVERIANO RIBEIRO LTDA;31.611.189/0001-82
12/04/2021;12/04/2021 17:10:00;WONDER WOMAN 1984;MULHER-MARAVILHA 1984;E2000170200000;DUBLADO;NÃO;CANADÁ;5005647;CINE TERESINA 4;10;;2140;6595;TERESINA;PI;CINEMAS TERESINA LTDA;02.142.566/0001-83
12/04/2021;12/04/2021 17:15:00;LUCICREIDE VAI PRA MARTE;;B1900421800000;ORIGINAL;NÃO;BRASIL;5005562;KINOPLEX NOVA IGUAÇU SALA 01;8;6000037;1991;33119;NOVA IGUAÇU;RJ;EMPRESA CINEMAS SÃO LUIZ S/A;33.497.660/0001-89
12/04/2021;12/04/2021 17:15:00;TOM & JERRY;TOM & JERRY - O FILME;E2000553800000;DUBLADO;NÃO;ESTADOS UNIDOS;5006059;CENTERPLEX BOULEVARD 01;0;6000006;40317;40318;VITÓRIA DA CONQUISTA;BA;CINE ELI BAHIA CINEMAS LTDA - EM RECUPERACAO JUDICIAL;30.096.740/0001-34
12/04/2021;12/04/2021 17:15:00;TOM & JERRY;TOM & JERRY - O FILME;E2000553800000;DUBLADO;NÃO;ESTADOS UNIDOS;5000171;KINOPLEX PARKSHOPPING 2;0;6000037;2364;2415;BRASÍLIA;DF;CINEMAS PARIS SEVERIANO RIBEIRO LTDA;31.611.189/0001-82
12/04/2021;12/04/2021 17:20:00;SPUTNIK;ESTRANHO PASSSAGEIRO - SPUTNIK;E2000513800000;DUBLADO;NÃO;RÚSSIA;5006644;PLAYARTE RORAIMA GARDEN SALA 03;2;6000049;39188;47248;BOA VISTA;RR;MULTIPLEX DO BRASIL ENTRETENIMENTO LTDA;27.595.833/0001-07
12/04/2021;12/04/2021 17:20:00;THE WIDOW;A VIÚVA DAS SOMBRAS;E2100005000000;DUBLADO;NÃO;RÚSSIA;5001959;KINOPLEX NOVA AMÉRICA SALA 03;8;6000037;1991;2426;RIO DE JANEIRO;RJ;EMPRESA CINEMAS SÃO LUIZ S/A;33.497.660/0001-89
12/04/2021;12/04/2021 17:20:00;THE WIDOW;A VIÚVA DAS SOMBRAS;E2100005000000;DUBLADO;NÃO;RÚSSIA;5000061;SALA KINOPLEX MADUREIRA 01;3;6000037;1991;2389;RIO DE JANEIRO;RJ;EMPRESA CINEMAS SÃO LUIZ S/A;33.497.660/0001-89
12/04/2021;12/04/2021 17:20:00;WONDER WOMAN 1984;MULHER-MARAVILHA 1984;E2000170200000;DUBLADO;NÃO;CANADÁ;5000167;KINOPLEX PARKSHOPPING 1;0;6000037;2364;2415;BRASÍLIA;DF;CINEMAS PARIS SEVERIANO RIBEIRO LTDA;31.611.189/0001-82
12/04/2021;12/04/2021 17:20:00;WONDER WOMAN 1984;MULHER-MARAVILHA 1984;E2000170200000;DUBLADO;NÃO;CANADÁ;5000770;NEW YORK CITY CENTER - SALA 06;17;6000058;749;2620;RIO DE JANEIRO;RJ;UNITED CINEMAS INTERNATIONAL BRASIL LTDA.;01.289.530/0001-64
12/04/2021;12/04/2021 17:20:00;WONDER WOMAN 1984;MULHER-MARAVILHA 1984;E2000170200000;DUBLADO;NÃO;CANADÁ;5004809;SHOPPING BOSQUE DOS IPÊS- SALA 03;7;6000058;749;27590;CAMPO GRANDE;MS;UNITED CINEMAS INTERNATIONAL BRASIL LTDA.;01.289.530/0001-64
12/04/2021;12/04/2021 17:30:00;JUDAS AND THE BLACK MESSIAH;JUDAS E O MESSIAS NEGRO;E2100040400000;ORIGINAL;SIM;ESTADOS UNIDOS;5005208;CINÉPOLIS RIO POTY SALA 12;0;6000024;17266;30352;TERESINA;PI;CINEPOLIS OPERADORA DE CINEMAS DO BRASIL LTDA;09.652.820/0001-32
12/04/2021;12/04/2021 17:30:00;JUDAS AND THE BLACK MESSIAH;JUDAS E O MESSIAS NEGRO;E2100040400000;ORIGINAL;SIM;ESTADOS UNIDOS;5000168;KINOPLEX PARKSHOPPING 5;0;6000037;2364;2415;BRASÍLIA;DF;CINEMAS PARIS SEVERIANO RIBEIRO LTDA;31.611.189/0001-82
12/04/2021;12/04/2021 17:30:00;LUCICREIDE VAI PRA MARTE;;B1900421800000;ORIGINAL;NÃO;BRASIL;5006494;CINE INTER SANTA INES 02;0;6000140;44834;44835;SANTA INÊS;MA;CINEINTER EXIBICOES CINEMATOGRAFICAS LTDA;35.477.354/0001-06
12/04/2021;12/04/2021 17:30:00;MONSTER HUNTER;MONSTER HUNTER;E2000403800000;DUBLADO;NÃO;ESTADOS UNIDOS;5006670;CINE ITAGUARI - SALA 2;0;6000141;45886;48010;SANTO ANTÔNIO DE JESUS;BA;GF ANDRADE ENTRETENIMENTO E COMÉRCIO LTDA;23.200.362/0001-21
12/04/2021;12/04/2021 17:30:00;RAYA AND THE LAST DRAGON;RAYA E O ÚLTIMO DRAGÃO;E2100035300000;DUBLADO;NÃO;ESTADOS UNIDOS;5005545;CINE COLOMBO RESENDE SALA 03;0;6000008;15833;33011;RESENDE;RJ;CINE A LTDA;10.894.937/0001-01
12/04/2021;12/04/2021 17:30:00;RAYA AND THE LAST DRAGON;RAYA E O ÚLTIMO DRAGÃO;E2100035300000;DUBLADO;NÃO;ESTADOS UNIDOS;5005726;KINOPLEX IGUAÇU TOP SALA 06;14;6000037;1991;2387;NOVA IGUAÇU;RJ;EMPRESA CINEMAS SÃO LUIZ S/A;33.497.660/0001-89
12/04/2021;12/04/2021 17:30:00;RAYA AND THE LAST DRAGON;RAYA E O ÚLTIMO DRAGÃO;E2100035300000;DUBLADO;NÃO;ESTADOS UNIDOS;5005563;KINOPLEX NOVA IGUAÇU SALA 02 KINOEVOLUTION;15;6000037;1991;33119;NOVA IGUAÇU;RJ;EMPRESA CINEMAS SÃO LUIZ S/A;33.497.660/0001-89
12/04/2021;12/04/2021 17:30:01;LUCICREIDE VAI PRA MARTE;;B1900421800000;ORIGINAL;NÃO;BRASIL;5006061;CENTERPLEX BOULEVARD 03;1;6000006;40317;40318;VITÓRIA DA CONQUISTA;BA;CINE ELI BAHIA CINEMAS LTDA - EM RECUPERACAO JUDICIAL;30.096.740/0001-34
12/04/2021;12/04/2021 17:35:00;RAYA AND THE LAST DRAGON;RAYA E O ÚLTIMO DRAGÃO;E2100035300000;DUBLADO;NÃO;ESTADOS UNIDOS;5002052;UCI - KINOPLEX NORTE SHOPPING - SALA 10;15;6000059;2612;12748;RIO DE JANEIRO;RJ;UCI RIBEIRO LTDA;02.117.937/0001-77
12/04/2021;12/04/2021 17:35:00;THE WIDOW;A VIÚVA DAS SOMBRAS;E2100005000000;DUBLADO;NÃO;RÚSSIA;5005271;MULTICINE SANTA MARIA SALA 02;5;6000045;5935;30733;BRASÍLIA;DF;MULTICINE CINEMAS LTDA;07.609.246/0001-04
12/04/2021;12/04/2021 17:40:00;DRUK;DRUK - MAIS UMA RODADA;E2100078400000;ORIGINAL;SIM;DINAMARCA;5000169;KINOPLEX PARKSHOPPING 6;0;6000037;2364;2415;BRASÍLIA;DF;CINEMAS PARIS SEVERIANO RIBEIRO LTDA;31.611.189/0001-82
12/04/2021;12/04/2021 17:40:00;JUDAS AND THE BLACK MESSIAH;JUDAS E O MESSIAS NEGRO;E2100040400000;ORIGINAL;SIM;ESTADOS UNIDOS;5001638;CINE TERESINA 7;4;;2140;6595;TERESINA;PI;CINEMAS TERESINA LTDA;02.142.566/0001-83
12/04/2021;12/04/2021 17:40:00;RAYA AND THE LAST DRAGON;RAYA E O ÚLTIMO DRAGÃO;E2100035300000;DUBLADO;NÃO;ESTADOS UNIDOS;5000780;NEW YORK CITY CENTER - SALA 16;7;6000058;749;2620;RIO DE JANEIRO;RJ;UNITED CINEMAS INTERNATIONAL BRASIL LTDA.;01.289.530/0001-64
12/04/2021;12/04/2021 17:40:00;THE WIDOW;A VIÚVA DAS SOMBRAS;E2100005000000;DUBLADO;NÃO;RÚSSIA;5001662;ORIENT CINEPLACE BOULEVARD SHOPPING - SALA 3;10;6000046;2869;6630;FEIRA DE SANTANA;BA;FEIRA PLEXCINE LTDA.;04.547.950/0001-91
12/04/2021;12/04/2021 17:45:00;RAYA AND THE LAST DRAGON;RAYA E O ÚLTIMO DRAGÃO;E2100035300000;DUBLADO;NÃO;ESTADOS UNIDOS;5006138;SALA CINE GUEDES 03;0;;23266;23267;PATOS;PB;LILIANE ROCHA DE MEDEIROS GUEDES-ME;16.844.526/0001-98
12/04/2021;12/04/2021 17:45:00;TOM & JERRY;TOM & JERRY - O FILME;E2000553800000;DUBLADO;NÃO;ESTADOS UNIDOS;5002355;SALA VILA RICA 2 CONVENCIONAL;0;;14637;14638;PRIMAVERA DO LESTE;MT;MAURICIO JOSE NICOLINO & CIA LTDA;05.724.035/0001-97
12/04/2021;12/04/2021 17:50:00;MONSTER HUNTER;MONSTER HUNTER;E2000403800000;ORIGINAL;SIM;ESTADOS UNIDOS;5005648;CINE TERESINA 5;1;;2140;6595;TERESINA;PI;CINEMAS TERESINA LTDA;02.142.566/0001-83
12/04/2021;12/04/2021 17:50:00;THE FATHER;THE FATHER;E1900616300000;ORIGINAL;SIM;INGLATERRA;5003765;UCI BRASIL - PARK SHOPPING CG - SALA 2;2;6000058;749;23929;RIO DE JANEIRO;RJ;UNITED CINEMAS INTERNATIONAL BRASIL LTDA.;01.289.530/0001-64
12/04/2021;12/04/2021 17:50:00;WONDER WOMAN 1984;MULHER-MARAVILHA 1984;E2000170200000;DUBLADO;NÃO;CANADÁ;5003766;UCI BRASIL - SHOPPING CG - SALA 03;13;6000058;749;23929;RIO DE JANEIRO;RJ;UNITED CINEMAS INTERNATIONAL BRASIL LTDA.;01.289.530/0001-64
12/04/2021;12/04/2021 18:00:00;MONSTER HUNTER;MONSTER HUNTER;E2000403800000;DUBLADO;NÃO;ESTADOS UNIDOS;5006058;CINE GRACHER JOAÇABA SALA 03;4;6000032;5979;40234;JOAÇABA;SC;CINE GRACHER LTDA;07.272.690/0001-87
12/04/2021;12/04/2021 18:00:00;MONSTER HUNTER;MONSTER HUNTER;E2000403800000;DUBLADO;NÃO;ESTADOS UNIDOS;5005204;CINÉPOLIS RIO POTY SALA 8;4;6000024;17266;30352;TERESINA;PI;CINEPOLIS OPERADORA DE CINEMAS DO BRASIL LTDA;09.652.820/0001-32
12/04/2021;12/04/2021 18:00:00;MONSTER HUNTER;MONSTER HUNTER;E2000403800000;DUBLADO;NÃO;ESTADOS UNIDOS;5004812;SHOPPING BOSQUE DOS IPÊS- SALA 06;7;6000058;749;27590;CAMPO GRANDE;MS;UNITED CINEMAS INTERNATIONAL BRASIL LTDA.;01.289.530/0001-64
12/04/2021;12/04/2021 18:00:00;RAYA AND THE LAST DRAGON;RAYA E O ÚLTIMO DRAGÃO;E2100035300000;DUBLADO;NÃO;ESTADOS UNIDOS;5002102;CINE DRIVEIN;27;;5465;6715;BRASÍLIA;DF;STARK'S CINEMA E LANCHONETE LTDA.;32.917.296/0001-04
12/04/2021;12/04/2021 18:00:00;RAYA AND THE LAST DRAGON;RAYA E O ÚLTIMO DRAGÃO;E2100035300000;DUBLADO;NÃO;ESTADOS UNIDOS;5006056;CINE GRACHER JOAÇABA SALA 01;3;6000032;5979;40234;JOAÇABA;SC;CINE GRACHER LTDA;07.272.690/0001-87
12/04/2021;12/04/2021 18:00:00;RAYA AND THE LAST DRAGON;RAYA E O ÚLTIMO DRAGÃO;E2100035300000;DUBLADO;NÃO;ESTADOS UNIDOS;5001636;CINE TERESINA 3;10;;2140;6595;TERESINA;PI;CINEMAS TERESINA LTDA;02.142.566/0001-83
12/04/2021;12/04/2021 18:00:00;RAYA AND THE LAST DRAGON;RAYA E O ÚLTIMO DRAGÃO;E2100035300000;DUBLADO;NÃO;ESTADOS UNIDOS;5000210;IGUATEMI 1;0;6000037;1991;2425;RIO DE JANEIRO;RJ;EMPRESA CINEMAS SÃO LUIZ S/A;33.497.660/0001-89
12/04/2021;12/04/2021 18:00:00;RAYA AND THE LAST DRAGON;RAYA E O ÚLTIMO DRAGÃO;E2100035300000;DUBLADO;NÃO;ESTADOS UNIDOS;5000204;KINOPLEX GRANDE RIO 1;13;6000037;1991;2424;SÃO JOÃO DE MERITI;RJ;EMPRESA CINEMAS SÃO LUIZ S/A;33.497.660/0001-89
12/04/2021;12/04/2021 18:00:00;THE FATHER;THE FATHER;E1900616300000;ORIGINAL;SIM;INGLATERRA;5000765;NEW YORK CITY CENTER - SALA 01;8;6000058;749;2620;RIO DE JANEIRO;RJ;UNITED CINEMAS INTERNATIONAL BRASIL LTDA.;01.289.530/0001-64
12/04/2021;12/04/2021 18:00:00;TOM & JERRY;TOM & JERRY - O FILME;E2000553800000;DUBLADO;NÃO;ESTADOS UNIDOS;5006643;PLAYARTE RORAIMA GARDEN SALA 02;4;6000049;39188;47248;BOA VISTA;RR;MULTIPLEX DO BRASIL ENTRETENIMENTO LTDA;27.595.833/0001-07
12/04/2021;12/04/2021 18:05:00;DEPOIS A LOUCA SOU EU;;B2000078000000;DUBLADO;NÃO;BRASIL;5002059;UCI - KINOPLEX NORTE SHOPPING - SALA 07;0;6000059;2612;12748;RIO DE JANEIRO;RJ;UCI RIBEIRO LTDA;02.117.937/0001-77
12/04/2021;12/04/2021 18:10:00;LUCICREIDE VAI PRA MARTE;;B1900421800000;ORIGINAL;NÃO;BRASIL;5001637;CINE TERESINA 6;6;;2140;6595;TERESINA;PI;CINEMAS TERESINA LTDA;02.142.566/0001-83
12/04/2021;12/04/2021 18:10:00;LUCICREIDE VAI PRA MARTE;;B1900421800000;ORIGINAL;NÃO;BRASIL;5003652;SALA CINE GUEDES 01;0;;23266;23267;PATOS;PB;LILIANE ROCHA DE MEDEIROS GUEDES-ME;16.844.526/0001-98
12/04/2021;12/04/2021 18:10:00;MONSTER HUNTER;MONSTER HUNTER;E2000403800000;DUBLADO;NÃO;ESTADOS UNIDOS;5000206;KINOPLEX GRANDE RIO 3;21;6000037;1991;2424;SÃO JOÃO DE MERITI;RJ;EMPRESA CINEMAS SÃO LUIZ S/A;33.497.660/0001-89
12/04/2021;12/04/2021 18:10:00;MONSTER HUNTER;MONSTER HUNTER;E2000403800000;DUBLADO;NÃO;ESTADOS UNIDOS;5005564;KINOPLEX NOVA IGUAÇU SALA 03 PLATINUM;12;6000037;1991;33119;NOVA IGUAÇU;RJ;EMPRESA CINEMAS SÃO LUIZ S/A;33.497.660/0001-89
12/04/2021;12/04/2021 18:10:00;THE FATHER;THE FATHER;E1900616300000;ORIGINAL;SIM;INGLATERRA;5000166;KINOPLEX PARKSHOPPING 4;0;6000037;2364;2415;BRASÍLIA;DF;CINEMAS PARIS SEVERIANO RIBEIRO LTDA;31.611.189/0001-82
12/04/2021;12/04/2021 18:10:00;THE FATHER;THE FATHER;E1900616300000;ORIGINAL;SIM;INGLATERRA;5002179;KINOPLEX TIJUCA SALA 05;13;6000037;11751;13416;RIO DE JANEIRO;RJ;SR RIO DE JANEIRO CINEMAS S/A;08.262.566/0001-01
12/04/2021;12/04/2021 18:10:00;THE WIDOW;A VIÚVA DAS SOMBRAS;E2100005000000;DUBLADO;NÃO;RÚSSIA;5005205;CINÉPOLIS RIO POTY SALA 9;20;6000024;17266;30352;TERESINA;PI;CINEPOLIS OPERADORA DE CINEMAS DO BRASIL LTDA;09.652.820/0001-32
12/04/2021;12/04/2021 18:10:00;TOM & JERRY;TOM & JERRY - O FILME;E2000553800000;DUBLADO;NÃO;ESTADOS UNIDOS;5001635;CINE TERESINA 2;3;;2140;6595;TERESINA;PI;CINEMAS TERESINA LTDA;02.142.566/0001-83
12/04/2021;12/04/2021 18:15:00;RAYA AND THE LAST DRAGON;RAYA E O ÚLTIMO DRAGÃO;E2100035300000;DUBLADO;NÃO;ESTADOS UNIDOS;5006001;CINE GRACHER INDAIAL - SALA 04;0;6000032;5979;39283;INDAIAL;SC;CINE GRACHER LTDA;07.272.690/0001-87
12/04/2021;12/04/2021 18:15:00;RAYA AND THE LAST DRAGON;RAYA E O ÚLTIMO DRAGÃO;E2100035300000;DUBLADO;NÃO;ESTADOS UNIDOS;5006086;CINE GRACHER PORTO BELO SALA 04;11;6000032;5979;40771;PORTO BELO;SC;CINE GRACHER LTDA;07.272.690/0001-87
12/04/2021;12/04/2021 18:15:00;RAYA AND THE LAST DRAGON;RAYA E O ÚLTIMO DRAGÃO;E2100035300000;DUBLADO;NÃO;ESTADOS UNIDOS;5006112;CINE GRACHER SÃO BENTO 02;16;6000032;5979;41056;SÃO BENTO DO SUL;SC;CINE GRACHER LTDA;07.272.690/0001-87
12/04/2021;12/04/2021 18:20:00;HONEST THIEF;LEGADO EXPLOSIVO;E2000416200000;DUBLADO;NÃO;ESTADOS UNIDOS;5005725;KINOPLEX IGUAÇU TOP SALA 05;18;6000037;1991;2387;NOVA IGUAÇU;RJ;EMPRESA CINEMAS SÃO LUIZ S/A;33.497.660/0001-89
12/04/2021;12/04/2021 18:20:00;JUDAS AND THE BLACK MESSIAH;JUDAS E O MESSIAS NEGRO;E2100040400000;ORIGINAL;SIM;ESTADOS UNIDOS;5000774;NEW YORK CITY CENTER - SALA 10;4;6000058;749;2620;RIO DE JANEIRO;RJ;UNITED CINEMAS INTERNATIONAL BRASIL LTDA.;01.289.530/0001-64
12/04/2021;12/04/2021 18:20:00;RAYA AND THE LAST DRAGON;RAYA E O ÚLTIMO DRAGÃO;E2100035300000;DUBLADO;NÃO;ESTADOS UNIDOS;5002566;CINE CATARATAS 3;8;;15565;15566;FOZ DO IGUAÇU;PR;CINE CATARATAS LTDA;09.010.219/0001-46
12/04/2021;12/04/2021 18:20:00;RAYA AND THE LAST DRAGON;RAYA E O ÚLTIMO DRAGÃO;E2100035300000;DUBLADO;NÃO;ESTADOS UNIDOS;5000065;KINOPLEX RIO SUL - SALA KINOEVOLUTIUM 01;16;6000037;1991;2390;RIO DE JANEIRO;RJ;EMPRESA CINEMAS SÃO LUIZ S/A;33.497.660/0001-89
12/04/2021;12/04/2021 18:20:00;RAYA AND THE LAST DRAGON;RAYA E O ÚLTIMO DRAGÃO;E2100035300000;DUBLADO;NÃO;ESTADOS UNIDOS;5000066;KINOPLEX RIO SUL - SALA KINOEVOLUTIUM 02;0;6000037;1991;2390;RIO DE JANEIRO;RJ;EMPRESA CINEMAS SÃO LUIZ S/A;33.497.660/0001-89
12/04/2021;12/04/2021 18:20:00;RAYA AND THE LAST DRAGON;RAYA E O ÚLTIMO DRAGÃO;E2100035300000;DUBLADO;NÃO;ESTADOS UNIDOS;5005018;KINOPLEX VIA PARQUE 4- KINOEVOLUTION;6;6000037;1991;13454;RIO DE JANEIRO;RJ;EMPRESA CINEMAS SÃO LUIZ S/A;33.497.660/0001-89
12/04/2021;12/04/2021 18:20:00;THE WIDOW;A VIÚVA DAS SOMBRAS;E2100005000000;DUBLADO;NÃO;RÚSSIA;5004810;SHOPPING BOSQUE DOS IPÊS- SALA 04;6;6000058;749;27590;CAMPO GRANDE;MS;UNITED CINEMAS INTERNATIONAL BRASIL LTDA.;01.289.530/0001-64
12/04/2021;12/04/2021 18:20:00;TOM & JERRY;TOM & JERRY - O FILME;E2000553800000;DUBLADO;NÃO;ESTADOS UNIDOS;5003762;UCI BRASIL PARK CG - SALA 04;23;6000058;749;23929;RIO DE JANEIRO;RJ;UNITED CINEMAS INTERNATIONAL BRASIL LTDA.;01.289.530/0001-64
12/04/2021;12/04/2021 18:30:00;DRUK;DRUK - MAIS UMA RODADA;E2100078400000;ORIGINAL;SIM;DINAMARCA;5000067;KINOPLEX RIO SUL - SALA PLATINUM 03;6;6000037;1991;2390;RIO DE JANEIRO;RJ;EMPRESA CINEMAS SÃO LUIZ S/A;33.497.660/0001-89
12/04/2021;12/04/2021 18:30:00;DRUK;DRUK - MAIS UMA RODADA;E2100078400000;ORIGINAL;SIM;DINAMARCA;5001932;SALA KINOPLEX LEBLON SALA 02;5;6000037;11751;11752;RIO DE JANEIRO;RJ;SR RIO DE JANEIRO CINEMAS S/A;08.262.566/0001-01
12/04/2021;12/04/2021 18:30:00;LUCICREIDE VAI PRA MARTE;;B1900421800000;DUBLADO;NÃO;BRASIL;5002053;UCI - KINOPLEX NORTE SHOPPING - SALA 08;4;6000059;2612;12748;RIO DE JANEIRO;RJ;UCI RIBEIRO LTDA;02.117.937/0001-77
12/04/2021;12/04/2021 18:30:00;MONSTER HUNTER;MONSTER HUNTER;E2000403800000;DUBLADO;NÃO;ESTADOS UNIDOS;5002565;CINE CATARATAS 2;8;;15565;15566;FOZ DO IGUAÇU;PR;CINE CATARATAS LTDA;09.010.219/0001-46
12/04/2021;12/04/2021 18:30:00;MONSTER HUNTER;MONSTER HUNTER;E2000403800000;DUBLADO;NÃO;ESTADOS UNIDOS;5005543;CINE COLOMBO RESENDE SALA 01;1;6000008;15833;33011;RESENDE;RJ;CINE A LTDA;10.894.937/0001-01
12/04/2021;12/04/2021 18:30:00;MONSTER HUNTER;MONSTER HUNTER;E2000403800000;DUBLADO;NÃO;ESTADOS UNIDOS;5006000;CINE GRACHER INDAIAL - SALA 03;0;6000032;5979;39283;INDAIAL;SC;CINE GRACHER LTDA;07.272.690/0001-87
12/04/2021;12/04/2021 18:30:00;MONSTER HUNTER;MONSTER HUNTER;E2000403800000;DUBLADO;NÃO;ESTADOS UNIDOS;5006085;CINE GRACHER PORTO BELO SALA 03;0;6000032;5979;40771;PORTO BELO;SC;CINE GRACHER LTDA;07.272.690/0001-87
12/04/2021;12/04/2021 18:30:00;MONSTER HUNTER;MONSTER HUNTER;E2000403800000;DUBLADO;NÃO;ESTADOS UNIDOS;5006114;CINE GRACHER SÃO BENTO 04;2;6000032;5979;41056;SÃO BENTO DO SUL;SC;CINE GRACHER LTDA;07.272.690/0001-87
12/04/2021;12/04/2021 18:30:00;MONSTER HUNTER;MONSTER HUNTER;E2000403800000;DUBLADO;NÃO;ESTADOS UNIDOS;5001960;KINOPLEX NOVA AMÉRICA SALA 04;8;6000037;1991;2426;RIO DE JANEIRO;RJ;EMPRESA CINEMAS SÃO LUIZ S/A;33.497.660/0001-89
12/04/2021;12/04/2021 18:30:00;RAYA AND THE LAST DRAGON;RAYA E O ÚLTIMO DRAGÃO;E2100035300000;DUBLADO;NÃO;ESTADOS UNIDOS;5005289;GRUPO CINE FRAIBURGO;0;6000034;30763;30765;FRAIBURGO;SC;CINEMA FRAIBURGO LTDA;17.067.309/0001-00
12/04/2021;12/04/2021 18:30:00;THE FATHER;THE FATHER;E1900616300000;ORIGINAL;SIM;INGLATERRA;5005020;KINOPLEX VIA PARQUE 6;8;6000037;1991;13454;RIO DE JANEIRO;RJ;EMPRESA CINEMAS SÃO LUIZ S/A;33.497.660/0001-89
12/04/2021;12/04/2021 18:30:00;THE FATHER;THE FATHER;E1900616300000;ORIGINAL;SIM;INGLATERRA;5002057;UCI - KINOPLEX NORTE SHOPPING - SALA 03;6;6000059;2612;12748;RIO DE JANEIRO;RJ;UCI RIBEIRO LTDA;02.117.937/0001-77
12/04/2021;12/04/2021 18:30:00;THE WIDOW;A VIÚVA DAS SOMBRAS;E2100005000000;ORIGINAL;SIM;RÚSSIA;5001634;CINE TERESINA 1;2;;2140;6595;TERESINA;PI;CINEMAS TERESINA LTDA;02.142.566/0001-83
12/04/2021;12/04/2021 18:30:00;THE WIDOW;A VIÚVA DAS SOMBRAS;E2100005000000;DUBLADO;NÃO;RÚSSIA;5000205;KINOPLEX GRANDE RIO 2;12;6000037;1991;2424;SÃO JOÃO DE MERITI;RJ;EMPRESA CINEMAS SÃO LUIZ S/A;33.497.660/0001-89
12/04/2021;12/04/2021 18:30:00;TOM & JERRY;TOM & JERRY - O FILME;E2000553800000;DUBLADO;NÃO;ESTADOS UNIDOS;5005998;CINE GRACHER INDAIAL - SALA 01;13;6000032;5979;39283;INDAIAL;SC;CINE GRACHER LTDA;07.272.690/0001-87
12/04/2021;12/04/2021 18:30:00;TOM & JERRY;TOM & JERRY - O FILME;E2000553800000;DUBLADO;NÃO;ESTADOS UNIDOS;5006083;CINE GRACHER PORTO BELO SALA 01;4;6000032;5979;40771;PORTO BELO;SC;CINE GRACHER LTDA;07.272.690/0001-87
12/04/2021;12/04/2021 18:30:00;TOM & JERRY;TOM & JERRY - O FILME;E2000553800000;DUBLADO;NÃO;ESTADOS UNIDOS;5006111;CINE GRACHER SÃO BENTO 01;14;6000032;5979;41056;SÃO BENTO DO SUL;SC;CINE GRACHER LTDA;07.272.690/0001-87
12/04/2021;12/04/2021 18:30:00;WONDER WOMAN 1984;MULHER-MARAVILHA 1984;E2000170200000;DUBLADO;NÃO;CANADÁ;5006645;PLAYARTE RORAIMA GARDEN SALA 04;15;6000049;39188;47248;BOA VISTA;RR;MULTIPLEX DO BRASIL ENTRETENIMENTO LTDA;27.595.833/0001-07
12/04/2021;12/04/2021 18:40:00;DRUK;DRUK - MAIS UMA RODADA;E2100078400000;ORIGINAL;SIM;DINAMARCA;5005994;CINE BARRA POINT SALA 01;1;6000083;14200;39233;RIO DE JANEIRO;RJ;ARTE VITAL EXIBIÇÕES CINEMATOGRÁFICAS LTDA;03.459.043/0001-28
12/04/2021;12/04/2021 18:40:00;DRUK;DRUK - MAIS UMA RODADA;E2100078400000;ORIGINAL;SIM;DINAMARCA;5002175;KINOPLEX TIJUCA SALA 02;9;6000037;11751;13416;RIO DE JANEIRO;RJ;SR RIO DE JANEIRO CINEMAS S/A;08.262.566/0001-01
12/04/2021;12/04/2021 18:40:00;LUCICREIDE VAI PRA MARTE;;B1900421800000;ORIGINAL;NÃO;BRASIL;5006493;CINE INTER SANTA INES 01;2;6000140;44834;44835;SANTA INÊS;MA;CINEINTER EXIBICOES CINEMATOGRAFICAS LTDA;35.477.354/0001-06
12/04/2021;12/04/2021 18:40:00;LUCICREIDE VAI PRA MARTE;;B1900421800000;ORIGINAL;NÃO;BRASIL;5005724;KINOPLEX IGUAÇU TOP SALA 04;10;6000037;1991;2387;NOVA IGUAÇU;RJ;EMPRESA CINEMAS SÃO LUIZ S/A;33.497.660/0001-89
12/04/2021;12/04/2021 18:40:00;MONSTER HUNTER;MONSTER HUNTER;E2000403800000;DUBLADO;NÃO;ESTADOS UNIDOS;5000212;IGUATEMI 3;2;6000037;1991;2425;RIO DE JANEIRO;RJ;EMPRESA CINEMAS SÃO LUIZ S/A;33.497.660/0001-89
12/04/2021;12/04/2021 18:40:00;MONSTER HUNTER;MONSTER HUNTER;E2000403800000;DUBLADO;NÃO;ESTADOS UNIDOS;5000063;SALA KINOPLEX MADUREIRA 03;10;6000037;1991;2389;RIO DE JANEIRO;RJ;EMPRESA CINEMAS SÃO LUIZ S/A;33.497.660/0001-89
12/04/2021;12/04/2021 18:40:00;RAYA AND THE LAST DRAGON;RAYA E O ÚLTIMO DRAGÃO;E2100035300000;DUBLADO;NÃO;ESTADOS UNIDOS;5005272;MULTICINE SANTA MARIA SALA 03;6;6000045;5935;30733;BRASÍLIA;DF;MULTICINE CINEMAS LTDA;07.609.246/0001-04
12/04/2021;12/04/2021 18:40:00;THE WIDOW;A VIÚVA DAS SOMBRAS;E2100005000000;DUBLADO;NÃO;RÚSSIA;5005568;KINOPLEX NOVA IGUAÇU SALA 07;38;6000037;1991;33119;NOVA IGUAÇU;RJ;EMPRESA CINEMAS SÃO LUIZ S/A;33.497.660/0001-89
12/04/2021;12/04/2021 18:40:00;THE WIDOW;A VIÚVA DAS SOMBRAS;E2100005000000;DUBLADO;NÃO;RÚSSIA;5002891;KINOPLEX WEST SHOPPING RIO 02;4;6000037;1991;17366;RIO DE JANEIRO;RJ;EMPRESA CINEMAS SÃO LUIZ S/A;33.497.660/0001-89
12/04/2021;12/04/2021 18:40:00;THE WIDOW;A VIÚVA DAS SOMBRAS;E2100005000000;DUBLADO;NÃO;RÚSSIA;5003756;UCI BRASIL CG - SALA 05;39;6000058;749;23929;RIO DE JANEIRO;RJ;UNITED CINEMAS INTERNATIONAL BRASIL LTDA.;01.289.530/0001-64
12/04/2021;12/04/2021 18:45:00;MONSTER HUNTER;MONSTER HUNTER;E2000403800000;DUBLADO;NÃO;ESTADOS UNIDOS;5001862;CINE GRACHER LTDA;0;6000032;5979;6687;BRUSQUE;SC;CINE GRACHER LTDA;07.272.690/0001-87
12/04/2021;12/04/2021 18:45:00;RAYA AND THE LAST DRAGON;RAYA E O ÚLTIMO DRAGÃO;E2100035300000;DUBLADO;NÃO;ESTADOS UNIDOS;5004504;CINE GRACHER ESPAÇO HAVAN 1;18;6000032;5979;26111;BRUSQUE;SC;CINE GRACHER LTDA;07.272.690/0001-87
12/04/2021;12/04/2021 18:45:00;TOM & JERRY;TOM & JERRY - O FILME;E2000553800000;DUBLADO;NÃO;ESTADOS UNIDOS;5001861;CINE GRACHER LTDA;4;6000032;5979;6687;BRUSQUE;SC;CINE GRACHER LTDA;07.272.690/0001-87
12/04/2021;12/04/2021 18:50:00;THE FATHER;THE FATHER;E1900616300000;ORIGINAL;SIM;INGLATERRA;5001930;SALA KINOPLEX LEBLON SALA 01;11;6000037;11751;11752;RIO DE JANEIRO;RJ;SR RIO DE JANEIRO CINEMAS S/A;08.262.566/0001-01
12/04/2021;12/04/2021 19:00:00;LUCICREIDE VAI PRA MARTE;;B1900421800000;ORIGINAL;NÃO;BRASIL;5005789;CIDADE LUZ 3 MAXXI STADIUM;0;;32725;32727;GUARABIRA;PB;VERONILDO COUTINHO DE SOUSA EIRELI- EPP;24.248.972/0001-68
12/04/2021;12/04/2021 19:00:00;MONSTER HUNTER;MONSTER HUNTER;E2000403800000;DUBLADO;NÃO;ESTADOS UNIDOS;5005270;MULTICINE SANTA MARIA SALA 01;7;6000045;5935;30733;BRASÍLIA;DF;MULTICINE CINEMAS LTDA;07.609.246/0001-04
12/04/2021;12/04/2021 19:00:00;MONSTER HUNTER;MONSTER HUNTER;E2000403800000;DUBLADO;NÃO;ESTADOS UNIDOS;5000778;NEW YORK CITY CENTER - SALA 14;24;6000058;749;2620;RIO DE JANEIRO;RJ;UNITED CINEMAS INTERNATIONAL BRASIL LTDA.;01.289.530/0001-64
12/04/2021;12/04/2021 19:00:00;RAYA AND THE LAST DRAGON;RAYA E O ÚLTIMO DRAGÃO;E2100035300000;DUBLADO;NÃO;ESTADOS UNIDOS;5001957;KINOPLEX NOVA AMÉRICA SALA 01;6;6000037;1991;2426;RIO DE JANEIRO;RJ;EMPRESA CINEMAS SÃO LUIZ S/A;33.497.660/0001-89
12/04/2021;12/04/2021 19:00:00;RAYA AND THE LAST DRAGON;RAYA E O ÚLTIMO DRAGÃO;E2100035300000;DUBLADO;NÃO;ESTADOS UNIDOS;5002888;KINOPLEX WEST SHOPPING RIO 01;6;6000037;1991;17366;RIO DE JANEIRO;RJ;EMPRESA CINEMAS SÃO LUIZ S/A;33.497.660/0001-89
12/04/2021;12/04/2021 19:00:00;RAYA AND THE LAST DRAGON;RAYA E O ÚLTIMO DRAGÃO;E2100035300000;DUBLADO;NÃO;ESTADOS UNIDOS;5000062;SALA KINOPLEX MADUREIRA 02;3;6000037;1991;2389;RIO DE JANEIRO;RJ;EMPRESA CINEMAS SÃO LUIZ S/A;33.497.660/0001-89
12/04/2021;12/04/2021 19:00:00;RAYA AND THE LAST DRAGON;RAYA E O ÚLTIMO DRAGÃO;E2100035300000;DUBLADO;NÃO;ESTADOS UNIDOS;5004300;SALA VILA RICA 1 3D;4;;14637;14638;PRIMAVERA DO LESTE;MT;MAURICIO JOSE NICOLINO & CIA LTDA;05.724.035/0001-97
12/04/2021;12/04/2021 19:00:00;THE FATHER;THE FATHER;E1900616300000;ORIGINAL;SIM;INGLATERRA;5000068;KINOPLEX RIO SUL - SALA PLATINUM 04;14;6000037;1991;2390;RIO DE JANEIRO;RJ;EMPRESA CINEMAS SÃO LUIZ S/A;33.497.660/0001-89
12/04/2021;12/04/2021 19:00:00;THE WIDOW;A VIÚVA DAS SOMBRAS;E2100005000000;DUBLADO;NÃO;RÚSSIA;5004503;CINE GRACHER ESPAÇO HAVAN 3;0;6000032;5979;26111;BRUSQUE;SC;CINE GRACHER LTDA;07.272.690/0001-87
12/04/2021;12/04/2021 19:00:00;THE WIDOW;A VIÚVA DAS SOMBRAS;E2100005000000;DUBLADO;NÃO;RÚSSIA;5000211;IGUATEMI 2;13;6000037;1991;2425;RIO DE JANEIRO;RJ;EMPRESA CINEMAS SÃO LUIZ S/A;33.497.660/0001-89
12/04/2021;12/04/2021 19:00:00;THE WIDOW;A VIÚVA DAS SOMBRAS;E2100005000000;DUBLADO;NÃO;RÚSSIA;5002199;KINOPLEX VIA PARQUE 3;2;6000037;1991;13454;RIO DE JANEIRO;RJ;EMPRESA CINEMAS SÃO LUIZ S/A;33.497.660/0001-89
12/04/2021;12/04/2021 19:00:00;TOM & JERRY;TOM & JERRY - O FILME;E2000553800000;DUBLADO;NÃO;ESTADOS UNIDOS;5004502;CINE GRACHER ESPAÇO HAVAN 2;6;6000032;5979;26111;BRUSQUE;SC;CINE GRACHER LTDA;07.272.690/0001-87
12/04/2021;12/04/2021 19:10:00;DRUK;DRUK - MAIS UMA RODADA;E2100078400000;ORIGINAL;SIM;DINAMARCA;5002323;CINE SANTA TERESA;13;6000083;14200;14201;RIO DE JANEIRO;RJ;ARTE VITAL EXIBIÇÕES CINEMATOGRÁFICAS LTDA;03.459.043/0001-28
12/04/2021;12/04/2021 19:10:00;HONEST THIEF;LEGADO EXPLOSIVO;E2000416200000;DUBLADO;NÃO;ESTADOS UNIDOS;5001958;KINOPLEX NOVA AMÉRICA SALA 02;24;6000037;1991;2426;RIO DE JANEIRO;RJ;EMPRESA CINEMAS SÃO LUIZ S/A;33.497.660/0001-89
12/04/2021;12/04/2021 19:10:00;MONSTER HUNTER;MONSTER HUNTER;E2000403800000;DUBLADO;NÃO;ESTADOS UNIDOS;5002890;KINOPLEX WEST SHOPPING RIO 03;22;6000037;1991;17366;RIO DE JANEIRO;RJ;EMPRESA CINEMAS SÃO LUIZ S/A;33.497.660/0001-89
12/04/2021;12/04/2021 19:10:00;THE WIDOW;A VIÚVA DAS SOMBRAS;E2100005000000;ORIGINAL;SIM;RÚSSIA;5002180;KINOPLEX TIJUCA SALA 06;16;6000037;11751;13416;RIO DE JANEIRO;RJ;SR RIO DE JANEIRO CINEMAS S/A;08.262.566/0001-01
12/04/2021;12/04/2021 19:20:00;THE WIDOW;A VIÚVA DAS SOMBRAS;E2100005000000;DUBLADO;NÃO;RÚSSIA;5001959;KINOPLEX NOVA AMÉRICA SALA 03;25;6000037;1991;2426;RIO DE JANEIRO;RJ;EMPRESA CINEMAS SÃO LUIZ S/A;33.497.660/0001-89
12/04/2021;12/04/2021 19:20:00;THE WIDOW;A VIÚVA DAS SOMBRAS;E2100005000000;DUBLADO;NÃO;RÚSSIA;5000061;SALA KINOPLEX MADUREIRA 01;18;6000037;1991;2389;RIO DE JANEIRO;RJ;EMPRESA CINEMAS SÃO LUIZ S/A;33.497.660/0001-89
12/04/2021;12/04/2021 19:30:00;PINOCCHIO;PINÓQUIO;E2000294800000;DUBLADO;NÃO;FRANÇA;5000171;KINOPLEX PARKSHOPPING 2;0;6000037;2364;2415;BRASÍLIA;DF;CINEMAS PARIS SEVERIANO RIBEIRO LTDA;31.611.189/0001-82
12/04/2021;12/04/2021 19:30:00;THE EMPTY MAN;O MENSAGEIRO DO ÚLTIMO DIA;E2000471300000;DUBLADO;NÃO;ESTADOS UNIDOS;5006494;CINE INTER SANTA INES 02;2;6000140;44834;44835;SANTA INÊS;MA;CINEINTER EXIBICOES CINEMATOGRAFICAS LTDA;35.477.354/0001-06
12/04/2021;12/04/2021 19:30:00;THE EMPTY MAN;O MENSAGEIRO DO ÚLTIMO DIA;E2000471300000;DUBLADO;NÃO;ESTADOS UNIDOS;5005562;KINOPLEX NOVA IGUAÇU SALA 01;21;6000037;1991;33119;NOVA IGUAÇU;RJ;EMPRESA CINEMAS SÃO LUIZ S/A;33.497.660/0001-89
12/04/2021;12/04/2021 19:30:00;THE WIDOW;A VIÚVA DAS SOMBRAS;E2100005000000;DUBLADO;NÃO;RÚSSIA;5005271;MULTICINE SANTA MARIA SALA 02;5;6000045;5935;30733;BRASÍLIA;DF;MULTICINE CINEMAS LTDA;07.609.246/0001-04
12/04/2021;12/04/2021 19:30:00;WONDER WOMAN 1984;MULHER-MARAVILHA 1984;E2000170200000;DUBLADO;NÃO;CANADÁ;5001860;CINE GRACHER LTDA;0;6000032;5979;6687;BRUSQUE;SC;CINE GRACHER LTDA;07.272.690/0001-87
12/04/2021;12/04/2021 19:35:00;MONSTER HUNTER;MONSTER HUNTER;E2000403800000;DUBLADO;NÃO;ESTADOS UNIDOS;5002355;SALA VILA RICA 2 CONVENCIONAL;0;;14637;14638;PRIMAVERA DO LESTE;MT;MAURICIO JOSE NICOLINO & CIA LTDA;05.724.035/0001-97
12/04/2021;12/04/2021 19:40:00;RAYA AND THE LAST DRAGON;RAYA E O ÚLTIMO DRAGÃO;E2100035300000;DUBLADO;NÃO;ESTADOS UNIDOS;5000175;KINOPLEX PARKSHOPPING 3;0;6000037;2364;2415;BRASÍLIA;DF;CINEMAS PARIS SEVERIANO RIBEIRO LTDA;31.611.189/0001-82
12/04/2021;12/04/2021 19:40:00;THE WITCHES;CONVENÇÃO DAS BRUXAS;E2000396100000;DUBLADO;NÃO;ESTADOS UNIDOS;5006644;PLAYARTE RORAIMA GARDEN SALA 03;4;6000049;39188;47248;BOA VISTA;RR;MULTIPLEX DO BRASIL ENTRETENIMENTO LTDA;27.595.833/0001-07
12/04/2021;12/04/2021 19:45:00;RAYA AND THE LAST DRAGON;RAYA E O ÚLTIMO DRAGÃO;E2100035300000;DUBLADO;NÃO;ESTADOS UNIDOS;5005545;CINE COLOMBO RESENDE SALA 03;0;6000008;15833;33011;RESENDE;RJ;CINE A LTDA;10.894.937/0001-01
12/04/2021;12/04/2021 20:00:00;LUCICREIDE VAI PRA MARTE;;B1900421800000;ORIGINAL;NÃO;BRASIL;5006138;SALA CINE GUEDES 03;9;;23266;23267;PATOS;PB;LILIANE ROCHA DE MEDEIROS GUEDES-ME;16.844.526/0001-98
12/04/2021;12/04/2021 20:00:00;RAYA AND THE LAST DRAGON;RAYA E O ÚLTIMO DRAGÃO;E2100035300000;DUBLADO;NÃO;ESTADOS UNIDOS;5005726;KINOPLEX IGUAÇU TOP SALA 06;7;6000037;1991;2387;NOVA IGUAÇU;RJ;EMPRESA CINEMAS SÃO LUIZ S/A;33.497.660/0001-89
12/04/2021;12/04/2021 20:00:00;RAYA AND THE LAST DRAGON;RAYA E O ÚLTIMO DRAGÃO;E2100035300000;DUBLADO;NÃO;ESTADOS UNIDOS;5005563;KINOPLEX NOVA IGUAÇU SALA 02 KINOEVOLUTION;16;6000037;1991;33119;NOVA IGUAÇU;RJ;EMPRESA CINEMAS SÃO LUIZ S/A;33.497.660/0001-89
12/04/2021;12/04/2021 20:00:00;TOM & JERRY;TOM & JERRY - O FILME;E2000553800000;DUBLADO;NÃO;ESTADOS UNIDOS;5002102;CINE DRIVEIN;27;;5465;6715;BRASÍLIA;DF;STARK'S CINEMA E LANCHONETE LTDA.;32.917.296/0001-04
12/04/2021;12/04/2021 20:10:00;MONSTER HUNTER;MONSTER HUNTER;E2000403800000;DUBLADO;NÃO;ESTADOS UNIDOS;5000168;KINOPLEX PARKSHOPPING 5;0;6000037;2364;2415;BRASÍLIA;DF;CINEMAS PARIS SEVERIANO RIBEIRO LTDA;31.611.189/0001-82
12/04/2021;12/04/2021 20:10:00;THE WIDOW;A VIÚVA DAS SOMBRAS;E2100005000000;DUBLADO;NÃO;RÚSSIA;5006643;PLAYARTE RORAIMA GARDEN SALA 02;5;6000049;39188;47248;BOA VISTA;RR;MULTIPLEX DO BRASIL ENTRETENIMENTO LTDA;27.595.833/0001-07
12/04/2021;12/04/2021 20:10:00;THE WIDOW;A VIÚVA DAS SOMBRAS;E2100005000000;DUBLADO;NÃO;RÚSSIA;5003652;SALA CINE GUEDES 01;7;;23266;23267;PATOS;PB;LILIANE ROCHA DE MEDEIROS GUEDES-ME;16.844.526/0001-98
12/04/2021;12/04/2021 20:20:00;FOLLOW ME;SEM SAÍDA;E2100006300000;DUBLADO;NÃO;ESTADOS UNIDOS;5000167;KINOPLEX PARKSHOPPING 1;0;6000037;2364;2415;BRASÍLIA;DF;CINEMAS PARIS SEVERIANO RIBEIRO LTDA;31.611.189/0001-82
12/04/2021;12/04/2021 20:20:00;THE FATHER;THE FATHER;E1900616300000;ORIGINAL;SIM;INGLATERRA;5000169;KINOPLEX PARKSHOPPING 6;0;6000037;2364;2415;BRASÍLIA;DF;CINEMAS PARIS SEVERIANO RIBEIRO LTDA;31.611.189/0001-82
12/04/2021;12/04/2021 20:30:00;FOLLOW ME;SEM SAÍDA;E2100006300000;DUBLADO;NÃO;ESTADOS UNIDOS;5006493;CINE INTER SANTA INES 01;4;6000140;44834;44835;SANTA INÊS;MA;CINEINTER EXIBICOES CINEMATOGRAFICAS LTDA;35.477.354/0001-06
12/04/2021;12/04/2021 20:30:00;HONEST THIEF;LEGADO EXPLOSIVO;E2000416200000;DUBLADO;NÃO;ESTADOS UNIDOS;5005564;KINOPLEX NOVA IGUAÇU SALA 03 PLATINUM;25;6000037;1991;33119;NOVA IGUAÇU;RJ;EMPRESA CINEMAS SÃO LUIZ S/A;33.497.660/0001-89
12/04/2021;12/04/2021 20:30:00;MONSTER HUNTER;MONSTER HUNTER;E2000403800000;DUBLADO;NÃO;ESTADOS UNIDOS;5002565;CINE CATARATAS 2;4;;15565;15566;FOZ DO IGUAÇU;PR;CINE CATARATAS LTDA;09.010.219/0001-46
12/04/2021;12/04/2021 20:30:00;RAYA AND THE LAST DRAGON;RAYA E O ÚLTIMO DRAGÃO;E2100035300000;DUBLADO;NÃO;ESTADOS UNIDOS;5006056;CINE GRACHER JOAÇABA SALA 01;4;6000032;5979;40234;JOAÇABA;SC;CINE GRACHER LTDA;07.272.690/0001-87
12/04/2021;12/04/2021 20:30:00;THE WIDOW;A VIÚVA DAS SOMBRAS;E2100005000000;DUBLADO;NÃO;RÚSSIA;5005543;CINE COLOMBO RESENDE SALA 01;2;6000008;15833;33011;RESENDE;RJ;CINE A LTDA;10.894.937/0001-01
12/04/2021;12/04/2021 20:30:00;THE WIDOW;A VIÚVA DAS SOMBRAS;E2100005000000;DUBLADO;NÃO;RÚSSIA;5006058;CINE GRACHER JOAÇABA SALA 03;13;6000032;5979;40234;JOAÇABA;SC;CINE GRACHER LTDA;07.272.690/0001-87
12/04/2021;12/04/2021 20:30:00;THE WIDOW;A VIÚVA DAS SOMBRAS;E2100005000000;DUBLADO;NÃO;RÚSSIA;5005725;KINOPLEX IGUAÇU TOP SALA 05;29;6000037;1991;2387;NOVA IGUAÇU;RJ;EMPRESA CINEMAS SÃO LUIZ S/A;33.497.660/0001-89
12/04/2021;12/04/2021 20:30:00;THE WIDOW;A VIÚVA DAS SOMBRAS;E2100005000000;DUBLADO;NÃO;RÚSSIA;5000166;KINOPLEX PARKSHOPPING 4;0;6000037;2364;2415;BRASÍLIA;DF;CINEMAS PARIS SEVERIANO RIBEIRO LTDA;31.611.189/0001-82
12/04/2021;12/04/2021 20:40:00;MONSTER HUNTER;MONSTER HUNTER;E2000403800000;DUBLADO;NÃO;ESTADOS UNIDOS;5005724;KINOPLEX IGUAÇU TOP SALA 04;27;6000037;1991;2387;NOVA IGUAÇU;RJ;EMPRESA CINEMAS SÃO LUIZ S/A;33.497.660/0001-89
12/04/2021;12/04/2021 20:40:00;RAYA AND THE LAST DRAGON;RAYA E O ÚLTIMO DRAGÃO;E2100035300000;DUBLADO;NÃO;ESTADOS UNIDOS;5002566;CINE CATARATAS 3;4;;15565;15566;FOZ DO IGUAÇU;PR;CINE CATARATAS LTDA;09.010.219/0001-46
12/04/2021;12/04/2021 20:40:00;THE WIDOW;A VIÚVA DAS SOMBRAS;E2100005000000;DUBLADO;NÃO;RÚSSIA;5005289;GRUPO CINE FRAIBURGO;0;6000034;30763;30765;FRAIBURGO;SC;CINEMA FRAIBURGO LTDA;17.067.309/0001-00
12/04/2021;12/04/2021 20:40:00;THE WIDOW;A VIÚVA DAS SOMBRAS;E2100005000000;DUBLADO;NÃO;RÚSSIA;5005568;KINOPLEX NOVA IGUAÇU SALA 07;26;6000037;1991;33119;NOVA IGUAÇU;RJ;EMPRESA CINEMAS SÃO LUIZ S/A;33.497.660/0001-89
12/04/2021;12/04/2021 20:45:00;FOLLOW ME;SEM SAÍDA;E2100006300000;DUBLADO;NÃO;ESTADOS UNIDOS;5006083;CINE GRACHER PORTO BELO SALA 01;18;6000032;5979;40771;PORTO BELO;SC;CINE GRACHER LTDA;07.272.690/0001-87
12/04/2021;12/04/2021 20:45:00;FOLLOW ME;SEM SAÍDA;E2100006300000;DUBLADO;NÃO;ESTADOS UNIDOS;5006111;CINE GRACHER SÃO BENTO 01;2;6000032;5979;41056;SÃO BENTO DO SUL;SC;CINE GRACHER LTDA;07.272.690/0001-87
12/04/2021;12/04/2021 20:45:00;RAYA AND THE LAST DRAGON;RAYA E O ÚLTIMO DRAGÃO;E2100035300000;DUBLADO;NÃO;ESTADOS UNIDOS;5006001;CINE GRACHER INDAIAL - SALA 04;1;6000032;5979;39283;INDAIAL;SC;CINE GRACHER LTDA;07.272.690/0001-87
12/04/2021;12/04/2021 20:45:00;RAYA AND THE LAST DRAGON;RAYA E O ÚLTIMO DRAGÃO;E2100035300000;DUBLADO;NÃO;ESTADOS UNIDOS;5006086;CINE GRACHER PORTO BELO SALA 04;14;6000032;5979;40771;PORTO BELO;SC;CINE GRACHER LTDA;07.272.690/0001-87
12/04/2021;12/04/2021 20:45:00;RAYA AND THE LAST DRAGON;RAYA E O ÚLTIMO DRAGÃO;E2100035300000;DUBLADO;NÃO;ESTADOS UNIDOS;5006112;CINE GRACHER SÃO BENTO 02;4;6000032;5979;41056;SÃO BENTO DO SUL;SC;CINE GRACHER LTDA;07.272.690/0001-87
12/04/2021;12/04/2021 20:45:00;THE WIDOW;A VIÚVA DAS SOMBRAS;E2100005000000;DUBLADO;NÃO;RÚSSIA;5006000;CINE GRACHER INDAIAL - SALA 03;2;6000032;5979;39283;INDAIAL;SC;CINE GRACHER LTDA;07.272.690/0001-87
12/04/2021;12/04/2021 20:45:00;THE WIDOW;A VIÚVA DAS SOMBRAS;E2100005000000;DUBLADO;NÃO;RÚSSIA;5006085;CINE GRACHER PORTO BELO SALA 03;2;6000032;5979;40771;PORTO BELO;SC;CINE GRACHER LTDA;07.272.690/0001-87
12/04/2021;12/04/2021 20:45:00;THE WIDOW;A VIÚVA DAS SOMBRAS;E2100005000000;DUBLADO;NÃO;RÚSSIA;5006114;CINE GRACHER SÃO BENTO 04;12;6000032;5979;41056;SÃO BENTO DO SUL;SC;CINE GRACHER LTDA;07.272.690/0001-87
12/04/2021;12/04/2021 20:45:00;TOM & JERRY;TOM & JERRY - O FILME;E2000553800000;DUBLADO;NÃO;ESTADOS UNIDOS;5005998;CINE GRACHER INDAIAL - SALA 01;8;6000032;5979;39283;INDAIAL;SC;CINE GRACHER LTDA;07.272.690/0001-87
12/04/2021;12/04/2021 21:00:01;LUCICREIDE VAI PRA MARTE;;B1900421800000;ORIGINAL;NÃO;BRASIL;5005789;CIDADE LUZ 3 MAXXI STADIUM;0;;32725;32727;GUARABIRA;PB;VERONILDO COUTINHO DE SOUSA EIRELI- EPP;24.248.972/0001-68
12/04/2021;12/04/2021 21:15:00;FOLLOW ME;SEM SAÍDA;E2100006300000;DUBLADO;NÃO;ESTADOS UNIDOS;5004502;CINE GRACHER ESPAÇO HAVAN 2;6;6000032;5979;26111;BRUSQUE;SC;CINE GRACHER LTDA;07.272.690/0001-87
12/04/2021;12/04/2021 21:15:00;FOLLOW ME;SEM SAÍDA;E2100006300000;DUBLADO;NÃO;ESTADOS UNIDOS;5001862;CINE GRACHER LTDA;4;6000032;5979;6687;BRUSQUE;SC;CINE GRACHER LTDA;07.272.690/0001-87
12/04/2021;12/04/2021 21:15:00;RAYA AND THE LAST DRAGON;RAYA E O ÚLTIMO DRAGÃO;E2100035300000;DUBLADO;NÃO;ESTADOS UNIDOS;5004504;CINE GRACHER ESPAÇO HAVAN 1;2;6000032;5979;26111;BRUSQUE;SC;CINE GRACHER LTDA;07.272.690/0001-87
12/04/2021;12/04/2021 21:15:00;THE WIDOW;A VIÚVA DAS SOMBRAS;E2100005000000;DUBLADO;NÃO;RÚSSIA;5004503;CINE GRACHER ESPAÇO HAVAN 3;0;6000032;5979;26111;BRUSQUE;SC;CINE GRACHER LTDA;07.272.690/0001-87
12/04/2021;12/04/2021 21:15:00;TOM & JERRY;TOM & JERRY - O FILME;E2000553800000;DUBLADO;NÃO;ESTADOS UNIDOS;5001861;CINE GRACHER LTDA;0;6000032;5979;6687;BRUSQUE;SC;CINE GRACHER LTDA;07.272.690/0001-87
13/04/2021;13/04/2021 13:20:00;RAYA AND THE LAST DRAGON;RAYA E O ÚLTIMO DRAGÃO;E2100035300000;DUBLADO;NÃO;ESTADOS UNIDOS;5002566;CINE CATARATAS 3;2;;15565;15566;FOZ DO IGUAÇU;PR;CINE CATARATAS LTDA;09.010.219/0001-46
13/04/2021;13/04/2021 14:00:00;FOLLOW ME;SEM SAÍDA;E2100006300000;DUBLADO;NÃO;ESTADOS UNIDOS;5000206;KINOPLEX GRANDE RIO 3;2;6000037;1991;2424;SÃO JOÃO DE MERITI;RJ;EMPRESA CINEMAS SÃO LUIZ S/A;33.497.660/0001-89
13/04/2021;13/04/2021 14:00:00;RAYA AND THE LAST DRAGON;RAYA E O ÚLTIMO DRAGÃO;E2100035300000;DUBLADO;NÃO;ESTADOS UNIDOS;5001634;CINE TERESINA 1;2;;2140;6595;TERESINA;PI;CINEMAS TERESINA LTDA;02.142.566/0001-83
13/04/2021;13/04/2021 14:00:00;TOM & JERRY;TOM & JERRY - O FILME;E2000553800000;DUBLADO;NÃO;ESTADOS UNIDOS;5002565;CINE CATARATAS 2;4;;15565;15566;FOZ DO IGUAÇU;PR;CINE CATARATAS LTDA;09.010.219/0001-46
13/04/2021;13/04/2021 14:00:00;TOM & JERRY;TOM & JERRY - O FILME;E2000553800000;DUBLADO;NÃO;ESTADOS UNIDOS;5002051;UCI - KINOPLEX NORTE SHOPPING - SALA 02;0;6000059;2612;12748;RIO DE JANEIRO;RJ;UCI RIBEIRO LTDA;02.117.937/0001-77
13/04/2021;13/04/2021 14:00:00;WONDER WOMAN 1984;MULHER-MARAVILHA 1984;E2000170200000;DUBLADO;NÃO;CANADÁ;5005647;CINE TERESINA 4;8;;2140;6595;TERESINA;PI;CINEMAS TERESINA LTDA;02.142.566/0001-83
13/04/2021;13/04/2021 14:20:00;LUCICREIDE VAI PRA MARTE;;B1900421800000;DUBLADO;NÃO;BRASIL;5002053;UCI - KINOPLEX NORTE SHOPPING - SALA 08;0;6000059;2612;12748;RIO DE JANEIRO;RJ;UCI RIBEIRO LTDA;02.117.937/0001-77
13/04/2021;13/04/2021 14:20:00;TOM & JERRY;TOM & JERRY - O FILME;E2000553800000;DUBLADO;NÃO;ESTADOS UNIDOS;5000205;KINOPLEX GRANDE RIO 2;10;6000037;1991;2424;SÃO JOÃO DE MERITI;RJ;EMPRESA CINEMAS SÃO LUIZ S/A;33.497.660/0001-89
13/04/2021;13/04/2021 14:40:00;RAYA AND THE LAST DRAGON;RAYA E O ÚLTIMO DRAGÃO;E2100035300000;DUBLADO;NÃO;ESTADOS UNIDOS;5002052;UCI - KINOPLEX NORTE SHOPPING - SALA 10;2;6000059;2612;12748;RIO DE JANEIRO;RJ;UCI RIBEIRO LTDA;02.117.937/0001-77
13/04/2021;13/04/2021 14:40:00;TOM & JERRY;TOM & JERRY - O FILME;E2000553800000;DUBLADO;NÃO;ESTADOS UNIDOS;5005270;MULTICINE SANTA MARIA SALA 01;0;6000045;5935;30733;BRASÍLIA;DF;MULTICINE CINEMAS LTDA;07.609.246/0001-04
13/04/2021;13/04/2021 15:00:00;A MULHER DA LUZ PRÓPRIA;;B1900320300000;ORIGINAL;NÃO;BRASIL;5002323;CINE SANTA TERESA;2;6000083;14200;14201;RIO DE JANEIRO;RJ;ARTE VITAL EXIBIÇÕES CINEMATOGRÁFICAS LTDA;03.459.043/0001-28
13/04/2021;13/04/2021 15:00:00;DEPOIS A LOUCA SOU EU;;B2000078000000;DUBLADO;NÃO;BRASIL;5005206;CINÉPOLIS RIO POTY SALA 10;2;6000024;17266;30352;TERESINA;PI;CINEPOLIS OPERADORA DE CINEMAS DO BRASIL LTDA;09.652.820/0001-32
13/04/2021;13/04/2021 15:00:00;LUCICREIDE VAI PRA MARTE;;B1900421800000;ORIGINAL;NÃO;BRASIL;5006061;CENTERPLEX BOULEVARD 03;1;6000006;40317;40318;VITÓRIA DA CONQUISTA;BA;CINE ELI BAHIA CINEMAS LTDA - EM RECUPERACAO JUDICIAL;30.096.740/0001-34
13/04/2021;13/04/2021 15:00:00;LUCICREIDE VAI PRA MARTE;;B1900421800000;DUBLADO;NÃO;BRASIL;5000770;NEW YORK CITY CENTER - SALA 06;0;6000058;749;2620;RIO DE JANEIRO;RJ;UNITED CINEMAS INTERNATIONAL BRASIL LTDA.;01.289.530/0001-64
13/04/2021;13/04/2021 15:00:00;PINOCCHIO;PINÓQUIO;E2000294800000;DUBLADO;NÃO;FRANÇA;5003766;UCI BRASIL - SHOPPING CG - SALA 03;6;6000058;749;23929;RIO DE JANEIRO;RJ;UNITED CINEMAS INTERNATIONAL BRASIL LTDA.;01.289.530/0001-64
13/04/2021;13/04/2021 15:00:00;RAYA AND THE LAST DRAGON;RAYA E O ÚLTIMO DRAGÃO;E2100035300000;DUBLADO;NÃO;ESTADOS UNIDOS;5004809;SHOPPING BOSQUE DOS IPÊS- SALA 03;8;6000058;749;27590;CAMPO GRANDE;MS;UNITED CINEMAS INTERNATIONAL BRASIL LTDA.;01.289.530/0001-64
13/04/2021;13/04/2021 15:00:00;THE WITCHES;CONVENÇÃO DAS BRUXAS;E2000396100000;DUBLADO;NÃO;ESTADOS UNIDOS;5006644;PLAYARTE RORAIMA GARDEN SALA 03;11;6000049;39188;47248;BOA VISTA;RR;MULTIPLEX DO BRASIL ENTRETENIMENTO LTDA;27.595.833/0001-07
13/04/2021;13/04/2021 15:00:00;WONDER WOMAN 1984;MULHER-MARAVILHA 1984;E2000170200000;DUBLADO;NÃO;CANADÁ;5002057;UCI - KINOPLEX NORTE SHOPPING - SALA 03;9;6000059;2612;12748;RIO DE JANEIRO;RJ;UCI RIBEIRO LTDA;02.117.937/0001-77
13/04/2021;13/04/2021 15:10:00;RAYA AND THE LAST DRAGON;RAYA E O ÚLTIMO DRAGÃO;E2100035300000;DUBLADO;NÃO;ESTADOS UNIDOS;5005272;MULTICINE SANTA MARIA SALA 03;4;6000045;5935;30733;BRASÍLIA;DF;MULTICINE CINEMAS LTDA;07.609.246/0001-04
13/04/2021;13/04/2021 15:15:00;TOM & JERRY;TOM & JERRY - O FILME;E2000553800000;DUBLADO;NÃO;ESTADOS UNIDOS;5005545;CINE COLOMBO RESENDE SALA 03;3;6000008;15833;33011;RESENDE;RJ;CINE A LTDA;10.894.937/0001-01
13/04/2021;13/04/2021 15:20:00;DEPOIS A LOUCA SOU EU;;B2000078000000;DUBLADO;NÃO;BRASIL;5000780;NEW YORK CITY CENTER - SALA 16;3;6000058;749;2620;RIO DE JANEIRO;RJ;UNITED CINEMAS INTERNATIONAL BRASIL LTDA.;01.289.530/0001-64
13/04/2021;13/04/2021 15:20:00;LUCICREIDE VAI PRA MARTE;;B1900421800000;ORIGINAL;NÃO;BRASIL;5001662;ORIENT CINEPLACE BOULEVARD SHOPPING - SALA 3;3;6000046;2869;6630;FEIRA DE SANTANA;BA;FEIRA PLEXCINE LTDA.;04.547.950/0001-91
13/04/2021;13/04/2021 15:20:00;MONSTER HUNTER;MONSTER HUNTER;E2000403800000;DUBLADO;NÃO;ESTADOS UNIDOS;5005648;CINE TERESINA 5;8;;2140;6595;TERESINA;PI;CINEMAS TERESINA LTDA;02.142.566/0001-83
13/04/2021;13/04/2021 15:20:00;MONSTER HUNTER;MONSTER HUNTER;E2000403800000;DUBLADO;NÃO;ESTADOS UNIDOS;5002059;UCI - KINOPLEX NORTE SHOPPING - SALA 07;1;6000059;2612;12748;RIO DE JANEIRO;RJ;UCI RIBEIRO LTDA;02.117.937/0001-77
13/04/2021;13/04/2021 15:20:00;PINOCCHIO;PINÓQUIO;E2000294800000;DUBLADO;NÃO;FRANÇA;5004812;SHOPPING BOSQUE DOS IPÊS- SALA 06;0;6000058;749;27590;CAMPO GRANDE;MS;UNITED CINEMAS INTERNATIONAL BRASIL LTDA.;01.289.530/0001-64
13/04/2021;13/04/2021 15:20:00;RAYA AND THE LAST DRAGON;RAYA E O ÚLTIMO DRAGÃO;E2100035300000;DUBLADO;NÃO;ESTADOS UNIDOS;5001636;CINE TERESINA 3;8;;2140;6595;TERESINA;PI;CINEMAS TERESINA LTDA;02.142.566/0001-83
13/04/2021;13/04/2021 15:20:00;RAYA AND THE LAST DRAGON;RAYA E O ÚLTIMO DRAGÃO;E2100035300000;DUBLADO;NÃO;ESTADOS UNIDOS;5000210;IGUATEMI 1;9;6000037;1991;2425;RIO DE JANEIRO;RJ;EMPRESA CINEMAS SÃO LUIZ S/A;33.497.660/0001-89
13/04/2021;13/04/2021 15:20:00;RAYA AND THE LAST DRAGON;RAYA E O ÚLTIMO DRAGÃO;E2100035300000;DUBLADO;NÃO;ESTADOS UNIDOS;5003762;UCI BRASIL PARK CG - SALA 04;8;6000058;749;23929;RIO DE JANEIRO;RJ;UNITED CINEMAS INTERNATIONAL BRASIL LTDA.;01.289.530/0001-64
13/04/2021;13/04/2021 15:30:00;DEPOIS A LOUCA SOU EU;;B2000078000000;ORIGINAL;NÃO;BRASIL;5001638;CINE TERESINA 7;1;;2140;6595;TERESINA;PI;CINEMAS TERESINA LTDA;02.142.566/0001-83
13/04/2021;13/04/2021 15:30:00;LUCICREIDE VAI PRA MARTE;;B1900421800000;DUBLADO;NÃO;BRASIL;5005208;CINÉPOLIS RIO POTY SALA 12;0;6000024;17266;30352;TERESINA;PI;CINEPOLIS OPERADORA DE CINEMAS DO BRASIL LTDA;09.652.820/0001-32
13/04/2021;13/04/2021 15:30:00;RAYA AND THE LAST DRAGON;RAYA E O ÚLTIMO DRAGÃO;E2100035300000;DUBLADO;NÃO;ESTADOS UNIDOS;5000204;KINOPLEX GRANDE RIO 1;16;6000037;1991;2424;SÃO JOÃO DE MERITI;RJ;EMPRESA CINEMAS SÃO LUIZ S/A;33.497.660/0001-89
13/04/2021;13/04/2021 15:30:00;TOM & JERRY;TOM & JERRY - O FILME;E2000553800000;DUBLADO;NÃO;ESTADOS UNIDOS;5006059;CENTERPLEX BOULEVARD 01;2;6000006;40317;40318;VITÓRIA DA CONQUISTA;BA;CINE ELI BAHIA CINEMAS LTDA - EM RECUPERACAO JUDICIAL;30.096.740/0001-34
13/04/2021;13/04/2021 15:30:00;WONDER WOMAN 1984;MULHER-MARAVILHA 1984;E2000170200000;DUBLADO;NÃO;CANADÁ;5005543;CINE COLOMBO RESENDE SALA 01;0;6000008;15833;33011;RESENDE;RJ;CINE A LTDA;10.894.937/0001-01
13/04/2021;13/04/2021 15:40:00;LUCICREIDE VAI PRA MARTE;;B1900421800000;DUBLADO;NÃO;BRASIL;5003765;UCI BRASIL - PARK SHOPPING CG - SALA 2;5;6000058;749;23929;RIO DE JANEIRO;RJ;UNITED CINEMAS INTERNATIONAL BRASIL LTDA.;01.289.530/0001-64
13/04/2021;13/04/2021 15:40:00;RAYA AND THE LAST DRAGON;RAYA E O ÚLTIMO DRAGÃO;E2100035300000;DUBLADO;NÃO;ESTADOS UNIDOS;5000065;KINOPLEX RIO SUL - SALA KINOEVOLUTIUM 01;2;6000037;1991;2390;RIO DE JANEIRO;RJ;EMPRESA CINEMAS SÃO LUIZ S/A;33.497.660/0001-89
13/04/2021;13/04/2021 15:40:00;RAYA AND THE LAST DRAGON;RAYA E O ÚLTIMO DRAGÃO;E2100035300000;DUBLADO;NÃO;ESTADOS UNIDOS;5000066;KINOPLEX RIO SUL - SALA KINOEVOLUTIUM 02;0;6000037;1991;2390;RIO DE JANEIRO;RJ;EMPRESA CINEMAS SÃO LUIZ S/A;33.497.660/0001-89
13/04/2021;13/04/2021 15:40:00;RAYA AND THE LAST DRAGON;RAYA E O ÚLTIMO DRAGÃO;E2100035300000;DUBLADO;NÃO;ESTADOS UNIDOS;5005018;KINOPLEX VIA PARQUE 4- KINOEVOLUTION;3;6000037;1991;13454;RIO DE JANEIRO;RJ;EMPRESA CINEMAS SÃO LUIZ S/A;33.497.660/0001-89
13/04/2021;13/04/2021 15:40:00;THE FATHER;THE FATHER;E1900616300000;ORIGINAL;SIM;INGLATERRA;5002179;KINOPLEX TIJUCA SALA 05;5;6000037;11751;13416;RIO DE JANEIRO;RJ;SR RIO DE JANEIRO CINEMAS S/A;08.262.566/0001-01
13/04/2021;13/04/2021 15:40:00;THE FATHER;THE FATHER;E1900616300000;ORIGINAL;SIM;INGLATERRA;5000765;NEW YORK CITY CENTER - SALA 01;10;6000058;749;2620;RIO DE JANEIRO;RJ;UNITED CINEMAS INTERNATIONAL BRASIL LTDA.;01.289.530/0001-64
13/04/2021;13/04/2021 15:40:00;THE WIDOW;A VIÚVA DAS SOMBRAS;E2100005000000;DUBLADO;NÃO;RÚSSIA;5005271;MULTICINE SANTA MARIA SALA 02;2;6000045;5935;30733;BRASÍLIA;DF;MULTICINE CINEMAS LTDA;07.609.246/0001-04
13/04/2021;13/04/2021 15:40:00;TOM & JERRY;TOM & JERRY - O FILME;E2000553800000;DUBLADO;NÃO;ESTADOS UNIDOS;5001635;CINE TERESINA 2;12;;2140;6595;TERESINA;PI;CINEMAS TERESINA LTDA;02.142.566/0001-83
13/04/2021;13/04/2021 15:50:00;LUCICREIDE VAI PRA MARTE;;B1900421800000;ORIGINAL;NÃO;BRASIL;5001637;CINE TERESINA 6;2;;2140;6595;TERESINA;PI;CINEMAS TERESINA LTDA;02.142.566/0001-83
13/04/2021;13/04/2021 15:50:00;TOM & JERRY;TOM & JERRY - O FILME;E2000553800000;DUBLADO;NÃO;ESTADOS UNIDOS;5006643;PLAYARTE RORAIMA GARDEN SALA 02;0;6000049;39188;47248;BOA VISTA;RR;MULTIPLEX DO BRASIL ENTRETENIMENTO LTDA;27.595.833/0001-07
13/04/2021;13/04/2021 16:00:00;HONEST THIEF;LEGADO EXPLOSIVO;E2000416200000;DUBLADO;NÃO;ESTADOS UNIDOS;5000206;KINOPLEX GRANDE RIO 3;18;6000037;1991;2424;SÃO JOÃO DE MERITI;RJ;EMPRESA CINEMAS SÃO LUIZ S/A;33.497.660/0001-89
13/04/2021;13/04/2021 16:00:00;JUDAS AND THE BLACK MESSIAH;JUDAS E O MESSIAS NEGRO;E2100040400000;ORIGINAL;SIM;ESTADOS UNIDOS;5005994;CINE BARRA POINT SALA 01;0;6000083;14200;39233;RIO DE JANEIRO;RJ;ARTE VITAL EXIBIÇÕES CINEMATOGRÁFICAS LTDA;03.459.043/0001-28
13/04/2021;13/04/2021 16:00:00;MONSTER HUNTER;MONSTER HUNTER;E2000403800000;DUBLADO;NÃO;ESTADOS UNIDOS;5006062;CENTERPLEX BOULEVARD 04;1;6000006;40317;40318;VITÓRIA DA CONQUISTA;BA;CINE ELI BAHIA CINEMAS LTDA - EM RECUPERACAO JUDICIAL;30.096.740/0001-34
13/04/2021;13/04/2021 16:00:00;RAYA AND THE LAST DRAGON;RAYA E O ÚLTIMO DRAGÃO;E2100035300000;DUBLADO;NÃO;ESTADOS UNIDOS;5004504;CINE GRACHER ESPAÇO HAVAN 1;5;6000032;5979;26111;BRUSQUE;SC;CINE GRACHER LTDA;07.272.690/0001-87
13/04/2021;13/04/2021 16:00:00;RAYA AND THE LAST DRAGON;RAYA E O ÚLTIMO DRAGÃO;E2100035300000;DUBLADO;NÃO;ESTADOS UNIDOS;5006657;SALA CINE VIEIRA 01;4;;47551;47598;SÃO BENTO;PB;COSTA E VIEIRA EMPREENDIMENTOS LTDA;10.866.528/0001-00
13/04/2021;13/04/2021 16:00:00;THE FATHER;THE FATHER;E1900616300000;ORIGINAL;SIM;INGLATERRA;5000068;KINOPLEX RIO SUL - SALA PLATINUM 04;15;6000037;1991;2390;RIO DE JANEIRO;RJ;EMPRESA CINEMAS SÃO LUIZ S/A;33.497.660/0001-89
13/04/2021;13/04/2021 16:00:00;THE FATHER;THE FATHER;E1900616300000;ORIGINAL;SIM;INGLATERRA;5005020;KINOPLEX VIA PARQUE 6;4;6000037;1991;13454;RIO DE JANEIRO;RJ;EMPRESA CINEMAS SÃO LUIZ S/A;33.497.660/0001-89
13/04/2021;13/04/2021 16:00:00;THE FATHER;THE FATHER;E1900616300000;ORIGINAL;SIM;INGLATERRA;5001932;SALA KINOPLEX LEBLON SALA 02;13;6000037;11751;11752;RIO DE JANEIRO;RJ;SR RIO DE JANEIRO CINEMAS S/A;08.262.566/0001-01
13/04/2021;13/04/2021 16:00:00;THE WIDOW;A VIÚVA DAS SOMBRAS;E2100005000000;ORIGINAL;SIM;RÚSSIA;5000067;KINOPLEX RIO SUL - SALA PLATINUM 03;2;6000037;1991;2390;RIO DE JANEIRO;RJ;EMPRESA CINEMAS SÃO LUIZ S/A;33.497.660/0001-89
13/04/2021;13/04/2021 16:00:00;THE WIDOW;A VIÚVA DAS SOMBRAS;E2100005000000;ORIGINAL;SIM;RÚSSIA;5000774;NEW YORK CITY CENTER - SALA 10;6;6000058;749;2620;RIO DE JANEIRO;RJ;UNITED CINEMAS INTERNATIONAL BRASIL LTDA.;01.289.530/0001-64
13/04/2021;13/04/2021 16:00:00;TOM & JERRY;TOM & JERRY - O FILME;E2000553800000;DUBLADO;NÃO;ESTADOS UNIDOS;5004502;CINE GRACHER ESPAÇO HAVAN 2;0;6000032;5979;26111;BRUSQUE;SC;CINE GRACHER LTDA;07.272.690/0001-87
13/04/2021;13/04/2021 16:00:00;TOM & JERRY;TOM & JERRY - O FILME;E2000553800000;DUBLADO;NÃO;ESTADOS UNIDOS;5005204;CINÉPOLIS RIO POTY SALA 8;9;6000024;17266;30352;TERESINA;PI;CINEPOLIS OPERADORA DE CINEMAS DO BRASIL LTDA;09.652.820/0001-32
13/04/2021;13/04/2021 16:10:00;RAYA AND THE LAST DRAGON;RAYA E O ÚLTIMO DRAGÃO;E2100035300000;DUBLADO;NÃO;ESTADOS UNIDOS;5001930;SALA KINOPLEX LEBLON SALA 01;1;6000037;11751;11752;RIO DE JANEIRO;RJ;SR RIO DE JANEIRO CINEMAS S/A;08.262.566/0001-01
13/04/2021;13/04/2021 16:10:00;TOM & JERRY;TOM & JERRY - O FILME;E2000553800000;DUBLADO;NÃO;ESTADOS UNIDOS;5004810;SHOPPING BOSQUE DOS IPÊS- SALA 04;2;6000058;749;27590;CAMPO GRANDE;MS;UNITED CINEMAS INTERNATIONAL BRASIL LTDA.;01.289.530/0001-64
13/04/2021;13/04/2021 16:15:00;RAYA AND THE LAST DRAGON;RAYA E O ÚLTIMO DRAGÃO;E2100035300000;DUBLADO;NÃO;ESTADOS UNIDOS;5005289;GRUPO CINE FRAIBURGO;0;6000034;30763;30765;FRAIBURGO;SC;CINEMA FRAIBURGO LTDA;17.067.309/0001-00
13/04/2021;13/04/2021 16:20:00;LUCICREIDE VAI PRA MARTE;;B1900421800000;ORIGINAL;NÃO;BRASIL;5001960;KINOPLEX NOVA AMÉRICA SALA 04;6;6000037;1991;2426;RIO DE JANEIRO;RJ;EMPRESA CINEMAS SÃO LUIZ S/A;33.497.660/0001-89
13/04/2021;13/04/2021 16:20:00;MONSTER HUNTER;MONSTER HUNTER;E2000403800000;DUBLADO;NÃO;ESTADOS UNIDOS;5003756;UCI BRASIL CG - SALA 05;7;6000058;749;23929;RIO DE JANEIRO;RJ;UNITED CINEMAS INTERNATIONAL BRASIL LTDA.;01.289.530/0001-64
13/04/2021;13/04/2021 16:20:00;THE WIDOW;A VIÚVA DAS SOMBRAS;E2100005000000;DUBLADO;NÃO;RÚSSIA;5005725;KINOPLEX IGUAÇU TOP SALA 05;9;6000037;1991;2387;NOVA IGUAÇU;RJ;EMPRESA CINEMAS SÃO LUIZ S/A;33.497.660/0001-89
13/04/2021;13/04/2021 16:20:00;TOM & JERRY;TOM & JERRY - O FILME;E2000553800000;DUBLADO;NÃO;ESTADOS UNIDOS;5002175;KINOPLEX TIJUCA SALA 02;4;6000037;11751;13416;RIO DE JANEIRO;RJ;SR RIO DE JANEIRO CINEMAS S/A;08.262.566/0001-01
13/04/2021;13/04/2021 16:20:00;TOM & JERRY;TOM & JERRY - O FILME;E2000553800000;DUBLADO;NÃO;ESTADOS UNIDOS;5000778;NEW YORK CITY CENTER - SALA 14;6;6000058;749;2620;RIO DE JANEIRO;RJ;UNITED CINEMAS INTERNATIONAL BRASIL LTDA.;01.289.530/0001-64
13/04/2021;13/04/2021 16:30:00;LUCICREIDE VAI PRA MARTE;;B1900421800000;ORIGINAL;NÃO;BRASIL;5000212;IGUATEMI 3;0;6000037;1991;2425;RIO DE JANEIRO;RJ;EMPRESA CINEMAS SÃO LUIZ S/A;33.497.660/0001-89
13/04/2021;13/04/2021 16:30:00;MONSTER HUNTER;MONSTER HUNTER;E2000403800000;DUBLADO;NÃO;ESTADOS UNIDOS;5004503;CINE GRACHER ESPAÇO HAVAN 3;0;6000032;5979;26111;BRUSQUE;SC;CINE GRACHER LTDA;07.272.690/0001-87
13/04/2021;13/04/2021 16:30:00;RAYA AND THE LAST DRAGON;RAYA E O ÚLTIMO DRAGÃO;E2100035300000;DUBLADO;NÃO;ESTADOS UNIDOS;5001957;KINOPLEX NOVA AMÉRICA SALA 01;4;6000037;1991;2426;RIO DE JANEIRO;RJ;EMPRESA CINEMAS SÃO LUIZ S/A;33.497.660/0001-89
13/04/2021;13/04/2021 16:30:00;RAYA AND THE LAST DRAGON;RAYA E O ÚLTIMO DRAGÃO;E2100035300000;DUBLADO;NÃO;ESTADOS UNIDOS;5002888;KINOPLEX WEST SHOPPING RIO 01;18;6000037;1991;17366;RIO DE JANEIRO;RJ;EMPRESA CINEMAS SÃO LUIZ S/A;33.497.660/0001-89
13/04/2021;13/04/2021 16:30:00;RAYA AND THE LAST DRAGON;RAYA E O ÚLTIMO DRAGÃO;E2100035300000;DUBLADO;NÃO;ESTADOS UNIDOS;5000062;SALA KINOPLEX MADUREIRA 02;14;6000037;1991;2389;RIO DE JANEIRO;RJ;EMPRESA CINEMAS SÃO LUIZ S/A;33.497.660/0001-89
13/04/2021;13/04/2021 16:30:00;THE WIDOW;A VIÚVA DAS SOMBRAS;E2100005000000;DUBLADO;NÃO;RÚSSIA;5001634;CINE TERESINA 1;10;;2140;6595;TERESINA;PI;CINEMAS TERESINA LTDA;02.142.566/0001-83
13/04/2021;13/04/2021 16:30:00;THE WIDOW;A VIÚVA DAS SOMBRAS;E2100005000000;DUBLADO;NÃO;RÚSSIA;5000205;KINOPLEX GRANDE RIO 2;16;6000037;1991;2424;SÃO JOÃO DE MERITI;RJ;EMPRESA CINEMAS SÃO LUIZ S/A;33.497.660/0001-89
13/04/2021;13/04/2021 16:30:00;TOM & JERRY;TOM & JERRY - O FILME;E2000553800000;DUBLADO;NÃO;ESTADOS UNIDOS;5006063;CENTERPLEX BOULEVARD 05;1;6000006;40317;40318;VITÓRIA DA CONQUISTA;BA;CINE ELI BAHIA CINEMAS LTDA - EM RECUPERACAO JUDICIAL;30.096.740/0001-34
13/04/2021;13/04/2021 16:30:00;TOM & JERRY;TOM & JERRY - O FILME;E2000553800000;DUBLADO;NÃO;ESTADOS UNIDOS;5002565;CINE CATARATAS 2;2;;15565;15566;FOZ DO IGUAÇU;PR;CINE CATARATAS LTDA;09.010.219/0001-46
13/04/2021;13/04/2021 16:30:00;TOM & JERRY;TOM & JERRY - O FILME;E2000553800000;DUBLADO;NÃO;ESTADOS UNIDOS;5005724;KINOPLEX IGUAÇU TOP SALA 04;28;6000037;1991;2387;NOVA IGUAÇU;RJ;EMPRESA CINEMAS SÃO LUIZ S/A;33.497.660/0001-89
13/04/2021;13/04/2021 16:35:00;RAYA AND THE LAST DRAGON;RAYA E O ÚLTIMO DRAGÃO;E2100035300000;DUBLADO;NÃO;ESTADOS UNIDOS;5002180;KINOPLEX TIJUCA SALA 06;10;6000037;11751;13416;RIO DE JANEIRO;RJ;SR RIO DE JANEIRO CINEMAS S/A;08.262.566/0001-01
13/04/2021;13/04/2021 16:40:00;JUDAS AND THE BLACK MESSIAH;JUDAS E O MESSIAS NEGRO;E2100040400000;ORIGINAL;SIM;ESTADOS UNIDOS;5002323;CINE SANTA TERESA;4;6000083;14200;14201;RIO DE JANEIRO;RJ;ARTE VITAL EXIBIÇÕES CINEMATOGRÁFICAS LTDA;03.459.043/0001-28
13/04/2021;13/04/2021 16:40:00;LUCICREIDE VAI PRA MARTE;;B1900421800000;ORIGINAL;NÃO;BRASIL;5000063;SALA KINOPLEX MADUREIRA 03;2;6000037;1991;2389;RIO DE JANEIRO;RJ;EMPRESA CINEMAS SÃO LUIZ S/A;33.497.660/0001-89
13/04/2021;13/04/2021 16:40:00;THE ELFKINS - BAKING A DIFFERENCE;É DOCE!;E2000077600000;DUBLADO;NÃO;ALEMANHA;5006645;PLAYARTE RORAIMA GARDEN SALA 04;0;6000049;39188;47248;BOA VISTA;RR;MULTIPLEX DO BRASIL ENTRETENIMENTO LTDA;27.595.833/0001-07
13/04/2021;13/04/2021 16:40:00;THE WIDOW;A VIÚVA DAS SOMBRAS;E2100005000000;DUBLADO;NÃO;RÚSSIA;5002891;KINOPLEX WEST SHOPPING RIO 02;10;6000037;1991;17366;RIO DE JANEIRO;RJ;EMPRESA CINEMAS SÃO LUIZ S/A;33.497.660/0001-89
13/04/2021;13/04/2021 16:40:00;TOM & JERRY;TOM & JERRY - O FILME;E2000553800000;DUBLADO;NÃO;ESTADOS UNIDOS;5000211;IGUATEMI 2;0;6000037;1991;2425;RIO DE JANEIRO;RJ;EMPRESA CINEMAS SÃO LUIZ S/A;33.497.660/0001-89
13/04/2021;13/04/2021 16:45:01;FOLLOW ME;SEM SAÍDA;E2100006300000;DUBLADO;NÃO;ESTADOS UNIDOS;5006493;CINE INTER SANTA INES 01;0;6000140;44834;44835;SANTA INÊS;MA;CINEINTER EXIBICOES CINEMATOGRAFICAS LTDA;35.477.354/0001-06
13/04/2021;13/04/2021 16:50:00;LUCICREIDE VAI PRA MARTE;;B1900421800000;ORIGINAL;NÃO;BRASIL;5002199;KINOPLEX VIA PARQUE 3;4;6000037;1991;13454;RIO DE JANEIRO;RJ;EMPRESA CINEMAS SÃO LUIZ S/A;33.497.660/0001-89
13/04/2021;13/04/2021 16:50:00;THE WIDOW;A VIÚVA DAS SOMBRAS;E2100005000000;DUBLADO;NÃO;RÚSSIA;5002051;UCI - KINOPLEX NORTE SHOPPING - SALA 02;11;6000059;2612;12748;RIO DE JANEIRO;RJ;UCI RIBEIRO LTDA;02.117.937/0001-77
13/04/2021;13/04/2021 16:50:00;TOM & JERRY;TOM & JERRY - O FILME;E2000553800000;DUBLADO;NÃO;ESTADOS UNIDOS;5001958;KINOPLEX NOVA AMÉRICA SALA 02;17;6000037;1991;2426;RIO DE JANEIRO;RJ;EMPRESA CINEMAS SÃO LUIZ S/A;33.497.660/0001-89
13/04/2021;13/04/2021 16:50:01;TOM & JERRY;TOM & JERRY - O FILME;E2000553800000;DUBLADO;NÃO;ESTADOS UNIDOS;5005270;MULTICINE SANTA MARIA SALA 01;3;6000045;5935;30733;BRASÍLIA;DF;MULTICINE CINEMAS LTDA;07.609.246/0001-04
13/04/2021;13/04/2021 17:00:00;RAYA AND THE LAST DRAGON;RAYA E O ÚLTIMO DRAGÃO;E2100035300000;DUBLADO;NÃO;ESTADOS UNIDOS;5001860;CINE GRACHER LTDA;0;6000032;5979;6687;BRUSQUE;SC;CINE GRACHER LTDA;07.272.690/0001-87
13/04/2021;13/04/2021 17:00:00;RAYA AND THE LAST DRAGON;RAYA E O ÚLTIMO DRAGÃO;E2100035300000;DUBLADO;NÃO;ESTADOS UNIDOS;5006669;CINE ITAGUARI - SALA 1;0;6000141;45886;48010;SANTO ANTÔNIO DE JESUS;BA;GF ANDRADE ENTRETENIMENTO E COMÉRCIO LTDA;23.200.362/0001-21
13/04/2021;13/04/2021 17:00:00;RAYA AND THE LAST DRAGON;RAYA E O ÚLTIMO DRAGÃO;E2100035300000;DUBLADO;NÃO;ESTADOS UNIDOS;5006217;CINE LAGUNA 2;2;6000141;24511;24512;ALAGOINHAS;BA;VICTORY EVENTOS & TURISMO LTDA;05.607.525/0001-03
13/04/2021;13/04/2021 17:00:00;THE WIDOW;A VIÚVA DAS SOMBRAS;E2100005000000;DUBLADO;NÃO;RÚSSIA;5006060;CENTERPLEX BOULEVARD 02;0;6000006;40317;40318;VITÓRIA DA CONQUISTA;BA;CINE ELI BAHIA CINEMAS LTDA - EM RECUPERACAO JUDICIAL;30.096.740/0001-34
13/04/2021;13/04/2021 17:00:00;TOM & JERRY;TOM & JERRY - O FILME;E2000553800000;DUBLADO;NÃO;ESTADOS UNIDOS;5002890;KINOPLEX WEST SHOPPING RIO 03;4;6000037;1991;17366;RIO DE JANEIRO;RJ;EMPRESA CINEMAS SÃO LUIZ S/A;33.497.660/0001-89
13/04/2021;13/04/2021 17:00:00;WONDER WOMAN 1984;MULHER-MARAVILHA 1984;E2000170200000;DUBLADO;NÃO;CANADÁ;5005206;CINÉPOLIS RIO POTY SALA 10;10;6000024;17266;30352;TERESINA;PI;CINEPOLIS OPERADORA DE CINEMAS DO BRASIL LTDA;09.652.820/0001-32
13/04/2021;13/04/2021 17:00:01;LUCICREIDE VAI PRA MARTE;;B1900421800000;ORIGINAL;NÃO;BRASIL;5005789;CIDADE LUZ 3 MAXXI STADIUM;0;;32725;32727;GUARABIRA;PB;VERONILDO COUTINHO DE SOUSA EIRELI- EPP;24.248.972/0001-68
13/04/2021;13/04/2021 17:10:00;RAYA AND THE LAST DRAGON;RAYA E O ÚLTIMO DRAGÃO;E2100035300000;DUBLADO;NÃO;ESTADOS UNIDOS;5000175;KINOPLEX PARKSHOPPING 3;0;6000037;2364;2415;BRASÍLIA;DF;CINEMAS PARIS SEVERIANO RIBEIRO LTDA;31.611.189/0001-82
13/04/2021;13/04/2021 17:10:00;WONDER WOMAN 1984;MULHER-MARAVILHA 1984;E2000170200000;DUBLADO;NÃO;CANADÁ;5005647;CINE TERESINA 4;9;;2140;6595;TERESINA;PI;CINEMAS TERESINA LTDA;02.142.566/0001-83
13/04/2021;13/04/2021 17:15:00;LUCICREIDE VAI PRA MARTE;;B1900421800000;ORIGINAL;NÃO;BRASIL;5005562;KINOPLEX NOVA IGUAÇU SALA 01;6;6000037;1991;33119;NOVA IGUAÇU;RJ;EMPRESA CINEMAS SÃO LUIZ S/A;33.497.660/0001-89
13/04/2021;13/04/2021 17:15:00;TOM & JERRY;TOM & JERRY - O FILME;E2000553800000;DUBLADO;NÃO;ESTADOS UNIDOS;5000171;KINOPLEX PARKSHOPPING 2;0;6000037;2364;2415;BRASÍLIA;DF;CINEMAS PARIS SEVERIANO RIBEIRO LTDA;31.611.189/0001-82
13/04/2021;13/04/2021 17:20:00;SPUTNIK;ESTRANHO PASSSAGEIRO - SPUTNIK;E2000513800000;DUBLADO;NÃO;RÚSSIA;5006644;PLAYARTE RORAIMA GARDEN SALA 03;0;6000049;39188;47248;BOA VISTA;RR;MULTIPLEX DO BRASIL ENTRETENIMENTO LTDA;27.595.833/0001-07
13/04/2021;13/04/2021 17:20:00;THE WIDOW;A VIÚVA DAS SOMBRAS;E2100005000000;DUBLADO;NÃO;RÚSSIA;5001959;KINOPLEX NOVA AMÉRICA SALA 03;23;6000037;1991;2426;RIO DE JANEIRO;RJ;EMPRESA CINEMAS SÃO LUIZ S/A;33.497.660/0001-89
13/04/2021;13/04/2021 17:20:00;THE WIDOW;A VIÚVA DAS SOMBRAS;E2100005000000;DUBLADO;NÃO;RÚSSIA;5000061;SALA KINOPLEX MADUREIRA 01;12;6000037;1991;2389;RIO DE JANEIRO;RJ;EMPRESA CINEMAS SÃO LUIZ S/A;33.497.660/0001-89
13/04/2021;13/04/2021 17:20:00;WONDER WOMAN 1984;MULHER-MARAVILHA 1984;E2000170200000;DUBLADO;NÃO;CANADÁ;5000167;KINOPLEX PARKSHOPPING 1;0;6000037;2364;2415;BRASÍLIA;DF;CINEMAS PARIS SEVERIANO RIBEIRO LTDA;31.611.189/0001-82
13/04/2021;13/04/2021 17:20:00;WONDER WOMAN 1984;MULHER-MARAVILHA 1984;E2000170200000;DUBLADO;NÃO;CANADÁ;5000770;NEW YORK CITY CENTER - SALA 06;15;6000058;749;2620;RIO DE JANEIRO;RJ;UNITED CINEMAS INTERNATIONAL BRASIL LTDA.;01.289.530/0001-64
13/04/2021;13/04/2021 17:20:00;WONDER WOMAN 1984;MULHER-MARAVILHA 1984;E2000170200000;DUBLADO;NÃO;CANADÁ;5004809;SHOPPING BOSQUE DOS IPÊS- SALA 03;2;6000058;749;27590;CAMPO GRANDE;MS;UNITED CINEMAS INTERNATIONAL BRASIL LTDA.;01.289.530/0001-64
13/04/2021;13/04/2021 17:30:00;JUDAS AND THE BLACK MESSIAH;JUDAS E O MESSIAS NEGRO;E2100040400000;ORIGINAL;SIM;ESTADOS UNIDOS;5005208;CINÉPOLIS RIO POTY SALA 12;2;6000024;17266;30352;TERESINA;PI;CINEPOLIS OPERADORA DE CINEMAS DO BRASIL LTDA;09.652.820/0001-32
13/04/2021;13/04/2021 17:30:00;JUDAS AND THE BLACK MESSIAH;JUDAS E O MESSIAS NEGRO;E2100040400000;ORIGINAL;SIM;ESTADOS UNIDOS;5000168;KINOPLEX PARKSHOPPING 5;0;6000037;2364;2415;BRASÍLIA;DF;CINEMAS PARIS SEVERIANO RIBEIRO LTDA;31.611.189/0001-82
13/04/2021;13/04/2021 17:30:00;LUCICREIDE VAI PRA MARTE;;B1900421800000;ORIGINAL;NÃO;BRASIL;5006064;CENTERPLEX BOULEVARD 06;0;6000006;40317;40318;VITÓRIA DA CONQUISTA;BA;CINE ELI BAHIA CINEMAS LTDA - EM RECUPERACAO JUDICIAL;30.096.740/0001-34
13/04/2021;13/04/2021 17:30:00;LUCICREIDE VAI PRA MARTE;;B1900421800000;ORIGINAL;NÃO;BRASIL;5006494;CINE INTER SANTA INES 02;0;6000140;44834;44835;SANTA INÊS;MA;CINEINTER EXIBICOES CINEMATOGRAFICAS LTDA;35.477.354/0001-06
13/04/2021;13/04/2021 17:30:00;MONSTER HUNTER;MONSTER HUNTER;E2000403800000;DUBLADO;NÃO;ESTADOS UNIDOS;5006670;CINE ITAGUARI - SALA 2;0;6000141;45886;48010;SANTO ANTÔNIO DE JESUS;BA;GF ANDRADE ENTRETENIMENTO E COMÉRCIO LTDA;23.200.362/0001-21
13/04/2021;13/04/2021 17:30:00;RAYA AND THE LAST DRAGON;RAYA E O ÚLTIMO DRAGÃO;E2100035300000;DUBLADO;NÃO;ESTADOS UNIDOS;5005545;CINE COLOMBO RESENDE SALA 03;0;6000008;15833;33011;RESENDE;RJ;CINE A LTDA;10.894.937/0001-01
13/04/2021;13/04/2021 17:30:00;RAYA AND THE LAST DRAGON;RAYA E O ÚLTIMO DRAGÃO;E2100035300000;DUBLADO;NÃO;ESTADOS UNIDOS;5005726;KINOPLEX IGUAÇU TOP SALA 06;28;6000037;1991;2387;NOVA IGUAÇU;RJ;EMPRESA CINEMAS SÃO LUIZ S/A;33.497.660/0001-89
13/04/2021;13/04/2021 17:30:00;RAYA AND THE LAST DRAGON;RAYA E O ÚLTIMO DRAGÃO;E2100035300000;DUBLADO;NÃO;ESTADOS UNIDOS;5005563;KINOPLEX NOVA IGUAÇU SALA 02 KINOEVOLUTION;19;6000037;1991;33119;NOVA IGUAÇU;RJ;EMPRESA CINEMAS SÃO LUIZ S/A;33.497.660/0001-89
13/04/2021;13/04/2021 17:35:00;RAYA AND THE LAST DRAGON;RAYA E O ÚLTIMO DRAGÃO;E2100035300000;DUBLADO;NÃO;ESTADOS UNIDOS;5002052;UCI - KINOPLEX NORTE SHOPPING - SALA 10;5;6000059;2612;12748;RIO DE JANEIRO;RJ;UCI RIBEIRO LTDA;02.117.937/0001-77
13/04/2021;13/04/2021 17:35:00;THE WIDOW;A VIÚVA DAS SOMBRAS;E2100005000000;DUBLADO;NÃO;RÚSSIA;5005271;MULTICINE SANTA MARIA SALA 02;2;6000045;5935;30733;BRASÍLIA;DF;MULTICINE CINEMAS LTDA;07.609.246/0001-04
13/04/2021;13/04/2021 17:40:00;DRUK;DRUK - MAIS UMA RODADA;E2100078400000;ORIGINAL;SIM;DINAMARCA;5000169;KINOPLEX PARKSHOPPING 6;0;6000037;2364;2415;BRASÍLIA;DF;CINEMAS PARIS SEVERIANO RIBEIRO LTDA;31.611.189/0001-82
13/04/2021;13/04/2021 17:40:00;JUDAS AND THE BLACK MESSIAH;JUDAS E O MESSIAS NEGRO;E2100040400000;ORIGINAL;SIM;ESTADOS UNIDOS;5001638;CINE TERESINA 7;0;;2140;6595;TERESINA;PI;CINEMAS TERESINA LTDA;02.142.566/0001-83
13/04/2021;13/04/2021 17:40:00;RAYA AND THE LAST DRAGON;RAYA E O ÚLTIMO DRAGÃO;E2100035300000;DUBLADO;NÃO;ESTADOS UNIDOS;5000780;NEW YORK CITY CENTER - SALA 16;5;6000058;749;2620;RIO DE JANEIRO;RJ;UNITED CINEMAS INTERNATIONAL BRASIL LTDA.;01.289.530/0001-64
13/04/2021;13/04/2021 17:40:00;THE WIDOW;A VIÚVA DAS SOMBRAS;E2100005000000;DUBLADO;NÃO;RÚSSIA;5001662;ORIENT CINEPLACE BOULEVARD SHOPPING - SALA 3;2;6000046;2869;6630;FEIRA DE SANTANA;BA;FEIRA PLEXCINE LTDA.;04.547.950/0001-91
13/04/2021;13/04/2021 17:45:00;RAYA AND THE LAST DRAGON;RAYA E O ÚLTIMO DRAGÃO;E2100035300000;DUBLADO;NÃO;ESTADOS UNIDOS;5006138;SALA CINE GUEDES 03;0;;23266;23267;PATOS;PB;LILIANE ROCHA DE MEDEIROS GUEDES-ME;16.844.526/0001-98
13/04/2021;13/04/2021 17:45:00;TOM & JERRY;TOM & JERRY - O FILME;E2000553800000;DUBLADO;NÃO;ESTADOS UNIDOS;5002355;SALA VILA RICA 2 CONVENCIONAL;2;;14637;14638;PRIMAVERA DO LESTE;MT;MAURICIO JOSE NICOLINO & CIA LTDA;05.724.035/0001-97
13/04/2021;13/04/2021 17:50:00;MONSTER HUNTER;MONSTER HUNTER;E2000403800000;ORIGINAL;SIM;ESTADOS UNIDOS;5005648;CINE TERESINA 5;6;;2140;6595;TERESINA;PI;CINEMAS TERESINA LTDA;02.142.566/0001-83
13/04/2021;13/04/2021 17:50:00;THE FATHER;THE FATHER;E1900616300000;ORIGINAL;SIM;INGLATERRA;5003765;UCI BRASIL - PARK SHOPPING CG - SALA 2;2;6000058;749;23929;RIO DE JANEIRO;RJ;UNITED CINEMAS INTERNATIONAL BRASIL LTDA.;01.289.530/0001-64
13/04/2021;13/04/2021 17:50:00;WONDER WOMAN 1984;MULHER-MARAVILHA 1984;E2000170200000;DUBLADO;NÃO;CANADÁ;5003766;UCI BRASIL - SHOPPING CG - SALA 03;26;6000058;749;23929;RIO DE JANEIRO;RJ;UNITED CINEMAS INTERNATIONAL BRASIL LTDA.;01.289.530/0001-64
13/04/2021;13/04/2021 18:00:00;MONSTER HUNTER;MONSTER HUNTER;E2000403800000;DUBLADO;NÃO;ESTADOS UNIDOS;5006058;CINE GRACHER JOAÇABA SALA 03;3;6000032;5979;40234;JOAÇABA;SC;CINE GRACHER LTDA;07.272.690/0001-87
13/04/2021;13/04/2021 18:00:00;MONSTER HUNTER;MONSTER HUNTER;E2000403800000;DUBLADO;NÃO;ESTADOS UNIDOS;5005204;CINÉPOLIS RIO POTY SALA 8;5;6000024;17266;30352;TERESINA;PI;CINEPOLIS OPERADORA DE CINEMAS DO BRASIL LTDA;09.652.820/0001-32
13/04/2021;13/04/2021 18:00:00;MONSTER HUNTER;MONSTER HUNTER;E2000403800000;DUBLADO;NÃO;ESTADOS UNIDOS;5004812;SHOPPING BOSQUE DOS IPÊS- SALA 06;8;6000058;749;27590;CAMPO GRANDE;MS;UNITED CINEMAS INTERNATIONAL BRASIL LTDA.;01.289.530/0001-64
13/04/2021;13/04/2021 18:00:00;RAYA AND THE LAST DRAGON;RAYA E O ÚLTIMO DRAGÃO;E2100035300000;DUBLADO;NÃO;ESTADOS UNIDOS;5002102;CINE DRIVEIN;38;;5465;6715;BRASÍLIA;DF;STARK'S CINEMA E LANCHONETE LTDA.;32.917.296/0001-04
13/04/2021;13/04/2021 18:00:00;RAYA AND THE LAST DRAGON;RAYA E O ÚLTIMO DRAGÃO;E2100035300000;DUBLADO;NÃO;ESTADOS UNIDOS;5006056;CINE GRACHER JOAÇABA SALA 01;0;6000032;5979;40234;JOAÇABA;SC;CINE GRACHER LTDA;07.272.690/0001-87
13/04/2021;13/04/2021 18:00:00;RAYA AND THE LAST DRAGON;RAYA E O ÚLTIMO DRAGÃO;E2100035300000;DUBLADO;NÃO;ESTADOS UNIDOS;5001636;CINE TERESINA 3;3;;2140;6595;TERESINA;PI;CINEMAS TERESINA LTDA;02.142.566/0001-83
13/04/2021;13/04/2021 18:00:00;RAYA AND THE LAST DRAGON;RAYA E O ÚLTIMO DRAGÃO;E2100035300000;DUBLADO;NÃO;ESTADOS UNIDOS;5000210;IGUATEMI 1;5;6000037;1991;2425;RIO DE JANEIRO;RJ;EMPRESA CINEMAS SÃO LUIZ S/A;33.497.660/0001-89
13/04/2021;13/04/2021 18:00:00;RAYA AND THE LAST DRAGON;RAYA E O ÚLTIMO DRAGÃO;E2100035300000;DUBLADO;NÃO;ESTADOS UNIDOS;5000204;KINOPLEX GRANDE RIO 1;11;6000037;1991;2424;SÃO JOÃO DE MERITI;RJ;EMPRESA CINEMAS SÃO LUIZ S/A;33.497.660/0001-89
13/04/2021;13/04/2021 18:00:00;THE FATHER;THE FATHER;E1900616300000;ORIGINAL;SIM;INGLATERRA;5000765;NEW YORK CITY CENTER - SALA 01;4;6000058;749;2620;RIO DE JANEIRO;RJ;UNITED CINEMAS INTERNATIONAL BRASIL LTDA.;01.289.530/0001-64
13/04/2021;13/04/2021 18:00:00;TOM & JERRY;TOM & JERRY - O FILME;E2000553800000;DUBLADO;NÃO;ESTADOS UNIDOS;5006059;CENTERPLEX BOULEVARD 01;1;6000006;40317;40318;VITÓRIA DA CONQUISTA;BA;CINE ELI BAHIA CINEMAS LTDA - EM RECUPERACAO JUDICIAL;30.096.740/0001-34
13/04/2021;13/04/2021 18:00:00;TOM & JERRY;TOM & JERRY - O FILME;E2000553800000;DUBLADO;NÃO;ESTADOS UNIDOS;5006643;PLAYARTE RORAIMA GARDEN SALA 02;6;6000049;39188;47248;BOA VISTA;RR;MULTIPLEX DO BRASIL ENTRETENIMENTO LTDA;27.595.833/0001-07
13/04/2021;13/04/2021 18:05:00;DEPOIS A LOUCA SOU EU;;B2000078000000;DUBLADO;NÃO;BRASIL;5002059;UCI - KINOPLEX NORTE SHOPPING - SALA 07;1;6000059;2612;12748;RIO DE JANEIRO;RJ;UCI RIBEIRO LTDA;02.117.937/0001-77
13/04/2021;13/04/2021 18:10:00;LUCICREIDE VAI PRA MARTE;;B1900421800000;ORIGINAL;NÃO;BRASIL;5001637;CINE TERESINA 6;4;;2140;6595;TERESINA;PI;CINEMAS TERESINA LTDA;02.142.566/0001-83
13/04/2021;13/04/2021 18:10:00;LUCICREIDE VAI PRA MARTE;;B1900421800000;ORIGINAL;NÃO;BRASIL;5003652;SALA CINE GUEDES 01;0;;23266;23267;PATOS;PB;LILIANE ROCHA DE MEDEIROS GUEDES-ME;16.844.526/0001-98
13/04/2021;13/04/2021 18:10:00;MONSTER HUNTER;MONSTER HUNTER;E2000403800000;DUBLADO;NÃO;ESTADOS UNIDOS;5000206;KINOPLEX GRANDE RIO 3;10;6000037;1991;2424;SÃO JOÃO DE MERITI;RJ;EMPRESA CINEMAS SÃO LUIZ S/A;33.497.660/0001-89
13/04/2021;13/04/2021 18:10:00;MONSTER HUNTER;MONSTER HUNTER;E2000403800000;DUBLADO;NÃO;ESTADOS UNIDOS;5005564;KINOPLEX NOVA IGUAÇU SALA 03 PLATINUM;19;6000037;1991;33119;NOVA IGUAÇU;RJ;EMPRESA CINEMAS SÃO LUIZ S/A;33.497.660/0001-89
13/04/2021;13/04/2021 18:10:00;THE FATHER;THE FATHER;E1900616300000;ORIGINAL;SIM;INGLATERRA;5000166;KINOPLEX PARKSHOPPING 4;0;6000037;2364;2415;BRASÍLIA;DF;CINEMAS PARIS SEVERIANO RIBEIRO LTDA;31.611.189/0001-82
13/04/2021;13/04/2021 18:10:00;THE FATHER;THE FATHER;E1900616300000;ORIGINAL;SIM;INGLATERRA;5002179;KINOPLEX TIJUCA SALA 05;23;6000037;11751;13416;RIO DE JANEIRO;RJ;SR RIO DE JANEIRO CINEMAS S/A;08.262.566/0001-01
13/04/2021;13/04/2021 18:10:00;THE WIDOW;A VIÚVA DAS SOMBRAS;E2100005000000;DUBLADO;NÃO;RÚSSIA;5005205;CINÉPOLIS RIO POTY SALA 9;7;6000024;17266;30352;TERESINA;PI;CINEPOLIS OPERADORA DE CINEMAS DO BRASIL LTDA;09.652.820/0001-32
13/04/2021;13/04/2021 18:10:00;TOM & JERRY;TOM & JERRY - O FILME;E2000553800000;DUBLADO;NÃO;ESTADOS UNIDOS;5001635;CINE TERESINA 2;2;;2140;6595;TERESINA;PI;CINEMAS TERESINA LTDA;02.142.566/0001-83
13/04/2021;13/04/2021 18:15:00;RAYA AND THE LAST DRAGON;RAYA E O ÚLTIMO DRAGÃO;E2100035300000;DUBLADO;NÃO;ESTADOS UNIDOS;5006001;CINE GRACHER INDAIAL - SALA 04;0;6000032;5979;39283;INDAIAL;SC;CINE GRACHER LTDA;07.272.690/0001-87
13/04/2021;13/04/2021 18:15:00;RAYA AND THE LAST DRAGON;RAYA E O ÚLTIMO DRAGÃO;E2100035300000;DUBLADO;NÃO;ESTADOS UNIDOS;5006086;CINE GRACHER PORTO BELO SALA 04;5;6000032;5979;40771;PORTO BELO;SC;CINE GRACHER LTDA;07.272.690/0001-87
13/04/2021;13/04/2021 18:15:00;RAYA AND THE LAST DRAGON;RAYA E O ÚLTIMO DRAGÃO;E2100035300000;DUBLADO;NÃO;ESTADOS UNIDOS;5006112;CINE GRACHER SÃO BENTO 02;4;6000032;5979;41056;SÃO BENTO DO SUL;SC;CINE GRACHER LTDA;07.272.690/0001-87
13/04/2021;13/04/2021 18:20:00;FOLLOW ME;SEM SAÍDA;E2100006300000;DUBLADO;NÃO;ESTADOS UNIDOS;5006657;SALA CINE VIEIRA 01;0;;47551;47598;SÃO BENTO;PB;COSTA E VIEIRA EMPREENDIMENTOS LTDA;10.866.528/0001-00
13/04/2021;13/04/2021 18:20:00;HONEST THIEF;LEGADO EXPLOSIVO;E2000416200000;DUBLADO;NÃO;ESTADOS UNIDOS;5005725;KINOPLEX IGUAÇU TOP SALA 05;10;6000037;1991;2387;NOVA IGUAÇU;RJ;EMPRESA CINEMAS SÃO LUIZ S/A;33.497.660/0001-89
13/04/2021;13/04/2021 18:20:00;JUDAS AND THE BLACK MESSIAH;JUDAS E O MESSIAS NEGRO;E2100040400000;ORIGINAL;SIM;ESTADOS UNIDOS;5000774;NEW YORK CITY CENTER - SALA 10;3;6000058;749;2620;RIO DE JANEIRO;RJ;UNITED CINEMAS INTERNATIONAL BRASIL LTDA.;01.289.530/0001-64
13/04/2021;13/04/2021 18:20:00;RAYA AND THE LAST DRAGON;RAYA E O ÚLTIMO DRAGÃO;E2100035300000;DUBLADO;NÃO;ESTADOS UNIDOS;5002566;CINE CATARATAS 3;5;;15565;15566;FOZ DO IGUAÇU;PR;CINE CATARATAS LTDA;09.010.219/0001-46
13/04/2021;13/04/2021 18:20:00;RAYA AND THE LAST DRAGON;RAYA E O ÚLTIMO DRAGÃO;E2100035300000;DUBLADO;NÃO;ESTADOS UNIDOS;5000065;KINOPLEX RIO SUL - SALA KINOEVOLUTIUM 01;11;6000037;1991;2390;RIO DE JANEIRO;RJ;EMPRESA CINEMAS SÃO LUIZ S/A;33.497.660/0001-89
13/04/2021;13/04/2021 18:20:00;RAYA AND THE LAST DRAGON;RAYA E O ÚLTIMO DRAGÃO;E2100035300000;DUBLADO;NÃO;ESTADOS UNIDOS;5000066;KINOPLEX RIO SUL - SALA KINOEVOLUTIUM 02;0;6000037;1991;2390;RIO DE JANEIRO;RJ;EMPRESA CINEMAS SÃO LUIZ S/A;33.497.660/0001-89
13/04/2021;13/04/2021 18:20:00;RAYA AND THE LAST DRAGON;RAYA E O ÚLTIMO DRAGÃO;E2100035300000;DUBLADO;NÃO;ESTADOS UNIDOS;5005018;KINOPLEX VIA PARQUE 4- KINOEVOLUTION;17;6000037;1991;13454;RIO DE JANEIRO;RJ;EMPRESA CINEMAS SÃO LUIZ S/A;33.497.660/0001-89
13/04/2021;13/04/2021 18:20:00;THE WIDOW;A VIÚVA DAS SOMBRAS;E2100005000000;DUBLADO;NÃO;RÚSSIA;5004810;SHOPPING BOSQUE DOS IPÊS- SALA 04;2;6000058;749;27590;CAMPO GRANDE;MS;UNITED CINEMAS INTERNATIONAL BRASIL LTDA.;01.289.530/0001-64
13/04/2021;13/04/2021 18:20:00;TOM & JERRY;TOM & JERRY - O FILME;E2000553800000;DUBLADO;NÃO;ESTADOS UNIDOS;5003762;UCI BRASIL PARK CG - SALA 04;6;6000058;749;23929;RIO DE JANEIRO;RJ;UNITED CINEMAS INTERNATIONAL BRASIL LTDA.;01.289.530/0001-64
13/04/2021;13/04/2021 18:30:00;DRUK;DRUK - MAIS UMA RODADA;E2100078400000;ORIGINAL;SIM;DINAMARCA;5000067;KINOPLEX RIO SUL - SALA PLATINUM 03;9;6000037;1991;2390;RIO DE JANEIRO;RJ;EMPRESA CINEMAS SÃO LUIZ S/A;33.497.660/0001-89
13/04/2021;13/04/2021 18:30:00;DRUK;DRUK - MAIS UMA RODADA;E2100078400000;ORIGINAL;SIM;DINAMARCA;5001932;SALA KINOPLEX LEBLON SALA 02;4;6000037;11751;11752;RIO DE JANEIRO;RJ;SR RIO DE JANEIRO CINEMAS S/A;08.262.566/0001-01
13/04/2021;13/04/2021 18:30:00;LUCICREIDE VAI PRA MARTE;;B1900421800000;DUBLADO;NÃO;BRASIL;5002053;UCI - KINOPLEX NORTE SHOPPING - SALA 08;4;6000059;2612;12748;RIO DE JANEIRO;RJ;UCI RIBEIRO LTDA;02.117.937/0001-77
13/04/2021;13/04/2021 18:30:00;MONSTER HUNTER;MONSTER HUNTER;E2000403800000;DUBLADO;NÃO;ESTADOS UNIDOS;5006062;CENTERPLEX BOULEVARD 04;1;6000006;40317;40318;VITÓRIA DA CONQUISTA;BA;CINE ELI BAHIA CINEMAS LTDA - EM RECUPERACAO JUDICIAL;30.096.740/0001-34
13/04/2021;13/04/2021 18:30:00;MONSTER HUNTER;MONSTER HUNTER;E2000403800000;DUBLADO;NÃO;ESTADOS UNIDOS;5002565;CINE CATARATAS 2;9;;15565;15566;FOZ DO IGUAÇU;PR;CINE CATARATAS LTDA;09.010.219/0001-46
13/04/2021;13/04/2021 18:30:00;MONSTER HUNTER;MONSTER HUNTER;E2000403800000;DUBLADO;NÃO;ESTADOS UNIDOS;5005543;CINE COLOMBO RESENDE SALA 01;0;6000008;15833;33011;RESENDE;RJ;CINE A LTDA;10.894.937/0001-01
13/04/2021;13/04/2021 18:30:00;MONSTER HUNTER;MONSTER HUNTER;E2000403800000;DUBLADO;NÃO;ESTADOS UNIDOS;5006000;CINE GRACHER INDAIAL - SALA 03;2;6000032;5979;39283;INDAIAL;SC;CINE GRACHER LTDA;07.272.690/0001-87
13/04/2021;13/04/2021 18:30:00;MONSTER HUNTER;MONSTER HUNTER;E2000403800000;DUBLADO;NÃO;ESTADOS UNIDOS;5006085;CINE GRACHER PORTO BELO SALA 03;0;6000032;5979;40771;PORTO BELO;SC;CINE GRACHER LTDA;07.272.690/0001-87
13/04/2021;13/04/2021 18:30:00;MONSTER HUNTER;MONSTER HUNTER;E2000403800000;DUBLADO;NÃO;ESTADOS UNIDOS;5006114;CINE GRACHER SÃO BENTO 04;0;6000032;5979;41056;SÃO BENTO DO SUL;SC;CINE GRACHER LTDA;07.272.690/0001-87
13/04/2021;13/04/2021 18:30:00;MONSTER HUNTER;MONSTER HUNTER;E2000403800000;DUBLADO;NÃO;ESTADOS UNIDOS;5001960;KINOPLEX NOVA AMÉRICA SALA 04;12;6000037;1991;2426;RIO DE JANEIRO;RJ;EMPRESA CINEMAS SÃO LUIZ S/A;33.497.660/0001-89
13/04/2021;13/04/2021 18:30:00;RAYA AND THE LAST DRAGON;RAYA E O ÚLTIMO DRAGÃO;E2100035300000;DUBLADO;NÃO;ESTADOS UNIDOS;5005289;GRUPO CINE FRAIBURGO;3;6000034;30763;30765;FRAIBURGO;SC;CINEMA FRAIBURGO LTDA;17.067.309/0001-00
13/04/2021;13/04/2021 18:30:00;THE FATHER;THE FATHER;E1900616300000;ORIGINAL;SIM;INGLATERRA;5005020;KINOPLEX VIA PARQUE 6;9;6000037;1991;13454;RIO DE JANEIRO;RJ;EMPRESA CINEMAS SÃO LUIZ S/A;33.497.660/0001-89
13/04/2021;13/04/2021 18:30:00;THE FATHER;THE FATHER;E1900616300000;ORIGINAL;SIM;INGLATERRA;5002057;UCI - KINOPLEX NORTE SHOPPING - SALA 03;0;6000059;2612;12748;RIO DE JANEIRO;RJ;UCI RIBEIRO LTDA;02.117.937/0001-77
13/04/2021;13/04/2021 18:30:00;THE WIDOW;A VIÚVA DAS SOMBRAS;E2100005000000;ORIGINAL;SIM;RÚSSIA;5001634;CINE TERESINA 1;2;;2140;6595;TERESINA;PI;CINEMAS TERESINA LTDA;02.142.566/0001-83
13/04/2021;13/04/2021 18:30:00;THE WIDOW;A VIÚVA DAS SOMBRAS;E2100005000000;DUBLADO;NÃO;RÚSSIA;5000205;KINOPLEX GRANDE RIO 2;28;6000037;1991;2424;SÃO JOÃO DE MERITI;RJ;EMPRESA CINEMAS SÃO LUIZ S/A;33.497.660/0001-89
13/04/2021;13/04/2021 18:30:00;TOM & JERRY;TOM & JERRY - O FILME;E2000553800000;DUBLADO;NÃO;ESTADOS UNIDOS;5002337;CENTER CINE;0;;14489;14490;OLIVEIRA;MG;CENTER CINE E EVENTOS LTDA;10.311.428/0001-09
13/04/2021;13/04/2021 18:30:00;TOM & JERRY;TOM & JERRY - O FILME;E2000553800000;DUBLADO;NÃO;ESTADOS UNIDOS;5005998;CINE GRACHER INDAIAL - SALA 01;2;6000032;5979;39283;INDAIAL;SC;CINE GRACHER LTDA;07.272.690/0001-87
13/04/2021;13/04/2021 18:30:00;TOM & JERRY;TOM & JERRY - O FILME;E2000553800000;DUBLADO;NÃO;ESTADOS UNIDOS;5006083;CINE GRACHER PORTO BELO SALA 01;8;6000032;5979;40771;PORTO BELO;SC;CINE GRACHER LTDA;07.272.690/0001-87
13/04/2021;13/04/2021 18:30:00;TOM & JERRY;TOM & JERRY - O FILME;E2000553800000;DUBLADO;NÃO;ESTADOS UNIDOS;5006111;CINE GRACHER SÃO BENTO 01;5;6000032;5979;41056;SÃO BENTO DO SUL;SC;CINE GRACHER LTDA;07.272.690/0001-87
13/04/2021;13/04/2021 18:30:00;WONDER WOMAN 1984;MULHER-MARAVILHA 1984;E2000170200000;DUBLADO;NÃO;CANADÁ;5006645;PLAYARTE RORAIMA GARDEN SALA 04;1;6000049;39188;47248;BOA VISTA;RR;MULTIPLEX DO BRASIL ENTRETENIMENTO LTDA;27.595.833/0001-07
13/04/2021;13/04/2021 18:40:00;DRUK;DRUK - MAIS UMA RODADA;E2100078400000;ORIGINAL;SIM;DINAMARCA;5005994;CINE BARRA POINT SALA 01;0;6000083;14200;39233;RIO DE JANEIRO;RJ;ARTE VITAL EXIBIÇÕES CINEMATOGRÁFICAS LTDA;03.459.043/0001-28
13/04/2021;13/04/2021 18:40:00;DRUK;DRUK - MAIS UMA RODADA;E2100078400000;ORIGINAL;SIM;DINAMARCA;5002175;KINOPLEX TIJUCA SALA 02;3;6000037;11751;13416;RIO DE JANEIRO;RJ;SR RIO DE JANEIRO CINEMAS S/A;08.262.566/0001-01
13/04/2021;13/04/2021 18:40:00;LUCICREIDE VAI PRA MARTE;;B1900421800000;ORIGINAL;NÃO;BRASIL;5006493;CINE INTER SANTA INES 01;2;6000140;44834;44835;SANTA INÊS;MA;CINEINTER EXIBICOES CINEMATOGRAFICAS LTDA;35.477.354/0001-06
13/04/2021;13/04/2021 18:40:00;LUCICREIDE VAI PRA MARTE;;B1900421800000;ORIGINAL;NÃO;BRASIL;5005724;KINOPLEX IGUAÇU TOP SALA 04;25;6000037;1991;2387;NOVA IGUAÇU;RJ;EMPRESA CINEMAS SÃO LUIZ S/A;33.497.660/0001-89
13/04/2021;13/04/2021 18:40:00;MONSTER HUNTER;MONSTER HUNTER;E2000403800000;DUBLADO;NÃO;ESTADOS UNIDOS;5000212;IGUATEMI 3;3;6000037;1991;2425;RIO DE JANEIRO;RJ;EMPRESA CINEMAS SÃO LUIZ S/A;33.497.660/0001-89
13/04/2021;13/04/2021 18:40:00;MONSTER HUNTER;MONSTER HUNTER;E2000403800000;DUBLADO;NÃO;ESTADOS UNIDOS;5000063;SALA KINOPLEX MADUREIRA 03;13;6000037;1991;2389;RIO DE JANEIRO;RJ;EMPRESA CINEMAS SÃO LUIZ S/A;33.497.660/0001-89
13/04/2021;13/04/2021 18:40:00;RAYA AND THE LAST DRAGON;RAYA E O ÚLTIMO DRAGÃO;E2100035300000;DUBLADO;NÃO;ESTADOS UNIDOS;5005272;MULTICINE SANTA MARIA SALA 03;4;6000045;5935;30733;BRASÍLIA;DF;MULTICINE CINEMAS LTDA;07.609.246/0001-04
13/04/2021;13/04/2021 18:40:00;THE WIDOW;A VIÚVA DAS SOMBRAS;E2100005000000;DUBLADO;NÃO;RÚSSIA;5005568;KINOPLEX NOVA IGUAÇU SALA 07;4;6000037;1991;33119;NOVA IGUAÇU;RJ;EMPRESA CINEMAS SÃO LUIZ S/A;33.497.660/0001-89
13/04/2021;13/04/2021 18:40:00;THE WIDOW;A VIÚVA DAS SOMBRAS;E2100005000000;DUBLADO;NÃO;RÚSSIA;5002891;KINOPLEX WEST SHOPPING RIO 02;7;6000037;1991;17366;RIO DE JANEIRO;RJ;EMPRESA CINEMAS SÃO LUIZ S/A;33.497.660/0001-89
13/04/2021;13/04/2021 18:40:00;THE WIDOW;A VIÚVA DAS SOMBRAS;E2100005000000;DUBLADO;NÃO;RÚSSIA;5003756;UCI BRASIL CG - SALA 05;17;6000058;749;23929;RIO DE JANEIRO;RJ;UNITED CINEMAS INTERNATIONAL BRASIL LTDA.;01.289.530/0001-64
13/04/2021;13/04/2021 18:45:00;LUCICREIDE VAI PRA MARTE;;B1900421800000;ORIGINAL;NÃO;BRASIL;5006061;CENTERPLEX BOULEVARD 03;0;6000006;40317;40318;VITÓRIA DA CONQUISTA;BA;CINE ELI BAHIA CINEMAS LTDA - EM RECUPERACAO JUDICIAL;30.096.740/0001-34
13/04/2021;13/04/2021 18:45:00;MONSTER HUNTER;MONSTER HUNTER;E2000403800000;DUBLADO;NÃO;ESTADOS UNIDOS;5001862;CINE GRACHER LTDA;0;6000032;5979;6687;BRUSQUE;SC;CINE GRACHER LTDA;07.272.690/0001-87
13/04/2021;13/04/2021 18:45:00;RAYA AND THE LAST DRAGON;RAYA E O ÚLTIMO DRAGÃO;E2100035300000;DUBLADO;NÃO;ESTADOS UNIDOS;5004504;CINE GRACHER ESPAÇO HAVAN 1;4;6000032;5979;26111;BRUSQUE;SC;CINE GRACHER LTDA;07.272.690/0001-87
13/04/2021;13/04/2021 18:45:00;TOM & JERRY;TOM & JERRY - O FILME;E2000553800000;DUBLADO;NÃO;ESTADOS UNIDOS;5001861;CINE GRACHER LTDA;0;6000032;5979;6687;BRUSQUE;SC;CINE GRACHER LTDA;07.272.690/0001-87
13/04/2021;13/04/2021 18:50:00;THE FATHER;THE FATHER;E1900616300000;ORIGINAL;SIM;INGLATERRA;5001930;SALA KINOPLEX LEBLON SALA 01;34;6000037;11751;11752;RIO DE JANEIRO;RJ;SR RIO DE JANEIRO CINEMAS S/A;08.262.566/0001-01
13/04/2021;13/04/2021 19:00:00;LUCICREIDE VAI PRA MARTE;;B1900421800000;ORIGINAL;NÃO;BRASIL;5005789;CIDADE LUZ 3 MAXXI STADIUM;4;;32725;32727;GUARABIRA;PB;VERONILDO COUTINHO DE SOUSA EIRELI- EPP;24.248.972/0001-68
13/04/2021;13/04/2021 19:00:00;MONSTER HUNTER;MONSTER HUNTER;E2000403800000;DUBLADO;NÃO;ESTADOS UNIDOS;5005270;MULTICINE SANTA MARIA SALA 01;5;6000045;5935;30733;BRASÍLIA;DF;MULTICINE CINEMAS LTDA;07.609.246/0001-04
13/04/2021;13/04/2021 19:00:00;MONSTER HUNTER;MONSTER HUNTER;E2000403800000;DUBLADO;NÃO;ESTADOS UNIDOS;5000778;NEW YORK CITY CENTER - SALA 14;14;6000058;749;2620;RIO DE JANEIRO;RJ;UNITED CINEMAS INTERNATIONAL BRASIL LTDA.;01.289.530/0001-64
13/04/2021;13/04/2021 19:00:00;RAYA AND THE LAST DRAGON;RAYA E O ÚLTIMO DRAGÃO;E2100035300000;DUBLADO;NÃO;ESTADOS UNIDOS;5001957;KINOPLEX NOVA AMÉRICA SALA 01;24;6000037;1991;2426;RIO DE JANEIRO;RJ;EMPRESA CINEMAS SÃO LUIZ S/A;33.497.660/0001-89
13/04/2021;13/04/2021 19:00:00;RAYA AND THE LAST DRAGON;RAYA E O ÚLTIMO DRAGÃO;E2100035300000;DUBLADO;NÃO;ESTADOS UNIDOS;5002888;KINOPLEX WEST SHOPPING RIO 01;11;6000037;1991;17366;RIO DE JANEIRO;RJ;EMPRESA CINEMAS SÃO LUIZ S/A;33.497.660/0001-89
13/04/2021;13/04/2021 19:00:00;RAYA AND THE LAST DRAGON;RAYA E O ÚLTIMO DRAGÃO;E2100035300000;DUBLADO;NÃO;ESTADOS UNIDOS;5000062;SALA KINOPLEX MADUREIRA 02;15;6000037;1991;2389;RIO DE JANEIRO;RJ;EMPRESA CINEMAS SÃO LUIZ S/A;33.497.660/0001-89
13/04/2021;13/04/2021 19:00:00;RAYA AND THE LAST DRAGON;RAYA E O ÚLTIMO DRAGÃO;E2100035300000;DUBLADO;NÃO;ESTADOS UNIDOS;5004300;SALA VILA RICA 1 3D;10;;14637;14638;PRIMAVERA DO LESTE;MT;MAURICIO JOSE NICOLINO & CIA LTDA;05.724.035/0001-97
13/04/2021;13/04/2021 19:00:00;THE FATHER;THE FATHER;E1900616300000;ORIGINAL;SIM;INGLATERRA;5000068;KINOPLEX RIO SUL - SALA PLATINUM 04;8;6000037;1991;2390;RIO DE JANEIRO;RJ;EMPRESA CINEMAS SÃO LUIZ S/A;33.497.660/0001-89
13/04/2021;13/04/2021 19:00:00;THE WIDOW;A VIÚVA DAS SOMBRAS;E2100005000000;DUBLADO;NÃO;RÚSSIA;5006060;CENTERPLEX BOULEVARD 02;0;6000006;40317;40318;VITÓRIA DA CONQUISTA;BA;CINE ELI BAHIA CINEMAS LTDA - EM RECUPERACAO JUDICIAL;30.096.740/0001-34
13/04/2021;13/04/2021 19:00:00;THE WIDOW;A VIÚVA DAS SOMBRAS;E2100005000000;DUBLADO;NÃO;RÚSSIA;5004503;CINE GRACHER ESPAÇO HAVAN 3;0;6000032;5979;26111;BRUSQUE;SC;CINE GRACHER LTDA;07.272.690/0001-87
13/04/2021;13/04/2021 19:00:00;THE WIDOW;A VIÚVA DAS SOMBRAS;E2100005000000;DUBLADO;NÃO;RÚSSIA;5000211;IGUATEMI 2;10;6000037;1991;2425;RIO DE JANEIRO;RJ;EMPRESA CINEMAS SÃO LUIZ S/A;33.497.660/0001-89
13/04/2021;13/04/2021 19:00:00;THE WIDOW;A VIÚVA DAS SOMBRAS;E2100005000000;DUBLADO;NÃO;RÚSSIA;5002199;KINOPLEX VIA PARQUE 3;4;6000037;1991;13454;RIO DE JANEIRO;RJ;EMPRESA CINEMAS SÃO LUIZ S/A;33.497.660/0001-89
13/04/2021;13/04/2021 19:00:00;TOM & JERRY;TOM & JERRY - O FILME;E2000553800000;DUBLADO;NÃO;ESTADOS UNIDOS;5004502;CINE GRACHER ESPAÇO HAVAN 2;3;6000032;5979;26111;BRUSQUE;SC;CINE GRACHER LTDA;07.272.690/0001-87
13/04/2021;13/04/2021 19:10:00;DRUK;DRUK - MAIS UMA RODADA;E2100078400000;ORIGINAL;SIM;DINAMARCA;5002323;CINE SANTA TERESA;4;6000083;14200;14201;RIO DE JANEIRO;RJ;ARTE VITAL EXIBIÇÕES CINEMATOGRÁFICAS LTDA;03.459.043/0001-28
13/04/2021;13/04/2021 19:10:00;HONEST THIEF;LEGADO EXPLOSIVO;E2000416200000;DUBLADO;NÃO;ESTADOS UNIDOS;5001958;KINOPLEX NOVA AMÉRICA SALA 02;16;6000037;1991;2426;RIO DE JANEIRO;RJ;EMPRESA CINEMAS SÃO LUIZ S/A;33.497.660/0001-89
13/04/2021;13/04/2021 19:10:00;MONSTER HUNTER;MONSTER HUNTER;E2000403800000;DUBLADO;NÃO;ESTADOS UNIDOS;5002890;KINOPLEX WEST SHOPPING RIO 03;15;6000037;1991;17366;RIO DE JANEIRO;RJ;EMPRESA CINEMAS SÃO LUIZ S/A;33.497.660/0001-89
13/04/2021;13/04/2021 19:10:00;THE WIDOW;A VIÚVA DAS SOMBRAS;E2100005000000;ORIGINAL;SIM;RÚSSIA;5002180;KINOPLEX TIJUCA SALA 06;8;6000037;11751;13416;RIO DE JANEIRO;RJ;SR RIO DE JANEIRO CINEMAS S/A;08.262.566/0001-01
13/04/2021;13/04/2021 19:20:00;THE WIDOW;A VIÚVA DAS SOMBRAS;E2100005000000;DUBLADO;NÃO;RÚSSIA;5001959;KINOPLEX NOVA AMÉRICA SALA 03;25;6000037;1991;2426;RIO DE JANEIRO;RJ;EMPRESA CINEMAS SÃO LUIZ S/A;33.497.660/0001-89
13/04/2021;13/04/2021 19:20:00;THE WIDOW;A VIÚVA DAS SOMBRAS;E2100005000000;DUBLADO;NÃO;RÚSSIA;5000061;SALA KINOPLEX MADUREIRA 01;10;6000037;1991;2389;RIO DE JANEIRO;RJ;EMPRESA CINEMAS SÃO LUIZ S/A;33.497.660/0001-89
13/04/2021;13/04/2021 19:30:00;PINOCCHIO;PINÓQUIO;E2000294800000;DUBLADO;NÃO;FRANÇA;5000171;KINOPLEX PARKSHOPPING 2;0;6000037;2364;2415;BRASÍLIA;DF;CINEMAS PARIS SEVERIANO RIBEIRO LTDA;31.611.189/0001-82
13/04/2021;13/04/2021 19:30:00;THE EMPTY MAN;O MENSAGEIRO DO ÚLTIMO DIA;E2000471300000;DUBLADO;NÃO;ESTADOS UNIDOS;5006494;CINE INTER SANTA INES 02;2;6000140;44834;44835;SANTA INÊS;MA;CINEINTER EXIBICOES CINEMATOGRAFICAS LTDA;35.477.354/0001-06
13/04/2021;13/04/2021 19:30:00;THE EMPTY MAN;O MENSAGEIRO DO ÚLTIMO DIA;E2000471300000;DUBLADO;NÃO;ESTADOS UNIDOS;5005562;KINOPLEX NOVA IGUAÇU SALA 01;15;6000037;1991;33119;NOVA IGUAÇU;RJ;EMPRESA CINEMAS SÃO LUIZ S/A;33.497.660/0001-89
13/04/2021;13/04/2021 19:30:00;THE WIDOW;A VIÚVA DAS SOMBRAS;E2100005000000;DUBLADO;NÃO;RÚSSIA;5005271;MULTICINE SANTA MARIA SALA 02;5;6000045;5935;30733;BRASÍLIA;DF;MULTICINE CINEMAS LTDA;07.609.246/0001-04
13/04/2021;13/04/2021 19:30:00;WONDER WOMAN 1984;MULHER-MARAVILHA 1984;E2000170200000;DUBLADO;NÃO;CANADÁ;5001860;CINE GRACHER LTDA;0;6000032;5979;6687;BRUSQUE;SC;CINE GRACHER LTDA;07.272.690/0001-87
13/04/2021;13/04/2021 19:35:00;MONSTER HUNTER;MONSTER HUNTER;E2000403800000;DUBLADO;NÃO;ESTADOS UNIDOS;5002355;SALA VILA RICA 2 CONVENCIONAL;4;;14637;14638;PRIMAVERA DO LESTE;MT;MAURICIO JOSE NICOLINO & CIA LTDA;05.724.035/0001-97
13/04/2021;13/04/2021 19:40:00;RAYA AND THE LAST DRAGON;RAYA E O ÚLTIMO DRAGÃO;E2100035300000;DUBLADO;NÃO;ESTADOS UNIDOS;5000175;KINOPLEX PARKSHOPPING 3;0;6000037;2364;2415;BRASÍLIA;DF;CINEMAS PARIS SEVERIANO RIBEIRO LTDA;31.611.189/0001-82
13/04/2021;13/04/2021 19:40:00;THE WITCHES;CONVENÇÃO DAS BRUXAS;E2000396100000;DUBLADO;NÃO;ESTADOS UNIDOS;5006644;PLAYARTE RORAIMA GARDEN SALA 03;8;6000049;39188;47248;BOA VISTA;RR;MULTIPLEX DO BRASIL ENTRETENIMENTO LTDA;27.595.833/0001-07
13/04/2021;13/04/2021 19:45:00;RAYA AND THE LAST DRAGON;RAYA E O ÚLTIMO DRAGÃO;E2100035300000;DUBLADO;NÃO;ESTADOS UNIDOS;5005545;CINE COLOMBO RESENDE SALA 03;2;6000008;15833;33011;RESENDE;RJ;CINE A LTDA;10.894.937/0001-01
13/04/2021;13/04/2021 20:00:00;LUCICREIDE VAI PRA MARTE;;B1900421800000;ORIGINAL;NÃO;BRASIL;5006138;SALA CINE GUEDES 03;6;;23266;23267;PATOS;PB;LILIANE ROCHA DE MEDEIROS GUEDES-ME;16.844.526/0001-98
13/04/2021;13/04/2021 20:00:00;RAYA AND THE LAST DRAGON;RAYA E O ÚLTIMO DRAGÃO;E2100035300000;DUBLADO;NÃO;ESTADOS UNIDOS;5005726;KINOPLEX IGUAÇU TOP SALA 06;15;6000037;1991;2387;NOVA IGUAÇU;RJ;EMPRESA CINEMAS SÃO LUIZ S/A;33.497.660/0001-89
13/04/2021;13/04/2021 20:00:00;RAYA AND THE LAST DRAGON;RAYA E O ÚLTIMO DRAGÃO;E2100035300000;DUBLADO;NÃO;ESTADOS UNIDOS;5005563;KINOPLEX NOVA IGUAÇU SALA 02 KINOEVOLUTION;38;6000037;1991;33119;NOVA IGUAÇU;RJ;EMPRESA CINEMAS SÃO LUIZ S/A;33.497.660/0001-89
13/04/2021;13/04/2021 20:00:00;TOM & JERRY;TOM & JERRY - O FILME;E2000553800000;DUBLADO;NÃO;ESTADOS UNIDOS;5002102;CINE DRIVEIN;38;;5465;6715;BRASÍLIA;DF;STARK'S CINEMA E LANCHONETE LTDA.;32.917.296/0001-04
13/04/2021;13/04/2021 20:10:00;MONSTER HUNTER;MONSTER HUNTER;E2000403800000;DUBLADO;NÃO;ESTADOS UNIDOS;5000168;KINOPLEX PARKSHOPPING 5;0;6000037;2364;2415;BRASÍLIA;DF;CINEMAS PARIS SEVERIANO RIBEIRO LTDA;31.611.189/0001-82
13/04/2021;13/04/2021 20:10:00;THE WIDOW;A VIÚVA DAS SOMBRAS;E2100005000000;DUBLADO;NÃO;RÚSSIA;5006643;PLAYARTE RORAIMA GARDEN SALA 02;20;6000049;39188;47248;BOA VISTA;RR;MULTIPLEX DO BRASIL ENTRETENIMENTO LTDA;27.595.833/0001-07
13/04/2021;13/04/2021 20:10:00;THE WIDOW;A VIÚVA DAS SOMBRAS;E2100005000000;DUBLADO;NÃO;RÚSSIA;5003652;SALA CINE GUEDES 01;0;;23266;23267;PATOS;PB;LILIANE ROCHA DE MEDEIROS GUEDES-ME;16.844.526/0001-98
13/04/2021;13/04/2021 20:15:00;THE EMPTY MAN;O MENSAGEIRO DO ÚLTIMO DIA;E2000471300000;DUBLADO;NÃO;ESTADOS UNIDOS;5006657;SALA CINE VIEIRA 01;4;;47551;47598;SÃO BENTO;PB;COSTA E VIEIRA EMPREENDIMENTOS LTDA;10.866.528/0001-00
13/04/2021;13/04/2021 20:20:00;FOLLOW ME;SEM SAÍDA;E2100006300000;DUBLADO;NÃO;ESTADOS UNIDOS;5000167;KINOPLEX PARKSHOPPING 1;0;6000037;2364;2415;BRASÍLIA;DF;CINEMAS PARIS SEVERIANO RIBEIRO LTDA;31.611.189/0001-82
13/04/2021;13/04/2021 20:20:00;THE FATHER;THE FATHER;E1900616300000;ORIGINAL;SIM;INGLATERRA;5000169;KINOPLEX PARKSHOPPING 6;0;6000037;2364;2415;BRASÍLIA;DF;CINEMAS PARIS SEVERIANO RIBEIRO LTDA;31.611.189/0001-82
13/04/2021;13/04/2021 20:30:00;FOLLOW ME;SEM SAÍDA;E2100006300000;DUBLADO;NÃO;ESTADOS UNIDOS;5006493;CINE INTER SANTA INES 01;4;6000140;44834;44835;SANTA INÊS;MA;CINEINTER EXIBICOES CINEMATOGRAFICAS LTDA;35.477.354/0001-06
13/04/2021;13/04/2021 20:30:00;HONEST THIEF;LEGADO EXPLOSIVO;E2000416200000;DUBLADO;NÃO;ESTADOS UNIDOS;5005564;KINOPLEX NOVA IGUAÇU SALA 03 PLATINUM;27;6000037;1991;33119;NOVA IGUAÇU;RJ;EMPRESA CINEMAS SÃO LUIZ S/A;33.497.660/0001-89
13/04/2021;13/04/2021 20:30:00;MONSTER HUNTER;MONSTER HUNTER;E2000403800000;DUBLADO;NÃO;ESTADOS UNIDOS;5002565;CINE CATARATAS 2;10;;15565;15566;FOZ DO IGUAÇU;PR;CINE CATARATAS LTDA;09.010.219/0001-46
13/04/2021;13/04/2021 20:30:00;RAYA AND THE LAST DRAGON;RAYA E O ÚLTIMO DRAGÃO;E2100035300000;DUBLADO;NÃO;ESTADOS UNIDOS;5002337;CENTER CINE;5;;14489;14490;OLIVEIRA;MG;CENTER CINE E EVENTOS LTDA;10.311.428/0001-09
13/04/2021;13/04/2021 20:30:00;RAYA AND THE LAST DRAGON;RAYA E O ÚLTIMO DRAGÃO;E2100035300000;DUBLADO;NÃO;ESTADOS UNIDOS;5006056;CINE GRACHER JOAÇABA SALA 01;6;6000032;5979;40234;JOAÇABA;SC;CINE GRACHER LTDA;07.272.690/0001-87
13/04/2021;13/04/2021 20:30:00;THE WIDOW;A VIÚVA DAS SOMBRAS;E2100005000000;DUBLADO;NÃO;RÚSSIA;5005543;CINE COLOMBO RESENDE SALA 01;0;6000008;15833;33011;RESENDE;RJ;CINE A LTDA;10.894.937/0001-01
13/04/2021;13/04/2021 20:30:00;THE WIDOW;A VIÚVA DAS SOMBRAS;E2100005000000;DUBLADO;NÃO;RÚSSIA;5006058;CINE GRACHER JOAÇABA SALA 03;4;6000032;5979;40234;JOAÇABA;SC;CINE GRACHER LTDA;07.272.690/0001-87
13/04/2021;13/04/2021 20:30:00;THE WIDOW;A VIÚVA DAS SOMBRAS;E2100005000000;DUBLADO;NÃO;RÚSSIA;5005725;KINOPLEX IGUAÇU TOP SALA 05;25;6000037;1991;2387;NOVA IGUAÇU;RJ;EMPRESA CINEMAS SÃO LUIZ S/A;33.497.660/0001-89
13/04/2021;13/04/2021 20:30:00;THE WIDOW;A VIÚVA DAS SOMBRAS;E2100005000000;DUBLADO;NÃO;RÚSSIA;5000166;KINOPLEX PARKSHOPPING 4;0;6000037;2364;2415;BRASÍLIA;DF;CINEMAS PARIS SEVERIANO RIBEIRO LTDA;31.611.189/0001-82
13/04/2021;13/04/2021 20:40:00;MONSTER HUNTER;MONSTER HUNTER;E2000403800000;DUBLADO;NÃO;ESTADOS UNIDOS;5005724;KINOPLEX IGUAÇU TOP SALA 04;14;6000037;1991;2387;NOVA IGUAÇU;RJ;EMPRESA CINEMAS SÃO LUIZ S/A;33.497.660/0001-89
13/04/2021;13/04/2021 20:40:00;RAYA AND THE LAST DRAGON;RAYA E O ÚLTIMO DRAGÃO;E2100035300000;DUBLADO;NÃO;ESTADOS UNIDOS;5002566;CINE CATARATAS 3;4;;15565;15566;FOZ DO IGUAÇU;PR;CINE CATARATAS LTDA;09.010.219/0001-46
13/04/2021;13/04/2021 20:40:00;THE WIDOW;A VIÚVA DAS SOMBRAS;E2100005000000;DUBLADO;NÃO;RÚSSIA;5005289;GRUPO CINE FRAIBURGO;3;6000034;30763;30765;FRAIBURGO;SC;CINEMA FRAIBURGO LTDA;17.067.309/0001-00
13/04/2021;13/04/2021 20:40:00;THE WIDOW;A VIÚVA DAS SOMBRAS;E2100005000000;DUBLADO;NÃO;RÚSSIA;5005568;KINOPLEX NOVA IGUAÇU SALA 07;2;6000037;1991;33119;NOVA IGUAÇU;RJ;EMPRESA CINEMAS SÃO LUIZ S/A;33.497.660/0001-89
13/04/2021;13/04/2021 20:45:00;FOLLOW ME;SEM SAÍDA;E2100006300000;DUBLADO;NÃO;ESTADOS UNIDOS;5006083;CINE GRACHER PORTO BELO SALA 01;7;6000032;5979;40771;PORTO BELO;SC;CINE GRACHER LTDA;07.272.690/0001-87
13/04/2021;13/04/2021 20:45:00;FOLLOW ME;SEM SAÍDA;E2100006300000;DUBLADO;NÃO;ESTADOS UNIDOS;5006111;CINE GRACHER SÃO BENTO 01;4;6000032;5979;41056;SÃO BENTO DO SUL;SC;CINE GRACHER LTDA;07.272.690/0001-87
13/04/2021;13/04/2021 20:45:00;RAYA AND THE LAST DRAGON;RAYA E O ÚLTIMO DRAGÃO;E2100035300000;DUBLADO;NÃO;ESTADOS UNIDOS;5006001;CINE GRACHER INDAIAL - SALA 04;0;6000032;5979;39283;INDAIAL;SC;CINE GRACHER LTDA;07.272.690/0001-87
13/04/2021;13/04/2021 20:45:00;RAYA AND THE LAST DRAGON;RAYA E O ÚLTIMO DRAGÃO;E2100035300000;DUBLADO;NÃO;ESTADOS UNIDOS;5006086;CINE GRACHER PORTO BELO SALA 04;4;6000032;5979;40771;PORTO BELO;SC;CINE GRACHER LTDA;07.272.690/0001-87
13/04/2021;13/04/2021 20:45:00;RAYA AND THE LAST DRAGON;RAYA E O ÚLTIMO DRAGÃO;E2100035300000;DUBLADO;NÃO;ESTADOS UNIDOS;5006112;CINE GRACHER SÃO BENTO 02;7;6000032;5979;41056;SÃO BENTO DO SUL;SC;CINE GRACHER LTDA;07.272.690/0001-87
13/04/2021;13/04/2021 20:45:00;THE WIDOW;A VIÚVA DAS SOMBRAS;E2100005000000;DUBLADO;NÃO;RÚSSIA;5006000;CINE GRACHER INDAIAL - SALA 03;7;6000032;5979;39283;INDAIAL;SC;CINE GRACHER LTDA;07.272.690/0001-87
13/04/2021;13/04/2021 20:45:00;THE WIDOW;A VIÚVA DAS SOMBRAS;E2100005000000;DUBLADO;NÃO;RÚSSIA;5006085;CINE GRACHER PORTO BELO SALA 03;4;6000032;5979;40771;PORTO BELO;SC;CINE GRACHER LTDA;07.272.690/0001-87
13/04/2021;13/04/2021 20:45:00;THE WIDOW;A VIÚVA DAS SOMBRAS;E2100005000000;DUBLADO;NÃO;RÚSSIA;5006114;CINE GRACHER SÃO BENTO 04;1;6000032;5979;41056;SÃO BENTO DO SUL;SC;CINE GRACHER LTDA;07.272.690/0001-87
13/04/2021;13/04/2021 20:45:00;TOM & JERRY;TOM & JERRY - O FILME;E2000553800000;DUBLADO;NÃO;ESTADOS UNIDOS;5005998;CINE GRACHER INDAIAL - SALA 01;0;6000032;5979;39283;INDAIAL;SC;CINE GRACHER LTDA;07.272.690/0001-87
13/04/2021;13/04/2021 21:00:01;LUCICREIDE VAI PRA MARTE;;B1900421800000;ORIGINAL;NÃO;BRASIL;5005789;CIDADE LUZ 3 MAXXI STADIUM;2;;32725;32727;GUARABIRA;PB;VERONILDO COUTINHO DE SOUSA EIRELI- EPP;24.248.972/0001-68
13/04/2021;13/04/2021 21:15:00;FOLLOW ME;SEM SAÍDA;E2100006300000;DUBLADO;NÃO;ESTADOS UNIDOS;5004502;CINE GRACHER ESPAÇO HAVAN 2;4;6000032;5979;26111;BRUSQUE;SC;CINE GRACHER LTDA;07.272.690/0001-87
13/04/2021;13/04/2021 21:15:00;FOLLOW ME;SEM SAÍDA;E2100006300000;DUBLADO;NÃO;ESTADOS UNIDOS;5001862;CINE GRACHER LTDA;0;6000032;5979;6687;BRUSQUE;SC;CINE GRACHER LTDA;07.272.690/0001-87
13/04/2021;13/04/2021 21:15:00;RAYA AND THE LAST DRAGON;RAYA E O ÚLTIMO DRAGÃO;E2100035300000;DUBLADO;NÃO;ESTADOS UNIDOS;5004504;CINE GRACHER ESPAÇO HAVAN 1;2;6000032;5979;26111;BRUSQUE;SC;CINE GRACHER LTDA;07.272.690/0001-87
13/04/2021;13/04/2021 21:15:00;THE WIDOW;A VIÚVA DAS SOMBRAS;E2100005000000;DUBLADO;NÃO;RÚSSIA;5004503;CINE GRACHER ESPAÇO HAVAN 3;3;6000032;5979;26111;BRUSQUE;SC;CINE GRACHER LTDA;07.272.690/0001-87
13/04/2021;13/04/2021 21:15:00;TOM & JERRY;TOM & JERRY - O FILME;E2000553800000;DUBLADO;NÃO;ESTADOS UNIDOS;5001861;CINE GRACHER LTDA;0;6000032;5979;6687;BRUSQUE;SC;CINE GRACHER LTDA;07.272.690/0001-87
14/04/2021;14/04/2021 13:20:00;RAYA AND THE LAST DRAGON;RAYA E O ÚLTIMO DRAGÃO;E2100035300000;DUBLADO;NÃO;ESTADOS UNIDOS;5002566;CINE CATARATAS 3;6;;15565;15566;FOZ DO IGUAÇU;PR;CINE CATARATAS LTDA;09.010.219/0001-46
14/04/2021;14/04/2021 14:00:00;FOLLOW ME;SEM SAÍDA;E2100006300000;DUBLADO;NÃO;ESTADOS UNIDOS;5000206;KINOPLEX GRANDE RIO 3;10;6000037;1991;2424;SÃO JOÃO DE MERITI;RJ;EMPRESA CINEMAS SÃO LUIZ S/A;33.497.660/0001-89
14/04/2021;14/04/2021 14:00:00;RAYA AND THE LAST DRAGON;RAYA E O ÚLTIMO DRAGÃO;E2100035300000;DUBLADO;NÃO;ESTADOS UNIDOS;5001634;CINE TERESINA 1;3;;2140;6595;TERESINA;PI;CINEMAS TERESINA LTDA;02.142.566/0001-83
14/04/2021;14/04/2021 14:00:00;TOM & JERRY;TOM & JERRY - O FILME;E2000553800000;DUBLADO;NÃO;ESTADOS UNIDOS;5002565;CINE CATARATAS 2;3;;15565;15566;FOZ DO IGUAÇU;PR;CINE CATARATAS LTDA;09.010.219/0001-46
14/04/2021;14/04/2021 14:00:00;TOM & JERRY;TOM & JERRY - O FILME;E2000553800000;DUBLADO;NÃO;ESTADOS UNIDOS;5002051;UCI - KINOPLEX NORTE SHOPPING - SALA 02;0;6000059;2612;12748;RIO DE JANEIRO;RJ;UCI RIBEIRO LTDA;02.117.937/0001-77
14/04/2021;14/04/2021 14:00:00;WONDER WOMAN 1984;MULHER-MARAVILHA 1984;E2000170200000;DUBLADO;NÃO;CANADÁ;5005647;CINE TERESINA 4;7;;2140;6595;TERESINA;PI;CINEMAS TERESINA LTDA;02.142.566/0001-83
14/04/2021;14/04/2021 14:20:00;LUCICREIDE VAI PRA MARTE;;B1900421800000;DUBLADO;NÃO;BRASIL;5002053;UCI - KINOPLEX NORTE SHOPPING - SALA 08;4;6000059;2612;12748;RIO DE JANEIRO;RJ;UCI RIBEIRO LTDA;02.117.937/0001-77
14/04/2021;14/04/2021 14:20:00;TOM & JERRY;TOM & JERRY - O FILME;E2000553800000;DUBLADO;NÃO;ESTADOS UNIDOS;5000205;KINOPLEX GRANDE RIO 2;12;6000037;1991;2424;SÃO JOÃO DE MERITI;RJ;EMPRESA CINEMAS SÃO LUIZ S/A;33.497.660/0001-89
14/04/2021;14/04/2021 14:40:00;RAYA AND THE LAST DRAGON;RAYA E O ÚLTIMO DRAGÃO;E2100035300000;DUBLADO;NÃO;ESTADOS UNIDOS;5002052;UCI - KINOPLEX NORTE SHOPPING - SALA 10;10;6000059;2612;12748;RIO DE JANEIRO;RJ;UCI RIBEIRO LTDA;02.117.937/0001-77
14/04/2021;14/04/2021 14:40:00;TOM & JERRY;TOM & JERRY - O FILME;E2000553800000;DUBLADO;NÃO;ESTADOS UNIDOS;5005270;MULTICINE SANTA MARIA SALA 01;2;6000045;5935;30733;BRASÍLIA;DF;MULTICINE CINEMAS LTDA;07.609.246/0001-04
14/04/2021;14/04/2021 15:00:00;A MULHER DA LUZ PRÓPRIA;;B1900320300000;ORIGINAL;NÃO;BRASIL;5002323;CINE SANTA TERESA;0;6000083;14200;14201;RIO DE JANEIRO;RJ;ARTE VITAL EXIBIÇÕES CINEMATOGRÁFICAS LTDA;03.459.043/0001-28
14/04/2021;14/04/2021 15:00:00;DEPOIS A LOUCA SOU EU;;B2000078000000;DUBLADO;NÃO;BRASIL;5005206;CINÉPOLIS RIO POTY SALA 10;0;6000024;17266;30352;TERESINA;PI;CINEPOLIS OPERADORA DE CINEMAS DO BRASIL LTDA;09.652.820/0001-32
14/04/2021;14/04/2021 15:00:00;LUCICREIDE VAI PRA MARTE;;B1900421800000;ORIGINAL;NÃO;BRASIL;5006061;CENTERPLEX BOULEVARD 03;0;6000006;40317;40318;VITÓRIA DA CONQUISTA;BA;CINE ELI BAHIA CINEMAS LTDA - EM RECUPERACAO JUDICIAL;30.096.740/0001-34
14/04/2021;14/04/2021 15:00:00;LUCICREIDE VAI PRA MARTE;;B1900421800000;DUBLADO;NÃO;BRASIL;5000770;NEW YORK CITY CENTER - SALA 06;0;6000058;749;2620;RIO DE JANEIRO;RJ;UNITED CINEMAS INTERNATIONAL BRASIL LTDA.;01.289.530/0001-64
14/04/2021;14/04/2021 15:00:00;PINOCCHIO;PINÓQUIO;E2000294800000;DUBLADO;NÃO;FRANÇA;5003766;UCI BRASIL - SHOPPING CG - SALA 03;4;6000058;749;23929;RIO DE JANEIRO;RJ;UNITED CINEMAS INTERNATIONAL BRASIL LTDA.;01.289.530/0001-64
14/04/2021;14/04/2021 15:00:00;RAYA AND THE LAST DRAGON;RAYA E O ÚLTIMO DRAGÃO;E2100035300000;DUBLADO;NÃO;ESTADOS UNIDOS;5004809;SHOPPING BOSQUE DOS IPÊS- SALA 03;0;6000058;749;27590;CAMPO GRANDE;MS;UNITED CINEMAS INTERNATIONAL BRASIL LTDA.;01.289.530/0001-64
14/04/2021;14/04/2021 15:00:00;THE WITCHES;CONVENÇÃO DAS BRUXAS;E2000396100000;DUBLADO;NÃO;ESTADOS UNIDOS;5006644;PLAYARTE RORAIMA GARDEN SALA 03;2;6000049;39188;47248;BOA VISTA;RR;MULTIPLEX DO BRASIL ENTRETENIMENTO LTDA;27.595.833/0001-07
14/04/2021;14/04/2021 15:00:00;WONDER WOMAN 1984;MULHER-MARAVILHA 1984;E2000170200000;DUBLADO;NÃO;CANADÁ;5002057;UCI - KINOPLEX NORTE SHOPPING - SALA 03;3;6000059;2612;12748;RIO DE JANEIRO;RJ;UCI RIBEIRO LTDA;02.117.937/0001-77
14/04/2021;14/04/2021 15:10:00;RAYA AND THE LAST DRAGON;RAYA E O ÚLTIMO DRAGÃO;E2100035300000;DUBLADO;NÃO;ESTADOS UNIDOS;5005272;MULTICINE SANTA MARIA SALA 03;2;6000045;5935;30733;BRASÍLIA;DF;MULTICINE CINEMAS LTDA;07.609.246/0001-04
14/04/2021;14/04/2021 15:15:00;TOM & JERRY;TOM & JERRY - O FILME;E2000553800000;DUBLADO;NÃO;ESTADOS UNIDOS;5005545;CINE COLOMBO RESENDE SALA 03;2;6000008;15833;33011;RESENDE;RJ;CINE A LTDA;10.894.937/0001-01
14/04/2021;14/04/2021 15:20:00;DEPOIS A LOUCA SOU EU;;B2000078000000;DUBLADO;NÃO;BRASIL;5000780;NEW YORK CITY CENTER - SALA 16;5;6000058;749;2620;RIO DE JANEIRO;RJ;UNITED CINEMAS INTERNATIONAL BRASIL LTDA.;01.289.530/0001-64
14/04/2021;14/04/2021 15:20:00;LUCICREIDE VAI PRA MARTE;;B1900421800000;ORIGINAL;NÃO;BRASIL;5001662;ORIENT CINEPLACE BOULEVARD SHOPPING - SALA 3;13;6000046;2869;6630;FEIRA DE SANTANA;BA;FEIRA PLEXCINE LTDA.;04.547.950/0001-91
14/04/2021;14/04/2021 15:20:00;MONSTER HUNTER;MONSTER HUNTER;E2000403800000;DUBLADO;NÃO;ESTADOS UNIDOS;5005648;CINE TERESINA 5;8;;2140;6595;TERESINA;PI;CINEMAS TERESINA LTDA;02.142.566/0001-83
14/04/2021;14/04/2021 15:20:00;MONSTER HUNTER;MONSTER HUNTER;E2000403800000;DUBLADO;NÃO;ESTADOS UNIDOS;5002059;UCI - KINOPLEX NORTE SHOPPING - SALA 07;8;6000059;2612;12748;RIO DE JANEIRO;RJ;UCI RIBEIRO LTDA;02.117.937/0001-77
14/04/2021;14/04/2021 15:20:00;PINOCCHIO;PINÓQUIO;E2000294800000;DUBLADO;NÃO;FRANÇA;5004812;SHOPPING BOSQUE DOS IPÊS- SALA 06;0;6000058;749;27590;CAMPO GRANDE;MS;UNITED CINEMAS INTERNATIONAL BRASIL LTDA.;01.289.530/0001-64
14/04/2021;14/04/2021 15:20:00;RAYA AND THE LAST DRAGON;RAYA E O ÚLTIMO DRAGÃO;E2100035300000;DUBLADO;NÃO;ESTADOS UNIDOS;5001636;CINE TERESINA 3;10;;2140;6595;TERESINA;PI;CINEMAS TERESINA LTDA;02.142.566/0001-83
14/04/2021;14/04/2021 15:20:00;RAYA AND THE LAST DRAGON;RAYA E O ÚLTIMO DRAGÃO;E2100035300000;DUBLADO;NÃO;ESTADOS UNIDOS;5000210;IGUATEMI 1;68;6000037;1991;2425;RIO DE JANEIRO;RJ;EMPRESA CINEMAS SÃO LUIZ S/A;33.497.660/0001-89
14/04/2021;14/04/2021 15:20:00;RAYA AND THE LAST DRAGON;RAYA E O ÚLTIMO DRAGÃO;E2100035300000;DUBLADO;NÃO;ESTADOS UNIDOS;5003762;UCI BRASIL PARK CG - SALA 04;2;6000058;749;23929;RIO DE JANEIRO;RJ;UNITED CINEMAS INTERNATIONAL BRASIL LTDA.;01.289.530/0001-64
14/04/2021;14/04/2021 15:30:00;DEPOIS A LOUCA SOU EU;;B2000078000000;ORIGINAL;NÃO;BRASIL;5001638;CINE TERESINA 7;1;;2140;6595;TERESINA;PI;CINEMAS TERESINA LTDA;02.142.566/0001-83
14/04/2021;14/04/2021 15:30:00;LUCICREIDE VAI PRA MARTE;;B1900421800000;DUBLADO;NÃO;BRASIL;5005208;CINÉPOLIS RIO POTY SALA 12;5;6000024;17266;30352;TERESINA;PI;CINEPOLIS OPERADORA DE CINEMAS DO BRASIL LTDA;09.652.820/0001-32
14/04/2021;14/04/2021 15:30:00;RAYA AND THE LAST DRAGON;RAYA E O ÚLTIMO DRAGÃO;E2100035300000;DUBLADO;NÃO;ESTADOS UNIDOS;5000204;KINOPLEX GRANDE RIO 1;10;6000037;1991;2424;SÃO JOÃO DE MERITI;RJ;EMPRESA CINEMAS SÃO LUIZ S/A;33.497.660/0001-89
14/04/2021;14/04/2021 15:30:00;TOM & JERRY;TOM & JERRY - O FILME;E2000553800000;DUBLADO;NÃO;ESTADOS UNIDOS;5006059;CENTERPLEX BOULEVARD 01;1;6000006;40317;40318;VITÓRIA DA CONQUISTA;BA;CINE ELI BAHIA CINEMAS LTDA - EM RECUPERACAO JUDICIAL;30.096.740/0001-34
14/04/2021;14/04/2021 15:30:00;WONDER WOMAN 1984;MULHER-MARAVILHA 1984;E2000170200000;DUBLADO;NÃO;CANADÁ;5005543;CINE COLOMBO RESENDE SALA 01;0;6000008;15833;33011;RESENDE;RJ;CINE A LTDA;10.894.937/0001-01
14/04/2021;14/04/2021 15:40:00;LUCICREIDE VAI PRA MARTE;;B1900421800000;DUBLADO;NÃO;BRASIL;5003765;UCI BRASIL - PARK SHOPPING CG - SALA 2;8;6000058;749;23929;RIO DE JANEIRO;RJ;UNITED CINEMAS INTERNATIONAL BRASIL LTDA.;01.289.530/0001-64
14/04/2021;14/04/2021 15:40:00;RAYA AND THE LAST DRAGON;RAYA E O ÚLTIMO DRAGÃO;E2100035300000;DUBLADO;NÃO;ESTADOS UNIDOS;5000065;KINOPLEX RIO SUL - SALA KINOEVOLUTIUM 01;5;6000037;1991;2390;RIO DE JANEIRO;RJ;EMPRESA CINEMAS SÃO LUIZ S/A;33.497.660/0001-89
14/04/2021;14/04/2021 15:40:00;RAYA AND THE LAST DRAGON;RAYA E O ÚLTIMO DRAGÃO;E2100035300000;DUBLADO;NÃO;ESTADOS UNIDOS;5000066;KINOPLEX RIO SUL - SALA KINOEVOLUTIUM 02;0;6000037;1991;2390;RIO DE JANEIRO;RJ;EMPRESA CINEMAS SÃO LUIZ S/A;33.497.660/0001-89
14/04/2021;14/04/2021 15:40:00;RAYA AND THE LAST DRAGON;RAYA E O ÚLTIMO DRAGÃO;E2100035300000;DUBLADO;NÃO;ESTADOS UNIDOS;5005018;KINOPLEX VIA PARQUE 4- KINOEVOLUTION;5;6000037;1991;13454;RIO DE JANEIRO;RJ;EMPRESA CINEMAS SÃO LUIZ S/A;33.497.660/0001-89
14/04/2021;14/04/2021 15:40:00;THE FATHER;THE FATHER;E1900616300000;ORIGINAL;SIM;INGLATERRA;5002179;KINOPLEX TIJUCA SALA 05;15;6000037;11751;13416;RIO DE JANEIRO;RJ;SR RIO DE JANEIRO CINEMAS S/A;08.262.566/0001-01
14/04/2021;14/04/2021 15:40:00;THE FATHER;THE FATHER;E1900616300000;ORIGINAL;SIM;INGLATERRA;5000765;NEW YORK CITY CENTER - SALA 01;2;6000058;749;2620;RIO DE JANEIRO;RJ;UNITED CINEMAS INTERNATIONAL BRASIL LTDA.;01.289.530/0001-64
14/04/2021;14/04/2021 15:40:00;THE WIDOW;A VIÚVA DAS SOMBRAS;E2100005000000;DUBLADO;NÃO;RÚSSIA;5005271;MULTICINE SANTA MARIA SALA 02;5;6000045;5935;30733;BRASÍLIA;DF;MULTICINE CINEMAS LTDA;07.609.246/0001-04
14/04/2021;14/04/2021 15:40:00;TOM & JERRY;TOM & JERRY - O FILME;E2000553800000;DUBLADO;NÃO;ESTADOS UNIDOS;5001635;CINE TERESINA 2;5;;2140;6595;TERESINA;PI;CINEMAS TERESINA LTDA;02.142.566/0001-83
14/04/2021;14/04/2021 15:50:00;LUCICREIDE VAI PRA MARTE;;B1900421800000;ORIGINAL;NÃO;BRASIL;5001637;CINE TERESINA 6;6;;2140;6595;TERESINA;PI;CINEMAS TERESINA LTDA;02.142.566/0001-83
14/04/2021;14/04/2021 15:50:00;TOM & JERRY;TOM & JERRY - O FILME;E2000553800000;DUBLADO;NÃO;ESTADOS UNIDOS;5006643;PLAYARTE RORAIMA GARDEN SALA 02;3;6000049;39188;47248;BOA VISTA;RR;MULTIPLEX DO BRASIL ENTRETENIMENTO LTDA;27.595.833/0001-07
14/04/2021;14/04/2021 16:00:00;HONEST THIEF;LEGADO EXPLOSIVO;E2000416200000;DUBLADO;NÃO;ESTADOS UNIDOS;5000206;KINOPLEX GRANDE RIO 3;13;6000037;1991;2424;SÃO JOÃO DE MERITI;RJ;EMPRESA CINEMAS SÃO LUIZ S/A;33.497.660/0001-89
14/04/2021;14/04/2021 16:00:00;JUDAS AND THE BLACK MESSIAH;JUDAS E O MESSIAS NEGRO;E2100040400000;ORIGINAL;SIM;ESTADOS UNIDOS;5005994;CINE BARRA POINT SALA 01;0;6000083;14200;39233;RIO DE JANEIRO;RJ;ARTE VITAL EXIBIÇÕES CINEMATOGRÁFICAS LTDA;03.459.043/0001-28
14/04/2021;14/04/2021 16:00:00;MONSTER HUNTER;MONSTER HUNTER;E2000403800000;DUBLADO;NÃO;ESTADOS UNIDOS;5006062;CENTERPLEX BOULEVARD 04;7;6000006;40317;40318;VITÓRIA DA CONQUISTA;BA;CINE ELI BAHIA CINEMAS LTDA - EM RECUPERACAO JUDICIAL;30.096.740/0001-34
14/04/2021;14/04/2021 16:00:00;RAYA AND THE LAST DRAGON;RAYA E O ÚLTIMO DRAGÃO;E2100035300000;DUBLADO;NÃO;ESTADOS UNIDOS;5002566;CINE CATARATAS 3;12;;15565;15566;FOZ DO IGUAÇU;PR;CINE CATARATAS LTDA;09.010.219/0001-46
14/04/2021;14/04/2021 16:00:00;RAYA AND THE LAST DRAGON;RAYA E O ÚLTIMO DRAGÃO;E2100035300000;DUBLADO;NÃO;ESTADOS UNIDOS;5004504;CINE GRACHER ESPAÇO HAVAN 1;0;6000032;5979;26111;BRUSQUE;SC;CINE GRACHER LTDA;07.272.690/0001-87
14/04/2021;14/04/2021 16:00:00;RAYA AND THE LAST DRAGON;RAYA E O ÚLTIMO DRAGÃO;E2100035300000;DUBLADO;NÃO;ESTADOS UNIDOS;5006657;SALA CINE VIEIRA 01;1;;47551;47598;SÃO BENTO;PB;COSTA E VIEIRA EMPREENDIMENTOS LTDA;10.866.528/0001-00
14/04/2021;14/04/2021 16:00:00;THE FATHER;THE FATHER;E1900616300000;ORIGINAL;SIM;INGLATERRA;5000068;KINOPLEX RIO SUL - SALA PLATINUM 04;7;6000037;1991;2390;RIO DE JANEIRO;RJ;EMPRESA CINEMAS SÃO LUIZ S/A;33.497.660/0001-89
14/04/2021;14/04/2021 16:00:00;THE FATHER;THE FATHER;E1900616300000;ORIGINAL;SIM;INGLATERRA;5005020;KINOPLEX VIA PARQUE 6;3;6000037;1991;13454;RIO DE JANEIRO;RJ;EMPRESA CINEMAS SÃO LUIZ S/A;33.497.660/0001-89
14/04/2021;14/04/2021 16:00:00;THE FATHER;THE FATHER;E1900616300000;ORIGINAL;SIM;INGLATERRA;5001932;SALA KINOPLEX LEBLON SALA 02;7;6000037;11751;11752;RIO DE JANEIRO;RJ;SR RIO DE JANEIRO CINEMAS S/A;08.262.566/0001-01
14/04/2021;14/04/2021 16:00:00;THE WIDOW;A VIÚVA DAS SOMBRAS;E2100005000000;ORIGINAL;SIM;RÚSSIA;5000067;KINOPLEX RIO SUL - SALA PLATINUM 03;4;6000037;1991;2390;RIO DE JANEIRO;RJ;EMPRESA CINEMAS SÃO LUIZ S/A;33.497.660/0001-89
14/04/2021;14/04/2021 16:00:00;THE WIDOW;A VIÚVA DAS SOMBRAS;E2100005000000;ORIGINAL;SIM;RÚSSIA;5000774;NEW YORK CITY CENTER - SALA 10;3;6000058;749;2620;RIO DE JANEIRO;RJ;UNITED CINEMAS INTERNATIONAL BRASIL LTDA.;01.289.530/0001-64
14/04/2021;14/04/2021 16:00:00;TOM & JERRY;TOM & JERRY - O FILME;E2000553800000;DUBLADO;NÃO;ESTADOS UNIDOS;5006484;CINE + ARTE SOMBRIO 01;2;6000103;44714;44715;SOMBRIO;SC;CINE + ARTE SOMBRIO LTDA;35.505.937/0001-01
14/04/2021;14/04/2021 16:00:00;TOM & JERRY;TOM & JERRY - O FILME;E2000553800000;DUBLADO;NÃO;ESTADOS UNIDOS;5004502;CINE GRACHER ESPAÇO HAVAN 2;4;6000032;5979;26111;BRUSQUE;SC;CINE GRACHER LTDA;07.272.690/0001-87
14/04/2021;14/04/2021 16:00:00;TOM & JERRY;TOM & JERRY - O FILME;E2000553800000;DUBLADO;NÃO;ESTADOS UNIDOS;5005204;CINÉPOLIS RIO POTY SALA 8;14;6000024;17266;30352;TERESINA;PI;CINEPOLIS OPERADORA DE CINEMAS DO BRASIL LTDA;09.652.820/0001-32
14/04/2021;14/04/2021 16:10:00;RAYA AND THE LAST DRAGON;RAYA E O ÚLTIMO DRAGÃO;E2100035300000;DUBLADO;NÃO;ESTADOS UNIDOS;5001930;SALA KINOPLEX LEBLON SALA 01;7;6000037;11751;11752;RIO DE JANEIRO;RJ;SR RIO DE JANEIRO CINEMAS S/A;08.262.566/0001-01
14/04/2021;14/04/2021 16:10:00;TOM & JERRY;TOM & JERRY - O FILME;E2000553800000;DUBLADO;NÃO;ESTADOS UNIDOS;5004810;SHOPPING BOSQUE DOS IPÊS- SALA 04;4;6000058;749;27590;CAMPO GRANDE;MS;UNITED CINEMAS INTERNATIONAL BRASIL LTDA.;01.289.530/0001-64
14/04/2021;14/04/2021 16:15:00;RAYA AND THE LAST DRAGON;RAYA E O ÚLTIMO DRAGÃO;E2100035300000;DUBLADO;NÃO;ESTADOS UNIDOS;5005289;GRUPO CINE FRAIBURGO;0;6000034;30763;30765;FRAIBURGO;SC;CINEMA FRAIBURGO LTDA;17.067.309/0001-00
14/04/2021;14/04/2021 16:20:00;LUCICREIDE VAI PRA MARTE;;B1900421800000;ORIGINAL;NÃO;BRASIL;5001960;KINOPLEX NOVA AMÉRICA SALA 04;8;6000037;1991;2426;RIO DE JANEIRO;RJ;EMPRESA CINEMAS SÃO LUIZ S/A;33.497.660/0001-89
14/04/2021;14/04/2021 16:20:00;MONSTER HUNTER;MONSTER HUNTER;E2000403800000;DUBLADO;NÃO;ESTADOS UNIDOS;5003756;UCI BRASIL CG - SALA 05;0;6000058;749;23929;RIO DE JANEIRO;RJ;UNITED CINEMAS INTERNATIONAL BRASIL LTDA.;01.289.530/0001-64
14/04/2021;14/04/2021 16:20:00;THE WIDOW;A VIÚVA DAS SOMBRAS;E2100005000000;DUBLADO;NÃO;RÚSSIA;5005725;KINOPLEX IGUAÇU TOP SALA 05;3;6000037;1991;2387;NOVA IGUAÇU;RJ;EMPRESA CINEMAS SÃO LUIZ S/A;33.497.660/0001-89
14/04/2021;14/04/2021 16:20:00;TOM & JERRY;TOM & JERRY - O FILME;E2000553800000;DUBLADO;NÃO;ESTADOS UNIDOS;5002175;KINOPLEX TIJUCA SALA 02;0;6000037;11751;13416;RIO DE JANEIRO;RJ;SR RIO DE JANEIRO CINEMAS S/A;08.262.566/0001-01
14/04/2021;14/04/2021 16:20:00;TOM & JERRY;TOM & JERRY - O FILME;E2000553800000;DUBLADO;NÃO;ESTADOS UNIDOS;5000778;NEW YORK CITY CENTER - SALA 14;4;6000058;749;2620;RIO DE JANEIRO;RJ;UNITED CINEMAS INTERNATIONAL BRASIL LTDA.;01.289.530/0001-64
14/04/2021;14/04/2021 16:30:00;LUCICREIDE VAI PRA MARTE;;B1900421800000;ORIGINAL;NÃO;BRASIL;5000212;IGUATEMI 3;36;6000037;1991;2425;RIO DE JANEIRO;RJ;EMPRESA CINEMAS SÃO LUIZ S/A;33.497.660/0001-89
14/04/2021;14/04/2021 16:30:00;MONSTER HUNTER;MONSTER HUNTER;E2000403800000;DUBLADO;NÃO;ESTADOS UNIDOS;5004503;CINE GRACHER ESPAÇO HAVAN 3;0;6000032;5979;26111;BRUSQUE;SC;CINE GRACHER LTDA;07.272.690/0001-87
14/04/2021;14/04/2021 16:30:00;RAYA AND THE LAST DRAGON;RAYA E O ÚLTIMO DRAGÃO;E2100035300000;DUBLADO;NÃO;ESTADOS UNIDOS;5001957;KINOPLEX NOVA AMÉRICA SALA 01;10;6000037;1991;2426;RIO DE JANEIRO;RJ;EMPRESA CINEMAS SÃO LUIZ S/A;33.497.660/0001-89
14/04/2021;14/04/2021 16:30:00;RAYA AND THE LAST DRAGON;RAYA E O ÚLTIMO DRAGÃO;E2100035300000;DUBLADO;NÃO;ESTADOS UNIDOS;5002888;KINOPLEX WEST SHOPPING RIO 01;9;6000037;1991;17366;RIO DE JANEIRO;RJ;EMPRESA CINEMAS SÃO LUIZ S/A;33.497.660/0001-89
14/04/2021;14/04/2021 16:30:00;RAYA AND THE LAST DRAGON;RAYA E O ÚLTIMO DRAGÃO;E2100035300000;DUBLADO;NÃO;ESTADOS UNIDOS;5000062;SALA KINOPLEX MADUREIRA 02;5;6000037;1991;2389;RIO DE JANEIRO;RJ;EMPRESA CINEMAS SÃO LUIZ S/A;33.497.660/0001-89
14/04/2021;14/04/2021 16:30:00;THE WIDOW;A VIÚVA DAS SOMBRAS;E2100005000000;DUBLADO;NÃO;RÚSSIA;5001634;CINE TERESINA 1;17;;2140;6595;TERESINA;PI;CINEMAS TERESINA LTDA;02.142.566/0001-83
14/04/2021;14/04/2021 16:30:00;THE WIDOW;A VIÚVA DAS SOMBRAS;E2100005000000;DUBLADO;NÃO;RÚSSIA;5000205;KINOPLEX GRANDE RIO 2;8;6000037;1991;2424;SÃO JOÃO DE MERITI;RJ;EMPRESA CINEMAS SÃO LUIZ S/A;33.497.660/0001-89
14/04/2021;14/04/2021 16:30:00;TOM & JERRY;TOM & JERRY - O FILME;E2000553800000;DUBLADO;NÃO;ESTADOS UNIDOS;5006063;CENTERPLEX BOULEVARD 05;2;6000006;40317;40318;VITÓRIA DA CONQUISTA;BA;CINE ELI BAHIA CINEMAS LTDA - EM RECUPERACAO JUDICIAL;30.096.740/0001-34
14/04/2021;14/04/2021 16:30:00;TOM & JERRY;TOM & JERRY - O FILME;E2000553800000;DUBLADO;NÃO;ESTADOS UNIDOS;5002565;CINE CATARATAS 2;7;;15565;15566;FOZ DO IGUAÇU;PR;CINE CATARATAS LTDA;09.010.219/0001-46
14/04/2021;14/04/2021 16:30:00;TOM & JERRY;TOM & JERRY - O FILME;E2000553800000;DUBLADO;NÃO;ESTADOS UNIDOS;5005724;KINOPLEX IGUAÇU TOP SALA 04;24;6000037;1991;2387;NOVA IGUAÇU;RJ;EMPRESA CINEMAS SÃO LUIZ S/A;33.497.660/0001-89
14/04/2021;14/04/2021 16:35:00;RAYA AND THE LAST DRAGON;RAYA E O ÚLTIMO DRAGÃO;E2100035300000;DUBLADO;NÃO;ESTADOS UNIDOS;5002180;KINOPLEX TIJUCA SALA 06;12;6000037;11751;13416;RIO DE JANEIRO;RJ;SR RIO DE JANEIRO CINEMAS S/A;08.262.566/0001-01
14/04/2021;14/04/2021 16:40:00;JUDAS AND THE BLACK MESSIAH;JUDAS E O MESSIAS NEGRO;E2100040400000;ORIGINAL;SIM;ESTADOS UNIDOS;5002323;CINE SANTA TERESA;2;6000083;14200;14201;RIO DE JANEIRO;RJ;ARTE VITAL EXIBIÇÕES CINEMATOGRÁFICAS LTDA;03.459.043/0001-28
14/04/2021;14/04/2021 16:40:00;LUCICREIDE VAI PRA MARTE;;B1900421800000;ORIGINAL;NÃO;BRASIL;5000063;SALA KINOPLEX MADUREIRA 03;7;6000037;1991;2389;RIO DE JANEIRO;RJ;EMPRESA CINEMAS SÃO LUIZ S/A;33.497.660/0001-89
14/04/2021;14/04/2021 16:40:00;THE ELFKINS - BAKING A DIFFERENCE;É DOCE!;E2000077600000;DUBLADO;NÃO;ALEMANHA;5006645;PLAYARTE RORAIMA GARDEN SALA 04;0;6000049;39188;47248;BOA VISTA;RR;MULTIPLEX DO BRASIL ENTRETENIMENTO LTDA;27.595.833/0001-07
14/04/2021;14/04/2021 16:40:00;THE WIDOW;A VIÚVA DAS SOMBRAS;E2100005000000;DUBLADO;NÃO;RÚSSIA;5002891;KINOPLEX WEST SHOPPING RIO 02;4;6000037;1991;17366;RIO DE JANEIRO;RJ;EMPRESA CINEMAS SÃO LUIZ S/A;33.497.660/0001-89
14/04/2021;14/04/2021 16:40:00;TOM & JERRY;TOM & JERRY - O FILME;E2000553800000;DUBLADO;NÃO;ESTADOS UNIDOS;5000211;IGUATEMI 2;6;6000037;1991;2425;RIO DE JANEIRO;RJ;EMPRESA CINEMAS SÃO LUIZ S/A;33.497.660/0001-89
14/04/2021;14/04/2021 16:45:01;FOLLOW ME;SEM SAÍDA;E2100006300000;DUBLADO;NÃO;ESTADOS UNIDOS;5006493;CINE INTER SANTA INES 01;0;6000140;44834;44835;SANTA INÊS;MA;CINEINTER EXIBICOES CINEMATOGRAFICAS LTDA;35.477.354/0001-06
14/04/2021;14/04/2021 16:50:00;LUCICREIDE VAI PRA MARTE;;B1900421800000;ORIGINAL;NÃO;BRASIL;5002199;KINOPLEX VIA PARQUE 3;2;6000037;1991;13454;RIO DE JANEIRO;RJ;EMPRESA CINEMAS SÃO LUIZ S/A;33.497.660/0001-89
14/04/2021;14/04/2021 16:50:00;THE WIDOW;A VIÚVA DAS SOMBRAS;E2100005000000;DUBLADO;NÃO;RÚSSIA;5002051;UCI - KINOPLEX NORTE SHOPPING - SALA 02;13;6000059;2612;12748;RIO DE JANEIRO;RJ;UCI RIBEIRO LTDA;02.117.937/0001-77
14/04/2021;14/04/2021 16:50:00;TOM & JERRY;TOM & JERRY - O FILME;E2000553800000;DUBLADO;NÃO;ESTADOS UNIDOS;5001958;KINOPLEX NOVA AMÉRICA SALA 02;14;6000037;1991;2426;RIO DE JANEIRO;RJ;EMPRESA CINEMAS SÃO LUIZ S/A;33.497.660/0001-89
14/04/2021;14/04/2021 16:50:01;TOM & JERRY;TOM & JERRY - O FILME;E2000553800000;DUBLADO;NÃO;ESTADOS UNIDOS;5005270;MULTICINE SANTA MARIA SALA 01;0;6000045;5935;30733;BRASÍLIA;DF;MULTICINE CINEMAS LTDA;07.609.246/0001-04
14/04/2021;14/04/2021 17:00:00;RAYA AND THE LAST DRAGON;RAYA E O ÚLTIMO DRAGÃO;E2100035300000;DUBLADO;NÃO;ESTADOS UNIDOS;5001860;CINE GRACHER LTDA;0;6000032;5979;6687;BRUSQUE;SC;CINE GRACHER LTDA;07.272.690/0001-87
14/04/2021;14/04/2021 17:00:00;RAYA AND THE LAST DRAGON;RAYA E O ÚLTIMO DRAGÃO;E2100035300000;DUBLADO;NÃO;ESTADOS UNIDOS;5006669;CINE ITAGUARI - SALA 1;0;6000141;45886;48010;SANTO ANTÔNIO DE JESUS;BA;GF ANDRADE ENTRETENIMENTO E COMÉRCIO LTDA;23.200.362/0001-21
14/04/2021;14/04/2021 17:00:00;RAYA AND THE LAST DRAGON;RAYA E O ÚLTIMO DRAGÃO;E2100035300000;DUBLADO;NÃO;ESTADOS UNIDOS;5006217;CINE LAGUNA 2;6;6000141;24511;24512;ALAGOINHAS;BA;VICTORY EVENTOS & TURISMO LTDA;05.607.525/0001-03
14/04/2021;14/04/2021 17:00:00;THE WIDOW;A VIÚVA DAS SOMBRAS;E2100005000000;DUBLADO;NÃO;RÚSSIA;5006060;CENTERPLEX BOULEVARD 02;2;6000006;40317;40318;VITÓRIA DA CONQUISTA;BA;CINE ELI BAHIA CINEMAS LTDA - EM RECUPERACAO JUDICIAL;30.096.740/0001-34
14/04/2021;14/04/2021 17:00:00;TOM & JERRY;TOM & JERRY - O FILME;E2000553800000;DUBLADO;NÃO;ESTADOS UNIDOS;5002890;KINOPLEX WEST SHOPPING RIO 03;2;6000037;1991;17366;RIO DE JANEIRO;RJ;EMPRESA CINEMAS SÃO LUIZ S/A;33.497.660/0001-89
14/04/2021;14/04/2021 17:00:00;WONDER WOMAN 1984;MULHER-MARAVILHA 1984;E2000170200000;DUBLADO;NÃO;CANADÁ;5005206;CINÉPOLIS RIO POTY SALA 10;2;6000024;17266;30352;TERESINA;PI;CINEPOLIS OPERADORA DE CINEMAS DO BRASIL LTDA;09.652.820/0001-32
14/04/2021;14/04/2021 17:00:01;LUCICREIDE VAI PRA MARTE;;B1900421800000;ORIGINAL;NÃO;BRASIL;5005789;CIDADE LUZ 3 MAXXI STADIUM;4;;32725;32727;GUARABIRA;PB;VERONILDO COUTINHO DE SOUSA EIRELI- EPP;24.248.972/0001-68
14/04/2021;14/04/2021 17:10:00;RAYA AND THE LAST DRAGON;RAYA E O ÚLTIMO DRAGÃO;E2100035300000;DUBLADO;NÃO;ESTADOS UNIDOS;5000175;KINOPLEX PARKSHOPPING 3;0;6000037;2364;2415;BRASÍLIA;DF;CINEMAS PARIS SEVERIANO RIBEIRO LTDA;31.611.189/0001-82
14/04/2021;14/04/2021 17:10:00;WONDER WOMAN 1984;MULHER-MARAVILHA 1984;E2000170200000;DUBLADO;NÃO;CANADÁ;5005647;CINE TERESINA 4;0;;2140;6595;TERESINA;PI;CINEMAS TERESINA LTDA;02.142.566/0001-83
14/04/2021;14/04/2021 17:15:00;LUCICREIDE VAI PRA MARTE;;B1900421800000;ORIGINAL;NÃO;BRASIL;5005562;KINOPLEX NOVA IGUAÇU SALA 01;19;6000037;1991;33119;NOVA IGUAÇU;RJ;EMPRESA CINEMAS SÃO LUIZ S/A;33.497.660/0001-89
14/04/2021;14/04/2021 17:15:00;TOM & JERRY;TOM & JERRY - O FILME;E2000553800000;DUBLADO;NÃO;ESTADOS UNIDOS;5000171;KINOPLEX PARKSHOPPING 2;0;6000037;2364;2415;BRASÍLIA;DF;CINEMAS PARIS SEVERIANO RIBEIRO LTDA;31.611.189/0001-82
14/04/2021;14/04/2021 17:20:00;SPUTNIK;ESTRANHO PASSSAGEIRO - SPUTNIK;E2000513800000;DUBLADO;NÃO;RÚSSIA;5006644;PLAYARTE RORAIMA GARDEN SALA 03;0;6000049;39188;47248;BOA VISTA;RR;MULTIPLEX DO BRASIL ENTRETENIMENTO LTDA;27.595.833/0001-07
14/04/2021;14/04/2021 17:20:00;THE WIDOW;A VIÚVA DAS SOMBRAS;E2100005000000;DUBLADO;NÃO;RÚSSIA;5001959;KINOPLEX NOVA AMÉRICA SALA 03;25;6000037;1991;2426;RIO DE JANEIRO;RJ;EMPRESA CINEMAS SÃO LUIZ S/A;33.497.660/0001-89
14/04/2021;14/04/2021 17:20:00;THE WIDOW;A VIÚVA DAS SOMBRAS;E2100005000000;DUBLADO;NÃO;RÚSSIA;5000061;SALA KINOPLEX MADUREIRA 01;17;6000037;1991;2389;RIO DE JANEIRO;RJ;EMPRESA CINEMAS SÃO LUIZ S/A;33.497.660/0001-89
14/04/2021;14/04/2021 17:20:00;WONDER WOMAN 1984;MULHER-MARAVILHA 1984;E2000170200000;DUBLADO;NÃO;CANADÁ;5000167;KINOPLEX PARKSHOPPING 1;0;6000037;2364;2415;BRASÍLIA;DF;CINEMAS PARIS SEVERIANO RIBEIRO LTDA;31.611.189/0001-82
14/04/2021;14/04/2021 17:20:00;WONDER WOMAN 1984;MULHER-MARAVILHA 1984;E2000170200000;DUBLADO;NÃO;CANADÁ;5000770;NEW YORK CITY CENTER - SALA 06;11;6000058;749;2620;RIO DE JANEIRO;RJ;UNITED CINEMAS INTERNATIONAL BRASIL LTDA.;01.289.530/0001-64
14/04/2021;14/04/2021 17:20:00;WONDER WOMAN 1984;MULHER-MARAVILHA 1984;E2000170200000;DUBLADO;NÃO;CANADÁ;5004809;SHOPPING BOSQUE DOS IPÊS- SALA 03;7;6000058;749;27590;CAMPO GRANDE;MS;UNITED CINEMAS INTERNATIONAL BRASIL LTDA.;01.289.530/0001-64
14/04/2021;14/04/2021 17:30:00;JUDAS AND THE BLACK MESSIAH;JUDAS E O MESSIAS NEGRO;E2100040400000;ORIGINAL;SIM;ESTADOS UNIDOS;5005208;CINÉPOLIS RIO POTY SALA 12;5;6000024;17266;30352;TERESINA;PI;CINEPOLIS OPERADORA DE CINEMAS DO BRASIL LTDA;09.652.820/0001-32
14/04/2021;14/04/2021 17:30:00;JUDAS AND THE BLACK MESSIAH;JUDAS E O MESSIAS NEGRO;E2100040400000;ORIGINAL;SIM;ESTADOS UNIDOS;5000168;KINOPLEX PARKSHOPPING 5;0;6000037;2364;2415;BRASÍLIA;DF;CINEMAS PARIS SEVERIANO RIBEIRO LTDA;31.611.189/0001-82
14/04/2021;14/04/2021 17:30:00;LUCICREIDE VAI PRA MARTE;;B1900421800000;ORIGINAL;NÃO;BRASIL;5006064;CENTERPLEX BOULEVARD 06;1;6000006;40317;40318;VITÓRIA DA CONQUISTA;BA;CINE ELI BAHIA CINEMAS LTDA - EM RECUPERACAO JUDICIAL;30.096.740/0001-34
14/04/2021;14/04/2021 17:30:00;LUCICREIDE VAI PRA MARTE;;B1900421800000;ORIGINAL;NÃO;BRASIL;5006494;CINE INTER SANTA INES 02;0;6000140;44834;44835;SANTA INÊS;MA;CINEINTER EXIBICOES CINEMATOGRAFICAS LTDA;35.477.354/0001-06
14/04/2021;14/04/2021 17:30:00;MONSTER HUNTER;MONSTER HUNTER;E2000403800000;DUBLADO;NÃO;ESTADOS UNIDOS;5006670;CINE ITAGUARI - SALA 2;2;6000141;45886;48010;SANTO ANTÔNIO DE JESUS;BA;GF ANDRADE ENTRETENIMENTO E COMÉRCIO LTDA;23.200.362/0001-21
14/04/2021;14/04/2021 17:30:00;RAYA AND THE LAST DRAGON;RAYA E O ÚLTIMO DRAGÃO;E2100035300000;DUBLADO;NÃO;ESTADOS UNIDOS;5005545;CINE COLOMBO RESENDE SALA 03;0;6000008;15833;33011;RESENDE;RJ;CINE A LTDA;10.894.937/0001-01
14/04/2021;14/04/2021 17:30:00;RAYA AND THE LAST DRAGON;RAYA E O ÚLTIMO DRAGÃO;E2100035300000;DUBLADO;NÃO;ESTADOS UNIDOS;5005726;KINOPLEX IGUAÇU TOP SALA 06;8;6000037;1991;2387;NOVA IGUAÇU;RJ;EMPRESA CINEMAS SÃO LUIZ S/A;33.497.660/0001-89
14/04/2021;14/04/2021 17:30:00;RAYA AND THE LAST DRAGON;RAYA E O ÚLTIMO DRAGÃO;E2100035300000;DUBLADO;NÃO;ESTADOS UNIDOS;5005563;KINOPLEX NOVA IGUAÇU SALA 02 KINOEVOLUTION;6;6000037;1991;33119;NOVA IGUAÇU;RJ;EMPRESA CINEMAS SÃO LUIZ S/A;33.497.660/0001-89
14/04/2021;14/04/2021 17:35:00;RAYA AND THE LAST DRAGON;RAYA E O ÚLTIMO DRAGÃO;E2100035300000;DUBLADO;NÃO;ESTADOS UNIDOS;5002052;UCI - KINOPLEX NORTE SHOPPING - SALA 10;6;6000059;2612;12748;RIO DE JANEIRO;RJ;UCI RIBEIRO LTDA;02.117.937/0001-77
14/04/2021;14/04/2021 17:35:00;THE WIDOW;A VIÚVA DAS SOMBRAS;E2100005000000;DUBLADO;NÃO;RÚSSIA;5005271;MULTICINE SANTA MARIA SALA 02;4;6000045;5935;30733;BRASÍLIA;DF;MULTICINE CINEMAS LTDA;07.609.246/0001-04
14/04/2021;14/04/2021 17:40:00;DRUK;DRUK - MAIS UMA RODADA;E2100078400000;ORIGINAL;SIM;DINAMARCA;5000169;KINOPLEX PARKSHOPPING 6;0;6000037;2364;2415;BRASÍLIA;DF;CINEMAS PARIS SEVERIANO RIBEIRO LTDA;31.611.189/0001-82
14/04/2021;14/04/2021 17:40:00;JUDAS AND THE BLACK MESSIAH;JUDAS E O MESSIAS NEGRO;E2100040400000;ORIGINAL;SIM;ESTADOS UNIDOS;5001638;CINE TERESINA 7;0;;2140;6595;TERESINA;PI;CINEMAS TERESINA LTDA;02.142.566/0001-83
14/04/2021;14/04/2021 17:40:00;RAYA AND THE LAST DRAGON;RAYA E O ÚLTIMO DRAGÃO;E2100035300000;DUBLADO;NÃO;ESTADOS UNIDOS;5000780;NEW YORK CITY CENTER - SALA 16;5;6000058;749;2620;RIO DE JANEIRO;RJ;UNITED CINEMAS INTERNATIONAL BRASIL LTDA.;01.289.530/0001-64
14/04/2021;14/04/2021 17:40:00;THE WIDOW;A VIÚVA DAS SOMBRAS;E2100005000000;DUBLADO;NÃO;RÚSSIA;5001662;ORIENT CINEPLACE BOULEVARD SHOPPING - SALA 3;13;6000046;2869;6630;FEIRA DE SANTANA;BA;FEIRA PLEXCINE LTDA.;04.547.950/0001-91
14/04/2021;14/04/2021 17:45:00;RAYA AND THE LAST DRAGON;RAYA E O ÚLTIMO DRAGÃO;E2100035300000;DUBLADO;NÃO;ESTADOS UNIDOS;5006138;SALA CINE GUEDES 03;6;;23266;23267;PATOS;PB;LILIANE ROCHA DE MEDEIROS GUEDES-ME;16.844.526/0001-98
14/04/2021;14/04/2021 17:45:00;TOM & JERRY;TOM & JERRY - O FILME;E2000553800000;DUBLADO;NÃO;ESTADOS UNIDOS;5002355;SALA VILA RICA 2 CONVENCIONAL;0;;14637;14638;PRIMAVERA DO LESTE;MT;MAURICIO JOSE NICOLINO & CIA LTDA;05.724.035/0001-97
14/04/2021;14/04/2021 17:50:00;MONSTER HUNTER;MONSTER HUNTER;E2000403800000;ORIGINAL;SIM;ESTADOS UNIDOS;5005648;CINE TERESINA 5;0;;2140;6595;TERESINA;PI;CINEMAS TERESINA LTDA;02.142.566/0001-83
14/04/2021;14/04/2021 17:50:00;THE FATHER;THE FATHER;E1900616300000;ORIGINAL;SIM;INGLATERRA;5003765;UCI BRASIL - PARK SHOPPING CG - SALA 2;6;6000058;749;23929;RIO DE JANEIRO;RJ;UNITED CINEMAS INTERNATIONAL BRASIL LTDA.;01.289.530/0001-64
14/04/2021;14/04/2021 17:50:00;WONDER WOMAN 1984;MULHER-MARAVILHA 1984;E2000170200000;DUBLADO;NÃO;CANADÁ;5003766;UCI BRASIL - SHOPPING CG - SALA 03;3;6000058;749;23929;RIO DE JANEIRO;RJ;UNITED CINEMAS INTERNATIONAL BRASIL LTDA.;01.289.530/0001-64
14/04/2021;14/04/2021 18:00:00;MONSTER HUNTER;MONSTER HUNTER;E2000403800000;DUBLADO;NÃO;ESTADOS UNIDOS;5006484;CINE + ARTE SOMBRIO 01;0;6000103;44714;44715;SOMBRIO;SC;CINE + ARTE SOMBRIO LTDA;35.505.937/0001-01
14/04/2021;14/04/2021 18:00:00;MONSTER HUNTER;MONSTER HUNTER;E2000403800000;DUBLADO;NÃO;ESTADOS UNIDOS;5006058;CINE GRACHER JOAÇABA SALA 03;0;6000032;5979;40234;JOAÇABA;SC;CINE GRACHER LTDA;07.272.690/0001-87
14/04/2021;14/04/2021 18:00:00;MONSTER HUNTER;MONSTER HUNTER;E2000403800000;DUBLADO;NÃO;ESTADOS UNIDOS;5005204;CINÉPOLIS RIO POTY SALA 8;10;6000024;17266;30352;TERESINA;PI;CINEPOLIS OPERADORA DE CINEMAS DO BRASIL LTDA;09.652.820/0001-32
14/04/2021;14/04/2021 18:00:00;MONSTER HUNTER;MONSTER HUNTER;E2000403800000;DUBLADO;NÃO;ESTADOS UNIDOS;5004812;SHOPPING BOSQUE DOS IPÊS- SALA 06;1;6000058;749;27590;CAMPO GRANDE;MS;UNITED CINEMAS INTERNATIONAL BRASIL LTDA.;01.289.530/0001-64
14/04/2021;14/04/2021 18:00:00;RAYA AND THE LAST DRAGON;RAYA E O ÚLTIMO DRAGÃO;E2100035300000;DUBLADO;NÃO;ESTADOS UNIDOS;5002102;CINE DRIVEIN;76;;5465;6715;BRASÍLIA;DF;STARK'S CINEMA E LANCHONETE LTDA.;32.917.296/0001-04
14/04/2021;14/04/2021 18:00:00;RAYA AND THE LAST DRAGON;RAYA E O ÚLTIMO DRAGÃO;E2100035300000;DUBLADO;NÃO;ESTADOS UNIDOS;5006056;CINE GRACHER JOAÇABA SALA 01;4;6000032;5979;40234;JOAÇABA;SC;CINE GRACHER LTDA;07.272.690/0001-87
14/04/2021;14/04/2021 18:00:00;RAYA AND THE LAST DRAGON;RAYA E O ÚLTIMO DRAGÃO;E2100035300000;DUBLADO;NÃO;ESTADOS UNIDOS;5001636;CINE TERESINA 3;8;;2140;6595;TERESINA;PI;CINEMAS TERESINA LTDA;02.142.566/0001-83
14/04/2021;14/04/2021 18:00:00;RAYA AND THE LAST DRAGON;RAYA E O ÚLTIMO DRAGÃO;E2100035300000;DUBLADO;NÃO;ESTADOS UNIDOS;5000210;IGUATEMI 1;11;6000037;1991;2425;RIO DE JANEIRO;RJ;EMPRESA CINEMAS SÃO LUIZ S/A;33.497.660/0001-89
14/04/2021;14/04/2021 18:00:00;RAYA AND THE LAST DRAGON;RAYA E O ÚLTIMO DRAGÃO;E2100035300000;DUBLADO;NÃO;ESTADOS UNIDOS;5000204;KINOPLEX GRANDE RIO 1;12;6000037;1991;2424;SÃO JOÃO DE MERITI;RJ;EMPRESA CINEMAS SÃO LUIZ S/A;33.497.660/0001-89
14/04/2021;14/04/2021 18:00:00;THE FATHER;THE FATHER;E1900616300000;ORIGINAL;SIM;INGLATERRA;5000765;NEW YORK CITY CENTER - SALA 01;8;6000058;749;2620;RIO DE JANEIRO;RJ;UNITED CINEMAS INTERNATIONAL BRASIL LTDA.;01.289.530/0001-64
14/04/2021;14/04/2021 18:00:00;TOM & JERRY;TOM & JERRY - O FILME;E2000553800000;DUBLADO;NÃO;ESTADOS UNIDOS;5006059;CENTERPLEX BOULEVARD 01;0;6000006;40317;40318;VITÓRIA DA CONQUISTA;BA;CINE ELI BAHIA CINEMAS LTDA - EM RECUPERACAO JUDICIAL;30.096.740/0001-34
14/04/2021;14/04/2021 18:00:00;TOM & JERRY;TOM & JERRY - O FILME;E2000553800000;DUBLADO;NÃO;ESTADOS UNIDOS;5006643;PLAYARTE RORAIMA GARDEN SALA 02;3;6000049;39188;47248;BOA VISTA;RR;MULTIPLEX DO BRASIL ENTRETENIMENTO LTDA;27.595.833/0001-07
14/04/2021;14/04/2021 18:05:00;DEPOIS A LOUCA SOU EU;;B2000078000000;DUBLADO;NÃO;BRASIL;5002059;UCI - KINOPLEX NORTE SHOPPING - SALA 07;1;6000059;2612;12748;RIO DE JANEIRO;RJ;UCI RIBEIRO LTDA;02.117.937/0001-77
14/04/2021;14/04/2021 18:10:00;LUCICREIDE VAI PRA MARTE;;B1900421800000;ORIGINAL;NÃO;BRASIL;5001637;CINE TERESINA 6;14;;2140;6595;TERESINA;PI;CINEMAS TERESINA LTDA;02.142.566/0001-83
14/04/2021;14/04/2021 18:10:00;LUCICREIDE VAI PRA MARTE;;B1900421800000;ORIGINAL;NÃO;BRASIL;5003652;SALA CINE GUEDES 01;0;;23266;23267;PATOS;PB;LILIANE ROCHA DE MEDEIROS GUEDES-ME;16.844.526/0001-98
14/04/2021;14/04/2021 18:10:00;MONSTER HUNTER;MONSTER HUNTER;E2000403800000;DUBLADO;NÃO;ESTADOS UNIDOS;5000206;KINOPLEX GRANDE RIO 3;4;6000037;1991;2424;SÃO JOÃO DE MERITI;RJ;EMPRESA CINEMAS SÃO LUIZ S/A;33.497.660/0001-89
14/04/2021;14/04/2021 18:10:00;MONSTER HUNTER;MONSTER HUNTER;E2000403800000;DUBLADO;NÃO;ESTADOS UNIDOS;5005564;KINOPLEX NOVA IGUAÇU SALA 03 PLATINUM;8;6000037;1991;33119;NOVA IGUAÇU;RJ;EMPRESA CINEMAS SÃO LUIZ S/A;33.497.660/0001-89
14/04/2021;14/04/2021 18:10:00;THE FATHER;THE FATHER;E1900616300000;ORIGINAL;SIM;INGLATERRA;5000166;KINOPLEX PARKSHOPPING 4;0;6000037;2364;2415;BRASÍLIA;DF;CINEMAS PARIS SEVERIANO RIBEIRO LTDA;31.611.189/0001-82
14/04/2021;14/04/2021 18:10:00;THE FATHER;THE FATHER;E1900616300000;ORIGINAL;SIM;INGLATERRA;5002179;KINOPLEX TIJUCA SALA 05;15;6000037;11751;13416;RIO DE JANEIRO;RJ;SR RIO DE JANEIRO CINEMAS S/A;08.262.566/0001-01
14/04/2021;14/04/2021 18:10:00;THE WIDOW;A VIÚVA DAS SOMBRAS;E2100005000000;DUBLADO;NÃO;RÚSSIA;5005205;CINÉPOLIS RIO POTY SALA 9;8;6000024;17266;30352;TERESINA;PI;CINEPOLIS OPERADORA DE CINEMAS DO BRASIL LTDA;09.652.820/0001-32
14/04/2021;14/04/2021 18:10:00;TOM & JERRY;TOM & JERRY - O FILME;E2000553800000;DUBLADO;NÃO;ESTADOS UNIDOS;5001635;CINE TERESINA 2;6;;2140;6595;TERESINA;PI;CINEMAS TERESINA LTDA;02.142.566/0001-83
14/04/2021;14/04/2021 18:15:00;RAYA AND THE LAST DRAGON;RAYA E O ÚLTIMO DRAGÃO;E2100035300000;DUBLADO;NÃO;ESTADOS UNIDOS;5006001;CINE GRACHER INDAIAL - SALA 04;2;6000032;5979;39283;INDAIAL;SC;CINE GRACHER LTDA;07.272.690/0001-87
14/04/2021;14/04/2021 18:15:00;RAYA AND THE LAST DRAGON;RAYA E O ÚLTIMO DRAGÃO;E2100035300000;DUBLADO;NÃO;ESTADOS UNIDOS;5006086;CINE GRACHER PORTO BELO SALA 04;2;6000032;5979;40771;PORTO BELO;SC;CINE GRACHER LTDA;07.272.690/0001-87
14/04/2021;14/04/2021 18:15:00;RAYA AND THE LAST DRAGON;RAYA E O ÚLTIMO DRAGÃO;E2100035300000;DUBLADO;NÃO;ESTADOS UNIDOS;5006112;CINE GRACHER SÃO BENTO 02;0;6000032;5979;41056;SÃO BENTO DO SUL;SC;CINE GRACHER LTDA;07.272.690/0001-87
14/04/2021;14/04/2021 18:20:00;FOLLOW ME;SEM SAÍDA;E2100006300000;DUBLADO;NÃO;ESTADOS UNIDOS;5006657;SALA CINE VIEIRA 01;1;;47551;47598;SÃO BENTO;PB;COSTA E VIEIRA EMPREENDIMENTOS LTDA;10.866.528/0001-00
14/04/2021;14/04/2021 18:20:00;HONEST THIEF;LEGADO EXPLOSIVO;E2000416200000;DUBLADO;NÃO;ESTADOS UNIDOS;5005725;KINOPLEX IGUAÇU TOP SALA 05;10;6000037;1991;2387;NOVA IGUAÇU;RJ;EMPRESA CINEMAS SÃO LUIZ S/A;33.497.660/0001-89
14/04/2021;14/04/2021 18:20:00;JUDAS AND THE BLACK MESSIAH;JUDAS E O MESSIAS NEGRO;E2100040400000;ORIGINAL;SIM;ESTADOS UNIDOS;5000774;NEW YORK CITY CENTER - SALA 10;3;6000058;749;2620;RIO DE JANEIRO;RJ;UNITED CINEMAS INTERNATIONAL BRASIL LTDA.;01.289.530/0001-64
14/04/2021;14/04/2021 18:20:00;RAYA AND THE LAST DRAGON;RAYA E O ÚLTIMO DRAGÃO;E2100035300000;DUBLADO;NÃO;ESTADOS UNIDOS;5002566;CINE CATARATAS 3;9;;15565;15566;FOZ DO IGUAÇU;PR;CINE CATARATAS LTDA;09.010.219/0001-46
14/04/2021;14/04/2021 18:20:00;RAYA AND THE LAST DRAGON;RAYA E O ÚLTIMO DRAGÃO;E2100035300000;DUBLADO;NÃO;ESTADOS UNIDOS;5000065;KINOPLEX RIO SUL - SALA KINOEVOLUTIUM 01;10;6000037;1991;2390;RIO DE JANEIRO;RJ;EMPRESA CINEMAS SÃO LUIZ S/A;33.497.660/0001-89
14/04/2021;14/04/2021 18:20:00;RAYA AND THE LAST DRAGON;RAYA E O ÚLTIMO DRAGÃO;E2100035300000;DUBLADO;NÃO;ESTADOS UNIDOS;5000066;KINOPLEX RIO SUL - SALA KINOEVOLUTIUM 02;4;6000037;1991;2390;RIO DE JANEIRO;RJ;EMPRESA CINEMAS SÃO LUIZ S/A;33.497.660/0001-89
14/04/2021;14/04/2021 18:20:00;RAYA AND THE LAST DRAGON;RAYA E O ÚLTIMO DRAGÃO;E2100035300000;DUBLADO;NÃO;ESTADOS UNIDOS;5005018;KINOPLEX VIA PARQUE 4- KINOEVOLUTION;19;6000037;1991;13454;RIO DE JANEIRO;RJ;EMPRESA CINEMAS SÃO LUIZ S/A;33.497.660/0001-89
14/04/2021;14/04/2021 18:20:00;THE WIDOW;A VIÚVA DAS SOMBRAS;E2100005000000;DUBLADO;NÃO;RÚSSIA;5004810;SHOPPING BOSQUE DOS IPÊS- SALA 04;5;6000058;749;27590;CAMPO GRANDE;MS;UNITED CINEMAS INTERNATIONAL BRASIL LTDA.;01.289.530/0001-64
14/04/2021;14/04/2021 18:20:00;TOM & JERRY;TOM & JERRY - O FILME;E2000553800000;DUBLADO;NÃO;ESTADOS UNIDOS;5003762;UCI BRASIL PARK CG - SALA 04;6;6000058;749;23929;RIO DE JANEIRO;RJ;UNITED CINEMAS INTERNATIONAL BRASIL LTDA.;01.289.530/0001-64
14/04/2021;14/04/2021 18:30:00;DRUK;DRUK - MAIS UMA RODADA;E2100078400000;ORIGINAL;SIM;DINAMARCA;5000067;KINOPLEX RIO SUL - SALA PLATINUM 03;10;6000037;1991;2390;RIO DE JANEIRO;RJ;EMPRESA CINEMAS SÃO LUIZ S/A;33.497.660/0001-89
14/04/2021;14/04/2021 18:30:00;DRUK;DRUK - MAIS UMA RODADA;E2100078400000;ORIGINAL;SIM;DINAMARCA;5001932;SALA KINOPLEX LEBLON SALA 02;15;6000037;11751;11752;RIO DE JANEIRO;RJ;SR RIO DE JANEIRO CINEMAS S/A;08.262.566/0001-01
14/04/2021;14/04/2021 18:30:00;LUCICREIDE VAI PRA MARTE;;B1900421800000;DUBLADO;NÃO;BRASIL;5002053;UCI - KINOPLEX NORTE SHOPPING - SALA 08;9;6000059;2612;12748;RIO DE JANEIRO;RJ;UCI RIBEIRO LTDA;02.117.937/0001-77
14/04/2021;14/04/2021 18:30:00;MONSTER HUNTER;MONSTER HUNTER;E2000403800000;DUBLADO;NÃO;ESTADOS UNIDOS;5006062;CENTERPLEX BOULEVARD 04;0;6000006;40317;40318;VITÓRIA DA CONQUISTA;BA;CINE ELI BAHIA CINEMAS LTDA - EM RECUPERACAO JUDICIAL;30.096.740/0001-34
14/04/2021;14/04/2021 18:30:00;MONSTER HUNTER;MONSTER HUNTER;E2000403800000;DUBLADO;NÃO;ESTADOS UNIDOS;5002565;CINE CATARATAS 2;6;;15565;15566;FOZ DO IGUAÇU;PR;CINE CATARATAS LTDA;09.010.219/0001-46
14/04/2021;14/04/2021 18:30:00;MONSTER HUNTER;MONSTER HUNTER;E2000403800000;DUBLADO;NÃO;ESTADOS UNIDOS;5005543;CINE COLOMBO RESENDE SALA 01;0;6000008;15833;33011;RESENDE;RJ;CINE A LTDA;10.894.937/0001-01
14/04/2021;14/04/2021 18:30:00;MONSTER HUNTER;MONSTER HUNTER;E2000403800000;DUBLADO;NÃO;ESTADOS UNIDOS;5006000;CINE GRACHER INDAIAL - SALA 03;0;6000032;5979;39283;INDAIAL;SC;CINE GRACHER LTDA;07.272.690/0001-87
14/04/2021;14/04/2021 18:30:00;MONSTER HUNTER;MONSTER HUNTER;E2000403800000;DUBLADO;NÃO;ESTADOS UNIDOS;5006085;CINE GRACHER PORTO BELO SALA 03;2;6000032;5979;40771;PORTO BELO;SC;CINE GRACHER LTDA;07.272.690/0001-87
14/04/2021;14/04/2021 18:30:00;MONSTER HUNTER;MONSTER HUNTER;E2000403800000;DUBLADO;NÃO;ESTADOS UNIDOS;5006114;CINE GRACHER SÃO BENTO 04;0;6000032;5979;41056;SÃO BENTO DO SUL;SC;CINE GRACHER LTDA;07.272.690/0001-87
14/04/2021;14/04/2021 18:30:00;MONSTER HUNTER;MONSTER HUNTER;E2000403800000;DUBLADO;NÃO;ESTADOS UNIDOS;5001960;KINOPLEX NOVA AMÉRICA SALA 04;14;6000037;1991;2426;RIO DE JANEIRO;RJ;EMPRESA CINEMAS SÃO LUIZ S/A;33.497.660/0001-89
14/04/2021;14/04/2021 18:30:00;RAYA AND THE LAST DRAGON;RAYA E O ÚLTIMO DRAGÃO;E2100035300000;DUBLADO;NÃO;ESTADOS UNIDOS;5002337;CENTER CINE;2;;14489;14490;OLIVEIRA;MG;CENTER CINE E EVENTOS LTDA;10.311.428/0001-09
14/04/2021;14/04/2021 18:30:00;RAYA AND THE LAST DRAGON;RAYA E O ÚLTIMO DRAGÃO;E2100035300000;DUBLADO;NÃO;ESTADOS UNIDOS;5005289;GRUPO CINE FRAIBURGO;0;6000034;30763;30765;FRAIBURGO;SC;CINEMA FRAIBURGO LTDA;17.067.309/0001-00
14/04/2021;14/04/2021 18:30:00;THE FATHER;THE FATHER;E1900616300000;ORIGINAL;SIM;INGLATERRA;5005020;KINOPLEX VIA PARQUE 6;5;6000037;1991;13454;RIO DE JANEIRO;RJ;EMPRESA CINEMAS SÃO LUIZ S/A;33.497.660/0001-89
14/04/2021;14/04/2021 18:30:00;THE FATHER;THE FATHER;E1900616300000;ORIGINAL;SIM;INGLATERRA;5002057;UCI - KINOPLEX NORTE SHOPPING - SALA 03;11;6000059;2612;12748;RIO DE JANEIRO;RJ;UCI RIBEIRO LTDA;02.117.937/0001-77
14/04/2021;14/04/2021 18:30:00;THE WIDOW;A VIÚVA DAS SOMBRAS;E2100005000000;ORIGINAL;SIM;RÚSSIA;5001634;CINE TERESINA 1;7;;2140;6595;TERESINA;PI;CINEMAS TERESINA LTDA;02.142.566/0001-83
14/04/2021;14/04/2021 18:30:00;THE WIDOW;A VIÚVA DAS SOMBRAS;E2100005000000;DUBLADO;NÃO;RÚSSIA;5000205;KINOPLEX GRANDE RIO 2;9;6000037;1991;2424;SÃO JOÃO DE MERITI;RJ;EMPRESA CINEMAS SÃO LUIZ S/A;33.497.660/0001-89
14/04/2021;14/04/2021 18:30:00;TOM & JERRY;TOM & JERRY - O FILME;E2000553800000;DUBLADO;NÃO;ESTADOS UNIDOS;5005998;CINE GRACHER INDAIAL - SALA 01;0;6000032;5979;39283;INDAIAL;SC;CINE GRACHER LTDA;07.272.690/0001-87
14/04/2021;14/04/2021 18:30:00;TOM & JERRY;TOM & JERRY - O FILME;E2000553800000;DUBLADO;NÃO;ESTADOS UNIDOS;5006083;CINE GRACHER PORTO BELO SALA 01;3;6000032;5979;40771;PORTO BELO;SC;CINE GRACHER LTDA;07.272.690/0001-87
14/04/2021;14/04/2021 18:30:00;TOM & JERRY;TOM & JERRY - O FILME;E2000553800000;DUBLADO;NÃO;ESTADOS UNIDOS;5006111;CINE GRACHER SÃO BENTO 01;5;6000032;5979;41056;SÃO BENTO DO SUL;SC;CINE GRACHER LTDA;07.272.690/0001-87
14/04/2021;14/04/2021 18:30:00;WONDER WOMAN 1984;MULHER-MARAVILHA 1984;E2000170200000;DUBLADO;NÃO;CANADÁ;5006645;PLAYARTE RORAIMA GARDEN SALA 04;14;6000049;39188;47248;BOA VISTA;RR;MULTIPLEX DO BRASIL ENTRETENIMENTO LTDA;27.595.833/0001-07
14/04/2021;14/04/2021 18:40:00;DRUK;DRUK - MAIS UMA RODADA;E2100078400000;ORIGINAL;SIM;DINAMARCA;5005994;CINE BARRA POINT SALA 01;0;6000083;14200;39233;RIO DE JANEIRO;RJ;ARTE VITAL EXIBIÇÕES CINEMATOGRÁFICAS LTDA;03.459.043/0001-28
14/04/2021;14/04/2021 18:40:00;DRUK;DRUK - MAIS UMA RODADA;E2100078400000;ORIGINAL;SIM;DINAMARCA;5002175;KINOPLEX TIJUCA SALA 02;19;6000037;11751;13416;RIO DE JANEIRO;RJ;SR RIO DE JANEIRO CINEMAS S/A;08.262.566/0001-01
14/04/2021;14/04/2021 18:40:00;LUCICREIDE VAI PRA MARTE;;B1900421800000;ORIGINAL;NÃO;BRASIL;5005724;KINOPLEX IGUAÇU TOP SALA 04;12;6000037;1991;2387;NOVA IGUAÇU;RJ;EMPRESA CINEMAS SÃO LUIZ S/A;33.497.660/0001-89
14/04/2021;14/04/2021 18:40:00;MONSTER HUNTER;MONSTER HUNTER;E2000403800000;DUBLADO;NÃO;ESTADOS UNIDOS;5000212;IGUATEMI 3;11;6000037;1991;2425;RIO DE JANEIRO;RJ;EMPRESA CINEMAS SÃO LUIZ S/A;33.497.660/0001-89
14/04/2021;14/04/2021 18:40:00;MONSTER HUNTER;MONSTER HUNTER;E2000403800000;DUBLADO;NÃO;ESTADOS UNIDOS;5000063;SALA KINOPLEX MADUREIRA 03;11;6000037;1991;2389;RIO DE JANEIRO;RJ;EMPRESA CINEMAS SÃO LUIZ S/A;33.497.660/0001-89
14/04/2021;14/04/2021 18:40:00;RAYA AND THE LAST DRAGON;RAYA E O ÚLTIMO DRAGÃO;E2100035300000;DUBLADO;NÃO;ESTADOS UNIDOS;5005272;MULTICINE SANTA MARIA SALA 03;2;6000045;5935;30733;BRASÍLIA;DF;MULTICINE CINEMAS LTDA;07.609.246/0001-04
14/04/2021;14/04/2021 18:40:00;THE WIDOW;A VIÚVA DAS SOMBRAS;E2100005000000;DUBLADO;NÃO;RÚSSIA;5005568;KINOPLEX NOVA IGUAÇU SALA 07;13;6000037;1991;33119;NOVA IGUAÇU;RJ;EMPRESA CINEMAS SÃO LUIZ S/A;33.497.660/0001-89
14/04/2021;14/04/2021 18:40:00;THE WIDOW;A VIÚVA DAS SOMBRAS;E2100005000000;DUBLADO;NÃO;RÚSSIA;5002891;KINOPLEX WEST SHOPPING RIO 02;10;6000037;1991;17366;RIO DE JANEIRO;RJ;EMPRESA CINEMAS SÃO LUIZ S/A;33.497.660/0001-89
14/04/2021;14/04/2021 18:40:00;THE WIDOW;A VIÚVA DAS SOMBRAS;E2100005000000;DUBLADO;NÃO;RÚSSIA;5003756;UCI BRASIL CG - SALA 05;12;6000058;749;23929;RIO DE JANEIRO;RJ;UNITED CINEMAS INTERNATIONAL BRASIL LTDA.;01.289.530/0001-64
14/04/2021;14/04/2021 18:40:01;LUCICREIDE VAI PRA MARTE;;B1900421800000;ORIGINAL;NÃO;BRASIL;5006493;CINE INTER SANTA INES 01;7;6000140;44834;44835;SANTA INÊS;MA;CINEINTER EXIBICOES CINEMATOGRAFICAS LTDA;35.477.354/0001-06
14/04/2021;14/04/2021 18:45:00;LUCICREIDE VAI PRA MARTE;;B1900421800000;ORIGINAL;NÃO;BRASIL;5006061;CENTERPLEX BOULEVARD 03;0;6000006;40317;40318;VITÓRIA DA CONQUISTA;BA;CINE ELI BAHIA CINEMAS LTDA - EM RECUPERACAO JUDICIAL;30.096.740/0001-34
14/04/2021;14/04/2021 18:45:00;MONSTER HUNTER;MONSTER HUNTER;E2000403800000;DUBLADO;NÃO;ESTADOS UNIDOS;5001862;CINE GRACHER LTDA;0;6000032;5979;6687;BRUSQUE;SC;CINE GRACHER LTDA;07.272.690/0001-87
14/04/2021;14/04/2021 18:45:00;RAYA AND THE LAST DRAGON;RAYA E O ÚLTIMO DRAGÃO;E2100035300000;DUBLADO;NÃO;ESTADOS UNIDOS;5004504;CINE GRACHER ESPAÇO HAVAN 1;0;6000032;5979;26111;BRUSQUE;SC;CINE GRACHER LTDA;07.272.690/0001-87
14/04/2021;14/04/2021 18:45:00;TOM & JERRY;TOM & JERRY - O FILME;E2000553800000;DUBLADO;NÃO;ESTADOS UNIDOS;5001861;CINE GRACHER LTDA;0;6000032;5979;6687;BRUSQUE;SC;CINE GRACHER LTDA;07.272.690/0001-87
14/04/2021;14/04/2021 18:50:00;THE FATHER;THE FATHER;E1900616300000;ORIGINAL;SIM;INGLATERRA;5001930;SALA KINOPLEX LEBLON SALA 01;10;6000037;11751;11752;RIO DE JANEIRO;RJ;SR RIO DE JANEIRO CINEMAS S/A;08.262.566/0001-01
14/04/2021;14/04/2021 19:00:00;LUCICREIDE VAI PRA MARTE;;B1900421800000;ORIGINAL;NÃO;BRASIL;5005789;CIDADE LUZ 3 MAXXI STADIUM;2;;32725;32727;GUARABIRA;PB;VERONILDO COUTINHO DE SOUSA EIRELI- EPP;24.248.972/0001-68
14/04/2021;14/04/2021 19:00:00;MONSTER HUNTER;MONSTER HUNTER;E2000403800000;DUBLADO;NÃO;ESTADOS UNIDOS;5005270;MULTICINE SANTA MARIA SALA 01;5;6000045;5935;30733;BRASÍLIA;DF;MULTICINE CINEMAS LTDA;07.609.246/0001-04
14/04/2021;14/04/2021 19:00:00;MONSTER HUNTER;MONSTER HUNTER;E2000403800000;DUBLADO;NÃO;ESTADOS UNIDOS;5000778;NEW YORK CITY CENTER - SALA 14;9;6000058;749;2620;RIO DE JANEIRO;RJ;UNITED CINEMAS INTERNATIONAL BRASIL LTDA.;01.289.530/0001-64
14/04/2021;14/04/2021 19:00:00;RAYA AND THE LAST DRAGON;RAYA E O ÚLTIMO DRAGÃO;E2100035300000;DUBLADO;NÃO;ESTADOS UNIDOS;5001957;KINOPLEX NOVA AMÉRICA SALA 01;24;6000037;1991;2426;RIO DE JANEIRO;RJ;EMPRESA CINEMAS SÃO LUIZ S/A;33.497.660/0001-89
14/04/2021;14/04/2021 19:00:00;RAYA AND THE LAST DRAGON;RAYA E O ÚLTIMO DRAGÃO;E2100035300000;DUBLADO;NÃO;ESTADOS UNIDOS;5002888;KINOPLEX WEST SHOPPING RIO 01;7;6000037;1991;17366;RIO DE JANEIRO;RJ;EMPRESA CINEMAS SÃO LUIZ S/A;33.497.660/0001-89
14/04/2021;14/04/2021 19:00:00;RAYA AND THE LAST DRAGON;RAYA E O ÚLTIMO DRAGÃO;E2100035300000;DUBLADO;NÃO;ESTADOS UNIDOS;5000062;SALA KINOPLEX MADUREIRA 02;17;6000037;1991;2389;RIO DE JANEIRO;RJ;EMPRESA CINEMAS SÃO LUIZ S/A;33.497.660/0001-89
14/04/2021;14/04/2021 19:00:00;RAYA AND THE LAST DRAGON;RAYA E O ÚLTIMO DRAGÃO;E2100035300000;DUBLADO;NÃO;ESTADOS UNIDOS;5004300;SALA VILA RICA 1 3D;6;;14637;14638;PRIMAVERA DO LESTE;MT;MAURICIO JOSE NICOLINO & CIA LTDA;05.724.035/0001-97
14/04/2021;14/04/2021 19:00:00;THE FATHER;THE FATHER;E1900616300000;ORIGINAL;SIM;INGLATERRA;5000068;KINOPLEX RIO SUL - SALA PLATINUM 04;10;6000037;1991;2390;RIO DE JANEIRO;RJ;EMPRESA CINEMAS SÃO LUIZ S/A;33.497.660/0001-89
14/04/2021;14/04/2021 19:00:00;THE WIDOW;A VIÚVA DAS SOMBRAS;E2100005000000;DUBLADO;NÃO;RÚSSIA;5006060;CENTERPLEX BOULEVARD 02;1;6000006;40317;40318;VITÓRIA DA CONQUISTA;BA;CINE ELI BAHIA CINEMAS LTDA - EM RECUPERACAO JUDICIAL;30.096.740/0001-34
14/04/2021;14/04/2021 19:00:00;THE WIDOW;A VIÚVA DAS SOMBRAS;E2100005000000;DUBLADO;NÃO;RÚSSIA;5004503;CINE GRACHER ESPAÇO HAVAN 3;0;6000032;5979;26111;BRUSQUE;SC;CINE GRACHER LTDA;07.272.690/0001-87
14/04/2021;14/04/2021 19:00:00;THE WIDOW;A VIÚVA DAS SOMBRAS;E2100005000000;DUBLADO;NÃO;RÚSSIA;5000211;IGUATEMI 2;0;6000037;1991;2425;RIO DE JANEIRO;RJ;EMPRESA CINEMAS SÃO LUIZ S/A;33.497.660/0001-89
14/04/2021;14/04/2021 19:00:00;THE WIDOW;A VIÚVA DAS SOMBRAS;E2100005000000;DUBLADO;NÃO;RÚSSIA;5002199;KINOPLEX VIA PARQUE 3;9;6000037;1991;13454;RIO DE JANEIRO;RJ;EMPRESA CINEMAS SÃO LUIZ S/A;33.497.660/0001-89
14/04/2021;14/04/2021 19:00:00;TOM & JERRY;TOM & JERRY - O FILME;E2000553800000;DUBLADO;NÃO;ESTADOS UNIDOS;5004502;CINE GRACHER ESPAÇO HAVAN 2;5;6000032;5979;26111;BRUSQUE;SC;CINE GRACHER LTDA;07.272.690/0001-87
14/04/2021;14/04/2021 19:10:00;DRUK;DRUK - MAIS UMA RODADA;E2100078400000;ORIGINAL;SIM;DINAMARCA;5002323;CINE SANTA TERESA;7;6000083;14200;14201;RIO DE JANEIRO;RJ;ARTE VITAL EXIBIÇÕES CINEMATOGRÁFICAS LTDA;03.459.043/0001-28
14/04/2021;14/04/2021 19:10:00;HONEST THIEF;LEGADO EXPLOSIVO;E2000416200000;DUBLADO;NÃO;ESTADOS UNIDOS;5001958;KINOPLEX NOVA AMÉRICA SALA 02;4;6000037;1991;2426;RIO DE JANEIRO;RJ;EMPRESA CINEMAS SÃO LUIZ S/A;33.497.660/0001-89
14/04/2021;14/04/2021 19:10:00;MONSTER HUNTER;MONSTER HUNTER;E2000403800000;DUBLADO;NÃO;ESTADOS UNIDOS;5002890;KINOPLEX WEST SHOPPING RIO 03;9;6000037;1991;17366;RIO DE JANEIRO;RJ;EMPRESA CINEMAS SÃO LUIZ S/A;33.497.660/0001-89
14/04/2021;14/04/2021 19:10:00;THE WIDOW;A VIÚVA DAS SOMBRAS;E2100005000000;ORIGINAL;SIM;RÚSSIA;5002180;KINOPLEX TIJUCA SALA 06;6;6000037;11751;13416;RIO DE JANEIRO;RJ;SR RIO DE JANEIRO CINEMAS S/A;08.262.566/0001-01
14/04/2021;14/04/2021 19:20:00;THE WIDOW;A VIÚVA DAS SOMBRAS;E2100005000000;DUBLADO;NÃO;RÚSSIA;5001959;KINOPLEX NOVA AMÉRICA SALA 03;22;6000037;1991;2426;RIO DE JANEIRO;RJ;EMPRESA CINEMAS SÃO LUIZ S/A;33.497.660/0001-89
14/04/2021;14/04/2021 19:20:00;THE WIDOW;A VIÚVA DAS SOMBRAS;E2100005000000;DUBLADO;NÃO;RÚSSIA;5000061;SALA KINOPLEX MADUREIRA 01;15;6000037;1991;2389;RIO DE JANEIRO;RJ;EMPRESA CINEMAS SÃO LUIZ S/A;33.497.660/0001-89
14/04/2021;14/04/2021 19:30:00;PINOCCHIO;PINÓQUIO;E2000294800000;DUBLADO;NÃO;FRANÇA;5000171;KINOPLEX PARKSHOPPING 2;0;6000037;2364;2415;BRASÍLIA;DF;CINEMAS PARIS SEVERIANO RIBEIRO LTDA;31.611.189/0001-82
14/04/2021;14/04/2021 19:30:00;THE EMPTY MAN;O MENSAGEIRO DO ÚLTIMO DIA;E2000471300000;DUBLADO;NÃO;ESTADOS UNIDOS;5006494;CINE INTER SANTA INES 02;9;6000140;44834;44835;SANTA INÊS;MA;CINEINTER EXIBICOES CINEMATOGRAFICAS LTDA;35.477.354/0001-06
14/04/2021;14/04/2021 19:30:00;THE EMPTY MAN;O MENSAGEIRO DO ÚLTIMO DIA;E2000471300000;DUBLADO;NÃO;ESTADOS UNIDOS;5005562;KINOPLEX NOVA IGUAÇU SALA 01;17;6000037;1991;33119;NOVA IGUAÇU;RJ;EMPRESA CINEMAS SÃO LUIZ S/A;33.497.660/0001-89
14/04/2021;14/04/2021 19:30:00;THE WIDOW;A VIÚVA DAS SOMBRAS;E2100005000000;DUBLADO;NÃO;RÚSSIA;5005271;MULTICINE SANTA MARIA SALA 02;6;6000045;5935;30733;BRASÍLIA;DF;MULTICINE CINEMAS LTDA;07.609.246/0001-04
14/04/2021;14/04/2021 19:30:00;WONDER WOMAN 1984;MULHER-MARAVILHA 1984;E2000170200000;DUBLADO;NÃO;CANADÁ;5001860;CINE GRACHER LTDA;0;6000032;5979;6687;BRUSQUE;SC;CINE GRACHER LTDA;07.272.690/0001-87
14/04/2021;14/04/2021 19:35:00;MONSTER HUNTER;MONSTER HUNTER;E2000403800000;DUBLADO;NÃO;ESTADOS UNIDOS;5002355;SALA VILA RICA 2 CONVENCIONAL;4;;14637;14638;PRIMAVERA DO LESTE;MT;MAURICIO JOSE NICOLINO & CIA LTDA;05.724.035/0001-97
14/04/2021;14/04/2021 19:40:00;RAYA AND THE LAST DRAGON;RAYA E O ÚLTIMO DRAGÃO;E2100035300000;DUBLADO;NÃO;ESTADOS UNIDOS;5000175;KINOPLEX PARKSHOPPING 3;0;6000037;2364;2415;BRASÍLIA;DF;CINEMAS PARIS SEVERIANO RIBEIRO LTDA;31.611.189/0001-82
14/04/2021;14/04/2021 19:40:00;THE WITCHES;CONVENÇÃO DAS BRUXAS;E2000396100000;DUBLADO;NÃO;ESTADOS UNIDOS;5006644;PLAYARTE RORAIMA GARDEN SALA 03;9;6000049;39188;47248;BOA VISTA;RR;MULTIPLEX DO BRASIL ENTRETENIMENTO LTDA;27.595.833/0001-07
14/04/2021;14/04/2021 19:45:00;RAYA AND THE LAST DRAGON;RAYA E O ÚLTIMO DRAGÃO;E2100035300000;DUBLADO;NÃO;ESTADOS UNIDOS;5005545;CINE COLOMBO RESENDE SALA 03;0;6000008;15833;33011;RESENDE;RJ;CINE A LTDA;10.894.937/0001-01
14/04/2021;14/04/2021 20:00:00;LUCICREIDE VAI PRA MARTE;;B1900421800000;ORIGINAL;NÃO;BRASIL;5006138;SALA CINE GUEDES 03;0;;23266;23267;PATOS;PB;LILIANE ROCHA DE MEDEIROS GUEDES-ME;16.844.526/0001-98
14/04/2021;14/04/2021 20:00:00;RAYA AND THE LAST DRAGON;RAYA E O ÚLTIMO DRAGÃO;E2100035300000;DUBLADO;NÃO;ESTADOS UNIDOS;5005726;KINOPLEX IGUAÇU TOP SALA 06;10;6000037;1991;2387;NOVA IGUAÇU;RJ;EMPRESA CINEMAS SÃO LUIZ S/A;33.497.660/0001-89
14/04/2021;14/04/2021 20:00:00;RAYA AND THE LAST DRAGON;RAYA E O ÚLTIMO DRAGÃO;E2100035300000;DUBLADO;NÃO;ESTADOS UNIDOS;5005563;KINOPLEX NOVA IGUAÇU SALA 02 KINOEVOLUTION;7;6000037;1991;33119;NOVA IGUAÇU;RJ;EMPRESA CINEMAS SÃO LUIZ S/A;33.497.660/0001-89
14/04/2021;14/04/2021 20:00:00;TOM & JERRY;TOM & JERRY - O FILME;E2000553800000;DUBLADO;NÃO;ESTADOS UNIDOS;5002102;CINE DRIVEIN;76;;5465;6715;BRASÍLIA;DF;STARK'S CINEMA E LANCHONETE LTDA.;32.917.296/0001-04
14/04/2021;14/04/2021 20:10:00;MONSTER HUNTER;MONSTER HUNTER;E2000403800000;DUBLADO;NÃO;ESTADOS UNIDOS;5000168;KINOPLEX PARKSHOPPING 5;0;6000037;2364;2415;BRASÍLIA;DF;CINEMAS PARIS SEVERIANO RIBEIRO LTDA;31.611.189/0001-82
14/04/2021;14/04/2021 20:10:00;THE WIDOW;A VIÚVA DAS SOMBRAS;E2100005000000;DUBLADO;NÃO;RÚSSIA;5006643;PLAYARTE RORAIMA GARDEN SALA 02;9;6000049;39188;47248;BOA VISTA;RR;MULTIPLEX DO BRASIL ENTRETENIMENTO LTDA;27.595.833/0001-07
14/04/2021;14/04/2021 20:10:00;THE WIDOW;A VIÚVA DAS SOMBRAS;E2100005000000;DUBLADO;NÃO;RÚSSIA;5003652;SALA CINE GUEDES 01;0;;23266;23267;PATOS;PB;LILIANE ROCHA DE MEDEIROS GUEDES-ME;16.844.526/0001-98
14/04/2021;14/04/2021 20:15:00;THE EMPTY MAN;O MENSAGEIRO DO ÚLTIMO DIA;E2000471300000;DUBLADO;NÃO;ESTADOS UNIDOS;5006657;SALA CINE VIEIRA 01;4;;47551;47598;SÃO BENTO;PB;COSTA E VIEIRA EMPREENDIMENTOS LTDA;10.866.528/0001-00
14/04/2021;14/04/2021 20:20:00;FOLLOW ME;SEM SAÍDA;E2100006300000;DUBLADO;NÃO;ESTADOS UNIDOS;5000167;KINOPLEX PARKSHOPPING 1;0;6000037;2364;2415;BRASÍLIA;DF;CINEMAS PARIS SEVERIANO RIBEIRO LTDA;31.611.189/0001-82
14/04/2021;14/04/2021 20:20:00;THE FATHER;THE FATHER;E1900616300000;ORIGINAL;SIM;INGLATERRA;5000169;KINOPLEX PARKSHOPPING 6;0;6000037;2364;2415;BRASÍLIA;DF;CINEMAS PARIS SEVERIANO RIBEIRO LTDA;31.611.189/0001-82
14/04/2021;14/04/2021 20:30:00;FOLLOW ME;SEM SAÍDA;E2100006300000;DUBLADO;NÃO;ESTADOS UNIDOS;5006493;CINE INTER SANTA INES 01;6;6000140;44834;44835;SANTA INÊS;MA;CINEINTER EXIBICOES CINEMATOGRAFICAS LTDA;35.477.354/0001-06
14/04/2021;14/04/2021 20:30:00;HONEST THIEF;LEGADO EXPLOSIVO;E2000416200000;DUBLADO;NÃO;ESTADOS UNIDOS;5005564;KINOPLEX NOVA IGUAÇU SALA 03 PLATINUM;24;6000037;1991;33119;NOVA IGUAÇU;RJ;EMPRESA CINEMAS SÃO LUIZ S/A;33.497.660/0001-89
14/04/2021;14/04/2021 20:30:00;MONSTER HUNTER;MONSTER HUNTER;E2000403800000;DUBLADO;NÃO;ESTADOS UNIDOS;5002565;CINE CATARATAS 2;13;;15565;15566;FOZ DO IGUAÇU;PR;CINE CATARATAS LTDA;09.010.219/0001-46
14/04/2021;14/04/2021 20:30:00;RAYA AND THE LAST DRAGON;RAYA E O ÚLTIMO DRAGÃO;E2100035300000;DUBLADO;NÃO;ESTADOS UNIDOS;5006056;CINE GRACHER JOAÇABA SALA 01;0;6000032;5979;40234;JOAÇABA;SC;CINE GRACHER LTDA;07.272.690/0001-87
14/04/2021;14/04/2021 20:30:00;THE WIDOW;A VIÚVA DAS SOMBRAS;E2100005000000;DUBLADO;NÃO;RÚSSIA;5006484;CINE + ARTE SOMBRIO 01;10;6000103;44714;44715;SOMBRIO;SC;CINE + ARTE SOMBRIO LTDA;35.505.937/0001-01
14/04/2021;14/04/2021 20:30:00;THE WIDOW;A VIÚVA DAS SOMBRAS;E2100005000000;DUBLADO;NÃO;RÚSSIA;5005543;CINE COLOMBO RESENDE SALA 01;0;6000008;15833;33011;RESENDE;RJ;CINE A LTDA;10.894.937/0001-01
14/04/2021;14/04/2021 20:30:00;THE WIDOW;A VIÚVA DAS SOMBRAS;E2100005000000;DUBLADO;NÃO;RÚSSIA;5006058;CINE GRACHER JOAÇABA SALA 03;0;6000032;5979;40234;JOAÇABA;SC;CINE GRACHER LTDA;07.272.690/0001-87
14/04/2021;14/04/2021 20:30:00;THE WIDOW;A VIÚVA DAS SOMBRAS;E2100005000000;DUBLADO;NÃO;RÚSSIA;5005725;KINOPLEX IGUAÇU TOP SALA 05;14;6000037;1991;2387;NOVA IGUAÇU;RJ;EMPRESA CINEMAS SÃO LUIZ S/A;33.497.660/0001-89
14/04/2021;14/04/2021 20:30:00;THE WIDOW;A VIÚVA DAS SOMBRAS;E2100005000000;DUBLADO;NÃO;RÚSSIA;5000166;KINOPLEX PARKSHOPPING 4;0;6000037;2364;2415;BRASÍLIA;DF;CINEMAS PARIS SEVERIANO RIBEIRO LTDA;31.611.189/0001-82
14/04/2021;14/04/2021 20:30:00;TOM & JERRY;TOM & JERRY - O FILME;E2000553800000;DUBLADO;NÃO;ESTADOS UNIDOS;5002337;CENTER CINE;14;;14489;14490;OLIVEIRA;MG;CENTER CINE E EVENTOS LTDA;10.311.428/0001-09
14/04/2021;14/04/2021 20:40:00;MONSTER HUNTER;MONSTER HUNTER;E2000403800000;DUBLADO;NÃO;ESTADOS UNIDOS;5005724;KINOPLEX IGUAÇU TOP SALA 04;13;6000037;1991;2387;NOVA IGUAÇU;RJ;EMPRESA CINEMAS SÃO LUIZ S/A;33.497.660/0001-89
14/04/2021;14/04/2021 20:40:00;RAYA AND THE LAST DRAGON;RAYA E O ÚLTIMO DRAGÃO;E2100035300000;DUBLADO;NÃO;ESTADOS UNIDOS;5002566;CINE CATARATAS 3;14;;15565;15566;FOZ DO IGUAÇU;PR;CINE CATARATAS LTDA;09.010.219/0001-46
14/04/2021;14/04/2021 20:40:00;THE WIDOW;A VIÚVA DAS SOMBRAS;E2100005000000;DUBLADO;NÃO;RÚSSIA;5005289;GRUPO CINE FRAIBURGO;0;6000034;30763;30765;FRAIBURGO;SC;CINEMA FRAIBURGO LTDA;17.067.309/0001-00
14/04/2021;14/04/2021 20:40:00;THE WIDOW;A VIÚVA DAS SOMBRAS;E2100005000000;DUBLADO;NÃO;RÚSSIA;5005568;KINOPLEX NOVA IGUAÇU SALA 07;17;6000037;1991;33119;NOVA IGUAÇU;RJ;EMPRESA CINEMAS SÃO LUIZ S/A;33.497.660/0001-89
14/04/2021;14/04/2021 20:45:00;FOLLOW ME;SEM SAÍDA;E2100006300000;DUBLADO;NÃO;ESTADOS UNIDOS;5006083;CINE GRACHER PORTO BELO SALA 01;7;6000032;5979;40771;PORTO BELO;SC;CINE GRACHER LTDA;07.272.690/0001-87
14/04/2021;14/04/2021 20:45:00;FOLLOW ME;SEM SAÍDA;E2100006300000;DUBLADO;NÃO;ESTADOS UNIDOS;5006111;CINE GRACHER SÃO BENTO 01;8;6000032;5979;41056;SÃO BENTO DO SUL;SC;CINE GRACHER LTDA;07.272.690/0001-87
14/04/2021;14/04/2021 20:45:00;RAYA AND THE LAST DRAGON;RAYA E O ÚLTIMO DRAGÃO;E2100035300000;DUBLADO;NÃO;ESTADOS UNIDOS;5006001;CINE GRACHER INDAIAL - SALA 04;4;6000032;5979;39283;INDAIAL;SC;CINE GRACHER LTDA;07.272.690/0001-87
14/04/2021;14/04/2021 20:45:00;RAYA AND THE LAST DRAGON;RAYA E O ÚLTIMO DRAGÃO;E2100035300000;DUBLADO;NÃO;ESTADOS UNIDOS;5006086;CINE GRACHER PORTO BELO SALA 04;0;6000032;5979;40771;PORTO BELO;SC;CINE GRACHER LTDA;07.272.690/0001-87
14/04/2021;14/04/2021 20:45:00;RAYA AND THE LAST DRAGON;RAYA E O ÚLTIMO DRAGÃO;E2100035300000;DUBLADO;NÃO;ESTADOS UNIDOS;5006112;CINE GRACHER SÃO BENTO 02;2;6000032;5979;41056;SÃO BENTO DO SUL;SC;CINE GRACHER LTDA;07.272.690/0001-87
14/04/2021;14/04/2021 20:45:00;THE WIDOW;A VIÚVA DAS SOMBRAS;E2100005000000;DUBLADO;NÃO;RÚSSIA;5006000;CINE GRACHER INDAIAL - SALA 03;0;6000032;5979;39283;INDAIAL;SC;CINE GRACHER LTDA;07.272.690/0001-87
14/04/2021;14/04/2021 20:45:00;THE WIDOW;A VIÚVA DAS SOMBRAS;E2100005000000;DUBLADO;NÃO;RÚSSIA;5006085;CINE GRACHER PORTO BELO SALA 03;0;6000032;5979;40771;PORTO BELO;SC;CINE GRACHER LTDA;07.272.690/0001-87
14/04/2021;14/04/2021 20:45:00;THE WIDOW;A VIÚVA DAS SOMBRAS;E2100005000000;DUBLADO;NÃO;RÚSSIA;5006114;CINE GRACHER SÃO BENTO 04;0;6000032;5979;41056;SÃO BENTO DO SUL;SC;CINE GRACHER LTDA;07.272.690/0001-87
14/04/2021;14/04/2021 20:45:00;TOM & JERRY;TOM & JERRY - O FILME;E2000553800000;DUBLADO;NÃO;ESTADOS UNIDOS;5005998;CINE GRACHER INDAIAL - SALA 01;3;6000032;5979;39283;INDAIAL;SC;CINE GRACHER LTDA;07.272.690/0001-87
14/04/2021;14/04/2021 21:00:01;LUCICREIDE VAI PRA MARTE;;B1900421800000;ORIGINAL;NÃO;BRASIL;5005789;CIDADE LUZ 3 MAXXI STADIUM;0;;32725;32727;GUARABIRA;PB;VERONILDO COUTINHO DE SOUSA EIRELI- EPP;24.248.972/0001-68
14/04/2021;14/04/2021 21:15:00;FOLLOW ME;SEM SAÍDA;E2100006300000;DUBLADO;NÃO;ESTADOS UNIDOS;5004502;CINE GRACHER ESPAÇO HAVAN 2;5;6000032;5979;26111;BRUSQUE;SC;CINE GRACHER LTDA;07.272.690/0001-87
14/04/2021;14/04/2021 21:15:00;FOLLOW ME;SEM SAÍDA;E2100006300000;DUBLADO;NÃO;ESTADOS UNIDOS;5001862;CINE GRACHER LTDA;0;6000032;5979;6687;BRUSQUE;SC;CINE GRACHER LTDA;07.272.690/0001-87
14/04/2021;14/04/2021 21:15:00;RAYA AND THE LAST DRAGON;RAYA E O ÚLTIMO DRAGÃO;E2100035300000;DUBLADO;NÃO;ESTADOS UNIDOS;5004504;CINE GRACHER ESPAÇO HAVAN 1;1;6000032;5979;26111;BRUSQUE;SC;CINE GRACHER LTDA;07.272.690/0001-87
14/04/2021;14/04/2021 21:15:00;THE WIDOW;A VIÚVA DAS SOMBRAS;E2100005000000;DUBLADO;NÃO;RÚSSIA;5004503;CINE GRACHER ESPAÇO HAVAN 3;4;6000032;5979;26111;BRUSQUE;SC;CINE GRACHER LTDA;07.272.690/0001-87
14/04/2021;14/04/2021 21:15:00;TOM & JERRY;TOM & JERRY - O FILME;E2000553800000;DUBLADO;NÃO;ESTADOS UNIDOS;5001861;CINE GRACHER LTDA;0;6000032;5979;6687;BRUSQUE;SC;CINE GRACHER LTDA;07.272.690/0001-87
