DATA_EXIBICAO;SESSAO;TITULO_ORIGINAL;TITULO_BRASIL;CPB_ROE;AUDIO;LEGENDADA;PAIS_OBRA;REGISTRO_SALA;NOME_SALA;PUBLICO;REGISTRO_GRUPO_EXIBIDOR;REGISTRO_EXIBIDOR;REGISTRO_COMPLEXO;MUNICIPIO_SALA_COMPLEXO;UF_SALA_COMPLEXO;RAZAO_SOCIAL_EXIBIDORA;CNPJ_EXIBIDORA
22/03/2021;22/03/2021 12:00:00;MONSTER HUNTER;MONSTER HUNTER;E2000403800000;DUBLADO;NÃO;ESTADOS UNIDOS;5004249;GOIABEIRAS 2;0;6000018;1843;24765;CUIABÁ;MT;CINEMARK BRASIL S.A;00.779.721/0001-41
22/03/2021;22/03/2021 12:00:00;TOM & JERRY;TOM & JERRY - O FILME;E2000553800000;DUBLADO;NÃO;ESTADOS UNIDOS;5004253;GOIABEIRAS 6;0;6000018;1843;24765;CUIABÁ;MT;CINEMARK BRASIL S.A;00.779.721/0001-41
22/03/2021;22/03/2021 12:40:00;THE WIDOW;A VIÚVA DAS SOMBRAS;E2100005000000;DUBLADO;NÃO;RÚSSIA;5004251;GOIABEIRAS 4;1;6000018;1843;24765;CUIABÁ;MT;CINEMARK BRASIL S.A;00.779.721/0001-41
22/03/2021;22/03/2021 13:00:00;LUCICREIDE VAI PRA MARTE;;B1900421800000;ORIGINAL;NÃO;BRASIL;5000489;CINE NITEROI 2;0;6000018;1843;2543;NITERÓI;RJ;CINEMARK BRASIL S.A;00.779.721/0001-41
22/03/2021;22/03/2021 13:00:00;LUCICREIDE VAI PRA MARTE;;B1900421800000;ORIGINAL;NÃO;BRASIL;5006293;CINEMARK SÃO GONÇALO 05;3;6000018;1843;42886;SÃO GONÇALO;RJ;CINEMARK BRASIL S.A;00.779.721/0001-41
22/03/2021;22/03/2021 13:00:00;RAYA AND THE LAST DRAGON;RAYA E O ÚLTIMO DRAGÃO;E2100035300000;DUBLADO;NÃO;ESTADOS UNIDOS;5006259;CIRCUITO PONTA PORA 03;0;6000028;15568;42557;PONTA PORÃ;MS;CIRCUITO ENTRETENIMENTO E CINEMAS LTDA;08.068.712/0001-54
22/03/2021;22/03/2021 13:00:00;TOM & JERRY;TOM & JERRY - O FILME;E2000553800000;DUBLADO;NÃO;ESTADOS UNIDOS;5002565;CINE CATARATAS 2;2;;15565;15566;FOZ DO IGUAÇU;PR;CINE CATARATAS LTDA;09.010.219/0001-46
22/03/2021;22/03/2021 13:00:00;TOM & JERRY;TOM & JERRY - O FILME;E2000553800000;DUBLADO;NÃO;ESTADOS UNIDOS;5004252;GOIABEIRAS 5;1;6000018;1843;24765;CUIABÁ;MT;CINEMARK BRASIL S.A;00.779.721/0001-41
22/03/2021;22/03/2021 13:10:00;THE WIDOW;A VIÚVA DAS SOMBRAS;E2100005000000;DUBLADO;NÃO;RÚSSIA;5000494;CINE NITEROI 7;0;6000018;1843;2543;NITERÓI;RJ;CINEMARK BRASIL S.A;00.779.721/0001-41
22/03/2021;22/03/2021 13:20:00;MONSTER HUNTER;MONSTER HUNTER;E2000403800000;DUBLADO;NÃO;ESTADOS UNIDOS;5006258;CIRCUITO PONTA PORA 02;0;6000028;15568;42557;PONTA PORÃ;MS;CIRCUITO ENTRETENIMENTO E CINEMAS LTDA;08.068.712/0001-54
22/03/2021;22/03/2021 13:20:00;MONSTER HUNTER;MONSTER HUNTER;E2000403800000;DUBLADO;NÃO;ESTADOS UNIDOS;5004248;GOIABEIRAS 1;1;6000018;1843;24765;CUIABÁ;MT;CINEMARK BRASIL S.A;00.779.721/0001-41
22/03/2021;22/03/2021 13:40:00;JUDAS AND THE BLACK MESSIAH;JUDAS E O MESSIAS NEGRO;E2100040400000;ORIGINAL;SIM;ESTADOS UNIDOS;5000493;CINE NITEROI 6;1;6000018;1843;2543;NITERÓI;RJ;CINEMARK BRASIL S.A;00.779.721/0001-41
22/03/2021;22/03/2021 13:40:00;TOM & JERRY;TOM & JERRY - O FILME;E2000553800000;DUBLADO;NÃO;ESTADOS UNIDOS;5006289;CINEMARK SÃO GONÇALO 01;2;6000018;1843;42886;SÃO GONÇALO;RJ;CINEMARK BRASIL S.A;00.779.721/0001-41
22/03/2021;22/03/2021 13:40:00;TOM & JERRY;TOM & JERRY - O FILME;E2000553800000;DUBLADO;NÃO;ESTADOS UNIDOS;5004250;GOIABEIRAS 3;0;6000018;1843;24765;CUIABÁ;MT;CINEMARK BRASIL S.A;00.779.721/0001-41
22/03/2021;22/03/2021 13:50:00;DEPOIS A LOUCA SOU EU;;B2000078000000;ORIGINAL;NÃO;BRASIL;5004254;GOIABEIRAS 7;0;6000018;1843;24765;CUIABÁ;MT;CINEMARK BRASIL S.A;00.779.721/0001-41
22/03/2021;22/03/2021 13:50:00;TOM & JERRY;TOM & JERRY - O FILME;E2000553800000;DUBLADO;NÃO;ESTADOS UNIDOS;5000491;CINE NITEROI 4;2;6000018;1843;2543;NITERÓI;RJ;CINEMARK BRASIL S.A;00.779.721/0001-41
22/03/2021;22/03/2021 14:00:00;LUCICREIDE VAI PRA MARTE;;B1900421800000;ORIGINAL;NÃO;BRASIL;5001662;ORIENT CINEPLACE BOULEVARD SHOPPING - SALA 3;0;6000046;2869;6630;FEIRA DE SANTANA;BA;FEIRA PLEXCINE LTDA.;04.547.950/0001-91
22/03/2021;22/03/2021 14:00:00;MONSTER HUNTER;MONSTER HUNTER;E2000403800000;DUBLADO;NÃO;ESTADOS UNIDOS;5000492;CINE NITEROI 5;2;6000018;1843;2543;NITERÓI;RJ;CINEMARK BRASIL S.A;00.779.721/0001-41
22/03/2021;22/03/2021 14:00:00;PINOCCHIO;PINÓQUIO;E2000294800000;DUBLADO;NÃO;FRANÇA;5000488;CINE NITEROI 1;2;6000018;1843;2543;NITERÓI;RJ;CINEMARK BRASIL S.A;00.779.721/0001-41
22/03/2021;22/03/2021 14:00:00;RAYA AND THE LAST DRAGON;RAYA E O ÚLTIMO DRAGÃO;E2100035300000;DUBLADO;NÃO;ESTADOS UNIDOS;5006657;SALA CINE VIEIRA 01;0;;47551;47598;SÃO BENTO;PB;COSTA E VIEIRA EMPREENDIMENTOS LTDA;10.866.528/0001-00
22/03/2021;22/03/2021 14:00:00;THE WIDOW;A VIÚVA DAS SOMBRAS;E2100005000000;DUBLADO;NÃO;RÚSSIA;5001634;CINE TERESINA 1;5;;2140;6595;TERESINA;PI;CINEMAS TERESINA LTDA;02.142.566/0001-83
22/03/2021;22/03/2021 14:00:00;THE WIDOW;A VIÚVA DAS SOMBRAS;E2100005000000;DUBLADO;NÃO;RÚSSIA;5006257;CIRCUITO PONTA PORA 01;0;6000028;15568;42557;PONTA PORÃ;MS;CIRCUITO ENTRETENIMENTO E CINEMAS LTDA;08.068.712/0001-54
22/03/2021;22/03/2021 14:00:00;TOM & JERRY;TOM & JERRY - O FILME;E2000553800000;DUBLADO;NÃO;ESTADOS UNIDOS;5006059;CENTERPLEX BOULEVARD 01;0;6000006;40317;40318;VITÓRIA DA CONQUISTA;BA;CINE ELI BAHIA CINEMAS LTDA - EM RECUPERACAO JUDICIAL;30.096.740/0001-34
22/03/2021;22/03/2021 14:00:00;TOM & JERRY;TOM & JERRY - O FILME;E2000553800000;DUBLADO;NÃO;ESTADOS UNIDOS;5006028;CINE A PARAISO;0;6000008;15833;39676;SÃO SEBASTIÃO DO PARAÍSO;MG;CINE A LTDA;10.894.937/0001-01
22/03/2021;22/03/2021 14:00:00;TOM & JERRY;TOM & JERRY - O FILME;E2000553800000;DUBLADO;NÃO;ESTADOS UNIDOS;5004880;CIRCUITO CINEMAS PBAS- SALA 02;0;6000028;15568;27873;PARAUAPEBAS;PA;CIRCUITO ENTRETENIMENTO E CINEMAS LTDA;08.068.712/0001-54
22/03/2021;22/03/2021 14:00:00;WONDER WOMAN 1984;MULHER-MARAVILHA 1984;E2000170200000;DUBLADO;NÃO;CANADÁ;5005647;CINE TERESINA 4;9;;2140;6595;TERESINA;PI;CINEMAS TERESINA LTDA;02.142.566/0001-83
22/03/2021;22/03/2021 14:10:00;RAYA AND THE LAST DRAGON;RAYA E O ÚLTIMO DRAGÃO;E2100035300000;DUBLADO;NÃO;ESTADOS UNIDOS;5005307;CINEFLIX VÁRZEA GRANDE SHOPPING - SALA 4;3;6000014;24534;31101;VÁRZEA GRANDE;MT;REDECINE BSB CINEMATOGRÁFICA LTDA;18.087.870/0001-05
22/03/2021;22/03/2021 14:30:00;MONSTER HUNTER;MONSTER HUNTER;E2000403800000;DUBLADO;NÃO;ESTADOS UNIDOS;5006062;CENTERPLEX BOULEVARD 04;0;6000006;40317;40318;VITÓRIA DA CONQUISTA;BA;CINE ELI BAHIA CINEMAS LTDA - EM RECUPERACAO JUDICIAL;30.096.740/0001-34
22/03/2021;22/03/2021 14:30:00;MONSTER HUNTER;MONSTER HUNTER;E2000403800000;DUBLADO;NÃO;ESTADOS UNIDOS;5005304;CINEFLIX VÁRZEA GRANDE SHOPPING - SALA 1;1;6000014;24534;31101;VÁRZEA GRANDE;MT;REDECINE BSB CINEMATOGRÁFICA LTDA;18.087.870/0001-05
22/03/2021;22/03/2021 14:30:00;MONSTER HUNTER;MONSTER HUNTER;E2000403800000;DUBLADO;NÃO;ESTADOS UNIDOS;5004881;CIRCUITO CINEMAS PBAS- SALA 03;0;6000028;15568;27873;PARAUAPEBAS;PA;CIRCUITO ENTRETENIMENTO E CINEMAS LTDA;08.068.712/0001-54
22/03/2021;22/03/2021 14:30:00;RAYA AND THE LAST DRAGON;RAYA E O ÚLTIMO DRAGÃO;E2100035300000;DUBLADO;NÃO;ESTADOS UNIDOS;5005719;CINEFLIX VALPARAISO SALA 02;0;6000014;24534;34628;VALPARAÍSO DE GOIÁS;GO;REDECINE BSB CINEMATOGRÁFICA LTDA;18.087.870/0001-05
22/03/2021;22/03/2021 14:30:00;TOM & JERRY;TOM & JERRY - O FILME;E2000553800000;DUBLADO;NÃO;ESTADOS UNIDOS;5006291;CINEMARK SÃO GONÇALO 03;0;6000018;1843;42886;SÃO GONÇALO;RJ;CINEMARK BRASIL S.A;00.779.721/0001-41
22/03/2021;22/03/2021 14:30:00;TOM & JERRY;TOM & JERRY - O FILME;E2000553800000;DUBLADO;NÃO;ESTADOS UNIDOS;5005094;CINÉPOLIS SÃO GONÇALO SHOPPING - SALA 3;0;6000024;17266;30088;SÃO GONÇALO;RJ;CINEPOLIS OPERADORA DE CINEMAS DO BRASIL LTDA;09.652.820/0001-32
22/03/2021;22/03/2021 14:30:00;TOM & JERRY;TOM & JERRY - O FILME;E2000553800000;DUBLADO;NÃO;ESTADOS UNIDOS;5004253;GOIABEIRAS 6;1;6000018;1843;24765;CUIABÁ;MT;CINEMARK BRASIL S.A;00.779.721/0001-41
22/03/2021;22/03/2021 14:30:00;TOM & JERRY;TOM & JERRY - O FILME;E2000553800000;DUBLADO;NÃO;ESTADOS UNIDOS;5001963;KINOPLEX NOVA AMÉRICA SALA 07;0;6000037;1991;2426;RIO DE JANEIRO;RJ;EMPRESA CINEMAS SÃO LUIZ S/A;33.497.660/0001-89
22/03/2021;22/03/2021 14:35:00;MONSTER HUNTER;MONSTER HUNTER;E2000403800000;DUBLADO;NÃO;ESTADOS UNIDOS;5004249;GOIABEIRAS 2;0;6000018;1843;24765;CUIABÁ;MT;CINEMARK BRASIL S.A;00.779.721/0001-41
22/03/2021;22/03/2021 14:40:00;TOM & JERRY;TOM & JERRY - O FILME;E2000553800000;DUBLADO;NÃO;ESTADOS UNIDOS;5005305;CINEFLIX VÁRZEA GRANDE SHOPPING - SALA 2;2;6000014;24534;31101;VÁRZEA GRANDE;MT;REDECINE BSB CINEMATOGRÁFICA LTDA;18.087.870/0001-05
22/03/2021;22/03/2021 14:40:00;TOM & JERRY;TOM & JERRY - O FILME;E2000553800000;DUBLADO;NÃO;ESTADOS UNIDOS;5005640;CINESHOW TUBARÃO SALA 01;2;6000025;33770;33771;TUBARÃO;SC;TUBARÃO FILMES LTDA;24.971.903/0001-88
22/03/2021;22/03/2021 14:40:00;TOM & JERRY;TOM & JERRY - O FILME;E2000553800000;DUBLADO;NÃO;ESTADOS UNIDOS;5001958;KINOPLEX NOVA AMÉRICA SALA 02;8;6000037;1991;2426;RIO DE JANEIRO;RJ;EMPRESA CINEMAS SÃO LUIZ S/A;33.497.660/0001-89
22/03/2021;22/03/2021 14:40:00;TOM & JERRY;TOM & JERRY - O FILME;E2000553800000;DUBLADO;NÃO;ESTADOS UNIDOS;5002888;KINOPLEX WEST SHOPPING RIO 01;0;6000037;1991;17366;RIO DE JANEIRO;RJ;EMPRESA CINEMAS SÃO LUIZ S/A;33.497.660/0001-89
22/03/2021;22/03/2021 14:45:00;JUDAS AND THE BLACK MESSIAH;JUDAS E O MESSIAS NEGRO;E2100040400000;ORIGINAL;SIM;ESTADOS UNIDOS;5002176;KINOPLEX TIJUCA SALA 01;12;6000037;11751;13416;RIO DE JANEIRO;RJ;SR RIO DE JANEIRO CINEMAS S/A;08.262.566/0001-01
22/03/2021;22/03/2021 14:45:00;JUDAS AND THE BLACK MESSIAH;JUDAS E O MESSIAS NEGRO;E2100040400000;ORIGINAL;SIM;ESTADOS UNIDOS;5001932;SALA KINOPLEX LEBLON SALA 02;5;6000037;11751;11752;RIO DE JANEIRO;RJ;SR RIO DE JANEIRO CINEMAS S/A;08.262.566/0001-01
22/03/2021;22/03/2021 14:45:00;TOM & JERRY;TOM & JERRY - O FILME;E2000553800000;DUBLADO;NÃO;ESTADOS UNIDOS;5006260;CIRCUITO PONTA PORA 04;1;6000028;15568;42557;PONTA PORÃ;MS;CIRCUITO ENTRETENIMENTO E CINEMAS LTDA;08.068.712/0001-54
22/03/2021;22/03/2021 14:50:00;LUCICREIDE VAI PRA MARTE;;B1900421800000;ORIGINAL;NÃO;BRASIL;5002889;KINOPLEX WEST SHOPPING RIO 04;7;6000037;1991;17366;RIO DE JANEIRO;RJ;EMPRESA CINEMAS SÃO LUIZ S/A;33.497.660/0001-89
22/03/2021;22/03/2021 15:00:00;DEPOIS A LOUCA SOU EU;;B2000078000000;DUBLADO;NÃO;BRASIL;5005206;CINÉPOLIS RIO POTY SALA 10;5;6000024;17266;30352;TERESINA;PI;CINEPOLIS OPERADORA DE CINEMAS DO BRASIL LTDA;09.652.820/0001-32
22/03/2021;22/03/2021 15:00:00;LUCICREIDE VAI PRA MARTE;;B1900421800000;ORIGINAL;NÃO;BRASIL;5006060;CENTERPLEX BOULEVARD 02;0;6000006;40317;40318;VITÓRIA DA CONQUISTA;BA;CINE ELI BAHIA CINEMAS LTDA - EM RECUPERACAO JUDICIAL;30.096.740/0001-34
22/03/2021;22/03/2021 15:00:00;MONSTER HUNTER;MONSTER HUNTER;E2000403800000;DUBLADO;NÃO;ESTADOS UNIDOS;5005092;CINÉPOLIS SÃO GONÇALO SHOPPING - SALA 1;2;6000024;17266;30088;SÃO GONÇALO;RJ;CINEPOLIS OPERADORA DE CINEMAS DO BRASIL LTDA;09.652.820/0001-32
22/03/2021;22/03/2021 15:00:00;MONSTER HUNTER;MONSTER HUNTER;E2000403800000;DUBLADO;NÃO;ESTADOS UNIDOS;5001281;MULTIPLEX PANTANAL SHOPPING VIII (STADIUM);6;6000002;3136;4399;CUIABÁ;MT;MSA EMPRESA CINEMATOGRÁFICA LTDA;03.608.600/0001-25
22/03/2021;22/03/2021 15:00:00;PORTUÑOL;;B2000115500000;DUBLADO;NÃO;BRASIL;5002565;CINE CATARATAS 2;2;;15565;15566;FOZ DO IGUAÇU;PR;CINE CATARATAS LTDA;09.010.219/0001-46
22/03/2021;22/03/2021 15:00:00;RAYA AND THE LAST DRAGON;RAYA E O ÚLTIMO DRAGÃO;E2100035300000;DUBLADO;NÃO;ESTADOS UNIDOS;5005639;CINESHOW TUBARÃO SALA 02;5;6000025;33770;33771;TUBARÃO;SC;TUBARÃO FILMES LTDA;24.971.903/0001-88
22/03/2021;22/03/2021 15:00:00;RAYA AND THE LAST DRAGON;RAYA E O ÚLTIMO DRAGÃO;E2100035300000;DUBLADO;NÃO;ESTADOS UNIDOS;5004879;CIRCUITO CINEMAS PBAS- SALA 01;0;6000028;15568;27873;PARAUAPEBAS;PA;CIRCUITO ENTRETENIMENTO E CINEMAS LTDA;08.068.712/0001-54
22/03/2021;22/03/2021 15:00:00;RAYA AND THE LAST DRAGON;RAYA E O ÚLTIMO DRAGÃO;E2100035300000;DUBLADO;NÃO;ESTADOS UNIDOS;5000210;IGUATEMI 1;9;6000037;1991;2425;RIO DE JANEIRO;RJ;EMPRESA CINEMAS SÃO LUIZ S/A;33.497.660/0001-89
22/03/2021;22/03/2021 15:00:00;RAYA AND THE LAST DRAGON;RAYA E O ÚLTIMO DRAGÃO;E2100035300000;DUBLADO;NÃO;ESTADOS UNIDOS;5001959;KINOPLEX NOVA AMÉRICA SALA 03;28;6000037;1991;2426;RIO DE JANEIRO;RJ;EMPRESA CINEMAS SÃO LUIZ S/A;33.497.660/0001-89
22/03/2021;22/03/2021 15:00:00;RAYA AND THE LAST DRAGON;RAYA E O ÚLTIMO DRAGÃO;E2100035300000;DUBLADO;NÃO;ESTADOS UNIDOS;5001962;KINOPLEX NOVA AMÉRICA SALA 06;0;6000037;1991;2426;RIO DE JANEIRO;RJ;EMPRESA CINEMAS SÃO LUIZ S/A;33.497.660/0001-89
22/03/2021;22/03/2021 15:00:00;RAYA AND THE LAST DRAGON;RAYA E O ÚLTIMO DRAGÃO;E2100035300000;DUBLADO;NÃO;ESTADOS UNIDOS;5000066;KINOPLEX RIO SUL - SALA KINOEVOLUTIUM 02;18;6000037;1991;2390;RIO DE JANEIRO;RJ;EMPRESA CINEMAS SÃO LUIZ S/A;33.497.660/0001-89
22/03/2021;22/03/2021 15:00:00;RAYA AND THE LAST DRAGON;RAYA E O ÚLTIMO DRAGÃO;E2100035300000;DUBLADO;NÃO;ESTADOS UNIDOS;5002180;KINOPLEX TIJUCA SALA 06;17;6000037;11751;13416;RIO DE JANEIRO;RJ;SR RIO DE JANEIRO CINEMAS S/A;08.262.566/0001-01
22/03/2021;22/03/2021 15:00:00;RAYA AND THE LAST DRAGON;RAYA E O ÚLTIMO DRAGÃO;E2100035300000;DUBLADO;NÃO;ESTADOS UNIDOS;5005018;KINOPLEX VIA PARQUE 4- KINOEVOLUTION;14;6000037;1991;13454;RIO DE JANEIRO;RJ;EMPRESA CINEMAS SÃO LUIZ S/A;33.497.660/0001-89
22/03/2021;22/03/2021 15:00:00;RAYA AND THE LAST DRAGON;RAYA E O ÚLTIMO DRAGÃO;E2100035300000;DUBLADO;NÃO;ESTADOS UNIDOS;5002891;KINOPLEX WEST SHOPPING RIO 02;41;6000037;1991;17366;RIO DE JANEIRO;RJ;EMPRESA CINEMAS SÃO LUIZ S/A;33.497.660/0001-89
22/03/2021;22/03/2021 15:00:00;RAYA AND THE LAST DRAGON;RAYA E O ÚLTIMO DRAGÃO;E2100035300000;DUBLADO;NÃO;ESTADOS UNIDOS;5001930;SALA KINOPLEX LEBLON SALA 01;6;6000037;11751;11752;RIO DE JANEIRO;RJ;SR RIO DE JANEIRO CINEMAS S/A;08.262.566/0001-01
22/03/2021;22/03/2021 15:00:00;RAYA AND THE LAST DRAGON;RAYA E O ÚLTIMO DRAGÃO;E2100035300000;DUBLADO;NÃO;ESTADOS UNIDOS;5000062;SALA KINOPLEX MADUREIRA 02;16;6000037;1991;2389;RIO DE JANEIRO;RJ;EMPRESA CINEMAS SÃO LUIZ S/A;33.497.660/0001-89
22/03/2021;22/03/2021 15:00:00;RAYA AND THE LAST DRAGON;RAYA E O ÚLTIMO DRAGÃO;E2100035300000;DUBLADO;NÃO;ESTADOS UNIDOS;5000077;SÃO LUIZ 3;2;6000037;1991;2392;RIO DE JANEIRO;RJ;EMPRESA CINEMAS SÃO LUIZ S/A;33.497.660/0001-89
22/03/2021;22/03/2021 15:00:00;THE WIDOW;A VIÚVA DAS SOMBRAS;E2100005000000;DUBLADO;NÃO;RÚSSIA;5004251;GOIABEIRAS 4;0;6000018;1843;24765;CUIABÁ;MT;CINEMARK BRASIL S.A;00.779.721/0001-41
22/03/2021;22/03/2021 15:00:00;TOM & JERRY;TOM & JERRY - O FILME;E2000553800000;DUBLADO;NÃO;ESTADOS UNIDOS;5004449;CINE NITEROI 8;1;6000018;1843;2543;NITERÓI;RJ;CINEMARK BRASIL S.A;00.779.721/0001-41
22/03/2021;22/03/2021 15:00:00;TOM & JERRY;TOM & JERRY - O FILME;E2000553800000;DUBLADO;NÃO;ESTADOS UNIDOS;5006644;PLAYARTE RORAIMA GARDEN SALA 03;0;6000049;39188;47248;BOA VISTA;RR;MULTIPLEX DO BRASIL ENTRETENIMENTO LTDA;27.595.833/0001-07
22/03/2021;22/03/2021 15:10:00;LUCICREIDE VAI PRA MARTE;;B1900421800000;ORIGINAL;NÃO;BRASIL;5000061;SALA KINOPLEX MADUREIRA 01;11;6000037;1991;2389;RIO DE JANEIRO;RJ;EMPRESA CINEMAS SÃO LUIZ S/A;33.497.660/0001-89
22/03/2021;22/03/2021 15:10:00;MONSTER HUNTER;MONSTER HUNTER;E2000403800000;DUBLADO;NÃO;ESTADOS UNIDOS;5005723;CINEFLIX VALPARAISO SALA 06;3;6000014;24534;34628;VALPARAÍSO DE GOIÁS;GO;REDECINE BSB CINEMATOGRÁFICA LTDA;18.087.870/0001-05
22/03/2021;22/03/2021 15:10:00;MONSTER HUNTER;MONSTER HUNTER;E2000403800000;DUBLADO;NÃO;ESTADOS UNIDOS;5002892;KINOPLEX WEST SHOPPING RIO 05;0;6000037;1991;17366;RIO DE JANEIRO;RJ;EMPRESA CINEMAS SÃO LUIZ S/A;33.497.660/0001-89
22/03/2021;22/03/2021 15:10:00;RAYA AND THE LAST DRAGON;RAYA E O ÚLTIMO DRAGÃO;E2100035300000;DUBLADO;NÃO;ESTADOS UNIDOS;5004300;SALA VILA RICA 1 3D;2;;14637;14638;PRIMAVERA DO LESTE;MT;MAURICIO JOSE NICOLINO & CIA LTDA;05.724.035/0001-97
22/03/2021;22/03/2021 15:10:00;THE WIDOW;A VIÚVA DAS SOMBRAS;E2100005000000;DUBLADO;NÃO;RÚSSIA;5001960;KINOPLEX NOVA AMÉRICA SALA 04;17;6000037;1991;2426;RIO DE JANEIRO;RJ;EMPRESA CINEMAS SÃO LUIZ S/A;33.497.660/0001-89
22/03/2021;22/03/2021 15:10:00;TOM & JERRY;TOM & JERRY - O FILME;E2000553800000;DUBLADO;NÃO;ESTADOS UNIDOS;5000212;IGUATEMI 3;11;6000037;1991;2425;RIO DE JANEIRO;RJ;EMPRESA CINEMAS SÃO LUIZ S/A;33.497.660/0001-89
22/03/2021;22/03/2021 15:15:00;RAYA AND THE LAST DRAGON;RAYA E O ÚLTIMO DRAGÃO;E2100035300000;DUBLADO;NÃO;ESTADOS UNIDOS;5005545;CINE COLOMBO RESENDE SALA 03;0;6000008;15833;33011;RESENDE;RJ;CINE A LTDA;10.894.937/0001-01
22/03/2021;22/03/2021 15:15:00;TOM & JERRY;TOM & JERRY - O FILME;E2000553800000;DUBLADO;NÃO;ESTADOS UNIDOS;5006063;CENTERPLEX BOULEVARD 05;1;6000006;40317;40318;VITÓRIA DA CONQUISTA;BA;CINE ELI BAHIA CINEMAS LTDA - EM RECUPERACAO JUDICIAL;30.096.740/0001-34
22/03/2021;22/03/2021 15:15:00;TOM & JERRY;TOM & JERRY - O FILME;E2000553800000;DUBLADO;NÃO;ESTADOS UNIDOS;5006491;CM CINEMAS BACAXA 2;0;6000016;44751;44760;SAQUAREMA;RJ;CRYK CINEMA BACAXA LTDA;35.282.350/0001-72
22/03/2021;22/03/2021 15:20:00;HONEST THIEF;LEGADO EXPLOSIVO;E2000416200000;DUBLADO;NÃO;ESTADOS UNIDOS;5005725;KINOPLEX IGUAÇU TOP SALA 05;0;6000037;1991;2387;NOVA IGUAÇU;RJ;EMPRESA CINEMAS SÃO LUIZ S/A;33.497.660/0001-89
22/03/2021;22/03/2021 15:20:00;LUCICREIDE VAI PRA MARTE;;B1900421800000;ORIGINAL;NÃO;BRASIL;5000489;CINE NITEROI 2;2;6000018;1843;2543;NITERÓI;RJ;CINEMARK BRASIL S.A;00.779.721/0001-41
22/03/2021;22/03/2021 15:20:00;LUCICREIDE VAI PRA MARTE;;B1900421800000;ORIGINAL;NÃO;BRASIL;5000213;IGUATEMI 4;4;6000037;1991;2425;RIO DE JANEIRO;RJ;EMPRESA CINEMAS SÃO LUIZ S/A;33.497.660/0001-89
22/03/2021;22/03/2021 15:20:00;LUCICREIDE VAI PRA MARTE;;B1900421800000;ORIGINAL;NÃO;BRASIL;5001957;KINOPLEX NOVA AMÉRICA SALA 01;11;6000037;1991;2426;RIO DE JANEIRO;RJ;EMPRESA CINEMAS SÃO LUIZ S/A;33.497.660/0001-89
22/03/2021;22/03/2021 15:20:00;LUCICREIDE VAI PRA MARTE;;B1900421800000;ORIGINAL;NÃO;BRASIL;5002197;KINOPLEX VIA PARQUE 1;12;6000037;1991;13454;RIO DE JANEIRO;RJ;EMPRESA CINEMAS SÃO LUIZ S/A;33.497.660/0001-89
22/03/2021;22/03/2021 15:20:00;MONSTER HUNTER;MONSTER HUNTER;E2000403800000;DUBLADO;NÃO;ESTADOS UNIDOS;5005648;CINE TERESINA 5;5;;2140;6595;TERESINA;PI;CINEMAS TERESINA LTDA;02.142.566/0001-83
22/03/2021;22/03/2021 15:20:00;RAYA AND THE LAST DRAGON;RAYA E O ÚLTIMO DRAGÃO;E2100035300000;DUBLADO;NÃO;ESTADOS UNIDOS;5001636;CINE TERESINA 3;10;;2140;6595;TERESINA;PI;CINEMAS TERESINA LTDA;02.142.566/0001-83
22/03/2021;22/03/2021 15:20:00;THE WIDOW;A VIÚVA DAS SOMBRAS;E2100005000000;DUBLADO;NÃO;RÚSSIA;5006293;CINEMARK SÃO GONÇALO 05;3;6000018;1843;42886;SÃO GONÇALO;RJ;CINEMARK BRASIL S.A;00.779.721/0001-41
22/03/2021;22/03/2021 15:20:00;THE WIDOW;A VIÚVA DAS SOMBRAS;E2100005000000;DUBLADO;NÃO;RÚSSIA;5001961;KINOPLEX NOVA AMÉRICA SALA 05;0;6000037;1991;2426;RIO DE JANEIRO;RJ;EMPRESA CINEMAS SÃO LUIZ S/A;33.497.660/0001-89
22/03/2021;22/03/2021 15:20:00;THE WIDOW;A VIÚVA DAS SOMBRAS;E2100005000000;DUBLADO;NÃO;RÚSSIA;5002890;KINOPLEX WEST SHOPPING RIO 03;35;6000037;1991;17366;RIO DE JANEIRO;RJ;EMPRESA CINEMAS SÃO LUIZ S/A;33.497.660/0001-89
22/03/2021;22/03/2021 15:30:00;DEPOIS A LOUCA SOU EU;;B2000078000000;ORIGINAL;NÃO;BRASIL;5001638;CINE TERESINA 7;7;;2140;6595;TERESINA;PI;CINEMAS TERESINA LTDA;02.142.566/0001-83
22/03/2021;22/03/2021 15:30:00;LUCICREIDE VAI PRA MARTE;;B1900421800000;ORIGINAL;NÃO;BRASIL;5003376;JARDIM GUADALUPE 05;0;6000002;3136;20404;RIO DE JANEIRO;RJ;MSA EMPRESA CINEMATOGRÁFICA LTDA;03.608.600/0001-25
22/03/2021;22/03/2021 15:30:00;MONSTER HUNTER;MONSTER HUNTER;E2000403800000;DUBLADO;NÃO;ESTADOS UNIDOS;5005637;CINESHOW TUBARÃO SALA 04;2;6000025;33770;33771;TUBARÃO;SC;TUBARÃO FILMES LTDA;24.971.903/0001-88
22/03/2021;22/03/2021 15:30:00;MONSTER HUNTER;MONSTER HUNTER;E2000403800000;DUBLADO;NÃO;ESTADOS UNIDOS;5003374;JARDIM GUADALUPE 03;0;6000002;3136;20404;RIO DE JANEIRO;RJ;MSA EMPRESA CINEMATOGRÁFICA LTDA;03.608.600/0001-25
22/03/2021;22/03/2021 15:30:00;RAYA AND THE LAST DRAGON;RAYA E O ÚLTIMO DRAGÃO;E2100035300000;DUBLADO;NÃO;ESTADOS UNIDOS;5002566;CINE CATARATAS 3;2;;15565;15566;FOZ DO IGUAÇU;PR;CINE CATARATAS LTDA;09.010.219/0001-46
22/03/2021;22/03/2021 15:30:00;RAYA AND THE LAST DRAGON;RAYA E O ÚLTIMO DRAGÃO;E2100035300000;DUBLADO;NÃO;ESTADOS UNIDOS;5006000;CINE GRACHER INDAIAL - SALA 03;5;6000032;5979;39283;INDAIAL;SC;CINE GRACHER LTDA;07.272.690/0001-87
22/03/2021;22/03/2021 15:30:00;RAYA AND THE LAST DRAGON;RAYA E O ÚLTIMO DRAGÃO;E2100035300000;DUBLADO;NÃO;ESTADOS UNIDOS;5006056;CINE GRACHER JOAÇABA SALA 01;3;6000032;5979;40234;JOAÇABA;SC;CINE GRACHER LTDA;07.272.690/0001-87
22/03/2021;22/03/2021 15:30:00;RAYA AND THE LAST DRAGON;RAYA E O ÚLTIMO DRAGÃO;E2100035300000;DUBLADO;NÃO;ESTADOS UNIDOS;5006085;CINE GRACHER PORTO BELO SALA 03;0;6000032;5979;40771;PORTO BELO;SC;CINE GRACHER LTDA;07.272.690/0001-87
22/03/2021;22/03/2021 15:30:00;RAYA AND THE LAST DRAGON;RAYA E O ÚLTIMO DRAGÃO;E2100035300000;DUBLADO;NÃO;ESTADOS UNIDOS;5006113;CINE GRACHER SÃO BENTO 03;4;6000032;5979;41056;SÃO BENTO DO SUL;SC;CINE GRACHER LTDA;07.272.690/0001-87
22/03/2021;22/03/2021 15:30:00;RAYA AND THE LAST DRAGON;RAYA E O ÚLTIMO DRAGÃO;E2100035300000;DUBLADO;NÃO;ESTADOS UNIDOS;5006259;CIRCUITO PONTA PORA 03;0;6000028;15568;42557;PONTA PORÃ;MS;CIRCUITO ENTRETENIMENTO E CINEMAS LTDA;08.068.712/0001-54
22/03/2021;22/03/2021 15:30:00;RAYA AND THE LAST DRAGON;RAYA E O ÚLTIMO DRAGÃO;E2100035300000;DUBLADO;NÃO;ESTADOS UNIDOS;5003375;JARDIM GUADALUPE 04;0;6000002;3136;20404;RIO DE JANEIRO;RJ;MSA EMPRESA CINEMATOGRÁFICA LTDA;03.608.600/0001-25
22/03/2021;22/03/2021 15:30:00;RAYA AND THE LAST DRAGON;RAYA E O ÚLTIMO DRAGÃO;E2100035300000;DUBLADO;NÃO;ESTADOS UNIDOS;5005026;MULTIPLEX PATIO RORAIMA - SALA 1;6;6000002;3136;29179;BOA VISTA;RR;MSA EMPRESA CINEMATOGRÁFICA LTDA;03.608.600/0001-25
22/03/2021;22/03/2021 15:30:00;THE WIDOW;A VIÚVA DAS SOMBRAS;E2100005000000;DUBLADO;NÃO;RÚSSIA;5006061;CENTERPLEX BOULEVARD 03;0;6000006;40317;40318;VITÓRIA DA CONQUISTA;BA;CINE ELI BAHIA CINEMAS LTDA - EM RECUPERACAO JUDICIAL;30.096.740/0001-34
22/03/2021;22/03/2021 15:30:00;THE WIDOW;A VIÚVA DAS SOMBRAS;E2100005000000;DUBLADO;NÃO;RÚSSIA;5000494;CINE NITEROI 7;8;6000018;1843;2543;NITERÓI;RJ;CINEMARK BRASIL S.A;00.779.721/0001-41
22/03/2021;22/03/2021 15:30:00;THE WIDOW;A VIÚVA DAS SOMBRAS;E2100005000000;DUBLADO;NÃO;RÚSSIA;5005095;CINÉPOLIS SÃO GONÇALO SHOPPING - SALA 4;5;6000024;17266;30088;SÃO GONÇALO;RJ;CINEPOLIS OPERADORA DE CINEMAS DO BRASIL LTDA;09.652.820/0001-32
22/03/2021;22/03/2021 15:30:00;THE WIDOW;A VIÚVA DAS SOMBRAS;E2100005000000;DUBLADO;NÃO;RÚSSIA;5000214;IGUATEMI 5;0;6000037;1991;2425;RIO DE JANEIRO;RJ;EMPRESA CINEMAS SÃO LUIZ S/A;33.497.660/0001-89
22/03/2021;22/03/2021 15:30:00;THE WIDOW;A VIÚVA DAS SOMBRAS;E2100005000000;ORIGINAL;SIM;RÚSSIA;5005520;KINOPLEX RIO SUL - SALA PLATINUM 06;13;6000037;1991;2390;RIO DE JANEIRO;RJ;EMPRESA CINEMAS SÃO LUIZ S/A;33.497.660/0001-89
22/03/2021;22/03/2021 15:30:00;THE WIDOW;A VIÚVA DAS SOMBRAS;E2100005000000;DUBLADO;NÃO;RÚSSIA;5002175;KINOPLEX TIJUCA SALA 02;11;6000037;11751;13416;RIO DE JANEIRO;RJ;SR RIO DE JANEIRO CINEMAS S/A;08.262.566/0001-01
22/03/2021;22/03/2021 15:30:00;TOM & JERRY;TOM & JERRY - O FILME;E2000553800000;DUBLADO;NÃO;ESTADOS UNIDOS;5006057;CINE GRACHER JOAÇABA SALA 02;0;6000032;5979;40234;JOAÇABA;SC;CINE GRACHER LTDA;07.272.690/0001-87
22/03/2021;22/03/2021 15:30:00;TOM & JERRY;TOM & JERRY - O FILME;E2000553800000;DUBLADO;NÃO;ESTADOS UNIDOS;5005722;CINEFLIX VALPARAISO SALA 05;4;6000014;24534;34628;VALPARAÍSO DE GOIÁS;GO;REDECINE BSB CINEMATOGRÁFICA LTDA;18.087.870/0001-05
22/03/2021;22/03/2021 15:30:00;TOM & JERRY;TOM & JERRY - O FILME;E2000553800000;DUBLADO;NÃO;ESTADOS UNIDOS;5005208;CINÉPOLIS RIO POTY SALA 12;6;6000024;17266;30352;TERESINA;PI;CINEPOLIS OPERADORA DE CINEMAS DO BRASIL LTDA;09.652.820/0001-32
22/03/2021;22/03/2021 15:30:00;TOM & JERRY;TOM & JERRY - O FILME;E2000553800000;DUBLADO;NÃO;ESTADOS UNIDOS;5003373;JARDIM GUADALUPE 02;0;6000002;3136;20404;RIO DE JANEIRO;RJ;MSA EMPRESA CINEMATOGRÁFICA LTDA;03.608.600/0001-25
22/03/2021;22/03/2021 15:30:00;TOM & JERRY;TOM & JERRY - O FILME;E2000553800000;DUBLADO;NÃO;ESTADOS UNIDOS;5002355;SALA VILA RICA 2 CONVENCIONAL;0;;14637;14638;PRIMAVERA DO LESTE;MT;MAURICIO JOSE NICOLINO & CIA LTDA;05.724.035/0001-97
22/03/2021;22/03/2021 15:40:00;THE WITCHES;CONVENÇÃO DAS BRUXAS;E2000396100000;DUBLADO;NÃO;ESTADOS UNIDOS;5006642;PLAYARTE RORAIMA GARDEN SALA 01;0;6000049;39188;47248;BOA VISTA;RR;MULTIPLEX DO BRASIL ENTRETENIMENTO LTDA;27.595.833/0001-07
22/03/2021;22/03/2021 15:40:00;TOM & JERRY;TOM & JERRY - O FILME;E2000553800000;DUBLADO;NÃO;ESTADOS UNIDOS;5001635;CINE TERESINA 2;2;;2140;6595;TERESINA;PI;CINEMAS TERESINA LTDA;02.142.566/0001-83
22/03/2021;22/03/2021 15:45:00;AMIGAS DE SORTE;;B1900594800000;ORIGINAL;NÃO;BRASIL;5005546;CINE COLOMBO RESENDE SALA 04;25;6000008;15833;33011;RESENDE;RJ;CINE A LTDA;10.894.937/0001-01
22/03/2021;22/03/2021 15:45:00;MONSTER HUNTER;MONSTER HUNTER;E2000403800000;DUBLADO;NÃO;ESTADOS UNIDOS;5006258;CIRCUITO PONTA PORA 02;0;6000028;15568;42557;PONTA PORÃ;MS;CIRCUITO ENTRETENIMENTO E CINEMAS LTDA;08.068.712/0001-54
22/03/2021;22/03/2021 15:45:00;TOM & JERRY;TOM & JERRY - O FILME;E2000553800000;DUBLADO;NÃO;ESTADOS UNIDOS;5004252;GOIABEIRAS 5;4;6000018;1843;24765;CUIABÁ;MT;CINEMARK BRASIL S.A;00.779.721/0001-41
22/03/2021;22/03/2021 15:45:00;TOM & JERRY;TOM & JERRY - O FILME;E2000553800000;DUBLADO;NÃO;ESTADOS UNIDOS;5002381;MULTIPLEX CAXIAS SHOPPING 4;15;6000002;3136;14685;DUQUE DE CAXIAS;RJ;MSA EMPRESA CINEMATOGRÁFICA LTDA;03.608.600/0001-25
22/03/2021;22/03/2021 15:50:00;LUCICREIDE VAI PRA MARTE;;B1900421800000;ORIGINAL;NÃO;BRASIL;5001637;CINE TERESINA 6;4;;2140;6595;TERESINA;PI;CINEMAS TERESINA LTDA;02.142.566/0001-83
22/03/2021;22/03/2021 15:50:00;WONDER WOMAN 1984;MULHER-MARAVILHA 1984;E2000170200000;DUBLADO;NÃO;CANADÁ;5006643;PLAYARTE RORAIMA GARDEN SALA 02;0;6000049;39188;47248;BOA VISTA;RR;MULTIPLEX DO BRASIL ENTRETENIMENTO LTDA;27.595.833/0001-07
22/03/2021;22/03/2021 16:00:00;LUCICREIDE VAI PRA MARTE;;B1900421800000;ORIGINAL;NÃO;BRASIL;5001662;ORIENT CINEPLACE BOULEVARD SHOPPING - SALA 3;0;6000046;2869;6630;FEIRA DE SANTANA;BA;FEIRA PLEXCINE LTDA.;04.547.950/0001-91
22/03/2021;22/03/2021 16:00:00;MONSTER HUNTER;MONSTER HUNTER;E2000403800000;DUBLADO;NÃO;ESTADOS UNIDOS;5005999;CINE GRACHER INDAIAL - SALA 02;0;6000032;5979;39283;INDAIAL;SC;CINE GRACHER LTDA;07.272.690/0001-87
22/03/2021;22/03/2021 16:00:00;MONSTER HUNTER;MONSTER HUNTER;E2000403800000;DUBLADO;NÃO;ESTADOS UNIDOS;5001861;CINE GRACHER LTDA;2;6000032;5979;6687;BRUSQUE;SC;CINE GRACHER LTDA;07.272.690/0001-87
22/03/2021;22/03/2021 16:00:00;MONSTER HUNTER;MONSTER HUNTER;E2000403800000;DUBLADO;NÃO;ESTADOS UNIDOS;5006084;CINE GRACHER PORTO BELO SALA 02;1;6000032;5979;40771;PORTO BELO;SC;CINE GRACHER LTDA;07.272.690/0001-87
22/03/2021;22/03/2021 16:00:00;MONSTER HUNTER;MONSTER HUNTER;E2000403800000;DUBLADO;NÃO;ESTADOS UNIDOS;5006112;CINE GRACHER SÃO BENTO 02;2;6000032;5979;41056;SÃO BENTO DO SUL;SC;CINE GRACHER LTDA;07.272.690/0001-87
22/03/2021;22/03/2021 16:00:00;MONSTER HUNTER;MONSTER HUNTER;E2000403800000;DUBLADO;NÃO;ESTADOS UNIDOS;5004248;GOIABEIRAS 1;0;6000018;1843;24765;CUIABÁ;MT;CINEMARK BRASIL S.A;00.779.721/0001-41
22/03/2021;22/03/2021 16:00:00;MONSTER HUNTER;MONSTER HUNTER;E2000403800000;DUBLADO;NÃO;ESTADOS UNIDOS;5002382;MULTIPLEX CAXIAS SHOPPING 6;11;6000002;3136;14685;DUQUE DE CAXIAS;RJ;MSA EMPRESA CINEMATOGRÁFICA LTDA;03.608.600/0001-25
22/03/2021;22/03/2021 16:00:00;RAYA AND THE LAST DRAGON;RAYA E O ÚLTIMO DRAGÃO;E2100035300000;DUBLADO;NÃO;ESTADOS UNIDOS;5006028;CINE A PARAISO;0;6000008;15833;39676;SÃO SEBASTIÃO DO PARAÍSO;MG;CINE A LTDA;10.894.937/0001-01
22/03/2021;22/03/2021 16:00:00;RAYA AND THE LAST DRAGON;RAYA E O ÚLTIMO DRAGÃO;E2100035300000;DUBLADO;NÃO;ESTADOS UNIDOS;5004504;CINE GRACHER ESPAÇO HAVAN 1;5;6000032;5979;26111;BRUSQUE;SC;CINE GRACHER LTDA;07.272.690/0001-87
22/03/2021;22/03/2021 16:00:00;RAYA AND THE LAST DRAGON;RAYA E O ÚLTIMO DRAGÃO;E2100035300000;DUBLADO;NÃO;ESTADOS UNIDOS;5001860;CINE GRACHER LTDA;5;6000032;5979;6687;BRUSQUE;SC;CINE GRACHER LTDA;07.272.690/0001-87
22/03/2021;22/03/2021 16:00:00;RAYA AND THE LAST DRAGON;RAYA E O ÚLTIMO DRAGÃO;E2100035300000;DUBLADO;NÃO;ESTADOS UNIDOS;5005290;CINE GRACHER PORTO UNIÃO SALA 01;0;6000032;5979;30780;PORTO UNIÃO;SC;CINE GRACHER LTDA;07.272.690/0001-87
22/03/2021;22/03/2021 16:00:00;RAYA AND THE LAST DRAGON;RAYA E O ÚLTIMO DRAGÃO;E2100035300000;DUBLADO;NÃO;ESTADOS UNIDOS;5001279;MULTIPLEX PANTANAL SHOPPING VI (STADIUM);11;6000002;3136;4399;CUIABÁ;MT;MSA EMPRESA CINEMATOGRÁFICA LTDA;03.608.600/0001-25
22/03/2021;22/03/2021 16:00:00;RAYA AND THE LAST DRAGON;RAYA E O ÚLTIMO DRAGÃO;E2100035300000;DUBLADO;NÃO;ESTADOS UNIDOS;5005028;MULTIPLEX PATIO RORAIMA - SALA 3;2;6000002;3136;29179;BOA VISTA;RR;MSA EMPRESA CINEMATOGRÁFICA LTDA;03.608.600/0001-25
22/03/2021;22/03/2021 16:00:00;SPUTNIK;ESTRANHO PASSSAGEIRO - SPUTNIK;E2000513800000;DUBLADO;NÃO;RÚSSIA;5006645;PLAYARTE RORAIMA GARDEN SALA 04;0;6000049;39188;47248;BOA VISTA;RR;MULTIPLEX DO BRASIL ENTRETENIMENTO LTDA;27.595.833/0001-07
22/03/2021;22/03/2021 16:00:00;THE WIDOW;A VIÚVA DAS SOMBRAS;E2100005000000;DUBLADO;NÃO;RÚSSIA;5006058;CINE GRACHER JOAÇABA SALA 03;1;6000032;5979;40234;JOAÇABA;SC;CINE GRACHER LTDA;07.272.690/0001-87
22/03/2021;22/03/2021 16:00:00;THE WIDOW;A VIÚVA DAS SOMBRAS;E2100005000000;DUBLADO;NÃO;RÚSSIA;5006086;CINE GRACHER PORTO BELO SALA 04;0;6000032;5979;40771;PORTO BELO;SC;CINE GRACHER LTDA;07.272.690/0001-87
22/03/2021;22/03/2021 16:00:00;THE WIDOW;A VIÚVA DAS SOMBRAS;E2100005000000;DUBLADO;NÃO;RÚSSIA;5006114;CINE GRACHER SÃO BENTO 04;0;6000032;5979;41056;SÃO BENTO DO SUL;SC;CINE GRACHER LTDA;07.272.690/0001-87
22/03/2021;22/03/2021 16:00:00;THE WIDOW;A VIÚVA DAS SOMBRAS;E2100005000000;DUBLADO;NÃO;RÚSSIA;5001093;CINE VOLTA REDONDA 04;12;6000025;2973;6743;VOLTA REDONDA;RJ;TATU FILMES LTDA;72.089.667/0001-13
22/03/2021;22/03/2021 16:00:00;THE WIDOW;A VIÚVA DAS SOMBRAS;E2100005000000;DUBLADO;NÃO;RÚSSIA;5002385;MULTIPLEX CAXIAS SHOPPING 5;24;6000002;3136;14685;DUQUE DE CAXIAS;RJ;MSA EMPRESA CINEMATOGRÁFICA LTDA;03.608.600/0001-25
22/03/2021;22/03/2021 16:00:00;TOM & JERRY;TOM & JERRY - O FILME;E2000553800000;DUBLADO;NÃO;ESTADOS UNIDOS;5006484;CINE + ARTE SOMBRIO 01;4;6000103;44714;44715;SOMBRIO;SC;CINE + ARTE SOMBRIO LTDA;35.505.937/0001-01
22/03/2021;22/03/2021 16:00:00;TOM & JERRY;TOM & JERRY - O FILME;E2000553800000;DUBLADO;NÃO;ESTADOS UNIDOS;5004502;CINE GRACHER ESPAÇO HAVAN 2;4;6000032;5979;26111;BRUSQUE;SC;CINE GRACHER LTDA;07.272.690/0001-87
22/03/2021;22/03/2021 16:00:00;TOM & JERRY;TOM & JERRY - O FILME;E2000553800000;DUBLADO;NÃO;ESTADOS UNIDOS;5006083;CINE GRACHER PORTO BELO SALA 01;5;6000032;5979;40771;PORTO BELO;SC;CINE GRACHER LTDA;07.272.690/0001-87
22/03/2021;22/03/2021 16:00:00;TOM & JERRY;TOM & JERRY - O FILME;E2000553800000;DUBLADO;NÃO;ESTADOS UNIDOS;5005291;CINE GRACHER PORTO UNIÃO SALA 02;0;6000032;5979;30780;PORTO UNIÃO;SC;CINE GRACHER LTDA;07.272.690/0001-87
22/03/2021;22/03/2021 16:00:00;TOM & JERRY;TOM & JERRY - O FILME;E2000553800000;DUBLADO;NÃO;ESTADOS UNIDOS;5006111;CINE GRACHER SÃO BENTO 01;4;6000032;5979;41056;SÃO BENTO DO SUL;SC;CINE GRACHER LTDA;07.272.690/0001-87
22/03/2021;22/03/2021 16:00:00;TOM & JERRY;TOM & JERRY - O FILME;E2000553800000;DUBLADO;NÃO;ESTADOS UNIDOS;5005204;CINÉPOLIS RIO POTY SALA 8;0;6000024;17266;30352;TERESINA;PI;CINEPOLIS OPERADORA DE CINEMAS DO BRASIL LTDA;09.652.820/0001-32
22/03/2021;22/03/2021 16:00:00;WONDER WOMAN 1984;MULHER-MARAVILHA 1984;E2000170200000;DUBLADO;NÃO;CANADÁ;5001862;CINE GRACHER LTDA;2;6000032;5979;6687;BRUSQUE;SC;CINE GRACHER LTDA;07.272.690/0001-87
22/03/2021;22/03/2021 16:00:00;WONDER WOMAN 1984;MULHER-MARAVILHA 1984;E2000170200000;DUBLADO;NÃO;CANADÁ;5005099;CINÉPOLIS SÃO GONÇALO SHOPPING - SALA 8;13;6000024;17266;30088;SÃO GONÇALO;RJ;CINEPOLIS OPERADORA DE CINEMAS DO BRASIL LTDA;09.652.820/0001-32
22/03/2021;22/03/2021 16:00:01;WONDER WOMAN 1984;MULHER-MARAVILHA 1984;E2000170200000;DUBLADO;NÃO;CANADÁ;5006064;CENTERPLEX BOULEVARD 06;0;6000006;40317;40318;VITÓRIA DA CONQUISTA;BA;CINE ELI BAHIA CINEMAS LTDA - EM RECUPERACAO JUDICIAL;30.096.740/0001-34
22/03/2021;22/03/2021 16:00:01;WONDER WOMAN 1984;MULHER-MARAVILHA 1984;E2000170200000;DUBLADO;NÃO;CANADÁ;5005543;CINE COLOMBO RESENDE SALA 01;0;6000008;15833;33011;RESENDE;RJ;CINE A LTDA;10.894.937/0001-01
22/03/2021;22/03/2021 16:10:00;RED SHOES AND THE SEVEN DWARF;SAPATINHO VERMELHO E OS SETE ANÕES;E2000138100000;DUBLADO;NÃO;CORÉIA DO SUL;5006657;SALA CINE VIEIRA 01;0;;47551;47598;SÃO BENTO;PB;COSTA E VIEIRA EMPREENDIMENTOS LTDA;10.866.528/0001-00
22/03/2021;22/03/2021 16:10:00;THE WIDOW;A VIÚVA DAS SOMBRAS;E2100005000000;ORIGINAL;SIM;RÚSSIA;5001634;CINE TERESINA 1;0;;2140;6595;TERESINA;PI;CINEMAS TERESINA LTDA;02.142.566/0001-83
22/03/2021;22/03/2021 16:10:00;THE WIDOW;A VIÚVA DAS SOMBRAS;E2100005000000;DUBLADO;NÃO;RÚSSIA;5006257;CIRCUITO PONTA PORA 01;0;6000028;15568;42557;PONTA PORÃ;MS;CIRCUITO ENTRETENIMENTO E CINEMAS LTDA;08.068.712/0001-54
22/03/2021;22/03/2021 16:10:00;TOM & JERRY;TOM & JERRY - O FILME;E2000553800000;DUBLADO;NÃO;ESTADOS UNIDOS;5006289;CINEMARK SÃO GONÇALO 01;2;6000018;1843;42886;SÃO GONÇALO;RJ;CINEMARK BRASIL S.A;00.779.721/0001-41
22/03/2021;22/03/2021 16:15:00;RAYA AND THE LAST DRAGON;RAYA E O ÚLTIMO DRAGÃO;E2100035300000;DUBLADO;NÃO;ESTADOS UNIDOS;5002384;MULTIPLEX CAXIAS SHOPPING 3;6;6000002;3136;14685;DUQUE DE CAXIAS;RJ;MSA EMPRESA CINEMATOGRÁFICA LTDA;03.608.600/0001-25
22/03/2021;22/03/2021 16:15:00;THE WIDOW;A VIÚVA DAS SOMBRAS;E2100005000000;DUBLADO;NÃO;RÚSSIA;5004880;CIRCUITO CINEMAS PBAS- SALA 02;0;6000028;15568;27873;PARAUAPEBAS;PA;CIRCUITO ENTRETENIMENTO E CINEMAS LTDA;08.068.712/0001-54
22/03/2021;22/03/2021 16:15:00;THE WIDOW;A VIÚVA DAS SOMBRAS;E2100005000000;DUBLADO;NÃO;RÚSSIA;5004254;GOIABEIRAS 7;2;6000018;1843;24765;CUIABÁ;MT;CINEMARK BRASIL S.A;00.779.721/0001-41
22/03/2021;22/03/2021 16:15:00;WONDER WOMAN 1984;MULHER-MARAVILHA 1984;E2000170200000;DUBLADO;NÃO;CANADÁ;5004250;GOIABEIRAS 3;2;6000018;1843;24765;CUIABÁ;MT;CINEMARK BRASIL S.A;00.779.721/0001-41
22/03/2021;22/03/2021 16:20:00;MONSTER HUNTER;MONSTER HUNTER;E2000403800000;DUBLADO;NÃO;ESTADOS UNIDOS;5002565;CINE CATARATAS 2;1;;15565;15566;FOZ DO IGUAÇU;PR;CINE CATARATAS LTDA;09.010.219/0001-46
22/03/2021;22/03/2021 16:20:00;TOM & JERRY;TOM & JERRY - O FILME;E2000553800000;DUBLADO;NÃO;ESTADOS UNIDOS;5000491;CINE NITEROI 4;0;6000018;1843;2543;NITERÓI;RJ;CINEMARK BRASIL S.A;00.779.721/0001-41
22/03/2021;22/03/2021 16:25:00;RAYA AND THE LAST DRAGON;RAYA E O ÚLTIMO DRAGÃO;E2100035300000;DUBLADO;NÃO;ESTADOS UNIDOS;5006490;CM CINEMAS BACAXA 1;0;6000016;44751;44760;SAQUAREMA;RJ;CRYK CINEMA BACAXA LTDA;35.282.350/0001-72
22/03/2021;22/03/2021 16:30:00;GREENLAND;DESTRUIÇÃO FINAL: O ÚLTIMO REFÚGIO;E2000418100000;DUBLADO;NÃO;ESTADOS UNIDOS;5004729;MULTIPLEX PARK LAGOS 1;0;6000002;3136;27345;CABO FRIO;RJ;MSA EMPRESA CINEMATOGRÁFICA LTDA;03.608.600/0001-25
22/03/2021;22/03/2021 16:30:00;JUDAS AND THE BLACK MESSIAH;JUDAS E O MESSIAS NEGRO;E2100040400000;ORIGINAL;SIM;ESTADOS UNIDOS;5005199;CINÉPOLIS RIO POTY SALA 03-VIP;4;6000024;17266;30352;TERESINA;PI;CINEPOLIS OPERADORA DE CINEMAS DO BRASIL LTDA;09.652.820/0001-32
22/03/2021;22/03/2021 16:30:00;MONSTER HUNTER;MONSTER HUNTER;E2000403800000;DUBLADO;NÃO;ESTADOS UNIDOS;5000492;CINE NITEROI 5;6;6000018;1843;2543;NITERÓI;RJ;CINEMARK BRASIL S.A;00.779.721/0001-41
22/03/2021;22/03/2021 16:30:00;MONSTER HUNTER;MONSTER HUNTER;E2000403800000;DUBLADO;NÃO;ESTADOS UNIDOS;5001088;SALA CINE RESENDE 02;7;6000025;2977;6644;RESENDE;RJ;JUBARTE FILMES LTDA-ME;05.297.810/0001-75
22/03/2021;22/03/2021 16:30:00;RAYA AND THE LAST DRAGON;RAYA E O ÚLTIMO DRAGÃO;E2100035300000;DUBLADO;NÃO;ESTADOS UNIDOS;5000192;BAY MARKET SALA 01;0;6000037;1991;2419;NITERÓI;RJ;EMPRESA CINEMAS SÃO LUIZ S/A;33.497.660/0001-89
22/03/2021;22/03/2021 16:30:00;RAYA AND THE LAST DRAGON;RAYA E O ÚLTIMO DRAGÃO;E2100035300000;DUBLADO;NÃO;ESTADOS UNIDOS;5001278;MULTIPLEX PANTANAL SHOPPING V (STADIUM);4;6000002;3136;4399;CUIABÁ;MT;MSA EMPRESA CINEMATOGRÁFICA LTDA;03.608.600/0001-25
22/03/2021;22/03/2021 16:30:00;THE WIDOW;A VIÚVA DAS SOMBRAS;E2100005000000;DUBLADO;NÃO;RÚSSIA;5004503;CINE GRACHER ESPAÇO HAVAN 3;4;6000032;5979;26111;BRUSQUE;SC;CINE GRACHER LTDA;07.272.690/0001-87
22/03/2021;22/03/2021 16:30:00;THE WIDOW;A VIÚVA DAS SOMBRAS;E2100005000000;DUBLADO;NÃO;RÚSSIA;5006001;CINE GRACHER INDAIAL - SALA 04;0;6000032;5979;39283;INDAIAL;SC;CINE GRACHER LTDA;07.272.690/0001-87
22/03/2021;22/03/2021 16:30:00;THE WIDOW;A VIÚVA DAS SOMBRAS;E2100005000000;DUBLADO;NÃO;RÚSSIA;5005292;CINE GRACHER PORTO UNIÃO SALA 03;0;6000032;5979;30780;PORTO UNIÃO;SC;CINE GRACHER LTDA;07.272.690/0001-87
22/03/2021;22/03/2021 16:30:00;TOM & JERRY;TOM & JERRY - O FILME;E2000553800000;DUBLADO;NÃO;ESTADOS UNIDOS;5005998;CINE GRACHER INDAIAL - SALA 01;0;6000032;5979;39283;INDAIAL;SC;CINE GRACHER LTDA;07.272.690/0001-87
22/03/2021;22/03/2021 16:30:00;TOM & JERRY;TOM & JERRY - O FILME;E2000553800000;DUBLADO;NÃO;ESTADOS UNIDOS;5006126;MULTIPLEX VOLTA REDONDA V;4;6000002;3136;41384;VOLTA REDONDA;RJ;MSA EMPRESA CINEMATOGRÁFICA LTDA;03.608.600/0001-25
22/03/2021;22/03/2021 16:30:01;TOM & JERRY;TOM & JERRY - O FILME;E2000553800000;DUBLADO;NÃO;ESTADOS UNIDOS;5006059;CENTERPLEX BOULEVARD 01;0;6000006;40317;40318;VITÓRIA DA CONQUISTA;BA;CINE ELI BAHIA CINEMAS LTDA - EM RECUPERACAO JUDICIAL;30.096.740/0001-34
22/03/2021;22/03/2021 16:40:00;JUDAS AND THE BLACK MESSIAH;JUDAS E O MESSIAS NEGRO;E2100040400000;ORIGINAL;SIM;ESTADOS UNIDOS;5000493;CINE NITEROI 6;5;6000018;1843;2543;NITERÓI;RJ;CINEMARK BRASIL S.A;00.779.721/0001-41
22/03/2021;22/03/2021 16:40:00;RAYA AND THE LAST DRAGON;RAYA E O ÚLTIMO DRAGÃO;E2100035300000;DUBLADO;NÃO;ESTADOS UNIDOS;5003445;CINE SHOW BARRA DO PIRAÍ 01;2;6000025;2973;20984;BARRA DO PIRAÍ;RJ;TATU FILMES LTDA;72.089.667/0001-13
22/03/2021;22/03/2021 16:40:00;RAYA AND THE LAST DRAGON;RAYA E O ÚLTIMO DRAGÃO;E2100035300000;DUBLADO;NÃO;ESTADOS UNIDOS;5005307;CINEFLIX VÁRZEA GRANDE SHOPPING - SALA 4;0;6000014;24534;31101;VÁRZEA GRANDE;MT;REDECINE BSB CINEMATOGRÁFICA LTDA;18.087.870/0001-05
22/03/2021;22/03/2021 16:40:00;THE WIDOW;A VIÚVA DAS SOMBRAS;E2100005000000;DUBLADO;NÃO;RÚSSIA;5006494;CINE INTER SANTA INES 02;0;6000140;44834;44835;SANTA INÊS;MA;CINEINTER EXIBICOES CINEMATOGRAFICAS LTDA;35.477.354/0001-06
22/03/2021;22/03/2021 16:45:00;MONSTER HUNTER;MONSTER HUNTER;E2000403800000;DUBLADO;NÃO;ESTADOS UNIDOS;5005029;MULTIPLEX PATIO RORAIMA - SALA 4;3;6000002;3136;29179;BOA VISTA;RR;MSA EMPRESA CINEMATOGRÁFICA LTDA;03.608.600/0001-25
22/03/2021;22/03/2021 16:50:00;JUDAS AND THE BLACK MESSIAH;JUDAS E O MESSIAS NEGRO;E2100040400000;ORIGINAL;SIM;ESTADOS UNIDOS;5005994;CINE BARRA POINT SALA 01;2;6000083;14200;39233;RIO DE JANEIRO;RJ;ARTE VITAL EXIBIÇÕES CINEMATOGRÁFICAS LTDA;03.459.043/0001-28
22/03/2021;22/03/2021 16:50:00;JUDAS AND THE BLACK MESSIAH;JUDAS E O MESSIAS NEGRO;E2100040400000;ORIGINAL;SIM;ESTADOS UNIDOS;5002323;CINE SANTA TERESA;3;6000083;14200;14201;RIO DE JANEIRO;RJ;ARTE VITAL EXIBIÇÕES CINEMATOGRÁFICAS LTDA;03.459.043/0001-28
22/03/2021;22/03/2021 16:50:00;MONSTER HUNTER;MONSTER HUNTER;E2000403800000;DUBLADO;NÃO;ESTADOS UNIDOS;5005304;CINEFLIX VÁRZEA GRANDE SHOPPING - SALA 1;0;6000014;24534;31101;VÁRZEA GRANDE;MT;REDECINE BSB CINEMATOGRÁFICA LTDA;18.087.870/0001-05
22/03/2021;22/03/2021 16:50:00;RAYA AND THE LAST DRAGON;RAYA E O ÚLTIMO DRAGÃO;E2100035300000;DUBLADO;NÃO;ESTADOS UNIDOS;5006138;SALA CINE GUEDES 03;0;;23266;23267;PATOS;PB;LILIANE ROCHA DE MEDEIROS GUEDES-ME;16.844.526/0001-98
22/03/2021;22/03/2021 16:50:00;TOM & JERRY;TOM & JERRY - O FILME;E2000553800000;DUBLADO;NÃO;ESTADOS UNIDOS;5005394;CINE SHOW ANGRA DOS REIS - SALA 3;2;6000025;2973;20914;ANGRA DOS REIS;RJ;TATU FILMES LTDA;72.089.667/0001-13
22/03/2021;22/03/2021 16:50:00;TOM & JERRY;TOM & JERRY - O FILME;E2000553800000;DUBLADO;NÃO;ESTADOS UNIDOS;5001092;CINE VOLTA REDONDA 03;2;6000025;2973;6743;VOLTA REDONDA;RJ;TATU FILMES LTDA;72.089.667/0001-13
22/03/2021;22/03/2021 16:50:00;TOM & JERRY;TOM & JERRY - O FILME;E2000553800000;DUBLADO;NÃO;ESTADOS UNIDOS;5005640;CINESHOW TUBARÃO SALA 01;2;6000025;33770;33771;TUBARÃO;SC;TUBARÃO FILMES LTDA;24.971.903/0001-88
22/03/2021;22/03/2021 16:50:00;TOM & JERRY;TOM & JERRY - O FILME;E2000553800000;DUBLADO;NÃO;ESTADOS UNIDOS;5001087;SALA CINE RESENDE 01;2;6000025;2977;6644;RESENDE;RJ;JUBARTE FILMES LTDA-ME;05.297.810/0001-75
22/03/2021;22/03/2021 17:00:00;LUCICREIDE VAI PRA MARTE;;B1900421800000;ORIGINAL;NÃO;BRASIL;5006060;CENTERPLEX BOULEVARD 02;1;6000006;40317;40318;VITÓRIA DA CONQUISTA;BA;CINE ELI BAHIA CINEMAS LTDA - EM RECUPERACAO JUDICIAL;30.096.740/0001-34
22/03/2021;22/03/2021 17:00:00;MONSTER HUNTER;MONSTER HUNTER;E2000403800000;DUBLADO;NÃO;ESTADOS UNIDOS;5006291;CINEMARK SÃO GONÇALO 03;0;6000018;1843;42886;SÃO GONÇALO;RJ;CINEMARK BRASIL S.A;00.779.721/0001-41
22/03/2021;22/03/2021 17:00:00;MONSTER HUNTER;MONSTER HUNTER;E2000403800000;DUBLADO;NÃO;ESTADOS UNIDOS;5004881;CIRCUITO CINEMAS PBAS- SALA 03;0;6000028;15568;27873;PARAUAPEBAS;PA;CIRCUITO ENTRETENIMENTO E CINEMAS LTDA;08.068.712/0001-54
22/03/2021;22/03/2021 17:00:00;RAYA AND THE LAST DRAGON;RAYA E O ÚLTIMO DRAGÃO;E2100035300000;DUBLADO;NÃO;ESTADOS UNIDOS;5005719;CINEFLIX VALPARAISO SALA 02;8;6000014;24534;34628;VALPARAÍSO DE GOIÁS;GO;REDECINE BSB CINEMATOGRÁFICA LTDA;18.087.870/0001-05
22/03/2021;22/03/2021 17:00:00;THE WIDOW;A VIÚVA DAS SOMBRAS;E2100005000000;DUBLADO;NÃO;RÚSSIA;5001280;MULTIPLEX PANTANAL SHOPPING VII (STADIUM);6;6000002;3136;4399;CUIABÁ;MT;MSA EMPRESA CINEMATOGRÁFICA LTDA;03.608.600/0001-25
22/03/2021;22/03/2021 17:00:00;THE WIDOW;A VIÚVA DAS SOMBRAS;E2100005000000;DUBLADO;NÃO;RÚSSIA;5005030;MULTIPLEX PATIO RORAIMA - SALA 5;9;6000002;3136;29179;BOA VISTA;RR;MSA EMPRESA CINEMATOGRÁFICA LTDA;03.608.600/0001-25
22/03/2021;22/03/2021 17:00:00;TOM & JERRY;TOM & JERRY - O FILME;E2000553800000;DUBLADO;NÃO;ESTADOS UNIDOS;5005094;CINÉPOLIS SÃO GONÇALO SHOPPING - SALA 3;20;6000024;17266;30088;SÃO GONÇALO;RJ;CINEPOLIS OPERADORA DE CINEMAS DO BRASIL LTDA;09.652.820/0001-32
22/03/2021;22/03/2021 17:00:00;TOM & JERRY;TOM & JERRY - O FILME;E2000553800000;DUBLADO;NÃO;ESTADOS UNIDOS;5004253;GOIABEIRAS 6;0;6000018;1843;24765;CUIABÁ;MT;CINEMARK BRASIL S.A;00.779.721/0001-41
22/03/2021;22/03/2021 17:00:00;TOM & JERRY;TOM & JERRY - O FILME;E2000553800000;DUBLADO;NÃO;ESTADOS UNIDOS;5005971;PLANET NITEROI - SALA 04;0;6000048;25436;38804;NITERÓI;RJ;SRS PLANET CINEMAS LTDA;13.250.172/0001-65
22/03/2021;22/03/2021 17:00:00;WONDER WOMAN 1984;MULHER-MARAVILHA 1984;E2000170200000;DUBLADO;NÃO;CANADÁ;5005206;CINÉPOLIS RIO POTY SALA 10;0;6000024;17266;30352;TERESINA;PI;CINEPOLIS OPERADORA DE CINEMAS DO BRASIL LTDA;09.652.820/0001-32
22/03/2021;22/03/2021 17:05:00;MONSTER HUNTER;MONSTER HUNTER;E2000403800000;ORIGINAL;SIM;ESTADOS UNIDOS;5004249;GOIABEIRAS 2;0;6000018;1843;24765;CUIABÁ;MT;CINEMARK BRASIL S.A;00.779.721/0001-41
22/03/2021;22/03/2021 17:10:00;DEPOIS A LOUCA SOU EU;;B2000078000000;ORIGINAL;NÃO;BRASIL;5000488;CINE NITEROI 1;1;6000018;1843;2543;NITERÓI;RJ;CINEMARK BRASIL S.A;00.779.721/0001-41
22/03/2021;22/03/2021 17:10:00;THE ASSENT;POSSESSÃO - O ÚLTIMO ESTÁGIO;E2000049600000;DUBLADO;NÃO;ESTADOS UNIDOS;5006644;PLAYARTE RORAIMA GARDEN SALA 03;0;6000049;39188;47248;BOA VISTA;RR;MULTIPLEX DO BRASIL ENTRETENIMENTO LTDA;27.595.833/0001-07
22/03/2021;22/03/2021 17:10:00;THE WIDOW;A VIÚVA DAS SOMBRAS;E2100005000000;DUBLADO;NÃO;RÚSSIA;5005305;CINEFLIX VÁRZEA GRANDE SHOPPING - SALA 2;2;6000014;24534;31101;VÁRZEA GRANDE;MT;REDECINE BSB CINEMATOGRÁFICA LTDA;18.087.870/0001-05
22/03/2021;22/03/2021 17:10:00;WONDER WOMAN 1984;MULHER-MARAVILHA 1984;E2000170200000;DUBLADO;NÃO;CANADÁ;5005647;CINE TERESINA 4;6;;2140;6595;TERESINA;PI;CINEMAS TERESINA LTDA;02.142.566/0001-83
22/03/2021;22/03/2021 17:15:00;MONSTER HUNTER;MONSTER HUNTER;E2000403800000;DUBLADO;NÃO;ESTADOS UNIDOS;5006062;CENTERPLEX BOULEVARD 04;0;6000006;40317;40318;VITÓRIA DA CONQUISTA;BA;CINE ELI BAHIA CINEMAS LTDA - EM RECUPERACAO JUDICIAL;30.096.740/0001-34
22/03/2021;22/03/2021 17:15:00;RAYA AND THE LAST DRAGON;RAYA E O ÚLTIMO DRAGÃO;E2100035300000;DUBLADO;NÃO;ESTADOS UNIDOS;5006127;MULTIPLEX VOLTA REDONDA VI;3;6000002;3136;41384;VOLTA REDONDA;RJ;MSA EMPRESA CINEMATOGRÁFICA LTDA;03.608.600/0001-25
22/03/2021;22/03/2021 17:15:00;RAYA AND THE LAST DRAGON;RAYA E O ÚLTIMO DRAGÃO;E2100035300000;DUBLADO;NÃO;ESTADOS UNIDOS;5004300;SALA VILA RICA 1 3D;0;;14637;14638;PRIMAVERA DO LESTE;MT;MAURICIO JOSE NICOLINO & CIA LTDA;05.724.035/0001-97
22/03/2021;22/03/2021 17:15:00;THE WIDOW;A VIÚVA DAS SOMBRAS;E2100005000000;DUBLADO;NÃO;RÚSSIA;5006491;CM CINEMAS BACAXA 2;0;6000016;44751;44760;SAQUAREMA;RJ;CRYK CINEMA BACAXA LTDA;35.282.350/0001-72
22/03/2021;22/03/2021 17:15:00;TOM & JERRY;TOM & JERRY - O FILME;E2000553800000;DUBLADO;NÃO;ESTADOS UNIDOS;5006260;CIRCUITO PONTA PORA 04;2;6000028;15568;42557;PONTA PORÃ;MS;CIRCUITO ENTRETENIMENTO E CINEMAS LTDA;08.068.712/0001-54
22/03/2021;22/03/2021 17:20:00;MONSTER HUNTER;MONSTER HUNTER;E2000403800000;DUBLADO;NÃO;ESTADOS UNIDOS;5002355;SALA VILA RICA 2 CONVENCIONAL;0;;14637;14638;PRIMAVERA DO LESTE;MT;MAURICIO JOSE NICOLINO & CIA LTDA;05.724.035/0001-97
22/03/2021;22/03/2021 17:20:00;RAYA AND THE LAST DRAGON;RAYA E O ÚLTIMO DRAGÃO;E2100035300000;DUBLADO;NÃO;ESTADOS UNIDOS;5006493;CINE INTER SANTA INES 01;1;6000140;44834;44835;SANTA INÊS;MA;CINEINTER EXIBICOES CINEMATOGRAFICAS LTDA;35.477.354/0001-06
22/03/2021;22/03/2021 17:20:00;RAYA AND THE LAST DRAGON;RAYA E O ÚLTIMO DRAGÃO;E2100035300000;DUBLADO;NÃO;ESTADOS UNIDOS;5004912;CINE SHOW AGULHAS NEGRAS SALA 01;2;6000025;2977;28018;RESENDE;RJ;JUBARTE FILMES LTDA-ME;05.297.810/0001-75
22/03/2021;22/03/2021 17:20:00;RAYA AND THE LAST DRAGON;RAYA E O ÚLTIMO DRAGÃO;E2100035300000;DUBLADO;NÃO;ESTADOS UNIDOS;5003442;CINE SHOW ANGRA DOS REIS - SALA 1;2;6000025;2973;20914;ANGRA DOS REIS;RJ;TATU FILMES LTDA;72.089.667/0001-13
22/03/2021;22/03/2021 17:20:00;RAYA AND THE LAST DRAGON;RAYA E O ÚLTIMO DRAGÃO;E2100035300000;DUBLADO;NÃO;ESTADOS UNIDOS;5001090;CINE VOLTA REDONDA 01;3;6000025;2973;6743;VOLTA REDONDA;RJ;TATU FILMES LTDA;72.089.667/0001-13
22/03/2021;22/03/2021 17:20:00;RAYA AND THE LAST DRAGON;RAYA E O ÚLTIMO DRAGÃO;E2100035300000;DUBLADO;NÃO;ESTADOS UNIDOS;5005639;CINESHOW TUBARÃO SALA 02;2;6000025;33770;33771;TUBARÃO;SC;TUBARÃO FILMES LTDA;24.971.903/0001-88
22/03/2021;22/03/2021 17:20:00;THE WIDOW;A VIÚVA DAS SOMBRAS;E2100005000000;ORIGINAL;SIM;RÚSSIA;5004251;GOIABEIRAS 4;1;6000018;1843;24765;CUIABÁ;MT;CINEMARK BRASIL S.A;00.779.721/0001-41
22/03/2021;22/03/2021 17:20:00;TOM & JERRY;TOM & JERRY - O FILME;E2000553800000;DUBLADO;NÃO;ESTADOS UNIDOS;5000205;KINOPLEX GRANDE RIO 2;13;6000037;1991;2424;SÃO JOÃO DE MERITI;RJ;EMPRESA CINEMAS SÃO LUIZ S/A;33.497.660/0001-89
22/03/2021;22/03/2021 17:20:00;TOM & JERRY;TOM & JERRY - O FILME;E2000553800000;DUBLADO;NÃO;ESTADOS UNIDOS;5000057;KINOPLEX IGUAÇU TOP SALA 02;15;6000037;1991;2387;NOVA IGUAÇU;RJ;EMPRESA CINEMAS SÃO LUIZ S/A;33.497.660/0001-89
22/03/2021;22/03/2021 17:20:00;TOM & JERRY;TOM & JERRY - O FILME;E2000553800000;DUBLADO;NÃO;ESTADOS UNIDOS;5005566;KINOPLEX NOVA IGUAÇU SALA 05;18;6000037;1991;33119;NOVA IGUAÇU;RJ;EMPRESA CINEMAS SÃO LUIZ S/A;33.497.660/0001-89
22/03/2021;22/03/2021 17:30:00;AMIGAS DE SORTE;;B1900594800000;ORIGINAL;NÃO;BRASIL;5005546;CINE COLOMBO RESENDE SALA 04;31;6000008;15833;33011;RESENDE;RJ;CINE A LTDA;10.894.937/0001-01
22/03/2021;22/03/2021 17:30:00;LUCICREIDE VAI PRA MARTE;;B1900421800000;DUBLADO;NÃO;BRASIL;5005092;CINÉPOLIS SÃO GONÇALO SHOPPING - SALA 1;4;6000024;17266;30088;SÃO GONÇALO;RJ;CINEPOLIS OPERADORA DE CINEMAS DO BRASIL LTDA;09.652.820/0001-32
22/03/2021;22/03/2021 17:30:00;LUCICREIDE VAI PRA MARTE;;B1900421800000;ORIGINAL;NÃO;BRASIL;5005567;KINOPLEX NOVA IGUAÇU SALA 06;2;6000037;1991;33119;NOVA IGUAÇU;RJ;EMPRESA CINEMAS SÃO LUIZ S/A;33.497.660/0001-89
22/03/2021;22/03/2021 17:30:00;MONSTER HUNTER;MONSTER HUNTER;E2000403800000;DUBLADO;NÃO;ESTADOS UNIDOS;5005723;CINEFLIX VALPARAISO SALA 06;4;6000014;24534;34628;VALPARAÍSO DE GOIÁS;GO;REDECINE BSB CINEMATOGRÁFICA LTDA;18.087.870/0001-05
22/03/2021;22/03/2021 17:30:00;MONSTER HUNTER;MONSTER HUNTER;E2000403800000;DUBLADO;NÃO;ESTADOS UNIDOS;5005200;CINÉPOLIS RIO POTY SALA 04-MACRO;8;6000024;17266;30352;TERESINA;PI;CINEPOLIS OPERADORA DE CINEMAS DO BRASIL LTDA;09.652.820/0001-32
22/03/2021;22/03/2021 17:30:00;MONSTER HUNTER;MONSTER HUNTER;E2000403800000;DUBLADO;NÃO;ESTADOS UNIDOS;5005969;PLANET NITEROI - SALA 02;2;6000048;25436;38804;NITERÓI;RJ;SRS PLANET CINEMAS LTDA;13.250.172/0001-65
22/03/2021;22/03/2021 17:30:00;RAYA AND THE LAST DRAGON;RAYA E O ÚLTIMO DRAGÃO;E2100035300000;DUBLADO;NÃO;ESTADOS UNIDOS;5005545;CINE COLOMBO RESENDE SALA 03;0;6000008;15833;33011;RESENDE;RJ;CINE A LTDA;10.894.937/0001-01
22/03/2021;22/03/2021 17:30:00;RAYA AND THE LAST DRAGON;RAYA E O ÚLTIMO DRAGÃO;E2100035300000;DUBLADO;NÃO;ESTADOS UNIDOS;5004879;CIRCUITO CINEMAS PBAS- SALA 01;0;6000028;15568;27873;PARAUAPEBAS;PA;CIRCUITO ENTRETENIMENTO E CINEMAS LTDA;08.068.712/0001-54
22/03/2021;22/03/2021 17:30:00;RAYA AND THE LAST DRAGON;RAYA E O ÚLTIMO DRAGÃO;E2100035300000;DUBLADO;NÃO;ESTADOS UNIDOS;5000208;KINOPLEX GRANDE RIO 5;13;6000037;1991;2424;SÃO JOÃO DE MERITI;RJ;EMPRESA CINEMAS SÃO LUIZ S/A;33.497.660/0001-89
22/03/2021;22/03/2021 17:30:00;RAYA AND THE LAST DRAGON;RAYA E O ÚLTIMO DRAGÃO;E2100035300000;DUBLADO;NÃO;ESTADOS UNIDOS;5000056;KINOPLEX IGUAÇU TOP SALA 01 - KINOEVOLUTION;41;6000037;1991;2387;NOVA IGUAÇU;RJ;EMPRESA CINEMAS SÃO LUIZ S/A;33.497.660/0001-89
22/03/2021;22/03/2021 17:30:00;RAYA AND THE LAST DRAGON;RAYA E O ÚLTIMO DRAGÃO;E2100035300000;DUBLADO;NÃO;ESTADOS UNIDOS;5005563;KINOPLEX NOVA IGUAÇU SALA 02 KINOEVOLUTION;26;6000037;1991;33119;NOVA IGUAÇU;RJ;EMPRESA CINEMAS SÃO LUIZ S/A;33.497.660/0001-89
22/03/2021;22/03/2021 17:30:00;THE WIDOW;A VIÚVA DAS SOMBRAS;E2100005000000;ORIGINAL;SIM;RÚSSIA;5006061;CENTERPLEX BOULEVARD 03;1;6000006;40317;40318;VITÓRIA DA CONQUISTA;BA;CINE ELI BAHIA CINEMAS LTDA - EM RECUPERACAO JUDICIAL;30.096.740/0001-34
22/03/2021;22/03/2021 17:30:00;TOM & JERRY;TOM & JERRY - O FILME;E2000553800000;DUBLADO;NÃO;ESTADOS UNIDOS;5004449;CINE NITEROI 8;2;6000018;1843;2543;NITERÓI;RJ;CINEMARK BRASIL S.A;00.779.721/0001-41
22/03/2021;22/03/2021 17:30:00;TOM & JERRY;TOM & JERRY - O FILME;E2000553800000;DUBLADO;NÃO;ESTADOS UNIDOS;5003653;SALA CINE GUEDES 02;6;;23266;23267;PATOS;PB;LILIANE ROCHA DE MEDEIROS GUEDES-ME;16.844.526/0001-98
22/03/2021;22/03/2021 17:30:00;WONDER WOMAN 1984;MULHER-MARAVILHA 1984;E2000170200000;DUBLADO;NÃO;CANADÁ;5004731;MULTIPLEX PARK LAGOS 3;0;6000002;3136;27345;CABO FRIO;RJ;MSA EMPRESA CINEMATOGRÁFICA LTDA;03.608.600/0001-25
22/03/2021;22/03/2021 17:40:00;HONEST THIEF;LEGADO EXPLOSIVO;E2000416200000;DUBLADO;NÃO;ESTADOS UNIDOS;5005725;KINOPLEX IGUAÇU TOP SALA 05;22;6000037;1991;2387;NOVA IGUAÇU;RJ;EMPRESA CINEMAS SÃO LUIZ S/A;33.497.660/0001-89
22/03/2021;22/03/2021 17:40:00;JUDAS AND THE BLACK MESSIAH;JUDAS E O MESSIAS NEGRO;E2100040400000;ORIGINAL;SIM;ESTADOS UNIDOS;5001638;CINE TERESINA 7;2;;2140;6595;TERESINA;PI;CINEMAS TERESINA LTDA;02.142.566/0001-83
22/03/2021;22/03/2021 17:40:00;LUCICREIDE VAI PRA MARTE;;B1900421800000;ORIGINAL;NÃO;BRASIL;5000489;CINE NITEROI 2;6;6000018;1843;2543;NITERÓI;RJ;CINEMARK BRASIL S.A;00.779.721/0001-41
22/03/2021;22/03/2021 17:40:00;LUCICREIDE VAI PRA MARTE;;B1900421800000;ORIGINAL;NÃO;BRASIL;5006293;CINEMARK SÃO GONÇALO 05;4;6000018;1843;42886;SÃO GONÇALO;RJ;CINEMARK BRASIL S.A;00.779.721/0001-41
22/03/2021;22/03/2021 17:40:00;MONSTER HUNTER;MONSTER HUNTER;E2000403800000;DUBLADO;NÃO;ESTADOS UNIDOS;5001091;CINE VOLTA REDONDA 02;4;6000025;2973;6743;VOLTA REDONDA;RJ;TATU FILMES LTDA;72.089.667/0001-13
22/03/2021;22/03/2021 17:40:00;MONSTER HUNTER;MONSTER HUNTER;E2000403800000;DUBLADO;NÃO;ESTADOS UNIDOS;5005637;CINESHOW TUBARÃO SALA 04;4;6000025;33770;33771;TUBARÃO;SC;TUBARÃO FILMES LTDA;24.971.903/0001-88
22/03/2021;22/03/2021 17:40:00;RAYA AND THE LAST DRAGON;RAYA E O ÚLTIMO DRAGÃO;E2100035300000;DUBLADO;NÃO;ESTADOS UNIDOS;5002566;CINE CATARATAS 3;9;;15565;15566;FOZ DO IGUAÇU;PR;CINE CATARATAS LTDA;09.010.219/0001-46
22/03/2021;22/03/2021 17:45:00;RAYA AND THE LAST DRAGON;RAYA E O ÚLTIMO DRAGÃO;E2100035300000;DUBLADO;NÃO;ESTADOS UNIDOS;5002386;MULTIPLEX CAXIAS SHOPPING 2;4;6000002;3136;14685;DUQUE DE CAXIAS;RJ;MSA EMPRESA CINEMATOGRÁFICA LTDA;03.608.600/0001-25
22/03/2021;22/03/2021 17:45:00;THE WIDOW;A VIÚVA DAS SOMBRAS;E2100005000000;DUBLADO;NÃO;RÚSSIA;5005395;CINE SHOW ANGRA DOS REIS - SALA 4;3;6000025;2973;20914;ANGRA DOS REIS;RJ;TATU FILMES LTDA;72.089.667/0001-13
22/03/2021;22/03/2021 17:45:00;TOM & JERRY;TOM & JERRY - O FILME;E2000553800000;DUBLADO;NÃO;ESTADOS UNIDOS;5002381;MULTIPLEX CAXIAS SHOPPING 4;14;6000002;3136;14685;DUQUE DE CAXIAS;RJ;MSA EMPRESA CINEMATOGRÁFICA LTDA;03.608.600/0001-25
22/03/2021;22/03/2021 17:50:00;HONEST THIEF;LEGADO EXPLOSIVO;E2000416200000;DUBLADO;NÃO;ESTADOS UNIDOS;5000207;KINOPLEX GRANDE RIO 4;20;6000037;1991;2424;SÃO JOÃO DE MERITI;RJ;EMPRESA CINEMAS SÃO LUIZ S/A;33.497.660/0001-89
22/03/2021;22/03/2021 17:50:00;HONEST THIEF;LEGADO EXPLOSIVO;E2000416200000;DUBLADO;NÃO;ESTADOS UNIDOS;5005564;KINOPLEX NOVA IGUAÇU SALA 03 PLATINUM;8;6000037;1991;33119;NOVA IGUAÇU;RJ;EMPRESA CINEMAS SÃO LUIZ S/A;33.497.660/0001-89
22/03/2021;22/03/2021 17:50:00;MONSTER HUNTER;MONSTER HUNTER;E2000403800000;ORIGINAL;SIM;ESTADOS UNIDOS;5005648;CINE TERESINA 5;3;;2140;6595;TERESINA;PI;CINEMAS TERESINA LTDA;02.142.566/0001-83
22/03/2021;22/03/2021 17:50:00;THE WIDOW;A VIÚVA DAS SOMBRAS;E2100005000000;ORIGINAL;SIM;RÚSSIA;5000494;CINE NITEROI 7;3;6000018;1843;2543;NITERÓI;RJ;CINEMARK BRASIL S.A;00.779.721/0001-41
22/03/2021;22/03/2021 17:50:00;THE WIDOW;A VIÚVA DAS SOMBRAS;E2100005000000;DUBLADO;NÃO;RÚSSIA;5005722;CINEFLIX VALPARAISO SALA 05;6;6000014;24534;34628;VALPARAÍSO DE GOIÁS;GO;REDECINE BSB CINEMATOGRÁFICA LTDA;18.087.870/0001-05
22/03/2021;22/03/2021 17:50:00;TOM & JERRY;TOM & JERRY - O FILME;E2000553800000;DUBLADO;NÃO;ESTADOS UNIDOS;5000193;BAY MARKET SALA 02;7;6000037;1991;2419;NITERÓI;RJ;EMPRESA CINEMAS SÃO LUIZ S/A;33.497.660/0001-89
22/03/2021;22/03/2021 18:00:00;LUCICREIDE VAI PRA MARTE;;B1900421800000;DUBLADO;NÃO;BRASIL;5005208;CINÉPOLIS RIO POTY SALA 12;6;6000024;17266;30352;TERESINA;PI;CINEPOLIS OPERADORA DE CINEMAS DO BRASIL LTDA;09.652.820/0001-32
22/03/2021;22/03/2021 18:00:00;LUCICREIDE VAI PRA MARTE;;B1900421800000;ORIGINAL;NÃO;BRASIL;5003374;JARDIM GUADALUPE 03;4;6000002;3136;20404;RIO DE JANEIRO;RJ;MSA EMPRESA CINEMATOGRÁFICA LTDA;03.608.600/0001-25
22/03/2021;22/03/2021 18:00:00;LUCICREIDE VAI PRA MARTE;;B1900421800000;ORIGINAL;NÃO;BRASIL;5002385;MULTIPLEX CAXIAS SHOPPING 5;4;6000002;3136;14685;DUQUE DE CAXIAS;RJ;MSA EMPRESA CINEMATOGRÁFICA LTDA;03.608.600/0001-25
22/03/2021;22/03/2021 18:00:00;MONSTER HUNTER;MONSTER HUNTER;E2000403800000;DUBLADO;NÃO;ESTADOS UNIDOS;5005562;KINOPLEX NOVA IGUAÇU SALA 01;9;6000037;1991;33119;NOVA IGUAÇU;RJ;EMPRESA CINEMAS SÃO LUIZ S/A;33.497.660/0001-89
22/03/2021;22/03/2021 18:00:00;MONSTER HUNTER;MONSTER HUNTER;E2000403800000;DUBLADO;NÃO;ESTADOS UNIDOS;5004730;MULTIPLEX PARK LAGOS 2;7;6000002;3136;27345;CABO FRIO;RJ;MSA EMPRESA CINEMATOGRÁFICA LTDA;03.608.600/0001-25
22/03/2021;22/03/2021 18:00:00;RAYA AND THE LAST DRAGON;RAYA E O ÚLTIMO DRAGÃO;E2100035300000;DUBLADO;NÃO;ESTADOS UNIDOS;5001636;CINE TERESINA 3;18;;2140;6595;TERESINA;PI;CINEMAS TERESINA LTDA;02.142.566/0001-83
22/03/2021;22/03/2021 18:00:00;RAYA AND THE LAST DRAGON;RAYA E O ÚLTIMO DRAGÃO;E2100035300000;DUBLADO;NÃO;ESTADOS UNIDOS;5006259;CIRCUITO PONTA PORA 03;0;6000028;15568;42557;PONTA PORÃ;MS;CIRCUITO ENTRETENIMENTO E CINEMAS LTDA;08.068.712/0001-54
22/03/2021;22/03/2021 18:00:00;RAYA AND THE LAST DRAGON;RAYA E O ÚLTIMO DRAGÃO;E2100035300000;DUBLADO;NÃO;ESTADOS UNIDOS;5003375;JARDIM GUADALUPE 04;7;6000002;3136;20404;RIO DE JANEIRO;RJ;MSA EMPRESA CINEMATOGRÁFICA LTDA;03.608.600/0001-25
22/03/2021;22/03/2021 18:00:00;RAYA AND THE LAST DRAGON;RAYA E O ÚLTIMO DRAGÃO;E2100035300000;DUBLADO;NÃO;ESTADOS UNIDOS;5004732;MULTIPLEX PARK LAGOS 4;14;6000002;3136;27345;CABO FRIO;RJ;MSA EMPRESA CINEMATOGRÁFICA LTDA;03.608.600/0001-25
22/03/2021;22/03/2021 18:00:00;RAYA AND THE LAST DRAGON;RAYA E O ÚLTIMO DRAGÃO;E2100035300000;DUBLADO;NÃO;ESTADOS UNIDOS;5006657;SALA CINE VIEIRA 01;15;;47551;47598;SÃO BENTO;PB;COSTA E VIEIRA EMPREENDIMENTOS LTDA;10.866.528/0001-00
22/03/2021;22/03/2021 18:00:00;THE WIDOW;A VIÚVA DAS SOMBRAS;E2100005000000;DUBLADO;NÃO;RÚSSIA;5001093;CINE VOLTA REDONDA 04;2;6000025;2973;6743;VOLTA REDONDA;RJ;TATU FILMES LTDA;72.089.667/0001-13
22/03/2021;22/03/2021 18:00:00;THE WIDOW;A VIÚVA DAS SOMBRAS;E2100005000000;DUBLADO;NÃO;RÚSSIA;5005638;CINESHOW TUBARÃO SALA 03;2;6000025;33770;33771;TUBARÃO;SC;TUBARÃO FILMES LTDA;24.971.903/0001-88
22/03/2021;22/03/2021 18:00:00;THE WIDOW;A VIÚVA DAS SOMBRAS;E2100005000000;DUBLADO;NÃO;RÚSSIA;5005205;CINÉPOLIS RIO POTY SALA 9;13;6000024;17266;30352;TERESINA;PI;CINEPOLIS OPERADORA DE CINEMAS DO BRASIL LTDA;09.652.820/0001-32
22/03/2021;22/03/2021 18:00:00;THE WIDOW;A VIÚVA DAS SOMBRAS;E2100005000000;DUBLADO;NÃO;RÚSSIA;5005095;CINÉPOLIS SÃO GONÇALO SHOPPING - SALA 4;8;6000024;17266;30088;SÃO GONÇALO;RJ;CINEPOLIS OPERADORA DE CINEMAS DO BRASIL LTDA;09.652.820/0001-32
22/03/2021;22/03/2021 18:00:00;THE WIDOW;A VIÚVA DAS SOMBRAS;E2100005000000;DUBLADO;NÃO;RÚSSIA;5003376;JARDIM GUADALUPE 05;6;6000002;3136;20404;RIO DE JANEIRO;RJ;MSA EMPRESA CINEMATOGRÁFICA LTDA;03.608.600/0001-25
22/03/2021;22/03/2021 18:00:00;THE WIDOW;A VIÚVA DAS SOMBRAS;E2100005000000;DUBLADO;NÃO;RÚSSIA;5006125;MULTIPLEX VOLTA REDONDA IV;2;6000002;3136;41384;VOLTA REDONDA;RJ;MSA EMPRESA CINEMATOGRÁFICA LTDA;03.608.600/0001-25
22/03/2021;22/03/2021 18:00:00;THE WIDOW;A VIÚVA DAS SOMBRAS;E2100005000000;DUBLADO;NÃO;RÚSSIA;5001662;ORIENT CINEPLACE BOULEVARD SHOPPING - SALA 3;6;6000046;2869;6630;FEIRA DE SANTANA;BA;FEIRA PLEXCINE LTDA.;04.547.950/0001-91
22/03/2021;22/03/2021 18:00:00;THE WITCHES;CONVENÇÃO DAS BRUXAS;E2000396100000;DUBLADO;NÃO;ESTADOS UNIDOS;5006642;PLAYARTE RORAIMA GARDEN SALA 01;0;6000049;39188;47248;BOA VISTA;RR;MULTIPLEX DO BRASIL ENTRETENIMENTO LTDA;27.595.833/0001-07
22/03/2021;22/03/2021 18:00:00;TOM & JERRY;TOM & JERRY - O FILME;E2000553800000;DUBLADO;NÃO;ESTADOS UNIDOS;5006057;CINE GRACHER JOAÇABA SALA 02;2;6000032;5979;40234;JOAÇABA;SC;CINE GRACHER LTDA;07.272.690/0001-87
22/03/2021;22/03/2021 18:00:00;TOM & JERRY;TOM & JERRY - O FILME;E2000553800000;DUBLADO;NÃO;ESTADOS UNIDOS;5006408;GRUPOCINE RIO DO SUL 02;0;6000034;44276;44286;RIO DO SUL;SC;EMPRESA CINEMATOGRAFICA BOMBOCINE LTDA;21.298.337/0001-05
22/03/2021;22/03/2021 18:00:00;TOM & JERRY;TOM & JERRY - O FILME;E2000553800000;DUBLADO;NÃO;ESTADOS UNIDOS;5003373;JARDIM GUADALUPE 02;2;6000002;3136;20404;RIO DE JANEIRO;RJ;MSA EMPRESA CINEMATOGRÁFICA LTDA;03.608.600/0001-25
22/03/2021;22/03/2021 18:10:00;FOLLOW ME;SEM SAÍDA;E2100006300000;DUBLADO;NÃO;ESTADOS UNIDOS;5000204;KINOPLEX GRANDE RIO 1;18;6000037;1991;2424;SÃO JOÃO DE MERITI;RJ;EMPRESA CINEMAS SÃO LUIZ S/A;33.497.660/0001-89
22/03/2021;22/03/2021 18:10:00;LUCICREIDE VAI PRA MARTE;;B1900421800000;ORIGINAL;NÃO;BRASIL;5000195;BAY MARKET SALA 04;4;6000037;1991;2419;NITERÓI;RJ;EMPRESA CINEMAS SÃO LUIZ S/A;33.497.660/0001-89
22/03/2021;22/03/2021 18:10:00;LUCICREIDE VAI PRA MARTE;;B1900421800000;ORIGINAL;NÃO;BRASIL;5001637;CINE TERESINA 6;2;;2140;6595;TERESINA;PI;CINEMAS TERESINA LTDA;02.142.566/0001-83
22/03/2021;22/03/2021 18:10:00;LUCICREIDE VAI PRA MARTE;;B1900421800000;ORIGINAL;NÃO;BRASIL;5000058;KINOPLEX IGUAÇU TOP SALA 03;7;6000037;1991;2387;NOVA IGUAÇU;RJ;EMPRESA CINEMAS SÃO LUIZ S/A;33.497.660/0001-89
22/03/2021;22/03/2021 18:10:00;MONSTER HUNTER;MONSTER HUNTER;E2000403800000;DUBLADO;NÃO;ESTADOS UNIDOS;5006258;CIRCUITO PONTA PORA 02;1;6000028;15568;42557;PONTA PORÃ;MS;CIRCUITO ENTRETENIMENTO E CINEMAS LTDA;08.068.712/0001-54
22/03/2021;22/03/2021 18:10:00;TOM & JERRY;TOM & JERRY - O FILME;E2000553800000;DUBLADO;NÃO;ESTADOS UNIDOS;5001635;CINE TERESINA 2;7;;2140;6595;TERESINA;PI;CINEMAS TERESINA LTDA;02.142.566/0001-83
22/03/2021;22/03/2021 18:15:00;MONSTER HUNTER;MONSTER HUNTER;E2000403800000;DUBLADO;NÃO;ESTADOS UNIDOS;5002382;MULTIPLEX CAXIAS SHOPPING 6;23;6000002;3136;14685;DUQUE DE CAXIAS;RJ;MSA EMPRESA CINEMATOGRÁFICA LTDA;03.608.600/0001-25
22/03/2021;22/03/2021 18:15:00;RAYA AND THE LAST DRAGON;RAYA E O ÚLTIMO DRAGÃO;E2100035300000;DUBLADO;NÃO;ESTADOS UNIDOS;5006056;CINE GRACHER JOAÇABA SALA 01;0;6000032;5979;40234;JOAÇABA;SC;CINE GRACHER LTDA;07.272.690/0001-87
22/03/2021;22/03/2021 18:15:00;RAYA AND THE LAST DRAGON;RAYA E O ÚLTIMO DRAGÃO;E2100035300000;DUBLADO;NÃO;ESTADOS UNIDOS;5006085;CINE GRACHER PORTO BELO SALA 03;0;6000032;5979;40771;PORTO BELO;SC;CINE GRACHER LTDA;07.272.690/0001-87
22/03/2021;22/03/2021 18:15:00;RAYA AND THE LAST DRAGON;RAYA E O ÚLTIMO DRAGÃO;E2100035300000;DUBLADO;NÃO;ESTADOS UNIDOS;5006113;CINE GRACHER SÃO BENTO 03;8;6000032;5979;41056;SÃO BENTO DO SUL;SC;CINE GRACHER LTDA;07.272.690/0001-87
22/03/2021;22/03/2021 18:20:00;FOLLOW ME;SEM SAÍDA;E2100006300000;DUBLADO;NÃO;ESTADOS UNIDOS;5006645;PLAYARTE RORAIMA GARDEN SALA 04;0;6000049;39188;47248;BOA VISTA;RR;MULTIPLEX DO BRASIL ENTRETENIMENTO LTDA;27.595.833/0001-07
22/03/2021;22/03/2021 18:20:00;MONSTER HUNTER;MONSTER HUNTER;E2000403800000;DUBLADO;NÃO;ESTADOS UNIDOS;5002565;CINE CATARATAS 2;4;;15565;15566;FOZ DO IGUAÇU;PR;CINE CATARATAS LTDA;09.010.219/0001-46
22/03/2021;22/03/2021 18:20:00;MONSTER HUNTER;MONSTER HUNTER;E2000403800000;DUBLADO;NÃO;ESTADOS UNIDOS;5006494;CINE INTER SANTA INES 02;1;6000140;44834;44835;SANTA INÊS;MA;CINEINTER EXIBICOES CINEMATOGRAFICAS LTDA;35.477.354/0001-06
22/03/2021;22/03/2021 18:20:00;THE WIDOW;A VIÚVA DAS SOMBRAS;E2100005000000;DUBLADO;NÃO;RÚSSIA;5001634;CINE TERESINA 1;4;;2140;6595;TERESINA;PI;CINEMAS TERESINA LTDA;02.142.566/0001-83
22/03/2021;22/03/2021 18:20:00;THE WIDOW;A VIÚVA DAS SOMBRAS;E2100005000000;DUBLADO;NÃO;RÚSSIA;5004880;CIRCUITO CINEMAS PBAS- SALA 02;0;6000028;15568;27873;PARAUAPEBAS;PA;CIRCUITO ENTRETENIMENTO E CINEMAS LTDA;08.068.712/0001-54
22/03/2021;22/03/2021 18:20:00;THE WIDOW;A VIÚVA DAS SOMBRAS;E2100005000000;DUBLADO;NÃO;RÚSSIA;5006257;CIRCUITO PONTA PORA 01;1;6000028;15568;42557;PONTA PORÃ;MS;CIRCUITO ENTRETENIMENTO E CINEMAS LTDA;08.068.712/0001-54
22/03/2021;22/03/2021 18:20:00;THE WIDOW;A VIÚVA DAS SOMBRAS;E2100005000000;DUBLADO;NÃO;RÚSSIA;5000209;KINOPLEX GRANDE RIO 6;25;6000037;1991;2424;SÃO JOÃO DE MERITI;RJ;EMPRESA CINEMAS SÃO LUIZ S/A;33.497.660/0001-89
22/03/2021;22/03/2021 18:20:00;THE WIDOW;A VIÚVA DAS SOMBRAS;E2100005000000;DUBLADO;NÃO;RÚSSIA;5005726;KINOPLEX IGUAÇU TOP SALA 06;43;6000037;1991;2387;NOVA IGUAÇU;RJ;EMPRESA CINEMAS SÃO LUIZ S/A;33.497.660/0001-89
22/03/2021;22/03/2021 18:20:00;THE WIDOW;A VIÚVA DAS SOMBRAS;E2100005000000;DUBLADO;NÃO;RÚSSIA;5005568;KINOPLEX NOVA IGUAÇU SALA 07;4;6000037;1991;33119;NOVA IGUAÇU;RJ;EMPRESA CINEMAS SÃO LUIZ S/A;33.497.660/0001-89
22/03/2021;22/03/2021 18:30:00;MONSTER HUNTER;MONSTER HUNTER;E2000403800000;DUBLADO;NÃO;ESTADOS UNIDOS;5006484;CINE + ARTE SOMBRIO 01;0;6000103;44714;44715;SOMBRIO;SC;CINE + ARTE SOMBRIO LTDA;35.505.937/0001-01
22/03/2021;22/03/2021 18:30:00;MONSTER HUNTER;MONSTER HUNTER;E2000403800000;DUBLADO;NÃO;ESTADOS UNIDOS;5006084;CINE GRACHER PORTO BELO SALA 02;0;6000032;5979;40771;PORTO BELO;SC;CINE GRACHER LTDA;07.272.690/0001-87
22/03/2021;22/03/2021 18:30:00;MONSTER HUNTER;MONSTER HUNTER;E2000403800000;DUBLADO;NÃO;ESTADOS UNIDOS;5005291;CINE GRACHER PORTO UNIÃO SALA 02;0;6000032;5979;30780;PORTO UNIÃO;SC;CINE GRACHER LTDA;07.272.690/0001-87
22/03/2021;22/03/2021 18:30:00;MONSTER HUNTER;MONSTER HUNTER;E2000403800000;DUBLADO;NÃO;ESTADOS UNIDOS;5006112;CINE GRACHER SÃO BENTO 02;6;6000032;5979;41056;SÃO BENTO DO SUL;SC;CINE GRACHER LTDA;07.272.690/0001-87
22/03/2021;22/03/2021 18:30:00;RAYA AND THE LAST DRAGON;RAYA E O ÚLTIMO DRAGÃO;E2100035300000;DUBLADO;NÃO;ESTADOS UNIDOS;5006244;CINE ALVORADA 01;0;;39721;42409;CORONEL FABRICIANO;MG;DB BOTELHO CINEMAS LTDA;29.315.197/0001-30
22/03/2021;22/03/2021 18:30:00;RAYA AND THE LAST DRAGON;RAYA E O ÚLTIMO DRAGÃO;E2100035300000;DUBLADO;NÃO;ESTADOS UNIDOS;5006000;CINE GRACHER INDAIAL - SALA 03;4;6000032;5979;39283;INDAIAL;SC;CINE GRACHER LTDA;07.272.690/0001-87
22/03/2021;22/03/2021 18:30:00;RAYA AND THE LAST DRAGON;RAYA E O ÚLTIMO DRAGÃO;E2100035300000;DUBLADO;NÃO;ESTADOS UNIDOS;5005026;MULTIPLEX PATIO RORAIMA - SALA 1;6;6000002;3136;29179;BOA VISTA;RR;MSA EMPRESA CINEMATOGRÁFICA LTDA;03.608.600/0001-25
22/03/2021;22/03/2021 18:30:00;RAYA AND THE LAST DRAGON;RAYA E O ÚLTIMO DRAGÃO;E2100035300000;DUBLADO;NÃO;ESTADOS UNIDOS;5006124;MULTIPLEX VOLTA REDONDA III;0;6000002;3136;41384;VOLTA REDONDA;RJ;MSA EMPRESA CINEMATOGRÁFICA LTDA;03.608.600/0001-25
22/03/2021;22/03/2021 18:30:00;THE WIDOW;A VIÚVA DAS SOMBRAS;E2100005000000;DUBLADO;NÃO;RÚSSIA;5006058;CINE GRACHER JOAÇABA SALA 03;0;6000032;5979;40234;JOAÇABA;SC;CINE GRACHER LTDA;07.272.690/0001-87
22/03/2021;22/03/2021 18:30:00;THE WIDOW;A VIÚVA DAS SOMBRAS;E2100005000000;DUBLADO;NÃO;RÚSSIA;5006086;CINE GRACHER PORTO BELO SALA 04;0;6000032;5979;40771;PORTO BELO;SC;CINE GRACHER LTDA;07.272.690/0001-87
22/03/2021;22/03/2021 18:30:00;THE WIDOW;A VIÚVA DAS SOMBRAS;E2100005000000;DUBLADO;NÃO;RÚSSIA;5006114;CINE GRACHER SÃO BENTO 04;0;6000032;5979;41056;SÃO BENTO DO SUL;SC;CINE GRACHER LTDA;07.272.690/0001-87
22/03/2021;22/03/2021 18:30:00;THE WIDOW;A VIÚVA DAS SOMBRAS;E2100005000000;DUBLADO;NÃO;RÚSSIA;5006407;GRUPOCINE RIO DO SUL 01;0;6000034;44276;44286;RIO DO SUL;SC;EMPRESA CINEMATOGRAFICA BOMBOCINE LTDA;21.298.337/0001-05
22/03/2021;22/03/2021 18:30:00;TOM & JERRY;TOM & JERRY - O FILME;E2000553800000;DUBLADO;NÃO;ESTADOS UNIDOS;5006083;CINE GRACHER PORTO BELO SALA 01;3;6000032;5979;40771;PORTO BELO;SC;CINE GRACHER LTDA;07.272.690/0001-87
22/03/2021;22/03/2021 18:30:00;TOM & JERRY;TOM & JERRY - O FILME;E2000553800000;DUBLADO;NÃO;ESTADOS UNIDOS;5006111;CINE GRACHER SÃO BENTO 01;7;6000032;5979;41056;SÃO BENTO DO SUL;SC;CINE GRACHER LTDA;07.272.690/0001-87
22/03/2021;22/03/2021 18:40:00;DEPOIS A LOUCA SOU EU;;B2000078000000;ORIGINAL;NÃO;BRASIL;5006490;CM CINEMAS BACAXA 1;0;6000016;44751;44760;SAQUAREMA;RJ;CRYK CINEMA BACAXA LTDA;35.282.350/0001-72
22/03/2021;22/03/2021 18:40:00;MONSTER HUNTER;MONSTER HUNTER;E2000403800000;DUBLADO;NÃO;ESTADOS UNIDOS;5001088;SALA CINE RESENDE 02;3;6000025;2977;6644;RESENDE;RJ;JUBARTE FILMES LTDA-ME;05.297.810/0001-75
22/03/2021;22/03/2021 18:45:00;MONSTER HUNTER;MONSTER HUNTER;E2000403800000;DUBLADO;NÃO;ESTADOS UNIDOS;5004502;CINE GRACHER ESPAÇO HAVAN 2;4;6000032;5979;26111;BRUSQUE;SC;CINE GRACHER LTDA;07.272.690/0001-87
22/03/2021;22/03/2021 18:45:00;MONSTER HUNTER;MONSTER HUNTER;E2000403800000;DUBLADO;NÃO;ESTADOS UNIDOS;5005999;CINE GRACHER INDAIAL - SALA 02;8;6000032;5979;39283;INDAIAL;SC;CINE GRACHER LTDA;07.272.690/0001-87
22/03/2021;22/03/2021 18:45:00;RAYA AND THE LAST DRAGON;RAYA E O ÚLTIMO DRAGÃO;E2100035300000;DUBLADO;NÃO;ESTADOS UNIDOS;5004504;CINE GRACHER ESPAÇO HAVAN 1;2;6000032;5979;26111;BRUSQUE;SC;CINE GRACHER LTDA;07.272.690/0001-87
22/03/2021;22/03/2021 18:45:00;RAYA AND THE LAST DRAGON;RAYA E O ÚLTIMO DRAGÃO;E2100035300000;DUBLADO;NÃO;ESTADOS UNIDOS;5001860;CINE GRACHER LTDA;3;6000032;5979;6687;BRUSQUE;SC;CINE GRACHER LTDA;07.272.690/0001-87
22/03/2021;22/03/2021 18:45:00;RAYA AND THE LAST DRAGON;RAYA E O ÚLTIMO DRAGÃO;E2100035300000;DUBLADO;NÃO;ESTADOS UNIDOS;5005290;CINE GRACHER PORTO UNIÃO SALA 01;2;6000032;5979;30780;PORTO UNIÃO;SC;CINE GRACHER LTDA;07.272.690/0001-87
22/03/2021;22/03/2021 18:45:00;RAYA AND THE LAST DRAGON;RAYA E O ÚLTIMO DRAGÃO;E2100035300000;DUBLADO;NÃO;ESTADOS UNIDOS;5002384;MULTIPLEX CAXIAS SHOPPING 3;3;6000002;3136;14685;DUQUE DE CAXIAS;RJ;MSA EMPRESA CINEMATOGRÁFICA LTDA;03.608.600/0001-25
22/03/2021;22/03/2021 18:45:00;WONDER WOMAN 1984;MULHER-MARAVILHA 1984;E2000170200000;DUBLADO;NÃO;CANADÁ;5006289;CINEMARK SÃO GONÇALO 01;11;6000018;1843;42886;SÃO GONÇALO;RJ;CINEMARK BRASIL S.A;00.779.721/0001-41
22/03/2021;22/03/2021 19:00:00;FOLLOW ME;SEM SAÍDA;E2100006300000;DUBLADO;NÃO;ESTADOS UNIDOS;5001862;CINE GRACHER LTDA;4;6000032;5979;6687;BRUSQUE;SC;CINE GRACHER LTDA;07.272.690/0001-87
22/03/2021;22/03/2021 19:00:00;MONSTER HUNTER;MONSTER HUNTER;E2000403800000;ORIGINAL;SIM;ESTADOS UNIDOS;5000492;CINE NITEROI 5;2;6000018;1843;2543;NITERÓI;RJ;CINEMARK BRASIL S.A;00.779.721/0001-41
22/03/2021;22/03/2021 19:00:00;MONSTER HUNTER;MONSTER HUNTER;E2000403800000;DUBLADO;NÃO;ESTADOS UNIDOS;5005028;MULTIPLEX PATIO RORAIMA - SALA 3;0;6000002;3136;29179;BOA VISTA;RR;MSA EMPRESA CINEMATOGRÁFICA LTDA;03.608.600/0001-25
22/03/2021;22/03/2021 19:00:00;RAYA AND THE LAST DRAGON;RAYA E O ÚLTIMO DRAGÃO;E2100035300000;DUBLADO;NÃO;ESTADOS UNIDOS;5000192;BAY MARKET SALA 01;0;6000037;1991;2419;NITERÓI;RJ;EMPRESA CINEMAS SÃO LUIZ S/A;33.497.660/0001-89
22/03/2021;22/03/2021 19:00:00;RAYA AND THE LAST DRAGON;RAYA E O ÚLTIMO DRAGÃO;E2100035300000;DUBLADO;NÃO;ESTADOS UNIDOS;5006138;SALA CINE GUEDES 03;0;;23266;23267;PATOS;PB;LILIANE ROCHA DE MEDEIROS GUEDES-ME;16.844.526/0001-98
22/03/2021;22/03/2021 19:00:00;THE WIDOW;A VIÚVA DAS SOMBRAS;E2100005000000;DUBLADO;NÃO;RÚSSIA;5004503;CINE GRACHER ESPAÇO HAVAN 3;2;6000032;5979;26111;BRUSQUE;SC;CINE GRACHER LTDA;07.272.690/0001-87
22/03/2021;22/03/2021 19:00:00;THE WIDOW;A VIÚVA DAS SOMBRAS;E2100005000000;DUBLADO;NÃO;RÚSSIA;5006001;CINE GRACHER INDAIAL - SALA 04;8;6000032;5979;39283;INDAIAL;SC;CINE GRACHER LTDA;07.272.690/0001-87
22/03/2021;22/03/2021 19:00:00;THE WIDOW;A VIÚVA DAS SOMBRAS;E2100005000000;DUBLADO;NÃO;RÚSSIA;5005292;CINE GRACHER PORTO UNIÃO SALA 03;0;6000032;5979;30780;PORTO UNIÃO;SC;CINE GRACHER LTDA;07.272.690/0001-87
22/03/2021;22/03/2021 19:00:00;THE WIDOW;A VIÚVA DAS SOMBRAS;E2100005000000;DUBLADO;NÃO;RÚSSIA;5003445;CINE SHOW BARRA DO PIRAÍ 01;3;6000025;2973;20984;BARRA DO PIRAÍ;RJ;TATU FILMES LTDA;72.089.667/0001-13
22/03/2021;22/03/2021 19:00:00;THE WIDOW;A VIÚVA DAS SOMBRAS;E2100005000000;DUBLADO;NÃO;RÚSSIA;5006643;PLAYARTE RORAIMA GARDEN SALA 02;0;6000049;39188;47248;BOA VISTA;RR;MULTIPLEX DO BRASIL ENTRETENIMENTO LTDA;27.595.833/0001-07
22/03/2021;22/03/2021 19:00:00;TOM & JERRY;TOM & JERRY - O FILME;E2000553800000;DUBLADO;NÃO;ESTADOS UNIDOS;5005998;CINE GRACHER INDAIAL - SALA 01;0;6000032;5979;39283;INDAIAL;SC;CINE GRACHER LTDA;07.272.690/0001-87
22/03/2021;22/03/2021 19:00:00;TOM & JERRY;TOM & JERRY - O FILME;E2000553800000;DUBLADO;NÃO;ESTADOS UNIDOS;5001861;CINE GRACHER LTDA;6;6000032;5979;6687;BRUSQUE;SC;CINE GRACHER LTDA;07.272.690/0001-87
22/03/2021;22/03/2021 19:00:00;TOM & JERRY;TOM & JERRY - O FILME;E2000553800000;DUBLADO;NÃO;ESTADOS UNIDOS;5001092;CINE VOLTA REDONDA 03;2;6000025;2973;6743;VOLTA REDONDA;RJ;TATU FILMES LTDA;72.089.667/0001-13
22/03/2021;22/03/2021 19:00:00;TOM & JERRY;TOM & JERRY - O FILME;E2000553800000;DUBLADO;NÃO;ESTADOS UNIDOS;5005640;CINESHOW TUBARÃO SALA 01;7;6000025;33770;33771;TUBARÃO;SC;TUBARÃO FILMES LTDA;24.971.903/0001-88
22/03/2021;22/03/2021 19:00:00;TOM & JERRY;TOM & JERRY - O FILME;E2000553800000;DUBLADO;NÃO;ESTADOS UNIDOS;5005030;MULTIPLEX PATIO RORAIMA - SALA 5;16;6000002;3136;29179;BOA VISTA;RR;MSA EMPRESA CINEMATOGRÁFICA LTDA;03.608.600/0001-25
22/03/2021;22/03/2021 19:00:00;TOM & JERRY;TOM & JERRY - O FILME;E2000553800000;DUBLADO;NÃO;ESTADOS UNIDOS;5006126;MULTIPLEX VOLTA REDONDA V;4;6000002;3136;41384;VOLTA REDONDA;RJ;MSA EMPRESA CINEMATOGRÁFICA LTDA;03.608.600/0001-25
22/03/2021;22/03/2021 19:00:00;TOM & JERRY;TOM & JERRY - O FILME;E2000553800000;DUBLADO;NÃO;ESTADOS UNIDOS;5001087;SALA CINE RESENDE 01;3;6000025;2977;6644;RESENDE;RJ;JUBARTE FILMES LTDA-ME;05.297.810/0001-75
22/03/2021;22/03/2021 19:00:00;WONDER WOMAN 1984;MULHER-MARAVILHA 1984;E2000170200000;DUBLADO;NÃO;CANADÁ;5000206;KINOPLEX GRANDE RIO 3;6;6000037;1991;2424;SÃO JOÃO DE MERITI;RJ;EMPRESA CINEMAS SÃO LUIZ S/A;33.497.660/0001-89
22/03/2021;22/03/2021 19:00:00;WONDER WOMAN 1984;MULHER-MARAVILHA 1984;E2000170200000;DUBLADO;NÃO;CANADÁ;5005724;KINOPLEX IGUAÇU TOP SALA 04;25;6000037;1991;2387;NOVA IGUAÇU;RJ;EMPRESA CINEMAS SÃO LUIZ S/A;33.497.660/0001-89
22/03/2021;22/03/2021 19:00:00;WONDER WOMAN 1984;MULHER-MARAVILHA 1984;E2000170200000;DUBLADO;NÃO;CANADÁ;5005565;KINOPLEX NOVA IGUAÇU SALA 04 PLATINUM;9;6000037;1991;33119;NOVA IGUAÇU;RJ;EMPRESA CINEMAS SÃO LUIZ S/A;33.497.660/0001-89
22/03/2021;22/03/2021 19:00:00;Z;AMIZADE MALDITA;E2000229400000;DUBLADO;NÃO;CANADÁ;5004729;MULTIPLEX PARK LAGOS 1;12;6000002;3136;27345;CABO FRIO;RJ;MSA EMPRESA CINEMATOGRÁFICA LTDA;03.608.600/0001-25
22/03/2021;22/03/2021 19:00:01;THE WIDOW;A VIÚVA DAS SOMBRAS;E2100005000000;DUBLADO;NÃO;RÚSSIA;5005543;CINE COLOMBO RESENDE SALA 01;2;6000008;15833;33011;RESENDE;RJ;CINE A LTDA;10.894.937/0001-01
22/03/2021;22/03/2021 19:05:01;RAYA AND THE LAST DRAGON;RAYA E O ÚLTIMO DRAGÃO;E2100035300000;DUBLADO;NÃO;ESTADOS UNIDOS;5006491;CM CINEMAS BACAXA 2;0;6000016;44751;44760;SAQUAREMA;RJ;CRYK CINEMA BACAXA LTDA;35.282.350/0001-72
22/03/2021;22/03/2021 19:10:00;TOM & JERRY;TOM & JERRY - O FILME;E2000553800000;DUBLADO;NÃO;ESTADOS UNIDOS;5006644;PLAYARTE RORAIMA GARDEN SALA 03;0;6000049;39188;47248;BOA VISTA;RR;MULTIPLEX DO BRASIL ENTRETENIMENTO LTDA;27.595.833/0001-07
22/03/2021;22/03/2021 19:15:00;MONSTER HUNTER;MONSTER HUNTER;E2000403800000;DUBLADO;NÃO;ESTADOS UNIDOS;5005546;CINE COLOMBO RESENDE SALA 04;0;6000008;15833;33011;RESENDE;RJ;CINE A LTDA;10.894.937/0001-01
22/03/2021;22/03/2021 19:15:00;THE WIDOW;A VIÚVA DAS SOMBRAS;E2100005000000;DUBLADO;NÃO;RÚSSIA;5005029;MULTIPLEX PATIO RORAIMA - SALA 4;2;6000002;3136;29179;BOA VISTA;RR;MSA EMPRESA CINEMATOGRÁFICA LTDA;03.608.600/0001-25
22/03/2021;22/03/2021 19:15:00;WONDER WOMAN 1984;MULHER-MARAVILHA 1984;E2000170200000;ORIGINAL;SIM;CANADÁ;5000491;CINE NITEROI 4;4;6000018;1843;2543;NITERÓI;RJ;CINEMARK BRASIL S.A;00.779.721/0001-41
22/03/2021;22/03/2021 19:15:00;WONDER WOMAN 1984;MULHER-MARAVILHA 1984;E2000170200000;DUBLADO;NÃO;CANADÁ;5005099;CINÉPOLIS SÃO GONÇALO SHOPPING - SALA 8;22;6000024;17266;30088;SÃO GONÇALO;RJ;CINEPOLIS OPERADORA DE CINEMAS DO BRASIL LTDA;09.652.820/0001-32
22/03/2021;22/03/2021 19:20:00;MONSTER HUNTER;MONSTER HUNTER;E2000403800000;DUBLADO;NÃO;ESTADOS UNIDOS;5003653;SALA CINE GUEDES 02;0;;23266;23267;PATOS;PB;LILIANE ROCHA DE MEDEIROS GUEDES-ME;16.844.526/0001-98
22/03/2021;22/03/2021 19:25:00;THE WIDOW;A VIÚVA DAS SOMBRAS;E2100005000000;DUBLADO;NÃO;RÚSSIA;5003652;SALA CINE GUEDES 01;5;;23266;23267;PATOS;PB;LILIANE ROCHA DE MEDEIROS GUEDES-ME;16.844.526/0001-98
22/03/2021;22/03/2021 19:30:00;DEPOIS A LOUCA SOU EU;;B2000078000000;ORIGINAL;NÃO;BRASIL;5000488;CINE NITEROI 1;0;6000018;1843;2543;NITERÓI;RJ;CINEMARK BRASIL S.A;00.779.721/0001-41
22/03/2021;22/03/2021 19:30:00;LUCICREIDE VAI PRA MARTE;;B1900421800000;ORIGINAL;NÃO;BRASIL;5005971;PLANET NITEROI - SALA 04;3;6000048;25436;38804;NITERÓI;RJ;SRS PLANET CINEMAS LTDA;13.250.172/0001-65
22/03/2021;22/03/2021 19:30:00;MONSTER HUNTER;MONSTER HUNTER;E2000403800000;DUBLADO;NÃO;ESTADOS UNIDOS;5006291;CINEMARK SÃO GONÇALO 03;9;6000018;1843;42886;SÃO GONÇALO;RJ;CINEMARK BRASIL S.A;00.779.721/0001-41
22/03/2021;22/03/2021 19:30:00;MONSTER HUNTER;MONSTER HUNTER;E2000403800000;DUBLADO;NÃO;ESTADOS UNIDOS;5004881;CIRCUITO CINEMAS PBAS- SALA 03;0;6000028;15568;27873;PARAUAPEBAS;PA;CIRCUITO ENTRETENIMENTO E CINEMAS LTDA;08.068.712/0001-54
22/03/2021;22/03/2021 19:30:00;RAYA AND THE LAST DRAGON;RAYA E O ÚLTIMO DRAGÃO;E2100035300000;DUBLADO;NÃO;ESTADOS UNIDOS;5006127;MULTIPLEX VOLTA REDONDA VI;5;6000002;3136;41384;VOLTA REDONDA;RJ;MSA EMPRESA CINEMATOGRÁFICA LTDA;03.608.600/0001-25
22/03/2021;22/03/2021 19:30:00;THE EMPTY MAN;O MENSAGEIRO DO ÚLTIMO DIA;E2000471300000;DUBLADO;NÃO;ESTADOS UNIDOS;5005567;KINOPLEX NOVA IGUAÇU SALA 06;9;6000037;1991;33119;NOVA IGUAÇU;RJ;EMPRESA CINEMAS SÃO LUIZ S/A;33.497.660/0001-89
22/03/2021;22/03/2021 19:30:00;TOM & JERRY;TOM & JERRY - O FILME;E2000553800000;DUBLADO;NÃO;ESTADOS UNIDOS;5005094;CINÉPOLIS SÃO GONÇALO SHOPPING - SALA 3;14;6000024;17266;30088;SÃO GONÇALO;RJ;CINEPOLIS OPERADORA DE CINEMAS DO BRASIL LTDA;09.652.820/0001-32
22/03/2021;22/03/2021 19:30:00;TOM & JERRY;TOM & JERRY - O FILME;E2000553800000;DUBLADO;NÃO;ESTADOS UNIDOS;5000205;KINOPLEX GRANDE RIO 2;28;6000037;1991;2424;SÃO JOÃO DE MERITI;RJ;EMPRESA CINEMAS SÃO LUIZ S/A;33.497.660/0001-89
22/03/2021;22/03/2021 19:40:00;JUDAS AND THE BLACK MESSIAH;JUDAS E O MESSIAS NEGRO;E2100040400000;ORIGINAL;SIM;ESTADOS UNIDOS;5000493;CINE NITEROI 6;3;6000018;1843;2543;NITERÓI;RJ;CINEMARK BRASIL S.A;00.779.721/0001-41
22/03/2021;22/03/2021 19:40:00;RAYA AND THE LAST DRAGON;RAYA E O ÚLTIMO DRAGÃO;E2100035300000;DUBLADO;NÃO;ESTADOS UNIDOS;5004912;CINE SHOW AGULHAS NEGRAS SALA 01;4;6000025;2977;28018;RESENDE;RJ;JUBARTE FILMES LTDA-ME;05.297.810/0001-75
22/03/2021;22/03/2021 19:40:00;RAYA AND THE LAST DRAGON;RAYA E O ÚLTIMO DRAGÃO;E2100035300000;DUBLADO;NÃO;ESTADOS UNIDOS;5001090;CINE VOLTA REDONDA 01;5;6000025;2973;6743;VOLTA REDONDA;RJ;TATU FILMES LTDA;72.089.667/0001-13
22/03/2021;22/03/2021 19:40:00;RAYA AND THE LAST DRAGON;RAYA E O ÚLTIMO DRAGÃO;E2100035300000;DUBLADO;NÃO;ESTADOS UNIDOS;5005639;CINESHOW TUBARÃO SALA 02;6;6000025;33770;33771;TUBARÃO;SC;TUBARÃO FILMES LTDA;24.971.903/0001-88
22/03/2021;22/03/2021 19:40:00;TOM & JERRY;TOM & JERRY - O FILME;E2000553800000;DUBLADO;NÃO;ESTADOS UNIDOS;5000057;KINOPLEX IGUAÇU TOP SALA 02;32;6000037;1991;2387;NOVA IGUAÇU;RJ;EMPRESA CINEMAS SÃO LUIZ S/A;33.497.660/0001-89
22/03/2021;22/03/2021 19:40:00;TOM & JERRY;TOM & JERRY - O FILME;E2000553800000;DUBLADO;NÃO;ESTADOS UNIDOS;5005566;KINOPLEX NOVA IGUAÇU SALA 05;13;6000037;1991;33119;NOVA IGUAÇU;RJ;EMPRESA CINEMAS SÃO LUIZ S/A;33.497.660/0001-89
22/03/2021;22/03/2021 19:45:00;RAYA AND THE LAST DRAGON;RAYA E O ÚLTIMO DRAGÃO;E2100035300000;DUBLADO;NÃO;ESTADOS UNIDOS;5006493;CINE INTER SANTA INES 01;11;6000140;44834;44835;SANTA INÊS;MA;CINEINTER EXIBICOES CINEMATOGRAFICAS LTDA;35.477.354/0001-06
22/03/2021;22/03/2021 19:45:00;THE WIDOW;A VIÚVA DAS SOMBRAS;E2100005000000;DUBLADO;NÃO;RÚSSIA;5005395;CINE SHOW ANGRA DOS REIS - SALA 4;4;6000025;2973;20914;ANGRA DOS REIS;RJ;TATU FILMES LTDA;72.089.667/0001-13
22/03/2021;22/03/2021 19:50:00;MONSTER HUNTER;MONSTER HUNTER;E2000403800000;DUBLADO;NÃO;ESTADOS UNIDOS;5003443;CINE SHOW ANGRA DOS REIS - SALA 2;2;6000025;2973;20914;ANGRA DOS REIS;RJ;TATU FILMES LTDA;72.089.667/0001-13
22/03/2021;22/03/2021 19:50:00;MONSTER HUNTER;MONSTER HUNTER;E2000403800000;DUBLADO;NÃO;ESTADOS UNIDOS;5001091;CINE VOLTA REDONDA 02;4;6000025;2973;6743;VOLTA REDONDA;RJ;TATU FILMES LTDA;72.089.667/0001-13
22/03/2021;22/03/2021 19:50:00;MONSTER HUNTER;MONSTER HUNTER;E2000403800000;DUBLADO;NÃO;ESTADOS UNIDOS;5005637;CINESHOW TUBARÃO SALA 04;6;6000025;33770;33771;TUBARÃO;SC;TUBARÃO FILMES LTDA;24.971.903/0001-88
22/03/2021;22/03/2021 20:00:00;LUCICREIDE VAI PRA MARTE;;B1900421800000;ORIGINAL;NÃO;BRASIL;5000489;CINE NITEROI 2;6;6000018;1843;2543;NITERÓI;RJ;CINEMARK BRASIL S.A;00.779.721/0001-41
22/03/2021;22/03/2021 20:00:00;MONSTER HUNTER;MONSTER HUNTER;E2000403800000;ORIGINAL;SIM;ESTADOS UNIDOS;5004449;CINE NITEROI 8;0;6000018;1843;2543;NITERÓI;RJ;CINEMARK BRASIL S.A;00.779.721/0001-41
22/03/2021;22/03/2021 20:00:00;MONSTER HUNTER;MONSTER HUNTER;E2000403800000;DUBLADO;NÃO;ESTADOS UNIDOS;5005092;CINÉPOLIS SÃO GONÇALO SHOPPING - SALA 1;13;6000024;17266;30088;SÃO GONÇALO;RJ;CINEPOLIS OPERADORA DE CINEMAS DO BRASIL LTDA;09.652.820/0001-32
22/03/2021;22/03/2021 20:00:00;MONSTER HUNTER;MONSTER HUNTER;E2000403800000;DUBLADO;NÃO;ESTADOS UNIDOS;5006408;GRUPOCINE RIO DO SUL 02;0;6000034;44276;44286;RIO DO SUL;SC;EMPRESA CINEMATOGRAFICA BOMBOCINE LTDA;21.298.337/0001-05
22/03/2021;22/03/2021 20:00:00;MONSTER HUNTER;MONSTER HUNTER;E2000403800000;DUBLADO;NÃO;ESTADOS UNIDOS;5003374;JARDIM GUADALUPE 03;1;6000002;3136;20404;RIO DE JANEIRO;RJ;MSA EMPRESA CINEMATOGRÁFICA LTDA;03.608.600/0001-25
22/03/2021;22/03/2021 20:00:00;MONSTER HUNTER;MONSTER HUNTER;E2000403800000;DUBLADO;NÃO;ESTADOS UNIDOS;5005725;KINOPLEX IGUAÇU TOP SALA 05;3;6000037;1991;2387;NOVA IGUAÇU;RJ;EMPRESA CINEMAS SÃO LUIZ S/A;33.497.660/0001-89
22/03/2021;22/03/2021 20:00:00;RAYA AND THE LAST DRAGON;RAYA E O ÚLTIMO DRAGÃO;E2100035300000;DUBLADO;NÃO;ESTADOS UNIDOS;5005545;CINE COLOMBO RESENDE SALA 03;0;6000008;15833;33011;RESENDE;RJ;CINE A LTDA;10.894.937/0001-01
22/03/2021;22/03/2021 20:00:00;RAYA AND THE LAST DRAGON;RAYA E O ÚLTIMO DRAGÃO;E2100035300000;DUBLADO;NÃO;ESTADOS UNIDOS;5004879;CIRCUITO CINEMAS PBAS- SALA 01;0;6000028;15568;27873;PARAUAPEBAS;PA;CIRCUITO ENTRETENIMENTO E CINEMAS LTDA;08.068.712/0001-54
22/03/2021;22/03/2021 20:00:00;RAYA AND THE LAST DRAGON;RAYA E O ÚLTIMO DRAGÃO;E2100035300000;DUBLADO;NÃO;ESTADOS UNIDOS;5000208;KINOPLEX GRANDE RIO 5;35;6000037;1991;2424;SÃO JOÃO DE MERITI;RJ;EMPRESA CINEMAS SÃO LUIZ S/A;33.497.660/0001-89
22/03/2021;22/03/2021 20:00:00;RAYA AND THE LAST DRAGON;RAYA E O ÚLTIMO DRAGÃO;E2100035300000;DUBLADO;NÃO;ESTADOS UNIDOS;5000056;KINOPLEX IGUAÇU TOP SALA 01 - KINOEVOLUTION;28;6000037;1991;2387;NOVA IGUAÇU;RJ;EMPRESA CINEMAS SÃO LUIZ S/A;33.497.660/0001-89
22/03/2021;22/03/2021 20:00:00;RAYA AND THE LAST DRAGON;RAYA E O ÚLTIMO DRAGÃO;E2100035300000;DUBLADO;NÃO;ESTADOS UNIDOS;5005563;KINOPLEX NOVA IGUAÇU SALA 02 KINOEVOLUTION;31;6000037;1991;33119;NOVA IGUAÇU;RJ;EMPRESA CINEMAS SÃO LUIZ S/A;33.497.660/0001-89
22/03/2021;22/03/2021 20:00:00;RAYA AND THE LAST DRAGON;RAYA E O ÚLTIMO DRAGÃO;E2100035300000;DUBLADO;NÃO;ESTADOS UNIDOS;5002386;MULTIPLEX CAXIAS SHOPPING 2;19;6000002;3136;14685;DUQUE DE CAXIAS;RJ;MSA EMPRESA CINEMATOGRÁFICA LTDA;03.608.600/0001-25
22/03/2021;22/03/2021 20:00:00;THE WIDOW;A VIÚVA DAS SOMBRAS;E2100005000000;DUBLADO;NÃO;RÚSSIA;5000193;BAY MARKET SALA 02;11;6000037;1991;2419;NITERÓI;RJ;EMPRESA CINEMAS SÃO LUIZ S/A;33.497.660/0001-89
22/03/2021;22/03/2021 20:00:00;THE WIDOW;A VIÚVA DAS SOMBRAS;E2100005000000;DUBLADO;NÃO;RÚSSIA;5004913;CINE SHOW AGULHAS NEGRAS SALA 02;7;6000025;2977;28018;RESENDE;RJ;JUBARTE FILMES LTDA-ME;05.297.810/0001-75
22/03/2021;22/03/2021 20:00:00;THE WIDOW;A VIÚVA DAS SOMBRAS;E2100005000000;DUBLADO;NÃO;RÚSSIA;5001093;CINE VOLTA REDONDA 04;10;6000025;2973;6743;VOLTA REDONDA;RJ;TATU FILMES LTDA;72.089.667/0001-13
22/03/2021;22/03/2021 20:00:00;THE WIDOW;A VIÚVA DAS SOMBRAS;E2100005000000;DUBLADO;NÃO;RÚSSIA;5006293;CINEMARK SÃO GONÇALO 05;8;6000018;1843;42886;SÃO GONÇALO;RJ;CINEMARK BRASIL S.A;00.779.721/0001-41
22/03/2021;22/03/2021 20:00:00;THE WIDOW;A VIÚVA DAS SOMBRAS;E2100005000000;DUBLADO;NÃO;RÚSSIA;5005638;CINESHOW TUBARÃO SALA 03;7;6000025;33770;33771;TUBARÃO;SC;TUBARÃO FILMES LTDA;24.971.903/0001-88
22/03/2021;22/03/2021 20:00:00;TOM & JERRY;TOM & JERRY - O FILME;E2000553800000;DUBLADO;NÃO;ESTADOS UNIDOS;5003373;JARDIM GUADALUPE 02;1;6000002;3136;20404;RIO DE JANEIRO;RJ;MSA EMPRESA CINEMATOGRÁFICA LTDA;03.608.600/0001-25
22/03/2021;22/03/2021 20:00:00;WIDOW, THE;A VIÚVA DAS SOMBRAS;E2100345600000;DUBLADO;NÃO;RÚSSIA;5005969;PLANET NITEROI - SALA 02;3;6000048;25436;38804;NITERÓI;RJ;SRS PLANET CINEMAS LTDA;13.250.172/0001-65
22/03/2021;22/03/2021 20:00:00;WONDER WOMAN 1984;MULHER-MARAVILHA 1984;E2000170200000;DUBLADO;NÃO;CANADÁ;5002381;MULTIPLEX CAXIAS SHOPPING 4;27;6000002;3136;14685;DUQUE DE CAXIAS;RJ;MSA EMPRESA CINEMATOGRÁFICA LTDA;03.608.600/0001-25
22/03/2021;22/03/2021 20:00:00;WONDER WOMAN 1984;MULHER-MARAVILHA 1984;E2000170200000;DUBLADO;NÃO;CANADÁ;5004730;MULTIPLEX PARK LAGOS 2;19;6000002;3136;27345;CABO FRIO;RJ;MSA EMPRESA CINEMATOGRÁFICA LTDA;03.608.600/0001-25
22/03/2021;22/03/2021 20:10:00;HONEST THIEF;LEGADO EXPLOSIVO;E2000416200000;DUBLADO;NÃO;ESTADOS UNIDOS;5000058;KINOPLEX IGUAÇU TOP SALA 03;14;6000037;1991;2387;NOVA IGUAÇU;RJ;EMPRESA CINEMAS SÃO LUIZ S/A;33.497.660/0001-89
22/03/2021;22/03/2021 20:10:00;HONEST THIEF;LEGADO EXPLOSIVO;E2000416200000;DUBLADO;NÃO;ESTADOS UNIDOS;5005564;KINOPLEX NOVA IGUAÇU SALA 03 PLATINUM;21;6000037;1991;33119;NOVA IGUAÇU;RJ;EMPRESA CINEMAS SÃO LUIZ S/A;33.497.660/0001-89
22/03/2021;22/03/2021 20:10:00;LUCICREIDE VAI PRA MARTE;;B1900421800000;ORIGINAL;NÃO;BRASIL;5000195;BAY MARKET SALA 04;2;6000037;1991;2419;NITERÓI;RJ;EMPRESA CINEMAS SÃO LUIZ S/A;33.497.660/0001-89
22/03/2021;22/03/2021 20:10:00;LUCICREIDE VAI PRA MARTE;;B1900421800000;ORIGINAL;NÃO;BRASIL;5000207;KINOPLEX GRANDE RIO 4;31;6000037;1991;2424;SÃO JOÃO DE MERITI;RJ;EMPRESA CINEMAS SÃO LUIZ S/A;33.497.660/0001-89
22/03/2021;22/03/2021 20:10:00;MONSTER HUNTER;MONSTER HUNTER;E2000403800000;DUBLADO;NÃO;ESTADOS UNIDOS;5000204;KINOPLEX GRANDE RIO 1;22;6000037;1991;2424;SÃO JOÃO DE MERITI;RJ;EMPRESA CINEMAS SÃO LUIZ S/A;33.497.660/0001-89
22/03/2021;22/03/2021 20:10:00;THE WIDOW;A VIÚVA DAS SOMBRAS;E2100005000000;DUBLADO;NÃO;RÚSSIA;5005095;CINÉPOLIS SÃO GONÇALO SHOPPING - SALA 4;18;6000024;17266;30088;SÃO GONÇALO;RJ;CINEPOLIS OPERADORA DE CINEMAS DO BRASIL LTDA;09.652.820/0001-32
22/03/2021;22/03/2021 20:15:00;MONSTER HUNTER;MONSTER HUNTER;E2000403800000;DUBLADO;NÃO;ESTADOS UNIDOS;5006657;SALA CINE VIEIRA 01;7;;47551;47598;SÃO BENTO;PB;COSTA E VIEIRA EMPREENDIMENTOS LTDA;10.866.528/0001-00
22/03/2021;22/03/2021 20:15:00;RAYA AND THE LAST DRAGON;RAYA E O ÚLTIMO DRAGÃO;E2100035300000;DUBLADO;NÃO;ESTADOS UNIDOS;5003375;JARDIM GUADALUPE 04;6;6000002;3136;20404;RIO DE JANEIRO;RJ;MSA EMPRESA CINEMATOGRÁFICA LTDA;03.608.600/0001-25
22/03/2021;22/03/2021 20:15:00;THE WIDOW;A VIÚVA DAS SOMBRAS;E2100005000000;DUBLADO;NÃO;RÚSSIA;5003376;JARDIM GUADALUPE 05;5;6000002;3136;20404;RIO DE JANEIRO;RJ;MSA EMPRESA CINEMATOGRÁFICA LTDA;03.608.600/0001-25
22/03/2021;22/03/2021 20:20:00;FOLLOW ME;SEM SAÍDA;E2100006300000;DUBLADO;NÃO;ESTADOS UNIDOS;5006407;GRUPOCINE RIO DO SUL 01;2;6000034;44276;44286;RIO DO SUL;SC;EMPRESA CINEMATOGRAFICA BOMBOCINE LTDA;21.298.337/0001-05
22/03/2021;22/03/2021 20:20:00;MONSTER HUNTER;MONSTER HUNTER;E2000403800000;DUBLADO;NÃO;ESTADOS UNIDOS;5005562;KINOPLEX NOVA IGUAÇU SALA 01;23;6000037;1991;33119;NOVA IGUAÇU;RJ;EMPRESA CINEMAS SÃO LUIZ S/A;33.497.660/0001-89
22/03/2021;22/03/2021 20:20:00;THE WIDOW;A VIÚVA DAS SOMBRAS;E2100005000000;DUBLADO;NÃO;RÚSSIA;5000209;KINOPLEX GRANDE RIO 6;45;6000037;1991;2424;SÃO JOÃO DE MERITI;RJ;EMPRESA CINEMAS SÃO LUIZ S/A;33.497.660/0001-89
22/03/2021;22/03/2021 20:20:00;THE WIDOW;A VIÚVA DAS SOMBRAS;E2100005000000;DUBLADO;NÃO;RÚSSIA;5005726;KINOPLEX IGUAÇU TOP SALA 06;25;6000037;1991;2387;NOVA IGUAÇU;RJ;EMPRESA CINEMAS SÃO LUIZ S/A;33.497.660/0001-89
22/03/2021;22/03/2021 20:20:00;THE WIDOW;A VIÚVA DAS SOMBRAS;E2100005000000;DUBLADO;NÃO;RÚSSIA;5005568;KINOPLEX NOVA IGUAÇU SALA 07;50;6000037;1991;33119;NOVA IGUAÇU;RJ;EMPRESA CINEMAS SÃO LUIZ S/A;33.497.660/0001-89
22/03/2021;22/03/2021 20:30:00;GREENLAND;DESTRUIÇÃO FINAL: O ÚLTIMO REFÚGIO;E2000418100000;DUBLADO;NÃO;ESTADOS UNIDOS;5004731;MULTIPLEX PARK LAGOS 3;12;6000002;3136;27345;CABO FRIO;RJ;MSA EMPRESA CINEMATOGRÁFICA LTDA;03.608.600/0001-25
22/03/2021;22/03/2021 20:30:00;LUCICREIDE VAI PRA MARTE;;B1900421800000;ORIGINAL;NÃO;BRASIL;5002385;MULTIPLEX CAXIAS SHOPPING 5;4;6000002;3136;14685;DUQUE DE CAXIAS;RJ;MSA EMPRESA CINEMATOGRÁFICA LTDA;03.608.600/0001-25
22/03/2021;22/03/2021 20:30:00;LUCICREIDE VAI PRA MARTE;;B1900421800000;ORIGINAL;NÃO;BRASIL;5006125;MULTIPLEX VOLTA REDONDA IV;9;6000002;3136;41384;VOLTA REDONDA;RJ;MSA EMPRESA CINEMATOGRÁFICA LTDA;03.608.600/0001-25
22/03/2021;22/03/2021 20:30:00;MONSTER HUNTER;MONSTER HUNTER;E2000403800000;DUBLADO;NÃO;ESTADOS UNIDOS;5005757;CINE SHOW BARRA MANSA SALA 02;3;6000025;2973;35083;BARRA MANSA;RJ;TATU FILMES LTDA;72.089.667/0001-13
22/03/2021;22/03/2021 20:30:00;MONSTER HUNTER;MONSTER HUNTER;E2000403800000;DUBLADO;NÃO;ESTADOS UNIDOS;5002382;MULTIPLEX CAXIAS SHOPPING 6;8;6000002;3136;14685;DUQUE DE CAXIAS;RJ;MSA EMPRESA CINEMATOGRÁFICA LTDA;03.608.600/0001-25
22/03/2021;22/03/2021 20:30:00;RAYA AND THE LAST DRAGON;RAYA E O ÚLTIMO DRAGÃO;E2100035300000;DUBLADO;NÃO;ESTADOS UNIDOS;5004732;MULTIPLEX PARK LAGOS 4;11;6000002;3136;27345;CABO FRIO;RJ;MSA EMPRESA CINEMATOGRÁFICA LTDA;03.608.600/0001-25
22/03/2021;22/03/2021 20:30:00;THE WIDOW;A VIÚVA DAS SOMBRAS;E2100005000000;DUBLADO;NÃO;RÚSSIA;5006484;CINE + ARTE SOMBRIO 01;3;6000103;44714;44715;SOMBRIO;SC;CINE + ARTE SOMBRIO LTDA;35.505.937/0001-01
22/03/2021;22/03/2021 20:30:00;THE WIDOW;A VIÚVA DAS SOMBRAS;E2100005000000;DUBLADO;NÃO;RÚSSIA;5006494;CINE INTER SANTA INES 02;0;6000140;44834;44835;SANTA INÊS;MA;CINEINTER EXIBICOES CINEMATOGRAFICAS LTDA;35.477.354/0001-06
22/03/2021;22/03/2021 20:30:00;THE WIDOW;A VIÚVA DAS SOMBRAS;E2100005000000;DUBLADO;NÃO;RÚSSIA;5004880;CIRCUITO CINEMAS PBAS- SALA 02;0;6000028;15568;27873;PARAUAPEBAS;PA;CIRCUITO ENTRETENIMENTO E CINEMAS LTDA;08.068.712/0001-54
22/03/2021;22/03/2021 20:45:00;FOLLOW ME;SEM SAÍDA;E2100006300000;DUBLADO;NÃO;ESTADOS UNIDOS;5006083;CINE GRACHER PORTO BELO SALA 01;4;6000032;5979;40771;PORTO BELO;SC;CINE GRACHER LTDA;07.272.690/0001-87
22/03/2021;22/03/2021 20:45:00;FOLLOW ME;SEM SAÍDA;E2100006300000;DUBLADO;NÃO;ESTADOS UNIDOS;5006111;CINE GRACHER SÃO BENTO 01;4;6000032;5979;41056;SÃO BENTO DO SUL;SC;CINE GRACHER LTDA;07.272.690/0001-87
22/03/2021;22/03/2021 20:45:00;MONSTER HUNTER;MONSTER HUNTER;E2000403800000;DUBLADO;NÃO;ESTADOS UNIDOS;5005543;CINE COLOMBO RESENDE SALA 01;0;6000008;15833;33011;RESENDE;RJ;CINE A LTDA;10.894.937/0001-01
22/03/2021;22/03/2021 20:45:00;MONSTER HUNTER;MONSTER HUNTER;E2000403800000;DUBLADO;NÃO;ESTADOS UNIDOS;5006084;CINE GRACHER PORTO BELO SALA 02;7;6000032;5979;40771;PORTO BELO;SC;CINE GRACHER LTDA;07.272.690/0001-87
22/03/2021;22/03/2021 20:45:00;MONSTER HUNTER;MONSTER HUNTER;E2000403800000;DUBLADO;NÃO;ESTADOS UNIDOS;5006112;CINE GRACHER SÃO BENTO 02;2;6000032;5979;41056;SÃO BENTO DO SUL;SC;CINE GRACHER LTDA;07.272.690/0001-87
22/03/2021;22/03/2021 20:45:00;MONSTER HUNTER;MONSTER HUNTER;E2000403800000;DUBLADO;NÃO;ESTADOS UNIDOS;5006124;MULTIPLEX VOLTA REDONDA III;2;6000002;3136;41384;VOLTA REDONDA;RJ;MSA EMPRESA CINEMATOGRÁFICA LTDA;03.608.600/0001-25
22/03/2021;22/03/2021 20:45:00;RAYA AND THE LAST DRAGON;RAYA E O ÚLTIMO DRAGÃO;E2100035300000;DUBLADO;NÃO;ESTADOS UNIDOS;5006085;CINE GRACHER PORTO BELO SALA 03;16;6000032;5979;40771;PORTO BELO;SC;CINE GRACHER LTDA;07.272.690/0001-87
22/03/2021;22/03/2021 20:45:00;RAYA AND THE LAST DRAGON;RAYA E O ÚLTIMO DRAGÃO;E2100035300000;DUBLADO;NÃO;ESTADOS UNIDOS;5006113;CINE GRACHER SÃO BENTO 03;6;6000032;5979;41056;SÃO BENTO DO SUL;SC;CINE GRACHER LTDA;07.272.690/0001-87
22/03/2021;22/03/2021 20:45:00;THE WIDOW;A VIÚVA DAS SOMBRAS;E2100005000000;DUBLADO;NÃO;RÚSSIA;5006086;CINE GRACHER PORTO BELO SALA 04;4;6000032;5979;40771;PORTO BELO;SC;CINE GRACHER LTDA;07.272.690/0001-87
22/03/2021;22/03/2021 20:45:00;THE WIDOW;A VIÚVA DAS SOMBRAS;E2100005000000;DUBLADO;NÃO;RÚSSIA;5006114;CINE GRACHER SÃO BENTO 04;2;6000032;5979;41056;SÃO BENTO DO SUL;SC;CINE GRACHER LTDA;07.272.690/0001-87
22/03/2021;22/03/2021 20:50:00;FOLLOW ME;SEM SAÍDA;E2100006300000;DUBLADO;NÃO;ESTADOS UNIDOS;5006057;CINE GRACHER JOAÇABA SALA 02;0;6000032;5979;40234;JOAÇABA;SC;CINE GRACHER LTDA;07.272.690/0001-87
22/03/2021;22/03/2021 20:50:00;MONSTER HUNTER;MONSTER HUNTER;E2000403800000;DUBLADO;NÃO;ESTADOS UNIDOS;5003446;CINE SHOW BARRA DO PIRAÍ 02;4;6000025;2973;20984;BARRA DO PIRAÍ;RJ;TATU FILMES LTDA;72.089.667/0001-13
22/03/2021;22/03/2021 20:50:00;MONSTER HUNTER;MONSTER HUNTER;E2000403800000;DUBLADO;NÃO;ESTADOS UNIDOS;5001088;SALA CINE RESENDE 02;4;6000025;2977;6644;RESENDE;RJ;JUBARTE FILMES LTDA-ME;05.297.810/0001-75
22/03/2021;22/03/2021 20:50:00;RAYA AND THE LAST DRAGON;RAYA E O ÚLTIMO DRAGÃO;E2100035300000;DUBLADO;NÃO;ESTADOS UNIDOS;5006056;CINE GRACHER JOAÇABA SALA 01;2;6000032;5979;40234;JOAÇABA;SC;CINE GRACHER LTDA;07.272.690/0001-87
22/03/2021;22/03/2021 20:50:00;THE WIDOW;A VIÚVA DAS SOMBRAS;E2100005000000;DUBLADO;NÃO;RÚSSIA;5006058;CINE GRACHER JOAÇABA SALA 03;2;6000032;5979;40234;JOAÇABA;SC;CINE GRACHER LTDA;07.272.690/0001-87
22/03/2021;22/03/2021 20:50:00;THE WIDOW;A VIÚVA DAS SOMBRAS;E2100005000000;DUBLADO;NÃO;RÚSSIA;5005756;CINE SHOW BARRA MANSA SALA 01;2;6000025;2973;35083;BARRA MANSA;RJ;TATU FILMES LTDA;72.089.667/0001-13
22/03/2021;22/03/2021 21:00:00;THE WIDOW;A VIÚVA DAS SOMBRAS;E2100005000000;DUBLADO;NÃO;RÚSSIA;5003445;CINE SHOW BARRA DO PIRAÍ 01;6;6000025;2973;20984;BARRA DO PIRAÍ;RJ;TATU FILMES LTDA;72.089.667/0001-13
22/03/2021;22/03/2021 21:00:00;THE WIDOW;A VIÚVA DAS SOMBRAS;E2100005000000;DUBLADO;NÃO;RÚSSIA;5002384;MULTIPLEX CAXIAS SHOPPING 3;24;6000002;3136;14685;DUQUE DE CAXIAS;RJ;MSA EMPRESA CINEMATOGRÁFICA LTDA;03.608.600/0001-25
22/03/2021;22/03/2021 21:00:00;THE WIDOW;A VIÚVA DAS SOMBRAS;E2100005000000;DUBLADO;NÃO;RÚSSIA;5004729;MULTIPLEX PARK LAGOS 1;17;6000002;3136;27345;CABO FRIO;RJ;MSA EMPRESA CINEMATOGRÁFICA LTDA;03.608.600/0001-25
22/03/2021;22/03/2021 21:00:00;THE WIDOW;A VIÚVA DAS SOMBRAS;E2100005000000;DUBLADO;NÃO;RÚSSIA;5006126;MULTIPLEX VOLTA REDONDA V;0;6000002;3136;41384;VOLTA REDONDA;RJ;MSA EMPRESA CINEMATOGRÁFICA LTDA;03.608.600/0001-25
22/03/2021;22/03/2021 21:00:00;TOM & JERRY;TOM & JERRY - O FILME;E2000553800000;DUBLADO;NÃO;ESTADOS UNIDOS;5004502;CINE GRACHER ESPAÇO HAVAN 2;1;6000032;5979;26111;BRUSQUE;SC;CINE GRACHER LTDA;07.272.690/0001-87
22/03/2021;22/03/2021 21:00:01;DEPOIS A LOUCA SOU EU;;B2000078000000;ORIGINAL;NÃO;BRASIL;5006490;CM CINEMAS BACAXA 1;0;6000016;44751;44760;SAQUAREMA;RJ;CRYK CINEMA BACAXA LTDA;35.282.350/0001-72
22/03/2021;22/03/2021 21:15:00;AMIGAS DE SORTE;;B1900594800000;ORIGINAL;NÃO;BRASIL;5005546;CINE COLOMBO RESENDE SALA 04;10;6000008;15833;33011;RESENDE;RJ;CINE A LTDA;10.894.937/0001-01
22/03/2021;22/03/2021 21:15:00;FOLLOW ME;SEM SAÍDA;E2100006300000;DUBLADO;NÃO;ESTADOS UNIDOS;5005998;CINE GRACHER INDAIAL - SALA 01;8;6000032;5979;39283;INDAIAL;SC;CINE GRACHER LTDA;07.272.690/0001-87
22/03/2021;22/03/2021 21:15:00;FOLLOW ME;SEM SAÍDA;E2100006300000;DUBLADO;NÃO;ESTADOS UNIDOS;5001862;CINE GRACHER LTDA;8;6000032;5979;6687;BRUSQUE;SC;CINE GRACHER LTDA;07.272.690/0001-87
22/03/2021;22/03/2021 21:15:00;FOLLOW ME;SEM SAÍDA;E2100006300000;DUBLADO;NÃO;ESTADOS UNIDOS;5005291;CINE GRACHER PORTO UNIÃO SALA 02;0;6000032;5979;30780;PORTO UNIÃO;SC;CINE GRACHER LTDA;07.272.690/0001-87
22/03/2021;22/03/2021 21:15:00;MONSTER HUNTER;MONSTER HUNTER;E2000403800000;DUBLADO;NÃO;ESTADOS UNIDOS;5005999;CINE GRACHER INDAIAL - SALA 02;0;6000032;5979;39283;INDAIAL;SC;CINE GRACHER LTDA;07.272.690/0001-87
22/03/2021;22/03/2021 21:15:00;MONSTER HUNTER;MONSTER HUNTER;E2000403800000;DUBLADO;NÃO;ESTADOS UNIDOS;5001860;CINE GRACHER LTDA;2;6000032;5979;6687;BRUSQUE;SC;CINE GRACHER LTDA;07.272.690/0001-87
22/03/2021;22/03/2021 21:15:00;RAYA AND THE LAST DRAGON;RAYA E O ÚLTIMO DRAGÃO;E2100035300000;DUBLADO;NÃO;ESTADOS UNIDOS;5004504;CINE GRACHER ESPAÇO HAVAN 1;2;6000032;5979;26111;BRUSQUE;SC;CINE GRACHER LTDA;07.272.690/0001-87
22/03/2021;22/03/2021 21:15:00;RAYA AND THE LAST DRAGON;RAYA E O ÚLTIMO DRAGÃO;E2100035300000;DUBLADO;NÃO;ESTADOS UNIDOS;5006000;CINE GRACHER INDAIAL - SALA 03;3;6000032;5979;39283;INDAIAL;SC;CINE GRACHER LTDA;07.272.690/0001-87
22/03/2021;22/03/2021 21:15:00;RAYA AND THE LAST DRAGON;RAYA E O ÚLTIMO DRAGÃO;E2100035300000;DUBLADO;NÃO;ESTADOS UNIDOS;5005290;CINE GRACHER PORTO UNIÃO SALA 01;0;6000032;5979;30780;PORTO UNIÃO;SC;CINE GRACHER LTDA;07.272.690/0001-87
22/03/2021;22/03/2021 21:15:00;THE WIDOW;A VIÚVA DAS SOMBRAS;E2100005000000;DUBLADO;NÃO;RÚSSIA;5004503;CINE GRACHER ESPAÇO HAVAN 3;4;6000032;5979;26111;BRUSQUE;SC;CINE GRACHER LTDA;07.272.690/0001-87
22/03/2021;22/03/2021 21:15:00;THE WIDOW;A VIÚVA DAS SOMBRAS;E2100005000000;DUBLADO;NÃO;RÚSSIA;5006001;CINE GRACHER INDAIAL - SALA 04;2;6000032;5979;39283;INDAIAL;SC;CINE GRACHER LTDA;07.272.690/0001-87
22/03/2021;22/03/2021 21:15:00;THE WIDOW;A VIÚVA DAS SOMBRAS;E2100005000000;DUBLADO;NÃO;RÚSSIA;5005292;CINE GRACHER PORTO UNIÃO SALA 03;7;6000032;5979;30780;PORTO UNIÃO;SC;CINE GRACHER LTDA;07.272.690/0001-87
22/03/2021;22/03/2021 21:15:00;TOM & JERRY;TOM & JERRY - O FILME;E2000553800000;DUBLADO;NÃO;ESTADOS UNIDOS;5001861;CINE GRACHER LTDA;0;6000032;5979;6687;BRUSQUE;SC;CINE GRACHER LTDA;07.272.690/0001-87
22/03/2021;22/03/2021 21:20:00;THE WIDOW;A VIÚVA DAS SOMBRAS;E2100005000000;DUBLADO;NÃO;RÚSSIA;5006491;CM CINEMAS BACAXA 2;0;6000016;44751;44760;SAQUAREMA;RJ;CRYK CINEMA BACAXA LTDA;35.282.350/0001-72
23/03/2021;23/03/2021 12:00:00;MONSTER HUNTER;MONSTER HUNTER;E2000403800000;DUBLADO;NÃO;ESTADOS UNIDOS;5004249;GOIABEIRAS 2;0;6000018;1843;24765;CUIABÁ;MT;CINEMARK BRASIL S.A;00.779.721/0001-41
23/03/2021;23/03/2021 12:00:00;TOM & JERRY;TOM & JERRY - O FILME;E2000553800000;DUBLADO;NÃO;ESTADOS UNIDOS;5004253;GOIABEIRAS 6;0;6000018;1843;24765;CUIABÁ;MT;CINEMARK BRASIL S.A;00.779.721/0001-41
23/03/2021;23/03/2021 12:40:00;THE WIDOW;A VIÚVA DAS SOMBRAS;E2100005000000;DUBLADO;NÃO;RÚSSIA;5004251;GOIABEIRAS 4;0;6000018;1843;24765;CUIABÁ;MT;CINEMARK BRASIL S.A;00.779.721/0001-41
23/03/2021;23/03/2021 13:00:00;LUCICREIDE VAI PRA MARTE;;B1900421800000;ORIGINAL;NÃO;BRASIL;5006293;CINEMARK SÃO GONÇALO 05;2;6000018;1843;42886;SÃO GONÇALO;RJ;CINEMARK BRASIL S.A;00.779.721/0001-41
23/03/2021;23/03/2021 13:00:00;RAYA AND THE LAST DRAGON;RAYA E O ÚLTIMO DRAGÃO;E2100035300000;DUBLADO;NÃO;ESTADOS UNIDOS;5006259;CIRCUITO PONTA PORA 03;0;6000028;15568;42557;PONTA PORÃ;MS;CIRCUITO ENTRETENIMENTO E CINEMAS LTDA;08.068.712/0001-54
23/03/2021;23/03/2021 13:00:00;TOM & JERRY;TOM & JERRY - O FILME;E2000553800000;DUBLADO;NÃO;ESTADOS UNIDOS;5002565;CINE CATARATAS 2;2;;15565;15566;FOZ DO IGUAÇU;PR;CINE CATARATAS LTDA;09.010.219/0001-46
23/03/2021;23/03/2021 13:00:00;TOM & JERRY;TOM & JERRY - O FILME;E2000553800000;DUBLADO;NÃO;ESTADOS UNIDOS;5004252;GOIABEIRAS 5;0;6000018;1843;24765;CUIABÁ;MT;CINEMARK BRASIL S.A;00.779.721/0001-41
23/03/2021;23/03/2021 13:20:00;MONSTER HUNTER;MONSTER HUNTER;E2000403800000;DUBLADO;NÃO;ESTADOS UNIDOS;5006258;CIRCUITO PONTA PORA 02;0;6000028;15568;42557;PONTA PORÃ;MS;CIRCUITO ENTRETENIMENTO E CINEMAS LTDA;08.068.712/0001-54
23/03/2021;23/03/2021 13:20:00;MONSTER HUNTER;MONSTER HUNTER;E2000403800000;DUBLADO;NÃO;ESTADOS UNIDOS;5004248;GOIABEIRAS 1;2;6000018;1843;24765;CUIABÁ;MT;CINEMARK BRASIL S.A;00.779.721/0001-41
23/03/2021;23/03/2021 13:20:00;RAYA AND THE LAST DRAGON;RAYA E O ÚLTIMO DRAGÃO;E2100035300000;DUBLADO;NÃO;ESTADOS UNIDOS;5002566;CINE CATARATAS 3;2;;15565;15566;FOZ DO IGUAÇU;PR;CINE CATARATAS LTDA;09.010.219/0001-46
23/03/2021;23/03/2021 13:40:00;TOM & JERRY;TOM & JERRY - O FILME;E2000553800000;DUBLADO;NÃO;ESTADOS UNIDOS;5006289;CINEMARK SÃO GONÇALO 01;0;6000018;1843;42886;SÃO GONÇALO;RJ;CINEMARK BRASIL S.A;00.779.721/0001-41
23/03/2021;23/03/2021 13:40:00;TOM & JERRY;TOM & JERRY - O FILME;E2000553800000;DUBLADO;NÃO;ESTADOS UNIDOS;5004250;GOIABEIRAS 3;0;6000018;1843;24765;CUIABÁ;MT;CINEMARK BRASIL S.A;00.779.721/0001-41
23/03/2021;23/03/2021 13:50:00;DEPOIS A LOUCA SOU EU;;B2000078000000;ORIGINAL;NÃO;BRASIL;5004254;GOIABEIRAS 7;0;6000018;1843;24765;CUIABÁ;MT;CINEMARK BRASIL S.A;00.779.721/0001-41
23/03/2021;23/03/2021 14:00:00;RAYA AND THE LAST DRAGON;RAYA E O ÚLTIMO DRAGÃO;E2100035300000;DUBLADO;NÃO;ESTADOS UNIDOS;5006657;SALA CINE VIEIRA 01;0;;47551;47598;SÃO BENTO;PB;COSTA E VIEIRA EMPREENDIMENTOS LTDA;10.866.528/0001-00
23/03/2021;23/03/2021 14:00:00;THE WIDOW;A VIÚVA DAS SOMBRAS;E2100005000000;DUBLADO;NÃO;RÚSSIA;5001634;CINE TERESINA 1;3;;2140;6595;TERESINA;PI;CINEMAS TERESINA LTDA;02.142.566/0001-83
23/03/2021;23/03/2021 14:00:00;THE WIDOW;A VIÚVA DAS SOMBRAS;E2100005000000;DUBLADO;NÃO;RÚSSIA;5006257;CIRCUITO PONTA PORA 01;1;6000028;15568;42557;PONTA PORÃ;MS;CIRCUITO ENTRETENIMENTO E CINEMAS LTDA;08.068.712/0001-54
23/03/2021;23/03/2021 14:00:00;TOM & JERRY;TOM & JERRY - O FILME;E2000553800000;DUBLADO;NÃO;ESTADOS UNIDOS;5006059;CENTERPLEX BOULEVARD 01;3;6000006;40317;40318;VITÓRIA DA CONQUISTA;BA;CINE ELI BAHIA CINEMAS LTDA - EM RECUPERACAO JUDICIAL;30.096.740/0001-34
23/03/2021;23/03/2021 14:00:00;TOM & JERRY;TOM & JERRY - O FILME;E2000553800000;DUBLADO;NÃO;ESTADOS UNIDOS;5006028;CINE A PARAISO;0;6000008;15833;39676;SÃO SEBASTIÃO DO PARAÍSO;MG;CINE A LTDA;10.894.937/0001-01
23/03/2021;23/03/2021 14:00:00;TOM & JERRY;TOM & JERRY - O FILME;E2000553800000;DUBLADO;NÃO;ESTADOS UNIDOS;5004880;CIRCUITO CINEMAS PBAS- SALA 02;0;6000028;15568;27873;PARAUAPEBAS;PA;CIRCUITO ENTRETENIMENTO E CINEMAS LTDA;08.068.712/0001-54
23/03/2021;23/03/2021 14:00:00;WONDER WOMAN 1984;MULHER-MARAVILHA 1984;E2000170200000;DUBLADO;NÃO;CANADÁ;5005647;CINE TERESINA 4;9;;2140;6595;TERESINA;PI;CINEMAS TERESINA LTDA;02.142.566/0001-83
23/03/2021;23/03/2021 14:10:00;RAYA AND THE LAST DRAGON;RAYA E O ÚLTIMO DRAGÃO;E2100035300000;DUBLADO;NÃO;ESTADOS UNIDOS;5005307;CINEFLIX VÁRZEA GRANDE SHOPPING - SALA 4;12;6000014;24534;31101;VÁRZEA GRANDE;MT;REDECINE BSB CINEMATOGRÁFICA LTDA;18.087.870/0001-05
23/03/2021;23/03/2021 14:30:00;MONSTER HUNTER;MONSTER HUNTER;E2000403800000;DUBLADO;NÃO;ESTADOS UNIDOS;5006062;CENTERPLEX BOULEVARD 04;2;6000006;40317;40318;VITÓRIA DA CONQUISTA;BA;CINE ELI BAHIA CINEMAS LTDA - EM RECUPERACAO JUDICIAL;30.096.740/0001-34
23/03/2021;23/03/2021 14:30:00;MONSTER HUNTER;MONSTER HUNTER;E2000403800000;DUBLADO;NÃO;ESTADOS UNIDOS;5005304;CINEFLIX VÁRZEA GRANDE SHOPPING - SALA 1;1;6000014;24534;31101;VÁRZEA GRANDE;MT;REDECINE BSB CINEMATOGRÁFICA LTDA;18.087.870/0001-05
23/03/2021;23/03/2021 14:30:00;MONSTER HUNTER;MONSTER HUNTER;E2000403800000;DUBLADO;NÃO;ESTADOS UNIDOS;5004881;CIRCUITO CINEMAS PBAS- SALA 03;0;6000028;15568;27873;PARAUAPEBAS;PA;CIRCUITO ENTRETENIMENTO E CINEMAS LTDA;08.068.712/0001-54
23/03/2021;23/03/2021 14:30:00;TOM & JERRY;TOM & JERRY - O FILME;E2000553800000;DUBLADO;NÃO;ESTADOS UNIDOS;5006291;CINEMARK SÃO GONÇALO 03;0;6000018;1843;42886;SÃO GONÇALO;RJ;CINEMARK BRASIL S.A;00.779.721/0001-41
23/03/2021;23/03/2021 14:30:00;TOM & JERRY;TOM & JERRY - O FILME;E2000553800000;DUBLADO;NÃO;ESTADOS UNIDOS;5005094;CINÉPOLIS SÃO GONÇALO SHOPPING - SALA 3;0;6000024;17266;30088;SÃO GONÇALO;RJ;CINEPOLIS OPERADORA DE CINEMAS DO BRASIL LTDA;09.652.820/0001-32
23/03/2021;23/03/2021 14:30:00;TOM & JERRY;TOM & JERRY - O FILME;E2000553800000;DUBLADO;NÃO;ESTADOS UNIDOS;5004253;GOIABEIRAS 6;2;6000018;1843;24765;CUIABÁ;MT;CINEMARK BRASIL S.A;00.779.721/0001-41
23/03/2021;23/03/2021 14:30:00;TOM & JERRY;TOM & JERRY - O FILME;E2000553800000;DUBLADO;NÃO;ESTADOS UNIDOS;5001963;KINOPLEX NOVA AMÉRICA SALA 07;0;6000037;1991;2426;RIO DE JANEIRO;RJ;EMPRESA CINEMAS SÃO LUIZ S/A;33.497.660/0001-89
23/03/2021;23/03/2021 14:35:00;MONSTER HUNTER;MONSTER HUNTER;E2000403800000;DUBLADO;NÃO;ESTADOS UNIDOS;5004249;GOIABEIRAS 2;0;6000018;1843;24765;CUIABÁ;MT;CINEMARK BRASIL S.A;00.779.721/0001-41
23/03/2021;23/03/2021 14:40:00;TOM & JERRY;TOM & JERRY - O FILME;E2000553800000;DUBLADO;NÃO;ESTADOS UNIDOS;5005305;CINEFLIX VÁRZEA GRANDE SHOPPING - SALA 2;0;6000014;24534;31101;VÁRZEA GRANDE;MT;REDECINE BSB CINEMATOGRÁFICA LTDA;18.087.870/0001-05
23/03/2021;23/03/2021 14:40:00;TOM & JERRY;TOM & JERRY - O FILME;E2000553800000;DUBLADO;NÃO;ESTADOS UNIDOS;5005640;CINESHOW TUBARÃO SALA 01;5;6000025;33770;33771;TUBARÃO;SC;TUBARÃO FILMES LTDA;24.971.903/0001-88
23/03/2021;23/03/2021 14:40:00;TOM & JERRY;TOM & JERRY - O FILME;E2000553800000;DUBLADO;NÃO;ESTADOS UNIDOS;5001958;KINOPLEX NOVA AMÉRICA SALA 02;7;6000037;1991;2426;RIO DE JANEIRO;RJ;EMPRESA CINEMAS SÃO LUIZ S/A;33.497.660/0001-89
23/03/2021;23/03/2021 14:40:00;TOM & JERRY;TOM & JERRY - O FILME;E2000553800000;DUBLADO;NÃO;ESTADOS UNIDOS;5002888;KINOPLEX WEST SHOPPING RIO 01;0;6000037;1991;17366;RIO DE JANEIRO;RJ;EMPRESA CINEMAS SÃO LUIZ S/A;33.497.660/0001-89
23/03/2021;23/03/2021 14:45:00;JUDAS AND THE BLACK MESSIAH;JUDAS E O MESSIAS NEGRO;E2100040400000;ORIGINAL;SIM;ESTADOS UNIDOS;5002176;KINOPLEX TIJUCA SALA 01;3;6000037;11751;13416;RIO DE JANEIRO;RJ;SR RIO DE JANEIRO CINEMAS S/A;08.262.566/0001-01
23/03/2021;23/03/2021 14:45:00;JUDAS AND THE BLACK MESSIAH;JUDAS E O MESSIAS NEGRO;E2100040400000;ORIGINAL;SIM;ESTADOS UNIDOS;5001932;SALA KINOPLEX LEBLON SALA 02;2;6000037;11751;11752;RIO DE JANEIRO;RJ;SR RIO DE JANEIRO CINEMAS S/A;08.262.566/0001-01
23/03/2021;23/03/2021 14:45:00;JUDAS AND THE BLACK MESSIAH;JUDAS E O MESSIAS NEGRO;E2100040400000;ORIGINAL;SIM;ESTADOS UNIDOS;5000075;SÃO LUIZ 1;7;6000037;1991;2392;RIO DE JANEIRO;RJ;EMPRESA CINEMAS SÃO LUIZ S/A;33.497.660/0001-89
23/03/2021;23/03/2021 14:45:00;TOM & JERRY;TOM & JERRY - O FILME;E2000553800000;DUBLADO;NÃO;ESTADOS UNIDOS;5006260;CIRCUITO PONTA PORA 04;0;6000028;15568;42557;PONTA PORÃ;MS;CIRCUITO ENTRETENIMENTO E CINEMAS LTDA;08.068.712/0001-54
23/03/2021;23/03/2021 14:50:00;LUCICREIDE VAI PRA MARTE;;B1900421800000;ORIGINAL;NÃO;BRASIL;5002889;KINOPLEX WEST SHOPPING RIO 04;5;6000037;1991;17366;RIO DE JANEIRO;RJ;EMPRESA CINEMAS SÃO LUIZ S/A;33.497.660/0001-89
23/03/2021;23/03/2021 15:00:00;DEPOIS A LOUCA SOU EU;;B2000078000000;DUBLADO;NÃO;BRASIL;5005206;CINÉPOLIS RIO POTY SALA 10;2;6000024;17266;30352;TERESINA;PI;CINEPOLIS OPERADORA DE CINEMAS DO BRASIL LTDA;09.652.820/0001-32
23/03/2021;23/03/2021 15:00:00;LUCICREIDE VAI PRA MARTE;;B1900421800000;ORIGINAL;NÃO;BRASIL;5006060;CENTERPLEX BOULEVARD 02;0;6000006;40317;40318;VITÓRIA DA CONQUISTA;BA;CINE ELI BAHIA CINEMAS LTDA - EM RECUPERACAO JUDICIAL;30.096.740/0001-34
23/03/2021;23/03/2021 15:00:00;MONSTER HUNTER;MONSTER HUNTER;E2000403800000;DUBLADO;NÃO;ESTADOS UNIDOS;5005092;CINÉPOLIS SÃO GONÇALO SHOPPING - SALA 1;7;6000024;17266;30088;SÃO GONÇALO;RJ;CINEPOLIS OPERADORA DE CINEMAS DO BRASIL LTDA;09.652.820/0001-32
23/03/2021;23/03/2021 15:00:00;MONSTER HUNTER;MONSTER HUNTER;E2000403800000;DUBLADO;NÃO;ESTADOS UNIDOS;5001281;MULTIPLEX PANTANAL SHOPPING VIII (STADIUM);0;6000002;3136;4399;CUIABÁ;MT;MSA EMPRESA CINEMATOGRÁFICA LTDA;03.608.600/0001-25
23/03/2021;23/03/2021 15:00:00;PORTUÑOL;;B2000115500000;DUBLADO;NÃO;BRASIL;5002565;CINE CATARATAS 2;1;;15565;15566;FOZ DO IGUAÇU;PR;CINE CATARATAS LTDA;09.010.219/0001-46
23/03/2021;23/03/2021 15:00:00;RAYA AND THE LAST DRAGON;RAYA E O ÚLTIMO DRAGÃO;E2100035300000;DUBLADO;NÃO;ESTADOS UNIDOS;5004879;CIRCUITO CINEMAS PBAS- SALA 01;0;6000028;15568;27873;PARAUAPEBAS;PA;CIRCUITO ENTRETENIMENTO E CINEMAS LTDA;08.068.712/0001-54
23/03/2021;23/03/2021 15:00:00;RAYA AND THE LAST DRAGON;RAYA E O ÚLTIMO DRAGÃO;E2100035300000;DUBLADO;NÃO;ESTADOS UNIDOS;5000210;IGUATEMI 1;10;6000037;1991;2425;RIO DE JANEIRO;RJ;EMPRESA CINEMAS SÃO LUIZ S/A;33.497.660/0001-89
23/03/2021;23/03/2021 15:00:00;RAYA AND THE LAST DRAGON;RAYA E O ÚLTIMO DRAGÃO;E2100035300000;DUBLADO;NÃO;ESTADOS UNIDOS;5001959;KINOPLEX NOVA AMÉRICA SALA 03;15;6000037;1991;2426;RIO DE JANEIRO;RJ;EMPRESA CINEMAS SÃO LUIZ S/A;33.497.660/0001-89
23/03/2021;23/03/2021 15:00:00;RAYA AND THE LAST DRAGON;RAYA E O ÚLTIMO DRAGÃO;E2100035300000;DUBLADO;NÃO;ESTADOS UNIDOS;5001962;KINOPLEX NOVA AMÉRICA SALA 06;0;6000037;1991;2426;RIO DE JANEIRO;RJ;EMPRESA CINEMAS SÃO LUIZ S/A;33.497.660/0001-89
23/03/2021;23/03/2021 15:00:00;RAYA AND THE LAST DRAGON;RAYA E O ÚLTIMO DRAGÃO;E2100035300000;DUBLADO;NÃO;ESTADOS UNIDOS;5000066;KINOPLEX RIO SUL - SALA KINOEVOLUTIUM 02;12;6000037;1991;2390;RIO DE JANEIRO;RJ;EMPRESA CINEMAS SÃO LUIZ S/A;33.497.660/0001-89
23/03/2021;23/03/2021 15:00:00;RAYA AND THE LAST DRAGON;RAYA E O ÚLTIMO DRAGÃO;E2100035300000;DUBLADO;NÃO;ESTADOS UNIDOS;5002180;KINOPLEX TIJUCA SALA 06;14;6000037;11751;13416;RIO DE JANEIRO;RJ;SR RIO DE JANEIRO CINEMAS S/A;08.262.566/0001-01
23/03/2021;23/03/2021 15:00:00;RAYA AND THE LAST DRAGON;RAYA E O ÚLTIMO DRAGÃO;E2100035300000;DUBLADO;NÃO;ESTADOS UNIDOS;5005018;KINOPLEX VIA PARQUE 4- KINOEVOLUTION;26;6000037;1991;13454;RIO DE JANEIRO;RJ;EMPRESA CINEMAS SÃO LUIZ S/A;33.497.660/0001-89
23/03/2021;23/03/2021 15:00:00;RAYA AND THE LAST DRAGON;RAYA E O ÚLTIMO DRAGÃO;E2100035300000;DUBLADO;NÃO;ESTADOS UNIDOS;5002891;KINOPLEX WEST SHOPPING RIO 02;49;6000037;1991;17366;RIO DE JANEIRO;RJ;EMPRESA CINEMAS SÃO LUIZ S/A;33.497.660/0001-89
23/03/2021;23/03/2021 15:00:00;RAYA AND THE LAST DRAGON;RAYA E O ÚLTIMO DRAGÃO;E2100035300000;DUBLADO;NÃO;ESTADOS UNIDOS;5001930;SALA KINOPLEX LEBLON SALA 01;0;6000037;11751;11752;RIO DE JANEIRO;RJ;SR RIO DE JANEIRO CINEMAS S/A;08.262.566/0001-01
23/03/2021;23/03/2021 15:00:00;RAYA AND THE LAST DRAGON;RAYA E O ÚLTIMO DRAGÃO;E2100035300000;DUBLADO;NÃO;ESTADOS UNIDOS;5000062;SALA KINOPLEX MADUREIRA 02;17;6000037;1991;2389;RIO DE JANEIRO;RJ;EMPRESA CINEMAS SÃO LUIZ S/A;33.497.660/0001-89
23/03/2021;23/03/2021 15:00:00;RAYA AND THE LAST DRAGON;RAYA E O ÚLTIMO DRAGÃO;E2100035300000;DUBLADO;NÃO;ESTADOS UNIDOS;5000077;SÃO LUIZ 3;3;6000037;1991;2392;RIO DE JANEIRO;RJ;EMPRESA CINEMAS SÃO LUIZ S/A;33.497.660/0001-89
23/03/2021;23/03/2021 15:00:00;THE WIDOW;A VIÚVA DAS SOMBRAS;E2100005000000;ORIGINAL;SIM;RÚSSIA;5004251;GOIABEIRAS 4;0;6000018;1843;24765;CUIABÁ;MT;CINEMARK BRASIL S.A;00.779.721/0001-41
23/03/2021;23/03/2021 15:00:00;THE WIDOW;A VIÚVA DAS SOMBRAS;E2100005000000;DUBLADO;NÃO;RÚSSIA;5001280;MULTIPLEX PANTANAL SHOPPING VII (STADIUM);5;6000002;3136;4399;CUIABÁ;MT;MSA EMPRESA CINEMATOGRÁFICA LTDA;03.608.600/0001-25
23/03/2021;23/03/2021 15:00:00;TOM & JERRY;TOM & JERRY - O FILME;E2000553800000;DUBLADO;NÃO;ESTADOS UNIDOS;5006644;PLAYARTE RORAIMA GARDEN SALA 03;3;6000049;39188;47248;BOA VISTA;RR;MULTIPLEX DO BRASIL ENTRETENIMENTO LTDA;27.595.833/0001-07
23/03/2021;23/03/2021 15:10:00;LUCICREIDE VAI PRA MARTE;;B1900421800000;ORIGINAL;NÃO;BRASIL;5000061;SALA KINOPLEX MADUREIRA 01;2;6000037;1991;2389;RIO DE JANEIRO;RJ;EMPRESA CINEMAS SÃO LUIZ S/A;33.497.660/0001-89
23/03/2021;23/03/2021 15:10:00;MONSTER HUNTER;MONSTER HUNTER;E2000403800000;DUBLADO;NÃO;ESTADOS UNIDOS;5002892;KINOPLEX WEST SHOPPING RIO 05;0;6000037;1991;17366;RIO DE JANEIRO;RJ;EMPRESA CINEMAS SÃO LUIZ S/A;33.497.660/0001-89
23/03/2021;23/03/2021 15:10:00;RAYA AND THE LAST DRAGON;RAYA E O ÚLTIMO DRAGÃO;E2100035300000;DUBLADO;NÃO;ESTADOS UNIDOS;5004300;SALA VILA RICA 1 3D;6;;14637;14638;PRIMAVERA DO LESTE;MT;MAURICIO JOSE NICOLINO & CIA LTDA;05.724.035/0001-97
23/03/2021;23/03/2021 15:10:00;THE WIDOW;A VIÚVA DAS SOMBRAS;E2100005000000;DUBLADO;NÃO;RÚSSIA;5001960;KINOPLEX NOVA AMÉRICA SALA 04;9;6000037;1991;2426;RIO DE JANEIRO;RJ;EMPRESA CINEMAS SÃO LUIZ S/A;33.497.660/0001-89
23/03/2021;23/03/2021 15:15:00;RAYA AND THE LAST DRAGON;RAYA E O ÚLTIMO DRAGÃO;E2100035300000;DUBLADO;NÃO;ESTADOS UNIDOS;5005545;CINE COLOMBO RESENDE SALA 03;2;6000008;15833;33011;RESENDE;RJ;CINE A LTDA;10.894.937/0001-01
23/03/2021;23/03/2021 15:15:00;TOM & JERRY;TOM & JERRY - O FILME;E2000553800000;DUBLADO;NÃO;ESTADOS UNIDOS;5006063;CENTERPLEX BOULEVARD 05;0;6000006;40317;40318;VITÓRIA DA CONQUISTA;BA;CINE ELI BAHIA CINEMAS LTDA - EM RECUPERACAO JUDICIAL;30.096.740/0001-34
23/03/2021;23/03/2021 15:15:00;TOM & JERRY;TOM & JERRY - O FILME;E2000553800000;DUBLADO;NÃO;ESTADOS UNIDOS;5006491;CM CINEMAS BACAXA 2;0;6000016;44751;44760;SAQUAREMA;RJ;CRYK CINEMA BACAXA LTDA;35.282.350/0001-72
23/03/2021;23/03/2021 15:20:00;HONEST THIEF;LEGADO EXPLOSIVO;E2000416200000;DUBLADO;NÃO;ESTADOS UNIDOS;5005725;KINOPLEX IGUAÇU TOP SALA 05;0;6000037;1991;2387;NOVA IGUAÇU;RJ;EMPRESA CINEMAS SÃO LUIZ S/A;33.497.660/0001-89
23/03/2021;23/03/2021 15:20:00;LUCICREIDE VAI PRA MARTE;;B1900421800000;ORIGINAL;NÃO;BRASIL;5000213;IGUATEMI 4;9;6000037;1991;2425;RIO DE JANEIRO;RJ;EMPRESA CINEMAS SÃO LUIZ S/A;33.497.660/0001-89
23/03/2021;23/03/2021 15:20:00;LUCICREIDE VAI PRA MARTE;;B1900421800000;ORIGINAL;NÃO;BRASIL;5001957;KINOPLEX NOVA AMÉRICA SALA 01;16;6000037;1991;2426;RIO DE JANEIRO;RJ;EMPRESA CINEMAS SÃO LUIZ S/A;33.497.660/0001-89
23/03/2021;23/03/2021 15:20:00;LUCICREIDE VAI PRA MARTE;;B1900421800000;ORIGINAL;NÃO;BRASIL;5002197;KINOPLEX VIA PARQUE 1;7;6000037;1991;13454;RIO DE JANEIRO;RJ;EMPRESA CINEMAS SÃO LUIZ S/A;33.497.660/0001-89
23/03/2021;23/03/2021 15:20:00;LUCICREIDE VAI PRA MARTE;;B1900421800000;ORIGINAL;NÃO;BRASIL;5001662;ORIENT CINEPLACE BOULEVARD SHOPPING - SALA 3;7;6000046;2869;6630;FEIRA DE SANTANA;BA;FEIRA PLEXCINE LTDA.;04.547.950/0001-91
23/03/2021;23/03/2021 15:20:00;MONSTER HUNTER;MONSTER HUNTER;E2000403800000;DUBLADO;NÃO;ESTADOS UNIDOS;5005648;CINE TERESINA 5;0;;2140;6595;TERESINA;PI;CINEMAS TERESINA LTDA;02.142.566/0001-83
23/03/2021;23/03/2021 15:20:00;RAYA AND THE LAST DRAGON;RAYA E O ÚLTIMO DRAGÃO;E2100035300000;DUBLADO;NÃO;ESTADOS UNIDOS;5001636;CINE TERESINA 3;5;;2140;6595;TERESINA;PI;CINEMAS TERESINA LTDA;02.142.566/0001-83
23/03/2021;23/03/2021 15:20:00;THE WIDOW;A VIÚVA DAS SOMBRAS;E2100005000000;DUBLADO;NÃO;RÚSSIA;5006293;CINEMARK SÃO GONÇALO 05;10;6000018;1843;42886;SÃO GONÇALO;RJ;CINEMARK BRASIL S.A;00.779.721/0001-41
23/03/2021;23/03/2021 15:20:00;THE WIDOW;A VIÚVA DAS SOMBRAS;E2100005000000;DUBLADO;NÃO;RÚSSIA;5001961;KINOPLEX NOVA AMÉRICA SALA 05;0;6000037;1991;2426;RIO DE JANEIRO;RJ;EMPRESA CINEMAS SÃO LUIZ S/A;33.497.660/0001-89
23/03/2021;23/03/2021 15:20:00;THE WIDOW;A VIÚVA DAS SOMBRAS;E2100005000000;DUBLADO;NÃO;RÚSSIA;5002890;KINOPLEX WEST SHOPPING RIO 03;17;6000037;1991;17366;RIO DE JANEIRO;RJ;EMPRESA CINEMAS SÃO LUIZ S/A;33.497.660/0001-89
23/03/2021;23/03/2021 15:30:00;DEPOIS A LOUCA SOU EU;;B2000078000000;ORIGINAL;NÃO;BRASIL;5001638;CINE TERESINA 7;0;;2140;6595;TERESINA;PI;CINEMAS TERESINA LTDA;02.142.566/0001-83
23/03/2021;23/03/2021 15:30:00;LUCICREIDE VAI PRA MARTE;;B1900421800000;ORIGINAL;NÃO;BRASIL;5003376;JARDIM GUADALUPE 05;0;6000002;3136;20404;RIO DE JANEIRO;RJ;MSA EMPRESA CINEMATOGRÁFICA LTDA;03.608.600/0001-25
23/03/2021;23/03/2021 15:30:00;MONSTER HUNTER;MONSTER HUNTER;E2000403800000;DUBLADO;NÃO;ESTADOS UNIDOS;5003443;CINE SHOW ANGRA DOS REIS - SALA 2;1;6000025;2973;20914;ANGRA DOS REIS;RJ;TATU FILMES LTDA;72.089.667/0001-13
23/03/2021;23/03/2021 15:30:00;MONSTER HUNTER;MONSTER HUNTER;E2000403800000;DUBLADO;NÃO;ESTADOS UNIDOS;5001091;CINE VOLTA REDONDA 02;8;6000025;2973;6743;VOLTA REDONDA;RJ;TATU FILMES LTDA;72.089.667/0001-13
23/03/2021;23/03/2021 15:30:00;MONSTER HUNTER;MONSTER HUNTER;E2000403800000;DUBLADO;NÃO;ESTADOS UNIDOS;5003374;JARDIM GUADALUPE 03;0;6000002;3136;20404;RIO DE JANEIRO;RJ;MSA EMPRESA CINEMATOGRÁFICA LTDA;03.608.600/0001-25
23/03/2021;23/03/2021 15:30:00;RAYA AND THE LAST DRAGON;RAYA E O ÚLTIMO DRAGÃO;E2100035300000;DUBLADO;NÃO;ESTADOS UNIDOS;5002566;CINE CATARATAS 3;2;;15565;15566;FOZ DO IGUAÇU;PR;CINE CATARATAS LTDA;09.010.219/0001-46
23/03/2021;23/03/2021 15:30:00;RAYA AND THE LAST DRAGON;RAYA E O ÚLTIMO DRAGÃO;E2100035300000;DUBLADO;NÃO;ESTADOS UNIDOS;5006000;CINE GRACHER INDAIAL - SALA 03;3;6000032;5979;39283;INDAIAL;SC;CINE GRACHER LTDA;07.272.690/0001-87
23/03/2021;23/03/2021 15:30:00;RAYA AND THE LAST DRAGON;RAYA E O ÚLTIMO DRAGÃO;E2100035300000;DUBLADO;NÃO;ESTADOS UNIDOS;5006056;CINE GRACHER JOAÇABA SALA 01;4;6000032;5979;40234;JOAÇABA;SC;CINE GRACHER LTDA;07.272.690/0001-87
23/03/2021;23/03/2021 15:30:00;RAYA AND THE LAST DRAGON;RAYA E O ÚLTIMO DRAGÃO;E2100035300000;DUBLADO;NÃO;ESTADOS UNIDOS;5006085;CINE GRACHER PORTO BELO SALA 03;3;6000032;5979;40771;PORTO BELO;SC;CINE GRACHER LTDA;07.272.690/0001-87
23/03/2021;23/03/2021 15:30:00;RAYA AND THE LAST DRAGON;RAYA E O ÚLTIMO DRAGÃO;E2100035300000;DUBLADO;NÃO;ESTADOS UNIDOS;5006113;CINE GRACHER SÃO BENTO 03;2;6000032;5979;41056;SÃO BENTO DO SUL;SC;CINE GRACHER LTDA;07.272.690/0001-87
23/03/2021;23/03/2021 15:30:00;RAYA AND THE LAST DRAGON;RAYA E O ÚLTIMO DRAGÃO;E2100035300000;DUBLADO;NÃO;ESTADOS UNIDOS;5006259;CIRCUITO PONTA PORA 03;0;6000028;15568;42557;PONTA PORÃ;MS;CIRCUITO ENTRETENIMENTO E CINEMAS LTDA;08.068.712/0001-54
23/03/2021;23/03/2021 15:30:00;RAYA AND THE LAST DRAGON;RAYA E O ÚLTIMO DRAGÃO;E2100035300000;DUBLADO;NÃO;ESTADOS UNIDOS;5003375;JARDIM GUADALUPE 04;0;6000002;3136;20404;RIO DE JANEIRO;RJ;MSA EMPRESA CINEMATOGRÁFICA LTDA;03.608.600/0001-25
23/03/2021;23/03/2021 15:30:00;RAYA AND THE LAST DRAGON;RAYA E O ÚLTIMO DRAGÃO;E2100035300000;DUBLADO;NÃO;ESTADOS UNIDOS;5005026;MULTIPLEX PATIO RORAIMA - SALA 1;6;6000002;3136;29179;BOA VISTA;RR;MSA EMPRESA CINEMATOGRÁFICA LTDA;03.608.600/0001-25
23/03/2021;23/03/2021 15:30:00;THE WIDOW;A VIÚVA DAS SOMBRAS;E2100005000000;DUBLADO;NÃO;RÚSSIA;5006061;CENTERPLEX BOULEVARD 03;2;6000006;40317;40318;VITÓRIA DA CONQUISTA;BA;CINE ELI BAHIA CINEMAS LTDA - EM RECUPERACAO JUDICIAL;30.096.740/0001-34
23/03/2021;23/03/2021 15:30:00;THE WIDOW;A VIÚVA DAS SOMBRAS;E2100005000000;DUBLADO;NÃO;RÚSSIA;5005095;CINÉPOLIS SÃO GONÇALO SHOPPING - SALA 4;6;6000024;17266;30088;SÃO GONÇALO;RJ;CINEPOLIS OPERADORA DE CINEMAS DO BRASIL LTDA;09.652.820/0001-32
23/03/2021;23/03/2021 15:30:00;THE WIDOW;A VIÚVA DAS SOMBRAS;E2100005000000;ORIGINAL;SIM;RÚSSIA;5005520;KINOPLEX RIO SUL - SALA PLATINUM 06;9;6000037;1991;2390;RIO DE JANEIRO;RJ;EMPRESA CINEMAS SÃO LUIZ S/A;33.497.660/0001-89
23/03/2021;23/03/2021 15:30:00;THE WIDOW;A VIÚVA DAS SOMBRAS;E2100005000000;DUBLADO;NÃO;RÚSSIA;5002175;KINOPLEX TIJUCA SALA 02;8;6000037;11751;13416;RIO DE JANEIRO;RJ;SR RIO DE JANEIRO CINEMAS S/A;08.262.566/0001-01
23/03/2021;23/03/2021 15:30:00;TOM & JERRY;TOM & JERRY - O FILME;E2000553800000;DUBLADO;NÃO;ESTADOS UNIDOS;5006057;CINE GRACHER JOAÇABA SALA 02;0;6000032;5979;40234;JOAÇABA;SC;CINE GRACHER LTDA;07.272.690/0001-87
23/03/2021;23/03/2021 15:30:00;TOM & JERRY;TOM & JERRY - O FILME;E2000553800000;DUBLADO;NÃO;ESTADOS UNIDOS;5005208;CINÉPOLIS RIO POTY SALA 12;2;6000024;17266;30352;TERESINA;PI;CINEPOLIS OPERADORA DE CINEMAS DO BRASIL LTDA;09.652.820/0001-32
23/03/2021;23/03/2021 15:30:00;TOM & JERRY;TOM & JERRY - O FILME;E2000553800000;DUBLADO;NÃO;ESTADOS UNIDOS;5003373;JARDIM GUADALUPE 02;0;6000002;3136;20404;RIO DE JANEIRO;RJ;MSA EMPRESA CINEMATOGRÁFICA LTDA;03.608.600/0001-25
23/03/2021;23/03/2021 15:30:00;TOM & JERRY;TOM & JERRY - O FILME;E2000553800000;DUBLADO;NÃO;ESTADOS UNIDOS;5002355;SALA VILA RICA 2 CONVENCIONAL;0;;14637;14638;PRIMAVERA DO LESTE;MT;MAURICIO JOSE NICOLINO & CIA LTDA;05.724.035/0001-97
23/03/2021;23/03/2021 15:40:00;THE WITCHES;CONVENÇÃO DAS BRUXAS;E2000396100000;DUBLADO;NÃO;ESTADOS UNIDOS;5006642;PLAYARTE RORAIMA GARDEN SALA 01;3;6000049;39188;47248;BOA VISTA;RR;MULTIPLEX DO BRASIL ENTRETENIMENTO LTDA;27.595.833/0001-07
23/03/2021;23/03/2021 15:40:00;TOM & JERRY;TOM & JERRY - O FILME;E2000553800000;DUBLADO;NÃO;ESTADOS UNIDOS;5001635;CINE TERESINA 2;23;;2140;6595;TERESINA;PI;CINEMAS TERESINA LTDA;02.142.566/0001-83
23/03/2021;23/03/2021 15:45:00;AMIGAS DE SORTE;;B1900594800000;ORIGINAL;NÃO;BRASIL;5005546;CINE COLOMBO RESENDE SALA 04;16;6000008;15833;33011;RESENDE;RJ;CINE A LTDA;10.894.937/0001-01
23/03/2021;23/03/2021 15:45:00;MONSTER HUNTER;MONSTER HUNTER;E2000403800000;DUBLADO;NÃO;ESTADOS UNIDOS;5006258;CIRCUITO PONTA PORA 02;1;6000028;15568;42557;PONTA PORÃ;MS;CIRCUITO ENTRETENIMENTO E CINEMAS LTDA;08.068.712/0001-54
23/03/2021;23/03/2021 15:45:00;TOM & JERRY;TOM & JERRY - O FILME;E2000553800000;DUBLADO;NÃO;ESTADOS UNIDOS;5004252;GOIABEIRAS 5;0;6000018;1843;24765;CUIABÁ;MT;CINEMARK BRASIL S.A;00.779.721/0001-41
23/03/2021;23/03/2021 15:45:00;TOM & JERRY;TOM & JERRY - O FILME;E2000553800000;DUBLADO;NÃO;ESTADOS UNIDOS;5002381;MULTIPLEX CAXIAS SHOPPING 4;20;6000002;3136;14685;DUQUE DE CAXIAS;RJ;MSA EMPRESA CINEMATOGRÁFICA LTDA;03.608.600/0001-25
23/03/2021;23/03/2021 15:50:00;LUCICREIDE VAI PRA MARTE;;B1900421800000;ORIGINAL;NÃO;BRASIL;5001637;CINE TERESINA 6;8;;2140;6595;TERESINA;PI;CINEMAS TERESINA LTDA;02.142.566/0001-83
23/03/2021;23/03/2021 15:50:00;WONDER WOMAN 1984;MULHER-MARAVILHA 1984;E2000170200000;DUBLADO;NÃO;CANADÁ;5006643;PLAYARTE RORAIMA GARDEN SALA 02;6;6000049;39188;47248;BOA VISTA;RR;MULTIPLEX DO BRASIL ENTRETENIMENTO LTDA;27.595.833/0001-07
23/03/2021;23/03/2021 16:00:00;MONSTER HUNTER;MONSTER HUNTER;E2000403800000;DUBLADO;NÃO;ESTADOS UNIDOS;5005999;CINE GRACHER INDAIAL - SALA 02;2;6000032;5979;39283;INDAIAL;SC;CINE GRACHER LTDA;07.272.690/0001-87
23/03/2021;23/03/2021 16:00:00;MONSTER HUNTER;MONSTER HUNTER;E2000403800000;DUBLADO;NÃO;ESTADOS UNIDOS;5001861;CINE GRACHER LTDA;0;6000032;5979;6687;BRUSQUE;SC;CINE GRACHER LTDA;07.272.690/0001-87
23/03/2021;23/03/2021 16:00:00;MONSTER HUNTER;MONSTER HUNTER;E2000403800000;DUBLADO;NÃO;ESTADOS UNIDOS;5006084;CINE GRACHER PORTO BELO SALA 02;0;6000032;5979;40771;PORTO BELO;SC;CINE GRACHER LTDA;07.272.690/0001-87
23/03/2021;23/03/2021 16:00:00;MONSTER HUNTER;MONSTER HUNTER;E2000403800000;DUBLADO;NÃO;ESTADOS UNIDOS;5006112;CINE GRACHER SÃO BENTO 02;0;6000032;5979;41056;SÃO BENTO DO SUL;SC;CINE GRACHER LTDA;07.272.690/0001-87
23/03/2021;23/03/2021 16:00:00;MONSTER HUNTER;MONSTER HUNTER;E2000403800000;DUBLADO;NÃO;ESTADOS UNIDOS;5004248;GOIABEIRAS 1;2;6000018;1843;24765;CUIABÁ;MT;CINEMARK BRASIL S.A;00.779.721/0001-41
23/03/2021;23/03/2021 16:00:00;MONSTER HUNTER;MONSTER HUNTER;E2000403800000;DUBLADO;NÃO;ESTADOS UNIDOS;5002382;MULTIPLEX CAXIAS SHOPPING 6;2;6000002;3136;14685;DUQUE DE CAXIAS;RJ;MSA EMPRESA CINEMATOGRÁFICA LTDA;03.608.600/0001-25
23/03/2021;23/03/2021 16:00:00;RAYA AND THE LAST DRAGON;RAYA E O ÚLTIMO DRAGÃO;E2100035300000;DUBLADO;NÃO;ESTADOS UNIDOS;5006028;CINE A PARAISO;0;6000008;15833;39676;SÃO SEBASTIÃO DO PARAÍSO;MG;CINE A LTDA;10.894.937/0001-01
23/03/2021;23/03/2021 16:00:00;RAYA AND THE LAST DRAGON;RAYA E O ÚLTIMO DRAGÃO;E2100035300000;DUBLADO;NÃO;ESTADOS UNIDOS;5004504;CINE GRACHER ESPAÇO HAVAN 1;0;6000032;5979;26111;BRUSQUE;SC;CINE GRACHER LTDA;07.272.690/0001-87
23/03/2021;23/03/2021 16:00:00;RAYA AND THE LAST DRAGON;RAYA E O ÚLTIMO DRAGÃO;E2100035300000;DUBLADO;NÃO;ESTADOS UNIDOS;5001860;CINE GRACHER LTDA;0;6000032;5979;6687;BRUSQUE;SC;CINE GRACHER LTDA;07.272.690/0001-87
23/03/2021;23/03/2021 16:00:00;RAYA AND THE LAST DRAGON;RAYA E O ÚLTIMO DRAGÃO;E2100035300000;DUBLADO;NÃO;ESTADOS UNIDOS;5005290;CINE GRACHER PORTO UNIÃO SALA 01;0;6000032;5979;30780;PORTO UNIÃO;SC;CINE GRACHER LTDA;07.272.690/0001-87
23/03/2021;23/03/2021 16:00:00;RAYA AND THE LAST DRAGON;RAYA E O ÚLTIMO DRAGÃO;E2100035300000;DUBLADO;NÃO;ESTADOS UNIDOS;5001279;MULTIPLEX PANTANAL SHOPPING VI (STADIUM);2;6000002;3136;4399;CUIABÁ;MT;MSA EMPRESA CINEMATOGRÁFICA LTDA;03.608.600/0001-25
23/03/2021;23/03/2021 16:00:00;RAYA AND THE LAST DRAGON;RAYA E O ÚLTIMO DRAGÃO;E2100035300000;DUBLADO;NÃO;ESTADOS UNIDOS;5005028;MULTIPLEX PATIO RORAIMA - SALA 3;2;6000002;3136;29179;BOA VISTA;RR;MSA EMPRESA CINEMATOGRÁFICA LTDA;03.608.600/0001-25
23/03/2021;23/03/2021 16:00:00;SPUTNIK;ESTRANHO PASSSAGEIRO - SPUTNIK;E2000513800000;DUBLADO;NÃO;RÚSSIA;5006645;PLAYARTE RORAIMA GARDEN SALA 04;0;6000049;39188;47248;BOA VISTA;RR;MULTIPLEX DO BRASIL ENTRETENIMENTO LTDA;27.595.833/0001-07
23/03/2021;23/03/2021 16:00:00;THE WIDOW;A VIÚVA DAS SOMBRAS;E2100005000000;DUBLADO;NÃO;RÚSSIA;5006058;CINE GRACHER JOAÇABA SALA 03;0;6000032;5979;40234;JOAÇABA;SC;CINE GRACHER LTDA;07.272.690/0001-87
23/03/2021;23/03/2021 16:00:00;THE WIDOW;A VIÚVA DAS SOMBRAS;E2100005000000;DUBLADO;NÃO;RÚSSIA;5006086;CINE GRACHER PORTO BELO SALA 04;5;6000032;5979;40771;PORTO BELO;SC;CINE GRACHER LTDA;07.272.690/0001-87
23/03/2021;23/03/2021 16:00:00;THE WIDOW;A VIÚVA DAS SOMBRAS;E2100005000000;DUBLADO;NÃO;RÚSSIA;5006114;CINE GRACHER SÃO BENTO 04;0;6000032;5979;41056;SÃO BENTO DO SUL;SC;CINE GRACHER LTDA;07.272.690/0001-87
23/03/2021;23/03/2021 16:00:00;THE WIDOW;A VIÚVA DAS SOMBRAS;E2100005000000;DUBLADO;NÃO;RÚSSIA;5004913;CINE SHOW AGULHAS NEGRAS SALA 02;2;6000025;2977;28018;RESENDE;RJ;JUBARTE FILMES LTDA-ME;05.297.810/0001-75
23/03/2021;23/03/2021 16:00:00;THE WIDOW;A VIÚVA DAS SOMBRAS;E2100005000000;DUBLADO;NÃO;RÚSSIA;5001093;CINE VOLTA REDONDA 04;3;6000025;2973;6743;VOLTA REDONDA;RJ;TATU FILMES LTDA;72.089.667/0001-13
23/03/2021;23/03/2021 16:00:00;THE WIDOW;A VIÚVA DAS SOMBRAS;E2100005000000;DUBLADO;NÃO;RÚSSIA;5005638;CINESHOW TUBARÃO SALA 03;5;6000025;33770;33771;TUBARÃO;SC;TUBARÃO FILMES LTDA;24.971.903/0001-88
23/03/2021;23/03/2021 16:00:00;THE WIDOW;A VIÚVA DAS SOMBRAS;E2100005000000;DUBLADO;NÃO;RÚSSIA;5002385;MULTIPLEX CAXIAS SHOPPING 5;17;6000002;3136;14685;DUQUE DE CAXIAS;RJ;MSA EMPRESA CINEMATOGRÁFICA LTDA;03.608.600/0001-25
23/03/2021;23/03/2021 16:00:00;TOM & JERRY;TOM & JERRY - O FILME;E2000553800000;DUBLADO;NÃO;ESTADOS UNIDOS;5004502;CINE GRACHER ESPAÇO HAVAN 2;5;6000032;5979;26111;BRUSQUE;SC;CINE GRACHER LTDA;07.272.690/0001-87
23/03/2021;23/03/2021 16:00:00;TOM & JERRY;TOM & JERRY - O FILME;E2000553800000;DUBLADO;NÃO;ESTADOS UNIDOS;5006083;CINE GRACHER PORTO BELO SALA 01;12;6000032;5979;40771;PORTO BELO;SC;CINE GRACHER LTDA;07.272.690/0001-87
23/03/2021;23/03/2021 16:00:00;TOM & JERRY;TOM & JERRY - O FILME;E2000553800000;DUBLADO;NÃO;ESTADOS UNIDOS;5005291;CINE GRACHER PORTO UNIÃO SALA 02;2;6000032;5979;30780;PORTO UNIÃO;SC;CINE GRACHER LTDA;07.272.690/0001-87
23/03/2021;23/03/2021 16:00:00;TOM & JERRY;TOM & JERRY - O FILME;E2000553800000;DUBLADO;NÃO;ESTADOS UNIDOS;5006111;CINE GRACHER SÃO BENTO 01;0;6000032;5979;41056;SÃO BENTO DO SUL;SC;CINE GRACHER LTDA;07.272.690/0001-87
23/03/2021;23/03/2021 16:00:00;TOM & JERRY;TOM & JERRY - O FILME;E2000553800000;DUBLADO;NÃO;ESTADOS UNIDOS;5005204;CINÉPOLIS RIO POTY SALA 8;6;6000024;17266;30352;TERESINA;PI;CINEPOLIS OPERADORA DE CINEMAS DO BRASIL LTDA;09.652.820/0001-32
23/03/2021;23/03/2021 16:00:00;WONDER WOMAN 1984;MULHER-MARAVILHA 1984;E2000170200000;DUBLADO;NÃO;CANADÁ;5001862;CINE GRACHER LTDA;0;6000032;5979;6687;BRUSQUE;SC;CINE GRACHER LTDA;07.272.690/0001-87
23/03/2021;23/03/2021 16:00:00;WONDER WOMAN 1984;MULHER-MARAVILHA 1984;E2000170200000;DUBLADO;NÃO;CANADÁ;5005099;CINÉPOLIS SÃO GONÇALO SHOPPING - SALA 8;4;6000024;17266;30088;SÃO GONÇALO;RJ;CINEPOLIS OPERADORA DE CINEMAS DO BRASIL LTDA;09.652.820/0001-32
23/03/2021;23/03/2021 16:00:01;WONDER WOMAN 1984;MULHER-MARAVILHA 1984;E2000170200000;DUBLADO;NÃO;CANADÁ;5005543;CINE COLOMBO RESENDE SALA 01;0;6000008;15833;33011;RESENDE;RJ;CINE A LTDA;10.894.937/0001-01
23/03/2021;23/03/2021 16:10:00;RED SHOES AND THE SEVEN DWARF;SAPATINHO VERMELHO E OS SETE ANÕES;E2000138100000;DUBLADO;NÃO;CORÉIA DO SUL;5006657;SALA CINE VIEIRA 01;0;;47551;47598;SÃO BENTO;PB;COSTA E VIEIRA EMPREENDIMENTOS LTDA;10.866.528/0001-00
23/03/2021;23/03/2021 16:10:00;THE WIDOW;A VIÚVA DAS SOMBRAS;E2100005000000;ORIGINAL;SIM;RÚSSIA;5001634;CINE TERESINA 1;0;;2140;6595;TERESINA;PI;CINEMAS TERESINA LTDA;02.142.566/0001-83
23/03/2021;23/03/2021 16:10:00;THE WIDOW;A VIÚVA DAS SOMBRAS;E2100005000000;DUBLADO;NÃO;RÚSSIA;5006257;CIRCUITO PONTA PORA 01;0;6000028;15568;42557;PONTA PORÃ;MS;CIRCUITO ENTRETENIMENTO E CINEMAS LTDA;08.068.712/0001-54
23/03/2021;23/03/2021 16:10:00;TOM & JERRY;TOM & JERRY - O FILME;E2000553800000;DUBLADO;NÃO;ESTADOS UNIDOS;5006289;CINEMARK SÃO GONÇALO 01;4;6000018;1843;42886;SÃO GONÇALO;RJ;CINEMARK BRASIL S.A;00.779.721/0001-41
23/03/2021;23/03/2021 16:15:00;RAYA AND THE LAST DRAGON;RAYA E O ÚLTIMO DRAGÃO;E2100035300000;DUBLADO;NÃO;ESTADOS UNIDOS;5002384;MULTIPLEX CAXIAS SHOPPING 3;9;6000002;3136;14685;DUQUE DE CAXIAS;RJ;MSA EMPRESA CINEMATOGRÁFICA LTDA;03.608.600/0001-25
23/03/2021;23/03/2021 16:15:00;THE WIDOW;A VIÚVA DAS SOMBRAS;E2100005000000;DUBLADO;NÃO;RÚSSIA;5004880;CIRCUITO CINEMAS PBAS- SALA 02;0;6000028;15568;27873;PARAUAPEBAS;PA;CIRCUITO ENTRETENIMENTO E CINEMAS LTDA;08.068.712/0001-54
23/03/2021;23/03/2021 16:15:00;THE WIDOW;A VIÚVA DAS SOMBRAS;E2100005000000;DUBLADO;NÃO;RÚSSIA;5004254;GOIABEIRAS 7;0;6000018;1843;24765;CUIABÁ;MT;CINEMARK BRASIL S.A;00.779.721/0001-41
23/03/2021;23/03/2021 16:15:00;WONDER WOMAN 1984;MULHER-MARAVILHA 1984;E2000170200000;DUBLADO;NÃO;CANADÁ;5004250;GOIABEIRAS 3;1;6000018;1843;24765;CUIABÁ;MT;CINEMARK BRASIL S.A;00.779.721/0001-41
23/03/2021;23/03/2021 16:20:00;MONSTER HUNTER;MONSTER HUNTER;E2000403800000;DUBLADO;NÃO;ESTADOS UNIDOS;5002565;CINE CATARATAS 2;4;;15565;15566;FOZ DO IGUAÇU;PR;CINE CATARATAS LTDA;09.010.219/0001-46
23/03/2021;23/03/2021 16:25:00;RAYA AND THE LAST DRAGON;RAYA E O ÚLTIMO DRAGÃO;E2100035300000;DUBLADO;NÃO;ESTADOS UNIDOS;5006490;CM CINEMAS BACAXA 1;0;6000016;44751;44760;SAQUAREMA;RJ;CRYK CINEMA BACAXA LTDA;35.282.350/0001-72
23/03/2021;23/03/2021 16:30:00;GREENLAND;DESTRUIÇÃO FINAL: O ÚLTIMO REFÚGIO;E2000418100000;DUBLADO;NÃO;ESTADOS UNIDOS;5004729;MULTIPLEX PARK LAGOS 1;2;6000002;3136;27345;CABO FRIO;RJ;MSA EMPRESA CINEMATOGRÁFICA LTDA;03.608.600/0001-25
23/03/2021;23/03/2021 16:30:00;JUDAS AND THE BLACK MESSIAH;JUDAS E O MESSIAS NEGRO;E2100040400000;ORIGINAL;SIM;ESTADOS UNIDOS;5005199;CINÉPOLIS RIO POTY SALA 03-VIP;0;6000024;17266;30352;TERESINA;PI;CINEPOLIS OPERADORA DE CINEMAS DO BRASIL LTDA;09.652.820/0001-32
23/03/2021;23/03/2021 16:30:00;MONSTER HUNTER;MONSTER HUNTER;E2000403800000;DUBLADO;NÃO;ESTADOS UNIDOS;5001088;SALA CINE RESENDE 02;2;6000025;2977;6644;RESENDE;RJ;JUBARTE FILMES LTDA-ME;05.297.810/0001-75
23/03/2021;23/03/2021 16:30:00;RAYA AND THE LAST DRAGON;RAYA E O ÚLTIMO DRAGÃO;E2100035300000;DUBLADO;NÃO;ESTADOS UNIDOS;5000192;BAY MARKET SALA 01;0;6000037;1991;2419;NITERÓI;RJ;EMPRESA CINEMAS SÃO LUIZ S/A;33.497.660/0001-89
23/03/2021;23/03/2021 16:30:00;RAYA AND THE LAST DRAGON;RAYA E O ÚLTIMO DRAGÃO;E2100035300000;DUBLADO;NÃO;ESTADOS UNIDOS;5001278;MULTIPLEX PANTANAL SHOPPING V (STADIUM);6;6000002;3136;4399;CUIABÁ;MT;MSA EMPRESA CINEMATOGRÁFICA LTDA;03.608.600/0001-25
23/03/2021;23/03/2021 16:30:00;THE WIDOW;A VIÚVA DAS SOMBRAS;E2100005000000;DUBLADO;NÃO;RÚSSIA;5004503;CINE GRACHER ESPAÇO HAVAN 3;0;6000032;5979;26111;BRUSQUE;SC;CINE GRACHER LTDA;07.272.690/0001-87
23/03/2021;23/03/2021 16:30:00;THE WIDOW;A VIÚVA DAS SOMBRAS;E2100005000000;DUBLADO;NÃO;RÚSSIA;5006001;CINE GRACHER INDAIAL - SALA 04;0;6000032;5979;39283;INDAIAL;SC;CINE GRACHER LTDA;07.272.690/0001-87
23/03/2021;23/03/2021 16:30:00;THE WIDOW;A VIÚVA DAS SOMBRAS;E2100005000000;DUBLADO;NÃO;RÚSSIA;5005292;CINE GRACHER PORTO UNIÃO SALA 03;0;6000032;5979;30780;PORTO UNIÃO;SC;CINE GRACHER LTDA;07.272.690/0001-87
23/03/2021;23/03/2021 16:30:00;TOM & JERRY;TOM & JERRY - O FILME;E2000553800000;DUBLADO;NÃO;ESTADOS UNIDOS;5005998;CINE GRACHER INDAIAL - SALA 01;0;6000032;5979;39283;INDAIAL;SC;CINE GRACHER LTDA;07.272.690/0001-87
23/03/2021;23/03/2021 16:30:00;TOM & JERRY;TOM & JERRY - O FILME;E2000553800000;DUBLADO;NÃO;ESTADOS UNIDOS;5006126;MULTIPLEX VOLTA REDONDA V;0;6000002;3136;41384;VOLTA REDONDA;RJ;MSA EMPRESA CINEMATOGRÁFICA LTDA;03.608.600/0001-25
23/03/2021;23/03/2021 16:40:00;RAYA AND THE LAST DRAGON;RAYA E O ÚLTIMO DRAGÃO;E2100035300000;DUBLADO;NÃO;ESTADOS UNIDOS;5003445;CINE SHOW BARRA DO PIRAÍ 01;2;6000025;2973;20984;BARRA DO PIRAÍ;RJ;TATU FILMES LTDA;72.089.667/0001-13
23/03/2021;23/03/2021 16:40:00;RAYA AND THE LAST DRAGON;RAYA E O ÚLTIMO DRAGÃO;E2100035300000;DUBLADO;NÃO;ESTADOS UNIDOS;5005756;CINE SHOW BARRA MANSA SALA 01;2;6000025;2973;35083;BARRA MANSA;RJ;TATU FILMES LTDA;72.089.667/0001-13
23/03/2021;23/03/2021 16:40:00;RAYA AND THE LAST DRAGON;RAYA E O ÚLTIMO DRAGÃO;E2100035300000;DUBLADO;NÃO;ESTADOS UNIDOS;5005307;CINEFLIX VÁRZEA GRANDE SHOPPING - SALA 4;8;6000014;24534;31101;VÁRZEA GRANDE;MT;REDECINE BSB CINEMATOGRÁFICA LTDA;18.087.870/0001-05
23/03/2021;23/03/2021 16:40:00;THE WIDOW;A VIÚVA DAS SOMBRAS;E2100005000000;DUBLADO;NÃO;RÚSSIA;5006494;CINE INTER SANTA INES 02;3;6000140;44834;44835;SANTA INÊS;MA;CINEINTER EXIBICOES CINEMATOGRAFICAS LTDA;35.477.354/0001-06
23/03/2021;23/03/2021 16:45:00;MONSTER HUNTER;MONSTER HUNTER;E2000403800000;DUBLADO;NÃO;ESTADOS UNIDOS;5005029;MULTIPLEX PATIO RORAIMA - SALA 4;0;6000002;3136;29179;BOA VISTA;RR;MSA EMPRESA CINEMATOGRÁFICA LTDA;03.608.600/0001-25
23/03/2021;23/03/2021 16:50:00;JUDAS AND THE BLACK MESSIAH;JUDAS E O MESSIAS NEGRO;E2100040400000;ORIGINAL;SIM;ESTADOS UNIDOS;5005994;CINE BARRA POINT SALA 01;0;6000083;14200;39233;RIO DE JANEIRO;RJ;ARTE VITAL EXIBIÇÕES CINEMATOGRÁFICAS LTDA;03.459.043/0001-28
23/03/2021;23/03/2021 16:50:00;JUDAS AND THE BLACK MESSIAH;JUDAS E O MESSIAS NEGRO;E2100040400000;ORIGINAL;SIM;ESTADOS UNIDOS;5002323;CINE SANTA TERESA;0;6000083;14200;14201;RIO DE JANEIRO;RJ;ARTE VITAL EXIBIÇÕES CINEMATOGRÁFICAS LTDA;03.459.043/0001-28
23/03/2021;23/03/2021 16:50:00;MONSTER HUNTER;MONSTER HUNTER;E2000403800000;DUBLADO;NÃO;ESTADOS UNIDOS;5005304;CINEFLIX VÁRZEA GRANDE SHOPPING - SALA 1;0;6000014;24534;31101;VÁRZEA GRANDE;MT;REDECINE BSB CINEMATOGRÁFICA LTDA;18.087.870/0001-05
23/03/2021;23/03/2021 16:50:00;RAYA AND THE LAST DRAGON;RAYA E O ÚLTIMO DRAGÃO;E2100035300000;DUBLADO;NÃO;ESTADOS UNIDOS;5006138;SALA CINE GUEDES 03;0;;23266;23267;PATOS;PB;LILIANE ROCHA DE MEDEIROS GUEDES-ME;16.844.526/0001-98
23/03/2021;23/03/2021 16:50:00;TOM & JERRY;TOM & JERRY - O FILME;E2000553800000;DUBLADO;NÃO;ESTADOS UNIDOS;5005394;CINE SHOW ANGRA DOS REIS - SALA 3;2;6000025;2973;20914;ANGRA DOS REIS;RJ;TATU FILMES LTDA;72.089.667/0001-13
23/03/2021;23/03/2021 16:50:00;TOM & JERRY;TOM & JERRY - O FILME;E2000553800000;DUBLADO;NÃO;ESTADOS UNIDOS;5001087;SALA CINE RESENDE 01;2;6000025;2977;6644;RESENDE;RJ;JUBARTE FILMES LTDA-ME;05.297.810/0001-75
23/03/2021;23/03/2021 17:00:00;MONSTER HUNTER;MONSTER HUNTER;E2000403800000;DUBLADO;NÃO;ESTADOS UNIDOS;5006291;CINEMARK SÃO GONÇALO 03;3;6000018;1843;42886;SÃO GONÇALO;RJ;CINEMARK BRASIL S.A;00.779.721/0001-41
23/03/2021;23/03/2021 17:00:00;MONSTER HUNTER;MONSTER HUNTER;E2000403800000;DUBLADO;NÃO;ESTADOS UNIDOS;5004881;CIRCUITO CINEMAS PBAS- SALA 03;0;6000028;15568;27873;PARAUAPEBAS;PA;CIRCUITO ENTRETENIMENTO E CINEMAS LTDA;08.068.712/0001-54
23/03/2021;23/03/2021 17:00:00;THE WIDOW;A VIÚVA DAS SOMBRAS;E2100005000000;DUBLADO;NÃO;RÚSSIA;5001280;MULTIPLEX PANTANAL SHOPPING VII (STADIUM);6;6000002;3136;4399;CUIABÁ;MT;MSA EMPRESA CINEMATOGRÁFICA LTDA;03.608.600/0001-25
23/03/2021;23/03/2021 17:00:00;THE WIDOW;A VIÚVA DAS SOMBRAS;E2100005000000;DUBLADO;NÃO;RÚSSIA;5005030;MULTIPLEX PATIO RORAIMA - SALA 5;13;6000002;3136;29179;BOA VISTA;RR;MSA EMPRESA CINEMATOGRÁFICA LTDA;03.608.600/0001-25
23/03/2021;23/03/2021 17:00:00;TOM & JERRY;TOM & JERRY - O FILME;E2000553800000;DUBLADO;NÃO;ESTADOS UNIDOS;5005094;CINÉPOLIS SÃO GONÇALO SHOPPING - SALA 3;4;6000024;17266;30088;SÃO GONÇALO;RJ;CINEPOLIS OPERADORA DE CINEMAS DO BRASIL LTDA;09.652.820/0001-32
23/03/2021;23/03/2021 17:00:00;TOM & JERRY;TOM & JERRY - O FILME;E2000553800000;DUBLADO;NÃO;ESTADOS UNIDOS;5004253;GOIABEIRAS 6;2;6000018;1843;24765;CUIABÁ;MT;CINEMARK BRASIL S.A;00.779.721/0001-41
23/03/2021;23/03/2021 17:00:00;TOM & JERRY;TOM & JERRY - O FILME;E2000553800000;DUBLADO;NÃO;ESTADOS UNIDOS;5001281;MULTIPLEX PANTANAL SHOPPING VIII (STADIUM);0;6000002;3136;4399;CUIABÁ;MT;MSA EMPRESA CINEMATOGRÁFICA LTDA;03.608.600/0001-25
23/03/2021;23/03/2021 17:00:00;TOM & JERRY;TOM & JERRY - O FILME;E2000553800000;DUBLADO;NÃO;ESTADOS UNIDOS;5005971;PLANET NITEROI - SALA 04;2;6000048;25436;38804;NITERÓI;RJ;SRS PLANET CINEMAS LTDA;13.250.172/0001-65
23/03/2021;23/03/2021 17:00:00;WONDER WOMAN 1984;MULHER-MARAVILHA 1984;E2000170200000;DUBLADO;NÃO;CANADÁ;5005206;CINÉPOLIS RIO POTY SALA 10;6;6000024;17266;30352;TERESINA;PI;CINEPOLIS OPERADORA DE CINEMAS DO BRASIL LTDA;09.652.820/0001-32
23/03/2021;23/03/2021 17:05:00;MONSTER HUNTER;MONSTER HUNTER;E2000403800000;ORIGINAL;SIM;ESTADOS UNIDOS;5004249;GOIABEIRAS 2;2;6000018;1843;24765;CUIABÁ;MT;CINEMARK BRASIL S.A;00.779.721/0001-41
23/03/2021;23/03/2021 17:10:00;THE ASSENT;POSSESSÃO - O ÚLTIMO ESTÁGIO;E2000049600000;DUBLADO;NÃO;ESTADOS UNIDOS;5006644;PLAYARTE RORAIMA GARDEN SALA 03;0;6000049;39188;47248;BOA VISTA;RR;MULTIPLEX DO BRASIL ENTRETENIMENTO LTDA;27.595.833/0001-07
23/03/2021;23/03/2021 17:10:00;THE WIDOW;A VIÚVA DAS SOMBRAS;E2100005000000;DUBLADO;NÃO;RÚSSIA;5005305;CINEFLIX VÁRZEA GRANDE SHOPPING - SALA 2;4;6000014;24534;31101;VÁRZEA GRANDE;MT;REDECINE BSB CINEMATOGRÁFICA LTDA;18.087.870/0001-05
23/03/2021;23/03/2021 17:10:00;WONDER WOMAN 1984;MULHER-MARAVILHA 1984;E2000170200000;DUBLADO;NÃO;CANADÁ;5005647;CINE TERESINA 4;4;;2140;6595;TERESINA;PI;CINEMAS TERESINA LTDA;02.142.566/0001-83
23/03/2021;23/03/2021 17:15:00;RAYA AND THE LAST DRAGON;RAYA E O ÚLTIMO DRAGÃO;E2100035300000;DUBLADO;NÃO;ESTADOS UNIDOS;5006127;MULTIPLEX VOLTA REDONDA VI;11;6000002;3136;41384;VOLTA REDONDA;RJ;MSA EMPRESA CINEMATOGRÁFICA LTDA;03.608.600/0001-25
23/03/2021;23/03/2021 17:15:00;RAYA AND THE LAST DRAGON;RAYA E O ÚLTIMO DRAGÃO;E2100035300000;DUBLADO;NÃO;ESTADOS UNIDOS;5004300;SALA VILA RICA 1 3D;0;;14637;14638;PRIMAVERA DO LESTE;MT;MAURICIO JOSE NICOLINO & CIA LTDA;05.724.035/0001-97
23/03/2021;23/03/2021 17:15:00;THE WIDOW;A VIÚVA DAS SOMBRAS;E2100005000000;DUBLADO;NÃO;RÚSSIA;5006491;CM CINEMAS BACAXA 2;0;6000016;44751;44760;SAQUAREMA;RJ;CRYK CINEMA BACAXA LTDA;35.282.350/0001-72
23/03/2021;23/03/2021 17:15:00;TOM & JERRY;TOM & JERRY - O FILME;E2000553800000;DUBLADO;NÃO;ESTADOS UNIDOS;5006260;CIRCUITO PONTA PORA 04;5;6000028;15568;42557;PONTA PORÃ;MS;CIRCUITO ENTRETENIMENTO E CINEMAS LTDA;08.068.712/0001-54
23/03/2021;23/03/2021 17:20:00;MONSTER HUNTER;MONSTER HUNTER;E2000403800000;DUBLADO;NÃO;ESTADOS UNIDOS;5002355;SALA VILA RICA 2 CONVENCIONAL;0;;14637;14638;PRIMAVERA DO LESTE;MT;MAURICIO JOSE NICOLINO & CIA LTDA;05.724.035/0001-97
23/03/2021;23/03/2021 17:20:00;RAYA AND THE LAST DRAGON;RAYA E O ÚLTIMO DRAGÃO;E2100035300000;DUBLADO;NÃO;ESTADOS UNIDOS;5006493;CINE INTER SANTA INES 01;0;6000140;44834;44835;SANTA INÊS;MA;CINEINTER EXIBICOES CINEMATOGRAFICAS LTDA;35.477.354/0001-06
23/03/2021;23/03/2021 17:20:00;RAYA AND THE LAST DRAGON;RAYA E O ÚLTIMO DRAGÃO;E2100035300000;DUBLADO;NÃO;ESTADOS UNIDOS;5004912;CINE SHOW AGULHAS NEGRAS SALA 01;6;6000025;2977;28018;RESENDE;RJ;JUBARTE FILMES LTDA-ME;05.297.810/0001-75
23/03/2021;23/03/2021 17:20:00;RAYA AND THE LAST DRAGON;RAYA E O ÚLTIMO DRAGÃO;E2100035300000;DUBLADO;NÃO;ESTADOS UNIDOS;5001090;CINE VOLTA REDONDA 01;3;6000025;2973;6743;VOLTA REDONDA;RJ;TATU FILMES LTDA;72.089.667/0001-13
23/03/2021;23/03/2021 17:20:00;RAYA AND THE LAST DRAGON;RAYA E O ÚLTIMO DRAGÃO;E2100035300000;DUBLADO;NÃO;ESTADOS UNIDOS;5005639;CINESHOW TUBARÃO SALA 02;2;6000025;33770;33771;TUBARÃO;SC;TUBARÃO FILMES LTDA;24.971.903/0001-88
23/03/2021;23/03/2021 17:20:00;THE WIDOW;A VIÚVA DAS SOMBRAS;E2100005000000;ORIGINAL;SIM;RÚSSIA;5004251;GOIABEIRAS 4;0;6000018;1843;24765;CUIABÁ;MT;CINEMARK BRASIL S.A;00.779.721/0001-41
23/03/2021;23/03/2021 17:20:00;TOM & JERRY;TOM & JERRY - O FILME;E2000553800000;DUBLADO;NÃO;ESTADOS UNIDOS;5000205;KINOPLEX GRANDE RIO 2;23;6000037;1991;2424;SÃO JOÃO DE MERITI;RJ;EMPRESA CINEMAS SÃO LUIZ S/A;33.497.660/0001-89
23/03/2021;23/03/2021 17:20:00;TOM & JERRY;TOM & JERRY - O FILME;E2000553800000;DUBLADO;NÃO;ESTADOS UNIDOS;5000057;KINOPLEX IGUAÇU TOP SALA 02;22;6000037;1991;2387;NOVA IGUAÇU;RJ;EMPRESA CINEMAS SÃO LUIZ S/A;33.497.660/0001-89
23/03/2021;23/03/2021 17:20:00;TOM & JERRY;TOM & JERRY - O FILME;E2000553800000;DUBLADO;NÃO;ESTADOS UNIDOS;5005566;KINOPLEX NOVA IGUAÇU SALA 05;29;6000037;1991;33119;NOVA IGUAÇU;RJ;EMPRESA CINEMAS SÃO LUIZ S/A;33.497.660/0001-89
23/03/2021;23/03/2021 17:30:00;AMIGAS DE SORTE;;B1900594800000;ORIGINAL;NÃO;BRASIL;5005546;CINE COLOMBO RESENDE SALA 04;21;6000008;15833;33011;RESENDE;RJ;CINE A LTDA;10.894.937/0001-01
23/03/2021;23/03/2021 17:30:00;LUCICREIDE VAI PRA MARTE;;B1900421800000;DUBLADO;NÃO;BRASIL;5005092;CINÉPOLIS SÃO GONÇALO SHOPPING - SALA 1;0;6000024;17266;30088;SÃO GONÇALO;RJ;CINEPOLIS OPERADORA DE CINEMAS DO BRASIL LTDA;09.652.820/0001-32
23/03/2021;23/03/2021 17:30:00;LUCICREIDE VAI PRA MARTE;;B1900421800000;ORIGINAL;NÃO;BRASIL;5005567;KINOPLEX NOVA IGUAÇU SALA 06;4;6000037;1991;33119;NOVA IGUAÇU;RJ;EMPRESA CINEMAS SÃO LUIZ S/A;33.497.660/0001-89
23/03/2021;23/03/2021 17:30:00;MONSTER HUNTER;MONSTER HUNTER;E2000403800000;DUBLADO;NÃO;ESTADOS UNIDOS;5005200;CINÉPOLIS RIO POTY SALA 04-MACRO;3;6000024;17266;30352;TERESINA;PI;CINEPOLIS OPERADORA DE CINEMAS DO BRASIL LTDA;09.652.820/0001-32
23/03/2021;23/03/2021 17:30:00;MONSTER HUNTER;MONSTER HUNTER;E2000403800000;DUBLADO;NÃO;ESTADOS UNIDOS;5005969;PLANET NITEROI - SALA 02;0;6000048;25436;38804;NITERÓI;RJ;SRS PLANET CINEMAS LTDA;13.250.172/0001-65
23/03/2021;23/03/2021 17:30:00;RAYA AND THE LAST DRAGON;RAYA E O ÚLTIMO DRAGÃO;E2100035300000;DUBLADO;NÃO;ESTADOS UNIDOS;5005545;CINE COLOMBO RESENDE SALA 03;0;6000008;15833;33011;RESENDE;RJ;CINE A LTDA;10.894.937/0001-01
23/03/2021;23/03/2021 17:30:00;RAYA AND THE LAST DRAGON;RAYA E O ÚLTIMO DRAGÃO;E2100035300000;DUBLADO;NÃO;ESTADOS UNIDOS;5003154;CINEMAXX GLÓRIA ITAPERUNA;0;6000019;3152;19509;ITAPERUNA;RJ;SUL FLUMINENSE CINEMAS LTDA;06.649.108/0001-96
23/03/2021;23/03/2021 17:30:00;RAYA AND THE LAST DRAGON;RAYA E O ÚLTIMO DRAGÃO;E2100035300000;DUBLADO;NÃO;ESTADOS UNIDOS;5003038;CINEMAXX PARACAMBI;0;6000019;18569;18716;PARACAMBI;RJ;MP CINEMAS LTDA;12.983.519/0001-16
23/03/2021;23/03/2021 17:30:00;RAYA AND THE LAST DRAGON;RAYA E O ÚLTIMO DRAGÃO;E2100035300000;DUBLADO;NÃO;ESTADOS UNIDOS;5004879;CIRCUITO CINEMAS PBAS- SALA 01;0;6000028;15568;27873;PARAUAPEBAS;PA;CIRCUITO ENTRETENIMENTO E CINEMAS LTDA;08.068.712/0001-54
23/03/2021;23/03/2021 17:30:00;RAYA AND THE LAST DRAGON;RAYA E O ÚLTIMO DRAGÃO;E2100035300000;DUBLADO;NÃO;ESTADOS UNIDOS;5000208;KINOPLEX GRANDE RIO 5;17;6000037;1991;2424;SÃO JOÃO DE MERITI;RJ;EMPRESA CINEMAS SÃO LUIZ S/A;33.497.660/0001-89
23/03/2021;23/03/2021 17:30:00;RAYA AND THE LAST DRAGON;RAYA E O ÚLTIMO DRAGÃO;E2100035300000;DUBLADO;NÃO;ESTADOS UNIDOS;5000056;KINOPLEX IGUAÇU TOP SALA 01 - KINOEVOLUTION;26;6000037;1991;2387;NOVA IGUAÇU;RJ;EMPRESA CINEMAS SÃO LUIZ S/A;33.497.660/0001-89
23/03/2021;23/03/2021 17:30:00;RAYA AND THE LAST DRAGON;RAYA E O ÚLTIMO DRAGÃO;E2100035300000;DUBLADO;NÃO;ESTADOS UNIDOS;5005563;KINOPLEX NOVA IGUAÇU SALA 02 KINOEVOLUTION;34;6000037;1991;33119;NOVA IGUAÇU;RJ;EMPRESA CINEMAS SÃO LUIZ S/A;33.497.660/0001-89
23/03/2021;23/03/2021 17:30:00;RAYA AND THE LAST DRAGON;RAYA E O ÚLTIMO DRAGÃO;E2100035300000;DUBLADO;NÃO;ESTADOS UNIDOS;5002988;SALA CINEMAXX CASARIO SHOPPING VASSOURAS 01;0;6000019;18049;18050;VASSOURAS;RJ;VALE DO CAFÉ CINEMAS LTDA;12.259.599/0001-61
23/03/2021;23/03/2021 17:30:00;TOM & JERRY;TOM & JERRY - O FILME;E2000553800000;DUBLADO;NÃO;ESTADOS UNIDOS;5003653;SALA CINE GUEDES 02;0;;23266;23267;PATOS;PB;LILIANE ROCHA DE MEDEIROS GUEDES-ME;16.844.526/0001-98
23/03/2021;23/03/2021 17:30:00;WONDER WOMAN 1984;MULHER-MARAVILHA 1984;E2000170200000;DUBLADO;NÃO;CANADÁ;5004731;MULTIPLEX PARK LAGOS 3;6;6000002;3136;27345;CABO FRIO;RJ;MSA EMPRESA CINEMATOGRÁFICA LTDA;03.608.600/0001-25
23/03/2021;23/03/2021 17:40:00;HONEST THIEF;LEGADO EXPLOSIVO;E2000416200000;DUBLADO;NÃO;ESTADOS UNIDOS;5005725;KINOPLEX IGUAÇU TOP SALA 05;21;6000037;1991;2387;NOVA IGUAÇU;RJ;EMPRESA CINEMAS SÃO LUIZ S/A;33.497.660/0001-89
23/03/2021;23/03/2021 17:40:00;JUDAS AND THE BLACK MESSIAH;JUDAS E O MESSIAS NEGRO;E2100040400000;ORIGINAL;SIM;ESTADOS UNIDOS;5001638;CINE TERESINA 7;13;;2140;6595;TERESINA;PI;CINEMAS TERESINA LTDA;02.142.566/0001-83
23/03/2021;23/03/2021 17:40:00;LUCICREIDE VAI PRA MARTE;;B1900421800000;ORIGINAL;NÃO;BRASIL;5006293;CINEMARK SÃO GONÇALO 05;6;6000018;1843;42886;SÃO GONÇALO;RJ;CINEMARK BRASIL S.A;00.779.721/0001-41
23/03/2021;23/03/2021 17:40:00;MONSTER HUNTER;MONSTER HUNTER;E2000403800000;DUBLADO;NÃO;ESTADOS UNIDOS;5005637;CINESHOW TUBARÃO SALA 04;2;6000025;33770;33771;TUBARÃO;SC;TUBARÃO FILMES LTDA;24.971.903/0001-88
23/03/2021;23/03/2021 17:40:00;RAYA AND THE LAST DRAGON;RAYA E O ÚLTIMO DRAGÃO;E2100035300000;DUBLADO;NÃO;ESTADOS UNIDOS;5002566;CINE CATARATAS 3;8;;15565;15566;FOZ DO IGUAÇU;PR;CINE CATARATAS LTDA;09.010.219/0001-46
23/03/2021;23/03/2021 17:40:00;THE WIDOW;A VIÚVA DAS SOMBRAS;E2100005000000;DUBLADO;NÃO;RÚSSIA;5001662;ORIENT CINEPLACE BOULEVARD SHOPPING - SALA 3;7;6000046;2869;6630;FEIRA DE SANTANA;BA;FEIRA PLEXCINE LTDA.;04.547.950/0001-91
23/03/2021;23/03/2021 17:45:00;RAYA AND THE LAST DRAGON;RAYA E O ÚLTIMO DRAGÃO;E2100035300000;DUBLADO;NÃO;ESTADOS UNIDOS;5002386;MULTIPLEX CAXIAS SHOPPING 2;0;6000002;3136;14685;DUQUE DE CAXIAS;RJ;MSA EMPRESA CINEMATOGRÁFICA LTDA;03.608.600/0001-25
23/03/2021;23/03/2021 17:45:00;THE WIDOW;A VIÚVA DAS SOMBRAS;E2100005000000;DUBLADO;NÃO;RÚSSIA;5005395;CINE SHOW ANGRA DOS REIS - SALA 4;2;6000025;2973;20914;ANGRA DOS REIS;RJ;TATU FILMES LTDA;72.089.667/0001-13
23/03/2021;23/03/2021 17:45:00;TOM & JERRY;TOM & JERRY - O FILME;E2000553800000;DUBLADO;NÃO;ESTADOS UNIDOS;5002381;MULTIPLEX CAXIAS SHOPPING 4;6;6000002;3136;14685;DUQUE DE CAXIAS;RJ;MSA EMPRESA CINEMATOGRÁFICA LTDA;03.608.600/0001-25
23/03/2021;23/03/2021 17:50:00;HONEST THIEF;LEGADO EXPLOSIVO;E2000416200000;DUBLADO;NÃO;ESTADOS UNIDOS;5000207;KINOPLEX GRANDE RIO 4;2;6000037;1991;2424;SÃO JOÃO DE MERITI;RJ;EMPRESA CINEMAS SÃO LUIZ S/A;33.497.660/0001-89
23/03/2021;23/03/2021 17:50:00;HONEST THIEF;LEGADO EXPLOSIVO;E2000416200000;DUBLADO;NÃO;ESTADOS UNIDOS;5005564;KINOPLEX NOVA IGUAÇU SALA 03 PLATINUM;17;6000037;1991;33119;NOVA IGUAÇU;RJ;EMPRESA CINEMAS SÃO LUIZ S/A;33.497.660/0001-89
23/03/2021;23/03/2021 17:50:00;MONSTER HUNTER;MONSTER HUNTER;E2000403800000;ORIGINAL;SIM;ESTADOS UNIDOS;5005648;CINE TERESINA 5;0;;2140;6595;TERESINA;PI;CINEMAS TERESINA LTDA;02.142.566/0001-83
23/03/2021;23/03/2021 17:50:00;TOM & JERRY;TOM & JERRY - O FILME;E2000553800000;DUBLADO;NÃO;ESTADOS UNIDOS;5000193;BAY MARKET SALA 02;3;6000037;1991;2419;NITERÓI;RJ;EMPRESA CINEMAS SÃO LUIZ S/A;33.497.660/0001-89
23/03/2021;23/03/2021 18:00:00;LUCICREIDE VAI PRA MARTE;;B1900421800000;DUBLADO;NÃO;BRASIL;5005208;CINÉPOLIS RIO POTY SALA 12;2;6000024;17266;30352;TERESINA;PI;CINEPOLIS OPERADORA DE CINEMAS DO BRASIL LTDA;09.652.820/0001-32
23/03/2021;23/03/2021 18:00:00;LUCICREIDE VAI PRA MARTE;;B1900421800000;ORIGINAL;NÃO;BRASIL;5003374;JARDIM GUADALUPE 03;0;6000002;3136;20404;RIO DE JANEIRO;RJ;MSA EMPRESA CINEMATOGRÁFICA LTDA;03.608.600/0001-25
23/03/2021;23/03/2021 18:00:00;LUCICREIDE VAI PRA MARTE;;B1900421800000;ORIGINAL;NÃO;BRASIL;5002385;MULTIPLEX CAXIAS SHOPPING 5;2;6000002;3136;14685;DUQUE DE CAXIAS;RJ;MSA EMPRESA CINEMATOGRÁFICA LTDA;03.608.600/0001-25
23/03/2021;23/03/2021 18:00:00;MONSTER HUNTER;MONSTER HUNTER;E2000403800000;DUBLADO;NÃO;ESTADOS UNIDOS;5005562;KINOPLEX NOVA IGUAÇU SALA 01;5;6000037;1991;33119;NOVA IGUAÇU;RJ;EMPRESA CINEMAS SÃO LUIZ S/A;33.497.660/0001-89
23/03/2021;23/03/2021 18:00:00;MONSTER HUNTER;MONSTER HUNTER;E2000403800000;DUBLADO;NÃO;ESTADOS UNIDOS;5004730;MULTIPLEX PARK LAGOS 2;4;6000002;3136;27345;CABO FRIO;RJ;MSA EMPRESA CINEMATOGRÁFICA LTDA;03.608.600/0001-25
23/03/2021;23/03/2021 18:00:00;RAYA AND THE LAST DRAGON;RAYA E O ÚLTIMO DRAGÃO;E2100035300000;DUBLADO;NÃO;ESTADOS UNIDOS;5001636;CINE TERESINA 3;5;;2140;6595;TERESINA;PI;CINEMAS TERESINA LTDA;02.142.566/0001-83
23/03/2021;23/03/2021 18:00:00;RAYA AND THE LAST DRAGON;RAYA E O ÚLTIMO DRAGÃO;E2100035300000;DUBLADO;NÃO;ESTADOS UNIDOS;5006259;CIRCUITO PONTA PORA 03;2;6000028;15568;42557;PONTA PORÃ;MS;CIRCUITO ENTRETENIMENTO E CINEMAS LTDA;08.068.712/0001-54
23/03/2021;23/03/2021 18:00:00;RAYA AND THE LAST DRAGON;RAYA E O ÚLTIMO DRAGÃO;E2100035300000;DUBLADO;NÃO;ESTADOS UNIDOS;5003375;JARDIM GUADALUPE 04;5;6000002;3136;20404;RIO DE JANEIRO;RJ;MSA EMPRESA CINEMATOGRÁFICA LTDA;03.608.600/0001-25
23/03/2021;23/03/2021 18:00:00;RAYA AND THE LAST DRAGON;RAYA E O ÚLTIMO DRAGÃO;E2100035300000;DUBLADO;NÃO;ESTADOS UNIDOS;5005717;MAXI MOVIE UNAMAR 2;6;6000107;34615;34616;CABO FRIO;RJ;MF 3000 - EMPREENDIMENTOS E PARTICIPAÇÕES LTDA-ME;17.498.681/0001-62
23/03/2021;23/03/2021 18:00:00;RAYA AND THE LAST DRAGON;RAYA E O ÚLTIMO DRAGÃO;E2100035300000;DUBLADO;NÃO;ESTADOS UNIDOS;5004732;MULTIPLEX PARK LAGOS 4;14;6000002;3136;27345;CABO FRIO;RJ;MSA EMPRESA CINEMATOGRÁFICA LTDA;03.608.600/0001-25
23/03/2021;23/03/2021 18:00:00;RAYA AND THE LAST DRAGON;RAYA E O ÚLTIMO DRAGÃO;E2100035300000;DUBLADO;NÃO;ESTADOS UNIDOS;5006657;SALA CINE VIEIRA 01;12;;47551;47598;SÃO BENTO;PB;COSTA E VIEIRA EMPREENDIMENTOS LTDA;10.866.528/0001-00
23/03/2021;23/03/2021 18:00:00;THE WIDOW;A VIÚVA DAS SOMBRAS;E2100005000000;DUBLADO;NÃO;RÚSSIA;5005638;CINESHOW TUBARÃO SALA 03;2;6000025;33770;33771;TUBARÃO;SC;TUBARÃO FILMES LTDA;24.971.903/0001-88
23/03/2021;23/03/2021 18:00:00;THE WIDOW;A VIÚVA DAS SOMBRAS;E2100005000000;DUBLADO;NÃO;RÚSSIA;5005205;CINÉPOLIS RIO POTY SALA 9;5;6000024;17266;30352;TERESINA;PI;CINEPOLIS OPERADORA DE CINEMAS DO BRASIL LTDA;09.652.820/0001-32
23/03/2021;23/03/2021 18:00:00;THE WIDOW;A VIÚVA DAS SOMBRAS;E2100005000000;DUBLADO;NÃO;RÚSSIA;5005095;CINÉPOLIS SÃO GONÇALO SHOPPING - SALA 4;2;6000024;17266;30088;SÃO GONÇALO;RJ;CINEPOLIS OPERADORA DE CINEMAS DO BRASIL LTDA;09.652.820/0001-32
23/03/2021;23/03/2021 18:00:00;THE WIDOW;A VIÚVA DAS SOMBRAS;E2100005000000;DUBLADO;NÃO;RÚSSIA;5003376;JARDIM GUADALUPE 05;0;6000002;3136;20404;RIO DE JANEIRO;RJ;MSA EMPRESA CINEMATOGRÁFICA LTDA;03.608.600/0001-25
23/03/2021;23/03/2021 18:00:00;THE WIDOW;A VIÚVA DAS SOMBRAS;E2100005000000;DUBLADO;NÃO;RÚSSIA;5006125;MULTIPLEX VOLTA REDONDA IV;5;6000002;3136;41384;VOLTA REDONDA;RJ;MSA EMPRESA CINEMATOGRÁFICA LTDA;03.608.600/0001-25
23/03/2021;23/03/2021 18:00:00;THE WITCHES;CONVENÇÃO DAS BRUXAS;E2000396100000;DUBLADO;NÃO;ESTADOS UNIDOS;5006642;PLAYARTE RORAIMA GARDEN SALA 01;0;6000049;39188;47248;BOA VISTA;RR;MULTIPLEX DO BRASIL ENTRETENIMENTO LTDA;27.595.833/0001-07
23/03/2021;23/03/2021 18:00:00;TOM & JERRY;TOM & JERRY - O FILME;E2000553800000;DUBLADO;NÃO;ESTADOS UNIDOS;5006057;CINE GRACHER JOAÇABA SALA 02;0;6000032;5979;40234;JOAÇABA;SC;CINE GRACHER LTDA;07.272.690/0001-87
23/03/2021;23/03/2021 18:00:00;TOM & JERRY;TOM & JERRY - O FILME;E2000553800000;DUBLADO;NÃO;ESTADOS UNIDOS;5006408;GRUPOCINE RIO DO SUL 02;0;6000034;44276;44286;RIO DO SUL;SC;EMPRESA CINEMATOGRAFICA BOMBOCINE LTDA;21.298.337/0001-05
23/03/2021;23/03/2021 18:00:00;TOM & JERRY;TOM & JERRY - O FILME;E2000553800000;DUBLADO;NÃO;ESTADOS UNIDOS;5003373;JARDIM GUADALUPE 02;6;6000002;3136;20404;RIO DE JANEIRO;RJ;MSA EMPRESA CINEMATOGRÁFICA LTDA;03.608.600/0001-25
23/03/2021;23/03/2021 18:10:00;FOLLOW ME;SEM SAÍDA;E2100006300000;DUBLADO;NÃO;ESTADOS UNIDOS;5000204;KINOPLEX GRANDE RIO 1;6;6000037;1991;2424;SÃO JOÃO DE MERITI;RJ;EMPRESA CINEMAS SÃO LUIZ S/A;33.497.660/0001-89
23/03/2021;23/03/2021 18:10:00;LUCICREIDE VAI PRA MARTE;;B1900421800000;ORIGINAL;NÃO;BRASIL;5000195;BAY MARKET SALA 04;2;6000037;1991;2419;NITERÓI;RJ;EMPRESA CINEMAS SÃO LUIZ S/A;33.497.660/0001-89
23/03/2021;23/03/2021 18:10:00;LUCICREIDE VAI PRA MARTE;;B1900421800000;ORIGINAL;NÃO;BRASIL;5001637;CINE TERESINA 6;7;;2140;6595;TERESINA;PI;CINEMAS TERESINA LTDA;02.142.566/0001-83
23/03/2021;23/03/2021 18:10:00;LUCICREIDE VAI PRA MARTE;;B1900421800000;ORIGINAL;NÃO;BRASIL;5000058;KINOPLEX IGUAÇU TOP SALA 03;16;6000037;1991;2387;NOVA IGUAÇU;RJ;EMPRESA CINEMAS SÃO LUIZ S/A;33.497.660/0001-89
23/03/2021;23/03/2021 18:10:00;MONSTER HUNTER;MONSTER HUNTER;E2000403800000;DUBLADO;NÃO;ESTADOS UNIDOS;5006258;CIRCUITO PONTA PORA 02;7;6000028;15568;42557;PONTA PORÃ;MS;CIRCUITO ENTRETENIMENTO E CINEMAS LTDA;08.068.712/0001-54
23/03/2021;23/03/2021 18:10:00;TOM & JERRY;TOM & JERRY - O FILME;E2000553800000;DUBLADO;NÃO;ESTADOS UNIDOS;5001635;CINE TERESINA 2;6;;2140;6595;TERESINA;PI;CINEMAS TERESINA LTDA;02.142.566/0001-83
23/03/2021;23/03/2021 18:15:00;MONSTER HUNTER;MONSTER HUNTER;E2000403800000;DUBLADO;NÃO;ESTADOS UNIDOS;5002382;MULTIPLEX CAXIAS SHOPPING 6;18;6000002;3136;14685;DUQUE DE CAXIAS;RJ;MSA EMPRESA CINEMATOGRÁFICA LTDA;03.608.600/0001-25
23/03/2021;23/03/2021 18:15:00;RAYA AND THE LAST DRAGON;RAYA E O ÚLTIMO DRAGÃO;E2100035300000;DUBLADO;NÃO;ESTADOS UNIDOS;5006056;CINE GRACHER JOAÇABA SALA 01;2;6000032;5979;40234;JOAÇABA;SC;CINE GRACHER LTDA;07.272.690/0001-87
23/03/2021;23/03/2021 18:15:00;RAYA AND THE LAST DRAGON;RAYA E O ÚLTIMO DRAGÃO;E2100035300000;DUBLADO;NÃO;ESTADOS UNIDOS;5006085;CINE GRACHER PORTO BELO SALA 03;4;6000032;5979;40771;PORTO BELO;SC;CINE GRACHER LTDA;07.272.690/0001-87
23/03/2021;23/03/2021 18:15:00;RAYA AND THE LAST DRAGON;RAYA E O ÚLTIMO DRAGÃO;E2100035300000;DUBLADO;NÃO;ESTADOS UNIDOS;5006113;CINE GRACHER SÃO BENTO 03;1;6000032;5979;41056;SÃO BENTO DO SUL;SC;CINE GRACHER LTDA;07.272.690/0001-87
23/03/2021;23/03/2021 18:20:00;FOLLOW ME;SEM SAÍDA;E2100006300000;DUBLADO;NÃO;ESTADOS UNIDOS;5006645;PLAYARTE RORAIMA GARDEN SALA 04;0;6000049;39188;47248;BOA VISTA;RR;MULTIPLEX DO BRASIL ENTRETENIMENTO LTDA;27.595.833/0001-07
23/03/2021;23/03/2021 18:20:00;MONSTER HUNTER;MONSTER HUNTER;E2000403800000;DUBLADO;NÃO;ESTADOS UNIDOS;5002565;CINE CATARATAS 2;4;;15565;15566;FOZ DO IGUAÇU;PR;CINE CATARATAS LTDA;09.010.219/0001-46
23/03/2021;23/03/2021 18:20:00;MONSTER HUNTER;MONSTER HUNTER;E2000403800000;DUBLADO;NÃO;ESTADOS UNIDOS;5006494;CINE INTER SANTA INES 02;0;6000140;44834;44835;SANTA INÊS;MA;CINEINTER EXIBICOES CINEMATOGRAFICAS LTDA;35.477.354/0001-06
23/03/2021;23/03/2021 18:20:00;THE WIDOW;A VIÚVA DAS SOMBRAS;E2100005000000;DUBLADO;NÃO;RÚSSIA;5001634;CINE TERESINA 1;13;;2140;6595;TERESINA;PI;CINEMAS TERESINA LTDA;02.142.566/0001-83
23/03/2021;23/03/2021 18:20:00;THE WIDOW;A VIÚVA DAS SOMBRAS;E2100005000000;DUBLADO;NÃO;RÚSSIA;5004880;CIRCUITO CINEMAS PBAS- SALA 02;0;6000028;15568;27873;PARAUAPEBAS;PA;CIRCUITO ENTRETENIMENTO E CINEMAS LTDA;08.068.712/0001-54
23/03/2021;23/03/2021 18:20:00;THE WIDOW;A VIÚVA DAS SOMBRAS;E2100005000000;DUBLADO;NÃO;RÚSSIA;5006257;CIRCUITO PONTA PORA 01;3;6000028;15568;42557;PONTA PORÃ;MS;CIRCUITO ENTRETENIMENTO E CINEMAS LTDA;08.068.712/0001-54
23/03/2021;23/03/2021 18:20:00;THE WIDOW;A VIÚVA DAS SOMBRAS;E2100005000000;DUBLADO;NÃO;RÚSSIA;5000209;KINOPLEX GRANDE RIO 6;24;6000037;1991;2424;SÃO JOÃO DE MERITI;RJ;EMPRESA CINEMAS SÃO LUIZ S/A;33.497.660/0001-89
23/03/2021;23/03/2021 18:20:00;THE WIDOW;A VIÚVA DAS SOMBRAS;E2100005000000;DUBLADO;NÃO;RÚSSIA;5005726;KINOPLEX IGUAÇU TOP SALA 06;22;6000037;1991;2387;NOVA IGUAÇU;RJ;EMPRESA CINEMAS SÃO LUIZ S/A;33.497.660/0001-89
23/03/2021;23/03/2021 18:20:00;THE WIDOW;A VIÚVA DAS SOMBRAS;E2100005000000;DUBLADO;NÃO;RÚSSIA;5005568;KINOPLEX NOVA IGUAÇU SALA 07;15;6000037;1991;33119;NOVA IGUAÇU;RJ;EMPRESA CINEMAS SÃO LUIZ S/A;33.497.660/0001-89
23/03/2021;23/03/2021 18:30:00;MONSTER HUNTER;MONSTER HUNTER;E2000403800000;DUBLADO;NÃO;ESTADOS UNIDOS;5006084;CINE GRACHER PORTO BELO SALA 02;2;6000032;5979;40771;PORTO BELO;SC;CINE GRACHER LTDA;07.272.690/0001-87
23/03/2021;23/03/2021 18:30:00;MONSTER HUNTER;MONSTER HUNTER;E2000403800000;DUBLADO;NÃO;ESTADOS UNIDOS;5005291;CINE GRACHER PORTO UNIÃO SALA 02;2;6000032;5979;30780;PORTO UNIÃO;SC;CINE GRACHER LTDA;07.272.690/0001-87
23/03/2021;23/03/2021 18:30:00;MONSTER HUNTER;MONSTER HUNTER;E2000403800000;DUBLADO;NÃO;ESTADOS UNIDOS;5006112;CINE GRACHER SÃO BENTO 02;0;6000032;5979;41056;SÃO BENTO DO SUL;SC;CINE GRACHER LTDA;07.272.690/0001-87
23/03/2021;23/03/2021 18:30:00;RAYA AND THE LAST DRAGON;RAYA E O ÚLTIMO DRAGÃO;E2100035300000;DUBLADO;NÃO;ESTADOS UNIDOS;5006244;CINE ALVORADA 01;9;;39721;42409;CORONEL FABRICIANO;MG;DB BOTELHO CINEMAS LTDA;29.315.197/0001-30
23/03/2021;23/03/2021 18:30:00;RAYA AND THE LAST DRAGON;RAYA E O ÚLTIMO DRAGÃO;E2100035300000;DUBLADO;NÃO;ESTADOS UNIDOS;5006000;CINE GRACHER INDAIAL - SALA 03;0;6000032;5979;39283;INDAIAL;SC;CINE GRACHER LTDA;07.272.690/0001-87
23/03/2021;23/03/2021 18:30:00;RAYA AND THE LAST DRAGON;RAYA E O ÚLTIMO DRAGÃO;E2100035300000;DUBLADO;NÃO;ESTADOS UNIDOS;5005026;MULTIPLEX PATIO RORAIMA - SALA 1;10;6000002;3136;29179;BOA VISTA;RR;MSA EMPRESA CINEMATOGRÁFICA LTDA;03.608.600/0001-25
23/03/2021;23/03/2021 18:30:00;RAYA AND THE LAST DRAGON;RAYA E O ÚLTIMO DRAGÃO;E2100035300000;DUBLADO;NÃO;ESTADOS UNIDOS;5006124;MULTIPLEX VOLTA REDONDA III;0;6000002;3136;41384;VOLTA REDONDA;RJ;MSA EMPRESA CINEMATOGRÁFICA LTDA;03.608.600/0001-25
23/03/2021;23/03/2021 18:30:00;THE WIDOW;A VIÚVA DAS SOMBRAS;E2100005000000;DUBLADO;NÃO;RÚSSIA;5006058;CINE GRACHER JOAÇABA SALA 03;3;6000032;5979;40234;JOAÇABA;SC;CINE GRACHER LTDA;07.272.690/0001-87
23/03/2021;23/03/2021 18:30:00;THE WIDOW;A VIÚVA DAS SOMBRAS;E2100005000000;DUBLADO;NÃO;RÚSSIA;5006086;CINE GRACHER PORTO BELO SALA 04;2;6000032;5979;40771;PORTO BELO;SC;CINE GRACHER LTDA;07.272.690/0001-87
23/03/2021;23/03/2021 18:30:00;THE WIDOW;A VIÚVA DAS SOMBRAS;E2100005000000;DUBLADO;NÃO;RÚSSIA;5006114;CINE GRACHER SÃO BENTO 04;2;6000032;5979;41056;SÃO BENTO DO SUL;SC;CINE GRACHER LTDA;07.272.690/0001-87
23/03/2021;23/03/2021 18:30:00;THE WIDOW;A VIÚVA DAS SOMBRAS;E2100005000000;DUBLADO;NÃO;RÚSSIA;5006407;GRUPOCINE RIO DO SUL 01;0;6000034;44276;44286;RIO DO SUL;SC;EMPRESA CINEMATOGRAFICA BOMBOCINE LTDA;21.298.337/0001-05
23/03/2021;23/03/2021 18:30:00;TOM & JERRY;TOM & JERRY - O FILME;E2000553800000;DUBLADO;NÃO;ESTADOS UNIDOS;5006083;CINE GRACHER PORTO BELO SALA 01;8;6000032;5979;40771;PORTO BELO;SC;CINE GRACHER LTDA;07.272.690/0001-87
23/03/2021;23/03/2021 18:30:00;TOM & JERRY;TOM & JERRY - O FILME;E2000553800000;DUBLADO;NÃO;ESTADOS UNIDOS;5006111;CINE GRACHER SÃO BENTO 01;0;6000032;5979;41056;SÃO BENTO DO SUL;SC;CINE GRACHER LTDA;07.272.690/0001-87
23/03/2021;23/03/2021 18:30:00;TOM & JERRY;TOM & JERRY - O FILME;E2000553800000;DUBLADO;NÃO;ESTADOS UNIDOS;5005716;MAXI MOVIE UNAMAR 1;0;6000107;34615;34616;CABO FRIO;RJ;MF 3000 - EMPREENDIMENTOS E PARTICIPAÇÕES LTDA-ME;17.498.681/0001-62
23/03/2021;23/03/2021 18:40:00;DEPOIS A LOUCA SOU EU;;B2000078000000;ORIGINAL;NÃO;BRASIL;5006490;CM CINEMAS BACAXA 1;0;6000016;44751;44760;SAQUAREMA;RJ;CRYK CINEMA BACAXA LTDA;35.282.350/0001-72
23/03/2021;23/03/2021 18:45:00;MONSTER HUNTER;MONSTER HUNTER;E2000403800000;DUBLADO;NÃO;ESTADOS UNIDOS;5004502;CINE GRACHER ESPAÇO HAVAN 2;2;6000032;5979;26111;BRUSQUE;SC;CINE GRACHER LTDA;07.272.690/0001-87
23/03/2021;23/03/2021 18:45:00;MONSTER HUNTER;MONSTER HUNTER;E2000403800000;DUBLADO;NÃO;ESTADOS UNIDOS;5005999;CINE GRACHER INDAIAL - SALA 02;0;6000032;5979;39283;INDAIAL;SC;CINE GRACHER LTDA;07.272.690/0001-87
23/03/2021;23/03/2021 18:45:00;RAYA AND THE LAST DRAGON;RAYA E O ÚLTIMO DRAGÃO;E2100035300000;DUBLADO;NÃO;ESTADOS UNIDOS;5004504;CINE GRACHER ESPAÇO HAVAN 1;5;6000032;5979;26111;BRUSQUE;SC;CINE GRACHER LTDA;07.272.690/0001-87
23/03/2021;23/03/2021 18:45:00;RAYA AND THE LAST DRAGON;RAYA E O ÚLTIMO DRAGÃO;E2100035300000;DUBLADO;NÃO;ESTADOS UNIDOS;5001860;CINE GRACHER LTDA;0;6000032;5979;6687;BRUSQUE;SC;CINE GRACHER LTDA;07.272.690/0001-87
23/03/2021;23/03/2021 18:45:00;RAYA AND THE LAST DRAGON;RAYA E O ÚLTIMO DRAGÃO;E2100035300000;DUBLADO;NÃO;ESTADOS UNIDOS;5005290;CINE GRACHER PORTO UNIÃO SALA 01;0;6000032;5979;30780;PORTO UNIÃO;SC;CINE GRACHER LTDA;07.272.690/0001-87
23/03/2021;23/03/2021 18:45:00;RAYA AND THE LAST DRAGON;RAYA E O ÚLTIMO DRAGÃO;E2100035300000;DUBLADO;NÃO;ESTADOS UNIDOS;5002384;MULTIPLEX CAXIAS SHOPPING 3;15;6000002;3136;14685;DUQUE DE CAXIAS;RJ;MSA EMPRESA CINEMATOGRÁFICA LTDA;03.608.600/0001-25
23/03/2021;23/03/2021 18:45:00;WONDER WOMAN 1984;MULHER-MARAVILHA 1984;E2000170200000;DUBLADO;NÃO;CANADÁ;5006289;CINEMARK SÃO GONÇALO 01;4;6000018;1843;42886;SÃO GONÇALO;RJ;CINEMARK BRASIL S.A;00.779.721/0001-41
23/03/2021;23/03/2021 18:50:00;THE WIDOW;A VIÚVA DAS SOMBRAS;E2100005000000;DUBLADO;NÃO;RÚSSIA;5005756;CINE SHOW BARRA MANSA SALA 01;4;6000025;2973;35083;BARRA MANSA;RJ;TATU FILMES LTDA;72.089.667/0001-13
23/03/2021;23/03/2021 19:00:00;FOLLOW ME;SEM SAÍDA;E2100006300000;DUBLADO;NÃO;ESTADOS UNIDOS;5001862;CINE GRACHER LTDA;0;6000032;5979;6687;BRUSQUE;SC;CINE GRACHER LTDA;07.272.690/0001-87
23/03/2021;23/03/2021 19:00:00;MONSTER HUNTER;MONSTER HUNTER;E2000403800000;DUBLADO;NÃO;ESTADOS UNIDOS;5005028;MULTIPLEX PATIO RORAIMA - SALA 3;16;6000002;3136;29179;BOA VISTA;RR;MSA EMPRESA CINEMATOGRÁFICA LTDA;03.608.600/0001-25
23/03/2021;23/03/2021 19:00:00;RAYA AND THE LAST DRAGON;RAYA E O ÚLTIMO DRAGÃO;E2100035300000;DUBLADO;NÃO;ESTADOS UNIDOS;5000192;BAY MARKET SALA 01;0;6000037;1991;2419;NITERÓI;RJ;EMPRESA CINEMAS SÃO LUIZ S/A;33.497.660/0001-89
23/03/2021;23/03/2021 19:00:00;RAYA AND THE LAST DRAGON;RAYA E O ÚLTIMO DRAGÃO;E2100035300000;DUBLADO;NÃO;ESTADOS UNIDOS;5006138;SALA CINE GUEDES 03;0;;23266;23267;PATOS;PB;LILIANE ROCHA DE MEDEIROS GUEDES-ME;16.844.526/0001-98
23/03/2021;23/03/2021 19:00:00;THE WIDOW;A VIÚVA DAS SOMBRAS;E2100005000000;DUBLADO;NÃO;RÚSSIA;5004503;CINE GRACHER ESPAÇO HAVAN 3;0;6000032;5979;26111;BRUSQUE;SC;CINE GRACHER LTDA;07.272.690/0001-87
23/03/2021;23/03/2021 19:00:00;THE WIDOW;A VIÚVA DAS SOMBRAS;E2100005000000;DUBLADO;NÃO;RÚSSIA;5006001;CINE GRACHER INDAIAL - SALA 04;0;6000032;5979;39283;INDAIAL;SC;CINE GRACHER LTDA;07.272.690/0001-87
23/03/2021;23/03/2021 19:00:00;THE WIDOW;A VIÚVA DAS SOMBRAS;E2100005000000;DUBLADO;NÃO;RÚSSIA;5005292;CINE GRACHER PORTO UNIÃO SALA 03;0;6000032;5979;30780;PORTO UNIÃO;SC;CINE GRACHER LTDA;07.272.690/0001-87
23/03/2021;23/03/2021 19:00:00;THE WIDOW;A VIÚVA DAS SOMBRAS;E2100005000000;DUBLADO;NÃO;RÚSSIA;5006643;PLAYARTE RORAIMA GARDEN SALA 02;2;6000049;39188;47248;BOA VISTA;RR;MULTIPLEX DO BRASIL ENTRETENIMENTO LTDA;27.595.833/0001-07
23/03/2021;23/03/2021 19:00:00;TOM & JERRY;TOM & JERRY - O FILME;E2000553800000;DUBLADO;NÃO;ESTADOS UNIDOS;5005998;CINE GRACHER INDAIAL - SALA 01;0;6000032;5979;39283;INDAIAL;SC;CINE GRACHER LTDA;07.272.690/0001-87
23/03/2021;23/03/2021 19:00:00;TOM & JERRY;TOM & JERRY - O FILME;E2000553800000;DUBLADO;NÃO;ESTADOS UNIDOS;5001861;CINE GRACHER LTDA;0;6000032;5979;6687;BRUSQUE;SC;CINE GRACHER LTDA;07.272.690/0001-87
23/03/2021;23/03/2021 19:00:00;TOM & JERRY;TOM & JERRY - O FILME;E2000553800000;DUBLADO;NÃO;ESTADOS UNIDOS;5001092;CINE VOLTA REDONDA 03;2;6000025;2973;6743;VOLTA REDONDA;RJ;TATU FILMES LTDA;72.089.667/0001-13
23/03/2021;23/03/2021 19:00:00;TOM & JERRY;TOM & JERRY - O FILME;E2000553800000;DUBLADO;NÃO;ESTADOS UNIDOS;5005030;MULTIPLEX PATIO RORAIMA - SALA 5;14;6000002;3136;29179;BOA VISTA;RR;MSA EMPRESA CINEMATOGRÁFICA LTDA;03.608.600/0001-25
23/03/2021;23/03/2021 19:00:00;TOM & JERRY;TOM & JERRY - O FILME;E2000553800000;DUBLADO;NÃO;ESTADOS UNIDOS;5006126;MULTIPLEX VOLTA REDONDA V;3;6000002;3136;41384;VOLTA REDONDA;RJ;MSA EMPRESA CINEMATOGRÁFICA LTDA;03.608.600/0001-25
23/03/2021;23/03/2021 19:00:00;TOM & JERRY;TOM & JERRY - O FILME;E2000553800000;DUBLADO;NÃO;ESTADOS UNIDOS;5001087;SALA CINE RESENDE 01;4;6000025;2977;6644;RESENDE;RJ;JUBARTE FILMES LTDA-ME;05.297.810/0001-75
23/03/2021;23/03/2021 19:00:00;WONDER WOMAN 1984;MULHER-MARAVILHA 1984;E2000170200000;DUBLADO;NÃO;CANADÁ;5000206;KINOPLEX GRANDE RIO 3;14;6000037;1991;2424;SÃO JOÃO DE MERITI;RJ;EMPRESA CINEMAS SÃO LUIZ S/A;33.497.660/0001-89
23/03/2021;23/03/2021 19:00:00;WONDER WOMAN 1984;MULHER-MARAVILHA 1984;E2000170200000;DUBLADO;NÃO;CANADÁ;5005724;KINOPLEX IGUAÇU TOP SALA 04;23;6000037;1991;2387;NOVA IGUAÇU;RJ;EMPRESA CINEMAS SÃO LUIZ S/A;33.497.660/0001-89
23/03/2021;23/03/2021 19:00:00;WONDER WOMAN 1984;MULHER-MARAVILHA 1984;E2000170200000;DUBLADO;NÃO;CANADÁ;5005565;KINOPLEX NOVA IGUAÇU SALA 04 PLATINUM;11;6000037;1991;33119;NOVA IGUAÇU;RJ;EMPRESA CINEMAS SÃO LUIZ S/A;33.497.660/0001-89
23/03/2021;23/03/2021 19:00:00;Z;AMIZADE MALDITA;E2000229400000;DUBLADO;NÃO;CANADÁ;5004729;MULTIPLEX PARK LAGOS 1;8;6000002;3136;27345;CABO FRIO;RJ;MSA EMPRESA CINEMATOGRÁFICA LTDA;03.608.600/0001-25
23/03/2021;23/03/2021 19:00:01;THE WIDOW;A VIÚVA DAS SOMBRAS;E2100005000000;DUBLADO;NÃO;RÚSSIA;5005543;CINE COLOMBO RESENDE SALA 01;0;6000008;15833;33011;RESENDE;RJ;CINE A LTDA;10.894.937/0001-01
23/03/2021;23/03/2021 19:05:01;RAYA AND THE LAST DRAGON;RAYA E O ÚLTIMO DRAGÃO;E2100035300000;DUBLADO;NÃO;ESTADOS UNIDOS;5006491;CM CINEMAS BACAXA 2;0;6000016;44751;44760;SAQUAREMA;RJ;CRYK CINEMA BACAXA LTDA;35.282.350/0001-72
23/03/2021;23/03/2021 19:10:00;TOM & JERRY;TOM & JERRY - O FILME;E2000553800000;DUBLADO;NÃO;ESTADOS UNIDOS;5006644;PLAYARTE RORAIMA GARDEN SALA 03;2;6000049;39188;47248;BOA VISTA;RR;MULTIPLEX DO BRASIL ENTRETENIMENTO LTDA;27.595.833/0001-07
23/03/2021;23/03/2021 19:15:00;MONSTER HUNTER;MONSTER HUNTER;E2000403800000;DUBLADO;NÃO;ESTADOS UNIDOS;5005546;CINE COLOMBO RESENDE SALA 04;0;6000008;15833;33011;RESENDE;RJ;CINE A LTDA;10.894.937/0001-01
23/03/2021;23/03/2021 19:15:00;THE WIDOW;A VIÚVA DAS SOMBRAS;E2100005000000;DUBLADO;NÃO;RÚSSIA;5005029;MULTIPLEX PATIO RORAIMA - SALA 4;16;6000002;3136;29179;BOA VISTA;RR;MSA EMPRESA CINEMATOGRÁFICA LTDA;03.608.600/0001-25
23/03/2021;23/03/2021 19:15:00;WONDER WOMAN 1984;MULHER-MARAVILHA 1984;E2000170200000;DUBLADO;NÃO;CANADÁ;5005099;CINÉPOLIS SÃO GONÇALO SHOPPING - SALA 8;16;6000024;17266;30088;SÃO GONÇALO;RJ;CINEPOLIS OPERADORA DE CINEMAS DO BRASIL LTDA;09.652.820/0001-32
23/03/2021;23/03/2021 19:20:00;MONSTER HUNTER;MONSTER HUNTER;E2000403800000;DUBLADO;NÃO;ESTADOS UNIDOS;5003653;SALA CINE GUEDES 02;8;;23266;23267;PATOS;PB;LILIANE ROCHA DE MEDEIROS GUEDES-ME;16.844.526/0001-98
23/03/2021;23/03/2021 19:25:00;THE WIDOW;A VIÚVA DAS SOMBRAS;E2100005000000;DUBLADO;NÃO;RÚSSIA;5003652;SALA CINE GUEDES 01;0;;23266;23267;PATOS;PB;LILIANE ROCHA DE MEDEIROS GUEDES-ME;16.844.526/0001-98
23/03/2021;23/03/2021 19:30:00;LUCICREIDE VAI PRA MARTE;;B1900421800000;ORIGINAL;NÃO;BRASIL;5005971;PLANET NITEROI - SALA 04;9;6000048;25436;38804;NITERÓI;RJ;SRS PLANET CINEMAS LTDA;13.250.172/0001-65
23/03/2021;23/03/2021 19:30:00;MONSTER HUNTER;MONSTER HUNTER;E2000403800000;DUBLADO;NÃO;ESTADOS UNIDOS;5006291;CINEMARK SÃO GONÇALO 03;2;6000018;1843;42886;SÃO GONÇALO;RJ;CINEMARK BRASIL S.A;00.779.721/0001-41
23/03/2021;23/03/2021 19:30:00;MONSTER HUNTER;MONSTER HUNTER;E2000403800000;DUBLADO;NÃO;ESTADOS UNIDOS;5004881;CIRCUITO CINEMAS PBAS- SALA 03;0;6000028;15568;27873;PARAUAPEBAS;PA;CIRCUITO ENTRETENIMENTO E CINEMAS LTDA;08.068.712/0001-54
23/03/2021;23/03/2021 19:30:00;RAYA AND THE LAST DRAGON;RAYA E O ÚLTIMO DRAGÃO;E2100035300000;DUBLADO;NÃO;ESTADOS UNIDOS;5006127;MULTIPLEX VOLTA REDONDA VI;8;6000002;3136;41384;VOLTA REDONDA;RJ;MSA EMPRESA CINEMATOGRÁFICA LTDA;03.608.600/0001-25
23/03/2021;23/03/2021 19:30:00;THE EMPTY MAN;O MENSAGEIRO DO ÚLTIMO DIA;E2000471300000;DUBLADO;NÃO;ESTADOS UNIDOS;5005567;KINOPLEX NOVA IGUAÇU SALA 06;11;6000037;1991;33119;NOVA IGUAÇU;RJ;EMPRESA CINEMAS SÃO LUIZ S/A;33.497.660/0001-89
23/03/2021;23/03/2021 19:30:00;TOM & JERRY;TOM & JERRY - O FILME;E2000553800000;DUBLADO;NÃO;ESTADOS UNIDOS;5005094;CINÉPOLIS SÃO GONÇALO SHOPPING - SALA 3;3;6000024;17266;30088;SÃO GONÇALO;RJ;CINEPOLIS OPERADORA DE CINEMAS DO BRASIL LTDA;09.652.820/0001-32
23/03/2021;23/03/2021 19:30:00;TOM & JERRY;TOM & JERRY - O FILME;E2000553800000;DUBLADO;NÃO;ESTADOS UNIDOS;5000205;KINOPLEX GRANDE RIO 2;26;6000037;1991;2424;SÃO JOÃO DE MERITI;RJ;EMPRESA CINEMAS SÃO LUIZ S/A;33.497.660/0001-89
23/03/2021;23/03/2021 19:40:00;RAYA AND THE LAST DRAGON;RAYA E O ÚLTIMO DRAGÃO;E2100035300000;DUBLADO;NÃO;ESTADOS UNIDOS;5004912;CINE SHOW AGULHAS NEGRAS SALA 01;2;6000025;2977;28018;RESENDE;RJ;JUBARTE FILMES LTDA-ME;05.297.810/0001-75
23/03/2021;23/03/2021 19:40:00;RAYA AND THE LAST DRAGON;RAYA E O ÚLTIMO DRAGÃO;E2100035300000;DUBLADO;NÃO;ESTADOS UNIDOS;5003442;CINE SHOW ANGRA DOS REIS - SALA 1;19;6000025;2973;20914;ANGRA DOS REIS;RJ;TATU FILMES LTDA;72.089.667/0001-13
23/03/2021;23/03/2021 19:40:00;RAYA AND THE LAST DRAGON;RAYA E O ÚLTIMO DRAGÃO;E2100035300000;DUBLADO;NÃO;ESTADOS UNIDOS;5001090;CINE VOLTA REDONDA 01;2;6000025;2973;6743;VOLTA REDONDA;RJ;TATU FILMES LTDA;72.089.667/0001-13
23/03/2021;23/03/2021 19:40:00;RAYA AND THE LAST DRAGON;RAYA E O ÚLTIMO DRAGÃO;E2100035300000;DUBLADO;NÃO;ESTADOS UNIDOS;5005639;CINESHOW TUBARÃO SALA 02;3;6000025;33770;33771;TUBARÃO;SC;TUBARÃO FILMES LTDA;24.971.903/0001-88
23/03/2021;23/03/2021 19:40:00;TOM & JERRY;TOM & JERRY - O FILME;E2000553800000;DUBLADO;NÃO;ESTADOS UNIDOS;5000057;KINOPLEX IGUAÇU TOP SALA 02;15;6000037;1991;2387;NOVA IGUAÇU;RJ;EMPRESA CINEMAS SÃO LUIZ S/A;33.497.660/0001-89
23/03/2021;23/03/2021 19:40:00;TOM & JERRY;TOM & JERRY - O FILME;E2000553800000;DUBLADO;NÃO;ESTADOS UNIDOS;5005566;KINOPLEX NOVA IGUAÇU SALA 05;0;6000037;1991;33119;NOVA IGUAÇU;RJ;EMPRESA CINEMAS SÃO LUIZ S/A;33.497.660/0001-89
23/03/2021;23/03/2021 19:45:00;RAYA AND THE LAST DRAGON;RAYA E O ÚLTIMO DRAGÃO;E2100035300000;DUBLADO;NÃO;ESTADOS UNIDOS;5006493;CINE INTER SANTA INES 01;3;6000140;44834;44835;SANTA INÊS;MA;CINEINTER EXIBICOES CINEMATOGRAFICAS LTDA;35.477.354/0001-06
23/03/2021;23/03/2021 19:45:00;THE WIDOW;A VIÚVA DAS SOMBRAS;E2100005000000;DUBLADO;NÃO;RÚSSIA;5005395;CINE SHOW ANGRA DOS REIS - SALA 4;3;6000025;2973;20914;ANGRA DOS REIS;RJ;TATU FILMES LTDA;72.089.667/0001-13
23/03/2021;23/03/2021 19:50:00;MONSTER HUNTER;MONSTER HUNTER;E2000403800000;DUBLADO;NÃO;ESTADOS UNIDOS;5001091;CINE VOLTA REDONDA 02;6;6000025;2973;6743;VOLTA REDONDA;RJ;TATU FILMES LTDA;72.089.667/0001-13
23/03/2021;23/03/2021 19:50:00;MONSTER HUNTER;MONSTER HUNTER;E2000403800000;DUBLADO;NÃO;ESTADOS UNIDOS;5005637;CINESHOW TUBARÃO SALA 04;3;6000025;33770;33771;TUBARÃO;SC;TUBARÃO FILMES LTDA;24.971.903/0001-88
23/03/2021;23/03/2021 20:00:00;MONSTER HUNTER;MONSTER HUNTER;E2000403800000;DUBLADO;NÃO;ESTADOS UNIDOS;5005092;CINÉPOLIS SÃO GONÇALO SHOPPING - SALA 1;0;6000024;17266;30088;SÃO GONÇALO;RJ;CINEPOLIS OPERADORA DE CINEMAS DO BRASIL LTDA;09.652.820/0001-32
23/03/2021;23/03/2021 20:00:00;MONSTER HUNTER;MONSTER HUNTER;E2000403800000;DUBLADO;NÃO;ESTADOS UNIDOS;5006408;GRUPOCINE RIO DO SUL 02;0;6000034;44276;44286;RIO DO SUL;SC;EMPRESA CINEMATOGRAFICA BOMBOCINE LTDA;21.298.337/0001-05
23/03/2021;23/03/2021 20:00:00;MONSTER HUNTER;MONSTER HUNTER;E2000403800000;DUBLADO;NÃO;ESTADOS UNIDOS;5003374;JARDIM GUADALUPE 03;6;6000002;3136;20404;RIO DE JANEIRO;RJ;MSA EMPRESA CINEMATOGRÁFICA LTDA;03.608.600/0001-25
23/03/2021;23/03/2021 20:00:00;MONSTER HUNTER;MONSTER HUNTER;E2000403800000;DUBLADO;NÃO;ESTADOS UNIDOS;5005725;KINOPLEX IGUAÇU TOP SALA 05;11;6000037;1991;2387;NOVA IGUAÇU;RJ;EMPRESA CINEMAS SÃO LUIZ S/A;33.497.660/0001-89
23/03/2021;23/03/2021 20:00:00;RAYA AND THE LAST DRAGON;RAYA E O ÚLTIMO DRAGÃO;E2100035300000;DUBLADO;NÃO;ESTADOS UNIDOS;5005545;CINE COLOMBO RESENDE SALA 03;0;6000008;15833;33011;RESENDE;RJ;CINE A LTDA;10.894.937/0001-01
23/03/2021;23/03/2021 20:00:00;RAYA AND THE LAST DRAGON;RAYA E O ÚLTIMO DRAGÃO;E2100035300000;DUBLADO;NÃO;ESTADOS UNIDOS;5004879;CIRCUITO CINEMAS PBAS- SALA 01;0;6000028;15568;27873;PARAUAPEBAS;PA;CIRCUITO ENTRETENIMENTO E CINEMAS LTDA;08.068.712/0001-54
23/03/2021;23/03/2021 20:00:00;RAYA AND THE LAST DRAGON;RAYA E O ÚLTIMO DRAGÃO;E2100035300000;DUBLADO;NÃO;ESTADOS UNIDOS;5000208;KINOPLEX GRANDE RIO 5;16;6000037;1991;2424;SÃO JOÃO DE MERITI;RJ;EMPRESA CINEMAS SÃO LUIZ S/A;33.497.660/0001-89
23/03/2021;23/03/2021 20:00:00;RAYA AND THE LAST DRAGON;RAYA E O ÚLTIMO DRAGÃO;E2100035300000;DUBLADO;NÃO;ESTADOS UNIDOS;5000056;KINOPLEX IGUAÇU TOP SALA 01 - KINOEVOLUTION;26;6000037;1991;2387;NOVA IGUAÇU;RJ;EMPRESA CINEMAS SÃO LUIZ S/A;33.497.660/0001-89
23/03/2021;23/03/2021 20:00:00;RAYA AND THE LAST DRAGON;RAYA E O ÚLTIMO DRAGÃO;E2100035300000;DUBLADO;NÃO;ESTADOS UNIDOS;5005563;KINOPLEX NOVA IGUAÇU SALA 02 KINOEVOLUTION;33;6000037;1991;33119;NOVA IGUAÇU;RJ;EMPRESA CINEMAS SÃO LUIZ S/A;33.497.660/0001-89
23/03/2021;23/03/2021 20:00:00;RAYA AND THE LAST DRAGON;RAYA E O ÚLTIMO DRAGÃO;E2100035300000;DUBLADO;NÃO;ESTADOS UNIDOS;5002386;MULTIPLEX CAXIAS SHOPPING 2;5;6000002;3136;14685;DUQUE DE CAXIAS;RJ;MSA EMPRESA CINEMATOGRÁFICA LTDA;03.608.600/0001-25
23/03/2021;23/03/2021 20:00:00;THE WIDOW;A VIÚVA DAS SOMBRAS;E2100005000000;DUBLADO;NÃO;RÚSSIA;5000193;BAY MARKET SALA 02;6;6000037;1991;2419;NITERÓI;RJ;EMPRESA CINEMAS SÃO LUIZ S/A;33.497.660/0001-89
23/03/2021;23/03/2021 20:00:00;THE WIDOW;A VIÚVA DAS SOMBRAS;E2100005000000;DUBLADO;NÃO;RÚSSIA;5004913;CINE SHOW AGULHAS NEGRAS SALA 02;2;6000025;2977;28018;RESENDE;RJ;JUBARTE FILMES LTDA-ME;05.297.810/0001-75
23/03/2021;23/03/2021 20:00:00;THE WIDOW;A VIÚVA DAS SOMBRAS;E2100005000000;DUBLADO;NÃO;RÚSSIA;5001093;CINE VOLTA REDONDA 04;13;6000025;2973;6743;VOLTA REDONDA;RJ;TATU FILMES LTDA;72.089.667/0001-13
23/03/2021;23/03/2021 20:00:00;THE WIDOW;A VIÚVA DAS SOMBRAS;E2100005000000;DUBLADO;NÃO;RÚSSIA;5006293;CINEMARK SÃO GONÇALO 05;7;6000018;1843;42886;SÃO GONÇALO;RJ;CINEMARK BRASIL S.A;00.779.721/0001-41
23/03/2021;23/03/2021 20:00:00;THE WIDOW;A VIÚVA DAS SOMBRAS;E2100005000000;DUBLADO;NÃO;RÚSSIA;5003154;CINEMAXX GLÓRIA ITAPERUNA;0;6000019;3152;19509;ITAPERUNA;RJ;SUL FLUMINENSE CINEMAS LTDA;06.649.108/0001-96
23/03/2021;23/03/2021 20:00:00;THE WIDOW;A VIÚVA DAS SOMBRAS;E2100005000000;DUBLADO;NÃO;RÚSSIA;5003038;CINEMAXX PARACAMBI;0;6000019;18569;18716;PARACAMBI;RJ;MP CINEMAS LTDA;12.983.519/0001-16
23/03/2021;23/03/2021 20:00:00;THE WIDOW;A VIÚVA DAS SOMBRAS;E2100005000000;DUBLADO;NÃO;RÚSSIA;5005638;CINESHOW TUBARÃO SALA 03;5;6000025;33770;33771;TUBARÃO;SC;TUBARÃO FILMES LTDA;24.971.903/0001-88
23/03/2021;23/03/2021 20:00:00;THE WIDOW;A VIÚVA DAS SOMBRAS;E2100005000000;DUBLADO;NÃO;RÚSSIA;5002988;SALA CINEMAXX CASARIO SHOPPING VASSOURAS 01;0;6000019;18049;18050;VASSOURAS;RJ;VALE DO CAFÉ CINEMAS LTDA;12.259.599/0001-61
23/03/2021;23/03/2021 20:00:00;TOM & JERRY;TOM & JERRY - O FILME;E2000553800000;DUBLADO;NÃO;ESTADOS UNIDOS;5003373;JARDIM GUADALUPE 02;6;6000002;3136;20404;RIO DE JANEIRO;RJ;MSA EMPRESA CINEMATOGRÁFICA LTDA;03.608.600/0001-25
23/03/2021;23/03/2021 20:00:00;WIDOW, THE;A VIÚVA DAS SOMBRAS;E2100345600000;DUBLADO;NÃO;RÚSSIA;5005969;PLANET NITEROI - SALA 02;3;6000048;25436;38804;NITERÓI;RJ;SRS PLANET CINEMAS LTDA;13.250.172/0001-65
23/03/2021;23/03/2021 20:00:00;WONDER WOMAN 1984;MULHER-MARAVILHA 1984;E2000170200000;DUBLADO;NÃO;CANADÁ;5002381;MULTIPLEX CAXIAS SHOPPING 4;26;6000002;3136;14685;DUQUE DE CAXIAS;RJ;MSA EMPRESA CINEMATOGRÁFICA LTDA;03.608.600/0001-25
23/03/2021;23/03/2021 20:00:00;WONDER WOMAN 1984;MULHER-MARAVILHA 1984;E2000170200000;DUBLADO;NÃO;CANADÁ;5004730;MULTIPLEX PARK LAGOS 2;9;6000002;3136;27345;CABO FRIO;RJ;MSA EMPRESA CINEMATOGRÁFICA LTDA;03.608.600/0001-25
23/03/2021;23/03/2021 20:10:00;HONEST THIEF;LEGADO EXPLOSIVO;E2000416200000;DUBLADO;NÃO;ESTADOS UNIDOS;5000058;KINOPLEX IGUAÇU TOP SALA 03;21;6000037;1991;2387;NOVA IGUAÇU;RJ;EMPRESA CINEMAS SÃO LUIZ S/A;33.497.660/0001-89
23/03/2021;23/03/2021 20:10:00;HONEST THIEF;LEGADO EXPLOSIVO;E2000416200000;DUBLADO;NÃO;ESTADOS UNIDOS;5005564;KINOPLEX NOVA IGUAÇU SALA 03 PLATINUM;10;6000037;1991;33119;NOVA IGUAÇU;RJ;EMPRESA CINEMAS SÃO LUIZ S/A;33.497.660/0001-89
23/03/2021;23/03/2021 20:10:00;LUCICREIDE VAI PRA MARTE;;B1900421800000;ORIGINAL;NÃO;BRASIL;5000195;BAY MARKET SALA 04;1;6000037;1991;2419;NITERÓI;RJ;EMPRESA CINEMAS SÃO LUIZ S/A;33.497.660/0001-89
23/03/2021;23/03/2021 20:10:00;LUCICREIDE VAI PRA MARTE;;B1900421800000;ORIGINAL;NÃO;BRASIL;5000207;KINOPLEX GRANDE RIO 4;23;6000037;1991;2424;SÃO JOÃO DE MERITI;RJ;EMPRESA CINEMAS SÃO LUIZ S/A;33.497.660/0001-89
23/03/2021;23/03/2021 20:10:00;MONSTER HUNTER;MONSTER HUNTER;E2000403800000;DUBLADO;NÃO;ESTADOS UNIDOS;5000204;KINOPLEX GRANDE RIO 1;17;6000037;1991;2424;SÃO JOÃO DE MERITI;RJ;EMPRESA CINEMAS SÃO LUIZ S/A;33.497.660/0001-89
23/03/2021;23/03/2021 20:10:00;THE WIDOW;A VIÚVA DAS SOMBRAS;E2100005000000;DUBLADO;NÃO;RÚSSIA;5005095;CINÉPOLIS SÃO GONÇALO SHOPPING - SALA 4;4;6000024;17266;30088;SÃO GONÇALO;RJ;CINEPOLIS OPERADORA DE CINEMAS DO BRASIL LTDA;09.652.820/0001-32
23/03/2021;23/03/2021 20:15:00;MONSTER HUNTER;MONSTER HUNTER;E2000403800000;DUBLADO;NÃO;ESTADOS UNIDOS;5006657;SALA CINE VIEIRA 01;4;;47551;47598;SÃO BENTO;PB;COSTA E VIEIRA EMPREENDIMENTOS LTDA;10.866.528/0001-00
23/03/2021;23/03/2021 20:15:00;RAYA AND THE LAST DRAGON;RAYA E O ÚLTIMO DRAGÃO;E2100035300000;DUBLADO;NÃO;ESTADOS UNIDOS;5003375;JARDIM GUADALUPE 04;2;6000002;3136;20404;RIO DE JANEIRO;RJ;MSA EMPRESA CINEMATOGRÁFICA LTDA;03.608.600/0001-25
23/03/2021;23/03/2021 20:15:00;THE WIDOW;A VIÚVA DAS SOMBRAS;E2100005000000;DUBLADO;NÃO;RÚSSIA;5003376;JARDIM GUADALUPE 05;5;6000002;3136;20404;RIO DE JANEIRO;RJ;MSA EMPRESA CINEMATOGRÁFICA LTDA;03.608.600/0001-25
23/03/2021;23/03/2021 20:20:00;FOLLOW ME;SEM SAÍDA;E2100006300000;DUBLADO;NÃO;ESTADOS UNIDOS;5006407;GRUPOCINE RIO DO SUL 01;3;6000034;44276;44286;RIO DO SUL;SC;EMPRESA CINEMATOGRAFICA BOMBOCINE LTDA;21.298.337/0001-05
23/03/2021;23/03/2021 20:20:00;MONSTER HUNTER;MONSTER HUNTER;E2000403800000;DUBLADO;NÃO;ESTADOS UNIDOS;5005562;KINOPLEX NOVA IGUAÇU SALA 01;9;6000037;1991;33119;NOVA IGUAÇU;RJ;EMPRESA CINEMAS SÃO LUIZ S/A;33.497.660/0001-89
23/03/2021;23/03/2021 20:20:00;THE WIDOW;A VIÚVA DAS SOMBRAS;E2100005000000;DUBLADO;NÃO;RÚSSIA;5000209;KINOPLEX GRANDE RIO 6;35;6000037;1991;2424;SÃO JOÃO DE MERITI;RJ;EMPRESA CINEMAS SÃO LUIZ S/A;33.497.660/0001-89
23/03/2021;23/03/2021 20:20:00;THE WIDOW;A VIÚVA DAS SOMBRAS;E2100005000000;DUBLADO;NÃO;RÚSSIA;5005726;KINOPLEX IGUAÇU TOP SALA 06;35;6000037;1991;2387;NOVA IGUAÇU;RJ;EMPRESA CINEMAS SÃO LUIZ S/A;33.497.660/0001-89
23/03/2021;23/03/2021 20:20:00;THE WIDOW;A VIÚVA DAS SOMBRAS;E2100005000000;DUBLADO;NÃO;RÚSSIA;5005568;KINOPLEX NOVA IGUAÇU SALA 07;13;6000037;1991;33119;NOVA IGUAÇU;RJ;EMPRESA CINEMAS SÃO LUIZ S/A;33.497.660/0001-89
23/03/2021;23/03/2021 20:30:00;GREENLAND;DESTRUIÇÃO FINAL: O ÚLTIMO REFÚGIO;E2000418100000;DUBLADO;NÃO;ESTADOS UNIDOS;5004731;MULTIPLEX PARK LAGOS 3;27;6000002;3136;27345;CABO FRIO;RJ;MSA EMPRESA CINEMATOGRÁFICA LTDA;03.608.600/0001-25
23/03/2021;23/03/2021 20:30:00;LUCICREIDE VAI PRA MARTE;;B1900421800000;ORIGINAL;NÃO;BRASIL;5002385;MULTIPLEX CAXIAS SHOPPING 5;7;6000002;3136;14685;DUQUE DE CAXIAS;RJ;MSA EMPRESA CINEMATOGRÁFICA LTDA;03.608.600/0001-25
23/03/2021;23/03/2021 20:30:00;LUCICREIDE VAI PRA MARTE;;B1900421800000;ORIGINAL;NÃO;BRASIL;5006125;MULTIPLEX VOLTA REDONDA IV;3;6000002;3136;41384;VOLTA REDONDA;RJ;MSA EMPRESA CINEMATOGRÁFICA LTDA;03.608.600/0001-25
23/03/2021;23/03/2021 20:30:00;MONSTER HUNTER;MONSTER HUNTER;E2000403800000;DUBLADO;NÃO;ESTADOS UNIDOS;5002382;MULTIPLEX CAXIAS SHOPPING 6;9;6000002;3136;14685;DUQUE DE CAXIAS;RJ;MSA EMPRESA CINEMATOGRÁFICA LTDA;03.608.600/0001-25
23/03/2021;23/03/2021 20:30:00;RAYA AND THE LAST DRAGON;RAYA E O ÚLTIMO DRAGÃO;E2100035300000;DUBLADO;NÃO;ESTADOS UNIDOS;5004732;MULTIPLEX PARK LAGOS 4;9;6000002;3136;27345;CABO FRIO;RJ;MSA EMPRESA CINEMATOGRÁFICA LTDA;03.608.600/0001-25
23/03/2021;23/03/2021 20:30:00;THE WIDOW;A VIÚVA DAS SOMBRAS;E2100005000000;DUBLADO;NÃO;RÚSSIA;5006494;CINE INTER SANTA INES 02;22;6000140;44834;44835;SANTA INÊS;MA;CINEINTER EXIBICOES CINEMATOGRAFICAS LTDA;35.477.354/0001-06
23/03/2021;23/03/2021 20:30:00;THE WIDOW;A VIÚVA DAS SOMBRAS;E2100005000000;DUBLADO;NÃO;RÚSSIA;5004880;CIRCUITO CINEMAS PBAS- SALA 02;0;6000028;15568;27873;PARAUAPEBAS;PA;CIRCUITO ENTRETENIMENTO E CINEMAS LTDA;08.068.712/0001-54
23/03/2021;23/03/2021 20:30:00;WONDER WOMAN 1984;MULHER-MARAVILHA 1984;E2000170200000;DUBLADO;NÃO;CANADÁ;5005717;MAXI MOVIE UNAMAR 2;4;6000107;34615;34616;CABO FRIO;RJ;MF 3000 - EMPREENDIMENTOS E PARTICIPAÇÕES LTDA-ME;17.498.681/0001-62
23/03/2021;23/03/2021 20:45:00;FOLLOW ME;SEM SAÍDA;E2100006300000;DUBLADO;NÃO;ESTADOS UNIDOS;5006083;CINE GRACHER PORTO BELO SALA 01;0;6000032;5979;40771;PORTO BELO;SC;CINE GRACHER LTDA;07.272.690/0001-87
23/03/2021;23/03/2021 20:45:00;FOLLOW ME;SEM SAÍDA;E2100006300000;DUBLADO;NÃO;ESTADOS UNIDOS;5006111;CINE GRACHER SÃO BENTO 01;1;6000032;5979;41056;SÃO BENTO DO SUL;SC;CINE GRACHER LTDA;07.272.690/0001-87
23/03/2021;23/03/2021 20:45:00;MONSTER HUNTER;MONSTER HUNTER;E2000403800000;DUBLADO;NÃO;ESTADOS UNIDOS;5005543;CINE COLOMBO RESENDE SALA 01;0;6000008;15833;33011;RESENDE;RJ;CINE A LTDA;10.894.937/0001-01
23/03/2021;23/03/2021 20:45:00;MONSTER HUNTER;MONSTER HUNTER;E2000403800000;DUBLADO;NÃO;ESTADOS UNIDOS;5006084;CINE GRACHER PORTO BELO SALA 02;2;6000032;5979;40771;PORTO BELO;SC;CINE GRACHER LTDA;07.272.690/0001-87
23/03/2021;23/03/2021 20:45:00;MONSTER HUNTER;MONSTER HUNTER;E2000403800000;DUBLADO;NÃO;ESTADOS UNIDOS;5006112;CINE GRACHER SÃO BENTO 02;0;6000032;5979;41056;SÃO BENTO DO SUL;SC;CINE GRACHER LTDA;07.272.690/0001-87
23/03/2021;23/03/2021 20:45:00;MONSTER HUNTER;MONSTER HUNTER;E2000403800000;DUBLADO;NÃO;ESTADOS UNIDOS;5006124;MULTIPLEX VOLTA REDONDA III;0;6000002;3136;41384;VOLTA REDONDA;RJ;MSA EMPRESA CINEMATOGRÁFICA LTDA;03.608.600/0001-25
23/03/2021;23/03/2021 20:45:00;RAYA AND THE LAST DRAGON;RAYA E O ÚLTIMO DRAGÃO;E2100035300000;DUBLADO;NÃO;ESTADOS UNIDOS;5006085;CINE GRACHER PORTO BELO SALA 03;0;6000032;5979;40771;PORTO BELO;SC;CINE GRACHER LTDA;07.272.690/0001-87
23/03/2021;23/03/2021 20:45:00;RAYA AND THE LAST DRAGON;RAYA E O ÚLTIMO DRAGÃO;E2100035300000;DUBLADO;NÃO;ESTADOS UNIDOS;5006113;CINE GRACHER SÃO BENTO 03;1;6000032;5979;41056;SÃO BENTO DO SUL;SC;CINE GRACHER LTDA;07.272.690/0001-87
23/03/2021;23/03/2021 20:45:00;THE WIDOW;A VIÚVA DAS SOMBRAS;E2100005000000;DUBLADO;NÃO;RÚSSIA;5006086;CINE GRACHER PORTO BELO SALA 04;7;6000032;5979;40771;PORTO BELO;SC;CINE GRACHER LTDA;07.272.690/0001-87
23/03/2021;23/03/2021 20:45:00;THE WIDOW;A VIÚVA DAS SOMBRAS;E2100005000000;DUBLADO;NÃO;RÚSSIA;5006114;CINE GRACHER SÃO BENTO 04;0;6000032;5979;41056;SÃO BENTO DO SUL;SC;CINE GRACHER LTDA;07.272.690/0001-87
23/03/2021;23/03/2021 20:50:00;FOLLOW ME;SEM SAÍDA;E2100006300000;DUBLADO;NÃO;ESTADOS UNIDOS;5006057;CINE GRACHER JOAÇABA SALA 02;2;6000032;5979;40234;JOAÇABA;SC;CINE GRACHER LTDA;07.272.690/0001-87
23/03/2021;23/03/2021 20:50:00;RAYA AND THE LAST DRAGON;RAYA E O ÚLTIMO DRAGÃO;E2100035300000;DUBLADO;NÃO;ESTADOS UNIDOS;5006056;CINE GRACHER JOAÇABA SALA 01;3;6000032;5979;40234;JOAÇABA;SC;CINE GRACHER LTDA;07.272.690/0001-87
23/03/2021;23/03/2021 20:50:00;THE WIDOW;A VIÚVA DAS SOMBRAS;E2100005000000;DUBLADO;NÃO;RÚSSIA;5006058;CINE GRACHER JOAÇABA SALA 03;0;6000032;5979;40234;JOAÇABA;SC;CINE GRACHER LTDA;07.272.690/0001-87
23/03/2021;23/03/2021 21:00:00;THE WIDOW;A VIÚVA DAS SOMBRAS;E2100005000000;DUBLADO;NÃO;RÚSSIA;5003445;CINE SHOW BARRA DO PIRAÍ 01;3;6000025;2973;20984;BARRA DO PIRAÍ;RJ;TATU FILMES LTDA;72.089.667/0001-13
23/03/2021;23/03/2021 21:00:00;THE WIDOW;A VIÚVA DAS SOMBRAS;E2100005000000;DUBLADO;NÃO;RÚSSIA;5002384;MULTIPLEX CAXIAS SHOPPING 3;16;6000002;3136;14685;DUQUE DE CAXIAS;RJ;MSA EMPRESA CINEMATOGRÁFICA LTDA;03.608.600/0001-25
23/03/2021;23/03/2021 21:00:00;THE WIDOW;A VIÚVA DAS SOMBRAS;E2100005000000;DUBLADO;NÃO;RÚSSIA;5004729;MULTIPLEX PARK LAGOS 1;19;6000002;3136;27345;CABO FRIO;RJ;MSA EMPRESA CINEMATOGRÁFICA LTDA;03.608.600/0001-25
23/03/2021;23/03/2021 21:00:00;THE WIDOW;A VIÚVA DAS SOMBRAS;E2100005000000;DUBLADO;NÃO;RÚSSIA;5006126;MULTIPLEX VOLTA REDONDA V;6;6000002;3136;41384;VOLTA REDONDA;RJ;MSA EMPRESA CINEMATOGRÁFICA LTDA;03.608.600/0001-25
23/03/2021;23/03/2021 21:00:00;TOM & JERRY;TOM & JERRY - O FILME;E2000553800000;DUBLADO;NÃO;ESTADOS UNIDOS;5004502;CINE GRACHER ESPAÇO HAVAN 2;0;6000032;5979;26111;BRUSQUE;SC;CINE GRACHER LTDA;07.272.690/0001-87
23/03/2021;23/03/2021 21:00:01;DEPOIS A LOUCA SOU EU;;B2000078000000;ORIGINAL;NÃO;BRASIL;5006490;CM CINEMAS BACAXA 1;0;6000016;44751;44760;SAQUAREMA;RJ;CRYK CINEMA BACAXA LTDA;35.282.350/0001-72
23/03/2021;23/03/2021 21:15:00;AMIGAS DE SORTE;;B1900594800000;ORIGINAL;NÃO;BRASIL;5005546;CINE COLOMBO RESENDE SALA 04;29;6000008;15833;33011;RESENDE;RJ;CINE A LTDA;10.894.937/0001-01
23/03/2021;23/03/2021 21:15:00;FOLLOW ME;SEM SAÍDA;E2100006300000;DUBLADO;NÃO;ESTADOS UNIDOS;5005998;CINE GRACHER INDAIAL - SALA 01;0;6000032;5979;39283;INDAIAL;SC;CINE GRACHER LTDA;07.272.690/0001-87
23/03/2021;23/03/2021 21:15:00;FOLLOW ME;SEM SAÍDA;E2100006300000;DUBLADO;NÃO;ESTADOS UNIDOS;5001862;CINE GRACHER LTDA;0;6000032;5979;6687;BRUSQUE;SC;CINE GRACHER LTDA;07.272.690/0001-87
23/03/2021;23/03/2021 21:15:00;FOLLOW ME;SEM SAÍDA;E2100006300000;DUBLADO;NÃO;ESTADOS UNIDOS;5005291;CINE GRACHER PORTO UNIÃO SALA 02;0;6000032;5979;30780;PORTO UNIÃO;SC;CINE GRACHER LTDA;07.272.690/0001-87
23/03/2021;23/03/2021 21:15:00;MONSTER HUNTER;MONSTER HUNTER;E2000403800000;DUBLADO;NÃO;ESTADOS UNIDOS;5005999;CINE GRACHER INDAIAL - SALA 02;3;6000032;5979;39283;INDAIAL;SC;CINE GRACHER LTDA;07.272.690/0001-87
23/03/2021;23/03/2021 21:15:00;MONSTER HUNTER;MONSTER HUNTER;E2000403800000;DUBLADO;NÃO;ESTADOS UNIDOS;5001860;CINE GRACHER LTDA;0;6000032;5979;6687;BRUSQUE;SC;CINE GRACHER LTDA;07.272.690/0001-87
23/03/2021;23/03/2021 21:15:00;RAYA AND THE LAST DRAGON;RAYA E O ÚLTIMO DRAGÃO;E2100035300000;DUBLADO;NÃO;ESTADOS UNIDOS;5004504;CINE GRACHER ESPAÇO HAVAN 1;0;6000032;5979;26111;BRUSQUE;SC;CINE GRACHER LTDA;07.272.690/0001-87
23/03/2021;23/03/2021 21:15:00;RAYA AND THE LAST DRAGON;RAYA E O ÚLTIMO DRAGÃO;E2100035300000;DUBLADO;NÃO;ESTADOS UNIDOS;5006000;CINE GRACHER INDAIAL - SALA 03;4;6000032;5979;39283;INDAIAL;SC;CINE GRACHER LTDA;07.272.690/0001-87
23/03/2021;23/03/2021 21:15:00;RAYA AND THE LAST DRAGON;RAYA E O ÚLTIMO DRAGÃO;E2100035300000;DUBLADO;NÃO;ESTADOS UNIDOS;5005290;CINE GRACHER PORTO UNIÃO SALA 01;0;6000032;5979;30780;PORTO UNIÃO;SC;CINE GRACHER LTDA;07.272.690/0001-87
23/03/2021;23/03/2021 21:15:00;THE WIDOW;A VIÚVA DAS SOMBRAS;E2100005000000;DUBLADO;NÃO;RÚSSIA;5004503;CINE GRACHER ESPAÇO HAVAN 3;0;6000032;5979;26111;BRUSQUE;SC;CINE GRACHER LTDA;07.272.690/0001-87
23/03/2021;23/03/2021 21:15:00;THE WIDOW;A VIÚVA DAS SOMBRAS;E2100005000000;DUBLADO;NÃO;RÚSSIA;5006001;CINE GRACHER INDAIAL - SALA 04;2;6000032;5979;39283;INDAIAL;SC;CINE GRACHER LTDA;07.272.690/0001-87
23/03/2021;23/03/2021 21:15:00;THE WIDOW;A VIÚVA DAS SOMBRAS;E2100005000000;DUBLADO;NÃO;RÚSSIA;5005292;CINE GRACHER PORTO UNIÃO SALA 03;0;6000032;5979;30780;PORTO UNIÃO;SC;CINE GRACHER LTDA;07.272.690/0001-87
23/03/2021;23/03/2021 21:15:00;TOM & JERRY;TOM & JERRY - O FILME;E2000553800000;DUBLADO;NÃO;ESTADOS UNIDOS;5001861;CINE GRACHER LTDA;0;6000032;5979;6687;BRUSQUE;SC;CINE GRACHER LTDA;07.272.690/0001-87
23/03/2021;23/03/2021 21:20:00;THE WIDOW;A VIÚVA DAS SOMBRAS;E2100005000000;DUBLADO;NÃO;RÚSSIA;5006491;CM CINEMAS BACAXA 2;0;6000016;44751;44760;SAQUAREMA;RJ;CRYK CINEMA BACAXA LTDA;35.282.350/0001-72
24/03/2021;24/03/2021 12:00:00;MONSTER HUNTER;MONSTER HUNTER;E2000403800000;DUBLADO;NÃO;ESTADOS UNIDOS;5004249;GOIABEIRAS 2;0;6000018;1843;24765;CUIABÁ;MT;CINEMARK BRASIL S.A;00.779.721/0001-41
24/03/2021;24/03/2021 12:00:00;TOM & JERRY;TOM & JERRY - O FILME;E2000553800000;DUBLADO;NÃO;ESTADOS UNIDOS;5004253;GOIABEIRAS 6;0;6000018;1843;24765;CUIABÁ;MT;CINEMARK BRASIL S.A;00.779.721/0001-41
24/03/2021;24/03/2021 12:40:00;THE WIDOW;A VIÚVA DAS SOMBRAS;E2100005000000;DUBLADO;NÃO;RÚSSIA;5004251;GOIABEIRAS 4;0;6000018;1843;24765;CUIABÁ;MT;CINEMARK BRASIL S.A;00.779.721/0001-41
24/03/2021;24/03/2021 13:00:00;LUCICREIDE VAI PRA MARTE;;B1900421800000;ORIGINAL;NÃO;BRASIL;5006293;CINEMARK SÃO GONÇALO 05;0;6000018;1843;42886;SÃO GONÇALO;RJ;CINEMARK BRASIL S.A;00.779.721/0001-41
24/03/2021;24/03/2021 13:00:00;RAYA AND THE LAST DRAGON;RAYA E O ÚLTIMO DRAGÃO;E2100035300000;DUBLADO;NÃO;ESTADOS UNIDOS;5006259;CIRCUITO PONTA PORA 03;0;6000028;15568;42557;PONTA PORÃ;MS;CIRCUITO ENTRETENIMENTO E CINEMAS LTDA;08.068.712/0001-54
24/03/2021;24/03/2021 13:00:00;TOM & JERRY;TOM & JERRY - O FILME;E2000553800000;DUBLADO;NÃO;ESTADOS UNIDOS;5002565;CINE CATARATAS 2;9;;15565;15566;FOZ DO IGUAÇU;PR;CINE CATARATAS LTDA;09.010.219/0001-46
24/03/2021;24/03/2021 13:00:00;TOM & JERRY;TOM & JERRY - O FILME;E2000553800000;DUBLADO;NÃO;ESTADOS UNIDOS;5004252;GOIABEIRAS 5;0;6000018;1843;24765;CUIABÁ;MT;CINEMARK BRASIL S.A;00.779.721/0001-41
24/03/2021;24/03/2021 13:20:00;MONSTER HUNTER;MONSTER HUNTER;E2000403800000;DUBLADO;NÃO;ESTADOS UNIDOS;5006258;CIRCUITO PONTA PORA 02;0;6000028;15568;42557;PONTA PORÃ;MS;CIRCUITO ENTRETENIMENTO E CINEMAS LTDA;08.068.712/0001-54
24/03/2021;24/03/2021 13:20:00;MONSTER HUNTER;MONSTER HUNTER;E2000403800000;DUBLADO;NÃO;ESTADOS UNIDOS;5004248;GOIABEIRAS 1;0;6000018;1843;24765;CUIABÁ;MT;CINEMARK BRASIL S.A;00.779.721/0001-41
24/03/2021;24/03/2021 13:40:00;TOM & JERRY;TOM & JERRY - O FILME;E2000553800000;DUBLADO;NÃO;ESTADOS UNIDOS;5006289;CINEMARK SÃO GONÇALO 01;0;6000018;1843;42886;SÃO GONÇALO;RJ;CINEMARK BRASIL S.A;00.779.721/0001-41
24/03/2021;24/03/2021 13:40:00;TOM & JERRY;TOM & JERRY - O FILME;E2000553800000;DUBLADO;NÃO;ESTADOS UNIDOS;5004250;GOIABEIRAS 3;0;6000018;1843;24765;CUIABÁ;MT;CINEMARK BRASIL S.A;00.779.721/0001-41
24/03/2021;24/03/2021 13:50:00;DEPOIS A LOUCA SOU EU;;B2000078000000;ORIGINAL;NÃO;BRASIL;5004254;GOIABEIRAS 7;1;6000018;1843;24765;CUIABÁ;MT;CINEMARK BRASIL S.A;00.779.721/0001-41
24/03/2021;24/03/2021 14:00:00;RAYA AND THE LAST DRAGON;RAYA E O ÚLTIMO DRAGÃO;E2100035300000;DUBLADO;NÃO;ESTADOS UNIDOS;5006657;SALA CINE VIEIRA 01;0;;47551;47598;SÃO BENTO;PB;COSTA E VIEIRA EMPREENDIMENTOS LTDA;10.866.528/0001-00
24/03/2021;24/03/2021 14:00:00;THE WIDOW;A VIÚVA DAS SOMBRAS;E2100005000000;DUBLADO;NÃO;RÚSSIA;5001634;CINE TERESINA 1;2;;2140;6595;TERESINA;PI;CINEMAS TERESINA LTDA;02.142.566/0001-83
24/03/2021;24/03/2021 14:00:00;THE WIDOW;A VIÚVA DAS SOMBRAS;E2100005000000;DUBLADO;NÃO;RÚSSIA;5006257;CIRCUITO PONTA PORA 01;0;6000028;15568;42557;PONTA PORÃ;MS;CIRCUITO ENTRETENIMENTO E CINEMAS LTDA;08.068.712/0001-54
24/03/2021;24/03/2021 14:00:00;TOM & JERRY;TOM & JERRY - O FILME;E2000553800000;DUBLADO;NÃO;ESTADOS UNIDOS;5006059;CENTERPLEX BOULEVARD 01;5;6000006;40317;40318;VITÓRIA DA CONQUISTA;BA;CINE ELI BAHIA CINEMAS LTDA - EM RECUPERACAO JUDICIAL;30.096.740/0001-34
24/03/2021;24/03/2021 14:00:00;TOM & JERRY;TOM & JERRY - O FILME;E2000553800000;DUBLADO;NÃO;ESTADOS UNIDOS;5004880;CIRCUITO CINEMAS PBAS- SALA 02;0;6000028;15568;27873;PARAUAPEBAS;PA;CIRCUITO ENTRETENIMENTO E CINEMAS LTDA;08.068.712/0001-54
24/03/2021;24/03/2021 14:00:00;WONDER WOMAN 1984;MULHER-MARAVILHA 1984;E2000170200000;DUBLADO;NÃO;CANADÁ;5005647;CINE TERESINA 4;7;;2140;6595;TERESINA;PI;CINEMAS TERESINA LTDA;02.142.566/0001-83
24/03/2021;24/03/2021 14:10:00;RAYA AND THE LAST DRAGON;RAYA E O ÚLTIMO DRAGÃO;E2100035300000;DUBLADO;NÃO;ESTADOS UNIDOS;5005307;CINEFLIX VÁRZEA GRANDE SHOPPING - SALA 4;2;6000014;24534;31101;VÁRZEA GRANDE;MT;REDECINE BSB CINEMATOGRÁFICA LTDA;18.087.870/0001-05
24/03/2021;24/03/2021 14:30:00;MONSTER HUNTER;MONSTER HUNTER;E2000403800000;DUBLADO;NÃO;ESTADOS UNIDOS;5006062;CENTERPLEX BOULEVARD 04;2;6000006;40317;40318;VITÓRIA DA CONQUISTA;BA;CINE ELI BAHIA CINEMAS LTDA - EM RECUPERACAO JUDICIAL;30.096.740/0001-34
24/03/2021;24/03/2021 14:30:00;MONSTER HUNTER;MONSTER HUNTER;E2000403800000;DUBLADO;NÃO;ESTADOS UNIDOS;5005304;CINEFLIX VÁRZEA GRANDE SHOPPING - SALA 1;6;6000014;24534;31101;VÁRZEA GRANDE;MT;REDECINE BSB CINEMATOGRÁFICA LTDA;18.087.870/0001-05
24/03/2021;24/03/2021 14:30:00;MONSTER HUNTER;MONSTER HUNTER;E2000403800000;DUBLADO;NÃO;ESTADOS UNIDOS;5004881;CIRCUITO CINEMAS PBAS- SALA 03;0;6000028;15568;27873;PARAUAPEBAS;PA;CIRCUITO ENTRETENIMENTO E CINEMAS LTDA;08.068.712/0001-54
24/03/2021;24/03/2021 14:30:00;TOM & JERRY;TOM & JERRY - O FILME;E2000553800000;DUBLADO;NÃO;ESTADOS UNIDOS;5006291;CINEMARK SÃO GONÇALO 03;0;6000018;1843;42886;SÃO GONÇALO;RJ;CINEMARK BRASIL S.A;00.779.721/0001-41
24/03/2021;24/03/2021 14:30:00;TOM & JERRY;TOM & JERRY - O FILME;E2000553800000;DUBLADO;NÃO;ESTADOS UNIDOS;5005094;CINÉPOLIS SÃO GONÇALO SHOPPING - SALA 3;9;6000024;17266;30088;SÃO GONÇALO;RJ;CINEPOLIS OPERADORA DE CINEMAS DO BRASIL LTDA;09.652.820/0001-32
24/03/2021;24/03/2021 14:30:00;TOM & JERRY;TOM & JERRY - O FILME;E2000553800000;DUBLADO;NÃO;ESTADOS UNIDOS;5004253;GOIABEIRAS 6;10;6000018;1843;24765;CUIABÁ;MT;CINEMARK BRASIL S.A;00.779.721/0001-41
24/03/2021;24/03/2021 14:30:00;TOM & JERRY;TOM & JERRY - O FILME;E2000553800000;DUBLADO;NÃO;ESTADOS UNIDOS;5001963;KINOPLEX NOVA AMÉRICA SALA 07;0;6000037;1991;2426;RIO DE JANEIRO;RJ;EMPRESA CINEMAS SÃO LUIZ S/A;33.497.660/0001-89
24/03/2021;24/03/2021 14:35:00;MONSTER HUNTER;MONSTER HUNTER;E2000403800000;DUBLADO;NÃO;ESTADOS UNIDOS;5004249;GOIABEIRAS 2;0;6000018;1843;24765;CUIABÁ;MT;CINEMARK BRASIL S.A;00.779.721/0001-41
24/03/2021;24/03/2021 14:40:00;TOM & JERRY;TOM & JERRY - O FILME;E2000553800000;DUBLADO;NÃO;ESTADOS UNIDOS;5005305;CINEFLIX VÁRZEA GRANDE SHOPPING - SALA 2;3;6000014;24534;31101;VÁRZEA GRANDE;MT;REDECINE BSB CINEMATOGRÁFICA LTDA;18.087.870/0001-05
24/03/2021;24/03/2021 14:40:00;TOM & JERRY;TOM & JERRY - O FILME;E2000553800000;DUBLADO;NÃO;ESTADOS UNIDOS;5001958;KINOPLEX NOVA AMÉRICA SALA 02;0;6000037;1991;2426;RIO DE JANEIRO;RJ;EMPRESA CINEMAS SÃO LUIZ S/A;33.497.660/0001-89
24/03/2021;24/03/2021 14:45:00;JUDAS AND THE BLACK MESSIAH;JUDAS E O MESSIAS NEGRO;E2100040400000;ORIGINAL;SIM;ESTADOS UNIDOS;5002176;KINOPLEX TIJUCA SALA 01;0;6000037;11751;13416;RIO DE JANEIRO;RJ;SR RIO DE JANEIRO CINEMAS S/A;08.262.566/0001-01
24/03/2021;24/03/2021 14:45:00;JUDAS AND THE BLACK MESSIAH;JUDAS E O MESSIAS NEGRO;E2100040400000;ORIGINAL;SIM;ESTADOS UNIDOS;5001932;SALA KINOPLEX LEBLON SALA 02;0;6000037;11751;11752;RIO DE JANEIRO;RJ;SR RIO DE JANEIRO CINEMAS S/A;08.262.566/0001-01
24/03/2021;24/03/2021 14:45:00;JUDAS AND THE BLACK MESSIAH;JUDAS E O MESSIAS NEGRO;E2100040400000;ORIGINAL;SIM;ESTADOS UNIDOS;5000075;SÃO LUIZ 1;0;6000037;1991;2392;RIO DE JANEIRO;RJ;EMPRESA CINEMAS SÃO LUIZ S/A;33.497.660/0001-89
24/03/2021;24/03/2021 14:45:00;TOM & JERRY;TOM & JERRY - O FILME;E2000553800000;DUBLADO;NÃO;ESTADOS UNIDOS;5006260;CIRCUITO PONTA PORA 04;0;6000028;15568;42557;PONTA PORÃ;MS;CIRCUITO ENTRETENIMENTO E CINEMAS LTDA;08.068.712/0001-54
24/03/2021;24/03/2021 15:00:00;DEPOIS A LOUCA SOU EU;;B2000078000000;DUBLADO;NÃO;BRASIL;5005206;CINÉPOLIS RIO POTY SALA 10;5;6000024;17266;30352;TERESINA;PI;CINEPOLIS OPERADORA DE CINEMAS DO BRASIL LTDA;09.652.820/0001-32
24/03/2021;24/03/2021 15:00:00;LUCICREIDE VAI PRA MARTE;;B1900421800000;ORIGINAL;NÃO;BRASIL;5006060;CENTERPLEX BOULEVARD 02;4;6000006;40317;40318;VITÓRIA DA CONQUISTA;BA;CINE ELI BAHIA CINEMAS LTDA - EM RECUPERACAO JUDICIAL;30.096.740/0001-34
24/03/2021;24/03/2021 15:00:00;MONSTER HUNTER;MONSTER HUNTER;E2000403800000;DUBLADO;NÃO;ESTADOS UNIDOS;5005092;CINÉPOLIS SÃO GONÇALO SHOPPING - SALA 1;0;6000024;17266;30088;SÃO GONÇALO;RJ;CINEPOLIS OPERADORA DE CINEMAS DO BRASIL LTDA;09.652.820/0001-32
24/03/2021;24/03/2021 15:00:00;MONSTER HUNTER;MONSTER HUNTER;E2000403800000;DUBLADO;NÃO;ESTADOS UNIDOS;5001281;MULTIPLEX PANTANAL SHOPPING VIII (STADIUM);9;6000002;3136;4399;CUIABÁ;MT;MSA EMPRESA CINEMATOGRÁFICA LTDA;03.608.600/0001-25
24/03/2021;24/03/2021 15:00:00;RAYA AND THE LAST DRAGON;RAYA E O ÚLTIMO DRAGÃO;E2100035300000;DUBLADO;NÃO;ESTADOS UNIDOS;5005639;CINESHOW TUBARÃO SALA 02;3;6000025;33770;33771;TUBARÃO;SC;TUBARÃO FILMES LTDA;24.971.903/0001-88
24/03/2021;24/03/2021 15:00:00;RAYA AND THE LAST DRAGON;RAYA E O ÚLTIMO DRAGÃO;E2100035300000;DUBLADO;NÃO;ESTADOS UNIDOS;5004879;CIRCUITO CINEMAS PBAS- SALA 01;0;6000028;15568;27873;PARAUAPEBAS;PA;CIRCUITO ENTRETENIMENTO E CINEMAS LTDA;08.068.712/0001-54
24/03/2021;24/03/2021 15:00:00;RAYA AND THE LAST DRAGON;RAYA E O ÚLTIMO DRAGÃO;E2100035300000;DUBLADO;NÃO;ESTADOS UNIDOS;5000210;IGUATEMI 1;0;6000037;1991;2425;RIO DE JANEIRO;RJ;EMPRESA CINEMAS SÃO LUIZ S/A;33.497.660/0001-89
24/03/2021;24/03/2021 15:00:00;RAYA AND THE LAST DRAGON;RAYA E O ÚLTIMO DRAGÃO;E2100035300000;DUBLADO;NÃO;ESTADOS UNIDOS;5001959;KINOPLEX NOVA AMÉRICA SALA 03;0;6000037;1991;2426;RIO DE JANEIRO;RJ;EMPRESA CINEMAS SÃO LUIZ S/A;33.497.660/0001-89
24/03/2021;24/03/2021 15:00:00;RAYA AND THE LAST DRAGON;RAYA E O ÚLTIMO DRAGÃO;E2100035300000;DUBLADO;NÃO;ESTADOS UNIDOS;5001962;KINOPLEX NOVA AMÉRICA SALA 06;0;6000037;1991;2426;RIO DE JANEIRO;RJ;EMPRESA CINEMAS SÃO LUIZ S/A;33.497.660/0001-89
24/03/2021;24/03/2021 15:00:00;RAYA AND THE LAST DRAGON;RAYA E O ÚLTIMO DRAGÃO;E2100035300000;DUBLADO;NÃO;ESTADOS UNIDOS;5000066;KINOPLEX RIO SUL - SALA KINOEVOLUTIUM 02;0;6000037;1991;2390;RIO DE JANEIRO;RJ;EMPRESA CINEMAS SÃO LUIZ S/A;33.497.660/0001-89
24/03/2021;24/03/2021 15:00:00;RAYA AND THE LAST DRAGON;RAYA E O ÚLTIMO DRAGÃO;E2100035300000;DUBLADO;NÃO;ESTADOS UNIDOS;5002180;KINOPLEX TIJUCA SALA 06;0;6000037;11751;13416;RIO DE JANEIRO;RJ;SR RIO DE JANEIRO CINEMAS S/A;08.262.566/0001-01
24/03/2021;24/03/2021 15:00:00;RAYA AND THE LAST DRAGON;RAYA E O ÚLTIMO DRAGÃO;E2100035300000;DUBLADO;NÃO;ESTADOS UNIDOS;5001930;SALA KINOPLEX LEBLON SALA 01;0;6000037;11751;11752;RIO DE JANEIRO;RJ;SR RIO DE JANEIRO CINEMAS S/A;08.262.566/0001-01
24/03/2021;24/03/2021 15:00:00;RAYA AND THE LAST DRAGON;RAYA E O ÚLTIMO DRAGÃO;E2100035300000;DUBLADO;NÃO;ESTADOS UNIDOS;5000062;SALA KINOPLEX MADUREIRA 02;0;6000037;1991;2389;RIO DE JANEIRO;RJ;EMPRESA CINEMAS SÃO LUIZ S/A;33.497.660/0001-89
24/03/2021;24/03/2021 15:00:00;RAYA AND THE LAST DRAGON;RAYA E O ÚLTIMO DRAGÃO;E2100035300000;DUBLADO;NÃO;ESTADOS UNIDOS;5000077;SÃO LUIZ 3;0;6000037;1991;2392;RIO DE JANEIRO;RJ;EMPRESA CINEMAS SÃO LUIZ S/A;33.497.660/0001-89
24/03/2021;24/03/2021 15:00:00;THE WIDOW;A VIÚVA DAS SOMBRAS;E2100005000000;DUBLADO;NÃO;RÚSSIA;5004251;GOIABEIRAS 4;0;6000018;1843;24765;CUIABÁ;MT;CINEMARK BRASIL S.A;00.779.721/0001-41
24/03/2021;24/03/2021 15:00:00;THE WIDOW;A VIÚVA DAS SOMBRAS;E2100005000000;DUBLADO;NÃO;RÚSSIA;5006649;GRUPOCINE TUCURUI 03;3;6000034;44276;47310;TUCURUÍ;PA;EMPRESA CINEMATOGRAFICA BOMBOCINE LTDA;21.298.337/0001-05
24/03/2021;24/03/2021 15:00:00;THE WIDOW;A VIÚVA DAS SOMBRAS;E2100005000000;DUBLADO;NÃO;RÚSSIA;5001280;MULTIPLEX PANTANAL SHOPPING VII (STADIUM);3;6000002;3136;4399;CUIABÁ;MT;MSA EMPRESA CINEMATOGRÁFICA LTDA;03.608.600/0001-25
24/03/2021;24/03/2021 15:00:00;TOM & JERRY;TOM & JERRY - O FILME;E2000553800000;DUBLADO;NÃO;ESTADOS UNIDOS;5006644;PLAYARTE RORAIMA GARDEN SALA 03;1;6000049;39188;47248;BOA VISTA;RR;MULTIPLEX DO BRASIL ENTRETENIMENTO LTDA;27.595.833/0001-07
24/03/2021;24/03/2021 15:10:00;LUCICREIDE VAI PRA MARTE;;B1900421800000;ORIGINAL;NÃO;BRASIL;5000061;SALA KINOPLEX MADUREIRA 01;0;6000037;1991;2389;RIO DE JANEIRO;RJ;EMPRESA CINEMAS SÃO LUIZ S/A;33.497.660/0001-89
24/03/2021;24/03/2021 15:10:00;RAYA AND THE LAST DRAGON;RAYA E O ÚLTIMO DRAGÃO;E2100035300000;DUBLADO;NÃO;ESTADOS UNIDOS;5000208;KINOPLEX GRANDE RIO 5;7;6000037;1991;2424;SÃO JOÃO DE MERITI;RJ;EMPRESA CINEMAS SÃO LUIZ S/A;33.497.660/0001-89
24/03/2021;24/03/2021 15:10:00;RAYA AND THE LAST DRAGON;RAYA E O ÚLTIMO DRAGÃO;E2100035300000;DUBLADO;NÃO;ESTADOS UNIDOS;5004300;SALA VILA RICA 1 3D;1;;14637;14638;PRIMAVERA DO LESTE;MT;MAURICIO JOSE NICOLINO & CIA LTDA;05.724.035/0001-97
24/03/2021;24/03/2021 15:10:00;THE WIDOW;A VIÚVA DAS SOMBRAS;E2100005000000;DUBLADO;NÃO;RÚSSIA;5001960;KINOPLEX NOVA AMÉRICA SALA 04;0;6000037;1991;2426;RIO DE JANEIRO;RJ;EMPRESA CINEMAS SÃO LUIZ S/A;33.497.660/0001-89
24/03/2021;24/03/2021 15:15:00;RAYA AND THE LAST DRAGON;RAYA E O ÚLTIMO DRAGÃO;E2100035300000;DUBLADO;NÃO;ESTADOS UNIDOS;5005545;CINE COLOMBO RESENDE SALA 03;2;6000008;15833;33011;RESENDE;RJ;CINE A LTDA;10.894.937/0001-01
24/03/2021;24/03/2021 15:15:00;TOM & JERRY;TOM & JERRY - O FILME;E2000553800000;DUBLADO;NÃO;ESTADOS UNIDOS;5006063;CENTERPLEX BOULEVARD 05;5;6000006;40317;40318;VITÓRIA DA CONQUISTA;BA;CINE ELI BAHIA CINEMAS LTDA - EM RECUPERACAO JUDICIAL;30.096.740/0001-34
24/03/2021;24/03/2021 15:15:00;TOM & JERRY;TOM & JERRY - O FILME;E2000553800000;DUBLADO;NÃO;ESTADOS UNIDOS;5006491;CM CINEMAS BACAXA 2;0;6000016;44751;44760;SAQUAREMA;RJ;CRYK CINEMA BACAXA LTDA;35.282.350/0001-72
24/03/2021;24/03/2021 15:20:00;HONEST THIEF;LEGADO EXPLOSIVO;E2000416200000;DUBLADO;NÃO;ESTADOS UNIDOS;5005725;KINOPLEX IGUAÇU TOP SALA 05;0;6000037;1991;2387;NOVA IGUAÇU;RJ;EMPRESA CINEMAS SÃO LUIZ S/A;33.497.660/0001-89
24/03/2021;24/03/2021 15:20:00;LUCICREIDE VAI PRA MARTE;;B1900421800000;ORIGINAL;NÃO;BRASIL;5000213;IGUATEMI 4;0;6000037;1991;2425;RIO DE JANEIRO;RJ;EMPRESA CINEMAS SÃO LUIZ S/A;33.497.660/0001-89
24/03/2021;24/03/2021 15:20:00;LUCICREIDE VAI PRA MARTE;;B1900421800000;ORIGINAL;NÃO;BRASIL;5001957;KINOPLEX NOVA AMÉRICA SALA 01;0;6000037;1991;2426;RIO DE JANEIRO;RJ;EMPRESA CINEMAS SÃO LUIZ S/A;33.497.660/0001-89
24/03/2021;24/03/2021 15:20:00;LUCICREIDE VAI PRA MARTE;;B1900421800000;ORIGINAL;NÃO;BRASIL;5001662;ORIENT CINEPLACE BOULEVARD SHOPPING - SALA 3;4;6000046;2869;6630;FEIRA DE SANTANA;BA;FEIRA PLEXCINE LTDA.;04.547.950/0001-91
24/03/2021;24/03/2021 15:20:00;MONSTER HUNTER;MONSTER HUNTER;E2000403800000;DUBLADO;NÃO;ESTADOS UNIDOS;5005648;CINE TERESINA 5;9;;2140;6595;TERESINA;PI;CINEMAS TERESINA LTDA;02.142.566/0001-83
24/03/2021;24/03/2021 15:20:00;RAYA AND THE LAST DRAGON;RAYA E O ÚLTIMO DRAGÃO;E2100035300000;DUBLADO;NÃO;ESTADOS UNIDOS;5001636;CINE TERESINA 3;9;;2140;6595;TERESINA;PI;CINEMAS TERESINA LTDA;02.142.566/0001-83
24/03/2021;24/03/2021 15:20:00;RAYA AND THE LAST DRAGON;RAYA E O ÚLTIMO DRAGÃO;E2100035300000;DUBLADO;NÃO;ESTADOS UNIDOS;5006648;GRUPOCINE TUCURUI 02;1;6000034;44276;47310;TUCURUÍ;PA;EMPRESA CINEMATOGRAFICA BOMBOCINE LTDA;21.298.337/0001-05
24/03/2021;24/03/2021 15:20:00;THE WIDOW;A VIÚVA DAS SOMBRAS;E2100005000000;DUBLADO;NÃO;RÚSSIA;5006293;CINEMARK SÃO GONÇALO 05;12;6000018;1843;42886;SÃO GONÇALO;RJ;CINEMARK BRASIL S.A;00.779.721/0001-41
24/03/2021;24/03/2021 15:20:00;THE WIDOW;A VIÚVA DAS SOMBRAS;E2100005000000;DUBLADO;NÃO;RÚSSIA;5001961;KINOPLEX NOVA AMÉRICA SALA 05;0;6000037;1991;2426;RIO DE JANEIRO;RJ;EMPRESA CINEMAS SÃO LUIZ S/A;33.497.660/0001-89
24/03/2021;24/03/2021 15:30:00;DEPOIS A LOUCA SOU EU;;B2000078000000;ORIGINAL;NÃO;BRASIL;5001638;CINE TERESINA 7;2;;2140;6595;TERESINA;PI;CINEMAS TERESINA LTDA;02.142.566/0001-83
24/03/2021;24/03/2021 15:30:00;LUCICREIDE VAI PRA MARTE;;B1900421800000;ORIGINAL;NÃO;BRASIL;5003376;JARDIM GUADALUPE 05;0;6000002;3136;20404;RIO DE JANEIRO;RJ;MSA EMPRESA CINEMATOGRÁFICA LTDA;03.608.600/0001-25
24/03/2021;24/03/2021 15:30:00;MONSTER HUNTER;MONSTER HUNTER;E2000403800000;DUBLADO;NÃO;ESTADOS UNIDOS;5003443;CINE SHOW ANGRA DOS REIS - SALA 2;2;6000025;2973;20914;ANGRA DOS REIS;RJ;TATU FILMES LTDA;72.089.667/0001-13
24/03/2021;24/03/2021 15:30:00;MONSTER HUNTER;MONSTER HUNTER;E2000403800000;DUBLADO;NÃO;ESTADOS UNIDOS;5001091;CINE VOLTA REDONDA 02;9;6000025;2973;6743;VOLTA REDONDA;RJ;TATU FILMES LTDA;72.089.667/0001-13
24/03/2021;24/03/2021 15:30:00;MONSTER HUNTER;MONSTER HUNTER;E2000403800000;DUBLADO;NÃO;ESTADOS UNIDOS;5003374;JARDIM GUADALUPE 03;0;6000002;3136;20404;RIO DE JANEIRO;RJ;MSA EMPRESA CINEMATOGRÁFICA LTDA;03.608.600/0001-25
24/03/2021;24/03/2021 15:30:00;RAYA AND THE LAST DRAGON;RAYA E O ÚLTIMO DRAGÃO;E2100035300000;DUBLADO;NÃO;ESTADOS UNIDOS;5002566;CINE CATARATAS 3;1;;15565;15566;FOZ DO IGUAÇU;PR;CINE CATARATAS LTDA;09.010.219/0001-46
24/03/2021;24/03/2021 15:30:00;RAYA AND THE LAST DRAGON;RAYA E O ÚLTIMO DRAGÃO;E2100035300000;DUBLADO;NÃO;ESTADOS UNIDOS;5006000;CINE GRACHER INDAIAL - SALA 03;2;6000032;5979;39283;INDAIAL;SC;CINE GRACHER LTDA;07.272.690/0001-87
24/03/2021;24/03/2021 15:30:00;RAYA AND THE LAST DRAGON;RAYA E O ÚLTIMO DRAGÃO;E2100035300000;DUBLADO;NÃO;ESTADOS UNIDOS;5006056;CINE GRACHER JOAÇABA SALA 01;0;6000032;5979;40234;JOAÇABA;SC;CINE GRACHER LTDA;07.272.690/0001-87
24/03/2021;24/03/2021 15:30:00;RAYA AND THE LAST DRAGON;RAYA E O ÚLTIMO DRAGÃO;E2100035300000;DUBLADO;NÃO;ESTADOS UNIDOS;5006085;CINE GRACHER PORTO BELO SALA 03;0;6000032;5979;40771;PORTO BELO;SC;CINE GRACHER LTDA;07.272.690/0001-87
24/03/2021;24/03/2021 15:30:00;RAYA AND THE LAST DRAGON;RAYA E O ÚLTIMO DRAGÃO;E2100035300000;DUBLADO;NÃO;ESTADOS UNIDOS;5006113;CINE GRACHER SÃO BENTO 03;0;6000032;5979;41056;SÃO BENTO DO SUL;SC;CINE GRACHER LTDA;07.272.690/0001-87
24/03/2021;24/03/2021 15:30:00;RAYA AND THE LAST DRAGON;RAYA E O ÚLTIMO DRAGÃO;E2100035300000;DUBLADO;NÃO;ESTADOS UNIDOS;5006259;CIRCUITO PONTA PORA 03;0;6000028;15568;42557;PONTA PORÃ;MS;CIRCUITO ENTRETENIMENTO E CINEMAS LTDA;08.068.712/0001-54
24/03/2021;24/03/2021 15:30:00;RAYA AND THE LAST DRAGON;RAYA E O ÚLTIMO DRAGÃO;E2100035300000;DUBLADO;NÃO;ESTADOS UNIDOS;5003375;JARDIM GUADALUPE 04;0;6000002;3136;20404;RIO DE JANEIRO;RJ;MSA EMPRESA CINEMATOGRÁFICA LTDA;03.608.600/0001-25
24/03/2021;24/03/2021 15:30:00;RAYA AND THE LAST DRAGON;RAYA E O ÚLTIMO DRAGÃO;E2100035300000;DUBLADO;NÃO;ESTADOS UNIDOS;5005026;MULTIPLEX PATIO RORAIMA - SALA 1;2;6000002;3136;29179;BOA VISTA;RR;MSA EMPRESA CINEMATOGRÁFICA LTDA;03.608.600/0001-25
24/03/2021;24/03/2021 15:30:00;THE WIDOW;A VIÚVA DAS SOMBRAS;E2100005000000;DUBLADO;NÃO;RÚSSIA;5006061;CENTERPLEX BOULEVARD 03;3;6000006;40317;40318;VITÓRIA DA CONQUISTA;BA;CINE ELI BAHIA CINEMAS LTDA - EM RECUPERACAO JUDICIAL;30.096.740/0001-34
24/03/2021;24/03/2021 15:30:00;THE WIDOW;A VIÚVA DAS SOMBRAS;E2100005000000;DUBLADO;NÃO;RÚSSIA;5005095;CINÉPOLIS SÃO GONÇALO SHOPPING - SALA 4;0;6000024;17266;30088;SÃO GONÇALO;RJ;CINEPOLIS OPERADORA DE CINEMAS DO BRASIL LTDA;09.652.820/0001-32
24/03/2021;24/03/2021 15:30:00;THE WIDOW;A VIÚVA DAS SOMBRAS;E2100005000000;ORIGINAL;SIM;RÚSSIA;5005520;KINOPLEX RIO SUL - SALA PLATINUM 06;0;6000037;1991;2390;RIO DE JANEIRO;RJ;EMPRESA CINEMAS SÃO LUIZ S/A;33.497.660/0001-89
24/03/2021;24/03/2021 15:30:00;THE WIDOW;A VIÚVA DAS SOMBRAS;E2100005000000;DUBLADO;NÃO;RÚSSIA;5002175;KINOPLEX TIJUCA SALA 02;0;6000037;11751;13416;RIO DE JANEIRO;RJ;SR RIO DE JANEIRO CINEMAS S/A;08.262.566/0001-01
24/03/2021;24/03/2021 15:30:00;TOM & JERRY;TOM & JERRY - O FILME;E2000553800000;DUBLADO;NÃO;ESTADOS UNIDOS;5006057;CINE GRACHER JOAÇABA SALA 02;0;6000032;5979;40234;JOAÇABA;SC;CINE GRACHER LTDA;07.272.690/0001-87
24/03/2021;24/03/2021 15:30:00;TOM & JERRY;TOM & JERRY - O FILME;E2000553800000;DUBLADO;NÃO;ESTADOS UNIDOS;5005208;CINÉPOLIS RIO POTY SALA 12;2;6000024;17266;30352;TERESINA;PI;CINEPOLIS OPERADORA DE CINEMAS DO BRASIL LTDA;09.652.820/0001-32
24/03/2021;24/03/2021 15:30:00;TOM & JERRY;TOM & JERRY - O FILME;E2000553800000;DUBLADO;NÃO;ESTADOS UNIDOS;5003373;JARDIM GUADALUPE 02;0;6000002;3136;20404;RIO DE JANEIRO;RJ;MSA EMPRESA CINEMATOGRÁFICA LTDA;03.608.600/0001-25
24/03/2021;24/03/2021 15:30:00;TOM & JERRY;TOM & JERRY - O FILME;E2000553800000;DUBLADO;NÃO;ESTADOS UNIDOS;5002355;SALA VILA RICA 2 CONVENCIONAL;0;;14637;14638;PRIMAVERA DO LESTE;MT;MAURICIO JOSE NICOLINO & CIA LTDA;05.724.035/0001-97
24/03/2021;24/03/2021 15:40:00;FOLLOW ME;SEM SAÍDA;E2100006300000;DUBLADO;NÃO;ESTADOS UNIDOS;5000204;KINOPLEX GRANDE RIO 1;11;6000037;1991;2424;SÃO JOÃO DE MERITI;RJ;EMPRESA CINEMAS SÃO LUIZ S/A;33.497.660/0001-89
24/03/2021;24/03/2021 15:40:00;THE WITCHES;CONVENÇÃO DAS BRUXAS;E2000396100000;DUBLADO;NÃO;ESTADOS UNIDOS;5006642;PLAYARTE RORAIMA GARDEN SALA 01;0;6000049;39188;47248;BOA VISTA;RR;MULTIPLEX DO BRASIL ENTRETENIMENTO LTDA;27.595.833/0001-07
24/03/2021;24/03/2021 15:40:00;TOM & JERRY;TOM & JERRY - O FILME;E2000553800000;DUBLADO;NÃO;ESTADOS UNIDOS;5001635;CINE TERESINA 2;2;;2140;6595;TERESINA;PI;CINEMAS TERESINA LTDA;02.142.566/0001-83
24/03/2021;24/03/2021 15:45:00;AMIGAS DE SORTE;;B1900594800000;ORIGINAL;NÃO;BRASIL;5005546;CINE COLOMBO RESENDE SALA 04;27;6000008;15833;33011;RESENDE;RJ;CINE A LTDA;10.894.937/0001-01
24/03/2021;24/03/2021 15:45:00;MONSTER HUNTER;MONSTER HUNTER;E2000403800000;DUBLADO;NÃO;ESTADOS UNIDOS;5006258;CIRCUITO PONTA PORA 02;0;6000028;15568;42557;PONTA PORÃ;MS;CIRCUITO ENTRETENIMENTO E CINEMAS LTDA;08.068.712/0001-54
24/03/2021;24/03/2021 15:45:00;THE WIDOW;A VIÚVA DAS SOMBRAS;E2100005000000;DUBLADO;NÃO;RÚSSIA;5005395;CINE SHOW ANGRA DOS REIS - SALA 4;0;6000025;2973;20914;ANGRA DOS REIS;RJ;TATU FILMES LTDA;72.089.667/0001-13
24/03/2021;24/03/2021 15:45:00;TOM & JERRY;TOM & JERRY - O FILME;E2000553800000;DUBLADO;NÃO;ESTADOS UNIDOS;5004252;GOIABEIRAS 5;0;6000018;1843;24765;CUIABÁ;MT;CINEMARK BRASIL S.A;00.779.721/0001-41
24/03/2021;24/03/2021 15:45:00;TOM & JERRY;TOM & JERRY - O FILME;E2000553800000;DUBLADO;NÃO;ESTADOS UNIDOS;5002381;MULTIPLEX CAXIAS SHOPPING 4;5;6000002;3136;14685;DUQUE DE CAXIAS;RJ;MSA EMPRESA CINEMATOGRÁFICA LTDA;03.608.600/0001-25
24/03/2021;24/03/2021 15:50:00;LUCICREIDE VAI PRA MARTE;;B1900421800000;ORIGINAL;NÃO;BRASIL;5001637;CINE TERESINA 6;5;;2140;6595;TERESINA;PI;CINEMAS TERESINA LTDA;02.142.566/0001-83
24/03/2021;24/03/2021 15:50:00;TOM & JERRY;TOM & JERRY - O FILME;E2000553800000;DUBLADO;NÃO;ESTADOS UNIDOS;5000205;KINOPLEX GRANDE RIO 2;6;6000037;1991;2424;SÃO JOÃO DE MERITI;RJ;EMPRESA CINEMAS SÃO LUIZ S/A;33.497.660/0001-89
24/03/2021;24/03/2021 15:50:00;WONDER WOMAN 1984;MULHER-MARAVILHA 1984;E2000170200000;DUBLADO;NÃO;CANADÁ;5006643;PLAYARTE RORAIMA GARDEN SALA 02;0;6000049;39188;47248;BOA VISTA;RR;MULTIPLEX DO BRASIL ENTRETENIMENTO LTDA;27.595.833/0001-07
24/03/2021;24/03/2021 16:00:00;LUCICREIDE VAI PRA MARTE;;B1900421800000;ORIGINAL;NÃO;BRASIL;5000207;KINOPLEX GRANDE RIO 4;11;6000037;1991;2424;SÃO JOÃO DE MERITI;RJ;EMPRESA CINEMAS SÃO LUIZ S/A;33.497.660/0001-89
24/03/2021;24/03/2021 16:00:00;MONSTER HUNTER;MONSTER HUNTER;E2000403800000;DUBLADO;NÃO;ESTADOS UNIDOS;5005999;CINE GRACHER INDAIAL - SALA 02;1;6000032;5979;39283;INDAIAL;SC;CINE GRACHER LTDA;07.272.690/0001-87
24/03/2021;24/03/2021 16:00:00;MONSTER HUNTER;MONSTER HUNTER;E2000403800000;DUBLADO;NÃO;ESTADOS UNIDOS;5001861;CINE GRACHER LTDA;0;6000032;5979;6687;BRUSQUE;SC;CINE GRACHER LTDA;07.272.690/0001-87
24/03/2021;24/03/2021 16:00:00;MONSTER HUNTER;MONSTER HUNTER;E2000403800000;DUBLADO;NÃO;ESTADOS UNIDOS;5006084;CINE GRACHER PORTO BELO SALA 02;0;6000032;5979;40771;PORTO BELO;SC;CINE GRACHER LTDA;07.272.690/0001-87
24/03/2021;24/03/2021 16:00:00;MONSTER HUNTER;MONSTER HUNTER;E2000403800000;DUBLADO;NÃO;ESTADOS UNIDOS;5006112;CINE GRACHER SÃO BENTO 02;2;6000032;5979;41056;SÃO BENTO DO SUL;SC;CINE GRACHER LTDA;07.272.690/0001-87
24/03/2021;24/03/2021 16:00:00;MONSTER HUNTER;MONSTER HUNTER;E2000403800000;DUBLADO;NÃO;ESTADOS UNIDOS;5004248;GOIABEIRAS 1;0;6000018;1843;24765;CUIABÁ;MT;CINEMARK BRASIL S.A;00.779.721/0001-41
24/03/2021;24/03/2021 16:00:00;MONSTER HUNTER;MONSTER HUNTER;E2000403800000;DUBLADO;NÃO;ESTADOS UNIDOS;5006647;GRUPOCINE TUCURUI 01;0;6000034;44276;47310;TUCURUÍ;PA;EMPRESA CINEMATOGRAFICA BOMBOCINE LTDA;21.298.337/0001-05
24/03/2021;24/03/2021 16:00:00;MONSTER HUNTER;MONSTER HUNTER;E2000403800000;DUBLADO;NÃO;ESTADOS UNIDOS;5002382;MULTIPLEX CAXIAS SHOPPING 6;3;6000002;3136;14685;DUQUE DE CAXIAS;RJ;MSA EMPRESA CINEMATOGRÁFICA LTDA;03.608.600/0001-25
24/03/2021;24/03/2021 16:00:00;RAYA AND THE LAST DRAGON;RAYA E O ÚLTIMO DRAGÃO;E2100035300000;DUBLADO;NÃO;ESTADOS UNIDOS;5004504;CINE GRACHER ESPAÇO HAVAN 1;0;6000032;5979;26111;BRUSQUE;SC;CINE GRACHER LTDA;07.272.690/0001-87
24/03/2021;24/03/2021 16:00:00;RAYA AND THE LAST DRAGON;RAYA E O ÚLTIMO DRAGÃO;E2100035300000;DUBLADO;NÃO;ESTADOS UNIDOS;5001860;CINE GRACHER LTDA;1;6000032;5979;6687;BRUSQUE;SC;CINE GRACHER LTDA;07.272.690/0001-87
24/03/2021;24/03/2021 16:00:00;RAYA AND THE LAST DRAGON;RAYA E O ÚLTIMO DRAGÃO;E2100035300000;DUBLADO;NÃO;ESTADOS UNIDOS;5005290;CINE GRACHER PORTO UNIÃO SALA 01;0;6000032;5979;30780;PORTO UNIÃO;SC;CINE GRACHER LTDA;07.272.690/0001-87
24/03/2021;24/03/2021 16:00:00;RAYA AND THE LAST DRAGON;RAYA E O ÚLTIMO DRAGÃO;E2100035300000;DUBLADO;NÃO;ESTADOS UNIDOS;5001279;MULTIPLEX PANTANAL SHOPPING VI (STADIUM);8;6000002;3136;4399;CUIABÁ;MT;MSA EMPRESA CINEMATOGRÁFICA LTDA;03.608.600/0001-25
24/03/2021;24/03/2021 16:00:00;RAYA AND THE LAST DRAGON;RAYA E O ÚLTIMO DRAGÃO;E2100035300000;DUBLADO;NÃO;ESTADOS UNIDOS;5005028;MULTIPLEX PATIO RORAIMA - SALA 3;7;6000002;3136;29179;BOA VISTA;RR;MSA EMPRESA CINEMATOGRÁFICA LTDA;03.608.600/0001-25
24/03/2021;24/03/2021 16:00:00;SPUTNIK;ESTRANHO PASSSAGEIRO - SPUTNIK;E2000513800000;DUBLADO;NÃO;RÚSSIA;5006645;PLAYARTE RORAIMA GARDEN SALA 04;4;6000049;39188;47248;BOA VISTA;RR;MULTIPLEX DO BRASIL ENTRETENIMENTO LTDA;27.595.833/0001-07
24/03/2021;24/03/2021 16:00:00;THE WIDOW;A VIÚVA DAS SOMBRAS;E2100005000000;DUBLADO;NÃO;RÚSSIA;5006484;CINE + ARTE SOMBRIO 01;0;6000103;44714;44715;SOMBRIO;SC;CINE + ARTE SOMBRIO LTDA;35.505.937/0001-01
24/03/2021;24/03/2021 16:00:00;THE WIDOW;A VIÚVA DAS SOMBRAS;E2100005000000;DUBLADO;NÃO;RÚSSIA;5006058;CINE GRACHER JOAÇABA SALA 03;2;6000032;5979;40234;JOAÇABA;SC;CINE GRACHER LTDA;07.272.690/0001-87
24/03/2021;24/03/2021 16:00:00;THE WIDOW;A VIÚVA DAS SOMBRAS;E2100005000000;DUBLADO;NÃO;RÚSSIA;5006086;CINE GRACHER PORTO BELO SALA 04;0;6000032;5979;40771;PORTO BELO;SC;CINE GRACHER LTDA;07.272.690/0001-87
24/03/2021;24/03/2021 16:00:00;THE WIDOW;A VIÚVA DAS SOMBRAS;E2100005000000;DUBLADO;NÃO;RÚSSIA;5006114;CINE GRACHER SÃO BENTO 04;0;6000032;5979;41056;SÃO BENTO DO SUL;SC;CINE GRACHER LTDA;07.272.690/0001-87
24/03/2021;24/03/2021 16:00:00;THE WIDOW;A VIÚVA DAS SOMBRAS;E2100005000000;DUBLADO;NÃO;RÚSSIA;5004913;CINE SHOW AGULHAS NEGRAS SALA 02;4;6000025;2977;28018;RESENDE;RJ;JUBARTE FILMES LTDA-ME;05.297.810/0001-75
24/03/2021;24/03/2021 16:00:00;THE WIDOW;A VIÚVA DAS SOMBRAS;E2100005000000;DUBLADO;NÃO;RÚSSIA;5001093;CINE VOLTA REDONDA 04;2;6000025;2973;6743;VOLTA REDONDA;RJ;TATU FILMES LTDA;72.089.667/0001-13
24/03/2021;24/03/2021 16:00:00;THE WIDOW;A VIÚVA DAS SOMBRAS;E2100005000000;DUBLADO;NÃO;RÚSSIA;5005638;CINESHOW TUBARÃO SALA 03;2;6000025;33770;33771;TUBARÃO;SC;TUBARÃO FILMES LTDA;24.971.903/0001-88
24/03/2021;24/03/2021 16:00:00;THE WIDOW;A VIÚVA DAS SOMBRAS;E2100005000000;DUBLADO;NÃO;RÚSSIA;5002385;MULTIPLEX CAXIAS SHOPPING 5;17;6000002;3136;14685;DUQUE DE CAXIAS;RJ;MSA EMPRESA CINEMATOGRÁFICA LTDA;03.608.600/0001-25
24/03/2021;24/03/2021 16:00:00;TOM & JERRY;TOM & JERRY - O FILME;E2000553800000;DUBLADO;NÃO;ESTADOS UNIDOS;5004502;CINE GRACHER ESPAÇO HAVAN 2;0;6000032;5979;26111;BRUSQUE;SC;CINE GRACHER LTDA;07.272.690/0001-87
24/03/2021;24/03/2021 16:00:00;TOM & JERRY;TOM & JERRY - O FILME;E2000553800000;DUBLADO;NÃO;ESTADOS UNIDOS;5006083;CINE GRACHER PORTO BELO SALA 01;0;6000032;5979;40771;PORTO BELO;SC;CINE GRACHER LTDA;07.272.690/0001-87
24/03/2021;24/03/2021 16:00:00;TOM & JERRY;TOM & JERRY - O FILME;E2000553800000;DUBLADO;NÃO;ESTADOS UNIDOS;5005291;CINE GRACHER PORTO UNIÃO SALA 02;0;6000032;5979;30780;PORTO UNIÃO;SC;CINE GRACHER LTDA;07.272.690/0001-87
24/03/2021;24/03/2021 16:00:00;TOM & JERRY;TOM & JERRY - O FILME;E2000553800000;DUBLADO;NÃO;ESTADOS UNIDOS;5006111;CINE GRACHER SÃO BENTO 01;4;6000032;5979;41056;SÃO BENTO DO SUL;SC;CINE GRACHER LTDA;07.272.690/0001-87
24/03/2021;24/03/2021 16:00:00;TOM & JERRY;TOM & JERRY - O FILME;E2000553800000;DUBLADO;NÃO;ESTADOS UNIDOS;5005204;CINÉPOLIS RIO POTY SALA 8;2;6000024;17266;30352;TERESINA;PI;CINEPOLIS OPERADORA DE CINEMAS DO BRASIL LTDA;09.652.820/0001-32
24/03/2021;24/03/2021 16:00:00;WONDER WOMAN 1984;MULHER-MARAVILHA 1984;E2000170200000;DUBLADO;NÃO;CANADÁ;5001862;CINE GRACHER LTDA;0;6000032;5979;6687;BRUSQUE;SC;CINE GRACHER LTDA;07.272.690/0001-87
24/03/2021;24/03/2021 16:00:00;WONDER WOMAN 1984;MULHER-MARAVILHA 1984;E2000170200000;DUBLADO;NÃO;CANADÁ;5005099;CINÉPOLIS SÃO GONÇALO SHOPPING - SALA 8;2;6000024;17266;30088;SÃO GONÇALO;RJ;CINEPOLIS OPERADORA DE CINEMAS DO BRASIL LTDA;09.652.820/0001-32
24/03/2021;24/03/2021 16:00:01;WONDER WOMAN 1984;MULHER-MARAVILHA 1984;E2000170200000;DUBLADO;NÃO;CANADÁ;5005543;CINE COLOMBO RESENDE SALA 01;0;6000008;15833;33011;RESENDE;RJ;CINE A LTDA;10.894.937/0001-01
24/03/2021;24/03/2021 16:10:00;RED SHOES AND THE SEVEN DWARF;SAPATINHO VERMELHO E OS SETE ANÕES;E2000138100000;DUBLADO;NÃO;CORÉIA DO SUL;5006657;SALA CINE VIEIRA 01;2;;47551;47598;SÃO BENTO;PB;COSTA E VIEIRA EMPREENDIMENTOS LTDA;10.866.528/0001-00
24/03/2021;24/03/2021 16:10:00;THE WIDOW;A VIÚVA DAS SOMBRAS;E2100005000000;ORIGINAL;SIM;RÚSSIA;5001634;CINE TERESINA 1;5;;2140;6595;TERESINA;PI;CINEMAS TERESINA LTDA;02.142.566/0001-83
24/03/2021;24/03/2021 16:10:00;THE WIDOW;A VIÚVA DAS SOMBRAS;E2100005000000;DUBLADO;NÃO;RÚSSIA;5006257;CIRCUITO PONTA PORA 01;0;6000028;15568;42557;PONTA PORÃ;MS;CIRCUITO ENTRETENIMENTO E CINEMAS LTDA;08.068.712/0001-54
24/03/2021;24/03/2021 16:10:00;TOM & JERRY;TOM & JERRY - O FILME;E2000553800000;DUBLADO;NÃO;ESTADOS UNIDOS;5006289;CINEMARK SÃO GONÇALO 01;4;6000018;1843;42886;SÃO GONÇALO;RJ;CINEMARK BRASIL S.A;00.779.721/0001-41
24/03/2021;24/03/2021 16:15:00;RAYA AND THE LAST DRAGON;RAYA E O ÚLTIMO DRAGÃO;E2100035300000;DUBLADO;NÃO;ESTADOS UNIDOS;5002384;MULTIPLEX CAXIAS SHOPPING 3;15;6000002;3136;14685;DUQUE DE CAXIAS;RJ;MSA EMPRESA CINEMATOGRÁFICA LTDA;03.608.600/0001-25
24/03/2021;24/03/2021 16:15:00;THE WIDOW;A VIÚVA DAS SOMBRAS;E2100005000000;DUBLADO;NÃO;RÚSSIA;5004880;CIRCUITO CINEMAS PBAS- SALA 02;0;6000028;15568;27873;PARAUAPEBAS;PA;CIRCUITO ENTRETENIMENTO E CINEMAS LTDA;08.068.712/0001-54
24/03/2021;24/03/2021 16:15:00;THE WIDOW;A VIÚVA DAS SOMBRAS;E2100005000000;DUBLADO;NÃO;RÚSSIA;5004254;GOIABEIRAS 7;0;6000018;1843;24765;CUIABÁ;MT;CINEMARK BRASIL S.A;00.779.721/0001-41
24/03/2021;24/03/2021 16:15:00;WONDER WOMAN 1984;MULHER-MARAVILHA 1984;E2000170200000;DUBLADO;NÃO;CANADÁ;5004250;GOIABEIRAS 3;0;6000018;1843;24765;CUIABÁ;MT;CINEMARK BRASIL S.A;00.779.721/0001-41
24/03/2021;24/03/2021 16:20:00;MONSTER HUNTER;MONSTER HUNTER;E2000403800000;DUBLADO;NÃO;ESTADOS UNIDOS;5002565;CINE CATARATAS 2;5;;15565;15566;FOZ DO IGUAÇU;PR;CINE CATARATAS LTDA;09.010.219/0001-46
24/03/2021;24/03/2021 16:20:00;THE WIDOW;A VIÚVA DAS SOMBRAS;E2100005000000;DUBLADO;NÃO;RÚSSIA;5000209;KINOPLEX GRANDE RIO 6;6;6000037;1991;2424;SÃO JOÃO DE MERITI;RJ;EMPRESA CINEMAS SÃO LUIZ S/A;33.497.660/0001-89
24/03/2021;24/03/2021 16:25:00;RAYA AND THE LAST DRAGON;RAYA E O ÚLTIMO DRAGÃO;E2100035300000;DUBLADO;NÃO;ESTADOS UNIDOS;5006490;CM CINEMAS BACAXA 1;0;6000016;44751;44760;SAQUAREMA;RJ;CRYK CINEMA BACAXA LTDA;35.282.350/0001-72
24/03/2021;24/03/2021 16:30:00;GREENLAND;DESTRUIÇÃO FINAL: O ÚLTIMO REFÚGIO;E2000418100000;DUBLADO;NÃO;ESTADOS UNIDOS;5004729;MULTIPLEX PARK LAGOS 1;2;6000002;3136;27345;CABO FRIO;RJ;MSA EMPRESA CINEMATOGRÁFICA LTDA;03.608.600/0001-25
24/03/2021;24/03/2021 16:30:00;JUDAS AND THE BLACK MESSIAH;JUDAS E O MESSIAS NEGRO;E2100040400000;ORIGINAL;SIM;ESTADOS UNIDOS;5005199;CINÉPOLIS RIO POTY SALA 03-VIP;0;6000024;17266;30352;TERESINA;PI;CINEPOLIS OPERADORA DE CINEMAS DO BRASIL LTDA;09.652.820/0001-32
24/03/2021;24/03/2021 16:30:00;MONSTER HUNTER;MONSTER HUNTER;E2000403800000;DUBLADO;NÃO;ESTADOS UNIDOS;5001088;SALA CINE RESENDE 02;2;6000025;2977;6644;RESENDE;RJ;JUBARTE FILMES LTDA-ME;05.297.810/0001-75
24/03/2021;24/03/2021 16:30:00;RAYA AND THE LAST DRAGON;RAYA E O ÚLTIMO DRAGÃO;E2100035300000;DUBLADO;NÃO;ESTADOS UNIDOS;5000192;BAY MARKET SALA 01;0;6000037;1991;2419;NITERÓI;RJ;EMPRESA CINEMAS SÃO LUIZ S/A;33.497.660/0001-89
24/03/2021;24/03/2021 16:30:00;THE WIDOW;A VIÚVA DAS SOMBRAS;E2100005000000;DUBLADO;NÃO;RÚSSIA;5004503;CINE GRACHER ESPAÇO HAVAN 3;4;6000032;5979;26111;BRUSQUE;SC;CINE GRACHER LTDA;07.272.690/0001-87
24/03/2021;24/03/2021 16:30:00;THE WIDOW;A VIÚVA DAS SOMBRAS;E2100005000000;DUBLADO;NÃO;RÚSSIA;5006001;CINE GRACHER INDAIAL - SALA 04;0;6000032;5979;39283;INDAIAL;SC;CINE GRACHER LTDA;07.272.690/0001-87
24/03/2021;24/03/2021 16:30:00;THE WIDOW;A VIÚVA DAS SOMBRAS;E2100005000000;DUBLADO;NÃO;RÚSSIA;5005292;CINE GRACHER PORTO UNIÃO SALA 03;2;6000032;5979;30780;PORTO UNIÃO;SC;CINE GRACHER LTDA;07.272.690/0001-87
24/03/2021;24/03/2021 16:30:00;TOM & JERRY;TOM & JERRY - O FILME;E2000553800000;DUBLADO;NÃO;ESTADOS UNIDOS;5005998;CINE GRACHER INDAIAL - SALA 01;5;6000032;5979;39283;INDAIAL;SC;CINE GRACHER LTDA;07.272.690/0001-87
24/03/2021;24/03/2021 16:30:00;TOM & JERRY;TOM & JERRY - O FILME;E2000553800000;DUBLADO;NÃO;ESTADOS UNIDOS;5006126;MULTIPLEX VOLTA REDONDA V;1;6000002;3136;41384;VOLTA REDONDA;RJ;MSA EMPRESA CINEMATOGRÁFICA LTDA;03.608.600/0001-25
24/03/2021;24/03/2021 16:40:00;RAYA AND THE LAST DRAGON;RAYA E O ÚLTIMO DRAGÃO;E2100035300000;DUBLADO;NÃO;ESTADOS UNIDOS;5005307;CINEFLIX VÁRZEA GRANDE SHOPPING - SALA 4;2;6000014;24534;31101;VÁRZEA GRANDE;MT;REDECINE BSB CINEMATOGRÁFICA LTDA;18.087.870/0001-05
24/03/2021;24/03/2021 16:40:00;THE WIDOW;A VIÚVA DAS SOMBRAS;E2100005000000;DUBLADO;NÃO;RÚSSIA;5006494;CINE INTER SANTA INES 02;4;6000140;44834;44835;SANTA INÊS;MA;CINEINTER EXIBICOES CINEMATOGRAFICAS LTDA;35.477.354/0001-06
24/03/2021;24/03/2021 16:40:00;TOM & JERRY;TOM & JERRY - O FILME;E2000553800000;DUBLADO;NÃO;ESTADOS UNIDOS;5006649;GRUPOCINE TUCURUI 03;3;6000034;44276;47310;TUCURUÍ;PA;EMPRESA CINEMATOGRAFICA BOMBOCINE LTDA;21.298.337/0001-05
24/03/2021;24/03/2021 16:45:00;MONSTER HUNTER;MONSTER HUNTER;E2000403800000;DUBLADO;NÃO;ESTADOS UNIDOS;5005029;MULTIPLEX PATIO RORAIMA - SALA 4;0;6000002;3136;29179;BOA VISTA;RR;MSA EMPRESA CINEMATOGRÁFICA LTDA;03.608.600/0001-25
24/03/2021;24/03/2021 16:50:00;JUDAS AND THE BLACK MESSIAH;JUDAS E O MESSIAS NEGRO;E2100040400000;ORIGINAL;SIM;ESTADOS UNIDOS;5005994;CINE BARRA POINT SALA 01;2;6000083;14200;39233;RIO DE JANEIRO;RJ;ARTE VITAL EXIBIÇÕES CINEMATOGRÁFICAS LTDA;03.459.043/0001-28
24/03/2021;24/03/2021 16:50:00;JUDAS AND THE BLACK MESSIAH;JUDAS E O MESSIAS NEGRO;E2100040400000;ORIGINAL;SIM;ESTADOS UNIDOS;5002323;CINE SANTA TERESA;1;6000083;14200;14201;RIO DE JANEIRO;RJ;ARTE VITAL EXIBIÇÕES CINEMATOGRÁFICAS LTDA;03.459.043/0001-28
24/03/2021;24/03/2021 16:50:00;MONSTER HUNTER;MONSTER HUNTER;E2000403800000;DUBLADO;NÃO;ESTADOS UNIDOS;5005304;CINEFLIX VÁRZEA GRANDE SHOPPING - SALA 1;2;6000014;24534;31101;VÁRZEA GRANDE;MT;REDECINE BSB CINEMATOGRÁFICA LTDA;18.087.870/0001-05
24/03/2021;24/03/2021 16:50:00;RAYA AND THE LAST DRAGON;RAYA E O ÚLTIMO DRAGÃO;E2100035300000;DUBLADO;NÃO;ESTADOS UNIDOS;5006138;SALA CINE GUEDES 03;4;;23266;23267;PATOS;PB;LILIANE ROCHA DE MEDEIROS GUEDES-ME;16.844.526/0001-98
24/03/2021;24/03/2021 16:50:00;TOM & JERRY;TOM & JERRY - O FILME;E2000553800000;DUBLADO;NÃO;ESTADOS UNIDOS;5005394;CINE SHOW ANGRA DOS REIS - SALA 3;4;6000025;2973;20914;ANGRA DOS REIS;RJ;TATU FILMES LTDA;72.089.667/0001-13
24/03/2021;24/03/2021 16:50:00;TOM & JERRY;TOM & JERRY - O FILME;E2000553800000;DUBLADO;NÃO;ESTADOS UNIDOS;5001092;CINE VOLTA REDONDA 03;3;6000025;2973;6743;VOLTA REDONDA;RJ;TATU FILMES LTDA;72.089.667/0001-13
24/03/2021;24/03/2021 16:50:00;TOM & JERRY;TOM & JERRY - O FILME;E2000553800000;DUBLADO;NÃO;ESTADOS UNIDOS;5005640;CINESHOW TUBARÃO SALA 01;2;6000025;33770;33771;TUBARÃO;SC;TUBARÃO FILMES LTDA;24.971.903/0001-88
24/03/2021;24/03/2021 16:50:00;TOM & JERRY;TOM & JERRY - O FILME;E2000553800000;DUBLADO;NÃO;ESTADOS UNIDOS;5001087;SALA CINE RESENDE 01;8;6000025;2977;6644;RESENDE;RJ;JUBARTE FILMES LTDA-ME;05.297.810/0001-75
24/03/2021;24/03/2021 17:00:00;MONSTER HUNTER;MONSTER HUNTER;E2000403800000;DUBLADO;NÃO;ESTADOS UNIDOS;5006291;CINEMARK SÃO GONÇALO 03;4;6000018;1843;42886;SÃO GONÇALO;RJ;CINEMARK BRASIL S.A;00.779.721/0001-41
24/03/2021;24/03/2021 17:00:00;MONSTER HUNTER;MONSTER HUNTER;E2000403800000;DUBLADO;NÃO;ESTADOS UNIDOS;5004881;CIRCUITO CINEMAS PBAS- SALA 03;0;6000028;15568;27873;PARAUAPEBAS;PA;CIRCUITO ENTRETENIMENTO E CINEMAS LTDA;08.068.712/0001-54
24/03/2021;24/03/2021 17:00:00;THE WIDOW;A VIÚVA DAS SOMBRAS;E2100005000000;DUBLADO;NÃO;RÚSSIA;5005030;MULTIPLEX PATIO RORAIMA - SALA 5;8;6000002;3136;29179;BOA VISTA;RR;MSA EMPRESA CINEMATOGRÁFICA LTDA;03.608.600/0001-25
24/03/2021;24/03/2021 17:00:00;TOM & JERRY;TOM & JERRY - O FILME;E2000553800000;DUBLADO;NÃO;ESTADOS UNIDOS;5005094;CINÉPOLIS SÃO GONÇALO SHOPPING - SALA 3;0;6000024;17266;30088;SÃO GONÇALO;RJ;CINEPOLIS OPERADORA DE CINEMAS DO BRASIL LTDA;09.652.820/0001-32
24/03/2021;24/03/2021 17:00:00;TOM & JERRY;TOM & JERRY - O FILME;E2000553800000;DUBLADO;NÃO;ESTADOS UNIDOS;5004253;GOIABEIRAS 6;0;6000018;1843;24765;CUIABÁ;MT;CINEMARK BRASIL S.A;00.779.721/0001-41
24/03/2021;24/03/2021 17:00:00;TOM & JERRY;TOM & JERRY - O FILME;E2000553800000;DUBLADO;NÃO;ESTADOS UNIDOS;5001281;MULTIPLEX PANTANAL SHOPPING VIII (STADIUM);2;6000002;3136;4399;CUIABÁ;MT;MSA EMPRESA CINEMATOGRÁFICA LTDA;03.608.600/0001-25
24/03/2021;24/03/2021 17:00:00;TOM & JERRY;TOM & JERRY - O FILME;E2000553800000;DUBLADO;NÃO;ESTADOS UNIDOS;5005971;PLANET NITEROI - SALA 04;5;6000048;25436;38804;NITERÓI;RJ;SRS PLANET CINEMAS LTDA;13.250.172/0001-65
24/03/2021;24/03/2021 17:00:00;WONDER WOMAN 1984;MULHER-MARAVILHA 1984;E2000170200000;DUBLADO;NÃO;CANADÁ;5005206;CINÉPOLIS RIO POTY SALA 10;2;6000024;17266;30352;TERESINA;PI;CINEPOLIS OPERADORA DE CINEMAS DO BRASIL LTDA;09.652.820/0001-32
24/03/2021;24/03/2021 17:05:00;MONSTER HUNTER;MONSTER HUNTER;E2000403800000;ORIGINAL;SIM;ESTADOS UNIDOS;5004249;GOIABEIRAS 2;0;6000018;1843;24765;CUIABÁ;MT;CINEMARK BRASIL S.A;00.779.721/0001-41
24/03/2021;24/03/2021 17:10:00;THE ASSENT;POSSESSÃO - O ÚLTIMO ESTÁGIO;E2000049600000;DUBLADO;NÃO;ESTADOS UNIDOS;5006644;PLAYARTE RORAIMA GARDEN SALA 03;0;6000049;39188;47248;BOA VISTA;RR;MULTIPLEX DO BRASIL ENTRETENIMENTO LTDA;27.595.833/0001-07
24/03/2021;24/03/2021 17:10:00;THE WIDOW;A VIÚVA DAS SOMBRAS;E2100005000000;DUBLADO;NÃO;RÚSSIA;5005305;CINEFLIX VÁRZEA GRANDE SHOPPING - SALA 2;2;6000014;24534;31101;VÁRZEA GRANDE;MT;REDECINE BSB CINEMATOGRÁFICA LTDA;18.087.870/0001-05
24/03/2021;24/03/2021 17:10:00;WONDER WOMAN 1984;MULHER-MARAVILHA 1984;E2000170200000;DUBLADO;NÃO;CANADÁ;5005647;CINE TERESINA 4;0;;2140;6595;TERESINA;PI;CINEMAS TERESINA LTDA;02.142.566/0001-83
24/03/2021;24/03/2021 17:15:00;RAYA AND THE LAST DRAGON;RAYA E O ÚLTIMO DRAGÃO;E2100035300000;DUBLADO;NÃO;ESTADOS UNIDOS;5006127;MULTIPLEX VOLTA REDONDA VI;6;6000002;3136;41384;VOLTA REDONDA;RJ;MSA EMPRESA CINEMATOGRÁFICA LTDA;03.608.600/0001-25
24/03/2021;24/03/2021 17:15:00;RAYA AND THE LAST DRAGON;RAYA E O ÚLTIMO DRAGÃO;E2100035300000;DUBLADO;NÃO;ESTADOS UNIDOS;5004300;SALA VILA RICA 1 3D;3;;14637;14638;PRIMAVERA DO LESTE;MT;MAURICIO JOSE NICOLINO & CIA LTDA;05.724.035/0001-97
24/03/2021;24/03/2021 17:15:00;THE WIDOW;A VIÚVA DAS SOMBRAS;E2100005000000;DUBLADO;NÃO;RÚSSIA;5006491;CM CINEMAS BACAXA 2;0;6000016;44751;44760;SAQUAREMA;RJ;CRYK CINEMA BACAXA LTDA;35.282.350/0001-72
24/03/2021;24/03/2021 17:15:00;TOM & JERRY;TOM & JERRY - O FILME;E2000553800000;DUBLADO;NÃO;ESTADOS UNIDOS;5006260;CIRCUITO PONTA PORA 04;0;6000028;15568;42557;PONTA PORÃ;MS;CIRCUITO ENTRETENIMENTO E CINEMAS LTDA;08.068.712/0001-54
24/03/2021;24/03/2021 17:20:00;MONSTER HUNTER;MONSTER HUNTER;E2000403800000;DUBLADO;NÃO;ESTADOS UNIDOS;5002355;SALA VILA RICA 2 CONVENCIONAL;0;;14637;14638;PRIMAVERA DO LESTE;MT;MAURICIO JOSE NICOLINO & CIA LTDA;05.724.035/0001-97
24/03/2021;24/03/2021 17:20:00;RAYA AND THE LAST DRAGON;RAYA E O ÚLTIMO DRAGÃO;E2100035300000;DUBLADO;NÃO;ESTADOS UNIDOS;5006493;CINE INTER SANTA INES 01;1;6000140;44834;44835;SANTA INÊS;MA;CINEINTER EXIBICOES CINEMATOGRAFICAS LTDA;35.477.354/0001-06
24/03/2021;24/03/2021 17:20:00;RAYA AND THE LAST DRAGON;RAYA E O ÚLTIMO DRAGÃO;E2100035300000;DUBLADO;NÃO;ESTADOS UNIDOS;5003442;CINE SHOW ANGRA DOS REIS - SALA 1;2;6000025;2973;20914;ANGRA DOS REIS;RJ;TATU FILMES LTDA;72.089.667/0001-13
24/03/2021;24/03/2021 17:20:00;RAYA AND THE LAST DRAGON;RAYA E O ÚLTIMO DRAGÃO;E2100035300000;DUBLADO;NÃO;ESTADOS UNIDOS;5001090;CINE VOLTA REDONDA 01;3;6000025;2973;6743;VOLTA REDONDA;RJ;TATU FILMES LTDA;72.089.667/0001-13
24/03/2021;24/03/2021 17:20:00;RAYA AND THE LAST DRAGON;RAYA E O ÚLTIMO DRAGÃO;E2100035300000;DUBLADO;NÃO;ESTADOS UNIDOS;5005639;CINESHOW TUBARÃO SALA 02;4;6000025;33770;33771;TUBARÃO;SC;TUBARÃO FILMES LTDA;24.971.903/0001-88
24/03/2021;24/03/2021 17:20:00;THE WIDOW;A VIÚVA DAS SOMBRAS;E2100005000000;ORIGINAL;SIM;RÚSSIA;5004251;GOIABEIRAS 4;0;6000018;1843;24765;CUIABÁ;MT;CINEMARK BRASIL S.A;00.779.721/0001-41
24/03/2021;24/03/2021 17:20:00;TOM & JERRY;TOM & JERRY - O FILME;E2000553800000;DUBLADO;NÃO;ESTADOS UNIDOS;5000057;KINOPLEX IGUAÇU TOP SALA 02;3;6000037;1991;2387;NOVA IGUAÇU;RJ;EMPRESA CINEMAS SÃO LUIZ S/A;33.497.660/0001-89
24/03/2021;24/03/2021 17:20:00;TOM & JERRY;TOM & JERRY - O FILME;E2000553800000;DUBLADO;NÃO;ESTADOS UNIDOS;5005566;KINOPLEX NOVA IGUAÇU SALA 05;4;6000037;1991;33119;NOVA IGUAÇU;RJ;EMPRESA CINEMAS SÃO LUIZ S/A;33.497.660/0001-89
24/03/2021;24/03/2021 17:20:00;WONDER WOMAN 1984;MULHER-MARAVILHA 1984;E2000170200000;DUBLADO;NÃO;CANADÁ;5000206;KINOPLEX GRANDE RIO 3;12;6000037;1991;2424;SÃO JOÃO DE MERITI;RJ;EMPRESA CINEMAS SÃO LUIZ S/A;33.497.660/0001-89
24/03/2021;24/03/2021 17:30:00;AMIGAS DE SORTE;;B1900594800000;ORIGINAL;NÃO;BRASIL;5005546;CINE COLOMBO RESENDE SALA 04;35;6000008;15833;33011;RESENDE;RJ;CINE A LTDA;10.894.937/0001-01
24/03/2021;24/03/2021 17:30:00;LUCICREIDE VAI PRA MARTE;;B1900421800000;DUBLADO;NÃO;BRASIL;5005092;CINÉPOLIS SÃO GONÇALO SHOPPING - SALA 1;5;6000024;17266;30088;SÃO GONÇALO;RJ;CINEPOLIS OPERADORA DE CINEMAS DO BRASIL LTDA;09.652.820/0001-32
24/03/2021;24/03/2021 17:30:00;LUCICREIDE VAI PRA MARTE;;B1900421800000;ORIGINAL;NÃO;BRASIL;5005567;KINOPLEX NOVA IGUAÇU SALA 06;7;6000037;1991;33119;NOVA IGUAÇU;RJ;EMPRESA CINEMAS SÃO LUIZ S/A;33.497.660/0001-89
24/03/2021;24/03/2021 17:30:00;MONSTER HUNTER;MONSTER HUNTER;E2000403800000;DUBLADO;NÃO;ESTADOS UNIDOS;5005200;CINÉPOLIS RIO POTY SALA 04-MACRO;10;6000024;17266;30352;TERESINA;PI;CINEPOLIS OPERADORA DE CINEMAS DO BRASIL LTDA;09.652.820/0001-32
24/03/2021;24/03/2021 17:30:00;MONSTER HUNTER;MONSTER HUNTER;E2000403800000;DUBLADO;NÃO;ESTADOS UNIDOS;5005969;PLANET NITEROI - SALA 02;0;6000048;25436;38804;NITERÓI;RJ;SRS PLANET CINEMAS LTDA;13.250.172/0001-65
24/03/2021;24/03/2021 17:30:00;RAYA AND THE LAST DRAGON;RAYA E O ÚLTIMO DRAGÃO;E2100035300000;DUBLADO;NÃO;ESTADOS UNIDOS;5005545;CINE COLOMBO RESENDE SALA 03;2;6000008;15833;33011;RESENDE;RJ;CINE A LTDA;10.894.937/0001-01
24/03/2021;24/03/2021 17:30:00;RAYA AND THE LAST DRAGON;RAYA E O ÚLTIMO DRAGÃO;E2100035300000;DUBLADO;NÃO;ESTADOS UNIDOS;5003154;CINEMAXX GLÓRIA ITAPERUNA;0;6000019;3152;19509;ITAPERUNA;RJ;SUL FLUMINENSE CINEMAS LTDA;06.649.108/0001-96
24/03/2021;24/03/2021 17:30:00;RAYA AND THE LAST DRAGON;RAYA E O ÚLTIMO DRAGÃO;E2100035300000;DUBLADO;NÃO;ESTADOS UNIDOS;5003038;CINEMAXX PARACAMBI;0;6000019;18569;18716;PARACAMBI;RJ;MP CINEMAS LTDA;12.983.519/0001-16
24/03/2021;24/03/2021 17:30:00;RAYA AND THE LAST DRAGON;RAYA E O ÚLTIMO DRAGÃO;E2100035300000;DUBLADO;NÃO;ESTADOS UNIDOS;5004879;CIRCUITO CINEMAS PBAS- SALA 01;0;6000028;15568;27873;PARAUAPEBAS;PA;CIRCUITO ENTRETENIMENTO E CINEMAS LTDA;08.068.712/0001-54
24/03/2021;24/03/2021 17:30:00;RAYA AND THE LAST DRAGON;RAYA E O ÚLTIMO DRAGÃO;E2100035300000;DUBLADO;NÃO;ESTADOS UNIDOS;5000056;KINOPLEX IGUAÇU TOP SALA 01 - KINOEVOLUTION;19;6000037;1991;2387;NOVA IGUAÇU;RJ;EMPRESA CINEMAS SÃO LUIZ S/A;33.497.660/0001-89
24/03/2021;24/03/2021 17:30:00;RAYA AND THE LAST DRAGON;RAYA E O ÚLTIMO DRAGÃO;E2100035300000;DUBLADO;NÃO;ESTADOS UNIDOS;5005563;KINOPLEX NOVA IGUAÇU SALA 02 KINOEVOLUTION;13;6000037;1991;33119;NOVA IGUAÇU;RJ;EMPRESA CINEMAS SÃO LUIZ S/A;33.497.660/0001-89
24/03/2021;24/03/2021 17:30:00;RAYA AND THE LAST DRAGON;RAYA E O ÚLTIMO DRAGÃO;E2100035300000;DUBLADO;NÃO;ESTADOS UNIDOS;5002988;SALA CINEMAXX CASARIO SHOPPING VASSOURAS 01;2;6000019;18049;18050;VASSOURAS;RJ;VALE DO CAFÉ CINEMAS LTDA;12.259.599/0001-61
24/03/2021;24/03/2021 17:30:00;TOM & JERRY;TOM & JERRY - O FILME;E2000553800000;DUBLADO;NÃO;ESTADOS UNIDOS;5003653;SALA CINE GUEDES 02;0;;23266;23267;PATOS;PB;LILIANE ROCHA DE MEDEIROS GUEDES-ME;16.844.526/0001-98
24/03/2021;24/03/2021 17:30:00;WONDER WOMAN 1984;MULHER-MARAVILHA 1984;E2000170200000;DUBLADO;NÃO;CANADÁ;5004731;MULTIPLEX PARK LAGOS 3;2;6000002;3136;27345;CABO FRIO;RJ;MSA EMPRESA CINEMATOGRÁFICA LTDA;03.608.600/0001-25
24/03/2021;24/03/2021 17:40:00;HONEST THIEF;LEGADO EXPLOSIVO;E2000416200000;DUBLADO;NÃO;ESTADOS UNIDOS;5005725;KINOPLEX IGUAÇU TOP SALA 05;20;6000037;1991;2387;NOVA IGUAÇU;RJ;EMPRESA CINEMAS SÃO LUIZ S/A;33.497.660/0001-89
24/03/2021;24/03/2021 17:40:00;JUDAS AND THE BLACK MESSIAH;JUDAS E O MESSIAS NEGRO;E2100040400000;ORIGINAL;SIM;ESTADOS UNIDOS;5001638;CINE TERESINA 7;1;;2140;6595;TERESINA;PI;CINEMAS TERESINA LTDA;02.142.566/0001-83
24/03/2021;24/03/2021 17:40:00;LUCICREIDE VAI PRA MARTE;;B1900421800000;ORIGINAL;NÃO;BRASIL;5006293;CINEMARK SÃO GONÇALO 05;2;6000018;1843;42886;SÃO GONÇALO;RJ;CINEMARK BRASIL S.A;00.779.721/0001-41
24/03/2021;24/03/2021 17:40:00;MONSTER HUNTER;MONSTER HUNTER;E2000403800000;DUBLADO;NÃO;ESTADOS UNIDOS;5001091;CINE VOLTA REDONDA 02;2;6000025;2973;6743;VOLTA REDONDA;RJ;TATU FILMES LTDA;72.089.667/0001-13
24/03/2021;24/03/2021 17:40:00;RAYA AND THE LAST DRAGON;RAYA E O ÚLTIMO DRAGÃO;E2100035300000;DUBLADO;NÃO;ESTADOS UNIDOS;5002566;CINE CATARATAS 3;11;;15565;15566;FOZ DO IGUAÇU;PR;CINE CATARATAS LTDA;09.010.219/0001-46
24/03/2021;24/03/2021 17:40:00;RAYA AND THE LAST DRAGON;RAYA E O ÚLTIMO DRAGÃO;E2100035300000;DUBLADO;NÃO;ESTADOS UNIDOS;5000208;KINOPLEX GRANDE RIO 5;46;6000037;1991;2424;SÃO JOÃO DE MERITI;RJ;EMPRESA CINEMAS SÃO LUIZ S/A;33.497.660/0001-89
24/03/2021;24/03/2021 17:40:00;THE WIDOW;A VIÚVA DAS SOMBRAS;E2100005000000;DUBLADO;NÃO;RÚSSIA;5001662;ORIENT CINEPLACE BOULEVARD SHOPPING - SALA 3;4;6000046;2869;6630;FEIRA DE SANTANA;BA;FEIRA PLEXCINE LTDA.;04.547.950/0001-91
24/03/2021;24/03/2021 17:45:00;RAYA AND THE LAST DRAGON;RAYA E O ÚLTIMO DRAGÃO;E2100035300000;DUBLADO;NÃO;ESTADOS UNIDOS;5002386;MULTIPLEX CAXIAS SHOPPING 2;0;6000002;3136;14685;DUQUE DE CAXIAS;RJ;MSA EMPRESA CINEMATOGRÁFICA LTDA;03.608.600/0001-25
24/03/2021;24/03/2021 17:45:00;THE WIDOW;A VIÚVA DAS SOMBRAS;E2100005000000;DUBLADO;NÃO;RÚSSIA;5005395;CINE SHOW ANGRA DOS REIS - SALA 4;3;6000025;2973;20914;ANGRA DOS REIS;RJ;TATU FILMES LTDA;72.089.667/0001-13
24/03/2021;24/03/2021 17:45:00;TOM & JERRY;TOM & JERRY - O FILME;E2000553800000;DUBLADO;NÃO;ESTADOS UNIDOS;5002381;MULTIPLEX CAXIAS SHOPPING 4;6;6000002;3136;14685;DUQUE DE CAXIAS;RJ;MSA EMPRESA CINEMATOGRÁFICA LTDA;03.608.600/0001-25
24/03/2021;24/03/2021 17:50:00;HONEST THIEF;LEGADO EXPLOSIVO;E2000416200000;DUBLADO;NÃO;ESTADOS UNIDOS;5005564;KINOPLEX NOVA IGUAÇU SALA 03 PLATINUM;18;6000037;1991;33119;NOVA IGUAÇU;RJ;EMPRESA CINEMAS SÃO LUIZ S/A;33.497.660/0001-89
24/03/2021;24/03/2021 17:50:00;MONSTER HUNTER;MONSTER HUNTER;E2000403800000;ORIGINAL;SIM;ESTADOS UNIDOS;5005648;CINE TERESINA 5;5;;2140;6595;TERESINA;PI;CINEMAS TERESINA LTDA;02.142.566/0001-83
24/03/2021;24/03/2021 17:50:00;MONSTER HUNTER;MONSTER HUNTER;E2000403800000;DUBLADO;NÃO;ESTADOS UNIDOS;5000204;KINOPLEX GRANDE RIO 1;8;6000037;1991;2424;SÃO JOÃO DE MERITI;RJ;EMPRESA CINEMAS SÃO LUIZ S/A;33.497.660/0001-89
24/03/2021;24/03/2021 17:50:00;RAYA AND THE LAST DRAGON;RAYA E O ÚLTIMO DRAGÃO;E2100035300000;DUBLADO;NÃO;ESTADOS UNIDOS;5006648;GRUPOCINE TUCURUI 02;2;6000034;44276;47310;TUCURUÍ;PA;EMPRESA CINEMATOGRAFICA BOMBOCINE LTDA;21.298.337/0001-05
24/03/2021;24/03/2021 17:50:00;TOM & JERRY;TOM & JERRY - O FILME;E2000553800000;DUBLADO;NÃO;ESTADOS UNIDOS;5000193;BAY MARKET SALA 02;0;6000037;1991;2419;NITERÓI;RJ;EMPRESA CINEMAS SÃO LUIZ S/A;33.497.660/0001-89
24/03/2021;24/03/2021 18:00:00;LUCICREIDE VAI PRA MARTE;;B1900421800000;DUBLADO;NÃO;BRASIL;5005208;CINÉPOLIS RIO POTY SALA 12;5;6000024;17266;30352;TERESINA;PI;CINEPOLIS OPERADORA DE CINEMAS DO BRASIL LTDA;09.652.820/0001-32
24/03/2021;24/03/2021 18:00:00;LUCICREIDE VAI PRA MARTE;;B1900421800000;ORIGINAL;NÃO;BRASIL;5003374;JARDIM GUADALUPE 03;7;6000002;3136;20404;RIO DE JANEIRO;RJ;MSA EMPRESA CINEMATOGRÁFICA LTDA;03.608.600/0001-25
24/03/2021;24/03/2021 18:00:00;LUCICREIDE VAI PRA MARTE;;B1900421800000;ORIGINAL;NÃO;BRASIL;5002385;MULTIPLEX CAXIAS SHOPPING 5;6;6000002;3136;14685;DUQUE DE CAXIAS;RJ;MSA EMPRESA CINEMATOGRÁFICA LTDA;03.608.600/0001-25
24/03/2021;24/03/2021 18:00:00;MONSTER HUNTER;MONSTER HUNTER;E2000403800000;DUBLADO;NÃO;ESTADOS UNIDOS;5005562;KINOPLEX NOVA IGUAÇU SALA 01;9;6000037;1991;33119;NOVA IGUAÇU;RJ;EMPRESA CINEMAS SÃO LUIZ S/A;33.497.660/0001-89
24/03/2021;24/03/2021 18:00:00;MONSTER HUNTER;MONSTER HUNTER;E2000403800000;DUBLADO;NÃO;ESTADOS UNIDOS;5004730;MULTIPLEX PARK LAGOS 2;6;6000002;3136;27345;CABO FRIO;RJ;MSA EMPRESA CINEMATOGRÁFICA LTDA;03.608.600/0001-25
24/03/2021;24/03/2021 18:00:00;RAYA AND THE LAST DRAGON;RAYA E O ÚLTIMO DRAGÃO;E2100035300000;DUBLADO;NÃO;ESTADOS UNIDOS;5001636;CINE TERESINA 3;3;;2140;6595;TERESINA;PI;CINEMAS TERESINA LTDA;02.142.566/0001-83
24/03/2021;24/03/2021 18:00:00;RAYA AND THE LAST DRAGON;RAYA E O ÚLTIMO DRAGÃO;E2100035300000;DUBLADO;NÃO;ESTADOS UNIDOS;5006259;CIRCUITO PONTA PORA 03;0;6000028;15568;42557;PONTA PORÃ;MS;CIRCUITO ENTRETENIMENTO E CINEMAS LTDA;08.068.712/0001-54
24/03/2021;24/03/2021 18:00:00;RAYA AND THE LAST DRAGON;RAYA E O ÚLTIMO DRAGÃO;E2100035300000;DUBLADO;NÃO;ESTADOS UNIDOS;5003375;JARDIM GUADALUPE 04;6;6000002;3136;20404;RIO DE JANEIRO;RJ;MSA EMPRESA CINEMATOGRÁFICA LTDA;03.608.600/0001-25
24/03/2021;24/03/2021 18:00:00;RAYA AND THE LAST DRAGON;RAYA E O ÚLTIMO DRAGÃO;E2100035300000;DUBLADO;NÃO;ESTADOS UNIDOS;5005717;MAXI MOVIE UNAMAR 2;0;6000107;34615;34616;CABO FRIO;RJ;MF 3000 - EMPREENDIMENTOS E PARTICIPAÇÕES LTDA-ME;17.498.681/0001-62
24/03/2021;24/03/2021 18:00:00;RAYA AND THE LAST DRAGON;RAYA E O ÚLTIMO DRAGÃO;E2100035300000;DUBLADO;NÃO;ESTADOS UNIDOS;5004732;MULTIPLEX PARK LAGOS 4;7;6000002;3136;27345;CABO FRIO;RJ;MSA EMPRESA CINEMATOGRÁFICA LTDA;03.608.600/0001-25
24/03/2021;24/03/2021 18:00:00;RAYA AND THE LAST DRAGON;RAYA E O ÚLTIMO DRAGÃO;E2100035300000;DUBLADO;NÃO;ESTADOS UNIDOS;5006657;SALA CINE VIEIRA 01;7;;47551;47598;SÃO BENTO;PB;COSTA E VIEIRA EMPREENDIMENTOS LTDA;10.866.528/0001-00
24/03/2021;24/03/2021 18:00:00;THE WIDOW;A VIÚVA DAS SOMBRAS;E2100005000000;DUBLADO;NÃO;RÚSSIA;5001093;CINE VOLTA REDONDA 04;2;6000025;2973;6743;VOLTA REDONDA;RJ;TATU FILMES LTDA;72.089.667/0001-13
24/03/2021;24/03/2021 18:00:00;THE WIDOW;A VIÚVA DAS SOMBRAS;E2100005000000;DUBLADO;NÃO;RÚSSIA;5005205;CINÉPOLIS RIO POTY SALA 9;3;6000024;17266;30352;TERESINA;PI;CINEPOLIS OPERADORA DE CINEMAS DO BRASIL LTDA;09.652.820/0001-32
24/03/2021;24/03/2021 18:00:00;THE WIDOW;A VIÚVA DAS SOMBRAS;E2100005000000;DUBLADO;NÃO;RÚSSIA;5005095;CINÉPOLIS SÃO GONÇALO SHOPPING - SALA 4;4;6000024;17266;30088;SÃO GONÇALO;RJ;CINEPOLIS OPERADORA DE CINEMAS DO BRASIL LTDA;09.652.820/0001-32
24/03/2021;24/03/2021 18:00:00;THE WIDOW;A VIÚVA DAS SOMBRAS;E2100005000000;DUBLADO;NÃO;RÚSSIA;5003376;JARDIM GUADALUPE 05;8;6000002;3136;20404;RIO DE JANEIRO;RJ;MSA EMPRESA CINEMATOGRÁFICA LTDA;03.608.600/0001-25
24/03/2021;24/03/2021 18:00:00;THE WIDOW;A VIÚVA DAS SOMBRAS;E2100005000000;DUBLADO;NÃO;RÚSSIA;5006125;MULTIPLEX VOLTA REDONDA IV;2;6000002;3136;41384;VOLTA REDONDA;RJ;MSA EMPRESA CINEMATOGRÁFICA LTDA;03.608.600/0001-25
24/03/2021;24/03/2021 18:00:00;THE WITCHES;CONVENÇÃO DAS BRUXAS;E2000396100000;DUBLADO;NÃO;ESTADOS UNIDOS;5006642;PLAYARTE RORAIMA GARDEN SALA 01;3;6000049;39188;47248;BOA VISTA;RR;MULTIPLEX DO BRASIL ENTRETENIMENTO LTDA;27.595.833/0001-07
24/03/2021;24/03/2021 18:00:00;TOM & JERRY;TOM & JERRY - O FILME;E2000553800000;DUBLADO;NÃO;ESTADOS UNIDOS;5006484;CINE + ARTE SOMBRIO 01;8;6000103;44714;44715;SOMBRIO;SC;CINE + ARTE SOMBRIO LTDA;35.505.937/0001-01
24/03/2021;24/03/2021 18:00:00;TOM & JERRY;TOM & JERRY - O FILME;E2000553800000;DUBLADO;NÃO;ESTADOS UNIDOS;5006057;CINE GRACHER JOAÇABA SALA 02;0;6000032;5979;40234;JOAÇABA;SC;CINE GRACHER LTDA;07.272.690/0001-87
24/03/2021;24/03/2021 18:00:00;TOM & JERRY;TOM & JERRY - O FILME;E2000553800000;DUBLADO;NÃO;ESTADOS UNIDOS;5006408;GRUPOCINE RIO DO SUL 02;1;6000034;44276;44286;RIO DO SUL;SC;EMPRESA CINEMATOGRAFICA BOMBOCINE LTDA;21.298.337/0001-05
24/03/2021;24/03/2021 18:00:00;TOM & JERRY;TOM & JERRY - O FILME;E2000553800000;DUBLADO;NÃO;ESTADOS UNIDOS;5003373;JARDIM GUADALUPE 02;6;6000002;3136;20404;RIO DE JANEIRO;RJ;MSA EMPRESA CINEMATOGRÁFICA LTDA;03.608.600/0001-25
24/03/2021;24/03/2021 18:00:00;TOM & JERRY;TOM & JERRY - O FILME;E2000553800000;DUBLADO;NÃO;ESTADOS UNIDOS;5000205;KINOPLEX GRANDE RIO 2;21;6000037;1991;2424;SÃO JOÃO DE MERITI;RJ;EMPRESA CINEMAS SÃO LUIZ S/A;33.497.660/0001-89
24/03/2021;24/03/2021 18:10:00;HONEST THIEF;LEGADO EXPLOSIVO;E2000416200000;DUBLADO;NÃO;ESTADOS UNIDOS;5000207;KINOPLEX GRANDE RIO 4;9;6000037;1991;2424;SÃO JOÃO DE MERITI;RJ;EMPRESA CINEMAS SÃO LUIZ S/A;33.497.660/0001-89
24/03/2021;24/03/2021 18:10:00;LUCICREIDE VAI PRA MARTE;;B1900421800000;ORIGINAL;NÃO;BRASIL;5000195;BAY MARKET SALA 04;0;6000037;1991;2419;NITERÓI;RJ;EMPRESA CINEMAS SÃO LUIZ S/A;33.497.660/0001-89
24/03/2021;24/03/2021 18:10:00;LUCICREIDE VAI PRA MARTE;;B1900421800000;ORIGINAL;NÃO;BRASIL;5001637;CINE TERESINA 6;1;;2140;6595;TERESINA;PI;CINEMAS TERESINA LTDA;02.142.566/0001-83
24/03/2021;24/03/2021 18:10:00;LUCICREIDE VAI PRA MARTE;;B1900421800000;ORIGINAL;NÃO;BRASIL;5000058;KINOPLEX IGUAÇU TOP SALA 03;0;6000037;1991;2387;NOVA IGUAÇU;RJ;EMPRESA CINEMAS SÃO LUIZ S/A;33.497.660/0001-89
24/03/2021;24/03/2021 18:10:00;MONSTER HUNTER;MONSTER HUNTER;E2000403800000;DUBLADO;NÃO;ESTADOS UNIDOS;5006258;CIRCUITO PONTA PORA 02;0;6000028;15568;42557;PONTA PORÃ;MS;CIRCUITO ENTRETENIMENTO E CINEMAS LTDA;08.068.712/0001-54
24/03/2021;24/03/2021 18:10:00;MONSTER HUNTER;MONSTER HUNTER;E2000403800000;DUBLADO;NÃO;ESTADOS UNIDOS;5006647;GRUPOCINE TUCURUI 01;0;6000034;44276;47310;TUCURUÍ;PA;EMPRESA CINEMATOGRAFICA BOMBOCINE LTDA;21.298.337/0001-05
24/03/2021;24/03/2021 18:10:00;TOM & JERRY;TOM & JERRY - O FILME;E2000553800000;DUBLADO;NÃO;ESTADOS UNIDOS;5001635;CINE TERESINA 2;8;;2140;6595;TERESINA;PI;CINEMAS TERESINA LTDA;02.142.566/0001-83
24/03/2021;24/03/2021 18:15:00;MONSTER HUNTER;MONSTER HUNTER;E2000403800000;DUBLADO;NÃO;ESTADOS UNIDOS;5002382;MULTIPLEX CAXIAS SHOPPING 6;7;6000002;3136;14685;DUQUE DE CAXIAS;RJ;MSA EMPRESA CINEMATOGRÁFICA LTDA;03.608.600/0001-25
24/03/2021;24/03/2021 18:15:00;RAYA AND THE LAST DRAGON;RAYA E O ÚLTIMO DRAGÃO;E2100035300000;DUBLADO;NÃO;ESTADOS UNIDOS;5006056;CINE GRACHER JOAÇABA SALA 01;3;6000032;5979;40234;JOAÇABA;SC;CINE GRACHER LTDA;07.272.690/0001-87
24/03/2021;24/03/2021 18:15:00;RAYA AND THE LAST DRAGON;RAYA E O ÚLTIMO DRAGÃO;E2100035300000;DUBLADO;NÃO;ESTADOS UNIDOS;5006085;CINE GRACHER PORTO BELO SALA 03;3;6000032;5979;40771;PORTO BELO;SC;CINE GRACHER LTDA;07.272.690/0001-87
24/03/2021;24/03/2021 18:15:00;RAYA AND THE LAST DRAGON;RAYA E O ÚLTIMO DRAGÃO;E2100035300000;DUBLADO;NÃO;ESTADOS UNIDOS;5006113;CINE GRACHER SÃO BENTO 03;4;6000032;5979;41056;SÃO BENTO DO SUL;SC;CINE GRACHER LTDA;07.272.690/0001-87
24/03/2021;24/03/2021 18:20:00;FOLLOW ME;SEM SAÍDA;E2100006300000;DUBLADO;NÃO;ESTADOS UNIDOS;5006645;PLAYARTE RORAIMA GARDEN SALA 04;0;6000049;39188;47248;BOA VISTA;RR;MULTIPLEX DO BRASIL ENTRETENIMENTO LTDA;27.595.833/0001-07
24/03/2021;24/03/2021 18:20:00;MONSTER HUNTER;MONSTER HUNTER;E2000403800000;DUBLADO;NÃO;ESTADOS UNIDOS;5002565;CINE CATARATAS 2;4;;15565;15566;FOZ DO IGUAÇU;PR;CINE CATARATAS LTDA;09.010.219/0001-46
24/03/2021;24/03/2021 18:20:00;MONSTER HUNTER;MONSTER HUNTER;E2000403800000;DUBLADO;NÃO;ESTADOS UNIDOS;5006494;CINE INTER SANTA INES 02;1;6000140;44834;44835;SANTA INÊS;MA;CINEINTER EXIBICOES CINEMATOGRAFICAS LTDA;35.477.354/0001-06
24/03/2021;24/03/2021 18:20:00;THE WIDOW;A VIÚVA DAS SOMBRAS;E2100005000000;DUBLADO;NÃO;RÚSSIA;5001634;CINE TERESINA 1;4;;2140;6595;TERESINA;PI;CINEMAS TERESINA LTDA;02.142.566/0001-83
24/03/2021;24/03/2021 18:20:00;THE WIDOW;A VIÚVA DAS SOMBRAS;E2100005000000;DUBLADO;NÃO;RÚSSIA;5004880;CIRCUITO CINEMAS PBAS- SALA 02;0;6000028;15568;27873;PARAUAPEBAS;PA;CIRCUITO ENTRETENIMENTO E CINEMAS LTDA;08.068.712/0001-54
24/03/2021;24/03/2021 18:20:00;THE WIDOW;A VIÚVA DAS SOMBRAS;E2100005000000;DUBLADO;NÃO;RÚSSIA;5006257;CIRCUITO PONTA PORA 01;0;6000028;15568;42557;PONTA PORÃ;MS;CIRCUITO ENTRETENIMENTO E CINEMAS LTDA;08.068.712/0001-54
24/03/2021;24/03/2021 18:20:00;THE WIDOW;A VIÚVA DAS SOMBRAS;E2100005000000;DUBLADO;NÃO;RÚSSIA;5000209;KINOPLEX GRANDE RIO 6;28;6000037;1991;2424;SÃO JOÃO DE MERITI;RJ;EMPRESA CINEMAS SÃO LUIZ S/A;33.497.660/0001-89
24/03/2021;24/03/2021 18:20:00;THE WIDOW;A VIÚVA DAS SOMBRAS;E2100005000000;DUBLADO;NÃO;RÚSSIA;5005726;KINOPLEX IGUAÇU TOP SALA 06;31;6000037;1991;2387;NOVA IGUAÇU;RJ;EMPRESA CINEMAS SÃO LUIZ S/A;33.497.660/0001-89
24/03/2021;24/03/2021 18:20:00;THE WIDOW;A VIÚVA DAS SOMBRAS;E2100005000000;DUBLADO;NÃO;RÚSSIA;5005568;KINOPLEX NOVA IGUAÇU SALA 07;16;6000037;1991;33119;NOVA IGUAÇU;RJ;EMPRESA CINEMAS SÃO LUIZ S/A;33.497.660/0001-89
24/03/2021;24/03/2021 18:20:00;TOM & JERRY;TOM & JERRY - O FILME;E2000553800000;DUBLADO;NÃO;ESTADOS UNIDOS;5005757;CINE SHOW BARRA MANSA SALA 02;3;6000025;2973;35083;BARRA MANSA;RJ;TATU FILMES LTDA;72.089.667/0001-13
24/03/2021;24/03/2021 18:30:00;MONSTER HUNTER;MONSTER HUNTER;E2000403800000;DUBLADO;NÃO;ESTADOS UNIDOS;5006084;CINE GRACHER PORTO BELO SALA 02;0;6000032;5979;40771;PORTO BELO;SC;CINE GRACHER LTDA;07.272.690/0001-87
24/03/2021;24/03/2021 18:30:00;MONSTER HUNTER;MONSTER HUNTER;E2000403800000;DUBLADO;NÃO;ESTADOS UNIDOS;5005291;CINE GRACHER PORTO UNIÃO SALA 02;3;6000032;5979;30780;PORTO UNIÃO;SC;CINE GRACHER LTDA;07.272.690/0001-87
24/03/2021;24/03/2021 18:30:00;MONSTER HUNTER;MONSTER HUNTER;E2000403800000;DUBLADO;NÃO;ESTADOS UNIDOS;5006112;CINE GRACHER SÃO BENTO 02;0;6000032;5979;41056;SÃO BENTO DO SUL;SC;CINE GRACHER LTDA;07.272.690/0001-87
24/03/2021;24/03/2021 18:30:00;RAYA AND THE LAST DRAGON;RAYA E O ÚLTIMO DRAGÃO;E2100035300000;DUBLADO;NÃO;ESTADOS UNIDOS;5006244;CINE ALVORADA 01;0;;39721;42409;CORONEL FABRICIANO;MG;DB BOTELHO CINEMAS LTDA;29.315.197/0001-30
24/03/2021;24/03/2021 18:30:00;RAYA AND THE LAST DRAGON;RAYA E O ÚLTIMO DRAGÃO;E2100035300000;DUBLADO;NÃO;ESTADOS UNIDOS;5006000;CINE GRACHER INDAIAL - SALA 03;0;6000032;5979;39283;INDAIAL;SC;CINE GRACHER LTDA;07.272.690/0001-87
24/03/2021;24/03/2021 18:30:00;RAYA AND THE LAST DRAGON;RAYA E O ÚLTIMO DRAGÃO;E2100035300000;DUBLADO;NÃO;ESTADOS UNIDOS;5005026;MULTIPLEX PATIO RORAIMA - SALA 1;23;6000002;3136;29179;BOA VISTA;RR;MSA EMPRESA CINEMATOGRÁFICA LTDA;03.608.600/0001-25
24/03/2021;24/03/2021 18:30:00;RAYA AND THE LAST DRAGON;RAYA E O ÚLTIMO DRAGÃO;E2100035300000;DUBLADO;NÃO;ESTADOS UNIDOS;5006124;MULTIPLEX VOLTA REDONDA III;0;6000002;3136;41384;VOLTA REDONDA;RJ;MSA EMPRESA CINEMATOGRÁFICA LTDA;03.608.600/0001-25
24/03/2021;24/03/2021 18:30:00;THE WIDOW;A VIÚVA DAS SOMBRAS;E2100005000000;DUBLADO;NÃO;RÚSSIA;5006058;CINE GRACHER JOAÇABA SALA 03;0;6000032;5979;40234;JOAÇABA;SC;CINE GRACHER LTDA;07.272.690/0001-87
24/03/2021;24/03/2021 18:30:00;THE WIDOW;A VIÚVA DAS SOMBRAS;E2100005000000;DUBLADO;NÃO;RÚSSIA;5006086;CINE GRACHER PORTO BELO SALA 04;0;6000032;5979;40771;PORTO BELO;SC;CINE GRACHER LTDA;07.272.690/0001-87
24/03/2021;24/03/2021 18:30:00;THE WIDOW;A VIÚVA DAS SOMBRAS;E2100005000000;DUBLADO;NÃO;RÚSSIA;5006114;CINE GRACHER SÃO BENTO 04;2;6000032;5979;41056;SÃO BENTO DO SUL;SC;CINE GRACHER LTDA;07.272.690/0001-87
24/03/2021;24/03/2021 18:30:00;THE WIDOW;A VIÚVA DAS SOMBRAS;E2100005000000;DUBLADO;NÃO;RÚSSIA;5006407;GRUPOCINE RIO DO SUL 01;0;6000034;44276;44286;RIO DO SUL;SC;EMPRESA CINEMATOGRAFICA BOMBOCINE LTDA;21.298.337/0001-05
24/03/2021;24/03/2021 18:30:00;THE WIDOW;A VIÚVA DAS SOMBRAS;E2100005000000;DUBLADO;NÃO;RÚSSIA;5006649;GRUPOCINE TUCURUI 03;3;6000034;44276;47310;TUCURUÍ;PA;EMPRESA CINEMATOGRAFICA BOMBOCINE LTDA;21.298.337/0001-05
24/03/2021;24/03/2021 18:30:00;TOM & JERRY;TOM & JERRY - O FILME;E2000553800000;DUBLADO;NÃO;ESTADOS UNIDOS;5006083;CINE GRACHER PORTO BELO SALA 01;2;6000032;5979;40771;PORTO BELO;SC;CINE GRACHER LTDA;07.272.690/0001-87
24/03/2021;24/03/2021 18:30:00;TOM & JERRY;TOM & JERRY - O FILME;E2000553800000;DUBLADO;NÃO;ESTADOS UNIDOS;5006111;CINE GRACHER SÃO BENTO 01;3;6000032;5979;41056;SÃO BENTO DO SUL;SC;CINE GRACHER LTDA;07.272.690/0001-87
24/03/2021;24/03/2021 18:30:00;TOM & JERRY;TOM & JERRY - O FILME;E2000553800000;DUBLADO;NÃO;ESTADOS UNIDOS;5005716;MAXI MOVIE UNAMAR 1;2;6000107;34615;34616;CABO FRIO;RJ;MF 3000 - EMPREENDIMENTOS E PARTICIPAÇÕES LTDA-ME;17.498.681/0001-62
24/03/2021;24/03/2021 18:40:00;DEPOIS A LOUCA SOU EU;;B2000078000000;ORIGINAL;NÃO;BRASIL;5006490;CM CINEMAS BACAXA 1;0;6000016;44751;44760;SAQUAREMA;RJ;CRYK CINEMA BACAXA LTDA;35.282.350/0001-72
24/03/2021;24/03/2021 18:40:00;MONSTER HUNTER;MONSTER HUNTER;E2000403800000;DUBLADO;NÃO;ESTADOS UNIDOS;5001088;SALA CINE RESENDE 02;3;6000025;2977;6644;RESENDE;RJ;JUBARTE FILMES LTDA-ME;05.297.810/0001-75
24/03/2021;24/03/2021 18:45:00;MONSTER HUNTER;MONSTER HUNTER;E2000403800000;DUBLADO;NÃO;ESTADOS UNIDOS;5004502;CINE GRACHER ESPAÇO HAVAN 2;0;6000032;5979;26111;BRUSQUE;SC;CINE GRACHER LTDA;07.272.690/0001-87
24/03/2021;24/03/2021 18:45:00;MONSTER HUNTER;MONSTER HUNTER;E2000403800000;DUBLADO;NÃO;ESTADOS UNIDOS;5005999;CINE GRACHER INDAIAL - SALA 02;2;6000032;5979;39283;INDAIAL;SC;CINE GRACHER LTDA;07.272.690/0001-87
24/03/2021;24/03/2021 18:45:00;RAYA AND THE LAST DRAGON;RAYA E O ÚLTIMO DRAGÃO;E2100035300000;DUBLADO;NÃO;ESTADOS UNIDOS;5004504;CINE GRACHER ESPAÇO HAVAN 1;2;6000032;5979;26111;BRUSQUE;SC;CINE GRACHER LTDA;07.272.690/0001-87
24/03/2021;24/03/2021 18:45:00;RAYA AND THE LAST DRAGON;RAYA E O ÚLTIMO DRAGÃO;E2100035300000;DUBLADO;NÃO;ESTADOS UNIDOS;5001860;CINE GRACHER LTDA;0;6000032;5979;6687;BRUSQUE;SC;CINE GRACHER LTDA;07.272.690/0001-87
24/03/2021;24/03/2021 18:45:00;RAYA AND THE LAST DRAGON;RAYA E O ÚLTIMO DRAGÃO;E2100035300000;DUBLADO;NÃO;ESTADOS UNIDOS;5005290;CINE GRACHER PORTO UNIÃO SALA 01;0;6000032;5979;30780;PORTO UNIÃO;SC;CINE GRACHER LTDA;07.272.690/0001-87
24/03/2021;24/03/2021 18:45:00;RAYA AND THE LAST DRAGON;RAYA E O ÚLTIMO DRAGÃO;E2100035300000;DUBLADO;NÃO;ESTADOS UNIDOS;5002384;MULTIPLEX CAXIAS SHOPPING 3;4;6000002;3136;14685;DUQUE DE CAXIAS;RJ;MSA EMPRESA CINEMATOGRÁFICA LTDA;03.608.600/0001-25
24/03/2021;24/03/2021 18:45:00;WONDER WOMAN 1984;MULHER-MARAVILHA 1984;E2000170200000;DUBLADO;NÃO;CANADÁ;5006289;CINEMARK SÃO GONÇALO 01;8;6000018;1843;42886;SÃO GONÇALO;RJ;CINEMARK BRASIL S.A;00.779.721/0001-41
24/03/2021;24/03/2021 18:50:00;THE WIDOW;A VIÚVA DAS SOMBRAS;E2100005000000;DUBLADO;NÃO;RÚSSIA;5005756;CINE SHOW BARRA MANSA SALA 01;3;6000025;2973;35083;BARRA MANSA;RJ;TATU FILMES LTDA;72.089.667/0001-13
24/03/2021;24/03/2021 19:00:00;FOLLOW ME;SEM SAÍDA;E2100006300000;DUBLADO;NÃO;ESTADOS UNIDOS;5001862;CINE GRACHER LTDA;0;6000032;5979;6687;BRUSQUE;SC;CINE GRACHER LTDA;07.272.690/0001-87
24/03/2021;24/03/2021 19:00:00;MONSTER HUNTER;MONSTER HUNTER;E2000403800000;DUBLADO;NÃO;ESTADOS UNIDOS;5005028;MULTIPLEX PATIO RORAIMA - SALA 3;7;6000002;3136;29179;BOA VISTA;RR;MSA EMPRESA CINEMATOGRÁFICA LTDA;03.608.600/0001-25
24/03/2021;24/03/2021 19:00:00;RAYA AND THE LAST DRAGON;RAYA E O ÚLTIMO DRAGÃO;E2100035300000;DUBLADO;NÃO;ESTADOS UNIDOS;5000192;BAY MARKET SALA 01;0;6000037;1991;2419;NITERÓI;RJ;EMPRESA CINEMAS SÃO LUIZ S/A;33.497.660/0001-89
24/03/2021;24/03/2021 19:00:00;RAYA AND THE LAST DRAGON;RAYA E O ÚLTIMO DRAGÃO;E2100035300000;DUBLADO;NÃO;ESTADOS UNIDOS;5006138;SALA CINE GUEDES 03;0;;23266;23267;PATOS;PB;LILIANE ROCHA DE MEDEIROS GUEDES-ME;16.844.526/0001-98
24/03/2021;24/03/2021 19:00:00;THE WIDOW;A VIÚVA DAS SOMBRAS;E2100005000000;DUBLADO;NÃO;RÚSSIA;5004503;CINE GRACHER ESPAÇO HAVAN 3;2;6000032;5979;26111;BRUSQUE;SC;CINE GRACHER LTDA;07.272.690/0001-87
24/03/2021;24/03/2021 19:00:00;THE WIDOW;A VIÚVA DAS SOMBRAS;E2100005000000;DUBLADO;NÃO;RÚSSIA;5006001;CINE GRACHER INDAIAL - SALA 04;0;6000032;5979;39283;INDAIAL;SC;CINE GRACHER LTDA;07.272.690/0001-87
24/03/2021;24/03/2021 19:00:00;THE WIDOW;A VIÚVA DAS SOMBRAS;E2100005000000;DUBLADO;NÃO;RÚSSIA;5005292;CINE GRACHER PORTO UNIÃO SALA 03;0;6000032;5979;30780;PORTO UNIÃO;SC;CINE GRACHER LTDA;07.272.690/0001-87
24/03/2021;24/03/2021 19:00:00;THE WIDOW;A VIÚVA DAS SOMBRAS;E2100005000000;DUBLADO;NÃO;RÚSSIA;5003445;CINE SHOW BARRA DO PIRAÍ 01;2;6000025;2973;20984;BARRA DO PIRAÍ;RJ;TATU FILMES LTDA;72.089.667/0001-13
24/03/2021;24/03/2021 19:00:00;THE WIDOW;A VIÚVA DAS SOMBRAS;E2100005000000;DUBLADO;NÃO;RÚSSIA;5006643;PLAYARTE RORAIMA GARDEN SALA 02;6;6000049;39188;47248;BOA VISTA;RR;MULTIPLEX DO BRASIL ENTRETENIMENTO LTDA;27.595.833/0001-07
24/03/2021;24/03/2021 19:00:00;TOM & JERRY;TOM & JERRY - O FILME;E2000553800000;DUBLADO;NÃO;ESTADOS UNIDOS;5005998;CINE GRACHER INDAIAL - SALA 01;2;6000032;5979;39283;INDAIAL;SC;CINE GRACHER LTDA;07.272.690/0001-87
24/03/2021;24/03/2021 19:00:00;TOM & JERRY;TOM & JERRY - O FILME;E2000553800000;DUBLADO;NÃO;ESTADOS UNIDOS;5001861;CINE GRACHER LTDA;0;6000032;5979;6687;BRUSQUE;SC;CINE GRACHER LTDA;07.272.690/0001-87
24/03/2021;24/03/2021 19:00:00;TOM & JERRY;TOM & JERRY - O FILME;E2000553800000;DUBLADO;NÃO;ESTADOS UNIDOS;5005394;CINE SHOW ANGRA DOS REIS - SALA 3;3;6000025;2973;20914;ANGRA DOS REIS;RJ;TATU FILMES LTDA;72.089.667/0001-13
24/03/2021;24/03/2021 19:00:00;TOM & JERRY;TOM & JERRY - O FILME;E2000553800000;DUBLADO;NÃO;ESTADOS UNIDOS;5001092;CINE VOLTA REDONDA 03;2;6000025;2973;6743;VOLTA REDONDA;RJ;TATU FILMES LTDA;72.089.667/0001-13
24/03/2021;24/03/2021 19:00:00;TOM & JERRY;TOM & JERRY - O FILME;E2000553800000;DUBLADO;NÃO;ESTADOS UNIDOS;5005030;MULTIPLEX PATIO RORAIMA - SALA 5;7;6000002;3136;29179;BOA VISTA;RR;MSA EMPRESA CINEMATOGRÁFICA LTDA;03.608.600/0001-25
24/03/2021;24/03/2021 19:00:00;TOM & JERRY;TOM & JERRY - O FILME;E2000553800000;DUBLADO;NÃO;ESTADOS UNIDOS;5006126;MULTIPLEX VOLTA REDONDA V;0;6000002;3136;41384;VOLTA REDONDA;RJ;MSA EMPRESA CINEMATOGRÁFICA LTDA;03.608.600/0001-25
24/03/2021;24/03/2021 19:00:00;TOM & JERRY;TOM & JERRY - O FILME;E2000553800000;DUBLADO;NÃO;ESTADOS UNIDOS;5001087;SALA CINE RESENDE 01;2;6000025;2977;6644;RESENDE;RJ;JUBARTE FILMES LTDA-ME;05.297.810/0001-75
24/03/2021;24/03/2021 19:00:00;WONDER WOMAN 1984;MULHER-MARAVILHA 1984;E2000170200000;DUBLADO;NÃO;CANADÁ;5005724;KINOPLEX IGUAÇU TOP SALA 04;27;6000037;1991;2387;NOVA IGUAÇU;RJ;EMPRESA CINEMAS SÃO LUIZ S/A;33.497.660/0001-89
24/03/2021;24/03/2021 19:00:00;WONDER WOMAN 1984;MULHER-MARAVILHA 1984;E2000170200000;DUBLADO;NÃO;CANADÁ;5005565;KINOPLEX NOVA IGUAÇU SALA 04 PLATINUM;18;6000037;1991;33119;NOVA IGUAÇU;RJ;EMPRESA CINEMAS SÃO LUIZ S/A;33.497.660/0001-89
24/03/2021;24/03/2021 19:00:00;Z;AMIZADE MALDITA;E2000229400000;DUBLADO;NÃO;CANADÁ;5004729;MULTIPLEX PARK LAGOS 1;15;6000002;3136;27345;CABO FRIO;RJ;MSA EMPRESA CINEMATOGRÁFICA LTDA;03.608.600/0001-25
24/03/2021;24/03/2021 19:00:01;THE WIDOW;A VIÚVA DAS SOMBRAS;E2100005000000;DUBLADO;NÃO;RÚSSIA;5005543;CINE COLOMBO RESENDE SALA 01;0;6000008;15833;33011;RESENDE;RJ;CINE A LTDA;10.894.937/0001-01
24/03/2021;24/03/2021 19:05:01;RAYA AND THE LAST DRAGON;RAYA E O ÚLTIMO DRAGÃO;E2100035300000;DUBLADO;NÃO;ESTADOS UNIDOS;5006491;CM CINEMAS BACAXA 2;0;6000016;44751;44760;SAQUAREMA;RJ;CRYK CINEMA BACAXA LTDA;35.282.350/0001-72
24/03/2021;24/03/2021 19:10:00;TOM & JERRY;TOM & JERRY - O FILME;E2000553800000;DUBLADO;NÃO;ESTADOS UNIDOS;5006644;PLAYARTE RORAIMA GARDEN SALA 03;6;6000049;39188;47248;BOA VISTA;RR;MULTIPLEX DO BRASIL ENTRETENIMENTO LTDA;27.595.833/0001-07
24/03/2021;24/03/2021 19:15:00;MONSTER HUNTER;MONSTER HUNTER;E2000403800000;DUBLADO;NÃO;ESTADOS UNIDOS;5005546;CINE COLOMBO RESENDE SALA 04;0;6000008;15833;33011;RESENDE;RJ;CINE A LTDA;10.894.937/0001-01
24/03/2021;24/03/2021 19:15:00;THE WIDOW;A VIÚVA DAS SOMBRAS;E2100005000000;DUBLADO;NÃO;RÚSSIA;5005029;MULTIPLEX PATIO RORAIMA - SALA 4;9;6000002;3136;29179;BOA VISTA;RR;MSA EMPRESA CINEMATOGRÁFICA LTDA;03.608.600/0001-25
24/03/2021;24/03/2021 19:15:00;WONDER WOMAN 1984;MULHER-MARAVILHA 1984;E2000170200000;DUBLADO;NÃO;CANADÁ;5005099;CINÉPOLIS SÃO GONÇALO SHOPPING - SALA 8;12;6000024;17266;30088;SÃO GONÇALO;RJ;CINEPOLIS OPERADORA DE CINEMAS DO BRASIL LTDA;09.652.820/0001-32
24/03/2021;24/03/2021 19:20:00;MONSTER HUNTER;MONSTER HUNTER;E2000403800000;DUBLADO;NÃO;ESTADOS UNIDOS;5003653;SALA CINE GUEDES 02;0;;23266;23267;PATOS;PB;LILIANE ROCHA DE MEDEIROS GUEDES-ME;16.844.526/0001-98
24/03/2021;24/03/2021 19:25:00;THE WIDOW;A VIÚVA DAS SOMBRAS;E2100005000000;DUBLADO;NÃO;RÚSSIA;5003652;SALA CINE GUEDES 01;6;;23266;23267;PATOS;PB;LILIANE ROCHA DE MEDEIROS GUEDES-ME;16.844.526/0001-98
24/03/2021;24/03/2021 19:30:00;LUCICREIDE VAI PRA MARTE;;B1900421800000;ORIGINAL;NÃO;BRASIL;5005971;PLANET NITEROI - SALA 04;2;6000048;25436;38804;NITERÓI;RJ;SRS PLANET CINEMAS LTDA;13.250.172/0001-65
24/03/2021;24/03/2021 19:30:00;MONSTER HUNTER;MONSTER HUNTER;E2000403800000;DUBLADO;NÃO;ESTADOS UNIDOS;5006291;CINEMARK SÃO GONÇALO 03;0;6000018;1843;42886;SÃO GONÇALO;RJ;CINEMARK BRASIL S.A;00.779.721/0001-41
24/03/2021;24/03/2021 19:30:00;MONSTER HUNTER;MONSTER HUNTER;E2000403800000;DUBLADO;NÃO;ESTADOS UNIDOS;5004881;CIRCUITO CINEMAS PBAS- SALA 03;0;6000028;15568;27873;PARAUAPEBAS;PA;CIRCUITO ENTRETENIMENTO E CINEMAS LTDA;08.068.712/0001-54
24/03/2021;24/03/2021 19:30:00;RAYA AND THE LAST DRAGON;RAYA E O ÚLTIMO DRAGÃO;E2100035300000;DUBLADO;NÃO;ESTADOS UNIDOS;5006127;MULTIPLEX VOLTA REDONDA VI;14;6000002;3136;41384;VOLTA REDONDA;RJ;MSA EMPRESA CINEMATOGRÁFICA LTDA;03.608.600/0001-25
24/03/2021;24/03/2021 19:30:00;THE EMPTY MAN;O MENSAGEIRO DO ÚLTIMO DIA;E2000471300000;DUBLADO;NÃO;ESTADOS UNIDOS;5005567;KINOPLEX NOVA IGUAÇU SALA 06;5;6000037;1991;33119;NOVA IGUAÇU;RJ;EMPRESA CINEMAS SÃO LUIZ S/A;33.497.660/0001-89
24/03/2021;24/03/2021 19:30:00;TOM & JERRY;TOM & JERRY - O FILME;E2000553800000;DUBLADO;NÃO;ESTADOS UNIDOS;5005094;CINÉPOLIS SÃO GONÇALO SHOPPING - SALA 3;0;6000024;17266;30088;SÃO GONÇALO;RJ;CINEPOLIS OPERADORA DE CINEMAS DO BRASIL LTDA;09.652.820/0001-32
24/03/2021;24/03/2021 19:40:00;RAYA AND THE LAST DRAGON;RAYA E O ÚLTIMO DRAGÃO;E2100035300000;DUBLADO;NÃO;ESTADOS UNIDOS;5004912;CINE SHOW AGULHAS NEGRAS SALA 01;8;6000025;2977;28018;RESENDE;RJ;JUBARTE FILMES LTDA-ME;05.297.810/0001-75
24/03/2021;24/03/2021 19:40:00;TOM & JERRY;TOM & JERRY - O FILME;E2000553800000;DUBLADO;NÃO;ESTADOS UNIDOS;5000057;KINOPLEX IGUAÇU TOP SALA 02;15;6000037;1991;2387;NOVA IGUAÇU;RJ;EMPRESA CINEMAS SÃO LUIZ S/A;33.497.660/0001-89
24/03/2021;24/03/2021 19:40:00;TOM & JERRY;TOM & JERRY - O FILME;E2000553800000;DUBLADO;NÃO;ESTADOS UNIDOS;5005566;KINOPLEX NOVA IGUAÇU SALA 05;17;6000037;1991;33119;NOVA IGUAÇU;RJ;EMPRESA CINEMAS SÃO LUIZ S/A;33.497.660/0001-89
24/03/2021;24/03/2021 19:45:00;RAYA AND THE LAST DRAGON;RAYA E O ÚLTIMO DRAGÃO;E2100035300000;DUBLADO;NÃO;ESTADOS UNIDOS;5006493;CINE INTER SANTA INES 01;0;6000140;44834;44835;SANTA INÊS;MA;CINEINTER EXIBICOES CINEMATOGRAFICAS LTDA;35.477.354/0001-06
24/03/2021;24/03/2021 19:45:00;THE WIDOW;A VIÚVA DAS SOMBRAS;E2100005000000;DUBLADO;NÃO;RÚSSIA;5005395;CINE SHOW ANGRA DOS REIS - SALA 4;10;6000025;2973;20914;ANGRA DOS REIS;RJ;TATU FILMES LTDA;72.089.667/0001-13
24/03/2021;24/03/2021 19:50:00;MONSTER HUNTER;MONSTER HUNTER;E2000403800000;DUBLADO;NÃO;ESTADOS UNIDOS;5003443;CINE SHOW ANGRA DOS REIS - SALA 2;7;6000025;2973;20914;ANGRA DOS REIS;RJ;TATU FILMES LTDA;72.089.667/0001-13
24/03/2021;24/03/2021 19:50:00;MONSTER HUNTER;MONSTER HUNTER;E2000403800000;DUBLADO;NÃO;ESTADOS UNIDOS;5001091;CINE VOLTA REDONDA 02;5;6000025;2973;6743;VOLTA REDONDA;RJ;TATU FILMES LTDA;72.089.667/0001-13
24/03/2021;24/03/2021 19:50:00;MONSTER HUNTER;MONSTER HUNTER;E2000403800000;DUBLADO;NÃO;ESTADOS UNIDOS;5005637;CINESHOW TUBARÃO SALA 04;4;6000025;33770;33771;TUBARÃO;SC;TUBARÃO FILMES LTDA;24.971.903/0001-88
24/03/2021;24/03/2021 20:00:00;MONSTER HUNTER;MONSTER HUNTER;E2000403800000;DUBLADO;NÃO;ESTADOS UNIDOS;5005092;CINÉPOLIS SÃO GONÇALO SHOPPING - SALA 1;2;6000024;17266;30088;SÃO GONÇALO;RJ;CINEPOLIS OPERADORA DE CINEMAS DO BRASIL LTDA;09.652.820/0001-32
24/03/2021;24/03/2021 20:00:00;MONSTER HUNTER;MONSTER HUNTER;E2000403800000;DUBLADO;NÃO;ESTADOS UNIDOS;5006408;GRUPOCINE RIO DO SUL 02;1;6000034;44276;44286;RIO DO SUL;SC;EMPRESA CINEMATOGRAFICA BOMBOCINE LTDA;21.298.337/0001-05
24/03/2021;24/03/2021 20:00:00;MONSTER HUNTER;MONSTER HUNTER;E2000403800000;DUBLADO;NÃO;ESTADOS UNIDOS;5003374;JARDIM GUADALUPE 03;0;6000002;3136;20404;RIO DE JANEIRO;RJ;MSA EMPRESA CINEMATOGRÁFICA LTDA;03.608.600/0001-25
24/03/2021;24/03/2021 20:00:00;MONSTER HUNTER;MONSTER HUNTER;E2000403800000;DUBLADO;NÃO;ESTADOS UNIDOS;5005725;KINOPLEX IGUAÇU TOP SALA 05;4;6000037;1991;2387;NOVA IGUAÇU;RJ;EMPRESA CINEMAS SÃO LUIZ S/A;33.497.660/0001-89
24/03/2021;24/03/2021 20:00:00;RAYA AND THE LAST DRAGON;RAYA E O ÚLTIMO DRAGÃO;E2100035300000;DUBLADO;NÃO;ESTADOS UNIDOS;5005545;CINE COLOMBO RESENDE SALA 03;3;6000008;15833;33011;RESENDE;RJ;CINE A LTDA;10.894.937/0001-01
24/03/2021;24/03/2021 20:00:00;RAYA AND THE LAST DRAGON;RAYA E O ÚLTIMO DRAGÃO;E2100035300000;DUBLADO;NÃO;ESTADOS UNIDOS;5004879;CIRCUITO CINEMAS PBAS- SALA 01;0;6000028;15568;27873;PARAUAPEBAS;PA;CIRCUITO ENTRETENIMENTO E CINEMAS LTDA;08.068.712/0001-54
24/03/2021;24/03/2021 20:00:00;RAYA AND THE LAST DRAGON;RAYA E O ÚLTIMO DRAGÃO;E2100035300000;DUBLADO;NÃO;ESTADOS UNIDOS;5000056;KINOPLEX IGUAÇU TOP SALA 01 - KINOEVOLUTION;28;6000037;1991;2387;NOVA IGUAÇU;RJ;EMPRESA CINEMAS SÃO LUIZ S/A;33.497.660/0001-89
24/03/2021;24/03/2021 20:00:00;RAYA AND THE LAST DRAGON;RAYA E O ÚLTIMO DRAGÃO;E2100035300000;DUBLADO;NÃO;ESTADOS UNIDOS;5005563;KINOPLEX NOVA IGUAÇU SALA 02 KINOEVOLUTION;29;6000037;1991;33119;NOVA IGUAÇU;RJ;EMPRESA CINEMAS SÃO LUIZ S/A;33.497.660/0001-89
24/03/2021;24/03/2021 20:00:00;RAYA AND THE LAST DRAGON;RAYA E O ÚLTIMO DRAGÃO;E2100035300000;DUBLADO;NÃO;ESTADOS UNIDOS;5002386;MULTIPLEX CAXIAS SHOPPING 2;3;6000002;3136;14685;DUQUE DE CAXIAS;RJ;MSA EMPRESA CINEMATOGRÁFICA LTDA;03.608.600/0001-25
24/03/2021;24/03/2021 20:00:00;THE WIDOW;A VIÚVA DAS SOMBRAS;E2100005000000;DUBLADO;NÃO;RÚSSIA;5000193;BAY MARKET SALA 02;0;6000037;1991;2419;NITERÓI;RJ;EMPRESA CINEMAS SÃO LUIZ S/A;33.497.660/0001-89
24/03/2021;24/03/2021 20:00:00;THE WIDOW;A VIÚVA DAS SOMBRAS;E2100005000000;DUBLADO;NÃO;RÚSSIA;5001093;CINE VOLTA REDONDA 04;8;6000025;2973;6743;VOLTA REDONDA;RJ;TATU FILMES LTDA;72.089.667/0001-13
24/03/2021;24/03/2021 20:00:00;THE WIDOW;A VIÚVA DAS SOMBRAS;E2100005000000;DUBLADO;NÃO;RÚSSIA;5006293;CINEMARK SÃO GONÇALO 05;2;6000018;1843;42886;SÃO GONÇALO;RJ;CINEMARK BRASIL S.A;00.779.721/0001-41
24/03/2021;24/03/2021 20:00:00;THE WIDOW;A VIÚVA DAS SOMBRAS;E2100005000000;DUBLADO;NÃO;RÚSSIA;5003154;CINEMAXX GLÓRIA ITAPERUNA;0;6000019;3152;19509;ITAPERUNA;RJ;SUL FLUMINENSE CINEMAS LTDA;06.649.108/0001-96
24/03/2021;24/03/2021 20:00:00;THE WIDOW;A VIÚVA DAS SOMBRAS;E2100005000000;DUBLADO;NÃO;RÚSSIA;5003038;CINEMAXX PARACAMBI;0;6000019;18569;18716;PARACAMBI;RJ;MP CINEMAS LTDA;12.983.519/0001-16
24/03/2021;24/03/2021 20:00:00;THE WIDOW;A VIÚVA DAS SOMBRAS;E2100005000000;DUBLADO;NÃO;RÚSSIA;5005638;CINESHOW TUBARÃO SALA 03;8;6000025;33770;33771;TUBARÃO;SC;TUBARÃO FILMES LTDA;24.971.903/0001-88
24/03/2021;24/03/2021 20:00:00;THE WIDOW;A VIÚVA DAS SOMBRAS;E2100005000000;DUBLADO;NÃO;RÚSSIA;5002988;SALA CINEMAXX CASARIO SHOPPING VASSOURAS 01;1;6000019;18049;18050;VASSOURAS;RJ;VALE DO CAFÉ CINEMAS LTDA;12.259.599/0001-61
24/03/2021;24/03/2021 20:00:00;TOM & JERRY;TOM & JERRY - O FILME;E2000553800000;DUBLADO;NÃO;ESTADOS UNIDOS;5003373;JARDIM GUADALUPE 02;0;6000002;3136;20404;RIO DE JANEIRO;RJ;MSA EMPRESA CINEMATOGRÁFICA LTDA;03.608.600/0001-25
24/03/2021;24/03/2021 20:00:00;WIDOW, THE;A VIÚVA DAS SOMBRAS;E2100345600000;DUBLADO;NÃO;RÚSSIA;5005969;PLANET NITEROI - SALA 02;2;6000048;25436;38804;NITERÓI;RJ;SRS PLANET CINEMAS LTDA;13.250.172/0001-65
24/03/2021;24/03/2021 20:00:00;WONDER WOMAN 1984;MULHER-MARAVILHA 1984;E2000170200000;DUBLADO;NÃO;CANADÁ;5002381;MULTIPLEX CAXIAS SHOPPING 4;19;6000002;3136;14685;DUQUE DE CAXIAS;RJ;MSA EMPRESA CINEMATOGRÁFICA LTDA;03.608.600/0001-25
24/03/2021;24/03/2021 20:00:00;WONDER WOMAN 1984;MULHER-MARAVILHA 1984;E2000170200000;DUBLADO;NÃO;CANADÁ;5004730;MULTIPLEX PARK LAGOS 2;16;6000002;3136;27345;CABO FRIO;RJ;MSA EMPRESA CINEMATOGRÁFICA LTDA;03.608.600/0001-25
24/03/2021;24/03/2021 20:10:00;HONEST THIEF;LEGADO EXPLOSIVO;E2000416200000;DUBLADO;NÃO;ESTADOS UNIDOS;5000058;KINOPLEX IGUAÇU TOP SALA 03;9;6000037;1991;2387;NOVA IGUAÇU;RJ;EMPRESA CINEMAS SÃO LUIZ S/A;33.497.660/0001-89
24/03/2021;24/03/2021 20:10:00;HONEST THIEF;LEGADO EXPLOSIVO;E2000416200000;DUBLADO;NÃO;ESTADOS UNIDOS;5005564;KINOPLEX NOVA IGUAÇU SALA 03 PLATINUM;10;6000037;1991;33119;NOVA IGUAÇU;RJ;EMPRESA CINEMAS SÃO LUIZ S/A;33.497.660/0001-89
24/03/2021;24/03/2021 20:10:00;LUCICREIDE VAI PRA MARTE;;B1900421800000;ORIGINAL;NÃO;BRASIL;5000195;BAY MARKET SALA 04;0;6000037;1991;2419;NITERÓI;RJ;EMPRESA CINEMAS SÃO LUIZ S/A;33.497.660/0001-89
24/03/2021;24/03/2021 20:10:00;THE WIDOW;A VIÚVA DAS SOMBRAS;E2100005000000;DUBLADO;NÃO;RÚSSIA;5005095;CINÉPOLIS SÃO GONÇALO SHOPPING - SALA 4;14;6000024;17266;30088;SÃO GONÇALO;RJ;CINEPOLIS OPERADORA DE CINEMAS DO BRASIL LTDA;09.652.820/0001-32
24/03/2021;24/03/2021 20:15:00;MONSTER HUNTER;MONSTER HUNTER;E2000403800000;DUBLADO;NÃO;ESTADOS UNIDOS;5006657;SALA CINE VIEIRA 01;3;;47551;47598;SÃO BENTO;PB;COSTA E VIEIRA EMPREENDIMENTOS LTDA;10.866.528/0001-00
24/03/2021;24/03/2021 20:15:00;RAYA AND THE LAST DRAGON;RAYA E O ÚLTIMO DRAGÃO;E2100035300000;DUBLADO;NÃO;ESTADOS UNIDOS;5003375;JARDIM GUADALUPE 04;0;6000002;3136;20404;RIO DE JANEIRO;RJ;MSA EMPRESA CINEMATOGRÁFICA LTDA;03.608.600/0001-25
24/03/2021;24/03/2021 20:15:00;THE WIDOW;A VIÚVA DAS SOMBRAS;E2100005000000;DUBLADO;NÃO;RÚSSIA;5003376;JARDIM GUADALUPE 05;0;6000002;3136;20404;RIO DE JANEIRO;RJ;MSA EMPRESA CINEMATOGRÁFICA LTDA;03.608.600/0001-25
24/03/2021;24/03/2021 20:20:00;FOLLOW ME;SEM SAÍDA;E2100006300000;DUBLADO;NÃO;ESTADOS UNIDOS;5006407;GRUPOCINE RIO DO SUL 01;1;6000034;44276;44286;RIO DO SUL;SC;EMPRESA CINEMATOGRAFICA BOMBOCINE LTDA;21.298.337/0001-05
24/03/2021;24/03/2021 20:20:00;MONSTER HUNTER;MONSTER HUNTER;E2000403800000;DUBLADO;NÃO;ESTADOS UNIDOS;5005562;KINOPLEX NOVA IGUAÇU SALA 01;18;6000037;1991;33119;NOVA IGUAÇU;RJ;EMPRESA CINEMAS SÃO LUIZ S/A;33.497.660/0001-89
24/03/2021;24/03/2021 20:20:00;THE WIDOW;A VIÚVA DAS SOMBRAS;E2100005000000;DUBLADO;NÃO;RÚSSIA;5005726;KINOPLEX IGUAÇU TOP SALA 06;19;6000037;1991;2387;NOVA IGUAÇU;RJ;EMPRESA CINEMAS SÃO LUIZ S/A;33.497.660/0001-89
24/03/2021;24/03/2021 20:20:00;THE WIDOW;A VIÚVA DAS SOMBRAS;E2100005000000;DUBLADO;NÃO;RÚSSIA;5005568;KINOPLEX NOVA IGUAÇU SALA 07;20;6000037;1991;33119;NOVA IGUAÇU;RJ;EMPRESA CINEMAS SÃO LUIZ S/A;33.497.660/0001-89
24/03/2021;24/03/2021 20:30:00;GREENLAND;DESTRUIÇÃO FINAL: O ÚLTIMO REFÚGIO;E2000418100000;DUBLADO;NÃO;ESTADOS UNIDOS;5004731;MULTIPLEX PARK LAGOS 3;11;6000002;3136;27345;CABO FRIO;RJ;MSA EMPRESA CINEMATOGRÁFICA LTDA;03.608.600/0001-25
24/03/2021;24/03/2021 20:30:00;LUCICREIDE VAI PRA MARTE;;B1900421800000;ORIGINAL;NÃO;BRASIL;5002385;MULTIPLEX CAXIAS SHOPPING 5;11;6000002;3136;14685;DUQUE DE CAXIAS;RJ;MSA EMPRESA CINEMATOGRÁFICA LTDA;03.608.600/0001-25
24/03/2021;24/03/2021 20:30:00;LUCICREIDE VAI PRA MARTE;;B1900421800000;ORIGINAL;NÃO;BRASIL;5006125;MULTIPLEX VOLTA REDONDA IV;2;6000002;3136;41384;VOLTA REDONDA;RJ;MSA EMPRESA CINEMATOGRÁFICA LTDA;03.608.600/0001-25
24/03/2021;24/03/2021 20:30:00;MONSTER HUNTER;MONSTER HUNTER;E2000403800000;DUBLADO;NÃO;ESTADOS UNIDOS;5006484;CINE + ARTE SOMBRIO 01;4;6000103;44714;44715;SOMBRIO;SC;CINE + ARTE SOMBRIO LTDA;35.505.937/0001-01
24/03/2021;24/03/2021 20:30:00;MONSTER HUNTER;MONSTER HUNTER;E2000403800000;DUBLADO;NÃO;ESTADOS UNIDOS;5002382;MULTIPLEX CAXIAS SHOPPING 6;4;6000002;3136;14685;DUQUE DE CAXIAS;RJ;MSA EMPRESA CINEMATOGRÁFICA LTDA;03.608.600/0001-25
24/03/2021;24/03/2021 20:30:00;RAYA AND THE LAST DRAGON;RAYA E O ÚLTIMO DRAGÃO;E2100035300000;DUBLADO;NÃO;ESTADOS UNIDOS;5004732;MULTIPLEX PARK LAGOS 4;8;6000002;3136;27345;CABO FRIO;RJ;MSA EMPRESA CINEMATOGRÁFICA LTDA;03.608.600/0001-25
24/03/2021;24/03/2021 20:30:00;THE WIDOW;A VIÚVA DAS SOMBRAS;E2100005000000;DUBLADO;NÃO;RÚSSIA;5006494;CINE INTER SANTA INES 02;17;6000140;44834;44835;SANTA INÊS;MA;CINEINTER EXIBICOES CINEMATOGRAFICAS LTDA;35.477.354/0001-06
24/03/2021;24/03/2021 20:30:00;THE WIDOW;A VIÚVA DAS SOMBRAS;E2100005000000;DUBLADO;NÃO;RÚSSIA;5004880;CIRCUITO CINEMAS PBAS- SALA 02;0;6000028;15568;27873;PARAUAPEBAS;PA;CIRCUITO ENTRETENIMENTO E CINEMAS LTDA;08.068.712/0001-54
24/03/2021;24/03/2021 20:30:00;WONDER WOMAN 1984;MULHER-MARAVILHA 1984;E2000170200000;DUBLADO;NÃO;CANADÁ;5005717;MAXI MOVIE UNAMAR 2;9;6000107;34615;34616;CABO FRIO;RJ;MF 3000 - EMPREENDIMENTOS E PARTICIPAÇÕES LTDA-ME;17.498.681/0001-62
24/03/2021;24/03/2021 20:45:00;FOLLOW ME;SEM SAÍDA;E2100006300000;DUBLADO;NÃO;ESTADOS UNIDOS;5006083;CINE GRACHER PORTO BELO SALA 01;0;6000032;5979;40771;PORTO BELO;SC;CINE GRACHER LTDA;07.272.690/0001-87
24/03/2021;24/03/2021 20:45:00;FOLLOW ME;SEM SAÍDA;E2100006300000;DUBLADO;NÃO;ESTADOS UNIDOS;5006111;CINE GRACHER SÃO BENTO 01;0;6000032;5979;41056;SÃO BENTO DO SUL;SC;CINE GRACHER LTDA;07.272.690/0001-87
24/03/2021;24/03/2021 20:45:00;MONSTER HUNTER;MONSTER HUNTER;E2000403800000;DUBLADO;NÃO;ESTADOS UNIDOS;5005543;CINE COLOMBO RESENDE SALA 01;0;6000008;15833;33011;RESENDE;RJ;CINE A LTDA;10.894.937/0001-01
24/03/2021;24/03/2021 20:45:00;MONSTER HUNTER;MONSTER HUNTER;E2000403800000;DUBLADO;NÃO;ESTADOS UNIDOS;5006084;CINE GRACHER PORTO BELO SALA 02;4;6000032;5979;40771;PORTO BELO;SC;CINE GRACHER LTDA;07.272.690/0001-87
24/03/2021;24/03/2021 20:45:00;MONSTER HUNTER;MONSTER HUNTER;E2000403800000;DUBLADO;NÃO;ESTADOS UNIDOS;5006112;CINE GRACHER SÃO BENTO 02;2;6000032;5979;41056;SÃO BENTO DO SUL;SC;CINE GRACHER LTDA;07.272.690/0001-87
24/03/2021;24/03/2021 20:45:00;MONSTER HUNTER;MONSTER HUNTER;E2000403800000;DUBLADO;NÃO;ESTADOS UNIDOS;5006124;MULTIPLEX VOLTA REDONDA III;0;6000002;3136;41384;VOLTA REDONDA;RJ;MSA EMPRESA CINEMATOGRÁFICA LTDA;03.608.600/0001-25
24/03/2021;24/03/2021 20:45:00;RAYA AND THE LAST DRAGON;RAYA E O ÚLTIMO DRAGÃO;E2100035300000;DUBLADO;NÃO;ESTADOS UNIDOS;5006085;CINE GRACHER PORTO BELO SALA 03;0;6000032;5979;40771;PORTO BELO;SC;CINE GRACHER LTDA;07.272.690/0001-87
24/03/2021;24/03/2021 20:45:00;RAYA AND THE LAST DRAGON;RAYA E O ÚLTIMO DRAGÃO;E2100035300000;DUBLADO;NÃO;ESTADOS UNIDOS;5006113;CINE GRACHER SÃO BENTO 03;0;6000032;5979;41056;SÃO BENTO DO SUL;SC;CINE GRACHER LTDA;07.272.690/0001-87
24/03/2021;24/03/2021 20:45:00;THE WIDOW;A VIÚVA DAS SOMBRAS;E2100005000000;DUBLADO;NÃO;RÚSSIA;5006086;CINE GRACHER PORTO BELO SALA 04;0;6000032;5979;40771;PORTO BELO;SC;CINE GRACHER LTDA;07.272.690/0001-87
24/03/2021;24/03/2021 20:45:00;THE WIDOW;A VIÚVA DAS SOMBRAS;E2100005000000;DUBLADO;NÃO;RÚSSIA;5006114;CINE GRACHER SÃO BENTO 04;4;6000032;5979;41056;SÃO BENTO DO SUL;SC;CINE GRACHER LTDA;07.272.690/0001-87
24/03/2021;24/03/2021 20:50:00;FOLLOW ME;SEM SAÍDA;E2100006300000;DUBLADO;NÃO;ESTADOS UNIDOS;5006057;CINE GRACHER JOAÇABA SALA 02;0;6000032;5979;40234;JOAÇABA;SC;CINE GRACHER LTDA;07.272.690/0001-87
24/03/2021;24/03/2021 20:50:00;RAYA AND THE LAST DRAGON;RAYA E O ÚLTIMO DRAGÃO;E2100035300000;DUBLADO;NÃO;ESTADOS UNIDOS;5006056;CINE GRACHER JOAÇABA SALA 01;0;6000032;5979;40234;JOAÇABA;SC;CINE GRACHER LTDA;07.272.690/0001-87
24/03/2021;24/03/2021 20:50:00;THE WIDOW;A VIÚVA DAS SOMBRAS;E2100005000000;DUBLADO;NÃO;RÚSSIA;5006058;CINE GRACHER JOAÇABA SALA 03;0;6000032;5979;40234;JOAÇABA;SC;CINE GRACHER LTDA;07.272.690/0001-87
24/03/2021;24/03/2021 20:50:00;THE WIDOW;A VIÚVA DAS SOMBRAS;E2100005000000;DUBLADO;NÃO;RÚSSIA;5005756;CINE SHOW BARRA MANSA SALA 01;2;6000025;2973;35083;BARRA MANSA;RJ;TATU FILMES LTDA;72.089.667/0001-13
24/03/2021;24/03/2021 21:00:00;THE WIDOW;A VIÚVA DAS SOMBRAS;E2100005000000;DUBLADO;NÃO;RÚSSIA;5003445;CINE SHOW BARRA DO PIRAÍ 01;2;6000025;2973;20984;BARRA DO PIRAÍ;RJ;TATU FILMES LTDA;72.089.667/0001-13
24/03/2021;24/03/2021 21:00:00;THE WIDOW;A VIÚVA DAS SOMBRAS;E2100005000000;DUBLADO;NÃO;RÚSSIA;5002384;MULTIPLEX CAXIAS SHOPPING 3;15;6000002;3136;14685;DUQUE DE CAXIAS;RJ;MSA EMPRESA CINEMATOGRÁFICA LTDA;03.608.600/0001-25
24/03/2021;24/03/2021 21:00:00;THE WIDOW;A VIÚVA DAS SOMBRAS;E2100005000000;DUBLADO;NÃO;RÚSSIA;5004729;MULTIPLEX PARK LAGOS 1;13;6000002;3136;27345;CABO FRIO;RJ;MSA EMPRESA CINEMATOGRÁFICA LTDA;03.608.600/0001-25
24/03/2021;24/03/2021 21:00:00;THE WIDOW;A VIÚVA DAS SOMBRAS;E2100005000000;DUBLADO;NÃO;RÚSSIA;5006126;MULTIPLEX VOLTA REDONDA V;2;6000002;3136;41384;VOLTA REDONDA;RJ;MSA EMPRESA CINEMATOGRÁFICA LTDA;03.608.600/0001-25
24/03/2021;24/03/2021 21:00:00;TOM & JERRY;TOM & JERRY - O FILME;E2000553800000;DUBLADO;NÃO;ESTADOS UNIDOS;5004502;CINE GRACHER ESPAÇO HAVAN 2;0;6000032;5979;26111;BRUSQUE;SC;CINE GRACHER LTDA;07.272.690/0001-87
24/03/2021;24/03/2021 21:00:01;DEPOIS A LOUCA SOU EU;;B2000078000000;ORIGINAL;NÃO;BRASIL;5006490;CM CINEMAS BACAXA 1;0;6000016;44751;44760;SAQUAREMA;RJ;CRYK CINEMA BACAXA LTDA;35.282.350/0001-72
24/03/2021;24/03/2021 21:15:00;AMIGAS DE SORTE;;B1900594800000;ORIGINAL;NÃO;BRASIL;5005546;CINE COLOMBO RESENDE SALA 04;31;6000008;15833;33011;RESENDE;RJ;CINE A LTDA;10.894.937/0001-01
24/03/2021;24/03/2021 21:15:00;FOLLOW ME;SEM SAÍDA;E2100006300000;DUBLADO;NÃO;ESTADOS UNIDOS;5001862;CINE GRACHER LTDA;4;6000032;5979;6687;BRUSQUE;SC;CINE GRACHER LTDA;07.272.690/0001-87
24/03/2021;24/03/2021 21:15:00;FOLLOW ME;SEM SAÍDA;E2100006300000;DUBLADO;NÃO;ESTADOS UNIDOS;5005291;CINE GRACHER PORTO UNIÃO SALA 02;0;6000032;5979;30780;PORTO UNIÃO;SC;CINE GRACHER LTDA;07.272.690/0001-87
24/03/2021;24/03/2021 21:15:00;MONSTER HUNTER;MONSTER HUNTER;E2000403800000;DUBLADO;NÃO;ESTADOS UNIDOS;5005999;CINE GRACHER INDAIAL - SALA 02;0;6000032;5979;39283;INDAIAL;SC;CINE GRACHER LTDA;07.272.690/0001-87
24/03/2021;24/03/2021 21:15:00;MONSTER HUNTER;MONSTER HUNTER;E2000403800000;DUBLADO;NÃO;ESTADOS UNIDOS;5001860;CINE GRACHER LTDA;0;6000032;5979;6687;BRUSQUE;SC;CINE GRACHER LTDA;07.272.690/0001-87
24/03/2021;24/03/2021 21:15:00;RAYA AND THE LAST DRAGON;RAYA E O ÚLTIMO DRAGÃO;E2100035300000;DUBLADO;NÃO;ESTADOS UNIDOS;5004504;CINE GRACHER ESPAÇO HAVAN 1;0;6000032;5979;26111;BRUSQUE;SC;CINE GRACHER LTDA;07.272.690/0001-87
24/03/2021;24/03/2021 21:15:00;RAYA AND THE LAST DRAGON;RAYA E O ÚLTIMO DRAGÃO;E2100035300000;DUBLADO;NÃO;ESTADOS UNIDOS;5006000;CINE GRACHER INDAIAL - SALA 03;2;6000032;5979;39283;INDAIAL;SC;CINE GRACHER LTDA;07.272.690/0001-87
24/03/2021;24/03/2021 21:15:00;RAYA AND THE LAST DRAGON;RAYA E O ÚLTIMO DRAGÃO;E2100035300000;DUBLADO;NÃO;ESTADOS UNIDOS;5005290;CINE GRACHER PORTO UNIÃO SALA 01;0;6000032;5979;30780;PORTO UNIÃO;SC;CINE GRACHER LTDA;07.272.690/0001-87
24/03/2021;24/03/2021 21:15:00;THE WIDOW;A VIÚVA DAS SOMBRAS;E2100005000000;DUBLADO;NÃO;RÚSSIA;5004503;CINE GRACHER ESPAÇO HAVAN 3;0;6000032;5979;26111;BRUSQUE;SC;CINE GRACHER LTDA;07.272.690/0001-87
24/03/2021;24/03/2021 21:15:00;THE WIDOW;A VIÚVA DAS SOMBRAS;E2100005000000;DUBLADO;NÃO;RÚSSIA;5006001;CINE GRACHER INDAIAL - SALA 04;2;6000032;5979;39283;INDAIAL;SC;CINE GRACHER LTDA;07.272.690/0001-87
24/03/2021;24/03/2021 21:15:00;THE WIDOW;A VIÚVA DAS SOMBRAS;E2100005000000;DUBLADO;NÃO;RÚSSIA;5005292;CINE GRACHER PORTO UNIÃO SALA 03;0;6000032;5979;30780;PORTO UNIÃO;SC;CINE GRACHER LTDA;07.272.690/0001-87
24/03/2021;24/03/2021 21:15:00;TOM & JERRY;TOM & JERRY - O FILME;E2000553800000;DUBLADO;NÃO;ESTADOS UNIDOS;5005998;CINE GRACHER INDAIAL - SALA 01;2;6000032;5979;39283;INDAIAL;SC;CINE GRACHER LTDA;07.272.690/0001-87
24/03/2021;24/03/2021 21:15:00;TOM & JERRY;TOM & JERRY - O FILME;E2000553800000;DUBLADO;NÃO;ESTADOS UNIDOS;5001861;CINE GRACHER LTDA;0;6000032;5979;6687;BRUSQUE;SC;CINE GRACHER LTDA;07.272.690/0001-87
24/03/2021;24/03/2021 21:20:00;THE WIDOW;A VIÚVA DAS SOMBRAS;E2100005000000;DUBLADO;NÃO;RÚSSIA;5006491;CM CINEMAS BACAXA 2;0;6000016;44751;44760;SAQUAREMA;RJ;CRYK CINEMA BACAXA LTDA;35.282.350/0001-72
25/03/2021;25/03/2021 12:00:00;MONSTER HUNTER;MONSTER HUNTER;E2000403800000;DUBLADO;NÃO;ESTADOS UNIDOS;5004249;GOIABEIRAS 2;0;6000018;1843;24765;CUIABÁ;MT;CINEMARK BRASIL S.A;00.779.721/0001-41
25/03/2021;25/03/2021 12:00:00;TOM & JERRY;TOM & JERRY - O FILME;E2000553800000;DUBLADO;NÃO;ESTADOS UNIDOS;5004253;GOIABEIRAS 6;0;6000018;1843;24765;CUIABÁ;MT;CINEMARK BRASIL S.A;00.779.721/0001-41
25/03/2021;25/03/2021 12:30:00;THE WIDOW;A VIÚVA DAS SOMBRAS;E2100005000000;DUBLADO;NÃO;RÚSSIA;5004250;GOIABEIRAS 3;0;6000018;1843;24765;CUIABÁ;MT;CINEMARK BRASIL S.A;00.779.721/0001-41
25/03/2021;25/03/2021 13:00:00;TOM & JERRY;TOM & JERRY - O FILME;E2000553800000;DUBLADO;NÃO;ESTADOS UNIDOS;5002565;CINE CATARATAS 2;6;;15565;15566;FOZ DO IGUAÇU;PR;CINE CATARATAS LTDA;09.010.219/0001-46
25/03/2021;25/03/2021 13:00:00;TOM & JERRY;TOM & JERRY - O FILME;E2000553800000;DUBLADO;NÃO;ESTADOS UNIDOS;5004248;GOIABEIRAS 1;0;6000018;1843;24765;CUIABÁ;MT;CINEMARK BRASIL S.A;00.779.721/0001-41
25/03/2021;25/03/2021 13:20:00;DEPOIS A LOUCA SOU EU;;B2000078000000;ORIGINAL;NÃO;BRASIL;5004254;GOIABEIRAS 7;0;6000018;1843;24765;CUIABÁ;MT;CINEMARK BRASIL S.A;00.779.721/0001-41
25/03/2021;25/03/2021 13:30:00;TOM & JERRY;TOM & JERRY - O FILME;E2000553800000;DUBLADO;NÃO;ESTADOS UNIDOS;5004252;GOIABEIRAS 5;2;6000018;1843;24765;CUIABÁ;MT;CINEMARK BRASIL S.A;00.779.721/0001-41
25/03/2021;25/03/2021 13:40:00;MONSTER HUNTER;MONSTER HUNTER;E2000403800000;DUBLADO;NÃO;ESTADOS UNIDOS;5004251;GOIABEIRAS 4;0;6000018;1843;24765;CUIABÁ;MT;CINEMARK BRASIL S.A;00.779.721/0001-41
25/03/2021;25/03/2021 14:00:00;LUCICREIDE VAI PRA MARTE;;B1900421800000;ORIGINAL;NÃO;BRASIL;5006063;CENTERPLEX BOULEVARD 05;0;6000006;40317;40318;VITÓRIA DA CONQUISTA;BA;CINE ELI BAHIA CINEMAS LTDA - EM RECUPERACAO JUDICIAL;30.096.740/0001-34
25/03/2021;25/03/2021 14:00:00;RAYA AND THE LAST DRAGON;RAYA E O ÚLTIMO DRAGÃO;E2100035300000;DUBLADO;NÃO;ESTADOS UNIDOS;5001634;CINE TERESINA 1;2;;2140;6595;TERESINA;PI;CINEMAS TERESINA LTDA;02.142.566/0001-83
25/03/2021;25/03/2021 14:00:00;RAYA AND THE LAST DRAGON;RAYA E O ÚLTIMO DRAGÃO;E2100035300000;DUBLADO;NÃO;ESTADOS UNIDOS;5006657;SALA CINE VIEIRA 01;0;;47551;47598;SÃO BENTO;PB;COSTA E VIEIRA EMPREENDIMENTOS LTDA;10.866.528/0001-00
25/03/2021;25/03/2021 14:00:00;TOM & JERRY;TOM & JERRY - O FILME;E2000553800000;DUBLADO;NÃO;ESTADOS UNIDOS;5006059;CENTERPLEX BOULEVARD 01;0;6000006;40317;40318;VITÓRIA DA CONQUISTA;BA;CINE ELI BAHIA CINEMAS LTDA - EM RECUPERACAO JUDICIAL;30.096.740/0001-34
25/03/2021;25/03/2021 14:00:00;WONDER WOMAN 1984;MULHER-MARAVILHA 1984;E2000170200000;DUBLADO;NÃO;CANADÁ;5005647;CINE TERESINA 4;0;;2140;6595;TERESINA;PI;CINEMAS TERESINA LTDA;02.142.566/0001-83
25/03/2021;25/03/2021 14:10:00;RAYA AND THE LAST DRAGON;RAYA E O ÚLTIMO DRAGÃO;E2100035300000;DUBLADO;NÃO;ESTADOS UNIDOS;5005305;CINEFLIX VÁRZEA GRANDE SHOPPING - SALA 2;5;6000014;24534;31101;VÁRZEA GRANDE;MT;REDECINE BSB CINEMATOGRÁFICA LTDA;18.087.870/0001-05
25/03/2021;25/03/2021 14:30:00;MONSTER HUNTER;MONSTER HUNTER;E2000403800000;DUBLADO;NÃO;ESTADOS UNIDOS;5006062;CENTERPLEX BOULEVARD 04;1;6000006;40317;40318;VITÓRIA DA CONQUISTA;BA;CINE ELI BAHIA CINEMAS LTDA - EM RECUPERACAO JUDICIAL;30.096.740/0001-34
25/03/2021;25/03/2021 14:30:00;MONSTER HUNTER;MONSTER HUNTER;E2000403800000;DUBLADO;NÃO;ESTADOS UNIDOS;5005304;CINEFLIX VÁRZEA GRANDE SHOPPING - SALA 1;1;6000014;24534;31101;VÁRZEA GRANDE;MT;REDECINE BSB CINEMATOGRÁFICA LTDA;18.087.870/0001-05
25/03/2021;25/03/2021 14:30:00;TOM & JERRY;TOM & JERRY - O FILME;E2000553800000;DUBLADO;NÃO;ESTADOS UNIDOS;5004253;GOIABEIRAS 6;0;6000018;1843;24765;CUIABÁ;MT;CINEMARK BRASIL S.A;00.779.721/0001-41
25/03/2021;25/03/2021 14:35:00;MONSTER HUNTER;MONSTER HUNTER;E2000403800000;DUBLADO;NÃO;ESTADOS UNIDOS;5004249;GOIABEIRAS 2;0;6000018;1843;24765;CUIABÁ;MT;CINEMARK BRASIL S.A;00.779.721/0001-41
25/03/2021;25/03/2021 14:50:00;TOM & JERRY;TOM & JERRY - O FILME;E2000553800000;DUBLADO;NÃO;ESTADOS UNIDOS;5006649;GRUPOCINE TUCURUI 03;0;6000034;44276;47310;TUCURUÍ;PA;EMPRESA CINEMATOGRAFICA BOMBOCINE LTDA;21.298.337/0001-05
25/03/2021;25/03/2021 15:00:00;DEPOIS A LOUCA SOU EU;;B2000078000000;DUBLADO;NÃO;BRASIL;5005206;CINÉPOLIS RIO POTY SALA 10;0;6000024;17266;30352;TERESINA;PI;CINEPOLIS OPERADORA DE CINEMAS DO BRASIL LTDA;09.652.820/0001-32
25/03/2021;25/03/2021 15:00:00;LUCICREIDE VAI PRA MARTE;;B1900421800000;ORIGINAL;NÃO;BRASIL;5006060;CENTERPLEX BOULEVARD 02;0;6000006;40317;40318;VITÓRIA DA CONQUISTA;BA;CINE ELI BAHIA CINEMAS LTDA - EM RECUPERACAO JUDICIAL;30.096.740/0001-34
25/03/2021;25/03/2021 15:00:00;PORTUÑOL;;B2000115500000;DUBLADO;NÃO;BRASIL;5002565;CINE CATARATAS 2;2;;15565;15566;FOZ DO IGUAÇU;PR;CINE CATARATAS LTDA;09.010.219/0001-46
25/03/2021;25/03/2021 15:00:00;THE WIDOW;A VIÚVA DAS SOMBRAS;E2100005000000;DUBLADO;NÃO;RÚSSIA;5004250;GOIABEIRAS 3;0;6000018;1843;24765;CUIABÁ;MT;CINEMARK BRASIL S.A;00.779.721/0001-41
25/03/2021;25/03/2021 15:10:00;RAYA AND THE LAST DRAGON;RAYA E O ÚLTIMO DRAGÃO;E2100035300000;DUBLADO;NÃO;ESTADOS UNIDOS;5004300;SALA VILA RICA 1 3D;0;;14637;14638;PRIMAVERA DO LESTE;MT;MAURICIO JOSE NICOLINO & CIA LTDA;05.724.035/0001-97
25/03/2021;25/03/2021 15:15:00;TOM & JERRY;TOM & JERRY - O FILME;E2000553800000;DUBLADO;NÃO;ESTADOS UNIDOS;5006064;CENTERPLEX BOULEVARD 06;0;6000006;40317;40318;VITÓRIA DA CONQUISTA;BA;CINE ELI BAHIA CINEMAS LTDA - EM RECUPERACAO JUDICIAL;30.096.740/0001-34
25/03/2021;25/03/2021 15:15:00;TOM & JERRY;TOM & JERRY - O FILME;E2000553800000;DUBLADO;NÃO;ESTADOS UNIDOS;5005545;CINE COLOMBO RESENDE SALA 03;2;6000008;15833;33011;RESENDE;RJ;CINE A LTDA;10.894.937/0001-01
25/03/2021;25/03/2021 15:20:00;LUCICREIDE VAI PRA MARTE;;B1900421800000;ORIGINAL;NÃO;BRASIL;5000207;KINOPLEX GRANDE RIO 4;12;6000037;1991;2424;SÃO JOÃO DE MERITI;RJ;EMPRESA CINEMAS SÃO LUIZ S/A;33.497.660/0001-89
25/03/2021;25/03/2021 15:20:00;LUCICREIDE VAI PRA MARTE;;B1900421800000;ORIGINAL;NÃO;BRASIL;5001662;ORIENT CINEPLACE BOULEVARD SHOPPING - SALA 3;6;6000046;2869;6630;FEIRA DE SANTANA;BA;FEIRA PLEXCINE LTDA.;04.547.950/0001-91
25/03/2021;25/03/2021 15:20:00;MONSTER HUNTER;MONSTER HUNTER;E2000403800000;DUBLADO;NÃO;ESTADOS UNIDOS;5005648;CINE TERESINA 5;2;;2140;6595;TERESINA;PI;CINEMAS TERESINA LTDA;02.142.566/0001-83
25/03/2021;25/03/2021 15:20:00;RAYA AND THE LAST DRAGON;RAYA E O ÚLTIMO DRAGÃO;E2100035300000;DUBLADO;NÃO;ESTADOS UNIDOS;5001636;CINE TERESINA 3;4;;2140;6595;TERESINA;PI;CINEMAS TERESINA LTDA;02.142.566/0001-83
25/03/2021;25/03/2021 15:20:00;RAYA AND THE LAST DRAGON;RAYA E O ÚLTIMO DRAGÃO;E2100035300000;DUBLADO;NÃO;ESTADOS UNIDOS;5006648;GRUPOCINE TUCURUI 02;0;6000034;44276;47310;TUCURUÍ;PA;EMPRESA CINEMATOGRAFICA BOMBOCINE LTDA;21.298.337/0001-05
25/03/2021;25/03/2021 15:30:00;DEPOIS A LOUCA SOU EU;;B2000078000000;ORIGINAL;NÃO;BRASIL;5001638;CINE TERESINA 7;0;;2140;6595;TERESINA;PI;CINEMAS TERESINA LTDA;02.142.566/0001-83
25/03/2021;25/03/2021 15:30:00;RAYA AND THE LAST DRAGON;RAYA E O ÚLTIMO DRAGÃO;E2100035300000;DUBLADO;NÃO;ESTADOS UNIDOS;5002566;CINE CATARATAS 3;7;;15565;15566;FOZ DO IGUAÇU;PR;CINE CATARATAS LTDA;09.010.219/0001-46
25/03/2021;25/03/2021 15:30:00;RAYA AND THE LAST DRAGON;RAYA E O ÚLTIMO DRAGÃO;E2100035300000;DUBLADO;NÃO;ESTADOS UNIDOS;5000208;KINOPLEX GRANDE RIO 5;15;6000037;1991;2424;SÃO JOÃO DE MERITI;RJ;EMPRESA CINEMAS SÃO LUIZ S/A;33.497.660/0001-89
25/03/2021;25/03/2021 15:30:00;THE WIDOW;A VIÚVA DAS SOMBRAS;E2100005000000;DUBLADO;NÃO;RÚSSIA;5006061;CENTERPLEX BOULEVARD 03;0;6000006;40317;40318;VITÓRIA DA CONQUISTA;BA;CINE ELI BAHIA CINEMAS LTDA - EM RECUPERACAO JUDICIAL;30.096.740/0001-34
25/03/2021;25/03/2021 15:30:00;TOM & JERRY;TOM & JERRY - O FILME;E2000553800000;DUBLADO;NÃO;ESTADOS UNIDOS;5004248;GOIABEIRAS 1;0;6000018;1843;24765;CUIABÁ;MT;CINEMARK BRASIL S.A;00.779.721/0001-41
25/03/2021;25/03/2021 15:30:00;WONDER WOMAN 1984;MULHER-MARAVILHA 1984;E2000170200000;DUBLADO;NÃO;CANADÁ;5005543;CINE COLOMBO RESENDE SALA 01;0;6000008;15833;33011;RESENDE;RJ;CINE A LTDA;10.894.937/0001-01
25/03/2021;25/03/2021 15:40:00;THE GENTLEMEN;MAGNATAS DO CRIME;E2000005600000;DUBLADO;NÃO;ESTADOS UNIDOS;5006647;GRUPOCINE TUCURUI 01;0;6000034;44276;47310;TUCURUÍ;PA;EMPRESA CINEMATOGRAFICA BOMBOCINE LTDA;21.298.337/0001-05
25/03/2021;25/03/2021 15:40:00;TOM & JERRY;TOM & JERRY - O FILME;E2000553800000;DUBLADO;NÃO;ESTADOS UNIDOS;5001635;CINE TERESINA 2;1;;2140;6595;TERESINA;PI;CINEMAS TERESINA LTDA;02.142.566/0001-83
25/03/2021;25/03/2021 15:40:00;Z;AMIZADE MALDITA;E2000229400000;DUBLADO;NÃO;CANADÁ;5000206;KINOPLEX GRANDE RIO 3;7;6000037;1991;2424;SÃO JOÃO DE MERITI;RJ;EMPRESA CINEMAS SÃO LUIZ S/A;33.497.660/0001-89
25/03/2021;25/03/2021 15:50:00;FOLLOW ME;SEM SAÍDA;E2100006300000;DUBLADO;NÃO;ESTADOS UNIDOS;5006645;PLAYARTE RORAIMA GARDEN SALA 04;0;6000049;39188;47248;BOA VISTA;RR;MULTIPLEX DO BRASIL ENTRETENIMENTO LTDA;27.595.833/0001-07
25/03/2021;25/03/2021 15:50:00;LUCICREIDE VAI PRA MARTE;;B1900421800000;ORIGINAL;NÃO;BRASIL;5001637;CINE TERESINA 6;0;;2140;6595;TERESINA;PI;CINEMAS TERESINA LTDA;02.142.566/0001-83
25/03/2021;25/03/2021 15:50:00;TOM & JERRY;TOM & JERRY - O FILME;E2000553800000;DUBLADO;NÃO;ESTADOS UNIDOS;5000205;KINOPLEX GRANDE RIO 2;10;6000037;1991;2424;SÃO JOÃO DE MERITI;RJ;EMPRESA CINEMAS SÃO LUIZ S/A;33.497.660/0001-89
25/03/2021;25/03/2021 16:00:00;FOLLOW ME;SEM SAÍDA;E2100006300000;DUBLADO;NÃO;ESTADOS UNIDOS;5000204;KINOPLEX GRANDE RIO 1;10;6000037;1991;2424;SÃO JOÃO DE MERITI;RJ;EMPRESA CINEMAS SÃO LUIZ S/A;33.497.660/0001-89
25/03/2021;25/03/2021 16:00:00;RAYA AND THE LAST DRAGON;RAYA E O ÚLTIMO DRAGÃO;E2100035300000;DUBLADO;NÃO;ESTADOS UNIDOS;5001795;CINE ITAGUARI SALA 1;0;;5725;6588;SANTO ANTÔNIO DE JESUS;BA;IMPERIAL TURISMO E EVENTOS EIRELI;01.732.317/0001-85
25/03/2021;25/03/2021 16:00:00;RAYA AND THE LAST DRAGON;RAYA E O ÚLTIMO DRAGÃO;E2100035300000;DUBLADO;NÃO;ESTADOS UNIDOS;5006217;CINE LAGUNA 2;7;6000141;24511;24512;ALAGOINHAS;BA;VICTORY EVENTOS & TURISMO LTDA;05.607.525/0001-03
25/03/2021;25/03/2021 16:00:00;TOM & JERRY;TOM & JERRY - O FILME;E2000553800000;DUBLADO;NÃO;ESTADOS UNIDOS;5006484;CINE + ARTE SOMBRIO 01;0;6000103;44714;44715;SOMBRIO;SC;CINE + ARTE SOMBRIO LTDA;35.505.937/0001-01
25/03/2021;25/03/2021 16:00:00;TOM & JERRY;TOM & JERRY - O FILME;E2000553800000;DUBLADO;NÃO;ESTADOS UNIDOS;5004502;CINE GRACHER ESPAÇO HAVAN 2;2;6000032;5979;26111;BRUSQUE;SC;CINE GRACHER LTDA;07.272.690/0001-87
25/03/2021;25/03/2021 16:00:00;TOM & JERRY;TOM & JERRY - O FILME;E2000553800000;DUBLADO;NÃO;ESTADOS UNIDOS;5005204;CINÉPOLIS RIO POTY SALA 8;2;6000024;17266;30352;TERESINA;PI;CINEPOLIS OPERADORA DE CINEMAS DO BRASIL LTDA;09.652.820/0001-32
25/03/2021;25/03/2021 16:00:00;WONDER WOMAN 1984;MULHER-MARAVILHA 1984;E2000170200000;DUBLADO;NÃO;CANADÁ;5004254;GOIABEIRAS 7;1;6000018;1843;24765;CUIABÁ;MT;CINEMARK BRASIL S.A;00.779.721/0001-41
25/03/2021;25/03/2021 16:10:00;MONSTER HUNTER;MONSTER HUNTER;E2000403800000;DUBLADO;NÃO;ESTADOS UNIDOS;5006657;SALA CINE VIEIRA 01;0;;47551;47598;SÃO BENTO;PB;COSTA E VIEIRA EMPREENDIMENTOS LTDA;10.866.528/0001-00
25/03/2021;25/03/2021 16:20:00;MONSTER HUNTER;MONSTER HUNTER;E2000403800000;DUBLADO;NÃO;ESTADOS UNIDOS;5002565;CINE CATARATAS 2;8;;15565;15566;FOZ DO IGUAÇU;PR;CINE CATARATAS LTDA;09.010.219/0001-46
25/03/2021;25/03/2021 16:20:00;THE WIDOW;A VIÚVA DAS SOMBRAS;E2100005000000;DUBLADO;NÃO;RÚSSIA;5004252;GOIABEIRAS 5;0;6000018;1843;24765;CUIABÁ;MT;CINEMARK BRASIL S.A;00.779.721/0001-41
25/03/2021;25/03/2021 16:20:00;THE WIDOW;A VIÚVA DAS SOMBRAS;E2100005000000;DUBLADO;NÃO;RÚSSIA;5000209;KINOPLEX GRANDE RIO 6;27;6000037;1991;2424;SÃO JOÃO DE MERITI;RJ;EMPRESA CINEMAS SÃO LUIZ S/A;33.497.660/0001-89
25/03/2021;25/03/2021 16:30:00;CHORÃO: MARGINAL ALADO;;B2000158900000;ORIGINAL;NÃO;BRASIL;5006644;PLAYARTE RORAIMA GARDEN SALA 03;0;6000049;39188;47248;BOA VISTA;RR;MULTIPLEX DO BRASIL ENTRETENIMENTO LTDA;27.595.833/0001-07
25/03/2021;25/03/2021 16:30:00;JUDAS AND THE BLACK MESSIAH;JUDAS E O MESSIAS NEGRO;E2100040400000;ORIGINAL;SIM;ESTADOS UNIDOS;5005199;CINÉPOLIS RIO POTY SALA 03-VIP;0;6000024;17266;30352;TERESINA;PI;CINEPOLIS OPERADORA DE CINEMAS DO BRASIL LTDA;09.652.820/0001-32
25/03/2021;25/03/2021 16:30:00;MONSTER HUNTER;MONSTER HUNTER;E2000403800000;DUBLADO;NÃO;ESTADOS UNIDOS;5004503;CINE GRACHER ESPAÇO HAVAN 3;0;6000032;5979;26111;BRUSQUE;SC;CINE GRACHER LTDA;07.272.690/0001-87
25/03/2021;25/03/2021 16:30:00;MONSTER HUNTER;MONSTER HUNTER;E2000403800000;DUBLADO;NÃO;ESTADOS UNIDOS;5004251;GOIABEIRAS 4;2;6000018;1843;24765;CUIABÁ;MT;CINEMARK BRASIL S.A;00.779.721/0001-41
25/03/2021;25/03/2021 16:30:00;THE WIDOW;A VIÚVA DAS SOMBRAS;E2100005000000;DUBLADO;NÃO;RÚSSIA;5001634;CINE TERESINA 1;2;;2140;6595;TERESINA;PI;CINEMAS TERESINA LTDA;02.142.566/0001-83
25/03/2021;25/03/2021 16:40:00;RAYA AND THE LAST DRAGON;RAYA E O ÚLTIMO DRAGÃO;E2100035300000;DUBLADO;NÃO;ESTADOS UNIDOS;5005305;CINEFLIX VÁRZEA GRANDE SHOPPING - SALA 2;0;6000014;24534;31101;VÁRZEA GRANDE;MT;REDECINE BSB CINEMATOGRÁFICA LTDA;18.087.870/0001-05
25/03/2021;25/03/2021 16:45:00;THE WIDOW;A VIÚVA DAS SOMBRAS;E2100005000000;DUBLADO;NÃO;RÚSSIA;5006494;CINE INTER SANTA INES 02;3;6000140;44834;44835;SANTA INÊS;MA;CINEINTER EXIBICOES CINEMATOGRAFICAS LTDA;35.477.354/0001-06
25/03/2021;25/03/2021 16:45:00;THE WIDOW;A VIÚVA DAS SOMBRAS;E2100005000000;DUBLADO;NÃO;RÚSSIA;5006649;GRUPOCINE TUCURUI 03;0;6000034;44276;47310;TUCURUÍ;PA;EMPRESA CINEMATOGRAFICA BOMBOCINE LTDA;21.298.337/0001-05
25/03/2021;25/03/2021 16:50:00;DRUK;DRUK - MAIS UMA RODADA;E2100078400000;ORIGINAL;SIM;DINAMARCA;5005994;CINE BARRA POINT SALA 01;11;6000083;14200;39233;RIO DE JANEIRO;RJ;ARTE VITAL EXIBIÇÕES CINEMATOGRÁFICAS LTDA;03.459.043/0001-28
25/03/2021;25/03/2021 16:50:00;DRUK;DRUK - MAIS UMA RODADA;E2100078400000;ORIGINAL;SIM;DINAMARCA;5002323;CINE SANTA TERESA;7;6000083;14200;14201;RIO DE JANEIRO;RJ;ARTE VITAL EXIBIÇÕES CINEMATOGRÁFICAS LTDA;03.459.043/0001-28
25/03/2021;25/03/2021 16:50:00;MONSTER HUNTER;MONSTER HUNTER;E2000403800000;DUBLADO;NÃO;ESTADOS UNIDOS;5005304;CINEFLIX VÁRZEA GRANDE SHOPPING - SALA 1;0;6000014;24534;31101;VÁRZEA GRANDE;MT;REDECINE BSB CINEMATOGRÁFICA LTDA;18.087.870/0001-05
25/03/2021;25/03/2021 16:50:00;RAYA AND THE LAST DRAGON;RAYA E O ÚLTIMO DRAGÃO;E2100035300000;DUBLADO;NÃO;ESTADOS UNIDOS;5006138;SALA CINE GUEDES 03;0;;23266;23267;PATOS;PB;LILIANE ROCHA DE MEDEIROS GUEDES-ME;16.844.526/0001-98
25/03/2021;25/03/2021 16:50:00;TOM & JERRY;TOM & JERRY - O FILME;E2000553800000;DUBLADO;NÃO;ESTADOS UNIDOS;5006643;PLAYARTE RORAIMA GARDEN SALA 02;8;6000049;39188;47248;BOA VISTA;RR;MULTIPLEX DO BRASIL ENTRETENIMENTO LTDA;27.595.833/0001-07
25/03/2021;25/03/2021 17:00:00;MONSTER HUNTER;MONSTER HUNTER;E2000403800000;DUBLADO;NÃO;ESTADOS UNIDOS;5002400;CINEVIP RONDON PLAZA SHOPPING SALA 01;0;;14781;14782;RONDONÓPOLIS;MT;GIOVANNI ZEM RODRIGUES;10.443.079/0001-89
25/03/2021;25/03/2021 17:00:00;RAYA AND THE LAST DRAGON;RAYA E O ÚLTIMO DRAGÃO;E2100035300000;DUBLADO;NÃO;ESTADOS UNIDOS;5001860;CINE GRACHER LTDA;0;6000032;5979;6687;BRUSQUE;SC;CINE GRACHER LTDA;07.272.690/0001-87
25/03/2021;25/03/2021 17:00:00;RAYA AND THE LAST DRAGON;RAYA E O ÚLTIMO DRAGÃO;E2100035300000;DUBLADO;NÃO;ESTADOS UNIDOS;5006407;GRUPOCINE RIO DO SUL 01;0;6000034;44276;44286;RIO DO SUL;SC;EMPRESA CINEMATOGRAFICA BOMBOCINE LTDA;21.298.337/0001-05
25/03/2021;25/03/2021 17:00:00;TOM & JERRY;TOM & JERRY - O FILME;E2000553800000;DUBLADO;NÃO;ESTADOS UNIDOS;5004253;GOIABEIRAS 6;0;6000018;1843;24765;CUIABÁ;MT;CINEMARK BRASIL S.A;00.779.721/0001-41
25/03/2021;25/03/2021 17:00:00;WONDER WOMAN 1984;MULHER-MARAVILHA 1984;E2000170200000;DUBLADO;NÃO;CANADÁ;5005206;CINÉPOLIS RIO POTY SALA 10;4;6000024;17266;30352;TERESINA;PI;CINEPOLIS OPERADORA DE CINEMAS DO BRASIL LTDA;09.652.820/0001-32
25/03/2021;25/03/2021 17:05:00;MONSTER HUNTER;MONSTER HUNTER;E2000403800000;ORIGINAL;SIM;ESTADOS UNIDOS;5004249;GOIABEIRAS 2;0;6000018;1843;24765;CUIABÁ;MT;CINEMARK BRASIL S.A;00.779.721/0001-41
25/03/2021;25/03/2021 17:10:00;WONDER WOMAN 1984;MULHER-MARAVILHA 1984;E2000170200000;DUBLADO;NÃO;CANADÁ;5005647;CINE TERESINA 4;0;;2140;6595;TERESINA;PI;CINEMAS TERESINA LTDA;02.142.566/0001-83
25/03/2021;25/03/2021 17:15:00;RAYA AND THE LAST DRAGON;RAYA E O ÚLTIMO DRAGÃO;E2100035300000;DUBLADO;NÃO;ESTADOS UNIDOS;5004300;SALA VILA RICA 1 3D;0;;14637;14638;PRIMAVERA DO LESTE;MT;MAURICIO JOSE NICOLINO & CIA LTDA;05.724.035/0001-97
25/03/2021;25/03/2021 17:15:00;THE WIDOW;A VIÚVA DAS SOMBRAS;E2100005000000;ORIGINAL;SIM;RÚSSIA;5004250;GOIABEIRAS 3;0;6000018;1843;24765;CUIABÁ;MT;CINEMARK BRASIL S.A;00.779.721/0001-41
25/03/2021;25/03/2021 17:20:00;RAYA AND THE LAST DRAGON;RAYA E O ÚLTIMO DRAGÃO;E2100035300000;DUBLADO;NÃO;ESTADOS UNIDOS;5006493;CINE INTER SANTA INES 01;0;6000140;44834;44835;SANTA INÊS;MA;CINEINTER EXIBICOES CINEMATOGRAFICAS LTDA;35.477.354/0001-06
25/03/2021;25/03/2021 17:20:00;TOM & JERRY;TOM & JERRY - O FILME;E2000553800000;DUBLADO;NÃO;ESTADOS UNIDOS;5000057;KINOPLEX IGUAÇU TOP SALA 02;4;6000037;1991;2387;NOVA IGUAÇU;RJ;EMPRESA CINEMAS SÃO LUIZ S/A;33.497.660/0001-89
25/03/2021;25/03/2021 17:20:00;TOM & JERRY;TOM & JERRY - O FILME;E2000553800000;DUBLADO;NÃO;ESTADOS UNIDOS;5005568;KINOPLEX NOVA IGUAÇU SALA 07;11;6000037;1991;33119;NOVA IGUAÇU;RJ;EMPRESA CINEMAS SÃO LUIZ S/A;33.497.660/0001-89
25/03/2021;25/03/2021 17:30:00;LUCICREIDE VAI PRA MARTE;;B1900421800000;ORIGINAL;NÃO;BRASIL;5005567;KINOPLEX NOVA IGUAÇU SALA 06;6;6000037;1991;33119;NOVA IGUAÇU;RJ;EMPRESA CINEMAS SÃO LUIZ S/A;33.497.660/0001-89
25/03/2021;25/03/2021 17:30:00;MONSTER HUNTER;MONSTER HUNTER;E2000403800000;DUBLADO;NÃO;ESTADOS UNIDOS;5005200;CINÉPOLIS RIO POTY SALA 04-MACRO;1;6000024;17266;30352;TERESINA;PI;CINEPOLIS OPERADORA DE CINEMAS DO BRASIL LTDA;09.652.820/0001-32
25/03/2021;25/03/2021 17:30:00;RAYA AND THE LAST DRAGON;RAYA E O ÚLTIMO DRAGÃO;E2100035300000;DUBLADO;NÃO;ESTADOS UNIDOS;5005545;CINE COLOMBO RESENDE SALA 03;2;6000008;15833;33011;RESENDE;RJ;CINE A LTDA;10.894.937/0001-01
25/03/2021;25/03/2021 17:30:00;RAYA AND THE LAST DRAGON;RAYA E O ÚLTIMO DRAGÃO;E2100035300000;DUBLADO;NÃO;ESTADOS UNIDOS;5000056;KINOPLEX IGUAÇU TOP SALA 01 - KINOEVOLUTION;13;6000037;1991;2387;NOVA IGUAÇU;RJ;EMPRESA CINEMAS SÃO LUIZ S/A;33.497.660/0001-89
25/03/2021;25/03/2021 17:30:00;RAYA AND THE LAST DRAGON;RAYA E O ÚLTIMO DRAGÃO;E2100035300000;DUBLADO;NÃO;ESTADOS UNIDOS;5005563;KINOPLEX NOVA IGUAÇU SALA 02 KINOEVOLUTION;11;6000037;1991;33119;NOVA IGUAÇU;RJ;EMPRESA CINEMAS SÃO LUIZ S/A;33.497.660/0001-89
25/03/2021;25/03/2021 17:30:00;THE EMPTY MAN;O MENSAGEIRO DO ÚLTIMO DIA;E2000471300000;DUBLADO;NÃO;ESTADOS UNIDOS;5000207;KINOPLEX GRANDE RIO 4;9;6000037;1991;2424;SÃO JOÃO DE MERITI;RJ;EMPRESA CINEMAS SÃO LUIZ S/A;33.497.660/0001-89
25/03/2021;25/03/2021 17:30:00;TOM & JERRY;TOM & JERRY - O FILME;E2000553800000;DUBLADO;NÃO;ESTADOS UNIDOS;5001091;CINE VOLTA REDONDA 02;3;6000025;2973;6743;VOLTA REDONDA;RJ;TATU FILMES LTDA;72.089.667/0001-13
25/03/2021;25/03/2021 17:30:00;TOM & JERRY;TOM & JERRY - O FILME;E2000553800000;DUBLADO;NÃO;ESTADOS UNIDOS;5003653;SALA CINE GUEDES 02;0;;23266;23267;PATOS;PB;LILIANE ROCHA DE MEDEIROS GUEDES-ME;16.844.526/0001-98
25/03/2021;25/03/2021 17:30:00;TOM & JERRY;TOM & JERRY - O FILME;E2000553800000;DUBLADO;NÃO;ESTADOS UNIDOS;5002355;SALA VILA RICA 2 CONVENCIONAL;4;;14637;14638;PRIMAVERA DO LESTE;MT;MAURICIO JOSE NICOLINO & CIA LTDA;05.724.035/0001-97
25/03/2021;25/03/2021 17:40:00;JUDAS AND THE BLACK MESSIAH;JUDAS E O MESSIAS NEGRO;E2100040400000;ORIGINAL;SIM;ESTADOS UNIDOS;5001638;CINE TERESINA 7;3;;2140;6595;TERESINA;PI;CINEMAS TERESINA LTDA;02.142.566/0001-83
25/03/2021;25/03/2021 17:40:00;MONSTER HUNTER;MONSTER HUNTER;E2000403800000;DUBLADO;NÃO;ESTADOS UNIDOS;5006408;GRUPOCINE RIO DO SUL 02;0;6000034;44276;44286;RIO DO SUL;SC;EMPRESA CINEMATOGRAFICA BOMBOCINE LTDA;21.298.337/0001-05
25/03/2021;25/03/2021 17:40:00;MONSTER HUNTER;MONSTER HUNTER;E2000403800000;DUBLADO;NÃO;ESTADOS UNIDOS;5005562;KINOPLEX NOVA IGUAÇU SALA 01;16;6000037;1991;33119;NOVA IGUAÇU;RJ;EMPRESA CINEMAS SÃO LUIZ S/A;33.497.660/0001-89
25/03/2021;25/03/2021 17:40:00;RAYA AND THE LAST DRAGON;RAYA E O ÚLTIMO DRAGÃO;E2100035300000;DUBLADO;NÃO;ESTADOS UNIDOS;5002566;CINE CATARATAS 3;15;;15565;15566;FOZ DO IGUAÇU;PR;CINE CATARATAS LTDA;09.010.219/0001-46
25/03/2021;25/03/2021 17:40:00;RAYA AND THE LAST DRAGON;RAYA E O ÚLTIMO DRAGÃO;E2100035300000;DUBLADO;NÃO;ESTADOS UNIDOS;5004912;CINE SHOW AGULHAS NEGRAS SALA 01;3;6000025;2977;28018;RESENDE;RJ;JUBARTE FILMES LTDA-ME;05.297.810/0001-75
25/03/2021;25/03/2021 17:40:00;RAYA AND THE LAST DRAGON;RAYA E O ÚLTIMO DRAGÃO;E2100035300000;DUBLADO;NÃO;ESTADOS UNIDOS;5001090;CINE VOLTA REDONDA 01;8;6000025;2973;6743;VOLTA REDONDA;RJ;TATU FILMES LTDA;72.089.667/0001-13
25/03/2021;25/03/2021 17:40:00;RAYA AND THE LAST DRAGON;RAYA E O ÚLTIMO DRAGÃO;E2100035300000;DUBLADO;NÃO;ESTADOS UNIDOS;5006648;GRUPOCINE TUCURUI 02;0;6000034;44276;47310;TUCURUÍ;PA;EMPRESA CINEMATOGRAFICA BOMBOCINE LTDA;21.298.337/0001-05
25/03/2021;25/03/2021 17:40:00;THE WIDOW;A VIÚVA DAS SOMBRAS;E2100005000000;DUBLADO;NÃO;RÚSSIA;5001662;ORIENT CINEPLACE BOULEVARD SHOPPING - SALA 3;9;6000046;2869;6630;FEIRA DE SANTANA;BA;FEIRA PLEXCINE LTDA.;04.547.950/0001-91
25/03/2021;25/03/2021 17:50:00;FOLLOW ME;SEM SAÍDA;E2100006300000;DUBLADO;NÃO;ESTADOS UNIDOS;5005725;KINOPLEX IGUAÇU TOP SALA 05;18;6000037;1991;2387;NOVA IGUAÇU;RJ;EMPRESA CINEMAS SÃO LUIZ S/A;33.497.660/0001-89
25/03/2021;25/03/2021 17:50:00;HONEST THIEF;LEGADO EXPLOSIVO;E2000416200000;DUBLADO;NÃO;ESTADOS UNIDOS;5000206;KINOPLEX GRANDE RIO 3;15;6000037;1991;2424;SÃO JOÃO DE MERITI;RJ;EMPRESA CINEMAS SÃO LUIZ S/A;33.497.660/0001-89
25/03/2021;25/03/2021 17:50:00;HONEST THIEF;LEGADO EXPLOSIVO;E2000416200000;DUBLADO;NÃO;ESTADOS UNIDOS;5005564;KINOPLEX NOVA IGUAÇU SALA 03 PLATINUM;7;6000037;1991;33119;NOVA IGUAÇU;RJ;EMPRESA CINEMAS SÃO LUIZ S/A;33.497.660/0001-89
25/03/2021;25/03/2021 17:50:00;MONSTER HUNTER;MONSTER HUNTER;E2000403800000;ORIGINAL;SIM;ESTADOS UNIDOS;5005648;CINE TERESINA 5;0;;2140;6595;TERESINA;PI;CINEMAS TERESINA LTDA;02.142.566/0001-83
25/03/2021;25/03/2021 17:50:00;WONDER WOMAN 1984;MULHER-MARAVILHA 1984;E2000170200000;DUBLADO;NÃO;CANADÁ;5006645;PLAYARTE RORAIMA GARDEN SALA 04;7;6000049;39188;47248;BOA VISTA;RR;MULTIPLEX DO BRASIL ENTRETENIMENTO LTDA;27.595.833/0001-07
25/03/2021;25/03/2021 18:00:00;MONSTER HUNTER;MONSTER HUNTER;E2000403800000;DUBLADO;NÃO;ESTADOS UNIDOS;5006647;GRUPOCINE TUCURUI 01;0;6000034;44276;47310;TUCURUÍ;PA;EMPRESA CINEMATOGRAFICA BOMBOCINE LTDA;21.298.337/0001-05
25/03/2021;25/03/2021 18:00:00;MONSTER HUNTER;MONSTER HUNTER;E2000403800000;DUBLADO;NÃO;ESTADOS UNIDOS;5000204;KINOPLEX GRANDE RIO 1;11;6000037;1991;2424;SÃO JOÃO DE MERITI;RJ;EMPRESA CINEMAS SÃO LUIZ S/A;33.497.660/0001-89
25/03/2021;25/03/2021 18:00:00;RAYA AND THE LAST DRAGON;RAYA E O ÚLTIMO DRAGÃO;E2100035300000;DUBLADO;NÃO;ESTADOS UNIDOS;5006056;CINE GRACHER JOAÇABA SALA 01;0;6000032;5979;40234;JOAÇABA;SC;CINE GRACHER LTDA;07.272.690/0001-87
25/03/2021;25/03/2021 18:00:00;RAYA AND THE LAST DRAGON;RAYA E O ÚLTIMO DRAGÃO;E2100035300000;DUBLADO;NÃO;ESTADOS UNIDOS;5005290;CINE GRACHER PORTO UNIÃO SALA 01;4;6000032;5979;30780;PORTO UNIÃO;SC;CINE GRACHER LTDA;07.272.690/0001-87
25/03/2021;25/03/2021 18:00:00;RAYA AND THE LAST DRAGON;RAYA E O ÚLTIMO DRAGÃO;E2100035300000;DUBLADO;NÃO;ESTADOS UNIDOS;5001636;CINE TERESINA 3;2;;2140;6595;TERESINA;PI;CINEMAS TERESINA LTDA;02.142.566/0001-83
25/03/2021;25/03/2021 18:00:00;RAYA AND THE LAST DRAGON;RAYA E O ÚLTIMO DRAGÃO;E2100035300000;DUBLADO;NÃO;ESTADOS UNIDOS;5000208;KINOPLEX GRANDE RIO 5;4;6000037;1991;2424;SÃO JOÃO DE MERITI;RJ;EMPRESA CINEMAS SÃO LUIZ S/A;33.497.660/0001-89
25/03/2021;25/03/2021 18:00:00;RAYA AND THE LAST DRAGON;RAYA E O ÚLTIMO DRAGÃO;E2100035300000;DUBLADO;NÃO;ESTADOS UNIDOS;5005717;MAXI MOVIE UNAMAR 2;0;6000107;34615;34616;CABO FRIO;RJ;MF 3000 - EMPREENDIMENTOS E PARTICIPAÇÕES LTDA-ME;17.498.681/0001-62
25/03/2021;25/03/2021 18:00:00;THE WIDOW;A VIÚVA DAS SOMBRAS;E2100005000000;DUBLADO;NÃO;RÚSSIA;5006484;CINE + ARTE SOMBRIO 01;3;6000103;44714;44715;SOMBRIO;SC;CINE + ARTE SOMBRIO LTDA;35.505.937/0001-01
25/03/2021;25/03/2021 18:00:00;THE WIDOW;A VIÚVA DAS SOMBRAS;E2100005000000;DUBLADO;NÃO;RÚSSIA;5005205;CINÉPOLIS RIO POTY SALA 9;2;6000024;17266;30352;TERESINA;PI;CINEPOLIS OPERADORA DE CINEMAS DO BRASIL LTDA;09.652.820/0001-32
25/03/2021;25/03/2021 18:00:00;TOM & JERRY;TOM & JERRY - O FILME;E2000553800000;DUBLADO;NÃO;ESTADOS UNIDOS;5006057;CINE GRACHER JOAÇABA SALA 02;0;6000032;5979;40234;JOAÇABA;SC;CINE GRACHER LTDA;07.272.690/0001-87
25/03/2021;25/03/2021 18:00:00;TOM & JERRY;TOM & JERRY - O FILME;E2000553800000;DUBLADO;NÃO;ESTADOS UNIDOS;5005291;CINE GRACHER PORTO UNIÃO SALA 02;0;6000032;5979;30780;PORTO UNIÃO;SC;CINE GRACHER LTDA;07.272.690/0001-87
25/03/2021;25/03/2021 18:10:00;LUCICREIDE VAI PRA MARTE;;B1900421800000;ORIGINAL;NÃO;BRASIL;5001637;CINE TERESINA 6;2;;2140;6595;TERESINA;PI;CINEMAS TERESINA LTDA;02.142.566/0001-83
25/03/2021;25/03/2021 18:10:00;LUCICREIDE VAI PRA MARTE;;B1900421800000;DUBLADO;NÃO;BRASIL;5005208;CINÉPOLIS RIO POTY SALA 12;2;6000024;17266;30352;TERESINA;PI;CINEPOLIS OPERADORA DE CINEMAS DO BRASIL LTDA;09.652.820/0001-32
25/03/2021;25/03/2021 18:10:00;LUCICREIDE VAI PRA MARTE;;B1900421800000;ORIGINAL;NÃO;BRASIL;5000058;KINOPLEX IGUAÇU TOP SALA 03;8;6000037;1991;2387;NOVA IGUAÇU;RJ;EMPRESA CINEMAS SÃO LUIZ S/A;33.497.660/0001-89
25/03/2021;25/03/2021 18:10:00;TOM & JERRY;TOM & JERRY - O FILME;E2000553800000;DUBLADO;NÃO;ESTADOS UNIDOS;5001635;CINE TERESINA 2;0;;2140;6595;TERESINA;PI;CINEMAS TERESINA LTDA;02.142.566/0001-83
25/03/2021;25/03/2021 18:10:00;TOM & JERRY;TOM & JERRY - O FILME;E2000553800000;DUBLADO;NÃO;ESTADOS UNIDOS;5000205;KINOPLEX GRANDE RIO 2;12;6000037;1991;2424;SÃO JOÃO DE MERITI;RJ;EMPRESA CINEMAS SÃO LUIZ S/A;33.497.660/0001-89
25/03/2021;25/03/2021 18:15:00;RAYA AND THE LAST DRAGON;RAYA E O ÚLTIMO DRAGÃO;E2100035300000;DUBLADO;NÃO;ESTADOS UNIDOS;5006001;CINE GRACHER INDAIAL - SALA 04;1;6000032;5979;39283;INDAIAL;SC;CINE GRACHER LTDA;07.272.690/0001-87
25/03/2021;25/03/2021 18:15:00;RAYA AND THE LAST DRAGON;RAYA E O ÚLTIMO DRAGÃO;E2100035300000;DUBLADO;NÃO;ESTADOS UNIDOS;5006086;CINE GRACHER PORTO BELO SALA 04;0;6000032;5979;40771;PORTO BELO;SC;CINE GRACHER LTDA;07.272.690/0001-87
25/03/2021;25/03/2021 18:15:00;RAYA AND THE LAST DRAGON;RAYA E O ÚLTIMO DRAGÃO;E2100035300000;DUBLADO;NÃO;ESTADOS UNIDOS;5006112;CINE GRACHER SÃO BENTO 02;2;6000032;5979;41056;SÃO BENTO DO SUL;SC;CINE GRACHER LTDA;07.272.690/0001-87
25/03/2021;25/03/2021 18:15:00;RAYA AND THE LAST DRAGON;RAYA E O ÚLTIMO DRAGÃO;E2100035300000;DUBLADO;NÃO;ESTADOS UNIDOS;5006657;SALA CINE VIEIRA 01;19;;47551;47598;SÃO BENTO;PB;COSTA E VIEIRA EMPREENDIMENTOS LTDA;10.866.528/0001-00
25/03/2021;25/03/2021 18:15:00;THE WIDOW;A VIÚVA DAS SOMBRAS;E2100005000000;DUBLADO;NÃO;RÚSSIA;5006058;CINE GRACHER JOAÇABA SALA 03;2;6000032;5979;40234;JOAÇABA;SC;CINE GRACHER LTDA;07.272.690/0001-87
25/03/2021;25/03/2021 18:15:00;THE WIDOW;A VIÚVA DAS SOMBRAS;E2100005000000;DUBLADO;NÃO;RÚSSIA;5005292;CINE GRACHER PORTO UNIÃO SALA 03;3;6000032;5979;30780;PORTO UNIÃO;SC;CINE GRACHER LTDA;07.272.690/0001-87
25/03/2021;25/03/2021 18:20:00;CHORÃO: MARGINAL ALADO;;B2000158900000;ORIGINAL;NÃO;BRASIL;5006644;PLAYARTE RORAIMA GARDEN SALA 03;1;6000049;39188;47248;BOA VISTA;RR;MULTIPLEX DO BRASIL ENTRETENIMENTO LTDA;27.595.833/0001-07
25/03/2021;25/03/2021 18:20:00;FOLLOW ME;SEM SAÍDA;E2100006300000;DUBLADO;NÃO;ESTADOS UNIDOS;5006649;GRUPOCINE TUCURUI 03;3;6000034;44276;47310;TUCURUÍ;PA;EMPRESA CINEMATOGRAFICA BOMBOCINE LTDA;21.298.337/0001-05
25/03/2021;25/03/2021 18:20:00;MONSTER HUNTER;MONSTER HUNTER;E2000403800000;DUBLADO;NÃO;ESTADOS UNIDOS;5002565;CINE CATARATAS 2;8;;15565;15566;FOZ DO IGUAÇU;PR;CINE CATARATAS LTDA;09.010.219/0001-46
25/03/2021;25/03/2021 18:20:00;THE WIDOW;A VIÚVA DAS SOMBRAS;E2100005000000;DUBLADO;NÃO;RÚSSIA;5000209;KINOPLEX GRANDE RIO 6;16;6000037;1991;2424;SÃO JOÃO DE MERITI;RJ;EMPRESA CINEMAS SÃO LUIZ S/A;33.497.660/0001-89
25/03/2021;25/03/2021 18:20:00;THE WIDOW;A VIÚVA DAS SOMBRAS;E2100005000000;DUBLADO;NÃO;RÚSSIA;5005726;KINOPLEX IGUAÇU TOP SALA 06;7;6000037;1991;2387;NOVA IGUAÇU;RJ;EMPRESA CINEMAS SÃO LUIZ S/A;33.497.660/0001-89
25/03/2021;25/03/2021 18:20:00;THE WIDOW;A VIÚVA DAS SOMBRAS;E2100005000000;DUBLADO;NÃO;RÚSSIA;5005566;KINOPLEX NOVA IGUAÇU SALA 05;17;6000037;1991;33119;NOVA IGUAÇU;RJ;EMPRESA CINEMAS SÃO LUIZ S/A;33.497.660/0001-89
25/03/2021;25/03/2021 18:30:00;MONSTER HUNTER;MONSTER HUNTER;E2000403800000;DUBLADO;NÃO;ESTADOS UNIDOS;5006000;CINE GRACHER INDAIAL - SALA 03;0;6000032;5979;39283;INDAIAL;SC;CINE GRACHER LTDA;07.272.690/0001-87
25/03/2021;25/03/2021 18:30:00;MONSTER HUNTER;MONSTER HUNTER;E2000403800000;DUBLADO;NÃO;ESTADOS UNIDOS;5006085;CINE GRACHER PORTO BELO SALA 03;0;6000032;5979;40771;PORTO BELO;SC;CINE GRACHER LTDA;07.272.690/0001-87
25/03/2021;25/03/2021 18:30:00;MONSTER HUNTER;MONSTER HUNTER;E2000403800000;DUBLADO;NÃO;ESTADOS UNIDOS;5006114;CINE GRACHER SÃO BENTO 04;0;6000032;5979;41056;SÃO BENTO DO SUL;SC;CINE GRACHER LTDA;07.272.690/0001-87
25/03/2021;25/03/2021 18:30:00;THE WIDOW;A VIÚVA DAS SOMBRAS;E2100005000000;DUBLADO;NÃO;RÚSSIA;5006494;CINE INTER SANTA INES 02;5;6000140;44834;44835;SANTA INÊS;MA;CINEINTER EXIBICOES CINEMATOGRAFICAS LTDA;35.477.354/0001-06
25/03/2021;25/03/2021 18:30:00;THE WIDOW;A VIÚVA DAS SOMBRAS;E2100005000000;ORIGINAL;SIM;RÚSSIA;5001634;CINE TERESINA 1;0;;2140;6595;TERESINA;PI;CINEMAS TERESINA LTDA;02.142.566/0001-83
25/03/2021;25/03/2021 18:30:00;TOM & JERRY;TOM & JERRY - O FILME;E2000553800000;DUBLADO;NÃO;ESTADOS UNIDOS;5005998;CINE GRACHER INDAIAL - SALA 01;1;6000032;5979;39283;INDAIAL;SC;CINE GRACHER LTDA;07.272.690/0001-87
25/03/2021;25/03/2021 18:30:00;TOM & JERRY;TOM & JERRY - O FILME;E2000553800000;DUBLADO;NÃO;ESTADOS UNIDOS;5006083;CINE GRACHER PORTO BELO SALA 01;0;6000032;5979;40771;PORTO BELO;SC;CINE GRACHER LTDA;07.272.690/0001-87
25/03/2021;25/03/2021 18:30:00;TOM & JERRY;TOM & JERRY - O FILME;E2000553800000;DUBLADO;NÃO;ESTADOS UNIDOS;5006111;CINE GRACHER SÃO BENTO 01;4;6000032;5979;41056;SÃO BENTO DO SUL;SC;CINE GRACHER LTDA;07.272.690/0001-87
25/03/2021;25/03/2021 18:30:00;TOM & JERRY;TOM & JERRY - O FILME;E2000553800000;DUBLADO;NÃO;ESTADOS UNIDOS;5005716;MAXI MOVIE UNAMAR 1;0;6000107;34615;34616;CABO FRIO;RJ;MF 3000 - EMPREENDIMENTOS E PARTICIPAÇÕES LTDA-ME;17.498.681/0001-62
25/03/2021;25/03/2021 18:45:00;MONSTER HUNTER;MONSTER HUNTER;E2000403800000;DUBLADO;NÃO;ESTADOS UNIDOS;5001862;CINE GRACHER LTDA;0;6000032;5979;6687;BRUSQUE;SC;CINE GRACHER LTDA;07.272.690/0001-87
25/03/2021;25/03/2021 18:45:00;TOM & JERRY;TOM & JERRY - O FILME;E2000553800000;DUBLADO;NÃO;ESTADOS UNIDOS;5001861;CINE GRACHER LTDA;0;6000032;5979;6687;BRUSQUE;SC;CINE GRACHER LTDA;07.272.690/0001-87
25/03/2021;25/03/2021 19:00:00;MONSTER HUNTER;MONSTER HUNTER;E2000403800000;DUBLADO;NÃO;ESTADOS UNIDOS;5005543;CINE COLOMBO RESENDE SALA 01;2;6000008;15833;33011;RESENDE;RJ;CINE A LTDA;10.894.937/0001-01
25/03/2021;25/03/2021 19:00:00;RAYA AND THE LAST DRAGON;RAYA E O ÚLTIMO DRAGÃO;E2100035300000;DUBLADO;NÃO;ESTADOS UNIDOS;5006138;SALA CINE GUEDES 03;0;;23266;23267;PATOS;PB;LILIANE ROCHA DE MEDEIROS GUEDES-ME;16.844.526/0001-98
25/03/2021;25/03/2021 19:00:00;THE WIDOW;A VIÚVA DAS SOMBRAS;E2100005000000;DUBLADO;NÃO;RÚSSIA;5004503;CINE GRACHER ESPAÇO HAVAN 3;0;6000032;5979;26111;BRUSQUE;SC;CINE GRACHER LTDA;07.272.690/0001-87
25/03/2021;25/03/2021 19:00:00;THE WITCHES;CONVENÇÃO DAS BRUXAS;E2000396100000;DUBLADO;NÃO;ESTADOS UNIDOS;5006643;PLAYARTE RORAIMA GARDEN SALA 02;5;6000049;39188;47248;BOA VISTA;RR;MULTIPLEX DO BRASIL ENTRETENIMENTO LTDA;27.595.833/0001-07
25/03/2021;25/03/2021 19:00:00;TOM & JERRY;TOM & JERRY - O FILME;E2000553800000;DUBLADO;NÃO;ESTADOS UNIDOS;5004502;CINE GRACHER ESPAÇO HAVAN 2;0;6000032;5979;26111;BRUSQUE;SC;CINE GRACHER LTDA;07.272.690/0001-87
25/03/2021;25/03/2021 19:00:00;WONDER WOMAN 1984;MULHER-MARAVILHA 1984;E2000170200000;DUBLADO;NÃO;CANADÁ;5005724;KINOPLEX IGUAÇU TOP SALA 04;10;6000037;1991;2387;NOVA IGUAÇU;RJ;EMPRESA CINEMAS SÃO LUIZ S/A;33.497.660/0001-89
25/03/2021;25/03/2021 19:00:00;WONDER WOMAN 1984;MULHER-MARAVILHA 1984;E2000170200000;DUBLADO;NÃO;CANADÁ;5005565;KINOPLEX NOVA IGUAÇU SALA 04 PLATINUM;27;6000037;1991;33119;NOVA IGUAÇU;RJ;EMPRESA CINEMAS SÃO LUIZ S/A;33.497.660/0001-89
25/03/2021;25/03/2021 19:20:00;MONSTER HUNTER;MONSTER HUNTER;E2000403800000;DUBLADO;NÃO;ESTADOS UNIDOS;5003653;SALA CINE GUEDES 02;0;;23266;23267;PATOS;PB;LILIANE ROCHA DE MEDEIROS GUEDES-ME;16.844.526/0001-98
25/03/2021;25/03/2021 19:25:00;THE WIDOW;A VIÚVA DAS SOMBRAS;E2100005000000;DUBLADO;NÃO;RÚSSIA;5003652;SALA CINE GUEDES 01;0;;23266;23267;PATOS;PB;LILIANE ROCHA DE MEDEIROS GUEDES-ME;16.844.526/0001-98
25/03/2021;25/03/2021 19:30:00;RAYA AND THE LAST DRAGON;RAYA E O ÚLTIMO DRAGÃO;E2100035300000;DUBLADO;NÃO;ESTADOS UNIDOS;5006407;GRUPOCINE RIO DO SUL 01;2;6000034;44276;44286;RIO DO SUL;SC;EMPRESA CINEMATOGRAFICA BOMBOCINE LTDA;21.298.337/0001-05
25/03/2021;25/03/2021 19:30:00;THE EMPTY MAN;O MENSAGEIRO DO ÚLTIMO DIA;E2000471300000;DUBLADO;NÃO;ESTADOS UNIDOS;5005567;KINOPLEX NOVA IGUAÇU SALA 06;35;6000037;1991;33119;NOVA IGUAÇU;RJ;EMPRESA CINEMAS SÃO LUIZ S/A;33.497.660/0001-89
25/03/2021;25/03/2021 19:30:00;WONDER WOMAN 1984;MULHER-MARAVILHA 1984;E2000170200000;DUBLADO;NÃO;CANADÁ;5001860;CINE GRACHER LTDA;0;6000032;5979;6687;BRUSQUE;SC;CINE GRACHER LTDA;07.272.690/0001-87
25/03/2021;25/03/2021 19:40:00;I STILL BELIEVE;ENQUANTO ESTIVERMOS JUNTOS;E2000004700000;DUBLADO;NÃO;ESTADOS UNIDOS;5005568;KINOPLEX NOVA IGUAÇU SALA 07;0;6000037;1991;33119;NOVA IGUAÇU;RJ;EMPRESA CINEMAS SÃO LUIZ S/A;33.497.660/0001-89
25/03/2021;25/03/2021 19:40:00;MONSTER HUNTER;MONSTER HUNTER;E2000403800000;DUBLADO;NÃO;ESTADOS UNIDOS;5001091;CINE VOLTA REDONDA 02;2;6000025;2973;6743;VOLTA REDONDA;RJ;TATU FILMES LTDA;72.089.667/0001-13
25/03/2021;25/03/2021 19:40:00;TOM & JERRY;TOM & JERRY - O FILME;E2000553800000;DUBLADO;NÃO;ESTADOS UNIDOS;5000057;KINOPLEX IGUAÇU TOP SALA 02;15;6000037;1991;2387;NOVA IGUAÇU;RJ;EMPRESA CINEMAS SÃO LUIZ S/A;33.497.660/0001-89
25/03/2021;25/03/2021 19:45:00;RAYA AND THE LAST DRAGON;RAYA E O ÚLTIMO DRAGÃO;E2100035300000;DUBLADO;NÃO;ESTADOS UNIDOS;5006493;CINE INTER SANTA INES 01;11;6000140;44834;44835;SANTA INÊS;MA;CINEINTER EXIBICOES CINEMATOGRAFICAS LTDA;35.477.354/0001-06
25/03/2021;25/03/2021 20:00:00;MONSTER HUNTER;MONSTER HUNTER;E2000403800000;DUBLADO;NÃO;ESTADOS UNIDOS;5005725;KINOPLEX IGUAÇU TOP SALA 05;17;6000037;1991;2387;NOVA IGUAÇU;RJ;EMPRESA CINEMAS SÃO LUIZ S/A;33.497.660/0001-89
25/03/2021;25/03/2021 20:00:00;RAYA AND THE LAST DRAGON;RAYA E O ÚLTIMO DRAGÃO;E2100035300000;DUBLADO;NÃO;ESTADOS UNIDOS;5005545;CINE COLOMBO RESENDE SALA 03;0;6000008;15833;33011;RESENDE;RJ;CINE A LTDA;10.894.937/0001-01
25/03/2021;25/03/2021 20:00:00;RAYA AND THE LAST DRAGON;RAYA E O ÚLTIMO DRAGÃO;E2100035300000;DUBLADO;NÃO;ESTADOS UNIDOS;5000056;KINOPLEX IGUAÇU TOP SALA 01 - KINOEVOLUTION;25;6000037;1991;2387;NOVA IGUAÇU;RJ;EMPRESA CINEMAS SÃO LUIZ S/A;33.497.660/0001-89
25/03/2021;25/03/2021 20:00:00;RAYA AND THE LAST DRAGON;RAYA E O ÚLTIMO DRAGÃO;E2100035300000;DUBLADO;NÃO;ESTADOS UNIDOS;5005563;KINOPLEX NOVA IGUAÇU SALA 02 KINOEVOLUTION;25;6000037;1991;33119;NOVA IGUAÇU;RJ;EMPRESA CINEMAS SÃO LUIZ S/A;33.497.660/0001-89
25/03/2021;25/03/2021 20:00:00;THE WIDOW;A VIÚVA DAS SOMBRAS;E2100005000000;DUBLADO;NÃO;RÚSSIA;5001090;CINE VOLTA REDONDA 01;10;6000025;2973;6743;VOLTA REDONDA;RJ;TATU FILMES LTDA;72.089.667/0001-13
25/03/2021;25/03/2021 20:00:00;THE WIDOW;A VIÚVA DAS SOMBRAS;E2100005000000;DUBLADO;NÃO;RÚSSIA;5006408;GRUPOCINE RIO DO SUL 02;0;6000034;44276;44286;RIO DO SUL;SC;EMPRESA CINEMATOGRAFICA BOMBOCINE LTDA;21.298.337/0001-05
25/03/2021;25/03/2021 20:10:00;HONEST THIEF;LEGADO EXPLOSIVO;E2000416200000;DUBLADO;NÃO;ESTADOS UNIDOS;5000058;KINOPLEX IGUAÇU TOP SALA 03;19;6000037;1991;2387;NOVA IGUAÇU;RJ;EMPRESA CINEMAS SÃO LUIZ S/A;33.497.660/0001-89
25/03/2021;25/03/2021 20:10:00;MONSTER HUNTER;MONSTER HUNTER;E2000403800000;DUBLADO;NÃO;ESTADOS UNIDOS;5005562;KINOPLEX NOVA IGUAÇU SALA 01;26;6000037;1991;33119;NOVA IGUAÇU;RJ;EMPRESA CINEMAS SÃO LUIZ S/A;33.497.660/0001-89
25/03/2021;25/03/2021 20:15:00;HONEST THIEF;LEGADO EXPLOSIVO;E2000416200000;DUBLADO;NÃO;ESTADOS UNIDOS;5005564;KINOPLEX NOVA IGUAÇU SALA 03 PLATINUM;23;6000037;1991;33119;NOVA IGUAÇU;RJ;EMPRESA CINEMAS SÃO LUIZ S/A;33.497.660/0001-89
25/03/2021;25/03/2021 20:20:00;FOLLOW ME;SEM SAÍDA;E2100006300000;DUBLADO;NÃO;ESTADOS UNIDOS;5006657;SALA CINE VIEIRA 01;0;;47551;47598;SÃO BENTO;PB;COSTA E VIEIRA EMPREENDIMENTOS LTDA;10.866.528/0001-00
25/03/2021;25/03/2021 20:20:00;THE WIDOW;A VIÚVA DAS SOMBRAS;E2100005000000;DUBLADO;NÃO;RÚSSIA;5006494;CINE INTER SANTA INES 02;19;6000140;44834;44835;SANTA INÊS;MA;CINEINTER EXIBICOES CINEMATOGRAFICAS LTDA;35.477.354/0001-06
25/03/2021;25/03/2021 20:20:00;THE WIDOW;A VIÚVA DAS SOMBRAS;E2100005000000;DUBLADO;NÃO;RÚSSIA;5005726;KINOPLEX IGUAÇU TOP SALA 06;14;6000037;1991;2387;NOVA IGUAÇU;RJ;EMPRESA CINEMAS SÃO LUIZ S/A;33.497.660/0001-89
25/03/2021;25/03/2021 20:20:00;THE WIDOW;A VIÚVA DAS SOMBRAS;E2100005000000;DUBLADO;NÃO;RÚSSIA;5005566;KINOPLEX NOVA IGUAÇU SALA 05;37;6000037;1991;33119;NOVA IGUAÇU;RJ;EMPRESA CINEMAS SÃO LUIZ S/A;33.497.660/0001-89
25/03/2021;25/03/2021 20:30:00;FOLLOW ME;SEM SAÍDA;E2100006300000;DUBLADO;NÃO;ESTADOS UNIDOS;5006057;CINE GRACHER JOAÇABA SALA 02;0;6000032;5979;40234;JOAÇABA;SC;CINE GRACHER LTDA;07.272.690/0001-87
25/03/2021;25/03/2021 20:30:00;FOLLOW ME;SEM SAÍDA;E2100006300000;DUBLADO;NÃO;ESTADOS UNIDOS;5005291;CINE GRACHER PORTO UNIÃO SALA 02;0;6000032;5979;30780;PORTO UNIÃO;SC;CINE GRACHER LTDA;07.272.690/0001-87
25/03/2021;25/03/2021 20:30:00;MONSTER HUNTER;MONSTER HUNTER;E2000403800000;DUBLADO;NÃO;ESTADOS UNIDOS;5006484;CINE + ARTE SOMBRIO 01;6;6000103;44714;44715;SOMBRIO;SC;CINE + ARTE SOMBRIO LTDA;35.505.937/0001-01
25/03/2021;25/03/2021 20:30:00;RAYA AND THE LAST DRAGON;RAYA E O ÚLTIMO DRAGÃO;E2100035300000;DUBLADO;NÃO;ESTADOS UNIDOS;5006056;CINE GRACHER JOAÇABA SALA 01;0;6000032;5979;40234;JOAÇABA;SC;CINE GRACHER LTDA;07.272.690/0001-87
25/03/2021;25/03/2021 20:30:00;RAYA AND THE LAST DRAGON;RAYA E O ÚLTIMO DRAGÃO;E2100035300000;DUBLADO;NÃO;ESTADOS UNIDOS;5005290;CINE GRACHER PORTO UNIÃO SALA 01;0;6000032;5979;30780;PORTO UNIÃO;SC;CINE GRACHER LTDA;07.272.690/0001-87
25/03/2021;25/03/2021 20:30:00;THE WIDOW;A VIÚVA DAS SOMBRAS;E2100005000000;DUBLADO;NÃO;RÚSSIA;5006058;CINE GRACHER JOAÇABA SALA 03;7;6000032;5979;40234;JOAÇABA;SC;CINE GRACHER LTDA;07.272.690/0001-87
25/03/2021;25/03/2021 20:30:00;THE WIDOW;A VIÚVA DAS SOMBRAS;E2100005000000;DUBLADO;NÃO;RÚSSIA;5005292;CINE GRACHER PORTO UNIÃO SALA 03;2;6000032;5979;30780;PORTO UNIÃO;SC;CINE GRACHER LTDA;07.272.690/0001-87
25/03/2021;25/03/2021 20:30:00;WONDER WOMAN 1984;MULHER-MARAVILHA 1984;E2000170200000;DUBLADO;NÃO;CANADÁ;5005717;MAXI MOVIE UNAMAR 2;4;6000107;34615;34616;CABO FRIO;RJ;MF 3000 - EMPREENDIMENTOS E PARTICIPAÇÕES LTDA-ME;17.498.681/0001-62
25/03/2021;25/03/2021 20:45:00;FOLLOW ME;SEM SAÍDA;E2100006300000;DUBLADO;NÃO;ESTADOS UNIDOS;5006083;CINE GRACHER PORTO BELO SALA 01;0;6000032;5979;40771;PORTO BELO;SC;CINE GRACHER LTDA;07.272.690/0001-87
25/03/2021;25/03/2021 20:45:00;FOLLOW ME;SEM SAÍDA;E2100006300000;DUBLADO;NÃO;ESTADOS UNIDOS;5006111;CINE GRACHER SÃO BENTO 01;0;6000032;5979;41056;SÃO BENTO DO SUL;SC;CINE GRACHER LTDA;07.272.690/0001-87
25/03/2021;25/03/2021 20:45:00;RAYA AND THE LAST DRAGON;RAYA E O ÚLTIMO DRAGÃO;E2100035300000;DUBLADO;NÃO;ESTADOS UNIDOS;5006001;CINE GRACHER INDAIAL - SALA 04;0;6000032;5979;39283;INDAIAL;SC;CINE GRACHER LTDA;07.272.690/0001-87
25/03/2021;25/03/2021 20:45:00;RAYA AND THE LAST DRAGON;RAYA E O ÚLTIMO DRAGÃO;E2100035300000;DUBLADO;NÃO;ESTADOS UNIDOS;5006086;CINE GRACHER PORTO BELO SALA 04;3;6000032;5979;40771;PORTO BELO;SC;CINE GRACHER LTDA;07.272.690/0001-87
25/03/2021;25/03/2021 20:45:00;RAYA AND THE LAST DRAGON;RAYA E O ÚLTIMO DRAGÃO;E2100035300000;DUBLADO;NÃO;ESTADOS UNIDOS;5006112;CINE GRACHER SÃO BENTO 02;0;6000032;5979;41056;SÃO BENTO DO SUL;SC;CINE GRACHER LTDA;07.272.690/0001-87
25/03/2021;25/03/2021 20:45:00;THE WIDOW;A VIÚVA DAS SOMBRAS;E2100005000000;DUBLADO;NÃO;RÚSSIA;5006000;CINE GRACHER INDAIAL - SALA 03;2;6000032;5979;39283;INDAIAL;SC;CINE GRACHER LTDA;07.272.690/0001-87
25/03/2021;25/03/2021 20:45:00;THE WIDOW;A VIÚVA DAS SOMBRAS;E2100005000000;DUBLADO;NÃO;RÚSSIA;5006085;CINE GRACHER PORTO BELO SALA 03;3;6000032;5979;40771;PORTO BELO;SC;CINE GRACHER LTDA;07.272.690/0001-87
25/03/2021;25/03/2021 20:45:00;THE WIDOW;A VIÚVA DAS SOMBRAS;E2100005000000;DUBLADO;NÃO;RÚSSIA;5006114;CINE GRACHER SÃO BENTO 04;0;6000032;5979;41056;SÃO BENTO DO SUL;SC;CINE GRACHER LTDA;07.272.690/0001-87
25/03/2021;25/03/2021 20:45:00;TOM & JERRY;TOM & JERRY - O FILME;E2000553800000;DUBLADO;NÃO;ESTADOS UNIDOS;5005998;CINE GRACHER INDAIAL - SALA 01;5;6000032;5979;39283;INDAIAL;SC;CINE GRACHER LTDA;07.272.690/0001-87
25/03/2021;25/03/2021 21:00:00;THE WIDOW;A VIÚVA DAS SOMBRAS;E2100005000000;DUBLADO;NÃO;RÚSSIA;5005543;CINE COLOMBO RESENDE SALA 01;2;6000008;15833;33011;RESENDE;RJ;CINE A LTDA;10.894.937/0001-01
25/03/2021;25/03/2021 21:00:00;THE WIDOW;A VIÚVA DAS SOMBRAS;E2100005000000;DUBLADO;NÃO;RÚSSIA;5005716;MAXI MOVIE UNAMAR 1;3;6000107;34615;34616;CABO FRIO;RJ;MF 3000 - EMPREENDIMENTOS E PARTICIPAÇÕES LTDA-ME;17.498.681/0001-62
25/03/2021;25/03/2021 21:00:00;TOM & JERRY;TOM & JERRY - O FILME;E2000553800000;DUBLADO;NÃO;ESTADOS UNIDOS;5004502;CINE GRACHER ESPAÇO HAVAN 2;0;6000032;5979;26111;BRUSQUE;SC;CINE GRACHER LTDA;07.272.690/0001-87
25/03/2021;25/03/2021 21:15:00;FOLLOW ME;SEM SAÍDA;E2100006300000;DUBLADO;NÃO;ESTADOS UNIDOS;5001862;CINE GRACHER LTDA;2;6000032;5979;6687;BRUSQUE;SC;CINE GRACHER LTDA;07.272.690/0001-87
25/03/2021;25/03/2021 21:15:00;THE WIDOW;A VIÚVA DAS SOMBRAS;E2100005000000;DUBLADO;NÃO;RÚSSIA;5004503;CINE GRACHER ESPAÇO HAVAN 3;4;6000032;5979;26111;BRUSQUE;SC;CINE GRACHER LTDA;07.272.690/0001-87
25/03/2021;25/03/2021 21:15:00;TOM & JERRY;TOM & JERRY - O FILME;E2000553800000;DUBLADO;NÃO;ESTADOS UNIDOS;5001861;CINE GRACHER LTDA;0;6000032;5979;6687;BRUSQUE;SC;CINE GRACHER LTDA;07.272.690/0001-87
26/03/2021;26/03/2021 12:00:00;MONSTER HUNTER;MONSTER HUNTER;E2000403800000;DUBLADO;NÃO;ESTADOS UNIDOS;5004249;GOIABEIRAS 2;0;6000018;1843;24765;CUIABÁ;MT;CINEMARK BRASIL S.A;00.779.721/0001-41
26/03/2021;26/03/2021 12:00:00;TOM & JERRY;TOM & JERRY - O FILME;E2000553800000;DUBLADO;NÃO;ESTADOS UNIDOS;5004253;GOIABEIRAS 6;0;6000018;1843;24765;CUIABÁ;MT;CINEMARK BRASIL S.A;00.779.721/0001-41
26/03/2021;26/03/2021 12:30:00;THE WIDOW;A VIÚVA DAS SOMBRAS;E2100005000000;DUBLADO;NÃO;RÚSSIA;5004250;GOIABEIRAS 3;0;6000018;1843;24765;CUIABÁ;MT;CINEMARK BRASIL S.A;00.779.721/0001-41
26/03/2021;26/03/2021 13:00:00;TOM & JERRY;TOM & JERRY - O FILME;E2000553800000;DUBLADO;NÃO;ESTADOS UNIDOS;5002565;CINE CATARATAS 2;9;;15565;15566;FOZ DO IGUAÇU;PR;CINE CATARATAS LTDA;09.010.219/0001-46
26/03/2021;26/03/2021 13:00:00;TOM & JERRY;TOM & JERRY - O FILME;E2000553800000;DUBLADO;NÃO;ESTADOS UNIDOS;5004248;GOIABEIRAS 1;0;6000018;1843;24765;CUIABÁ;MT;CINEMARK BRASIL S.A;00.779.721/0001-41
26/03/2021;26/03/2021 13:20:00;DEPOIS A LOUCA SOU EU;;B2000078000000;ORIGINAL;NÃO;BRASIL;5004254;GOIABEIRAS 7;0;6000018;1843;24765;CUIABÁ;MT;CINEMARK BRASIL S.A;00.779.721/0001-41
26/03/2021;26/03/2021 13:30:00;TOM & JERRY;TOM & JERRY - O FILME;E2000553800000;DUBLADO;NÃO;ESTADOS UNIDOS;5004252;GOIABEIRAS 5;0;6000018;1843;24765;CUIABÁ;MT;CINEMARK BRASIL S.A;00.779.721/0001-41
26/03/2021;26/03/2021 13:40:00;MONSTER HUNTER;MONSTER HUNTER;E2000403800000;DUBLADO;NÃO;ESTADOS UNIDOS;5004251;GOIABEIRAS 4;8;6000018;1843;24765;CUIABÁ;MT;CINEMARK BRASIL S.A;00.779.721/0001-41
26/03/2021;26/03/2021 14:00:00;LUCICREIDE VAI PRA MARTE;;B1900421800000;ORIGINAL;NÃO;BRASIL;5006063;CENTERPLEX BOULEVARD 05;0;6000006;40317;40318;VITÓRIA DA CONQUISTA;BA;CINE ELI BAHIA CINEMAS LTDA - EM RECUPERACAO JUDICIAL;30.096.740/0001-34
26/03/2021;26/03/2021 14:00:00;RAYA AND THE LAST DRAGON;RAYA E O ÚLTIMO DRAGÃO;E2100035300000;DUBLADO;NÃO;ESTADOS UNIDOS;5006657;SALA CINE VIEIRA 01;0;;47551;47598;SÃO BENTO;PB;COSTA E VIEIRA EMPREENDIMENTOS LTDA;10.866.528/0001-00
26/03/2021;26/03/2021 14:00:00;TOM & JERRY;TOM & JERRY - O FILME;E2000553800000;DUBLADO;NÃO;ESTADOS UNIDOS;5006059;CENTERPLEX BOULEVARD 01;1;6000006;40317;40318;VITÓRIA DA CONQUISTA;BA;CINE ELI BAHIA CINEMAS LTDA - EM RECUPERACAO JUDICIAL;30.096.740/0001-34
26/03/2021;26/03/2021 14:10:00;RAYA AND THE LAST DRAGON;RAYA E O ÚLTIMO DRAGÃO;E2100035300000;DUBLADO;NÃO;ESTADOS UNIDOS;5005305;CINEFLIX VÁRZEA GRANDE SHOPPING - SALA 2;1;6000014;24534;31101;VÁRZEA GRANDE;MT;REDECINE BSB CINEMATOGRÁFICA LTDA;18.087.870/0001-05
26/03/2021;26/03/2021 14:30:00;MONSTER HUNTER;MONSTER HUNTER;E2000403800000;DUBLADO;NÃO;ESTADOS UNIDOS;5006062;CENTERPLEX BOULEVARD 04;1;6000006;40317;40318;VITÓRIA DA CONQUISTA;BA;CINE ELI BAHIA CINEMAS LTDA - EM RECUPERACAO JUDICIAL;30.096.740/0001-34
26/03/2021;26/03/2021 14:30:00;MONSTER HUNTER;MONSTER HUNTER;E2000403800000;DUBLADO;NÃO;ESTADOS UNIDOS;5005304;CINEFLIX VÁRZEA GRANDE SHOPPING - SALA 1;0;6000014;24534;31101;VÁRZEA GRANDE;MT;REDECINE BSB CINEMATOGRÁFICA LTDA;18.087.870/0001-05
26/03/2021;26/03/2021 14:30:00;TOM & JERRY;TOM & JERRY - O FILME;E2000553800000;DUBLADO;NÃO;ESTADOS UNIDOS;5004253;GOIABEIRAS 6;6;6000018;1843;24765;CUIABÁ;MT;CINEMARK BRASIL S.A;00.779.721/0001-41
26/03/2021;26/03/2021 14:35:00;MONSTER HUNTER;MONSTER HUNTER;E2000403800000;DUBLADO;NÃO;ESTADOS UNIDOS;5004249;GOIABEIRAS 2;0;6000018;1843;24765;CUIABÁ;MT;CINEMARK BRASIL S.A;00.779.721/0001-41
26/03/2021;26/03/2021 14:40:00;I STILL BELIEVE;ENQUANTO ESTIVERMOS JUNTOS;E2000004700000;DUBLADO;NÃO;ESTADOS UNIDOS;5005565;KINOPLEX NOVA IGUAÇU SALA 04 PLATINUM;2;6000037;1991;33119;NOVA IGUAÇU;RJ;EMPRESA CINEMAS SÃO LUIZ S/A;33.497.660/0001-89
26/03/2021;26/03/2021 14:50:00;TOM & JERRY;TOM & JERRY - O FILME;E2000553800000;DUBLADO;NÃO;ESTADOS UNIDOS;5006649;GRUPOCINE TUCURUI 03;0;6000034;44276;47310;TUCURUÍ;PA;EMPRESA CINEMATOGRAFICA BOMBOCINE LTDA;21.298.337/0001-05
26/03/2021;26/03/2021 15:00:00;LUCICREIDE VAI PRA MARTE;;B1900421800000;ORIGINAL;NÃO;BRASIL;5006060;CENTERPLEX BOULEVARD 02;1;6000006;40317;40318;VITÓRIA DA CONQUISTA;BA;CINE ELI BAHIA CINEMAS LTDA - EM RECUPERACAO JUDICIAL;30.096.740/0001-34
26/03/2021;26/03/2021 15:00:00;THE WIDOW;A VIÚVA DAS SOMBRAS;E2100005000000;ORIGINAL;SIM;RÚSSIA;5004250;GOIABEIRAS 3;0;6000018;1843;24765;CUIABÁ;MT;CINEMARK BRASIL S.A;00.779.721/0001-41
26/03/2021;26/03/2021 15:00:00;TOM & JERRY;TOM & JERRY - O FILME;E2000553800000;DUBLADO;NÃO;ESTADOS UNIDOS;5005568;KINOPLEX NOVA IGUAÇU SALA 07;3;6000037;1991;33119;NOVA IGUAÇU;RJ;EMPRESA CINEMAS SÃO LUIZ S/A;33.497.660/0001-89
26/03/2021;26/03/2021 15:10:00;RAYA AND THE LAST DRAGON;RAYA E O ÚLTIMO DRAGÃO;E2100035300000;DUBLADO;NÃO;ESTADOS UNIDOS;5005563;KINOPLEX NOVA IGUAÇU SALA 02 KINOEVOLUTION;3;6000037;1991;33119;NOVA IGUAÇU;RJ;EMPRESA CINEMAS SÃO LUIZ S/A;33.497.660/0001-89
26/03/2021;26/03/2021 15:10:00;RAYA AND THE LAST DRAGON;RAYA E O ÚLTIMO DRAGÃO;E2100035300000;DUBLADO;NÃO;ESTADOS UNIDOS;5004300;SALA VILA RICA 1 3D;0;;14637;14638;PRIMAVERA DO LESTE;MT;MAURICIO JOSE NICOLINO & CIA LTDA;05.724.035/0001-97
26/03/2021;26/03/2021 15:10:00;TOM & JERRY;TOM & JERRY - O FILME;E2000553800000;DUBLADO;NÃO;ESTADOS UNIDOS;5000057;KINOPLEX IGUAÇU TOP SALA 02;15;6000037;1991;2387;NOVA IGUAÇU;RJ;EMPRESA CINEMAS SÃO LUIZ S/A;33.497.660/0001-89
26/03/2021;26/03/2021 15:15:00;TOM & JERRY;TOM & JERRY - O FILME;E2000553800000;DUBLADO;NÃO;ESTADOS UNIDOS;5006064;CENTERPLEX BOULEVARD 06;1;6000006;40317;40318;VITÓRIA DA CONQUISTA;BA;CINE ELI BAHIA CINEMAS LTDA - EM RECUPERACAO JUDICIAL;30.096.740/0001-34
26/03/2021;26/03/2021 15:15:00;TOM & JERRY;TOM & JERRY - O FILME;E2000553800000;DUBLADO;NÃO;ESTADOS UNIDOS;5005545;CINE COLOMBO RESENDE SALA 03;2;6000008;15833;33011;RESENDE;RJ;CINE A LTDA;10.894.937/0001-01
26/03/2021;26/03/2021 15:20:00;LUCICREIDE VAI PRA MARTE;;B1900421800000;ORIGINAL;NÃO;BRASIL;5000207;KINOPLEX GRANDE RIO 4;3;6000037;1991;2424;SÃO JOÃO DE MERITI;RJ;EMPRESA CINEMAS SÃO LUIZ S/A;33.497.660/0001-89
26/03/2021;26/03/2021 15:20:00;LUCICREIDE VAI PRA MARTE;;B1900421800000;ORIGINAL;NÃO;BRASIL;5005567;KINOPLEX NOVA IGUAÇU SALA 06;6;6000037;1991;33119;NOVA IGUAÇU;RJ;EMPRESA CINEMAS SÃO LUIZ S/A;33.497.660/0001-89
26/03/2021;26/03/2021 15:20:00;LUCICREIDE VAI PRA MARTE;;B1900421800000;ORIGINAL;NÃO;BRASIL;5001662;ORIENT CINEPLACE BOULEVARD SHOPPING - SALA 3;2;6000046;2869;6630;FEIRA DE SANTANA;BA;FEIRA PLEXCINE LTDA.;04.547.950/0001-91
26/03/2021;26/03/2021 15:20:00;RAYA AND THE LAST DRAGON;RAYA E O ÚLTIMO DRAGÃO;E2100035300000;DUBLADO;NÃO;ESTADOS UNIDOS;5006648;GRUPOCINE TUCURUI 02;0;6000034;44276;47310;TUCURUÍ;PA;EMPRESA CINEMATOGRAFICA BOMBOCINE LTDA;21.298.337/0001-05
26/03/2021;26/03/2021 15:20:00;RAYA AND THE LAST DRAGON;RAYA E O ÚLTIMO DRAGÃO;E2100035300000;DUBLADO;NÃO;ESTADOS UNIDOS;5000056;KINOPLEX IGUAÇU TOP SALA 01 - KINOEVOLUTION;15;6000037;1991;2387;NOVA IGUAÇU;RJ;EMPRESA CINEMAS SÃO LUIZ S/A;33.497.660/0001-89
26/03/2021;26/03/2021 15:20:00;Z;AMIZADE MALDITA;E2000229400000;DUBLADO;NÃO;CANADÁ;5005724;KINOPLEX IGUAÇU TOP SALA 04;7;6000037;1991;2387;NOVA IGUAÇU;RJ;EMPRESA CINEMAS SÃO LUIZ S/A;33.497.660/0001-89
26/03/2021;26/03/2021 15:30:00;RAYA AND THE LAST DRAGON;RAYA E O ÚLTIMO DRAGÃO;E2100035300000;DUBLADO;NÃO;ESTADOS UNIDOS;5000208;KINOPLEX GRANDE RIO 5;11;6000037;1991;2424;SÃO JOÃO DE MERITI;RJ;EMPRESA CINEMAS SÃO LUIZ S/A;33.497.660/0001-89
26/03/2021;26/03/2021 15:30:00;THE WIDOW;A VIÚVA DAS SOMBRAS;E2100005000000;DUBLADO;NÃO;RÚSSIA;5006061;CENTERPLEX BOULEVARD 03;1;6000006;40317;40318;VITÓRIA DA CONQUISTA;BA;CINE ELI BAHIA CINEMAS LTDA - EM RECUPERACAO JUDICIAL;30.096.740/0001-34
26/03/2021;26/03/2021 15:30:00;TOM & JERRY;TOM & JERRY - O FILME;E2000553800000;DUBLADO;NÃO;ESTADOS UNIDOS;5004248;GOIABEIRAS 1;0;6000018;1843;24765;CUIABÁ;MT;CINEMARK BRASIL S.A;00.779.721/0001-41
26/03/2021;26/03/2021 15:30:00;WONDER WOMAN 1984;MULHER-MARAVILHA 1984;E2000170200000;DUBLADO;NÃO;CANADÁ;5005543;CINE COLOMBO RESENDE SALA 01;0;6000008;15833;33011;RESENDE;RJ;CINE A LTDA;10.894.937/0001-01
26/03/2021;26/03/2021 15:30:01;THE WIDOW;A VIÚVA DAS SOMBRAS;E2100005000000;DUBLADO;NÃO;RÚSSIA;5006490;CM CINEMAS BACAXA 1;6;6000016;44751;44760;SAQUAREMA;RJ;CRYK CINEMA BACAXA LTDA;35.282.350/0001-72
26/03/2021;26/03/2021 15:40:00;MONSTER HUNTER;MONSTER HUNTER;E2000403800000;DUBLADO;NÃO;ESTADOS UNIDOS;5005562;KINOPLEX NOVA IGUAÇU SALA 01;7;6000037;1991;33119;NOVA IGUAÇU;RJ;EMPRESA CINEMAS SÃO LUIZ S/A;33.497.660/0001-89
26/03/2021;26/03/2021 15:40:00;THE GENTLEMEN;MAGNATAS DO CRIME;E2000005600000;DUBLADO;NÃO;ESTADOS UNIDOS;5006647;GRUPOCINE TUCURUI 01;1;6000034;44276;47310;TUCURUÍ;PA;EMPRESA CINEMATOGRAFICA BOMBOCINE LTDA;21.298.337/0001-05
26/03/2021;26/03/2021 15:40:00;Z;AMIZADE MALDITA;E2000229400000;DUBLADO;NÃO;CANADÁ;5000206;KINOPLEX GRANDE RIO 3;8;6000037;1991;2424;SÃO JOÃO DE MERITI;RJ;EMPRESA CINEMAS SÃO LUIZ S/A;33.497.660/0001-89
26/03/2021;26/03/2021 15:50:00;FOLLOW ME;SEM SAÍDA;E2100006300000;DUBLADO;NÃO;ESTADOS UNIDOS;5006645;PLAYARTE RORAIMA GARDEN SALA 04;4;6000049;39188;47248;BOA VISTA;RR;MULTIPLEX DO BRASIL ENTRETENIMENTO LTDA;27.595.833/0001-07
26/03/2021;26/03/2021 15:50:00;HONEST THIEF;LEGADO EXPLOSIVO;E2000416200000;DUBLADO;NÃO;ESTADOS UNIDOS;5005564;KINOPLEX NOVA IGUAÇU SALA 03 PLATINUM;1;6000037;1991;33119;NOVA IGUAÇU;RJ;EMPRESA CINEMAS SÃO LUIZ S/A;33.497.660/0001-89
26/03/2021;26/03/2021 15:50:00;TOM & JERRY;TOM & JERRY - O FILME;E2000553800000;DUBLADO;NÃO;ESTADOS UNIDOS;5000205;KINOPLEX GRANDE RIO 2;5;6000037;1991;2424;SÃO JOÃO DE MERITI;RJ;EMPRESA CINEMAS SÃO LUIZ S/A;33.497.660/0001-89
26/03/2021;26/03/2021 16:00:00;FOLLOW ME;SEM SAÍDA;E2100006300000;DUBLADO;NÃO;ESTADOS UNIDOS;5000204;KINOPLEX GRANDE RIO 1;4;6000037;1991;2424;SÃO JOÃO DE MERITI;RJ;EMPRESA CINEMAS SÃO LUIZ S/A;33.497.660/0001-89
26/03/2021;26/03/2021 16:00:00;FOLLOW ME;SEM SAÍDA;E2100006300000;DUBLADO;NÃO;ESTADOS UNIDOS;5005725;KINOPLEX IGUAÇU TOP SALA 05;6;6000037;1991;2387;NOVA IGUAÇU;RJ;EMPRESA CINEMAS SÃO LUIZ S/A;33.497.660/0001-89
26/03/2021;26/03/2021 16:00:00;RAYA AND THE LAST DRAGON;RAYA E O ÚLTIMO DRAGÃO;E2100035300000;DUBLADO;NÃO;ESTADOS UNIDOS;5001795;CINE ITAGUARI SALA 1;7;;5725;6588;SANTO ANTÔNIO DE JESUS;BA;IMPERIAL TURISMO E EVENTOS EIRELI;01.732.317/0001-85
26/03/2021;26/03/2021 16:00:00;RAYA AND THE LAST DRAGON;RAYA E O ÚLTIMO DRAGÃO;E2100035300000;DUBLADO;NÃO;ESTADOS UNIDOS;5006217;CINE LAGUNA 2;0;6000141;24511;24512;ALAGOINHAS;BA;VICTORY EVENTOS & TURISMO LTDA;05.607.525/0001-03
26/03/2021;26/03/2021 16:00:00;TOM & JERRY;TOM & JERRY - O FILME;E2000553800000;DUBLADO;NÃO;ESTADOS UNIDOS;5004502;CINE GRACHER ESPAÇO HAVAN 2;0;6000032;5979;26111;BRUSQUE;SC;CINE GRACHER LTDA;07.272.690/0001-87
26/03/2021;26/03/2021 16:00:00;WONDER WOMAN 1984;MULHER-MARAVILHA 1984;E2000170200000;DUBLADO;NÃO;CANADÁ;5004254;GOIABEIRAS 7;6;6000018;1843;24765;CUIABÁ;MT;CINEMARK BRASIL S.A;00.779.721/0001-41
26/03/2021;26/03/2021 16:10:00;LUCICREIDE VAI PRA MARTE;;B1900421800000;ORIGINAL;NÃO;BRASIL;5000058;KINOPLEX IGUAÇU TOP SALA 03;6;6000037;1991;2387;NOVA IGUAÇU;RJ;EMPRESA CINEMAS SÃO LUIZ S/A;33.497.660/0001-89
26/03/2021;26/03/2021 16:10:00;MONSTER HUNTER;MONSTER HUNTER;E2000403800000;DUBLADO;NÃO;ESTADOS UNIDOS;5006657;SALA CINE VIEIRA 01;0;;47551;47598;SÃO BENTO;PB;COSTA E VIEIRA EMPREENDIMENTOS LTDA;10.866.528/0001-00
26/03/2021;26/03/2021 16:10:00;THE WIDOW;A VIÚVA DAS SOMBRAS;E2100005000000;DUBLADO;NÃO;RÚSSIA;5005566;KINOPLEX NOVA IGUAÇU SALA 05;2;6000037;1991;33119;NOVA IGUAÇU;RJ;EMPRESA CINEMAS SÃO LUIZ S/A;33.497.660/0001-89
26/03/2021;26/03/2021 16:20:00;MONSTER HUNTER;MONSTER HUNTER;E2000403800000;DUBLADO;NÃO;ESTADOS UNIDOS;5002565;CINE CATARATAS 2;9;;15565;15566;FOZ DO IGUAÇU;PR;CINE CATARATAS LTDA;09.010.219/0001-46
26/03/2021;26/03/2021 16:20:00;THE WIDOW;A VIÚVA DAS SOMBRAS;E2100005000000;DUBLADO;NÃO;RÚSSIA;5004252;GOIABEIRAS 5;2;6000018;1843;24765;CUIABÁ;MT;CINEMARK BRASIL S.A;00.779.721/0001-41
26/03/2021;26/03/2021 16:20:00;THE WIDOW;A VIÚVA DAS SOMBRAS;E2100005000000;DUBLADO;NÃO;RÚSSIA;5000209;KINOPLEX GRANDE RIO 6;2;6000037;1991;2424;SÃO JOÃO DE MERITI;RJ;EMPRESA CINEMAS SÃO LUIZ S/A;33.497.660/0001-89
26/03/2021;26/03/2021 16:20:00;THE WIDOW;A VIÚVA DAS SOMBRAS;E2100005000000;DUBLADO;NÃO;RÚSSIA;5005726;KINOPLEX IGUAÇU TOP SALA 06;2;6000037;1991;2387;NOVA IGUAÇU;RJ;EMPRESA CINEMAS SÃO LUIZ S/A;33.497.660/0001-89
26/03/2021;26/03/2021 16:25:00;RAYA AND THE LAST DRAGON;RAYA E O ÚLTIMO DRAGÃO;E2100035300000;DUBLADO;NÃO;ESTADOS UNIDOS;5006491;CM CINEMAS BACAXA 2;1;6000016;44751;44760;SAQUAREMA;RJ;CRYK CINEMA BACAXA LTDA;35.282.350/0001-72
26/03/2021;26/03/2021 16:30:00;CHORÃO: MARGINAL ALADO;;B2000158900000;ORIGINAL;NÃO;BRASIL;5006644;PLAYARTE RORAIMA GARDEN SALA 03;0;6000049;39188;47248;BOA VISTA;RR;MULTIPLEX DO BRASIL ENTRETENIMENTO LTDA;27.595.833/0001-07
26/03/2021;26/03/2021 16:30:00;MONSTER HUNTER;MONSTER HUNTER;E2000403800000;DUBLADO;NÃO;ESTADOS UNIDOS;5004503;CINE GRACHER ESPAÇO HAVAN 3;4;6000032;5979;26111;BRUSQUE;SC;CINE GRACHER LTDA;07.272.690/0001-87
26/03/2021;26/03/2021 16:30:00;MONSTER HUNTER;MONSTER HUNTER;E2000403800000;DUBLADO;NÃO;ESTADOS UNIDOS;5004251;GOIABEIRAS 4;0;6000018;1843;24765;CUIABÁ;MT;CINEMARK BRASIL S.A;00.779.721/0001-41
26/03/2021;26/03/2021 16:40:00;RAYA AND THE LAST DRAGON;RAYA E O ÚLTIMO DRAGÃO;E2100035300000;DUBLADO;NÃO;ESTADOS UNIDOS;5005305;CINEFLIX VÁRZEA GRANDE SHOPPING - SALA 2;4;6000014;24534;31101;VÁRZEA GRANDE;MT;REDECINE BSB CINEMATOGRÁFICA LTDA;18.087.870/0001-05
26/03/2021;26/03/2021 16:45:00;THE WIDOW;A VIÚVA DAS SOMBRAS;E2100005000000;DUBLADO;NÃO;RÚSSIA;5006649;GRUPOCINE TUCURUI 03;1;6000034;44276;47310;TUCURUÍ;PA;EMPRESA CINEMATOGRAFICA BOMBOCINE LTDA;21.298.337/0001-05
26/03/2021;26/03/2021 16:50:00;MONSTER HUNTER;MONSTER HUNTER;E2000403800000;DUBLADO;NÃO;ESTADOS UNIDOS;5005304;CINEFLIX VÁRZEA GRANDE SHOPPING - SALA 1;3;6000014;24534;31101;VÁRZEA GRANDE;MT;REDECINE BSB CINEMATOGRÁFICA LTDA;18.087.870/0001-05
26/03/2021;26/03/2021 16:50:00;RAYA AND THE LAST DRAGON;RAYA E O ÚLTIMO DRAGÃO;E2100035300000;DUBLADO;NÃO;ESTADOS UNIDOS;5006138;SALA CINE GUEDES 03;0;;23266;23267;PATOS;PB;LILIANE ROCHA DE MEDEIROS GUEDES-ME;16.844.526/0001-98
26/03/2021;26/03/2021 16:50:00;TOM & JERRY;TOM & JERRY - O FILME;E2000553800000;DUBLADO;NÃO;ESTADOS UNIDOS;5006643;PLAYARTE RORAIMA GARDEN SALA 02;11;6000049;39188;47248;BOA VISTA;RR;MULTIPLEX DO BRASIL ENTRETENIMENTO LTDA;27.595.833/0001-07
26/03/2021;26/03/2021 17:00:00;MONSTER HUNTER;MONSTER HUNTER;E2000403800000;DUBLADO;NÃO;ESTADOS UNIDOS;5002400;CINEVIP RONDON PLAZA SHOPPING SALA 01;0;;14781;14782;RONDONÓPOLIS;MT;GIOVANNI ZEM RODRIGUES;10.443.079/0001-89
26/03/2021;26/03/2021 17:00:00;RAYA AND THE LAST DRAGON;RAYA E O ÚLTIMO DRAGÃO;E2100035300000;DUBLADO;NÃO;ESTADOS UNIDOS;5001860;CINE GRACHER LTDA;0;6000032;5979;6687;BRUSQUE;SC;CINE GRACHER LTDA;07.272.690/0001-87
26/03/2021;26/03/2021 17:00:00;RAYA AND THE LAST DRAGON;RAYA E O ÚLTIMO DRAGÃO;E2100035300000;DUBLADO;NÃO;ESTADOS UNIDOS;5006407;GRUPOCINE RIO DO SUL 01;0;6000034;44276;44286;RIO DO SUL;SC;EMPRESA CINEMATOGRAFICA BOMBOCINE LTDA;21.298.337/0001-05
26/03/2021;26/03/2021 17:00:00;TOM & JERRY;TOM & JERRY - O FILME;E2000553800000;DUBLADO;NÃO;ESTADOS UNIDOS;5004253;GOIABEIRAS 6;0;6000018;1843;24765;CUIABÁ;MT;CINEMARK BRASIL S.A;00.779.721/0001-41
26/03/2021;26/03/2021 17:05:00;MONSTER HUNTER;MONSTER HUNTER;E2000403800000;ORIGINAL;SIM;ESTADOS UNIDOS;5004249;GOIABEIRAS 2;0;6000018;1843;24765;CUIABÁ;MT;CINEMARK BRASIL S.A;00.779.721/0001-41
26/03/2021;26/03/2021 17:15:00;RAYA AND THE LAST DRAGON;RAYA E O ÚLTIMO DRAGÃO;E2100035300000;DUBLADO;NÃO;ESTADOS UNIDOS;5004300;SALA VILA RICA 1 3D;0;;14637;14638;PRIMAVERA DO LESTE;MT;MAURICIO JOSE NICOLINO & CIA LTDA;05.724.035/0001-97
26/03/2021;26/03/2021 17:15:00;THE WIDOW;A VIÚVA DAS SOMBRAS;E2100005000000;ORIGINAL;SIM;RÚSSIA;5004250;GOIABEIRAS 3;1;6000018;1843;24765;CUIABÁ;MT;CINEMARK BRASIL S.A;00.779.721/0001-41
26/03/2021;26/03/2021 17:20:00;TOM & JERRY;TOM & JERRY - O FILME;E2000553800000;DUBLADO;NÃO;ESTADOS UNIDOS;5005568;KINOPLEX NOVA IGUAÇU SALA 07;21;6000037;1991;33119;NOVA IGUAÇU;RJ;EMPRESA CINEMAS SÃO LUIZ S/A;33.497.660/0001-89
26/03/2021;26/03/2021 17:20:00;WONDER WOMAN 1984;MULHER-MARAVILHA 1984;E2000170200000;DUBLADO;NÃO;CANADÁ;5005724;KINOPLEX IGUAÇU TOP SALA 04;13;6000037;1991;2387;NOVA IGUAÇU;RJ;EMPRESA CINEMAS SÃO LUIZ S/A;33.497.660/0001-89
26/03/2021;26/03/2021 17:20:00;WONDER WOMAN 1984;MULHER-MARAVILHA 1984;E2000170200000;DUBLADO;NÃO;CANADÁ;5005565;KINOPLEX NOVA IGUAÇU SALA 04 PLATINUM;6;6000037;1991;33119;NOVA IGUAÇU;RJ;EMPRESA CINEMAS SÃO LUIZ S/A;33.497.660/0001-89
26/03/2021;26/03/2021 17:20:01;DEPOIS A LOUCA SOU EU;;B2000078000000;ORIGINAL;NÃO;BRASIL;5006490;CM CINEMAS BACAXA 1;0;6000016;44751;44760;SAQUAREMA;RJ;CRYK CINEMA BACAXA LTDA;35.282.350/0001-72
26/03/2021;26/03/2021 17:30:00;RAYA AND THE LAST DRAGON;RAYA E O ÚLTIMO DRAGÃO;E2100035300000;DUBLADO;NÃO;ESTADOS UNIDOS;5005545;CINE COLOMBO RESENDE SALA 03;3;6000008;15833;33011;RESENDE;RJ;CINE A LTDA;10.894.937/0001-01
26/03/2021;26/03/2021 17:30:00;THE EMPTY MAN;O MENSAGEIRO DO ÚLTIMO DIA;E2000471300000;DUBLADO;NÃO;ESTADOS UNIDOS;5000207;KINOPLEX GRANDE RIO 4;2;6000037;1991;2424;SÃO JOÃO DE MERITI;RJ;EMPRESA CINEMAS SÃO LUIZ S/A;33.497.660/0001-89
26/03/2021;26/03/2021 17:30:00;THE EMPTY MAN;O MENSAGEIRO DO ÚLTIMO DIA;E2000471300000;DUBLADO;NÃO;ESTADOS UNIDOS;5005567;KINOPLEX NOVA IGUAÇU SALA 06;15;6000037;1991;33119;NOVA IGUAÇU;RJ;EMPRESA CINEMAS SÃO LUIZ S/A;33.497.660/0001-89
26/03/2021;26/03/2021 17:30:00;TOM & JERRY;TOM & JERRY - O FILME;E2000553800000;DUBLADO;NÃO;ESTADOS UNIDOS;5004913;CINE SHOW AGULHAS NEGRAS SALA 02;3;6000025;2977;28018;RESENDE;RJ;JUBARTE FILMES LTDA-ME;05.297.810/0001-75
26/03/2021;26/03/2021 17:30:00;TOM & JERRY;TOM & JERRY - O FILME;E2000553800000;DUBLADO;NÃO;ESTADOS UNIDOS;5000057;KINOPLEX IGUAÇU TOP SALA 02;11;6000037;1991;2387;NOVA IGUAÇU;RJ;EMPRESA CINEMAS SÃO LUIZ S/A;33.497.660/0001-89
26/03/2021;26/03/2021 17:30:00;TOM & JERRY;TOM & JERRY - O FILME;E2000553800000;DUBLADO;NÃO;ESTADOS UNIDOS;5003653;SALA CINE GUEDES 02;0;;23266;23267;PATOS;PB;LILIANE ROCHA DE MEDEIROS GUEDES-ME;16.844.526/0001-98
26/03/2021;26/03/2021 17:30:00;TOM & JERRY;TOM & JERRY - O FILME;E2000553800000;DUBLADO;NÃO;ESTADOS UNIDOS;5002355;SALA VILA RICA 2 CONVENCIONAL;0;;14637;14638;PRIMAVERA DO LESTE;MT;MAURICIO JOSE NICOLINO & CIA LTDA;05.724.035/0001-97
26/03/2021;26/03/2021 17:40:00;MONSTER HUNTER;MONSTER HUNTER;E2000403800000;DUBLADO;NÃO;ESTADOS UNIDOS;5006408;GRUPOCINE RIO DO SUL 02;7;6000034;44276;44286;RIO DO SUL;SC;EMPRESA CINEMATOGRAFICA BOMBOCINE LTDA;21.298.337/0001-05
26/03/2021;26/03/2021 17:40:00;RAYA AND THE LAST DRAGON;RAYA E O ÚLTIMO DRAGÃO;E2100035300000;DUBLADO;NÃO;ESTADOS UNIDOS;5004912;CINE SHOW AGULHAS NEGRAS SALA 01;6;6000025;2977;28018;RESENDE;RJ;JUBARTE FILMES LTDA-ME;05.297.810/0001-75
26/03/2021;26/03/2021 17:40:00;RAYA AND THE LAST DRAGON;RAYA E O ÚLTIMO DRAGÃO;E2100035300000;DUBLADO;NÃO;ESTADOS UNIDOS;5006648;GRUPOCINE TUCURUI 02;0;6000034;44276;47310;TUCURUÍ;PA;EMPRESA CINEMATOGRAFICA BOMBOCINE LTDA;21.298.337/0001-05
26/03/2021;26/03/2021 17:40:00;RAYA AND THE LAST DRAGON;RAYA E O ÚLTIMO DRAGÃO;E2100035300000;DUBLADO;NÃO;ESTADOS UNIDOS;5005563;KINOPLEX NOVA IGUAÇU SALA 02 KINOEVOLUTION;16;6000037;1991;33119;NOVA IGUAÇU;RJ;EMPRESA CINEMAS SÃO LUIZ S/A;33.497.660/0001-89
26/03/2021;26/03/2021 17:40:00;THE WIDOW;A VIÚVA DAS SOMBRAS;E2100005000000;DUBLADO;NÃO;RÚSSIA;5001662;ORIENT CINEPLACE BOULEVARD SHOPPING - SALA 3;8;6000046;2869;6630;FEIRA DE SANTANA;BA;FEIRA PLEXCINE LTDA.;04.547.950/0001-91
26/03/2021;26/03/2021 17:50:00;HONEST THIEF;LEGADO EXPLOSIVO;E2000416200000;DUBLADO;NÃO;ESTADOS UNIDOS;5000206;KINOPLEX GRANDE RIO 3;5;6000037;1991;2424;SÃO JOÃO DE MERITI;RJ;EMPRESA CINEMAS SÃO LUIZ S/A;33.497.660/0001-89
26/03/2021;26/03/2021 17:50:00;RAYA AND THE LAST DRAGON;RAYA E O ÚLTIMO DRAGÃO;E2100035300000;DUBLADO;NÃO;ESTADOS UNIDOS;5000056;KINOPLEX IGUAÇU TOP SALA 01 - KINOEVOLUTION;9;6000037;1991;2387;NOVA IGUAÇU;RJ;EMPRESA CINEMAS SÃO LUIZ S/A;33.497.660/0001-89
26/03/2021;26/03/2021 17:50:00;WONDER WOMAN 1984;MULHER-MARAVILHA 1984;E2000170200000;DUBLADO;NÃO;CANADÁ;5006645;PLAYARTE RORAIMA GARDEN SALA 04;0;6000049;39188;47248;BOA VISTA;RR;MULTIPLEX DO BRASIL ENTRETENIMENTO LTDA;27.595.833/0001-07
26/03/2021;26/03/2021 18:00:00;MONSTER HUNTER;MONSTER HUNTER;E2000403800000;DUBLADO;NÃO;ESTADOS UNIDOS;5006647;GRUPOCINE TUCURUI 01;0;6000034;44276;47310;TUCURUÍ;PA;EMPRESA CINEMATOGRAFICA BOMBOCINE LTDA;21.298.337/0001-05
26/03/2021;26/03/2021 18:00:00;MONSTER HUNTER;MONSTER HUNTER;E2000403800000;DUBLADO;NÃO;ESTADOS UNIDOS;5000204;KINOPLEX GRANDE RIO 1;4;6000037;1991;2424;SÃO JOÃO DE MERITI;RJ;EMPRESA CINEMAS SÃO LUIZ S/A;33.497.660/0001-89
26/03/2021;26/03/2021 18:00:00;MONSTER HUNTER;MONSTER HUNTER;E2000403800000;DUBLADO;NÃO;ESTADOS UNIDOS;5005725;KINOPLEX IGUAÇU TOP SALA 05;6;6000037;1991;2387;NOVA IGUAÇU;RJ;EMPRESA CINEMAS SÃO LUIZ S/A;33.497.660/0001-89
26/03/2021;26/03/2021 18:00:00;MONSTER HUNTER;MONSTER HUNTER;E2000403800000;DUBLADO;NÃO;ESTADOS UNIDOS;5005562;KINOPLEX NOVA IGUAÇU SALA 01;6;6000037;1991;33119;NOVA IGUAÇU;RJ;EMPRESA CINEMAS SÃO LUIZ S/A;33.497.660/0001-89
26/03/2021;26/03/2021 18:00:00;RAYA AND THE LAST DRAGON;RAYA E O ÚLTIMO DRAGÃO;E2100035300000;DUBLADO;NÃO;ESTADOS UNIDOS;5006056;CINE GRACHER JOAÇABA SALA 01;0;6000032;5979;40234;JOAÇABA;SC;CINE GRACHER LTDA;07.272.690/0001-87
26/03/2021;26/03/2021 18:00:00;RAYA AND THE LAST DRAGON;RAYA E O ÚLTIMO DRAGÃO;E2100035300000;DUBLADO;NÃO;ESTADOS UNIDOS;5005290;CINE GRACHER PORTO UNIÃO SALA 01;4;6000032;5979;30780;PORTO UNIÃO;SC;CINE GRACHER LTDA;07.272.690/0001-87
26/03/2021;26/03/2021 18:00:00;RAYA AND THE LAST DRAGON;RAYA E O ÚLTIMO DRAGÃO;E2100035300000;DUBLADO;NÃO;ESTADOS UNIDOS;5000208;KINOPLEX GRANDE RIO 5;16;6000037;1991;2424;SÃO JOÃO DE MERITI;RJ;EMPRESA CINEMAS SÃO LUIZ S/A;33.497.660/0001-89
26/03/2021;26/03/2021 18:00:00;RAYA AND THE LAST DRAGON;RAYA E O ÚLTIMO DRAGÃO;E2100035300000;DUBLADO;NÃO;ESTADOS UNIDOS;5005717;MAXI MOVIE UNAMAR 2;5;6000107;34615;34616;CABO FRIO;RJ;MF 3000 - EMPREENDIMENTOS E PARTICIPAÇÕES LTDA-ME;17.498.681/0001-62
26/03/2021;26/03/2021 18:00:00;TOM & JERRY;TOM & JERRY - O FILME;E2000553800000;DUBLADO;NÃO;ESTADOS UNIDOS;5006057;CINE GRACHER JOAÇABA SALA 02;2;6000032;5979;40234;JOAÇABA;SC;CINE GRACHER LTDA;07.272.690/0001-87
26/03/2021;26/03/2021 18:00:00;TOM & JERRY;TOM & JERRY - O FILME;E2000553800000;DUBLADO;NÃO;ESTADOS UNIDOS;5005291;CINE GRACHER PORTO UNIÃO SALA 02;0;6000032;5979;30780;PORTO UNIÃO;SC;CINE GRACHER LTDA;07.272.690/0001-87
26/03/2021;26/03/2021 18:10:00;HONEST THIEF;LEGADO EXPLOSIVO;E2000416200000;DUBLADO;NÃO;ESTADOS UNIDOS;5000058;KINOPLEX IGUAÇU TOP SALA 03;4;6000037;1991;2387;NOVA IGUAÇU;RJ;EMPRESA CINEMAS SÃO LUIZ S/A;33.497.660/0001-89
26/03/2021;26/03/2021 18:10:00;HONEST THIEF;LEGADO EXPLOSIVO;E2000416200000;DUBLADO;NÃO;ESTADOS UNIDOS;5005564;KINOPLEX NOVA IGUAÇU SALA 03 PLATINUM;17;6000037;1991;33119;NOVA IGUAÇU;RJ;EMPRESA CINEMAS SÃO LUIZ S/A;33.497.660/0001-89
26/03/2021;26/03/2021 18:10:00;TOM & JERRY;TOM & JERRY - O FILME;E2000553800000;DUBLADO;NÃO;ESTADOS UNIDOS;5000205;KINOPLEX GRANDE RIO 2;4;6000037;1991;2424;SÃO JOÃO DE MERITI;RJ;EMPRESA CINEMAS SÃO LUIZ S/A;33.497.660/0001-89
26/03/2021;26/03/2021 18:15:00;RAYA AND THE LAST DRAGON;RAYA E O ÚLTIMO DRAGÃO;E2100035300000;DUBLADO;NÃO;ESTADOS UNIDOS;5006001;CINE GRACHER INDAIAL - SALA 04;2;6000032;5979;39283;INDAIAL;SC;CINE GRACHER LTDA;07.272.690/0001-87
26/03/2021;26/03/2021 18:15:00;RAYA AND THE LAST DRAGON;RAYA E O ÚLTIMO DRAGÃO;E2100035300000;DUBLADO;NÃO;ESTADOS UNIDOS;5006086;CINE GRACHER PORTO BELO SALA 04;0;6000032;5979;40771;PORTO BELO;SC;CINE GRACHER LTDA;07.272.690/0001-87
26/03/2021;26/03/2021 18:15:00;RAYA AND THE LAST DRAGON;RAYA E O ÚLTIMO DRAGÃO;E2100035300000;DUBLADO;NÃO;ESTADOS UNIDOS;5006112;CINE GRACHER SÃO BENTO 02;5;6000032;5979;41056;SÃO BENTO DO SUL;SC;CINE GRACHER LTDA;07.272.690/0001-87
26/03/2021;26/03/2021 18:15:00;RAYA AND THE LAST DRAGON;RAYA E O ÚLTIMO DRAGÃO;E2100035300000;DUBLADO;NÃO;ESTADOS UNIDOS;5006657;SALA CINE VIEIRA 01;11;;47551;47598;SÃO BENTO;PB;COSTA E VIEIRA EMPREENDIMENTOS LTDA;10.866.528/0001-00
26/03/2021;26/03/2021 18:15:00;THE WIDOW;A VIÚVA DAS SOMBRAS;E2100005000000;DUBLADO;NÃO;RÚSSIA;5006058;CINE GRACHER JOAÇABA SALA 03;0;6000032;5979;40234;JOAÇABA;SC;CINE GRACHER LTDA;07.272.690/0001-87
26/03/2021;26/03/2021 18:15:00;THE WIDOW;A VIÚVA DAS SOMBRAS;E2100005000000;DUBLADO;NÃO;RÚSSIA;5005292;CINE GRACHER PORTO UNIÃO SALA 03;7;6000032;5979;30780;PORTO UNIÃO;SC;CINE GRACHER LTDA;07.272.690/0001-87
26/03/2021;26/03/2021 18:20:00;CHORÃO: MARGINAL ALADO;;B2000158900000;ORIGINAL;NÃO;BRASIL;5006644;PLAYARTE RORAIMA GARDEN SALA 03;0;6000049;39188;47248;BOA VISTA;RR;MULTIPLEX DO BRASIL ENTRETENIMENTO LTDA;27.595.833/0001-07
26/03/2021;26/03/2021 18:20:00;FOLLOW ME;SEM SAÍDA;E2100006300000;DUBLADO;NÃO;ESTADOS UNIDOS;5006649;GRUPOCINE TUCURUI 03;5;6000034;44276;47310;TUCURUÍ;PA;EMPRESA CINEMATOGRAFICA BOMBOCINE LTDA;21.298.337/0001-05
26/03/2021;26/03/2021 18:20:00;MONSTER HUNTER;MONSTER HUNTER;E2000403800000;DUBLADO;NÃO;ESTADOS UNIDOS;5002565;CINE CATARATAS 2;17;;15565;15566;FOZ DO IGUAÇU;PR;CINE CATARATAS LTDA;09.010.219/0001-46
26/03/2021;26/03/2021 18:20:00;THE WIDOW;A VIÚVA DAS SOMBRAS;E2100005000000;DUBLADO;NÃO;RÚSSIA;5000209;KINOPLEX GRANDE RIO 6;8;6000037;1991;2424;SÃO JOÃO DE MERITI;RJ;EMPRESA CINEMAS SÃO LUIZ S/A;33.497.660/0001-89
26/03/2021;26/03/2021 18:20:00;THE WIDOW;A VIÚVA DAS SOMBRAS;E2100005000000;DUBLADO;NÃO;RÚSSIA;5005726;KINOPLEX IGUAÇU TOP SALA 06;20;6000037;1991;2387;NOVA IGUAÇU;RJ;EMPRESA CINEMAS SÃO LUIZ S/A;33.497.660/0001-89
26/03/2021;26/03/2021 18:20:00;THE WIDOW;A VIÚVA DAS SOMBRAS;E2100005000000;DUBLADO;NÃO;RÚSSIA;5005566;KINOPLEX NOVA IGUAÇU SALA 05;11;6000037;1991;33119;NOVA IGUAÇU;RJ;EMPRESA CINEMAS SÃO LUIZ S/A;33.497.660/0001-89
26/03/2021;26/03/2021 18:30:00;MONSTER HUNTER;MONSTER HUNTER;E2000403800000;DUBLADO;NÃO;ESTADOS UNIDOS;5005543;CINE COLOMBO RESENDE SALA 01;0;6000008;15833;33011;RESENDE;RJ;CINE A LTDA;10.894.937/0001-01
26/03/2021;26/03/2021 18:30:00;MONSTER HUNTER;MONSTER HUNTER;E2000403800000;DUBLADO;NÃO;ESTADOS UNIDOS;5006000;CINE GRACHER INDAIAL - SALA 03;0;6000032;5979;39283;INDAIAL;SC;CINE GRACHER LTDA;07.272.690/0001-87
26/03/2021;26/03/2021 18:30:00;MONSTER HUNTER;MONSTER HUNTER;E2000403800000;DUBLADO;NÃO;ESTADOS UNIDOS;5006085;CINE GRACHER PORTO BELO SALA 03;0;6000032;5979;40771;PORTO BELO;SC;CINE GRACHER LTDA;07.272.690/0001-87
26/03/2021;26/03/2021 18:30:00;MONSTER HUNTER;MONSTER HUNTER;E2000403800000;DUBLADO;NÃO;ESTADOS UNIDOS;5006114;CINE GRACHER SÃO BENTO 04;5;6000032;5979;41056;SÃO BENTO DO SUL;SC;CINE GRACHER LTDA;07.272.690/0001-87
26/03/2021;26/03/2021 18:30:00;TOM & JERRY;TOM & JERRY - O FILME;E2000553800000;DUBLADO;NÃO;ESTADOS UNIDOS;5005998;CINE GRACHER INDAIAL - SALA 01;0;6000032;5979;39283;INDAIAL;SC;CINE GRACHER LTDA;07.272.690/0001-87
26/03/2021;26/03/2021 18:30:00;TOM & JERRY;TOM & JERRY - O FILME;E2000553800000;DUBLADO;NÃO;ESTADOS UNIDOS;5006083;CINE GRACHER PORTO BELO SALA 01;4;6000032;5979;40771;PORTO BELO;SC;CINE GRACHER LTDA;07.272.690/0001-87
26/03/2021;26/03/2021 18:30:00;TOM & JERRY;TOM & JERRY - O FILME;E2000553800000;DUBLADO;NÃO;ESTADOS UNIDOS;5006111;CINE GRACHER SÃO BENTO 01;2;6000032;5979;41056;SÃO BENTO DO SUL;SC;CINE GRACHER LTDA;07.272.690/0001-87
26/03/2021;26/03/2021 18:30:00;TOM & JERRY;TOM & JERRY - O FILME;E2000553800000;DUBLADO;NÃO;ESTADOS UNIDOS;5005716;MAXI MOVIE UNAMAR 1;5;6000107;34615;34616;CABO FRIO;RJ;MF 3000 - EMPREENDIMENTOS E PARTICIPAÇÕES LTDA-ME;17.498.681/0001-62
26/03/2021;26/03/2021 18:40:00;RAYA AND THE LAST DRAGON;RAYA E O ÚLTIMO DRAGÃO;E2100035300000;DUBLADO;NÃO;ESTADOS UNIDOS;5006491;CM CINEMAS BACAXA 2;3;6000016;44751;44760;SAQUAREMA;RJ;CRYK CINEMA BACAXA LTDA;35.282.350/0001-72
26/03/2021;26/03/2021 18:45:00;MONSTER HUNTER;MONSTER HUNTER;E2000403800000;DUBLADO;NÃO;ESTADOS UNIDOS;5001862;CINE GRACHER LTDA;0;6000032;5979;6687;BRUSQUE;SC;CINE GRACHER LTDA;07.272.690/0001-87
26/03/2021;26/03/2021 18:45:00;TOM & JERRY;TOM & JERRY - O FILME;E2000553800000;DUBLADO;NÃO;ESTADOS UNIDOS;5001861;CINE GRACHER LTDA;0;6000032;5979;6687;BRUSQUE;SC;CINE GRACHER LTDA;07.272.690/0001-87
26/03/2021;26/03/2021 19:00:00;DRUK;DRUK - MAIS UMA RODADA;E2100078400000;DUBLADO;NÃO;DINAMARCA;5002597;GRAN CINE BARDOT;4;;15661;15662;ARMAÇÃO DOS BÚZIOS;RJ;UNFINISHED BUSINESS PRODUÇÕES ARTÍSTICAS, CINEMATOGRÁFICAS E AUDIOVISUAIS LTDA.;07.953.592/0001-05
26/03/2021;26/03/2021 19:00:00;RAYA AND THE LAST DRAGON;RAYA E O ÚLTIMO DRAGÃO;E2100035300000;DUBLADO;NÃO;ESTADOS UNIDOS;5006138;SALA CINE GUEDES 03;4;;23266;23267;PATOS;PB;LILIANE ROCHA DE MEDEIROS GUEDES-ME;16.844.526/0001-98
26/03/2021;26/03/2021 19:00:00;THE WIDOW;A VIÚVA DAS SOMBRAS;E2100005000000;DUBLADO;NÃO;RÚSSIA;5004503;CINE GRACHER ESPAÇO HAVAN 3;14;6000032;5979;26111;BRUSQUE;SC;CINE GRACHER LTDA;07.272.690/0001-87
26/03/2021;26/03/2021 19:00:00;THE WITCHES;CONVENÇÃO DAS BRUXAS;E2000396100000;DUBLADO;NÃO;ESTADOS UNIDOS;5006643;PLAYARTE RORAIMA GARDEN SALA 02;15;6000049;39188;47248;BOA VISTA;RR;MULTIPLEX DO BRASIL ENTRETENIMENTO LTDA;27.595.833/0001-07
26/03/2021;26/03/2021 19:00:00;TOM & JERRY;TOM & JERRY - O FILME;E2000553800000;DUBLADO;NÃO;ESTADOS UNIDOS;5004502;CINE GRACHER ESPAÇO HAVAN 2;3;6000032;5979;26111;BRUSQUE;SC;CINE GRACHER LTDA;07.272.690/0001-87
26/03/2021;26/03/2021 19:20:00;MONSTER HUNTER;MONSTER HUNTER;E2000403800000;DUBLADO;NÃO;ESTADOS UNIDOS;5003653;SALA CINE GUEDES 02;2;;23266;23267;PATOS;PB;LILIANE ROCHA DE MEDEIROS GUEDES-ME;16.844.526/0001-98
26/03/2021;26/03/2021 19:25:00;THE WIDOW;A VIÚVA DAS SOMBRAS;E2100005000000;DUBLADO;NÃO;RÚSSIA;5003652;SALA CINE GUEDES 01;0;;23266;23267;PATOS;PB;LILIANE ROCHA DE MEDEIROS GUEDES-ME;16.844.526/0001-98
26/03/2021;26/03/2021 19:30:00;RAYA AND THE LAST DRAGON;RAYA E O ÚLTIMO DRAGÃO;E2100035300000;DUBLADO;NÃO;ESTADOS UNIDOS;5006407;GRUPOCINE RIO DO SUL 01;3;6000034;44276;44286;RIO DO SUL;SC;EMPRESA CINEMATOGRAFICA BOMBOCINE LTDA;21.298.337/0001-05
26/03/2021;26/03/2021 19:30:00;WONDER WOMAN 1984;MULHER-MARAVILHA 1984;E2000170200000;DUBLADO;NÃO;CANADÁ;5001860;CINE GRACHER LTDA;0;6000032;5979;6687;BRUSQUE;SC;CINE GRACHER LTDA;07.272.690/0001-87
26/03/2021;26/03/2021 19:40:00;MONSTER HUNTER;MONSTER HUNTER;E2000403800000;DUBLADO;NÃO;ESTADOS UNIDOS;5004913;CINE SHOW AGULHAS NEGRAS SALA 02;3;6000025;2977;28018;RESENDE;RJ;JUBARTE FILMES LTDA-ME;05.297.810/0001-75
26/03/2021;26/03/2021 19:40:00;THE WIDOW;A VIÚVA DAS SOMBRAS;E2100005000000;DUBLADO;NÃO;RÚSSIA;5006490;CM CINEMAS BACAXA 1;3;6000016;44751;44760;SAQUAREMA;RJ;CRYK CINEMA BACAXA LTDA;35.282.350/0001-72
26/03/2021;26/03/2021 19:45:00;RAYA AND THE LAST DRAGON;RAYA E O ÚLTIMO DRAGÃO;E2100035300000;DUBLADO;NÃO;ESTADOS UNIDOS;5005545;CINE COLOMBO RESENDE SALA 03;2;6000008;15833;33011;RESENDE;RJ;CINE A LTDA;10.894.937/0001-01
26/03/2021;26/03/2021 20:00:00;THE WIDOW;A VIÚVA DAS SOMBRAS;E2100005000000;DUBLADO;NÃO;RÚSSIA;5004912;CINE SHOW AGULHAS NEGRAS SALA 01;5;6000025;2977;28018;RESENDE;RJ;JUBARTE FILMES LTDA-ME;05.297.810/0001-75
26/03/2021;26/03/2021 20:00:00;THE WIDOW;A VIÚVA DAS SOMBRAS;E2100005000000;DUBLADO;NÃO;RÚSSIA;5006408;GRUPOCINE RIO DO SUL 02;9;6000034;44276;44286;RIO DO SUL;SC;EMPRESA CINEMATOGRAFICA BOMBOCINE LTDA;21.298.337/0001-05
26/03/2021;26/03/2021 20:20:00;FOLLOW ME;SEM SAÍDA;E2100006300000;DUBLADO;NÃO;ESTADOS UNIDOS;5006657;SALA CINE VIEIRA 01;64;;47551;47598;SÃO BENTO;PB;COSTA E VIEIRA EMPREENDIMENTOS LTDA;10.866.528/0001-00
26/03/2021;26/03/2021 20:30:00;FOLLOW ME;SEM SAÍDA;E2100006300000;DUBLADO;NÃO;ESTADOS UNIDOS;5006057;CINE GRACHER JOAÇABA SALA 02;2;6000032;5979;40234;JOAÇABA;SC;CINE GRACHER LTDA;07.272.690/0001-87
26/03/2021;26/03/2021 20:30:00;FOLLOW ME;SEM SAÍDA;E2100006300000;DUBLADO;NÃO;ESTADOS UNIDOS;5005291;CINE GRACHER PORTO UNIÃO SALA 02;0;6000032;5979;30780;PORTO UNIÃO;SC;CINE GRACHER LTDA;07.272.690/0001-87
26/03/2021;26/03/2021 20:30:00;RAYA AND THE LAST DRAGON;RAYA E O ÚLTIMO DRAGÃO;E2100035300000;DUBLADO;NÃO;ESTADOS UNIDOS;5006056;CINE GRACHER JOAÇABA SALA 01;3;6000032;5979;40234;JOAÇABA;SC;CINE GRACHER LTDA;07.272.690/0001-87
26/03/2021;26/03/2021 20:30:00;RAYA AND THE LAST DRAGON;RAYA E O ÚLTIMO DRAGÃO;E2100035300000;DUBLADO;NÃO;ESTADOS UNIDOS;5005290;CINE GRACHER PORTO UNIÃO SALA 01;5;6000032;5979;30780;PORTO UNIÃO;SC;CINE GRACHER LTDA;07.272.690/0001-87
26/03/2021;26/03/2021 20:30:00;THE WIDOW;A VIÚVA DAS SOMBRAS;E2100005000000;DUBLADO;NÃO;RÚSSIA;5005543;CINE COLOMBO RESENDE SALA 01;2;6000008;15833;33011;RESENDE;RJ;CINE A LTDA;10.894.937/0001-01
26/03/2021;26/03/2021 20:30:00;THE WIDOW;A VIÚVA DAS SOMBRAS;E2100005000000;DUBLADO;NÃO;RÚSSIA;5006058;CINE GRACHER JOAÇABA SALA 03;8;6000032;5979;40234;JOAÇABA;SC;CINE GRACHER LTDA;07.272.690/0001-87
26/03/2021;26/03/2021 20:30:00;THE WIDOW;A VIÚVA DAS SOMBRAS;E2100005000000;DUBLADO;NÃO;RÚSSIA;5005292;CINE GRACHER PORTO UNIÃO SALA 03;8;6000032;5979;30780;PORTO UNIÃO;SC;CINE GRACHER LTDA;07.272.690/0001-87
26/03/2021;26/03/2021 20:30:00;WONDER WOMAN 1984;MULHER-MARAVILHA 1984;E2000170200000;DUBLADO;NÃO;CANADÁ;5005717;MAXI MOVIE UNAMAR 2;0;6000107;34615;34616;CABO FRIO;RJ;MF 3000 - EMPREENDIMENTOS E PARTICIPAÇÕES LTDA-ME;17.498.681/0001-62
26/03/2021;26/03/2021 20:45:00;FOLLOW ME;SEM SAÍDA;E2100006300000;DUBLADO;NÃO;ESTADOS UNIDOS;5006083;CINE GRACHER PORTO BELO SALA 01;2;6000032;5979;40771;PORTO BELO;SC;CINE GRACHER LTDA;07.272.690/0001-87
26/03/2021;26/03/2021 20:45:00;FOLLOW ME;SEM SAÍDA;E2100006300000;DUBLADO;NÃO;ESTADOS UNIDOS;5006111;CINE GRACHER SÃO BENTO 01;0;6000032;5979;41056;SÃO BENTO DO SUL;SC;CINE GRACHER LTDA;07.272.690/0001-87
26/03/2021;26/03/2021 20:45:00;RAYA AND THE LAST DRAGON;RAYA E O ÚLTIMO DRAGÃO;E2100035300000;DUBLADO;NÃO;ESTADOS UNIDOS;5006001;CINE GRACHER INDAIAL - SALA 04;12;6000032;5979;39283;INDAIAL;SC;CINE GRACHER LTDA;07.272.690/0001-87
26/03/2021;26/03/2021 20:45:00;RAYA AND THE LAST DRAGON;RAYA E O ÚLTIMO DRAGÃO;E2100035300000;DUBLADO;NÃO;ESTADOS UNIDOS;5006086;CINE GRACHER PORTO BELO SALA 04;0;6000032;5979;40771;PORTO BELO;SC;CINE GRACHER LTDA;07.272.690/0001-87
26/03/2021;26/03/2021 20:45:00;RAYA AND THE LAST DRAGON;RAYA E O ÚLTIMO DRAGÃO;E2100035300000;DUBLADO;NÃO;ESTADOS UNIDOS;5006112;CINE GRACHER SÃO BENTO 02;11;6000032;5979;41056;SÃO BENTO DO SUL;SC;CINE GRACHER LTDA;07.272.690/0001-87
26/03/2021;26/03/2021 20:45:00;THE WIDOW;A VIÚVA DAS SOMBRAS;E2100005000000;DUBLADO;NÃO;RÚSSIA;5006000;CINE GRACHER INDAIAL - SALA 03;6;6000032;5979;39283;INDAIAL;SC;CINE GRACHER LTDA;07.272.690/0001-87
26/03/2021;26/03/2021 20:45:00;THE WIDOW;A VIÚVA DAS SOMBRAS;E2100005000000;DUBLADO;NÃO;RÚSSIA;5006085;CINE GRACHER PORTO BELO SALA 03;2;6000032;5979;40771;PORTO BELO;SC;CINE GRACHER LTDA;07.272.690/0001-87
26/03/2021;26/03/2021 20:45:00;THE WIDOW;A VIÚVA DAS SOMBRAS;E2100005000000;DUBLADO;NÃO;RÚSSIA;5006114;CINE GRACHER SÃO BENTO 04;2;6000032;5979;41056;SÃO BENTO DO SUL;SC;CINE GRACHER LTDA;07.272.690/0001-87
26/03/2021;26/03/2021 20:45:00;TOM & JERRY;TOM & JERRY - O FILME;E2000553800000;DUBLADO;NÃO;ESTADOS UNIDOS;5005998;CINE GRACHER INDAIAL - SALA 01;1;6000032;5979;39283;INDAIAL;SC;CINE GRACHER LTDA;07.272.690/0001-87
26/03/2021;26/03/2021 21:00:00;THE WIDOW;A VIÚVA DAS SOMBRAS;E2100005000000;DUBLADO;NÃO;RÚSSIA;5005716;MAXI MOVIE UNAMAR 1;10;6000107;34615;34616;CABO FRIO;RJ;MF 3000 - EMPREENDIMENTOS E PARTICIPAÇÕES LTDA-ME;17.498.681/0001-62
26/03/2021;26/03/2021 21:00:00;TOM & JERRY;TOM & JERRY - O FILME;E2000553800000;DUBLADO;NÃO;ESTADOS UNIDOS;5004502;CINE GRACHER ESPAÇO HAVAN 2;2;6000032;5979;26111;BRUSQUE;SC;CINE GRACHER LTDA;07.272.690/0001-87
26/03/2021;26/03/2021 21:00:01;RAYA AND THE LAST DRAGON;RAYA E O ÚLTIMO DRAGÃO;E2100035300000;DUBLADO;NÃO;ESTADOS UNIDOS;5006491;CM CINEMAS BACAXA 2;4;6000016;44751;44760;SAQUAREMA;RJ;CRYK CINEMA BACAXA LTDA;35.282.350/0001-72
26/03/2021;26/03/2021 21:15:00;FOLLOW ME;SEM SAÍDA;E2100006300000;DUBLADO;NÃO;ESTADOS UNIDOS;5001862;CINE GRACHER LTDA;0;6000032;5979;6687;BRUSQUE;SC;CINE GRACHER LTDA;07.272.690/0001-87
26/03/2021;26/03/2021 21:15:00;THE WIDOW;A VIÚVA DAS SOMBRAS;E2100005000000;DUBLADO;NÃO;RÚSSIA;5004503;CINE GRACHER ESPAÇO HAVAN 3;6;6000032;5979;26111;BRUSQUE;SC;CINE GRACHER LTDA;07.272.690/0001-87
26/03/2021;26/03/2021 21:15:00;TOM & JERRY;TOM & JERRY - O FILME;E2000553800000;DUBLADO;NÃO;ESTADOS UNIDOS;5001861;CINE GRACHER LTDA;0;6000032;5979;6687;BRUSQUE;SC;CINE GRACHER LTDA;07.272.690/0001-87
26/03/2021;26/03/2021 21:30:01;DEPOIS A LOUCA SOU EU;;B2000078000000;ORIGINAL;NÃO;BRASIL;5006490;CM CINEMAS BACAXA 1;3;6000016;44751;44760;SAQUAREMA;RJ;CRYK CINEMA BACAXA LTDA;35.282.350/0001-72
27/03/2021;27/03/2021 09:40:00;RAYA AND THE LAST DRAGON;RAYA E O ÚLTIMO DRAGÃO;E2100035300000;DUBLADO;NÃO;ESTADOS UNIDOS;5004300;SALA VILA RICA 1 3D;0;;14637;14638;PRIMAVERA DO LESTE;MT;MAURICIO JOSE NICOLINO & CIA LTDA;05.724.035/0001-97
27/03/2021;27/03/2021 10:00:00;TOM & JERRY;TOM & JERRY - O FILME;E2000553800000;DUBLADO;NÃO;ESTADOS UNIDOS;5002355;SALA VILA RICA 2 CONVENCIONAL;0;;14637;14638;PRIMAVERA DO LESTE;MT;MAURICIO JOSE NICOLINO & CIA LTDA;05.724.035/0001-97
27/03/2021;27/03/2021 13:00:00;TOM & JERRY;TOM & JERRY - O FILME;E2000553800000;DUBLADO;NÃO;ESTADOS UNIDOS;5002565;CINE CATARATAS 2;23;;15565;15566;FOZ DO IGUAÇU;PR;CINE CATARATAS LTDA;09.010.219/0001-46
27/03/2021;27/03/2021 13:50:00;SCOOB!;SCOOBY - O FILME;E2000026400000;DUBLADO;NÃO;ESTADOS UNIDOS;5000204;KINOPLEX GRANDE RIO 1;9;6000037;1991;2424;SÃO JOÃO DE MERITI;RJ;EMPRESA CINEMAS SÃO LUIZ S/A;33.497.660/0001-89
27/03/2021;27/03/2021 14:00:00;TOM & JERRY;TOM & JERRY - O FILME;E2000553800000;DUBLADO;NÃO;ESTADOS UNIDOS;5000205;KINOPLEX GRANDE RIO 2;5;6000037;1991;2424;SÃO JOÃO DE MERITI;RJ;EMPRESA CINEMAS SÃO LUIZ S/A;33.497.660/0001-89
27/03/2021;27/03/2021 14:00:00;Z;AMIZADE MALDITA;E2000229400000;DUBLADO;NÃO;CANADÁ;5005725;KINOPLEX IGUAÇU TOP SALA 05;0;6000037;1991;2387;NOVA IGUAÇU;RJ;EMPRESA CINEMAS SÃO LUIZ S/A;33.497.660/0001-89
27/03/2021;27/03/2021 14:20:00;THE WIDOW;A VIÚVA DAS SOMBRAS;E2100005000000;DUBLADO;NÃO;RÚSSIA;5000209;KINOPLEX GRANDE RIO 6;18;6000037;1991;2424;SÃO JOÃO DE MERITI;RJ;EMPRESA CINEMAS SÃO LUIZ S/A;33.497.660/0001-89
27/03/2021;27/03/2021 14:20:00;WONDER WOMAN 1984;MULHER-MARAVILHA 1984;E2000170200000;DUBLADO;NÃO;CANADÁ;5005724;KINOPLEX IGUAÇU TOP SALA 04;0;6000037;1991;2387;NOVA IGUAÇU;RJ;EMPRESA CINEMAS SÃO LUIZ S/A;33.497.660/0001-89
27/03/2021;27/03/2021 14:40:00;I STILL BELIEVE;ENQUANTO ESTIVERMOS JUNTOS;E2000004700000;DUBLADO;NÃO;ESTADOS UNIDOS;5005565;KINOPLEX NOVA IGUAÇU SALA 04 PLATINUM;0;6000037;1991;33119;NOVA IGUAÇU;RJ;EMPRESA CINEMAS SÃO LUIZ S/A;33.497.660/0001-89
27/03/2021;27/03/2021 14:40:00;WONDER WOMAN 1984;MULHER-MARAVILHA 1984;E2000170200000;DUBLADO;NÃO;CANADÁ;5000206;KINOPLEX GRANDE RIO 3;11;6000037;1991;2424;SÃO JOÃO DE MERITI;RJ;EMPRESA CINEMAS SÃO LUIZ S/A;33.497.660/0001-89
27/03/2021;27/03/2021 14:50:00;TOM & JERRY;TOM & JERRY - O FILME;E2000553800000;DUBLADO;NÃO;ESTADOS UNIDOS;5006649;GRUPOCINE TUCURUI 03;0;6000034;44276;47310;TUCURUÍ;PA;EMPRESA CINEMATOGRAFICA BOMBOCINE LTDA;21.298.337/0001-05
27/03/2021;27/03/2021 15:00:00;PORTUÑOL;;B2000115500000;DUBLADO;NÃO;BRASIL;5002565;CINE CATARATAS 2;6;;15565;15566;FOZ DO IGUAÇU;PR;CINE CATARATAS LTDA;09.010.219/0001-46
27/03/2021;27/03/2021 15:00:00;TOM & JERRY;TOM & JERRY - O FILME;E2000553800000;DUBLADO;NÃO;ESTADOS UNIDOS;5005568;KINOPLEX NOVA IGUAÇU SALA 07;0;6000037;1991;33119;NOVA IGUAÇU;RJ;EMPRESA CINEMAS SÃO LUIZ S/A;33.497.660/0001-89
27/03/2021;27/03/2021 15:10:00;RAYA AND THE LAST DRAGON;RAYA E O ÚLTIMO DRAGÃO;E2100035300000;DUBLADO;NÃO;ESTADOS UNIDOS;5005563;KINOPLEX NOVA IGUAÇU SALA 02 KINOEVOLUTION;0;6000037;1991;33119;NOVA IGUAÇU;RJ;EMPRESA CINEMAS SÃO LUIZ S/A;33.497.660/0001-89
27/03/2021;27/03/2021 15:10:00;TOM & JERRY;TOM & JERRY - O FILME;E2000553800000;DUBLADO;NÃO;ESTADOS UNIDOS;5000057;KINOPLEX IGUAÇU TOP SALA 02;0;6000037;1991;2387;NOVA IGUAÇU;RJ;EMPRESA CINEMAS SÃO LUIZ S/A;33.497.660/0001-89
27/03/2021;27/03/2021 15:15:01;TOM & JERRY;TOM & JERRY - O FILME;E2000553800000;DUBLADO;NÃO;ESTADOS UNIDOS;5005545;CINE COLOMBO RESENDE SALA 03;2;6000008;15833;33011;RESENDE;RJ;CINE A LTDA;10.894.937/0001-01
27/03/2021;27/03/2021 15:20:00;LUCICREIDE VAI PRA MARTE;;B1900421800000;ORIGINAL;NÃO;BRASIL;5000207;KINOPLEX GRANDE RIO 4;8;6000037;1991;2424;SÃO JOÃO DE MERITI;RJ;EMPRESA CINEMAS SÃO LUIZ S/A;33.497.660/0001-89
27/03/2021;27/03/2021 15:20:00;LUCICREIDE VAI PRA MARTE;;B1900421800000;ORIGINAL;NÃO;BRASIL;5005567;KINOPLEX NOVA IGUAÇU SALA 06;0;6000037;1991;33119;NOVA IGUAÇU;RJ;EMPRESA CINEMAS SÃO LUIZ S/A;33.497.660/0001-89
27/03/2021;27/03/2021 15:20:00;RAYA AND THE LAST DRAGON;RAYA E O ÚLTIMO DRAGÃO;E2100035300000;DUBLADO;NÃO;ESTADOS UNIDOS;5006648;GRUPOCINE TUCURUI 02;0;6000034;44276;47310;TUCURUÍ;PA;EMPRESA CINEMATOGRAFICA BOMBOCINE LTDA;21.298.337/0001-05
27/03/2021;27/03/2021 15:20:00;RAYA AND THE LAST DRAGON;RAYA E O ÚLTIMO DRAGÃO;E2100035300000;DUBLADO;NÃO;ESTADOS UNIDOS;5000056;KINOPLEX IGUAÇU TOP SALA 01 - KINOEVOLUTION;0;6000037;1991;2387;NOVA IGUAÇU;RJ;EMPRESA CINEMAS SÃO LUIZ S/A;33.497.660/0001-89
27/03/2021;27/03/2021 15:30:00;MONSTER HUNTER;MONSTER HUNTER;E2000403800000;DUBLADO;NÃO;ESTADOS UNIDOS;5006058;CINE GRACHER JOAÇABA SALA 03;4;6000032;5979;40234;JOAÇABA;SC;CINE GRACHER LTDA;07.272.690/0001-87
27/03/2021;27/03/2021 15:30:00;RAYA AND THE LAST DRAGON;RAYA E O ÚLTIMO DRAGÃO;E2100035300000;DUBLADO;NÃO;ESTADOS UNIDOS;5006001;CINE GRACHER INDAIAL - SALA 04;3;6000032;5979;39283;INDAIAL;SC;CINE GRACHER LTDA;07.272.690/0001-87
27/03/2021;27/03/2021 15:30:00;RAYA AND THE LAST DRAGON;RAYA E O ÚLTIMO DRAGÃO;E2100035300000;DUBLADO;NÃO;ESTADOS UNIDOS;5006056;CINE GRACHER JOAÇABA SALA 01;0;6000032;5979;40234;JOAÇABA;SC;CINE GRACHER LTDA;07.272.690/0001-87
27/03/2021;27/03/2021 15:30:00;RAYA AND THE LAST DRAGON;RAYA E O ÚLTIMO DRAGÃO;E2100035300000;DUBLADO;NÃO;ESTADOS UNIDOS;5006086;CINE GRACHER PORTO BELO SALA 04;0;6000032;5979;40771;PORTO BELO;SC;CINE GRACHER LTDA;07.272.690/0001-87
27/03/2021;27/03/2021 15:30:00;RAYA AND THE LAST DRAGON;RAYA E O ÚLTIMO DRAGÃO;E2100035300000;DUBLADO;NÃO;ESTADOS UNIDOS;5005290;CINE GRACHER PORTO UNIÃO SALA 01;0;6000032;5979;30780;PORTO UNIÃO;SC;CINE GRACHER LTDA;07.272.690/0001-87
27/03/2021;27/03/2021 15:30:00;RAYA AND THE LAST DRAGON;RAYA E O ÚLTIMO DRAGÃO;E2100035300000;DUBLADO;NÃO;ESTADOS UNIDOS;5006112;CINE GRACHER SÃO BENTO 02;5;6000032;5979;41056;SÃO BENTO DO SUL;SC;CINE GRACHER LTDA;07.272.690/0001-87
27/03/2021;27/03/2021 15:30:00;RAYA AND THE LAST DRAGON;RAYA E O ÚLTIMO DRAGÃO;E2100035300000;DUBLADO;NÃO;ESTADOS UNIDOS;5000208;KINOPLEX GRANDE RIO 5;24;6000037;1991;2424;SÃO JOÃO DE MERITI;RJ;EMPRESA CINEMAS SÃO LUIZ S/A;33.497.660/0001-89
27/03/2021;27/03/2021 15:30:00;TOM & JERRY;TOM & JERRY - O FILME;E2000553800000;DUBLADO;NÃO;ESTADOS UNIDOS;5006057;CINE GRACHER JOAÇABA SALA 02;4;6000032;5979;40234;JOAÇABA;SC;CINE GRACHER LTDA;07.272.690/0001-87
27/03/2021;27/03/2021 15:30:00;TOM & JERRY;TOM & JERRY - O FILME;E2000553800000;DUBLADO;NÃO;ESTADOS UNIDOS;5005291;CINE GRACHER PORTO UNIÃO SALA 02;4;6000032;5979;30780;PORTO UNIÃO;SC;CINE GRACHER LTDA;07.272.690/0001-87
27/03/2021;27/03/2021 15:30:00;WONDER WOMAN 1984;MULHER-MARAVILHA 1984;E2000170200000;DUBLADO;NÃO;CANADÁ;5005543;CINE COLOMBO RESENDE SALA 01;2;6000008;15833;33011;RESENDE;RJ;CINE A LTDA;10.894.937/0001-01
27/03/2021;27/03/2021 15:30:01;THE WIDOW;A VIÚVA DAS SOMBRAS;E2100005000000;DUBLADO;NÃO;RÚSSIA;5006490;CM CINEMAS BACAXA 1;0;6000016;44751;44760;SAQUAREMA;RJ;CRYK CINEMA BACAXA LTDA;35.282.350/0001-72
27/03/2021;27/03/2021 15:40:00;THE GENTLEMEN;MAGNATAS DO CRIME;E2000005600000;DUBLADO;NÃO;ESTADOS UNIDOS;5006647;GRUPOCINE TUCURUI 01;1;6000034;44276;47310;TUCURUÍ;PA;EMPRESA CINEMATOGRAFICA BOMBOCINE LTDA;21.298.337/0001-05
27/03/2021;27/03/2021 15:40:00;THE WITCHES;CONVENÇÃO DAS BRUXAS;E2000396100000;DUBLADO;NÃO;ESTADOS UNIDOS;5005562;KINOPLEX NOVA IGUAÇU SALA 01;0;6000037;1991;33119;NOVA IGUAÇU;RJ;EMPRESA CINEMAS SÃO LUIZ S/A;33.497.660/0001-89
27/03/2021;27/03/2021 15:50:00;FOLLOW ME;SEM SAÍDA;E2100006300000;DUBLADO;NÃO;ESTADOS UNIDOS;5006645;PLAYARTE RORAIMA GARDEN SALA 04;1;6000049;39188;47248;BOA VISTA;RR;MULTIPLEX DO BRASIL ENTRETENIMENTO LTDA;27.595.833/0001-07
27/03/2021;27/03/2021 15:50:00;HONEST THIEF;LEGADO EXPLOSIVO;E2000416200000;DUBLADO;NÃO;ESTADOS UNIDOS;5005564;KINOPLEX NOVA IGUAÇU SALA 03 PLATINUM;0;6000037;1991;33119;NOVA IGUAÇU;RJ;EMPRESA CINEMAS SÃO LUIZ S/A;33.497.660/0001-89
27/03/2021;27/03/2021 16:00:00;FOLLOW ME;SEM SAÍDA;E2100006300000;DUBLADO;NÃO;ESTADOS UNIDOS;5000204;KINOPLEX GRANDE RIO 1;22;6000037;1991;2424;SÃO JOÃO DE MERITI;RJ;EMPRESA CINEMAS SÃO LUIZ S/A;33.497.660/0001-89
27/03/2021;27/03/2021 16:00:00;FOLLOW ME;SEM SAÍDA;E2100006300000;DUBLADO;NÃO;ESTADOS UNIDOS;5005725;KINOPLEX IGUAÇU TOP SALA 05;0;6000037;1991;2387;NOVA IGUAÇU;RJ;EMPRESA CINEMAS SÃO LUIZ S/A;33.497.660/0001-89
27/03/2021;27/03/2021 16:00:00;MONSTER HUNTER;MONSTER HUNTER;E2000403800000;DUBLADO;NÃO;ESTADOS UNIDOS;5006000;CINE GRACHER INDAIAL - SALA 03;2;6000032;5979;39283;INDAIAL;SC;CINE GRACHER LTDA;07.272.690/0001-87
27/03/2021;27/03/2021 16:00:00;MONSTER HUNTER;MONSTER HUNTER;E2000403800000;DUBLADO;NÃO;ESTADOS UNIDOS;5006085;CINE GRACHER PORTO BELO SALA 03;0;6000032;5979;40771;PORTO BELO;SC;CINE GRACHER LTDA;07.272.690/0001-87
27/03/2021;27/03/2021 16:00:00;MONSTER HUNTER;MONSTER HUNTER;E2000403800000;DUBLADO;NÃO;ESTADOS UNIDOS;5006114;CINE GRACHER SÃO BENTO 04;0;6000032;5979;41056;SÃO BENTO DO SUL;SC;CINE GRACHER LTDA;07.272.690/0001-87
27/03/2021;27/03/2021 16:00:00;MONSTER HUNTER;MONSTER HUNTER;E2000403800000;DUBLADO;NÃO;ESTADOS UNIDOS;5005779;MOBI CINE ARAGUAINA SALA 03;0;6000040;17628;17629;ARAGUAÍNA;TO;C.A.V. LEMOS;08.913.231/0001-06
27/03/2021;27/03/2021 16:00:00;RAYA AND THE LAST DRAGON;RAYA E O ÚLTIMO DRAGÃO;E2100035300000;DUBLADO;NÃO;ESTADOS UNIDOS;5001795;CINE ITAGUARI SALA 1;0;;5725;6588;SANTO ANTÔNIO DE JESUS;BA;IMPERIAL TURISMO E EVENTOS EIRELI;01.732.317/0001-85
27/03/2021;27/03/2021 16:00:00;RAYA AND THE LAST DRAGON;RAYA E O ÚLTIMO DRAGÃO;E2100035300000;DUBLADO;NÃO;ESTADOS UNIDOS;5006217;CINE LAGUNA 2;0;6000141;24511;24512;ALAGOINHAS;BA;VICTORY EVENTOS & TURISMO LTDA;05.607.525/0001-03
27/03/2021;27/03/2021 16:00:00;THE WIDOW;A VIÚVA DAS SOMBRAS;E2100005000000;DUBLADO;NÃO;RÚSSIA;5002920;MOBI CINE ARAGUAINA SALA 01;0;6000040;17628;17629;ARAGUAÍNA;TO;C.A.V. LEMOS;08.913.231/0001-06
27/03/2021;27/03/2021 16:00:00;TOM & JERRY;TOM & JERRY - O FILME;E2000553800000;DUBLADO;NÃO;ESTADOS UNIDOS;5006484;CINE + ARTE SOMBRIO 01;15;6000103;44714;44715;SOMBRIO;SC;CINE + ARTE SOMBRIO LTDA;35.505.937/0001-01
27/03/2021;27/03/2021 16:00:00;TOM & JERRY;TOM & JERRY - O FILME;E2000553800000;DUBLADO;NÃO;ESTADOS UNIDOS;5004502;CINE GRACHER ESPAÇO HAVAN 2;19;6000032;5979;26111;BRUSQUE;SC;CINE GRACHER LTDA;07.272.690/0001-87
27/03/2021;27/03/2021 16:00:00;TOM & JERRY;TOM & JERRY - O FILME;E2000553800000;DUBLADO;NÃO;ESTADOS UNIDOS;5005998;CINE GRACHER INDAIAL - SALA 01;3;6000032;5979;39283;INDAIAL;SC;CINE GRACHER LTDA;07.272.690/0001-87
27/03/2021;27/03/2021 16:00:00;TOM & JERRY;TOM & JERRY - O FILME;E2000553800000;DUBLADO;NÃO;ESTADOS UNIDOS;5006083;CINE GRACHER PORTO BELO SALA 01;5;6000032;5979;40771;PORTO BELO;SC;CINE GRACHER LTDA;07.272.690/0001-87
27/03/2021;27/03/2021 16:00:00;TOM & JERRY;TOM & JERRY - O FILME;E2000553800000;DUBLADO;NÃO;ESTADOS UNIDOS;5006111;CINE GRACHER SÃO BENTO 01;3;6000032;5979;41056;SÃO BENTO DO SUL;SC;CINE GRACHER LTDA;07.272.690/0001-87
27/03/2021;27/03/2021 16:10:00;THE WIDOW;A VIÚVA DAS SOMBRAS;E2100005000000;DUBLADO;NÃO;RÚSSIA;5005566;KINOPLEX NOVA IGUAÇU SALA 05;0;6000037;1991;33119;NOVA IGUAÇU;RJ;EMPRESA CINEMAS SÃO LUIZ S/A;33.497.660/0001-89
27/03/2021;27/03/2021 16:10:00;TOM & JERRY;TOM & JERRY - O FILME;E2000553800000;DUBLADO;NÃO;ESTADOS UNIDOS;5000205;KINOPLEX GRANDE RIO 2;27;6000037;1991;2424;SÃO JOÃO DE MERITI;RJ;EMPRESA CINEMAS SÃO LUIZ S/A;33.497.660/0001-89
27/03/2021;27/03/2021 16:20:00;THE WIDOW;A VIÚVA DAS SOMBRAS;E2100005000000;DUBLADO;NÃO;RÚSSIA;5000209;KINOPLEX GRANDE RIO 6;12;6000037;1991;2424;SÃO JOÃO DE MERITI;RJ;EMPRESA CINEMAS SÃO LUIZ S/A;33.497.660/0001-89
27/03/2021;27/03/2021 16:20:00;THE WIDOW;A VIÚVA DAS SOMBRAS;E2100005000000;DUBLADO;NÃO;RÚSSIA;5005726;KINOPLEX IGUAÇU TOP SALA 06;0;6000037;1991;2387;NOVA IGUAÇU;RJ;EMPRESA CINEMAS SÃO LUIZ S/A;33.497.660/0001-89
27/03/2021;27/03/2021 16:20:00;THE WITCHES;CONVENÇÃO DAS BRUXAS;E2000396100000;DUBLADO;NÃO;ESTADOS UNIDOS;5006642;PLAYARTE RORAIMA GARDEN SALA 01;7;6000049;39188;47248;BOA VISTA;RR;MULTIPLEX DO BRASIL ENTRETENIMENTO LTDA;27.595.833/0001-07
27/03/2021;27/03/2021 16:25:00;RAYA AND THE LAST DRAGON;RAYA E O ÚLTIMO DRAGÃO;E2100035300000;DUBLADO;NÃO;ESTADOS UNIDOS;5006491;CM CINEMAS BACAXA 2;0;6000016;44751;44760;SAQUAREMA;RJ;CRYK CINEMA BACAXA LTDA;35.282.350/0001-72
27/03/2021;27/03/2021 16:30:00;CHORÃO: MARGINAL ALADO;;B2000158900000;ORIGINAL;NÃO;BRASIL;5006644;PLAYARTE RORAIMA GARDEN SALA 03;0;6000049;39188;47248;BOA VISTA;RR;MULTIPLEX DO BRASIL ENTRETENIMENTO LTDA;27.595.833/0001-07
27/03/2021;27/03/2021 16:30:00;FOLLOW ME;SEM SAÍDA;E2100006300000;DUBLADO;NÃO;ESTADOS UNIDOS;5001862;CINE GRACHER LTDA;0;6000032;5979;6687;BRUSQUE;SC;CINE GRACHER LTDA;07.272.690/0001-87
27/03/2021;27/03/2021 16:30:00;MONSTER HUNTER;MONSTER HUNTER;E2000403800000;DUBLADO;NÃO;ESTADOS UNIDOS;5004503;CINE GRACHER ESPAÇO HAVAN 3;3;6000032;5979;26111;BRUSQUE;SC;CINE GRACHER LTDA;07.272.690/0001-87
27/03/2021;27/03/2021 16:30:00;TOM & JERRY;TOM & JERRY - O FILME;E2000553800000;DUBLADO;NÃO;ESTADOS UNIDOS;5001861;CINE GRACHER LTDA;0;6000032;5979;6687;BRUSQUE;SC;CINE GRACHER LTDA;07.272.690/0001-87
27/03/2021;27/03/2021 16:45:00;THE WIDOW;A VIÚVA DAS SOMBRAS;E2100005000000;DUBLADO;NÃO;RÚSSIA;5006649;GRUPOCINE TUCURUI 03;0;6000034;44276;47310;TUCURUÍ;PA;EMPRESA CINEMATOGRAFICA BOMBOCINE LTDA;21.298.337/0001-05
27/03/2021;27/03/2021 16:50:00;TOM & JERRY;TOM & JERRY - O FILME;E2000553800000;DUBLADO;NÃO;ESTADOS UNIDOS;5006643;PLAYARTE RORAIMA GARDEN SALA 02;6;6000049;39188;47248;BOA VISTA;RR;MULTIPLEX DO BRASIL ENTRETENIMENTO LTDA;27.595.833/0001-07
27/03/2021;27/03/2021 17:00:00;RAYA AND THE LAST DRAGON;RAYA E O ÚLTIMO DRAGÃO;E2100035300000;DUBLADO;NÃO;ESTADOS UNIDOS;5001860;CINE GRACHER LTDA;5;6000032;5979;6687;BRUSQUE;SC;CINE GRACHER LTDA;07.272.690/0001-87
27/03/2021;27/03/2021 17:00:00;RAYA AND THE LAST DRAGON;RAYA E O ÚLTIMO DRAGÃO;E2100035300000;DUBLADO;NÃO;ESTADOS UNIDOS;5006407;GRUPOCINE RIO DO SUL 01;3;6000034;44276;44286;RIO DO SUL;SC;EMPRESA CINEMATOGRAFICA BOMBOCINE LTDA;21.298.337/0001-05
27/03/2021;27/03/2021 17:20:00;TOM & JERRY;TOM & JERRY - O FILME;E2000553800000;DUBLADO;NÃO;ESTADOS UNIDOS;5005568;KINOPLEX NOVA IGUAÇU SALA 07;0;6000037;1991;33119;NOVA IGUAÇU;RJ;EMPRESA CINEMAS SÃO LUIZ S/A;33.497.660/0001-89
27/03/2021;27/03/2021 17:20:00;WONDER WOMAN 1984;MULHER-MARAVILHA 1984;E2000170200000;DUBLADO;NÃO;CANADÁ;5005724;KINOPLEX IGUAÇU TOP SALA 04;0;6000037;1991;2387;NOVA IGUAÇU;RJ;EMPRESA CINEMAS SÃO LUIZ S/A;33.497.660/0001-89
27/03/2021;27/03/2021 17:20:00;WONDER WOMAN 1984;MULHER-MARAVILHA 1984;E2000170200000;DUBLADO;NÃO;CANADÁ;5005565;KINOPLEX NOVA IGUAÇU SALA 04 PLATINUM;0;6000037;1991;33119;NOVA IGUAÇU;RJ;EMPRESA CINEMAS SÃO LUIZ S/A;33.497.660/0001-89
27/03/2021;27/03/2021 17:20:01;DEPOIS A LOUCA SOU EU;;B2000078000000;ORIGINAL;NÃO;BRASIL;5006490;CM CINEMAS BACAXA 1;2;6000016;44751;44760;SAQUAREMA;RJ;CRYK CINEMA BACAXA LTDA;35.282.350/0001-72
27/03/2021;27/03/2021 17:30:00;RAYA AND THE LAST DRAGON;RAYA E O ÚLTIMO DRAGÃO;E2100035300000;DUBLADO;NÃO;ESTADOS UNIDOS;5005545;CINE COLOMBO RESENDE SALA 03;4;6000008;15833;33011;RESENDE;RJ;CINE A LTDA;10.894.937/0001-01
27/03/2021;27/03/2021 17:30:00;THE EMPTY MAN;O MENSAGEIRO DO ÚLTIMO DIA;E2000471300000;DUBLADO;NÃO;ESTADOS UNIDOS;5000207;KINOPLEX GRANDE RIO 4;21;6000037;1991;2424;SÃO JOÃO DE MERITI;RJ;EMPRESA CINEMAS SÃO LUIZ S/A;33.497.660/0001-89
27/03/2021;27/03/2021 17:30:00;THE EMPTY MAN;O MENSAGEIRO DO ÚLTIMO DIA;E2000471300000;DUBLADO;NÃO;ESTADOS UNIDOS;5005567;KINOPLEX NOVA IGUAÇU SALA 06;0;6000037;1991;33119;NOVA IGUAÇU;RJ;EMPRESA CINEMAS SÃO LUIZ S/A;33.497.660/0001-89
27/03/2021;27/03/2021 17:30:00;TOM & JERRY;TOM & JERRY - O FILME;E2000553800000;DUBLADO;NÃO;ESTADOS UNIDOS;5004913;CINE SHOW AGULHAS NEGRAS SALA 02;5;6000025;2977;28018;RESENDE;RJ;JUBARTE FILMES LTDA-ME;05.297.810/0001-75
27/03/2021;27/03/2021 17:30:00;TOM & JERRY;TOM & JERRY - O FILME;E2000553800000;DUBLADO;NÃO;ESTADOS UNIDOS;5000057;KINOPLEX IGUAÇU TOP SALA 02;0;6000037;1991;2387;NOVA IGUAÇU;RJ;EMPRESA CINEMAS SÃO LUIZ S/A;33.497.660/0001-89
27/03/2021;27/03/2021 17:40:00;MONSTER HUNTER;MONSTER HUNTER;E2000403800000;DUBLADO;NÃO;ESTADOS UNIDOS;5006408;GRUPOCINE RIO DO SUL 02;3;6000034;44276;44286;RIO DO SUL;SC;EMPRESA CINEMATOGRAFICA BOMBOCINE LTDA;21.298.337/0001-05
27/03/2021;27/03/2021 17:40:00;RAYA AND THE LAST DRAGON;RAYA E O ÚLTIMO DRAGÃO;E2100035300000;DUBLADO;NÃO;ESTADOS UNIDOS;5004912;CINE SHOW AGULHAS NEGRAS SALA 01;19;6000025;2977;28018;RESENDE;RJ;JUBARTE FILMES LTDA-ME;05.297.810/0001-75
27/03/2021;27/03/2021 17:40:00;RAYA AND THE LAST DRAGON;RAYA E O ÚLTIMO DRAGÃO;E2100035300000;DUBLADO;NÃO;ESTADOS UNIDOS;5006648;GRUPOCINE TUCURUI 02;3;6000034;44276;47310;TUCURUÍ;PA;EMPRESA CINEMATOGRAFICA BOMBOCINE LTDA;21.298.337/0001-05
27/03/2021;27/03/2021 17:40:00;RAYA AND THE LAST DRAGON;RAYA E O ÚLTIMO DRAGÃO;E2100035300000;DUBLADO;NÃO;ESTADOS UNIDOS;5005563;KINOPLEX NOVA IGUAÇU SALA 02 KINOEVOLUTION;0;6000037;1991;33119;NOVA IGUAÇU;RJ;EMPRESA CINEMAS SÃO LUIZ S/A;33.497.660/0001-89
27/03/2021;27/03/2021 17:50:00;HONEST THIEF;LEGADO EXPLOSIVO;E2000416200000;DUBLADO;NÃO;ESTADOS UNIDOS;5000206;KINOPLEX GRANDE RIO 3;2;6000037;1991;2424;SÃO JOÃO DE MERITI;RJ;EMPRESA CINEMAS SÃO LUIZ S/A;33.497.660/0001-89
27/03/2021;27/03/2021 17:50:00;RAYA AND THE LAST DRAGON;RAYA E O ÚLTIMO DRAGÃO;E2100035300000;DUBLADO;NÃO;ESTADOS UNIDOS;5000056;KINOPLEX IGUAÇU TOP SALA 01 - KINOEVOLUTION;0;6000037;1991;2387;NOVA IGUAÇU;RJ;EMPRESA CINEMAS SÃO LUIZ S/A;33.497.660/0001-89
27/03/2021;27/03/2021 17:50:00;WONDER WOMAN 1984;MULHER-MARAVILHA 1984;E2000170200000;DUBLADO;NÃO;CANADÁ;5006645;PLAYARTE RORAIMA GARDEN SALA 04;17;6000049;39188;47248;BOA VISTA;RR;MULTIPLEX DO BRASIL ENTRETENIMENTO LTDA;27.595.833/0001-07
27/03/2021;27/03/2021 18:00:00;MONSTER HUNTER;MONSTER HUNTER;E2000403800000;DUBLADO;NÃO;ESTADOS UNIDOS;5006647;GRUPOCINE TUCURUI 01;7;6000034;44276;47310;TUCURUÍ;PA;EMPRESA CINEMATOGRAFICA BOMBOCINE LTDA;21.298.337/0001-05
27/03/2021;27/03/2021 18:00:00;MONSTER HUNTER;MONSTER HUNTER;E2000403800000;DUBLADO;NÃO;ESTADOS UNIDOS;5000204;KINOPLEX GRANDE RIO 1;29;6000037;1991;2424;SÃO JOÃO DE MERITI;RJ;EMPRESA CINEMAS SÃO LUIZ S/A;33.497.660/0001-89
27/03/2021;27/03/2021 18:00:00;MONSTER HUNTER;MONSTER HUNTER;E2000403800000;DUBLADO;NÃO;ESTADOS UNIDOS;5005725;KINOPLEX IGUAÇU TOP SALA 05;0;6000037;1991;2387;NOVA IGUAÇU;RJ;EMPRESA CINEMAS SÃO LUIZ S/A;33.497.660/0001-89
27/03/2021;27/03/2021 18:00:00;MONSTER HUNTER;MONSTER HUNTER;E2000403800000;DUBLADO;NÃO;ESTADOS UNIDOS;5005562;KINOPLEX NOVA IGUAÇU SALA 01;0;6000037;1991;33119;NOVA IGUAÇU;RJ;EMPRESA CINEMAS SÃO LUIZ S/A;33.497.660/0001-89
27/03/2021;27/03/2021 18:00:00;MONSTER HUNTER;MONSTER HUNTER;E2000403800000;DUBLADO;NÃO;ESTADOS UNIDOS;5005779;MOBI CINE ARAGUAINA SALA 03;6;6000040;17628;17629;ARAGUAÍNA;TO;C.A.V. LEMOS;08.913.231/0001-06
27/03/2021;27/03/2021 18:00:00;RAYA AND THE LAST DRAGON;RAYA E O ÚLTIMO DRAGÃO;E2100035300000;DUBLADO;NÃO;ESTADOS UNIDOS;5006056;CINE GRACHER JOAÇABA SALA 01;10;6000032;5979;40234;JOAÇABA;SC;CINE GRACHER LTDA;07.272.690/0001-87
27/03/2021;27/03/2021 18:00:00;RAYA AND THE LAST DRAGON;RAYA E O ÚLTIMO DRAGÃO;E2100035300000;DUBLADO;NÃO;ESTADOS UNIDOS;5005290;CINE GRACHER PORTO UNIÃO SALA 01;0;6000032;5979;30780;PORTO UNIÃO;SC;CINE GRACHER LTDA;07.272.690/0001-87
27/03/2021;27/03/2021 18:00:00;RAYA AND THE LAST DRAGON;RAYA E O ÚLTIMO DRAGÃO;E2100035300000;DUBLADO;NÃO;ESTADOS UNIDOS;5000208;KINOPLEX GRANDE RIO 5;38;6000037;1991;2424;SÃO JOÃO DE MERITI;RJ;EMPRESA CINEMAS SÃO LUIZ S/A;33.497.660/0001-89
27/03/2021;27/03/2021 18:00:00;RAYA AND THE LAST DRAGON;RAYA E O ÚLTIMO DRAGÃO;E2100035300000;DUBLADO;NÃO;ESTADOS UNIDOS;5005717;MAXI MOVIE UNAMAR 2;0;6000107;34615;34616;CABO FRIO;RJ;MF 3000 - EMPREENDIMENTOS E PARTICIPAÇÕES LTDA-ME;17.498.681/0001-62
27/03/2021;27/03/2021 18:00:00;THE WIDOW;A VIÚVA DAS SOMBRAS;E2100005000000;DUBLADO;NÃO;RÚSSIA;5006484;CINE + ARTE SOMBRIO 01;10;6000103;44714;44715;SOMBRIO;SC;CINE + ARTE SOMBRIO LTDA;35.505.937/0001-01
27/03/2021;27/03/2021 18:00:00;THE WIDOW;A VIÚVA DAS SOMBRAS;E2100005000000;DUBLADO;NÃO;RÚSSIA;5002920;MOBI CINE ARAGUAINA SALA 01;0;6000040;17628;17629;ARAGUAÍNA;TO;C.A.V. LEMOS;08.913.231/0001-06
27/03/2021;27/03/2021 18:00:00;TOM & JERRY;TOM & JERRY - O FILME;E2000553800000;DUBLADO;NÃO;ESTADOS UNIDOS;5006057;CINE GRACHER JOAÇABA SALA 02;7;6000032;5979;40234;JOAÇABA;SC;CINE GRACHER LTDA;07.272.690/0001-87
27/03/2021;27/03/2021 18:00:00;TOM & JERRY;TOM & JERRY - O FILME;E2000553800000;DUBLADO;NÃO;ESTADOS UNIDOS;5005291;CINE GRACHER PORTO UNIÃO SALA 02;8;6000032;5979;30780;PORTO UNIÃO;SC;CINE GRACHER LTDA;07.272.690/0001-87
27/03/2021;27/03/2021 18:10:00;HONEST THIEF;LEGADO EXPLOSIVO;E2000416200000;DUBLADO;NÃO;ESTADOS UNIDOS;5005564;KINOPLEX NOVA IGUAÇU SALA 03 PLATINUM;0;6000037;1991;33119;NOVA IGUAÇU;RJ;EMPRESA CINEMAS SÃO LUIZ S/A;33.497.660/0001-89
27/03/2021;27/03/2021 18:15:00;RAYA AND THE LAST DRAGON;RAYA E O ÚLTIMO DRAGÃO;E2100035300000;DUBLADO;NÃO;ESTADOS UNIDOS;5006001;CINE GRACHER INDAIAL - SALA 04;11;6000032;5979;39283;INDAIAL;SC;CINE GRACHER LTDA;07.272.690/0001-87
27/03/2021;27/03/2021 18:15:00;RAYA AND THE LAST DRAGON;RAYA E O ÚLTIMO DRAGÃO;E2100035300000;DUBLADO;NÃO;ESTADOS UNIDOS;5006086;CINE GRACHER PORTO BELO SALA 04;1;6000032;5979;40771;PORTO BELO;SC;CINE GRACHER LTDA;07.272.690/0001-87
27/03/2021;27/03/2021 18:15:00;RAYA AND THE LAST DRAGON;RAYA E O ÚLTIMO DRAGÃO;E2100035300000;DUBLADO;NÃO;ESTADOS UNIDOS;5006112;CINE GRACHER SÃO BENTO 02;7;6000032;5979;41056;SÃO BENTO DO SUL;SC;CINE GRACHER LTDA;07.272.690/0001-87
27/03/2021;27/03/2021 18:15:00;THE WIDOW;A VIÚVA DAS SOMBRAS;E2100005000000;DUBLADO;NÃO;RÚSSIA;5006058;CINE GRACHER JOAÇABA SALA 03;7;6000032;5979;40234;JOAÇABA;SC;CINE GRACHER LTDA;07.272.690/0001-87
27/03/2021;27/03/2021 18:15:00;TOM & JERRY;TOM & JERRY - O FILME;E2000553800000;DUBLADO;NÃO;ESTADOS UNIDOS;5000205;KINOPLEX GRANDE RIO 2;27;6000037;1991;2424;SÃO JOÃO DE MERITI;RJ;EMPRESA CINEMAS SÃO LUIZ S/A;33.497.660/0001-89
27/03/2021;27/03/2021 18:20:00;CHORÃO: MARGINAL ALADO;;B2000158900000;ORIGINAL;NÃO;BRASIL;5006644;PLAYARTE RORAIMA GARDEN SALA 03;0;6000049;39188;47248;BOA VISTA;RR;MULTIPLEX DO BRASIL ENTRETENIMENTO LTDA;27.595.833/0001-07
27/03/2021;27/03/2021 18:20:00;FOLLOW ME;SEM SAÍDA;E2100006300000;DUBLADO;NÃO;ESTADOS UNIDOS;5006649;GRUPOCINE TUCURUI 03;3;6000034;44276;47310;TUCURUÍ;PA;EMPRESA CINEMATOGRAFICA BOMBOCINE LTDA;21.298.337/0001-05
27/03/2021;27/03/2021 18:20:00;THE WIDOW;A VIÚVA DAS SOMBRAS;E2100005000000;DUBLADO;NÃO;RÚSSIA;5000209;KINOPLEX GRANDE RIO 6;23;6000037;1991;2424;SÃO JOÃO DE MERITI;RJ;EMPRESA CINEMAS SÃO LUIZ S/A;33.497.660/0001-89
27/03/2021;27/03/2021 18:20:00;THE WIDOW;A VIÚVA DAS SOMBRAS;E2100005000000;DUBLADO;NÃO;RÚSSIA;5005726;KINOPLEX IGUAÇU TOP SALA 06;0;6000037;1991;2387;NOVA IGUAÇU;RJ;EMPRESA CINEMAS SÃO LUIZ S/A;33.497.660/0001-89
27/03/2021;27/03/2021 18:20:00;THE WIDOW;A VIÚVA DAS SOMBRAS;E2100005000000;DUBLADO;NÃO;RÚSSIA;5005566;KINOPLEX NOVA IGUAÇU SALA 05;0;6000037;1991;33119;NOVA IGUAÇU;RJ;EMPRESA CINEMAS SÃO LUIZ S/A;33.497.660/0001-89
27/03/2021;27/03/2021 18:30:00;MONSTER HUNTER;MONSTER HUNTER;E2000403800000;DUBLADO;NÃO;ESTADOS UNIDOS;5005543;CINE COLOMBO RESENDE SALA 01;1;6000008;15833;33011;RESENDE;RJ;CINE A LTDA;10.894.937/0001-01
27/03/2021;27/03/2021 18:30:00;MONSTER HUNTER;MONSTER HUNTER;E2000403800000;DUBLADO;NÃO;ESTADOS UNIDOS;5006000;CINE GRACHER INDAIAL - SALA 03;5;6000032;5979;39283;INDAIAL;SC;CINE GRACHER LTDA;07.272.690/0001-87
27/03/2021;27/03/2021 18:30:00;MONSTER HUNTER;MONSTER HUNTER;E2000403800000;DUBLADO;NÃO;ESTADOS UNIDOS;5006085;CINE GRACHER PORTO BELO SALA 03;2;6000032;5979;40771;PORTO BELO;SC;CINE GRACHER LTDA;07.272.690/0001-87
27/03/2021;27/03/2021 18:30:00;MONSTER HUNTER;MONSTER HUNTER;E2000403800000;DUBLADO;NÃO;ESTADOS UNIDOS;5006114;CINE GRACHER SÃO BENTO 04;15;6000032;5979;41056;SÃO BENTO DO SUL;SC;CINE GRACHER LTDA;07.272.690/0001-87
27/03/2021;27/03/2021 18:30:00;TOM & JERRY;TOM & JERRY - O FILME;E2000553800000;DUBLADO;NÃO;ESTADOS UNIDOS;5005998;CINE GRACHER INDAIAL - SALA 01;4;6000032;5979;39283;INDAIAL;SC;CINE GRACHER LTDA;07.272.690/0001-87
27/03/2021;27/03/2021 18:30:00;TOM & JERRY;TOM & JERRY - O FILME;E2000553800000;DUBLADO;NÃO;ESTADOS UNIDOS;5006083;CINE GRACHER PORTO BELO SALA 01;5;6000032;5979;40771;PORTO BELO;SC;CINE GRACHER LTDA;07.272.690/0001-87
27/03/2021;27/03/2021 18:30:00;TOM & JERRY;TOM & JERRY - O FILME;E2000553800000;DUBLADO;NÃO;ESTADOS UNIDOS;5006111;CINE GRACHER SÃO BENTO 01;12;6000032;5979;41056;SÃO BENTO DO SUL;SC;CINE GRACHER LTDA;07.272.690/0001-87
27/03/2021;27/03/2021 18:30:00;TOM & JERRY;TOM & JERRY - O FILME;E2000553800000;DUBLADO;NÃO;ESTADOS UNIDOS;5005716;MAXI MOVIE UNAMAR 1;9;6000107;34615;34616;CABO FRIO;RJ;MF 3000 - EMPREENDIMENTOS E PARTICIPAÇÕES LTDA-ME;17.498.681/0001-62
27/03/2021;27/03/2021 18:40:00;RAYA AND THE LAST DRAGON;RAYA E O ÚLTIMO DRAGÃO;E2100035300000;DUBLADO;NÃO;ESTADOS UNIDOS;5006491;CM CINEMAS BACAXA 2;2;6000016;44751;44760;SAQUAREMA;RJ;CRYK CINEMA BACAXA LTDA;35.282.350/0001-72
27/03/2021;27/03/2021 18:40:00;SPUTNIK;ESTRANHO PASSSAGEIRO - SPUTNIK;E2000513800000;DUBLADO;NÃO;RÚSSIA;5006642;PLAYARTE RORAIMA GARDEN SALA 01;9;6000049;39188;47248;BOA VISTA;RR;MULTIPLEX DO BRASIL ENTRETENIMENTO LTDA;27.595.833/0001-07
27/03/2021;27/03/2021 18:45:00;MONSTER HUNTER;MONSTER HUNTER;E2000403800000;DUBLADO;NÃO;ESTADOS UNIDOS;5001862;CINE GRACHER LTDA;0;6000032;5979;6687;BRUSQUE;SC;CINE GRACHER LTDA;07.272.690/0001-87
27/03/2021;27/03/2021 18:45:00;TOM & JERRY;TOM & JERRY - O FILME;E2000553800000;DUBLADO;NÃO;ESTADOS UNIDOS;5001861;CINE GRACHER LTDA;0;6000032;5979;6687;BRUSQUE;SC;CINE GRACHER LTDA;07.272.690/0001-87
27/03/2021;27/03/2021 19:00:00;JUDAS AND THE BLACK MESSIAH;JUDAS E O MESSIAS NEGRO;E2100040400000;DUBLADO;NÃO;ESTADOS UNIDOS;5002597;GRAN CINE BARDOT;2;;15661;15662;ARMAÇÃO DOS BÚZIOS;RJ;UNFINISHED BUSINESS PRODUÇÕES ARTÍSTICAS, CINEMATOGRÁFICAS E AUDIOVISUAIS LTDA.;07.953.592/0001-05
27/03/2021;27/03/2021 19:00:00;THE WIDOW;A VIÚVA DAS SOMBRAS;E2100005000000;DUBLADO;NÃO;RÚSSIA;5004503;CINE GRACHER ESPAÇO HAVAN 3;14;6000032;5979;26111;BRUSQUE;SC;CINE GRACHER LTDA;07.272.690/0001-87
27/03/2021;27/03/2021 19:00:00;THE WITCHES;CONVENÇÃO DAS BRUXAS;E2000396100000;DUBLADO;NÃO;ESTADOS UNIDOS;5006643;PLAYARTE RORAIMA GARDEN SALA 02;9;6000049;39188;47248;BOA VISTA;RR;MULTIPLEX DO BRASIL ENTRETENIMENTO LTDA;27.595.833/0001-07
27/03/2021;27/03/2021 19:00:00;TOM & JERRY;TOM & JERRY - O FILME;E2000553800000;DUBLADO;NÃO;ESTADOS UNIDOS;5004502;CINE GRACHER ESPAÇO HAVAN 2;12;6000032;5979;26111;BRUSQUE;SC;CINE GRACHER LTDA;07.272.690/0001-87
27/03/2021;27/03/2021 19:30:00;RAYA AND THE LAST DRAGON;RAYA E O ÚLTIMO DRAGÃO;E2100035300000;DUBLADO;NÃO;ESTADOS UNIDOS;5006407;GRUPOCINE RIO DO SUL 01;4;6000034;44276;44286;RIO DO SUL;SC;EMPRESA CINEMATOGRAFICA BOMBOCINE LTDA;21.298.337/0001-05
27/03/2021;27/03/2021 19:30:00;WONDER WOMAN 1984;MULHER-MARAVILHA 1984;E2000170200000;DUBLADO;NÃO;CANADÁ;5001860;CINE GRACHER LTDA;3;6000032;5979;6687;BRUSQUE;SC;CINE GRACHER LTDA;07.272.690/0001-87
27/03/2021;27/03/2021 19:40:00;MONSTER HUNTER;MONSTER HUNTER;E2000403800000;DUBLADO;NÃO;ESTADOS UNIDOS;5004913;CINE SHOW AGULHAS NEGRAS SALA 02;9;6000025;2977;28018;RESENDE;RJ;JUBARTE FILMES LTDA-ME;05.297.810/0001-75
27/03/2021;27/03/2021 19:40:00;THE WIDOW;A VIÚVA DAS SOMBRAS;E2100005000000;DUBLADO;NÃO;RÚSSIA;5006490;CM CINEMAS BACAXA 1;4;6000016;44751;44760;SAQUAREMA;RJ;CRYK CINEMA BACAXA LTDA;35.282.350/0001-72
27/03/2021;27/03/2021 19:45:00;RAYA AND THE LAST DRAGON;RAYA E O ÚLTIMO DRAGÃO;E2100035300000;DUBLADO;NÃO;ESTADOS UNIDOS;5005545;CINE COLOMBO RESENDE SALA 03;5;6000008;15833;33011;RESENDE;RJ;CINE A LTDA;10.894.937/0001-01
27/03/2021;27/03/2021 20:00:00;MONSTER HUNTER;MONSTER HUNTER;E2000403800000;DUBLADO;NÃO;ESTADOS UNIDOS;5005779;MOBI CINE ARAGUAINA SALA 03;9;6000040;17628;17629;ARAGUAÍNA;TO;C.A.V. LEMOS;08.913.231/0001-06
27/03/2021;27/03/2021 20:00:00;THE WIDOW;A VIÚVA DAS SOMBRAS;E2100005000000;DUBLADO;NÃO;RÚSSIA;5004912;CINE SHOW AGULHAS NEGRAS SALA 01;10;6000025;2977;28018;RESENDE;RJ;JUBARTE FILMES LTDA-ME;05.297.810/0001-75
27/03/2021;27/03/2021 20:00:00;THE WIDOW;A VIÚVA DAS SOMBRAS;E2100005000000;DUBLADO;NÃO;RÚSSIA;5006408;GRUPOCINE RIO DO SUL 02;15;6000034;44276;44286;RIO DO SUL;SC;EMPRESA CINEMATOGRAFICA BOMBOCINE LTDA;21.298.337/0001-05
27/03/2021;27/03/2021 20:00:00;THE WIDOW;A VIÚVA DAS SOMBRAS;E2100005000000;DUBLADO;NÃO;RÚSSIA;5002920;MOBI CINE ARAGUAINA SALA 01;22;6000040;17628;17629;ARAGUAÍNA;TO;C.A.V. LEMOS;08.913.231/0001-06
27/03/2021;27/03/2021 20:30:00;FOLLOW ME;SEM SAÍDA;E2100006300000;DUBLADO;NÃO;ESTADOS UNIDOS;5006057;CINE GRACHER JOAÇABA SALA 02;5;6000032;5979;40234;JOAÇABA;SC;CINE GRACHER LTDA;07.272.690/0001-87
27/03/2021;27/03/2021 20:30:00;FOLLOW ME;SEM SAÍDA;E2100006300000;DUBLADO;NÃO;ESTADOS UNIDOS;5005291;CINE GRACHER PORTO UNIÃO SALA 02;4;6000032;5979;30780;PORTO UNIÃO;SC;CINE GRACHER LTDA;07.272.690/0001-87
27/03/2021;27/03/2021 20:30:00;MONSTER HUNTER;MONSTER HUNTER;E2000403800000;DUBLADO;NÃO;ESTADOS UNIDOS;5006484;CINE + ARTE SOMBRIO 01;27;6000103;44714;44715;SOMBRIO;SC;CINE + ARTE SOMBRIO LTDA;35.505.937/0001-01
27/03/2021;27/03/2021 20:30:00;RAYA AND THE LAST DRAGON;RAYA E O ÚLTIMO DRAGÃO;E2100035300000;DUBLADO;NÃO;ESTADOS UNIDOS;5006056;CINE GRACHER JOAÇABA SALA 01;0;6000032;5979;40234;JOAÇABA;SC;CINE GRACHER LTDA;07.272.690/0001-87
27/03/2021;27/03/2021 20:30:00;RAYA AND THE LAST DRAGON;RAYA E O ÚLTIMO DRAGÃO;E2100035300000;DUBLADO;NÃO;ESTADOS UNIDOS;5005290;CINE GRACHER PORTO UNIÃO SALA 01;4;6000032;5979;30780;PORTO UNIÃO;SC;CINE GRACHER LTDA;07.272.690/0001-87
27/03/2021;27/03/2021 20:30:00;THE WIDOW;A VIÚVA DAS SOMBRAS;E2100005000000;DUBLADO;NÃO;RÚSSIA;5005543;CINE COLOMBO RESENDE SALA 01;2;6000008;15833;33011;RESENDE;RJ;CINE A LTDA;10.894.937/0001-01
27/03/2021;27/03/2021 20:30:00;THE WIDOW;A VIÚVA DAS SOMBRAS;E2100005000000;DUBLADO;NÃO;RÚSSIA;5006058;CINE GRACHER JOAÇABA SALA 03;9;6000032;5979;40234;JOAÇABA;SC;CINE GRACHER LTDA;07.272.690/0001-87
27/03/2021;27/03/2021 20:30:00;WONDER WOMAN 1984;MULHER-MARAVILHA 1984;E2000170200000;DUBLADO;NÃO;CANADÁ;5005717;MAXI MOVIE UNAMAR 2;6;6000107;34615;34616;CABO FRIO;RJ;MF 3000 - EMPREENDIMENTOS E PARTICIPAÇÕES LTDA-ME;17.498.681/0001-62
27/03/2021;27/03/2021 20:45:00;FOLLOW ME;SEM SAÍDA;E2100006300000;DUBLADO;NÃO;ESTADOS UNIDOS;5005998;CINE GRACHER INDAIAL - SALA 01;4;6000032;5979;39283;INDAIAL;SC;CINE GRACHER LTDA;07.272.690/0001-87
27/03/2021;27/03/2021 20:45:00;FOLLOW ME;SEM SAÍDA;E2100006300000;DUBLADO;NÃO;ESTADOS UNIDOS;5006083;CINE GRACHER PORTO BELO SALA 01;2;6000032;5979;40771;PORTO BELO;SC;CINE GRACHER LTDA;07.272.690/0001-87
27/03/2021;27/03/2021 20:45:00;FOLLOW ME;SEM SAÍDA;E2100006300000;DUBLADO;NÃO;ESTADOS UNIDOS;5006111;CINE GRACHER SÃO BENTO 01;2;6000032;5979;41056;SÃO BENTO DO SUL;SC;CINE GRACHER LTDA;07.272.690/0001-87
27/03/2021;27/03/2021 20:45:00;RAYA AND THE LAST DRAGON;RAYA E O ÚLTIMO DRAGÃO;E2100035300000;DUBLADO;NÃO;ESTADOS UNIDOS;5006001;CINE GRACHER INDAIAL - SALA 04;2;6000032;5979;39283;INDAIAL;SC;CINE GRACHER LTDA;07.272.690/0001-87
27/03/2021;27/03/2021 20:45:00;RAYA AND THE LAST DRAGON;RAYA E O ÚLTIMO DRAGÃO;E2100035300000;DUBLADO;NÃO;ESTADOS UNIDOS;5006086;CINE GRACHER PORTO BELO SALA 04;7;6000032;5979;40771;PORTO BELO;SC;CINE GRACHER LTDA;07.272.690/0001-87
27/03/2021;27/03/2021 20:45:00;RAYA AND THE LAST DRAGON;RAYA E O ÚLTIMO DRAGÃO;E2100035300000;DUBLADO;NÃO;ESTADOS UNIDOS;5006112;CINE GRACHER SÃO BENTO 02;5;6000032;5979;41056;SÃO BENTO DO SUL;SC;CINE GRACHER LTDA;07.272.690/0001-87
27/03/2021;27/03/2021 20:45:00;THE WIDOW;A VIÚVA DAS SOMBRAS;E2100005000000;DUBLADO;NÃO;RÚSSIA;5006000;CINE GRACHER INDAIAL - SALA 03;2;6000032;5979;39283;INDAIAL;SC;CINE GRACHER LTDA;07.272.690/0001-87
27/03/2021;27/03/2021 20:45:00;THE WIDOW;A VIÚVA DAS SOMBRAS;E2100005000000;DUBLADO;NÃO;RÚSSIA;5006085;CINE GRACHER PORTO BELO SALA 03;2;6000032;5979;40771;PORTO BELO;SC;CINE GRACHER LTDA;07.272.690/0001-87
27/03/2021;27/03/2021 20:45:00;THE WIDOW;A VIÚVA DAS SOMBRAS;E2100005000000;DUBLADO;NÃO;RÚSSIA;5006114;CINE GRACHER SÃO BENTO 04;5;6000032;5979;41056;SÃO BENTO DO SUL;SC;CINE GRACHER LTDA;07.272.690/0001-87
27/03/2021;27/03/2021 21:00:00;THE WIDOW;A VIÚVA DAS SOMBRAS;E2100005000000;DUBLADO;NÃO;RÚSSIA;5005716;MAXI MOVIE UNAMAR 1;5;6000107;34615;34616;CABO FRIO;RJ;MF 3000 - EMPREENDIMENTOS E PARTICIPAÇÕES LTDA-ME;17.498.681/0001-62
27/03/2021;27/03/2021 21:00:00;TOM & JERRY;TOM & JERRY - O FILME;E2000553800000;DUBLADO;NÃO;ESTADOS UNIDOS;5004502;CINE GRACHER ESPAÇO HAVAN 2;4;6000032;5979;26111;BRUSQUE;SC;CINE GRACHER LTDA;07.272.690/0001-87
27/03/2021;27/03/2021 21:00:01;RAYA AND THE LAST DRAGON;RAYA E O ÚLTIMO DRAGÃO;E2100035300000;DUBLADO;NÃO;ESTADOS UNIDOS;5006491;CM CINEMAS BACAXA 2;2;6000016;44751;44760;SAQUAREMA;RJ;CRYK CINEMA BACAXA LTDA;35.282.350/0001-72
27/03/2021;27/03/2021 21:10:00;DRUK;DRUK - MAIS UMA RODADA;E2100078400000;DUBLADO;NÃO;DINAMARCA;5002597;GRAN CINE BARDOT;0;;15661;15662;ARMAÇÃO DOS BÚZIOS;RJ;UNFINISHED BUSINESS PRODUÇÕES ARTÍSTICAS, CINEMATOGRÁFICAS E AUDIOVISUAIS LTDA.;07.953.592/0001-05
27/03/2021;27/03/2021 21:15:00;FOLLOW ME;SEM SAÍDA;E2100006300000;DUBLADO;NÃO;ESTADOS UNIDOS;5001862;CINE GRACHER LTDA;2;6000032;5979;6687;BRUSQUE;SC;CINE GRACHER LTDA;07.272.690/0001-87
27/03/2021;27/03/2021 21:15:00;THE WIDOW;A VIÚVA DAS SOMBRAS;E2100005000000;DUBLADO;NÃO;RÚSSIA;5004503;CINE GRACHER ESPAÇO HAVAN 3;8;6000032;5979;26111;BRUSQUE;SC;CINE GRACHER LTDA;07.272.690/0001-87
27/03/2021;27/03/2021 21:15:00;TOM & JERRY;TOM & JERRY - O FILME;E2000553800000;DUBLADO;NÃO;ESTADOS UNIDOS;5001861;CINE GRACHER LTDA;0;6000032;5979;6687;BRUSQUE;SC;CINE GRACHER LTDA;07.272.690/0001-87
27/03/2021;27/03/2021 21:30:01;DEPOIS A LOUCA SOU EU;;B2000078000000;ORIGINAL;NÃO;BRASIL;5006490;CM CINEMAS BACAXA 1;3;6000016;44751;44760;SAQUAREMA;RJ;CRYK CINEMA BACAXA LTDA;35.282.350/0001-72
28/03/2021;28/03/2021 13:50:00;SCOOB!;SCOOBY - O FILME;E2000026400000;DUBLADO;NÃO;ESTADOS UNIDOS;5000204;KINOPLEX GRANDE RIO 1;4;6000037;1991;2424;SÃO JOÃO DE MERITI;RJ;EMPRESA CINEMAS SÃO LUIZ S/A;33.497.660/0001-89
28/03/2021;28/03/2021 14:00:00;TOM & JERRY;TOM & JERRY - O FILME;E2000553800000;DUBLADO;NÃO;ESTADOS UNIDOS;5000205;KINOPLEX GRANDE RIO 2;14;6000037;1991;2424;SÃO JOÃO DE MERITI;RJ;EMPRESA CINEMAS SÃO LUIZ S/A;33.497.660/0001-89
28/03/2021;28/03/2021 14:00:00;Z;AMIZADE MALDITA;E2000229400000;DUBLADO;NÃO;CANADÁ;5005725;KINOPLEX IGUAÇU TOP SALA 05;0;6000037;1991;2387;NOVA IGUAÇU;RJ;EMPRESA CINEMAS SÃO LUIZ S/A;33.497.660/0001-89
28/03/2021;28/03/2021 14:20:00;THE WIDOW;A VIÚVA DAS SOMBRAS;E2100005000000;DUBLADO;NÃO;RÚSSIA;5000209;KINOPLEX GRANDE RIO 6;23;6000037;1991;2424;SÃO JOÃO DE MERITI;RJ;EMPRESA CINEMAS SÃO LUIZ S/A;33.497.660/0001-89
28/03/2021;28/03/2021 14:20:00;WONDER WOMAN 1984;MULHER-MARAVILHA 1984;E2000170200000;DUBLADO;NÃO;CANADÁ;5005724;KINOPLEX IGUAÇU TOP SALA 04;0;6000037;1991;2387;NOVA IGUAÇU;RJ;EMPRESA CINEMAS SÃO LUIZ S/A;33.497.660/0001-89
28/03/2021;28/03/2021 14:40:00;I STILL BELIEVE;ENQUANTO ESTIVERMOS JUNTOS;E2000004700000;DUBLADO;NÃO;ESTADOS UNIDOS;5005565;KINOPLEX NOVA IGUAÇU SALA 04 PLATINUM;0;6000037;1991;33119;NOVA IGUAÇU;RJ;EMPRESA CINEMAS SÃO LUIZ S/A;33.497.660/0001-89
28/03/2021;28/03/2021 14:40:00;WONDER WOMAN 1984;MULHER-MARAVILHA 1984;E2000170200000;DUBLADO;NÃO;CANADÁ;5000206;KINOPLEX GRANDE RIO 3;13;6000037;1991;2424;SÃO JOÃO DE MERITI;RJ;EMPRESA CINEMAS SÃO LUIZ S/A;33.497.660/0001-89
28/03/2021;28/03/2021 14:50:00;TOM & JERRY;TOM & JERRY - O FILME;E2000553800000;DUBLADO;NÃO;ESTADOS UNIDOS;5006649;GRUPOCINE TUCURUI 03;1;6000034;44276;47310;TUCURUÍ;PA;EMPRESA CINEMATOGRAFICA BOMBOCINE LTDA;21.298.337/0001-05
28/03/2021;28/03/2021 15:00:00;TOM & JERRY;TOM & JERRY - O FILME;E2000553800000;DUBLADO;NÃO;ESTADOS UNIDOS;5005568;KINOPLEX NOVA IGUAÇU SALA 07;0;6000037;1991;33119;NOVA IGUAÇU;RJ;EMPRESA CINEMAS SÃO LUIZ S/A;33.497.660/0001-89
28/03/2021;28/03/2021 15:10:00;RAYA AND THE LAST DRAGON;RAYA E O ÚLTIMO DRAGÃO;E2100035300000;DUBLADO;NÃO;ESTADOS UNIDOS;5005563;KINOPLEX NOVA IGUAÇU SALA 02 KINOEVOLUTION;0;6000037;1991;33119;NOVA IGUAÇU;RJ;EMPRESA CINEMAS SÃO LUIZ S/A;33.497.660/0001-89
28/03/2021;28/03/2021 15:10:00;TOM & JERRY;TOM & JERRY - O FILME;E2000553800000;DUBLADO;NÃO;ESTADOS UNIDOS;5000057;KINOPLEX IGUAÇU TOP SALA 02;0;6000037;1991;2387;NOVA IGUAÇU;RJ;EMPRESA CINEMAS SÃO LUIZ S/A;33.497.660/0001-89
28/03/2021;28/03/2021 15:15:01;TOM & JERRY;TOM & JERRY - O FILME;E2000553800000;DUBLADO;NÃO;ESTADOS UNIDOS;5005545;CINE COLOMBO RESENDE SALA 03;2;6000008;15833;33011;RESENDE;RJ;CINE A LTDA;10.894.937/0001-01
28/03/2021;28/03/2021 15:20:00;LUCICREIDE VAI PRA MARTE;;B1900421800000;ORIGINAL;NÃO;BRASIL;5000207;KINOPLEX GRANDE RIO 4;10;6000037;1991;2424;SÃO JOÃO DE MERITI;RJ;EMPRESA CINEMAS SÃO LUIZ S/A;33.497.660/0001-89
28/03/2021;28/03/2021 15:20:00;LUCICREIDE VAI PRA MARTE;;B1900421800000;ORIGINAL;NÃO;BRASIL;5005567;KINOPLEX NOVA IGUAÇU SALA 06;0;6000037;1991;33119;NOVA IGUAÇU;RJ;EMPRESA CINEMAS SÃO LUIZ S/A;33.497.660/0001-89
28/03/2021;28/03/2021 15:20:00;RAYA AND THE LAST DRAGON;RAYA E O ÚLTIMO DRAGÃO;E2100035300000;DUBLADO;NÃO;ESTADOS UNIDOS;5006648;GRUPOCINE TUCURUI 02;0;6000034;44276;47310;TUCURUÍ;PA;EMPRESA CINEMATOGRAFICA BOMBOCINE LTDA;21.298.337/0001-05
28/03/2021;28/03/2021 15:20:00;RAYA AND THE LAST DRAGON;RAYA E O ÚLTIMO DRAGÃO;E2100035300000;DUBLADO;NÃO;ESTADOS UNIDOS;5000056;KINOPLEX IGUAÇU TOP SALA 01 - KINOEVOLUTION;0;6000037;1991;2387;NOVA IGUAÇU;RJ;EMPRESA CINEMAS SÃO LUIZ S/A;33.497.660/0001-89
28/03/2021;28/03/2021 15:30:00;MONSTER HUNTER;MONSTER HUNTER;E2000403800000;DUBLADO;NÃO;ESTADOS UNIDOS;5006058;CINE GRACHER JOAÇABA SALA 03;4;6000032;5979;40234;JOAÇABA;SC;CINE GRACHER LTDA;07.272.690/0001-87
28/03/2021;28/03/2021 15:30:00;MONSTER HUNTER;MONSTER HUNTER;E2000403800000;DUBLADO;NÃO;ESTADOS UNIDOS;5005292;CINE GRACHER PORTO UNIÃO SALA 03;5;6000032;5979;30780;PORTO UNIÃO;SC;CINE GRACHER LTDA;07.272.690/0001-87
28/03/2021;28/03/2021 15:30:00;RAYA AND THE LAST DRAGON;RAYA E O ÚLTIMO DRAGÃO;E2100035300000;DUBLADO;NÃO;ESTADOS UNIDOS;5006001;CINE GRACHER INDAIAL - SALA 04;0;6000032;5979;39283;INDAIAL;SC;CINE GRACHER LTDA;07.272.690/0001-87
28/03/2021;28/03/2021 15:30:00;RAYA AND THE LAST DRAGON;RAYA E O ÚLTIMO DRAGÃO;E2100035300000;DUBLADO;NÃO;ESTADOS UNIDOS;5006056;CINE GRACHER JOAÇABA SALA 01;0;6000032;5979;40234;JOAÇABA;SC;CINE GRACHER LTDA;07.272.690/0001-87
28/03/2021;28/03/2021 15:30:00;RAYA AND THE LAST DRAGON;RAYA E O ÚLTIMO DRAGÃO;E2100035300000;DUBLADO;NÃO;ESTADOS UNIDOS;5006086;CINE GRACHER PORTO BELO SALA 04;0;6000032;5979;40771;PORTO BELO;SC;CINE GRACHER LTDA;07.272.690/0001-87
28/03/2021;28/03/2021 15:30:00;RAYA AND THE LAST DRAGON;RAYA E O ÚLTIMO DRAGÃO;E2100035300000;DUBLADO;NÃO;ESTADOS UNIDOS;5005290;CINE GRACHER PORTO UNIÃO SALA 01;0;6000032;5979;30780;PORTO UNIÃO;SC;CINE GRACHER LTDA;07.272.690/0001-87
28/03/2021;28/03/2021 15:30:00;RAYA AND THE LAST DRAGON;RAYA E O ÚLTIMO DRAGÃO;E2100035300000;DUBLADO;NÃO;ESTADOS UNIDOS;5006112;CINE GRACHER SÃO BENTO 02;7;6000032;5979;41056;SÃO BENTO DO SUL;SC;CINE GRACHER LTDA;07.272.690/0001-87
28/03/2021;28/03/2021 15:30:00;RAYA AND THE LAST DRAGON;RAYA E O ÚLTIMO DRAGÃO;E2100035300000;DUBLADO;NÃO;ESTADOS UNIDOS;5000208;KINOPLEX GRANDE RIO 5;18;6000037;1991;2424;SÃO JOÃO DE MERITI;RJ;EMPRESA CINEMAS SÃO LUIZ S/A;33.497.660/0001-89
28/03/2021;28/03/2021 15:30:00;TOM & JERRY;TOM & JERRY - O FILME;E2000553800000;DUBLADO;NÃO;ESTADOS UNIDOS;5006057;CINE GRACHER JOAÇABA SALA 02;18;6000032;5979;40234;JOAÇABA;SC;CINE GRACHER LTDA;07.272.690/0001-87
28/03/2021;28/03/2021 15:30:00;TOM & JERRY;TOM & JERRY - O FILME;E2000553800000;DUBLADO;NÃO;ESTADOS UNIDOS;5005291;CINE GRACHER PORTO UNIÃO SALA 02;0;6000032;5979;30780;PORTO UNIÃO;SC;CINE GRACHER LTDA;07.272.690/0001-87
28/03/2021;28/03/2021 15:30:00;WONDER WOMAN 1984;MULHER-MARAVILHA 1984;E2000170200000;DUBLADO;NÃO;CANADÁ;5005543;CINE COLOMBO RESENDE SALA 01;1;6000008;15833;33011;RESENDE;RJ;CINE A LTDA;10.894.937/0001-01
28/03/2021;28/03/2021 15:30:01;THE WIDOW;A VIÚVA DAS SOMBRAS;E2100005000000;DUBLADO;NÃO;RÚSSIA;5006490;CM CINEMAS BACAXA 1;7;6000016;44751;44760;SAQUAREMA;RJ;CRYK CINEMA BACAXA LTDA;35.282.350/0001-72
28/03/2021;28/03/2021 15:40:00;THE GENTLEMEN;MAGNATAS DO CRIME;E2000005600000;DUBLADO;NÃO;ESTADOS UNIDOS;5006647;GRUPOCINE TUCURUI 01;0;6000034;44276;47310;TUCURUÍ;PA;EMPRESA CINEMATOGRAFICA BOMBOCINE LTDA;21.298.337/0001-05
28/03/2021;28/03/2021 15:40:00;THE WITCHES;CONVENÇÃO DAS BRUXAS;E2000396100000;DUBLADO;NÃO;ESTADOS UNIDOS;5005562;KINOPLEX NOVA IGUAÇU SALA 01;0;6000037;1991;33119;NOVA IGUAÇU;RJ;EMPRESA CINEMAS SÃO LUIZ S/A;33.497.660/0001-89
28/03/2021;28/03/2021 15:50:00;FOLLOW ME;SEM SAÍDA;E2100006300000;DUBLADO;NÃO;ESTADOS UNIDOS;5006645;PLAYARTE RORAIMA GARDEN SALA 04;0;6000049;39188;47248;BOA VISTA;RR;MULTIPLEX DO BRASIL ENTRETENIMENTO LTDA;27.595.833/0001-07
28/03/2021;28/03/2021 15:50:00;HONEST THIEF;LEGADO EXPLOSIVO;E2000416200000;DUBLADO;NÃO;ESTADOS UNIDOS;5005564;KINOPLEX NOVA IGUAÇU SALA 03 PLATINUM;0;6000037;1991;33119;NOVA IGUAÇU;RJ;EMPRESA CINEMAS SÃO LUIZ S/A;33.497.660/0001-89
28/03/2021;28/03/2021 16:00:00;FOLLOW ME;SEM SAÍDA;E2100006300000;DUBLADO;NÃO;ESTADOS UNIDOS;5000204;KINOPLEX GRANDE RIO 1;25;6000037;1991;2424;SÃO JOÃO DE MERITI;RJ;EMPRESA CINEMAS SÃO LUIZ S/A;33.497.660/0001-89
28/03/2021;28/03/2021 16:00:00;FOLLOW ME;SEM SAÍDA;E2100006300000;DUBLADO;NÃO;ESTADOS UNIDOS;5005725;KINOPLEX IGUAÇU TOP SALA 05;0;6000037;1991;2387;NOVA IGUAÇU;RJ;EMPRESA CINEMAS SÃO LUIZ S/A;33.497.660/0001-89
28/03/2021;28/03/2021 16:00:00;MONSTER HUNTER;MONSTER HUNTER;E2000403800000;DUBLADO;NÃO;ESTADOS UNIDOS;5006000;CINE GRACHER INDAIAL - SALA 03;0;6000032;5979;39283;INDAIAL;SC;CINE GRACHER LTDA;07.272.690/0001-87
28/03/2021;28/03/2021 16:00:00;MONSTER HUNTER;MONSTER HUNTER;E2000403800000;DUBLADO;NÃO;ESTADOS UNIDOS;5006085;CINE GRACHER PORTO BELO SALA 03;0;6000032;5979;40771;PORTO BELO;SC;CINE GRACHER LTDA;07.272.690/0001-87
28/03/2021;28/03/2021 16:00:00;MONSTER HUNTER;MONSTER HUNTER;E2000403800000;DUBLADO;NÃO;ESTADOS UNIDOS;5006114;CINE GRACHER SÃO BENTO 04;6;6000032;5979;41056;SÃO BENTO DO SUL;SC;CINE GRACHER LTDA;07.272.690/0001-87
28/03/2021;28/03/2021 16:00:00;MONSTER HUNTER;MONSTER HUNTER;E2000403800000;DUBLADO;NÃO;ESTADOS UNIDOS;5005779;MOBI CINE ARAGUAINA SALA 03;5;6000040;17628;17629;ARAGUAÍNA;TO;C.A.V. LEMOS;08.913.231/0001-06
28/03/2021;28/03/2021 16:00:00;RAYA AND THE LAST DRAGON;RAYA E O ÚLTIMO DRAGÃO;E2100035300000;DUBLADO;NÃO;ESTADOS UNIDOS;5001795;CINE ITAGUARI SALA 1;0;;5725;6588;SANTO ANTÔNIO DE JESUS;BA;IMPERIAL TURISMO E EVENTOS EIRELI;01.732.317/0001-85
28/03/2021;28/03/2021 16:00:00;RAYA AND THE LAST DRAGON;RAYA E O ÚLTIMO DRAGÃO;E2100035300000;DUBLADO;NÃO;ESTADOS UNIDOS;5006217;CINE LAGUNA 2;0;6000141;24511;24512;ALAGOINHAS;BA;VICTORY EVENTOS & TURISMO LTDA;05.607.525/0001-03
28/03/2021;28/03/2021 16:00:00;THE WIDOW;A VIÚVA DAS SOMBRAS;E2100005000000;DUBLADO;NÃO;RÚSSIA;5002920;MOBI CINE ARAGUAINA SALA 01;0;6000040;17628;17629;ARAGUAÍNA;TO;C.A.V. LEMOS;08.913.231/0001-06
28/03/2021;28/03/2021 16:00:00;TOM & JERRY;TOM & JERRY - O FILME;E2000553800000;DUBLADO;NÃO;ESTADOS UNIDOS;5006484;CINE + ARTE SOMBRIO 01;43;6000103;44714;44715;SOMBRIO;SC;CINE + ARTE SOMBRIO LTDA;35.505.937/0001-01
28/03/2021;28/03/2021 16:00:00;TOM & JERRY;TOM & JERRY - O FILME;E2000553800000;DUBLADO;NÃO;ESTADOS UNIDOS;5004502;CINE GRACHER ESPAÇO HAVAN 2;14;6000032;5979;26111;BRUSQUE;SC;CINE GRACHER LTDA;07.272.690/0001-87
28/03/2021;28/03/2021 16:00:00;TOM & JERRY;TOM & JERRY - O FILME;E2000553800000;DUBLADO;NÃO;ESTADOS UNIDOS;5005998;CINE GRACHER INDAIAL - SALA 01;2;6000032;5979;39283;INDAIAL;SC;CINE GRACHER LTDA;07.272.690/0001-87
28/03/2021;28/03/2021 16:00:00;TOM & JERRY;TOM & JERRY - O FILME;E2000553800000;DUBLADO;NÃO;ESTADOS UNIDOS;5006083;CINE GRACHER PORTO BELO SALA 01;0;6000032;5979;40771;PORTO BELO;SC;CINE GRACHER LTDA;07.272.690/0001-87
28/03/2021;28/03/2021 16:00:00;TOM & JERRY;TOM & JERRY - O FILME;E2000553800000;DUBLADO;NÃO;ESTADOS UNIDOS;5006111;CINE GRACHER SÃO BENTO 01;0;6000032;5979;41056;SÃO BENTO DO SUL;SC;CINE GRACHER LTDA;07.272.690/0001-87
28/03/2021;28/03/2021 16:10:00;THE WIDOW;A VIÚVA DAS SOMBRAS;E2100005000000;DUBLADO;NÃO;RÚSSIA;5005566;KINOPLEX NOVA IGUAÇU SALA 05;0;6000037;1991;33119;NOVA IGUAÇU;RJ;EMPRESA CINEMAS SÃO LUIZ S/A;33.497.660/0001-89
28/03/2021;28/03/2021 16:10:00;TOM & JERRY;TOM & JERRY - O FILME;E2000553800000;DUBLADO;NÃO;ESTADOS UNIDOS;5000205;KINOPLEX GRANDE RIO 2;21;6000037;1991;2424;SÃO JOÃO DE MERITI;RJ;EMPRESA CINEMAS SÃO LUIZ S/A;33.497.660/0001-89
28/03/2021;28/03/2021 16:20:00;THE WIDOW;A VIÚVA DAS SOMBRAS;E2100005000000;DUBLADO;NÃO;RÚSSIA;5000209;KINOPLEX GRANDE RIO 6;17;6000037;1991;2424;SÃO JOÃO DE MERITI;RJ;EMPRESA CINEMAS SÃO LUIZ S/A;33.497.660/0001-89
28/03/2021;28/03/2021 16:20:00;THE WIDOW;A VIÚVA DAS SOMBRAS;E2100005000000;DUBLADO;NÃO;RÚSSIA;5005726;KINOPLEX IGUAÇU TOP SALA 06;0;6000037;1991;2387;NOVA IGUAÇU;RJ;EMPRESA CINEMAS SÃO LUIZ S/A;33.497.660/0001-89
28/03/2021;28/03/2021 16:20:00;THE WITCHES;CONVENÇÃO DAS BRUXAS;E2000396100000;DUBLADO;NÃO;ESTADOS UNIDOS;5006642;PLAYARTE RORAIMA GARDEN SALA 01;4;6000049;39188;47248;BOA VISTA;RR;MULTIPLEX DO BRASIL ENTRETENIMENTO LTDA;27.595.833/0001-07
28/03/2021;28/03/2021 16:25:00;RAYA AND THE LAST DRAGON;RAYA E O ÚLTIMO DRAGÃO;E2100035300000;DUBLADO;NÃO;ESTADOS UNIDOS;5006491;CM CINEMAS BACAXA 2;6;6000016;44751;44760;SAQUAREMA;RJ;CRYK CINEMA BACAXA LTDA;35.282.350/0001-72
28/03/2021;28/03/2021 16:30:00;CHORÃO: MARGINAL ALADO;;B2000158900000;ORIGINAL;NÃO;BRASIL;5006644;PLAYARTE RORAIMA GARDEN SALA 03;5;6000049;39188;47248;BOA VISTA;RR;MULTIPLEX DO BRASIL ENTRETENIMENTO LTDA;27.595.833/0001-07
28/03/2021;28/03/2021 16:30:00;FOLLOW ME;SEM SAÍDA;E2100006300000;DUBLADO;NÃO;ESTADOS UNIDOS;5001862;CINE GRACHER LTDA;0;6000032;5979;6687;BRUSQUE;SC;CINE GRACHER LTDA;07.272.690/0001-87
28/03/2021;28/03/2021 16:30:00;MONSTER HUNTER;MONSTER HUNTER;E2000403800000;DUBLADO;NÃO;ESTADOS UNIDOS;5004503;CINE GRACHER ESPAÇO HAVAN 3;11;6000032;5979;26111;BRUSQUE;SC;CINE GRACHER LTDA;07.272.690/0001-87
28/03/2021;28/03/2021 16:30:00;TOM & JERRY;TOM & JERRY - O FILME;E2000553800000;DUBLADO;NÃO;ESTADOS UNIDOS;5001861;CINE GRACHER LTDA;2;6000032;5979;6687;BRUSQUE;SC;CINE GRACHER LTDA;07.272.690/0001-87
28/03/2021;28/03/2021 16:45:00;THE WIDOW;A VIÚVA DAS SOMBRAS;E2100005000000;DUBLADO;NÃO;RÚSSIA;5006649;GRUPOCINE TUCURUI 03;5;6000034;44276;47310;TUCURUÍ;PA;EMPRESA CINEMATOGRAFICA BOMBOCINE LTDA;21.298.337/0001-05
28/03/2021;28/03/2021 16:50:00;TOM & JERRY;TOM & JERRY - O FILME;E2000553800000;DUBLADO;NÃO;ESTADOS UNIDOS;5006643;PLAYARTE RORAIMA GARDEN SALA 02;10;6000049;39188;47248;BOA VISTA;RR;MULTIPLEX DO BRASIL ENTRETENIMENTO LTDA;27.595.833/0001-07
28/03/2021;28/03/2021 17:00:00;RAYA AND THE LAST DRAGON;RAYA E O ÚLTIMO DRAGÃO;E2100035300000;DUBLADO;NÃO;ESTADOS UNIDOS;5001860;CINE GRACHER LTDA;3;6000032;5979;6687;BRUSQUE;SC;CINE GRACHER LTDA;07.272.690/0001-87
28/03/2021;28/03/2021 17:00:00;RAYA AND THE LAST DRAGON;RAYA E O ÚLTIMO DRAGÃO;E2100035300000;DUBLADO;NÃO;ESTADOS UNIDOS;5006407;GRUPOCINE RIO DO SUL 01;1;6000034;44276;44286;RIO DO SUL;SC;EMPRESA CINEMATOGRAFICA BOMBOCINE LTDA;21.298.337/0001-05
28/03/2021;28/03/2021 17:20:00;TOM & JERRY;TOM & JERRY - O FILME;E2000553800000;DUBLADO;NÃO;ESTADOS UNIDOS;5005568;KINOPLEX NOVA IGUAÇU SALA 07;0;6000037;1991;33119;NOVA IGUAÇU;RJ;EMPRESA CINEMAS SÃO LUIZ S/A;33.497.660/0001-89
28/03/2021;28/03/2021 17:20:00;WONDER WOMAN 1984;MULHER-MARAVILHA 1984;E2000170200000;DUBLADO;NÃO;CANADÁ;5005724;KINOPLEX IGUAÇU TOP SALA 04;0;6000037;1991;2387;NOVA IGUAÇU;RJ;EMPRESA CINEMAS SÃO LUIZ S/A;33.497.660/0001-89
28/03/2021;28/03/2021 17:20:00;WONDER WOMAN 1984;MULHER-MARAVILHA 1984;E2000170200000;DUBLADO;NÃO;CANADÁ;5005565;KINOPLEX NOVA IGUAÇU SALA 04 PLATINUM;0;6000037;1991;33119;NOVA IGUAÇU;RJ;EMPRESA CINEMAS SÃO LUIZ S/A;33.497.660/0001-89
28/03/2021;28/03/2021 17:20:01;DEPOIS A LOUCA SOU EU;;B2000078000000;ORIGINAL;NÃO;BRASIL;5006490;CM CINEMAS BACAXA 1;7;6000016;44751;44760;SAQUAREMA;RJ;CRYK CINEMA BACAXA LTDA;35.282.350/0001-72
28/03/2021;28/03/2021 17:30:00;RAYA AND THE LAST DRAGON;RAYA E O ÚLTIMO DRAGÃO;E2100035300000;DUBLADO;NÃO;ESTADOS UNIDOS;5005545;CINE COLOMBO RESENDE SALA 03;2;6000008;15833;33011;RESENDE;RJ;CINE A LTDA;10.894.937/0001-01
28/03/2021;28/03/2021 17:30:00;THE EMPTY MAN;O MENSAGEIRO DO ÚLTIMO DIA;E2000471300000;DUBLADO;NÃO;ESTADOS UNIDOS;5000207;KINOPLEX GRANDE RIO 4;37;6000037;1991;2424;SÃO JOÃO DE MERITI;RJ;EMPRESA CINEMAS SÃO LUIZ S/A;33.497.660/0001-89
28/03/2021;28/03/2021 17:30:00;THE EMPTY MAN;O MENSAGEIRO DO ÚLTIMO DIA;E2000471300000;DUBLADO;NÃO;ESTADOS UNIDOS;5005567;KINOPLEX NOVA IGUAÇU SALA 06;0;6000037;1991;33119;NOVA IGUAÇU;RJ;EMPRESA CINEMAS SÃO LUIZ S/A;33.497.660/0001-89
28/03/2021;28/03/2021 17:30:00;TOM & JERRY;TOM & JERRY - O FILME;E2000553800000;DUBLADO;NÃO;ESTADOS UNIDOS;5004913;CINE SHOW AGULHAS NEGRAS SALA 02;2;6000025;2977;28018;RESENDE;RJ;JUBARTE FILMES LTDA-ME;05.297.810/0001-75
28/03/2021;28/03/2021 17:30:00;TOM & JERRY;TOM & JERRY - O FILME;E2000553800000;DUBLADO;NÃO;ESTADOS UNIDOS;5000057;KINOPLEX IGUAÇU TOP SALA 02;0;6000037;1991;2387;NOVA IGUAÇU;RJ;EMPRESA CINEMAS SÃO LUIZ S/A;33.497.660/0001-89
28/03/2021;28/03/2021 17:40:00;MONSTER HUNTER;MONSTER HUNTER;E2000403800000;DUBLADO;NÃO;ESTADOS UNIDOS;5006408;GRUPOCINE RIO DO SUL 02;0;6000034;44276;44286;RIO DO SUL;SC;EMPRESA CINEMATOGRAFICA BOMBOCINE LTDA;21.298.337/0001-05
28/03/2021;28/03/2021 17:40:00;RAYA AND THE LAST DRAGON;RAYA E O ÚLTIMO DRAGÃO;E2100035300000;DUBLADO;NÃO;ESTADOS UNIDOS;5004912;CINE SHOW AGULHAS NEGRAS SALA 01;9;6000025;2977;28018;RESENDE;RJ;JUBARTE FILMES LTDA-ME;05.297.810/0001-75
28/03/2021;28/03/2021 17:40:00;RAYA AND THE LAST DRAGON;RAYA E O ÚLTIMO DRAGÃO;E2100035300000;DUBLADO;NÃO;ESTADOS UNIDOS;5006648;GRUPOCINE TUCURUI 02;4;6000034;44276;47310;TUCURUÍ;PA;EMPRESA CINEMATOGRAFICA BOMBOCINE LTDA;21.298.337/0001-05
28/03/2021;28/03/2021 17:40:00;RAYA AND THE LAST DRAGON;RAYA E O ÚLTIMO DRAGÃO;E2100035300000;DUBLADO;NÃO;ESTADOS UNIDOS;5005563;KINOPLEX NOVA IGUAÇU SALA 02 KINOEVOLUTION;0;6000037;1991;33119;NOVA IGUAÇU;RJ;EMPRESA CINEMAS SÃO LUIZ S/A;33.497.660/0001-89
28/03/2021;28/03/2021 17:50:00;HONEST THIEF;LEGADO EXPLOSIVO;E2000416200000;DUBLADO;NÃO;ESTADOS UNIDOS;5000206;KINOPLEX GRANDE RIO 3;51;6000037;1991;2424;SÃO JOÃO DE MERITI;RJ;EMPRESA CINEMAS SÃO LUIZ S/A;33.497.660/0001-89
28/03/2021;28/03/2021 17:50:00;RAYA AND THE LAST DRAGON;RAYA E O ÚLTIMO DRAGÃO;E2100035300000;DUBLADO;NÃO;ESTADOS UNIDOS;5000056;KINOPLEX IGUAÇU TOP SALA 01 - KINOEVOLUTION;0;6000037;1991;2387;NOVA IGUAÇU;RJ;EMPRESA CINEMAS SÃO LUIZ S/A;33.497.660/0001-89
28/03/2021;28/03/2021 17:50:00;WONDER WOMAN 1984;MULHER-MARAVILHA 1984;E2000170200000;DUBLADO;NÃO;CANADÁ;5006645;PLAYARTE RORAIMA GARDEN SALA 04;13;6000049;39188;47248;BOA VISTA;RR;MULTIPLEX DO BRASIL ENTRETENIMENTO LTDA;27.595.833/0001-07
28/03/2021;28/03/2021 18:00:00;MONSTER HUNTER;MONSTER HUNTER;E2000403800000;DUBLADO;NÃO;ESTADOS UNIDOS;5006647;GRUPOCINE TUCURUI 01;3;6000034;44276;47310;TUCURUÍ;PA;EMPRESA CINEMATOGRAFICA BOMBOCINE LTDA;21.298.337/0001-05
28/03/2021;28/03/2021 18:00:00;MONSTER HUNTER;MONSTER HUNTER;E2000403800000;DUBLADO;NÃO;ESTADOS UNIDOS;5000204;KINOPLEX GRANDE RIO 1;21;6000037;1991;2424;SÃO JOÃO DE MERITI;RJ;EMPRESA CINEMAS SÃO LUIZ S/A;33.497.660/0001-89
28/03/2021;28/03/2021 18:00:00;MONSTER HUNTER;MONSTER HUNTER;E2000403800000;DUBLADO;NÃO;ESTADOS UNIDOS;5005725;KINOPLEX IGUAÇU TOP SALA 05;0;6000037;1991;2387;NOVA IGUAÇU;RJ;EMPRESA CINEMAS SÃO LUIZ S/A;33.497.660/0001-89
28/03/2021;28/03/2021 18:00:00;MONSTER HUNTER;MONSTER HUNTER;E2000403800000;DUBLADO;NÃO;ESTADOS UNIDOS;5005562;KINOPLEX NOVA IGUAÇU SALA 01;0;6000037;1991;33119;NOVA IGUAÇU;RJ;EMPRESA CINEMAS SÃO LUIZ S/A;33.497.660/0001-89
28/03/2021;28/03/2021 18:00:00;MONSTER HUNTER;MONSTER HUNTER;E2000403800000;DUBLADO;NÃO;ESTADOS UNIDOS;5005779;MOBI CINE ARAGUAINA SALA 03;8;6000040;17628;17629;ARAGUAÍNA;TO;C.A.V. LEMOS;08.913.231/0001-06
28/03/2021;28/03/2021 18:00:00;RAYA AND THE LAST DRAGON;RAYA E O ÚLTIMO DRAGÃO;E2100035300000;DUBLADO;NÃO;ESTADOS UNIDOS;5006056;CINE GRACHER JOAÇABA SALA 01;2;6000032;5979;40234;JOAÇABA;SC;CINE GRACHER LTDA;07.272.690/0001-87
28/03/2021;28/03/2021 18:00:00;RAYA AND THE LAST DRAGON;RAYA E O ÚLTIMO DRAGÃO;E2100035300000;DUBLADO;NÃO;ESTADOS UNIDOS;5005290;CINE GRACHER PORTO UNIÃO SALA 01;2;6000032;5979;30780;PORTO UNIÃO;SC;CINE GRACHER LTDA;07.272.690/0001-87
28/03/2021;28/03/2021 18:00:00;RAYA AND THE LAST DRAGON;RAYA E O ÚLTIMO DRAGÃO;E2100035300000;DUBLADO;NÃO;ESTADOS UNIDOS;5000208;KINOPLEX GRANDE RIO 5;14;6000037;1991;2424;SÃO JOÃO DE MERITI;RJ;EMPRESA CINEMAS SÃO LUIZ S/A;33.497.660/0001-89
28/03/2021;28/03/2021 18:00:00;RAYA AND THE LAST DRAGON;RAYA E O ÚLTIMO DRAGÃO;E2100035300000;DUBLADO;NÃO;ESTADOS UNIDOS;5005717;MAXI MOVIE UNAMAR 2;7;6000107;34615;34616;CABO FRIO;RJ;MF 3000 - EMPREENDIMENTOS E PARTICIPAÇÕES LTDA-ME;17.498.681/0001-62
28/03/2021;28/03/2021 18:00:00;THE WIDOW;A VIÚVA DAS SOMBRAS;E2100005000000;DUBLADO;NÃO;RÚSSIA;5006484;CINE + ARTE SOMBRIO 01;30;6000103;44714;44715;SOMBRIO;SC;CINE + ARTE SOMBRIO LTDA;35.505.937/0001-01
28/03/2021;28/03/2021 18:00:00;THE WIDOW;A VIÚVA DAS SOMBRAS;E2100005000000;DUBLADO;NÃO;RÚSSIA;5002920;MOBI CINE ARAGUAINA SALA 01;2;6000040;17628;17629;ARAGUAÍNA;TO;C.A.V. LEMOS;08.913.231/0001-06
28/03/2021;28/03/2021 18:00:00;TOM & JERRY;TOM & JERRY - O FILME;E2000553800000;DUBLADO;NÃO;ESTADOS UNIDOS;5006057;CINE GRACHER JOAÇABA SALA 02;7;6000032;5979;40234;JOAÇABA;SC;CINE GRACHER LTDA;07.272.690/0001-87
28/03/2021;28/03/2021 18:00:00;TOM & JERRY;TOM & JERRY - O FILME;E2000553800000;DUBLADO;NÃO;ESTADOS UNIDOS;5005291;CINE GRACHER PORTO UNIÃO SALA 02;3;6000032;5979;30780;PORTO UNIÃO;SC;CINE GRACHER LTDA;07.272.690/0001-87
28/03/2021;28/03/2021 18:10:00;HONEST THIEF;LEGADO EXPLOSIVO;E2000416200000;DUBLADO;NÃO;ESTADOS UNIDOS;5005564;KINOPLEX NOVA IGUAÇU SALA 03 PLATINUM;0;6000037;1991;33119;NOVA IGUAÇU;RJ;EMPRESA CINEMAS SÃO LUIZ S/A;33.497.660/0001-89
28/03/2021;28/03/2021 18:15:00;RAYA AND THE LAST DRAGON;RAYA E O ÚLTIMO DRAGÃO;E2100035300000;DUBLADO;NÃO;ESTADOS UNIDOS;5006001;CINE GRACHER INDAIAL - SALA 04;1;6000032;5979;39283;INDAIAL;SC;CINE GRACHER LTDA;07.272.690/0001-87
28/03/2021;28/03/2021 18:15:00;RAYA AND THE LAST DRAGON;RAYA E O ÚLTIMO DRAGÃO;E2100035300000;DUBLADO;NÃO;ESTADOS UNIDOS;5006086;CINE GRACHER PORTO BELO SALA 04;0;6000032;5979;40771;PORTO BELO;SC;CINE GRACHER LTDA;07.272.690/0001-87
28/03/2021;28/03/2021 18:15:00;RAYA AND THE LAST DRAGON;RAYA E O ÚLTIMO DRAGÃO;E2100035300000;DUBLADO;NÃO;ESTADOS UNIDOS;5006112;CINE GRACHER SÃO BENTO 02;6;6000032;5979;41056;SÃO BENTO DO SUL;SC;CINE GRACHER LTDA;07.272.690/0001-87
28/03/2021;28/03/2021 18:15:00;THE WIDOW;A VIÚVA DAS SOMBRAS;E2100005000000;DUBLADO;NÃO;RÚSSIA;5006058;CINE GRACHER JOAÇABA SALA 03;6;6000032;5979;40234;JOAÇABA;SC;CINE GRACHER LTDA;07.272.690/0001-87
28/03/2021;28/03/2021 18:15:00;THE WIDOW;A VIÚVA DAS SOMBRAS;E2100005000000;DUBLADO;NÃO;RÚSSIA;5005292;CINE GRACHER PORTO UNIÃO SALA 03;0;6000032;5979;30780;PORTO UNIÃO;SC;CINE GRACHER LTDA;07.272.690/0001-87
28/03/2021;28/03/2021 18:15:00;TOM & JERRY;TOM & JERRY - O FILME;E2000553800000;DUBLADO;NÃO;ESTADOS UNIDOS;5000205;KINOPLEX GRANDE RIO 2;13;6000037;1991;2424;SÃO JOÃO DE MERITI;RJ;EMPRESA CINEMAS SÃO LUIZ S/A;33.497.660/0001-89
28/03/2021;28/03/2021 18:20:00;CHORÃO: MARGINAL ALADO;;B2000158900000;ORIGINAL;NÃO;BRASIL;5006644;PLAYARTE RORAIMA GARDEN SALA 03;4;6000049;39188;47248;BOA VISTA;RR;MULTIPLEX DO BRASIL ENTRETENIMENTO LTDA;27.595.833/0001-07
28/03/2021;28/03/2021 18:20:00;FOLLOW ME;SEM SAÍDA;E2100006300000;DUBLADO;NÃO;ESTADOS UNIDOS;5006649;GRUPOCINE TUCURUI 03;5;6000034;44276;47310;TUCURUÍ;PA;EMPRESA CINEMATOGRAFICA BOMBOCINE LTDA;21.298.337/0001-05
28/03/2021;28/03/2021 18:20:00;THE WIDOW;A VIÚVA DAS SOMBRAS;E2100005000000;DUBLADO;NÃO;RÚSSIA;5000209;KINOPLEX GRANDE RIO 6;28;6000037;1991;2424;SÃO JOÃO DE MERITI;RJ;EMPRESA CINEMAS SÃO LUIZ S/A;33.497.660/0001-89
28/03/2021;28/03/2021 18:20:00;THE WIDOW;A VIÚVA DAS SOMBRAS;E2100005000000;DUBLADO;NÃO;RÚSSIA;5005726;KINOPLEX IGUAÇU TOP SALA 06;0;6000037;1991;2387;NOVA IGUAÇU;RJ;EMPRESA CINEMAS SÃO LUIZ S/A;33.497.660/0001-89
28/03/2021;28/03/2021 18:20:00;THE WIDOW;A VIÚVA DAS SOMBRAS;E2100005000000;DUBLADO;NÃO;RÚSSIA;5005566;KINOPLEX NOVA IGUAÇU SALA 05;0;6000037;1991;33119;NOVA IGUAÇU;RJ;EMPRESA CINEMAS SÃO LUIZ S/A;33.497.660/0001-89
28/03/2021;28/03/2021 18:30:00;MONSTER HUNTER;MONSTER HUNTER;E2000403800000;DUBLADO;NÃO;ESTADOS UNIDOS;5005543;CINE COLOMBO RESENDE SALA 01;2;6000008;15833;33011;RESENDE;RJ;CINE A LTDA;10.894.937/0001-01
28/03/2021;28/03/2021 18:30:00;MONSTER HUNTER;MONSTER HUNTER;E2000403800000;DUBLADO;NÃO;ESTADOS UNIDOS;5006000;CINE GRACHER INDAIAL - SALA 03;4;6000032;5979;39283;INDAIAL;SC;CINE GRACHER LTDA;07.272.690/0001-87
28/03/2021;28/03/2021 18:30:00;MONSTER HUNTER;MONSTER HUNTER;E2000403800000;DUBLADO;NÃO;ESTADOS UNIDOS;5006085;CINE GRACHER PORTO BELO SALA 03;8;6000032;5979;40771;PORTO BELO;SC;CINE GRACHER LTDA;07.272.690/0001-87
28/03/2021;28/03/2021 18:30:00;MONSTER HUNTER;MONSTER HUNTER;E2000403800000;DUBLADO;NÃO;ESTADOS UNIDOS;5006114;CINE GRACHER SÃO BENTO 04;9;6000032;5979;41056;SÃO BENTO DO SUL;SC;CINE GRACHER LTDA;07.272.690/0001-87
28/03/2021;28/03/2021 18:30:00;TOM & JERRY;TOM & JERRY - O FILME;E2000553800000;DUBLADO;NÃO;ESTADOS UNIDOS;5005998;CINE GRACHER INDAIAL - SALA 01;14;6000032;5979;39283;INDAIAL;SC;CINE GRACHER LTDA;07.272.690/0001-87
28/03/2021;28/03/2021 18:30:00;TOM & JERRY;TOM & JERRY - O FILME;E2000553800000;DUBLADO;NÃO;ESTADOS UNIDOS;5006083;CINE GRACHER PORTO BELO SALA 01;0;6000032;5979;40771;PORTO BELO;SC;CINE GRACHER LTDA;07.272.690/0001-87
28/03/2021;28/03/2021 18:30:00;TOM & JERRY;TOM & JERRY - O FILME;E2000553800000;DUBLADO;NÃO;ESTADOS UNIDOS;5006111;CINE GRACHER SÃO BENTO 01;7;6000032;5979;41056;SÃO BENTO DO SUL;SC;CINE GRACHER LTDA;07.272.690/0001-87
28/03/2021;28/03/2021 18:30:00;TOM & JERRY;TOM & JERRY - O FILME;E2000553800000;DUBLADO;NÃO;ESTADOS UNIDOS;5005716;MAXI MOVIE UNAMAR 1;3;6000107;34615;34616;CABO FRIO;RJ;MF 3000 - EMPREENDIMENTOS E PARTICIPAÇÕES LTDA-ME;17.498.681/0001-62
28/03/2021;28/03/2021 18:40:00;RAYA AND THE LAST DRAGON;RAYA E O ÚLTIMO DRAGÃO;E2100035300000;DUBLADO;NÃO;ESTADOS UNIDOS;5006491;CM CINEMAS BACAXA 2;2;6000016;44751;44760;SAQUAREMA;RJ;CRYK CINEMA BACAXA LTDA;35.282.350/0001-72
28/03/2021;28/03/2021 18:40:00;SPUTNIK;ESTRANHO PASSSAGEIRO - SPUTNIK;E2000513800000;DUBLADO;NÃO;RÚSSIA;5006642;PLAYARTE RORAIMA GARDEN SALA 01;12;6000049;39188;47248;BOA VISTA;RR;MULTIPLEX DO BRASIL ENTRETENIMENTO LTDA;27.595.833/0001-07
28/03/2021;28/03/2021 18:45:00;MONSTER HUNTER;MONSTER HUNTER;E2000403800000;DUBLADO;NÃO;ESTADOS UNIDOS;5001862;CINE GRACHER LTDA;0;6000032;5979;6687;BRUSQUE;SC;CINE GRACHER LTDA;07.272.690/0001-87
28/03/2021;28/03/2021 18:45:00;TOM & JERRY;TOM & JERRY - O FILME;E2000553800000;DUBLADO;NÃO;ESTADOS UNIDOS;5001861;CINE GRACHER LTDA;0;6000032;5979;6687;BRUSQUE;SC;CINE GRACHER LTDA;07.272.690/0001-87
28/03/2021;28/03/2021 19:00:00;DRUK;DRUK - MAIS UMA RODADA;E2100078400000;DUBLADO;NÃO;DINAMARCA;5002597;GRAN CINE BARDOT;5;;15661;15662;ARMAÇÃO DOS BÚZIOS;RJ;UNFINISHED BUSINESS PRODUÇÕES ARTÍSTICAS, CINEMATOGRÁFICAS E AUDIOVISUAIS LTDA.;07.953.592/0001-05
28/03/2021;28/03/2021 19:00:00;THE WIDOW;A VIÚVA DAS SOMBRAS;E2100005000000;DUBLADO;NÃO;RÚSSIA;5004503;CINE GRACHER ESPAÇO HAVAN 3;10;6000032;5979;26111;BRUSQUE;SC;CINE GRACHER LTDA;07.272.690/0001-87
28/03/2021;28/03/2021 19:00:00;THE WITCHES;CONVENÇÃO DAS BRUXAS;E2000396100000;DUBLADO;NÃO;ESTADOS UNIDOS;5006643;PLAYARTE RORAIMA GARDEN SALA 02;9;6000049;39188;47248;BOA VISTA;RR;MULTIPLEX DO BRASIL ENTRETENIMENTO LTDA;27.595.833/0001-07
28/03/2021;28/03/2021 19:00:00;TOM & JERRY;TOM & JERRY - O FILME;E2000553800000;DUBLADO;NÃO;ESTADOS UNIDOS;5004502;CINE GRACHER ESPAÇO HAVAN 2;4;6000032;5979;26111;BRUSQUE;SC;CINE GRACHER LTDA;07.272.690/0001-87
28/03/2021;28/03/2021 19:30:00;RAYA AND THE LAST DRAGON;RAYA E O ÚLTIMO DRAGÃO;E2100035300000;DUBLADO;NÃO;ESTADOS UNIDOS;5006407;GRUPOCINE RIO DO SUL 01;6;6000034;44276;44286;RIO DO SUL;SC;EMPRESA CINEMATOGRAFICA BOMBOCINE LTDA;21.298.337/0001-05
28/03/2021;28/03/2021 19:30:00;WONDER WOMAN 1984;MULHER-MARAVILHA 1984;E2000170200000;DUBLADO;NÃO;CANADÁ;5001860;CINE GRACHER LTDA;5;6000032;5979;6687;BRUSQUE;SC;CINE GRACHER LTDA;07.272.690/0001-87
28/03/2021;28/03/2021 19:40:00;MONSTER HUNTER;MONSTER HUNTER;E2000403800000;DUBLADO;NÃO;ESTADOS UNIDOS;5004913;CINE SHOW AGULHAS NEGRAS SALA 02;6;6000025;2977;28018;RESENDE;RJ;JUBARTE FILMES LTDA-ME;05.297.810/0001-75
28/03/2021;28/03/2021 19:40:00;THE WIDOW;A VIÚVA DAS SOMBRAS;E2100005000000;DUBLADO;NÃO;RÚSSIA;5006490;CM CINEMAS BACAXA 1;4;6000016;44751;44760;SAQUAREMA;RJ;CRYK CINEMA BACAXA LTDA;35.282.350/0001-72
28/03/2021;28/03/2021 19:45:00;RAYA AND THE LAST DRAGON;RAYA E O ÚLTIMO DRAGÃO;E2100035300000;DUBLADO;NÃO;ESTADOS UNIDOS;5005545;CINE COLOMBO RESENDE SALA 03;3;6000008;15833;33011;RESENDE;RJ;CINE A LTDA;10.894.937/0001-01
28/03/2021;28/03/2021 20:00:00;MONSTER HUNTER;MONSTER HUNTER;E2000403800000;DUBLADO;NÃO;ESTADOS UNIDOS;5005779;MOBI CINE ARAGUAINA SALA 03;6;6000040;17628;17629;ARAGUAÍNA;TO;C.A.V. LEMOS;08.913.231/0001-06
28/03/2021;28/03/2021 20:00:00;THE WIDOW;A VIÚVA DAS SOMBRAS;E2100005000000;DUBLADO;NÃO;RÚSSIA;5004912;CINE SHOW AGULHAS NEGRAS SALA 01;4;6000025;2977;28018;RESENDE;RJ;JUBARTE FILMES LTDA-ME;05.297.810/0001-75
28/03/2021;28/03/2021 20:00:00;THE WIDOW;A VIÚVA DAS SOMBRAS;E2100005000000;DUBLADO;NÃO;RÚSSIA;5006408;GRUPOCINE RIO DO SUL 02;11;6000034;44276;44286;RIO DO SUL;SC;EMPRESA CINEMATOGRAFICA BOMBOCINE LTDA;21.298.337/0001-05
28/03/2021;28/03/2021 20:00:00;THE WIDOW;A VIÚVA DAS SOMBRAS;E2100005000000;DUBLADO;NÃO;RÚSSIA;5002920;MOBI CINE ARAGUAINA SALA 01;13;6000040;17628;17629;ARAGUAÍNA;TO;C.A.V. LEMOS;08.913.231/0001-06
28/03/2021;28/03/2021 20:30:00;FOLLOW ME;SEM SAÍDA;E2100006300000;DUBLADO;NÃO;ESTADOS UNIDOS;5006057;CINE GRACHER JOAÇABA SALA 02;8;6000032;5979;40234;JOAÇABA;SC;CINE GRACHER LTDA;07.272.690/0001-87
28/03/2021;28/03/2021 20:30:00;FOLLOW ME;SEM SAÍDA;E2100006300000;DUBLADO;NÃO;ESTADOS UNIDOS;5005291;CINE GRACHER PORTO UNIÃO SALA 02;2;6000032;5979;30780;PORTO UNIÃO;SC;CINE GRACHER LTDA;07.272.690/0001-87
28/03/2021;28/03/2021 20:30:00;MONSTER HUNTER;MONSTER HUNTER;E2000403800000;DUBLADO;NÃO;ESTADOS UNIDOS;5006484;CINE + ARTE SOMBRIO 01;12;6000103;44714;44715;SOMBRIO;SC;CINE + ARTE SOMBRIO LTDA;35.505.937/0001-01
28/03/2021;28/03/2021 20:30:00;RAYA AND THE LAST DRAGON;RAYA E O ÚLTIMO DRAGÃO;E2100035300000;DUBLADO;NÃO;ESTADOS UNIDOS;5006056;CINE GRACHER JOAÇABA SALA 01;0;6000032;5979;40234;JOAÇABA;SC;CINE GRACHER LTDA;07.272.690/0001-87
28/03/2021;28/03/2021 20:30:00;RAYA AND THE LAST DRAGON;RAYA E O ÚLTIMO DRAGÃO;E2100035300000;DUBLADO;NÃO;ESTADOS UNIDOS;5005290;CINE GRACHER PORTO UNIÃO SALA 01;2;6000032;5979;30780;PORTO UNIÃO;SC;CINE GRACHER LTDA;07.272.690/0001-87
28/03/2021;28/03/2021 20:30:00;THE WIDOW;A VIÚVA DAS SOMBRAS;E2100005000000;DUBLADO;NÃO;RÚSSIA;5005543;CINE COLOMBO RESENDE SALA 01;1;6000008;15833;33011;RESENDE;RJ;CINE A LTDA;10.894.937/0001-01
28/03/2021;28/03/2021 20:30:00;THE WIDOW;A VIÚVA DAS SOMBRAS;E2100005000000;DUBLADO;NÃO;RÚSSIA;5006058;CINE GRACHER JOAÇABA SALA 03;0;6000032;5979;40234;JOAÇABA;SC;CINE GRACHER LTDA;07.272.690/0001-87
28/03/2021;28/03/2021 20:30:00;THE WIDOW;A VIÚVA DAS SOMBRAS;E2100005000000;DUBLADO;NÃO;RÚSSIA;5005292;CINE GRACHER PORTO UNIÃO SALA 03;0;6000032;5979;30780;PORTO UNIÃO;SC;CINE GRACHER LTDA;07.272.690/0001-87
28/03/2021;28/03/2021 20:30:00;WONDER WOMAN 1984;MULHER-MARAVILHA 1984;E2000170200000;DUBLADO;NÃO;CANADÁ;5005717;MAXI MOVIE UNAMAR 2;10;6000107;34615;34616;CABO FRIO;RJ;MF 3000 - EMPREENDIMENTOS E PARTICIPAÇÕES LTDA-ME;17.498.681/0001-62
28/03/2021;28/03/2021 20:45:00;FOLLOW ME;SEM SAÍDA;E2100006300000;DUBLADO;NÃO;ESTADOS UNIDOS;5005998;CINE GRACHER INDAIAL - SALA 01;14;6000032;5979;39283;INDAIAL;SC;CINE GRACHER LTDA;07.272.690/0001-87
28/03/2021;28/03/2021 20:45:00;FOLLOW ME;SEM SAÍDA;E2100006300000;DUBLADO;NÃO;ESTADOS UNIDOS;5006083;CINE GRACHER PORTO BELO SALA 01;0;6000032;5979;40771;PORTO BELO;SC;CINE GRACHER LTDA;07.272.690/0001-87
28/03/2021;28/03/2021 20:45:00;FOLLOW ME;SEM SAÍDA;E2100006300000;DUBLADO;NÃO;ESTADOS UNIDOS;5006111;CINE GRACHER SÃO BENTO 01;4;6000032;5979;41056;SÃO BENTO DO SUL;SC;CINE GRACHER LTDA;07.272.690/0001-87
28/03/2021;28/03/2021 20:45:00;RAYA AND THE LAST DRAGON;RAYA E O ÚLTIMO DRAGÃO;E2100035300000;DUBLADO;NÃO;ESTADOS UNIDOS;5006001;CINE GRACHER INDAIAL - SALA 04;1;6000032;5979;39283;INDAIAL;SC;CINE GRACHER LTDA;07.272.690/0001-87
28/03/2021;28/03/2021 20:45:00;RAYA AND THE LAST DRAGON;RAYA E O ÚLTIMO DRAGÃO;E2100035300000;DUBLADO;NÃO;ESTADOS UNIDOS;5006086;CINE GRACHER PORTO BELO SALA 04;11;6000032;5979;40771;PORTO BELO;SC;CINE GRACHER LTDA;07.272.690/0001-87
28/03/2021;28/03/2021 20:45:00;RAYA AND THE LAST DRAGON;RAYA E O ÚLTIMO DRAGÃO;E2100035300000;DUBLADO;NÃO;ESTADOS UNIDOS;5006112;CINE GRACHER SÃO BENTO 02;3;6000032;5979;41056;SÃO BENTO DO SUL;SC;CINE GRACHER LTDA;07.272.690/0001-87
28/03/2021;28/03/2021 20:45:00;THE WIDOW;A VIÚVA DAS SOMBRAS;E2100005000000;DUBLADO;NÃO;RÚSSIA;5006000;CINE GRACHER INDAIAL - SALA 03;3;6000032;5979;39283;INDAIAL;SC;CINE GRACHER LTDA;07.272.690/0001-87
28/03/2021;28/03/2021 20:45:00;THE WIDOW;A VIÚVA DAS SOMBRAS;E2100005000000;DUBLADO;NÃO;RÚSSIA;5006085;CINE GRACHER PORTO BELO SALA 03;2;6000032;5979;40771;PORTO BELO;SC;CINE GRACHER LTDA;07.272.690/0001-87
28/03/2021;28/03/2021 20:45:00;THE WIDOW;A VIÚVA DAS SOMBRAS;E2100005000000;DUBLADO;NÃO;RÚSSIA;5006114;CINE GRACHER SÃO BENTO 04;4;6000032;5979;41056;SÃO BENTO DO SUL;SC;CINE GRACHER LTDA;07.272.690/0001-87
28/03/2021;28/03/2021 21:00:00;THE WIDOW;A VIÚVA DAS SOMBRAS;E2100005000000;DUBLADO;NÃO;RÚSSIA;5005716;MAXI MOVIE UNAMAR 1;10;6000107;34615;34616;CABO FRIO;RJ;MF 3000 - EMPREENDIMENTOS E PARTICIPAÇÕES LTDA-ME;17.498.681/0001-62
28/03/2021;28/03/2021 21:00:00;TOM & JERRY;TOM & JERRY - O FILME;E2000553800000;DUBLADO;NÃO;ESTADOS UNIDOS;5004502;CINE GRACHER ESPAÇO HAVAN 2;3;6000032;5979;26111;BRUSQUE;SC;CINE GRACHER LTDA;07.272.690/0001-87
28/03/2021;28/03/2021 21:00:01;RAYA AND THE LAST DRAGON;RAYA E O ÚLTIMO DRAGÃO;E2100035300000;DUBLADO;NÃO;ESTADOS UNIDOS;5006491;CM CINEMAS BACAXA 2;4;6000016;44751;44760;SAQUAREMA;RJ;CRYK CINEMA BACAXA LTDA;35.282.350/0001-72
28/03/2021;28/03/2021 21:15:00;FOLLOW ME;SEM SAÍDA;E2100006300000;DUBLADO;NÃO;ESTADOS UNIDOS;5001862;CINE GRACHER LTDA;6;6000032;5979;6687;BRUSQUE;SC;CINE GRACHER LTDA;07.272.690/0001-87
28/03/2021;28/03/2021 21:15:00;THE WIDOW;A VIÚVA DAS SOMBRAS;E2100005000000;DUBLADO;NÃO;RÚSSIA;5004503;CINE GRACHER ESPAÇO HAVAN 3;6;6000032;5979;26111;BRUSQUE;SC;CINE GRACHER LTDA;07.272.690/0001-87
28/03/2021;28/03/2021 21:15:00;TOM & JERRY;TOM & JERRY - O FILME;E2000553800000;DUBLADO;NÃO;ESTADOS UNIDOS;5001861;CINE GRACHER LTDA;0;6000032;5979;6687;BRUSQUE;SC;CINE GRACHER LTDA;07.272.690/0001-87
28/03/2021;28/03/2021 21:30:01;DEPOIS A LOUCA SOU EU;;B2000078000000;ORIGINAL;NÃO;BRASIL;5006490;CM CINEMAS BACAXA 1;4;6000016;44751;44760;SAQUAREMA;RJ;CRYK CINEMA BACAXA LTDA;35.282.350/0001-72
