DATA_EXIBICAO;SESSAO;TITULO_ORIGINAL;TITULO_BRASIL;CPB_ROE;AUDIO;LEGENDADA;PAIS_OBRA;REGISTRO_SALA;NOME_SALA;PUBLICO;REGISTRO_GRUPO_EXIBIDOR;REGISTRO_EXIBIDOR;REGISTRO_COMPLEXO;MUNICIPIO_SALA_COMPLEXO;UF_SALA_COMPLEXO;RAZAO_SOCIAL_EXIBIDORA;CNPJ_EXIBIDORA
15/06/2016;15/06/2016 13:00:00;NOW YOU SEE ME: THE SECOND ACT;TRUQUE DE MESTRE 2;E1500269900000;DUBLADO;NÃO;ESTADOS UNIDOS;5003425;CINEMARK SHOPPING RAPOSO TAVARES 07;14;6000018;1843;20591;SÃO PAULO;SP;CINEMARK BRASIL S.A;00.779.721/0001-41
15/06/2016;15/06/2016 13:00:00;WARCRAFT;WARCFRAT – O PRIMEIRO ENCONTRO ENTRE DOIS MUNDOS;E1500739800000;DUBLADO;NÃO;ESTADOS UNIDOS;5002603;CINEMAS BENFICA - SALA 1;26;;15690;15691;FORTALEZA;CE;CINEMAS BENFICA LTDA;07.509.597/0001-43
15/06/2016;15/06/2016 13:10:00;UMA LOUCURA DE MULHER;;B1600305700000;ORIGINAL;NÃO;BRASIL;5003422;CINEMARK SHOPPING RAPOSO TAVARES 04;3;6000018;1843;20591;SÃO PAULO;SP;CINEMARK BRASIL S.A;00.779.721/0001-41
15/06/2016;15/06/2016 13:15:00;ANGRY BIRDS;ANGRY BIRDS - O FILME;E1500732000000;DUBLADO;NÃO;ESTADOS UNIDOS;5004485;ARAPIRACA BRA 03;8;6000027;22546;26037;ARAPIRACA;AL;REDECINE BRA CINEMATOGRÁFICA S.A.;15.422.993/0001-67
15/06/2016;15/06/2016 13:15:00;ANGRY BIRDS;ANGRY BIRDS - O FILME;E1500732000000;DUBLADO;NÃO;ESTADOS UNIDOS;5002601;CINEMAS BENFICA - SALA 3;17;;15690;15691;FORTALEZA;CE;CINEMAS BENFICA LTDA;07.509.597/0001-43
15/06/2016;15/06/2016 13:20:00;ALICE THROUGH THE LOOKING GLASS;ALICE ATRAVÉS DO ESPELHO;E1600259100000;DUBLADO;NÃO;ESTADOS UNIDOS;5004488;ARAPIRACA BRA 06;5;6000027;22546;26037;ARAPIRACA;AL;REDECINE BRA CINEMATOGRÁFICA S.A.;15.422.993/0001-67
15/06/2016;15/06/2016 13:20:00;WARCRAFT;WARCFRAT – O PRIMEIRO ENCONTRO ENTRE DOIS MUNDOS;E1500739800000;ORIGINAL;SIM;ESTADOS UNIDOS;5005000;CINESYSTEM AMERICAS 04;9;6000027;5348;28834;RIO DE JANEIRO;RJ;REDECINE - RIO CINEMATOGRAFICA S.A.;07.524.011/0001-10
15/06/2016;15/06/2016 13:25:00;NOW YOU SEE ME 2;TRUQUE DE MESTRE: O 2º ATO;E1700176500000;DUBLADO;NÃO;CANADÁ;5005001;CINESYSTEM AMERICAS 05;7;6000027;5348;28834;RIO DE JANEIRO;RJ;REDECINE - RIO CINEMATOGRAFICA S.A.;07.524.011/0001-10
15/06/2016;15/06/2016 13:25:00;THE CONJURING 2;INVOCAÇÃO DO MAL 2;E1600342300000;DUBLADO;NÃO;ESTADOS UNIDOS;5003423;CINEMARK SHOPPING RAPOSO TAVARES 05;24;6000018;1843;20591;SÃO PAULO;SP;CINEMARK BRASIL S.A;00.779.721/0001-41
15/06/2016;15/06/2016 13:25:00;THE CONJURING 2;INVOCAÇÃO DO MAL 2;E1600342300000;DUBLADO;NÃO;ESTADOS UNIDOS;5005578;CINESYSTEM PAULISTA SALA 08 CINÉPIC;24;6000027;22546;33152;PAULISTA;PE;REDECINE BRA CINEMATOGRÁFICA S.A.;15.422.993/0001-67
15/06/2016;15/06/2016 13:25:00;WARCRAFT;WARCFRAT – O PRIMEIRO ENCONTRO ENTRE DOIS MUNDOS;E1500739800000;DUBLADO;NÃO;ESTADOS UNIDOS;5004487;ARAPIRACA BRA 05;9;6000027;22546;26037;ARAPIRACA;AL;REDECINE BRA CINEMATOGRÁFICA S.A.;15.422.993/0001-67
15/06/2016;15/06/2016 13:30:00;MONEY MONSTER;JOGO DO DINHEIRO;E1500735200000;ORIGINAL;SIM;ESTADOS UNIDOS;5004997;CINESYSTEM AMERICAS 01;10;6000027;5348;28834;RIO DE JANEIRO;RJ;REDECINE - RIO CINEMATOGRAFICA S.A.;07.524.011/0001-10
15/06/2016;15/06/2016 13:30:00;THE CONJURING 2;INVOCAÇÃO DO MAL 2;E1600342300000;DUBLADO;NÃO;ESTADOS UNIDOS;5004483;ARAPIRACA BRA 01;15;6000027;22546;26037;ARAPIRACA;AL;REDECINE BRA CINEMATOGRÁFICA S.A.;15.422.993/0001-67
15/06/2016;15/06/2016 13:35:00;ALICE THROUGH THE LOOKING GLASS;ALICE ATRAVÉS DO ESPELHO;E1600259100000;DUBLADO;NÃO;ESTADOS UNIDOS;5004998;CINESYSTEM AMERICAS 02;8;6000027;5348;28834;RIO DE JANEIRO;RJ;REDECINE - RIO CINEMATOGRAFICA S.A.;07.524.011/0001-10
15/06/2016;15/06/2016 13:40:00;NOW YOU SEE ME: THE SECOND ACT;TRUQUE DE MESTRE 2;E1500269900000;DUBLADO;NÃO;ESTADOS UNIDOS;5004484;ARAPIRACA BRA 02;14;6000027;22546;26037;ARAPIRACA;AL;REDECINE BRA CINEMATOGRÁFICA S.A.;15.422.993/0001-67
15/06/2016;15/06/2016 13:40:00;NOW YOU SEE ME: THE SECOND ACT;TRUQUE DE MESTRE 2;E1500269900000;DUBLADO;NÃO;ESTADOS UNIDOS;5001628;CINESYSTEM SHOPPING TOTAL SALA 05;6;6000027;2375;6658;CURITIBA;PR;REDECINE CWB CINEMATOGRÁFICA LTDA;05.747.411/0001-69
15/06/2016;15/06/2016 13:40:00;THE CONJURING 2;INVOCAÇÃO DO MAL 2;E1600342300000;ORIGINAL;SIM;ESTADOS UNIDOS;5005002;CINESYSTEM AMERICAS 06;12;6000027;5348;28834;RIO DE JANEIRO;RJ;REDECINE - RIO CINEMATOGRAFICA S.A.;07.524.011/0001-10
15/06/2016;15/06/2016 13:50:00;ALICE THROUGH THE LOOKING GLASS;ALICE ATRAVÉS DO ESPELHO;E1600259100000;DUBLADO;NÃO;ESTADOS UNIDOS;5005576;CINESYSTEM PAULISTA SALA 06;6;6000027;22546;33152;PAULISTA;PE;REDECINE BRA CINEMATOGRÁFICA S.A.;15.422.993/0001-67
15/06/2016;15/06/2016 13:50:00;ALICE THROUGH THE LOOKING GLASS;ALICE ATRAVÉS DO ESPELHO;E1600259100000;DUBLADO;NÃO;ESTADOS UNIDOS;5001626;CINESYSTEM SHOPPING TOTAL SALA 03;7;6000027;2375;6658;CURITIBA;PR;REDECINE CWB CINEMATOGRÁFICA LTDA;05.747.411/0001-69
15/06/2016;15/06/2016 13:55:00;TEENAGE MUTANT NINJA TURTLES: OUT OF THE SHADOWS;AS TARTARUGAS NINJA: FORA DAS SOMBRAS;E1600265600000;DUBLADO;NÃO;ESTADOS UNIDOS;5001627;CINESYSTEM SHOPPING TOTAL SALA 04;0;6000027;2375;6658;CURITIBA;PR;REDECINE CWB CINEMATOGRÁFICA LTDA;05.747.411/0001-69
15/06/2016;15/06/2016 14:00:00;ALICE IN WONDERLAND;ALICE NO PAÍS DAS MARAVILHAS;E1500291700000;DUBLADO;NÃO;ESTADOS UNIDOS;5003421;CINEMARK SHOPPING RAPOSO TAVARES 03;44;6000018;1843;20591;SÃO PAULO;SP;CINEMARK BRASIL S.A;00.779.721/0001-41
15/06/2016;15/06/2016 14:00:00;ANGRY BIRDS;ANGRY BIRDS - O FILME;E1500732000000;DUBLADO;NÃO;ESTADOS UNIDOS;5002062;AGUA VERDE 1;2;6000023;12893;12894;CURITIBA;PR;ESTILO PRODUÇÕES ARTISTICAS LTDA;03.293.165/0001-97
15/06/2016;15/06/2016 14:00:00;THE CONJURING 2;INVOCAÇÃO DO MAL 2;E1600342300000;DUBLADO;NÃO;ESTADOS UNIDOS;5004486;ARAPIRACA BRA 04;15;6000027;22546;26037;ARAPIRACA;AL;REDECINE BRA CINEMATOGRÁFICA S.A.;15.422.993/0001-67
15/06/2016;15/06/2016 14:00:00;THE CONJURING 2;INVOCAÇÃO DO MAL 2;E1600342300000;DUBLADO;NÃO;ESTADOS UNIDOS;5001625;CINESYSTEM SHOPPING TOTAL SALA 02;16;6000027;2375;6658;CURITIBA;PR;REDECINE CWB CINEMATOGRÁFICA LTDA;05.747.411/0001-69
15/06/2016;15/06/2016 14:10:00;WARCRAFT;WARCFRAT – O PRIMEIRO ENCONTRO ENTRE DOIS MUNDOS;E1500739800000;DUBLADO;NÃO;ESTADOS UNIDOS;5003420;CINEMARK SHOPPING RAPOSO TAVARES 02;7;6000018;1843;20591;SÃO PAULO;SP;CINEMARK BRASIL S.A;00.779.721/0001-41
15/06/2016;15/06/2016 14:20:00;TEENAGE MUTANT NINJA TURTLES: OUT OF THE SHADOWS;AS TARTARUGAS NINJA: FORA DAS SOMBRAS;E1600265600000;DUBLADO;NÃO;ESTADOS UNIDOS;5002063;AGUA VERDE 2;7;6000023;12893;12894;CURITIBA;PR;ESTILO PRODUÇÕES ARTISTICAS LTDA;03.293.165/0001-97
15/06/2016;15/06/2016 14:20:00;THE CONJURING 2;INVOCAÇÃO DO MAL 2;E1600342300000;DUBLADO;NÃO;ESTADOS UNIDOS;5005003;CINESYSTEM AMERICAS 07;5;6000027;5348;28834;RIO DE JANEIRO;RJ;REDECINE - RIO CINEMATOGRAFICA S.A.;07.524.011/0001-10
15/06/2016;15/06/2016 14:20:00;WARCRAFT;WARCFRAT – O PRIMEIRO ENCONTRO ENTRE DOIS MUNDOS;E1500739800000;DUBLADO;NÃO;ESTADOS UNIDOS;5001624;CINESYSTEM SHOPPING TOTAL SALA 01;7;6000027;2375;6658;CURITIBA;PR;REDECINE CWB CINEMATOGRÁFICA LTDA;05.747.411/0001-69
15/06/2016;15/06/2016 14:30:00;NOW YOU SEE ME: THE SECOND ACT;TRUQUE DE MESTRE 2;E1500269900000;DUBLADO;NÃO;ESTADOS UNIDOS;5003424;CINEMARK SHOPPING RAPOSO TAVARES 06;22;6000018;1843;20591;SÃO PAULO;SP;CINEMARK BRASIL S.A;00.779.721/0001-41
15/06/2016;15/06/2016 15:10:00;ALICE THROUGH THE LOOKING GLASS;ALICE ATRAVÉS DO ESPELHO;E1600259100000;DUBLADO;NÃO;ESTADOS UNIDOS;5002601;CINEMAS BENFICA - SALA 3;84;;15690;15691;FORTALEZA;CE;CINEMAS BENFICA LTDA;07.509.597/0001-43
15/06/2016;15/06/2016 15:20:00;WARCRAFT;WARCFRAT – O PRIMEIRO ENCONTRO ENTRE DOIS MUNDOS;E1500739800000;DUBLADO;NÃO;ESTADOS UNIDOS;5002603;CINEMAS BENFICA - SALA 1;75;;15690;15691;FORTALEZA;CE;CINEMAS BENFICA LTDA;07.509.597/0001-43
15/06/2016;15/06/2016 15:20:00;X-MEN: APOCALYPSE;X-MEN - APOCALIPSE;E1600181600000;DUBLADO;NÃO;ESTADOS UNIDOS;5004485;ARAPIRACA BRA 03;11;6000027;22546;26037;ARAPIRACA;AL;REDECINE BRA CINEMATOGRÁFICA S.A.;15.422.993/0001-67
15/06/2016;15/06/2016 15:30:00;THE CONJURING 2;INVOCAÇÃO DO MAL 2;E1600342300000;DUBLADO;NÃO;ESTADOS UNIDOS;5003422;CINEMARK SHOPPING RAPOSO TAVARES 04;77;6000018;1843;20591;SÃO PAULO;SP;CINEMARK BRASIL S.A;00.779.721/0001-41
15/06/2016;15/06/2016 15:40:00;ALICE THROUGH THE LOOKING GLASS;ALICE ATRAVÉS DO ESPELHO;E1600259100000;DUBLADO;NÃO;ESTADOS UNIDOS;5004488;ARAPIRACA BRA 06;14;6000027;22546;26037;ARAPIRACA;AL;REDECINE BRA CINEMATOGRÁFICA S.A.;15.422.993/0001-67
15/06/2016;15/06/2016 15:40:00;NOW YOU SEE ME 2;TRUQUE DE MESTRE: O 2º ATO;E1700176500000;ORIGINAL;SIM;CANADÁ;5004997;CINESYSTEM AMERICAS 01;22;6000027;5348;28834;RIO DE JANEIRO;RJ;REDECINE - RIO CINEMATOGRAFICA S.A.;07.524.011/0001-10
15/06/2016;15/06/2016 15:50:00;WARCRAFT;WARCFRAT – O PRIMEIRO ENCONTRO ENTRE DOIS MUNDOS;E1500739800000;ORIGINAL;SIM;ESTADOS UNIDOS;5005000;CINESYSTEM AMERICAS 04;7;6000027;5348;28834;RIO DE JANEIRO;RJ;REDECINE - RIO CINEMATOGRAFICA S.A.;07.524.011/0001-10
15/06/2016;15/06/2016 16:00:00;ALICE THROUGH THE LOOKING GLASS;ALICE ATRAVÉS DO ESPELHO;E1600259100000;DUBLADO;NÃO;ESTADOS UNIDOS;5004998;CINESYSTEM AMERICAS 02;10;6000027;5348;28834;RIO DE JANEIRO;RJ;REDECINE - RIO CINEMATOGRAFICA S.A.;07.524.011/0001-10
15/06/2016;15/06/2016 16:00:00;NOW YOU SEE ME: THE SECOND ACT;TRUQUE DE MESTRE 2;E1500269900000;DUBLADO;NÃO;ESTADOS UNIDOS;5003425;CINEMARK SHOPPING RAPOSO TAVARES 07;19;6000018;1843;20591;SÃO PAULO;SP;CINEMARK BRASIL S.A;00.779.721/0001-41
15/06/2016;15/06/2016 16:00:00;THE CONJURING 2;INVOCAÇÃO DO MAL 2;E1600342300000;DUBLADO;NÃO;ESTADOS UNIDOS;5002062;AGUA VERDE 1;2;6000023;12893;12894;CURITIBA;PR;ESTILO PRODUÇÕES ARTISTICAS LTDA;03.293.165/0001-97
15/06/2016;15/06/2016 16:00:00;WARCRAFT;WARCFRAT – O PRIMEIRO ENCONTRO ENTRE DOIS MUNDOS;E1500739800000;DUBLADO;NÃO;ESTADOS UNIDOS;5004487;ARAPIRACA BRA 05;10;6000027;22546;26037;ARAPIRACA;AL;REDECINE BRA CINEMATOGRÁFICA S.A.;15.422.993/0001-67
15/06/2016;15/06/2016 16:10:00;NOW YOU SEE ME 2;TRUQUE DE MESTRE: O 2º ATO;E1700176500000;DUBLADO;NÃO;CANADÁ;5005001;CINESYSTEM AMERICAS 05;29;6000027;5348;28834;RIO DE JANEIRO;RJ;REDECINE - RIO CINEMATOGRAFICA S.A.;07.524.011/0001-10
15/06/2016;15/06/2016 16:10:00;THE CONJURING 2;INVOCAÇÃO DO MAL 2;E1600342300000;DUBLADO;NÃO;ESTADOS UNIDOS;5004483;ARAPIRACA BRA 01;40;6000027;22546;26037;ARAPIRACA;AL;REDECINE BRA CINEMATOGRÁFICA S.A.;15.422.993/0001-67
15/06/2016;15/06/2016 16:10:00;THE CONJURING 2;INVOCAÇÃO DO MAL 2;E1600342300000;DUBLADO;NÃO;ESTADOS UNIDOS;5005578;CINESYSTEM PAULISTA SALA 08 CINÉPIC;35;6000027;22546;33152;PAULISTA;PE;REDECINE BRA CINEMATOGRÁFICA S.A.;15.422.993/0001-67
15/06/2016;15/06/2016 16:15:00;THE CONJURING 2;INVOCAÇÃO DO MAL 2;E1600342300000;DUBLADO;NÃO;ESTADOS UNIDOS;5001627;CINESYSTEM SHOPPING TOTAL SALA 04;20;6000027;2375;6658;CURITIBA;PR;REDECINE CWB CINEMATOGRÁFICA LTDA;05.747.411/0001-69
15/06/2016;15/06/2016 16:20:00;ALICE THROUGH THE LOOKING GLASS;ALICE ATRAVÉS DO ESPELHO;E1600259100000;DUBLADO;NÃO;ESTADOS UNIDOS;5005576;CINESYSTEM PAULISTA SALA 06;21;6000027;22546;33152;PAULISTA;PE;REDECINE BRA CINEMATOGRÁFICA S.A.;15.422.993/0001-67
15/06/2016;15/06/2016 16:20:00;NOW YOU SEE ME: THE SECOND ACT;TRUQUE DE MESTRE 2;E1500269900000;DUBLADO;NÃO;ESTADOS UNIDOS;5004484;ARAPIRACA BRA 02;13;6000027;22546;26037;ARAPIRACA;AL;REDECINE BRA CINEMATOGRÁFICA S.A.;15.422.993/0001-67
15/06/2016;15/06/2016 16:20:00;NOW YOU SEE ME: THE SECOND ACT;TRUQUE DE MESTRE 2;E1500269900000;DUBLADO;NÃO;ESTADOS UNIDOS;5001628;CINESYSTEM SHOPPING TOTAL SALA 05;2;6000027;2375;6658;CURITIBA;PR;REDECINE CWB CINEMATOGRÁFICA LTDA;05.747.411/0001-69
15/06/2016;15/06/2016 16:20:00;THE CONJURING 2;INVOCAÇÃO DO MAL 2;E1600342300000;DUBLADO;NÃO;ESTADOS UNIDOS;5003423;CINEMARK SHOPPING RAPOSO TAVARES 05;44;6000018;1843;20591;SÃO PAULO;SP;CINEMARK BRASIL S.A;00.779.721/0001-41
15/06/2016;15/06/2016 16:30:00;ALICE THROUGH THE LOOKING GLASS;ALICE ATRAVÉS DO ESPELHO;E1600259100000;DUBLADO;NÃO;ESTADOS UNIDOS;5002063;AGUA VERDE 2;5;6000023;12893;12894;CURITIBA;PR;ESTILO PRODUÇÕES ARTISTICAS LTDA;03.293.165/0001-97
15/06/2016;15/06/2016 16:30:00;ALICE THROUGH THE LOOKING GLASS;ALICE ATRAVÉS DO ESPELHO;E1600259100000;DUBLADO;NÃO;ESTADOS UNIDOS;5001626;CINESYSTEM SHOPPING TOTAL SALA 03;5;6000027;2375;6658;CURITIBA;PR;REDECINE CWB CINEMATOGRÁFICA LTDA;05.747.411/0001-69
15/06/2016;15/06/2016 16:30:00;THE CONJURING 2;INVOCAÇÃO DO MAL 2;E1600342300000;ORIGINAL;SIM;ESTADOS UNIDOS;5005002;CINESYSTEM AMERICAS 06;9;6000027;5348;28834;RIO DE JANEIRO;RJ;REDECINE - RIO CINEMATOGRAFICA S.A.;07.524.011/0001-10
15/06/2016;15/06/2016 16:40:00;ALICE IN WONDERLAND;ALICE NO PAÍS DAS MARAVILHAS;E1500291700000;DUBLADO;NÃO;ESTADOS UNIDOS;5003421;CINEMARK SHOPPING RAPOSO TAVARES 03;27;6000018;1843;20591;SÃO PAULO;SP;CINEMARK BRASIL S.A;00.779.721/0001-41
15/06/2016;15/06/2016 16:40:00;TEENAGE MUTANT NINJA TURTLES: OUT OF THE SHADOWS;AS TARTARUGAS NINJA: FORA DAS SOMBRAS;E1600265600000;DUBLADO;NÃO;ESTADOS UNIDOS;5004486;ARAPIRACA BRA 04;17;6000027;22546;26037;ARAPIRACA;AL;REDECINE BRA CINEMATOGRÁFICA S.A.;15.422.993/0001-67
15/06/2016;15/06/2016 16:40:00;THE CONJURING 2;INVOCAÇÃO DO MAL 2;E1600342300000;DUBLADO;NÃO;ESTADOS UNIDOS;5001625;CINESYSTEM SHOPPING TOTAL SALA 02;8;6000027;2375;6658;CURITIBA;PR;REDECINE CWB CINEMATOGRÁFICA LTDA;05.747.411/0001-69
15/06/2016;15/06/2016 16:50:00;WARCRAFT;WARCFRAT – O PRIMEIRO ENCONTRO ENTRE DOIS MUNDOS;E1500739800000;DUBLADO;NÃO;ESTADOS UNIDOS;5001624;CINESYSTEM SHOPPING TOTAL SALA 01;9;6000027;2375;6658;CURITIBA;PR;REDECINE CWB CINEMATOGRÁFICA LTDA;05.747.411/0001-69
15/06/2016;15/06/2016 17:00:00;TEENAGE MUTANT NINJA TURTLES: OUT OF THE SHADOWS;AS TARTARUGAS NINJA: FORA DAS SOMBRAS;E1600265600000;DUBLADO;NÃO;ESTADOS UNIDOS;5005003;CINESYSTEM AMERICAS 07;16;6000027;5348;28834;RIO DE JANEIRO;RJ;REDECINE - RIO CINEMATOGRAFICA S.A.;07.524.011/0001-10
15/06/2016;15/06/2016 17:00:00;WARCRAFT;WARCFRAT – O PRIMEIRO ENCONTRO ENTRE DOIS MUNDOS;E1500739800000;DUBLADO;NÃO;ESTADOS UNIDOS;5003420;CINEMARK SHOPPING RAPOSO TAVARES 02;8;6000018;1843;20591;SÃO PAULO;SP;CINEMARK BRASIL S.A;00.779.721/0001-41
15/06/2016;15/06/2016 17:20:00;ALICE THROUGH THE LOOKING GLASS;ALICE ATRAVÉS DO ESPELHO;E1600259100000;DUBLADO;NÃO;ESTADOS UNIDOS;5002601;CINEMAS BENFICA - SALA 3;78;;15690;15691;FORTALEZA;CE;CINEMAS BENFICA LTDA;07.509.597/0001-43
15/06/2016;15/06/2016 17:30:00;NOW YOU SEE ME: THE SECOND ACT;TRUQUE DE MESTRE 2;E1500269900000;DUBLADO;NÃO;ESTADOS UNIDOS;5003424;CINEMARK SHOPPING RAPOSO TAVARES 06;37;6000018;1843;20591;SÃO PAULO;SP;CINEMARK BRASIL S.A;00.779.721/0001-41
15/06/2016;15/06/2016 17:40:00;WARCRAFT;WARCFRAT – O PRIMEIRO ENCONTRO ENTRE DOIS MUNDOS;E1500739800000;DUBLADO;NÃO;ESTADOS UNIDOS;5002603;CINEMAS BENFICA - SALA 1;42;;15690;15691;FORTALEZA;CE;CINEMAS BENFICA LTDA;07.509.597/0001-43
15/06/2016;15/06/2016 18:05:00;NOW YOU SEE ME: THE SECOND ACT;TRUQUE DE MESTRE 2;E1500269900000;DUBLADO;NÃO;ESTADOS UNIDOS;5004488;ARAPIRACA BRA 06;22;6000027;22546;26037;ARAPIRACA;AL;REDECINE BRA CINEMATOGRÁFICA S.A.;15.422.993/0001-67
15/06/2016;15/06/2016 18:15:00;X-MEN: APOCALYPSE;X-MEN - APOCALIPSE;E1600181600000;DUBLADO;NÃO;ESTADOS UNIDOS;5004485;ARAPIRACA BRA 03;11;6000027;22546;26037;ARAPIRACA;AL;REDECINE BRA CINEMATOGRÁFICA S.A.;15.422.993/0001-67
15/06/2016;15/06/2016 18:20:00;NOW YOU SEE ME 2;TRUQUE DE MESTRE: O 2º ATO;E1700176500000;ORIGINAL;SIM;CANADÁ;5004998;CINESYSTEM AMERICAS 02;14;6000027;5348;28834;RIO DE JANEIRO;RJ;REDECINE - RIO CINEMATOGRAFICA S.A.;07.524.011/0001-10
15/06/2016;15/06/2016 18:30:00;THE CONJURING 2;INVOCAÇÃO DO MAL 2;E1600342300000;DUBLADO;NÃO;ESTADOS UNIDOS;5002062;AGUA VERDE 1;14;6000023;12893;12894;CURITIBA;PR;ESTILO PRODUÇÕES ARTISTICAS LTDA;03.293.165/0001-97
15/06/2016;15/06/2016 18:30:00;THE CONJURING 2;INVOCAÇÃO DO MAL 2;E1600342300000;DUBLADO;NÃO;ESTADOS UNIDOS;5003422;CINEMARK SHOPPING RAPOSO TAVARES 04;97;6000018;1843;20591;SÃO PAULO;SP;CINEMARK BRASIL S.A;00.779.721/0001-41
15/06/2016;15/06/2016 18:30:00;WARCRAFT;WARCFRAT – O PRIMEIRO ENCONTRO ENTRE DOIS MUNDOS;E1500739800000;DUBLADO;NÃO;ESTADOS UNIDOS;5004487;ARAPIRACA BRA 05;37;6000027;22546;26037;ARAPIRACA;AL;REDECINE BRA CINEMATOGRÁFICA S.A.;15.422.993/0001-67
15/06/2016;15/06/2016 18:40:00;TEENAGE MUTANT NINJA TURTLES: OUT OF THE SHADOWS;AS TARTARUGAS NINJA: FORA DAS SOMBRAS;E1600265600000;DUBLADO;NÃO;ESTADOS UNIDOS;5002063;AGUA VERDE 2;13;6000023;12893;12894;CURITIBA;PR;ESTILO PRODUÇÕES ARTISTICAS LTDA;03.293.165/0001-97
15/06/2016;15/06/2016 18:40:00;WARCRAFT;WARCFRAT – O PRIMEIRO ENCONTRO ENTRE DOIS MUNDOS;E1500739800000;ORIGINAL;SIM;ESTADOS UNIDOS;5005000;CINESYSTEM AMERICAS 04;10;6000027;5348;28834;RIO DE JANEIRO;RJ;REDECINE - RIO CINEMATOGRAFICA S.A.;07.524.011/0001-10
15/06/2016;15/06/2016 18:45:00;ALICE THROUGH THE LOOKING GLASS;ALICE ATRAVÉS DO ESPELHO;E1600259100000;DUBLADO;NÃO;ESTADOS UNIDOS;5005576;CINESYSTEM PAULISTA SALA 06;14;6000027;22546;33152;PAULISTA;PE;REDECINE BRA CINEMATOGRÁFICA S.A.;15.422.993/0001-67
15/06/2016;15/06/2016 18:50:00;ALICE THROUGH THE LOOKING GLASS;ALICE ATRAVÉS DO ESPELHO;E1600259100000;ORIGINAL;SIM;ESTADOS UNIDOS;5005001;CINESYSTEM AMERICAS 05;10;6000027;5348;28834;RIO DE JANEIRO;RJ;REDECINE - RIO CINEMATOGRAFICA S.A.;07.524.011/0001-10
15/06/2016;15/06/2016 18:50:00;NOW YOU SEE ME: THE SECOND ACT;TRUQUE DE MESTRE 2;E1500269900000;DUBLADO;NÃO;ESTADOS UNIDOS;5001626;CINESYSTEM SHOPPING TOTAL SALA 03;10;6000027;2375;6658;CURITIBA;PR;REDECINE CWB CINEMATOGRÁFICA LTDA;05.747.411/0001-69
15/06/2016;15/06/2016 18:50:00;THE CONJURING 2;INVOCAÇÃO DO MAL 2;E1600342300000;DUBLADO;NÃO;ESTADOS UNIDOS;5004483;ARAPIRACA BRA 01;24;6000027;22546;26037;ARAPIRACA;AL;REDECINE BRA CINEMATOGRÁFICA S.A.;15.422.993/0001-67
15/06/2016;15/06/2016 18:55:00;WARCRAFT;WARCFRAT – O PRIMEIRO ENCONTRO ENTRE DOIS MUNDOS;E1500739800000;DUBLADO;NÃO;ESTADOS UNIDOS;5001627;CINESYSTEM SHOPPING TOTAL SALA 04;13;6000027;2375;6658;CURITIBA;PR;REDECINE CWB CINEMATOGRÁFICA LTDA;05.747.411/0001-69
15/06/2016;15/06/2016 19:00:00;ALICE THROUGH THE LOOKING GLASS;ALICE ATRAVÉS DO ESPELHO;E1600259100000;DUBLADO;NÃO;ESTADOS UNIDOS;5004484;ARAPIRACA BRA 02;17;6000027;22546;26037;ARAPIRACA;AL;REDECINE BRA CINEMATOGRÁFICA S.A.;15.422.993/0001-67
15/06/2016;15/06/2016 19:00:00;ALICE THROUGH THE LOOKING GLASS;ALICE ATRAVÉS DO ESPELHO;E1600259100000;DUBLADO;NÃO;ESTADOS UNIDOS;5001628;CINESYSTEM SHOPPING TOTAL SALA 05;22;6000027;2375;6658;CURITIBA;PR;REDECINE CWB CINEMATOGRÁFICA LTDA;05.747.411/0001-69
15/06/2016;15/06/2016 19:00:00;NOW YOU SEE ME 2;TRUQUE DE MESTRE: O 2º ATO;E1700176500000;ORIGINAL;SIM;CANADÁ;5004997;CINESYSTEM AMERICAS 01;35;6000027;5348;28834;RIO DE JANEIRO;RJ;REDECINE - RIO CINEMATOGRAFICA S.A.;07.524.011/0001-10
15/06/2016;15/06/2016 19:00:00;NOW YOU SEE ME: THE SECOND ACT;TRUQUE DE MESTRE 2;E1500269900000;DUBLADO;NÃO;ESTADOS UNIDOS;5003425;CINEMARK SHOPPING RAPOSO TAVARES 07;58;6000018;1843;20591;SÃO PAULO;SP;CINEMARK BRASIL S.A;00.779.721/0001-41
15/06/2016;15/06/2016 19:10:00;TEENAGE MUTANT NINJA TURTLES: OUT OF THE SHADOWS;AS TARTARUGAS NINJA: FORA DAS SOMBRAS;E1600265600000;DUBLADO;NÃO;ESTADOS UNIDOS;5003421;CINEMARK SHOPPING RAPOSO TAVARES 03;18;6000018;1843;20591;SÃO PAULO;SP;CINEMARK BRASIL S.A;00.779.721/0001-41
15/06/2016;15/06/2016 19:10:00;THE CONJURING 2;INVOCAÇÃO DO MAL 2;E1600342300000;DUBLADO;NÃO;ESTADOS UNIDOS;5004486;ARAPIRACA BRA 04;55;6000027;22546;26037;ARAPIRACA;AL;REDECINE BRA CINEMATOGRÁFICA S.A.;15.422.993/0001-67
15/06/2016;15/06/2016 19:10:00;THE CONJURING 2;INVOCAÇÃO DO MAL 2;E1600342300000;DUBLADO;NÃO;ESTADOS UNIDOS;5005578;CINESYSTEM PAULISTA SALA 08 CINÉPIC;54;6000027;22546;33152;PAULISTA;PE;REDECINE BRA CINEMATOGRÁFICA S.A.;15.422.993/0001-67
15/06/2016;15/06/2016 19:15:00;THE CONJURING 2;INVOCAÇÃO DO MAL 2;E1600342300000;ORIGINAL;SIM;ESTADOS UNIDOS;5005002;CINESYSTEM AMERICAS 06;31;6000027;5348;28834;RIO DE JANEIRO;RJ;REDECINE - RIO CINEMATOGRAFICA S.A.;07.524.011/0001-10
15/06/2016;15/06/2016 19:20:00;THE CONJURING 2;INVOCAÇÃO DO MAL 2;E1600342300000;DUBLADO;NÃO;ESTADOS UNIDOS;5003423;CINEMARK SHOPPING RAPOSO TAVARES 05;94;6000018;1843;20591;SÃO PAULO;SP;CINEMARK BRASIL S.A;00.779.721/0001-41
15/06/2016;15/06/2016 19:20:00;THE CONJURING 2;INVOCAÇÃO DO MAL 2;E1600342300000;DUBLADO;NÃO;ESTADOS UNIDOS;5001625;CINESYSTEM SHOPPING TOTAL SALA 02;71;6000027;2375;6658;CURITIBA;PR;REDECINE CWB CINEMATOGRÁFICA LTDA;05.747.411/0001-69
15/06/2016;15/06/2016 19:25:00;TEENAGE MUTANT NINJA TURTLES: OUT OF THE SHADOWS;AS TARTARUGAS NINJA: FORA DAS SOMBRAS;E1600265600000;ORIGINAL;SIM;ESTADOS UNIDOS;5005003;CINESYSTEM AMERICAS 07;8;6000027;5348;28834;RIO DE JANEIRO;RJ;REDECINE - RIO CINEMATOGRAFICA S.A.;07.524.011/0001-10
15/06/2016;15/06/2016 19:30:00;ALICE THROUGH THE LOOKING GLASS;ALICE ATRAVÉS DO ESPELHO;E1600259100000;DUBLADO;NÃO;ESTADOS UNIDOS;5002601;CINEMAS BENFICA - SALA 3;99;;15690;15691;FORTALEZA;CE;CINEMAS BENFICA LTDA;07.509.597/0001-43
15/06/2016;15/06/2016 19:30:00;TEENAGE MUTANT NINJA TURTLES: OUT OF THE SHADOWS;AS TARTARUGAS NINJA: FORA DAS SOMBRAS;E1600265600000;DUBLADO;NÃO;ESTADOS UNIDOS;5001624;CINESYSTEM SHOPPING TOTAL SALA 01;46;6000027;2375;6658;CURITIBA;PR;REDECINE CWB CINEMATOGRÁFICA LTDA;05.747.411/0001-69
15/06/2016;15/06/2016 20:00:00;WARCRAFT;WARCFRAT – O PRIMEIRO ENCONTRO ENTRE DOIS MUNDOS;E1500739800000;DUBLADO;NÃO;ESTADOS UNIDOS;5003420;CINEMARK SHOPPING RAPOSO TAVARES 02;47;6000018;1843;20591;SÃO PAULO;SP;CINEMARK BRASIL S.A;00.779.721/0001-41
15/06/2016;15/06/2016 20:05:00;WARCRAFT;WARCFRAT – O PRIMEIRO ENCONTRO ENTRE DOIS MUNDOS;E1500739800000;ORIGINAL;SIM;ESTADOS UNIDOS;5002603;CINEMAS BENFICA - SALA 1;79;;15690;15691;FORTALEZA;CE;CINEMAS BENFICA LTDA;07.509.597/0001-43
15/06/2016;15/06/2016 20:30:00;NOW YOU SEE ME: THE SECOND ACT;TRUQUE DE MESTRE 2;E1500269900000;DUBLADO;NÃO;ESTADOS UNIDOS;5003424;CINEMARK SHOPPING RAPOSO TAVARES 06;108;6000018;1843;20591;SÃO PAULO;SP;CINEMARK BRASIL S.A;00.779.721/0001-41
15/06/2016;15/06/2016 20:50:00;ALICE THROUGH THE LOOKING GLASS;ALICE ATRAVÉS DO ESPELHO;E1600259100000;DUBLADO;NÃO;ESTADOS UNIDOS;5002063;AGUA VERDE 2;15;6000023;12893;12894;CURITIBA;PR;ESTILO PRODUÇÕES ARTISTICAS LTDA;03.293.165/0001-97
15/06/2016;15/06/2016 20:50:00;NOW YOU SEE ME: THE SECOND ACT;TRUQUE DE MESTRE 2;E1500269900000;DUBLADO;NÃO;ESTADOS UNIDOS;5004488;ARAPIRACA BRA 06;54;6000027;22546;26037;ARAPIRACA;AL;REDECINE BRA CINEMATOGRÁFICA S.A.;15.422.993/0001-67
15/06/2016;15/06/2016 21:00:00;NOW YOU SEE ME 2;TRUQUE DE MESTRE: O 2º ATO;E1700176500000;ORIGINAL;SIM;CANADÁ;5004998;CINESYSTEM AMERICAS 02;30;6000027;5348;28834;RIO DE JANEIRO;RJ;REDECINE - RIO CINEMATOGRAFICA S.A.;07.524.011/0001-10
15/06/2016;15/06/2016 21:00:00;THE CONJURING 2;INVOCAÇÃO DO MAL 2;E1600342300000;DUBLADO;NÃO;ESTADOS UNIDOS;5002062;AGUA VERDE 1;9;6000023;12893;12894;CURITIBA;PR;ESTILO PRODUÇÕES ARTISTICAS LTDA;03.293.165/0001-97
15/06/2016;15/06/2016 21:00:00;WARCRAFT;WARCFRAT – O PRIMEIRO ENCONTRO ENTRE DOIS MUNDOS;E1500739800000;DUBLADO;NÃO;ESTADOS UNIDOS;5004487;ARAPIRACA BRA 05;42;6000027;22546;26037;ARAPIRACA;AL;REDECINE BRA CINEMATOGRÁFICA S.A.;15.422.993/0001-67
15/06/2016;15/06/2016 21:10:00;ALICE THROUGH THE LOOKING GLASS;ALICE ATRAVÉS DO ESPELHO;E1600259100000;DUBLADO;NÃO;ESTADOS UNIDOS;5005001;CINESYSTEM AMERICAS 05;14;6000027;5348;28834;RIO DE JANEIRO;RJ;REDECINE - RIO CINEMATOGRAFICA S.A.;07.524.011/0001-10
15/06/2016;15/06/2016 21:10:00;ALICE THROUGH THE LOOKING GLASS;ALICE ATRAVÉS DO ESPELHO;E1600259100000;DUBLADO;NÃO;ESTADOS UNIDOS;5005576;CINESYSTEM PAULISTA SALA 06;11;6000027;22546;33152;PAULISTA;PE;REDECINE BRA CINEMATOGRÁFICA S.A.;15.422.993/0001-67
15/06/2016;15/06/2016 21:10:00;X-MEN: APOCALYPSE;X-MEN - APOCALIPSE;E1600181600000;DUBLADO;NÃO;ESTADOS UNIDOS;5004485;ARAPIRACA BRA 03;25;6000027;22546;26037;ARAPIRACA;AL;REDECINE BRA CINEMATOGRÁFICA S.A.;15.422.993/0001-67
15/06/2016;15/06/2016 21:20:00;ALICE THROUGH THE LOOKING GLASS;ALICE ATRAVÉS DO ESPELHO;E1600259100000;DUBLADO;NÃO;ESTADOS UNIDOS;5004484;ARAPIRACA BRA 02;7;6000027;22546;26037;ARAPIRACA;AL;REDECINE BRA CINEMATOGRÁFICA S.A.;15.422.993/0001-67
15/06/2016;15/06/2016 21:20:00;ALICE THROUGH THE LOOKING GLASS;ALICE ATRAVÉS DO ESPELHO;E1600259100000;DUBLADO;NÃO;ESTADOS UNIDOS;5001628;CINESYSTEM SHOPPING TOTAL SALA 05;31;6000027;2375;6658;CURITIBA;PR;REDECINE CWB CINEMATOGRÁFICA LTDA;05.747.411/0001-69
15/06/2016;15/06/2016 21:20:00;WARCRAFT;WARCFRAT – O PRIMEIRO ENCONTRO ENTRE DOIS MUNDOS;E1500739800000;ORIGINAL;SIM;ESTADOS UNIDOS;5005000;CINESYSTEM AMERICAS 04;12;6000027;5348;28834;RIO DE JANEIRO;RJ;REDECINE - RIO CINEMATOGRAFICA S.A.;07.524.011/0001-10
15/06/2016;15/06/2016 21:25:00;THE CONJURING 2;INVOCAÇÃO DO MAL 2;E1600342300000;DUBLADO;NÃO;ESTADOS UNIDOS;5003422;CINEMARK SHOPPING RAPOSO TAVARES 04;148;6000018;1843;20591;SÃO PAULO;SP;CINEMARK BRASIL S.A;00.779.721/0001-41
15/06/2016;15/06/2016 21:25:00;WARCRAFT;WARCFRAT – O PRIMEIRO ENCONTRO ENTRE DOIS MUNDOS;E1500739800000;DUBLADO;NÃO;ESTADOS UNIDOS;5001627;CINESYSTEM SHOPPING TOTAL SALA 04;18;6000027;2375;6658;CURITIBA;PR;REDECINE CWB CINEMATOGRÁFICA LTDA;05.747.411/0001-69
15/06/2016;15/06/2016 21:30:00;NOW YOU SEE ME: THE SECOND ACT;TRUQUE DE MESTRE 2;E1500269900000;DUBLADO;NÃO;ESTADOS UNIDOS;5001626;CINESYSTEM SHOPPING TOTAL SALA 03;28;6000027;2375;6658;CURITIBA;PR;REDECINE CWB CINEMATOGRÁFICA LTDA;05.747.411/0001-69
15/06/2016;15/06/2016 21:30:00;THE CONJURING 2;INVOCAÇÃO DO MAL 2;E1600342300000;DUBLADO;NÃO;ESTADOS UNIDOS;5004483;ARAPIRACA BRA 01;48;6000027;22546;26037;ARAPIRACA;AL;REDECINE BRA CINEMATOGRÁFICA S.A.;15.422.993/0001-67
15/06/2016;15/06/2016 21:40:00;MONEY MONSTER;JOGO DO DINHEIRO;E1500735200000;ORIGINAL;SIM;ESTADOS UNIDOS;5004997;CINESYSTEM AMERICAS 01;14;6000027;5348;28834;RIO DE JANEIRO;RJ;REDECINE - RIO CINEMATOGRAFICA S.A.;07.524.011/0001-10
15/06/2016;15/06/2016 21:50:00;TEENAGE MUTANT NINJA TURTLES: OUT OF THE SHADOWS;AS TARTARUGAS NINJA: FORA DAS SOMBRAS;E1600265600000;DUBLADO;NÃO;ESTADOS UNIDOS;5004486;ARAPIRACA BRA 04;46;6000027;22546;26037;ARAPIRACA;AL;REDECINE BRA CINEMATOGRÁFICA S.A.;15.422.993/0001-67
15/06/2016;15/06/2016 21:50:00;TEENAGE MUTANT NINJA TURTLES: OUT OF THE SHADOWS;AS TARTARUGAS NINJA: FORA DAS SOMBRAS;E1600265600000;DUBLADO;NÃO;ESTADOS UNIDOS;5003421;CINEMARK SHOPPING RAPOSO TAVARES 03;14;6000018;1843;20591;SÃO PAULO;SP;CINEMARK BRASIL S.A;00.779.721/0001-41
15/06/2016;15/06/2016 21:50:00;THE CONJURING 2;INVOCAÇÃO DO MAL 2;E1600342300000;ORIGINAL;SIM;ESTADOS UNIDOS;5005003;CINESYSTEM AMERICAS 07;12;6000027;5348;28834;RIO DE JANEIRO;RJ;REDECINE - RIO CINEMATOGRAFICA S.A.;07.524.011/0001-10
15/06/2016;15/06/2016 21:50:00;THE CONJURING 2;INVOCAÇÃO DO MAL 2;E1600342300000;DUBLADO;NÃO;ESTADOS UNIDOS;5005578;CINESYSTEM PAULISTA SALA 08 CINÉPIC;25;6000027;22546;33152;PAULISTA;PE;REDECINE BRA CINEMATOGRÁFICA S.A.;15.422.993/0001-67
15/06/2016;15/06/2016 21:50:00;X-MEN: APOCALYPSE;X-MEN - APOCALIPSE;E1600181600000;DUBLADO;NÃO;ESTADOS UNIDOS;5001624;CINESYSTEM SHOPPING TOTAL SALA 01;20;6000027;2375;6658;CURITIBA;PR;REDECINE CWB CINEMATOGRÁFICA LTDA;05.747.411/0001-69
15/06/2016;15/06/2016 22:00:00;NOW YOU SEE ME: THE SECOND ACT;TRUQUE DE MESTRE 2;E1500269900000;DUBLADO;NÃO;ESTADOS UNIDOS;5003425;CINEMARK SHOPPING RAPOSO TAVARES 07;37;6000018;1843;20591;SÃO PAULO;SP;CINEMARK BRASIL S.A;00.779.721/0001-41
15/06/2016;15/06/2016 22:00:00;THE CONJURING 2;INVOCAÇÃO DO MAL 2;E1600342300000;ORIGINAL;SIM;ESTADOS UNIDOS;5005002;CINESYSTEM AMERICAS 06;9;6000027;5348;28834;RIO DE JANEIRO;RJ;REDECINE - RIO CINEMATOGRAFICA S.A.;07.524.011/0001-10
15/06/2016;15/06/2016 22:00:00;THE CONJURING 2;INVOCAÇÃO DO MAL 2;E1600342300000;DUBLADO;NÃO;ESTADOS UNIDOS;5001625;CINESYSTEM SHOPPING TOTAL SALA 02;39;6000027;2375;6658;CURITIBA;PR;REDECINE CWB CINEMATOGRÁFICA LTDA;05.747.411/0001-69
15/06/2016;15/06/2016 22:20:00;THE CONJURING 2;INVOCAÇÃO DO MAL 2;E1600342300000;DUBLADO;NÃO;ESTADOS UNIDOS;5003423;CINEMARK SHOPPING RAPOSO TAVARES 05;49;6000018;1843;20591;SÃO PAULO;SP;CINEMARK BRASIL S.A;00.779.721/0001-41
16/06/2016;16/06/2016 12:50:00;NOW YOU SEE ME: THE SECOND ACT;TRUQUE DE MESTRE 2;E1500269900000;DUBLADO;NÃO;ESTADOS UNIDOS;5003419;CINEMARK SHOPPING RAPOSO TAVARES 01;4;6000018;1843;20591;SÃO PAULO;SP;CINEMARK BRASIL S.A;00.779.721/0001-41
16/06/2016;16/06/2016 13:00:00;ME BEFORE YOU;COMO EU ERA ANTES DE VOCÊ;E1500875700000;DUBLADO;NÃO;ESTADOS UNIDOS;5003425;CINEMARK SHOPPING RAPOSO TAVARES 07;6;6000018;1843;20591;SÃO PAULO;SP;CINEMARK BRASIL S.A;00.779.721/0001-41
16/06/2016;16/06/2016 13:10:00;TEENAGE MUTANT NINJA TURTLES: OUT OF THE SHADOWS;AS TARTARUGAS NINJA: FORA DAS SOMBRAS;E1600265600000;DUBLADO;NÃO;ESTADOS UNIDOS;5002603;CINEMAS BENFICA - SALA 1;19;;15690;15691;FORTALEZA;CE;CINEMAS BENFICA LTDA;07.509.597/0001-43
16/06/2016;16/06/2016 13:15:00;TEENAGE MUTANT NINJA TURTLES: OUT OF THE SHADOWS;AS TARTARUGAS NINJA: FORA DAS SOMBRAS;E1600265600000;DUBLADO;NÃO;ESTADOS UNIDOS;5005575;CINESYSTEM PAULISTA SALA 05;2;6000027;22546;33152;PAULISTA;PE;REDECINE BRA CINEMATOGRÁFICA S.A.;15.422.993/0001-67
16/06/2016;16/06/2016 13:20:00;NOW YOU SEE ME: THE SECOND ACT;TRUQUE DE MESTRE 2;E1500269900000;DUBLADO;NÃO;ESTADOS UNIDOS;5004488;ARAPIRACA BRA 06;9;6000027;22546;26037;ARAPIRACA;AL;REDECINE BRA CINEMATOGRÁFICA S.A.;15.422.993/0001-67
16/06/2016;16/06/2016 13:20:00;TEENAGE MUTANT NINJA TURTLES: OUT OF THE SHADOWS;AS TARTARUGAS NINJA: FORA DAS SOMBRAS;E1600265600000;DUBLADO;NÃO;ESTADOS UNIDOS;5003423;CINEMARK SHOPPING RAPOSO TAVARES 05;0;6000018;1843;20591;SÃO PAULO;SP;CINEMARK BRASIL S.A;00.779.721/0001-41
16/06/2016;16/06/2016 13:20:00;TINI - EL GRAN CAMBIO DE VIOLETTA;TINI - DEPOIS DE VIOLETTA;E1600323700000;DUBLADO;NÃO;ARGENTINA;5004997;CINESYSTEM AMERICAS 01;0;6000027;5348;28834;RIO DE JANEIRO;RJ;REDECINE - RIO CINEMATOGRAFICA S.A.;07.524.011/0001-10
16/06/2016;16/06/2016 13:25:00;ALICE THROUGH THE LOOKING GLASS;ALICE ATRAVÉS DO ESPELHO;E1600259100000;DUBLADO;NÃO;ESTADOS UNIDOS;5004484;ARAPIRACA BRA 02;7;6000027;22546;26037;ARAPIRACA;AL;REDECINE BRA CINEMATOGRÁFICA S.A.;15.422.993/0001-67
16/06/2016;16/06/2016 13:25:00;ALICE THROUGH THE LOOKING GLASS;ALICE ATRAVÉS DO ESPELHO;E1600259100000;DUBLADO;NÃO;ESTADOS UNIDOS;5005001;CINESYSTEM AMERICAS 05;8;6000027;5348;28834;RIO DE JANEIRO;RJ;REDECINE - RIO CINEMATOGRAFICA S.A.;07.524.011/0001-10
16/06/2016;16/06/2016 13:25:00;THE CONJURING 2;INVOCAÇÃO DO MAL 2;E1600342300000;DUBLADO;NÃO;ESTADOS UNIDOS;5005574;CINESYSTEM PAULISTA SALA 04;8;6000027;22546;33152;PAULISTA;PE;REDECINE BRA CINEMATOGRÁFICA S.A.;15.422.993/0001-67
16/06/2016;16/06/2016 13:30:00;NOW YOU SEE ME 2;TRUQUE DE MESTRE: O 2º ATO;E1700176500000;ORIGINAL;SIM;CANADÁ;5005003;CINESYSTEM AMERICAS 07;11;6000027;5348;28834;RIO DE JANEIRO;RJ;REDECINE - RIO CINEMATOGRAFICA S.A.;07.524.011/0001-10
16/06/2016;16/06/2016 13:30:00;THE CONJURING 2;INVOCAÇÃO DO MAL 2;E1600342300000;DUBLADO;NÃO;ESTADOS UNIDOS;5004486;ARAPIRACA BRA 04;28;6000027;22546;26037;ARAPIRACA;AL;REDECINE BRA CINEMATOGRÁFICA S.A.;15.422.993/0001-67
16/06/2016;16/06/2016 13:35:00;THE CONJURING 2;INVOCAÇÃO DO MAL 2;E1600342300000;ORIGINAL;SIM;ESTADOS UNIDOS;5004998;CINESYSTEM AMERICAS 02;12;6000027;5348;28834;RIO DE JANEIRO;RJ;REDECINE - RIO CINEMATOGRAFICA S.A.;07.524.011/0001-10
16/06/2016;16/06/2016 13:40:00;TEENAGE MUTANT NINJA TURTLES: OUT OF THE SHADOWS;AS TARTARUGAS NINJA: FORA DAS SOMBRAS;E1600265600000;DUBLADO;NÃO;ESTADOS UNIDOS;5004483;ARAPIRACA BRA 01;2;6000027;22546;26037;ARAPIRACA;AL;REDECINE BRA CINEMATOGRÁFICA S.A.;15.422.993/0001-67
16/06/2016;16/06/2016 13:40:00;TEENAGE MUTANT NINJA TURTLES: OUT OF THE SHADOWS;AS TARTARUGAS NINJA: FORA DAS SOMBRAS;E1600265600000;ORIGINAL;SIM;ESTADOS UNIDOS;5005002;CINESYSTEM AMERICAS 06;3;6000027;5348;28834;RIO DE JANEIRO;RJ;REDECINE - RIO CINEMATOGRAFICA S.A.;07.524.011/0001-10
16/06/2016;16/06/2016 13:50:00;ALICE THROUGH THE LOOKING GLASS;ALICE ATRAVÉS DO ESPELHO;E1600259100000;DUBLADO;NÃO;ESTADOS UNIDOS;5002780;ILHA PLAZA 03;6;6000027;5348;16645;RIO DE JANEIRO;RJ;REDECINE - RIO CINEMATOGRAFICA S.A.;07.524.011/0001-10
16/06/2016;16/06/2016 13:50:00;ME BEFORE YOU;COMO EU ERA ANTES DE VOCÊ;E1500875700000;ORIGINAL;SIM;ESTADOS UNIDOS;5005000;CINESYSTEM AMERICAS 04;26;6000027;5348;28834;RIO DE JANEIRO;RJ;REDECINE - RIO CINEMATOGRAFICA S.A.;07.524.011/0001-10
16/06/2016;16/06/2016 13:50:00;ME BEFORE YOU;COMO EU ERA ANTES DE VOCÊ;E1500875700000;DUBLADO;NÃO;ESTADOS UNIDOS;5005576;CINESYSTEM PAULISTA SALA 06;20;6000027;22546;33152;PAULISTA;PE;REDECINE BRA CINEMATOGRÁFICA S.A.;15.422.993/0001-67
16/06/2016;16/06/2016 13:50:00;WARCRAFT;WARCFRAT – O PRIMEIRO ENCONTRO ENTRE DOIS MUNDOS;E1500739800000;DUBLADO;NÃO;ESTADOS UNIDOS;5001628;CINESYSTEM SHOPPING TOTAL SALA 05;5;6000027;2375;6658;CURITIBA;PR;REDECINE CWB CINEMATOGRÁFICA LTDA;05.747.411/0001-69
16/06/2016;16/06/2016 14:00:00;NOW YOU SEE ME: THE SECOND ACT;TRUQUE DE MESTRE 2;E1500269900000;DUBLADO;NÃO;ESTADOS UNIDOS;5003420;CINEMARK SHOPPING RAPOSO TAVARES 02;10;6000018;1843;20591;SÃO PAULO;SP;CINEMARK BRASIL S.A;00.779.721/0001-41
16/06/2016;16/06/2016 14:00:00;TEENAGE MUTANT NINJA TURTLES: OUT OF THE SHADOWS;AS TARTARUGAS NINJA: FORA DAS SOMBRAS;E1600265600000;DUBLADO;NÃO;ESTADOS UNIDOS;5004485;ARAPIRACA BRA 03;9;6000027;22546;26037;ARAPIRACA;AL;REDECINE BRA CINEMATOGRÁFICA S.A.;15.422.993/0001-67
16/06/2016;16/06/2016 14:00:00;THE CONJURING 2;INVOCAÇÃO DO MAL 2;E1600342300000;DUBLADO;NÃO;ESTADOS UNIDOS;5001627;CINESYSTEM SHOPPING TOTAL SALA 04;20;6000027;2375;6658;CURITIBA;PR;REDECINE CWB CINEMATOGRÁFICA LTDA;05.747.411/0001-69
16/06/2016;16/06/2016 14:10:00;ALICE THROUGH THE LOOKING GLASS;ALICE ATRAVÉS DO ESPELHO;E1600259100000;DUBLADO;NÃO;ESTADOS UNIDOS;5001624;CINESYSTEM SHOPPING TOTAL SALA 01;22;6000027;2375;6658;CURITIBA;PR;REDECINE CWB CINEMATOGRÁFICA LTDA;05.747.411/0001-69
16/06/2016;16/06/2016 14:10:00;ME BEFORE YOU;COMO EU ERA ANTES DE VOCÊ;E1500875700000;DUBLADO;NÃO;ESTADOS UNIDOS;5004487;ARAPIRACA BRA 05;36;6000027;22546;26037;ARAPIRACA;AL;REDECINE BRA CINEMATOGRÁFICA S.A.;15.422.993/0001-67
16/06/2016;16/06/2016 14:10:00;ME BEFORE YOU;COMO EU ERA ANTES DE VOCÊ;E1500875700000;DUBLADO;NÃO;ESTADOS UNIDOS;5003422;CINEMARK SHOPPING RAPOSO TAVARES 04;36;6000018;1843;20591;SÃO PAULO;SP;CINEMARK BRASIL S.A;00.779.721/0001-41
16/06/2016;16/06/2016 14:10:00;TEENAGE MUTANT NINJA TURTLES: OUT OF THE SHADOWS;AS TARTARUGAS NINJA: FORA DAS SOMBRAS;E1600265600000;DUBLADO;NÃO;ESTADOS UNIDOS;5004999;CINESYSTEM AMERICAS 03;3;6000027;5348;28834;RIO DE JANEIRO;RJ;REDECINE - RIO CINEMATOGRAFICA S.A.;07.524.011/0001-10
16/06/2016;16/06/2016 14:20:00;TEENAGE MUTANT NINJA TURTLES: OUT OF THE SHADOWS;AS TARTARUGAS NINJA: FORA DAS SOMBRAS;E1600265600000;DUBLADO;NÃO;ESTADOS UNIDOS;5002063;AGUA VERDE 2;1;6000023;12893;12894;CURITIBA;PR;ESTILO PRODUÇÕES ARTISTICAS LTDA;03.293.165/0001-97
16/06/2016;16/06/2016 14:30:00;ME BEFORE YOU;COMO EU ERA ANTES DE VOCÊ;E1500875700000;DUBLADO;NÃO;ESTADOS UNIDOS;5001626;CINESYSTEM SHOPPING TOTAL SALA 03;22;6000027;2375;6658;CURITIBA;PR;REDECINE CWB CINEMATOGRÁFICA LTDA;05.747.411/0001-69
16/06/2016;16/06/2016 14:30:00;PEPPA PIG, THE GOLDEN BOOTS AND OTHER STORIES;PEPPA PIG - AS BOTAS DE OURO E OUTRAS HISTÓRIAS;E1600291900000;DUBLADO;NÃO;ESTADOS UNIDOS;5002062;AGUA VERDE 1;3;6000023;12893;12894;CURITIBA;PR;ESTILO PRODUÇÕES ARTISTICAS LTDA;03.293.165/0001-97
16/06/2016;16/06/2016 14:30:00;THE CONJURING 2;INVOCAÇÃO DO MAL 2;E1600342300000;DUBLADO;NÃO;ESTADOS UNIDOS;5003424;CINEMARK SHOPPING RAPOSO TAVARES 06;11;6000018;1843;20591;SÃO PAULO;SP;CINEMARK BRASIL S.A;00.779.721/0001-41
16/06/2016;16/06/2016 14:40:00;ME BEFORE YOU;COMO EU ERA ANTES DE VOCÊ;E1500875700000;DUBLADO;NÃO;ESTADOS UNIDOS;5003085;CINESPAÇO FLORIANÓPOLIS 3;50;6000018;1014;19103;FLORIANÓPOLIS;SC;CIRCUITO ESPAÇO DE CINEMA S/A;03.695.435/0001-96
16/06/2016;16/06/2016 14:45:00;ME BEFORE YOU;COMO EU ERA ANTES DE VOCÊ;E1500875700000;DUBLADO;NÃO;ESTADOS UNIDOS;5003899;SALA 2;24;6000002;3136;24148;SOROCABA;SP;MSA EMPRESA CINEMATOGRÁFICA LTDA;03.608.600/0001-25
16/06/2016;16/06/2016 14:50:00;TEENAGE MUTANT NINJA TURTLES: OUT OF THE SHADOWS;AS TARTARUGAS NINJA: FORA DAS SOMBRAS;E1600265600000;DUBLADO;NÃO;ESTADOS UNIDOS;5001625;CINESYSTEM SHOPPING TOTAL SALA 02;13;6000027;2375;6658;CURITIBA;PR;REDECINE CWB CINEMATOGRÁFICA LTDA;05.747.411/0001-69
16/06/2016;16/06/2016 15:20:00;TEENAGE MUTANT NINJA TURTLES: OUT OF THE SHADOWS;AS TARTARUGAS NINJA: FORA DAS SOMBRAS;E1600265600000;DUBLADO;NÃO;ESTADOS UNIDOS;5003421;CINEMARK SHOPPING RAPOSO TAVARES 03;13;6000018;1843;20591;SÃO PAULO;SP;CINEMARK BRASIL S.A;00.779.721/0001-41
16/06/2016;16/06/2016 15:25:00;TEENAGE MUTANT NINJA TURTLES: OUT OF THE SHADOWS;AS TARTARUGAS NINJA: FORA DAS SOMBRAS;E1600265600000;DUBLADO;NÃO;ESTADOS UNIDOS;5002603;CINEMAS BENFICA - SALA 1;20;;15690;15691;FORTALEZA;CE;CINEMAS BENFICA LTDA;07.509.597/0001-43
16/06/2016;16/06/2016 15:25:00;TINI - EL GRAN CAMBIO DE VIOLETTA;TINI - DEPOIS DE VIOLETTA;E1600323700000;DUBLADO;NÃO;ARGENTINA;5004997;CINESYSTEM AMERICAS 01;0;6000027;5348;28834;RIO DE JANEIRO;RJ;REDECINE - RIO CINEMATOGRAFICA S.A.;07.524.011/0001-10
16/06/2016;16/06/2016 15:30:00;THE CONJURING 2;INVOCAÇÃO DO MAL 2;E1600342300000;DUBLADO;NÃO;ESTADOS UNIDOS;5003425;CINEMARK SHOPPING RAPOSO TAVARES 07;26;6000018;1843;20591;SÃO PAULO;SP;CINEMARK BRASIL S.A;00.779.721/0001-41
16/06/2016;16/06/2016 15:40:00;THE CONJURING 2;INVOCAÇÃO DO MAL 2;E1600342300000;DUBLADO;NÃO;ESTADOS UNIDOS;5005575;CINESYSTEM PAULISTA SALA 05;21;6000027;22546;33152;PAULISTA;PE;REDECINE BRA CINEMATOGRÁFICA S.A.;15.422.993/0001-67
16/06/2016;16/06/2016 15:45:00;THE CONJURING 2;INVOCAÇÃO DO MAL 2;E1600342300000;DUBLADO;NÃO;ESTADOS UNIDOS;5004484;ARAPIRACA BRA 02;8;6000027;22546;26037;ARAPIRACA;AL;REDECINE BRA CINEMATOGRÁFICA S.A.;15.422.993/0001-67
16/06/2016;16/06/2016 15:50:00;NOW YOU SEE ME: THE SECOND ACT;TRUQUE DE MESTRE 2;E1500269900000;DUBLADO;NÃO;ESTADOS UNIDOS;5003419;CINEMARK SHOPPING RAPOSO TAVARES 01;13;6000018;1843;20591;SÃO PAULO;SP;CINEMARK BRASIL S.A;00.779.721/0001-41
16/06/2016;16/06/2016 15:50:00;THE CONJURING 2;INVOCAÇÃO DO MAL 2;E1600342300000;DUBLADO;NÃO;ESTADOS UNIDOS;5005001;CINESYSTEM AMERICAS 05;13;6000027;5348;28834;RIO DE JANEIRO;RJ;REDECINE - RIO CINEMATOGRAFICA S.A.;07.524.011/0001-10
16/06/2016;16/06/2016 16:00:00;NOW YOU SEE ME: THE SECOND ACT;TRUQUE DE MESTRE 2;E1500269900000;DUBLADO;NÃO;ESTADOS UNIDOS;5004488;ARAPIRACA BRA 06;15;6000027;22546;26037;ARAPIRACA;AL;REDECINE BRA CINEMATOGRÁFICA S.A.;15.422.993/0001-67
16/06/2016;16/06/2016 16:00:00;TEENAGE MUTANT NINJA TURTLES: OUT OF THE SHADOWS;AS TARTARUGAS NINJA: FORA DAS SOMBRAS;E1600265600000;DUBLADO;NÃO;ESTADOS UNIDOS;5003423;CINEMARK SHOPPING RAPOSO TAVARES 05;8;6000018;1843;20591;SÃO PAULO;SP;CINEMARK BRASIL S.A;00.779.721/0001-41
16/06/2016;16/06/2016 16:00:00;TEENAGE MUTANT NINJA TURTLES: OUT OF THE SHADOWS;AS TARTARUGAS NINJA: FORA DAS SOMBRAS;E1600265600000;DUBLADO;NÃO;ESTADOS UNIDOS;5005002;CINESYSTEM AMERICAS 06;8;6000027;5348;28834;RIO DE JANEIRO;RJ;REDECINE - RIO CINEMATOGRAFICA S.A.;07.524.011/0001-10
16/06/2016;16/06/2016 16:10:00;ME BEFORE YOU;COMO EU ERA ANTES DE VOCÊ;E1500875700000;ORIGINAL;SIM;ESTADOS UNIDOS;5005000;CINESYSTEM AMERICAS 04;18;6000027;5348;28834;RIO DE JANEIRO;RJ;REDECINE - RIO CINEMATOGRAFICA S.A.;07.524.011/0001-10
16/06/2016;16/06/2016 16:10:00;ME BEFORE YOU;COMO EU ERA ANTES DE VOCÊ;E1500875700000;DUBLADO;NÃO;ESTADOS UNIDOS;5002780;ILHA PLAZA 03;59;6000027;5348;16645;RIO DE JANEIRO;RJ;REDECINE - RIO CINEMATOGRAFICA S.A.;07.524.011/0001-10
16/06/2016;16/06/2016 16:10:00;NOW YOU SEE ME 2;TRUQUE DE MESTRE: O 2º ATO;E1700176500000;ORIGINAL;SIM;CANADÁ;5005003;CINESYSTEM AMERICAS 07;10;6000027;5348;28834;RIO DE JANEIRO;RJ;REDECINE - RIO CINEMATOGRAFICA S.A.;07.524.011/0001-10
16/06/2016;16/06/2016 16:10:00;TEENAGE MUTANT NINJA TURTLES: OUT OF THE SHADOWS;AS TARTARUGAS NINJA: FORA DAS SOMBRAS;E1600265600000;DUBLADO;NÃO;ESTADOS UNIDOS;5004483;ARAPIRACA BRA 01;15;6000027;22546;26037;ARAPIRACA;AL;REDECINE BRA CINEMATOGRÁFICA S.A.;15.422.993/0001-67
16/06/2016;16/06/2016 16:10:00;THE CONJURING 2;INVOCAÇÃO DO MAL 2;E1600342300000;DUBLADO;NÃO;ESTADOS UNIDOS;5005574;CINESYSTEM PAULISTA SALA 04;15;6000027;22546;33152;PAULISTA;PE;REDECINE BRA CINEMATOGRÁFICA S.A.;15.422.993/0001-67
16/06/2016;16/06/2016 16:20:00;ALICE THROUGH THE LOOKING GLASS;ALICE ATRAVÉS DO ESPELHO;E1600259100000;DUBLADO;NÃO;ESTADOS UNIDOS;5002062;AGUA VERDE 1;0;6000023;12893;12894;CURITIBA;PR;ESTILO PRODUÇÕES ARTISTICAS LTDA;03.293.165/0001-97
16/06/2016;16/06/2016 16:20:00;ME BEFORE YOU;COMO EU ERA ANTES DE VOCÊ;E1500875700000;DUBLADO;NÃO;ESTADOS UNIDOS;5005576;CINESYSTEM PAULISTA SALA 06;35;6000027;22546;33152;PAULISTA;PE;REDECINE BRA CINEMATOGRÁFICA S.A.;15.422.993/0001-67
16/06/2016;16/06/2016 16:20:00;NOW YOU SEE ME: THE SECOND ACT;TRUQUE DE MESTRE 2;E1500269900000;DUBLADO;NÃO;ESTADOS UNIDOS;5001628;CINESYSTEM SHOPPING TOTAL SALA 05;15;6000027;2375;6658;CURITIBA;PR;REDECINE CWB CINEMATOGRÁFICA LTDA;05.747.411/0001-69
16/06/2016;16/06/2016 16:20:00;THE CONJURING 2;INVOCAÇÃO DO MAL 2;E1600342300000;DUBLADO;NÃO;ESTADOS UNIDOS;5004486;ARAPIRACA BRA 04;10;6000027;22546;26037;ARAPIRACA;AL;REDECINE BRA CINEMATOGRÁFICA S.A.;15.422.993/0001-67
16/06/2016;16/06/2016 16:20:00;THE CONJURING 2;INVOCAÇÃO DO MAL 2;E1600342300000;ORIGINAL;SIM;ESTADOS UNIDOS;5004998;CINESYSTEM AMERICAS 02;7;6000027;5348;28834;RIO DE JANEIRO;RJ;REDECINE - RIO CINEMATOGRAFICA S.A.;07.524.011/0001-10
16/06/2016;16/06/2016 16:30:00;ME BEFORE YOU;COMO EU ERA ANTES DE VOCÊ;E1500875700000;DUBLADO;NÃO;ESTADOS UNIDOS;5004487;ARAPIRACA BRA 05;51;6000027;22546;26037;ARAPIRACA;AL;REDECINE BRA CINEMATOGRÁFICA S.A.;15.422.993/0001-67
16/06/2016;16/06/2016 16:30:00;TEENAGE MUTANT NINJA TURTLES: OUT OF THE SHADOWS;AS TARTARUGAS NINJA: FORA DAS SOMBRAS;E1600265600000;DUBLADO;NÃO;ESTADOS UNIDOS;5002063;AGUA VERDE 2;2;6000023;12893;12894;CURITIBA;PR;ESTILO PRODUÇÕES ARTISTICAS LTDA;03.293.165/0001-97
16/06/2016;16/06/2016 16:30:00;TEENAGE MUTANT NINJA TURTLES: OUT OF THE SHADOWS;AS TARTARUGAS NINJA: FORA DAS SOMBRAS;E1600265600000;DUBLADO;NÃO;ESTADOS UNIDOS;5001624;CINESYSTEM SHOPPING TOTAL SALA 01;2;6000027;2375;6658;CURITIBA;PR;REDECINE CWB CINEMATOGRÁFICA LTDA;05.747.411/0001-69
16/06/2016;16/06/2016 16:30:00;WARCRAFT;WARCFRAT – O PRIMEIRO ENCONTRO ENTRE DOIS MUNDOS;E1500739800000;ORIGINAL;SIM;ESTADOS UNIDOS;5004999;CINESYSTEM AMERICAS 03;8;6000027;5348;28834;RIO DE JANEIRO;RJ;REDECINE - RIO CINEMATOGRAFICA S.A.;07.524.011/0001-10
16/06/2016;16/06/2016 16:40:00;THE CONJURING 2;INVOCAÇÃO DO MAL 2;E1600342300000;DUBLADO;NÃO;ESTADOS UNIDOS;5001627;CINESYSTEM SHOPPING TOTAL SALA 04;30;6000027;2375;6658;CURITIBA;PR;REDECINE CWB CINEMATOGRÁFICA LTDA;05.747.411/0001-69
16/06/2016;16/06/2016 16:40:00;WARCRAFT;WARCFRAT – O PRIMEIRO ENCONTRO ENTRE DOIS MUNDOS;E1500739800000;DUBLADO;NÃO;ESTADOS UNIDOS;5004485;ARAPIRACA BRA 03;2;6000027;22546;26037;ARAPIRACA;AL;REDECINE BRA CINEMATOGRÁFICA S.A.;15.422.993/0001-67
16/06/2016;16/06/2016 16:50:00;ME BEFORE YOU;COMO EU ERA ANTES DE VOCÊ;E1500875700000;DUBLADO;NÃO;ESTADOS UNIDOS;5003422;CINEMARK SHOPPING RAPOSO TAVARES 04;54;6000018;1843;20591;SÃO PAULO;SP;CINEMARK BRASIL S.A;00.779.721/0001-41
16/06/2016;16/06/2016 16:50:00;ME BEFORE YOU;COMO EU ERA ANTES DE VOCÊ;E1500875700000;DUBLADO;NÃO;ESTADOS UNIDOS;5001626;CINESYSTEM SHOPPING TOTAL SALA 03;32;6000027;2375;6658;CURITIBA;PR;REDECINE CWB CINEMATOGRÁFICA LTDA;05.747.411/0001-69
16/06/2016;16/06/2016 17:00:00;ME BEFORE YOU;COMO EU ERA ANTES DE VOCÊ;E1500875700000;ORIGINAL;SIM;ESTADOS UNIDOS;5003085;CINESPAÇO FLORIANÓPOLIS 3;51;6000018;1014;19103;FLORIANÓPOLIS;SC;CIRCUITO ESPAÇO DE CINEMA S/A;03.695.435/0001-96
16/06/2016;16/06/2016 17:00:00;ME BEFORE YOU;COMO EU ERA ANTES DE VOCÊ;E1500875700000;DUBLADO;NÃO;ESTADOS UNIDOS;5003899;SALA 2;17;6000002;3136;24148;SOROCABA;SP;MSA EMPRESA CINEMATOGRÁFICA LTDA;03.608.600/0001-25
16/06/2016;16/06/2016 17:00:00;NOW YOU SEE ME: THE SECOND ACT;TRUQUE DE MESTRE 2;E1500269900000;DUBLADO;NÃO;ESTADOS UNIDOS;5003420;CINEMARK SHOPPING RAPOSO TAVARES 02;14;6000018;1843;20591;SÃO PAULO;SP;CINEMARK BRASIL S.A;00.779.721/0001-41
16/06/2016;16/06/2016 17:10:00;TEENAGE MUTANT NINJA TURTLES: OUT OF THE SHADOWS;AS TARTARUGAS NINJA: FORA DAS SOMBRAS;E1600265600000;DUBLADO;NÃO;ESTADOS UNIDOS;5001625;CINESYSTEM SHOPPING TOTAL SALA 02;6;6000027;2375;6658;CURITIBA;PR;REDECINE CWB CINEMATOGRÁFICA LTDA;05.747.411/0001-69
16/06/2016;16/06/2016 17:30:00;THE CONJURING 2;INVOCAÇÃO DO MAL 2;E1600342300000;DUBLADO;NÃO;ESTADOS UNIDOS;5003424;CINEMARK SHOPPING RAPOSO TAVARES 06;17;6000018;1843;20591;SÃO PAULO;SP;CINEMARK BRASIL S.A;00.779.721/0001-41
16/06/2016;16/06/2016 17:30:00;TINI - EL GRAN CAMBIO DE VIOLETTA;TINI - DEPOIS DE VIOLETTA;E1600323700000;DUBLADO;NÃO;ARGENTINA;5004997;CINESYSTEM AMERICAS 01;2;6000027;5348;28834;RIO DE JANEIRO;RJ;REDECINE - RIO CINEMATOGRAFICA S.A.;07.524.011/0001-10
16/06/2016;16/06/2016 17:40:00;TEENAGE MUTANT NINJA TURTLES: OUT OF THE SHADOWS;AS TARTARUGAS NINJA: FORA DAS SOMBRAS;E1600265600000;DUBLADO;NÃO;ESTADOS UNIDOS;5002603;CINEMAS BENFICA - SALA 1;15;;15690;15691;FORTALEZA;CE;CINEMAS BENFICA LTDA;07.509.597/0001-43
16/06/2016;16/06/2016 18:00:00;TEENAGE MUTANT NINJA TURTLES: OUT OF THE SHADOWS;AS TARTARUGAS NINJA: FORA DAS SOMBRAS;E1600265600000;DUBLADO;NÃO;ESTADOS UNIDOS;5003421;CINEMARK SHOPPING RAPOSO TAVARES 03;8;6000018;1843;20591;SÃO PAULO;SP;CINEMARK BRASIL S.A;00.779.721/0001-41
16/06/2016;16/06/2016 18:20:00;TEENAGE MUTANT NINJA TURTLES: OUT OF THE SHADOWS;AS TARTARUGAS NINJA: FORA DAS SOMBRAS;E1600265600000;ORIGINAL;SIM;ESTADOS UNIDOS;5005002;CINESYSTEM AMERICAS 06;8;6000027;5348;28834;RIO DE JANEIRO;RJ;REDECINE - RIO CINEMATOGRAFICA S.A.;07.524.011/0001-10
16/06/2016;16/06/2016 18:25:00;TEENAGE MUTANT NINJA TURTLES: OUT OF THE SHADOWS;AS TARTARUGAS NINJA: FORA DAS SOMBRAS;E1600265600000;DUBLADO;NÃO;ESTADOS UNIDOS;5005575;CINESYSTEM PAULISTA SALA 05;16;6000027;22546;33152;PAULISTA;PE;REDECINE BRA CINEMATOGRÁFICA S.A.;15.422.993/0001-67
16/06/2016;16/06/2016 18:25:00;X-MEN: APOCALYPSE;X-MEN - APOCALIPSE;E1600181600000;DUBLADO;NÃO;ESTADOS UNIDOS;5004484;ARAPIRACA BRA 02;19;6000027;22546;26037;ARAPIRACA;AL;REDECINE BRA CINEMATOGRÁFICA S.A.;15.422.993/0001-67
16/06/2016;16/06/2016 18:30:00;ME BEFORE YOU;COMO EU ERA ANTES DE VOCÊ;E1500875700000;ORIGINAL;SIM;ESTADOS UNIDOS;5005000;CINESYSTEM AMERICAS 04;79;6000027;5348;28834;RIO DE JANEIRO;RJ;REDECINE - RIO CINEMATOGRAFICA S.A.;07.524.011/0001-10
16/06/2016;16/06/2016 18:30:00;ME BEFORE YOU;COMO EU ERA ANTES DE VOCÊ;E1500875700000;ORIGINAL;SIM;ESTADOS UNIDOS;5002780;ILHA PLAZA 03;113;6000027;5348;16645;RIO DE JANEIRO;RJ;REDECINE - RIO CINEMATOGRAFICA S.A.;07.524.011/0001-10
16/06/2016;16/06/2016 18:30:00;THE CONJURING 2;INVOCAÇÃO DO MAL 2;E1600342300000;DUBLADO;NÃO;ESTADOS UNIDOS;5002062;AGUA VERDE 1;10;6000023;12893;12894;CURITIBA;PR;ESTILO PRODUÇÕES ARTISTICAS LTDA;03.293.165/0001-97
16/06/2016;16/06/2016 18:30:00;THE CONJURING 2;INVOCAÇÃO DO MAL 2;E1600342300000;DUBLADO;NÃO;ESTADOS UNIDOS;5003425;CINEMARK SHOPPING RAPOSO TAVARES 07;30;6000018;1843;20591;SÃO PAULO;SP;CINEMARK BRASIL S.A;00.779.721/0001-41
16/06/2016;16/06/2016 18:35:00;TEENAGE MUTANT NINJA TURTLES: OUT OF THE SHADOWS;AS TARTARUGAS NINJA: FORA DAS SOMBRAS;E1600265600000;DUBLADO;NÃO;ESTADOS UNIDOS;5004483;ARAPIRACA BRA 01;35;6000027;22546;26037;ARAPIRACA;AL;REDECINE BRA CINEMATOGRÁFICA S.A.;15.422.993/0001-67
16/06/2016;16/06/2016 18:40:00;MAIS FORTE QUE O MUNDO - A HISTÓRIA DE JOSÉ ALDO;;B1600294500000;DUBLADO;NÃO;BRASIL;5005001;CINESYSTEM AMERICAS 05;30;6000027;5348;28834;RIO DE JANEIRO;RJ;REDECINE - RIO CINEMATOGRAFICA S.A.;07.524.011/0001-10
16/06/2016;16/06/2016 18:40:00;NOW YOU SEE ME: THE SECOND ACT;TRUQUE DE MESTRE 2;E1500269900000;DUBLADO;NÃO;ESTADOS UNIDOS;5004488;ARAPIRACA BRA 06;33;6000027;22546;26037;ARAPIRACA;AL;REDECINE BRA CINEMATOGRÁFICA S.A.;15.422.993/0001-67
16/06/2016;16/06/2016 18:40:00;TEENAGE MUTANT NINJA TURTLES: OUT OF THE SHADOWS;AS TARTARUGAS NINJA: FORA DAS SOMBRAS;E1600265600000;DUBLADO;NÃO;ESTADOS UNIDOS;5002063;AGUA VERDE 2;0;6000023;12893;12894;CURITIBA;PR;ESTILO PRODUÇÕES ARTISTICAS LTDA;03.293.165/0001-97
16/06/2016;16/06/2016 18:45:00;TEENAGE MUTANT NINJA TURTLES: OUT OF THE SHADOWS;AS TARTARUGAS NINJA: FORA DAS SOMBRAS;E1600265600000;DUBLADO;NÃO;ESTADOS UNIDOS;5003423;CINEMARK SHOPPING RAPOSO TAVARES 05;10;6000018;1843;20591;SÃO PAULO;SP;CINEMARK BRASIL S.A;00.779.721/0001-41
16/06/2016;16/06/2016 18:50:00;ALICE THROUGH THE LOOKING GLASS;ALICE ATRAVÉS DO ESPELHO;E1600259100000;DUBLADO;NÃO;ESTADOS UNIDOS;5001624;CINESYSTEM SHOPPING TOTAL SALA 01;38;6000027;2375;6658;CURITIBA;PR;REDECINE CWB CINEMATOGRÁFICA LTDA;05.747.411/0001-69
16/06/2016;16/06/2016 18:50:00;ME BEFORE YOU;COMO EU ERA ANTES DE VOCÊ;E1500875700000;DUBLADO;NÃO;ESTADOS UNIDOS;5004487;ARAPIRACA BRA 05;94;6000027;22546;26037;ARAPIRACA;AL;REDECINE BRA CINEMATOGRÁFICA S.A.;15.422.993/0001-67
16/06/2016;16/06/2016 18:50:00;ME BEFORE YOU;COMO EU ERA ANTES DE VOCÊ;E1500875700000;DUBLADO;NÃO;ESTADOS UNIDOS;5005576;CINESYSTEM PAULISTA SALA 06;38;6000027;22546;33152;PAULISTA;PE;REDECINE BRA CINEMATOGRÁFICA S.A.;15.422.993/0001-67
16/06/2016;16/06/2016 18:50:00;NOW YOU SEE ME 2;TRUQUE DE MESTRE: O 2º ATO;E1700176500000;ORIGINAL;SIM;CANADÁ;5005003;CINESYSTEM AMERICAS 07;43;6000027;5348;28834;RIO DE JANEIRO;RJ;REDECINE - RIO CINEMATOGRAFICA S.A.;07.524.011/0001-10
16/06/2016;16/06/2016 19:00:00;NOW YOU SEE ME: THE SECOND ACT;TRUQUE DE MESTRE 2;E1500269900000;DUBLADO;NÃO;ESTADOS UNIDOS;5003419;CINEMARK SHOPPING RAPOSO TAVARES 01;26;6000018;1843;20591;SÃO PAULO;SP;CINEMARK BRASIL S.A;00.779.721/0001-41
16/06/2016;16/06/2016 19:00:00;THE CONJURING 2;INVOCAÇÃO DO MAL 2;E1600342300000;DUBLADO;NÃO;ESTADOS UNIDOS;5004486;ARAPIRACA BRA 04;35;6000027;22546;26037;ARAPIRACA;AL;REDECINE BRA CINEMATOGRÁFICA S.A.;15.422.993/0001-67
16/06/2016;16/06/2016 19:00:00;WARCRAFT;WARCFRAT – O PRIMEIRO ENCONTRO ENTRE DOIS MUNDOS;E1500739800000;DUBLADO;NÃO;ESTADOS UNIDOS;5001628;CINESYSTEM SHOPPING TOTAL SALA 05;26;6000027;2375;6658;CURITIBA;PR;REDECINE CWB CINEMATOGRÁFICA LTDA;05.747.411/0001-69
16/06/2016;16/06/2016 19:05:00;THE CONJURING 2;INVOCAÇÃO DO MAL 2;E1600342300000;ORIGINAL;SIM;ESTADOS UNIDOS;5004998;CINESYSTEM AMERICAS 02;23;6000027;5348;28834;RIO DE JANEIRO;RJ;REDECINE - RIO CINEMATOGRAFICA S.A.;07.524.011/0001-10
16/06/2016;16/06/2016 19:10:00;ME BEFORE YOU;COMO EU ERA ANTES DE VOCÊ;E1500875700000;DUBLADO;NÃO;ESTADOS UNIDOS;5001626;CINESYSTEM SHOPPING TOTAL SALA 03;112;6000027;2375;6658;CURITIBA;PR;REDECINE CWB CINEMATOGRÁFICA LTDA;05.747.411/0001-69
16/06/2016;16/06/2016 19:10:00;THE CONJURING 2;INVOCAÇÃO DO MAL 2;E1600342300000;DUBLADO;NÃO;ESTADOS UNIDOS;5005574;CINESYSTEM PAULISTA SALA 04;29;6000027;22546;33152;PAULISTA;PE;REDECINE BRA CINEMATOGRÁFICA S.A.;15.422.993/0001-67
16/06/2016;16/06/2016 19:15:00;ME BEFORE YOU;COMO EU ERA ANTES DE VOCÊ;E1500875700000;DUBLADO;NÃO;ESTADOS UNIDOS;5003899;SALA 2;94;6000002;3136;24148;SOROCABA;SP;MSA EMPRESA CINEMATOGRÁFICA LTDA;03.608.600/0001-25
16/06/2016;16/06/2016 19:15:00;TEENAGE MUTANT NINJA TURTLES: OUT OF THE SHADOWS;AS TARTARUGAS NINJA: FORA DAS SOMBRAS;E1600265600000;DUBLADO;NÃO;ESTADOS UNIDOS;5004999;CINESYSTEM AMERICAS 03;42;6000027;5348;28834;RIO DE JANEIRO;RJ;REDECINE - RIO CINEMATOGRAFICA S.A.;07.524.011/0001-10
16/06/2016;16/06/2016 19:20:00;ME BEFORE YOU;COMO EU ERA ANTES DE VOCÊ;E1500875700000;ORIGINAL;SIM;ESTADOS UNIDOS;5003085;CINESPAÇO FLORIANÓPOLIS 3;135;6000018;1014;19103;FLORIANÓPOLIS;SC;CIRCUITO ESPAÇO DE CINEMA S/A;03.695.435/0001-96
16/06/2016;16/06/2016 19:20:00;TEENAGE MUTANT NINJA TURTLES: OUT OF THE SHADOWS;AS TARTARUGAS NINJA: FORA DAS SOMBRAS;E1600265600000;DUBLADO;NÃO;ESTADOS UNIDOS;5004485;ARAPIRACA BRA 03;45;6000027;22546;26037;ARAPIRACA;AL;REDECINE BRA CINEMATOGRÁFICA S.A.;15.422.993/0001-67
16/06/2016;16/06/2016 19:20:00;THE CONJURING 2;INVOCAÇÃO DO MAL 2;E1600342300000;DUBLADO;NÃO;ESTADOS UNIDOS;5001627;CINESYSTEM SHOPPING TOTAL SALA 04;62;6000027;2375;6658;CURITIBA;PR;REDECINE CWB CINEMATOGRÁFICA LTDA;05.747.411/0001-69
16/06/2016;16/06/2016 19:30:00;ME BEFORE YOU;COMO EU ERA ANTES DE VOCÊ;E1500875700000;DUBLADO;NÃO;ESTADOS UNIDOS;5003422;CINEMARK SHOPPING RAPOSO TAVARES 04;137;6000018;1843;20591;SÃO PAULO;SP;CINEMARK BRASIL S.A;00.779.721/0001-41
16/06/2016;16/06/2016 19:30:00;TEENAGE MUTANT NINJA TURTLES: OUT OF THE SHADOWS;AS TARTARUGAS NINJA: FORA DAS SOMBRAS;E1600265600000;DUBLADO;NÃO;ESTADOS UNIDOS;5001625;CINESYSTEM SHOPPING TOTAL SALA 02;42;6000027;2375;6658;CURITIBA;PR;REDECINE CWB CINEMATOGRÁFICA LTDA;05.747.411/0001-69
16/06/2016;16/06/2016 19:40:00;ALICE THROUGH THE LOOKING GLASS;ALICE ATRAVÉS DO ESPELHO;E1600259100000;DUBLADO;NÃO;ESTADOS UNIDOS;5004997;CINESYSTEM AMERICAS 01;37;6000027;5348;28834;RIO DE JANEIRO;RJ;REDECINE - RIO CINEMATOGRAFICA S.A.;07.524.011/0001-10
16/06/2016;16/06/2016 19:55:00;TEENAGE MUTANT NINJA TURTLES: OUT OF THE SHADOWS;AS TARTARUGAS NINJA: FORA DAS SOMBRAS;E1600265600000;DUBLADO;NÃO;ESTADOS UNIDOS;5002603;CINEMAS BENFICA - SALA 1;40;;15690;15691;FORTALEZA;CE;CINEMAS BENFICA LTDA;07.509.597/0001-43
16/06/2016;16/06/2016 20:10:00;NOW YOU SEE ME: THE SECOND ACT;TRUQUE DE MESTRE 2;E1500269900000;DUBLADO;NÃO;ESTADOS UNIDOS;5003420;CINEMARK SHOPPING RAPOSO TAVARES 02;35;6000018;1843;20591;SÃO PAULO;SP;CINEMARK BRASIL S.A;00.779.721/0001-41
16/06/2016;16/06/2016 20:30:00;THE CONJURING 2;INVOCAÇÃO DO MAL 2;E1600342300000;DUBLADO;NÃO;ESTADOS UNIDOS;5003424;CINEMARK SHOPPING RAPOSO TAVARES 06;76;6000018;1843;20591;SÃO PAULO;SP;CINEMARK BRASIL S.A;00.779.721/0001-41
16/06/2016;16/06/2016 20:40:00;TEENAGE MUTANT NINJA TURTLES: OUT OF THE SHADOWS;AS TARTARUGAS NINJA: FORA DAS SOMBRAS;E1600265600000;DUBLADO;NÃO;ESTADOS UNIDOS;5003421;CINEMARK SHOPPING RAPOSO TAVARES 03;20;6000018;1843;20591;SÃO PAULO;SP;CINEMARK BRASIL S.A;00.779.721/0001-41
16/06/2016;16/06/2016 20:50:00;ME BEFORE YOU;COMO EU ERA ANTES DE VOCÊ;E1500875700000;ORIGINAL;SIM;ESTADOS UNIDOS;5005000;CINESYSTEM AMERICAS 04;90;6000027;5348;28834;RIO DE JANEIRO;RJ;REDECINE - RIO CINEMATOGRAFICA S.A.;07.524.011/0001-10
16/06/2016;16/06/2016 20:50:00;ME BEFORE YOU;COMO EU ERA ANTES DE VOCÊ;E1500875700000;ORIGINAL;SIM;ESTADOS UNIDOS;5002780;ILHA PLAZA 03;145;6000027;5348;16645;RIO DE JANEIRO;RJ;REDECINE - RIO CINEMATOGRAFICA S.A.;07.524.011/0001-10
16/06/2016;16/06/2016 20:50:00;TEENAGE MUTANT NINJA TURTLES: OUT OF THE SHADOWS;AS TARTARUGAS NINJA: FORA DAS SOMBRAS;E1600265600000;DUBLADO;NÃO;ESTADOS UNIDOS;5002063;AGUA VERDE 2;10;6000023;12893;12894;CURITIBA;PR;ESTILO PRODUÇÕES ARTISTICAS LTDA;03.293.165/0001-97
16/06/2016;16/06/2016 20:50:00;THE CONJURING 2;INVOCAÇÃO DO MAL 2;E1600342300000;DUBLADO;NÃO;ESTADOS UNIDOS;5005575;CINESYSTEM PAULISTA SALA 05;24;6000027;22546;33152;PAULISTA;PE;REDECINE BRA CINEMATOGRÁFICA S.A.;15.422.993/0001-67
16/06/2016;16/06/2016 21:00:00;TEENAGE MUTANT NINJA TURTLES: OUT OF THE SHADOWS;AS TARTARUGAS NINJA: FORA DAS SOMBRAS;E1600265600000;DUBLADO;NÃO;ESTADOS UNIDOS;5004483;ARAPIRACA BRA 01;44;6000027;22546;26037;ARAPIRACA;AL;REDECINE BRA CINEMATOGRÁFICA S.A.;15.422.993/0001-67
16/06/2016;16/06/2016 21:00:00;TEENAGE MUTANT NINJA TURTLES: OUT OF THE SHADOWS;AS TARTARUGAS NINJA: FORA DAS SOMBRAS;E1600265600000;ORIGINAL;SIM;ESTADOS UNIDOS;5005002;CINESYSTEM AMERICAS 06;15;6000027;5348;28834;RIO DE JANEIRO;RJ;REDECINE - RIO CINEMATOGRAFICA S.A.;07.524.011/0001-10
16/06/2016;16/06/2016 21:00:00;THE CONJURING 2;INVOCAÇÃO DO MAL 2;E1600342300000;DUBLADO;NÃO;ESTADOS UNIDOS;5002062;AGUA VERDE 1;14;6000023;12893;12894;CURITIBA;PR;ESTILO PRODUÇÕES ARTISTICAS LTDA;03.293.165/0001-97
16/06/2016;16/06/2016 21:10:00;ME BEFORE YOU;COMO EU ERA ANTES DE VOCÊ;E1500875700000;DUBLADO;NÃO;ESTADOS UNIDOS;5004487;ARAPIRACA BRA 05;112;6000027;22546;26037;ARAPIRACA;AL;REDECINE BRA CINEMATOGRÁFICA S.A.;15.422.993/0001-67
16/06/2016;16/06/2016 21:10:00;ME BEFORE YOU;COMO EU ERA ANTES DE VOCÊ;E1500875700000;DUBLADO;NÃO;ESTADOS UNIDOS;5005576;CINESYSTEM PAULISTA SALA 06;27;6000027;22546;33152;PAULISTA;PE;REDECINE BRA CINEMATOGRÁFICA S.A.;15.422.993/0001-67
16/06/2016;16/06/2016 21:10:00;THE CONJURING 2;INVOCAÇÃO DO MAL 2;E1600342300000;DUBLADO;NÃO;ESTADOS UNIDOS;5001624;CINESYSTEM SHOPPING TOTAL SALA 01;74;6000027;2375;6658;CURITIBA;PR;REDECINE CWB CINEMATOGRÁFICA LTDA;05.747.411/0001-69
16/06/2016;16/06/2016 21:15:00;THE CONJURING 2;INVOCAÇÃO DO MAL 2;E1600342300000;DUBLADO;NÃO;ESTADOS UNIDOS;5005001;CINESYSTEM AMERICAS 05;38;6000027;5348;28834;RIO DE JANEIRO;RJ;REDECINE - RIO CINEMATOGRAFICA S.A.;07.524.011/0001-10
16/06/2016;16/06/2016 21:20:00;NOW YOU SEE ME: THE SECOND ACT;TRUQUE DE MESTRE 2;E1500269900000;DUBLADO;NÃO;ESTADOS UNIDOS;5004488;ARAPIRACA BRA 06;25;6000027;22546;26037;ARAPIRACA;AL;REDECINE BRA CINEMATOGRÁFICA S.A.;15.422.993/0001-67
16/06/2016;16/06/2016 21:20:00;TEENAGE MUTANT NINJA TURTLES: OUT OF THE SHADOWS;AS TARTARUGAS NINJA: FORA DAS SOMBRAS;E1600265600000;DUBLADO;NÃO;ESTADOS UNIDOS;5003423;CINEMARK SHOPPING RAPOSO TAVARES 05;12;6000018;1843;20591;SÃO PAULO;SP;CINEMARK BRASIL S.A;00.779.721/0001-41
16/06/2016;16/06/2016 21:30:00;MAIS FORTE QUE O MUNDO - A HISTÓRIA DE JOSÉ ALDO;;B1600294500000;DUBLADO;NÃO;BRASIL;5004484;ARAPIRACA BRA 02;20;6000027;22546;26037;ARAPIRACA;AL;REDECINE BRA CINEMATOGRÁFICA S.A.;15.422.993/0001-67
16/06/2016;16/06/2016 21:30:00;MAIS FORTE QUE O MUNDO - A HISTÓRIA DE JOSÉ ALDO;;B1600294500000;DUBLADO;NÃO;BRASIL;5003899;SALA 2;13;6000002;3136;24148;SOROCABA;SP;MSA EMPRESA CINEMATOGRÁFICA LTDA;03.608.600/0001-25
16/06/2016;16/06/2016 21:30:00;ME BEFORE YOU;COMO EU ERA ANTES DE VOCÊ;E1500875700000;DUBLADO;NÃO;ESTADOS UNIDOS;5001626;CINESYSTEM SHOPPING TOTAL SALA 03;145;6000027;2375;6658;CURITIBA;PR;REDECINE CWB CINEMATOGRÁFICA LTDA;05.747.411/0001-69
16/06/2016;16/06/2016 21:30:00;NOW YOU SEE ME 2;TRUQUE DE MESTRE: O 2º ATO;E1700176500000;ORIGINAL;SIM;CANADÁ;5005003;CINESYSTEM AMERICAS 07;54;6000027;5348;28834;RIO DE JANEIRO;RJ;REDECINE - RIO CINEMATOGRAFICA S.A.;07.524.011/0001-10
16/06/2016;16/06/2016 21:40:00;ALDO - MAIS FORTE QUE O MUNDO;;B1600785100000;DUBLADO;NÃO;BRASIL;5001628;CINESYSTEM SHOPPING TOTAL SALA 05;21;6000027;2375;6658;CURITIBA;PR;REDECINE CWB CINEMATOGRÁFICA LTDA;05.747.411/0001-69
16/06/2016;16/06/2016 21:40:00;ME BEFORE YOU;COMO EU ERA ANTES DE VOCÊ;E1500875700000;ORIGINAL;SIM;ESTADOS UNIDOS;5003085;CINESPAÇO FLORIANÓPOLIS 3;46;6000018;1014;19103;FLORIANÓPOLIS;SC;CIRCUITO ESPAÇO DE CINEMA S/A;03.695.435/0001-96
16/06/2016;16/06/2016 21:40:00;THE CONJURING 2;INVOCAÇÃO DO MAL 2;E1600342300000;DUBLADO;NÃO;ESTADOS UNIDOS;5004486;ARAPIRACA BRA 04;29;6000027;22546;26037;ARAPIRACA;AL;REDECINE BRA CINEMATOGRÁFICA S.A.;15.422.993/0001-67
16/06/2016;16/06/2016 21:40:00;THE CONJURING 2;INVOCAÇÃO DO MAL 2;E1600342300000;DUBLADO;NÃO;ESTADOS UNIDOS;5003425;CINEMARK SHOPPING RAPOSO TAVARES 07;38;6000018;1843;20591;SÃO PAULO;SP;CINEMARK BRASIL S.A;00.779.721/0001-41
16/06/2016;16/06/2016 21:40:00;WARCRAFT;WARCFRAT – O PRIMEIRO ENCONTRO ENTRE DOIS MUNDOS;E1500739800000;ORIGINAL;SIM;ESTADOS UNIDOS;5004999;CINESYSTEM AMERICAS 03;7;6000027;5348;28834;RIO DE JANEIRO;RJ;REDECINE - RIO CINEMATOGRAFICA S.A.;07.524.011/0001-10
16/06/2016;16/06/2016 21:50:00;TEENAGE MUTANT NINJA TURTLES: OUT OF THE SHADOWS;AS TARTARUGAS NINJA: FORA DAS SOMBRAS;E1600265600000;DUBLADO;NÃO;ESTADOS UNIDOS;5001625;CINESYSTEM SHOPPING TOTAL SALA 02;40;6000027;2375;6658;CURITIBA;PR;REDECINE CWB CINEMATOGRÁFICA LTDA;05.747.411/0001-69
16/06/2016;16/06/2016 21:50:00;THE CONJURING 2;INVOCAÇÃO DO MAL 2;E1600342300000;ORIGINAL;SIM;ESTADOS UNIDOS;5004998;CINESYSTEM AMERICAS 02;31;6000027;5348;28834;RIO DE JANEIRO;RJ;REDECINE - RIO CINEMATOGRAFICA S.A.;07.524.011/0001-10
16/06/2016;16/06/2016 21:50:00;THE CONJURING 2;INVOCAÇÃO DO MAL 2;E1600342300000;DUBLADO;NÃO;ESTADOS UNIDOS;5005574;CINESYSTEM PAULISTA SALA 04;5;6000027;22546;33152;PAULISTA;PE;REDECINE BRA CINEMATOGRÁFICA S.A.;15.422.993/0001-67
16/06/2016;16/06/2016 21:50:00;WARCRAFT;WARCFRAT – O PRIMEIRO ENCONTRO ENTRE DOIS MUNDOS;E1500739800000;DUBLADO;NÃO;ESTADOS UNIDOS;5004485;ARAPIRACA BRA 03;14;6000027;22546;26037;ARAPIRACA;AL;REDECINE BRA CINEMATOGRÁFICA S.A.;15.422.993/0001-67
16/06/2016;16/06/2016 22:00:00;MAIS FORTE QUE O MUNDO - A HISTÓRIA DE JOSÉ ALDO;;B1600294500000;ORIGINAL;NÃO;BRASIL;5003419;CINEMARK SHOPPING RAPOSO TAVARES 01;17;6000018;1843;20591;SÃO PAULO;SP;CINEMARK BRASIL S.A;00.779.721/0001-41
16/06/2016;16/06/2016 22:00:00;THE CONJURING 2;INVOCAÇÃO DO MAL 2;E1600342300000;DUBLADO;NÃO;ESTADOS UNIDOS;5001627;CINESYSTEM SHOPPING TOTAL SALA 04;35;6000027;2375;6658;CURITIBA;PR;REDECINE CWB CINEMATOGRÁFICA LTDA;05.747.411/0001-69
16/06/2016;16/06/2016 22:00:00;X-MEN: APOCALYPSE;X-MEN - APOCALIPSE;E1600181600000;ORIGINAL;SIM;ESTADOS UNIDOS;5004997;CINESYSTEM AMERICAS 01;15;6000027;5348;28834;RIO DE JANEIRO;RJ;REDECINE - RIO CINEMATOGRAFICA S.A.;07.524.011/0001-10
16/06/2016;16/06/2016 22:10:00;ME BEFORE YOU;COMO EU ERA ANTES DE VOCÊ;E1500875700000;DUBLADO;NÃO;ESTADOS UNIDOS;5003422;CINEMARK SHOPPING RAPOSO TAVARES 04;43;6000018;1843;20591;SÃO PAULO;SP;CINEMARK BRASIL S.A;00.779.721/0001-41
17/06/2016;17/06/2016 12:50:00;NOW YOU SEE ME: THE SECOND ACT;TRUQUE DE MESTRE 2;E1500269900000;DUBLADO;NÃO;ESTADOS UNIDOS;5003419;CINEMARK SHOPPING RAPOSO TAVARES 01;3;6000018;1843;20591;SÃO PAULO;SP;CINEMARK BRASIL S.A;00.779.721/0001-41
17/06/2016;17/06/2016 13:00:00;ME BEFORE YOU;COMO EU ERA ANTES DE VOCÊ;E1500875700000;DUBLADO;NÃO;ESTADOS UNIDOS;5003425;CINEMARK SHOPPING RAPOSO TAVARES 07;4;6000018;1843;20591;SÃO PAULO;SP;CINEMARK BRASIL S.A;00.779.721/0001-41
17/06/2016;17/06/2016 13:10:00;TEENAGE MUTANT NINJA TURTLES: OUT OF THE SHADOWS;AS TARTARUGAS NINJA: FORA DAS SOMBRAS;E1600265600000;DUBLADO;NÃO;ESTADOS UNIDOS;5002603;CINEMAS BENFICA - SALA 1;16;;15690;15691;FORTALEZA;CE;CINEMAS BENFICA LTDA;07.509.597/0001-43
17/06/2016;17/06/2016 13:15:00;TEENAGE MUTANT NINJA TURTLES: OUT OF THE SHADOWS;AS TARTARUGAS NINJA: FORA DAS SOMBRAS;E1600265600000;DUBLADO;NÃO;ESTADOS UNIDOS;5005575;CINESYSTEM PAULISTA SALA 05;25;6000027;22546;33152;PAULISTA;PE;REDECINE BRA CINEMATOGRÁFICA S.A.;15.422.993/0001-67
17/06/2016;17/06/2016 13:20:00;NOW YOU SEE ME: THE SECOND ACT;TRUQUE DE MESTRE 2;E1500269900000;DUBLADO;NÃO;ESTADOS UNIDOS;5004488;ARAPIRACA BRA 06;26;6000027;22546;26037;ARAPIRACA;AL;REDECINE BRA CINEMATOGRÁFICA S.A.;15.422.993/0001-67
17/06/2016;17/06/2016 13:20:00;TEENAGE MUTANT NINJA TURTLES: OUT OF THE SHADOWS;AS TARTARUGAS NINJA: FORA DAS SOMBRAS;E1600265600000;DUBLADO;NÃO;ESTADOS UNIDOS;5003423;CINEMARK SHOPPING RAPOSO TAVARES 05;14;6000018;1843;20591;SÃO PAULO;SP;CINEMARK BRASIL S.A;00.779.721/0001-41
17/06/2016;17/06/2016 13:20:00;TINI - EL GRAN CAMBIO DE VIOLETTA;TINI - DEPOIS DE VIOLETTA;E1600323700000;DUBLADO;NÃO;ARGENTINA;5004997;CINESYSTEM AMERICAS 01;1;6000027;5348;28834;RIO DE JANEIRO;RJ;REDECINE - RIO CINEMATOGRAFICA S.A.;07.524.011/0001-10
17/06/2016;17/06/2016 13:25:00;ALICE THROUGH THE LOOKING GLASS;ALICE ATRAVÉS DO ESPELHO;E1600259100000;DUBLADO;NÃO;ESTADOS UNIDOS;5004484;ARAPIRACA BRA 02;21;6000027;22546;26037;ARAPIRACA;AL;REDECINE BRA CINEMATOGRÁFICA S.A.;15.422.993/0001-67
17/06/2016;17/06/2016 13:25:00;ALICE THROUGH THE LOOKING GLASS;ALICE ATRAVÉS DO ESPELHO;E1600259100000;DUBLADO;NÃO;ESTADOS UNIDOS;5005001;CINESYSTEM AMERICAS 05;18;6000027;5348;28834;RIO DE JANEIRO;RJ;REDECINE - RIO CINEMATOGRAFICA S.A.;07.524.011/0001-10
17/06/2016;17/06/2016 13:25:00;THE CONJURING 2;INVOCAÇÃO DO MAL 2;E1600342300000;DUBLADO;NÃO;ESTADOS UNIDOS;5005574;CINESYSTEM PAULISTA SALA 04;11;6000027;22546;33152;PAULISTA;PE;REDECINE BRA CINEMATOGRÁFICA S.A.;15.422.993/0001-67
17/06/2016;17/06/2016 13:25:00;THE CONJURING 2;INVOCAÇÃO DO MAL 2;E1600342300000;ORIGINAL;SIM;ESTADOS UNIDOS;5004446;SALA MACEIO 03;2;6000027;22546;25512;MACEIÓ;AL;REDECINE BRA CINEMATOGRÁFICA S.A.;15.422.993/0001-67
17/06/2016;17/06/2016 13:30:00;NOW YOU SEE ME 2;TRUQUE DE MESTRE: O 2º ATO;E1700176500000;ORIGINAL;SIM;CANADÁ;5005003;CINESYSTEM AMERICAS 07;10;6000027;5348;28834;RIO DE JANEIRO;RJ;REDECINE - RIO CINEMATOGRAFICA S.A.;07.524.011/0001-10
17/06/2016;17/06/2016 13:30:00;THE CONJURING 2;INVOCAÇÃO DO MAL 2;E1600342300000;DUBLADO;NÃO;ESTADOS UNIDOS;5004486;ARAPIRACA BRA 04;11;6000027;22546;26037;ARAPIRACA;AL;REDECINE BRA CINEMATOGRÁFICA S.A.;15.422.993/0001-67
17/06/2016;17/06/2016 13:35:00;THE CONJURING 2;INVOCAÇÃO DO MAL 2;E1600342300000;ORIGINAL;SIM;ESTADOS UNIDOS;5004998;CINESYSTEM AMERICAS 02;10;6000027;5348;28834;RIO DE JANEIRO;RJ;REDECINE - RIO CINEMATOGRAFICA S.A.;07.524.011/0001-10
17/06/2016;17/06/2016 13:40:00;TEENAGE MUTANT NINJA TURTLES: OUT OF THE SHADOWS;AS TARTARUGAS NINJA: FORA DAS SOMBRAS;E1600265600000;DUBLADO;NÃO;ESTADOS UNIDOS;5004483;ARAPIRACA BRA 01;19;6000027;22546;26037;ARAPIRACA;AL;REDECINE BRA CINEMATOGRÁFICA S.A.;15.422.993/0001-67
17/06/2016;17/06/2016 13:40:00;TEENAGE MUTANT NINJA TURTLES: OUT OF THE SHADOWS;AS TARTARUGAS NINJA: FORA DAS SOMBRAS;E1600265600000;ORIGINAL;SIM;ESTADOS UNIDOS;5005002;CINESYSTEM AMERICAS 06;2;6000027;5348;28834;RIO DE JANEIRO;RJ;REDECINE - RIO CINEMATOGRAFICA S.A.;07.524.011/0001-10
17/06/2016;17/06/2016 13:50:00;ALICE THROUGH THE LOOKING GLASS;ALICE ATRAVÉS DO ESPELHO;E1600259100000;DUBLADO;NÃO;ESTADOS UNIDOS;5002780;ILHA PLAZA 03;13;6000027;5348;16645;RIO DE JANEIRO;RJ;REDECINE - RIO CINEMATOGRAFICA S.A.;07.524.011/0001-10
17/06/2016;17/06/2016 13:50:00;ME BEFORE YOU;COMO EU ERA ANTES DE VOCÊ;E1500875700000;ORIGINAL;SIM;ESTADOS UNIDOS;5005000;CINESYSTEM AMERICAS 04;47;6000027;5348;28834;RIO DE JANEIRO;RJ;REDECINE - RIO CINEMATOGRAFICA S.A.;07.524.011/0001-10
17/06/2016;17/06/2016 13:50:00;ME BEFORE YOU;COMO EU ERA ANTES DE VOCÊ;E1500875700000;DUBLADO;NÃO;ESTADOS UNIDOS;5005576;CINESYSTEM PAULISTA SALA 06;27;6000027;22546;33152;PAULISTA;PE;REDECINE BRA CINEMATOGRÁFICA S.A.;15.422.993/0001-67
17/06/2016;17/06/2016 13:50:00;WARCRAFT;WARCFRAT – O PRIMEIRO ENCONTRO ENTRE DOIS MUNDOS;E1500739800000;DUBLADO;NÃO;ESTADOS UNIDOS;5001628;CINESYSTEM SHOPPING TOTAL SALA 05;9;6000027;2375;6658;CURITIBA;PR;REDECINE CWB CINEMATOGRÁFICA LTDA;05.747.411/0001-69
17/06/2016;17/06/2016 14:00:00;NOW YOU SEE ME: THE SECOND ACT;TRUQUE DE MESTRE 2;E1500269900000;DUBLADO;NÃO;ESTADOS UNIDOS;5003420;CINEMARK SHOPPING RAPOSO TAVARES 02;13;6000018;1843;20591;SÃO PAULO;SP;CINEMARK BRASIL S.A;00.779.721/0001-41
17/06/2016;17/06/2016 14:00:00;THE CONJURING 2;INVOCAÇÃO DO MAL 2;E1600342300000;DUBLADO;NÃO;ESTADOS UNIDOS;5001627;CINESYSTEM SHOPPING TOTAL SALA 04;7;6000027;2375;6658;CURITIBA;PR;REDECINE CWB CINEMATOGRÁFICA LTDA;05.747.411/0001-69
17/06/2016;17/06/2016 14:10:00;ALICE THROUGH THE LOOKING GLASS;ALICE ATRAVÉS DO ESPELHO;E1600259100000;DUBLADO;NÃO;ESTADOS UNIDOS;5001624;CINESYSTEM SHOPPING TOTAL SALA 01;12;6000027;2375;6658;CURITIBA;PR;REDECINE CWB CINEMATOGRÁFICA LTDA;05.747.411/0001-69
17/06/2016;17/06/2016 14:10:00;ME BEFORE YOU;COMO EU ERA ANTES DE VOCÊ;E1500875700000;DUBLADO;NÃO;ESTADOS UNIDOS;5004487;ARAPIRACA BRA 05;50;6000027;22546;26037;ARAPIRACA;AL;REDECINE BRA CINEMATOGRÁFICA S.A.;15.422.993/0001-67
17/06/2016;17/06/2016 14:10:00;ME BEFORE YOU;COMO EU ERA ANTES DE VOCÊ;E1500875700000;DUBLADO;NÃO;ESTADOS UNIDOS;5003422;CINEMARK SHOPPING RAPOSO TAVARES 04;25;6000018;1843;20591;SÃO PAULO;SP;CINEMARK BRASIL S.A;00.779.721/0001-41
17/06/2016;17/06/2016 14:10:00;TEENAGE MUTANT NINJA TURTLES: OUT OF THE SHADOWS;AS TARTARUGAS NINJA: FORA DAS SOMBRAS;E1600265600000;DUBLADO;NÃO;ESTADOS UNIDOS;5004999;CINESYSTEM AMERICAS 03;18;6000027;5348;28834;RIO DE JANEIRO;RJ;REDECINE - RIO CINEMATOGRAFICA S.A.;07.524.011/0001-10
17/06/2016;17/06/2016 14:20:00;TEENAGE MUTANT NINJA TURTLES: OUT OF THE SHADOWS;AS TARTARUGAS NINJA: FORA DAS SOMBRAS;E1600265600000;DUBLADO;NÃO;ESTADOS UNIDOS;5002063;AGUA VERDE 2;11;6000023;12893;12894;CURITIBA;PR;ESTILO PRODUÇÕES ARTISTICAS LTDA;03.293.165/0001-97
17/06/2016;17/06/2016 14:30:00;ME BEFORE YOU;COMO EU ERA ANTES DE VOCÊ;E1500875700000;DUBLADO;NÃO;ESTADOS UNIDOS;5001626;CINESYSTEM SHOPPING TOTAL SALA 03;0;6000027;2375;6658;CURITIBA;PR;REDECINE CWB CINEMATOGRÁFICA LTDA;05.747.411/0001-69
17/06/2016;17/06/2016 14:30:00;PEPPA PIG, THE GOLDEN BOOTS AND OTHER STORIES;PEPPA PIG - AS BOTAS DE OURO E OUTRAS HISTÓRIAS;E1600291900000;DUBLADO;NÃO;ESTADOS UNIDOS;5002062;AGUA VERDE 1;2;6000023;12893;12894;CURITIBA;PR;ESTILO PRODUÇÕES ARTISTICAS LTDA;03.293.165/0001-97
17/06/2016;17/06/2016 14:30:00;TEENAGE MUTANT NINJA TURTLES: OUT OF THE SHADOWS;AS TARTARUGAS NINJA: FORA DAS SOMBRAS;E1600265600000;DUBLADO;NÃO;ESTADOS UNIDOS;5001625;CINESYSTEM SHOPPING TOTAL SALA 02;8;6000027;2375;6658;CURITIBA;PR;REDECINE CWB CINEMATOGRÁFICA LTDA;05.747.411/0001-69
17/06/2016;17/06/2016 14:30:00;THE CONJURING 2;INVOCAÇÃO DO MAL 2;E1600342300000;DUBLADO;NÃO;ESTADOS UNIDOS;5003424;CINEMARK SHOPPING RAPOSO TAVARES 06;14;6000018;1843;20591;SÃO PAULO;SP;CINEMARK BRASIL S.A;00.779.721/0001-41
17/06/2016;17/06/2016 14:40:00;ME BEFORE YOU;COMO EU ERA ANTES DE VOCÊ;E1500875700000;DUBLADO;NÃO;ESTADOS UNIDOS;5003085;CINESPAÇO FLORIANÓPOLIS 3;50;6000018;1014;19103;FLORIANÓPOLIS;SC;CIRCUITO ESPAÇO DE CINEMA S/A;03.695.435/0001-96
17/06/2016;17/06/2016 14:45:00;ME BEFORE YOU;COMO EU ERA ANTES DE VOCÊ;E1500875700000;DUBLADO;NÃO;ESTADOS UNIDOS;5003899;SALA 2;16;6000002;3136;24148;SOROCABA;SP;MSA EMPRESA CINEMATOGRÁFICA LTDA;03.608.600/0001-25
17/06/2016;17/06/2016 14:50:00;ME BEFORE YOU;COMO EU ERA ANTES DE VOCÊ;E1500875700000;DUBLADO;NÃO;ESTADOS UNIDOS;5001626;CINESYSTEM SHOPPING TOTAL SALA 03;23;6000027;2375;6658;CURITIBA;PR;REDECINE CWB CINEMATOGRÁFICA LTDA;05.747.411/0001-69
17/06/2016;17/06/2016 14:50:00;TEENAGE MUTANT NINJA TURTLES: OUT OF THE SHADOWS;AS TARTARUGAS NINJA: FORA DAS SOMBRAS;E1600265600000;DUBLADO;NÃO;ESTADOS UNIDOS;5001625;CINESYSTEM SHOPPING TOTAL SALA 02;1;6000027;2375;6658;CURITIBA;PR;REDECINE CWB CINEMATOGRÁFICA LTDA;05.747.411/0001-69
17/06/2016;17/06/2016 15:20:00;TEENAGE MUTANT NINJA TURTLES: OUT OF THE SHADOWS;AS TARTARUGAS NINJA: FORA DAS SOMBRAS;E1600265600000;DUBLADO;NÃO;ESTADOS UNIDOS;5003421;CINEMARK SHOPPING RAPOSO TAVARES 03;9;6000018;1843;20591;SÃO PAULO;SP;CINEMARK BRASIL S.A;00.779.721/0001-41
17/06/2016;17/06/2016 15:25:00;TEENAGE MUTANT NINJA TURTLES: OUT OF THE SHADOWS;AS TARTARUGAS NINJA: FORA DAS SOMBRAS;E1600265600000;DUBLADO;NÃO;ESTADOS UNIDOS;5002603;CINEMAS BENFICA - SALA 1;25;;15690;15691;FORTALEZA;CE;CINEMAS BENFICA LTDA;07.509.597/0001-43
17/06/2016;17/06/2016 15:25:00;TINI - EL GRAN CAMBIO DE VIOLETTA;TINI - DEPOIS DE VIOLETTA;E1600323700000;DUBLADO;NÃO;ARGENTINA;5004997;CINESYSTEM AMERICAS 01;6;6000027;5348;28834;RIO DE JANEIRO;RJ;REDECINE - RIO CINEMATOGRAFICA S.A.;07.524.011/0001-10
17/06/2016;17/06/2016 15:30:00;THE CONJURING 2;INVOCAÇÃO DO MAL 2;E1600342300000;DUBLADO;NÃO;ESTADOS UNIDOS;5003425;CINEMARK SHOPPING RAPOSO TAVARES 07;20;6000018;1843;20591;SÃO PAULO;SP;CINEMARK BRASIL S.A;00.779.721/0001-41
17/06/2016;17/06/2016 15:40:00;THE CONJURING 2;INVOCAÇÃO DO MAL 2;E1600342300000;DUBLADO;NÃO;ESTADOS UNIDOS;5005575;CINESYSTEM PAULISTA SALA 05;45;6000027;22546;33152;PAULISTA;PE;REDECINE BRA CINEMATOGRÁFICA S.A.;15.422.993/0001-67
17/06/2016;17/06/2016 15:45:00;THE CONJURING 2;INVOCAÇÃO DO MAL 2;E1600342300000;DUBLADO;NÃO;ESTADOS UNIDOS;5004484;ARAPIRACA BRA 02;26;6000027;22546;26037;ARAPIRACA;AL;REDECINE BRA CINEMATOGRÁFICA S.A.;15.422.993/0001-67
17/06/2016;17/06/2016 15:50:00;NOW YOU SEE ME: THE SECOND ACT;TRUQUE DE MESTRE 2;E1500269900000;DUBLADO;NÃO;ESTADOS UNIDOS;5003419;CINEMARK SHOPPING RAPOSO TAVARES 01;11;6000018;1843;20591;SÃO PAULO;SP;CINEMARK BRASIL S.A;00.779.721/0001-41
17/06/2016;17/06/2016 15:50:00;THE CONJURING 2;INVOCAÇÃO DO MAL 2;E1600342300000;DUBLADO;NÃO;ESTADOS UNIDOS;5005001;CINESYSTEM AMERICAS 05;11;6000027;5348;28834;RIO DE JANEIRO;RJ;REDECINE - RIO CINEMATOGRAFICA S.A.;07.524.011/0001-10
17/06/2016;17/06/2016 16:00:00;NOW YOU SEE ME: THE SECOND ACT;TRUQUE DE MESTRE 2;E1500269900000;DUBLADO;NÃO;ESTADOS UNIDOS;5004488;ARAPIRACA BRA 06;21;6000027;22546;26037;ARAPIRACA;AL;REDECINE BRA CINEMATOGRÁFICA S.A.;15.422.993/0001-67
17/06/2016;17/06/2016 16:00:00;TEENAGE MUTANT NINJA TURTLES: OUT OF THE SHADOWS;AS TARTARUGAS NINJA: FORA DAS SOMBRAS;E1600265600000;DUBLADO;NÃO;ESTADOS UNIDOS;5003423;CINEMARK SHOPPING RAPOSO TAVARES 05;17;6000018;1843;20591;SÃO PAULO;SP;CINEMARK BRASIL S.A;00.779.721/0001-41
17/06/2016;17/06/2016 16:00:00;TEENAGE MUTANT NINJA TURTLES: OUT OF THE SHADOWS;AS TARTARUGAS NINJA: FORA DAS SOMBRAS;E1600265600000;DUBLADO;NÃO;ESTADOS UNIDOS;5005002;CINESYSTEM AMERICAS 06;9;6000027;5348;28834;RIO DE JANEIRO;RJ;REDECINE - RIO CINEMATOGRAFICA S.A.;07.524.011/0001-10
17/06/2016;17/06/2016 16:10:00;ME BEFORE YOU;COMO EU ERA ANTES DE VOCÊ;E1500875700000;ORIGINAL;SIM;ESTADOS UNIDOS;5005000;CINESYSTEM AMERICAS 04;33;6000027;5348;28834;RIO DE JANEIRO;RJ;REDECINE - RIO CINEMATOGRAFICA S.A.;07.524.011/0001-10
17/06/2016;17/06/2016 16:10:00;ME BEFORE YOU;COMO EU ERA ANTES DE VOCÊ;E1500875700000;DUBLADO;NÃO;ESTADOS UNIDOS;5001626;CINESYSTEM SHOPPING TOTAL SALA 03;0;6000027;2375;6658;CURITIBA;PR;REDECINE CWB CINEMATOGRÁFICA LTDA;05.747.411/0001-69
17/06/2016;17/06/2016 16:10:00;ME BEFORE YOU;COMO EU ERA ANTES DE VOCÊ;E1500875700000;DUBLADO;NÃO;ESTADOS UNIDOS;5002780;ILHA PLAZA 03;39;6000027;5348;16645;RIO DE JANEIRO;RJ;REDECINE - RIO CINEMATOGRAFICA S.A.;07.524.011/0001-10
17/06/2016;17/06/2016 16:10:00;NOW YOU SEE ME 2;TRUQUE DE MESTRE: O 2º ATO;E1700176500000;ORIGINAL;SIM;CANADÁ;5005003;CINESYSTEM AMERICAS 07;41;6000027;5348;28834;RIO DE JANEIRO;RJ;REDECINE - RIO CINEMATOGRAFICA S.A.;07.524.011/0001-10
17/06/2016;17/06/2016 16:10:00;TEENAGE MUTANT NINJA TURTLES: OUT OF THE SHADOWS;AS TARTARUGAS NINJA: FORA DAS SOMBRAS;E1600265600000;DUBLADO;NÃO;ESTADOS UNIDOS;5004483;ARAPIRACA BRA 01;21;6000027;22546;26037;ARAPIRACA;AL;REDECINE BRA CINEMATOGRÁFICA S.A.;15.422.993/0001-67
17/06/2016;17/06/2016 16:10:00;THE CONJURING 2;INVOCAÇÃO DO MAL 2;E1600342300000;DUBLADO;NÃO;ESTADOS UNIDOS;5005574;CINESYSTEM PAULISTA SALA 04;6;6000027;22546;33152;PAULISTA;PE;REDECINE BRA CINEMATOGRÁFICA S.A.;15.422.993/0001-67
17/06/2016;17/06/2016 16:10:00;THE CONJURING 2;INVOCAÇÃO DO MAL 2;E1600342300000;ORIGINAL;SIM;ESTADOS UNIDOS;5004446;SALA MACEIO 03;34;6000027;22546;25512;MACEIÓ;AL;REDECINE BRA CINEMATOGRÁFICA S.A.;15.422.993/0001-67
17/06/2016;17/06/2016 16:20:00;ALICE THROUGH THE LOOKING GLASS;ALICE ATRAVÉS DO ESPELHO;E1600259100000;DUBLADO;NÃO;ESTADOS UNIDOS;5002062;AGUA VERDE 1;10;6000023;12893;12894;CURITIBA;PR;ESTILO PRODUÇÕES ARTISTICAS LTDA;03.293.165/0001-97
17/06/2016;17/06/2016 16:20:00;ME BEFORE YOU;COMO EU ERA ANTES DE VOCÊ;E1500875700000;DUBLADO;NÃO;ESTADOS UNIDOS;5005576;CINESYSTEM PAULISTA SALA 06;49;6000027;22546;33152;PAULISTA;PE;REDECINE BRA CINEMATOGRÁFICA S.A.;15.422.993/0001-67
17/06/2016;17/06/2016 16:20:00;NOW YOU SEE ME: THE SECOND ACT;TRUQUE DE MESTRE 2;E1500269900000;DUBLADO;NÃO;ESTADOS UNIDOS;5001628;CINESYSTEM SHOPPING TOTAL SALA 05;15;6000027;2375;6658;CURITIBA;PR;REDECINE CWB CINEMATOGRÁFICA LTDA;05.747.411/0001-69
17/06/2016;17/06/2016 16:20:00;THE CONJURING 2;INVOCAÇÃO DO MAL 2;E1600342300000;DUBLADO;NÃO;ESTADOS UNIDOS;5004486;ARAPIRACA BRA 04;0;6000027;22546;26037;ARAPIRACA;AL;REDECINE BRA CINEMATOGRÁFICA S.A.;15.422.993/0001-67
17/06/2016;17/06/2016 16:20:00;THE CONJURING 2;INVOCAÇÃO DO MAL 2;E1600342300000;ORIGINAL;SIM;ESTADOS UNIDOS;5004998;CINESYSTEM AMERICAS 02;45;6000027;5348;28834;RIO DE JANEIRO;RJ;REDECINE - RIO CINEMATOGRAFICA S.A.;07.524.011/0001-10
17/06/2016;17/06/2016 16:30:00;ME BEFORE YOU;COMO EU ERA ANTES DE VOCÊ;E1500875700000;DUBLADO;NÃO;ESTADOS UNIDOS;5004487;ARAPIRACA BRA 05;18;6000027;22546;26037;ARAPIRACA;AL;REDECINE BRA CINEMATOGRÁFICA S.A.;15.422.993/0001-67
17/06/2016;17/06/2016 16:30:00;ME BEFORE YOU;COMO EU ERA ANTES DE VOCÊ;E1500875700000;DUBLADO;NÃO;ESTADOS UNIDOS;5001624;CINESYSTEM SHOPPING TOTAL SALA 01;4;6000027;2375;6658;CURITIBA;PR;REDECINE CWB CINEMATOGRÁFICA LTDA;05.747.411/0001-69
17/06/2016;17/06/2016 16:30:00;TEENAGE MUTANT NINJA TURTLES: OUT OF THE SHADOWS;AS TARTARUGAS NINJA: FORA DAS SOMBRAS;E1600265600000;DUBLADO;NÃO;ESTADOS UNIDOS;5002063;AGUA VERDE 2;6;6000023;12893;12894;CURITIBA;PR;ESTILO PRODUÇÕES ARTISTICAS LTDA;03.293.165/0001-97
17/06/2016;17/06/2016 16:30:00;WARCRAFT;WARCFRAT – O PRIMEIRO ENCONTRO ENTRE DOIS MUNDOS;E1500739800000;ORIGINAL;SIM;ESTADOS UNIDOS;5004999;CINESYSTEM AMERICAS 03;17;6000027;5348;28834;RIO DE JANEIRO;RJ;REDECINE - RIO CINEMATOGRAFICA S.A.;07.524.011/0001-10
17/06/2016;17/06/2016 16:40:00;THE CONJURING 2;INVOCAÇÃO DO MAL 2;E1600342300000;DUBLADO;NÃO;ESTADOS UNIDOS;5001627;CINESYSTEM SHOPPING TOTAL SALA 04;5;6000027;2375;6658;CURITIBA;PR;REDECINE CWB CINEMATOGRÁFICA LTDA;05.747.411/0001-69
17/06/2016;17/06/2016 16:50:00;ME BEFORE YOU;COMO EU ERA ANTES DE VOCÊ;E1500875700000;DUBLADO;NÃO;ESTADOS UNIDOS;5003422;CINEMARK SHOPPING RAPOSO TAVARES 04;36;6000018;1843;20591;SÃO PAULO;SP;CINEMARK BRASIL S.A;00.779.721/0001-41
17/06/2016;17/06/2016 16:50:00;ME BEFORE YOU;COMO EU ERA ANTES DE VOCÊ;E1500875700000;DUBLADO;NÃO;ESTADOS UNIDOS;5001626;CINESYSTEM SHOPPING TOTAL SALA 03;0;6000027;2375;6658;CURITIBA;PR;REDECINE CWB CINEMATOGRÁFICA LTDA;05.747.411/0001-69
17/06/2016;17/06/2016 16:50:00;TEENAGE MUTANT NINJA TURTLES: OUT OF THE SHADOWS;AS TARTARUGAS NINJA: FORA DAS SOMBRAS;E1600265600000;DUBLADO;NÃO;ESTADOS UNIDOS;5001625;CINESYSTEM SHOPPING TOTAL SALA 02;2;6000027;2375;6658;CURITIBA;PR;REDECINE CWB CINEMATOGRÁFICA LTDA;05.747.411/0001-69
17/06/2016;17/06/2016 17:00:00;ME BEFORE YOU;COMO EU ERA ANTES DE VOCÊ;E1500875700000;ORIGINAL;SIM;ESTADOS UNIDOS;5003085;CINESPAÇO FLORIANÓPOLIS 3;59;6000018;1014;19103;FLORIANÓPOLIS;SC;CIRCUITO ESPAÇO DE CINEMA S/A;03.695.435/0001-96
17/06/2016;17/06/2016 17:00:00;ME BEFORE YOU;COMO EU ERA ANTES DE VOCÊ;E1500875700000;ORIGINAL;SIM;ESTADOS UNIDOS;5004999;CINESYSTEM AMERICAS 03;0;6000027;5348;28834;RIO DE JANEIRO;RJ;REDECINE - RIO CINEMATOGRAFICA S.A.;07.524.011/0001-10
17/06/2016;17/06/2016 17:00:00;ME BEFORE YOU;COMO EU ERA ANTES DE VOCÊ;E1500875700000;DUBLADO;NÃO;ESTADOS UNIDOS;5003899;SALA 2;9;6000002;3136;24148;SOROCABA;SP;MSA EMPRESA CINEMATOGRÁFICA LTDA;03.608.600/0001-25
17/06/2016;17/06/2016 17:00:00;NOW YOU SEE ME: THE SECOND ACT;TRUQUE DE MESTRE 2;E1500269900000;DUBLADO;NÃO;ESTADOS UNIDOS;5003420;CINEMARK SHOPPING RAPOSO TAVARES 02;10;6000018;1843;20591;SÃO PAULO;SP;CINEMARK BRASIL S.A;00.779.721/0001-41
17/06/2016;17/06/2016 17:10:00;ME BEFORE YOU;COMO EU ERA ANTES DE VOCÊ;E1500875700000;DUBLADO;NÃO;ESTADOS UNIDOS;5001626;CINESYSTEM SHOPPING TOTAL SALA 03;6;6000027;2375;6658;CURITIBA;PR;REDECINE CWB CINEMATOGRÁFICA LTDA;05.747.411/0001-69
17/06/2016;17/06/2016 17:10:00;TEENAGE MUTANT NINJA TURTLES: OUT OF THE SHADOWS;AS TARTARUGAS NINJA: FORA DAS SOMBRAS;E1600265600000;DUBLADO;NÃO;ESTADOS UNIDOS;5001625;CINESYSTEM SHOPPING TOTAL SALA 02;0;6000027;2375;6658;CURITIBA;PR;REDECINE CWB CINEMATOGRÁFICA LTDA;05.747.411/0001-69
17/06/2016;17/06/2016 17:30:00;THE CONJURING 2;INVOCAÇÃO DO MAL 2;E1600342300000;DUBLADO;NÃO;ESTADOS UNIDOS;5003424;CINEMARK SHOPPING RAPOSO TAVARES 06;24;6000018;1843;20591;SÃO PAULO;SP;CINEMARK BRASIL S.A;00.779.721/0001-41
17/06/2016;17/06/2016 17:30:00;TINI - EL GRAN CAMBIO DE VIOLETTA;TINI - DEPOIS DE VIOLETTA;E1600323700000;DUBLADO;NÃO;ARGENTINA;5004997;CINESYSTEM AMERICAS 01;11;6000027;5348;28834;RIO DE JANEIRO;RJ;REDECINE - RIO CINEMATOGRAFICA S.A.;07.524.011/0001-10
17/06/2016;17/06/2016 17:40:00;TEENAGE MUTANT NINJA TURTLES: OUT OF THE SHADOWS;AS TARTARUGAS NINJA: FORA DAS SOMBRAS;E1600265600000;DUBLADO;NÃO;ESTADOS UNIDOS;5002603;CINEMAS BENFICA - SALA 1;10;;15690;15691;FORTALEZA;CE;CINEMAS BENFICA LTDA;07.509.597/0001-43
17/06/2016;17/06/2016 18:00:00;TEENAGE MUTANT NINJA TURTLES: OUT OF THE SHADOWS;AS TARTARUGAS NINJA: FORA DAS SOMBRAS;E1600265600000;DUBLADO;NÃO;ESTADOS UNIDOS;5003421;CINEMARK SHOPPING RAPOSO TAVARES 03;10;6000018;1843;20591;SÃO PAULO;SP;CINEMARK BRASIL S.A;00.779.721/0001-41
17/06/2016;17/06/2016 18:20:00;TEENAGE MUTANT NINJA TURTLES: OUT OF THE SHADOWS;AS TARTARUGAS NINJA: FORA DAS SOMBRAS;E1600265600000;ORIGINAL;SIM;ESTADOS UNIDOS;5005002;CINESYSTEM AMERICAS 06;16;6000027;5348;28834;RIO DE JANEIRO;RJ;REDECINE - RIO CINEMATOGRAFICA S.A.;07.524.011/0001-10
17/06/2016;17/06/2016 18:25:00;TEENAGE MUTANT NINJA TURTLES: OUT OF THE SHADOWS;AS TARTARUGAS NINJA: FORA DAS SOMBRAS;E1600265600000;DUBLADO;NÃO;ESTADOS UNIDOS;5005575;CINESYSTEM PAULISTA SALA 05;11;6000027;22546;33152;PAULISTA;PE;REDECINE BRA CINEMATOGRÁFICA S.A.;15.422.993/0001-67
17/06/2016;17/06/2016 18:25:00;X-MEN: APOCALYPSE;X-MEN - APOCALIPSE;E1600181600000;DUBLADO;NÃO;ESTADOS UNIDOS;5004484;ARAPIRACA BRA 02;14;6000027;22546;26037;ARAPIRACA;AL;REDECINE BRA CINEMATOGRÁFICA S.A.;15.422.993/0001-67
17/06/2016;17/06/2016 18:30:00;ME BEFORE YOU;COMO EU ERA ANTES DE VOCÊ;E1500875700000;ORIGINAL;SIM;ESTADOS UNIDOS;5005000;CINESYSTEM AMERICAS 04;92;6000027;5348;28834;RIO DE JANEIRO;RJ;REDECINE - RIO CINEMATOGRAFICA S.A.;07.524.011/0001-10
17/06/2016;17/06/2016 18:30:00;ME BEFORE YOU;COMO EU ERA ANTES DE VOCÊ;E1500875700000;ORIGINAL;SIM;ESTADOS UNIDOS;5002780;ILHA PLAZA 03;102;6000027;5348;16645;RIO DE JANEIRO;RJ;REDECINE - RIO CINEMATOGRAFICA S.A.;07.524.011/0001-10
17/06/2016;17/06/2016 18:30:00;NINGUÉM ENTRA, NINGUÉM SAI;;B1700168200000;ORIGINAL;NÃO;BRASIL;5005259;CINE SÉTIMA ARTE;10;;30624;30626;PEDERNEIRAS;SP;CINEMATOGRAFIA MAI LTDA;02.067.801/0001-08
17/06/2016;17/06/2016 18:30:00;THE CONJURING 2;INVOCAÇÃO DO MAL 2;E1600342300000;DUBLADO;NÃO;ESTADOS UNIDOS;5002062;AGUA VERDE 1;4;6000023;12893;12894;CURITIBA;PR;ESTILO PRODUÇÕES ARTISTICAS LTDA;03.293.165/0001-97
17/06/2016;17/06/2016 18:30:00;THE CONJURING 2;INVOCAÇÃO DO MAL 2;E1600342300000;DUBLADO;NÃO;ESTADOS UNIDOS;5003425;CINEMARK SHOPPING RAPOSO TAVARES 07;44;6000018;1843;20591;SÃO PAULO;SP;CINEMARK BRASIL S.A;00.779.721/0001-41
17/06/2016;17/06/2016 18:35:00;TEENAGE MUTANT NINJA TURTLES: OUT OF THE SHADOWS;AS TARTARUGAS NINJA: FORA DAS SOMBRAS;E1600265600000;DUBLADO;NÃO;ESTADOS UNIDOS;5004483;ARAPIRACA BRA 01;34;6000027;22546;26037;ARAPIRACA;AL;REDECINE BRA CINEMATOGRÁFICA S.A.;15.422.993/0001-67
17/06/2016;17/06/2016 18:40:00;MAIS FORTE QUE O MUNDO - A HISTÓRIA DE JOSÉ ALDO;;B1600294500000;DUBLADO;NÃO;BRASIL;5005001;CINESYSTEM AMERICAS 05;34;6000027;5348;28834;RIO DE JANEIRO;RJ;REDECINE - RIO CINEMATOGRAFICA S.A.;07.524.011/0001-10
17/06/2016;17/06/2016 18:40:00;NOW YOU SEE ME: THE SECOND ACT;TRUQUE DE MESTRE 2;E1500269900000;DUBLADO;NÃO;ESTADOS UNIDOS;5004488;ARAPIRACA BRA 06;19;6000027;22546;26037;ARAPIRACA;AL;REDECINE BRA CINEMATOGRÁFICA S.A.;15.422.993/0001-67
17/06/2016;17/06/2016 18:40:00;TEENAGE MUTANT NINJA TURTLES: OUT OF THE SHADOWS;AS TARTARUGAS NINJA: FORA DAS SOMBRAS;E1600265600000;DUBLADO;NÃO;ESTADOS UNIDOS;5002063;AGUA VERDE 2;8;6000023;12893;12894;CURITIBA;PR;ESTILO PRODUÇÕES ARTISTICAS LTDA;03.293.165/0001-97
17/06/2016;17/06/2016 18:45:00;TEENAGE MUTANT NINJA TURTLES: OUT OF THE SHADOWS;AS TARTARUGAS NINJA: FORA DAS SOMBRAS;E1600265600000;DUBLADO;NÃO;ESTADOS UNIDOS;5003423;CINEMARK SHOPPING RAPOSO TAVARES 05;32;6000018;1843;20591;SÃO PAULO;SP;CINEMARK BRASIL S.A;00.779.721/0001-41
17/06/2016;17/06/2016 18:50:00;ALICE THROUGH THE LOOKING GLASS;ALICE ATRAVÉS DO ESPELHO;E1600259100000;DUBLADO;NÃO;ESTADOS UNIDOS;5001624;CINESYSTEM SHOPPING TOTAL SALA 01;37;6000027;2375;6658;CURITIBA;PR;REDECINE CWB CINEMATOGRÁFICA LTDA;05.747.411/0001-69
17/06/2016;17/06/2016 18:50:00;ME BEFORE YOU;COMO EU ERA ANTES DE VOCÊ;E1500875700000;DUBLADO;NÃO;ESTADOS UNIDOS;5004487;ARAPIRACA BRA 05;47;6000027;22546;26037;ARAPIRACA;AL;REDECINE BRA CINEMATOGRÁFICA S.A.;15.422.993/0001-67
17/06/2016;17/06/2016 18:50:00;ME BEFORE YOU;COMO EU ERA ANTES DE VOCÊ;E1500875700000;DUBLADO;NÃO;ESTADOS UNIDOS;5005576;CINESYSTEM PAULISTA SALA 06;61;6000027;22546;33152;PAULISTA;PE;REDECINE BRA CINEMATOGRÁFICA S.A.;15.422.993/0001-67
17/06/2016;17/06/2016 18:50:00;NOW YOU SEE ME 2;TRUQUE DE MESTRE: O 2º ATO;E1700176500000;ORIGINAL;SIM;CANADÁ;5005003;CINESYSTEM AMERICAS 07;61;6000027;5348;28834;RIO DE JANEIRO;RJ;REDECINE - RIO CINEMATOGRAFICA S.A.;07.524.011/0001-10
17/06/2016;17/06/2016 19:00:00;ME BEFORE YOU;COMO EU ERA ANTES DE VOCÊ;E1500875700000;DUBLADO;NÃO;ESTADOS UNIDOS;5001628;CINESYSTEM SHOPPING TOTAL SALA 05;26;6000027;2375;6658;CURITIBA;PR;REDECINE CWB CINEMATOGRÁFICA LTDA;05.747.411/0001-69
17/06/2016;17/06/2016 19:00:00;NOW YOU SEE ME: THE SECOND ACT;TRUQUE DE MESTRE 2;E1500269900000;DUBLADO;NÃO;ESTADOS UNIDOS;5003419;CINEMARK SHOPPING RAPOSO TAVARES 01;49;6000018;1843;20591;SÃO PAULO;SP;CINEMARK BRASIL S.A;00.779.721/0001-41
17/06/2016;17/06/2016 19:00:00;THE CONJURING 2;INVOCAÇÃO DO MAL 2;E1600342300000;DUBLADO;NÃO;ESTADOS UNIDOS;5004486;ARAPIRACA BRA 04;35;6000027;22546;26037;ARAPIRACA;AL;REDECINE BRA CINEMATOGRÁFICA S.A.;15.422.993/0001-67
17/06/2016;17/06/2016 19:00:00;THE CONJURING 2;INVOCAÇÃO DO MAL 2;E1600342300000;ORIGINAL;SIM;ESTADOS UNIDOS;5004446;SALA MACEIO 03;69;6000027;22546;25512;MACEIÓ;AL;REDECINE BRA CINEMATOGRÁFICA S.A.;15.422.993/0001-67
17/06/2016;17/06/2016 19:05:00;THE CONJURING 2;INVOCAÇÃO DO MAL 2;E1600342300000;ORIGINAL;SIM;ESTADOS UNIDOS;5004998;CINESYSTEM AMERICAS 02;47;6000027;5348;28834;RIO DE JANEIRO;RJ;REDECINE - RIO CINEMATOGRAFICA S.A.;07.524.011/0001-10
17/06/2016;17/06/2016 19:10:00;ME BEFORE YOU;COMO EU ERA ANTES DE VOCÊ;E1500875700000;DUBLADO;NÃO;ESTADOS UNIDOS;5001626;CINESYSTEM SHOPPING TOTAL SALA 03;22;6000027;2375;6658;CURITIBA;PR;REDECINE CWB CINEMATOGRÁFICA LTDA;05.747.411/0001-69
17/06/2016;17/06/2016 19:10:00;TEENAGE MUTANT NINJA TURTLES: OUT OF THE SHADOWS;AS TARTARUGAS NINJA: FORA DAS SOMBRAS;E1600265600000;DUBLADO;NÃO;ESTADOS UNIDOS;5001625;CINESYSTEM SHOPPING TOTAL SALA 02;9;6000027;2375;6658;CURITIBA;PR;REDECINE CWB CINEMATOGRÁFICA LTDA;05.747.411/0001-69
17/06/2016;17/06/2016 19:10:00;THE CONJURING 2;INVOCAÇÃO DO MAL 2;E1600342300000;DUBLADO;NÃO;ESTADOS UNIDOS;5005574;CINESYSTEM PAULISTA SALA 04;48;6000027;22546;33152;PAULISTA;PE;REDECINE BRA CINEMATOGRÁFICA S.A.;15.422.993/0001-67
17/06/2016;17/06/2016 19:15:00;ME BEFORE YOU;COMO EU ERA ANTES DE VOCÊ;E1500875700000;DUBLADO;NÃO;ESTADOS UNIDOS;5003899;SALA 2;50;6000002;3136;24148;SOROCABA;SP;MSA EMPRESA CINEMATOGRÁFICA LTDA;03.608.600/0001-25
17/06/2016;17/06/2016 19:15:00;TEENAGE MUTANT NINJA TURTLES: OUT OF THE SHADOWS;AS TARTARUGAS NINJA: FORA DAS SOMBRAS;E1600265600000;DUBLADO;NÃO;ESTADOS UNIDOS;5004999;CINESYSTEM AMERICAS 03;46;6000027;5348;28834;RIO DE JANEIRO;RJ;REDECINE - RIO CINEMATOGRAFICA S.A.;07.524.011/0001-10
17/06/2016;17/06/2016 19:20:00;ME BEFORE YOU;COMO EU ERA ANTES DE VOCÊ;E1500875700000;ORIGINAL;SIM;ESTADOS UNIDOS;5003085;CINESPAÇO FLORIANÓPOLIS 3;140;6000018;1014;19103;FLORIANÓPOLIS;SC;CIRCUITO ESPAÇO DE CINEMA S/A;03.695.435/0001-96
17/06/2016;17/06/2016 19:20:00;ME BEFORE YOU;COMO EU ERA ANTES DE VOCÊ;E1500875700000;ORIGINAL;SIM;ESTADOS UNIDOS;5004999;CINESYSTEM AMERICAS 03;3;6000027;5348;28834;RIO DE JANEIRO;RJ;REDECINE - RIO CINEMATOGRAFICA S.A.;07.524.011/0001-10
17/06/2016;17/06/2016 19:20:00;THE CONJURING 2;INVOCAÇÃO DO MAL 2;E1600342300000;DUBLADO;NÃO;ESTADOS UNIDOS;5001627;CINESYSTEM SHOPPING TOTAL SALA 04;34;6000027;2375;6658;CURITIBA;PR;REDECINE CWB CINEMATOGRÁFICA LTDA;05.747.411/0001-69
17/06/2016;17/06/2016 19:30:00;ME BEFORE YOU;COMO EU ERA ANTES DE VOCÊ;E1500875700000;DUBLADO;NÃO;ESTADOS UNIDOS;5003422;CINEMARK SHOPPING RAPOSO TAVARES 04;120;6000018;1843;20591;SÃO PAULO;SP;CINEMARK BRASIL S.A;00.779.721/0001-41
17/06/2016;17/06/2016 19:30:00;ME BEFORE YOU;COMO EU ERA ANTES DE VOCÊ;E1500875700000;DUBLADO;NÃO;ESTADOS UNIDOS;5001626;CINESYSTEM SHOPPING TOTAL SALA 03;45;6000027;2375;6658;CURITIBA;PR;REDECINE CWB CINEMATOGRÁFICA LTDA;05.747.411/0001-69
17/06/2016;17/06/2016 19:30:00;TEENAGE MUTANT NINJA TURTLES: OUT OF THE SHADOWS;AS TARTARUGAS NINJA: FORA DAS SOMBRAS;E1600265600000;DUBLADO;NÃO;ESTADOS UNIDOS;5001625;CINESYSTEM SHOPPING TOTAL SALA 02;0;6000027;2375;6658;CURITIBA;PR;REDECINE CWB CINEMATOGRÁFICA LTDA;05.747.411/0001-69
17/06/2016;17/06/2016 19:40:00;ALICE THROUGH THE LOOKING GLASS;ALICE ATRAVÉS DO ESPELHO;E1600259100000;DUBLADO;NÃO;ESTADOS UNIDOS;5004997;CINESYSTEM AMERICAS 01;39;6000027;5348;28834;RIO DE JANEIRO;RJ;REDECINE - RIO CINEMATOGRAFICA S.A.;07.524.011/0001-10
17/06/2016;17/06/2016 19:55:00;TEENAGE MUTANT NINJA TURTLES: OUT OF THE SHADOWS;AS TARTARUGAS NINJA: FORA DAS SOMBRAS;E1600265600000;DUBLADO;NÃO;ESTADOS UNIDOS;5002603;CINEMAS BENFICA - SALA 1;33;;15690;15691;FORTALEZA;CE;CINEMAS BENFICA LTDA;07.509.597/0001-43
17/06/2016;17/06/2016 20:10:00;NOW YOU SEE ME: THE SECOND ACT;TRUQUE DE MESTRE 2;E1500269900000;DUBLADO;NÃO;ESTADOS UNIDOS;5003420;CINEMARK SHOPPING RAPOSO TAVARES 02;84;6000018;1843;20591;SÃO PAULO;SP;CINEMARK BRASIL S.A;00.779.721/0001-41
17/06/2016;17/06/2016 20:30:00;THE CONJURING 2;INVOCAÇÃO DO MAL 2;E1600342300000;DUBLADO;NÃO;ESTADOS UNIDOS;5003424;CINEMARK SHOPPING RAPOSO TAVARES 06;101;6000018;1843;20591;SÃO PAULO;SP;CINEMARK BRASIL S.A;00.779.721/0001-41
17/06/2016;17/06/2016 20:40:00;TEENAGE MUTANT NINJA TURTLES: OUT OF THE SHADOWS;AS TARTARUGAS NINJA: FORA DAS SOMBRAS;E1600265600000;DUBLADO;NÃO;ESTADOS UNIDOS;5003421;CINEMARK SHOPPING RAPOSO TAVARES 03;43;6000018;1843;20591;SÃO PAULO;SP;CINEMARK BRASIL S.A;00.779.721/0001-41
17/06/2016;17/06/2016 20:50:00;ME BEFORE YOU;COMO EU ERA ANTES DE VOCÊ;E1500875700000;ORIGINAL;SIM;ESTADOS UNIDOS;5005000;CINESYSTEM AMERICAS 04;122;6000027;5348;28834;RIO DE JANEIRO;RJ;REDECINE - RIO CINEMATOGRAFICA S.A.;07.524.011/0001-10
17/06/2016;17/06/2016 20:50:00;ME BEFORE YOU;COMO EU ERA ANTES DE VOCÊ;E1500875700000;ORIGINAL;SIM;ESTADOS UNIDOS;5002780;ILHA PLAZA 03;150;6000027;5348;16645;RIO DE JANEIRO;RJ;REDECINE - RIO CINEMATOGRAFICA S.A.;07.524.011/0001-10
17/06/2016;17/06/2016 20:50:00;TEENAGE MUTANT NINJA TURTLES: OUT OF THE SHADOWS;AS TARTARUGAS NINJA: FORA DAS SOMBRAS;E1600265600000;DUBLADO;NÃO;ESTADOS UNIDOS;5002063;AGUA VERDE 2;6;6000023;12893;12894;CURITIBA;PR;ESTILO PRODUÇÕES ARTISTICAS LTDA;03.293.165/0001-97
17/06/2016;17/06/2016 20:50:00;THE CONJURING 2;INVOCAÇÃO DO MAL 2;E1600342300000;DUBLADO;NÃO;ESTADOS UNIDOS;5005575;CINESYSTEM PAULISTA SALA 05;26;6000027;22546;33152;PAULISTA;PE;REDECINE BRA CINEMATOGRÁFICA S.A.;15.422.993/0001-67
17/06/2016;17/06/2016 21:00:00;TEENAGE MUTANT NINJA TURTLES: OUT OF THE SHADOWS;AS TARTARUGAS NINJA: FORA DAS SOMBRAS;E1600265600000;DUBLADO;NÃO;ESTADOS UNIDOS;5004483;ARAPIRACA BRA 01;21;6000027;22546;26037;ARAPIRACA;AL;REDECINE BRA CINEMATOGRÁFICA S.A.;15.422.993/0001-67
17/06/2016;17/06/2016 21:00:00;TEENAGE MUTANT NINJA TURTLES: OUT OF THE SHADOWS;AS TARTARUGAS NINJA: FORA DAS SOMBRAS;E1600265600000;ORIGINAL;SIM;ESTADOS UNIDOS;5005002;CINESYSTEM AMERICAS 06;10;6000027;5348;28834;RIO DE JANEIRO;RJ;REDECINE - RIO CINEMATOGRAFICA S.A.;07.524.011/0001-10
17/06/2016;17/06/2016 21:00:00;THE CONJURING 2;INVOCAÇÃO DO MAL 2;E1600342300000;DUBLADO;NÃO;ESTADOS UNIDOS;5002062;AGUA VERDE 1;12;6000023;12893;12894;CURITIBA;PR;ESTILO PRODUÇÕES ARTISTICAS LTDA;03.293.165/0001-97
17/06/2016;17/06/2016 21:10:00;ME BEFORE YOU;COMO EU ERA ANTES DE VOCÊ;E1500875700000;DUBLADO;NÃO;ESTADOS UNIDOS;5004487;ARAPIRACA BRA 05;32;6000027;22546;26037;ARAPIRACA;AL;REDECINE BRA CINEMATOGRÁFICA S.A.;15.422.993/0001-67
17/06/2016;17/06/2016 21:10:00;ME BEFORE YOU;COMO EU ERA ANTES DE VOCÊ;E1500875700000;DUBLADO;NÃO;ESTADOS UNIDOS;5005576;CINESYSTEM PAULISTA SALA 06;15;6000027;22546;33152;PAULISTA;PE;REDECINE BRA CINEMATOGRÁFICA S.A.;15.422.993/0001-67
17/06/2016;17/06/2016 21:10:00;THE CONJURING 2;INVOCAÇÃO DO MAL 2;E1600342300000;DUBLADO;NÃO;ESTADOS UNIDOS;5001624;CINESYSTEM SHOPPING TOTAL SALA 01;21;6000027;2375;6658;CURITIBA;PR;REDECINE CWB CINEMATOGRÁFICA LTDA;05.747.411/0001-69
17/06/2016;17/06/2016 21:15:00;THE CONJURING 2;INVOCAÇÃO DO MAL 2;E1600342300000;DUBLADO;NÃO;ESTADOS UNIDOS;5005001;CINESYSTEM AMERICAS 05;32;6000027;5348;28834;RIO DE JANEIRO;RJ;REDECINE - RIO CINEMATOGRAFICA S.A.;07.524.011/0001-10
17/06/2016;17/06/2016 21:20:00;NOW YOU SEE ME: THE SECOND ACT;TRUQUE DE MESTRE 2;E1500269900000;DUBLADO;NÃO;ESTADOS UNIDOS;5004488;ARAPIRACA BRA 06;14;6000027;22546;26037;ARAPIRACA;AL;REDECINE BRA CINEMATOGRÁFICA S.A.;15.422.993/0001-67
17/06/2016;17/06/2016 21:20:00;TEENAGE MUTANT NINJA TURTLES: OUT OF THE SHADOWS;AS TARTARUGAS NINJA: FORA DAS SOMBRAS;E1600265600000;DUBLADO;NÃO;ESTADOS UNIDOS;5003423;CINEMARK SHOPPING RAPOSO TAVARES 05;45;6000018;1843;20591;SÃO PAULO;SP;CINEMARK BRASIL S.A;00.779.721/0001-41
17/06/2016;17/06/2016 21:30:00;MAIS FORTE QUE O MUNDO - A HISTÓRIA DE JOSÉ ALDO;;B1600294500000;DUBLADO;NÃO;BRASIL;5004484;ARAPIRACA BRA 02;33;6000027;22546;26037;ARAPIRACA;AL;REDECINE BRA CINEMATOGRÁFICA S.A.;15.422.993/0001-67
17/06/2016;17/06/2016 21:30:00;MAIS FORTE QUE O MUNDO - A HISTÓRIA DE JOSÉ ALDO;;B1600294500000;DUBLADO;NÃO;BRASIL;5003899;SALA 2;0;6000002;3136;24148;SOROCABA;SP;MSA EMPRESA CINEMATOGRÁFICA LTDA;03.608.600/0001-25
17/06/2016;17/06/2016 21:30:00;ME BEFORE YOU;COMO EU ERA ANTES DE VOCÊ;E1500875700000;DUBLADO;NÃO;ESTADOS UNIDOS;5001626;CINESYSTEM SHOPPING TOTAL SALA 03;2;6000027;2375;6658;CURITIBA;PR;REDECINE CWB CINEMATOGRÁFICA LTDA;05.747.411/0001-69
17/06/2016;17/06/2016 21:30:00;NOW YOU SEE ME 2;TRUQUE DE MESTRE: O 2º ATO;E1700176500000;ORIGINAL;SIM;CANADÁ;5005003;CINESYSTEM AMERICAS 07;98;6000027;5348;28834;RIO DE JANEIRO;RJ;REDECINE - RIO CINEMATOGRAFICA S.A.;07.524.011/0001-10
17/06/2016;17/06/2016 21:30:00;TEENAGE MUTANT NINJA TURTLES: OUT OF THE SHADOWS;AS TARTARUGAS NINJA: FORA DAS SOMBRAS;E1600265600000;DUBLADO;NÃO;ESTADOS UNIDOS;5001625;CINESYSTEM SHOPPING TOTAL SALA 02;25;6000027;2375;6658;CURITIBA;PR;REDECINE CWB CINEMATOGRÁFICA LTDA;05.747.411/0001-69
17/06/2016;17/06/2016 21:31:00;ME BEFORE YOU;COMO EU ERA ANTES DE VOCÊ;E1500875700000;DUBLADO;NÃO;ESTADOS UNIDOS;5003899;SALA 2;71;6000002;3136;24148;SOROCABA;SP;MSA EMPRESA CINEMATOGRÁFICA LTDA;03.608.600/0001-25
17/06/2016;17/06/2016 21:40:00;ALDO - MAIS FORTE QUE O MUNDO;;B1600785100000;DUBLADO;NÃO;BRASIL;5001628;CINESYSTEM SHOPPING TOTAL SALA 05;18;6000027;2375;6658;CURITIBA;PR;REDECINE CWB CINEMATOGRÁFICA LTDA;05.747.411/0001-69
17/06/2016;17/06/2016 21:40:00;ME BEFORE YOU;COMO EU ERA ANTES DE VOCÊ;E1500875700000;ORIGINAL;SIM;ESTADOS UNIDOS;5003085;CINESPAÇO FLORIANÓPOLIS 3;118;6000018;1014;19103;FLORIANÓPOLIS;SC;CIRCUITO ESPAÇO DE CINEMA S/A;03.695.435/0001-96
17/06/2016;17/06/2016 21:40:00;THE CONJURING 2;INVOCAÇÃO DO MAL 2;E1600342300000;DUBLADO;NÃO;ESTADOS UNIDOS;5004486;ARAPIRACA BRA 04;29;6000027;22546;26037;ARAPIRACA;AL;REDECINE BRA CINEMATOGRÁFICA S.A.;15.422.993/0001-67
17/06/2016;17/06/2016 21:40:00;THE CONJURING 2;INVOCAÇÃO DO MAL 2;E1600342300000;DUBLADO;NÃO;ESTADOS UNIDOS;5003425;CINEMARK SHOPPING RAPOSO TAVARES 07;124;6000018;1843;20591;SÃO PAULO;SP;CINEMARK BRASIL S.A;00.779.721/0001-41
17/06/2016;17/06/2016 21:40:00;WARCRAFT;WARCFRAT – O PRIMEIRO ENCONTRO ENTRE DOIS MUNDOS;E1500739800000;ORIGINAL;SIM;ESTADOS UNIDOS;5004999;CINESYSTEM AMERICAS 03;25;6000027;5348;28834;RIO DE JANEIRO;RJ;REDECINE - RIO CINEMATOGRAFICA S.A.;07.524.011/0001-10
17/06/2016;17/06/2016 21:50:00;ME BEFORE YOU;COMO EU ERA ANTES DE VOCÊ;E1500875700000;DUBLADO;NÃO;ESTADOS UNIDOS;5001626;CINESYSTEM SHOPPING TOTAL SALA 03;89;6000027;2375;6658;CURITIBA;PR;REDECINE CWB CINEMATOGRÁFICA LTDA;05.747.411/0001-69
17/06/2016;17/06/2016 21:50:00;TEENAGE MUTANT NINJA TURTLES: OUT OF THE SHADOWS;AS TARTARUGAS NINJA: FORA DAS SOMBRAS;E1600265600000;DUBLADO;NÃO;ESTADOS UNIDOS;5001625;CINESYSTEM SHOPPING TOTAL SALA 02;0;6000027;2375;6658;CURITIBA;PR;REDECINE CWB CINEMATOGRÁFICA LTDA;05.747.411/0001-69
17/06/2016;17/06/2016 21:50:00;THE CONJURING 2;INVOCAÇÃO DO MAL 2;E1600342300000;ORIGINAL;SIM;ESTADOS UNIDOS;5004998;CINESYSTEM AMERICAS 02;60;6000027;5348;28834;RIO DE JANEIRO;RJ;REDECINE - RIO CINEMATOGRAFICA S.A.;07.524.011/0001-10
17/06/2016;17/06/2016 21:50:00;THE CONJURING 2;INVOCAÇÃO DO MAL 2;E1600342300000;DUBLADO;NÃO;ESTADOS UNIDOS;5005574;CINESYSTEM PAULISTA SALA 04;12;6000027;22546;33152;PAULISTA;PE;REDECINE BRA CINEMATOGRÁFICA S.A.;15.422.993/0001-67
17/06/2016;17/06/2016 21:50:00;THE CONJURING 2;INVOCAÇÃO DO MAL 2;E1600342300000;ORIGINAL;SIM;ESTADOS UNIDOS;5004446;SALA MACEIO 03;48;6000027;22546;25512;MACEIÓ;AL;REDECINE BRA CINEMATOGRÁFICA S.A.;15.422.993/0001-67
17/06/2016;17/06/2016 22:00:00;MAIS FORTE QUE O MUNDO - A HISTÓRIA DE JOSÉ ALDO;;B1600294500000;ORIGINAL;NÃO;BRASIL;5003419;CINEMARK SHOPPING RAPOSO TAVARES 01;46;6000018;1843;20591;SÃO PAULO;SP;CINEMARK BRASIL S.A;00.779.721/0001-41
17/06/2016;17/06/2016 22:00:00;THE CONJURING 2;INVOCAÇÃO DO MAL 2;E1600342300000;DUBLADO;NÃO;ESTADOS UNIDOS;5001627;CINESYSTEM SHOPPING TOTAL SALA 04;8;6000027;2375;6658;CURITIBA;PR;REDECINE CWB CINEMATOGRÁFICA LTDA;05.747.411/0001-69
17/06/2016;17/06/2016 22:00:00;X-MEN: APOCALYPSE;X-MEN - APOCALIPSE;E1600181600000;ORIGINAL;SIM;ESTADOS UNIDOS;5004997;CINESYSTEM AMERICAS 01;38;6000027;5348;28834;RIO DE JANEIRO;RJ;REDECINE - RIO CINEMATOGRAFICA S.A.;07.524.011/0001-10
17/06/2016;17/06/2016 22:10:00;ME BEFORE YOU;COMO EU ERA ANTES DE VOCÊ;E1500875700000;DUBLADO;NÃO;ESTADOS UNIDOS;5003422;CINEMARK SHOPPING RAPOSO TAVARES 04;156;6000018;1843;20591;SÃO PAULO;SP;CINEMARK BRASIL S.A;00.779.721/0001-41
18/06/2016;18/06/2016 10:00:00;THE HUNTSMAN;O CAÇADOR E A RAINHA DE GELO;E1500739300000;DUBLADO;NÃO;ESTADOS UNIDOS;5004487;ARAPIRACA BRA 05;80;6000027;22546;26037;ARAPIRACA;AL;REDECINE BRA CINEMATOGRÁFICA S.A.;15.422.993/0001-67
18/06/2016;18/06/2016 11:20:00;ALICE IN WONDERLAND;ALICE NO PAÍS DAS MARAVILHAS;E1500291700000;DUBLADO;NÃO;ESTADOS UNIDOS;5003420;CINEMARK SHOPPING RAPOSO TAVARES 02;19;6000018;1843;20591;SÃO PAULO;SP;CINEMARK BRASIL S.A;00.779.721/0001-41
18/06/2016;18/06/2016 12:20:00;TEENAGE MUTANT NINJA TURTLES: OUT OF THE SHADOWS;AS TARTARUGAS NINJA: FORA DAS SOMBRAS;E1600265600000;DUBLADO;NÃO;ESTADOS UNIDOS;5003421;CINEMARK SHOPPING RAPOSO TAVARES 03;12;6000018;1843;20591;SÃO PAULO;SP;CINEMARK BRASIL S.A;00.779.721/0001-41
18/06/2016;18/06/2016 12:50:00;NOW YOU SEE ME: THE SECOND ACT;TRUQUE DE MESTRE 2;E1500269900000;DUBLADO;NÃO;ESTADOS UNIDOS;5003419;CINEMARK SHOPPING RAPOSO TAVARES 01;9;6000018;1843;20591;SÃO PAULO;SP;CINEMARK BRASIL S.A;00.779.721/0001-41
18/06/2016;18/06/2016 13:00:00;ME BEFORE YOU;COMO EU ERA ANTES DE VOCÊ;E1500875700000;DUBLADO;NÃO;ESTADOS UNIDOS;5003425;CINEMARK SHOPPING RAPOSO TAVARES 07;18;6000018;1843;20591;SÃO PAULO;SP;CINEMARK BRASIL S.A;00.779.721/0001-41
18/06/2016;18/06/2016 13:10:00;TEENAGE MUTANT NINJA TURTLES: OUT OF THE SHADOWS;AS TARTARUGAS NINJA: FORA DAS SOMBRAS;E1600265600000;DUBLADO;NÃO;ESTADOS UNIDOS;5002603;CINEMAS BENFICA - SALA 1;34;;15690;15691;FORTALEZA;CE;CINEMAS BENFICA LTDA;07.509.597/0001-43
18/06/2016;18/06/2016 13:15:00;TEENAGE MUTANT NINJA TURTLES: OUT OF THE SHADOWS;AS TARTARUGAS NINJA: FORA DAS SOMBRAS;E1600265600000;DUBLADO;NÃO;ESTADOS UNIDOS;5005575;CINESYSTEM PAULISTA SALA 05;20;6000027;22546;33152;PAULISTA;PE;REDECINE BRA CINEMATOGRÁFICA S.A.;15.422.993/0001-67
18/06/2016;18/06/2016 13:20:00;NOW YOU SEE ME: THE SECOND ACT;TRUQUE DE MESTRE 2;E1500269900000;DUBLADO;NÃO;ESTADOS UNIDOS;5004488;ARAPIRACA BRA 06;26;6000027;22546;26037;ARAPIRACA;AL;REDECINE BRA CINEMATOGRÁFICA S.A.;15.422.993/0001-67
18/06/2016;18/06/2016 13:20:00;NOW YOU SEE ME: THE SECOND ACT;TRUQUE DE MESTRE 2;E1500269900000;ORIGINAL;SIM;ESTADOS UNIDOS;5002782;ILHA PLAZA 02;16;6000027;5348;16645;RIO DE JANEIRO;RJ;REDECINE - RIO CINEMATOGRAFICA S.A.;07.524.011/0001-10
18/06/2016;18/06/2016 13:20:00;TEENAGE MUTANT NINJA TURTLES: OUT OF THE SHADOWS;AS TARTARUGAS NINJA: FORA DAS SOMBRAS;E1600265600000;DUBLADO;NÃO;ESTADOS UNIDOS;5003423;CINEMARK SHOPPING RAPOSO TAVARES 05;6;6000018;1843;20591;SÃO PAULO;SP;CINEMARK BRASIL S.A;00.779.721/0001-41
18/06/2016;18/06/2016 13:20:00;TINI - EL GRAN CAMBIO DE VIOLETTA;TINI - DEPOIS DE VIOLETTA;E1600323700000;DUBLADO;NÃO;ARGENTINA;5004997;CINESYSTEM AMERICAS 01;13;6000027;5348;28834;RIO DE JANEIRO;RJ;REDECINE - RIO CINEMATOGRAFICA S.A.;07.524.011/0001-10
18/06/2016;18/06/2016 13:25:00;ALICE THROUGH THE LOOKING GLASS;ALICE ATRAVÉS DO ESPELHO;E1600259100000;DUBLADO;NÃO;ESTADOS UNIDOS;5004484;ARAPIRACA BRA 02;21;6000027;22546;26037;ARAPIRACA;AL;REDECINE BRA CINEMATOGRÁFICA S.A.;15.422.993/0001-67
18/06/2016;18/06/2016 13:25:00;ALICE THROUGH THE LOOKING GLASS;ALICE ATRAVÉS DO ESPELHO;E1600259100000;DUBLADO;NÃO;ESTADOS UNIDOS;5005001;CINESYSTEM AMERICAS 05;10;6000027;5348;28834;RIO DE JANEIRO;RJ;REDECINE - RIO CINEMATOGRAFICA S.A.;07.524.011/0001-10
18/06/2016;18/06/2016 13:25:00;THE CONJURING 2;INVOCAÇÃO DO MAL 2;E1600342300000;DUBLADO;NÃO;ESTADOS UNIDOS;5005574;CINESYSTEM PAULISTA SALA 04;39;6000027;22546;33152;PAULISTA;PE;REDECINE BRA CINEMATOGRÁFICA S.A.;15.422.993/0001-67
18/06/2016;18/06/2016 13:30:00;NOW YOU SEE ME 2;TRUQUE DE MESTRE: O 2º ATO;E1700176500000;ORIGINAL;SIM;CANADÁ;5005003;CINESYSTEM AMERICAS 07;24;6000027;5348;28834;RIO DE JANEIRO;RJ;REDECINE - RIO CINEMATOGRAFICA S.A.;07.524.011/0001-10
18/06/2016;18/06/2016 13:30:00;THE CONJURING 2;INVOCAÇÃO DO MAL 2;E1600342300000;DUBLADO;NÃO;ESTADOS UNIDOS;5004486;ARAPIRACA BRA 04;36;6000027;22546;26037;ARAPIRACA;AL;REDECINE BRA CINEMATOGRÁFICA S.A.;15.422.993/0001-67
18/06/2016;18/06/2016 13:35:00;THE CONJURING 2;INVOCAÇÃO DO MAL 2;E1600342300000;ORIGINAL;SIM;ESTADOS UNIDOS;5004998;CINESYSTEM AMERICAS 02;19;6000027;5348;28834;RIO DE JANEIRO;RJ;REDECINE - RIO CINEMATOGRAFICA S.A.;07.524.011/0001-10
18/06/2016;18/06/2016 13:40:00;TEENAGE MUTANT NINJA TURTLES: OUT OF THE SHADOWS;AS TARTARUGAS NINJA: FORA DAS SOMBRAS;E1600265600000;DUBLADO;NÃO;ESTADOS UNIDOS;5004483;ARAPIRACA BRA 01;51;6000027;22546;26037;ARAPIRACA;AL;REDECINE BRA CINEMATOGRÁFICA S.A.;15.422.993/0001-67
18/06/2016;18/06/2016 13:40:00;TEENAGE MUTANT NINJA TURTLES: OUT OF THE SHADOWS;AS TARTARUGAS NINJA: FORA DAS SOMBRAS;E1600265600000;ORIGINAL;SIM;ESTADOS UNIDOS;5005002;CINESYSTEM AMERICAS 06;12;6000027;5348;28834;RIO DE JANEIRO;RJ;REDECINE - RIO CINEMATOGRAFICA S.A.;07.524.011/0001-10
18/06/2016;18/06/2016 13:50:00;ALICE THROUGH THE LOOKING GLASS;ALICE ATRAVÉS DO ESPELHO;E1600259100000;DUBLADO;NÃO;ESTADOS UNIDOS;5002780;ILHA PLAZA 03;60;6000027;5348;16645;RIO DE JANEIRO;RJ;REDECINE - RIO CINEMATOGRAFICA S.A.;07.524.011/0001-10
18/06/2016;18/06/2016 13:50:00;ME BEFORE YOU;COMO EU ERA ANTES DE VOCÊ;E1500875700000;ORIGINAL;SIM;ESTADOS UNIDOS;5005000;CINESYSTEM AMERICAS 04;44;6000027;5348;28834;RIO DE JANEIRO;RJ;REDECINE - RIO CINEMATOGRAFICA S.A.;07.524.011/0001-10
18/06/2016;18/06/2016 13:50:00;ME BEFORE YOU;COMO EU ERA ANTES DE VOCÊ;E1500875700000;DUBLADO;NÃO;ESTADOS UNIDOS;5005576;CINESYSTEM PAULISTA SALA 06;2;6000027;22546;33152;PAULISTA;PE;REDECINE BRA CINEMATOGRÁFICA S.A.;15.422.993/0001-67
18/06/2016;18/06/2016 13:50:00;WARCRAFT;WARCFRAT – O PRIMEIRO ENCONTRO ENTRE DOIS MUNDOS;E1500739800000;DUBLADO;NÃO;ESTADOS UNIDOS;5001628;CINESYSTEM SHOPPING TOTAL SALA 05;50;6000027;2375;6658;CURITIBA;PR;REDECINE CWB CINEMATOGRÁFICA LTDA;05.747.411/0001-69
18/06/2016;18/06/2016 13:51:00;ME BEFORE YOU;COMO EU ERA ANTES DE VOCÊ;E1500875700000;DUBLADO;NÃO;ESTADOS UNIDOS;5005576;CINESYSTEM PAULISTA SALA 06;51;6000027;22546;33152;PAULISTA;PE;REDECINE BRA CINEMATOGRÁFICA S.A.;15.422.993/0001-67
18/06/2016;18/06/2016 14:00:00;NOW YOU SEE ME: THE SECOND ACT;TRUQUE DE MESTRE 2;E1500269900000;DUBLADO;NÃO;ESTADOS UNIDOS;5003420;CINEMARK SHOPPING RAPOSO TAVARES 02;29;6000018;1843;20591;SÃO PAULO;SP;CINEMARK BRASIL S.A;00.779.721/0001-41
18/06/2016;18/06/2016 14:00:00;THE CONJURING 2;INVOCAÇÃO DO MAL 2;E1600342300000;DUBLADO;NÃO;ESTADOS UNIDOS;5001627;CINESYSTEM SHOPPING TOTAL SALA 04;24;6000027;2375;6658;CURITIBA;PR;REDECINE CWB CINEMATOGRÁFICA LTDA;05.747.411/0001-69
18/06/2016;18/06/2016 14:10:00;ALICE THROUGH THE LOOKING GLASS;ALICE ATRAVÉS DO ESPELHO;E1600259100000;DUBLADO;NÃO;ESTADOS UNIDOS;5001624;CINESYSTEM SHOPPING TOTAL SALA 01;92;6000027;2375;6658;CURITIBA;PR;REDECINE CWB CINEMATOGRÁFICA LTDA;05.747.411/0001-69
18/06/2016;18/06/2016 14:10:00;ME BEFORE YOU;COMO EU ERA ANTES DE VOCÊ;E1500875700000;DUBLADO;NÃO;ESTADOS UNIDOS;5004487;ARAPIRACA BRA 05;173;6000027;22546;26037;ARAPIRACA;AL;REDECINE BRA CINEMATOGRÁFICA S.A.;15.422.993/0001-67
18/06/2016;18/06/2016 14:10:00;ME BEFORE YOU;COMO EU ERA ANTES DE VOCÊ;E1500875700000;DUBLADO;NÃO;ESTADOS UNIDOS;5003422;CINEMARK SHOPPING RAPOSO TAVARES 04;49;6000018;1843;20591;SÃO PAULO;SP;CINEMARK BRASIL S.A;00.779.721/0001-41
18/06/2016;18/06/2016 14:10:00;TEENAGE MUTANT NINJA TURTLES: OUT OF THE SHADOWS;AS TARTARUGAS NINJA: FORA DAS SOMBRAS;E1600265600000;DUBLADO;NÃO;ESTADOS UNIDOS;5004999;CINESYSTEM AMERICAS 03;72;6000027;5348;28834;RIO DE JANEIRO;RJ;REDECINE - RIO CINEMATOGRAFICA S.A.;07.524.011/0001-10
18/06/2016;18/06/2016 14:20:00;TEENAGE MUTANT NINJA TURTLES: OUT OF THE SHADOWS;AS TARTARUGAS NINJA: FORA DAS SOMBRAS;E1600265600000;DUBLADO;NÃO;ESTADOS UNIDOS;5002063;AGUA VERDE 2;18;6000023;12893;12894;CURITIBA;PR;ESTILO PRODUÇÕES ARTISTICAS LTDA;03.293.165/0001-97
18/06/2016;18/06/2016 14:30:00;ME BEFORE YOU;COMO EU ERA ANTES DE VOCÊ;E1500875700000;DUBLADO;NÃO;ESTADOS UNIDOS;5001626;CINESYSTEM SHOPPING TOTAL SALA 03;2;6000027;2375;6658;CURITIBA;PR;REDECINE CWB CINEMATOGRÁFICA LTDA;05.747.411/0001-69
18/06/2016;18/06/2016 14:30:00;PEPPA PIG, THE GOLDEN BOOTS AND OTHER STORIES;PEPPA PIG - AS BOTAS DE OURO E OUTRAS HISTÓRIAS;E1600291900000;DUBLADO;NÃO;ESTADOS UNIDOS;5002062;AGUA VERDE 1;15;6000023;12893;12894;CURITIBA;PR;ESTILO PRODUÇÕES ARTISTICAS LTDA;03.293.165/0001-97
18/06/2016;18/06/2016 14:30:00;TEENAGE MUTANT NINJA TURTLES: OUT OF THE SHADOWS;AS TARTARUGAS NINJA: FORA DAS SOMBRAS;E1600265600000;DUBLADO;NÃO;ESTADOS UNIDOS;5001625;CINESYSTEM SHOPPING TOTAL SALA 02;40;6000027;2375;6658;CURITIBA;PR;REDECINE CWB CINEMATOGRÁFICA LTDA;05.747.411/0001-69
18/06/2016;18/06/2016 14:40:00;ME BEFORE YOU;COMO EU ERA ANTES DE VOCÊ;E1500875700000;DUBLADO;NÃO;ESTADOS UNIDOS;5003085;CINESPAÇO FLORIANÓPOLIS 3;95;6000018;1014;19103;FLORIANÓPOLIS;SC;CIRCUITO ESPAÇO DE CINEMA S/A;03.695.435/0001-96
18/06/2016;18/06/2016 14:45:00;ME BEFORE YOU;COMO EU ERA ANTES DE VOCÊ;E1500875700000;DUBLADO;NÃO;ESTADOS UNIDOS;5003911;SALA 6;51;6000002;3136;24148;SOROCABA;SP;MSA EMPRESA CINEMATOGRÁFICA LTDA;03.608.600/0001-25
18/06/2016;18/06/2016 14:50:00;ME BEFORE YOU;COMO EU ERA ANTES DE VOCÊ;E1500875700000;DUBLADO;NÃO;ESTADOS UNIDOS;5001626;CINESYSTEM SHOPPING TOTAL SALA 03;80;6000027;2375;6658;CURITIBA;PR;REDECINE CWB CINEMATOGRÁFICA LTDA;05.747.411/0001-69
18/06/2016;18/06/2016 15:20:00;TEENAGE MUTANT NINJA TURTLES: OUT OF THE SHADOWS;AS TARTARUGAS NINJA: FORA DAS SOMBRAS;E1600265600000;DUBLADO;NÃO;ESTADOS UNIDOS;5003421;CINEMARK SHOPPING RAPOSO TAVARES 03;49;6000018;1843;20591;SÃO PAULO;SP;CINEMARK BRASIL S.A;00.779.721/0001-41
18/06/2016;18/06/2016 15:25:00;TEENAGE MUTANT NINJA TURTLES: OUT OF THE SHADOWS;AS TARTARUGAS NINJA: FORA DAS SOMBRAS;E1600265600000;DUBLADO;NÃO;ESTADOS UNIDOS;5002603;CINEMAS BENFICA - SALA 1;41;;15690;15691;FORTALEZA;CE;CINEMAS BENFICA LTDA;07.509.597/0001-43
18/06/2016;18/06/2016 15:25:00;TINI - EL GRAN CAMBIO DE VIOLETTA;TINI - DEPOIS DE VIOLETTA;E1600323700000;DUBLADO;NÃO;ARGENTINA;5004997;CINESYSTEM AMERICAS 01;4;6000027;5348;28834;RIO DE JANEIRO;RJ;REDECINE - RIO CINEMATOGRAFICA S.A.;07.524.011/0001-10
18/06/2016;18/06/2016 15:30:00;THE CONJURING 2;INVOCAÇÃO DO MAL 2;E1600342300000;DUBLADO;NÃO;ESTADOS UNIDOS;5003425;CINEMARK SHOPPING RAPOSO TAVARES 07;53;6000018;1843;20591;SÃO PAULO;SP;CINEMARK BRASIL S.A;00.779.721/0001-41
18/06/2016;18/06/2016 15:40:00;THE CONJURING 2;INVOCAÇÃO DO MAL 2;E1600342300000;DUBLADO;NÃO;ESTADOS UNIDOS;5005575;CINESYSTEM PAULISTA SALA 05;12;6000027;22546;33152;PAULISTA;PE;REDECINE BRA CINEMATOGRÁFICA S.A.;15.422.993/0001-67
18/06/2016;18/06/2016 15:41:00;THE CONJURING 2;INVOCAÇÃO DO MAL 2;E1600342300000;DUBLADO;NÃO;ESTADOS UNIDOS;5005575;CINESYSTEM PAULISTA SALA 05;97;6000027;22546;33152;PAULISTA;PE;REDECINE BRA CINEMATOGRÁFICA S.A.;15.422.993/0001-67
18/06/2016;18/06/2016 15:45:00;THE CONJURING 2;INVOCAÇÃO DO MAL 2;E1600342300000;DUBLADO;NÃO;ESTADOS UNIDOS;5004484;ARAPIRACA BRA 02;106;6000027;22546;26037;ARAPIRACA;AL;REDECINE BRA CINEMATOGRÁFICA S.A.;15.422.993/0001-67
18/06/2016;18/06/2016 15:50:00;NOW YOU SEE ME: THE SECOND ACT;TRUQUE DE MESTRE 2;E1500269900000;DUBLADO;NÃO;ESTADOS UNIDOS;5003419;CINEMARK SHOPPING RAPOSO TAVARES 01;66;6000018;1843;20591;SÃO PAULO;SP;CINEMARK BRASIL S.A;00.779.721/0001-41
18/06/2016;18/06/2016 15:50:00;THE CONJURING 2;INVOCAÇÃO DO MAL 2;E1600342300000;DUBLADO;NÃO;ESTADOS UNIDOS;5005001;CINESYSTEM AMERICAS 05;33;6000027;5348;28834;RIO DE JANEIRO;RJ;REDECINE - RIO CINEMATOGRAFICA S.A.;07.524.011/0001-10
18/06/2016;18/06/2016 16:00:00;ME BEFORE YOU;COMO EU ERA ANTES DE VOCÊ;E1500875700000;ORIGINAL;SIM;ESTADOS UNIDOS;5002782;ILHA PLAZA 02;64;6000027;5348;16645;RIO DE JANEIRO;RJ;REDECINE - RIO CINEMATOGRAFICA S.A.;07.524.011/0001-10
18/06/2016;18/06/2016 16:00:00;NOW YOU SEE ME: THE SECOND ACT;TRUQUE DE MESTRE 2;E1500269900000;DUBLADO;NÃO;ESTADOS UNIDOS;5004488;ARAPIRACA BRA 06;35;6000027;22546;26037;ARAPIRACA;AL;REDECINE BRA CINEMATOGRÁFICA S.A.;15.422.993/0001-67
18/06/2016;18/06/2016 16:00:00;TEENAGE MUTANT NINJA TURTLES: OUT OF THE SHADOWS;AS TARTARUGAS NINJA: FORA DAS SOMBRAS;E1600265600000;DUBLADO;NÃO;ESTADOS UNIDOS;5003423;CINEMARK SHOPPING RAPOSO TAVARES 05;31;6000018;1843;20591;SÃO PAULO;SP;CINEMARK BRASIL S.A;00.779.721/0001-41
18/06/2016;18/06/2016 16:00:00;TEENAGE MUTANT NINJA TURTLES: OUT OF THE SHADOWS;AS TARTARUGAS NINJA: FORA DAS SOMBRAS;E1600265600000;DUBLADO;NÃO;ESTADOS UNIDOS;5005002;CINESYSTEM AMERICAS 06;76;6000027;5348;28834;RIO DE JANEIRO;RJ;REDECINE - RIO CINEMATOGRAFICA S.A.;07.524.011/0001-10
18/06/2016;18/06/2016 16:10:00;ME BEFORE YOU;COMO EU ERA ANTES DE VOCÊ;E1500875700000;ORIGINAL;SIM;ESTADOS UNIDOS;5005000;CINESYSTEM AMERICAS 04;72;6000027;5348;28834;RIO DE JANEIRO;RJ;REDECINE - RIO CINEMATOGRAFICA S.A.;07.524.011/0001-10
18/06/2016;18/06/2016 16:10:00;ME BEFORE YOU;COMO EU ERA ANTES DE VOCÊ;E1500875700000;DUBLADO;NÃO;ESTADOS UNIDOS;5002780;ILHA PLAZA 03;63;6000027;5348;16645;RIO DE JANEIRO;RJ;REDECINE - RIO CINEMATOGRAFICA S.A.;07.524.011/0001-10
18/06/2016;18/06/2016 16:10:00;NOW YOU SEE ME 2;TRUQUE DE MESTRE: O 2º ATO;E1700176500000;ORIGINAL;SIM;CANADÁ;5005003;CINESYSTEM AMERICAS 07;94;6000027;5348;28834;RIO DE JANEIRO;RJ;REDECINE - RIO CINEMATOGRAFICA S.A.;07.524.011/0001-10
18/06/2016;18/06/2016 16:10:00;TEENAGE MUTANT NINJA TURTLES: OUT OF THE SHADOWS;AS TARTARUGAS NINJA: FORA DAS SOMBRAS;E1600265600000;DUBLADO;NÃO;ESTADOS UNIDOS;5004483;ARAPIRACA BRA 01;74;6000027;22546;26037;ARAPIRACA;AL;REDECINE BRA CINEMATOGRÁFICA S.A.;15.422.993/0001-67
18/06/2016;18/06/2016 16:10:00;THE CONJURING 2;INVOCAÇÃO DO MAL 2;E1600342300000;DUBLADO;NÃO;ESTADOS UNIDOS;5005574;CINESYSTEM PAULISTA SALA 04;72;6000027;22546;33152;PAULISTA;PE;REDECINE BRA CINEMATOGRÁFICA S.A.;15.422.993/0001-67
18/06/2016;18/06/2016 16:20:00;ALICE THROUGH THE LOOKING GLASS;ALICE ATRAVÉS DO ESPELHO;E1600259100000;DUBLADO;NÃO;ESTADOS UNIDOS;5002062;AGUA VERDE 1;71;6000023;12893;12894;CURITIBA;PR;ESTILO PRODUÇÕES ARTISTICAS LTDA;03.293.165/0001-97
18/06/2016;18/06/2016 16:20:00;ME BEFORE YOU;COMO EU ERA ANTES DE VOCÊ;E1500875700000;DUBLADO;NÃO;ESTADOS UNIDOS;5005576;CINESYSTEM PAULISTA SALA 06;1;6000027;22546;33152;PAULISTA;PE;REDECINE BRA CINEMATOGRÁFICA S.A.;15.422.993/0001-67
18/06/2016;18/06/2016 16:20:00;NOW YOU SEE ME: THE SECOND ACT;TRUQUE DE MESTRE 2;E1500269900000;DUBLADO;NÃO;ESTADOS UNIDOS;5001628;CINESYSTEM SHOPPING TOTAL SALA 05;68;6000027;2375;6658;CURITIBA;PR;REDECINE CWB CINEMATOGRÁFICA LTDA;05.747.411/0001-69
18/06/2016;18/06/2016 16:20:00;THE CONJURING 2;INVOCAÇÃO DO MAL 2;E1600342300000;DUBLADO;NÃO;ESTADOS UNIDOS;5004486;ARAPIRACA BRA 04;41;6000027;22546;26037;ARAPIRACA;AL;REDECINE BRA CINEMATOGRÁFICA S.A.;15.422.993/0001-67
18/06/2016;18/06/2016 16:20:00;THE CONJURING 2;INVOCAÇÃO DO MAL 2;E1600342300000;ORIGINAL;SIM;ESTADOS UNIDOS;5004998;CINESYSTEM AMERICAS 02;53;6000027;5348;28834;RIO DE JANEIRO;RJ;REDECINE - RIO CINEMATOGRAFICA S.A.;07.524.011/0001-10
18/06/2016;18/06/2016 16:21:00;ME BEFORE YOU;COMO EU ERA ANTES DE VOCÊ;E1500875700000;DUBLADO;NÃO;ESTADOS UNIDOS;5005576;CINESYSTEM PAULISTA SALA 06;28;6000027;22546;33152;PAULISTA;PE;REDECINE BRA CINEMATOGRÁFICA S.A.;15.422.993/0001-67
18/06/2016;18/06/2016 16:30:00;ME BEFORE YOU;COMO EU ERA ANTES DE VOCÊ;E1500875700000;DUBLADO;NÃO;ESTADOS UNIDOS;5004487;ARAPIRACA BRA 05;51;6000027;22546;26037;ARAPIRACA;AL;REDECINE BRA CINEMATOGRÁFICA S.A.;15.422.993/0001-67
18/06/2016;18/06/2016 16:30:00;ME BEFORE YOU;COMO EU ERA ANTES DE VOCÊ;E1500875700000;DUBLADO;NÃO;ESTADOS UNIDOS;5001624;CINESYSTEM SHOPPING TOTAL SALA 01;53;6000027;2375;6658;CURITIBA;PR;REDECINE CWB CINEMATOGRÁFICA LTDA;05.747.411/0001-69
18/06/2016;18/06/2016 16:30:00;TEENAGE MUTANT NINJA TURTLES: OUT OF THE SHADOWS;AS TARTARUGAS NINJA: FORA DAS SOMBRAS;E1600265600000;DUBLADO;NÃO;ESTADOS UNIDOS;5002063;AGUA VERDE 2;66;6000023;12893;12894;CURITIBA;PR;ESTILO PRODUÇÕES ARTISTICAS LTDA;03.293.165/0001-97
18/06/2016;18/06/2016 16:30:00;WARCRAFT;WARCFRAT – O PRIMEIRO ENCONTRO ENTRE DOIS MUNDOS;E1500739800000;ORIGINAL;SIM;ESTADOS UNIDOS;5004999;CINESYSTEM AMERICAS 03;2;6000027;5348;28834;RIO DE JANEIRO;RJ;REDECINE - RIO CINEMATOGRAFICA S.A.;07.524.011/0001-10
18/06/2016;18/06/2016 16:40:00;THE CONJURING 2;INVOCAÇÃO DO MAL 2;E1600342300000;DUBLADO;NÃO;ESTADOS UNIDOS;5001627;CINESYSTEM SHOPPING TOTAL SALA 04;86;6000027;2375;6658;CURITIBA;PR;REDECINE CWB CINEMATOGRÁFICA LTDA;05.747.411/0001-69
18/06/2016;18/06/2016 16:50:00;ME BEFORE YOU;COMO EU ERA ANTES DE VOCÊ;E1500875700000;DUBLADO;NÃO;ESTADOS UNIDOS;5003422;CINEMARK SHOPPING RAPOSO TAVARES 04;137;6000018;1843;20591;SÃO PAULO;SP;CINEMARK BRASIL S.A;00.779.721/0001-41
18/06/2016;18/06/2016 16:50:00;TEENAGE MUTANT NINJA TURTLES: OUT OF THE SHADOWS;AS TARTARUGAS NINJA: FORA DAS SOMBRAS;E1600265600000;DUBLADO;NÃO;ESTADOS UNIDOS;5001625;CINESYSTEM SHOPPING TOTAL SALA 02;48;6000027;2375;6658;CURITIBA;PR;REDECINE CWB CINEMATOGRÁFICA LTDA;05.747.411/0001-69
18/06/2016;18/06/2016 17:00:00;ME BEFORE YOU;COMO EU ERA ANTES DE VOCÊ;E1500875700000;ORIGINAL;SIM;ESTADOS UNIDOS;5003085;CINESPAÇO FLORIANÓPOLIS 3;150;6000018;1014;19103;FLORIANÓPOLIS;SC;CIRCUITO ESPAÇO DE CINEMA S/A;03.695.435/0001-96
18/06/2016;18/06/2016 17:00:00;ME BEFORE YOU;COMO EU ERA ANTES DE VOCÊ;E1500875700000;ORIGINAL;SIM;ESTADOS UNIDOS;5004999;CINESYSTEM AMERICAS 03;38;6000027;5348;28834;RIO DE JANEIRO;RJ;REDECINE - RIO CINEMATOGRAFICA S.A.;07.524.011/0001-10
18/06/2016;18/06/2016 17:00:00;ME BEFORE YOU;COMO EU ERA ANTES DE VOCÊ;E1500875700000;DUBLADO;NÃO;ESTADOS UNIDOS;5003911;SALA 6;71;6000002;3136;24148;SOROCABA;SP;MSA EMPRESA CINEMATOGRÁFICA LTDA;03.608.600/0001-25
18/06/2016;18/06/2016 17:00:00;NOW YOU SEE ME: THE SECOND ACT;TRUQUE DE MESTRE 2;E1500269900000;DUBLADO;NÃO;ESTADOS UNIDOS;5003420;CINEMARK SHOPPING RAPOSO TAVARES 02;95;6000018;1843;20591;SÃO PAULO;SP;CINEMARK BRASIL S.A;00.779.721/0001-41
18/06/2016;18/06/2016 17:10:00;ME BEFORE YOU;COMO EU ERA ANTES DE VOCÊ;E1500875700000;DUBLADO;NÃO;ESTADOS UNIDOS;5001626;CINESYSTEM SHOPPING TOTAL SALA 03;27;6000027;2375;6658;CURITIBA;PR;REDECINE CWB CINEMATOGRÁFICA LTDA;05.747.411/0001-69
18/06/2016;18/06/2016 17:30:00;TINI - EL GRAN CAMBIO DE VIOLETTA;TINI - DEPOIS DE VIOLETTA;E1600323700000;DUBLADO;NÃO;ARGENTINA;5004997;CINESYSTEM AMERICAS 01;18;6000027;5348;28834;RIO DE JANEIRO;RJ;REDECINE - RIO CINEMATOGRAFICA S.A.;07.524.011/0001-10
18/06/2016;18/06/2016 17:40:00;TEENAGE MUTANT NINJA TURTLES: OUT OF THE SHADOWS;AS TARTARUGAS NINJA: FORA DAS SOMBRAS;E1600265600000;DUBLADO;NÃO;ESTADOS UNIDOS;5002603;CINEMAS BENFICA - SALA 1;32;;15690;15691;FORTALEZA;CE;CINEMAS BENFICA LTDA;07.509.597/0001-43
18/06/2016;18/06/2016 18:00:00;TEENAGE MUTANT NINJA TURTLES: OUT OF THE SHADOWS;AS TARTARUGAS NINJA: FORA DAS SOMBRAS;E1600265600000;DUBLADO;NÃO;ESTADOS UNIDOS;5003421;CINEMARK SHOPPING RAPOSO TAVARES 03;67;6000018;1843;20591;SÃO PAULO;SP;CINEMARK BRASIL S.A;00.779.721/0001-41
18/06/2016;18/06/2016 18:20:00;TEENAGE MUTANT NINJA TURTLES: OUT OF THE SHADOWS;AS TARTARUGAS NINJA: FORA DAS SOMBRAS;E1600265600000;ORIGINAL;SIM;ESTADOS UNIDOS;5005002;CINESYSTEM AMERICAS 06;61;6000027;5348;28834;RIO DE JANEIRO;RJ;REDECINE - RIO CINEMATOGRAFICA S.A.;07.524.011/0001-10
18/06/2016;18/06/2016 18:25:00;ME BEFORE YOU;COMO EU ERA ANTES DE VOCÊ;E1500875700000;DUBLADO;NÃO;ESTADOS UNIDOS;5005575;CINESYSTEM PAULISTA SALA 05;35;6000027;22546;33152;PAULISTA;PE;REDECINE BRA CINEMATOGRÁFICA S.A.;15.422.993/0001-67
18/06/2016;18/06/2016 18:25:00;X-MEN: APOCALYPSE;X-MEN - APOCALIPSE;E1600181600000;DUBLADO;NÃO;ESTADOS UNIDOS;5004484;ARAPIRACA BRA 02;17;6000027;22546;26037;ARAPIRACA;AL;REDECINE BRA CINEMATOGRÁFICA S.A.;15.422.993/0001-67
18/06/2016;18/06/2016 18:30:00;ME BEFORE YOU;COMO EU ERA ANTES DE VOCÊ;E1500875700000;ORIGINAL;SIM;ESTADOS UNIDOS;5005000;CINESYSTEM AMERICAS 04;89;6000027;5348;28834;RIO DE JANEIRO;RJ;REDECINE - RIO CINEMATOGRAFICA S.A.;07.524.011/0001-10
18/06/2016;18/06/2016 18:30:00;ME BEFORE YOU;COMO EU ERA ANTES DE VOCÊ;E1500875700000;ORIGINAL;SIM;ESTADOS UNIDOS;5002780;ILHA PLAZA 03;124;6000027;5348;16645;RIO DE JANEIRO;RJ;REDECINE - RIO CINEMATOGRAFICA S.A.;07.524.011/0001-10
18/06/2016;18/06/2016 18:30:00;THE CONJURING 2;INVOCAÇÃO DO MAL 2;E1600342300000;DUBLADO;NÃO;ESTADOS UNIDOS;5002062;AGUA VERDE 1;23;6000023;12893;12894;CURITIBA;PR;ESTILO PRODUÇÕES ARTISTICAS LTDA;03.293.165/0001-97
18/06/2016;18/06/2016 18:30:00;THE CONJURING 2;INVOCAÇÃO DO MAL 2;E1600342300000;DUBLADO;NÃO;ESTADOS UNIDOS;5003425;CINEMARK SHOPPING RAPOSO TAVARES 07;125;6000018;1843;20591;SÃO PAULO;SP;CINEMARK BRASIL S.A;00.779.721/0001-41
18/06/2016;18/06/2016 18:35:00;TEENAGE MUTANT NINJA TURTLES: OUT OF THE SHADOWS;AS TARTARUGAS NINJA: FORA DAS SOMBRAS;E1600265600000;DUBLADO;NÃO;ESTADOS UNIDOS;5004483;ARAPIRACA BRA 01;59;6000027;22546;26037;ARAPIRACA;AL;REDECINE BRA CINEMATOGRÁFICA S.A.;15.422.993/0001-67
18/06/2016;18/06/2016 18:40:00;MAIS FORTE QUE O MUNDO - A HISTÓRIA DE JOSÉ ALDO;;B1600294500000;DUBLADO;NÃO;BRASIL;5005001;CINESYSTEM AMERICAS 05;118;6000027;5348;28834;RIO DE JANEIRO;RJ;REDECINE - RIO CINEMATOGRAFICA S.A.;07.524.011/0001-10
18/06/2016;18/06/2016 18:40:00;NOW YOU SEE ME: THE SECOND ACT;TRUQUE DE MESTRE 2;E1500269900000;DUBLADO;NÃO;ESTADOS UNIDOS;5004488;ARAPIRACA BRA 06;55;6000027;22546;26037;ARAPIRACA;AL;REDECINE BRA CINEMATOGRÁFICA S.A.;15.422.993/0001-67
18/06/2016;18/06/2016 18:40:00;NOW YOU SEE ME: THE SECOND ACT;TRUQUE DE MESTRE 2;E1500269900000;ORIGINAL;SIM;ESTADOS UNIDOS;5002782;ILHA PLAZA 02;136;6000027;5348;16645;RIO DE JANEIRO;RJ;REDECINE - RIO CINEMATOGRAFICA S.A.;07.524.011/0001-10
18/06/2016;18/06/2016 18:40:00;TEENAGE MUTANT NINJA TURTLES: OUT OF THE SHADOWS;AS TARTARUGAS NINJA: FORA DAS SOMBRAS;E1600265600000;DUBLADO;NÃO;ESTADOS UNIDOS;5002063;AGUA VERDE 2;21;6000023;12893;12894;CURITIBA;PR;ESTILO PRODUÇÕES ARTISTICAS LTDA;03.293.165/0001-97
18/06/2016;18/06/2016 18:45:00;TEENAGE MUTANT NINJA TURTLES: OUT OF THE SHADOWS;AS TARTARUGAS NINJA: FORA DAS SOMBRAS;E1600265600000;DUBLADO;NÃO;ESTADOS UNIDOS;5003423;CINEMARK SHOPPING RAPOSO TAVARES 05;57;6000018;1843;20591;SÃO PAULO;SP;CINEMARK BRASIL S.A;00.779.721/0001-41
18/06/2016;18/06/2016 18:50:00;ALICE THROUGH THE LOOKING GLASS;ALICE ATRAVÉS DO ESPELHO;E1600259100000;DUBLADO;NÃO;ESTADOS UNIDOS;5001624;CINESYSTEM SHOPPING TOTAL SALA 01;117;6000027;2375;6658;CURITIBA;PR;REDECINE CWB CINEMATOGRÁFICA LTDA;05.747.411/0001-69
18/06/2016;18/06/2016 18:50:00;ME BEFORE YOU;COMO EU ERA ANTES DE VOCÊ;E1500875700000;DUBLADO;NÃO;ESTADOS UNIDOS;5004487;ARAPIRACA BRA 05;63;6000027;22546;26037;ARAPIRACA;AL;REDECINE BRA CINEMATOGRÁFICA S.A.;15.422.993/0001-67
18/06/2016;18/06/2016 18:50:00;ME BEFORE YOU;COMO EU ERA ANTES DE VOCÊ;E1500875700000;DUBLADO;NÃO;ESTADOS UNIDOS;5005576;CINESYSTEM PAULISTA SALA 06;52;6000027;22546;33152;PAULISTA;PE;REDECINE BRA CINEMATOGRÁFICA S.A.;15.422.993/0001-67
18/06/2016;18/06/2016 18:50:00;NOW YOU SEE ME 2;TRUQUE DE MESTRE: O 2º ATO;E1700176500000;ORIGINAL;SIM;CANADÁ;5005003;CINESYSTEM AMERICAS 07;140;6000027;5348;28834;RIO DE JANEIRO;RJ;REDECINE - RIO CINEMATOGRAFICA S.A.;07.524.011/0001-10
18/06/2016;18/06/2016 19:00:00;ME BEFORE YOU;COMO EU ERA ANTES DE VOCÊ;E1500875700000;DUBLADO;NÃO;ESTADOS UNIDOS;5001628;CINESYSTEM SHOPPING TOTAL SALA 05;72;6000027;2375;6658;CURITIBA;PR;REDECINE CWB CINEMATOGRÁFICA LTDA;05.747.411/0001-69
18/06/2016;18/06/2016 19:00:00;THE CONJURING 2;INVOCAÇÃO DO MAL 2;E1600342300000;DUBLADO;NÃO;ESTADOS UNIDOS;5004486;ARAPIRACA BRA 04;49;6000027;22546;26037;ARAPIRACA;AL;REDECINE BRA CINEMATOGRÁFICA S.A.;15.422.993/0001-67
18/06/2016;18/06/2016 19:01:00;ME BEFORE YOU;COMO EU ERA ANTES DE VOCÊ;E1500875700000;DUBLADO;NÃO;ESTADOS UNIDOS;5003419;CINEMARK SHOPPING RAPOSO TAVARES 01;75;6000018;1843;20591;SÃO PAULO;SP;CINEMARK BRASIL S.A;00.779.721/0001-41
18/06/2016;18/06/2016 19:05:00;THE CONJURING 2;INVOCAÇÃO DO MAL 2;E1600342300000;ORIGINAL;SIM;ESTADOS UNIDOS;5004998;CINESYSTEM AMERICAS 02;88;6000027;5348;28834;RIO DE JANEIRO;RJ;REDECINE - RIO CINEMATOGRAFICA S.A.;07.524.011/0001-10
18/06/2016;18/06/2016 19:10:00;TEENAGE MUTANT NINJA TURTLES: OUT OF THE SHADOWS;AS TARTARUGAS NINJA: FORA DAS SOMBRAS;E1600265600000;DUBLADO;NÃO;ESTADOS UNIDOS;5001625;CINESYSTEM SHOPPING TOTAL SALA 02;39;6000027;2375;6658;CURITIBA;PR;REDECINE CWB CINEMATOGRÁFICA LTDA;05.747.411/0001-69
18/06/2016;18/06/2016 19:10:00;THE CONJURING 2;INVOCAÇÃO DO MAL 2;E1600342300000;DUBLADO;NÃO;ESTADOS UNIDOS;5005574;CINESYSTEM PAULISTA SALA 04;2;6000027;22546;33152;PAULISTA;PE;REDECINE BRA CINEMATOGRÁFICA S.A.;15.422.993/0001-67
18/06/2016;18/06/2016 19:11:00;THE CONJURING 2;INVOCAÇÃO DO MAL 2;E1600342300000;DUBLADO;NÃO;ESTADOS UNIDOS;5005574;CINESYSTEM PAULISTA SALA 04;73;6000027;22546;33152;PAULISTA;PE;REDECINE BRA CINEMATOGRÁFICA S.A.;15.422.993/0001-67
18/06/2016;18/06/2016 19:15:00;ME BEFORE YOU;COMO EU ERA ANTES DE VOCÊ;E1500875700000;DUBLADO;NÃO;ESTADOS UNIDOS;5003911;SALA 6;114;6000002;3136;24148;SOROCABA;SP;MSA EMPRESA CINEMATOGRÁFICA LTDA;03.608.600/0001-25
18/06/2016;18/06/2016 19:20:00;ME BEFORE YOU;COMO EU ERA ANTES DE VOCÊ;E1500875700000;ORIGINAL;SIM;ESTADOS UNIDOS;5003085;CINESPAÇO FLORIANÓPOLIS 3;153;6000018;1014;19103;FLORIANÓPOLIS;SC;CIRCUITO ESPAÇO DE CINEMA S/A;03.695.435/0001-96
18/06/2016;18/06/2016 19:20:00;ME BEFORE YOU;COMO EU ERA ANTES DE VOCÊ;E1500875700000;ORIGINAL;SIM;ESTADOS UNIDOS;5004999;CINESYSTEM AMERICAS 03;127;6000027;5348;28834;RIO DE JANEIRO;RJ;REDECINE - RIO CINEMATOGRAFICA S.A.;07.524.011/0001-10
18/06/2016;18/06/2016 19:20:00;THE CONJURING 2;INVOCAÇÃO DO MAL 2;E1600342300000;DUBLADO;NÃO;ESTADOS UNIDOS;5001627;CINESYSTEM SHOPPING TOTAL SALA 04;62;6000027;2375;6658;CURITIBA;PR;REDECINE CWB CINEMATOGRÁFICA LTDA;05.747.411/0001-69
18/06/2016;18/06/2016 19:30:00;ME BEFORE YOU;COMO EU ERA ANTES DE VOCÊ;E1500875700000;DUBLADO;NÃO;ESTADOS UNIDOS;5003422;CINEMARK SHOPPING RAPOSO TAVARES 04;118;6000018;1843;20591;SÃO PAULO;SP;CINEMARK BRASIL S.A;00.779.721/0001-41
18/06/2016;18/06/2016 19:30:00;ME BEFORE YOU;COMO EU ERA ANTES DE VOCÊ;E1500875700000;DUBLADO;NÃO;ESTADOS UNIDOS;5001626;CINESYSTEM SHOPPING TOTAL SALA 03;53;6000027;2375;6658;CURITIBA;PR;REDECINE CWB CINEMATOGRÁFICA LTDA;05.747.411/0001-69
18/06/2016;18/06/2016 19:40:00;ALICE THROUGH THE LOOKING GLASS;ALICE ATRAVÉS DO ESPELHO;E1600259100000;DUBLADO;NÃO;ESTADOS UNIDOS;5004997;CINESYSTEM AMERICAS 01;83;6000027;5348;28834;RIO DE JANEIRO;RJ;REDECINE - RIO CINEMATOGRAFICA S.A.;07.524.011/0001-10
18/06/2016;18/06/2016 19:55:00;TEENAGE MUTANT NINJA TURTLES: OUT OF THE SHADOWS;AS TARTARUGAS NINJA: FORA DAS SOMBRAS;E1600265600000;ORIGINAL;SIM;ESTADOS UNIDOS;5002603;CINEMAS BENFICA - SALA 1;33;;15690;15691;FORTALEZA;CE;CINEMAS BENFICA LTDA;07.509.597/0001-43
18/06/2016;18/06/2016 20:10:00;NOW YOU SEE ME: THE SECOND ACT;TRUQUE DE MESTRE 2;E1500269900000;DUBLADO;NÃO;ESTADOS UNIDOS;5003420;CINEMARK SHOPPING RAPOSO TAVARES 02;91;6000018;1843;20591;SÃO PAULO;SP;CINEMARK BRASIL S.A;00.779.721/0001-41
18/06/2016;18/06/2016 20:40:00;TEENAGE MUTANT NINJA TURTLES: OUT OF THE SHADOWS;AS TARTARUGAS NINJA: FORA DAS SOMBRAS;E1600265600000;DUBLADO;NÃO;ESTADOS UNIDOS;5003421;CINEMARK SHOPPING RAPOSO TAVARES 03;82;6000018;1843;20591;SÃO PAULO;SP;CINEMARK BRASIL S.A;00.779.721/0001-41
18/06/2016;18/06/2016 20:50:00;ME BEFORE YOU;COMO EU ERA ANTES DE VOCÊ;E1500875700000;ORIGINAL;SIM;ESTADOS UNIDOS;5005000;CINESYSTEM AMERICAS 04;111;6000027;5348;28834;RIO DE JANEIRO;RJ;REDECINE - RIO CINEMATOGRAFICA S.A.;07.524.011/0001-10
18/06/2016;18/06/2016 20:50:00;ME BEFORE YOU;COMO EU ERA ANTES DE VOCÊ;E1500875700000;ORIGINAL;SIM;ESTADOS UNIDOS;5002780;ILHA PLAZA 03;138;6000027;5348;16645;RIO DE JANEIRO;RJ;REDECINE - RIO CINEMATOGRAFICA S.A.;07.524.011/0001-10
18/06/2016;18/06/2016 20:50:00;TEENAGE MUTANT NINJA TURTLES: OUT OF THE SHADOWS;AS TARTARUGAS NINJA: FORA DAS SOMBRAS;E1600265600000;DUBLADO;NÃO;ESTADOS UNIDOS;5002063;AGUA VERDE 2;27;6000023;12893;12894;CURITIBA;PR;ESTILO PRODUÇÕES ARTISTICAS LTDA;03.293.165/0001-97
18/06/2016;18/06/2016 20:50:00;THE CONJURING 2;INVOCAÇÃO DO MAL 2;E1600342300000;DUBLADO;NÃO;ESTADOS UNIDOS;5005575;CINESYSTEM PAULISTA SALA 05;34;6000027;22546;33152;PAULISTA;PE;REDECINE BRA CINEMATOGRÁFICA S.A.;15.422.993/0001-67
18/06/2016;18/06/2016 21:00:00;TEENAGE MUTANT NINJA TURTLES: OUT OF THE SHADOWS;AS TARTARUGAS NINJA: FORA DAS SOMBRAS;E1600265600000;DUBLADO;NÃO;ESTADOS UNIDOS;5004483;ARAPIRACA BRA 01;32;6000027;22546;26037;ARAPIRACA;AL;REDECINE BRA CINEMATOGRÁFICA S.A.;15.422.993/0001-67
18/06/2016;18/06/2016 21:00:00;TEENAGE MUTANT NINJA TURTLES: OUT OF THE SHADOWS;AS TARTARUGAS NINJA: FORA DAS SOMBRAS;E1600265600000;ORIGINAL;SIM;ESTADOS UNIDOS;5005002;CINESYSTEM AMERICAS 06;25;6000027;5348;28834;RIO DE JANEIRO;RJ;REDECINE - RIO CINEMATOGRAFICA S.A.;07.524.011/0001-10
18/06/2016;18/06/2016 21:00:00;THE CONJURING 2;INVOCAÇÃO DO MAL 2;E1600342300000;DUBLADO;NÃO;ESTADOS UNIDOS;5002062;AGUA VERDE 1;37;6000023;12893;12894;CURITIBA;PR;ESTILO PRODUÇÕES ARTISTICAS LTDA;03.293.165/0001-97
18/06/2016;18/06/2016 21:10:00;ME BEFORE YOU;COMO EU ERA ANTES DE VOCÊ;E1500875700000;DUBLADO;NÃO;ESTADOS UNIDOS;5004487;ARAPIRACA BRA 05;57;6000027;22546;26037;ARAPIRACA;AL;REDECINE BRA CINEMATOGRÁFICA S.A.;15.422.993/0001-67
18/06/2016;18/06/2016 21:10:00;ME BEFORE YOU;COMO EU ERA ANTES DE VOCÊ;E1500875700000;DUBLADO;NÃO;ESTADOS UNIDOS;5005576;CINESYSTEM PAULISTA SALA 06;51;6000027;22546;33152;PAULISTA;PE;REDECINE BRA CINEMATOGRÁFICA S.A.;15.422.993/0001-67
18/06/2016;18/06/2016 21:10:00;THE CONJURING 2;INVOCAÇÃO DO MAL 2;E1600342300000;DUBLADO;NÃO;ESTADOS UNIDOS;5001624;CINESYSTEM SHOPPING TOTAL SALA 01;49;6000027;2375;6658;CURITIBA;PR;REDECINE CWB CINEMATOGRÁFICA LTDA;05.747.411/0001-69
18/06/2016;18/06/2016 21:15:00;THE CONJURING 2;INVOCAÇÃO DO MAL 2;E1600342300000;DUBLADO;NÃO;ESTADOS UNIDOS;5005001;CINESYSTEM AMERICAS 05;82;6000027;5348;28834;RIO DE JANEIRO;RJ;REDECINE - RIO CINEMATOGRAFICA S.A.;07.524.011/0001-10
18/06/2016;18/06/2016 21:20:00;NOW YOU SEE ME: THE SECOND ACT;TRUQUE DE MESTRE 2;E1500269900000;DUBLADO;NÃO;ESTADOS UNIDOS;5004488;ARAPIRACA BRA 06;44;6000027;22546;26037;ARAPIRACA;AL;REDECINE BRA CINEMATOGRÁFICA S.A.;15.422.993/0001-67
18/06/2016;18/06/2016 21:20:00;NOW YOU SEE ME: THE SECOND ACT;TRUQUE DE MESTRE 2;E1500269900000;ORIGINAL;SIM;ESTADOS UNIDOS;5002782;ILHA PLAZA 02;143;6000027;5348;16645;RIO DE JANEIRO;RJ;REDECINE - RIO CINEMATOGRAFICA S.A.;07.524.011/0001-10
18/06/2016;18/06/2016 21:20:00;TEENAGE MUTANT NINJA TURTLES: OUT OF THE SHADOWS;AS TARTARUGAS NINJA: FORA DAS SOMBRAS;E1600265600000;DUBLADO;NÃO;ESTADOS UNIDOS;5003423;CINEMARK SHOPPING RAPOSO TAVARES 05;84;6000018;1843;20591;SÃO PAULO;SP;CINEMARK BRASIL S.A;00.779.721/0001-41
18/06/2016;18/06/2016 21:30:00;MAIS FORTE QUE O MUNDO - A HISTÓRIA DE JOSÉ ALDO;;B1600294500000;DUBLADO;NÃO;BRASIL;5004484;ARAPIRACA BRA 02;25;6000027;22546;26037;ARAPIRACA;AL;REDECINE BRA CINEMATOGRÁFICA S.A.;15.422.993/0001-67
18/06/2016;18/06/2016 21:30:00;ME BEFORE YOU;COMO EU ERA ANTES DE VOCÊ;E1500875700000;DUBLADO;NÃO;ESTADOS UNIDOS;5001626;CINESYSTEM SHOPPING TOTAL SALA 03;10;6000027;2375;6658;CURITIBA;PR;REDECINE CWB CINEMATOGRÁFICA LTDA;05.747.411/0001-69
18/06/2016;18/06/2016 21:30:00;ME BEFORE YOU;COMO EU ERA ANTES DE VOCÊ;E1500875700000;DUBLADO;NÃO;ESTADOS UNIDOS;5003911;SALA 6;190;6000002;3136;24148;SOROCABA;SP;MSA EMPRESA CINEMATOGRÁFICA LTDA;03.608.600/0001-25
18/06/2016;18/06/2016 21:30:00;NOW YOU SEE ME 2;TRUQUE DE MESTRE: O 2º ATO;E1700176500000;ORIGINAL;SIM;CANADÁ;5005003;CINESYSTEM AMERICAS 07;114;6000027;5348;28834;RIO DE JANEIRO;RJ;REDECINE - RIO CINEMATOGRAFICA S.A.;07.524.011/0001-10
18/06/2016;18/06/2016 21:30:00;TEENAGE MUTANT NINJA TURTLES: OUT OF THE SHADOWS;AS TARTARUGAS NINJA: FORA DAS SOMBRAS;E1600265600000;DUBLADO;NÃO;ESTADOS UNIDOS;5001625;CINESYSTEM SHOPPING TOTAL SALA 02;36;6000027;2375;6658;CURITIBA;PR;REDECINE CWB CINEMATOGRÁFICA LTDA;05.747.411/0001-69
18/06/2016;18/06/2016 21:40:00;ALDO - MAIS FORTE QUE O MUNDO;;B1600785100000;DUBLADO;NÃO;BRASIL;5001628;CINESYSTEM SHOPPING TOTAL SALA 05;11;6000027;2375;6658;CURITIBA;PR;REDECINE CWB CINEMATOGRÁFICA LTDA;05.747.411/0001-69
18/06/2016;18/06/2016 21:40:00;ME BEFORE YOU;COMO EU ERA ANTES DE VOCÊ;E1500875700000;ORIGINAL;SIM;ESTADOS UNIDOS;5003085;CINESPAÇO FLORIANÓPOLIS 3;117;6000018;1014;19103;FLORIANÓPOLIS;SC;CIRCUITO ESPAÇO DE CINEMA S/A;03.695.435/0001-96
18/06/2016;18/06/2016 21:40:00;THE CONJURING 2;INVOCAÇÃO DO MAL 2;E1600342300000;DUBLADO;NÃO;ESTADOS UNIDOS;5004486;ARAPIRACA BRA 04;32;6000027;22546;26037;ARAPIRACA;AL;REDECINE BRA CINEMATOGRÁFICA S.A.;15.422.993/0001-67
18/06/2016;18/06/2016 21:40:00;THE CONJURING 2;INVOCAÇÃO DO MAL 2;E1600342300000;DUBLADO;NÃO;ESTADOS UNIDOS;5003425;CINEMARK SHOPPING RAPOSO TAVARES 07;149;6000018;1843;20591;SÃO PAULO;SP;CINEMARK BRASIL S.A;00.779.721/0001-41
18/06/2016;18/06/2016 21:40:00;WARCRAFT;WARCFRAT – O PRIMEIRO ENCONTRO ENTRE DOIS MUNDOS;E1500739800000;ORIGINAL;SIM;ESTADOS UNIDOS;5004999;CINESYSTEM AMERICAS 03;51;6000027;5348;28834;RIO DE JANEIRO;RJ;REDECINE - RIO CINEMATOGRAFICA S.A.;07.524.011/0001-10
18/06/2016;18/06/2016 21:50:00;ME BEFORE YOU;COMO EU ERA ANTES DE VOCÊ;E1500875700000;DUBLADO;NÃO;ESTADOS UNIDOS;5001626;CINESYSTEM SHOPPING TOTAL SALA 03;100;6000027;2375;6658;CURITIBA;PR;REDECINE CWB CINEMATOGRÁFICA LTDA;05.747.411/0001-69
18/06/2016;18/06/2016 21:50:00;THE CONJURING 2;INVOCAÇÃO DO MAL 2;E1600342300000;ORIGINAL;SIM;ESTADOS UNIDOS;5004998;CINESYSTEM AMERICAS 02;61;6000027;5348;28834;RIO DE JANEIRO;RJ;REDECINE - RIO CINEMATOGRAFICA S.A.;07.524.011/0001-10
18/06/2016;18/06/2016 21:50:00;THE CONJURING 2;INVOCAÇÃO DO MAL 2;E1600342300000;DUBLADO;NÃO;ESTADOS UNIDOS;5005574;CINESYSTEM PAULISTA SALA 04;21;6000027;22546;33152;PAULISTA;PE;REDECINE BRA CINEMATOGRÁFICA S.A.;15.422.993/0001-67
18/06/2016;18/06/2016 22:00:00;MAIS FORTE QUE O MUNDO - A HISTÓRIA DE JOSÉ ALDO;;B1600294500000;ORIGINAL;NÃO;BRASIL;5003419;CINEMARK SHOPPING RAPOSO TAVARES 01;78;6000018;1843;20591;SÃO PAULO;SP;CINEMARK BRASIL S.A;00.779.721/0001-41
18/06/2016;18/06/2016 22:00:00;THE CONJURING 2;INVOCAÇÃO DO MAL 2;E1600342300000;DUBLADO;NÃO;ESTADOS UNIDOS;5001627;CINESYSTEM SHOPPING TOTAL SALA 04;24;6000027;2375;6658;CURITIBA;PR;REDECINE CWB CINEMATOGRÁFICA LTDA;05.747.411/0001-69
18/06/2016;18/06/2016 22:00:00;X-MEN: APOCALYPSE;X-MEN - APOCALIPSE;E1600181600000;ORIGINAL;SIM;ESTADOS UNIDOS;5004997;CINESYSTEM AMERICAS 01;60;6000027;5348;28834;RIO DE JANEIRO;RJ;REDECINE - RIO CINEMATOGRAFICA S.A.;07.524.011/0001-10
18/06/2016;18/06/2016 22:10:00;ME BEFORE YOU;COMO EU ERA ANTES DE VOCÊ;E1500875700000;DUBLADO;NÃO;ESTADOS UNIDOS;5003422;CINEMARK SHOPPING RAPOSO TAVARES 04;138;6000018;1843;20591;SÃO PAULO;SP;CINEMARK BRASIL S.A;00.779.721/0001-41
19/06/2016;19/06/2016 10:30:00;THE JUNGLE BOOK;MOGLI - O MENINO LOBO;E1600127500000;DUBLADO;NÃO;ESTADOS UNIDOS;5004998;CINESYSTEM AMERICAS 02;50;6000027;5348;28834;RIO DE JANEIRO;RJ;REDECINE - RIO CINEMATOGRAFICA S.A.;07.524.011/0001-10
19/06/2016;19/06/2016 11:20:00;ALICE IN WONDERLAND;ALICE NO PAÍS DAS MARAVILHAS;E1500291700000;DUBLADO;NÃO;ESTADOS UNIDOS;5003420;CINEMARK SHOPPING RAPOSO TAVARES 02;39;6000018;1843;20591;SÃO PAULO;SP;CINEMARK BRASIL S.A;00.779.721/0001-41
19/06/2016;19/06/2016 12:20:00;TEENAGE MUTANT NINJA TURTLES: OUT OF THE SHADOWS;AS TARTARUGAS NINJA: FORA DAS SOMBRAS;E1600265600000;DUBLADO;NÃO;ESTADOS UNIDOS;5003421;CINEMARK SHOPPING RAPOSO TAVARES 03;38;6000018;1843;20591;SÃO PAULO;SP;CINEMARK BRASIL S.A;00.779.721/0001-41
19/06/2016;19/06/2016 12:50:00;NOW YOU SEE ME: THE SECOND ACT;TRUQUE DE MESTRE 2;E1500269900000;DUBLADO;NÃO;ESTADOS UNIDOS;5003419;CINEMARK SHOPPING RAPOSO TAVARES 01;20;6000018;1843;20591;SÃO PAULO;SP;CINEMARK BRASIL S.A;00.779.721/0001-41
19/06/2016;19/06/2016 13:00:00;ME BEFORE YOU;COMO EU ERA ANTES DE VOCÊ;E1500875700000;DUBLADO;NÃO;ESTADOS UNIDOS;5003425;CINEMARK SHOPPING RAPOSO TAVARES 07;39;6000018;1843;20591;SÃO PAULO;SP;CINEMARK BRASIL S.A;00.779.721/0001-41
19/06/2016;19/06/2016 13:10:00;TEENAGE MUTANT NINJA TURTLES: OUT OF THE SHADOWS;AS TARTARUGAS NINJA: FORA DAS SOMBRAS;E1600265600000;DUBLADO;NÃO;ESTADOS UNIDOS;5002603;CINEMAS BENFICA - SALA 1;74;;15690;15691;FORTALEZA;CE;CINEMAS BENFICA LTDA;07.509.597/0001-43
19/06/2016;19/06/2016 13:15:00;TEENAGE MUTANT NINJA TURTLES: OUT OF THE SHADOWS;AS TARTARUGAS NINJA: FORA DAS SOMBRAS;E1600265600000;DUBLADO;NÃO;ESTADOS UNIDOS;5005575;CINESYSTEM PAULISTA SALA 05;28;6000027;22546;33152;PAULISTA;PE;REDECINE BRA CINEMATOGRÁFICA S.A.;15.422.993/0001-67
19/06/2016;19/06/2016 13:20:00;NOW YOU SEE ME: THE SECOND ACT;TRUQUE DE MESTRE 2;E1500269900000;DUBLADO;NÃO;ESTADOS UNIDOS;5004488;ARAPIRACA BRA 06;34;6000027;22546;26037;ARAPIRACA;AL;REDECINE BRA CINEMATOGRÁFICA S.A.;15.422.993/0001-67
19/06/2016;19/06/2016 13:20:00;NOW YOU SEE ME: THE SECOND ACT;TRUQUE DE MESTRE 2;E1500269900000;ORIGINAL;SIM;ESTADOS UNIDOS;5002782;ILHA PLAZA 02;39;6000027;5348;16645;RIO DE JANEIRO;RJ;REDECINE - RIO CINEMATOGRAFICA S.A.;07.524.011/0001-10
19/06/2016;19/06/2016 13:20:00;TEENAGE MUTANT NINJA TURTLES: OUT OF THE SHADOWS;AS TARTARUGAS NINJA: FORA DAS SOMBRAS;E1600265600000;DUBLADO;NÃO;ESTADOS UNIDOS;5003423;CINEMARK SHOPPING RAPOSO TAVARES 05;43;6000018;1843;20591;SÃO PAULO;SP;CINEMARK BRASIL S.A;00.779.721/0001-41
19/06/2016;19/06/2016 13:20:00;TINI - EL GRAN CAMBIO DE VIOLETTA;TINI - DEPOIS DE VIOLETTA;E1600323700000;DUBLADO;NÃO;ARGENTINA;5004997;CINESYSTEM AMERICAS 01;2;6000027;5348;28834;RIO DE JANEIRO;RJ;REDECINE - RIO CINEMATOGRAFICA S.A.;07.524.011/0001-10
19/06/2016;19/06/2016 13:25:00;ALICE THROUGH THE LOOKING GLASS;ALICE ATRAVÉS DO ESPELHO;E1600259100000;DUBLADO;NÃO;ESTADOS UNIDOS;5004484;ARAPIRACA BRA 02;51;6000027;22546;26037;ARAPIRACA;AL;REDECINE BRA CINEMATOGRÁFICA S.A.;15.422.993/0001-67
19/06/2016;19/06/2016 13:25:00;ALICE THROUGH THE LOOKING GLASS;ALICE ATRAVÉS DO ESPELHO;E1600259100000;DUBLADO;NÃO;ESTADOS UNIDOS;5005001;CINESYSTEM AMERICAS 05;42;6000027;5348;28834;RIO DE JANEIRO;RJ;REDECINE - RIO CINEMATOGRAFICA S.A.;07.524.011/0001-10
19/06/2016;19/06/2016 13:25:00;THE CONJURING 2;INVOCAÇÃO DO MAL 2;E1600342300000;DUBLADO;NÃO;ESTADOS UNIDOS;5005574;CINESYSTEM PAULISTA SALA 04;40;6000027;22546;33152;PAULISTA;PE;REDECINE BRA CINEMATOGRÁFICA S.A.;15.422.993/0001-67
19/06/2016;19/06/2016 13:30:00;NOW YOU SEE ME 2;TRUQUE DE MESTRE: O 2º ATO;E1700176500000;ORIGINAL;SIM;CANADÁ;5005003;CINESYSTEM AMERICAS 07;24;6000027;5348;28834;RIO DE JANEIRO;RJ;REDECINE - RIO CINEMATOGRAFICA S.A.;07.524.011/0001-10
19/06/2016;19/06/2016 13:30:00;THE CONJURING 2;INVOCAÇÃO DO MAL 2;E1600342300000;DUBLADO;NÃO;ESTADOS UNIDOS;5004486;ARAPIRACA BRA 04;47;6000027;22546;26037;ARAPIRACA;AL;REDECINE BRA CINEMATOGRÁFICA S.A.;15.422.993/0001-67
19/06/2016;19/06/2016 13:35:00;THE CONJURING 2;INVOCAÇÃO DO MAL 2;E1600342300000;ORIGINAL;SIM;ESTADOS UNIDOS;5004998;CINESYSTEM AMERICAS 02;15;6000027;5348;28834;RIO DE JANEIRO;RJ;REDECINE - RIO CINEMATOGRAFICA S.A.;07.524.011/0001-10
19/06/2016;19/06/2016 13:40:00;TEENAGE MUTANT NINJA TURTLES: OUT OF THE SHADOWS;AS TARTARUGAS NINJA: FORA DAS SOMBRAS;E1600265600000;DUBLADO;NÃO;ESTADOS UNIDOS;5004483;ARAPIRACA BRA 01;89;6000027;22546;26037;ARAPIRACA;AL;REDECINE BRA CINEMATOGRÁFICA S.A.;15.422.993/0001-67
19/06/2016;19/06/2016 13:40:00;TEENAGE MUTANT NINJA TURTLES: OUT OF THE SHADOWS;AS TARTARUGAS NINJA: FORA DAS SOMBRAS;E1600265600000;ORIGINAL;SIM;ESTADOS UNIDOS;5005002;CINESYSTEM AMERICAS 06;18;6000027;5348;28834;RIO DE JANEIRO;RJ;REDECINE - RIO CINEMATOGRAFICA S.A.;07.524.011/0001-10
19/06/2016;19/06/2016 13:50:00;ALICE THROUGH THE LOOKING GLASS;ALICE ATRAVÉS DO ESPELHO;E1600259100000;DUBLADO;NÃO;ESTADOS UNIDOS;5002780;ILHA PLAZA 03;57;6000027;5348;16645;RIO DE JANEIRO;RJ;REDECINE - RIO CINEMATOGRAFICA S.A.;07.524.011/0001-10
19/06/2016;19/06/2016 13:50:00;ME BEFORE YOU;COMO EU ERA ANTES DE VOCÊ;E1500875700000;ORIGINAL;SIM;ESTADOS UNIDOS;5005000;CINESYSTEM AMERICAS 04;59;6000027;5348;28834;RIO DE JANEIRO;RJ;REDECINE - RIO CINEMATOGRAFICA S.A.;07.524.011/0001-10
19/06/2016;19/06/2016 13:50:00;ME BEFORE YOU;COMO EU ERA ANTES DE VOCÊ;E1500875700000;DUBLADO;NÃO;ESTADOS UNIDOS;5005576;CINESYSTEM PAULISTA SALA 06;76;6000027;22546;33152;PAULISTA;PE;REDECINE BRA CINEMATOGRÁFICA S.A.;15.422.993/0001-67
19/06/2016;19/06/2016 13:50:00;WARCRAFT;WARCFRAT – O PRIMEIRO ENCONTRO ENTRE DOIS MUNDOS;E1500739800000;DUBLADO;NÃO;ESTADOS UNIDOS;5001628;CINESYSTEM SHOPPING TOTAL SALA 05;75;6000027;2375;6658;CURITIBA;PR;REDECINE CWB CINEMATOGRÁFICA LTDA;05.747.411/0001-69
19/06/2016;19/06/2016 14:00:00;NOW YOU SEE ME: THE SECOND ACT;TRUQUE DE MESTRE 2;E1500269900000;DUBLADO;NÃO;ESTADOS UNIDOS;5003420;CINEMARK SHOPPING RAPOSO TAVARES 02;40;6000018;1843;20591;SÃO PAULO;SP;CINEMARK BRASIL S.A;00.779.721/0001-41
19/06/2016;19/06/2016 14:00:00;THE CONJURING 2;INVOCAÇÃO DO MAL 2;E1600342300000;DUBLADO;NÃO;ESTADOS UNIDOS;5001627;CINESYSTEM SHOPPING TOTAL SALA 04;75;6000027;2375;6658;CURITIBA;PR;REDECINE CWB CINEMATOGRÁFICA LTDA;05.747.411/0001-69
19/06/2016;19/06/2016 14:10:00;ALICE THROUGH THE LOOKING GLASS;ALICE ATRAVÉS DO ESPELHO;E1600259100000;DUBLADO;NÃO;ESTADOS UNIDOS;5001624;CINESYSTEM SHOPPING TOTAL SALA 01;128;6000027;2375;6658;CURITIBA;PR;REDECINE CWB CINEMATOGRÁFICA LTDA;05.747.411/0001-69
19/06/2016;19/06/2016 14:10:00;ME BEFORE YOU;COMO EU ERA ANTES DE VOCÊ;E1500875700000;DUBLADO;NÃO;ESTADOS UNIDOS;5004487;ARAPIRACA BRA 05;207;6000027;22546;26037;ARAPIRACA;AL;REDECINE BRA CINEMATOGRÁFICA S.A.;15.422.993/0001-67
19/06/2016;19/06/2016 14:10:00;ME BEFORE YOU;COMO EU ERA ANTES DE VOCÊ;E1500875700000;DUBLADO;NÃO;ESTADOS UNIDOS;5003422;CINEMARK SHOPPING RAPOSO TAVARES 04;85;6000018;1843;20591;SÃO PAULO;SP;CINEMARK BRASIL S.A;00.779.721/0001-41
19/06/2016;19/06/2016 14:10:00;TEENAGE MUTANT NINJA TURTLES: OUT OF THE SHADOWS;AS TARTARUGAS NINJA: FORA DAS SOMBRAS;E1600265600000;DUBLADO;NÃO;ESTADOS UNIDOS;5004999;CINESYSTEM AMERICAS 03;66;6000027;5348;28834;RIO DE JANEIRO;RJ;REDECINE - RIO CINEMATOGRAFICA S.A.;07.524.011/0001-10
19/06/2016;19/06/2016 14:20:00;TEENAGE MUTANT NINJA TURTLES: OUT OF THE SHADOWS;AS TARTARUGAS NINJA: FORA DAS SOMBRAS;E1600265600000;DUBLADO;NÃO;ESTADOS UNIDOS;5002063;AGUA VERDE 2;68;6000023;12893;12894;CURITIBA;PR;ESTILO PRODUÇÕES ARTISTICAS LTDA;03.293.165/0001-97
19/06/2016;19/06/2016 14:30:00;ME BEFORE YOU;COMO EU ERA ANTES DE VOCÊ;E1500875700000;DUBLADO;NÃO;ESTADOS UNIDOS;5001626;CINESYSTEM SHOPPING TOTAL SALA 03;2;6000027;2375;6658;CURITIBA;PR;REDECINE CWB CINEMATOGRÁFICA LTDA;05.747.411/0001-69
19/06/2016;19/06/2016 14:30:00;PEPPA PIG, THE GOLDEN BOOTS AND OTHER STORIES;PEPPA PIG - AS BOTAS DE OURO E OUTRAS HISTÓRIAS;E1600291900000;DUBLADO;NÃO;ESTADOS UNIDOS;5002062;AGUA VERDE 1;19;6000023;12893;12894;CURITIBA;PR;ESTILO PRODUÇÕES ARTISTICAS LTDA;03.293.165/0001-97
19/06/2016;19/06/2016 14:30:00;TEENAGE MUTANT NINJA TURTLES: OUT OF THE SHADOWS;AS TARTARUGAS NINJA: FORA DAS SOMBRAS;E1600265600000;DUBLADO;NÃO;ESTADOS UNIDOS;5001625;CINESYSTEM SHOPPING TOTAL SALA 02;110;6000027;2375;6658;CURITIBA;PR;REDECINE CWB CINEMATOGRÁFICA LTDA;05.747.411/0001-69
19/06/2016;19/06/2016 14:40:00;ME BEFORE YOU;COMO EU ERA ANTES DE VOCÊ;E1500875700000;DUBLADO;NÃO;ESTADOS UNIDOS;5003085;CINESPAÇO FLORIANÓPOLIS 3;88;6000018;1014;19103;FLORIANÓPOLIS;SC;CIRCUITO ESPAÇO DE CINEMA S/A;03.695.435/0001-96
19/06/2016;19/06/2016 14:45:00;ME BEFORE YOU;COMO EU ERA ANTES DE VOCÊ;E1500875700000;DUBLADO;NÃO;ESTADOS UNIDOS;5003911;SALA 6;76;6000002;3136;24148;SOROCABA;SP;MSA EMPRESA CINEMATOGRÁFICA LTDA;03.608.600/0001-25
19/06/2016;19/06/2016 14:50:00;ME BEFORE YOU;COMO EU ERA ANTES DE VOCÊ;E1500875700000;DUBLADO;NÃO;ESTADOS UNIDOS;5001626;CINESYSTEM SHOPPING TOTAL SALA 03;150;6000027;2375;6658;CURITIBA;PR;REDECINE CWB CINEMATOGRÁFICA LTDA;05.747.411/0001-69
19/06/2016;19/06/2016 15:20:00;TEENAGE MUTANT NINJA TURTLES: OUT OF THE SHADOWS;AS TARTARUGAS NINJA: FORA DAS SOMBRAS;E1600265600000;DUBLADO;NÃO;ESTADOS UNIDOS;5003421;CINEMARK SHOPPING RAPOSO TAVARES 03;59;6000018;1843;20591;SÃO PAULO;SP;CINEMARK BRASIL S.A;00.779.721/0001-41
19/06/2016;19/06/2016 15:25:00;TEENAGE MUTANT NINJA TURTLES: OUT OF THE SHADOWS;AS TARTARUGAS NINJA: FORA DAS SOMBRAS;E1600265600000;DUBLADO;NÃO;ESTADOS UNIDOS;5002603;CINEMAS BENFICA - SALA 1;47;;15690;15691;FORTALEZA;CE;CINEMAS BENFICA LTDA;07.509.597/0001-43
19/06/2016;19/06/2016 15:25:00;TINI - EL GRAN CAMBIO DE VIOLETTA;TINI - DEPOIS DE VIOLETTA;E1600323700000;DUBLADO;NÃO;ARGENTINA;5004997;CINESYSTEM AMERICAS 01;30;6000027;5348;28834;RIO DE JANEIRO;RJ;REDECINE - RIO CINEMATOGRAFICA S.A.;07.524.011/0001-10
19/06/2016;19/06/2016 15:30:00;THE CONJURING 2;INVOCAÇÃO DO MAL 2;E1600342300000;DUBLADO;NÃO;ESTADOS UNIDOS;5003425;CINEMARK SHOPPING RAPOSO TAVARES 07;93;6000018;1843;20591;SÃO PAULO;SP;CINEMARK BRASIL S.A;00.779.721/0001-41
19/06/2016;19/06/2016 15:40:00;THE CONJURING 2;INVOCAÇÃO DO MAL 2;E1600342300000;DUBLADO;NÃO;ESTADOS UNIDOS;5005575;CINESYSTEM PAULISTA SALA 05;112;6000027;22546;33152;PAULISTA;PE;REDECINE BRA CINEMATOGRÁFICA S.A.;15.422.993/0001-67
19/06/2016;19/06/2016 15:45:00;THE CONJURING 2;INVOCAÇÃO DO MAL 2;E1600342300000;DUBLADO;NÃO;ESTADOS UNIDOS;5004484;ARAPIRACA BRA 02;117;6000027;22546;26037;ARAPIRACA;AL;REDECINE BRA CINEMATOGRÁFICA S.A.;15.422.993/0001-67
19/06/2016;19/06/2016 15:50:00;NOW YOU SEE ME: THE SECOND ACT;TRUQUE DE MESTRE 2;E1500269900000;DUBLADO;NÃO;ESTADOS UNIDOS;5003419;CINEMARK SHOPPING RAPOSO TAVARES 01;70;6000018;1843;20591;SÃO PAULO;SP;CINEMARK BRASIL S.A;00.779.721/0001-41
19/06/2016;19/06/2016 15:50:00;THE CONJURING 2;INVOCAÇÃO DO MAL 2;E1600342300000;DUBLADO;NÃO;ESTADOS UNIDOS;5005001;CINESYSTEM AMERICAS 05;70;6000027;5348;28834;RIO DE JANEIRO;RJ;REDECINE - RIO CINEMATOGRAFICA S.A.;07.524.011/0001-10
19/06/2016;19/06/2016 16:00:00;ME BEFORE YOU;COMO EU ERA ANTES DE VOCÊ;E1500875700000;ORIGINAL;SIM;ESTADOS UNIDOS;5002782;ILHA PLAZA 02;132;6000027;5348;16645;RIO DE JANEIRO;RJ;REDECINE - RIO CINEMATOGRAFICA S.A.;07.524.011/0001-10
19/06/2016;19/06/2016 16:00:00;NOW YOU SEE ME: THE SECOND ACT;TRUQUE DE MESTRE 2;E1500269900000;DUBLADO;NÃO;ESTADOS UNIDOS;5004488;ARAPIRACA BRA 06;100;6000027;22546;26037;ARAPIRACA;AL;REDECINE BRA CINEMATOGRÁFICA S.A.;15.422.993/0001-67
19/06/2016;19/06/2016 16:00:00;TEENAGE MUTANT NINJA TURTLES: OUT OF THE SHADOWS;AS TARTARUGAS NINJA: FORA DAS SOMBRAS;E1600265600000;DUBLADO;NÃO;ESTADOS UNIDOS;5003423;CINEMARK SHOPPING RAPOSO TAVARES 05;82;6000018;1843;20591;SÃO PAULO;SP;CINEMARK BRASIL S.A;00.779.721/0001-41
19/06/2016;19/06/2016 16:00:00;TEENAGE MUTANT NINJA TURTLES: OUT OF THE SHADOWS;AS TARTARUGAS NINJA: FORA DAS SOMBRAS;E1600265600000;DUBLADO;NÃO;ESTADOS UNIDOS;5005002;CINESYSTEM AMERICAS 06;115;6000027;5348;28834;RIO DE JANEIRO;RJ;REDECINE - RIO CINEMATOGRAFICA S.A.;07.524.011/0001-10
19/06/2016;19/06/2016 16:10:00;ME BEFORE YOU;COMO EU ERA ANTES DE VOCÊ;E1500875700000;ORIGINAL;SIM;ESTADOS UNIDOS;5005000;CINESYSTEM AMERICAS 04;102;6000027;5348;28834;RIO DE JANEIRO;RJ;REDECINE - RIO CINEMATOGRAFICA S.A.;07.524.011/0001-10
19/06/2016;19/06/2016 16:10:00;ME BEFORE YOU;COMO EU ERA ANTES DE VOCÊ;E1500875700000;DUBLADO;NÃO;ESTADOS UNIDOS;5002780;ILHA PLAZA 03;137;6000027;5348;16645;RIO DE JANEIRO;RJ;REDECINE - RIO CINEMATOGRAFICA S.A.;07.524.011/0001-10
19/06/2016;19/06/2016 16:10:00;NOW YOU SEE ME 2;TRUQUE DE MESTRE: O 2º ATO;E1700176500000;ORIGINAL;SIM;CANADÁ;5005003;CINESYSTEM AMERICAS 07;110;6000027;5348;28834;RIO DE JANEIRO;RJ;REDECINE - RIO CINEMATOGRAFICA S.A.;07.524.011/0001-10
19/06/2016;19/06/2016 16:10:00;TEENAGE MUTANT NINJA TURTLES: OUT OF THE SHADOWS;AS TARTARUGAS NINJA: FORA DAS SOMBRAS;E1600265600000;DUBLADO;NÃO;ESTADOS UNIDOS;5004483;ARAPIRACA BRA 01;90;6000027;22546;26037;ARAPIRACA;AL;REDECINE BRA CINEMATOGRÁFICA S.A.;15.422.993/0001-67
19/06/2016;19/06/2016 16:10:00;THE CONJURING 2;INVOCAÇÃO DO MAL 2;E1600342300000;DUBLADO;NÃO;ESTADOS UNIDOS;5005574;CINESYSTEM PAULISTA SALA 04;90;6000027;22546;33152;PAULISTA;PE;REDECINE BRA CINEMATOGRÁFICA S.A.;15.422.993/0001-67
19/06/2016;19/06/2016 16:20:00;ALICE THROUGH THE LOOKING GLASS;ALICE ATRAVÉS DO ESPELHO;E1600259100000;DUBLADO;NÃO;ESTADOS UNIDOS;5002062;AGUA VERDE 1;164;6000023;12893;12894;CURITIBA;PR;ESTILO PRODUÇÕES ARTISTICAS LTDA;03.293.165/0001-97
19/06/2016;19/06/2016 16:20:00;ME BEFORE YOU;COMO EU ERA ANTES DE VOCÊ;E1500875700000;DUBLADO;NÃO;ESTADOS UNIDOS;5005576;CINESYSTEM PAULISTA SALA 06;90;6000027;22546;33152;PAULISTA;PE;REDECINE BRA CINEMATOGRÁFICA S.A.;15.422.993/0001-67
19/06/2016;19/06/2016 16:20:00;NOW YOU SEE ME: THE SECOND ACT;TRUQUE DE MESTRE 2;E1500269900000;DUBLADO;NÃO;ESTADOS UNIDOS;5001628;CINESYSTEM SHOPPING TOTAL SALA 05;112;6000027;2375;6658;CURITIBA;PR;REDECINE CWB CINEMATOGRÁFICA LTDA;05.747.411/0001-69
19/06/2016;19/06/2016 16:20:00;THE CONJURING 2;INVOCAÇÃO DO MAL 2;E1600342300000;DUBLADO;NÃO;ESTADOS UNIDOS;5004486;ARAPIRACA BRA 04;52;6000027;22546;26037;ARAPIRACA;AL;REDECINE BRA CINEMATOGRÁFICA S.A.;15.422.993/0001-67
19/06/2016;19/06/2016 16:20:00;THE CONJURING 2;INVOCAÇÃO DO MAL 2;E1600342300000;ORIGINAL;SIM;ESTADOS UNIDOS;5004998;CINESYSTEM AMERICAS 02;60;6000027;5348;28834;RIO DE JANEIRO;RJ;REDECINE - RIO CINEMATOGRAFICA S.A.;07.524.011/0001-10
19/06/2016;19/06/2016 16:30:00;ME BEFORE YOU;COMO EU ERA ANTES DE VOCÊ;E1500875700000;DUBLADO;NÃO;ESTADOS UNIDOS;5004487;ARAPIRACA BRA 05;116;6000027;22546;26037;ARAPIRACA;AL;REDECINE BRA CINEMATOGRÁFICA S.A.;15.422.993/0001-67
19/06/2016;19/06/2016 16:30:00;ME BEFORE YOU;COMO EU ERA ANTES DE VOCÊ;E1500875700000;DUBLADO;NÃO;ESTADOS UNIDOS;5001624;CINESYSTEM SHOPPING TOTAL SALA 01;100;6000027;2375;6658;CURITIBA;PR;REDECINE CWB CINEMATOGRÁFICA LTDA;05.747.411/0001-69
19/06/2016;19/06/2016 16:30:00;TEENAGE MUTANT NINJA TURTLES: OUT OF THE SHADOWS;AS TARTARUGAS NINJA: FORA DAS SOMBRAS;E1600265600000;DUBLADO;NÃO;ESTADOS UNIDOS;5002063;AGUA VERDE 2;60;6000023;12893;12894;CURITIBA;PR;ESTILO PRODUÇÕES ARTISTICAS LTDA;03.293.165/0001-97
19/06/2016;19/06/2016 16:40:00;THE CONJURING 2;INVOCAÇÃO DO MAL 2;E1600342300000;DUBLADO;NÃO;ESTADOS UNIDOS;5001627;CINESYSTEM SHOPPING TOTAL SALA 04;169;6000027;2375;6658;CURITIBA;PR;REDECINE CWB CINEMATOGRÁFICA LTDA;05.747.411/0001-69
19/06/2016;19/06/2016 16:50:00;ME BEFORE YOU;COMO EU ERA ANTES DE VOCÊ;E1500875700000;DUBLADO;NÃO;ESTADOS UNIDOS;5003422;CINEMARK SHOPPING RAPOSO TAVARES 04;167;6000018;1843;20591;SÃO PAULO;SP;CINEMARK BRASIL S.A;00.779.721/0001-41
19/06/2016;19/06/2016 16:50:00;TEENAGE MUTANT NINJA TURTLES: OUT OF THE SHADOWS;AS TARTARUGAS NINJA: FORA DAS SOMBRAS;E1600265600000;DUBLADO;NÃO;ESTADOS UNIDOS;5001625;CINESYSTEM SHOPPING TOTAL SALA 02;118;6000027;2375;6658;CURITIBA;PR;REDECINE CWB CINEMATOGRÁFICA LTDA;05.747.411/0001-69
19/06/2016;19/06/2016 17:00:00;ME BEFORE YOU;COMO EU ERA ANTES DE VOCÊ;E1500875700000;ORIGINAL;SIM;ESTADOS UNIDOS;5003085;CINESPAÇO FLORIANÓPOLIS 3;155;6000018;1014;19103;FLORIANÓPOLIS;SC;CIRCUITO ESPAÇO DE CINEMA S/A;03.695.435/0001-96
19/06/2016;19/06/2016 17:00:00;ME BEFORE YOU;COMO EU ERA ANTES DE VOCÊ;E1500875700000;ORIGINAL;SIM;ESTADOS UNIDOS;5004999;CINESYSTEM AMERICAS 03;104;6000027;5348;28834;RIO DE JANEIRO;RJ;REDECINE - RIO CINEMATOGRAFICA S.A.;07.524.011/0001-10
19/06/2016;19/06/2016 17:00:00;ME BEFORE YOU;COMO EU ERA ANTES DE VOCÊ;E1500875700000;DUBLADO;NÃO;ESTADOS UNIDOS;5003911;SALA 6;92;6000002;3136;24148;SOROCABA;SP;MSA EMPRESA CINEMATOGRÁFICA LTDA;03.608.600/0001-25
19/06/2016;19/06/2016 17:00:00;NOW YOU SEE ME: THE SECOND ACT;TRUQUE DE MESTRE 2;E1500269900000;DUBLADO;NÃO;ESTADOS UNIDOS;5003420;CINEMARK SHOPPING RAPOSO TAVARES 02;88;6000018;1843;20591;SÃO PAULO;SP;CINEMARK BRASIL S.A;00.779.721/0001-41
19/06/2016;19/06/2016 17:10:00;ME BEFORE YOU;COMO EU ERA ANTES DE VOCÊ;E1500875700000;DUBLADO;NÃO;ESTADOS UNIDOS;5001626;CINESYSTEM SHOPPING TOTAL SALA 03;56;6000027;2375;6658;CURITIBA;PR;REDECINE CWB CINEMATOGRÁFICA LTDA;05.747.411/0001-69
19/06/2016;19/06/2016 17:30:00;TINI - EL GRAN CAMBIO DE VIOLETTA;TINI - DEPOIS DE VIOLETTA;E1600323700000;DUBLADO;NÃO;ARGENTINA;5004997;CINESYSTEM AMERICAS 01;17;6000027;5348;28834;RIO DE JANEIRO;RJ;REDECINE - RIO CINEMATOGRAFICA S.A.;07.524.011/0001-10
19/06/2016;19/06/2016 17:40:00;TEENAGE MUTANT NINJA TURTLES: OUT OF THE SHADOWS;AS TARTARUGAS NINJA: FORA DAS SOMBRAS;E1600265600000;DUBLADO;NÃO;ESTADOS UNIDOS;5002603;CINEMAS BENFICA - SALA 1;100;;15690;15691;FORTALEZA;CE;CINEMAS BENFICA LTDA;07.509.597/0001-43
19/06/2016;19/06/2016 18:00:00;TEENAGE MUTANT NINJA TURTLES: OUT OF THE SHADOWS;AS TARTARUGAS NINJA: FORA DAS SOMBRAS;E1600265600000;DUBLADO;NÃO;ESTADOS UNIDOS;5003421;CINEMARK SHOPPING RAPOSO TAVARES 03;75;6000018;1843;20591;SÃO PAULO;SP;CINEMARK BRASIL S.A;00.779.721/0001-41
19/06/2016;19/06/2016 18:20:00;TEENAGE MUTANT NINJA TURTLES: OUT OF THE SHADOWS;AS TARTARUGAS NINJA: FORA DAS SOMBRAS;E1600265600000;ORIGINAL;SIM;ESTADOS UNIDOS;5005002;CINESYSTEM AMERICAS 06;31;6000027;5348;28834;RIO DE JANEIRO;RJ;REDECINE - RIO CINEMATOGRAFICA S.A.;07.524.011/0001-10
19/06/2016;19/06/2016 18:25:00;ME BEFORE YOU;COMO EU ERA ANTES DE VOCÊ;E1500875700000;DUBLADO;NÃO;ESTADOS UNIDOS;5005575;CINESYSTEM PAULISTA SALA 05;52;6000027;22546;33152;PAULISTA;PE;REDECINE BRA CINEMATOGRÁFICA S.A.;15.422.993/0001-67
19/06/2016;19/06/2016 18:25:00;X-MEN: APOCALYPSE;X-MEN - APOCALIPSE;E1600181600000;DUBLADO;NÃO;ESTADOS UNIDOS;5004484;ARAPIRACA BRA 02;41;6000027;22546;26037;ARAPIRACA;AL;REDECINE BRA CINEMATOGRÁFICA S.A.;15.422.993/0001-67
19/06/2016;19/06/2016 18:30:00;ME BEFORE YOU;COMO EU ERA ANTES DE VOCÊ;E1500875700000;ORIGINAL;SIM;ESTADOS UNIDOS;5005000;CINESYSTEM AMERICAS 04;83;6000027;5348;28834;RIO DE JANEIRO;RJ;REDECINE - RIO CINEMATOGRAFICA S.A.;07.524.011/0001-10
19/06/2016;19/06/2016 18:30:00;ME BEFORE YOU;COMO EU ERA ANTES DE VOCÊ;E1500875700000;ORIGINAL;SIM;ESTADOS UNIDOS;5002780;ILHA PLAZA 03;160;6000027;5348;16645;RIO DE JANEIRO;RJ;REDECINE - RIO CINEMATOGRAFICA S.A.;07.524.011/0001-10
19/06/2016;19/06/2016 18:30:00;THE CONJURING 2;INVOCAÇÃO DO MAL 2;E1600342300000;DUBLADO;NÃO;ESTADOS UNIDOS;5002062;AGUA VERDE 1;25;6000023;12893;12894;CURITIBA;PR;ESTILO PRODUÇÕES ARTISTICAS LTDA;03.293.165/0001-97
19/06/2016;19/06/2016 18:30:00;THE CONJURING 2;INVOCAÇÃO DO MAL 2;E1600342300000;DUBLADO;NÃO;ESTADOS UNIDOS;5003425;CINEMARK SHOPPING RAPOSO TAVARES 07;114;6000018;1843;20591;SÃO PAULO;SP;CINEMARK BRASIL S.A;00.779.721/0001-41
19/06/2016;19/06/2016 18:35:00;TEENAGE MUTANT NINJA TURTLES: OUT OF THE SHADOWS;AS TARTARUGAS NINJA: FORA DAS SOMBRAS;E1600265600000;DUBLADO;NÃO;ESTADOS UNIDOS;5004483;ARAPIRACA BRA 01;52;6000027;22546;26037;ARAPIRACA;AL;REDECINE BRA CINEMATOGRÁFICA S.A.;15.422.993/0001-67
19/06/2016;19/06/2016 18:40:00;MAIS FORTE QUE O MUNDO - A HISTÓRIA DE JOSÉ ALDO;;B1600294500000;DUBLADO;NÃO;BRASIL;5005001;CINESYSTEM AMERICAS 05;126;6000027;5348;28834;RIO DE JANEIRO;RJ;REDECINE - RIO CINEMATOGRAFICA S.A.;07.524.011/0001-10
19/06/2016;19/06/2016 18:40:00;NOW YOU SEE ME: THE SECOND ACT;TRUQUE DE MESTRE 2;E1500269900000;DUBLADO;NÃO;ESTADOS UNIDOS;5004488;ARAPIRACA BRA 06;51;6000027;22546;26037;ARAPIRACA;AL;REDECINE BRA CINEMATOGRÁFICA S.A.;15.422.993/0001-67
19/06/2016;19/06/2016 18:40:00;NOW YOU SEE ME: THE SECOND ACT;TRUQUE DE MESTRE 2;E1500269900000;ORIGINAL;SIM;ESTADOS UNIDOS;5002782;ILHA PLAZA 02;150;6000027;5348;16645;RIO DE JANEIRO;RJ;REDECINE - RIO CINEMATOGRAFICA S.A.;07.524.011/0001-10
19/06/2016;19/06/2016 18:40:00;TEENAGE MUTANT NINJA TURTLES: OUT OF THE SHADOWS;AS TARTARUGAS NINJA: FORA DAS SOMBRAS;E1600265600000;DUBLADO;NÃO;ESTADOS UNIDOS;5002063;AGUA VERDE 2;16;6000023;12893;12894;CURITIBA;PR;ESTILO PRODUÇÕES ARTISTICAS LTDA;03.293.165/0001-97
19/06/2016;19/06/2016 18:45:00;TEENAGE MUTANT NINJA TURTLES: OUT OF THE SHADOWS;AS TARTARUGAS NINJA: FORA DAS SOMBRAS;E1600265600000;DUBLADO;NÃO;ESTADOS UNIDOS;5003423;CINEMARK SHOPPING RAPOSO TAVARES 05;62;6000018;1843;20591;SÃO PAULO;SP;CINEMARK BRASIL S.A;00.779.721/0001-41
19/06/2016;19/06/2016 18:50:00;ALICE THROUGH THE LOOKING GLASS;ALICE ATRAVÉS DO ESPELHO;E1600259100000;DUBLADO;NÃO;ESTADOS UNIDOS;5001624;CINESYSTEM SHOPPING TOTAL SALA 01;141;6000027;2375;6658;CURITIBA;PR;REDECINE CWB CINEMATOGRÁFICA LTDA;05.747.411/0001-69
19/06/2016;19/06/2016 18:50:00;ME BEFORE YOU;COMO EU ERA ANTES DE VOCÊ;E1500875700000;DUBLADO;NÃO;ESTADOS UNIDOS;5004487;ARAPIRACA BRA 05;56;6000027;22546;26037;ARAPIRACA;AL;REDECINE BRA CINEMATOGRÁFICA S.A.;15.422.993/0001-67
19/06/2016;19/06/2016 18:50:00;ME BEFORE YOU;COMO EU ERA ANTES DE VOCÊ;E1500875700000;DUBLADO;NÃO;ESTADOS UNIDOS;5005576;CINESYSTEM PAULISTA SALA 06;39;6000027;22546;33152;PAULISTA;PE;REDECINE BRA CINEMATOGRÁFICA S.A.;15.422.993/0001-67
19/06/2016;19/06/2016 18:50:00;NOW YOU SEE ME 2;TRUQUE DE MESTRE: O 2º ATO;E1700176500000;ORIGINAL;SIM;CANADÁ;5005003;CINESYSTEM AMERICAS 07;133;6000027;5348;28834;RIO DE JANEIRO;RJ;REDECINE - RIO CINEMATOGRAFICA S.A.;07.524.011/0001-10
19/06/2016;19/06/2016 19:00:00;ME BEFORE YOU;COMO EU ERA ANTES DE VOCÊ;E1500875700000;DUBLADO;NÃO;ESTADOS UNIDOS;5001628;CINESYSTEM SHOPPING TOTAL SALA 05;67;6000027;2375;6658;CURITIBA;PR;REDECINE CWB CINEMATOGRÁFICA LTDA;05.747.411/0001-69
19/06/2016;19/06/2016 19:00:00;THE CONJURING 2;INVOCAÇÃO DO MAL 2;E1600342300000;DUBLADO;NÃO;ESTADOS UNIDOS;5004486;ARAPIRACA BRA 04;62;6000027;22546;26037;ARAPIRACA;AL;REDECINE BRA CINEMATOGRÁFICA S.A.;15.422.993/0001-67
19/06/2016;19/06/2016 19:01:00;ME BEFORE YOU;COMO EU ERA ANTES DE VOCÊ;E1500875700000;DUBLADO;NÃO;ESTADOS UNIDOS;5003419;CINEMARK SHOPPING RAPOSO TAVARES 01;66;6000018;1843;20591;SÃO PAULO;SP;CINEMARK BRASIL S.A;00.779.721/0001-41
19/06/2016;19/06/2016 19:05:00;THE CONJURING 2;INVOCAÇÃO DO MAL 2;E1600342300000;ORIGINAL;SIM;ESTADOS UNIDOS;5004998;CINESYSTEM AMERICAS 02;93;6000027;5348;28834;RIO DE JANEIRO;RJ;REDECINE - RIO CINEMATOGRAFICA S.A.;07.524.011/0001-10
19/06/2016;19/06/2016 19:10:00;TEENAGE MUTANT NINJA TURTLES: OUT OF THE SHADOWS;AS TARTARUGAS NINJA: FORA DAS SOMBRAS;E1600265600000;DUBLADO;NÃO;ESTADOS UNIDOS;5001625;CINESYSTEM SHOPPING TOTAL SALA 02;56;6000027;2375;6658;CURITIBA;PR;REDECINE CWB CINEMATOGRÁFICA LTDA;05.747.411/0001-69
19/06/2016;19/06/2016 19:10:00;THE CONJURING 2;INVOCAÇÃO DO MAL 2;E1600342300000;DUBLADO;NÃO;ESTADOS UNIDOS;5005574;CINESYSTEM PAULISTA SALA 04;81;6000027;22546;33152;PAULISTA;PE;REDECINE BRA CINEMATOGRÁFICA S.A.;15.422.993/0001-67
19/06/2016;19/06/2016 19:15:00;ME BEFORE YOU;COMO EU ERA ANTES DE VOCÊ;E1500875700000;DUBLADO;NÃO;ESTADOS UNIDOS;5003911;SALA 6;77;6000002;3136;24148;SOROCABA;SP;MSA EMPRESA CINEMATOGRÁFICA LTDA;03.608.600/0001-25
19/06/2016;19/06/2016 19:20:00;ME BEFORE YOU;COMO EU ERA ANTES DE VOCÊ;E1500875700000;ORIGINAL;SIM;ESTADOS UNIDOS;5003085;CINESPAÇO FLORIANÓPOLIS 3;135;6000018;1014;19103;FLORIANÓPOLIS;SC;CIRCUITO ESPAÇO DE CINEMA S/A;03.695.435/0001-96
19/06/2016;19/06/2016 19:20:00;ME BEFORE YOU;COMO EU ERA ANTES DE VOCÊ;E1500875700000;ORIGINAL;SIM;ESTADOS UNIDOS;5004999;CINESYSTEM AMERICAS 03;96;6000027;5348;28834;RIO DE JANEIRO;RJ;REDECINE - RIO CINEMATOGRAFICA S.A.;07.524.011/0001-10
19/06/2016;19/06/2016 19:20:00;THE CONJURING 2;INVOCAÇÃO DO MAL 2;E1600342300000;DUBLADO;NÃO;ESTADOS UNIDOS;5001627;CINESYSTEM SHOPPING TOTAL SALA 04;115;6000027;2375;6658;CURITIBA;PR;REDECINE CWB CINEMATOGRÁFICA LTDA;05.747.411/0001-69
19/06/2016;19/06/2016 19:30:00;ME BEFORE YOU;COMO EU ERA ANTES DE VOCÊ;E1500875700000;DUBLADO;NÃO;ESTADOS UNIDOS;5003422;CINEMARK SHOPPING RAPOSO TAVARES 04;174;6000018;1843;20591;SÃO PAULO;SP;CINEMARK BRASIL S.A;00.779.721/0001-41
19/06/2016;19/06/2016 19:30:00;ME BEFORE YOU;COMO EU ERA ANTES DE VOCÊ;E1500875700000;DUBLADO;NÃO;ESTADOS UNIDOS;5001626;CINESYSTEM SHOPPING TOTAL SALA 03;16;6000027;2375;6658;CURITIBA;PR;REDECINE CWB CINEMATOGRÁFICA LTDA;05.747.411/0001-69
19/06/2016;19/06/2016 19:40:00;ALICE THROUGH THE LOOKING GLASS;ALICE ATRAVÉS DO ESPELHO;E1600259100000;DUBLADO;NÃO;ESTADOS UNIDOS;5004997;CINESYSTEM AMERICAS 01;74;6000027;5348;28834;RIO DE JANEIRO;RJ;REDECINE - RIO CINEMATOGRAFICA S.A.;07.524.011/0001-10
19/06/2016;19/06/2016 19:55:00;TEENAGE MUTANT NINJA TURTLES: OUT OF THE SHADOWS;AS TARTARUGAS NINJA: FORA DAS SOMBRAS;E1600265600000;ORIGINAL;SIM;ESTADOS UNIDOS;5002603;CINEMAS BENFICA - SALA 1;31;;15690;15691;FORTALEZA;CE;CINEMAS BENFICA LTDA;07.509.597/0001-43
19/06/2016;19/06/2016 20:10:00;NOW YOU SEE ME: THE SECOND ACT;TRUQUE DE MESTRE 2;E1500269900000;DUBLADO;NÃO;ESTADOS UNIDOS;5003420;CINEMARK SHOPPING RAPOSO TAVARES 02;96;6000018;1843;20591;SÃO PAULO;SP;CINEMARK BRASIL S.A;00.779.721/0001-41
19/06/2016;19/06/2016 20:40:00;TEENAGE MUTANT NINJA TURTLES: OUT OF THE SHADOWS;AS TARTARUGAS NINJA: FORA DAS SOMBRAS;E1600265600000;DUBLADO;NÃO;ESTADOS UNIDOS;5003421;CINEMARK SHOPPING RAPOSO TAVARES 03;69;6000018;1843;20591;SÃO PAULO;SP;CINEMARK BRASIL S.A;00.779.721/0001-41
19/06/2016;19/06/2016 20:50:00;ME BEFORE YOU;COMO EU ERA ANTES DE VOCÊ;E1500875700000;ORIGINAL;SIM;ESTADOS UNIDOS;5005000;CINESYSTEM AMERICAS 04;61;6000027;5348;28834;RIO DE JANEIRO;RJ;REDECINE - RIO CINEMATOGRAFICA S.A.;07.524.011/0001-10
19/06/2016;19/06/2016 20:50:00;ME BEFORE YOU;COMO EU ERA ANTES DE VOCÊ;E1500875700000;ORIGINAL;SIM;ESTADOS UNIDOS;5002780;ILHA PLAZA 03;98;6000027;5348;16645;RIO DE JANEIRO;RJ;REDECINE - RIO CINEMATOGRAFICA S.A.;07.524.011/0001-10
19/06/2016;19/06/2016 20:50:00;TEENAGE MUTANT NINJA TURTLES: OUT OF THE SHADOWS;AS TARTARUGAS NINJA: FORA DAS SOMBRAS;E1600265600000;DUBLADO;NÃO;ESTADOS UNIDOS;5002063;AGUA VERDE 2;5;6000023;12893;12894;CURITIBA;PR;ESTILO PRODUÇÕES ARTISTICAS LTDA;03.293.165/0001-97
19/06/2016;19/06/2016 20:50:00;THE CONJURING 2;INVOCAÇÃO DO MAL 2;E1600342300000;DUBLADO;NÃO;ESTADOS UNIDOS;5005575;CINESYSTEM PAULISTA SALA 05;43;6000027;22546;33152;PAULISTA;PE;REDECINE BRA CINEMATOGRÁFICA S.A.;15.422.993/0001-67
19/06/2016;19/06/2016 21:00:00;TEENAGE MUTANT NINJA TURTLES: OUT OF THE SHADOWS;AS TARTARUGAS NINJA: FORA DAS SOMBRAS;E1600265600000;DUBLADO;NÃO;ESTADOS UNIDOS;5004483;ARAPIRACA BRA 01;32;6000027;22546;26037;ARAPIRACA;AL;REDECINE BRA CINEMATOGRÁFICA S.A.;15.422.993/0001-67
19/06/2016;19/06/2016 21:00:00;TEENAGE MUTANT NINJA TURTLES: OUT OF THE SHADOWS;AS TARTARUGAS NINJA: FORA DAS SOMBRAS;E1600265600000;ORIGINAL;SIM;ESTADOS UNIDOS;5005002;CINESYSTEM AMERICAS 06;17;6000027;5348;28834;RIO DE JANEIRO;RJ;REDECINE - RIO CINEMATOGRAFICA S.A.;07.524.011/0001-10
19/06/2016;19/06/2016 21:00:00;THE CONJURING 2;INVOCAÇÃO DO MAL 2;E1600342300000;DUBLADO;NÃO;ESTADOS UNIDOS;5002062;AGUA VERDE 1;19;6000023;12893;12894;CURITIBA;PR;ESTILO PRODUÇÕES ARTISTICAS LTDA;03.293.165/0001-97
19/06/2016;19/06/2016 21:10:00;ME BEFORE YOU;COMO EU ERA ANTES DE VOCÊ;E1500875700000;DUBLADO;NÃO;ESTADOS UNIDOS;5004487;ARAPIRACA BRA 05;38;6000027;22546;26037;ARAPIRACA;AL;REDECINE BRA CINEMATOGRÁFICA S.A.;15.422.993/0001-67
19/06/2016;19/06/2016 21:10:00;ME BEFORE YOU;COMO EU ERA ANTES DE VOCÊ;E1500875700000;DUBLADO;NÃO;ESTADOS UNIDOS;5005576;CINESYSTEM PAULISTA SALA 06;14;6000027;22546;33152;PAULISTA;PE;REDECINE BRA CINEMATOGRÁFICA S.A.;15.422.993/0001-67
19/06/2016;19/06/2016 21:10:00;THE CONJURING 2;INVOCAÇÃO DO MAL 2;E1600342300000;DUBLADO;NÃO;ESTADOS UNIDOS;5001624;CINESYSTEM SHOPPING TOTAL SALA 01;32;6000027;2375;6658;CURITIBA;PR;REDECINE CWB CINEMATOGRÁFICA LTDA;05.747.411/0001-69
19/06/2016;19/06/2016 21:15:00;THE CONJURING 2;INVOCAÇÃO DO MAL 2;E1600342300000;DUBLADO;NÃO;ESTADOS UNIDOS;5005001;CINESYSTEM AMERICAS 05;58;6000027;5348;28834;RIO DE JANEIRO;RJ;REDECINE - RIO CINEMATOGRAFICA S.A.;07.524.011/0001-10
19/06/2016;19/06/2016 21:20:00;NOW YOU SEE ME: THE SECOND ACT;TRUQUE DE MESTRE 2;E1500269900000;DUBLADO;NÃO;ESTADOS UNIDOS;5004488;ARAPIRACA BRA 06;20;6000027;22546;26037;ARAPIRACA;AL;REDECINE BRA CINEMATOGRÁFICA S.A.;15.422.993/0001-67
19/06/2016;19/06/2016 21:20:00;NOW YOU SEE ME: THE SECOND ACT;TRUQUE DE MESTRE 2;E1500269900000;ORIGINAL;SIM;ESTADOS UNIDOS;5002782;ILHA PLAZA 02;44;6000027;5348;16645;RIO DE JANEIRO;RJ;REDECINE - RIO CINEMATOGRAFICA S.A.;07.524.011/0001-10
19/06/2016;19/06/2016 21:20:00;TEENAGE MUTANT NINJA TURTLES: OUT OF THE SHADOWS;AS TARTARUGAS NINJA: FORA DAS SOMBRAS;E1600265600000;DUBLADO;NÃO;ESTADOS UNIDOS;5003423;CINEMARK SHOPPING RAPOSO TAVARES 05;17;6000018;1843;20591;SÃO PAULO;SP;CINEMARK BRASIL S.A;00.779.721/0001-41
19/06/2016;19/06/2016 21:30:00;MAIS FORTE QUE O MUNDO - A HISTÓRIA DE JOSÉ ALDO;;B1600294500000;DUBLADO;NÃO;BRASIL;5004484;ARAPIRACA BRA 02;25;6000027;22546;26037;ARAPIRACA;AL;REDECINE BRA CINEMATOGRÁFICA S.A.;15.422.993/0001-67
19/06/2016;19/06/2016 21:30:00;ME BEFORE YOU;COMO EU ERA ANTES DE VOCÊ;E1500875700000;DUBLADO;NÃO;ESTADOS UNIDOS;5003911;SALA 6;10;6000002;3136;24148;SOROCABA;SP;MSA EMPRESA CINEMATOGRÁFICA LTDA;03.608.600/0001-25
19/06/2016;19/06/2016 21:30:00;NOW YOU SEE ME 2;TRUQUE DE MESTRE: O 2º ATO;E1700176500000;ORIGINAL;SIM;CANADÁ;5005003;CINESYSTEM AMERICAS 07;67;6000027;5348;28834;RIO DE JANEIRO;RJ;REDECINE - RIO CINEMATOGRAFICA S.A.;07.524.011/0001-10
19/06/2016;19/06/2016 21:30:00;TEENAGE MUTANT NINJA TURTLES: OUT OF THE SHADOWS;AS TARTARUGAS NINJA: FORA DAS SOMBRAS;E1600265600000;DUBLADO;NÃO;ESTADOS UNIDOS;5001625;CINESYSTEM SHOPPING TOTAL SALA 02;2;6000027;2375;6658;CURITIBA;PR;REDECINE CWB CINEMATOGRÁFICA LTDA;05.747.411/0001-69
19/06/2016;19/06/2016 21:40:00;ALDO - MAIS FORTE QUE O MUNDO;;B1600785100000;DUBLADO;NÃO;BRASIL;5001628;CINESYSTEM SHOPPING TOTAL SALA 05;17;6000027;2375;6658;CURITIBA;PR;REDECINE CWB CINEMATOGRÁFICA LTDA;05.747.411/0001-69
19/06/2016;19/06/2016 21:40:00;ME BEFORE YOU;COMO EU ERA ANTES DE VOCÊ;E1500875700000;ORIGINAL;SIM;ESTADOS UNIDOS;5003085;CINESPAÇO FLORIANÓPOLIS 3;48;6000018;1014;19103;FLORIANÓPOLIS;SC;CIRCUITO ESPAÇO DE CINEMA S/A;03.695.435/0001-96
19/06/2016;19/06/2016 21:40:00;THE CONJURING 2;INVOCAÇÃO DO MAL 2;E1600342300000;DUBLADO;NÃO;ESTADOS UNIDOS;5004486;ARAPIRACA BRA 04;22;6000027;22546;26037;ARAPIRACA;AL;REDECINE BRA CINEMATOGRÁFICA S.A.;15.422.993/0001-67
19/06/2016;19/06/2016 21:40:00;THE CONJURING 2;INVOCAÇÃO DO MAL 2;E1600342300000;DUBLADO;NÃO;ESTADOS UNIDOS;5003425;CINEMARK SHOPPING RAPOSO TAVARES 07;90;6000018;1843;20591;SÃO PAULO;SP;CINEMARK BRASIL S.A;00.779.721/0001-41
19/06/2016;19/06/2016 21:40:00;WARCRAFT;WARCFRAT – O PRIMEIRO ENCONTRO ENTRE DOIS MUNDOS;E1500739800000;ORIGINAL;SIM;ESTADOS UNIDOS;5004999;CINESYSTEM AMERICAS 03;17;6000027;5348;28834;RIO DE JANEIRO;RJ;REDECINE - RIO CINEMATOGRAFICA S.A.;07.524.011/0001-10
19/06/2016;19/06/2016 21:50:00;ME BEFORE YOU;COMO EU ERA ANTES DE VOCÊ;E1500875700000;DUBLADO;NÃO;ESTADOS UNIDOS;5001626;CINESYSTEM SHOPPING TOTAL SALA 03;3;6000027;2375;6658;CURITIBA;PR;REDECINE CWB CINEMATOGRÁFICA LTDA;05.747.411/0001-69
19/06/2016;19/06/2016 21:50:00;THE CONJURING 2;INVOCAÇÃO DO MAL 2;E1600342300000;ORIGINAL;SIM;ESTADOS UNIDOS;5004998;CINESYSTEM AMERICAS 02;21;6000027;5348;28834;RIO DE JANEIRO;RJ;REDECINE - RIO CINEMATOGRAFICA S.A.;07.524.011/0001-10
19/06/2016;19/06/2016 21:50:00;THE CONJURING 2;INVOCAÇÃO DO MAL 2;E1600342300000;DUBLADO;NÃO;ESTADOS UNIDOS;5005574;CINESYSTEM PAULISTA SALA 04;6;6000027;22546;33152;PAULISTA;PE;REDECINE BRA CINEMATOGRÁFICA S.A.;15.422.993/0001-67
19/06/2016;19/06/2016 22:00:00;MAIS FORTE QUE O MUNDO - A HISTÓRIA DE JOSÉ ALDO;;B1600294500000;ORIGINAL;NÃO;BRASIL;5003419;CINEMARK SHOPPING RAPOSO TAVARES 01;33;6000018;1843;20591;SÃO PAULO;SP;CINEMARK BRASIL S.A;00.779.721/0001-41
19/06/2016;19/06/2016 22:00:00;THE CONJURING 2;INVOCAÇÃO DO MAL 2;E1600342300000;DUBLADO;NÃO;ESTADOS UNIDOS;5001627;CINESYSTEM SHOPPING TOTAL SALA 04;0;6000027;2375;6658;CURITIBA;PR;REDECINE CWB CINEMATOGRÁFICA LTDA;05.747.411/0001-69
19/06/2016;19/06/2016 22:00:00;X-MEN: APOCALYPSE;X-MEN - APOCALIPSE;E1600181600000;ORIGINAL;SIM;ESTADOS UNIDOS;5004997;CINESYSTEM AMERICAS 01;22;6000027;5348;28834;RIO DE JANEIRO;RJ;REDECINE - RIO CINEMATOGRAFICA S.A.;07.524.011/0001-10
19/06/2016;19/06/2016 22:10:00;ME BEFORE YOU;COMO EU ERA ANTES DE VOCÊ;E1500875700000;DUBLADO;NÃO;ESTADOS UNIDOS;5003422;CINEMARK SHOPPING RAPOSO TAVARES 04;58;6000018;1843;20591;SÃO PAULO;SP;CINEMARK BRASIL S.A;00.779.721/0001-41
20/06/2016;20/06/2016 12:50:00;NOW YOU SEE ME: THE SECOND ACT;TRUQUE DE MESTRE 2;E1500269900000;DUBLADO;NÃO;ESTADOS UNIDOS;5003419;CINEMARK SHOPPING RAPOSO TAVARES 01;3;6000018;1843;20591;SÃO PAULO;SP;CINEMARK BRASIL S.A;00.779.721/0001-41
20/06/2016;20/06/2016 13:00:00;ME BEFORE YOU;COMO EU ERA ANTES DE VOCÊ;E1500875700000;DUBLADO;NÃO;ESTADOS UNIDOS;5003425;CINEMARK SHOPPING RAPOSO TAVARES 07;16;6000018;1843;20591;SÃO PAULO;SP;CINEMARK BRASIL S.A;00.779.721/0001-41
20/06/2016;20/06/2016 13:10:00;TEENAGE MUTANT NINJA TURTLES: OUT OF THE SHADOWS;AS TARTARUGAS NINJA: FORA DAS SOMBRAS;E1600265600000;DUBLADO;NÃO;ESTADOS UNIDOS;5002603;CINEMAS BENFICA - SALA 1;26;;15690;15691;FORTALEZA;CE;CINEMAS BENFICA LTDA;07.509.597/0001-43
20/06/2016;20/06/2016 13:15:00;TEENAGE MUTANT NINJA TURTLES: OUT OF THE SHADOWS;AS TARTARUGAS NINJA: FORA DAS SOMBRAS;E1600265600000;DUBLADO;NÃO;ESTADOS UNIDOS;5005575;CINESYSTEM PAULISTA SALA 05;5;6000027;22546;33152;PAULISTA;PE;REDECINE BRA CINEMATOGRÁFICA S.A.;15.422.993/0001-67
20/06/2016;20/06/2016 13:20:00;NOW YOU SEE ME: THE SECOND ACT;TRUQUE DE MESTRE 2;E1500269900000;DUBLADO;NÃO;ESTADOS UNIDOS;5004488;ARAPIRACA BRA 06;2;6000027;22546;26037;ARAPIRACA;AL;REDECINE BRA CINEMATOGRÁFICA S.A.;15.422.993/0001-67
20/06/2016;20/06/2016 13:20:00;NOW YOU SEE ME: THE SECOND ACT;TRUQUE DE MESTRE 2;E1500269900000;ORIGINAL;SIM;ESTADOS UNIDOS;5002782;ILHA PLAZA 02;10;6000027;5348;16645;RIO DE JANEIRO;RJ;REDECINE - RIO CINEMATOGRAFICA S.A.;07.524.011/0001-10
20/06/2016;20/06/2016 13:20:00;TEENAGE MUTANT NINJA TURTLES: OUT OF THE SHADOWS;AS TARTARUGAS NINJA: FORA DAS SOMBRAS;E1600265600000;DUBLADO;NÃO;ESTADOS UNIDOS;5003423;CINEMARK SHOPPING RAPOSO TAVARES 05;9;6000018;1843;20591;SÃO PAULO;SP;CINEMARK BRASIL S.A;00.779.721/0001-41
20/06/2016;20/06/2016 13:20:00;TINI - EL GRAN CAMBIO DE VIOLETTA;TINI - DEPOIS DE VIOLETTA;E1600323700000;DUBLADO;NÃO;ARGENTINA;5004997;CINESYSTEM AMERICAS 01;3;6000027;5348;28834;RIO DE JANEIRO;RJ;REDECINE - RIO CINEMATOGRAFICA S.A.;07.524.011/0001-10
20/06/2016;20/06/2016 13:25:00;ALICE THROUGH THE LOOKING GLASS;ALICE ATRAVÉS DO ESPELHO;E1600259100000;DUBLADO;NÃO;ESTADOS UNIDOS;5004484;ARAPIRACA BRA 02;5;6000027;22546;26037;ARAPIRACA;AL;REDECINE BRA CINEMATOGRÁFICA S.A.;15.422.993/0001-67
20/06/2016;20/06/2016 13:25:00;ALICE THROUGH THE LOOKING GLASS;ALICE ATRAVÉS DO ESPELHO;E1600259100000;DUBLADO;NÃO;ESTADOS UNIDOS;5005001;CINESYSTEM AMERICAS 05;5;6000027;5348;28834;RIO DE JANEIRO;RJ;REDECINE - RIO CINEMATOGRAFICA S.A.;07.524.011/0001-10
20/06/2016;20/06/2016 13:25:00;THE CONJURING 2;INVOCAÇÃO DO MAL 2;E1600342300000;DUBLADO;NÃO;ESTADOS UNIDOS;5005574;CINESYSTEM PAULISTA SALA 04;33;6000027;22546;33152;PAULISTA;PE;REDECINE BRA CINEMATOGRÁFICA S.A.;15.422.993/0001-67
20/06/2016;20/06/2016 13:30:00;NOW YOU SEE ME 2;TRUQUE DE MESTRE: O 2º ATO;E1700176500000;ORIGINAL;SIM;CANADÁ;5005003;CINESYSTEM AMERICAS 07;11;6000027;5348;28834;RIO DE JANEIRO;RJ;REDECINE - RIO CINEMATOGRAFICA S.A.;07.524.011/0001-10
20/06/2016;20/06/2016 13:30:00;THE CONJURING 2;INVOCAÇÃO DO MAL 2;E1600342300000;DUBLADO;NÃO;ESTADOS UNIDOS;5004486;ARAPIRACA BRA 04;21;6000027;22546;26037;ARAPIRACA;AL;REDECINE BRA CINEMATOGRÁFICA S.A.;15.422.993/0001-67
20/06/2016;20/06/2016 13:35:00;THE CONJURING 2;INVOCAÇÃO DO MAL 2;E1600342300000;ORIGINAL;SIM;ESTADOS UNIDOS;5004998;CINESYSTEM AMERICAS 02;9;6000027;5348;28834;RIO DE JANEIRO;RJ;REDECINE - RIO CINEMATOGRAFICA S.A.;07.524.011/0001-10
20/06/2016;20/06/2016 13:40:00;TEENAGE MUTANT NINJA TURTLES: OUT OF THE SHADOWS;AS TARTARUGAS NINJA: FORA DAS SOMBRAS;E1600265600000;DUBLADO;NÃO;ESTADOS UNIDOS;5004483;ARAPIRACA BRA 01;15;6000027;22546;26037;ARAPIRACA;AL;REDECINE BRA CINEMATOGRÁFICA S.A.;15.422.993/0001-67
20/06/2016;20/06/2016 13:40:00;TEENAGE MUTANT NINJA TURTLES: OUT OF THE SHADOWS;AS TARTARUGAS NINJA: FORA DAS SOMBRAS;E1600265600000;ORIGINAL;SIM;ESTADOS UNIDOS;5005002;CINESYSTEM AMERICAS 06;2;6000027;5348;28834;RIO DE JANEIRO;RJ;REDECINE - RIO CINEMATOGRAFICA S.A.;07.524.011/0001-10
20/06/2016;20/06/2016 13:50:00;ALICE THROUGH THE LOOKING GLASS;ALICE ATRAVÉS DO ESPELHO;E1600259100000;DUBLADO;NÃO;ESTADOS UNIDOS;5002780;ILHA PLAZA 03;8;6000027;5348;16645;RIO DE JANEIRO;RJ;REDECINE - RIO CINEMATOGRAFICA S.A.;07.524.011/0001-10
20/06/2016;20/06/2016 13:50:00;ME BEFORE YOU;COMO EU ERA ANTES DE VOCÊ;E1500875700000;ORIGINAL;SIM;ESTADOS UNIDOS;5005000;CINESYSTEM AMERICAS 04;47;6000027;5348;28834;RIO DE JANEIRO;RJ;REDECINE - RIO CINEMATOGRAFICA S.A.;07.524.011/0001-10
20/06/2016;20/06/2016 13:50:00;ME BEFORE YOU;COMO EU ERA ANTES DE VOCÊ;E1500875700000;DUBLADO;NÃO;ESTADOS UNIDOS;5005576;CINESYSTEM PAULISTA SALA 06;2;6000027;22546;33152;PAULISTA;PE;REDECINE BRA CINEMATOGRÁFICA S.A.;15.422.993/0001-67
20/06/2016;20/06/2016 13:50:00;WARCRAFT;WARCFRAT – O PRIMEIRO ENCONTRO ENTRE DOIS MUNDOS;E1500739800000;DUBLADO;NÃO;ESTADOS UNIDOS;5001628;CINESYSTEM SHOPPING TOTAL SALA 05;9;6000027;2375;6658;CURITIBA;PR;REDECINE CWB CINEMATOGRÁFICA LTDA;05.747.411/0001-69
20/06/2016;20/06/2016 13:51:00;ME BEFORE YOU;COMO EU ERA ANTES DE VOCÊ;E1500875700000;DUBLADO;NÃO;ESTADOS UNIDOS;5005576;CINESYSTEM PAULISTA SALA 06;18;6000027;22546;33152;PAULISTA;PE;REDECINE BRA CINEMATOGRÁFICA S.A.;15.422.993/0001-67
20/06/2016;20/06/2016 14:00:00;NOW YOU SEE ME: THE SECOND ACT;TRUQUE DE MESTRE 2;E1500269900000;DUBLADO;NÃO;ESTADOS UNIDOS;5003420;CINEMARK SHOPPING RAPOSO TAVARES 02;25;6000018;1843;20591;SÃO PAULO;SP;CINEMARK BRASIL S.A;00.779.721/0001-41
20/06/2016;20/06/2016 14:00:00;THE CONJURING 2;INVOCAÇÃO DO MAL 2;E1600342300000;DUBLADO;NÃO;ESTADOS UNIDOS;5001627;CINESYSTEM SHOPPING TOTAL SALA 04;13;6000027;2375;6658;CURITIBA;PR;REDECINE CWB CINEMATOGRÁFICA LTDA;05.747.411/0001-69
20/06/2016;20/06/2016 14:10:00;ALICE THROUGH THE LOOKING GLASS;ALICE ATRAVÉS DO ESPELHO;E1600259100000;DUBLADO;NÃO;ESTADOS UNIDOS;5001624;CINESYSTEM SHOPPING TOTAL SALA 01;10;6000027;2375;6658;CURITIBA;PR;REDECINE CWB CINEMATOGRÁFICA LTDA;05.747.411/0001-69
20/06/2016;20/06/2016 14:10:00;ME BEFORE YOU;COMO EU ERA ANTES DE VOCÊ;E1500875700000;DUBLADO;NÃO;ESTADOS UNIDOS;5004487;ARAPIRACA BRA 05;50;6000027;22546;26037;ARAPIRACA;AL;REDECINE BRA CINEMATOGRÁFICA S.A.;15.422.993/0001-67
20/06/2016;20/06/2016 14:10:00;ME BEFORE YOU;COMO EU ERA ANTES DE VOCÊ;E1500875700000;DUBLADO;NÃO;ESTADOS UNIDOS;5003422;CINEMARK SHOPPING RAPOSO TAVARES 04;36;6000018;1843;20591;SÃO PAULO;SP;CINEMARK BRASIL S.A;00.779.721/0001-41
20/06/2016;20/06/2016 14:10:00;TEENAGE MUTANT NINJA TURTLES: OUT OF THE SHADOWS;AS TARTARUGAS NINJA: FORA DAS SOMBRAS;E1600265600000;DUBLADO;NÃO;ESTADOS UNIDOS;5004999;CINESYSTEM AMERICAS 03;0;6000027;5348;28834;RIO DE JANEIRO;RJ;REDECINE - RIO CINEMATOGRAFICA S.A.;07.524.011/0001-10
20/06/2016;20/06/2016 14:20:00;TEENAGE MUTANT NINJA TURTLES: OUT OF THE SHADOWS;AS TARTARUGAS NINJA: FORA DAS SOMBRAS;E1600265600000;DUBLADO;NÃO;ESTADOS UNIDOS;5002063;AGUA VERDE 2;8;6000023;12893;12894;CURITIBA;PR;ESTILO PRODUÇÕES ARTISTICAS LTDA;03.293.165/0001-97
20/06/2016;20/06/2016 14:30:00;TEENAGE MUTANT NINJA TURTLES: OUT OF THE SHADOWS;AS TARTARUGAS NINJA: FORA DAS SOMBRAS;E1600265600000;DUBLADO;NÃO;ESTADOS UNIDOS;5001625;CINESYSTEM SHOPPING TOTAL SALA 02;9;6000027;2375;6658;CURITIBA;PR;REDECINE CWB CINEMATOGRÁFICA LTDA;05.747.411/0001-69
20/06/2016;20/06/2016 14:30:00;THE CONJURING 2;INVOCAÇÃO DO MAL 2;E1600342300000;DUBLADO;NÃO;ESTADOS UNIDOS;5003424;CINEMARK SHOPPING RAPOSO TAVARES 06;30;6000018;1843;20591;SÃO PAULO;SP;CINEMARK BRASIL S.A;00.779.721/0001-41
20/06/2016;20/06/2016 14:40:00;ME BEFORE YOU;COMO EU ERA ANTES DE VOCÊ;E1500875700000;DUBLADO;NÃO;ESTADOS UNIDOS;5003085;CINESPAÇO FLORIANÓPOLIS 3;43;6000018;1014;19103;FLORIANÓPOLIS;SC;CIRCUITO ESPAÇO DE CINEMA S/A;03.695.435/0001-96
20/06/2016;20/06/2016 14:45:00;ME BEFORE YOU;COMO EU ERA ANTES DE VOCÊ;E1500875700000;DUBLADO;NÃO;ESTADOS UNIDOS;5003911;SALA 6;48;6000002;3136;24148;SOROCABA;SP;MSA EMPRESA CINEMATOGRÁFICA LTDA;03.608.600/0001-25
20/06/2016;20/06/2016 14:50:00;ME BEFORE YOU;COMO EU ERA ANTES DE VOCÊ;E1500875700000;DUBLADO;NÃO;ESTADOS UNIDOS;5001626;CINESYSTEM SHOPPING TOTAL SALA 03;48;6000027;2375;6658;CURITIBA;PR;REDECINE CWB CINEMATOGRÁFICA LTDA;05.747.411/0001-69
20/06/2016;20/06/2016 15:20:00;TEENAGE MUTANT NINJA TURTLES: OUT OF THE SHADOWS;AS TARTARUGAS NINJA: FORA DAS SOMBRAS;E1600265600000;DUBLADO;NÃO;ESTADOS UNIDOS;5003421;CINEMARK SHOPPING RAPOSO TAVARES 03;23;6000018;1843;20591;SÃO PAULO;SP;CINEMARK BRASIL S.A;00.779.721/0001-41
20/06/2016;20/06/2016 15:25:00;TEENAGE MUTANT NINJA TURTLES: OUT OF THE SHADOWS;AS TARTARUGAS NINJA: FORA DAS SOMBRAS;E1600265600000;DUBLADO;NÃO;ESTADOS UNIDOS;5002603;CINEMAS BENFICA - SALA 1;48;;15690;15691;FORTALEZA;CE;CINEMAS BENFICA LTDA;07.509.597/0001-43
20/06/2016;20/06/2016 15:25:00;TINI - EL GRAN CAMBIO DE VIOLETTA;TINI - DEPOIS DE VIOLETTA;E1600323700000;DUBLADO;NÃO;ARGENTINA;5004997;CINESYSTEM AMERICAS 01;2;6000027;5348;28834;RIO DE JANEIRO;RJ;REDECINE - RIO CINEMATOGRAFICA S.A.;07.524.011/0001-10
20/06/2016;20/06/2016 15:30:00;THE CONJURING 2;INVOCAÇÃO DO MAL 2;E1600342300000;DUBLADO;NÃO;ESTADOS UNIDOS;5003425;CINEMARK SHOPPING RAPOSO TAVARES 07;32;6000018;1843;20591;SÃO PAULO;SP;CINEMARK BRASIL S.A;00.779.721/0001-41
20/06/2016;20/06/2016 15:40:00;THE CONJURING 2;INVOCAÇÃO DO MAL 2;E1600342300000;DUBLADO;NÃO;ESTADOS UNIDOS;5005575;CINESYSTEM PAULISTA SALA 05;57;6000027;22546;33152;PAULISTA;PE;REDECINE BRA CINEMATOGRÁFICA S.A.;15.422.993/0001-67
20/06/2016;20/06/2016 15:45:00;THE CONJURING 2;INVOCAÇÃO DO MAL 2;E1600342300000;DUBLADO;NÃO;ESTADOS UNIDOS;5004484;ARAPIRACA BRA 02;20;6000027;22546;26037;ARAPIRACA;AL;REDECINE BRA CINEMATOGRÁFICA S.A.;15.422.993/0001-67
20/06/2016;20/06/2016 15:50:00;NOW YOU SEE ME: THE SECOND ACT;TRUQUE DE MESTRE 2;E1500269900000;DUBLADO;NÃO;ESTADOS UNIDOS;5003419;CINEMARK SHOPPING RAPOSO TAVARES 01;28;6000018;1843;20591;SÃO PAULO;SP;CINEMARK BRASIL S.A;00.779.721/0001-41
20/06/2016;20/06/2016 15:50:00;THE CONJURING 2;INVOCAÇÃO DO MAL 2;E1600342300000;DUBLADO;NÃO;ESTADOS UNIDOS;5005001;CINESYSTEM AMERICAS 05;10;6000027;5348;28834;RIO DE JANEIRO;RJ;REDECINE - RIO CINEMATOGRAFICA S.A.;07.524.011/0001-10
20/06/2016;20/06/2016 16:00:00;ME BEFORE YOU;COMO EU ERA ANTES DE VOCÊ;E1500875700000;ORIGINAL;SIM;ESTADOS UNIDOS;5002782;ILHA PLAZA 02;21;6000027;5348;16645;RIO DE JANEIRO;RJ;REDECINE - RIO CINEMATOGRAFICA S.A.;07.524.011/0001-10
20/06/2016;20/06/2016 16:00:00;NOW YOU SEE ME: THE SECOND ACT;TRUQUE DE MESTRE 2;E1500269900000;DUBLADO;NÃO;ESTADOS UNIDOS;5004488;ARAPIRACA BRA 06;18;6000027;22546;26037;ARAPIRACA;AL;REDECINE BRA CINEMATOGRÁFICA S.A.;15.422.993/0001-67
20/06/2016;20/06/2016 16:00:00;TEENAGE MUTANT NINJA TURTLES: OUT OF THE SHADOWS;AS TARTARUGAS NINJA: FORA DAS SOMBRAS;E1600265600000;DUBLADO;NÃO;ESTADOS UNIDOS;5003423;CINEMARK SHOPPING RAPOSO TAVARES 05;11;6000018;1843;20591;SÃO PAULO;SP;CINEMARK BRASIL S.A;00.779.721/0001-41
20/06/2016;20/06/2016 16:00:00;TEENAGE MUTANT NINJA TURTLES: OUT OF THE SHADOWS;AS TARTARUGAS NINJA: FORA DAS SOMBRAS;E1600265600000;DUBLADO;NÃO;ESTADOS UNIDOS;5005002;CINESYSTEM AMERICAS 06;21;6000027;5348;28834;RIO DE JANEIRO;RJ;REDECINE - RIO CINEMATOGRAFICA S.A.;07.524.011/0001-10
20/06/2016;20/06/2016 16:10:00;ME BEFORE YOU;COMO EU ERA ANTES DE VOCÊ;E1500875700000;ORIGINAL;SIM;ESTADOS UNIDOS;5005000;CINESYSTEM AMERICAS 04;27;6000027;5348;28834;RIO DE JANEIRO;RJ;REDECINE - RIO CINEMATOGRAFICA S.A.;07.524.011/0001-10
20/06/2016;20/06/2016 16:10:00;ME BEFORE YOU;COMO EU ERA ANTES DE VOCÊ;E1500875700000;DUBLADO;NÃO;ESTADOS UNIDOS;5002780;ILHA PLAZA 03;40;6000027;5348;16645;RIO DE JANEIRO;RJ;REDECINE - RIO CINEMATOGRAFICA S.A.;07.524.011/0001-10
20/06/2016;20/06/2016 16:10:00;NOW YOU SEE ME 2;TRUQUE DE MESTRE: O 2º ATO;E1700176500000;ORIGINAL;SIM;CANADÁ;5005003;CINESYSTEM AMERICAS 07;11;6000027;5348;28834;RIO DE JANEIRO;RJ;REDECINE - RIO CINEMATOGRAFICA S.A.;07.524.011/0001-10
20/06/2016;20/06/2016 16:10:00;TEENAGE MUTANT NINJA TURTLES: OUT OF THE SHADOWS;AS TARTARUGAS NINJA: FORA DAS SOMBRAS;E1600265600000;DUBLADO;NÃO;ESTADOS UNIDOS;5004483;ARAPIRACA BRA 01;6;6000027;22546;26037;ARAPIRACA;AL;REDECINE BRA CINEMATOGRÁFICA S.A.;15.422.993/0001-67
20/06/2016;20/06/2016 16:10:00;THE CONJURING 2;INVOCAÇÃO DO MAL 2;E1600342300000;DUBLADO;NÃO;ESTADOS UNIDOS;5005574;CINESYSTEM PAULISTA SALA 04;49;6000027;22546;33152;PAULISTA;PE;REDECINE BRA CINEMATOGRÁFICA S.A.;15.422.993/0001-67
20/06/2016;20/06/2016 16:20:00;ALICE THROUGH THE LOOKING GLASS;ALICE ATRAVÉS DO ESPELHO;E1600259100000;DUBLADO;NÃO;ESTADOS UNIDOS;5002062;AGUA VERDE 1;24;6000023;12893;12894;CURITIBA;PR;ESTILO PRODUÇÕES ARTISTICAS LTDA;03.293.165/0001-97
20/06/2016;20/06/2016 16:20:00;ME BEFORE YOU;COMO EU ERA ANTES DE VOCÊ;E1500875700000;DUBLADO;NÃO;ESTADOS UNIDOS;5005576;CINESYSTEM PAULISTA SALA 06;38;6000027;22546;33152;PAULISTA;PE;REDECINE BRA CINEMATOGRÁFICA S.A.;15.422.993/0001-67
20/06/2016;20/06/2016 16:20:00;NOW YOU SEE ME: THE SECOND ACT;TRUQUE DE MESTRE 2;E1500269900000;DUBLADO;NÃO;ESTADOS UNIDOS;5001628;CINESYSTEM SHOPPING TOTAL SALA 05;16;6000027;2375;6658;CURITIBA;PR;REDECINE CWB CINEMATOGRÁFICA LTDA;05.747.411/0001-69
20/06/2016;20/06/2016 16:20:00;THE CONJURING 2;INVOCAÇÃO DO MAL 2;E1600342300000;DUBLADO;NÃO;ESTADOS UNIDOS;5004486;ARAPIRACA BRA 04;18;6000027;22546;26037;ARAPIRACA;AL;REDECINE BRA CINEMATOGRÁFICA S.A.;15.422.993/0001-67
20/06/2016;20/06/2016 16:20:00;THE CONJURING 2;INVOCAÇÃO DO MAL 2;E1600342300000;ORIGINAL;SIM;ESTADOS UNIDOS;5004998;CINESYSTEM AMERICAS 02;8;6000027;5348;28834;RIO DE JANEIRO;RJ;REDECINE - RIO CINEMATOGRAFICA S.A.;07.524.011/0001-10
20/06/2016;20/06/2016 16:30:00;ME BEFORE YOU;COMO EU ERA ANTES DE VOCÊ;E1500875700000;DUBLADO;NÃO;ESTADOS UNIDOS;5004487;ARAPIRACA BRA 05;30;6000027;22546;26037;ARAPIRACA;AL;REDECINE BRA CINEMATOGRÁFICA S.A.;15.422.993/0001-67
20/06/2016;20/06/2016 16:30:00;ME BEFORE YOU;COMO EU ERA ANTES DE VOCÊ;E1500875700000;DUBLADO;NÃO;ESTADOS UNIDOS;5001624;CINESYSTEM SHOPPING TOTAL SALA 01;30;6000027;2375;6658;CURITIBA;PR;REDECINE CWB CINEMATOGRÁFICA LTDA;05.747.411/0001-69
20/06/2016;20/06/2016 16:30:00;TEENAGE MUTANT NINJA TURTLES: OUT OF THE SHADOWS;AS TARTARUGAS NINJA: FORA DAS SOMBRAS;E1600265600000;DUBLADO;NÃO;ESTADOS UNIDOS;5002063;AGUA VERDE 2;10;6000023;12893;12894;CURITIBA;PR;ESTILO PRODUÇÕES ARTISTICAS LTDA;03.293.165/0001-97
20/06/2016;20/06/2016 16:40:00;THE CONJURING 2;INVOCAÇÃO DO MAL 2;E1600342300000;DUBLADO;NÃO;ESTADOS UNIDOS;5001627;CINESYSTEM SHOPPING TOTAL SALA 04;31;6000027;2375;6658;CURITIBA;PR;REDECINE CWB CINEMATOGRÁFICA LTDA;05.747.411/0001-69
20/06/2016;20/06/2016 16:50:00;ME BEFORE YOU;COMO EU ERA ANTES DE VOCÊ;E1500875700000;DUBLADO;NÃO;ESTADOS UNIDOS;5003422;CINEMARK SHOPPING RAPOSO TAVARES 04;45;6000018;1843;20591;SÃO PAULO;SP;CINEMARK BRASIL S.A;00.779.721/0001-41
20/06/2016;20/06/2016 16:50:00;TEENAGE MUTANT NINJA TURTLES: OUT OF THE SHADOWS;AS TARTARUGAS NINJA: FORA DAS SOMBRAS;E1600265600000;DUBLADO;NÃO;ESTADOS UNIDOS;5001625;CINESYSTEM SHOPPING TOTAL SALA 02;34;6000027;2375;6658;CURITIBA;PR;REDECINE CWB CINEMATOGRÁFICA LTDA;05.747.411/0001-69
20/06/2016;20/06/2016 17:00:00;ME BEFORE YOU;COMO EU ERA ANTES DE VOCÊ;E1500875700000;ORIGINAL;SIM;ESTADOS UNIDOS;5003085;CINESPAÇO FLORIANÓPOLIS 3;42;6000018;1014;19103;FLORIANÓPOLIS;SC;CIRCUITO ESPAÇO DE CINEMA S/A;03.695.435/0001-96
20/06/2016;20/06/2016 17:00:00;ME BEFORE YOU;COMO EU ERA ANTES DE VOCÊ;E1500875700000;ORIGINAL;SIM;ESTADOS UNIDOS;5004999;CINESYSTEM AMERICAS 03;21;6000027;5348;28834;RIO DE JANEIRO;RJ;REDECINE - RIO CINEMATOGRAFICA S.A.;07.524.011/0001-10
20/06/2016;20/06/2016 17:00:00;ME BEFORE YOU;COMO EU ERA ANTES DE VOCÊ;E1500875700000;DUBLADO;NÃO;ESTADOS UNIDOS;5003911;SALA 6;31;6000002;3136;24148;SOROCABA;SP;MSA EMPRESA CINEMATOGRÁFICA LTDA;03.608.600/0001-25
20/06/2016;20/06/2016 17:00:00;NOW YOU SEE ME: THE SECOND ACT;TRUQUE DE MESTRE 2;E1500269900000;DUBLADO;NÃO;ESTADOS UNIDOS;5003420;CINEMARK SHOPPING RAPOSO TAVARES 02;23;6000018;1843;20591;SÃO PAULO;SP;CINEMARK BRASIL S.A;00.779.721/0001-41
20/06/2016;20/06/2016 17:10:00;ME BEFORE YOU;COMO EU ERA ANTES DE VOCÊ;E1500875700000;DUBLADO;NÃO;ESTADOS UNIDOS;5001626;CINESYSTEM SHOPPING TOTAL SALA 03;4;6000027;2375;6658;CURITIBA;PR;REDECINE CWB CINEMATOGRÁFICA LTDA;05.747.411/0001-69
20/06/2016;20/06/2016 17:30:00;THE CONJURING 2;INVOCAÇÃO DO MAL 2;E1600342300000;DUBLADO;NÃO;ESTADOS UNIDOS;5003424;CINEMARK SHOPPING RAPOSO TAVARES 06;21;6000018;1843;20591;SÃO PAULO;SP;CINEMARK BRASIL S.A;00.779.721/0001-41
20/06/2016;20/06/2016 17:30:00;TINI - EL GRAN CAMBIO DE VIOLETTA;TINI - DEPOIS DE VIOLETTA;E1600323700000;DUBLADO;NÃO;ARGENTINA;5004997;CINESYSTEM AMERICAS 01;4;6000027;5348;28834;RIO DE JANEIRO;RJ;REDECINE - RIO CINEMATOGRAFICA S.A.;07.524.011/0001-10
20/06/2016;20/06/2016 17:40:00;TEENAGE MUTANT NINJA TURTLES: OUT OF THE SHADOWS;AS TARTARUGAS NINJA: FORA DAS SOMBRAS;E1600265600000;DUBLADO;NÃO;ESTADOS UNIDOS;5002603;CINEMAS BENFICA - SALA 1;86;;15690;15691;FORTALEZA;CE;CINEMAS BENFICA LTDA;07.509.597/0001-43
20/06/2016;20/06/2016 18:00:00;TEENAGE MUTANT NINJA TURTLES: OUT OF THE SHADOWS;AS TARTARUGAS NINJA: FORA DAS SOMBRAS;E1600265600000;DUBLADO;NÃO;ESTADOS UNIDOS;5003421;CINEMARK SHOPPING RAPOSO TAVARES 03;37;6000018;1843;20591;SÃO PAULO;SP;CINEMARK BRASIL S.A;00.779.721/0001-41
20/06/2016;20/06/2016 18:20:00;TEENAGE MUTANT NINJA TURTLES: OUT OF THE SHADOWS;AS TARTARUGAS NINJA: FORA DAS SOMBRAS;E1600265600000;ORIGINAL;SIM;ESTADOS UNIDOS;5005002;CINESYSTEM AMERICAS 06;14;6000027;5348;28834;RIO DE JANEIRO;RJ;REDECINE - RIO CINEMATOGRAFICA S.A.;07.524.011/0001-10
20/06/2016;20/06/2016 18:25:00;ME BEFORE YOU;COMO EU ERA ANTES DE VOCÊ;E1500875700000;DUBLADO;NÃO;ESTADOS UNIDOS;5005575;CINESYSTEM PAULISTA SALA 05;47;6000027;22546;33152;PAULISTA;PE;REDECINE BRA CINEMATOGRÁFICA S.A.;15.422.993/0001-67
20/06/2016;20/06/2016 18:25:00;X-MEN: APOCALYPSE;X-MEN - APOCALIPSE;E1600181600000;DUBLADO;NÃO;ESTADOS UNIDOS;5004484;ARAPIRACA BRA 02;22;6000027;22546;26037;ARAPIRACA;AL;REDECINE BRA CINEMATOGRÁFICA S.A.;15.422.993/0001-67
20/06/2016;20/06/2016 18:30:00;ME BEFORE YOU;COMO EU ERA ANTES DE VOCÊ;E1500875700000;ORIGINAL;SIM;ESTADOS UNIDOS;5005000;CINESYSTEM AMERICAS 04;36;6000027;5348;28834;RIO DE JANEIRO;RJ;REDECINE - RIO CINEMATOGRAFICA S.A.;07.524.011/0001-10
20/06/2016;20/06/2016 18:30:00;ME BEFORE YOU;COMO EU ERA ANTES DE VOCÊ;E1500875700000;ORIGINAL;SIM;ESTADOS UNIDOS;5002780;ILHA PLAZA 03;38;6000027;5348;16645;RIO DE JANEIRO;RJ;REDECINE - RIO CINEMATOGRAFICA S.A.;07.524.011/0001-10
20/06/2016;20/06/2016 18:30:00;THE CONJURING 2;INVOCAÇÃO DO MAL 2;E1600342300000;DUBLADO;NÃO;ESTADOS UNIDOS;5002062;AGUA VERDE 1;8;6000023;12893;12894;CURITIBA;PR;ESTILO PRODUÇÕES ARTISTICAS LTDA;03.293.165/0001-97
20/06/2016;20/06/2016 18:30:00;THE CONJURING 2;INVOCAÇÃO DO MAL 2;E1600342300000;DUBLADO;NÃO;ESTADOS UNIDOS;5003425;CINEMARK SHOPPING RAPOSO TAVARES 07;47;6000018;1843;20591;SÃO PAULO;SP;CINEMARK BRASIL S.A;00.779.721/0001-41
20/06/2016;20/06/2016 18:35:00;TEENAGE MUTANT NINJA TURTLES: OUT OF THE SHADOWS;AS TARTARUGAS NINJA: FORA DAS SOMBRAS;E1600265600000;DUBLADO;NÃO;ESTADOS UNIDOS;5004483;ARAPIRACA BRA 01;85;6000027;22546;26037;ARAPIRACA;AL;REDECINE BRA CINEMATOGRÁFICA S.A.;15.422.993/0001-67
20/06/2016;20/06/2016 18:40:00;MAIS FORTE QUE O MUNDO - A HISTÓRIA DE JOSÉ ALDO;;B1600294500000;DUBLADO;NÃO;BRASIL;5005001;CINESYSTEM AMERICAS 05;55;6000027;5348;28834;RIO DE JANEIRO;RJ;REDECINE - RIO CINEMATOGRAFICA S.A.;07.524.011/0001-10
20/06/2016;20/06/2016 18:40:00;NOW YOU SEE ME: THE SECOND ACT;TRUQUE DE MESTRE 2;E1500269900000;DUBLADO;NÃO;ESTADOS UNIDOS;5004488;ARAPIRACA BRA 06;24;6000027;22546;26037;ARAPIRACA;AL;REDECINE BRA CINEMATOGRÁFICA S.A.;15.422.993/0001-67
20/06/2016;20/06/2016 18:40:00;NOW YOU SEE ME: THE SECOND ACT;TRUQUE DE MESTRE 2;E1500269900000;ORIGINAL;SIM;ESTADOS UNIDOS;5002782;ILHA PLAZA 02;47;6000027;5348;16645;RIO DE JANEIRO;RJ;REDECINE - RIO CINEMATOGRAFICA S.A.;07.524.011/0001-10
20/06/2016;20/06/2016 18:40:00;TEENAGE MUTANT NINJA TURTLES: OUT OF THE SHADOWS;AS TARTARUGAS NINJA: FORA DAS SOMBRAS;E1600265600000;DUBLADO;NÃO;ESTADOS UNIDOS;5002063;AGUA VERDE 2;21;6000023;12893;12894;CURITIBA;PR;ESTILO PRODUÇÕES ARTISTICAS LTDA;03.293.165/0001-97
20/06/2016;20/06/2016 18:45:00;TEENAGE MUTANT NINJA TURTLES: OUT OF THE SHADOWS;AS TARTARUGAS NINJA: FORA DAS SOMBRAS;E1600265600000;DUBLADO;NÃO;ESTADOS UNIDOS;5003423;CINEMARK SHOPPING RAPOSO TAVARES 05;11;6000018;1843;20591;SÃO PAULO;SP;CINEMARK BRASIL S.A;00.779.721/0001-41
20/06/2016;20/06/2016 18:50:00;ALICE THROUGH THE LOOKING GLASS;ALICE ATRAVÉS DO ESPELHO;E1600259100000;DUBLADO;NÃO;ESTADOS UNIDOS;5001624;CINESYSTEM SHOPPING TOTAL SALA 01;57;6000027;2375;6658;CURITIBA;PR;REDECINE CWB CINEMATOGRÁFICA LTDA;05.747.411/0001-69
20/06/2016;20/06/2016 18:50:00;ME BEFORE YOU;COMO EU ERA ANTES DE VOCÊ;E1500875700000;DUBLADO;NÃO;ESTADOS UNIDOS;5004487;ARAPIRACA BRA 05;35;6000027;22546;26037;ARAPIRACA;AL;REDECINE BRA CINEMATOGRÁFICA S.A.;15.422.993/0001-67
20/06/2016;20/06/2016 18:50:00;ME BEFORE YOU;COMO EU ERA ANTES DE VOCÊ;E1500875700000;DUBLADO;NÃO;ESTADOS UNIDOS;5005576;CINESYSTEM PAULISTA SALA 06;8;6000027;22546;33152;PAULISTA;PE;REDECINE BRA CINEMATOGRÁFICA S.A.;15.422.993/0001-67
20/06/2016;20/06/2016 18:50:00;NOW YOU SEE ME 2;TRUQUE DE MESTRE: O 2º ATO;E1700176500000;ORIGINAL;SIM;CANADÁ;5005003;CINESYSTEM AMERICAS 07;44;6000027;5348;28834;RIO DE JANEIRO;RJ;REDECINE - RIO CINEMATOGRAFICA S.A.;07.524.011/0001-10
20/06/2016;20/06/2016 18:51:00;ME BEFORE YOU;COMO EU ERA ANTES DE VOCÊ;E1500875700000;DUBLADO;NÃO;ESTADOS UNIDOS;5005576;CINESYSTEM PAULISTA SALA 06;63;6000027;22546;33152;PAULISTA;PE;REDECINE BRA CINEMATOGRÁFICA S.A.;15.422.993/0001-67
20/06/2016;20/06/2016 19:00:00;ME BEFORE YOU;COMO EU ERA ANTES DE VOCÊ;E1500875700000;DUBLADO;NÃO;ESTADOS UNIDOS;5001628;CINESYSTEM SHOPPING TOTAL SALA 05;60;6000027;2375;6658;CURITIBA;PR;REDECINE CWB CINEMATOGRÁFICA LTDA;05.747.411/0001-69
20/06/2016;20/06/2016 19:00:00;THE CONJURING 2;INVOCAÇÃO DO MAL 2;E1600342300000;DUBLADO;NÃO;ESTADOS UNIDOS;5004486;ARAPIRACA BRA 04;47;6000027;22546;26037;ARAPIRACA;AL;REDECINE BRA CINEMATOGRÁFICA S.A.;15.422.993/0001-67
20/06/2016;20/06/2016 19:01:00;ME BEFORE YOU;COMO EU ERA ANTES DE VOCÊ;E1500875700000;DUBLADO;NÃO;ESTADOS UNIDOS;5003419;CINEMARK SHOPPING RAPOSO TAVARES 01;50;6000018;1843;20591;SÃO PAULO;SP;CINEMARK BRASIL S.A;00.779.721/0001-41
20/06/2016;20/06/2016 19:05:00;THE CONJURING 2;INVOCAÇÃO DO MAL 2;E1600342300000;ORIGINAL;SIM;ESTADOS UNIDOS;5004998;CINESYSTEM AMERICAS 02;18;6000027;5348;28834;RIO DE JANEIRO;RJ;REDECINE - RIO CINEMATOGRAFICA S.A.;07.524.011/0001-10
20/06/2016;20/06/2016 19:10:00;ME BEFORE YOU;COMO EU ERA ANTES DE VOCÊ;E1500875700000;DUBLADO;NÃO;ESTADOS UNIDOS;5001626;CINESYSTEM SHOPPING TOTAL SALA 03;2;6000027;2375;6658;CURITIBA;PR;REDECINE CWB CINEMATOGRÁFICA LTDA;05.747.411/0001-69
20/06/2016;20/06/2016 19:10:00;TEENAGE MUTANT NINJA TURTLES: OUT OF THE SHADOWS;AS TARTARUGAS NINJA: FORA DAS SOMBRAS;E1600265600000;DUBLADO;NÃO;ESTADOS UNIDOS;5001625;CINESYSTEM SHOPPING TOTAL SALA 02;51;6000027;2375;6658;CURITIBA;PR;REDECINE CWB CINEMATOGRÁFICA LTDA;05.747.411/0001-69
20/06/2016;20/06/2016 19:10:00;THE CONJURING 2;INVOCAÇÃO DO MAL 2;E1600342300000;DUBLADO;NÃO;ESTADOS UNIDOS;5005574;CINESYSTEM PAULISTA SALA 04;96;6000027;22546;33152;PAULISTA;PE;REDECINE BRA CINEMATOGRÁFICA S.A.;15.422.993/0001-67
20/06/2016;20/06/2016 19:15:00;ME BEFORE YOU;COMO EU ERA ANTES DE VOCÊ;E1500875700000;DUBLADO;NÃO;ESTADOS UNIDOS;5003911;SALA 6;127;6000002;3136;24148;SOROCABA;SP;MSA EMPRESA CINEMATOGRÁFICA LTDA;03.608.600/0001-25
20/06/2016;20/06/2016 19:20:00;ME BEFORE YOU;COMO EU ERA ANTES DE VOCÊ;E1500875700000;ORIGINAL;SIM;ESTADOS UNIDOS;5003085;CINESPAÇO FLORIANÓPOLIS 3;81;6000018;1014;19103;FLORIANÓPOLIS;SC;CIRCUITO ESPAÇO DE CINEMA S/A;03.695.435/0001-96
20/06/2016;20/06/2016 19:20:00;ME BEFORE YOU;COMO EU ERA ANTES DE VOCÊ;E1500875700000;ORIGINAL;SIM;ESTADOS UNIDOS;5004999;CINESYSTEM AMERICAS 03;40;6000027;5348;28834;RIO DE JANEIRO;RJ;REDECINE - RIO CINEMATOGRAFICA S.A.;07.524.011/0001-10
20/06/2016;20/06/2016 19:20:00;THE CONJURING 2;INVOCAÇÃO DO MAL 2;E1600342300000;DUBLADO;NÃO;ESTADOS UNIDOS;5001627;CINESYSTEM SHOPPING TOTAL SALA 04;46;6000027;2375;6658;CURITIBA;PR;REDECINE CWB CINEMATOGRÁFICA LTDA;05.747.411/0001-69
20/06/2016;20/06/2016 19:30:00;ME BEFORE YOU;COMO EU ERA ANTES DE VOCÊ;E1500875700000;DUBLADO;NÃO;ESTADOS UNIDOS;5003422;CINEMARK SHOPPING RAPOSO TAVARES 04;96;6000018;1843;20591;SÃO PAULO;SP;CINEMARK BRASIL S.A;00.779.721/0001-41
20/06/2016;20/06/2016 19:30:00;ME BEFORE YOU;COMO EU ERA ANTES DE VOCÊ;E1500875700000;DUBLADO;NÃO;ESTADOS UNIDOS;5001626;CINESYSTEM SHOPPING TOTAL SALA 03;167;6000027;2375;6658;CURITIBA;PR;REDECINE CWB CINEMATOGRÁFICA LTDA;05.747.411/0001-69
20/06/2016;20/06/2016 19:40:00;ALICE THROUGH THE LOOKING GLASS;ALICE ATRAVÉS DO ESPELHO;E1600259100000;DUBLADO;NÃO;ESTADOS UNIDOS;5004997;CINESYSTEM AMERICAS 01;16;6000027;5348;28834;RIO DE JANEIRO;RJ;REDECINE - RIO CINEMATOGRAFICA S.A.;07.524.011/0001-10
20/06/2016;20/06/2016 19:55:00;TEENAGE MUTANT NINJA TURTLES: OUT OF THE SHADOWS;AS TARTARUGAS NINJA: FORA DAS SOMBRAS;E1600265600000;DUBLADO;NÃO;ESTADOS UNIDOS;5002603;CINEMAS BENFICA - SALA 1;113;;15690;15691;FORTALEZA;CE;CINEMAS BENFICA LTDA;07.509.597/0001-43
20/06/2016;20/06/2016 20:10:00;NOW YOU SEE ME: THE SECOND ACT;TRUQUE DE MESTRE 2;E1500269900000;DUBLADO;NÃO;ESTADOS UNIDOS;5003420;CINEMARK SHOPPING RAPOSO TAVARES 02;78;6000018;1843;20591;SÃO PAULO;SP;CINEMARK BRASIL S.A;00.779.721/0001-41
20/06/2016;20/06/2016 20:30:00;THE CONJURING 2;INVOCAÇÃO DO MAL 2;E1600342300000;DUBLADO;NÃO;ESTADOS UNIDOS;5003424;CINEMARK SHOPPING RAPOSO TAVARES 06;107;6000018;1843;20591;SÃO PAULO;SP;CINEMARK BRASIL S.A;00.779.721/0001-41
20/06/2016;20/06/2016 20:40:00;TEENAGE MUTANT NINJA TURTLES: OUT OF THE SHADOWS;AS TARTARUGAS NINJA: FORA DAS SOMBRAS;E1600265600000;DUBLADO;NÃO;ESTADOS UNIDOS;5003421;CINEMARK SHOPPING RAPOSO TAVARES 03;64;6000018;1843;20591;SÃO PAULO;SP;CINEMARK BRASIL S.A;00.779.721/0001-41
20/06/2016;20/06/2016 20:50:00;ME BEFORE YOU;COMO EU ERA ANTES DE VOCÊ;E1500875700000;ORIGINAL;SIM;ESTADOS UNIDOS;5005000;CINESYSTEM AMERICAS 04;41;6000027;5348;28834;RIO DE JANEIRO;RJ;REDECINE - RIO CINEMATOGRAFICA S.A.;07.524.011/0001-10
20/06/2016;20/06/2016 20:50:00;ME BEFORE YOU;COMO EU ERA ANTES DE VOCÊ;E1500875700000;ORIGINAL;SIM;ESTADOS UNIDOS;5002780;ILHA PLAZA 03;66;6000027;5348;16645;RIO DE JANEIRO;RJ;REDECINE - RIO CINEMATOGRAFICA S.A.;07.524.011/0001-10
20/06/2016;20/06/2016 20:50:00;TEENAGE MUTANT NINJA TURTLES: OUT OF THE SHADOWS;AS TARTARUGAS NINJA: FORA DAS SOMBRAS;E1600265600000;DUBLADO;NÃO;ESTADOS UNIDOS;5002063;AGUA VERDE 2;12;6000023;12893;12894;CURITIBA;PR;ESTILO PRODUÇÕES ARTISTICAS LTDA;03.293.165/0001-97
20/06/2016;20/06/2016 20:50:00;THE CONJURING 2;INVOCAÇÃO DO MAL 2;E1600342300000;DUBLADO;NÃO;ESTADOS UNIDOS;5005575;CINESYSTEM PAULISTA SALA 05;107;6000027;22546;33152;PAULISTA;PE;REDECINE BRA CINEMATOGRÁFICA S.A.;15.422.993/0001-67
20/06/2016;20/06/2016 21:00:00;TEENAGE MUTANT NINJA TURTLES: OUT OF THE SHADOWS;AS TARTARUGAS NINJA: FORA DAS SOMBRAS;E1600265600000;DUBLADO;NÃO;ESTADOS UNIDOS;5004483;ARAPIRACA BRA 01;69;6000027;22546;26037;ARAPIRACA;AL;REDECINE BRA CINEMATOGRÁFICA S.A.;15.422.993/0001-67
20/06/2016;20/06/2016 21:00:00;TEENAGE MUTANT NINJA TURTLES: OUT OF THE SHADOWS;AS TARTARUGAS NINJA: FORA DAS SOMBRAS;E1600265600000;ORIGINAL;SIM;ESTADOS UNIDOS;5005002;CINESYSTEM AMERICAS 06;6;6000027;5348;28834;RIO DE JANEIRO;RJ;REDECINE - RIO CINEMATOGRAFICA S.A.;07.524.011/0001-10
20/06/2016;20/06/2016 21:00:00;THE CONJURING 2;INVOCAÇÃO DO MAL 2;E1600342300000;DUBLADO;NÃO;ESTADOS UNIDOS;5002062;AGUA VERDE 1;14;6000023;12893;12894;CURITIBA;PR;ESTILO PRODUÇÕES ARTISTICAS LTDA;03.293.165/0001-97
20/06/2016;20/06/2016 21:10:00;ME BEFORE YOU;COMO EU ERA ANTES DE VOCÊ;E1500875700000;DUBLADO;NÃO;ESTADOS UNIDOS;5004487;ARAPIRACA BRA 05;60;6000027;22546;26037;ARAPIRACA;AL;REDECINE BRA CINEMATOGRÁFICA S.A.;15.422.993/0001-67
20/06/2016;20/06/2016 21:10:00;ME BEFORE YOU;COMO EU ERA ANTES DE VOCÊ;E1500875700000;DUBLADO;NÃO;ESTADOS UNIDOS;5005576;CINESYSTEM PAULISTA SALA 06;49;6000027;22546;33152;PAULISTA;PE;REDECINE BRA CINEMATOGRÁFICA S.A.;15.422.993/0001-67
20/06/2016;20/06/2016 21:10:00;THE CONJURING 2;INVOCAÇÃO DO MAL 2;E1600342300000;DUBLADO;NÃO;ESTADOS UNIDOS;5001624;CINESYSTEM SHOPPING TOTAL SALA 01;108;6000027;2375;6658;CURITIBA;PR;REDECINE CWB CINEMATOGRÁFICA LTDA;05.747.411/0001-69
20/06/2016;20/06/2016 21:15:00;THE CONJURING 2;INVOCAÇÃO DO MAL 2;E1600342300000;DUBLADO;NÃO;ESTADOS UNIDOS;5005001;CINESYSTEM AMERICAS 05;31;6000027;5348;28834;RIO DE JANEIRO;RJ;REDECINE - RIO CINEMATOGRAFICA S.A.;07.524.011/0001-10
20/06/2016;20/06/2016 21:20:00;NOW YOU SEE ME: THE SECOND ACT;TRUQUE DE MESTRE 2;E1500269900000;DUBLADO;NÃO;ESTADOS UNIDOS;5004488;ARAPIRACA BRA 06;60;6000027;22546;26037;ARAPIRACA;AL;REDECINE BRA CINEMATOGRÁFICA S.A.;15.422.993/0001-67
20/06/2016;20/06/2016 21:20:00;NOW YOU SEE ME: THE SECOND ACT;TRUQUE DE MESTRE 2;E1500269900000;ORIGINAL;SIM;ESTADOS UNIDOS;5002782;ILHA PLAZA 02;39;6000027;5348;16645;RIO DE JANEIRO;RJ;REDECINE - RIO CINEMATOGRAFICA S.A.;07.524.011/0001-10
20/06/2016;20/06/2016 21:20:00;TEENAGE MUTANT NINJA TURTLES: OUT OF THE SHADOWS;AS TARTARUGAS NINJA: FORA DAS SOMBRAS;E1600265600000;DUBLADO;NÃO;ESTADOS UNIDOS;5003423;CINEMARK SHOPPING RAPOSO TAVARES 05;21;6000018;1843;20591;SÃO PAULO;SP;CINEMARK BRASIL S.A;00.779.721/0001-41
20/06/2016;20/06/2016 21:30:00;MAIS FORTE QUE O MUNDO - A HISTÓRIA DE JOSÉ ALDO;;B1600294500000;DUBLADO;NÃO;BRASIL;5004484;ARAPIRACA BRA 02;12;6000027;22546;26037;ARAPIRACA;AL;REDECINE BRA CINEMATOGRÁFICA S.A.;15.422.993/0001-67
20/06/2016;20/06/2016 21:30:00;ME BEFORE YOU;COMO EU ERA ANTES DE VOCÊ;E1500875700000;DUBLADO;NÃO;ESTADOS UNIDOS;5003911;SALA 6;98;6000002;3136;24148;SOROCABA;SP;MSA EMPRESA CINEMATOGRÁFICA LTDA;03.608.600/0001-25
20/06/2016;20/06/2016 21:30:00;NOW YOU SEE ME 2;TRUQUE DE MESTRE: O 2º ATO;E1700176500000;ORIGINAL;SIM;CANADÁ;5005003;CINESYSTEM AMERICAS 07;36;6000027;5348;28834;RIO DE JANEIRO;RJ;REDECINE - RIO CINEMATOGRAFICA S.A.;07.524.011/0001-10
20/06/2016;20/06/2016 21:30:00;TEENAGE MUTANT NINJA TURTLES: OUT OF THE SHADOWS;AS TARTARUGAS NINJA: FORA DAS SOMBRAS;E1600265600000;DUBLADO;NÃO;ESTADOS UNIDOS;5001625;CINESYSTEM SHOPPING TOTAL SALA 02;33;6000027;2375;6658;CURITIBA;PR;REDECINE CWB CINEMATOGRÁFICA LTDA;05.747.411/0001-69
20/06/2016;20/06/2016 21:40:00;ALDO - MAIS FORTE QUE O MUNDO;;B1600785100000;DUBLADO;NÃO;BRASIL;5001628;CINESYSTEM SHOPPING TOTAL SALA 05;36;6000027;2375;6658;CURITIBA;PR;REDECINE CWB CINEMATOGRÁFICA LTDA;05.747.411/0001-69
20/06/2016;20/06/2016 21:40:00;ME BEFORE YOU;COMO EU ERA ANTES DE VOCÊ;E1500875700000;ORIGINAL;SIM;ESTADOS UNIDOS;5003085;CINESPAÇO FLORIANÓPOLIS 3;46;6000018;1014;19103;FLORIANÓPOLIS;SC;CIRCUITO ESPAÇO DE CINEMA S/A;03.695.435/0001-96
20/06/2016;20/06/2016 21:40:00;THE CONJURING 2;INVOCAÇÃO DO MAL 2;E1600342300000;DUBLADO;NÃO;ESTADOS UNIDOS;5004486;ARAPIRACA BRA 04;36;6000027;22546;26037;ARAPIRACA;AL;REDECINE BRA CINEMATOGRÁFICA S.A.;15.422.993/0001-67
20/06/2016;20/06/2016 21:40:00;THE CONJURING 2;INVOCAÇÃO DO MAL 2;E1600342300000;DUBLADO;NÃO;ESTADOS UNIDOS;5003425;CINEMARK SHOPPING RAPOSO TAVARES 07;70;6000018;1843;20591;SÃO PAULO;SP;CINEMARK BRASIL S.A;00.779.721/0001-41
20/06/2016;20/06/2016 21:40:00;WARCRAFT;WARCFRAT – O PRIMEIRO ENCONTRO ENTRE DOIS MUNDOS;E1500739800000;ORIGINAL;SIM;ESTADOS UNIDOS;5004999;CINESYSTEM AMERICAS 03;21;6000027;5348;28834;RIO DE JANEIRO;RJ;REDECINE - RIO CINEMATOGRAFICA S.A.;07.524.011/0001-10
20/06/2016;20/06/2016 21:50:00;ME BEFORE YOU;COMO EU ERA ANTES DE VOCÊ;E1500875700000;DUBLADO;NÃO;ESTADOS UNIDOS;5001626;CINESYSTEM SHOPPING TOTAL SALA 03;97;6000027;2375;6658;CURITIBA;PR;REDECINE CWB CINEMATOGRÁFICA LTDA;05.747.411/0001-69
20/06/2016;20/06/2016 21:50:00;THE CONJURING 2;INVOCAÇÃO DO MAL 2;E1600342300000;ORIGINAL;SIM;ESTADOS UNIDOS;5004998;CINESYSTEM AMERICAS 02;11;6000027;5348;28834;RIO DE JANEIRO;RJ;REDECINE - RIO CINEMATOGRAFICA S.A.;07.524.011/0001-10
20/06/2016;20/06/2016 21:50:00;THE CONJURING 2;INVOCAÇÃO DO MAL 2;E1600342300000;DUBLADO;NÃO;ESTADOS UNIDOS;5005574;CINESYSTEM PAULISTA SALA 04;45;6000027;22546;33152;PAULISTA;PE;REDECINE BRA CINEMATOGRÁFICA S.A.;15.422.993/0001-67
20/06/2016;20/06/2016 22:00:00;MAIS FORTE QUE O MUNDO - A HISTÓRIA DE JOSÉ ALDO;;B1600294500000;ORIGINAL;NÃO;BRASIL;5003419;CINEMARK SHOPPING RAPOSO TAVARES 01;42;6000018;1843;20591;SÃO PAULO;SP;CINEMARK BRASIL S.A;00.779.721/0001-41
20/06/2016;20/06/2016 22:00:00;THE CONJURING 2;INVOCAÇÃO DO MAL 2;E1600342300000;DUBLADO;NÃO;ESTADOS UNIDOS;5001627;CINESYSTEM SHOPPING TOTAL SALA 04;29;6000027;2375;6658;CURITIBA;PR;REDECINE CWB CINEMATOGRÁFICA LTDA;05.747.411/0001-69
20/06/2016;20/06/2016 22:00:00;X-MEN: APOCALYPSE;X-MEN - APOCALIPSE;E1600181600000;ORIGINAL;SIM;ESTADOS UNIDOS;5004997;CINESYSTEM AMERICAS 01;12;6000027;5348;28834;RIO DE JANEIRO;RJ;REDECINE - RIO CINEMATOGRAFICA S.A.;07.524.011/0001-10
20/06/2016;20/06/2016 22:10:00;ME BEFORE YOU;COMO EU ERA ANTES DE VOCÊ;E1500875700000;DUBLADO;NÃO;ESTADOS UNIDOS;5003422;CINEMARK SHOPPING RAPOSO TAVARES 04;29;6000018;1843;20591;SÃO PAULO;SP;CINEMARK BRASIL S.A;00.779.721/0001-41
21/06/2016;21/06/2016 12:50:00;NOW YOU SEE ME: THE SECOND ACT;TRUQUE DE MESTRE 2;E1500269900000;DUBLADO;NÃO;ESTADOS UNIDOS;5003419;CINEMARK SHOPPING RAPOSO TAVARES 01;6;6000018;1843;20591;SÃO PAULO;SP;CINEMARK BRASIL S.A;00.779.721/0001-41
21/06/2016;21/06/2016 13:00:00;ME BEFORE YOU;COMO EU ERA ANTES DE VOCÊ;E1500875700000;DUBLADO;NÃO;ESTADOS UNIDOS;5003425;CINEMARK SHOPPING RAPOSO TAVARES 07;6;6000018;1843;20591;SÃO PAULO;SP;CINEMARK BRASIL S.A;00.779.721/0001-41
21/06/2016;21/06/2016 13:10:00;TEENAGE MUTANT NINJA TURTLES: OUT OF THE SHADOWS;AS TARTARUGAS NINJA: FORA DAS SOMBRAS;E1600265600000;DUBLADO;NÃO;ESTADOS UNIDOS;5002603;CINEMAS BENFICA - SALA 1;19;;15690;15691;FORTALEZA;CE;CINEMAS BENFICA LTDA;07.509.597/0001-43
21/06/2016;21/06/2016 13:15:00;TEENAGE MUTANT NINJA TURTLES: OUT OF THE SHADOWS;AS TARTARUGAS NINJA: FORA DAS SOMBRAS;E1600265600000;DUBLADO;NÃO;ESTADOS UNIDOS;5005575;CINESYSTEM PAULISTA SALA 05;20;6000027;22546;33152;PAULISTA;PE;REDECINE BRA CINEMATOGRÁFICA S.A.;15.422.993/0001-67
21/06/2016;21/06/2016 13:15:00;WARCRAFT;WARCFRAT – O PRIMEIRO ENCONTRO ENTRE DOIS MUNDOS;E1500739800000;ORIGINAL;SIM;ESTADOS UNIDOS;5004441;SALA MACEIO 08;4;6000027;22546;25512;MACEIÓ;AL;REDECINE BRA CINEMATOGRÁFICA S.A.;15.422.993/0001-67
21/06/2016;21/06/2016 13:20:00;NOW YOU SEE ME: THE SECOND ACT;TRUQUE DE MESTRE 2;E1500269900000;DUBLADO;NÃO;ESTADOS UNIDOS;5004488;ARAPIRACA BRA 06;10;6000027;22546;26037;ARAPIRACA;AL;REDECINE BRA CINEMATOGRÁFICA S.A.;15.422.993/0001-67
21/06/2016;21/06/2016 13:20:00;NOW YOU SEE ME: THE SECOND ACT;TRUQUE DE MESTRE 2;E1500269900000;ORIGINAL;SIM;ESTADOS UNIDOS;5002782;ILHA PLAZA 02;19;6000027;5348;16645;RIO DE JANEIRO;RJ;REDECINE - RIO CINEMATOGRAFICA S.A.;07.524.011/0001-10
21/06/2016;21/06/2016 13:20:00;TEENAGE MUTANT NINJA TURTLES: OUT OF THE SHADOWS;AS TARTARUGAS NINJA: FORA DAS SOMBRAS;E1600265600000;DUBLADO;NÃO;ESTADOS UNIDOS;5003423;CINEMARK SHOPPING RAPOSO TAVARES 05;6;6000018;1843;20591;SÃO PAULO;SP;CINEMARK BRASIL S.A;00.779.721/0001-41
21/06/2016;21/06/2016 13:20:00;THE CONJURING 2;INVOCAÇÃO DO MAL 2;E1600342300000;ORIGINAL;SIM;ESTADOS UNIDOS;5004544;CINEART PARAGEM 3;11;6000013;437;26527;BELO HORIZONTE;MG;DELTA FILMES LTDA;01.735.159/0001-17
21/06/2016;21/06/2016 13:20:00;TINI - EL GRAN CAMBIO DE VIOLETTA;TINI - DEPOIS DE VIOLETTA;E1600323700000;DUBLADO;NÃO;ARGENTINA;5004997;CINESYSTEM AMERICAS 01;2;6000027;5348;28834;RIO DE JANEIRO;RJ;REDECINE - RIO CINEMATOGRAFICA S.A.;07.524.011/0001-10
21/06/2016;21/06/2016 13:25:00;ALICE THROUGH THE LOOKING GLASS;ALICE ATRAVÉS DO ESPELHO;E1600259100000;DUBLADO;NÃO;ESTADOS UNIDOS;5004484;ARAPIRACA BRA 02;9;6000027;22546;26037;ARAPIRACA;AL;REDECINE BRA CINEMATOGRÁFICA S.A.;15.422.993/0001-67
21/06/2016;21/06/2016 13:25:00;ALICE THROUGH THE LOOKING GLASS;ALICE ATRAVÉS DO ESPELHO;E1600259100000;DUBLADO;NÃO;ESTADOS UNIDOS;5005001;CINESYSTEM AMERICAS 05;6;6000027;5348;28834;RIO DE JANEIRO;RJ;REDECINE - RIO CINEMATOGRAFICA S.A.;07.524.011/0001-10
21/06/2016;21/06/2016 13:25:00;THE CONJURING 2;INVOCAÇÃO DO MAL 2;E1600342300000;DUBLADO;NÃO;ESTADOS UNIDOS;5005574;CINESYSTEM PAULISTA SALA 04;19;6000027;22546;33152;PAULISTA;PE;REDECINE BRA CINEMATOGRÁFICA S.A.;15.422.993/0001-67
21/06/2016;21/06/2016 13:25:00;THE CONJURING 2;INVOCAÇÃO DO MAL 2;E1600342300000;ORIGINAL;SIM;ESTADOS UNIDOS;5004446;SALA MACEIO 03;16;6000027;22546;25512;MACEIÓ;AL;REDECINE BRA CINEMATOGRÁFICA S.A.;15.422.993/0001-67
21/06/2016;21/06/2016 13:30:00;NOW YOU SEE ME 2;TRUQUE DE MESTRE: O 2º ATO;E1700176500000;ORIGINAL;SIM;CANADÁ;5005003;CINESYSTEM AMERICAS 07;19;6000027;5348;28834;RIO DE JANEIRO;RJ;REDECINE - RIO CINEMATOGRAFICA S.A.;07.524.011/0001-10
21/06/2016;21/06/2016 13:30:00;THE CONJURING 2;INVOCAÇÃO DO MAL 2;E1600342300000;DUBLADO;NÃO;ESTADOS UNIDOS;5004486;ARAPIRACA BRA 04;18;6000027;22546;26037;ARAPIRACA;AL;REDECINE BRA CINEMATOGRÁFICA S.A.;15.422.993/0001-67
21/06/2016;21/06/2016 13:35:00;THE CONJURING 2;INVOCAÇÃO DO MAL 2;E1600342300000;ORIGINAL;SIM;ESTADOS UNIDOS;5004998;CINESYSTEM AMERICAS 02;12;6000027;5348;28834;RIO DE JANEIRO;RJ;REDECINE - RIO CINEMATOGRAFICA S.A.;07.524.011/0001-10
21/06/2016;21/06/2016 13:40:00;TEENAGE MUTANT NINJA TURTLES: OUT OF THE SHADOWS;AS TARTARUGAS NINJA: FORA DAS SOMBRAS;E1600265600000;DUBLADO;NÃO;ESTADOS UNIDOS;5004483;ARAPIRACA BRA 01;8;6000027;22546;26037;ARAPIRACA;AL;REDECINE BRA CINEMATOGRÁFICA S.A.;15.422.993/0001-67
21/06/2016;21/06/2016 13:40:00;TEENAGE MUTANT NINJA TURTLES: OUT OF THE SHADOWS;AS TARTARUGAS NINJA: FORA DAS SOMBRAS;E1600265600000;ORIGINAL;SIM;ESTADOS UNIDOS;5005002;CINESYSTEM AMERICAS 06;1;6000027;5348;28834;RIO DE JANEIRO;RJ;REDECINE - RIO CINEMATOGRAFICA S.A.;07.524.011/0001-10
21/06/2016;21/06/2016 13:50:00;ALICE THROUGH THE LOOKING GLASS;ALICE ATRAVÉS DO ESPELHO;E1600259100000;DUBLADO;NÃO;ESTADOS UNIDOS;5002780;ILHA PLAZA 03;26;6000027;5348;16645;RIO DE JANEIRO;RJ;REDECINE - RIO CINEMATOGRAFICA S.A.;07.524.011/0001-10
21/06/2016;21/06/2016 13:50:00;ME BEFORE YOU;COMO EU ERA ANTES DE VOCÊ;E1500875700000;ORIGINAL;SIM;ESTADOS UNIDOS;5005000;CINESYSTEM AMERICAS 04;29;6000027;5348;28834;RIO DE JANEIRO;RJ;REDECINE - RIO CINEMATOGRAFICA S.A.;07.524.011/0001-10
21/06/2016;21/06/2016 13:50:00;ME BEFORE YOU;COMO EU ERA ANTES DE VOCÊ;E1500875700000;DUBLADO;NÃO;ESTADOS UNIDOS;5005576;CINESYSTEM PAULISTA SALA 06;16;6000027;22546;33152;PAULISTA;PE;REDECINE BRA CINEMATOGRÁFICA S.A.;15.422.993/0001-67
21/06/2016;21/06/2016 13:50:00;NOW YOU SEE ME: THE SECOND ACT;TRUQUE DE MESTRE 2;E1500269900000;ORIGINAL;SIM;ESTADOS UNIDOS;5004442;SALA MACEIO 07;6;6000027;22546;25512;MACEIÓ;AL;REDECINE BRA CINEMATOGRÁFICA S.A.;15.422.993/0001-67
21/06/2016;21/06/2016 13:50:00;WARCRAFT;WARCFRAT – O PRIMEIRO ENCONTRO ENTRE DOIS MUNDOS;E1500739800000;DUBLADO;NÃO;ESTADOS UNIDOS;5001628;CINESYSTEM SHOPPING TOTAL SALA 05;18;6000027;2375;6658;CURITIBA;PR;REDECINE CWB CINEMATOGRÁFICA LTDA;05.747.411/0001-69
21/06/2016;21/06/2016 14:00:00;NOW YOU SEE ME: THE SECOND ACT;TRUQUE DE MESTRE 2;E1500269900000;DUBLADO;NÃO;ESTADOS UNIDOS;5003420;CINEMARK SHOPPING RAPOSO TAVARES 02;21;6000018;1843;20591;SÃO PAULO;SP;CINEMARK BRASIL S.A;00.779.721/0001-41
21/06/2016;21/06/2016 14:00:00;THE CONJURING 2;INVOCAÇÃO DO MAL 2;E1600342300000;DUBLADO;NÃO;ESTADOS UNIDOS;5001627;CINESYSTEM SHOPPING TOTAL SALA 04;22;6000027;2375;6658;CURITIBA;PR;REDECINE CWB CINEMATOGRÁFICA LTDA;05.747.411/0001-69
21/06/2016;21/06/2016 14:10:00;ALICE THROUGH THE LOOKING GLASS;ALICE ATRAVÉS DO ESPELHO;E1600259100000;DUBLADO;NÃO;ESTADOS UNIDOS;5001624;CINESYSTEM SHOPPING TOTAL SALA 01;21;6000027;2375;6658;CURITIBA;PR;REDECINE CWB CINEMATOGRÁFICA LTDA;05.747.411/0001-69
21/06/2016;21/06/2016 14:10:00;ME BEFORE YOU;COMO EU ERA ANTES DE VOCÊ;E1500875700000;DUBLADO;NÃO;ESTADOS UNIDOS;5004487;ARAPIRACA BRA 05;48;6000027;22546;26037;ARAPIRACA;AL;REDECINE BRA CINEMATOGRÁFICA S.A.;15.422.993/0001-67
21/06/2016;21/06/2016 14:10:00;ME BEFORE YOU;COMO EU ERA ANTES DE VOCÊ;E1500875700000;ORIGINAL;SIM;ESTADOS UNIDOS;5004542;CINEART PARAGEM 1;54;6000013;437;26527;BELO HORIZONTE;MG;DELTA FILMES LTDA;01.735.159/0001-17
21/06/2016;21/06/2016 14:10:00;ME BEFORE YOU;COMO EU ERA ANTES DE VOCÊ;E1500875700000;DUBLADO;NÃO;ESTADOS UNIDOS;5003422;CINEMARK SHOPPING RAPOSO TAVARES 04;18;6000018;1843;20591;SÃO PAULO;SP;CINEMARK BRASIL S.A;00.779.721/0001-41
21/06/2016;21/06/2016 14:10:00;TEENAGE MUTANT NINJA TURTLES: OUT OF THE SHADOWS;AS TARTARUGAS NINJA: FORA DAS SOMBRAS;E1600265600000;DUBLADO;NÃO;ESTADOS UNIDOS;5004999;CINESYSTEM AMERICAS 03;14;6000027;5348;28834;RIO DE JANEIRO;RJ;REDECINE - RIO CINEMATOGRAFICA S.A.;07.524.011/0001-10
21/06/2016;21/06/2016 14:10:00;TEENAGE MUTANT NINJA TURTLES: OUT OF THE SHADOWS;AS TARTARUGAS NINJA: FORA DAS SOMBRAS;E1600265600000;DUBLADO;NÃO;ESTADOS UNIDOS;5004447;SALA MACEIO 02;11;6000027;22546;25512;MACEIÓ;AL;REDECINE BRA CINEMATOGRÁFICA S.A.;15.422.993/0001-67
21/06/2016;21/06/2016 14:20:00;TEENAGE MUTANT NINJA TURTLES: OUT OF THE SHADOWS;AS TARTARUGAS NINJA: FORA DAS SOMBRAS;E1600265600000;DUBLADO;NÃO;ESTADOS UNIDOS;5002063;AGUA VERDE 2;6;6000023;12893;12894;CURITIBA;PR;ESTILO PRODUÇÕES ARTISTICAS LTDA;03.293.165/0001-97
21/06/2016;21/06/2016 14:30:00;TEENAGE MUTANT NINJA TURTLES: OUT OF THE SHADOWS;AS TARTARUGAS NINJA: FORA DAS SOMBRAS;E1600265600000;DUBLADO;NÃO;ESTADOS UNIDOS;5001625;CINESYSTEM SHOPPING TOTAL SALA 02;17;6000027;2375;6658;CURITIBA;PR;REDECINE CWB CINEMATOGRÁFICA LTDA;05.747.411/0001-69
21/06/2016;21/06/2016 14:30:00;THE CONJURING 2;INVOCAÇÃO DO MAL 2;E1600342300000;DUBLADO;NÃO;ESTADOS UNIDOS;5003424;CINEMARK SHOPPING RAPOSO TAVARES 06;24;6000018;1843;20591;SÃO PAULO;SP;CINEMARK BRASIL S.A;00.779.721/0001-41
21/06/2016;21/06/2016 14:40:00;ME BEFORE YOU;COMO EU ERA ANTES DE VOCÊ;E1500875700000;DUBLADO;NÃO;ESTADOS UNIDOS;5003085;CINESPAÇO FLORIANÓPOLIS 3;32;6000018;1014;19103;FLORIANÓPOLIS;SC;CIRCUITO ESPAÇO DE CINEMA S/A;03.695.435/0001-96
21/06/2016;21/06/2016 14:45:00;ME BEFORE YOU;COMO EU ERA ANTES DE VOCÊ;E1500875700000;DUBLADO;NÃO;ESTADOS UNIDOS;5003911;SALA 6;49;6000002;3136;24148;SOROCABA;SP;MSA EMPRESA CINEMATOGRÁFICA LTDA;03.608.600/0001-25
21/06/2016;21/06/2016 14:50:00;ME BEFORE YOU;COMO EU ERA ANTES DE VOCÊ;E1500875700000;DUBLADO;NÃO;ESTADOS UNIDOS;5001626;CINESYSTEM SHOPPING TOTAL SALA 03;32;6000027;2375;6658;CURITIBA;PR;REDECINE CWB CINEMATOGRÁFICA LTDA;05.747.411/0001-69
21/06/2016;21/06/2016 15:20:00;TEENAGE MUTANT NINJA TURTLES: OUT OF THE SHADOWS;AS TARTARUGAS NINJA: FORA DAS SOMBRAS;E1600265600000;DUBLADO;NÃO;ESTADOS UNIDOS;5003421;CINEMARK SHOPPING RAPOSO TAVARES 03;19;6000018;1843;20591;SÃO PAULO;SP;CINEMARK BRASIL S.A;00.779.721/0001-41
21/06/2016;21/06/2016 15:25:00;TEENAGE MUTANT NINJA TURTLES: OUT OF THE SHADOWS;AS TARTARUGAS NINJA: FORA DAS SOMBRAS;E1600265600000;DUBLADO;NÃO;ESTADOS UNIDOS;5002603;CINEMAS BENFICA - SALA 1;48;;15690;15691;FORTALEZA;CE;CINEMAS BENFICA LTDA;07.509.597/0001-43
21/06/2016;21/06/2016 15:25:00;TINI - EL GRAN CAMBIO DE VIOLETTA;TINI - DEPOIS DE VIOLETTA;E1600323700000;DUBLADO;NÃO;ARGENTINA;5004997;CINESYSTEM AMERICAS 01;2;6000027;5348;28834;RIO DE JANEIRO;RJ;REDECINE - RIO CINEMATOGRAFICA S.A.;07.524.011/0001-10
21/06/2016;21/06/2016 15:30:00;THE CONJURING 2;INVOCAÇÃO DO MAL 2;E1600342300000;DUBLADO;NÃO;ESTADOS UNIDOS;5003425;CINEMARK SHOPPING RAPOSO TAVARES 07;29;6000018;1843;20591;SÃO PAULO;SP;CINEMARK BRASIL S.A;00.779.721/0001-41
21/06/2016;21/06/2016 15:40:00;THE CONJURING 2;INVOCAÇÃO DO MAL 2;E1600342300000;DUBLADO;NÃO;ESTADOS UNIDOS;5005575;CINESYSTEM PAULISTA SALA 05;23;6000027;22546;33152;PAULISTA;PE;REDECINE BRA CINEMATOGRÁFICA S.A.;15.422.993/0001-67
21/06/2016;21/06/2016 15:45:00;THE CONJURING 2;INVOCAÇÃO DO MAL 2;E1600342300000;DUBLADO;NÃO;ESTADOS UNIDOS;5004484;ARAPIRACA BRA 02;27;6000027;22546;26037;ARAPIRACA;AL;REDECINE BRA CINEMATOGRÁFICA S.A.;15.422.993/0001-67
21/06/2016;21/06/2016 15:50:00;NOW YOU SEE ME: THE SECOND ACT;TRUQUE DE MESTRE 2;E1500269900000;DUBLADO;NÃO;ESTADOS UNIDOS;5003419;CINEMARK SHOPPING RAPOSO TAVARES 01;11;6000018;1843;20591;SÃO PAULO;SP;CINEMARK BRASIL S.A;00.779.721/0001-41
21/06/2016;21/06/2016 15:50:00;THE CONJURING 2;INVOCAÇÃO DO MAL 2;E1600342300000;DUBLADO;NÃO;ESTADOS UNIDOS;5005001;CINESYSTEM AMERICAS 05;30;6000027;5348;28834;RIO DE JANEIRO;RJ;REDECINE - RIO CINEMATOGRAFICA S.A.;07.524.011/0001-10
21/06/2016;21/06/2016 15:50:00;THE CONJURING 2;INVOCAÇÃO DO MAL 2;E1600342300000;DUBLADO;NÃO;ESTADOS UNIDOS;5004441;SALA MACEIO 08;22;6000027;22546;25512;MACEIÓ;AL;REDECINE BRA CINEMATOGRÁFICA S.A.;15.422.993/0001-67
21/06/2016;21/06/2016 15:55:00;THE CONJURING 2;INVOCAÇÃO DO MAL 2;E1600342300000;ORIGINAL;SIM;ESTADOS UNIDOS;5004544;CINEART PARAGEM 3;29;6000013;437;26527;BELO HORIZONTE;MG;DELTA FILMES LTDA;01.735.159/0001-17
21/06/2016;21/06/2016 16:00:00;ME BEFORE YOU;COMO EU ERA ANTES DE VOCÊ;E1500875700000;ORIGINAL;SIM;ESTADOS UNIDOS;5002782;ILHA PLAZA 02;63;6000027;5348;16645;RIO DE JANEIRO;RJ;REDECINE - RIO CINEMATOGRAFICA S.A.;07.524.011/0001-10
21/06/2016;21/06/2016 16:00:00;NOW YOU SEE ME: THE SECOND ACT;TRUQUE DE MESTRE 2;E1500269900000;DUBLADO;NÃO;ESTADOS UNIDOS;5004488;ARAPIRACA BRA 06;22;6000027;22546;26037;ARAPIRACA;AL;REDECINE BRA CINEMATOGRÁFICA S.A.;15.422.993/0001-67
21/06/2016;21/06/2016 16:00:00;TEENAGE MUTANT NINJA TURTLES: OUT OF THE SHADOWS;AS TARTARUGAS NINJA: FORA DAS SOMBRAS;E1600265600000;DUBLADO;NÃO;ESTADOS UNIDOS;5003423;CINEMARK SHOPPING RAPOSO TAVARES 05;7;6000018;1843;20591;SÃO PAULO;SP;CINEMARK BRASIL S.A;00.779.721/0001-41
21/06/2016;21/06/2016 16:00:00;TEENAGE MUTANT NINJA TURTLES: OUT OF THE SHADOWS;AS TARTARUGAS NINJA: FORA DAS SOMBRAS;E1600265600000;DUBLADO;NÃO;ESTADOS UNIDOS;5005002;CINESYSTEM AMERICAS 06;17;6000027;5348;28834;RIO DE JANEIRO;RJ;REDECINE - RIO CINEMATOGRAFICA S.A.;07.524.011/0001-10
21/06/2016;21/06/2016 16:10:00;ME BEFORE YOU;COMO EU ERA ANTES DE VOCÊ;E1500875700000;ORIGINAL;SIM;ESTADOS UNIDOS;5005000;CINESYSTEM AMERICAS 04;37;6000027;5348;28834;RIO DE JANEIRO;RJ;REDECINE - RIO CINEMATOGRAFICA S.A.;07.524.011/0001-10
21/06/2016;21/06/2016 16:10:00;ME BEFORE YOU;COMO EU ERA ANTES DE VOCÊ;E1500875700000;DUBLADO;NÃO;ESTADOS UNIDOS;5002780;ILHA PLAZA 03;110;6000027;5348;16645;RIO DE JANEIRO;RJ;REDECINE - RIO CINEMATOGRAFICA S.A.;07.524.011/0001-10
21/06/2016;21/06/2016 16:10:00;NOW YOU SEE ME 2;TRUQUE DE MESTRE: O 2º ATO;E1700176500000;ORIGINAL;SIM;CANADÁ;5005003;CINESYSTEM AMERICAS 07;25;6000027;5348;28834;RIO DE JANEIRO;RJ;REDECINE - RIO CINEMATOGRAFICA S.A.;07.524.011/0001-10
21/06/2016;21/06/2016 16:10:00;TEENAGE MUTANT NINJA TURTLES: OUT OF THE SHADOWS;AS TARTARUGAS NINJA: FORA DAS SOMBRAS;E1600265600000;DUBLADO;NÃO;ESTADOS UNIDOS;5004483;ARAPIRACA BRA 01;38;6000027;22546;26037;ARAPIRACA;AL;REDECINE BRA CINEMATOGRÁFICA S.A.;15.422.993/0001-67
21/06/2016;21/06/2016 16:10:00;THE CONJURING 2;INVOCAÇÃO DO MAL 2;E1600342300000;DUBLADO;NÃO;ESTADOS UNIDOS;5005574;CINESYSTEM PAULISTA SALA 04;33;6000027;22546;33152;PAULISTA;PE;REDECINE BRA CINEMATOGRÁFICA S.A.;15.422.993/0001-67
21/06/2016;21/06/2016 16:10:00;THE CONJURING 2;INVOCAÇÃO DO MAL 2;E1600342300000;ORIGINAL;SIM;ESTADOS UNIDOS;5004446;SALA MACEIO 03;40;6000027;22546;25512;MACEIÓ;AL;REDECINE BRA CINEMATOGRÁFICA S.A.;15.422.993/0001-67
21/06/2016;21/06/2016 16:20:00;ALICE THROUGH THE LOOKING GLASS;ALICE ATRAVÉS DO ESPELHO;E1600259100000;DUBLADO;NÃO;ESTADOS UNIDOS;5002062;AGUA VERDE 1;15;6000023;12893;12894;CURITIBA;PR;ESTILO PRODUÇÕES ARTISTICAS LTDA;03.293.165/0001-97
21/06/2016;21/06/2016 16:20:00;ME BEFORE YOU;COMO EU ERA ANTES DE VOCÊ;E1500875700000;DUBLADO;NÃO;ESTADOS UNIDOS;5005576;CINESYSTEM PAULISTA SALA 06;24;6000027;22546;33152;PAULISTA;PE;REDECINE BRA CINEMATOGRÁFICA S.A.;15.422.993/0001-67
21/06/2016;21/06/2016 16:20:00;NOW YOU SEE ME: THE SECOND ACT;TRUQUE DE MESTRE 2;E1500269900000;DUBLADO;NÃO;ESTADOS UNIDOS;5001628;CINESYSTEM SHOPPING TOTAL SALA 05;25;6000027;2375;6658;CURITIBA;PR;REDECINE CWB CINEMATOGRÁFICA LTDA;05.747.411/0001-69
21/06/2016;21/06/2016 16:20:00;THE CONJURING 2;INVOCAÇÃO DO MAL 2;E1600342300000;DUBLADO;NÃO;ESTADOS UNIDOS;5004486;ARAPIRACA BRA 04;31;6000027;22546;26037;ARAPIRACA;AL;REDECINE BRA CINEMATOGRÁFICA S.A.;15.422.993/0001-67
21/06/2016;21/06/2016 16:20:00;THE CONJURING 2;INVOCAÇÃO DO MAL 2;E1600342300000;ORIGINAL;SIM;ESTADOS UNIDOS;5004998;CINESYSTEM AMERICAS 02;20;6000027;5348;28834;RIO DE JANEIRO;RJ;REDECINE - RIO CINEMATOGRAFICA S.A.;07.524.011/0001-10
21/06/2016;21/06/2016 16:25:00;ME BEFORE YOU;COMO EU ERA ANTES DE VOCÊ;E1500875700000;ORIGINAL;SIM;ESTADOS UNIDOS;5004542;CINEART PARAGEM 1;53;6000013;437;26527;BELO HORIZONTE;MG;DELTA FILMES LTDA;01.735.159/0001-17
21/06/2016;21/06/2016 16:30:00;ME BEFORE YOU;COMO EU ERA ANTES DE VOCÊ;E1500875700000;DUBLADO;NÃO;ESTADOS UNIDOS;5004487;ARAPIRACA BRA 05;51;6000027;22546;26037;ARAPIRACA;AL;REDECINE BRA CINEMATOGRÁFICA S.A.;15.422.993/0001-67
21/06/2016;21/06/2016 16:30:00;ME BEFORE YOU;COMO EU ERA ANTES DE VOCÊ;E1500875700000;DUBLADO;NÃO;ESTADOS UNIDOS;5001624;CINESYSTEM SHOPPING TOTAL SALA 01;8;6000027;2375;6658;CURITIBA;PR;REDECINE CWB CINEMATOGRÁFICA LTDA;05.747.411/0001-69
21/06/2016;21/06/2016 16:30:00;NOW YOU SEE ME: THE SECOND ACT;TRUQUE DE MESTRE 2;E1500269900000;DUBLADO;NÃO;ESTADOS UNIDOS;5004442;SALA MACEIO 07;36;6000027;22546;25512;MACEIÓ;AL;REDECINE BRA CINEMATOGRÁFICA S.A.;15.422.993/0001-67
21/06/2016;21/06/2016 16:30:00;TEENAGE MUTANT NINJA TURTLES: OUT OF THE SHADOWS;AS TARTARUGAS NINJA: FORA DAS SOMBRAS;E1600265600000;DUBLADO;NÃO;ESTADOS UNIDOS;5002063;AGUA VERDE 2;3;6000023;12893;12894;CURITIBA;PR;ESTILO PRODUÇÕES ARTISTICAS LTDA;03.293.165/0001-97
21/06/2016;21/06/2016 16:40:00;TEENAGE MUTANT NINJA TURTLES: OUT OF THE SHADOWS;AS TARTARUGAS NINJA: FORA DAS SOMBRAS;E1600265600000;DUBLADO;NÃO;ESTADOS UNIDOS;5004447;SALA MACEIO 02;18;6000027;22546;25512;MACEIÓ;AL;REDECINE BRA CINEMATOGRÁFICA S.A.;15.422.993/0001-67
21/06/2016;21/06/2016 16:40:00;THE CONJURING 2;INVOCAÇÃO DO MAL 2;E1600342300000;DUBLADO;NÃO;ESTADOS UNIDOS;5001627;CINESYSTEM SHOPPING TOTAL SALA 04;28;6000027;2375;6658;CURITIBA;PR;REDECINE CWB CINEMATOGRÁFICA LTDA;05.747.411/0001-69
21/06/2016;21/06/2016 16:50:00;ME BEFORE YOU;COMO EU ERA ANTES DE VOCÊ;E1500875700000;DUBLADO;NÃO;ESTADOS UNIDOS;5003422;CINEMARK SHOPPING RAPOSO TAVARES 04;18;6000018;1843;20591;SÃO PAULO;SP;CINEMARK BRASIL S.A;00.779.721/0001-41
21/06/2016;21/06/2016 16:50:00;TEENAGE MUTANT NINJA TURTLES: OUT OF THE SHADOWS;AS TARTARUGAS NINJA: FORA DAS SOMBRAS;E1600265600000;DUBLADO;NÃO;ESTADOS UNIDOS;5001625;CINESYSTEM SHOPPING TOTAL SALA 02;19;6000027;2375;6658;CURITIBA;PR;REDECINE CWB CINEMATOGRÁFICA LTDA;05.747.411/0001-69
21/06/2016;21/06/2016 17:00:00;ME BEFORE YOU;COMO EU ERA ANTES DE VOCÊ;E1500875700000;ORIGINAL;SIM;ESTADOS UNIDOS;5003085;CINESPAÇO FLORIANÓPOLIS 3;62;6000018;1014;19103;FLORIANÓPOLIS;SC;CIRCUITO ESPAÇO DE CINEMA S/A;03.695.435/0001-96
21/06/2016;21/06/2016 17:00:00;ME BEFORE YOU;COMO EU ERA ANTES DE VOCÊ;E1500875700000;ORIGINAL;SIM;ESTADOS UNIDOS;5004999;CINESYSTEM AMERICAS 03;32;6000027;5348;28834;RIO DE JANEIRO;RJ;REDECINE - RIO CINEMATOGRAFICA S.A.;07.524.011/0001-10
21/06/2016;21/06/2016 17:00:00;ME BEFORE YOU;COMO EU ERA ANTES DE VOCÊ;E1500875700000;DUBLADO;NÃO;ESTADOS UNIDOS;5003911;SALA 6;30;6000002;3136;24148;SOROCABA;SP;MSA EMPRESA CINEMATOGRÁFICA LTDA;03.608.600/0001-25
21/06/2016;21/06/2016 17:00:00;NOW YOU SEE ME: THE SECOND ACT;TRUQUE DE MESTRE 2;E1500269900000;DUBLADO;NÃO;ESTADOS UNIDOS;5003420;CINEMARK SHOPPING RAPOSO TAVARES 02;18;6000018;1843;20591;SÃO PAULO;SP;CINEMARK BRASIL S.A;00.779.721/0001-41
21/06/2016;21/06/2016 17:10:00;ME BEFORE YOU;COMO EU ERA ANTES DE VOCÊ;E1500875700000;DUBLADO;NÃO;ESTADOS UNIDOS;5001626;CINESYSTEM SHOPPING TOTAL SALA 03;23;6000027;2375;6658;CURITIBA;PR;REDECINE CWB CINEMATOGRÁFICA LTDA;05.747.411/0001-69
21/06/2016;21/06/2016 17:30:00;THE CONJURING 2;INVOCAÇÃO DO MAL 2;E1600342300000;DUBLADO;NÃO;ESTADOS UNIDOS;5003424;CINEMARK SHOPPING RAPOSO TAVARES 06;26;6000018;1843;20591;SÃO PAULO;SP;CINEMARK BRASIL S.A;00.779.721/0001-41
21/06/2016;21/06/2016 17:30:00;TINI - EL GRAN CAMBIO DE VIOLETTA;TINI - DEPOIS DE VIOLETTA;E1600323700000;DUBLADO;NÃO;ARGENTINA;5004997;CINESYSTEM AMERICAS 01;2;6000027;5348;28834;RIO DE JANEIRO;RJ;REDECINE - RIO CINEMATOGRAFICA S.A.;07.524.011/0001-10
21/06/2016;21/06/2016 17:40:00;TEENAGE MUTANT NINJA TURTLES: OUT OF THE SHADOWS;AS TARTARUGAS NINJA: FORA DAS SOMBRAS;E1600265600000;DUBLADO;NÃO;ESTADOS UNIDOS;5002603;CINEMAS BENFICA - SALA 1;27;;15690;15691;FORTALEZA;CE;CINEMAS BENFICA LTDA;07.509.597/0001-43
21/06/2016;21/06/2016 18:00:00;TEENAGE MUTANT NINJA TURTLES: OUT OF THE SHADOWS;AS TARTARUGAS NINJA: FORA DAS SOMBRAS;E1600265600000;DUBLADO;NÃO;ESTADOS UNIDOS;5003421;CINEMARK SHOPPING RAPOSO TAVARES 03;19;6000018;1843;20591;SÃO PAULO;SP;CINEMARK BRASIL S.A;00.779.721/0001-41
21/06/2016;21/06/2016 18:20:00;TEENAGE MUTANT NINJA TURTLES: OUT OF THE SHADOWS;AS TARTARUGAS NINJA: FORA DAS SOMBRAS;E1600265600000;ORIGINAL;SIM;ESTADOS UNIDOS;5005002;CINESYSTEM AMERICAS 06;19;6000027;5348;28834;RIO DE JANEIRO;RJ;REDECINE - RIO CINEMATOGRAFICA S.A.;07.524.011/0001-10
21/06/2016;21/06/2016 18:25:00;ME BEFORE YOU;COMO EU ERA ANTES DE VOCÊ;E1500875700000;DUBLADO;NÃO;ESTADOS UNIDOS;5005575;CINESYSTEM PAULISTA SALA 05;43;6000027;22546;33152;PAULISTA;PE;REDECINE BRA CINEMATOGRÁFICA S.A.;15.422.993/0001-67
21/06/2016;21/06/2016 18:25:00;X-MEN: APOCALYPSE;X-MEN - APOCALIPSE;E1600181600000;DUBLADO;NÃO;ESTADOS UNIDOS;5004484;ARAPIRACA BRA 02;29;6000027;22546;26037;ARAPIRACA;AL;REDECINE BRA CINEMATOGRÁFICA S.A.;15.422.993/0001-67
21/06/2016;21/06/2016 18:30:00;ME BEFORE YOU;COMO EU ERA ANTES DE VOCÊ;E1500875700000;ORIGINAL;SIM;ESTADOS UNIDOS;5005000;CINESYSTEM AMERICAS 04;52;6000027;5348;28834;RIO DE JANEIRO;RJ;REDECINE - RIO CINEMATOGRAFICA S.A.;07.524.011/0001-10
21/06/2016;21/06/2016 18:30:00;ME BEFORE YOU;COMO EU ERA ANTES DE VOCÊ;E1500875700000;ORIGINAL;SIM;ESTADOS UNIDOS;5002780;ILHA PLAZA 03;142;6000027;5348;16645;RIO DE JANEIRO;RJ;REDECINE - RIO CINEMATOGRAFICA S.A.;07.524.011/0001-10
21/06/2016;21/06/2016 18:30:00;THE CONJURING 2;INVOCAÇÃO DO MAL 2;E1600342300000;DUBLADO;NÃO;ESTADOS UNIDOS;5002062;AGUA VERDE 1;20;6000023;12893;12894;CURITIBA;PR;ESTILO PRODUÇÕES ARTISTICAS LTDA;03.293.165/0001-97
21/06/2016;21/06/2016 18:30:00;THE CONJURING 2;INVOCAÇÃO DO MAL 2;E1600342300000;ORIGINAL;SIM;ESTADOS UNIDOS;5004544;CINEART PARAGEM 3;57;6000013;437;26527;BELO HORIZONTE;MG;DELTA FILMES LTDA;01.735.159/0001-17
21/06/2016;21/06/2016 18:30:00;THE CONJURING 2;INVOCAÇÃO DO MAL 2;E1600342300000;DUBLADO;NÃO;ESTADOS UNIDOS;5003425;CINEMARK SHOPPING RAPOSO TAVARES 07;21;6000018;1843;20591;SÃO PAULO;SP;CINEMARK BRASIL S.A;00.779.721/0001-41
21/06/2016;21/06/2016 18:35:00;TEENAGE MUTANT NINJA TURTLES: OUT OF THE SHADOWS;AS TARTARUGAS NINJA: FORA DAS SOMBRAS;E1600265600000;DUBLADO;NÃO;ESTADOS UNIDOS;5004483;ARAPIRACA BRA 01;53;6000027;22546;26037;ARAPIRACA;AL;REDECINE BRA CINEMATOGRÁFICA S.A.;15.422.993/0001-67
21/06/2016;21/06/2016 18:35:00;WARCRAFT;WARCFRAT – O PRIMEIRO ENCONTRO ENTRE DOIS MUNDOS;E1500739800000;ORIGINAL;SIM;ESTADOS UNIDOS;5004441;SALA MACEIO 08;29;6000027;22546;25512;MACEIÓ;AL;REDECINE BRA CINEMATOGRÁFICA S.A.;15.422.993/0001-67
21/06/2016;21/06/2016 18:40:00;MAIS FORTE QUE O MUNDO - A HISTÓRIA DE JOSÉ ALDO;;B1600294500000;DUBLADO;NÃO;BRASIL;5005001;CINESYSTEM AMERICAS 05;78;6000027;5348;28834;RIO DE JANEIRO;RJ;REDECINE - RIO CINEMATOGRAFICA S.A.;07.524.011/0001-10
21/06/2016;21/06/2016 18:40:00;ME BEFORE YOU;COMO EU ERA ANTES DE VOCÊ;E1500875700000;ORIGINAL;SIM;ESTADOS UNIDOS;5004542;CINEART PARAGEM 1;117;6000013;437;26527;BELO HORIZONTE;MG;DELTA FILMES LTDA;01.735.159/0001-17
21/06/2016;21/06/2016 18:40:00;NOW YOU SEE ME: THE SECOND ACT;TRUQUE DE MESTRE 2;E1500269900000;DUBLADO;NÃO;ESTADOS UNIDOS;5004488;ARAPIRACA BRA 06;36;6000027;22546;26037;ARAPIRACA;AL;REDECINE BRA CINEMATOGRÁFICA S.A.;15.422.993/0001-67
21/06/2016;21/06/2016 18:40:00;NOW YOU SEE ME: THE SECOND ACT;TRUQUE DE MESTRE 2;E1500269900000;ORIGINAL;SIM;ESTADOS UNIDOS;5002782;ILHA PLAZA 02;140;6000027;5348;16645;RIO DE JANEIRO;RJ;REDECINE - RIO CINEMATOGRAFICA S.A.;07.524.011/0001-10
21/06/2016;21/06/2016 18:40:00;TEENAGE MUTANT NINJA TURTLES: OUT OF THE SHADOWS;AS TARTARUGAS NINJA: FORA DAS SOMBRAS;E1600265600000;DUBLADO;NÃO;ESTADOS UNIDOS;5002063;AGUA VERDE 2;32;6000023;12893;12894;CURITIBA;PR;ESTILO PRODUÇÕES ARTISTICAS LTDA;03.293.165/0001-97
21/06/2016;21/06/2016 18:45:00;TEENAGE MUTANT NINJA TURTLES: OUT OF THE SHADOWS;AS TARTARUGAS NINJA: FORA DAS SOMBRAS;E1600265600000;DUBLADO;NÃO;ESTADOS UNIDOS;5003423;CINEMARK SHOPPING RAPOSO TAVARES 05;26;6000018;1843;20591;SÃO PAULO;SP;CINEMARK BRASIL S.A;00.779.721/0001-41
21/06/2016;21/06/2016 18:50:00;ALICE THROUGH THE LOOKING GLASS;ALICE ATRAVÉS DO ESPELHO;E1600259100000;DUBLADO;NÃO;ESTADOS UNIDOS;5001624;CINESYSTEM SHOPPING TOTAL SALA 01;33;6000027;2375;6658;CURITIBA;PR;REDECINE CWB CINEMATOGRÁFICA LTDA;05.747.411/0001-69
21/06/2016;21/06/2016 18:50:00;ME BEFORE YOU;COMO EU ERA ANTES DE VOCÊ;E1500875700000;DUBLADO;NÃO;ESTADOS UNIDOS;5004487;ARAPIRACA BRA 05;83;6000027;22546;26037;ARAPIRACA;AL;REDECINE BRA CINEMATOGRÁFICA S.A.;15.422.993/0001-67
21/06/2016;21/06/2016 18:50:00;ME BEFORE YOU;COMO EU ERA ANTES DE VOCÊ;E1500875700000;DUBLADO;NÃO;ESTADOS UNIDOS;5005576;CINESYSTEM PAULISTA SALA 06;51;6000027;22546;33152;PAULISTA;PE;REDECINE BRA CINEMATOGRÁFICA S.A.;15.422.993/0001-67
21/06/2016;21/06/2016 18:50:00;NOW YOU SEE ME 2;TRUQUE DE MESTRE: O 2º ATO;E1700176500000;ORIGINAL;SIM;CANADÁ;5005003;CINESYSTEM AMERICAS 07;40;6000027;5348;28834;RIO DE JANEIRO;RJ;REDECINE - RIO CINEMATOGRAFICA S.A.;07.524.011/0001-10
21/06/2016;21/06/2016 19:00:00;ME BEFORE YOU;COMO EU ERA ANTES DE VOCÊ;E1500875700000;DUBLADO;NÃO;ESTADOS UNIDOS;5001628;CINESYSTEM SHOPPING TOTAL SALA 05;57;6000027;2375;6658;CURITIBA;PR;REDECINE CWB CINEMATOGRÁFICA LTDA;05.747.411/0001-69
21/06/2016;21/06/2016 19:00:00;THE CONJURING 2;INVOCAÇÃO DO MAL 2;E1600342300000;DUBLADO;NÃO;ESTADOS UNIDOS;5004486;ARAPIRACA BRA 04;105;6000027;22546;26037;ARAPIRACA;AL;REDECINE BRA CINEMATOGRÁFICA S.A.;15.422.993/0001-67
21/06/2016;21/06/2016 19:00:00;THE CONJURING 2;INVOCAÇÃO DO MAL 2;E1600342300000;ORIGINAL;SIM;ESTADOS UNIDOS;5004446;SALA MACEIO 03;53;6000027;22546;25512;MACEIÓ;AL;REDECINE BRA CINEMATOGRÁFICA S.A.;15.422.993/0001-67
21/06/2016;21/06/2016 19:01:00;ME BEFORE YOU;COMO EU ERA ANTES DE VOCÊ;E1500875700000;DUBLADO;NÃO;ESTADOS UNIDOS;5003419;CINEMARK SHOPPING RAPOSO TAVARES 01;23;6000018;1843;20591;SÃO PAULO;SP;CINEMARK BRASIL S.A;00.779.721/0001-41
21/06/2016;21/06/2016 19:05:00;THE CONJURING 2;INVOCAÇÃO DO MAL 2;E1600342300000;ORIGINAL;SIM;ESTADOS UNIDOS;5004998;CINESYSTEM AMERICAS 02;49;6000027;5348;28834;RIO DE JANEIRO;RJ;REDECINE - RIO CINEMATOGRAFICA S.A.;07.524.011/0001-10
21/06/2016;21/06/2016 19:10:00;TEENAGE MUTANT NINJA TURTLES: OUT OF THE SHADOWS;AS TARTARUGAS NINJA: FORA DAS SOMBRAS;E1600265600000;DUBLADO;NÃO;ESTADOS UNIDOS;5001625;CINESYSTEM SHOPPING TOTAL SALA 02;65;6000027;2375;6658;CURITIBA;PR;REDECINE CWB CINEMATOGRÁFICA LTDA;05.747.411/0001-69
21/06/2016;21/06/2016 19:10:00;TEENAGE MUTANT NINJA TURTLES: OUT OF THE SHADOWS;AS TARTARUGAS NINJA: FORA DAS SOMBRAS;E1600265600000;DUBLADO;NÃO;ESTADOS UNIDOS;5004447;SALA MACEIO 02;66;6000027;22546;25512;MACEIÓ;AL;REDECINE BRA CINEMATOGRÁFICA S.A.;15.422.993/0001-67
21/06/2016;21/06/2016 19:10:00;THE CONJURING 2;INVOCAÇÃO DO MAL 2;E1600342300000;DUBLADO;NÃO;ESTADOS UNIDOS;5005574;CINESYSTEM PAULISTA SALA 04;78;6000027;22546;33152;PAULISTA;PE;REDECINE BRA CINEMATOGRÁFICA S.A.;15.422.993/0001-67
21/06/2016;21/06/2016 19:15:00;ME BEFORE YOU;COMO EU ERA ANTES DE VOCÊ;E1500875700000;DUBLADO;NÃO;ESTADOS UNIDOS;5003911;SALA 6;117;6000002;3136;24148;SOROCABA;SP;MSA EMPRESA CINEMATOGRÁFICA LTDA;03.608.600/0001-25
21/06/2016;21/06/2016 19:20:00;ME BEFORE YOU;COMO EU ERA ANTES DE VOCÊ;E1500875700000;ORIGINAL;SIM;ESTADOS UNIDOS;5003085;CINESPAÇO FLORIANÓPOLIS 3;104;6000018;1014;19103;FLORIANÓPOLIS;SC;CIRCUITO ESPAÇO DE CINEMA S/A;03.695.435/0001-96
21/06/2016;21/06/2016 19:20:00;ME BEFORE YOU;COMO EU ERA ANTES DE VOCÊ;E1500875700000;ORIGINAL;SIM;ESTADOS UNIDOS;5004999;CINESYSTEM AMERICAS 03;73;6000027;5348;28834;RIO DE JANEIRO;RJ;REDECINE - RIO CINEMATOGRAFICA S.A.;07.524.011/0001-10
21/06/2016;21/06/2016 19:20:00;NOW YOU SEE ME: THE SECOND ACT;TRUQUE DE MESTRE 2;E1500269900000;ORIGINAL;SIM;ESTADOS UNIDOS;5004442;SALA MACEIO 07;79;6000027;22546;25512;MACEIÓ;AL;REDECINE BRA CINEMATOGRÁFICA S.A.;15.422.993/0001-67
21/06/2016;21/06/2016 19:20:00;THE CONJURING 2;INVOCAÇÃO DO MAL 2;E1600342300000;DUBLADO;NÃO;ESTADOS UNIDOS;5001627;CINESYSTEM SHOPPING TOTAL SALA 04;103;6000027;2375;6658;CURITIBA;PR;REDECINE CWB CINEMATOGRÁFICA LTDA;05.747.411/0001-69
21/06/2016;21/06/2016 19:30:00;ME BEFORE YOU;COMO EU ERA ANTES DE VOCÊ;E1500875700000;DUBLADO;NÃO;ESTADOS UNIDOS;5003422;CINEMARK SHOPPING RAPOSO TAVARES 04;62;6000018;1843;20591;SÃO PAULO;SP;CINEMARK BRASIL S.A;00.779.721/0001-41
21/06/2016;21/06/2016 19:30:00;ME BEFORE YOU;COMO EU ERA ANTES DE VOCÊ;E1500875700000;DUBLADO;NÃO;ESTADOS UNIDOS;5001626;CINESYSTEM SHOPPING TOTAL SALA 03;78;6000027;2375;6658;CURITIBA;PR;REDECINE CWB CINEMATOGRÁFICA LTDA;05.747.411/0001-69
21/06/2016;21/06/2016 19:40:00;ALICE THROUGH THE LOOKING GLASS;ALICE ATRAVÉS DO ESPELHO;E1600259100000;DUBLADO;NÃO;ESTADOS UNIDOS;5004997;CINESYSTEM AMERICAS 01;43;6000027;5348;28834;RIO DE JANEIRO;RJ;REDECINE - RIO CINEMATOGRAFICA S.A.;07.524.011/0001-10
21/06/2016;21/06/2016 19:55:00;TEENAGE MUTANT NINJA TURTLES: OUT OF THE SHADOWS;AS TARTARUGAS NINJA: FORA DAS SOMBRAS;E1600265600000;DUBLADO;NÃO;ESTADOS UNIDOS;5002603;CINEMAS BENFICA - SALA 1;32;;15690;15691;FORTALEZA;CE;CINEMAS BENFICA LTDA;07.509.597/0001-43
21/06/2016;21/06/2016 20:10:00;NOW YOU SEE ME: THE SECOND ACT;TRUQUE DE MESTRE 2;E1500269900000;DUBLADO;NÃO;ESTADOS UNIDOS;5003420;CINEMARK SHOPPING RAPOSO TAVARES 02;69;6000018;1843;20591;SÃO PAULO;SP;CINEMARK BRASIL S.A;00.779.721/0001-41
21/06/2016;21/06/2016 20:30:00;THE CONJURING 2;INVOCAÇÃO DO MAL 2;E1600342300000;DUBLADO;NÃO;ESTADOS UNIDOS;5003424;CINEMARK SHOPPING RAPOSO TAVARES 06;65;6000018;1843;20591;SÃO PAULO;SP;CINEMARK BRASIL S.A;00.779.721/0001-41
21/06/2016;21/06/2016 20:40:00;TEENAGE MUTANT NINJA TURTLES: OUT OF THE SHADOWS;AS TARTARUGAS NINJA: FORA DAS SOMBRAS;E1600265600000;DUBLADO;NÃO;ESTADOS UNIDOS;5003421;CINEMARK SHOPPING RAPOSO TAVARES 03;37;6000018;1843;20591;SÃO PAULO;SP;CINEMARK BRASIL S.A;00.779.721/0001-41
21/06/2016;21/06/2016 20:50:00;ME BEFORE YOU;COMO EU ERA ANTES DE VOCÊ;E1500875700000;ORIGINAL;SIM;ESTADOS UNIDOS;5005000;CINESYSTEM AMERICAS 04;43;6000027;5348;28834;RIO DE JANEIRO;RJ;REDECINE - RIO CINEMATOGRAFICA S.A.;07.524.011/0001-10
21/06/2016;21/06/2016 20:50:00;ME BEFORE YOU;COMO EU ERA ANTES DE VOCÊ;E1500875700000;ORIGINAL;SIM;ESTADOS UNIDOS;5002780;ILHA PLAZA 03;179;6000027;5348;16645;RIO DE JANEIRO;RJ;REDECINE - RIO CINEMATOGRAFICA S.A.;07.524.011/0001-10
21/06/2016;21/06/2016 20:50:00;TEENAGE MUTANT NINJA TURTLES: OUT OF THE SHADOWS;AS TARTARUGAS NINJA: FORA DAS SOMBRAS;E1600265600000;DUBLADO;NÃO;ESTADOS UNIDOS;5002063;AGUA VERDE 2;36;6000023;12893;12894;CURITIBA;PR;ESTILO PRODUÇÕES ARTISTICAS LTDA;03.293.165/0001-97
21/06/2016;21/06/2016 20:50:00;THE CONJURING 2;INVOCAÇÃO DO MAL 2;E1600342300000;DUBLADO;NÃO;ESTADOS UNIDOS;5005575;CINESYSTEM PAULISTA SALA 05;42;6000027;22546;33152;PAULISTA;PE;REDECINE BRA CINEMATOGRÁFICA S.A.;15.422.993/0001-67
21/06/2016;21/06/2016 21:00:00;ME BEFORE YOU;COMO EU ERA ANTES DE VOCÊ;E1500875700000;ORIGINAL;SIM;ESTADOS UNIDOS;5004542;CINEART PARAGEM 1;125;6000013;437;26527;BELO HORIZONTE;MG;DELTA FILMES LTDA;01.735.159/0001-17
21/06/2016;21/06/2016 21:00:00;TEENAGE MUTANT NINJA TURTLES: OUT OF THE SHADOWS;AS TARTARUGAS NINJA: FORA DAS SOMBRAS;E1600265600000;DUBLADO;NÃO;ESTADOS UNIDOS;5004483;ARAPIRACA BRA 01;96;6000027;22546;26037;ARAPIRACA;AL;REDECINE BRA CINEMATOGRÁFICA S.A.;15.422.993/0001-67
21/06/2016;21/06/2016 21:00:00;TEENAGE MUTANT NINJA TURTLES: OUT OF THE SHADOWS;AS TARTARUGAS NINJA: FORA DAS SOMBRAS;E1600265600000;ORIGINAL;SIM;ESTADOS UNIDOS;5005002;CINESYSTEM AMERICAS 06;15;6000027;5348;28834;RIO DE JANEIRO;RJ;REDECINE - RIO CINEMATOGRAFICA S.A.;07.524.011/0001-10
21/06/2016;21/06/2016 21:00:00;THE CONJURING 2;INVOCAÇÃO DO MAL 2;E1600342300000;DUBLADO;NÃO;ESTADOS UNIDOS;5002062;AGUA VERDE 1;28;6000023;12893;12894;CURITIBA;PR;ESTILO PRODUÇÕES ARTISTICAS LTDA;03.293.165/0001-97
21/06/2016;21/06/2016 21:05:00;THE CONJURING 2;INVOCAÇÃO DO MAL 2;E1600342300000;ORIGINAL;SIM;ESTADOS UNIDOS;5004544;CINEART PARAGEM 3;105;6000013;437;26527;BELO HORIZONTE;MG;DELTA FILMES LTDA;01.735.159/0001-17
21/06/2016;21/06/2016 21:10:00;ME BEFORE YOU;COMO EU ERA ANTES DE VOCÊ;E1500875700000;DUBLADO;NÃO;ESTADOS UNIDOS;5004487;ARAPIRACA BRA 05;87;6000027;22546;26037;ARAPIRACA;AL;REDECINE BRA CINEMATOGRÁFICA S.A.;15.422.993/0001-67
21/06/2016;21/06/2016 21:10:00;ME BEFORE YOU;COMO EU ERA ANTES DE VOCÊ;E1500875700000;DUBLADO;NÃO;ESTADOS UNIDOS;5005576;CINESYSTEM PAULISTA SALA 06;32;6000027;22546;33152;PAULISTA;PE;REDECINE BRA CINEMATOGRÁFICA S.A.;15.422.993/0001-67
21/06/2016;21/06/2016 21:10:00;THE CONJURING 2;INVOCAÇÃO DO MAL 2;E1600342300000;DUBLADO;NÃO;ESTADOS UNIDOS;5001624;CINESYSTEM SHOPPING TOTAL SALA 01;57;6000027;2375;6658;CURITIBA;PR;REDECINE CWB CINEMATOGRÁFICA LTDA;05.747.411/0001-69
21/06/2016;21/06/2016 21:15:00;THE CONJURING 2;INVOCAÇÃO DO MAL 2;E1600342300000;DUBLADO;NÃO;ESTADOS UNIDOS;5005001;CINESYSTEM AMERICAS 05;35;6000027;5348;28834;RIO DE JANEIRO;RJ;REDECINE - RIO CINEMATOGRAFICA S.A.;07.524.011/0001-10
21/06/2016;21/06/2016 21:20:00;NOW YOU SEE ME: THE SECOND ACT;TRUQUE DE MESTRE 2;E1500269900000;DUBLADO;NÃO;ESTADOS UNIDOS;5004488;ARAPIRACA BRA 06;46;6000027;22546;26037;ARAPIRACA;AL;REDECINE BRA CINEMATOGRÁFICA S.A.;15.422.993/0001-67
21/06/2016;21/06/2016 21:20:00;NOW YOU SEE ME: THE SECOND ACT;TRUQUE DE MESTRE 2;E1500269900000;ORIGINAL;SIM;ESTADOS UNIDOS;5002782;ILHA PLAZA 02;109;6000027;5348;16645;RIO DE JANEIRO;RJ;REDECINE - RIO CINEMATOGRAFICA S.A.;07.524.011/0001-10
21/06/2016;21/06/2016 21:20:00;TEENAGE MUTANT NINJA TURTLES: OUT OF THE SHADOWS;AS TARTARUGAS NINJA: FORA DAS SOMBRAS;E1600265600000;DUBLADO;NÃO;ESTADOS UNIDOS;5003423;CINEMARK SHOPPING RAPOSO TAVARES 05;18;6000018;1843;20591;SÃO PAULO;SP;CINEMARK BRASIL S.A;00.779.721/0001-41
21/06/2016;21/06/2016 21:20:00;THE CONJURING 2;INVOCAÇÃO DO MAL 2;E1600342300000;DUBLADO;NÃO;ESTADOS UNIDOS;5004441;SALA MACEIO 08;43;6000027;22546;25512;MACEIÓ;AL;REDECINE BRA CINEMATOGRÁFICA S.A.;15.422.993/0001-67
21/06/2016;21/06/2016 21:30:00;MAIS FORTE QUE O MUNDO - A HISTÓRIA DE JOSÉ ALDO;;B1600294500000;DUBLADO;NÃO;BRASIL;5004484;ARAPIRACA BRA 02;50;6000027;22546;26037;ARAPIRACA;AL;REDECINE BRA CINEMATOGRÁFICA S.A.;15.422.993/0001-67
21/06/2016;21/06/2016 21:30:00;ME BEFORE YOU;COMO EU ERA ANTES DE VOCÊ;E1500875700000;DUBLADO;NÃO;ESTADOS UNIDOS;5003911;SALA 6;92;6000002;3136;24148;SOROCABA;SP;MSA EMPRESA CINEMATOGRÁFICA LTDA;03.608.600/0001-25
21/06/2016;21/06/2016 21:30:00;NOW YOU SEE ME 2;TRUQUE DE MESTRE: O 2º ATO;E1700176500000;ORIGINAL;SIM;CANADÁ;5005003;CINESYSTEM AMERICAS 07;30;6000027;5348;28834;RIO DE JANEIRO;RJ;REDECINE - RIO CINEMATOGRAFICA S.A.;07.524.011/0001-10
21/06/2016;21/06/2016 21:30:00;TEENAGE MUTANT NINJA TURTLES: OUT OF THE SHADOWS;AS TARTARUGAS NINJA: FORA DAS SOMBRAS;E1600265600000;DUBLADO;NÃO;ESTADOS UNIDOS;5001625;CINESYSTEM SHOPPING TOTAL SALA 02;58;6000027;2375;6658;CURITIBA;PR;REDECINE CWB CINEMATOGRÁFICA LTDA;05.747.411/0001-69
21/06/2016;21/06/2016 21:40:00;ALDO - MAIS FORTE QUE O MUNDO;;B1600785100000;DUBLADO;NÃO;BRASIL;5001628;CINESYSTEM SHOPPING TOTAL SALA 05;27;6000027;2375;6658;CURITIBA;PR;REDECINE CWB CINEMATOGRÁFICA LTDA;05.747.411/0001-69
21/06/2016;21/06/2016 21:40:00;ME BEFORE YOU;COMO EU ERA ANTES DE VOCÊ;E1500875700000;ORIGINAL;SIM;ESTADOS UNIDOS;5003085;CINESPAÇO FLORIANÓPOLIS 3;29;6000018;1014;19103;FLORIANÓPOLIS;SC;CIRCUITO ESPAÇO DE CINEMA S/A;03.695.435/0001-96
21/06/2016;21/06/2016 21:40:00;TEENAGE MUTANT NINJA TURTLES: OUT OF THE SHADOWS;AS TARTARUGAS NINJA: FORA DAS SOMBRAS;E1600265600000;DUBLADO;NÃO;ESTADOS UNIDOS;5004447;SALA MACEIO 02;17;6000027;22546;25512;MACEIÓ;AL;REDECINE BRA CINEMATOGRÁFICA S.A.;15.422.993/0001-67
21/06/2016;21/06/2016 21:40:00;THE CONJURING 2;INVOCAÇÃO DO MAL 2;E1600342300000;DUBLADO;NÃO;ESTADOS UNIDOS;5004486;ARAPIRACA BRA 04;58;6000027;22546;26037;ARAPIRACA;AL;REDECINE BRA CINEMATOGRÁFICA S.A.;15.422.993/0001-67
21/06/2016;21/06/2016 21:40:00;THE CONJURING 2;INVOCAÇÃO DO MAL 2;E1600342300000;DUBLADO;NÃO;ESTADOS UNIDOS;5003425;CINEMARK SHOPPING RAPOSO TAVARES 07;28;6000018;1843;20591;SÃO PAULO;SP;CINEMARK BRASIL S.A;00.779.721/0001-41
21/06/2016;21/06/2016 21:40:00;WARCRAFT;WARCFRAT – O PRIMEIRO ENCONTRO ENTRE DOIS MUNDOS;E1500739800000;ORIGINAL;SIM;ESTADOS UNIDOS;5004999;CINESYSTEM AMERICAS 03;27;6000027;5348;28834;RIO DE JANEIRO;RJ;REDECINE - RIO CINEMATOGRAFICA S.A.;07.524.011/0001-10
21/06/2016;21/06/2016 21:50:00;ME BEFORE YOU;COMO EU ERA ANTES DE VOCÊ;E1500875700000;DUBLADO;NÃO;ESTADOS UNIDOS;5001626;CINESYSTEM SHOPPING TOTAL SALA 03;79;6000027;2375;6658;CURITIBA;PR;REDECINE CWB CINEMATOGRÁFICA LTDA;05.747.411/0001-69
21/06/2016;21/06/2016 21:50:00;THE CONJURING 2;INVOCAÇÃO DO MAL 2;E1600342300000;ORIGINAL;SIM;ESTADOS UNIDOS;5004998;CINESYSTEM AMERICAS 02;30;6000027;5348;28834;RIO DE JANEIRO;RJ;REDECINE - RIO CINEMATOGRAFICA S.A.;07.524.011/0001-10
21/06/2016;21/06/2016 21:50:00;THE CONJURING 2;INVOCAÇÃO DO MAL 2;E1600342300000;DUBLADO;NÃO;ESTADOS UNIDOS;5005574;CINESYSTEM PAULISTA SALA 04;15;6000027;22546;33152;PAULISTA;PE;REDECINE BRA CINEMATOGRÁFICA S.A.;15.422.993/0001-67
21/06/2016;21/06/2016 21:50:00;THE CONJURING 2;INVOCAÇÃO DO MAL 2;E1600342300000;ORIGINAL;SIM;ESTADOS UNIDOS;5004446;SALA MACEIO 03;39;6000027;22546;25512;MACEIÓ;AL;REDECINE BRA CINEMATOGRÁFICA S.A.;15.422.993/0001-67
21/06/2016;21/06/2016 22:00:00;MAIS FORTE QUE O MUNDO - A HISTÓRIA DE JOSÉ ALDO;;B1600294500000;ORIGINAL;NÃO;BRASIL;5003419;CINEMARK SHOPPING RAPOSO TAVARES 01;16;6000018;1843;20591;SÃO PAULO;SP;CINEMARK BRASIL S.A;00.779.721/0001-41
21/06/2016;21/06/2016 22:00:00;NOW YOU SEE ME: THE SECOND ACT;TRUQUE DE MESTRE 2;E1500269900000;ORIGINAL;SIM;ESTADOS UNIDOS;5004442;SALA MACEIO 07;21;6000027;22546;25512;MACEIÓ;AL;REDECINE BRA CINEMATOGRÁFICA S.A.;15.422.993/0001-67
21/06/2016;21/06/2016 22:00:00;THE CONJURING 2;INVOCAÇÃO DO MAL 2;E1600342300000;DUBLADO;NÃO;ESTADOS UNIDOS;5001627;CINESYSTEM SHOPPING TOTAL SALA 04;23;6000027;2375;6658;CURITIBA;PR;REDECINE CWB CINEMATOGRÁFICA LTDA;05.747.411/0001-69
21/06/2016;21/06/2016 22:00:00;X-MEN: APOCALYPSE;X-MEN - APOCALIPSE;E1600181600000;ORIGINAL;SIM;ESTADOS UNIDOS;5004997;CINESYSTEM AMERICAS 01;7;6000027;5348;28834;RIO DE JANEIRO;RJ;REDECINE - RIO CINEMATOGRAFICA S.A.;07.524.011/0001-10
21/06/2016;21/06/2016 22:10:00;ME BEFORE YOU;COMO EU ERA ANTES DE VOCÊ;E1500875700000;DUBLADO;NÃO;ESTADOS UNIDOS;5003422;CINEMARK SHOPPING RAPOSO TAVARES 04;24;6000018;1843;20591;SÃO PAULO;SP;CINEMARK BRASIL S.A;00.779.721/0001-41
