DATA_EXIBICAO;SESSAO;TITULO_ORIGINAL;TITULO_BRASIL;CPB_ROE;AUDIO;LEGENDADA;PAIS_OBRA;REGISTRO_SALA;NOME_SALA;PUBLICO;REGISTRO_GRUPO_EXIBIDOR;REGISTRO_EXIBIDOR;REGISTRO_COMPLEXO;MUNICIPIO_SALA_COMPLEXO;UF_SALA_COMPLEXO;RAZAO_SOCIAL_EXIBIDORA;CNPJ_EXIBIDORA
22/06/2016;22/06/2016 12:50:00;NOW YOU SEE ME: THE SECOND ACT;TRUQUE DE MESTRE 2;E1500269900000;DUBLADO;NÃO;ESTADOS UNIDOS;5003419;CINEMARK SHOPPING RAPOSO TAVARES 01;3;6000018;1843;20591;SÃO PAULO;SP;CINEMARK BRASIL S.A;00.779.721/0001-41
22/06/2016;22/06/2016 13:00:00;ME BEFORE YOU;COMO EU ERA ANTES DE VOCÊ;E1500875700000;DUBLADO;NÃO;ESTADOS UNIDOS;5003425;CINEMARK SHOPPING RAPOSO TAVARES 07;11;6000018;1843;20591;SÃO PAULO;SP;CINEMARK BRASIL S.A;00.779.721/0001-41
22/06/2016;22/06/2016 13:10:00;TEENAGE MUTANT NINJA TURTLES: OUT OF THE SHADOWS;AS TARTARUGAS NINJA: FORA DAS SOMBRAS;E1600265600000;DUBLADO;NÃO;ESTADOS UNIDOS;5002603;CINEMAS BENFICA - SALA 1;40;;15690;15691;FORTALEZA;CE;CINEMAS BENFICA LTDA;07.509.597/0001-43
22/06/2016;22/06/2016 13:15:00;TEENAGE MUTANT NINJA TURTLES: OUT OF THE SHADOWS;AS TARTARUGAS NINJA: FORA DAS SOMBRAS;E1600265600000;DUBLADO;NÃO;ESTADOS UNIDOS;5005575;CINESYSTEM PAULISTA SALA 05;7;6000027;22546;33152;PAULISTA;PE;REDECINE BRA CINEMATOGRÁFICA S.A.;15.422.993/0001-67
22/06/2016;22/06/2016 13:20:00;NOW YOU SEE ME: THE SECOND ACT;TRUQUE DE MESTRE 2;E1500269900000;DUBLADO;NÃO;ESTADOS UNIDOS;5004488;ARAPIRACA BRA 06;2;6000027;22546;26037;ARAPIRACA;AL;REDECINE BRA CINEMATOGRÁFICA S.A.;15.422.993/0001-67
22/06/2016;22/06/2016 13:20:00;NOW YOU SEE ME: THE SECOND ACT;TRUQUE DE MESTRE 2;E1500269900000;ORIGINAL;SIM;ESTADOS UNIDOS;5002782;ILHA PLAZA 02;12;6000027;5348;16645;RIO DE JANEIRO;RJ;REDECINE - RIO CINEMATOGRAFICA S.A.;07.524.011/0001-10
22/06/2016;22/06/2016 13:20:00;TEENAGE MUTANT NINJA TURTLES: OUT OF THE SHADOWS;AS TARTARUGAS NINJA: FORA DAS SOMBRAS;E1600265600000;DUBLADO;NÃO;ESTADOS UNIDOS;5003423;CINEMARK SHOPPING RAPOSO TAVARES 05;10;6000018;1843;20591;SÃO PAULO;SP;CINEMARK BRASIL S.A;00.779.721/0001-41
22/06/2016;22/06/2016 13:20:00;TINI - EL GRAN CAMBIO DE VIOLETTA;TINI - DEPOIS DE VIOLETTA;E1600323700000;DUBLADO;NÃO;ARGENTINA;5004997;CINESYSTEM AMERICAS 01;0;6000027;5348;28834;RIO DE JANEIRO;RJ;REDECINE - RIO CINEMATOGRAFICA S.A.;07.524.011/0001-10
22/06/2016;22/06/2016 13:25:00;ALICE THROUGH THE LOOKING GLASS;ALICE ATRAVÉS DO ESPELHO;E1600259100000;DUBLADO;NÃO;ESTADOS UNIDOS;5004484;ARAPIRACA BRA 02;9;6000027;22546;26037;ARAPIRACA;AL;REDECINE BRA CINEMATOGRÁFICA S.A.;15.422.993/0001-67
22/06/2016;22/06/2016 13:25:00;ALICE THROUGH THE LOOKING GLASS;ALICE ATRAVÉS DO ESPELHO;E1600259100000;DUBLADO;NÃO;ESTADOS UNIDOS;5005001;CINESYSTEM AMERICAS 05;2;6000027;5348;28834;RIO DE JANEIRO;RJ;REDECINE - RIO CINEMATOGRAFICA S.A.;07.524.011/0001-10
22/06/2016;22/06/2016 13:25:00;THE CONJURING 2;INVOCAÇÃO DO MAL 2;E1600342300000;DUBLADO;NÃO;ESTADOS UNIDOS;5005574;CINESYSTEM PAULISTA SALA 04;9;6000027;22546;33152;PAULISTA;PE;REDECINE BRA CINEMATOGRÁFICA S.A.;15.422.993/0001-67
22/06/2016;22/06/2016 13:30:00;NOW YOU SEE ME 2;TRUQUE DE MESTRE: O 2º ATO;E1700176500000;ORIGINAL;SIM;CANADÁ;5005003;CINESYSTEM AMERICAS 07;12;6000027;5348;28834;RIO DE JANEIRO;RJ;REDECINE - RIO CINEMATOGRAFICA S.A.;07.524.011/0001-10
22/06/2016;22/06/2016 13:30:00;THE CONJURING 2;INVOCAÇÃO DO MAL 2;E1600342300000;DUBLADO;NÃO;ESTADOS UNIDOS;5004486;ARAPIRACA BRA 04;10;6000027;22546;26037;ARAPIRACA;AL;REDECINE BRA CINEMATOGRÁFICA S.A.;15.422.993/0001-67
22/06/2016;22/06/2016 13:35:00;THE CONJURING 2;INVOCAÇÃO DO MAL 2;E1600342300000;ORIGINAL;SIM;ESTADOS UNIDOS;5004998;CINESYSTEM AMERICAS 02;5;6000027;5348;28834;RIO DE JANEIRO;RJ;REDECINE - RIO CINEMATOGRAFICA S.A.;07.524.011/0001-10
22/06/2016;22/06/2016 13:40:00;TEENAGE MUTANT NINJA TURTLES: OUT OF THE SHADOWS;AS TARTARUGAS NINJA: FORA DAS SOMBRAS;E1600265600000;DUBLADO;NÃO;ESTADOS UNIDOS;5004483;ARAPIRACA BRA 01;4;6000027;22546;26037;ARAPIRACA;AL;REDECINE BRA CINEMATOGRÁFICA S.A.;15.422.993/0001-67
22/06/2016;22/06/2016 13:40:00;TEENAGE MUTANT NINJA TURTLES: OUT OF THE SHADOWS;AS TARTARUGAS NINJA: FORA DAS SOMBRAS;E1600265600000;ORIGINAL;SIM;ESTADOS UNIDOS;5005002;CINESYSTEM AMERICAS 06;3;6000027;5348;28834;RIO DE JANEIRO;RJ;REDECINE - RIO CINEMATOGRAFICA S.A.;07.524.011/0001-10
22/06/2016;22/06/2016 13:50:00;ALICE THROUGH THE LOOKING GLASS;ALICE ATRAVÉS DO ESPELHO;E1600259100000;DUBLADO;NÃO;ESTADOS UNIDOS;5002780;ILHA PLAZA 03;21;6000027;5348;16645;RIO DE JANEIRO;RJ;REDECINE - RIO CINEMATOGRAFICA S.A.;07.524.011/0001-10
22/06/2016;22/06/2016 13:50:00;ME BEFORE YOU;COMO EU ERA ANTES DE VOCÊ;E1500875700000;DUBLADO;NÃO;ESTADOS UNIDOS;5005576;CINESYSTEM PAULISTA SALA 06;23;6000027;22546;33152;PAULISTA;PE;REDECINE BRA CINEMATOGRÁFICA S.A.;15.422.993/0001-67
22/06/2016;22/06/2016 13:50:00;WARCRAFT;WARCFRAT – O PRIMEIRO ENCONTRO ENTRE DOIS MUNDOS;E1500739800000;DUBLADO;NÃO;ESTADOS UNIDOS;5001628;CINESYSTEM SHOPPING TOTAL SALA 05;13;6000027;2375;6658;CURITIBA;PR;REDECINE CWB CINEMATOGRÁFICA LTDA;05.747.411/0001-69
22/06/2016;22/06/2016 14:00:00;ME BEFORE YOU;COMO EU ERA ANTES DE VOCÊ;E1500875700000;ORIGINAL;SIM;ESTADOS UNIDOS;5005000;CINESYSTEM AMERICAS 04;36;6000027;5348;28834;RIO DE JANEIRO;RJ;REDECINE - RIO CINEMATOGRAFICA S.A.;07.524.011/0001-10
22/06/2016;22/06/2016 14:00:00;NOW YOU SEE ME: THE SECOND ACT;TRUQUE DE MESTRE 2;E1500269900000;DUBLADO;NÃO;ESTADOS UNIDOS;5003420;CINEMARK SHOPPING RAPOSO TAVARES 02;12;6000018;1843;20591;SÃO PAULO;SP;CINEMARK BRASIL S.A;00.779.721/0001-41
22/06/2016;22/06/2016 14:00:00;THE CONJURING 2;INVOCAÇÃO DO MAL 2;E1600342300000;DUBLADO;NÃO;ESTADOS UNIDOS;5001627;CINESYSTEM SHOPPING TOTAL SALA 04;7;6000027;2375;6658;CURITIBA;PR;REDECINE CWB CINEMATOGRÁFICA LTDA;05.747.411/0001-69
22/06/2016;22/06/2016 14:10:00;ALICE THROUGH THE LOOKING GLASS;ALICE ATRAVÉS DO ESPELHO;E1600259100000;DUBLADO;NÃO;ESTADOS UNIDOS;5001624;CINESYSTEM SHOPPING TOTAL SALA 01;23;6000027;2375;6658;CURITIBA;PR;REDECINE CWB CINEMATOGRÁFICA LTDA;05.747.411/0001-69
22/06/2016;22/06/2016 14:10:00;ME BEFORE YOU;COMO EU ERA ANTES DE VOCÊ;E1500875700000;DUBLADO;NÃO;ESTADOS UNIDOS;5004487;ARAPIRACA BRA 05;47;6000027;22546;26037;ARAPIRACA;AL;REDECINE BRA CINEMATOGRÁFICA S.A.;15.422.993/0001-67
22/06/2016;22/06/2016 14:10:00;ME BEFORE YOU;COMO EU ERA ANTES DE VOCÊ;E1500875700000;DUBLADO;NÃO;ESTADOS UNIDOS;5003422;CINEMARK SHOPPING RAPOSO TAVARES 04;31;6000018;1843;20591;SÃO PAULO;SP;CINEMARK BRASIL S.A;00.779.721/0001-41
22/06/2016;22/06/2016 14:10:00;TEENAGE MUTANT NINJA TURTLES: OUT OF THE SHADOWS;AS TARTARUGAS NINJA: FORA DAS SOMBRAS;E1600265600000;DUBLADO;NÃO;ESTADOS UNIDOS;5004999;CINESYSTEM AMERICAS 03;13;6000027;5348;28834;RIO DE JANEIRO;RJ;REDECINE - RIO CINEMATOGRAFICA S.A.;07.524.011/0001-10
22/06/2016;22/06/2016 14:20:00;TEENAGE MUTANT NINJA TURTLES: OUT OF THE SHADOWS;AS TARTARUGAS NINJA: FORA DAS SOMBRAS;E1600265600000;DUBLADO;NÃO;ESTADOS UNIDOS;5002063;AGUA VERDE 2;12;6000023;12893;12894;CURITIBA;PR;ESTILO PRODUÇÕES ARTISTICAS LTDA;03.293.165/0001-97
22/06/2016;22/06/2016 14:30:00;TEENAGE MUTANT NINJA TURTLES: OUT OF THE SHADOWS;AS TARTARUGAS NINJA: FORA DAS SOMBRAS;E1600265600000;DUBLADO;NÃO;ESTADOS UNIDOS;5001625;CINESYSTEM SHOPPING TOTAL SALA 02;16;6000027;2375;6658;CURITIBA;PR;REDECINE CWB CINEMATOGRÁFICA LTDA;05.747.411/0001-69
22/06/2016;22/06/2016 14:30:00;THE CONJURING 2;INVOCAÇÃO DO MAL 2;E1600342300000;DUBLADO;NÃO;ESTADOS UNIDOS;5003424;CINEMARK SHOPPING RAPOSO TAVARES 06;61;6000018;1843;20591;SÃO PAULO;SP;CINEMARK BRASIL S.A;00.779.721/0001-41
22/06/2016;22/06/2016 14:40:00;ME BEFORE YOU;COMO EU ERA ANTES DE VOCÊ;E1500875700000;DUBLADO;NÃO;ESTADOS UNIDOS;5003085;CINESPAÇO FLORIANÓPOLIS 3;48;6000018;1014;19103;FLORIANÓPOLIS;SC;CIRCUITO ESPAÇO DE CINEMA S/A;03.695.435/0001-96
22/06/2016;22/06/2016 14:45:00;ME BEFORE YOU;COMO EU ERA ANTES DE VOCÊ;E1500875700000;DUBLADO;NÃO;ESTADOS UNIDOS;5003911;SALA 6;37;6000002;3136;24148;SOROCABA;SP;MSA EMPRESA CINEMATOGRÁFICA LTDA;03.608.600/0001-25
22/06/2016;22/06/2016 14:50:00;ME BEFORE YOU;COMO EU ERA ANTES DE VOCÊ;E1500875700000;DUBLADO;NÃO;ESTADOS UNIDOS;5001626;CINESYSTEM SHOPPING TOTAL SALA 03;28;6000027;2375;6658;CURITIBA;PR;REDECINE CWB CINEMATOGRÁFICA LTDA;05.747.411/0001-69
22/06/2016;22/06/2016 15:20:00;TEENAGE MUTANT NINJA TURTLES: OUT OF THE SHADOWS;AS TARTARUGAS NINJA: FORA DAS SOMBRAS;E1600265600000;DUBLADO;NÃO;ESTADOS UNIDOS;5003421;CINEMARK SHOPPING RAPOSO TAVARES 03;24;6000018;1843;20591;SÃO PAULO;SP;CINEMARK BRASIL S.A;00.779.721/0001-41
22/06/2016;22/06/2016 15:25:00;TEENAGE MUTANT NINJA TURTLES: OUT OF THE SHADOWS;AS TARTARUGAS NINJA: FORA DAS SOMBRAS;E1600265600000;DUBLADO;NÃO;ESTADOS UNIDOS;5002603;CINEMAS BENFICA - SALA 1;37;;15690;15691;FORTALEZA;CE;CINEMAS BENFICA LTDA;07.509.597/0001-43
22/06/2016;22/06/2016 15:25:00;TINI - EL GRAN CAMBIO DE VIOLETTA;TINI - DEPOIS DE VIOLETTA;E1600323700000;DUBLADO;NÃO;ARGENTINA;5004997;CINESYSTEM AMERICAS 01;5;6000027;5348;28834;RIO DE JANEIRO;RJ;REDECINE - RIO CINEMATOGRAFICA S.A.;07.524.011/0001-10
22/06/2016;22/06/2016 15:30:00;THE CONJURING 2;INVOCAÇÃO DO MAL 2;E1600342300000;DUBLADO;NÃO;ESTADOS UNIDOS;5003425;CINEMARK SHOPPING RAPOSO TAVARES 07;31;6000018;1843;20591;SÃO PAULO;SP;CINEMARK BRASIL S.A;00.779.721/0001-41
22/06/2016;22/06/2016 15:40:00;THE CONJURING 2;INVOCAÇÃO DO MAL 2;E1600342300000;DUBLADO;NÃO;ESTADOS UNIDOS;5005575;CINESYSTEM PAULISTA SALA 05;52;6000027;22546;33152;PAULISTA;PE;REDECINE BRA CINEMATOGRÁFICA S.A.;15.422.993/0001-67
22/06/2016;22/06/2016 15:45:00;THE CONJURING 2;INVOCAÇÃO DO MAL 2;E1600342300000;DUBLADO;NÃO;ESTADOS UNIDOS;5004484;ARAPIRACA BRA 02;18;6000027;22546;26037;ARAPIRACA;AL;REDECINE BRA CINEMATOGRÁFICA S.A.;15.422.993/0001-67
22/06/2016;22/06/2016 15:50:00;NOW YOU SEE ME: THE SECOND ACT;TRUQUE DE MESTRE 2;E1500269900000;DUBLADO;NÃO;ESTADOS UNIDOS;5003419;CINEMARK SHOPPING RAPOSO TAVARES 01;19;6000018;1843;20591;SÃO PAULO;SP;CINEMARK BRASIL S.A;00.779.721/0001-41
22/06/2016;22/06/2016 15:50:00;THE CONJURING 2;INVOCAÇÃO DO MAL 2;E1600342300000;DUBLADO;NÃO;ESTADOS UNIDOS;5005001;CINESYSTEM AMERICAS 05;19;6000027;5348;28834;RIO DE JANEIRO;RJ;REDECINE - RIO CINEMATOGRAFICA S.A.;07.524.011/0001-10
22/06/2016;22/06/2016 16:00:00;ME BEFORE YOU;COMO EU ERA ANTES DE VOCÊ;E1500875700000;ORIGINAL;SIM;ESTADOS UNIDOS;5002782;ILHA PLAZA 02;42;6000027;5348;16645;RIO DE JANEIRO;RJ;REDECINE - RIO CINEMATOGRAFICA S.A.;07.524.011/0001-10
22/06/2016;22/06/2016 16:00:00;NOW YOU SEE ME: THE SECOND ACT;TRUQUE DE MESTRE 2;E1500269900000;DUBLADO;NÃO;ESTADOS UNIDOS;5004488;ARAPIRACA BRA 06;13;6000027;22546;26037;ARAPIRACA;AL;REDECINE BRA CINEMATOGRÁFICA S.A.;15.422.993/0001-67
22/06/2016;22/06/2016 16:00:00;TEENAGE MUTANT NINJA TURTLES: OUT OF THE SHADOWS;AS TARTARUGAS NINJA: FORA DAS SOMBRAS;E1600265600000;DUBLADO;NÃO;ESTADOS UNIDOS;5003423;CINEMARK SHOPPING RAPOSO TAVARES 05;12;6000018;1843;20591;SÃO PAULO;SP;CINEMARK BRASIL S.A;00.779.721/0001-41
22/06/2016;22/06/2016 16:00:00;TEENAGE MUTANT NINJA TURTLES: OUT OF THE SHADOWS;AS TARTARUGAS NINJA: FORA DAS SOMBRAS;E1600265600000;DUBLADO;NÃO;ESTADOS UNIDOS;5005002;CINESYSTEM AMERICAS 06;2;6000027;5348;28834;RIO DE JANEIRO;RJ;REDECINE - RIO CINEMATOGRAFICA S.A.;07.524.011/0001-10
22/06/2016;22/06/2016 16:10:00;ME BEFORE YOU;COMO EU ERA ANTES DE VOCÊ;E1500875700000;DUBLADO;NÃO;ESTADOS UNIDOS;5002780;ILHA PLAZA 03;49;6000027;5348;16645;RIO DE JANEIRO;RJ;REDECINE - RIO CINEMATOGRAFICA S.A.;07.524.011/0001-10
22/06/2016;22/06/2016 16:10:00;NOW YOU SEE ME 2;TRUQUE DE MESTRE: O 2º ATO;E1700176500000;ORIGINAL;SIM;CANADÁ;5005003;CINESYSTEM AMERICAS 07;16;6000027;5348;28834;RIO DE JANEIRO;RJ;REDECINE - RIO CINEMATOGRAFICA S.A.;07.524.011/0001-10
22/06/2016;22/06/2016 16:10:00;TEENAGE MUTANT NINJA TURTLES: OUT OF THE SHADOWS;AS TARTARUGAS NINJA: FORA DAS SOMBRAS;E1600265600000;DUBLADO;NÃO;ESTADOS UNIDOS;5004483;ARAPIRACA BRA 01;28;6000027;22546;26037;ARAPIRACA;AL;REDECINE BRA CINEMATOGRÁFICA S.A.;15.422.993/0001-67
22/06/2016;22/06/2016 16:10:00;THE CONJURING 2;INVOCAÇÃO DO MAL 2;E1600342300000;DUBLADO;NÃO;ESTADOS UNIDOS;5005574;CINESYSTEM PAULISTA SALA 04;53;6000027;22546;33152;PAULISTA;PE;REDECINE BRA CINEMATOGRÁFICA S.A.;15.422.993/0001-67
22/06/2016;22/06/2016 16:20:00;ALICE THROUGH THE LOOKING GLASS;ALICE ATRAVÉS DO ESPELHO;E1600259100000;DUBLADO;NÃO;ESTADOS UNIDOS;5002062;AGUA VERDE 1;17;6000023;12893;12894;CURITIBA;PR;ESTILO PRODUÇÕES ARTISTICAS LTDA;03.293.165/0001-97
22/06/2016;22/06/2016 16:20:00;ME BEFORE YOU;COMO EU ERA ANTES DE VOCÊ;E1500875700000;DUBLADO;NÃO;ESTADOS UNIDOS;5005576;CINESYSTEM PAULISTA SALA 06;36;6000027;22546;33152;PAULISTA;PE;REDECINE BRA CINEMATOGRÁFICA S.A.;15.422.993/0001-67
22/06/2016;22/06/2016 16:20:00;NOW YOU SEE ME: THE SECOND ACT;TRUQUE DE MESTRE 2;E1500269900000;DUBLADO;NÃO;ESTADOS UNIDOS;5001628;CINESYSTEM SHOPPING TOTAL SALA 05;10;6000027;2375;6658;CURITIBA;PR;REDECINE CWB CINEMATOGRÁFICA LTDA;05.747.411/0001-69
22/06/2016;22/06/2016 16:20:00;THE CONJURING 2;INVOCAÇÃO DO MAL 2;E1600342300000;DUBLADO;NÃO;ESTADOS UNIDOS;5004486;ARAPIRACA BRA 04;21;6000027;22546;26037;ARAPIRACA;AL;REDECINE BRA CINEMATOGRÁFICA S.A.;15.422.993/0001-67
22/06/2016;22/06/2016 16:20:00;THE CONJURING 2;INVOCAÇÃO DO MAL 2;E1600342300000;ORIGINAL;SIM;ESTADOS UNIDOS;5004998;CINESYSTEM AMERICAS 02;4;6000027;5348;28834;RIO DE JANEIRO;RJ;REDECINE - RIO CINEMATOGRAFICA S.A.;07.524.011/0001-10
22/06/2016;22/06/2016 16:30:00;ME BEFORE YOU;COMO EU ERA ANTES DE VOCÊ;E1500875700000;DUBLADO;NÃO;ESTADOS UNIDOS;5004487;ARAPIRACA BRA 05;29;6000027;22546;26037;ARAPIRACA;AL;REDECINE BRA CINEMATOGRÁFICA S.A.;15.422.993/0001-67
22/06/2016;22/06/2016 16:30:00;ME BEFORE YOU;COMO EU ERA ANTES DE VOCÊ;E1500875700000;DUBLADO;NÃO;ESTADOS UNIDOS;5001624;CINESYSTEM SHOPPING TOTAL SALA 01;11;6000027;2375;6658;CURITIBA;PR;REDECINE CWB CINEMATOGRÁFICA LTDA;05.747.411/0001-69
22/06/2016;22/06/2016 16:30:00;TEENAGE MUTANT NINJA TURTLES: OUT OF THE SHADOWS;AS TARTARUGAS NINJA: FORA DAS SOMBRAS;E1600265600000;DUBLADO;NÃO;ESTADOS UNIDOS;5002063;AGUA VERDE 2;5;6000023;12893;12894;CURITIBA;PR;ESTILO PRODUÇÕES ARTISTICAS LTDA;03.293.165/0001-97
22/06/2016;22/06/2016 16:40:00;ME BEFORE YOU;COMO EU ERA ANTES DE VOCÊ;E1500875700000;ORIGINAL;SIM;ESTADOS UNIDOS;5005000;CINESYSTEM AMERICAS 04;32;6000027;5348;28834;RIO DE JANEIRO;RJ;REDECINE - RIO CINEMATOGRAFICA S.A.;07.524.011/0001-10
22/06/2016;22/06/2016 16:40:00;THE CONJURING 2;INVOCAÇÃO DO MAL 2;E1600342300000;DUBLADO;NÃO;ESTADOS UNIDOS;5001627;CINESYSTEM SHOPPING TOTAL SALA 04;17;6000027;2375;6658;CURITIBA;PR;REDECINE CWB CINEMATOGRÁFICA LTDA;05.747.411/0001-69
22/06/2016;22/06/2016 16:50:00;ME BEFORE YOU;COMO EU ERA ANTES DE VOCÊ;E1500875700000;DUBLADO;NÃO;ESTADOS UNIDOS;5003422;CINEMARK SHOPPING RAPOSO TAVARES 04;65;6000018;1843;20591;SÃO PAULO;SP;CINEMARK BRASIL S.A;00.779.721/0001-41
22/06/2016;22/06/2016 16:50:00;TEENAGE MUTANT NINJA TURTLES: OUT OF THE SHADOWS;AS TARTARUGAS NINJA: FORA DAS SOMBRAS;E1600265600000;DUBLADO;NÃO;ESTADOS UNIDOS;5001625;CINESYSTEM SHOPPING TOTAL SALA 02;22;6000027;2375;6658;CURITIBA;PR;REDECINE CWB CINEMATOGRÁFICA LTDA;05.747.411/0001-69
22/06/2016;22/06/2016 17:00:00;ME BEFORE YOU;COMO EU ERA ANTES DE VOCÊ;E1500875700000;ORIGINAL;SIM;ESTADOS UNIDOS;5003085;CINESPAÇO FLORIANÓPOLIS 3;64;6000018;1014;19103;FLORIANÓPOLIS;SC;CIRCUITO ESPAÇO DE CINEMA S/A;03.695.435/0001-96
22/06/2016;22/06/2016 17:00:00;ME BEFORE YOU;COMO EU ERA ANTES DE VOCÊ;E1500875700000;ORIGINAL;SIM;ESTADOS UNIDOS;5004999;CINESYSTEM AMERICAS 03;12;6000027;5348;28834;RIO DE JANEIRO;RJ;REDECINE - RIO CINEMATOGRAFICA S.A.;07.524.011/0001-10
22/06/2016;22/06/2016 17:00:00;ME BEFORE YOU;COMO EU ERA ANTES DE VOCÊ;E1500875700000;DUBLADO;NÃO;ESTADOS UNIDOS;5003911;SALA 6;30;6000002;3136;24148;SOROCABA;SP;MSA EMPRESA CINEMATOGRÁFICA LTDA;03.608.600/0001-25
22/06/2016;22/06/2016 17:00:00;NOW YOU SEE ME: THE SECOND ACT;TRUQUE DE MESTRE 2;E1500269900000;DUBLADO;NÃO;ESTADOS UNIDOS;5003420;CINEMARK SHOPPING RAPOSO TAVARES 02;19;6000018;1843;20591;SÃO PAULO;SP;CINEMARK BRASIL S.A;00.779.721/0001-41
22/06/2016;22/06/2016 17:10:00;ME BEFORE YOU;COMO EU ERA ANTES DE VOCÊ;E1500875700000;DUBLADO;NÃO;ESTADOS UNIDOS;5001626;CINESYSTEM SHOPPING TOTAL SALA 03;23;6000027;2375;6658;CURITIBA;PR;REDECINE CWB CINEMATOGRÁFICA LTDA;05.747.411/0001-69
22/06/2016;22/06/2016 17:30:00;THE CONJURING 2;INVOCAÇÃO DO MAL 2;E1600342300000;DUBLADO;NÃO;ESTADOS UNIDOS;5003424;CINEMARK SHOPPING RAPOSO TAVARES 06;20;6000018;1843;20591;SÃO PAULO;SP;CINEMARK BRASIL S.A;00.779.721/0001-41
22/06/2016;22/06/2016 17:30:00;TINI - EL GRAN CAMBIO DE VIOLETTA;TINI - DEPOIS DE VIOLETTA;E1600323700000;DUBLADO;NÃO;ARGENTINA;5004997;CINESYSTEM AMERICAS 01;5;6000027;5348;28834;RIO DE JANEIRO;RJ;REDECINE - RIO CINEMATOGRAFICA S.A.;07.524.011/0001-10
22/06/2016;22/06/2016 17:40:00;TEENAGE MUTANT NINJA TURTLES: OUT OF THE SHADOWS;AS TARTARUGAS NINJA: FORA DAS SOMBRAS;E1600265600000;DUBLADO;NÃO;ESTADOS UNIDOS;5002603;CINEMAS BENFICA - SALA 1;68;;15690;15691;FORTALEZA;CE;CINEMAS BENFICA LTDA;07.509.597/0001-43
22/06/2016;22/06/2016 18:00:00;TEENAGE MUTANT NINJA TURTLES: OUT OF THE SHADOWS;AS TARTARUGAS NINJA: FORA DAS SOMBRAS;E1600265600000;DUBLADO;NÃO;ESTADOS UNIDOS;5003421;CINEMARK SHOPPING RAPOSO TAVARES 03;19;6000018;1843;20591;SÃO PAULO;SP;CINEMARK BRASIL S.A;00.779.721/0001-41
22/06/2016;22/06/2016 18:20:00;TEENAGE MUTANT NINJA TURTLES: OUT OF THE SHADOWS;AS TARTARUGAS NINJA: FORA DAS SOMBRAS;E1600265600000;ORIGINAL;SIM;ESTADOS UNIDOS;5005002;CINESYSTEM AMERICAS 06;6;6000027;5348;28834;RIO DE JANEIRO;RJ;REDECINE - RIO CINEMATOGRAFICA S.A.;07.524.011/0001-10
22/06/2016;22/06/2016 18:25:00;ME BEFORE YOU;COMO EU ERA ANTES DE VOCÊ;E1500875700000;DUBLADO;NÃO;ESTADOS UNIDOS;5005575;CINESYSTEM PAULISTA SALA 05;28;6000027;22546;33152;PAULISTA;PE;REDECINE BRA CINEMATOGRÁFICA S.A.;15.422.993/0001-67
22/06/2016;22/06/2016 18:25:00;X-MEN: APOCALYPSE;X-MEN - APOCALIPSE;E1600181600000;DUBLADO;NÃO;ESTADOS UNIDOS;5004484;ARAPIRACA BRA 02;34;6000027;22546;26037;ARAPIRACA;AL;REDECINE BRA CINEMATOGRÁFICA S.A.;15.422.993/0001-67
22/06/2016;22/06/2016 18:30:00;ME BEFORE YOU;COMO EU ERA ANTES DE VOCÊ;E1500875700000;ORIGINAL;SIM;ESTADOS UNIDOS;5002780;ILHA PLAZA 03;60;6000027;5348;16645;RIO DE JANEIRO;RJ;REDECINE - RIO CINEMATOGRAFICA S.A.;07.524.011/0001-10
22/06/2016;22/06/2016 18:30:00;THE CONJURING 2;INVOCAÇÃO DO MAL 2;E1600342300000;DUBLADO;NÃO;ESTADOS UNIDOS;5002062;AGUA VERDE 1;11;6000023;12893;12894;CURITIBA;PR;ESTILO PRODUÇÕES ARTISTICAS LTDA;03.293.165/0001-97
22/06/2016;22/06/2016 18:30:00;THE CONJURING 2;INVOCAÇÃO DO MAL 2;E1600342300000;DUBLADO;NÃO;ESTADOS UNIDOS;5003425;CINEMARK SHOPPING RAPOSO TAVARES 07;37;6000018;1843;20591;SÃO PAULO;SP;CINEMARK BRASIL S.A;00.779.721/0001-41
22/06/2016;22/06/2016 18:35:00;TEENAGE MUTANT NINJA TURTLES: OUT OF THE SHADOWS;AS TARTARUGAS NINJA: FORA DAS SOMBRAS;E1600265600000;DUBLADO;NÃO;ESTADOS UNIDOS;5004483;ARAPIRACA BRA 01;40;6000027;22546;26037;ARAPIRACA;AL;REDECINE BRA CINEMATOGRÁFICA S.A.;15.422.993/0001-67
22/06/2016;22/06/2016 18:40:00;MAIS FORTE QUE O MUNDO - A HISTÓRIA DE JOSÉ ALDO;;B1600294500000;DUBLADO;NÃO;BRASIL;5005001;CINESYSTEM AMERICAS 05;33;6000027;5348;28834;RIO DE JANEIRO;RJ;REDECINE - RIO CINEMATOGRAFICA S.A.;07.524.011/0001-10
22/06/2016;22/06/2016 18:40:00;NOW YOU SEE ME: THE SECOND ACT;TRUQUE DE MESTRE 2;E1500269900000;DUBLADO;NÃO;ESTADOS UNIDOS;5004488;ARAPIRACA BRA 06;14;6000027;22546;26037;ARAPIRACA;AL;REDECINE BRA CINEMATOGRÁFICA S.A.;15.422.993/0001-67
22/06/2016;22/06/2016 18:40:00;NOW YOU SEE ME: THE SECOND ACT;TRUQUE DE MESTRE 2;E1500269900000;ORIGINAL;SIM;ESTADOS UNIDOS;5002782;ILHA PLAZA 02;41;6000027;5348;16645;RIO DE JANEIRO;RJ;REDECINE - RIO CINEMATOGRAFICA S.A.;07.524.011/0001-10
22/06/2016;22/06/2016 18:40:00;TEENAGE MUTANT NINJA TURTLES: OUT OF THE SHADOWS;AS TARTARUGAS NINJA: FORA DAS SOMBRAS;E1600265600000;DUBLADO;NÃO;ESTADOS UNIDOS;5002063;AGUA VERDE 2;16;6000023;12893;12894;CURITIBA;PR;ESTILO PRODUÇÕES ARTISTICAS LTDA;03.293.165/0001-97
22/06/2016;22/06/2016 18:45:00;TEENAGE MUTANT NINJA TURTLES: OUT OF THE SHADOWS;AS TARTARUGAS NINJA: FORA DAS SOMBRAS;E1600265600000;DUBLADO;NÃO;ESTADOS UNIDOS;5003423;CINEMARK SHOPPING RAPOSO TAVARES 05;30;6000018;1843;20591;SÃO PAULO;SP;CINEMARK BRASIL S.A;00.779.721/0001-41
22/06/2016;22/06/2016 18:50:00;ALICE THROUGH THE LOOKING GLASS;ALICE ATRAVÉS DO ESPELHO;E1600259100000;DUBLADO;NÃO;ESTADOS UNIDOS;5001624;CINESYSTEM SHOPPING TOTAL SALA 01;57;6000027;2375;6658;CURITIBA;PR;REDECINE CWB CINEMATOGRÁFICA LTDA;05.747.411/0001-69
22/06/2016;22/06/2016 18:50:00;ME BEFORE YOU;COMO EU ERA ANTES DE VOCÊ;E1500875700000;DUBLADO;NÃO;ESTADOS UNIDOS;5004487;ARAPIRACA BRA 05;29;6000027;22546;26037;ARAPIRACA;AL;REDECINE BRA CINEMATOGRÁFICA S.A.;15.422.993/0001-67
22/06/2016;22/06/2016 18:50:00;ME BEFORE YOU;COMO EU ERA ANTES DE VOCÊ;E1500875700000;DUBLADO;NÃO;ESTADOS UNIDOS;5005576;CINESYSTEM PAULISTA SALA 06;25;6000027;22546;33152;PAULISTA;PE;REDECINE BRA CINEMATOGRÁFICA S.A.;15.422.993/0001-67
22/06/2016;22/06/2016 18:50:00;NOW YOU SEE ME 2;TRUQUE DE MESTRE: O 2º ATO;E1700176500000;ORIGINAL;SIM;CANADÁ;5005003;CINESYSTEM AMERICAS 07;24;6000027;5348;28834;RIO DE JANEIRO;RJ;REDECINE - RIO CINEMATOGRAFICA S.A.;07.524.011/0001-10
22/06/2016;22/06/2016 19:00:00;ME BEFORE YOU;COMO EU ERA ANTES DE VOCÊ;E1500875700000;ORIGINAL;SIM;ESTADOS UNIDOS;5005000;CINESYSTEM AMERICAS 04;18;6000027;5348;28834;RIO DE JANEIRO;RJ;REDECINE - RIO CINEMATOGRAFICA S.A.;07.524.011/0001-10
22/06/2016;22/06/2016 19:00:00;ME BEFORE YOU;COMO EU ERA ANTES DE VOCÊ;E1500875700000;DUBLADO;NÃO;ESTADOS UNIDOS;5001628;CINESYSTEM SHOPPING TOTAL SALA 05;51;6000027;2375;6658;CURITIBA;PR;REDECINE CWB CINEMATOGRÁFICA LTDA;05.747.411/0001-69
22/06/2016;22/06/2016 19:00:00;THE CONJURING 2;INVOCAÇÃO DO MAL 2;E1600342300000;DUBLADO;NÃO;ESTADOS UNIDOS;5004486;ARAPIRACA BRA 04;64;6000027;22546;26037;ARAPIRACA;AL;REDECINE BRA CINEMATOGRÁFICA S.A.;15.422.993/0001-67
22/06/2016;22/06/2016 19:01:00;ME BEFORE YOU;COMO EU ERA ANTES DE VOCÊ;E1500875700000;DUBLADO;NÃO;ESTADOS UNIDOS;5003419;CINEMARK SHOPPING RAPOSO TAVARES 01;67;6000018;1843;20591;SÃO PAULO;SP;CINEMARK BRASIL S.A;00.779.721/0001-41
22/06/2016;22/06/2016 19:05:00;THE CONJURING 2;INVOCAÇÃO DO MAL 2;E1600342300000;ORIGINAL;SIM;ESTADOS UNIDOS;5004998;CINESYSTEM AMERICAS 02;32;6000027;5348;28834;RIO DE JANEIRO;RJ;REDECINE - RIO CINEMATOGRAFICA S.A.;07.524.011/0001-10
22/06/2016;22/06/2016 19:10:00;TEENAGE MUTANT NINJA TURTLES: OUT OF THE SHADOWS;AS TARTARUGAS NINJA: FORA DAS SOMBRAS;E1600265600000;DUBLADO;NÃO;ESTADOS UNIDOS;5001625;CINESYSTEM SHOPPING TOTAL SALA 02;40;6000027;2375;6658;CURITIBA;PR;REDECINE CWB CINEMATOGRÁFICA LTDA;05.747.411/0001-69
22/06/2016;22/06/2016 19:10:00;THE CONJURING 2;INVOCAÇÃO DO MAL 2;E1600342300000;DUBLADO;NÃO;ESTADOS UNIDOS;5005574;CINESYSTEM PAULISTA SALA 04;50;6000027;22546;33152;PAULISTA;PE;REDECINE BRA CINEMATOGRÁFICA S.A.;15.422.993/0001-67
22/06/2016;22/06/2016 19:15:00;ME BEFORE YOU;COMO EU ERA ANTES DE VOCÊ;E1500875700000;DUBLADO;NÃO;ESTADOS UNIDOS;5003911;SALA 6;148;6000002;3136;24148;SOROCABA;SP;MSA EMPRESA CINEMATOGRÁFICA LTDA;03.608.600/0001-25
22/06/2016;22/06/2016 19:20:00;ME BEFORE YOU;COMO EU ERA ANTES DE VOCÊ;E1500875700000;ORIGINAL;SIM;ESTADOS UNIDOS;5003085;CINESPAÇO FLORIANÓPOLIS 3;155;6000018;1014;19103;FLORIANÓPOLIS;SC;CIRCUITO ESPAÇO DE CINEMA S/A;03.695.435/0001-96
22/06/2016;22/06/2016 19:20:00;ME BEFORE YOU;COMO EU ERA ANTES DE VOCÊ;E1500875700000;ORIGINAL;SIM;ESTADOS UNIDOS;5004999;CINESYSTEM AMERICAS 03;46;6000027;5348;28834;RIO DE JANEIRO;RJ;REDECINE - RIO CINEMATOGRAFICA S.A.;07.524.011/0001-10
22/06/2016;22/06/2016 19:20:00;THE CONJURING 2;INVOCAÇÃO DO MAL 2;E1600342300000;DUBLADO;NÃO;ESTADOS UNIDOS;5001627;CINESYSTEM SHOPPING TOTAL SALA 04;38;6000027;2375;6658;CURITIBA;PR;REDECINE CWB CINEMATOGRÁFICA LTDA;05.747.411/0001-69
22/06/2016;22/06/2016 19:30:00;ME BEFORE YOU;COMO EU ERA ANTES DE VOCÊ;E1500875700000;DUBLADO;NÃO;ESTADOS UNIDOS;5003422;CINEMARK SHOPPING RAPOSO TAVARES 04;163;6000018;1843;20591;SÃO PAULO;SP;CINEMARK BRASIL S.A;00.779.721/0001-41
22/06/2016;22/06/2016 19:30:00;ME BEFORE YOU;COMO EU ERA ANTES DE VOCÊ;E1500875700000;DUBLADO;NÃO;ESTADOS UNIDOS;5001626;CINESYSTEM SHOPPING TOTAL SALA 03;104;6000027;2375;6658;CURITIBA;PR;REDECINE CWB CINEMATOGRÁFICA LTDA;05.747.411/0001-69
22/06/2016;22/06/2016 19:40:00;ALICE THROUGH THE LOOKING GLASS;ALICE ATRAVÉS DO ESPELHO;E1600259100000;DUBLADO;NÃO;ESTADOS UNIDOS;5004997;CINESYSTEM AMERICAS 01;27;6000027;5348;28834;RIO DE JANEIRO;RJ;REDECINE - RIO CINEMATOGRAFICA S.A.;07.524.011/0001-10
22/06/2016;22/06/2016 19:55:00;TEENAGE MUTANT NINJA TURTLES: OUT OF THE SHADOWS;AS TARTARUGAS NINJA: FORA DAS SOMBRAS;E1600265600000;DUBLADO;NÃO;ESTADOS UNIDOS;5002603;CINEMAS BENFICA - SALA 1;95;;15690;15691;FORTALEZA;CE;CINEMAS BENFICA LTDA;07.509.597/0001-43
22/06/2016;22/06/2016 20:10:00;NOW YOU SEE ME: THE SECOND ACT;TRUQUE DE MESTRE 2;E1500269900000;DUBLADO;NÃO;ESTADOS UNIDOS;5003420;CINEMARK SHOPPING RAPOSO TAVARES 02;100;6000018;1843;20591;SÃO PAULO;SP;CINEMARK BRASIL S.A;00.779.721/0001-41
22/06/2016;22/06/2016 20:30:00;THE CONJURING 2;INVOCAÇÃO DO MAL 2;E1600342300000;DUBLADO;NÃO;ESTADOS UNIDOS;5003424;CINEMARK SHOPPING RAPOSO TAVARES 06;141;6000018;1843;20591;SÃO PAULO;SP;CINEMARK BRASIL S.A;00.779.721/0001-41
22/06/2016;22/06/2016 20:40:00;TEENAGE MUTANT NINJA TURTLES: OUT OF THE SHADOWS;AS TARTARUGAS NINJA: FORA DAS SOMBRAS;E1600265600000;DUBLADO;NÃO;ESTADOS UNIDOS;5003421;CINEMARK SHOPPING RAPOSO TAVARES 03;63;6000018;1843;20591;SÃO PAULO;SP;CINEMARK BRASIL S.A;00.779.721/0001-41
22/06/2016;22/06/2016 20:50:00;ME BEFORE YOU;COMO EU ERA ANTES DE VOCÊ;E1500875700000;ORIGINAL;SIM;ESTADOS UNIDOS;5002780;ILHA PLAZA 03;81;6000027;5348;16645;RIO DE JANEIRO;RJ;REDECINE - RIO CINEMATOGRAFICA S.A.;07.524.011/0001-10
22/06/2016;22/06/2016 20:50:00;TEENAGE MUTANT NINJA TURTLES: OUT OF THE SHADOWS;AS TARTARUGAS NINJA: FORA DAS SOMBRAS;E1600265600000;DUBLADO;NÃO;ESTADOS UNIDOS;5002063;AGUA VERDE 2;16;6000023;12893;12894;CURITIBA;PR;ESTILO PRODUÇÕES ARTISTICAS LTDA;03.293.165/0001-97
22/06/2016;22/06/2016 20:50:00;THE CONJURING 2;INVOCAÇÃO DO MAL 2;E1600342300000;DUBLADO;NÃO;ESTADOS UNIDOS;5005575;CINESYSTEM PAULISTA SALA 05;22;6000027;22546;33152;PAULISTA;PE;REDECINE BRA CINEMATOGRÁFICA S.A.;15.422.993/0001-67
22/06/2016;22/06/2016 21:00:00;TEENAGE MUTANT NINJA TURTLES: OUT OF THE SHADOWS;AS TARTARUGAS NINJA: FORA DAS SOMBRAS;E1600265600000;DUBLADO;NÃO;ESTADOS UNIDOS;5004483;ARAPIRACA BRA 01;45;6000027;22546;26037;ARAPIRACA;AL;REDECINE BRA CINEMATOGRÁFICA S.A.;15.422.993/0001-67
22/06/2016;22/06/2016 21:00:00;TEENAGE MUTANT NINJA TURTLES: OUT OF THE SHADOWS;AS TARTARUGAS NINJA: FORA DAS SOMBRAS;E1600265600000;ORIGINAL;SIM;ESTADOS UNIDOS;5005002;CINESYSTEM AMERICAS 06;9;6000027;5348;28834;RIO DE JANEIRO;RJ;REDECINE - RIO CINEMATOGRAFICA S.A.;07.524.011/0001-10
22/06/2016;22/06/2016 21:00:00;THE CONJURING 2;INVOCAÇÃO DO MAL 2;E1600342300000;DUBLADO;NÃO;ESTADOS UNIDOS;5002062;AGUA VERDE 1;20;6000023;12893;12894;CURITIBA;PR;ESTILO PRODUÇÕES ARTISTICAS LTDA;03.293.165/0001-97
22/06/2016;22/06/2016 21:10:00;ME BEFORE YOU;COMO EU ERA ANTES DE VOCÊ;E1500875700000;DUBLADO;NÃO;ESTADOS UNIDOS;5004487;ARAPIRACA BRA 05;45;6000027;22546;26037;ARAPIRACA;AL;REDECINE BRA CINEMATOGRÁFICA S.A.;15.422.993/0001-67
22/06/2016;22/06/2016 21:10:00;ME BEFORE YOU;COMO EU ERA ANTES DE VOCÊ;E1500875700000;DUBLADO;NÃO;ESTADOS UNIDOS;5005576;CINESYSTEM PAULISTA SALA 06;33;6000027;22546;33152;PAULISTA;PE;REDECINE BRA CINEMATOGRÁFICA S.A.;15.422.993/0001-67
22/06/2016;22/06/2016 21:10:00;THE CONJURING 2;INVOCAÇÃO DO MAL 2;E1600342300000;DUBLADO;NÃO;ESTADOS UNIDOS;5001624;CINESYSTEM SHOPPING TOTAL SALA 01;35;6000027;2375;6658;CURITIBA;PR;REDECINE CWB CINEMATOGRÁFICA LTDA;05.747.411/0001-69
22/06/2016;22/06/2016 21:15:00;THE CONJURING 2;INVOCAÇÃO DO MAL 2;E1600342300000;DUBLADO;NÃO;ESTADOS UNIDOS;5005001;CINESYSTEM AMERICAS 05;16;6000027;5348;28834;RIO DE JANEIRO;RJ;REDECINE - RIO CINEMATOGRAFICA S.A.;07.524.011/0001-10
22/06/2016;22/06/2016 21:20:00;ME BEFORE YOU;COMO EU ERA ANTES DE VOCÊ;E1500875700000;ORIGINAL;SIM;ESTADOS UNIDOS;5005000;CINESYSTEM AMERICAS 04;20;6000027;5348;28834;RIO DE JANEIRO;RJ;REDECINE - RIO CINEMATOGRAFICA S.A.;07.524.011/0001-10
22/06/2016;22/06/2016 21:20:00;NOW YOU SEE ME: THE SECOND ACT;TRUQUE DE MESTRE 2;E1500269900000;DUBLADO;NÃO;ESTADOS UNIDOS;5004488;ARAPIRACA BRA 06;11;6000027;22546;26037;ARAPIRACA;AL;REDECINE BRA CINEMATOGRÁFICA S.A.;15.422.993/0001-67
22/06/2016;22/06/2016 21:20:00;NOW YOU SEE ME: THE SECOND ACT;TRUQUE DE MESTRE 2;E1500269900000;ORIGINAL;SIM;ESTADOS UNIDOS;5002782;ILHA PLAZA 02;27;6000027;5348;16645;RIO DE JANEIRO;RJ;REDECINE - RIO CINEMATOGRAFICA S.A.;07.524.011/0001-10
22/06/2016;22/06/2016 21:20:00;TEENAGE MUTANT NINJA TURTLES: OUT OF THE SHADOWS;AS TARTARUGAS NINJA: FORA DAS SOMBRAS;E1600265600000;DUBLADO;NÃO;ESTADOS UNIDOS;5003423;CINEMARK SHOPPING RAPOSO TAVARES 05;30;6000018;1843;20591;SÃO PAULO;SP;CINEMARK BRASIL S.A;00.779.721/0001-41
22/06/2016;22/06/2016 21:30:00;MAIS FORTE QUE O MUNDO - A HISTÓRIA DE JOSÉ ALDO;;B1600294500000;DUBLADO;NÃO;BRASIL;5004484;ARAPIRACA BRA 02;45;6000027;22546;26037;ARAPIRACA;AL;REDECINE BRA CINEMATOGRÁFICA S.A.;15.422.993/0001-67
22/06/2016;22/06/2016 21:30:00;ME BEFORE YOU;COMO EU ERA ANTES DE VOCÊ;E1500875700000;DUBLADO;NÃO;ESTADOS UNIDOS;5003911;SALA 6;151;6000002;3136;24148;SOROCABA;SP;MSA EMPRESA CINEMATOGRÁFICA LTDA;03.608.600/0001-25
22/06/2016;22/06/2016 21:30:00;NOW YOU SEE ME 2;TRUQUE DE MESTRE: O 2º ATO;E1700176500000;ORIGINAL;SIM;CANADÁ;5005003;CINESYSTEM AMERICAS 07;15;6000027;5348;28834;RIO DE JANEIRO;RJ;REDECINE - RIO CINEMATOGRAFICA S.A.;07.524.011/0001-10
22/06/2016;22/06/2016 21:30:00;TEENAGE MUTANT NINJA TURTLES: OUT OF THE SHADOWS;AS TARTARUGAS NINJA: FORA DAS SOMBRAS;E1600265600000;DUBLADO;NÃO;ESTADOS UNIDOS;5001625;CINESYSTEM SHOPPING TOTAL SALA 02;18;6000027;2375;6658;CURITIBA;PR;REDECINE CWB CINEMATOGRÁFICA LTDA;05.747.411/0001-69
22/06/2016;22/06/2016 21:40:00;ALDO - MAIS FORTE QUE O MUNDO;;B1600785100000;DUBLADO;NÃO;BRASIL;5001628;CINESYSTEM SHOPPING TOTAL SALA 05;19;6000027;2375;6658;CURITIBA;PR;REDECINE CWB CINEMATOGRÁFICA LTDA;05.747.411/0001-69
22/06/2016;22/06/2016 21:40:00;ME BEFORE YOU;COMO EU ERA ANTES DE VOCÊ;E1500875700000;ORIGINAL;SIM;ESTADOS UNIDOS;5003085;CINESPAÇO FLORIANÓPOLIS 3;86;6000018;1014;19103;FLORIANÓPOLIS;SC;CIRCUITO ESPAÇO DE CINEMA S/A;03.695.435/0001-96
22/06/2016;22/06/2016 21:40:00;THE CONJURING 2;INVOCAÇÃO DO MAL 2;E1600342300000;DUBLADO;NÃO;ESTADOS UNIDOS;5004486;ARAPIRACA BRA 04;24;6000027;22546;26037;ARAPIRACA;AL;REDECINE BRA CINEMATOGRÁFICA S.A.;15.422.993/0001-67
22/06/2016;22/06/2016 21:40:00;THE CONJURING 2;INVOCAÇÃO DO MAL 2;E1600342300000;DUBLADO;NÃO;ESTADOS UNIDOS;5003425;CINEMARK SHOPPING RAPOSO TAVARES 07;128;6000018;1843;20591;SÃO PAULO;SP;CINEMARK BRASIL S.A;00.779.721/0001-41
22/06/2016;22/06/2016 21:40:00;WARCRAFT;WARCFRAT – O PRIMEIRO ENCONTRO ENTRE DOIS MUNDOS;E1500739800000;ORIGINAL;SIM;ESTADOS UNIDOS;5004999;CINESYSTEM AMERICAS 03;35;6000027;5348;28834;RIO DE JANEIRO;RJ;REDECINE - RIO CINEMATOGRAFICA S.A.;07.524.011/0001-10
22/06/2016;22/06/2016 21:50:00;ME BEFORE YOU;COMO EU ERA ANTES DE VOCÊ;E1500875700000;DUBLADO;NÃO;ESTADOS UNIDOS;5001626;CINESYSTEM SHOPPING TOTAL SALA 03;95;6000027;2375;6658;CURITIBA;PR;REDECINE CWB CINEMATOGRÁFICA LTDA;05.747.411/0001-69
22/06/2016;22/06/2016 21:50:00;THE CONJURING 2;INVOCAÇÃO DO MAL 2;E1600342300000;ORIGINAL;SIM;ESTADOS UNIDOS;5004998;CINESYSTEM AMERICAS 02;19;6000027;5348;28834;RIO DE JANEIRO;RJ;REDECINE - RIO CINEMATOGRAFICA S.A.;07.524.011/0001-10
22/06/2016;22/06/2016 21:50:00;THE CONJURING 2;INVOCAÇÃO DO MAL 2;E1600342300000;DUBLADO;NÃO;ESTADOS UNIDOS;5005574;CINESYSTEM PAULISTA SALA 04;2;6000027;22546;33152;PAULISTA;PE;REDECINE BRA CINEMATOGRÁFICA S.A.;15.422.993/0001-67
22/06/2016;22/06/2016 22:00:00;MAIS FORTE QUE O MUNDO - A HISTÓRIA DE JOSÉ ALDO;;B1600294500000;ORIGINAL;NÃO;BRASIL;5003419;CINEMARK SHOPPING RAPOSO TAVARES 01;48;6000018;1843;20591;SÃO PAULO;SP;CINEMARK BRASIL S.A;00.779.721/0001-41
22/06/2016;22/06/2016 22:00:00;THE CONJURING 2;INVOCAÇÃO DO MAL 2;E1600342300000;DUBLADO;NÃO;ESTADOS UNIDOS;5001627;CINESYSTEM SHOPPING TOTAL SALA 04;16;6000027;2375;6658;CURITIBA;PR;REDECINE CWB CINEMATOGRÁFICA LTDA;05.747.411/0001-69
22/06/2016;22/06/2016 22:00:00;X-MEN: APOCALYPSE;X-MEN - APOCALIPSE;E1600181600000;ORIGINAL;SIM;ESTADOS UNIDOS;5004997;CINESYSTEM AMERICAS 01;12;6000027;5348;28834;RIO DE JANEIRO;RJ;REDECINE - RIO CINEMATOGRAFICA S.A.;07.524.011/0001-10
22/06/2016;22/06/2016 22:10:00;ME BEFORE YOU;COMO EU ERA ANTES DE VOCÊ;E1500875700000;DUBLADO;NÃO;ESTADOS UNIDOS;5003422;CINEMARK SHOPPING RAPOSO TAVARES 04;56;6000018;1843;20591;SÃO PAULO;SP;CINEMARK BRASIL S.A;00.779.721/0001-41
23/06/2016;23/06/2016 12:50:00;TEENAGE MUTANT NINJA TURTLES: OUT OF THE SHADOWS;AS TARTARUGAS NINJA: FORA DAS SOMBRAS;E1600265600000;DUBLADO;NÃO;ESTADOS UNIDOS;5003424;CINEMARK SHOPPING RAPOSO TAVARES 06;4;6000018;1843;20591;SÃO PAULO;SP;CINEMARK BRASIL S.A;00.779.721/0001-41
23/06/2016;23/06/2016 13:00:00;INDEPENDENCE DAY RESURGENCE;INDEPENDENCE DAY- O RESSURGIMENTO;E1600182600000;DUBLADO;NÃO;ESTADOS UNIDOS;5003419;CINEMARK SHOPPING RAPOSO TAVARES 01;12;6000018;1843;20591;SÃO PAULO;SP;CINEMARK BRASIL S.A;00.779.721/0001-41
23/06/2016;23/06/2016 13:10:00;MAIS FORTE QUE O MUNDO - A HISTÓRIA DE JOSÉ ALDO;;B1600294500000;ORIGINAL;NÃO;BRASIL;5003422;CINEMARK SHOPPING RAPOSO TAVARES 04;1;6000018;1843;20591;SÃO PAULO;SP;CINEMARK BRASIL S.A;00.779.721/0001-41
23/06/2016;23/06/2016 13:20:00;INDEPENDENCE DAY RESURGENCE;INDEPENDENCE DAY- O RESSURGIMENTO;E1600182600000;DUBLADO;NÃO;ESTADOS UNIDOS;5004488;ARAPIRACA BRA 06;11;6000027;22546;26037;ARAPIRACA;AL;REDECINE BRA CINEMATOGRÁFICA S.A.;15.422.993/0001-67
23/06/2016;23/06/2016 13:20:00;MAIS FORTE QUE O MUNDO - A HISTÓRIA DE JOSÉ ALDO;;B1600294500000;DUBLADO;NÃO;BRASIL;5004997;CINESYSTEM AMERICAS 01;3;6000027;5348;28834;RIO DE JANEIRO;RJ;REDECINE - RIO CINEMATOGRAFICA S.A.;07.524.011/0001-10
23/06/2016;23/06/2016 13:20:00;TEENAGE MUTANT NINJA TURTLES: OUT OF THE SHADOWS;AS TARTARUGAS NINJA: FORA DAS SOMBRAS;E1600265600000;DUBLADO;NÃO;ESTADOS UNIDOS;5002603;CINEMAS BENFICA - SALA 1;21;;15690;15691;FORTALEZA;CE;CINEMAS BENFICA LTDA;07.509.597/0001-43
23/06/2016;23/06/2016 13:25:00;NOW YOU SEE ME: THE SECOND ACT;TRUQUE DE MESTRE 2;E1500269900000;DUBLADO;NÃO;ESTADOS UNIDOS;5004484;ARAPIRACA BRA 02;0;6000027;22546;26037;ARAPIRACA;AL;REDECINE BRA CINEMATOGRÁFICA S.A.;15.422.993/0001-67
23/06/2016;23/06/2016 13:25:00;THE CONJURING 2;INVOCAÇÃO DO MAL 2;E1600342300000;DUBLADO;NÃO;ESTADOS UNIDOS;5005572;CINESYSTEM PAULISTA SALA 01;11;6000027;22546;33152;PAULISTA;PE;REDECINE BRA CINEMATOGRÁFICA S.A.;15.422.993/0001-67
23/06/2016;23/06/2016 13:30:00;NOW YOU SEE ME 2;TRUQUE DE MESTRE: O 2º ATO;E1700176500000;ORIGINAL;SIM;CANADÁ;5005003;CINESYSTEM AMERICAS 07;4;6000027;5348;28834;RIO DE JANEIRO;RJ;REDECINE - RIO CINEMATOGRAFICA S.A.;07.524.011/0001-10
23/06/2016;23/06/2016 13:30:00;THE CONJURING 2;INVOCAÇÃO DO MAL 2;E1600342300000;DUBLADO;NÃO;ESTADOS UNIDOS;5004485;ARAPIRACA BRA 03;12;6000027;22546;26037;ARAPIRACA;AL;REDECINE BRA CINEMATOGRÁFICA S.A.;15.422.993/0001-67
23/06/2016;23/06/2016 13:40:00;INDEPENDENCE DAY RESURGENCE;INDEPENDENCE DAY- O RESSURGIMENTO;E1600182600000;DUBLADO;NÃO;ESTADOS UNIDOS;5003423;CINEMARK SHOPPING RAPOSO TAVARES 05;12;6000018;1843;20591;SÃO PAULO;SP;CINEMARK BRASIL S.A;00.779.721/0001-41
23/06/2016;23/06/2016 13:40:00;MAIS FORTE QUE O MUNDO - A HISTÓRIA DE JOSÉ ALDO;;B1600294500000;DUBLADO;NÃO;BRASIL;5002782;ILHA PLAZA 02;5;6000027;5348;16645;RIO DE JANEIRO;RJ;REDECINE - RIO CINEMATOGRAFICA S.A.;07.524.011/0001-10
23/06/2016;23/06/2016 13:40:00;ME BEFORE YOU;COMO EU ERA ANTES DE VOCÊ;E1500875700000;ORIGINAL;SIM;ESTADOS UNIDOS;5004998;CINESYSTEM AMERICAS 02;38;6000027;5348;28834;RIO DE JANEIRO;RJ;REDECINE - RIO CINEMATOGRAFICA S.A.;07.524.011/0001-10
23/06/2016;23/06/2016 13:40:00;TEENAGE MUTANT NINJA TURTLES: OUT OF THE SHADOWS;AS TARTARUGAS NINJA: FORA DAS SOMBRAS;E1600265600000;DUBLADO;NÃO;ESTADOS UNIDOS;5004487;ARAPIRACA BRA 05;13;6000027;22546;26037;ARAPIRACA;AL;REDECINE BRA CINEMATOGRÁFICA S.A.;15.422.993/0001-67
23/06/2016;23/06/2016 13:45:00;THE CONJURING 2;INVOCAÇÃO DO MAL 2;E1600342300000;DUBLADO;NÃO;ESTADOS UNIDOS;5005000;CINESYSTEM AMERICAS 04;13;6000027;5348;28834;RIO DE JANEIRO;RJ;REDECINE - RIO CINEMATOGRAFICA S.A.;07.524.011/0001-10
23/06/2016;23/06/2016 13:50:00;ALICE THROUGH THE LOOKING GLASS;ALICE ATRAVÉS DO ESPELHO;E1600259100000;DUBLADO;NÃO;ESTADOS UNIDOS;5001626;CINESYSTEM SHOPPING TOTAL SALA 03;6;6000027;2375;6658;CURITIBA;PR;REDECINE CWB CINEMATOGRÁFICA LTDA;05.747.411/0001-69
23/06/2016;23/06/2016 13:50:00;MAIS FORTE QUE O MUNDO - A HISTÓRIA DE JOSÉ ALDO;;B1600294500000;DUBLADO;NÃO;BRASIL;5005001;CINESYSTEM AMERICAS 05;4;6000027;5348;28834;RIO DE JANEIRO;RJ;REDECINE - RIO CINEMATOGRAFICA S.A.;07.524.011/0001-10
23/06/2016;23/06/2016 13:50:00;ME BEFORE YOU;COMO EU ERA ANTES DE VOCÊ;E1500875700000;DUBLADO;NÃO;ESTADOS UNIDOS;5005576;CINESYSTEM PAULISTA SALA 06;9;6000027;22546;33152;PAULISTA;PE;REDECINE BRA CINEMATOGRÁFICA S.A.;15.422.993/0001-67
23/06/2016;23/06/2016 13:50:00;NOW YOU SEE ME: THE SECOND ACT;TRUQUE DE MESTRE 2;E1500269900000;ORIGINAL;SIM;ESTADOS UNIDOS;5002781;ILHA PLAZA 01;10;6000027;5348;16645;RIO DE JANEIRO;RJ;REDECINE - RIO CINEMATOGRAFICA S.A.;07.524.011/0001-10
23/06/2016;23/06/2016 14:00:00;INDEPENDENCE DAY RESURGENCE;INDEPENDENCE DAY- O RESSURGIMENTO;E1600182600000;DUBLADO;NÃO;ESTADOS UNIDOS;5002062;AGUA VERDE 1;4;6000023;12893;12894;CURITIBA;PR;ESTILO PRODUÇÕES ARTISTICAS LTDA;03.293.165/0001-97
23/06/2016;23/06/2016 14:00:00;INDEPENDENCE DAY RESURGENCE;INDEPENDENCE DAY- O RESSURGIMENTO;E1600182600000;DUBLADO;NÃO;ESTADOS UNIDOS;5002783;ILHA PLAZA 04;38;6000027;5348;16645;RIO DE JANEIRO;RJ;REDECINE - RIO CINEMATOGRAFICA S.A.;07.524.011/0001-10
23/06/2016;23/06/2016 14:00:00;ME BEFORE YOU;COMO EU ERA ANTES DE VOCÊ;E1500875700000;DUBLADO;NÃO;ESTADOS UNIDOS;5003421;CINEMARK SHOPPING RAPOSO TAVARES 03;37;6000018;1843;20591;SÃO PAULO;SP;CINEMARK BRASIL S.A;00.779.721/0001-41
23/06/2016;23/06/2016 14:00:00;ME BEFORE YOU;COMO EU ERA ANTES DE VOCÊ;E1500875700000;DUBLADO;NÃO;ESTADOS UNIDOS;5001627;CINESYSTEM SHOPPING TOTAL SALA 04;12;6000027;2375;6658;CURITIBA;PR;REDECINE CWB CINEMATOGRÁFICA LTDA;05.747.411/0001-69
23/06/2016;23/06/2016 14:10:00;INDEPENDENCE DAY RESURGENCE;INDEPENDENCE DAY- O RESSURGIMENTO;E1600182600000;DUBLADO;NÃO;ESTADOS UNIDOS;5004483;ARAPIRACA BRA 01;33;6000027;22546;26037;ARAPIRACA;AL;REDECINE BRA CINEMATOGRÁFICA S.A.;15.422.993/0001-67
23/06/2016;23/06/2016 14:10:00;ME BEFORE YOU;COMO EU ERA ANTES DE VOCÊ;E1500875700000;DUBLADO;NÃO;ESTADOS UNIDOS;5004486;ARAPIRACA BRA 04;36;6000027;22546;26037;ARAPIRACA;AL;REDECINE BRA CINEMATOGRÁFICA S.A.;15.422.993/0001-67
23/06/2016;23/06/2016 14:10:00;TEENAGE MUTANT NINJA TURTLES: OUT OF THE SHADOWS;AS TARTARUGAS NINJA: FORA DAS SOMBRAS;E1600265600000;DUBLADO;NÃO;ESTADOS UNIDOS;5001624;CINESYSTEM SHOPPING TOTAL SALA 01;13;6000027;2375;6658;CURITIBA;PR;REDECINE CWB CINEMATOGRÁFICA LTDA;05.747.411/0001-69
23/06/2016;23/06/2016 14:10:00;THE CONJURING 2;INVOCAÇÃO DO MAL 2;E1600342300000;DUBLADO;NÃO;ESTADOS UNIDOS;5003425;CINEMARK SHOPPING RAPOSO TAVARES 07;10;6000018;1843;20591;SÃO PAULO;SP;CINEMARK BRASIL S.A;00.779.721/0001-41
23/06/2016;23/06/2016 14:20:00;ALDO - MAIS FORTE QUE O MUNDO;;B1600785100000;DUBLADO;NÃO;BRASIL;5001628;CINESYSTEM SHOPPING TOTAL SALA 05;6;6000027;2375;6658;CURITIBA;PR;REDECINE CWB CINEMATOGRÁFICA LTDA;05.747.411/0001-69
23/06/2016;23/06/2016 14:20:00;INDEPENDENCE DAY RESURGENCE;INDEPENDENCE DAY- O RESSURGIMENTO;E1600182600000;ORIGINAL;SIM;ESTADOS UNIDOS;5005002;CINESYSTEM AMERICAS 06;17;6000027;5348;28834;RIO DE JANEIRO;RJ;REDECINE - RIO CINEMATOGRAFICA S.A.;07.524.011/0001-10
23/06/2016;23/06/2016 14:20:00;TEENAGE MUTANT NINJA TURTLES: OUT OF THE SHADOWS;AS TARTARUGAS NINJA: FORA DAS SOMBRAS;E1600265600000;DUBLADO;NÃO;ESTADOS UNIDOS;5002063;AGUA VERDE 2;5;6000023;12893;12894;CURITIBA;PR;ESTILO PRODUÇÕES ARTISTICAS LTDA;03.293.165/0001-97
23/06/2016;23/06/2016 14:30:00;INDEPENDENCE DAY RESURGENCE;INDEPENDENCE DAY- O RESSURGIMENTO;E1600182600000;DUBLADO;NÃO;ESTADOS UNIDOS;5001625;CINESYSTEM SHOPPING TOTAL SALA 02;7;6000027;2375;6658;CURITIBA;PR;REDECINE CWB CINEMATOGRÁFICA LTDA;05.747.411/0001-69
23/06/2016;23/06/2016 14:30:00;ME BEFORE YOU;COMO EU ERA ANTES DE VOCÊ;E1500875700000;DUBLADO;NÃO;ESTADOS UNIDOS;5003900;SALA 3;33;6000002;3136;24148;SOROCABA;SP;MSA EMPRESA CINEMATOGRÁFICA LTDA;03.608.600/0001-25
23/06/2016;23/06/2016 14:30:00;NOW YOU SEE ME: THE SECOND ACT;TRUQUE DE MESTRE 2;E1500269900000;DUBLADO;NÃO;ESTADOS UNIDOS;5003420;CINEMARK SHOPPING RAPOSO TAVARES 02;20;6000018;1843;20591;SÃO PAULO;SP;CINEMARK BRASIL S.A;00.779.721/0001-41
23/06/2016;23/06/2016 14:40:00;ME BEFORE YOU;COMO EU ERA ANTES DE VOCÊ;E1500875700000;DUBLADO;NÃO;ESTADOS UNIDOS;5003085;CINESPAÇO FLORIANÓPOLIS 3;48;6000018;1014;19103;FLORIANÓPOLIS;SC;CIRCUITO ESPAÇO DE CINEMA S/A;03.695.435/0001-96
23/06/2016;23/06/2016 15:25:00;TEENAGE MUTANT NINJA TURTLES: OUT OF THE SHADOWS;AS TARTARUGAS NINJA: FORA DAS SOMBRAS;E1600265600000;DUBLADO;NÃO;ESTADOS UNIDOS;5003424;CINEMARK SHOPPING RAPOSO TAVARES 06;18;6000018;1843;20591;SÃO PAULO;SP;CINEMARK BRASIL S.A;00.779.721/0001-41
23/06/2016;23/06/2016 15:40:00;TEENAGE MUTANT NINJA TURTLES: OUT OF THE SHADOWS;AS TARTARUGAS NINJA: FORA DAS SOMBRAS;E1600265600000;DUBLADO;NÃO;ESTADOS UNIDOS;5002603;CINEMAS BENFICA - SALA 1;8;;15690;15691;FORTALEZA;CE;CINEMAS BENFICA LTDA;07.509.597/0001-43
23/06/2016;23/06/2016 15:50:00;INDEPENDENCE DAY RESURGENCE;INDEPENDENCE DAY- O RESSURGIMENTO;E1600182600000;DUBLADO;NÃO;ESTADOS UNIDOS;5004488;ARAPIRACA BRA 06;15;6000027;22546;26037;ARAPIRACA;AL;REDECINE BRA CINEMATOGRÁFICA S.A.;15.422.993/0001-67
23/06/2016;23/06/2016 15:50:00;INDEPENDENCE DAY RESURGENCE;INDEPENDENCE DAY- O RESSURGIMENTO;E1600182600000;DUBLADO;NÃO;ESTADOS UNIDOS;5003419;CINEMARK SHOPPING RAPOSO TAVARES 01;20;6000018;1843;20591;SÃO PAULO;SP;CINEMARK BRASIL S.A;00.779.721/0001-41
23/06/2016;23/06/2016 16:00:00;MAIS FORTE QUE O MUNDO - A HISTÓRIA DE JOSÉ ALDO;;B1600294500000;ORIGINAL;NÃO;BRASIL;5003422;CINEMARK SHOPPING RAPOSO TAVARES 04;9;6000018;1843;20591;SÃO PAULO;SP;CINEMARK BRASIL S.A;00.779.721/0001-41
23/06/2016;23/06/2016 16:00:00;MAIS FORTE QUE O MUNDO - A HISTÓRIA DE JOSÉ ALDO;;B1600294500000;DUBLADO;NÃO;BRASIL;5003899;SALA 2;0;6000002;3136;24148;SOROCABA;SP;MSA EMPRESA CINEMATOGRÁFICA LTDA;03.608.600/0001-25
23/06/2016;23/06/2016 16:00:00;ME BEFORE YOU;COMO EU ERA ANTES DE VOCÊ;E1500875700000;DUBLADO;NÃO;ESTADOS UNIDOS;5004997;CINESYSTEM AMERICAS 01;7;6000027;5348;28834;RIO DE JANEIRO;RJ;REDECINE - RIO CINEMATOGRAFICA S.A.;07.524.011/0001-10
23/06/2016;23/06/2016 16:05:00;ME BEFORE YOU;COMO EU ERA ANTES DE VOCÊ;E1500875700000;DUBLADO;NÃO;ESTADOS UNIDOS;5004484;ARAPIRACA BRA 02;9;6000027;22546;26037;ARAPIRACA;AL;REDECINE BRA CINEMATOGRÁFICA S.A.;15.422.993/0001-67
23/06/2016;23/06/2016 16:10:00;NOW YOU SEE ME 2;TRUQUE DE MESTRE: O 2º ATO;E1700176500000;ORIGINAL;SIM;CANADÁ;5005003;CINESYSTEM AMERICAS 07;22;6000027;5348;28834;RIO DE JANEIRO;RJ;REDECINE - RIO CINEMATOGRAFICA S.A.;07.524.011/0001-10
23/06/2016;23/06/2016 16:10:00;TEENAGE MUTANT NINJA TURTLES: OUT OF THE SHADOWS;AS TARTARUGAS NINJA: FORA DAS SOMBRAS;E1600265600000;DUBLADO;NÃO;ESTADOS UNIDOS;5004487;ARAPIRACA BRA 05;18;6000027;22546;26037;ARAPIRACA;AL;REDECINE BRA CINEMATOGRÁFICA S.A.;15.422.993/0001-67
23/06/2016;23/06/2016 16:10:00;THE CONJURING 2;INVOCAÇÃO DO MAL 2;E1600342300000;DUBLADO;NÃO;ESTADOS UNIDOS;5005572;CINESYSTEM PAULISTA SALA 01;43;6000027;22546;33152;PAULISTA;PE;REDECINE BRA CINEMATOGRÁFICA S.A.;15.422.993/0001-67
23/06/2016;23/06/2016 16:10:00;THE CONJURING 2;INVOCAÇÃO DO MAL 2;E1600342300000;DUBLADO;NÃO;ESTADOS UNIDOS;5001626;CINESYSTEM SHOPPING TOTAL SALA 03;25;6000027;2375;6658;CURITIBA;PR;REDECINE CWB CINEMATOGRÁFICA LTDA;05.747.411/0001-69
23/06/2016;23/06/2016 16:15:00;MAIS FORTE QUE O MUNDO - A HISTÓRIA DE JOSÉ ALDO;;B1600294500000;DUBLADO;NÃO;BRASIL;5002782;ILHA PLAZA 02;8;6000027;5348;16645;RIO DE JANEIRO;RJ;REDECINE - RIO CINEMATOGRAFICA S.A.;07.524.011/0001-10
23/06/2016;23/06/2016 16:20:00;INDEPENDENCE DAY RESURGENCE;INDEPENDENCE DAY- O RESSURGIMENTO;E1600182600000;DUBLADO;NÃO;ESTADOS UNIDOS;5002062;AGUA VERDE 1;5;6000023;12893;12894;CURITIBA;PR;ESTILO PRODUÇÕES ARTISTICAS LTDA;03.293.165/0001-97
23/06/2016;23/06/2016 16:20:00;ME BEFORE YOU;COMO EU ERA ANTES DE VOCÊ;E1500875700000;ORIGINAL;SIM;ESTADOS UNIDOS;5004998;CINESYSTEM AMERICAS 02;18;6000027;5348;28834;RIO DE JANEIRO;RJ;REDECINE - RIO CINEMATOGRAFICA S.A.;07.524.011/0001-10
23/06/2016;23/06/2016 16:20:00;ME BEFORE YOU;COMO EU ERA ANTES DE VOCÊ;E1500875700000;DUBLADO;NÃO;ESTADOS UNIDOS;5005576;CINESYSTEM PAULISTA SALA 06;41;6000027;22546;33152;PAULISTA;PE;REDECINE BRA CINEMATOGRÁFICA S.A.;15.422.993/0001-67
23/06/2016;23/06/2016 16:20:00;ME BEFORE YOU;COMO EU ERA ANTES DE VOCÊ;E1500875700000;DUBLADO;NÃO;ESTADOS UNIDOS;5001627;CINESYSTEM SHOPPING TOTAL SALA 04;23;6000027;2375;6658;CURITIBA;PR;REDECINE CWB CINEMATOGRÁFICA LTDA;05.747.411/0001-69
23/06/2016;23/06/2016 16:20:00;THE CONJURING 2;INVOCAÇÃO DO MAL 2;E1600342300000;DUBLADO;NÃO;ESTADOS UNIDOS;5004485;ARAPIRACA BRA 03;3;6000027;22546;26037;ARAPIRACA;AL;REDECINE BRA CINEMATOGRÁFICA S.A.;15.422.993/0001-67
23/06/2016;23/06/2016 16:25:00;MAIS FORTE QUE O MUNDO - A HISTÓRIA DE JOSÉ ALDO;;B1600294500000;DUBLADO;NÃO;BRASIL;5005001;CINESYSTEM AMERICAS 05;11;6000027;5348;28834;RIO DE JANEIRO;RJ;REDECINE - RIO CINEMATOGRAFICA S.A.;07.524.011/0001-10
23/06/2016;23/06/2016 16:30:00;INDEPENDENCE DAY RESURGENCE;INDEPENDENCE DAY- O RESSURGIMENTO;E1600182600000;DUBLADO;NÃO;ESTADOS UNIDOS;5003423;CINEMARK SHOPPING RAPOSO TAVARES 05;8;6000018;1843;20591;SÃO PAULO;SP;CINEMARK BRASIL S.A;00.779.721/0001-41
23/06/2016;23/06/2016 16:30:00;INDEPENDENCE DAY RESURGENCE;INDEPENDENCE DAY- O RESSURGIMENTO;E1600182600000;DUBLADO;NÃO;ESTADOS UNIDOS;5001624;CINESYSTEM SHOPPING TOTAL SALA 01;11;6000027;2375;6658;CURITIBA;PR;REDECINE CWB CINEMATOGRÁFICA LTDA;05.747.411/0001-69
23/06/2016;23/06/2016 16:30:00;INDEPENDENCE DAY RESURGENCE;INDEPENDENCE DAY- O RESSURGIMENTO;E1600182600000;ORIGINAL;SIM;ESTADOS UNIDOS;5002783;ILHA PLAZA 04;30;6000027;5348;16645;RIO DE JANEIRO;RJ;REDECINE - RIO CINEMATOGRAFICA S.A.;07.524.011/0001-10
23/06/2016;23/06/2016 16:30:00;ME BEFORE YOU;COMO EU ERA ANTES DE VOCÊ;E1500875700000;DUBLADO;NÃO;ESTADOS UNIDOS;5004486;ARAPIRACA BRA 04;2;6000027;22546;26037;ARAPIRACA;AL;REDECINE BRA CINEMATOGRÁFICA S.A.;15.422.993/0001-67
23/06/2016;23/06/2016 16:30:00;TEENAGE MUTANT NINJA TURTLES: OUT OF THE SHADOWS;AS TARTARUGAS NINJA: FORA DAS SOMBRAS;E1600265600000;DUBLADO;NÃO;ESTADOS UNIDOS;5002063;AGUA VERDE 2;0;6000023;12893;12894;CURITIBA;PR;ESTILO PRODUÇÕES ARTISTICAS LTDA;03.293.165/0001-97
23/06/2016;23/06/2016 16:30:00;THE CONJURING 2;INVOCAÇÃO DO MAL 2;E1600342300000;ORIGINAL;SIM;ESTADOS UNIDOS;5005000;CINESYSTEM AMERICAS 04;25;6000027;5348;28834;RIO DE JANEIRO;RJ;REDECINE - RIO CINEMATOGRAFICA S.A.;07.524.011/0001-10
23/06/2016;23/06/2016 16:40:00;INDEPENDENCE DAY RESURGENCE;INDEPENDENCE DAY- O RESSURGIMENTO;E1600182600000;DUBLADO;NÃO;ESTADOS UNIDOS;5004483;ARAPIRACA BRA 01;13;6000027;22546;26037;ARAPIRACA;AL;REDECINE BRA CINEMATOGRÁFICA S.A.;15.422.993/0001-67
23/06/2016;23/06/2016 16:40:00;ME BEFORE YOU;COMO EU ERA ANTES DE VOCÊ;E1500875700000;DUBLADO;NÃO;ESTADOS UNIDOS;5003421;CINEMARK SHOPPING RAPOSO TAVARES 03;20;6000018;1843;20591;SÃO PAULO;SP;CINEMARK BRASIL S.A;00.779.721/0001-41
23/06/2016;23/06/2016 16:40:00;ME BEFORE YOU;COMO EU ERA ANTES DE VOCÊ;E1500875700000;DUBLADO;NÃO;ESTADOS UNIDOS;5002781;ILHA PLAZA 01;71;6000027;5348;16645;RIO DE JANEIRO;RJ;REDECINE - RIO CINEMATOGRAFICA S.A.;07.524.011/0001-10
23/06/2016;23/06/2016 16:45:00;ME BEFORE YOU;COMO EU ERA ANTES DE VOCÊ;E1500875700000;DUBLADO;NÃO;ESTADOS UNIDOS;5003900;SALA 3;17;6000002;3136;24148;SOROCABA;SP;MSA EMPRESA CINEMATOGRÁFICA LTDA;03.608.600/0001-25
23/06/2016;23/06/2016 16:50:00;ALDO - MAIS FORTE QUE O MUNDO;;B1600785100000;DUBLADO;NÃO;BRASIL;5001628;CINESYSTEM SHOPPING TOTAL SALA 05;4;6000027;2375;6658;CURITIBA;PR;REDECINE CWB CINEMATOGRÁFICA LTDA;05.747.411/0001-69
23/06/2016;23/06/2016 16:50:00;INDEPENDENCE DAY RESURGENCE;INDEPENDENCE DAY- O RESSURGIMENTO;E1600182600000;ORIGINAL;SIM;ESTADOS UNIDOS;5005002;CINESYSTEM AMERICAS 06;14;6000027;5348;28834;RIO DE JANEIRO;RJ;REDECINE - RIO CINEMATOGRAFICA S.A.;07.524.011/0001-10
23/06/2016;23/06/2016 17:00:00;INDEPENDENCE DAY RESURGENCE;INDEPENDENCE DAY- O RESSURGIMENTO;E1600182600000;ORIGINAL;SIM;ESTADOS UNIDOS;5001625;CINESYSTEM SHOPPING TOTAL SALA 02;5;6000027;2375;6658;CURITIBA;PR;REDECINE CWB CINEMATOGRÁFICA LTDA;05.747.411/0001-69
23/06/2016;23/06/2016 17:00:00;ME BEFORE YOU;COMO EU ERA ANTES DE VOCÊ;E1500875700000;ORIGINAL;SIM;ESTADOS UNIDOS;5003085;CINESPAÇO FLORIANÓPOLIS 3;51;6000018;1014;19103;FLORIANÓPOLIS;SC;CIRCUITO ESPAÇO DE CINEMA S/A;03.695.435/0001-96
23/06/2016;23/06/2016 17:10:00;THE CONJURING 2;INVOCAÇÃO DO MAL 2;E1600342300000;DUBLADO;NÃO;ESTADOS UNIDOS;5003425;CINEMARK SHOPPING RAPOSO TAVARES 07;18;6000018;1843;20591;SÃO PAULO;SP;CINEMARK BRASIL S.A;00.779.721/0001-41
23/06/2016;23/06/2016 17:30:00;NOW YOU SEE ME: THE SECOND ACT;TRUQUE DE MESTRE 2;E1500269900000;DUBLADO;NÃO;ESTADOS UNIDOS;5003420;CINEMARK SHOPPING RAPOSO TAVARES 02;11;6000018;1843;20591;SÃO PAULO;SP;CINEMARK BRASIL S.A;00.779.721/0001-41
23/06/2016;23/06/2016 17:55:00;TEENAGE MUTANT NINJA TURTLES: OUT OF THE SHADOWS;AS TARTARUGAS NINJA: FORA DAS SOMBRAS;E1600265600000;DUBLADO;NÃO;ESTADOS UNIDOS;5002603;CINEMAS BENFICA - SALA 1;14;;15690;15691;FORTALEZA;CE;CINEMAS BENFICA LTDA;07.509.597/0001-43
23/06/2016;23/06/2016 18:00:00;INDEPENDENCE DAY RESURGENCE;INDEPENDENCE DAY- O RESSURGIMENTO;E1600182600000;DUBLADO;NÃO;ESTADOS UNIDOS;5003424;CINEMARK SHOPPING RAPOSO TAVARES 06;30;6000018;1843;20591;SÃO PAULO;SP;CINEMARK BRASIL S.A;00.779.721/0001-41
23/06/2016;23/06/2016 18:20:00;INDEPENDENCE DAY RESURGENCE;INDEPENDENCE DAY- O RESSURGIMENTO;E1600182600000;DUBLADO;NÃO;ESTADOS UNIDOS;5004488;ARAPIRACA BRA 06;15;6000027;22546;26037;ARAPIRACA;AL;REDECINE BRA CINEMATOGRÁFICA S.A.;15.422.993/0001-67
23/06/2016;23/06/2016 18:30:00;MAIS FORTE QUE O MUNDO - A HISTÓRIA DE JOSÉ ALDO;;B1600294500000;DUBLADO;NÃO;BRASIL;5003899;SALA 2;7;6000002;3136;24148;SOROCABA;SP;MSA EMPRESA CINEMATOGRÁFICA LTDA;03.608.600/0001-25
23/06/2016;23/06/2016 18:30:00;NOW YOU SEE ME: THE SECOND ACT;TRUQUE DE MESTRE 2;E1500269900000;DUBLADO;NÃO;ESTADOS UNIDOS;5004484;ARAPIRACA BRA 02;7;6000027;22546;26037;ARAPIRACA;AL;REDECINE BRA CINEMATOGRÁFICA S.A.;15.422.993/0001-67
23/06/2016;23/06/2016 18:30:00;TEENAGE MUTANT NINJA TURTLES: OUT OF THE SHADOWS;AS TARTARUGAS NINJA: FORA DAS SOMBRAS;E1600265600000;DUBLADO;NÃO;ESTADOS UNIDOS;5004997;CINESYSTEM AMERICAS 01;24;6000027;5348;28834;RIO DE JANEIRO;RJ;REDECINE - RIO CINEMATOGRAFICA S.A.;07.524.011/0001-10
23/06/2016;23/06/2016 18:40:00;ME BEFORE YOU;COMO EU ERA ANTES DE VOCÊ;E1500875700000;ORIGINAL;SIM;ESTADOS UNIDOS;5004998;CINESYSTEM AMERICAS 02;45;6000027;5348;28834;RIO DE JANEIRO;RJ;REDECINE - RIO CINEMATOGRAFICA S.A.;07.524.011/0001-10
23/06/2016;23/06/2016 18:40:00;ME BEFORE YOU;COMO EU ERA ANTES DE VOCÊ;E1500875700000;DUBLADO;NÃO;ESTADOS UNIDOS;5005576;CINESYSTEM PAULISTA SALA 06;33;6000027;22546;33152;PAULISTA;PE;REDECINE BRA CINEMATOGRÁFICA S.A.;15.422.993/0001-67
23/06/2016;23/06/2016 18:40:00;ME BEFORE YOU;COMO EU ERA ANTES DE VOCÊ;E1500875700000;DUBLADO;NÃO;ESTADOS UNIDOS;5001627;CINESYSTEM SHOPPING TOTAL SALA 04;58;6000027;2375;6658;CURITIBA;PR;REDECINE CWB CINEMATOGRÁFICA LTDA;05.747.411/0001-69
23/06/2016;23/06/2016 18:40:00;TEENAGE MUTANT NINJA TURTLES: OUT OF THE SHADOWS;AS TARTARUGAS NINJA: FORA DAS SOMBRAS;E1600265600000;DUBLADO;NÃO;ESTADOS UNIDOS;5002063;AGUA VERDE 2;2;6000023;12893;12894;CURITIBA;PR;ESTILO PRODUÇÕES ARTISTICAS LTDA;03.293.165/0001-97
23/06/2016;23/06/2016 18:40:00;TEENAGE MUTANT NINJA TURTLES: OUT OF THE SHADOWS;AS TARTARUGAS NINJA: FORA DAS SOMBRAS;E1600265600000;DUBLADO;NÃO;ESTADOS UNIDOS;5004487;ARAPIRACA BRA 05;18;6000027;22546;26037;ARAPIRACA;AL;REDECINE BRA CINEMATOGRÁFICA S.A.;15.422.993/0001-67
23/06/2016;23/06/2016 18:40:00;TEENAGE MUTANT NINJA TURTLES: OUT OF THE SHADOWS;AS TARTARUGAS NINJA: FORA DAS SOMBRAS;E1600265600000;DUBLADO;NÃO;ESTADOS UNIDOS;5003419;CINEMARK SHOPPING RAPOSO TAVARES 01;24;6000018;1843;20591;SÃO PAULO;SP;CINEMARK BRASIL S.A;00.779.721/0001-41
23/06/2016;23/06/2016 18:45:00;INDEPENDENCE DAY RESURGENCE;INDEPENDENCE DAY- O RESSURGIMENTO;E1600182600000;DUBLADO;NÃO;ESTADOS UNIDOS;5002062;AGUA VERDE 1;16;6000023;12893;12894;CURITIBA;PR;ESTILO PRODUÇÕES ARTISTICAS LTDA;03.293.165/0001-97
23/06/2016;23/06/2016 18:50:00;MAIS FORTE QUE O MUNDO - A HISTÓRIA DE JOSÉ ALDO;;B1600294500000;ORIGINAL;NÃO;BRASIL;5003422;CINEMARK SHOPPING RAPOSO TAVARES 04;6;6000018;1843;20591;SÃO PAULO;SP;CINEMARK BRASIL S.A;00.779.721/0001-41
23/06/2016;23/06/2016 18:50:00;MAIS FORTE QUE O MUNDO - A HISTÓRIA DE JOSÉ ALDO;;B1600294500000;DUBLADO;NÃO;BRASIL;5002782;ILHA PLAZA 02;38;6000027;5348;16645;RIO DE JANEIRO;RJ;REDECINE - RIO CINEMATOGRAFICA S.A.;07.524.011/0001-10
23/06/2016;23/06/2016 18:50:00;ME BEFORE YOU;COMO EU ERA ANTES DE VOCÊ;E1500875700000;DUBLADO;NÃO;ESTADOS UNIDOS;5004486;ARAPIRACA BRA 04;29;6000027;22546;26037;ARAPIRACA;AL;REDECINE BRA CINEMATOGRÁFICA S.A.;15.422.993/0001-67
23/06/2016;23/06/2016 18:50:00;NOW YOU SEE ME 2;TRUQUE DE MESTRE: O 2º ATO;E1700176500000;ORIGINAL;SIM;CANADÁ;5005003;CINESYSTEM AMERICAS 07;39;6000027;5348;28834;RIO DE JANEIRO;RJ;REDECINE - RIO CINEMATOGRAFICA S.A.;07.524.011/0001-10
23/06/2016;23/06/2016 18:50:00;THE CONJURING 2;INVOCAÇÃO DO MAL 2;E1600342300000;DUBLADO;NÃO;ESTADOS UNIDOS;5001626;CINESYSTEM SHOPPING TOTAL SALA 03;25;6000027;2375;6658;CURITIBA;PR;REDECINE CWB CINEMATOGRÁFICA LTDA;05.747.411/0001-69
23/06/2016;23/06/2016 19:00:00;MAIS FORTE QUE O MUNDO - A HISTÓRIA DE JOSÉ ALDO;;B1600294500000;DUBLADO;NÃO;BRASIL;5005001;CINESYSTEM AMERICAS 05;26;6000027;5348;28834;RIO DE JANEIRO;RJ;REDECINE - RIO CINEMATOGRAFICA S.A.;07.524.011/0001-10
23/06/2016;23/06/2016 19:00:00;ME BEFORE YOU;COMO EU ERA ANTES DE VOCÊ;E1500875700000;ORIGINAL;SIM;ESTADOS UNIDOS;5002781;ILHA PLAZA 01;78;6000027;5348;16645;RIO DE JANEIRO;RJ;REDECINE - RIO CINEMATOGRAFICA S.A.;07.524.011/0001-10
23/06/2016;23/06/2016 19:00:00;ME BEFORE YOU;COMO EU ERA ANTES DE VOCÊ;E1500875700000;DUBLADO;NÃO;ESTADOS UNIDOS;5003900;SALA 3;107;6000002;3136;24148;SOROCABA;SP;MSA EMPRESA CINEMATOGRÁFICA LTDA;03.608.600/0001-25
23/06/2016;23/06/2016 19:00:00;TEENAGE MUTANT NINJA TURTLES: OUT OF THE SHADOWS;AS TARTARUGAS NINJA: FORA DAS SOMBRAS;E1600265600000;DUBLADO;NÃO;ESTADOS UNIDOS;5001624;CINESYSTEM SHOPPING TOTAL SALA 01;30;6000027;2375;6658;CURITIBA;PR;REDECINE CWB CINEMATOGRÁFICA LTDA;05.747.411/0001-69
23/06/2016;23/06/2016 19:00:00;THE CONJURING 2;INVOCAÇÃO DO MAL 2;E1600342300000;DUBLADO;NÃO;ESTADOS UNIDOS;5004485;ARAPIRACA BRA 03;9;6000027;22546;26037;ARAPIRACA;AL;REDECINE BRA CINEMATOGRÁFICA S.A.;15.422.993/0001-67
23/06/2016;23/06/2016 19:10:00;INDEPENDENCE DAY RESURGENCE;INDEPENDENCE DAY- O RESSURGIMENTO;E1600182600000;DUBLADO;NÃO;ESTADOS UNIDOS;5004483;ARAPIRACA BRA 01;25;6000027;22546;26037;ARAPIRACA;AL;REDECINE BRA CINEMATOGRÁFICA S.A.;15.422.993/0001-67
23/06/2016;23/06/2016 19:10:00;INDEPENDENCE DAY RESURGENCE;INDEPENDENCE DAY- O RESSURGIMENTO;E1600182600000;DUBLADO;NÃO;ESTADOS UNIDOS;5002783;ILHA PLAZA 04;88;6000027;5348;16645;RIO DE JANEIRO;RJ;REDECINE - RIO CINEMATOGRAFICA S.A.;07.524.011/0001-10
23/06/2016;23/06/2016 19:10:00;ME BEFORE YOU;COMO EU ERA ANTES DE VOCÊ;E1500875700000;DUBLADO;NÃO;ESTADOS UNIDOS;5003421;CINEMARK SHOPPING RAPOSO TAVARES 03;77;6000018;1843;20591;SÃO PAULO;SP;CINEMARK BRASIL S.A;00.779.721/0001-41
23/06/2016;23/06/2016 19:10:00;THE CONJURING 2;INVOCAÇÃO DO MAL 2;E1600342300000;ORIGINAL;SIM;ESTADOS UNIDOS;5005000;CINESYSTEM AMERICAS 04;31;6000027;5348;28834;RIO DE JANEIRO;RJ;REDECINE - RIO CINEMATOGRAFICA S.A.;07.524.011/0001-10
23/06/2016;23/06/2016 19:20:00;ALDO - MAIS FORTE QUE O MUNDO;;B1600785100000;DUBLADO;NÃO;BRASIL;5001628;CINESYSTEM SHOPPING TOTAL SALA 05;14;6000027;2375;6658;CURITIBA;PR;REDECINE CWB CINEMATOGRÁFICA LTDA;05.747.411/0001-69
23/06/2016;23/06/2016 19:20:00;INDEPENDENCE DAY RESURGENCE;INDEPENDENCE DAY- O RESSURGIMENTO;E1600182600000;ORIGINAL;SIM;ESTADOS UNIDOS;5005002;CINESYSTEM AMERICAS 06;67;6000027;5348;28834;RIO DE JANEIRO;RJ;REDECINE - RIO CINEMATOGRAFICA S.A.;07.524.011/0001-10
23/06/2016;23/06/2016 19:20:00;ME BEFORE YOU;COMO EU ERA ANTES DE VOCÊ;E1500875700000;ORIGINAL;SIM;ESTADOS UNIDOS;5003085;CINESPAÇO FLORIANÓPOLIS 3;132;6000018;1014;19103;FLORIANÓPOLIS;SC;CIRCUITO ESPAÇO DE CINEMA S/A;03.695.435/0001-96
23/06/2016;23/06/2016 19:25:00;INDEPENDENCE DAY RESURGENCE;INDEPENDENCE DAY- O RESSURGIMENTO;E1600182600000;DUBLADO;NÃO;ESTADOS UNIDOS;5003423;CINEMARK SHOPPING RAPOSO TAVARES 05;45;6000018;1843;20591;SÃO PAULO;SP;CINEMARK BRASIL S.A;00.779.721/0001-41
23/06/2016;23/06/2016 19:30:00;INDEPENDENCE DAY RESURGENCE;INDEPENDENCE DAY- O RESSURGIMENTO;E1600182600000;DUBLADO;NÃO;ESTADOS UNIDOS;5001625;CINESYSTEM SHOPPING TOTAL SALA 02;42;6000027;2375;6658;CURITIBA;PR;REDECINE CWB CINEMATOGRÁFICA LTDA;05.747.411/0001-69
23/06/2016;23/06/2016 20:10:00;TEENAGE MUTANT NINJA TURTLES: OUT OF THE SHADOWS;AS TARTARUGAS NINJA: FORA DAS SOMBRAS;E1600265600000;DUBLADO;NÃO;ESTADOS UNIDOS;5002603;CINEMAS BENFICA - SALA 1;23;;15690;15691;FORTALEZA;CE;CINEMAS BENFICA LTDA;07.509.597/0001-43
23/06/2016;23/06/2016 20:10:00;THE CONJURING 2;INVOCAÇÃO DO MAL 2;E1600342300000;DUBLADO;NÃO;ESTADOS UNIDOS;5003425;CINEMARK SHOPPING RAPOSO TAVARES 07;49;6000018;1843;20591;SÃO PAULO;SP;CINEMARK BRASIL S.A;00.779.721/0001-41
23/06/2016;23/06/2016 20:30:00;NOW YOU SEE ME: THE SECOND ACT;TRUQUE DE MESTRE 2;E1500269900000;DUBLADO;NÃO;ESTADOS UNIDOS;5003420;CINEMARK SHOPPING RAPOSO TAVARES 02;31;6000018;1843;20591;SÃO PAULO;SP;CINEMARK BRASIL S.A;00.779.721/0001-41
23/06/2016;23/06/2016 20:50:00;INDEPENDENCE DAY RESURGENCE;INDEPENDENCE DAY- O RESSURGIMENTO;E1600182600000;DUBLADO;NÃO;ESTADOS UNIDOS;5004488;ARAPIRACA BRA 06;30;6000027;22546;26037;ARAPIRACA;AL;REDECINE BRA CINEMATOGRÁFICA S.A.;15.422.993/0001-67
23/06/2016;23/06/2016 20:50:00;INDEPENDENCE DAY RESURGENCE;INDEPENDENCE DAY- O RESSURGIMENTO;E1600182600000;DUBLADO;NÃO;ESTADOS UNIDOS;5003424;CINEMARK SHOPPING RAPOSO TAVARES 06;13;6000018;1843;20591;SÃO PAULO;SP;CINEMARK BRASIL S.A;00.779.721/0001-41
23/06/2016;23/06/2016 20:50:00;TEENAGE MUTANT NINJA TURTLES: OUT OF THE SHADOWS;AS TARTARUGAS NINJA: FORA DAS SOMBRAS;E1600265600000;DUBLADO;NÃO;ESTADOS UNIDOS;5002063;AGUA VERDE 2;9;6000023;12893;12894;CURITIBA;PR;ESTILO PRODUÇÕES ARTISTICAS LTDA;03.293.165/0001-97
23/06/2016;23/06/2016 21:00:00;INDEPENDENCE DAY RESURGENCE;INDEPENDENCE DAY- O RESSURGIMENTO;E1600182600000;DUBLADO;NÃO;ESTADOS UNIDOS;5002062;AGUA VERDE 1;22;6000023;12893;12894;CURITIBA;PR;ESTILO PRODUÇÕES ARTISTICAS LTDA;03.293.165/0001-97
23/06/2016;23/06/2016 21:00:00;MAIS FORTE QUE O MUNDO - A HISTÓRIA DE JOSÉ ALDO;;B1600294500000;DUBLADO;NÃO;BRASIL;5003899;SALA 2;20;6000002;3136;24148;SOROCABA;SP;MSA EMPRESA CINEMATOGRÁFICA LTDA;03.608.600/0001-25
23/06/2016;23/06/2016 21:00:00;ME BEFORE YOU;COMO EU ERA ANTES DE VOCÊ;E1500875700000;ORIGINAL;SIM;ESTADOS UNIDOS;5004998;CINESYSTEM AMERICAS 02;50;6000027;5348;28834;RIO DE JANEIRO;RJ;REDECINE - RIO CINEMATOGRAFICA S.A.;07.524.011/0001-10
23/06/2016;23/06/2016 21:00:00;ME BEFORE YOU;COMO EU ERA ANTES DE VOCÊ;E1500875700000;DUBLADO;NÃO;ESTADOS UNIDOS;5001627;CINESYSTEM SHOPPING TOTAL SALA 04;117;6000027;2375;6658;CURITIBA;PR;REDECINE CWB CINEMATOGRÁFICA LTDA;05.747.411/0001-69
23/06/2016;23/06/2016 21:10:00;MAIS FORTE QUE O MUNDO - A HISTÓRIA DE JOSÉ ALDO;;B1600294500000;DUBLADO;NÃO;BRASIL;5004997;CINESYSTEM AMERICAS 01;21;6000027;5348;28834;RIO DE JANEIRO;RJ;REDECINE - RIO CINEMATOGRAFICA S.A.;07.524.011/0001-10
23/06/2016;23/06/2016 21:10:00;ME BEFORE YOU;COMO EU ERA ANTES DE VOCÊ;E1500875700000;DUBLADO;NÃO;ESTADOS UNIDOS;5004484;ARAPIRACA BRA 02;19;6000027;22546;26037;ARAPIRACA;AL;REDECINE BRA CINEMATOGRÁFICA S.A.;15.422.993/0001-67
23/06/2016;23/06/2016 21:15:00;ME BEFORE YOU;COMO EU ERA ANTES DE VOCÊ;E1500875700000;DUBLADO;NÃO;ESTADOS UNIDOS;5003900;SALA 3;133;6000002;3136;24148;SOROCABA;SP;MSA EMPRESA CINEMATOGRÁFICA LTDA;03.608.600/0001-25
23/06/2016;23/06/2016 21:20:00;INDEPENDENCE DAY RESURGENCE;INDEPENDENCE DAY- O RESSURGIMENTO;E1600182600000;DUBLADO;NÃO;ESTADOS UNIDOS;5001624;CINESYSTEM SHOPPING TOTAL SALA 01;34;6000027;2375;6658;CURITIBA;PR;REDECINE CWB CINEMATOGRÁFICA LTDA;05.747.411/0001-69
23/06/2016;23/06/2016 21:20:00;ME BEFORE YOU;COMO EU ERA ANTES DE VOCÊ;E1500875700000;ORIGINAL;SIM;ESTADOS UNIDOS;5002781;ILHA PLAZA 01;126;6000027;5348;16645;RIO DE JANEIRO;RJ;REDECINE - RIO CINEMATOGRAFICA S.A.;07.524.011/0001-10
23/06/2016;23/06/2016 21:20:00;TEENAGE MUTANT NINJA TURTLES: OUT OF THE SHADOWS;AS TARTARUGAS NINJA: FORA DAS SOMBRAS;E1600265600000;DUBLADO;NÃO;ESTADOS UNIDOS;5004487;ARAPIRACA BRA 05;12;6000027;22546;26037;ARAPIRACA;AL;REDECINE BRA CINEMATOGRÁFICA S.A.;15.422.993/0001-67
23/06/2016;23/06/2016 21:20:00;TEENAGE MUTANT NINJA TURTLES: OUT OF THE SHADOWS;AS TARTARUGAS NINJA: FORA DAS SOMBRAS;E1600265600000;DUBLADO;NÃO;ESTADOS UNIDOS;5003419;CINEMARK SHOPPING RAPOSO TAVARES 01;19;6000018;1843;20591;SÃO PAULO;SP;CINEMARK BRASIL S.A;00.779.721/0001-41
23/06/2016;23/06/2016 21:30:00;MAIS FORTE QUE O MUNDO - A HISTÓRIA DE JOSÉ ALDO;;B1600294500000;DUBLADO;NÃO;BRASIL;5002782;ILHA PLAZA 02;50;6000027;5348;16645;RIO DE JANEIRO;RJ;REDECINE - RIO CINEMATOGRAFICA S.A.;07.524.011/0001-10
23/06/2016;23/06/2016 21:30:00;ME BEFORE YOU;COMO EU ERA ANTES DE VOCÊ;E1500875700000;DUBLADO;NÃO;ESTADOS UNIDOS;5004486;ARAPIRACA BRA 04;4;6000027;22546;26037;ARAPIRACA;AL;REDECINE BRA CINEMATOGRÁFICA S.A.;15.422.993/0001-67
23/06/2016;23/06/2016 21:30:00;NOW YOU SEE ME 2;TRUQUE DE MESTRE: O 2º ATO;E1700176500000;ORIGINAL;SIM;CANADÁ;5005003;CINESYSTEM AMERICAS 07;26;6000027;5348;28834;RIO DE JANEIRO;RJ;REDECINE - RIO CINEMATOGRAFICA S.A.;07.524.011/0001-10
23/06/2016;23/06/2016 21:30:00;THE CONJURING 2;INVOCAÇÃO DO MAL 2;E1600342300000;DUBLADO;NÃO;ESTADOS UNIDOS;5001626;CINESYSTEM SHOPPING TOTAL SALA 03;64;6000027;2375;6658;CURITIBA;PR;REDECINE CWB CINEMATOGRÁFICA LTDA;05.747.411/0001-69
23/06/2016;23/06/2016 21:40:00;INDEPENDENCE DAY RESURGENCE;INDEPENDENCE DAY- O RESSURGIMENTO;E1600182600000;DUBLADO;NÃO;ESTADOS UNIDOS;5004483;ARAPIRACA BRA 01;15;6000027;22546;26037;ARAPIRACA;AL;REDECINE BRA CINEMATOGRÁFICA S.A.;15.422.993/0001-67
23/06/2016;23/06/2016 21:40:00;INDEPENDENCE DAY RESURGENCE;INDEPENDENCE DAY- O RESSURGIMENTO;E1600182600000;ORIGINAL;SIM;ESTADOS UNIDOS;5002783;ILHA PLAZA 04;49;6000027;5348;16645;RIO DE JANEIRO;RJ;REDECINE - RIO CINEMATOGRAFICA S.A.;07.524.011/0001-10
23/06/2016;23/06/2016 21:40:00;MAIS FORTE QUE O MUNDO - A HISTÓRIA DE JOSÉ ALDO;;B1600294500000;ORIGINAL;NÃO;BRASIL;5003422;CINEMARK SHOPPING RAPOSO TAVARES 04;9;6000018;1843;20591;SÃO PAULO;SP;CINEMARK BRASIL S.A;00.779.721/0001-41
23/06/2016;23/06/2016 21:40:00;MAIS FORTE QUE O MUNDO - A HISTÓRIA DE JOSÉ ALDO;;B1600294500000;DUBLADO;NÃO;BRASIL;5005001;CINESYSTEM AMERICAS 05;14;6000027;5348;28834;RIO DE JANEIRO;RJ;REDECINE - RIO CINEMATOGRAFICA S.A.;07.524.011/0001-10
23/06/2016;23/06/2016 21:40:00;ME BEFORE YOU;COMO EU ERA ANTES DE VOCÊ;E1500875700000;ORIGINAL;SIM;ESTADOS UNIDOS;5003085;CINESPAÇO FLORIANÓPOLIS 3;33;6000018;1014;19103;FLORIANÓPOLIS;SC;CIRCUITO ESPAÇO DE CINEMA S/A;03.695.435/0001-96
23/06/2016;23/06/2016 21:50:00;ALDO - MAIS FORTE QUE O MUNDO;;B1600785100000;DUBLADO;NÃO;BRASIL;5001628;CINESYSTEM SHOPPING TOTAL SALA 05;19;6000027;2375;6658;CURITIBA;PR;REDECINE CWB CINEMATOGRÁFICA LTDA;05.747.411/0001-69
23/06/2016;23/06/2016 21:50:00;INDEPENDENCE DAY RESURGENCE;INDEPENDENCE DAY- O RESSURGIMENTO;E1600182600000;ORIGINAL;SIM;ESTADOS UNIDOS;5005002;CINESYSTEM AMERICAS 06;31;6000027;5348;28834;RIO DE JANEIRO;RJ;REDECINE - RIO CINEMATOGRAFICA S.A.;07.524.011/0001-10
23/06/2016;23/06/2016 21:50:00;ME BEFORE YOU;COMO EU ERA ANTES DE VOCÊ;E1500875700000;DUBLADO;NÃO;ESTADOS UNIDOS;5003421;CINEMARK SHOPPING RAPOSO TAVARES 03;32;6000018;1843;20591;SÃO PAULO;SP;CINEMARK BRASIL S.A;00.779.721/0001-41
23/06/2016;23/06/2016 21:50:00;THE CONJURING 2;INVOCAÇÃO DO MAL 2;E1600342300000;DUBLADO;NÃO;ESTADOS UNIDOS;5004485;ARAPIRACA BRA 03;2;6000027;22546;26037;ARAPIRACA;AL;REDECINE BRA CINEMATOGRÁFICA S.A.;15.422.993/0001-67
23/06/2016;23/06/2016 22:00:00;INDEPENDENCE DAY RESURGENCE;INDEPENDENCE DAY- O RESSURGIMENTO;E1600182600000;DUBLADO;NÃO;ESTADOS UNIDOS;5001625;CINESYSTEM SHOPPING TOTAL SALA 02;26;6000027;2375;6658;CURITIBA;PR;REDECINE CWB CINEMATOGRÁFICA LTDA;05.747.411/0001-69
23/06/2016;23/06/2016 22:00:00;THE CONJURING 2;INVOCAÇÃO DO MAL 2;E1600342300000;ORIGINAL;SIM;ESTADOS UNIDOS;5005000;CINESYSTEM AMERICAS 04;10;6000027;5348;28834;RIO DE JANEIRO;RJ;REDECINE - RIO CINEMATOGRAFICA S.A.;07.524.011/0001-10
23/06/2016;23/06/2016 22:10:00;INDEPENDENCE DAY RESURGENCE;INDEPENDENCE DAY- O RESSURGIMENTO;E1600182600000;DUBLADO;NÃO;ESTADOS UNIDOS;5003423;CINEMARK SHOPPING RAPOSO TAVARES 05;25;6000018;1843;20591;SÃO PAULO;SP;CINEMARK BRASIL S.A;00.779.721/0001-41
24/06/2016;24/06/2016 12:50:00;TEENAGE MUTANT NINJA TURTLES: OUT OF THE SHADOWS;AS TARTARUGAS NINJA: FORA DAS SOMBRAS;E1600265600000;DUBLADO;NÃO;ESTADOS UNIDOS;5003424;CINEMARK SHOPPING RAPOSO TAVARES 06;2;6000018;1843;20591;SÃO PAULO;SP;CINEMARK BRASIL S.A;00.779.721/0001-41
24/06/2016;24/06/2016 13:00:00;INDEPENDENCE DAY RESURGENCE;INDEPENDENCE DAY- O RESSURGIMENTO;E1600182600000;DUBLADO;NÃO;ESTADOS UNIDOS;5003419;CINEMARK SHOPPING RAPOSO TAVARES 01;11;6000018;1843;20591;SÃO PAULO;SP;CINEMARK BRASIL S.A;00.779.721/0001-41
24/06/2016;24/06/2016 13:10:00;MAIS FORTE QUE O MUNDO - A HISTÓRIA DE JOSÉ ALDO;;B1600294500000;ORIGINAL;NÃO;BRASIL;5003422;CINEMARK SHOPPING RAPOSO TAVARES 04;2;6000018;1843;20591;SÃO PAULO;SP;CINEMARK BRASIL S.A;00.779.721/0001-41
24/06/2016;24/06/2016 13:20:00;INDEPENDENCE DAY RESURGENCE;INDEPENDENCE DAY- O RESSURGIMENTO;E1600182600000;DUBLADO;NÃO;ESTADOS UNIDOS;5004488;ARAPIRACA BRA 06;17;6000027;22546;26037;ARAPIRACA;AL;REDECINE BRA CINEMATOGRÁFICA S.A.;15.422.993/0001-67
24/06/2016;24/06/2016 13:20:00;MAIS FORTE QUE O MUNDO - A HISTÓRIA DE JOSÉ ALDO;;B1600294500000;DUBLADO;NÃO;BRASIL;5004997;CINESYSTEM AMERICAS 01;2;6000027;5348;28834;RIO DE JANEIRO;RJ;REDECINE - RIO CINEMATOGRAFICA S.A.;07.524.011/0001-10
24/06/2016;24/06/2016 13:20:00;TEENAGE MUTANT NINJA TURTLES: OUT OF THE SHADOWS;AS TARTARUGAS NINJA: FORA DAS SOMBRAS;E1600265600000;DUBLADO;NÃO;ESTADOS UNIDOS;5002603;CINEMAS BENFICA - SALA 1;16;;15690;15691;FORTALEZA;CE;CINEMAS BENFICA LTDA;07.509.597/0001-43
24/06/2016;24/06/2016 13:25:00;NOW YOU SEE ME: THE SECOND ACT;TRUQUE DE MESTRE 2;E1500269900000;DUBLADO;NÃO;ESTADOS UNIDOS;5004484;ARAPIRACA BRA 02;31;6000027;22546;26037;ARAPIRACA;AL;REDECINE BRA CINEMATOGRÁFICA S.A.;15.422.993/0001-67
24/06/2016;24/06/2016 13:25:00;TEENAGE MUTANT NINJA TURTLES: OUT OF THE SHADOWS;AS TARTARUGAS NINJA: FORA DAS SOMBRAS;E1600265600000;DUBLADO;NÃO;ESTADOS UNIDOS;5004999;CINESYSTEM AMERICAS 03;12;6000027;5348;28834;RIO DE JANEIRO;RJ;REDECINE - RIO CINEMATOGRAFICA S.A.;07.524.011/0001-10
24/06/2016;24/06/2016 13:25:00;THE CONJURING 2;INVOCAÇÃO DO MAL 2;E1600342300000;DUBLADO;NÃO;ESTADOS UNIDOS;5005572;CINESYSTEM PAULISTA SALA 01;43;6000027;22546;33152;PAULISTA;PE;REDECINE BRA CINEMATOGRÁFICA S.A.;15.422.993/0001-67
24/06/2016;24/06/2016 13:30:00;NOW YOU SEE ME 2;TRUQUE DE MESTRE: O 2º ATO;E1700176500000;ORIGINAL;SIM;CANADÁ;5005003;CINESYSTEM AMERICAS 07;23;6000027;5348;28834;RIO DE JANEIRO;RJ;REDECINE - RIO CINEMATOGRAFICA S.A.;07.524.011/0001-10
24/06/2016;24/06/2016 13:30:00;THE CONJURING 2;INVOCAÇÃO DO MAL 2;E1600342300000;DUBLADO;NÃO;ESTADOS UNIDOS;5004485;ARAPIRACA BRA 03;16;6000027;22546;26037;ARAPIRACA;AL;REDECINE BRA CINEMATOGRÁFICA S.A.;15.422.993/0001-67
24/06/2016;24/06/2016 13:40:00;INDEPENDENCE DAY RESURGENCE;INDEPENDENCE DAY- O RESSURGIMENTO;E1600182600000;DUBLADO;NÃO;ESTADOS UNIDOS;5003423;CINEMARK SHOPPING RAPOSO TAVARES 05;9;6000018;1843;20591;SÃO PAULO;SP;CINEMARK BRASIL S.A;00.779.721/0001-41
24/06/2016;24/06/2016 13:40:00;ME BEFORE YOU;COMO EU ERA ANTES DE VOCÊ;E1500875700000;ORIGINAL;SIM;ESTADOS UNIDOS;5004998;CINESYSTEM AMERICAS 02;22;6000027;5348;28834;RIO DE JANEIRO;RJ;REDECINE - RIO CINEMATOGRAFICA S.A.;07.524.011/0001-10
24/06/2016;24/06/2016 13:40:00;TEENAGE MUTANT NINJA TURTLES: OUT OF THE SHADOWS;AS TARTARUGAS NINJA: FORA DAS SOMBRAS;E1600265600000;DUBLADO;NÃO;ESTADOS UNIDOS;5004487;ARAPIRACA BRA 05;50;6000027;22546;26037;ARAPIRACA;AL;REDECINE BRA CINEMATOGRÁFICA S.A.;15.422.993/0001-67
24/06/2016;24/06/2016 13:45:00;THE CONJURING 2;INVOCAÇÃO DO MAL 2;E1600342300000;DUBLADO;NÃO;ESTADOS UNIDOS;5005000;CINESYSTEM AMERICAS 04;13;6000027;5348;28834;RIO DE JANEIRO;RJ;REDECINE - RIO CINEMATOGRAFICA S.A.;07.524.011/0001-10
24/06/2016;24/06/2016 13:50:00;ALICE THROUGH THE LOOKING GLASS;ALICE ATRAVÉS DO ESPELHO;E1600259100000;DUBLADO;NÃO;ESTADOS UNIDOS;5001626;CINESYSTEM SHOPPING TOTAL SALA 03;5;6000027;2375;6658;CURITIBA;PR;REDECINE CWB CINEMATOGRÁFICA LTDA;05.747.411/0001-69
24/06/2016;24/06/2016 13:50:00;MAIS FORTE QUE O MUNDO - A HISTÓRIA DE JOSÉ ALDO;;B1600294500000;DUBLADO;NÃO;BRASIL;5005001;CINESYSTEM AMERICAS 05;4;6000027;5348;28834;RIO DE JANEIRO;RJ;REDECINE - RIO CINEMATOGRAFICA S.A.;07.524.011/0001-10
24/06/2016;24/06/2016 13:50:00;ME BEFORE YOU;COMO EU ERA ANTES DE VOCÊ;E1500875700000;DUBLADO;NÃO;ESTADOS UNIDOS;5005576;CINESYSTEM PAULISTA SALA 06;35;6000027;22546;33152;PAULISTA;PE;REDECINE BRA CINEMATOGRÁFICA S.A.;15.422.993/0001-67
24/06/2016;24/06/2016 13:50:00;NOW YOU SEE ME: THE SECOND ACT;TRUQUE DE MESTRE 2;E1500269900000;ORIGINAL;SIM;ESTADOS UNIDOS;5002781;ILHA PLAZA 01;19;6000027;5348;16645;RIO DE JANEIRO;RJ;REDECINE - RIO CINEMATOGRAFICA S.A.;07.524.011/0001-10
24/06/2016;24/06/2016 14:00:00;INDEPENDENCE DAY RESURGENCE;INDEPENDENCE DAY- O RESSURGIMENTO;E1600182600000;DUBLADO;NÃO;ESTADOS UNIDOS;5002062;AGUA VERDE 1;1;6000023;12893;12894;CURITIBA;PR;ESTILO PRODUÇÕES ARTISTICAS LTDA;03.293.165/0001-97
24/06/2016;24/06/2016 14:00:00;ME BEFORE YOU;COMO EU ERA ANTES DE VOCÊ;E1500875700000;DUBLADO;NÃO;ESTADOS UNIDOS;5003421;CINEMARK SHOPPING RAPOSO TAVARES 03;25;6000018;1843;20591;SÃO PAULO;SP;CINEMARK BRASIL S.A;00.779.721/0001-41
24/06/2016;24/06/2016 14:00:00;ME BEFORE YOU;COMO EU ERA ANTES DE VOCÊ;E1500875700000;DUBLADO;NÃO;ESTADOS UNIDOS;5001627;CINESYSTEM SHOPPING TOTAL SALA 04;9;6000027;2375;6658;CURITIBA;PR;REDECINE CWB CINEMATOGRÁFICA LTDA;05.747.411/0001-69
24/06/2016;24/06/2016 14:10:00;INDEPENDENCE DAY RESURGENCE;INDEPENDENCE DAY- O RESSURGIMENTO;E1600182600000;DUBLADO;NÃO;ESTADOS UNIDOS;5004483;ARAPIRACA BRA 01;64;6000027;22546;26037;ARAPIRACA;AL;REDECINE BRA CINEMATOGRÁFICA S.A.;15.422.993/0001-67
24/06/2016;24/06/2016 14:10:00;ME BEFORE YOU;COMO EU ERA ANTES DE VOCÊ;E1500875700000;DUBLADO;NÃO;ESTADOS UNIDOS;5004486;ARAPIRACA BRA 04;90;6000027;22546;26037;ARAPIRACA;AL;REDECINE BRA CINEMATOGRÁFICA S.A.;15.422.993/0001-67
24/06/2016;24/06/2016 14:10:00;TEENAGE MUTANT NINJA TURTLES: OUT OF THE SHADOWS;AS TARTARUGAS NINJA: FORA DAS SOMBRAS;E1600265600000;DUBLADO;NÃO;ESTADOS UNIDOS;5001624;CINESYSTEM SHOPPING TOTAL SALA 01;7;6000027;2375;6658;CURITIBA;PR;REDECINE CWB CINEMATOGRÁFICA LTDA;05.747.411/0001-69
24/06/2016;24/06/2016 14:10:00;THE CONJURING 2;INVOCAÇÃO DO MAL 2;E1600342300000;DUBLADO;NÃO;ESTADOS UNIDOS;5003425;CINEMARK SHOPPING RAPOSO TAVARES 07;22;6000018;1843;20591;SÃO PAULO;SP;CINEMARK BRASIL S.A;00.779.721/0001-41
24/06/2016;24/06/2016 14:20:00;ALDO - MAIS FORTE QUE O MUNDO;;B1600785100000;DUBLADO;NÃO;BRASIL;5001628;CINESYSTEM SHOPPING TOTAL SALA 05;1;6000027;2375;6658;CURITIBA;PR;REDECINE CWB CINEMATOGRÁFICA LTDA;05.747.411/0001-69
24/06/2016;24/06/2016 14:20:00;INDEPENDENCE DAY RESURGENCE;INDEPENDENCE DAY- O RESSURGIMENTO;E1600182600000;ORIGINAL;SIM;ESTADOS UNIDOS;5005002;CINESYSTEM AMERICAS 06;19;6000027;5348;28834;RIO DE JANEIRO;RJ;REDECINE - RIO CINEMATOGRAFICA S.A.;07.524.011/0001-10
24/06/2016;24/06/2016 14:20:00;TEENAGE MUTANT NINJA TURTLES: OUT OF THE SHADOWS;AS TARTARUGAS NINJA: FORA DAS SOMBRAS;E1600265600000;DUBLADO;NÃO;ESTADOS UNIDOS;5002063;AGUA VERDE 2;2;6000023;12893;12894;CURITIBA;PR;ESTILO PRODUÇÕES ARTISTICAS LTDA;03.293.165/0001-97
24/06/2016;24/06/2016 14:30:00;INDEPENDENCE DAY RESURGENCE;INDEPENDENCE DAY- O RESSURGIMENTO;E1600182600000;DUBLADO;NÃO;ESTADOS UNIDOS;5001625;CINESYSTEM SHOPPING TOTAL SALA 02;9;6000027;2375;6658;CURITIBA;PR;REDECINE CWB CINEMATOGRÁFICA LTDA;05.747.411/0001-69
24/06/2016;24/06/2016 14:30:00;ME BEFORE YOU;COMO EU ERA ANTES DE VOCÊ;E1500875700000;DUBLADO;NÃO;ESTADOS UNIDOS;5003900;SALA 3;15;6000002;3136;24148;SOROCABA;SP;MSA EMPRESA CINEMATOGRÁFICA LTDA;03.608.600/0001-25
24/06/2016;24/06/2016 14:30:00;NOW YOU SEE ME: THE SECOND ACT;TRUQUE DE MESTRE 2;E1500269900000;DUBLADO;NÃO;ESTADOS UNIDOS;5003420;CINEMARK SHOPPING RAPOSO TAVARES 02;30;6000018;1843;20591;SÃO PAULO;SP;CINEMARK BRASIL S.A;00.779.721/0001-41
24/06/2016;24/06/2016 14:40:00;ME BEFORE YOU;COMO EU ERA ANTES DE VOCÊ;E1500875700000;DUBLADO;NÃO;ESTADOS UNIDOS;5003087;CINESPAÇO FLORIANÓPOLIS 1;81;6000018;1014;19103;FLORIANÓPOLIS;SC;CIRCUITO ESPAÇO DE CINEMA S/A;03.695.435/0001-96
24/06/2016;24/06/2016 15:25:00;TEENAGE MUTANT NINJA TURTLES: OUT OF THE SHADOWS;AS TARTARUGAS NINJA: FORA DAS SOMBRAS;E1600265600000;DUBLADO;NÃO;ESTADOS UNIDOS;5003424;CINEMARK SHOPPING RAPOSO TAVARES 06;21;6000018;1843;20591;SÃO PAULO;SP;CINEMARK BRASIL S.A;00.779.721/0001-41
24/06/2016;24/06/2016 15:40:00;TEENAGE MUTANT NINJA TURTLES: OUT OF THE SHADOWS;AS TARTARUGAS NINJA: FORA DAS SOMBRAS;E1600265600000;DUBLADO;NÃO;ESTADOS UNIDOS;5002603;CINEMAS BENFICA - SALA 1;14;;15690;15691;FORTALEZA;CE;CINEMAS BENFICA LTDA;07.509.597/0001-43
24/06/2016;24/06/2016 15:50:00;INDEPENDENCE DAY RESURGENCE;INDEPENDENCE DAY- O RESSURGIMENTO;E1600182600000;DUBLADO;NÃO;ESTADOS UNIDOS;5004488;ARAPIRACA BRA 06;66;6000027;22546;26037;ARAPIRACA;AL;REDECINE BRA CINEMATOGRÁFICA S.A.;15.422.993/0001-67
24/06/2016;24/06/2016 15:50:00;INDEPENDENCE DAY RESURGENCE;INDEPENDENCE DAY- O RESSURGIMENTO;E1600182600000;DUBLADO;NÃO;ESTADOS UNIDOS;5003419;CINEMARK SHOPPING RAPOSO TAVARES 01;22;6000018;1843;20591;SÃO PAULO;SP;CINEMARK BRASIL S.A;00.779.721/0001-41
24/06/2016;24/06/2016 15:50:00;TEENAGE MUTANT NINJA TURTLES: OUT OF THE SHADOWS;AS TARTARUGAS NINJA: FORA DAS SOMBRAS;E1600265600000;DUBLADO;NÃO;ESTADOS UNIDOS;5004999;CINESYSTEM AMERICAS 03;24;6000027;5348;28834;RIO DE JANEIRO;RJ;REDECINE - RIO CINEMATOGRAFICA S.A.;07.524.011/0001-10
24/06/2016;24/06/2016 16:00:00;MAIS FORTE QUE O MUNDO - A HISTÓRIA DE JOSÉ ALDO;;B1600294500000;ORIGINAL;NÃO;BRASIL;5003422;CINEMARK SHOPPING RAPOSO TAVARES 04;5;6000018;1843;20591;SÃO PAULO;SP;CINEMARK BRASIL S.A;00.779.721/0001-41
24/06/2016;24/06/2016 16:00:00;MAIS FORTE QUE O MUNDO - A HISTÓRIA DE JOSÉ ALDO;;B1600294500000;DUBLADO;NÃO;BRASIL;5003899;SALA 2;0;6000002;3136;24148;SOROCABA;SP;MSA EMPRESA CINEMATOGRÁFICA LTDA;03.608.600/0001-25
24/06/2016;24/06/2016 16:00:00;ME BEFORE YOU;COMO EU ERA ANTES DE VOCÊ;E1500875700000;DUBLADO;NÃO;ESTADOS UNIDOS;5004997;CINESYSTEM AMERICAS 01;11;6000027;5348;28834;RIO DE JANEIRO;RJ;REDECINE - RIO CINEMATOGRAFICA S.A.;07.524.011/0001-10
24/06/2016;24/06/2016 16:05:00;ME BEFORE YOU;COMO EU ERA ANTES DE VOCÊ;E1500875700000;DUBLADO;NÃO;ESTADOS UNIDOS;5004484;ARAPIRACA BRA 02;59;6000027;22546;26037;ARAPIRACA;AL;REDECINE BRA CINEMATOGRÁFICA S.A.;15.422.993/0001-67
24/06/2016;24/06/2016 16:10:00;NOW YOU SEE ME 2;TRUQUE DE MESTRE: O 2º ATO;E1700176500000;ORIGINAL;SIM;CANADÁ;5005003;CINESYSTEM AMERICAS 07;37;6000027;5348;28834;RIO DE JANEIRO;RJ;REDECINE - RIO CINEMATOGRAFICA S.A.;07.524.011/0001-10
24/06/2016;24/06/2016 16:10:00;TEENAGE MUTANT NINJA TURTLES: OUT OF THE SHADOWS;AS TARTARUGAS NINJA: FORA DAS SOMBRAS;E1600265600000;DUBLADO;NÃO;ESTADOS UNIDOS;5004487;ARAPIRACA BRA 05;79;6000027;22546;26037;ARAPIRACA;AL;REDECINE BRA CINEMATOGRÁFICA S.A.;15.422.993/0001-67
24/06/2016;24/06/2016 16:10:00;THE CONJURING 2;INVOCAÇÃO DO MAL 2;E1600342300000;DUBLADO;NÃO;ESTADOS UNIDOS;5005572;CINESYSTEM PAULISTA SALA 01;76;6000027;22546;33152;PAULISTA;PE;REDECINE BRA CINEMATOGRÁFICA S.A.;15.422.993/0001-67
24/06/2016;24/06/2016 16:10:00;THE CONJURING 2;INVOCAÇÃO DO MAL 2;E1600342300000;DUBLADO;NÃO;ESTADOS UNIDOS;5001626;CINESYSTEM SHOPPING TOTAL SALA 03;26;6000027;2375;6658;CURITIBA;PR;REDECINE CWB CINEMATOGRÁFICA LTDA;05.747.411/0001-69
24/06/2016;24/06/2016 16:20:00;INDEPENDENCE DAY RESURGENCE;INDEPENDENCE DAY- O RESSURGIMENTO;E1600182600000;DUBLADO;NÃO;ESTADOS UNIDOS;5002062;AGUA VERDE 1;7;6000023;12893;12894;CURITIBA;PR;ESTILO PRODUÇÕES ARTISTICAS LTDA;03.293.165/0001-97
24/06/2016;24/06/2016 16:20:00;ME BEFORE YOU;COMO EU ERA ANTES DE VOCÊ;E1500875700000;ORIGINAL;SIM;ESTADOS UNIDOS;5004998;CINESYSTEM AMERICAS 02;26;6000027;5348;28834;RIO DE JANEIRO;RJ;REDECINE - RIO CINEMATOGRAFICA S.A.;07.524.011/0001-10
24/06/2016;24/06/2016 16:20:00;ME BEFORE YOU;COMO EU ERA ANTES DE VOCÊ;E1500875700000;DUBLADO;NÃO;ESTADOS UNIDOS;5005576;CINESYSTEM PAULISTA SALA 06;67;6000027;22546;33152;PAULISTA;PE;REDECINE BRA CINEMATOGRÁFICA S.A.;15.422.993/0001-67
24/06/2016;24/06/2016 16:20:00;ME BEFORE YOU;COMO EU ERA ANTES DE VOCÊ;E1500875700000;DUBLADO;NÃO;ESTADOS UNIDOS;5001627;CINESYSTEM SHOPPING TOTAL SALA 04;9;6000027;2375;6658;CURITIBA;PR;REDECINE CWB CINEMATOGRÁFICA LTDA;05.747.411/0001-69
24/06/2016;24/06/2016 16:20:00;THE CONJURING 2;INVOCAÇÃO DO MAL 2;E1600342300000;DUBLADO;NÃO;ESTADOS UNIDOS;5004485;ARAPIRACA BRA 03;63;6000027;22546;26037;ARAPIRACA;AL;REDECINE BRA CINEMATOGRÁFICA S.A.;15.422.993/0001-67
24/06/2016;24/06/2016 16:25:00;MAIS FORTE QUE O MUNDO - A HISTÓRIA DE JOSÉ ALDO;;B1600294500000;DUBLADO;NÃO;BRASIL;5005001;CINESYSTEM AMERICAS 05;7;6000027;5348;28834;RIO DE JANEIRO;RJ;REDECINE - RIO CINEMATOGRAFICA S.A.;07.524.011/0001-10
24/06/2016;24/06/2016 16:30:00;INDEPENDENCE DAY RESURGENCE;INDEPENDENCE DAY- O RESSURGIMENTO;E1600182600000;DUBLADO;NÃO;ESTADOS UNIDOS;5003423;CINEMARK SHOPPING RAPOSO TAVARES 05;12;6000018;1843;20591;SÃO PAULO;SP;CINEMARK BRASIL S.A;00.779.721/0001-41
24/06/2016;24/06/2016 16:30:00;INDEPENDENCE DAY RESURGENCE;INDEPENDENCE DAY- O RESSURGIMENTO;E1600182600000;DUBLADO;NÃO;ESTADOS UNIDOS;5001624;CINESYSTEM SHOPPING TOTAL SALA 01;5;6000027;2375;6658;CURITIBA;PR;REDECINE CWB CINEMATOGRÁFICA LTDA;05.747.411/0001-69
24/06/2016;24/06/2016 16:30:00;ME BEFORE YOU;COMO EU ERA ANTES DE VOCÊ;E1500875700000;DUBLADO;NÃO;ESTADOS UNIDOS;5004486;ARAPIRACA BRA 04;50;6000027;22546;26037;ARAPIRACA;AL;REDECINE BRA CINEMATOGRÁFICA S.A.;15.422.993/0001-67
24/06/2016;24/06/2016 16:30:00;TEENAGE MUTANT NINJA TURTLES: OUT OF THE SHADOWS;AS TARTARUGAS NINJA: FORA DAS SOMBRAS;E1600265600000;DUBLADO;NÃO;ESTADOS UNIDOS;5002063;AGUA VERDE 2;0;6000023;12893;12894;CURITIBA;PR;ESTILO PRODUÇÕES ARTISTICAS LTDA;03.293.165/0001-97
24/06/2016;24/06/2016 16:30:00;THE CONJURING 2;INVOCAÇÃO DO MAL 2;E1600342300000;ORIGINAL;SIM;ESTADOS UNIDOS;5005000;CINESYSTEM AMERICAS 04;39;6000027;5348;28834;RIO DE JANEIRO;RJ;REDECINE - RIO CINEMATOGRAFICA S.A.;07.524.011/0001-10
24/06/2016;24/06/2016 16:40:00;INDEPENDENCE DAY RESURGENCE;INDEPENDENCE DAY- O RESSURGIMENTO;E1600182600000;DUBLADO;NÃO;ESTADOS UNIDOS;5004483;ARAPIRACA BRA 01;47;6000027;22546;26037;ARAPIRACA;AL;REDECINE BRA CINEMATOGRÁFICA S.A.;15.422.993/0001-67
24/06/2016;24/06/2016 16:40:00;ME BEFORE YOU;COMO EU ERA ANTES DE VOCÊ;E1500875700000;DUBLADO;NÃO;ESTADOS UNIDOS;5003421;CINEMARK SHOPPING RAPOSO TAVARES 03;18;6000018;1843;20591;SÃO PAULO;SP;CINEMARK BRASIL S.A;00.779.721/0001-41
24/06/2016;24/06/2016 16:40:00;ME BEFORE YOU;COMO EU ERA ANTES DE VOCÊ;E1500875700000;DUBLADO;NÃO;ESTADOS UNIDOS;5002781;ILHA PLAZA 01;68;6000027;5348;16645;RIO DE JANEIRO;RJ;REDECINE - RIO CINEMATOGRAFICA S.A.;07.524.011/0001-10
24/06/2016;24/06/2016 16:45:00;ME BEFORE YOU;COMO EU ERA ANTES DE VOCÊ;E1500875700000;DUBLADO;NÃO;ESTADOS UNIDOS;5003900;SALA 3;10;6000002;3136;24148;SOROCABA;SP;MSA EMPRESA CINEMATOGRÁFICA LTDA;03.608.600/0001-25
24/06/2016;24/06/2016 16:50:00;ALDO - MAIS FORTE QUE O MUNDO;;B1600785100000;DUBLADO;NÃO;BRASIL;5001628;CINESYSTEM SHOPPING TOTAL SALA 05;0;6000027;2375;6658;CURITIBA;PR;REDECINE CWB CINEMATOGRÁFICA LTDA;05.747.411/0001-69
24/06/2016;24/06/2016 16:50:00;INDEPENDENCE DAY RESURGENCE;INDEPENDENCE DAY- O RESSURGIMENTO;E1600182600000;ORIGINAL;SIM;ESTADOS UNIDOS;5005002;CINESYSTEM AMERICAS 06;17;6000027;5348;28834;RIO DE JANEIRO;RJ;REDECINE - RIO CINEMATOGRAFICA S.A.;07.524.011/0001-10
24/06/2016;24/06/2016 17:00:00;INDEPENDENCE DAY RESURGENCE;INDEPENDENCE DAY- O RESSURGIMENTO;E1600182600000;ORIGINAL;SIM;ESTADOS UNIDOS;5001625;CINESYSTEM SHOPPING TOTAL SALA 02;1;6000027;2375;6658;CURITIBA;PR;REDECINE CWB CINEMATOGRÁFICA LTDA;05.747.411/0001-69
24/06/2016;24/06/2016 17:00:00;ME BEFORE YOU;COMO EU ERA ANTES DE VOCÊ;E1500875700000;ORIGINAL;SIM;ESTADOS UNIDOS;5003087;CINESPAÇO FLORIANÓPOLIS 1;85;6000018;1014;19103;FLORIANÓPOLIS;SC;CIRCUITO ESPAÇO DE CINEMA S/A;03.695.435/0001-96
24/06/2016;24/06/2016 17:10:00;THE CONJURING 2;INVOCAÇÃO DO MAL 2;E1600342300000;DUBLADO;NÃO;ESTADOS UNIDOS;5003425;CINEMARK SHOPPING RAPOSO TAVARES 07;24;6000018;1843;20591;SÃO PAULO;SP;CINEMARK BRASIL S.A;00.779.721/0001-41
24/06/2016;24/06/2016 17:30:00;NOW YOU SEE ME: THE SECOND ACT;TRUQUE DE MESTRE 2;E1500269900000;DUBLADO;NÃO;ESTADOS UNIDOS;5003420;CINEMARK SHOPPING RAPOSO TAVARES 02;37;6000018;1843;20591;SÃO PAULO;SP;CINEMARK BRASIL S.A;00.779.721/0001-41
24/06/2016;24/06/2016 17:55:00;TEENAGE MUTANT NINJA TURTLES: OUT OF THE SHADOWS;AS TARTARUGAS NINJA: FORA DAS SOMBRAS;E1600265600000;DUBLADO;NÃO;ESTADOS UNIDOS;5002603;CINEMAS BENFICA - SALA 1;26;;15690;15691;FORTALEZA;CE;CINEMAS BENFICA LTDA;07.509.597/0001-43
24/06/2016;24/06/2016 18:00:00;INDEPENDENCE DAY RESURGENCE;INDEPENDENCE DAY- O RESSURGIMENTO;E1600182600000;DUBLADO;NÃO;ESTADOS UNIDOS;5003424;CINEMARK SHOPPING RAPOSO TAVARES 06;22;6000018;1843;20591;SÃO PAULO;SP;CINEMARK BRASIL S.A;00.779.721/0001-41
24/06/2016;24/06/2016 18:15:00;INDEPENDENCE DAY RESURGENCE;INDEPENDENCE DAY- O RESSURGIMENTO;E1600182600000;DUBLADO;NÃO;ESTADOS UNIDOS;5004999;CINESYSTEM AMERICAS 03;17;6000027;5348;28834;RIO DE JANEIRO;RJ;REDECINE - RIO CINEMATOGRAFICA S.A.;07.524.011/0001-10
24/06/2016;24/06/2016 18:20:00;INDEPENDENCE DAY RESURGENCE;INDEPENDENCE DAY- O RESSURGIMENTO;E1600182600000;DUBLADO;NÃO;ESTADOS UNIDOS;5004488;ARAPIRACA BRA 06;23;6000027;22546;26037;ARAPIRACA;AL;REDECINE BRA CINEMATOGRÁFICA S.A.;15.422.993/0001-67
24/06/2016;24/06/2016 18:30:00;MAIS FORTE QUE O MUNDO - A HISTÓRIA DE JOSÉ ALDO;;B1600294500000;DUBLADO;NÃO;BRASIL;5003899;SALA 2;2;6000002;3136;24148;SOROCABA;SP;MSA EMPRESA CINEMATOGRÁFICA LTDA;03.608.600/0001-25
24/06/2016;24/06/2016 18:30:00;NOW YOU SEE ME: THE SECOND ACT;TRUQUE DE MESTRE 2;E1500269900000;DUBLADO;NÃO;ESTADOS UNIDOS;5004484;ARAPIRACA BRA 02;30;6000027;22546;26037;ARAPIRACA;AL;REDECINE BRA CINEMATOGRÁFICA S.A.;15.422.993/0001-67
24/06/2016;24/06/2016 18:30:00;TEENAGE MUTANT NINJA TURTLES: OUT OF THE SHADOWS;AS TARTARUGAS NINJA: FORA DAS SOMBRAS;E1600265600000;DUBLADO;NÃO;ESTADOS UNIDOS;5004997;CINESYSTEM AMERICAS 01;64;6000027;5348;28834;RIO DE JANEIRO;RJ;REDECINE - RIO CINEMATOGRAFICA S.A.;07.524.011/0001-10
24/06/2016;24/06/2016 18:40:00;ME BEFORE YOU;COMO EU ERA ANTES DE VOCÊ;E1500875700000;ORIGINAL;SIM;ESTADOS UNIDOS;5004998;CINESYSTEM AMERICAS 02;80;6000027;5348;28834;RIO DE JANEIRO;RJ;REDECINE - RIO CINEMATOGRAFICA S.A.;07.524.011/0001-10
24/06/2016;24/06/2016 18:40:00;ME BEFORE YOU;COMO EU ERA ANTES DE VOCÊ;E1500875700000;DUBLADO;NÃO;ESTADOS UNIDOS;5005576;CINESYSTEM PAULISTA SALA 06;53;6000027;22546;33152;PAULISTA;PE;REDECINE BRA CINEMATOGRÁFICA S.A.;15.422.993/0001-67
24/06/2016;24/06/2016 18:40:00;ME BEFORE YOU;COMO EU ERA ANTES DE VOCÊ;E1500875700000;DUBLADO;NÃO;ESTADOS UNIDOS;5001627;CINESYSTEM SHOPPING TOTAL SALA 04;38;6000027;2375;6658;CURITIBA;PR;REDECINE CWB CINEMATOGRÁFICA LTDA;05.747.411/0001-69
24/06/2016;24/06/2016 18:40:00;TEENAGE MUTANT NINJA TURTLES: OUT OF THE SHADOWS;AS TARTARUGAS NINJA: FORA DAS SOMBRAS;E1600265600000;DUBLADO;NÃO;ESTADOS UNIDOS;5002063;AGUA VERDE 2;4;6000023;12893;12894;CURITIBA;PR;ESTILO PRODUÇÕES ARTISTICAS LTDA;03.293.165/0001-97
24/06/2016;24/06/2016 18:40:00;TEENAGE MUTANT NINJA TURTLES: OUT OF THE SHADOWS;AS TARTARUGAS NINJA: FORA DAS SOMBRAS;E1600265600000;DUBLADO;NÃO;ESTADOS UNIDOS;5004487;ARAPIRACA BRA 05;64;6000027;22546;26037;ARAPIRACA;AL;REDECINE BRA CINEMATOGRÁFICA S.A.;15.422.993/0001-67
24/06/2016;24/06/2016 18:40:00;TEENAGE MUTANT NINJA TURTLES: OUT OF THE SHADOWS;AS TARTARUGAS NINJA: FORA DAS SOMBRAS;E1600265600000;DUBLADO;NÃO;ESTADOS UNIDOS;5003419;CINEMARK SHOPPING RAPOSO TAVARES 01;39;6000018;1843;20591;SÃO PAULO;SP;CINEMARK BRASIL S.A;00.779.721/0001-41
24/06/2016;24/06/2016 18:45:00;INDEPENDENCE DAY RESURGENCE;INDEPENDENCE DAY- O RESSURGIMENTO;E1600182600000;DUBLADO;NÃO;ESTADOS UNIDOS;5002062;AGUA VERDE 1;17;6000023;12893;12894;CURITIBA;PR;ESTILO PRODUÇÕES ARTISTICAS LTDA;03.293.165/0001-97
24/06/2016;24/06/2016 18:50:00;MAIS FORTE QUE O MUNDO - A HISTÓRIA DE JOSÉ ALDO;;B1600294500000;ORIGINAL;NÃO;BRASIL;5003422;CINEMARK SHOPPING RAPOSO TAVARES 04;12;6000018;1843;20591;SÃO PAULO;SP;CINEMARK BRASIL S.A;00.779.721/0001-41
24/06/2016;24/06/2016 18:50:00;ME BEFORE YOU;COMO EU ERA ANTES DE VOCÊ;E1500875700000;DUBLADO;NÃO;ESTADOS UNIDOS;5004486;ARAPIRACA BRA 04;62;6000027;22546;26037;ARAPIRACA;AL;REDECINE BRA CINEMATOGRÁFICA S.A.;15.422.993/0001-67
24/06/2016;24/06/2016 18:50:00;NOW YOU SEE ME 2;TRUQUE DE MESTRE: O 2º ATO;E1700176500000;ORIGINAL;SIM;CANADÁ;5005003;CINESYSTEM AMERICAS 07;103;6000027;5348;28834;RIO DE JANEIRO;RJ;REDECINE - RIO CINEMATOGRAFICA S.A.;07.524.011/0001-10
24/06/2016;24/06/2016 18:50:00;THE CONJURING 2;INVOCAÇÃO DO MAL 2;E1600342300000;DUBLADO;NÃO;ESTADOS UNIDOS;5001626;CINESYSTEM SHOPPING TOTAL SALA 03;17;6000027;2375;6658;CURITIBA;PR;REDECINE CWB CINEMATOGRÁFICA LTDA;05.747.411/0001-69
24/06/2016;24/06/2016 19:00:00;MAIS FORTE QUE O MUNDO - A HISTÓRIA DE JOSÉ ALDO;;B1600294500000;DUBLADO;NÃO;BRASIL;5005001;CINESYSTEM AMERICAS 05;30;6000027;5348;28834;RIO DE JANEIRO;RJ;REDECINE - RIO CINEMATOGRAFICA S.A.;07.524.011/0001-10
24/06/2016;24/06/2016 19:00:00;ME BEFORE YOU;COMO EU ERA ANTES DE VOCÊ;E1500875700000;ORIGINAL;SIM;ESTADOS UNIDOS;5002781;ILHA PLAZA 01;105;6000027;5348;16645;RIO DE JANEIRO;RJ;REDECINE - RIO CINEMATOGRAFICA S.A.;07.524.011/0001-10
24/06/2016;24/06/2016 19:00:00;ME BEFORE YOU;COMO EU ERA ANTES DE VOCÊ;E1500875700000;DUBLADO;NÃO;ESTADOS UNIDOS;5003900;SALA 3;69;6000002;3136;24148;SOROCABA;SP;MSA EMPRESA CINEMATOGRÁFICA LTDA;03.608.600/0001-25
24/06/2016;24/06/2016 19:00:00;TEENAGE MUTANT NINJA TURTLES: OUT OF THE SHADOWS;AS TARTARUGAS NINJA: FORA DAS SOMBRAS;E1600265600000;DUBLADO;NÃO;ESTADOS UNIDOS;5001624;CINESYSTEM SHOPPING TOTAL SALA 01;17;6000027;2375;6658;CURITIBA;PR;REDECINE CWB CINEMATOGRÁFICA LTDA;05.747.411/0001-69
24/06/2016;24/06/2016 19:00:00;THE CONJURING 2;INVOCAÇÃO DO MAL 2;E1600342300000;DUBLADO;NÃO;ESTADOS UNIDOS;5004485;ARAPIRACA BRA 03;47;6000027;22546;26037;ARAPIRACA;AL;REDECINE BRA CINEMATOGRÁFICA S.A.;15.422.993/0001-67
24/06/2016;24/06/2016 19:10:00;INDEPENDENCE DAY RESURGENCE;INDEPENDENCE DAY- O RESSURGIMENTO;E1600182600000;DUBLADO;NÃO;ESTADOS UNIDOS;5004483;ARAPIRACA BRA 01;24;6000027;22546;26037;ARAPIRACA;AL;REDECINE BRA CINEMATOGRÁFICA S.A.;15.422.993/0001-67
24/06/2016;24/06/2016 19:10:00;ME BEFORE YOU;COMO EU ERA ANTES DE VOCÊ;E1500875700000;DUBLADO;NÃO;ESTADOS UNIDOS;5003421;CINEMARK SHOPPING RAPOSO TAVARES 03;72;6000018;1843;20591;SÃO PAULO;SP;CINEMARK BRASIL S.A;00.779.721/0001-41
24/06/2016;24/06/2016 19:10:00;THE CONJURING 2;INVOCAÇÃO DO MAL 2;E1600342300000;ORIGINAL;SIM;ESTADOS UNIDOS;5005000;CINESYSTEM AMERICAS 04;39;6000027;5348;28834;RIO DE JANEIRO;RJ;REDECINE - RIO CINEMATOGRAFICA S.A.;07.524.011/0001-10
24/06/2016;24/06/2016 19:10:00;THE CONJURING 2;INVOCAÇÃO DO MAL 2;E1600342300000;DUBLADO;NÃO;ESTADOS UNIDOS;5005572;CINESYSTEM PAULISTA SALA 01;69;6000027;22546;33152;PAULISTA;PE;REDECINE BRA CINEMATOGRÁFICA S.A.;15.422.993/0001-67
24/06/2016;24/06/2016 19:20:00;ALDO - MAIS FORTE QUE O MUNDO;;B1600785100000;DUBLADO;NÃO;BRASIL;5001628;CINESYSTEM SHOPPING TOTAL SALA 05;1;6000027;2375;6658;CURITIBA;PR;REDECINE CWB CINEMATOGRÁFICA LTDA;05.747.411/0001-69
24/06/2016;24/06/2016 19:20:00;INDEPENDENCE DAY RESURGENCE;INDEPENDENCE DAY- O RESSURGIMENTO;E1600182600000;ORIGINAL;SIM;ESTADOS UNIDOS;5005002;CINESYSTEM AMERICAS 06;80;6000027;5348;28834;RIO DE JANEIRO;RJ;REDECINE - RIO CINEMATOGRAFICA S.A.;07.524.011/0001-10
24/06/2016;24/06/2016 19:20:00;ME BEFORE YOU;COMO EU ERA ANTES DE VOCÊ;E1500875700000;ORIGINAL;SIM;ESTADOS UNIDOS;5003087;CINESPAÇO FLORIANÓPOLIS 1;135;6000018;1014;19103;FLORIANÓPOLIS;SC;CIRCUITO ESPAÇO DE CINEMA S/A;03.695.435/0001-96
24/06/2016;24/06/2016 19:25:00;INDEPENDENCE DAY RESURGENCE;INDEPENDENCE DAY- O RESSURGIMENTO;E1600182600000;DUBLADO;NÃO;ESTADOS UNIDOS;5003423;CINEMARK SHOPPING RAPOSO TAVARES 05;35;6000018;1843;20591;SÃO PAULO;SP;CINEMARK BRASIL S.A;00.779.721/0001-41
24/06/2016;24/06/2016 19:30:00;INDEPENDENCE DAY RESURGENCE;INDEPENDENCE DAY- O RESSURGIMENTO;E1600182600000;DUBLADO;NÃO;ESTADOS UNIDOS;5001625;CINESYSTEM SHOPPING TOTAL SALA 02;20;6000027;2375;6658;CURITIBA;PR;REDECINE CWB CINEMATOGRÁFICA LTDA;05.747.411/0001-69
24/06/2016;24/06/2016 20:10:00;TEENAGE MUTANT NINJA TURTLES: OUT OF THE SHADOWS;AS TARTARUGAS NINJA: FORA DAS SOMBRAS;E1600265600000;DUBLADO;NÃO;ESTADOS UNIDOS;5002603;CINEMAS BENFICA - SALA 1;29;;15690;15691;FORTALEZA;CE;CINEMAS BENFICA LTDA;07.509.597/0001-43
24/06/2016;24/06/2016 20:10:00;THE CONJURING 2;INVOCAÇÃO DO MAL 2;E1600342300000;DUBLADO;NÃO;ESTADOS UNIDOS;5003425;CINEMARK SHOPPING RAPOSO TAVARES 07;57;6000018;1843;20591;SÃO PAULO;SP;CINEMARK BRASIL S.A;00.779.721/0001-41
24/06/2016;24/06/2016 20:30:00;NOW YOU SEE ME: THE SECOND ACT;TRUQUE DE MESTRE 2;E1500269900000;DUBLADO;NÃO;ESTADOS UNIDOS;5003420;CINEMARK SHOPPING RAPOSO TAVARES 02;74;6000018;1843;20591;SÃO PAULO;SP;CINEMARK BRASIL S.A;00.779.721/0001-41
24/06/2016;24/06/2016 20:50:00;INDEPENDENCE DAY RESURGENCE;INDEPENDENCE DAY- O RESSURGIMENTO;E1600182600000;DUBLADO;NÃO;ESTADOS UNIDOS;5004488;ARAPIRACA BRA 06;29;6000027;22546;26037;ARAPIRACA;AL;REDECINE BRA CINEMATOGRÁFICA S.A.;15.422.993/0001-67
24/06/2016;24/06/2016 20:50:00;INDEPENDENCE DAY RESURGENCE;INDEPENDENCE DAY- O RESSURGIMENTO;E1600182600000;DUBLADO;NÃO;ESTADOS UNIDOS;5003424;CINEMARK SHOPPING RAPOSO TAVARES 06;105;6000018;1843;20591;SÃO PAULO;SP;CINEMARK BRASIL S.A;00.779.721/0001-41
24/06/2016;24/06/2016 20:50:00;INDEPENDENCE DAY RESURGENCE;INDEPENDENCE DAY- O RESSURGIMENTO;E1600182600000;DUBLADO;NÃO;ESTADOS UNIDOS;5004999;CINESYSTEM AMERICAS 03;55;6000027;5348;28834;RIO DE JANEIRO;RJ;REDECINE - RIO CINEMATOGRAFICA S.A.;07.524.011/0001-10
24/06/2016;24/06/2016 20:50:00;TEENAGE MUTANT NINJA TURTLES: OUT OF THE SHADOWS;AS TARTARUGAS NINJA: FORA DAS SOMBRAS;E1600265600000;DUBLADO;NÃO;ESTADOS UNIDOS;5002063;AGUA VERDE 2;9;6000023;12893;12894;CURITIBA;PR;ESTILO PRODUÇÕES ARTISTICAS LTDA;03.293.165/0001-97
24/06/2016;24/06/2016 20:55:00;ME BEFORE YOU;COMO EU ERA ANTES DE VOCÊ;E1500875700000;DUBLADO;NÃO;ESTADOS UNIDOS;5005576;CINESYSTEM PAULISTA SALA 06;34;6000027;22546;33152;PAULISTA;PE;REDECINE BRA CINEMATOGRÁFICA S.A.;15.422.993/0001-67
24/06/2016;24/06/2016 21:00:00;INDEPENDENCE DAY RESURGENCE;INDEPENDENCE DAY- O RESSURGIMENTO;E1600182600000;DUBLADO;NÃO;ESTADOS UNIDOS;5002062;AGUA VERDE 1;36;6000023;12893;12894;CURITIBA;PR;ESTILO PRODUÇÕES ARTISTICAS LTDA;03.293.165/0001-97
24/06/2016;24/06/2016 21:00:00;MAIS FORTE QUE O MUNDO - A HISTÓRIA DE JOSÉ ALDO;;B1600294500000;DUBLADO;NÃO;BRASIL;5003899;SALA 2;14;6000002;3136;24148;SOROCABA;SP;MSA EMPRESA CINEMATOGRÁFICA LTDA;03.608.600/0001-25
24/06/2016;24/06/2016 21:00:00;ME BEFORE YOU;COMO EU ERA ANTES DE VOCÊ;E1500875700000;ORIGINAL;SIM;ESTADOS UNIDOS;5004998;CINESYSTEM AMERICAS 02;92;6000027;5348;28834;RIO DE JANEIRO;RJ;REDECINE - RIO CINEMATOGRAFICA S.A.;07.524.011/0001-10
24/06/2016;24/06/2016 21:00:00;ME BEFORE YOU;COMO EU ERA ANTES DE VOCÊ;E1500875700000;DUBLADO;NÃO;ESTADOS UNIDOS;5001627;CINESYSTEM SHOPPING TOTAL SALA 04;78;6000027;2375;6658;CURITIBA;PR;REDECINE CWB CINEMATOGRÁFICA LTDA;05.747.411/0001-69
24/06/2016;24/06/2016 21:10:00;MAIS FORTE QUE O MUNDO - A HISTÓRIA DE JOSÉ ALDO;;B1600294500000;DUBLADO;NÃO;BRASIL;5004997;CINESYSTEM AMERICAS 01;22;6000027;5348;28834;RIO DE JANEIRO;RJ;REDECINE - RIO CINEMATOGRAFICA S.A.;07.524.011/0001-10
24/06/2016;24/06/2016 21:10:00;ME BEFORE YOU;COMO EU ERA ANTES DE VOCÊ;E1500875700000;DUBLADO;NÃO;ESTADOS UNIDOS;5004484;ARAPIRACA BRA 02;22;6000027;22546;26037;ARAPIRACA;AL;REDECINE BRA CINEMATOGRÁFICA S.A.;15.422.993/0001-67
24/06/2016;24/06/2016 21:15:00;ME BEFORE YOU;COMO EU ERA ANTES DE VOCÊ;E1500875700000;DUBLADO;NÃO;ESTADOS UNIDOS;5003900;SALA 3;101;6000002;3136;24148;SOROCABA;SP;MSA EMPRESA CINEMATOGRÁFICA LTDA;03.608.600/0001-25
24/06/2016;24/06/2016 21:20:00;INDEPENDENCE DAY RESURGENCE;INDEPENDENCE DAY- O RESSURGIMENTO;E1600182600000;DUBLADO;NÃO;ESTADOS UNIDOS;5001624;CINESYSTEM SHOPPING TOTAL SALA 01;12;6000027;2375;6658;CURITIBA;PR;REDECINE CWB CINEMATOGRÁFICA LTDA;05.747.411/0001-69
24/06/2016;24/06/2016 21:20:00;ME BEFORE YOU;COMO EU ERA ANTES DE VOCÊ;E1500875700000;ORIGINAL;SIM;ESTADOS UNIDOS;5002781;ILHA PLAZA 01;112;6000027;5348;16645;RIO DE JANEIRO;RJ;REDECINE - RIO CINEMATOGRAFICA S.A.;07.524.011/0001-10
24/06/2016;24/06/2016 21:20:00;TEENAGE MUTANT NINJA TURTLES: OUT OF THE SHADOWS;AS TARTARUGAS NINJA: FORA DAS SOMBRAS;E1600265600000;DUBLADO;NÃO;ESTADOS UNIDOS;5004487;ARAPIRACA BRA 05;21;6000027;22546;26037;ARAPIRACA;AL;REDECINE BRA CINEMATOGRÁFICA S.A.;15.422.993/0001-67
24/06/2016;24/06/2016 21:20:00;TEENAGE MUTANT NINJA TURTLES: OUT OF THE SHADOWS;AS TARTARUGAS NINJA: FORA DAS SOMBRAS;E1600265600000;DUBLADO;NÃO;ESTADOS UNIDOS;5003419;CINEMARK SHOPPING RAPOSO TAVARES 01;66;6000018;1843;20591;SÃO PAULO;SP;CINEMARK BRASIL S.A;00.779.721/0001-41
24/06/2016;24/06/2016 21:30:00;ME BEFORE YOU;COMO EU ERA ANTES DE VOCÊ;E1500875700000;DUBLADO;NÃO;ESTADOS UNIDOS;5004486;ARAPIRACA BRA 04;19;6000027;22546;26037;ARAPIRACA;AL;REDECINE BRA CINEMATOGRÁFICA S.A.;15.422.993/0001-67
24/06/2016;24/06/2016 21:30:00;NOW YOU SEE ME 2;TRUQUE DE MESTRE: O 2º ATO;E1700176500000;ORIGINAL;SIM;CANADÁ;5005003;CINESYSTEM AMERICAS 07;93;6000027;5348;28834;RIO DE JANEIRO;RJ;REDECINE - RIO CINEMATOGRAFICA S.A.;07.524.011/0001-10
24/06/2016;24/06/2016 21:30:00;THE CONJURING 2;INVOCAÇÃO DO MAL 2;E1600342300000;DUBLADO;NÃO;ESTADOS UNIDOS;5001626;CINESYSTEM SHOPPING TOTAL SALA 03;47;6000027;2375;6658;CURITIBA;PR;REDECINE CWB CINEMATOGRÁFICA LTDA;05.747.411/0001-69
24/06/2016;24/06/2016 21:40:00;INDEPENDENCE DAY RESURGENCE;INDEPENDENCE DAY- O RESSURGIMENTO;E1600182600000;DUBLADO;NÃO;ESTADOS UNIDOS;5004483;ARAPIRACA BRA 01;31;6000027;22546;26037;ARAPIRACA;AL;REDECINE BRA CINEMATOGRÁFICA S.A.;15.422.993/0001-67
24/06/2016;24/06/2016 21:40:00;MAIS FORTE QUE O MUNDO - A HISTÓRIA DE JOSÉ ALDO;;B1600294500000;ORIGINAL;NÃO;BRASIL;5003422;CINEMARK SHOPPING RAPOSO TAVARES 04;30;6000018;1843;20591;SÃO PAULO;SP;CINEMARK BRASIL S.A;00.779.721/0001-41
24/06/2016;24/06/2016 21:40:00;MAIS FORTE QUE O MUNDO - A HISTÓRIA DE JOSÉ ALDO;;B1600294500000;DUBLADO;NÃO;BRASIL;5005001;CINESYSTEM AMERICAS 05;45;6000027;5348;28834;RIO DE JANEIRO;RJ;REDECINE - RIO CINEMATOGRAFICA S.A.;07.524.011/0001-10
24/06/2016;24/06/2016 21:40:00;ME BEFORE YOU;COMO EU ERA ANTES DE VOCÊ;E1500875700000;ORIGINAL;SIM;ESTADOS UNIDOS;5003087;CINESPAÇO FLORIANÓPOLIS 1;109;6000018;1014;19103;FLORIANÓPOLIS;SC;CIRCUITO ESPAÇO DE CINEMA S/A;03.695.435/0001-96
24/06/2016;24/06/2016 21:50:00;ALDO - MAIS FORTE QUE O MUNDO;;B1600785100000;DUBLADO;NÃO;BRASIL;5001628;CINESYSTEM SHOPPING TOTAL SALA 05;9;6000027;2375;6658;CURITIBA;PR;REDECINE CWB CINEMATOGRÁFICA LTDA;05.747.411/0001-69
24/06/2016;24/06/2016 21:50:00;INDEPENDENCE DAY RESURGENCE;INDEPENDENCE DAY- O RESSURGIMENTO;E1600182600000;ORIGINAL;SIM;ESTADOS UNIDOS;5005002;CINESYSTEM AMERICAS 06;80;6000027;5348;28834;RIO DE JANEIRO;RJ;REDECINE - RIO CINEMATOGRAFICA S.A.;07.524.011/0001-10
24/06/2016;24/06/2016 21:50:00;ME BEFORE YOU;COMO EU ERA ANTES DE VOCÊ;E1500875700000;DUBLADO;NÃO;ESTADOS UNIDOS;5003421;CINEMARK SHOPPING RAPOSO TAVARES 03;99;6000018;1843;20591;SÃO PAULO;SP;CINEMARK BRASIL S.A;00.779.721/0001-41
24/06/2016;24/06/2016 21:50:00;THE CONJURING 2;INVOCAÇÃO DO MAL 2;E1600342300000;DUBLADO;NÃO;ESTADOS UNIDOS;5004485;ARAPIRACA BRA 03;29;6000027;22546;26037;ARAPIRACA;AL;REDECINE BRA CINEMATOGRÁFICA S.A.;15.422.993/0001-67
24/06/2016;24/06/2016 22:00:00;INDEPENDENCE DAY RESURGENCE;INDEPENDENCE DAY- O RESSURGIMENTO;E1600182600000;DUBLADO;NÃO;ESTADOS UNIDOS;5001625;CINESYSTEM SHOPPING TOTAL SALA 02;9;6000027;2375;6658;CURITIBA;PR;REDECINE CWB CINEMATOGRÁFICA LTDA;05.747.411/0001-69
24/06/2016;24/06/2016 22:00:00;THE CONJURING 2;INVOCAÇÃO DO MAL 2;E1600342300000;ORIGINAL;SIM;ESTADOS UNIDOS;5005000;CINESYSTEM AMERICAS 04;44;6000027;5348;28834;RIO DE JANEIRO;RJ;REDECINE - RIO CINEMATOGRAFICA S.A.;07.524.011/0001-10
24/06/2016;24/06/2016 22:10:00;INDEPENDENCE DAY RESURGENCE;INDEPENDENCE DAY- O RESSURGIMENTO;E1600182600000;DUBLADO;NÃO;ESTADOS UNIDOS;5003423;CINEMARK SHOPPING RAPOSO TAVARES 05;40;6000018;1843;20591;SÃO PAULO;SP;CINEMARK BRASIL S.A;00.779.721/0001-41
25/06/2016;25/06/2016 11:10:00;THE CONJURING 2;INVOCAÇÃO DO MAL 2;E1600342300000;DUBLADO;NÃO;ESTADOS UNIDOS;5003425;CINEMARK SHOPPING RAPOSO TAVARES 07;5;6000018;1843;20591;SÃO PAULO;SP;CINEMARK BRASIL S.A;00.779.721/0001-41
25/06/2016;25/06/2016 11:30:00;NOW YOU SEE ME: THE SECOND ACT;TRUQUE DE MESTRE 2;E1500269900000;DUBLADO;NÃO;ESTADOS UNIDOS;5003420;CINEMARK SHOPPING RAPOSO TAVARES 02;8;6000018;1843;20591;SÃO PAULO;SP;CINEMARK BRASIL S.A;00.779.721/0001-41
25/06/2016;25/06/2016 12:50:00;TEENAGE MUTANT NINJA TURTLES: OUT OF THE SHADOWS;AS TARTARUGAS NINJA: FORA DAS SOMBRAS;E1600265600000;DUBLADO;NÃO;ESTADOS UNIDOS;5003424;CINEMARK SHOPPING RAPOSO TAVARES 06;33;6000018;1843;20591;SÃO PAULO;SP;CINEMARK BRASIL S.A;00.779.721/0001-41
25/06/2016;25/06/2016 13:00:00;INDEPENDENCE DAY RESURGENCE;INDEPENDENCE DAY- O RESSURGIMENTO;E1600182600000;DUBLADO;NÃO;ESTADOS UNIDOS;5003419;CINEMARK SHOPPING RAPOSO TAVARES 01;12;6000018;1843;20591;SÃO PAULO;SP;CINEMARK BRASIL S.A;00.779.721/0001-41
25/06/2016;25/06/2016 13:10:00;MAIS FORTE QUE O MUNDO - A HISTÓRIA DE JOSÉ ALDO;;B1600294500000;ORIGINAL;NÃO;BRASIL;5003422;CINEMARK SHOPPING RAPOSO TAVARES 04;0;6000018;1843;20591;SÃO PAULO;SP;CINEMARK BRASIL S.A;00.779.721/0001-41
25/06/2016;25/06/2016 13:20:00;INDEPENDENCE DAY RESURGENCE;INDEPENDENCE DAY- O RESSURGIMENTO;E1600182600000;DUBLADO;NÃO;ESTADOS UNIDOS;5004488;ARAPIRACA BRA 06;21;6000027;22546;26037;ARAPIRACA;AL;REDECINE BRA CINEMATOGRÁFICA S.A.;15.422.993/0001-67
25/06/2016;25/06/2016 13:20:00;MAIS FORTE QUE O MUNDO - A HISTÓRIA DE JOSÉ ALDO;;B1600294500000;DUBLADO;NÃO;BRASIL;5004997;CINESYSTEM AMERICAS 01;0;6000027;5348;28834;RIO DE JANEIRO;RJ;REDECINE - RIO CINEMATOGRAFICA S.A.;07.524.011/0001-10
25/06/2016;25/06/2016 13:20:00;TEENAGE MUTANT NINJA TURTLES: OUT OF THE SHADOWS;AS TARTARUGAS NINJA: FORA DAS SOMBRAS;E1600265600000;DUBLADO;NÃO;ESTADOS UNIDOS;5002603;CINEMAS BENFICA - SALA 1;24;;15690;15691;FORTALEZA;CE;CINEMAS BENFICA LTDA;07.509.597/0001-43
25/06/2016;25/06/2016 13:25:00;NOW YOU SEE ME: THE SECOND ACT;TRUQUE DE MESTRE 2;E1500269900000;DUBLADO;NÃO;ESTADOS UNIDOS;5004484;ARAPIRACA BRA 02;61;6000027;22546;26037;ARAPIRACA;AL;REDECINE BRA CINEMATOGRÁFICA S.A.;15.422.993/0001-67
25/06/2016;25/06/2016 13:25:00;TEENAGE MUTANT NINJA TURTLES: OUT OF THE SHADOWS;AS TARTARUGAS NINJA: FORA DAS SOMBRAS;E1600265600000;DUBLADO;NÃO;ESTADOS UNIDOS;5004999;CINESYSTEM AMERICAS 03;38;6000027;5348;28834;RIO DE JANEIRO;RJ;REDECINE - RIO CINEMATOGRAFICA S.A.;07.524.011/0001-10
25/06/2016;25/06/2016 13:25:00;THE CONJURING 2;INVOCAÇÃO DO MAL 2;E1600342300000;DUBLADO;NÃO;ESTADOS UNIDOS;5005572;CINESYSTEM PAULISTA SALA 01;49;6000027;22546;33152;PAULISTA;PE;REDECINE BRA CINEMATOGRÁFICA S.A.;15.422.993/0001-67
25/06/2016;25/06/2016 13:30:00;NOW YOU SEE ME 2;TRUQUE DE MESTRE: O 2º ATO;E1700176500000;ORIGINAL;SIM;CANADÁ;5005003;CINESYSTEM AMERICAS 07;8;6000027;5348;28834;RIO DE JANEIRO;RJ;REDECINE - RIO CINEMATOGRAFICA S.A.;07.524.011/0001-10
25/06/2016;25/06/2016 13:30:00;THE CONJURING 2;INVOCAÇÃO DO MAL 2;E1600342300000;DUBLADO;NÃO;ESTADOS UNIDOS;5004485;ARAPIRACA BRA 03;42;6000027;22546;26037;ARAPIRACA;AL;REDECINE BRA CINEMATOGRÁFICA S.A.;15.422.993/0001-67
25/06/2016;25/06/2016 13:40:00;INDEPENDENCE DAY RESURGENCE;INDEPENDENCE DAY- O RESSURGIMENTO;E1600182600000;DUBLADO;NÃO;ESTADOS UNIDOS;5003423;CINEMARK SHOPPING RAPOSO TAVARES 05;18;6000018;1843;20591;SÃO PAULO;SP;CINEMARK BRASIL S.A;00.779.721/0001-41
25/06/2016;25/06/2016 13:40:00;ME BEFORE YOU;COMO EU ERA ANTES DE VOCÊ;E1500875700000;ORIGINAL;SIM;ESTADOS UNIDOS;5004998;CINESYSTEM AMERICAS 02;28;6000027;5348;28834;RIO DE JANEIRO;RJ;REDECINE - RIO CINEMATOGRAFICA S.A.;07.524.011/0001-10
25/06/2016;25/06/2016 13:40:00;TEENAGE MUTANT NINJA TURTLES: OUT OF THE SHADOWS;AS TARTARUGAS NINJA: FORA DAS SOMBRAS;E1600265600000;DUBLADO;NÃO;ESTADOS UNIDOS;5004487;ARAPIRACA BRA 05;71;6000027;22546;26037;ARAPIRACA;AL;REDECINE BRA CINEMATOGRÁFICA S.A.;15.422.993/0001-67
25/06/2016;25/06/2016 13:45:00;THE CONJURING 2;INVOCAÇÃO DO MAL 2;E1600342300000;DUBLADO;NÃO;ESTADOS UNIDOS;5005000;CINESYSTEM AMERICAS 04;12;6000027;5348;28834;RIO DE JANEIRO;RJ;REDECINE - RIO CINEMATOGRAFICA S.A.;07.524.011/0001-10
25/06/2016;25/06/2016 13:50:00;ALICE THROUGH THE LOOKING GLASS;ALICE ATRAVÉS DO ESPELHO;E1600259100000;DUBLADO;NÃO;ESTADOS UNIDOS;5001626;CINESYSTEM SHOPPING TOTAL SALA 03;75;6000027;2375;6658;CURITIBA;PR;REDECINE CWB CINEMATOGRÁFICA LTDA;05.747.411/0001-69
25/06/2016;25/06/2016 13:50:00;MAIS FORTE QUE O MUNDO - A HISTÓRIA DE JOSÉ ALDO;;B1600294500000;DUBLADO;NÃO;BRASIL;5005001;CINESYSTEM AMERICAS 05;6;6000027;5348;28834;RIO DE JANEIRO;RJ;REDECINE - RIO CINEMATOGRAFICA S.A.;07.524.011/0001-10
25/06/2016;25/06/2016 13:50:00;ME BEFORE YOU;COMO EU ERA ANTES DE VOCÊ;E1500875700000;DUBLADO;NÃO;ESTADOS UNIDOS;5005576;CINESYSTEM PAULISTA SALA 06;62;6000027;22546;33152;PAULISTA;PE;REDECINE BRA CINEMATOGRÁFICA S.A.;15.422.993/0001-67
25/06/2016;25/06/2016 13:50:00;NOW YOU SEE ME: THE SECOND ACT;TRUQUE DE MESTRE 2;E1500269900000;ORIGINAL;SIM;ESTADOS UNIDOS;5002781;ILHA PLAZA 01;3;6000027;5348;16645;RIO DE JANEIRO;RJ;REDECINE - RIO CINEMATOGRAFICA S.A.;07.524.011/0001-10
25/06/2016;25/06/2016 13:51:00;NOW YOU SEE ME: THE SECOND ACT;TRUQUE DE MESTRE 2;E1500269900000;ORIGINAL;SIM;ESTADOS UNIDOS;5002781;ILHA PLAZA 01;46;6000027;5348;16645;RIO DE JANEIRO;RJ;REDECINE - RIO CINEMATOGRAFICA S.A.;07.524.011/0001-10
25/06/2016;25/06/2016 14:00:00;INDEPENDENCE DAY RESURGENCE;INDEPENDENCE DAY- O RESSURGIMENTO;E1600182600000;DUBLADO;NÃO;ESTADOS UNIDOS;5002062;AGUA VERDE 1;8;6000023;12893;12894;CURITIBA;PR;ESTILO PRODUÇÕES ARTISTICAS LTDA;03.293.165/0001-97
25/06/2016;25/06/2016 14:00:00;ME BEFORE YOU;COMO EU ERA ANTES DE VOCÊ;E1500875700000;DUBLADO;NÃO;ESTADOS UNIDOS;5001627;CINESYSTEM SHOPPING TOTAL SALA 04;33;6000027;2375;6658;CURITIBA;PR;REDECINE CWB CINEMATOGRÁFICA LTDA;05.747.411/0001-69
25/06/2016;25/06/2016 14:10:00;INDEPENDENCE DAY RESURGENCE;INDEPENDENCE DAY- O RESSURGIMENTO;E1600182600000;DUBLADO;NÃO;ESTADOS UNIDOS;5004483;ARAPIRACA BRA 01;79;6000027;22546;26037;ARAPIRACA;AL;REDECINE BRA CINEMATOGRÁFICA S.A.;15.422.993/0001-67
25/06/2016;25/06/2016 14:10:00;ME BEFORE YOU;COMO EU ERA ANTES DE VOCÊ;E1500875700000;DUBLADO;NÃO;ESTADOS UNIDOS;5004486;ARAPIRACA BRA 04;105;6000027;22546;26037;ARAPIRACA;AL;REDECINE BRA CINEMATOGRÁFICA S.A.;15.422.993/0001-67
25/06/2016;25/06/2016 14:10:00;TEENAGE MUTANT NINJA TURTLES: OUT OF THE SHADOWS;AS TARTARUGAS NINJA: FORA DAS SOMBRAS;E1600265600000;DUBLADO;NÃO;ESTADOS UNIDOS;5001624;CINESYSTEM SHOPPING TOTAL SALA 01;36;6000027;2375;6658;CURITIBA;PR;REDECINE CWB CINEMATOGRÁFICA LTDA;05.747.411/0001-69
25/06/2016;25/06/2016 14:10:00;THE CONJURING 2;INVOCAÇÃO DO MAL 2;E1600342300000;DUBLADO;NÃO;ESTADOS UNIDOS;5003425;CINEMARK SHOPPING RAPOSO TAVARES 07;35;6000018;1843;20591;SÃO PAULO;SP;CINEMARK BRASIL S.A;00.779.721/0001-41
25/06/2016;25/06/2016 14:20:00;ALDO - MAIS FORTE QUE O MUNDO;;B1600785100000;DUBLADO;NÃO;BRASIL;5001628;CINESYSTEM SHOPPING TOTAL SALA 05;5;6000027;2375;6658;CURITIBA;PR;REDECINE CWB CINEMATOGRÁFICA LTDA;05.747.411/0001-69
25/06/2016;25/06/2016 14:20:00;INDEPENDENCE DAY RESURGENCE;INDEPENDENCE DAY- O RESSURGIMENTO;E1600182600000;ORIGINAL;SIM;ESTADOS UNIDOS;5005002;CINESYSTEM AMERICAS 06;32;6000027;5348;28834;RIO DE JANEIRO;RJ;REDECINE - RIO CINEMATOGRAFICA S.A.;07.524.011/0001-10
25/06/2016;25/06/2016 14:20:00;TEENAGE MUTANT NINJA TURTLES: OUT OF THE SHADOWS;AS TARTARUGAS NINJA: FORA DAS SOMBRAS;E1600265600000;DUBLADO;NÃO;ESTADOS UNIDOS;5002063;AGUA VERDE 2;21;6000023;12893;12894;CURITIBA;PR;ESTILO PRODUÇÕES ARTISTICAS LTDA;03.293.165/0001-97
25/06/2016;25/06/2016 14:30:00;INDEPENDENCE DAY RESURGENCE;INDEPENDENCE DAY- O RESSURGIMENTO;E1600182600000;DUBLADO;NÃO;ESTADOS UNIDOS;5001625;CINESYSTEM SHOPPING TOTAL SALA 02;24;6000027;2375;6658;CURITIBA;PR;REDECINE CWB CINEMATOGRÁFICA LTDA;05.747.411/0001-69
25/06/2016;25/06/2016 14:30:00;ME BEFORE YOU;COMO EU ERA ANTES DE VOCÊ;E1500875700000;DUBLADO;NÃO;ESTADOS UNIDOS;5003900;SALA 3;21;6000002;3136;24148;SOROCABA;SP;MSA EMPRESA CINEMATOGRÁFICA LTDA;03.608.600/0001-25
25/06/2016;25/06/2016 14:30:00;NOW YOU SEE ME: THE SECOND ACT;TRUQUE DE MESTRE 2;E1500269900000;DUBLADO;NÃO;ESTADOS UNIDOS;5003420;CINEMARK SHOPPING RAPOSO TAVARES 02;62;6000018;1843;20591;SÃO PAULO;SP;CINEMARK BRASIL S.A;00.779.721/0001-41
25/06/2016;25/06/2016 14:40:00;ME BEFORE YOU;COMO EU ERA ANTES DE VOCÊ;E1500875700000;DUBLADO;NÃO;ESTADOS UNIDOS;5003087;CINESPAÇO FLORIANÓPOLIS 1;81;6000018;1014;19103;FLORIANÓPOLIS;SC;CIRCUITO ESPAÇO DE CINEMA S/A;03.695.435/0001-96
25/06/2016;25/06/2016 15:25:00;TEENAGE MUTANT NINJA TURTLES: OUT OF THE SHADOWS;AS TARTARUGAS NINJA: FORA DAS SOMBRAS;E1600265600000;DUBLADO;NÃO;ESTADOS UNIDOS;5003424;CINEMARK SHOPPING RAPOSO TAVARES 06;42;6000018;1843;20591;SÃO PAULO;SP;CINEMARK BRASIL S.A;00.779.721/0001-41
25/06/2016;25/06/2016 15:40:00;TEENAGE MUTANT NINJA TURTLES: OUT OF THE SHADOWS;AS TARTARUGAS NINJA: FORA DAS SOMBRAS;E1600265600000;DUBLADO;NÃO;ESTADOS UNIDOS;5002603;CINEMAS BENFICA - SALA 1;32;;15690;15691;FORTALEZA;CE;CINEMAS BENFICA LTDA;07.509.597/0001-43
25/06/2016;25/06/2016 15:50:00;INDEPENDENCE DAY RESURGENCE;INDEPENDENCE DAY- O RESSURGIMENTO;E1600182600000;DUBLADO;NÃO;ESTADOS UNIDOS;5004488;ARAPIRACA BRA 06;91;6000027;22546;26037;ARAPIRACA;AL;REDECINE BRA CINEMATOGRÁFICA S.A.;15.422.993/0001-67
25/06/2016;25/06/2016 15:50:00;INDEPENDENCE DAY RESURGENCE;INDEPENDENCE DAY- O RESSURGIMENTO;E1600182600000;DUBLADO;NÃO;ESTADOS UNIDOS;5003419;CINEMARK SHOPPING RAPOSO TAVARES 01;43;6000018;1843;20591;SÃO PAULO;SP;CINEMARK BRASIL S.A;00.779.721/0001-41
25/06/2016;25/06/2016 15:50:00;TEENAGE MUTANT NINJA TURTLES: OUT OF THE SHADOWS;AS TARTARUGAS NINJA: FORA DAS SOMBRAS;E1600265600000;DUBLADO;NÃO;ESTADOS UNIDOS;5004999;CINESYSTEM AMERICAS 03;84;6000027;5348;28834;RIO DE JANEIRO;RJ;REDECINE - RIO CINEMATOGRAFICA S.A.;07.524.011/0001-10
25/06/2016;25/06/2016 16:00:00;MAIS FORTE QUE O MUNDO - A HISTÓRIA DE JOSÉ ALDO;;B1600294500000;ORIGINAL;NÃO;BRASIL;5003422;CINEMARK SHOPPING RAPOSO TAVARES 04;10;6000018;1843;20591;SÃO PAULO;SP;CINEMARK BRASIL S.A;00.779.721/0001-41
25/06/2016;25/06/2016 16:00:00;MAIS FORTE QUE O MUNDO - A HISTÓRIA DE JOSÉ ALDO;;B1600294500000;DUBLADO;NÃO;BRASIL;5003899;SALA 2;3;6000002;3136;24148;SOROCABA;SP;MSA EMPRESA CINEMATOGRÁFICA LTDA;03.608.600/0001-25
25/06/2016;25/06/2016 16:00:00;ME BEFORE YOU;COMO EU ERA ANTES DE VOCÊ;E1500875700000;DUBLADO;NÃO;ESTADOS UNIDOS;5004997;CINESYSTEM AMERICAS 01;60;6000027;5348;28834;RIO DE JANEIRO;RJ;REDECINE - RIO CINEMATOGRAFICA S.A.;07.524.011/0001-10
25/06/2016;25/06/2016 16:05:00;ME BEFORE YOU;COMO EU ERA ANTES DE VOCÊ;E1500875700000;DUBLADO;NÃO;ESTADOS UNIDOS;5004484;ARAPIRACA BRA 02;58;6000027;22546;26037;ARAPIRACA;AL;REDECINE BRA CINEMATOGRÁFICA S.A.;15.422.993/0001-67
25/06/2016;25/06/2016 16:10:00;NOW YOU SEE ME 2;TRUQUE DE MESTRE: O 2º ATO;E1700176500000;ORIGINAL;SIM;CANADÁ;5005003;CINESYSTEM AMERICAS 07;58;6000027;5348;28834;RIO DE JANEIRO;RJ;REDECINE - RIO CINEMATOGRAFICA S.A.;07.524.011/0001-10
25/06/2016;25/06/2016 16:10:00;TEENAGE MUTANT NINJA TURTLES: OUT OF THE SHADOWS;AS TARTARUGAS NINJA: FORA DAS SOMBRAS;E1600265600000;DUBLADO;NÃO;ESTADOS UNIDOS;5004487;ARAPIRACA BRA 05;46;6000027;22546;26037;ARAPIRACA;AL;REDECINE BRA CINEMATOGRÁFICA S.A.;15.422.993/0001-67
25/06/2016;25/06/2016 16:10:00;THE CONJURING 2;INVOCAÇÃO DO MAL 2;E1600342300000;DUBLADO;NÃO;ESTADOS UNIDOS;5005572;CINESYSTEM PAULISTA SALA 01;92;6000027;22546;33152;PAULISTA;PE;REDECINE BRA CINEMATOGRÁFICA S.A.;15.422.993/0001-67
25/06/2016;25/06/2016 16:10:00;THE CONJURING 2;INVOCAÇÃO DO MAL 2;E1600342300000;DUBLADO;NÃO;ESTADOS UNIDOS;5001626;CINESYSTEM SHOPPING TOTAL SALA 03;29;6000027;2375;6658;CURITIBA;PR;REDECINE CWB CINEMATOGRÁFICA LTDA;05.747.411/0001-69
25/06/2016;25/06/2016 16:20:00;INDEPENDENCE DAY RESURGENCE;INDEPENDENCE DAY- O RESSURGIMENTO;E1600182600000;DUBLADO;NÃO;ESTADOS UNIDOS;5002062;AGUA VERDE 1;18;6000023;12893;12894;CURITIBA;PR;ESTILO PRODUÇÕES ARTISTICAS LTDA;03.293.165/0001-97
25/06/2016;25/06/2016 16:20:00;ME BEFORE YOU;COMO EU ERA ANTES DE VOCÊ;E1500875700000;ORIGINAL;SIM;ESTADOS UNIDOS;5004998;CINESYSTEM AMERICAS 02;44;6000027;5348;28834;RIO DE JANEIRO;RJ;REDECINE - RIO CINEMATOGRAFICA S.A.;07.524.011/0001-10
25/06/2016;25/06/2016 16:20:00;ME BEFORE YOU;COMO EU ERA ANTES DE VOCÊ;E1500875700000;DUBLADO;NÃO;ESTADOS UNIDOS;5005576;CINESYSTEM PAULISTA SALA 06;75;6000027;22546;33152;PAULISTA;PE;REDECINE BRA CINEMATOGRÁFICA S.A.;15.422.993/0001-67
25/06/2016;25/06/2016 16:20:00;ME BEFORE YOU;COMO EU ERA ANTES DE VOCÊ;E1500875700000;DUBLADO;NÃO;ESTADOS UNIDOS;5001627;CINESYSTEM SHOPPING TOTAL SALA 04;40;6000027;2375;6658;CURITIBA;PR;REDECINE CWB CINEMATOGRÁFICA LTDA;05.747.411/0001-69
25/06/2016;25/06/2016 16:20:00;THE CONJURING 2;INVOCAÇÃO DO MAL 2;E1600342300000;DUBLADO;NÃO;ESTADOS UNIDOS;5004485;ARAPIRACA BRA 03;61;6000027;22546;26037;ARAPIRACA;AL;REDECINE BRA CINEMATOGRÁFICA S.A.;15.422.993/0001-67
25/06/2016;25/06/2016 16:25:00;MAIS FORTE QUE O MUNDO - A HISTÓRIA DE JOSÉ ALDO;;B1600294500000;DUBLADO;NÃO;BRASIL;5005001;CINESYSTEM AMERICAS 05;36;6000027;5348;28834;RIO DE JANEIRO;RJ;REDECINE - RIO CINEMATOGRAFICA S.A.;07.524.011/0001-10
25/06/2016;25/06/2016 16:30:00;INDEPENDENCE DAY RESURGENCE;INDEPENDENCE DAY- O RESSURGIMENTO;E1600182600000;DUBLADO;NÃO;ESTADOS UNIDOS;5003423;CINEMARK SHOPPING RAPOSO TAVARES 05;46;6000018;1843;20591;SÃO PAULO;SP;CINEMARK BRASIL S.A;00.779.721/0001-41
25/06/2016;25/06/2016 16:30:00;INDEPENDENCE DAY RESURGENCE;INDEPENDENCE DAY- O RESSURGIMENTO;E1600182600000;DUBLADO;NÃO;ESTADOS UNIDOS;5001624;CINESYSTEM SHOPPING TOTAL SALA 01;27;6000027;2375;6658;CURITIBA;PR;REDECINE CWB CINEMATOGRÁFICA LTDA;05.747.411/0001-69
25/06/2016;25/06/2016 16:30:00;ME BEFORE YOU;COMO EU ERA ANTES DE VOCÊ;E1500875700000;DUBLADO;NÃO;ESTADOS UNIDOS;5004486;ARAPIRACA BRA 04;28;6000027;22546;26037;ARAPIRACA;AL;REDECINE BRA CINEMATOGRÁFICA S.A.;15.422.993/0001-67
25/06/2016;25/06/2016 16:30:00;TEENAGE MUTANT NINJA TURTLES: OUT OF THE SHADOWS;AS TARTARUGAS NINJA: FORA DAS SOMBRAS;E1600265600000;DUBLADO;NÃO;ESTADOS UNIDOS;5002063;AGUA VERDE 2;30;6000023;12893;12894;CURITIBA;PR;ESTILO PRODUÇÕES ARTISTICAS LTDA;03.293.165/0001-97
25/06/2016;25/06/2016 16:30:00;THE CONJURING 2;INVOCAÇÃO DO MAL 2;E1600342300000;ORIGINAL;SIM;ESTADOS UNIDOS;5005000;CINESYSTEM AMERICAS 04;33;6000027;5348;28834;RIO DE JANEIRO;RJ;REDECINE - RIO CINEMATOGRAFICA S.A.;07.524.011/0001-10
25/06/2016;25/06/2016 16:40:00;INDEPENDENCE DAY RESURGENCE;INDEPENDENCE DAY- O RESSURGIMENTO;E1600182600000;DUBLADO;NÃO;ESTADOS UNIDOS;5004483;ARAPIRACA BRA 01;51;6000027;22546;26037;ARAPIRACA;AL;REDECINE BRA CINEMATOGRÁFICA S.A.;15.422.993/0001-67
25/06/2016;25/06/2016 16:40:00;ME BEFORE YOU;COMO EU ERA ANTES DE VOCÊ;E1500875700000;DUBLADO;NÃO;ESTADOS UNIDOS;5002781;ILHA PLAZA 01;2;6000027;5348;16645;RIO DE JANEIRO;RJ;REDECINE - RIO CINEMATOGRAFICA S.A.;07.524.011/0001-10
25/06/2016;25/06/2016 16:41:00;ME BEFORE YOU;COMO EU ERA ANTES DE VOCÊ;E1500875700000;DUBLADO;NÃO;ESTADOS UNIDOS;5002781;ILHA PLAZA 01;102;6000027;5348;16645;RIO DE JANEIRO;RJ;REDECINE - RIO CINEMATOGRAFICA S.A.;07.524.011/0001-10
25/06/2016;25/06/2016 16:45:00;ME BEFORE YOU;COMO EU ERA ANTES DE VOCÊ;E1500875700000;DUBLADO;NÃO;ESTADOS UNIDOS;5003900;SALA 3;67;6000002;3136;24148;SOROCABA;SP;MSA EMPRESA CINEMATOGRÁFICA LTDA;03.608.600/0001-25
25/06/2016;25/06/2016 16:50:00;ALDO - MAIS FORTE QUE O MUNDO;;B1600785100000;DUBLADO;NÃO;BRASIL;5001628;CINESYSTEM SHOPPING TOTAL SALA 05;8;6000027;2375;6658;CURITIBA;PR;REDECINE CWB CINEMATOGRÁFICA LTDA;05.747.411/0001-69
25/06/2016;25/06/2016 16:50:00;INDEPENDENCE DAY RESURGENCE;INDEPENDENCE DAY- O RESSURGIMENTO;E1600182600000;ORIGINAL;SIM;ESTADOS UNIDOS;5005002;CINESYSTEM AMERICAS 06;32;6000027;5348;28834;RIO DE JANEIRO;RJ;REDECINE - RIO CINEMATOGRAFICA S.A.;07.524.011/0001-10
25/06/2016;25/06/2016 17:00:00;INDEPENDENCE DAY RESURGENCE;INDEPENDENCE DAY- O RESSURGIMENTO;E1600182600000;ORIGINAL;SIM;ESTADOS UNIDOS;5001625;CINESYSTEM SHOPPING TOTAL SALA 02;15;6000027;2375;6658;CURITIBA;PR;REDECINE CWB CINEMATOGRÁFICA LTDA;05.747.411/0001-69
25/06/2016;25/06/2016 17:00:00;ME BEFORE YOU;COMO EU ERA ANTES DE VOCÊ;E1500875700000;ORIGINAL;SIM;ESTADOS UNIDOS;5003087;CINESPAÇO FLORIANÓPOLIS 1;158;6000018;1014;19103;FLORIANÓPOLIS;SC;CIRCUITO ESPAÇO DE CINEMA S/A;03.695.435/0001-96
25/06/2016;25/06/2016 17:10:00;THE CONJURING 2;INVOCAÇÃO DO MAL 2;E1600342300000;DUBLADO;NÃO;ESTADOS UNIDOS;5003425;CINEMARK SHOPPING RAPOSO TAVARES 07;68;6000018;1843;20591;SÃO PAULO;SP;CINEMARK BRASIL S.A;00.779.721/0001-41
25/06/2016;25/06/2016 17:30:00;NOW YOU SEE ME: THE SECOND ACT;TRUQUE DE MESTRE 2;E1500269900000;DUBLADO;NÃO;ESTADOS UNIDOS;5003420;CINEMARK SHOPPING RAPOSO TAVARES 02;85;6000018;1843;20591;SÃO PAULO;SP;CINEMARK BRASIL S.A;00.779.721/0001-41
25/06/2016;25/06/2016 17:55:00;TEENAGE MUTANT NINJA TURTLES: OUT OF THE SHADOWS;AS TARTARUGAS NINJA: FORA DAS SOMBRAS;E1600265600000;DUBLADO;NÃO;ESTADOS UNIDOS;5002603;CINEMAS BENFICA - SALA 1;41;;15690;15691;FORTALEZA;CE;CINEMAS BENFICA LTDA;07.509.597/0001-43
25/06/2016;25/06/2016 18:00:00;INDEPENDENCE DAY RESURGENCE;INDEPENDENCE DAY- O RESSURGIMENTO;E1600182600000;DUBLADO;NÃO;ESTADOS UNIDOS;5003424;CINEMARK SHOPPING RAPOSO TAVARES 06;59;6000018;1843;20591;SÃO PAULO;SP;CINEMARK BRASIL S.A;00.779.721/0001-41
25/06/2016;25/06/2016 18:15:00;INDEPENDENCE DAY RESURGENCE;INDEPENDENCE DAY- O RESSURGIMENTO;E1600182600000;DUBLADO;NÃO;ESTADOS UNIDOS;5004999;CINESYSTEM AMERICAS 03;80;6000027;5348;28834;RIO DE JANEIRO;RJ;REDECINE - RIO CINEMATOGRAFICA S.A.;07.524.011/0001-10
25/06/2016;25/06/2016 18:20:00;INDEPENDENCE DAY RESURGENCE;INDEPENDENCE DAY- O RESSURGIMENTO;E1600182600000;DUBLADO;NÃO;ESTADOS UNIDOS;5004488;ARAPIRACA BRA 06;39;6000027;22546;26037;ARAPIRACA;AL;REDECINE BRA CINEMATOGRÁFICA S.A.;15.422.993/0001-67
25/06/2016;25/06/2016 18:30:00;MAIS FORTE QUE O MUNDO - A HISTÓRIA DE JOSÉ ALDO;;B1600294500000;DUBLADO;NÃO;BRASIL;5003899;SALA 2;4;6000002;3136;24148;SOROCABA;SP;MSA EMPRESA CINEMATOGRÁFICA LTDA;03.608.600/0001-25
25/06/2016;25/06/2016 18:30:00;NOW YOU SEE ME: THE SECOND ACT;TRUQUE DE MESTRE 2;E1500269900000;DUBLADO;NÃO;ESTADOS UNIDOS;5004484;ARAPIRACA BRA 02;51;6000027;22546;26037;ARAPIRACA;AL;REDECINE BRA CINEMATOGRÁFICA S.A.;15.422.993/0001-67
25/06/2016;25/06/2016 18:30:00;TEENAGE MUTANT NINJA TURTLES: OUT OF THE SHADOWS;AS TARTARUGAS NINJA: FORA DAS SOMBRAS;E1600265600000;DUBLADO;NÃO;ESTADOS UNIDOS;5004997;CINESYSTEM AMERICAS 01;82;6000027;5348;28834;RIO DE JANEIRO;RJ;REDECINE - RIO CINEMATOGRAFICA S.A.;07.524.011/0001-10
25/06/2016;25/06/2016 18:40:00;ME BEFORE YOU;COMO EU ERA ANTES DE VOCÊ;E1500875700000;ORIGINAL;SIM;ESTADOS UNIDOS;5004998;CINESYSTEM AMERICAS 02;107;6000027;5348;28834;RIO DE JANEIRO;RJ;REDECINE - RIO CINEMATOGRAFICA S.A.;07.524.011/0001-10
25/06/2016;25/06/2016 18:40:00;ME BEFORE YOU;COMO EU ERA ANTES DE VOCÊ;E1500875700000;DUBLADO;NÃO;ESTADOS UNIDOS;5005576;CINESYSTEM PAULISTA SALA 06;60;6000027;22546;33152;PAULISTA;PE;REDECINE BRA CINEMATOGRÁFICA S.A.;15.422.993/0001-67
25/06/2016;25/06/2016 18:40:00;ME BEFORE YOU;COMO EU ERA ANTES DE VOCÊ;E1500875700000;DUBLADO;NÃO;ESTADOS UNIDOS;5001627;CINESYSTEM SHOPPING TOTAL SALA 04;71;6000027;2375;6658;CURITIBA;PR;REDECINE CWB CINEMATOGRÁFICA LTDA;05.747.411/0001-69
25/06/2016;25/06/2016 18:40:00;TEENAGE MUTANT NINJA TURTLES: OUT OF THE SHADOWS;AS TARTARUGAS NINJA: FORA DAS SOMBRAS;E1600265600000;DUBLADO;NÃO;ESTADOS UNIDOS;5002063;AGUA VERDE 2;15;6000023;12893;12894;CURITIBA;PR;ESTILO PRODUÇÕES ARTISTICAS LTDA;03.293.165/0001-97
25/06/2016;25/06/2016 18:40:00;TEENAGE MUTANT NINJA TURTLES: OUT OF THE SHADOWS;AS TARTARUGAS NINJA: FORA DAS SOMBRAS;E1600265600000;DUBLADO;NÃO;ESTADOS UNIDOS;5004487;ARAPIRACA BRA 05;48;6000027;22546;26037;ARAPIRACA;AL;REDECINE BRA CINEMATOGRÁFICA S.A.;15.422.993/0001-67
25/06/2016;25/06/2016 18:40:00;TEENAGE MUTANT NINJA TURTLES: OUT OF THE SHADOWS;AS TARTARUGAS NINJA: FORA DAS SOMBRAS;E1600265600000;DUBLADO;NÃO;ESTADOS UNIDOS;5003419;CINEMARK SHOPPING RAPOSO TAVARES 01;100;6000018;1843;20591;SÃO PAULO;SP;CINEMARK BRASIL S.A;00.779.721/0001-41
25/06/2016;25/06/2016 18:45:00;INDEPENDENCE DAY RESURGENCE;INDEPENDENCE DAY- O RESSURGIMENTO;E1600182600000;DUBLADO;NÃO;ESTADOS UNIDOS;5002062;AGUA VERDE 1;26;6000023;12893;12894;CURITIBA;PR;ESTILO PRODUÇÕES ARTISTICAS LTDA;03.293.165/0001-97
25/06/2016;25/06/2016 18:50:00;MAIS FORTE QUE O MUNDO - A HISTÓRIA DE JOSÉ ALDO;;B1600294500000;ORIGINAL;NÃO;BRASIL;5003422;CINEMARK SHOPPING RAPOSO TAVARES 04;29;6000018;1843;20591;SÃO PAULO;SP;CINEMARK BRASIL S.A;00.779.721/0001-41
25/06/2016;25/06/2016 18:50:00;ME BEFORE YOU;COMO EU ERA ANTES DE VOCÊ;E1500875700000;DUBLADO;NÃO;ESTADOS UNIDOS;5004486;ARAPIRACA BRA 04;71;6000027;22546;26037;ARAPIRACA;AL;REDECINE BRA CINEMATOGRÁFICA S.A.;15.422.993/0001-67
25/06/2016;25/06/2016 18:50:00;NOW YOU SEE ME 2;TRUQUE DE MESTRE: O 2º ATO;E1700176500000;ORIGINAL;SIM;CANADÁ;5005003;CINESYSTEM AMERICAS 07;124;6000027;5348;28834;RIO DE JANEIRO;RJ;REDECINE - RIO CINEMATOGRAFICA S.A.;07.524.011/0001-10
25/06/2016;25/06/2016 18:50:00;THE CONJURING 2;INVOCAÇÃO DO MAL 2;E1600342300000;DUBLADO;NÃO;ESTADOS UNIDOS;5001626;CINESYSTEM SHOPPING TOTAL SALA 03;59;6000027;2375;6658;CURITIBA;PR;REDECINE CWB CINEMATOGRÁFICA LTDA;05.747.411/0001-69
25/06/2016;25/06/2016 19:00:00;MAIS FORTE QUE O MUNDO - A HISTÓRIA DE JOSÉ ALDO;;B1600294500000;DUBLADO;NÃO;BRASIL;5005001;CINESYSTEM AMERICAS 05;61;6000027;5348;28834;RIO DE JANEIRO;RJ;REDECINE - RIO CINEMATOGRAFICA S.A.;07.524.011/0001-10
25/06/2016;25/06/2016 19:00:00;ME BEFORE YOU;COMO EU ERA ANTES DE VOCÊ;E1500875700000;ORIGINAL;SIM;ESTADOS UNIDOS;5002781;ILHA PLAZA 01;2;6000027;5348;16645;RIO DE JANEIRO;RJ;REDECINE - RIO CINEMATOGRAFICA S.A.;07.524.011/0001-10
25/06/2016;25/06/2016 19:00:00;ME BEFORE YOU;COMO EU ERA ANTES DE VOCÊ;E1500875700000;DUBLADO;NÃO;ESTADOS UNIDOS;5003900;SALA 3;139;6000002;3136;24148;SOROCABA;SP;MSA EMPRESA CINEMATOGRÁFICA LTDA;03.608.600/0001-25
25/06/2016;25/06/2016 19:00:00;TEENAGE MUTANT NINJA TURTLES: OUT OF THE SHADOWS;AS TARTARUGAS NINJA: FORA DAS SOMBRAS;E1600265600000;DUBLADO;NÃO;ESTADOS UNIDOS;5001624;CINESYSTEM SHOPPING TOTAL SALA 01;49;6000027;2375;6658;CURITIBA;PR;REDECINE CWB CINEMATOGRÁFICA LTDA;05.747.411/0001-69
25/06/2016;25/06/2016 19:00:00;THE CONJURING 2;INVOCAÇÃO DO MAL 2;E1600342300000;DUBLADO;NÃO;ESTADOS UNIDOS;5004485;ARAPIRACA BRA 03;60;6000027;22546;26037;ARAPIRACA;AL;REDECINE BRA CINEMATOGRÁFICA S.A.;15.422.993/0001-67
25/06/2016;25/06/2016 19:01:00;ME BEFORE YOU;COMO EU ERA ANTES DE VOCÊ;E1500875700000;ORIGINAL;SIM;ESTADOS UNIDOS;5002781;ILHA PLAZA 01;144;6000027;5348;16645;RIO DE JANEIRO;RJ;REDECINE - RIO CINEMATOGRAFICA S.A.;07.524.011/0001-10
25/06/2016;25/06/2016 19:10:00;INDEPENDENCE DAY RESURGENCE;INDEPENDENCE DAY- O RESSURGIMENTO;E1600182600000;DUBLADO;NÃO;ESTADOS UNIDOS;5004483;ARAPIRACA BRA 01;39;6000027;22546;26037;ARAPIRACA;AL;REDECINE BRA CINEMATOGRÁFICA S.A.;15.422.993/0001-67
25/06/2016;25/06/2016 19:10:00;THE CONJURING 2;INVOCAÇÃO DO MAL 2;E1600342300000;ORIGINAL;SIM;ESTADOS UNIDOS;5005000;CINESYSTEM AMERICAS 04;84;6000027;5348;28834;RIO DE JANEIRO;RJ;REDECINE - RIO CINEMATOGRAFICA S.A.;07.524.011/0001-10
25/06/2016;25/06/2016 19:10:00;THE CONJURING 2;INVOCAÇÃO DO MAL 2;E1600342300000;DUBLADO;NÃO;ESTADOS UNIDOS;5005572;CINESYSTEM PAULISTA SALA 01;90;6000027;22546;33152;PAULISTA;PE;REDECINE BRA CINEMATOGRÁFICA S.A.;15.422.993/0001-67
25/06/2016;25/06/2016 19:20:00;ALDO - MAIS FORTE QUE O MUNDO;;B1600785100000;DUBLADO;NÃO;BRASIL;5001628;CINESYSTEM SHOPPING TOTAL SALA 05;8;6000027;2375;6658;CURITIBA;PR;REDECINE CWB CINEMATOGRÁFICA LTDA;05.747.411/0001-69
25/06/2016;25/06/2016 19:20:00;INDEPENDENCE DAY RESURGENCE;INDEPENDENCE DAY- O RESSURGIMENTO;E1600182600000;ORIGINAL;SIM;ESTADOS UNIDOS;5005002;CINESYSTEM AMERICAS 06;85;6000027;5348;28834;RIO DE JANEIRO;RJ;REDECINE - RIO CINEMATOGRAFICA S.A.;07.524.011/0001-10
25/06/2016;25/06/2016 19:20:00;ME BEFORE YOU;COMO EU ERA ANTES DE VOCÊ;E1500875700000;ORIGINAL;SIM;ESTADOS UNIDOS;5003087;CINESPAÇO FLORIANÓPOLIS 1;153;6000018;1014;19103;FLORIANÓPOLIS;SC;CIRCUITO ESPAÇO DE CINEMA S/A;03.695.435/0001-96
25/06/2016;25/06/2016 19:25:00;INDEPENDENCE DAY RESURGENCE;INDEPENDENCE DAY- O RESSURGIMENTO;E1600182600000;DUBLADO;NÃO;ESTADOS UNIDOS;5003423;CINEMARK SHOPPING RAPOSO TAVARES 05;71;6000018;1843;20591;SÃO PAULO;SP;CINEMARK BRASIL S.A;00.779.721/0001-41
25/06/2016;25/06/2016 19:30:00;INDEPENDENCE DAY RESURGENCE;INDEPENDENCE DAY- O RESSURGIMENTO;E1600182600000;DUBLADO;NÃO;ESTADOS UNIDOS;5001625;CINESYSTEM SHOPPING TOTAL SALA 02;31;6000027;2375;6658;CURITIBA;PR;REDECINE CWB CINEMATOGRÁFICA LTDA;05.747.411/0001-69
25/06/2016;25/06/2016 20:10:00;TEENAGE MUTANT NINJA TURTLES: OUT OF THE SHADOWS;AS TARTARUGAS NINJA: FORA DAS SOMBRAS;E1600265600000;DUBLADO;NÃO;ESTADOS UNIDOS;5002603;CINEMAS BENFICA - SALA 1;42;;15690;15691;FORTALEZA;CE;CINEMAS BENFICA LTDA;07.509.597/0001-43
25/06/2016;25/06/2016 20:10:00;THE CONJURING 2;INVOCAÇÃO DO MAL 2;E1600342300000;DUBLADO;NÃO;ESTADOS UNIDOS;5003425;CINEMARK SHOPPING RAPOSO TAVARES 07;107;6000018;1843;20591;SÃO PAULO;SP;CINEMARK BRASIL S.A;00.779.721/0001-41
25/06/2016;25/06/2016 20:30:00;NOW YOU SEE ME: THE SECOND ACT;TRUQUE DE MESTRE 2;E1500269900000;DUBLADO;NÃO;ESTADOS UNIDOS;5003420;CINEMARK SHOPPING RAPOSO TAVARES 02;99;6000018;1843;20591;SÃO PAULO;SP;CINEMARK BRASIL S.A;00.779.721/0001-41
25/06/2016;25/06/2016 20:50:00;INDEPENDENCE DAY RESURGENCE;INDEPENDENCE DAY- O RESSURGIMENTO;E1600182600000;DUBLADO;NÃO;ESTADOS UNIDOS;5004488;ARAPIRACA BRA 06;37;6000027;22546;26037;ARAPIRACA;AL;REDECINE BRA CINEMATOGRÁFICA S.A.;15.422.993/0001-67
25/06/2016;25/06/2016 20:50:00;INDEPENDENCE DAY RESURGENCE;INDEPENDENCE DAY- O RESSURGIMENTO;E1600182600000;DUBLADO;NÃO;ESTADOS UNIDOS;5003424;CINEMARK SHOPPING RAPOSO TAVARES 06;101;6000018;1843;20591;SÃO PAULO;SP;CINEMARK BRASIL S.A;00.779.721/0001-41
25/06/2016;25/06/2016 20:50:00;INDEPENDENCE DAY RESURGENCE;INDEPENDENCE DAY- O RESSURGIMENTO;E1600182600000;DUBLADO;NÃO;ESTADOS UNIDOS;5004999;CINESYSTEM AMERICAS 03;72;6000027;5348;28834;RIO DE JANEIRO;RJ;REDECINE - RIO CINEMATOGRAFICA S.A.;07.524.011/0001-10
25/06/2016;25/06/2016 20:50:00;TEENAGE MUTANT NINJA TURTLES: OUT OF THE SHADOWS;AS TARTARUGAS NINJA: FORA DAS SOMBRAS;E1600265600000;DUBLADO;NÃO;ESTADOS UNIDOS;5002063;AGUA VERDE 2;7;6000023;12893;12894;CURITIBA;PR;ESTILO PRODUÇÕES ARTISTICAS LTDA;03.293.165/0001-97
25/06/2016;25/06/2016 21:00:00;INDEPENDENCE DAY RESURGENCE;INDEPENDENCE DAY- O RESSURGIMENTO;E1600182600000;DUBLADO;NÃO;ESTADOS UNIDOS;5002062;AGUA VERDE 1;33;6000023;12893;12894;CURITIBA;PR;ESTILO PRODUÇÕES ARTISTICAS LTDA;03.293.165/0001-97
25/06/2016;25/06/2016 21:00:00;MAIS FORTE QUE O MUNDO - A HISTÓRIA DE JOSÉ ALDO;;B1600294500000;DUBLADO;NÃO;BRASIL;5003899;SALA 2;14;6000002;3136;24148;SOROCABA;SP;MSA EMPRESA CINEMATOGRÁFICA LTDA;03.608.600/0001-25
25/06/2016;25/06/2016 21:00:00;ME BEFORE YOU;COMO EU ERA ANTES DE VOCÊ;E1500875700000;ORIGINAL;SIM;ESTADOS UNIDOS;5004998;CINESYSTEM AMERICAS 02;99;6000027;5348;28834;RIO DE JANEIRO;RJ;REDECINE - RIO CINEMATOGRAFICA S.A.;07.524.011/0001-10
25/06/2016;25/06/2016 21:00:00;ME BEFORE YOU;COMO EU ERA ANTES DE VOCÊ;E1500875700000;DUBLADO;NÃO;ESTADOS UNIDOS;5001627;CINESYSTEM SHOPPING TOTAL SALA 04;88;6000027;2375;6658;CURITIBA;PR;REDECINE CWB CINEMATOGRÁFICA LTDA;05.747.411/0001-69
25/06/2016;25/06/2016 21:10:00;MAIS FORTE QUE O MUNDO - A HISTÓRIA DE JOSÉ ALDO;;B1600294500000;DUBLADO;NÃO;BRASIL;5004997;CINESYSTEM AMERICAS 01;52;6000027;5348;28834;RIO DE JANEIRO;RJ;REDECINE - RIO CINEMATOGRAFICA S.A.;07.524.011/0001-10
25/06/2016;25/06/2016 21:10:00;ME BEFORE YOU;COMO EU ERA ANTES DE VOCÊ;E1500875700000;DUBLADO;NÃO;ESTADOS UNIDOS;5004484;ARAPIRACA BRA 02;17;6000027;22546;26037;ARAPIRACA;AL;REDECINE BRA CINEMATOGRÁFICA S.A.;15.422.993/0001-67
25/06/2016;25/06/2016 21:10:00;ME BEFORE YOU;COMO EU ERA ANTES DE VOCÊ;E1500875700000;DUBLADO;NÃO;ESTADOS UNIDOS;5005576;CINESYSTEM PAULISTA SALA 06;46;6000027;22546;33152;PAULISTA;PE;REDECINE BRA CINEMATOGRÁFICA S.A.;15.422.993/0001-67
25/06/2016;25/06/2016 21:15:00;ME BEFORE YOU;COMO EU ERA ANTES DE VOCÊ;E1500875700000;DUBLADO;NÃO;ESTADOS UNIDOS;5003900;SALA 3;162;6000002;3136;24148;SOROCABA;SP;MSA EMPRESA CINEMATOGRÁFICA LTDA;03.608.600/0001-25
25/06/2016;25/06/2016 21:20:00;INDEPENDENCE DAY RESURGENCE;INDEPENDENCE DAY- O RESSURGIMENTO;E1600182600000;DUBLADO;NÃO;ESTADOS UNIDOS;5001624;CINESYSTEM SHOPPING TOTAL SALA 01;36;6000027;2375;6658;CURITIBA;PR;REDECINE CWB CINEMATOGRÁFICA LTDA;05.747.411/0001-69
25/06/2016;25/06/2016 21:20:00;ME BEFORE YOU;COMO EU ERA ANTES DE VOCÊ;E1500875700000;ORIGINAL;SIM;ESTADOS UNIDOS;5002781;ILHA PLAZA 01;94;6000027;5348;16645;RIO DE JANEIRO;RJ;REDECINE - RIO CINEMATOGRAFICA S.A.;07.524.011/0001-10
25/06/2016;25/06/2016 21:20:00;TEENAGE MUTANT NINJA TURTLES: OUT OF THE SHADOWS;AS TARTARUGAS NINJA: FORA DAS SOMBRAS;E1600265600000;DUBLADO;NÃO;ESTADOS UNIDOS;5004487;ARAPIRACA BRA 05;36;6000027;22546;26037;ARAPIRACA;AL;REDECINE BRA CINEMATOGRÁFICA S.A.;15.422.993/0001-67
25/06/2016;25/06/2016 21:20:00;TEENAGE MUTANT NINJA TURTLES: OUT OF THE SHADOWS;AS TARTARUGAS NINJA: FORA DAS SOMBRAS;E1600265600000;DUBLADO;NÃO;ESTADOS UNIDOS;5003419;CINEMARK SHOPPING RAPOSO TAVARES 01;75;6000018;1843;20591;SÃO PAULO;SP;CINEMARK BRASIL S.A;00.779.721/0001-41
25/06/2016;25/06/2016 21:30:00;ME BEFORE YOU;COMO EU ERA ANTES DE VOCÊ;E1500875700000;DUBLADO;NÃO;ESTADOS UNIDOS;5004486;ARAPIRACA BRA 04;19;6000027;22546;26037;ARAPIRACA;AL;REDECINE BRA CINEMATOGRÁFICA S.A.;15.422.993/0001-67
25/06/2016;25/06/2016 21:30:00;NOW YOU SEE ME 2;TRUQUE DE MESTRE: O 2º ATO;E1700176500000;ORIGINAL;SIM;CANADÁ;5005003;CINESYSTEM AMERICAS 07;130;6000027;5348;28834;RIO DE JANEIRO;RJ;REDECINE - RIO CINEMATOGRAFICA S.A.;07.524.011/0001-10
25/06/2016;25/06/2016 21:30:00;THE CONJURING 2;INVOCAÇÃO DO MAL 2;E1600342300000;DUBLADO;NÃO;ESTADOS UNIDOS;5001626;CINESYSTEM SHOPPING TOTAL SALA 03;64;6000027;2375;6658;CURITIBA;PR;REDECINE CWB CINEMATOGRÁFICA LTDA;05.747.411/0001-69
25/06/2016;25/06/2016 21:40:00;INDEPENDENCE DAY RESURGENCE;INDEPENDENCE DAY- O RESSURGIMENTO;E1600182600000;DUBLADO;NÃO;ESTADOS UNIDOS;5004483;ARAPIRACA BRA 01;24;6000027;22546;26037;ARAPIRACA;AL;REDECINE BRA CINEMATOGRÁFICA S.A.;15.422.993/0001-67
25/06/2016;25/06/2016 21:40:00;MAIS FORTE QUE O MUNDO - A HISTÓRIA DE JOSÉ ALDO;;B1600294500000;ORIGINAL;NÃO;BRASIL;5003422;CINEMARK SHOPPING RAPOSO TAVARES 04;44;6000018;1843;20591;SÃO PAULO;SP;CINEMARK BRASIL S.A;00.779.721/0001-41
25/06/2016;25/06/2016 21:40:00;MAIS FORTE QUE O MUNDO - A HISTÓRIA DE JOSÉ ALDO;;B1600294500000;DUBLADO;NÃO;BRASIL;5005001;CINESYSTEM AMERICAS 05;57;6000027;5348;28834;RIO DE JANEIRO;RJ;REDECINE - RIO CINEMATOGRAFICA S.A.;07.524.011/0001-10
25/06/2016;25/06/2016 21:40:00;ME BEFORE YOU;COMO EU ERA ANTES DE VOCÊ;E1500875700000;ORIGINAL;SIM;ESTADOS UNIDOS;5003087;CINESPAÇO FLORIANÓPOLIS 1;119;6000018;1014;19103;FLORIANÓPOLIS;SC;CIRCUITO ESPAÇO DE CINEMA S/A;03.695.435/0001-96
25/06/2016;25/06/2016 21:50:00;ALDO - MAIS FORTE QUE O MUNDO;;B1600785100000;DUBLADO;NÃO;BRASIL;5001628;CINESYSTEM SHOPPING TOTAL SALA 05;17;6000027;2375;6658;CURITIBA;PR;REDECINE CWB CINEMATOGRÁFICA LTDA;05.747.411/0001-69
25/06/2016;25/06/2016 21:50:00;INDEPENDENCE DAY RESURGENCE;INDEPENDENCE DAY- O RESSURGIMENTO;E1600182600000;ORIGINAL;SIM;ESTADOS UNIDOS;5005002;CINESYSTEM AMERICAS 06;79;6000027;5348;28834;RIO DE JANEIRO;RJ;REDECINE - RIO CINEMATOGRAFICA S.A.;07.524.011/0001-10
25/06/2016;25/06/2016 21:50:00;THE CONJURING 2;INVOCAÇÃO DO MAL 2;E1600342300000;DUBLADO;NÃO;ESTADOS UNIDOS;5004485;ARAPIRACA BRA 03;31;6000027;22546;26037;ARAPIRACA;AL;REDECINE BRA CINEMATOGRÁFICA S.A.;15.422.993/0001-67
25/06/2016;25/06/2016 21:50:00;THE CONJURING 2;INVOCAÇÃO DO MAL 2;E1600342300000;DUBLADO;NÃO;ESTADOS UNIDOS;5005572;CINESYSTEM PAULISTA SALA 01;51;6000027;22546;33152;PAULISTA;PE;REDECINE BRA CINEMATOGRÁFICA S.A.;15.422.993/0001-67
25/06/2016;25/06/2016 22:00:00;INDEPENDENCE DAY RESURGENCE;INDEPENDENCE DAY- O RESSURGIMENTO;E1600182600000;DUBLADO;NÃO;ESTADOS UNIDOS;5001625;CINESYSTEM SHOPPING TOTAL SALA 02;23;6000027;2375;6658;CURITIBA;PR;REDECINE CWB CINEMATOGRÁFICA LTDA;05.747.411/0001-69
25/06/2016;25/06/2016 22:00:00;THE CONJURING 2;INVOCAÇÃO DO MAL 2;E1600342300000;ORIGINAL;SIM;ESTADOS UNIDOS;5005000;CINESYSTEM AMERICAS 04;53;6000027;5348;28834;RIO DE JANEIRO;RJ;REDECINE - RIO CINEMATOGRAFICA S.A.;07.524.011/0001-10
25/06/2016;25/06/2016 22:10:00;INDEPENDENCE DAY RESURGENCE;INDEPENDENCE DAY- O RESSURGIMENTO;E1600182600000;DUBLADO;NÃO;ESTADOS UNIDOS;5003423;CINEMARK SHOPPING RAPOSO TAVARES 05;65;6000018;1843;20591;SÃO PAULO;SP;CINEMARK BRASIL S.A;00.779.721/0001-41
26/06/2016;26/06/2016 11:00:01;NISE - O CORAÇÃO DA LOUCURA;;B1402652900000;ORIGINAL;NÃO;BRASIL;5001486;MOVIECOM MAXI 2;87;6000100;2912;2913;JUNDIAÍ;SP;MAXI CINEMATOGRÁFICA LTDA;05.279.756/0001-35
26/06/2016;26/06/2016 11:10:00;THE CONJURING 2;INVOCAÇÃO DO MAL 2;E1600342300000;DUBLADO;NÃO;ESTADOS UNIDOS;5003425;CINEMARK SHOPPING RAPOSO TAVARES 07;0;6000018;1843;20591;SÃO PAULO;SP;CINEMARK BRASIL S.A;00.779.721/0001-41
26/06/2016;26/06/2016 11:30:00;NOW YOU SEE ME: THE SECOND ACT;TRUQUE DE MESTRE 2;E1500269900000;DUBLADO;NÃO;ESTADOS UNIDOS;5003420;CINEMARK SHOPPING RAPOSO TAVARES 02;9;6000018;1843;20591;SÃO PAULO;SP;CINEMARK BRASIL S.A;00.779.721/0001-41
26/06/2016;26/06/2016 12:50:00;TEENAGE MUTANT NINJA TURTLES: OUT OF THE SHADOWS;AS TARTARUGAS NINJA: FORA DAS SOMBRAS;E1600265600000;DUBLADO;NÃO;ESTADOS UNIDOS;5003424;CINEMARK SHOPPING RAPOSO TAVARES 06;37;6000018;1843;20591;SÃO PAULO;SP;CINEMARK BRASIL S.A;00.779.721/0001-41
26/06/2016;26/06/2016 13:00:00;INDEPENDENCE DAY RESURGENCE;INDEPENDENCE DAY- O RESSURGIMENTO;E1600182600000;DUBLADO;NÃO;ESTADOS UNIDOS;5003419;CINEMARK SHOPPING RAPOSO TAVARES 01;31;6000018;1843;20591;SÃO PAULO;SP;CINEMARK BRASIL S.A;00.779.721/0001-41
26/06/2016;26/06/2016 13:10:00;MAIS FORTE QUE O MUNDO - A HISTÓRIA DE JOSÉ ALDO;;B1600294500000;ORIGINAL;NÃO;BRASIL;5003422;CINEMARK SHOPPING RAPOSO TAVARES 04;3;6000018;1843;20591;SÃO PAULO;SP;CINEMARK BRASIL S.A;00.779.721/0001-41
26/06/2016;26/06/2016 13:20:00;INDEPENDENCE DAY RESURGENCE;INDEPENDENCE DAY- O RESSURGIMENTO;E1600182600000;DUBLADO;NÃO;ESTADOS UNIDOS;5004488;ARAPIRACA BRA 06;12;6000027;22546;26037;ARAPIRACA;AL;REDECINE BRA CINEMATOGRÁFICA S.A.;15.422.993/0001-67
26/06/2016;26/06/2016 13:20:00;MAIS FORTE QUE O MUNDO - A HISTÓRIA DE JOSÉ ALDO;;B1600294500000;DUBLADO;NÃO;BRASIL;5004997;CINESYSTEM AMERICAS 01;4;6000027;5348;28834;RIO DE JANEIRO;RJ;REDECINE - RIO CINEMATOGRAFICA S.A.;07.524.011/0001-10
26/06/2016;26/06/2016 13:20:00;TEENAGE MUTANT NINJA TURTLES: OUT OF THE SHADOWS;AS TARTARUGAS NINJA: FORA DAS SOMBRAS;E1600265600000;DUBLADO;NÃO;ESTADOS UNIDOS;5002603;CINEMAS BENFICA - SALA 1;36;;15690;15691;FORTALEZA;CE;CINEMAS BENFICA LTDA;07.509.597/0001-43
26/06/2016;26/06/2016 13:25:00;NOW YOU SEE ME: THE SECOND ACT;TRUQUE DE MESTRE 2;E1500269900000;DUBLADO;NÃO;ESTADOS UNIDOS;5004484;ARAPIRACA BRA 02;40;6000027;22546;26037;ARAPIRACA;AL;REDECINE BRA CINEMATOGRÁFICA S.A.;15.422.993/0001-67
26/06/2016;26/06/2016 13:25:00;TEENAGE MUTANT NINJA TURTLES: OUT OF THE SHADOWS;AS TARTARUGAS NINJA: FORA DAS SOMBRAS;E1600265600000;DUBLADO;NÃO;ESTADOS UNIDOS;5004999;CINESYSTEM AMERICAS 03;27;6000027;5348;28834;RIO DE JANEIRO;RJ;REDECINE - RIO CINEMATOGRAFICA S.A.;07.524.011/0001-10
26/06/2016;26/06/2016 13:25:00;THE CONJURING 2;INVOCAÇÃO DO MAL 2;E1600342300000;DUBLADO;NÃO;ESTADOS UNIDOS;5005572;CINESYSTEM PAULISTA SALA 01;27;6000027;22546;33152;PAULISTA;PE;REDECINE BRA CINEMATOGRÁFICA S.A.;15.422.993/0001-67
26/06/2016;26/06/2016 13:30:00;NOW YOU SEE ME 2;TRUQUE DE MESTRE: O 2º ATO;E1700176500000;ORIGINAL;SIM;CANADÁ;5005003;CINESYSTEM AMERICAS 07;52;6000027;5348;28834;RIO DE JANEIRO;RJ;REDECINE - RIO CINEMATOGRAFICA S.A.;07.524.011/0001-10
26/06/2016;26/06/2016 13:30:00;THE CONJURING 2;INVOCAÇÃO DO MAL 2;E1600342300000;DUBLADO;NÃO;ESTADOS UNIDOS;5004485;ARAPIRACA BRA 03;45;6000027;22546;26037;ARAPIRACA;AL;REDECINE BRA CINEMATOGRÁFICA S.A.;15.422.993/0001-67
26/06/2016;26/06/2016 13:40:00;INDEPENDENCE DAY RESURGENCE;INDEPENDENCE DAY- O RESSURGIMENTO;E1600182600000;DUBLADO;NÃO;ESTADOS UNIDOS;5003423;CINEMARK SHOPPING RAPOSO TAVARES 05;44;6000018;1843;20591;SÃO PAULO;SP;CINEMARK BRASIL S.A;00.779.721/0001-41
26/06/2016;26/06/2016 13:40:00;ME BEFORE YOU;COMO EU ERA ANTES DE VOCÊ;E1500875700000;ORIGINAL;SIM;ESTADOS UNIDOS;5004998;CINESYSTEM AMERICAS 02;23;6000027;5348;28834;RIO DE JANEIRO;RJ;REDECINE - RIO CINEMATOGRAFICA S.A.;07.524.011/0001-10
26/06/2016;26/06/2016 13:40:00;TEENAGE MUTANT NINJA TURTLES: OUT OF THE SHADOWS;AS TARTARUGAS NINJA: FORA DAS SOMBRAS;E1600265600000;DUBLADO;NÃO;ESTADOS UNIDOS;5004487;ARAPIRACA BRA 05;97;6000027;22546;26037;ARAPIRACA;AL;REDECINE BRA CINEMATOGRÁFICA S.A.;15.422.993/0001-67
26/06/2016;26/06/2016 13:40:00;THE CONJURING 2;INVOCAÇÃO DO MAL 2;E1600342300000;DUBLADO;NÃO;ESTADOS UNIDOS;5001486;MOVIECOM MAXI 2;89;6000100;2912;2913;JUNDIAÍ;SP;MAXI CINEMATOGRÁFICA LTDA;05.279.756/0001-35
26/06/2016;26/06/2016 13:45:00;THE CONJURING 2;INVOCAÇÃO DO MAL 2;E1600342300000;DUBLADO;NÃO;ESTADOS UNIDOS;5005000;CINESYSTEM AMERICAS 04;21;6000027;5348;28834;RIO DE JANEIRO;RJ;REDECINE - RIO CINEMATOGRAFICA S.A.;07.524.011/0001-10
26/06/2016;26/06/2016 13:50:00;ALICE THROUGH THE LOOKING GLASS;ALICE ATRAVÉS DO ESPELHO;E1600259100000;DUBLADO;NÃO;ESTADOS UNIDOS;5001626;CINESYSTEM SHOPPING TOTAL SALA 03;97;6000027;2375;6658;CURITIBA;PR;REDECINE CWB CINEMATOGRÁFICA LTDA;05.747.411/0001-69
26/06/2016;26/06/2016 13:50:00;MAIS FORTE QUE O MUNDO - A HISTÓRIA DE JOSÉ ALDO;;B1600294500000;DUBLADO;NÃO;BRASIL;5005001;CINESYSTEM AMERICAS 05;12;6000027;5348;28834;RIO DE JANEIRO;RJ;REDECINE - RIO CINEMATOGRAFICA S.A.;07.524.011/0001-10
26/06/2016;26/06/2016 13:50:00;MAIS FORTE QUE O MUNDO - A HISTÓRIA DE JOSÉ ALDO;;B1600294500000;ORIGINAL;NÃO;BRASIL;5000921;MOVIECOM MAXI 1;23;6000100;2912;2913;JUNDIAÍ;SP;MAXI CINEMATOGRÁFICA LTDA;05.279.756/0001-35
26/06/2016;26/06/2016 13:50:00;ME BEFORE YOU;COMO EU ERA ANTES DE VOCÊ;E1500875700000;DUBLADO;NÃO;ESTADOS UNIDOS;5005576;CINESYSTEM PAULISTA SALA 06;32;6000027;22546;33152;PAULISTA;PE;REDECINE BRA CINEMATOGRÁFICA S.A.;15.422.993/0001-67
26/06/2016;26/06/2016 13:50:00;NOW YOU SEE ME: THE SECOND ACT;TRUQUE DE MESTRE 2;E1500269900000;ORIGINAL;SIM;ESTADOS UNIDOS;5002781;ILHA PLAZA 01;60;6000027;5348;16645;RIO DE JANEIRO;RJ;REDECINE - RIO CINEMATOGRAFICA S.A.;07.524.011/0001-10
26/06/2016;26/06/2016 14:00:00;INDEPENDENCE DAY RESURGENCE;INDEPENDENCE DAY- O RESSURGIMENTO;E1600182600000;DUBLADO;NÃO;ESTADOS UNIDOS;5002062;AGUA VERDE 1;14;6000023;12893;12894;CURITIBA;PR;ESTILO PRODUÇÕES ARTISTICAS LTDA;03.293.165/0001-97
26/06/2016;26/06/2016 14:00:00;ME BEFORE YOU;COMO EU ERA ANTES DE VOCÊ;E1500875700000;DUBLADO;NÃO;ESTADOS UNIDOS;5001627;CINESYSTEM SHOPPING TOTAL SALA 04;43;6000027;2375;6658;CURITIBA;PR;REDECINE CWB CINEMATOGRÁFICA LTDA;05.747.411/0001-69
26/06/2016;26/06/2016 14:00:00;WARCRAFT;WARCFRAT – O PRIMEIRO ENCONTRO ENTRE DOIS MUNDOS;E1500739800000;DUBLADO;NÃO;ESTADOS UNIDOS;5001493;MOVIECOM MAXI 7;68;6000100;2912;2913;JUNDIAÍ;SP;MAXI CINEMATOGRÁFICA LTDA;05.279.756/0001-35
26/06/2016;26/06/2016 14:10:00;INDEPENDENCE DAY RESURGENCE;INDEPENDENCE DAY- O RESSURGIMENTO;E1600182600000;DUBLADO;NÃO;ESTADOS UNIDOS;5004483;ARAPIRACA BRA 01;117;6000027;22546;26037;ARAPIRACA;AL;REDECINE BRA CINEMATOGRÁFICA S.A.;15.422.993/0001-67
26/06/2016;26/06/2016 14:10:00;INDEPENDENCE DAY RESURGENCE;INDEPENDENCE DAY- O RESSURGIMENTO;E1600182600000;DUBLADO;NÃO;ESTADOS UNIDOS;5001487;MOVIECOM MAXI 5;172;6000100;2912;2913;JUNDIAÍ;SP;MAXI CINEMATOGRÁFICA LTDA;05.279.756/0001-35
26/06/2016;26/06/2016 14:10:00;ME BEFORE YOU;COMO EU ERA ANTES DE VOCÊ;E1500875700000;DUBLADO;NÃO;ESTADOS UNIDOS;5004486;ARAPIRACA BRA 04;184;6000027;22546;26037;ARAPIRACA;AL;REDECINE BRA CINEMATOGRÁFICA S.A.;15.422.993/0001-67
26/06/2016;26/06/2016 14:10:00;TEENAGE MUTANT NINJA TURTLES: OUT OF THE SHADOWS;AS TARTARUGAS NINJA: FORA DAS SOMBRAS;E1600265600000;DUBLADO;NÃO;ESTADOS UNIDOS;5001624;CINESYSTEM SHOPPING TOTAL SALA 01;49;6000027;2375;6658;CURITIBA;PR;REDECINE CWB CINEMATOGRÁFICA LTDA;05.747.411/0001-69
26/06/2016;26/06/2016 14:10:00;THE CONJURING 2;INVOCAÇÃO DO MAL 2;E1600342300000;DUBLADO;NÃO;ESTADOS UNIDOS;5003425;CINEMARK SHOPPING RAPOSO TAVARES 07;60;6000018;1843;20591;SÃO PAULO;SP;CINEMARK BRASIL S.A;00.779.721/0001-41
26/06/2016;26/06/2016 14:20:00;ALDO - MAIS FORTE QUE O MUNDO;;B1600785100000;DUBLADO;NÃO;BRASIL;5001628;CINESYSTEM SHOPPING TOTAL SALA 05;6;6000027;2375;6658;CURITIBA;PR;REDECINE CWB CINEMATOGRÁFICA LTDA;05.747.411/0001-69
26/06/2016;26/06/2016 14:20:00;INDEPENDENCE DAY RESURGENCE;INDEPENDENCE DAY- O RESSURGIMENTO;E1600182600000;ORIGINAL;SIM;ESTADOS UNIDOS;5005002;CINESYSTEM AMERICAS 06;59;6000027;5348;28834;RIO DE JANEIRO;RJ;REDECINE - RIO CINEMATOGRAFICA S.A.;07.524.011/0001-10
26/06/2016;26/06/2016 14:20:00;TEENAGE MUTANT NINJA TURTLES: OUT OF THE SHADOWS;AS TARTARUGAS NINJA: FORA DAS SOMBRAS;E1600265600000;DUBLADO;NÃO;ESTADOS UNIDOS;5002063;AGUA VERDE 2;40;6000023;12893;12894;CURITIBA;PR;ESTILO PRODUÇÕES ARTISTICAS LTDA;03.293.165/0001-97
26/06/2016;26/06/2016 14:20:00;TEENAGE MUTANT NINJA TURTLES: OUT OF THE SHADOWS;AS TARTARUGAS NINJA: FORA DAS SOMBRAS;E1600265600000;DUBLADO;NÃO;ESTADOS UNIDOS;5001484;MOVIECOM MAXI 4;127;6000100;2912;2913;JUNDIAÍ;SP;MAXI CINEMATOGRÁFICA LTDA;05.279.756/0001-35
26/06/2016;26/06/2016 14:30:00;INDEPENDENCE DAY RESURGENCE;INDEPENDENCE DAY- O RESSURGIMENTO;E1600182600000;DUBLADO;NÃO;ESTADOS UNIDOS;5003369;ARAÚJO MULTIPLEX VIA VERDE 02;24;6000002;3103;20363;RIO BRANCO;AC;EMPRESA CINEMATOGRÁFICA ARAÇATUBA LTDA;03.519.995/0001-90
26/06/2016;26/06/2016 14:30:00;INDEPENDENCE DAY RESURGENCE;INDEPENDENCE DAY- O RESSURGIMENTO;E1600182600000;DUBLADO;NÃO;ESTADOS UNIDOS;5001625;CINESYSTEM SHOPPING TOTAL SALA 02;75;6000027;2375;6658;CURITIBA;PR;REDECINE CWB CINEMATOGRÁFICA LTDA;05.747.411/0001-69
26/06/2016;26/06/2016 14:30:00;ME BEFORE YOU;COMO EU ERA ANTES DE VOCÊ;E1500875700000;DUBLADO;NÃO;ESTADOS UNIDOS;5003900;SALA 3;88;6000002;3136;24148;SOROCABA;SP;MSA EMPRESA CINEMATOGRÁFICA LTDA;03.608.600/0001-25
26/06/2016;26/06/2016 14:30:00;NOW YOU SEE ME: THE SECOND ACT;TRUQUE DE MESTRE 2;E1500269900000;DUBLADO;NÃO;ESTADOS UNIDOS;5003420;CINEMARK SHOPPING RAPOSO TAVARES 02;86;6000018;1843;20591;SÃO PAULO;SP;CINEMARK BRASIL S.A;00.779.721/0001-41
26/06/2016;26/06/2016 14:40:00;ME BEFORE YOU;COMO EU ERA ANTES DE VOCÊ;E1500875700000;DUBLADO;NÃO;ESTADOS UNIDOS;5003087;CINESPAÇO FLORIANÓPOLIS 1;99;6000018;1014;19103;FLORIANÓPOLIS;SC;CIRCUITO ESPAÇO DE CINEMA S/A;03.695.435/0001-96
26/06/2016;26/06/2016 14:45:00;ME BEFORE YOU;COMO EU ERA ANTES DE VOCÊ;E1500875700000;DUBLADO;NÃO;ESTADOS UNIDOS;5001482;MOVIECOM MAXI 3;218;6000100;2912;2913;JUNDIAÍ;SP;MAXI CINEMATOGRÁFICA LTDA;05.279.756/0001-35
26/06/2016;26/06/2016 15:00:00;INDEPENDENCE DAY RESURGENCE;INDEPENDENCE DAY- O RESSURGIMENTO;E1600182600000;DUBLADO;NÃO;ESTADOS UNIDOS;5003371;ARAÚJO MULTIPLEX VIA VERDE 04;67;6000002;3103;20363;RIO BRANCO;AC;EMPRESA CINEMATOGRÁFICA ARAÇATUBA LTDA;03.519.995/0001-90
26/06/2016;26/06/2016 15:20:00;O CASEIRO;;B1600227000000;ORIGINAL;NÃO;BRASIL;5001491;MOVIECOM MAXI 6;33;6000100;2912;2913;JUNDIAÍ;SP;MAXI CINEMATOGRÁFICA LTDA;05.279.756/0001-35
26/06/2016;26/06/2016 15:25:00;TEENAGE MUTANT NINJA TURTLES: OUT OF THE SHADOWS;AS TARTARUGAS NINJA: FORA DAS SOMBRAS;E1600265600000;DUBLADO;NÃO;ESTADOS UNIDOS;5003424;CINEMARK SHOPPING RAPOSO TAVARES 06;88;6000018;1843;20591;SÃO PAULO;SP;CINEMARK BRASIL S.A;00.779.721/0001-41
26/06/2016;26/06/2016 15:40:00;TEENAGE MUTANT NINJA TURTLES: OUT OF THE SHADOWS;AS TARTARUGAS NINJA: FORA DAS SOMBRAS;E1600265600000;DUBLADO;NÃO;ESTADOS UNIDOS;5002603;CINEMAS BENFICA - SALA 1;65;;15690;15691;FORTALEZA;CE;CINEMAS BENFICA LTDA;07.509.597/0001-43
26/06/2016;26/06/2016 15:50:00;INDEPENDENCE DAY RESURGENCE;INDEPENDENCE DAY- O RESSURGIMENTO;E1600182600000;DUBLADO;NÃO;ESTADOS UNIDOS;5004488;ARAPIRACA BRA 06;89;6000027;22546;26037;ARAPIRACA;AL;REDECINE BRA CINEMATOGRÁFICA S.A.;15.422.993/0001-67
26/06/2016;26/06/2016 15:50:00;INDEPENDENCE DAY RESURGENCE;INDEPENDENCE DAY- O RESSURGIMENTO;E1600182600000;DUBLADO;NÃO;ESTADOS UNIDOS;5003419;CINEMARK SHOPPING RAPOSO TAVARES 01;84;6000018;1843;20591;SÃO PAULO;SP;CINEMARK BRASIL S.A;00.779.721/0001-41
26/06/2016;26/06/2016 15:50:00;TEENAGE MUTANT NINJA TURTLES: OUT OF THE SHADOWS;AS TARTARUGAS NINJA: FORA DAS SOMBRAS;E1600265600000;DUBLADO;NÃO;ESTADOS UNIDOS;5004999;CINESYSTEM AMERICAS 03;99;6000027;5348;28834;RIO DE JANEIRO;RJ;REDECINE - RIO CINEMATOGRAFICA S.A.;07.524.011/0001-10
26/06/2016;26/06/2016 16:00:00;MAIS FORTE QUE O MUNDO - A HISTÓRIA DE JOSÉ ALDO;;B1600294500000;ORIGINAL;NÃO;BRASIL;5003422;CINEMARK SHOPPING RAPOSO TAVARES 04;51;6000018;1843;20591;SÃO PAULO;SP;CINEMARK BRASIL S.A;00.779.721/0001-41
26/06/2016;26/06/2016 16:00:00;MAIS FORTE QUE O MUNDO - A HISTÓRIA DE JOSÉ ALDO;;B1600294500000;DUBLADO;NÃO;BRASIL;5003899;SALA 2;14;6000002;3136;24148;SOROCABA;SP;MSA EMPRESA CINEMATOGRÁFICA LTDA;03.608.600/0001-25
26/06/2016;26/06/2016 16:00:00;ME BEFORE YOU;COMO EU ERA ANTES DE VOCÊ;E1500875700000;DUBLADO;NÃO;ESTADOS UNIDOS;5004997;CINESYSTEM AMERICAS 01;74;6000027;5348;28834;RIO DE JANEIRO;RJ;REDECINE - RIO CINEMATOGRAFICA S.A.;07.524.011/0001-10
26/06/2016;26/06/2016 16:05:00;ME BEFORE YOU;COMO EU ERA ANTES DE VOCÊ;E1500875700000;DUBLADO;NÃO;ESTADOS UNIDOS;5004484;ARAPIRACA BRA 02;55;6000027;22546;26037;ARAPIRACA;AL;REDECINE BRA CINEMATOGRÁFICA S.A.;15.422.993/0001-67
26/06/2016;26/06/2016 16:10:00;NOW YOU SEE ME 2;TRUQUE DE MESTRE: O 2º ATO;E1700176500000;ORIGINAL;SIM;CANADÁ;5005003;CINESYSTEM AMERICAS 07;72;6000027;5348;28834;RIO DE JANEIRO;RJ;REDECINE - RIO CINEMATOGRAFICA S.A.;07.524.011/0001-10
26/06/2016;26/06/2016 16:10:00;TEENAGE MUTANT NINJA TURTLES: OUT OF THE SHADOWS;AS TARTARUGAS NINJA: FORA DAS SOMBRAS;E1600265600000;DUBLADO;NÃO;ESTADOS UNIDOS;5004487;ARAPIRACA BRA 05;70;6000027;22546;26037;ARAPIRACA;AL;REDECINE BRA CINEMATOGRÁFICA S.A.;15.422.993/0001-67
26/06/2016;26/06/2016 16:10:00;THE CONJURING 2;INVOCAÇÃO DO MAL 2;E1600342300000;DUBLADO;NÃO;ESTADOS UNIDOS;5005572;CINESYSTEM PAULISTA SALA 01;80;6000027;22546;33152;PAULISTA;PE;REDECINE BRA CINEMATOGRÁFICA S.A.;15.422.993/0001-67
26/06/2016;26/06/2016 16:10:00;THE CONJURING 2;INVOCAÇÃO DO MAL 2;E1600342300000;DUBLADO;NÃO;ESTADOS UNIDOS;5001626;CINESYSTEM SHOPPING TOTAL SALA 03;102;6000027;2375;6658;CURITIBA;PR;REDECINE CWB CINEMATOGRÁFICA LTDA;05.747.411/0001-69
26/06/2016;26/06/2016 16:20:00;INDEPENDENCE DAY RESURGENCE;INDEPENDENCE DAY- O RESSURGIMENTO;E1600182600000;DUBLADO;NÃO;ESTADOS UNIDOS;5002062;AGUA VERDE 1;34;6000023;12893;12894;CURITIBA;PR;ESTILO PRODUÇÕES ARTISTICAS LTDA;03.293.165/0001-97
26/06/2016;26/06/2016 16:20:00;MAIS FORTE QUE O MUNDO - A HISTÓRIA DE JOSÉ ALDO;;B1600294500000;ORIGINAL;NÃO;BRASIL;5000921;MOVIECOM MAXI 1;39;6000100;2912;2913;JUNDIAÍ;SP;MAXI CINEMATOGRÁFICA LTDA;05.279.756/0001-35
26/06/2016;26/06/2016 16:20:00;ME BEFORE YOU;COMO EU ERA ANTES DE VOCÊ;E1500875700000;ORIGINAL;SIM;ESTADOS UNIDOS;5004998;CINESYSTEM AMERICAS 02;96;6000027;5348;28834;RIO DE JANEIRO;RJ;REDECINE - RIO CINEMATOGRAFICA S.A.;07.524.011/0001-10
26/06/2016;26/06/2016 16:20:00;ME BEFORE YOU;COMO EU ERA ANTES DE VOCÊ;E1500875700000;DUBLADO;NÃO;ESTADOS UNIDOS;5005576;CINESYSTEM PAULISTA SALA 06;73;6000027;22546;33152;PAULISTA;PE;REDECINE BRA CINEMATOGRÁFICA S.A.;15.422.993/0001-67
26/06/2016;26/06/2016 16:20:00;ME BEFORE YOU;COMO EU ERA ANTES DE VOCÊ;E1500875700000;DUBLADO;NÃO;ESTADOS UNIDOS;5001627;CINESYSTEM SHOPPING TOTAL SALA 04;76;6000027;2375;6658;CURITIBA;PR;REDECINE CWB CINEMATOGRÁFICA LTDA;05.747.411/0001-69
26/06/2016;26/06/2016 16:20:00;THE CONJURING 2;INVOCAÇÃO DO MAL 2;E1600342300000;DUBLADO;NÃO;ESTADOS UNIDOS;5004485;ARAPIRACA BRA 03;56;6000027;22546;26037;ARAPIRACA;AL;REDECINE BRA CINEMATOGRÁFICA S.A.;15.422.993/0001-67
26/06/2016;26/06/2016 16:20:00;THE CONJURING 2;INVOCAÇÃO DO MAL 2;E1600342300000;DUBLADO;NÃO;ESTADOS UNIDOS;5001486;MOVIECOM MAXI 2;199;6000100;2912;2913;JUNDIAÍ;SP;MAXI CINEMATOGRÁFICA LTDA;05.279.756/0001-35
26/06/2016;26/06/2016 16:25:00;MAIS FORTE QUE O MUNDO - A HISTÓRIA DE JOSÉ ALDO;;B1600294500000;DUBLADO;NÃO;BRASIL;5005001;CINESYSTEM AMERICAS 05;77;6000027;5348;28834;RIO DE JANEIRO;RJ;REDECINE - RIO CINEMATOGRAFICA S.A.;07.524.011/0001-10
26/06/2016;26/06/2016 16:30:00;ALICE THROUGH THE LOOKING GLASS;ALICE ATRAVÉS DO ESPELHO;E1600259100000;DUBLADO;NÃO;ESTADOS UNIDOS;5001493;MOVIECOM MAXI 7;224;6000100;2912;2913;JUNDIAÍ;SP;MAXI CINEMATOGRÁFICA LTDA;05.279.756/0001-35
26/06/2016;26/06/2016 16:30:00;INDEPENDENCE DAY RESURGENCE;INDEPENDENCE DAY- O RESSURGIMENTO;E1600182600000;DUBLADO;NÃO;ESTADOS UNIDOS;5003423;CINEMARK SHOPPING RAPOSO TAVARES 05;70;6000018;1843;20591;SÃO PAULO;SP;CINEMARK BRASIL S.A;00.779.721/0001-41
26/06/2016;26/06/2016 16:30:00;INDEPENDENCE DAY RESURGENCE;INDEPENDENCE DAY- O RESSURGIMENTO;E1600182600000;DUBLADO;NÃO;ESTADOS UNIDOS;5001624;CINESYSTEM SHOPPING TOTAL SALA 01;66;6000027;2375;6658;CURITIBA;PR;REDECINE CWB CINEMATOGRÁFICA LTDA;05.747.411/0001-69
26/06/2016;26/06/2016 16:30:00;ME BEFORE YOU;COMO EU ERA ANTES DE VOCÊ;E1500875700000;DUBLADO;NÃO;ESTADOS UNIDOS;5004486;ARAPIRACA BRA 04;63;6000027;22546;26037;ARAPIRACA;AL;REDECINE BRA CINEMATOGRÁFICA S.A.;15.422.993/0001-67
26/06/2016;26/06/2016 16:30:00;TEENAGE MUTANT NINJA TURTLES: OUT OF THE SHADOWS;AS TARTARUGAS NINJA: FORA DAS SOMBRAS;E1600265600000;DUBLADO;NÃO;ESTADOS UNIDOS;5002063;AGUA VERDE 2;48;6000023;12893;12894;CURITIBA;PR;ESTILO PRODUÇÕES ARTISTICAS LTDA;03.293.165/0001-97
26/06/2016;26/06/2016 16:30:00;THE CONJURING 2;INVOCAÇÃO DO MAL 2;E1600342300000;ORIGINAL;SIM;ESTADOS UNIDOS;5005000;CINESYSTEM AMERICAS 04;46;6000027;5348;28834;RIO DE JANEIRO;RJ;REDECINE - RIO CINEMATOGRAFICA S.A.;07.524.011/0001-10
26/06/2016;26/06/2016 16:40:00;INDEPENDENCE DAY RESURGENCE;INDEPENDENCE DAY- O RESSURGIMENTO;E1600182600000;DUBLADO;NÃO;ESTADOS UNIDOS;5004483;ARAPIRACA BRA 01;36;6000027;22546;26037;ARAPIRACA;AL;REDECINE BRA CINEMATOGRÁFICA S.A.;15.422.993/0001-67
26/06/2016;26/06/2016 16:40:00;INDEPENDENCE DAY RESURGENCE;INDEPENDENCE DAY- O RESSURGIMENTO;E1600182600000;DUBLADO;NÃO;ESTADOS UNIDOS;5001487;MOVIECOM MAXI 5;193;6000100;2912;2913;JUNDIAÍ;SP;MAXI CINEMATOGRÁFICA LTDA;05.279.756/0001-35
26/06/2016;26/06/2016 16:40:00;ME BEFORE YOU;COMO EU ERA ANTES DE VOCÊ;E1500875700000;DUBLADO;NÃO;ESTADOS UNIDOS;5002781;ILHA PLAZA 01;128;6000027;5348;16645;RIO DE JANEIRO;RJ;REDECINE - RIO CINEMATOGRAFICA S.A.;07.524.011/0001-10
26/06/2016;26/06/2016 16:45:00;INDEPENDENCE DAY RESURGENCE;INDEPENDENCE DAY- O RESSURGIMENTO;E1600182600000;DUBLADO;NÃO;ESTADOS UNIDOS;5003369;ARAÚJO MULTIPLEX VIA VERDE 02;53;6000002;3103;20363;RIO BRANCO;AC;EMPRESA CINEMATOGRÁFICA ARAÇATUBA LTDA;03.519.995/0001-90
26/06/2016;26/06/2016 16:45:00;ME BEFORE YOU;COMO EU ERA ANTES DE VOCÊ;E1500875700000;DUBLADO;NÃO;ESTADOS UNIDOS;5003900;SALA 3;117;6000002;3136;24148;SOROCABA;SP;MSA EMPRESA CINEMATOGRÁFICA LTDA;03.608.600/0001-25
26/06/2016;26/06/2016 16:45:00;TEENAGE MUTANT NINJA TURTLES: OUT OF THE SHADOWS;AS TARTARUGAS NINJA: FORA DAS SOMBRAS;E1600265600000;DUBLADO;NÃO;ESTADOS UNIDOS;5001484;MOVIECOM MAXI 4;135;6000100;2912;2913;JUNDIAÍ;SP;MAXI CINEMATOGRÁFICA LTDA;05.279.756/0001-35
26/06/2016;26/06/2016 16:50:00;ALDO - MAIS FORTE QUE O MUNDO;;B1600785100000;DUBLADO;NÃO;BRASIL;5001628;CINESYSTEM SHOPPING TOTAL SALA 05;21;6000027;2375;6658;CURITIBA;PR;REDECINE CWB CINEMATOGRÁFICA LTDA;05.747.411/0001-69
26/06/2016;26/06/2016 16:50:00;INDEPENDENCE DAY RESURGENCE;INDEPENDENCE DAY- O RESSURGIMENTO;E1600182600000;ORIGINAL;SIM;ESTADOS UNIDOS;5005002;CINESYSTEM AMERICAS 06;77;6000027;5348;28834;RIO DE JANEIRO;RJ;REDECINE - RIO CINEMATOGRAFICA S.A.;07.524.011/0001-10
26/06/2016;26/06/2016 17:00:00;INDEPENDENCE DAY RESURGENCE;INDEPENDENCE DAY- O RESSURGIMENTO;E1600182600000;ORIGINAL;SIM;ESTADOS UNIDOS;5001625;CINESYSTEM SHOPPING TOTAL SALA 02;7;6000027;2375;6658;CURITIBA;PR;REDECINE CWB CINEMATOGRÁFICA LTDA;05.747.411/0001-69
26/06/2016;26/06/2016 17:00:00;ME BEFORE YOU;COMO EU ERA ANTES DE VOCÊ;E1500875700000;ORIGINAL;SIM;ESTADOS UNIDOS;5003087;CINESPAÇO FLORIANÓPOLIS 1;158;6000018;1014;19103;FLORIANÓPOLIS;SC;CIRCUITO ESPAÇO DE CINEMA S/A;03.695.435/0001-96
26/06/2016;26/06/2016 17:00:00;ME BEFORE YOU;COMO EU ERA ANTES DE VOCÊ;E1500875700000;DUBLADO;NÃO;ESTADOS UNIDOS;5001482;MOVIECOM MAXI 3;212;6000100;2912;2913;JUNDIAÍ;SP;MAXI CINEMATOGRÁFICA LTDA;05.279.756/0001-35
26/06/2016;26/06/2016 17:10:00;THE CONJURING 2;INVOCAÇÃO DO MAL 2;E1600342300000;DUBLADO;NÃO;ESTADOS UNIDOS;5003425;CINEMARK SHOPPING RAPOSO TAVARES 07;151;6000018;1843;20591;SÃO PAULO;SP;CINEMARK BRASIL S.A;00.779.721/0001-41
26/06/2016;26/06/2016 17:15:00;INDEPENDENCE DAY RESURGENCE;INDEPENDENCE DAY- O RESSURGIMENTO;E1600182600000;DUBLADO;NÃO;ESTADOS UNIDOS;5003371;ARAÚJO MULTIPLEX VIA VERDE 04;48;6000002;3103;20363;RIO BRANCO;AC;EMPRESA CINEMATOGRÁFICA ARAÇATUBA LTDA;03.519.995/0001-90
26/06/2016;26/06/2016 17:15:00;NOW YOU SEE ME: THE SECOND ACT;TRUQUE DE MESTRE 2;E1500269900000;DUBLADO;NÃO;ESTADOS UNIDOS;5001491;MOVIECOM MAXI 6;181;6000100;2912;2913;JUNDIAÍ;SP;MAXI CINEMATOGRÁFICA LTDA;05.279.756/0001-35
26/06/2016;26/06/2016 17:30:00;NOW YOU SEE ME: THE SECOND ACT;TRUQUE DE MESTRE 2;E1500269900000;DUBLADO;NÃO;ESTADOS UNIDOS;5003420;CINEMARK SHOPPING RAPOSO TAVARES 02;98;6000018;1843;20591;SÃO PAULO;SP;CINEMARK BRASIL S.A;00.779.721/0001-41
26/06/2016;26/06/2016 17:55:00;TEENAGE MUTANT NINJA TURTLES: OUT OF THE SHADOWS;AS TARTARUGAS NINJA: FORA DAS SOMBRAS;E1600265600000;DUBLADO;NÃO;ESTADOS UNIDOS;5002603;CINEMAS BENFICA - SALA 1;51;;15690;15691;FORTALEZA;CE;CINEMAS BENFICA LTDA;07.509.597/0001-43
26/06/2016;26/06/2016 18:00:00;INDEPENDENCE DAY RESURGENCE;INDEPENDENCE DAY- O RESSURGIMENTO;E1600182600000;DUBLADO;NÃO;ESTADOS UNIDOS;5003424;CINEMARK SHOPPING RAPOSO TAVARES 06;70;6000018;1843;20591;SÃO PAULO;SP;CINEMARK BRASIL S.A;00.779.721/0001-41
26/06/2016;26/06/2016 18:15:00;INDEPENDENCE DAY RESURGENCE;INDEPENDENCE DAY- O RESSURGIMENTO;E1600182600000;DUBLADO;NÃO;ESTADOS UNIDOS;5004999;CINESYSTEM AMERICAS 03;127;6000027;5348;28834;RIO DE JANEIRO;RJ;REDECINE - RIO CINEMATOGRAFICA S.A.;07.524.011/0001-10
26/06/2016;26/06/2016 18:20:00;INDEPENDENCE DAY RESURGENCE;INDEPENDENCE DAY- O RESSURGIMENTO;E1600182600000;DUBLADO;NÃO;ESTADOS UNIDOS;5004488;ARAPIRACA BRA 06;24;6000027;22546;26037;ARAPIRACA;AL;REDECINE BRA CINEMATOGRÁFICA S.A.;15.422.993/0001-67
26/06/2016;26/06/2016 18:30:00;MAIS FORTE QUE O MUNDO - A HISTÓRIA DE JOSÉ ALDO;;B1600294500000;DUBLADO;NÃO;BRASIL;5003899;SALA 2;12;6000002;3136;24148;SOROCABA;SP;MSA EMPRESA CINEMATOGRÁFICA LTDA;03.608.600/0001-25
26/06/2016;26/06/2016 18:30:00;NOW YOU SEE ME: THE SECOND ACT;TRUQUE DE MESTRE 2;E1500269900000;DUBLADO;NÃO;ESTADOS UNIDOS;5004484;ARAPIRACA BRA 02;38;6000027;22546;26037;ARAPIRACA;AL;REDECINE BRA CINEMATOGRÁFICA S.A.;15.422.993/0001-67
26/06/2016;26/06/2016 18:30:00;TEENAGE MUTANT NINJA TURTLES: OUT OF THE SHADOWS;AS TARTARUGAS NINJA: FORA DAS SOMBRAS;E1600265600000;DUBLADO;NÃO;ESTADOS UNIDOS;5004997;CINESYSTEM AMERICAS 01;79;6000027;5348;28834;RIO DE JANEIRO;RJ;REDECINE - RIO CINEMATOGRAFICA S.A.;07.524.011/0001-10
26/06/2016;26/06/2016 18:40:00;ME BEFORE YOU;COMO EU ERA ANTES DE VOCÊ;E1500875700000;ORIGINAL;SIM;ESTADOS UNIDOS;5004998;CINESYSTEM AMERICAS 02;101;6000027;5348;28834;RIO DE JANEIRO;RJ;REDECINE - RIO CINEMATOGRAFICA S.A.;07.524.011/0001-10
26/06/2016;26/06/2016 18:40:00;ME BEFORE YOU;COMO EU ERA ANTES DE VOCÊ;E1500875700000;DUBLADO;NÃO;ESTADOS UNIDOS;5005576;CINESYSTEM PAULISTA SALA 06;37;6000027;22546;33152;PAULISTA;PE;REDECINE BRA CINEMATOGRÁFICA S.A.;15.422.993/0001-67
26/06/2016;26/06/2016 18:40:00;ME BEFORE YOU;COMO EU ERA ANTES DE VOCÊ;E1500875700000;DUBLADO;NÃO;ESTADOS UNIDOS;5001627;CINESYSTEM SHOPPING TOTAL SALA 04;57;6000027;2375;6658;CURITIBA;PR;REDECINE CWB CINEMATOGRÁFICA LTDA;05.747.411/0001-69
26/06/2016;26/06/2016 18:40:00;TEENAGE MUTANT NINJA TURTLES: OUT OF THE SHADOWS;AS TARTARUGAS NINJA: FORA DAS SOMBRAS;E1600265600000;DUBLADO;NÃO;ESTADOS UNIDOS;5002063;AGUA VERDE 2;8;6000023;12893;12894;CURITIBA;PR;ESTILO PRODUÇÕES ARTISTICAS LTDA;03.293.165/0001-97
26/06/2016;26/06/2016 18:40:00;TEENAGE MUTANT NINJA TURTLES: OUT OF THE SHADOWS;AS TARTARUGAS NINJA: FORA DAS SOMBRAS;E1600265600000;DUBLADO;NÃO;ESTADOS UNIDOS;5004487;ARAPIRACA BRA 05;40;6000027;22546;26037;ARAPIRACA;AL;REDECINE BRA CINEMATOGRÁFICA S.A.;15.422.993/0001-67
26/06/2016;26/06/2016 18:40:00;TEENAGE MUTANT NINJA TURTLES: OUT OF THE SHADOWS;AS TARTARUGAS NINJA: FORA DAS SOMBRAS;E1600265600000;DUBLADO;NÃO;ESTADOS UNIDOS;5003419;CINEMARK SHOPPING RAPOSO TAVARES 01;80;6000018;1843;20591;SÃO PAULO;SP;CINEMARK BRASIL S.A;00.779.721/0001-41
26/06/2016;26/06/2016 18:45:00;INDEPENDENCE DAY RESURGENCE;INDEPENDENCE DAY- O RESSURGIMENTO;E1600182600000;DUBLADO;NÃO;ESTADOS UNIDOS;5002062;AGUA VERDE 1;48;6000023;12893;12894;CURITIBA;PR;ESTILO PRODUÇÕES ARTISTICAS LTDA;03.293.165/0001-97
26/06/2016;26/06/2016 18:50:00;MAIS FORTE QUE O MUNDO - A HISTÓRIA DE JOSÉ ALDO;;B1600294500000;ORIGINAL;NÃO;BRASIL;5003422;CINEMARK SHOPPING RAPOSO TAVARES 04;59;6000018;1843;20591;SÃO PAULO;SP;CINEMARK BRASIL S.A;00.779.721/0001-41
26/06/2016;26/06/2016 18:50:00;MAIS FORTE QUE O MUNDO - A HISTÓRIA DE JOSÉ ALDO;;B1600294500000;ORIGINAL;NÃO;BRASIL;5000921;MOVIECOM MAXI 1;51;6000100;2912;2913;JUNDIAÍ;SP;MAXI CINEMATOGRÁFICA LTDA;05.279.756/0001-35
26/06/2016;26/06/2016 18:50:00;ME BEFORE YOU;COMO EU ERA ANTES DE VOCÊ;E1500875700000;DUBLADO;NÃO;ESTADOS UNIDOS;5004486;ARAPIRACA BRA 04;53;6000027;22546;26037;ARAPIRACA;AL;REDECINE BRA CINEMATOGRÁFICA S.A.;15.422.993/0001-67
26/06/2016;26/06/2016 18:50:00;NOW YOU SEE ME 2;TRUQUE DE MESTRE: O 2º ATO;E1700176500000;ORIGINAL;SIM;CANADÁ;5005003;CINESYSTEM AMERICAS 07;125;6000027;5348;28834;RIO DE JANEIRO;RJ;REDECINE - RIO CINEMATOGRAFICA S.A.;07.524.011/0001-10
26/06/2016;26/06/2016 18:50:00;THE CONJURING 2;INVOCAÇÃO DO MAL 2;E1600342300000;DUBLADO;NÃO;ESTADOS UNIDOS;5001626;CINESYSTEM SHOPPING TOTAL SALA 03;81;6000027;2375;6658;CURITIBA;PR;REDECINE CWB CINEMATOGRÁFICA LTDA;05.747.411/0001-69
26/06/2016;26/06/2016 18:55:00;X-MEN: APOCALYPSE;X-MEN - APOCALIPSE;E1600181600000;DUBLADO;NÃO;ESTADOS UNIDOS;5001493;MOVIECOM MAXI 7;135;6000100;2912;2913;JUNDIAÍ;SP;MAXI CINEMATOGRÁFICA LTDA;05.279.756/0001-35
26/06/2016;26/06/2016 19:00:00;INDEPENDENCE DAY RESURGENCE;INDEPENDENCE DAY- O RESSURGIMENTO;E1600182600000;DUBLADO;NÃO;ESTADOS UNIDOS;5003369;ARAÚJO MULTIPLEX VIA VERDE 02;88;6000002;3103;20363;RIO BRANCO;AC;EMPRESA CINEMATOGRÁFICA ARAÇATUBA LTDA;03.519.995/0001-90
26/06/2016;26/06/2016 19:00:00;MAIS FORTE QUE O MUNDO - A HISTÓRIA DE JOSÉ ALDO;;B1600294500000;DUBLADO;NÃO;BRASIL;5005001;CINESYSTEM AMERICAS 05;108;6000027;5348;28834;RIO DE JANEIRO;RJ;REDECINE - RIO CINEMATOGRAFICA S.A.;07.524.011/0001-10
26/06/2016;26/06/2016 19:00:00;ME BEFORE YOU;COMO EU ERA ANTES DE VOCÊ;E1500875700000;ORIGINAL;SIM;ESTADOS UNIDOS;5002781;ILHA PLAZA 01;181;6000027;5348;16645;RIO DE JANEIRO;RJ;REDECINE - RIO CINEMATOGRAFICA S.A.;07.524.011/0001-10
26/06/2016;26/06/2016 19:00:00;ME BEFORE YOU;COMO EU ERA ANTES DE VOCÊ;E1500875700000;DUBLADO;NÃO;ESTADOS UNIDOS;5003900;SALA 3;112;6000002;3136;24148;SOROCABA;SP;MSA EMPRESA CINEMATOGRÁFICA LTDA;03.608.600/0001-25
26/06/2016;26/06/2016 19:00:00;TEENAGE MUTANT NINJA TURTLES: OUT OF THE SHADOWS;AS TARTARUGAS NINJA: FORA DAS SOMBRAS;E1600265600000;DUBLADO;NÃO;ESTADOS UNIDOS;5001624;CINESYSTEM SHOPPING TOTAL SALA 01;56;6000027;2375;6658;CURITIBA;PR;REDECINE CWB CINEMATOGRÁFICA LTDA;05.747.411/0001-69
26/06/2016;26/06/2016 19:00:00;THE CONJURING 2;INVOCAÇÃO DO MAL 2;E1600342300000;DUBLADO;NÃO;ESTADOS UNIDOS;5004485;ARAPIRACA BRA 03;34;6000027;22546;26037;ARAPIRACA;AL;REDECINE BRA CINEMATOGRÁFICA S.A.;15.422.993/0001-67
26/06/2016;26/06/2016 19:00:00;THE CONJURING 2;INVOCAÇÃO DO MAL 2;E1600342300000;DUBLADO;NÃO;ESTADOS UNIDOS;5001486;MOVIECOM MAXI 2;206;6000100;2912;2913;JUNDIAÍ;SP;MAXI CINEMATOGRÁFICA LTDA;05.279.756/0001-35
26/06/2016;26/06/2016 19:05:00;TEENAGE MUTANT NINJA TURTLES: OUT OF THE SHADOWS;AS TARTARUGAS NINJA: FORA DAS SOMBRAS;E1600265600000;DUBLADO;NÃO;ESTADOS UNIDOS;5001484;MOVIECOM MAXI 4;161;6000100;2912;2913;JUNDIAÍ;SP;MAXI CINEMATOGRÁFICA LTDA;05.279.756/0001-35
26/06/2016;26/06/2016 19:10:00;INDEPENDENCE DAY RESURGENCE;INDEPENDENCE DAY- O RESSURGIMENTO;E1600182600000;DUBLADO;NÃO;ESTADOS UNIDOS;5004483;ARAPIRACA BRA 01;29;6000027;22546;26037;ARAPIRACA;AL;REDECINE BRA CINEMATOGRÁFICA S.A.;15.422.993/0001-67
26/06/2016;26/06/2016 19:10:00;INDEPENDENCE DAY RESURGENCE;INDEPENDENCE DAY- O RESSURGIMENTO;E1600182600000;DUBLADO;NÃO;ESTADOS UNIDOS;5001487;MOVIECOM MAXI 5;227;6000100;2912;2913;JUNDIAÍ;SP;MAXI CINEMATOGRÁFICA LTDA;05.279.756/0001-35
26/06/2016;26/06/2016 19:10:00;THE CONJURING 2;INVOCAÇÃO DO MAL 2;E1600342300000;ORIGINAL;SIM;ESTADOS UNIDOS;5005000;CINESYSTEM AMERICAS 04;77;6000027;5348;28834;RIO DE JANEIRO;RJ;REDECINE - RIO CINEMATOGRAFICA S.A.;07.524.011/0001-10
26/06/2016;26/06/2016 19:10:00;THE CONJURING 2;INVOCAÇÃO DO MAL 2;E1600342300000;DUBLADO;NÃO;ESTADOS UNIDOS;5005572;CINESYSTEM PAULISTA SALA 01;79;6000027;22546;33152;PAULISTA;PE;REDECINE BRA CINEMATOGRÁFICA S.A.;15.422.993/0001-67
26/06/2016;26/06/2016 19:15:00;ME BEFORE YOU;COMO EU ERA ANTES DE VOCÊ;E1500875700000;DUBLADO;NÃO;ESTADOS UNIDOS;5001482;MOVIECOM MAXI 3;214;6000100;2912;2913;JUNDIAÍ;SP;MAXI CINEMATOGRÁFICA LTDA;05.279.756/0001-35
26/06/2016;26/06/2016 19:20:00;ALDO - MAIS FORTE QUE O MUNDO;;B1600785100000;DUBLADO;NÃO;BRASIL;5001628;CINESYSTEM SHOPPING TOTAL SALA 05;8;6000027;2375;6658;CURITIBA;PR;REDECINE CWB CINEMATOGRÁFICA LTDA;05.747.411/0001-69
26/06/2016;26/06/2016 19:20:00;INDEPENDENCE DAY RESURGENCE;INDEPENDENCE DAY- O RESSURGIMENTO;E1600182600000;ORIGINAL;SIM;ESTADOS UNIDOS;5005002;CINESYSTEM AMERICAS 06;75;6000027;5348;28834;RIO DE JANEIRO;RJ;REDECINE - RIO CINEMATOGRAFICA S.A.;07.524.011/0001-10
26/06/2016;26/06/2016 19:20:00;ME BEFORE YOU;COMO EU ERA ANTES DE VOCÊ;E1500875700000;ORIGINAL;SIM;ESTADOS UNIDOS;5003087;CINESPAÇO FLORIANÓPOLIS 1;139;6000018;1014;19103;FLORIANÓPOLIS;SC;CIRCUITO ESPAÇO DE CINEMA S/A;03.695.435/0001-96
26/06/2016;26/06/2016 19:25:00;INDEPENDENCE DAY RESURGENCE;INDEPENDENCE DAY- O RESSURGIMENTO;E1600182600000;DUBLADO;NÃO;ESTADOS UNIDOS;5003423;CINEMARK SHOPPING RAPOSO TAVARES 05;71;6000018;1843;20591;SÃO PAULO;SP;CINEMARK BRASIL S.A;00.779.721/0001-41
26/06/2016;26/06/2016 19:30:00;INDEPENDENCE DAY RESURGENCE;INDEPENDENCE DAY- O RESSURGIMENTO;E1600182600000;DUBLADO;NÃO;ESTADOS UNIDOS;5003371;ARAÚJO MULTIPLEX VIA VERDE 04;80;6000002;3103;20363;RIO BRANCO;AC;EMPRESA CINEMATOGRÁFICA ARAÇATUBA LTDA;03.519.995/0001-90
26/06/2016;26/06/2016 19:30:00;INDEPENDENCE DAY RESURGENCE;INDEPENDENCE DAY- O RESSURGIMENTO;E1600182600000;DUBLADO;NÃO;ESTADOS UNIDOS;5001625;CINESYSTEM SHOPPING TOTAL SALA 02;25;6000027;2375;6658;CURITIBA;PR;REDECINE CWB CINEMATOGRÁFICA LTDA;05.747.411/0001-69
26/06/2016;26/06/2016 19:50:00;O CASEIRO;;B1600227000000;ORIGINAL;NÃO;BRASIL;5001491;MOVIECOM MAXI 6;41;6000100;2912;2913;JUNDIAÍ;SP;MAXI CINEMATOGRÁFICA LTDA;05.279.756/0001-35
26/06/2016;26/06/2016 20:10:00;TEENAGE MUTANT NINJA TURTLES: OUT OF THE SHADOWS;AS TARTARUGAS NINJA: FORA DAS SOMBRAS;E1600265600000;DUBLADO;NÃO;ESTADOS UNIDOS;5002603;CINEMAS BENFICA - SALA 1;49;;15690;15691;FORTALEZA;CE;CINEMAS BENFICA LTDA;07.509.597/0001-43
26/06/2016;26/06/2016 20:10:00;THE CONJURING 2;INVOCAÇÃO DO MAL 2;E1600342300000;DUBLADO;NÃO;ESTADOS UNIDOS;5003425;CINEMARK SHOPPING RAPOSO TAVARES 07;128;6000018;1843;20591;SÃO PAULO;SP;CINEMARK BRASIL S.A;00.779.721/0001-41
26/06/2016;26/06/2016 20:30:00;NOW YOU SEE ME: THE SECOND ACT;TRUQUE DE MESTRE 2;E1500269900000;DUBLADO;NÃO;ESTADOS UNIDOS;5003420;CINEMARK SHOPPING RAPOSO TAVARES 02;93;6000018;1843;20591;SÃO PAULO;SP;CINEMARK BRASIL S.A;00.779.721/0001-41
26/06/2016;26/06/2016 20:50:00;INDEPENDENCE DAY RESURGENCE;INDEPENDENCE DAY- O RESSURGIMENTO;E1600182600000;DUBLADO;NÃO;ESTADOS UNIDOS;5004488;ARAPIRACA BRA 06;12;6000027;22546;26037;ARAPIRACA;AL;REDECINE BRA CINEMATOGRÁFICA S.A.;15.422.993/0001-67
26/06/2016;26/06/2016 20:50:00;INDEPENDENCE DAY RESURGENCE;INDEPENDENCE DAY- O RESSURGIMENTO;E1600182600000;DUBLADO;NÃO;ESTADOS UNIDOS;5003424;CINEMARK SHOPPING RAPOSO TAVARES 06;45;6000018;1843;20591;SÃO PAULO;SP;CINEMARK BRASIL S.A;00.779.721/0001-41
26/06/2016;26/06/2016 20:50:00;INDEPENDENCE DAY RESURGENCE;INDEPENDENCE DAY- O RESSURGIMENTO;E1600182600000;DUBLADO;NÃO;ESTADOS UNIDOS;5004999;CINESYSTEM AMERICAS 03;50;6000027;5348;28834;RIO DE JANEIRO;RJ;REDECINE - RIO CINEMATOGRAFICA S.A.;07.524.011/0001-10
26/06/2016;26/06/2016 20:50:00;TEENAGE MUTANT NINJA TURTLES: OUT OF THE SHADOWS;AS TARTARUGAS NINJA: FORA DAS SOMBRAS;E1600265600000;DUBLADO;NÃO;ESTADOS UNIDOS;5002063;AGUA VERDE 2;4;6000023;12893;12894;CURITIBA;PR;ESTILO PRODUÇÕES ARTISTICAS LTDA;03.293.165/0001-97
26/06/2016;26/06/2016 21:00:00;INDEPENDENCE DAY RESURGENCE;INDEPENDENCE DAY- O RESSURGIMENTO;E1600182600000;DUBLADO;NÃO;ESTADOS UNIDOS;5002062;AGUA VERDE 1;5;6000023;12893;12894;CURITIBA;PR;ESTILO PRODUÇÕES ARTISTICAS LTDA;03.293.165/0001-97
26/06/2016;26/06/2016 21:00:00;MAIS FORTE QUE O MUNDO - A HISTÓRIA DE JOSÉ ALDO;;B1600294500000;DUBLADO;NÃO;BRASIL;5003899;SALA 2;16;6000002;3136;24148;SOROCABA;SP;MSA EMPRESA CINEMATOGRÁFICA LTDA;03.608.600/0001-25
26/06/2016;26/06/2016 21:00:00;ME BEFORE YOU;COMO EU ERA ANTES DE VOCÊ;E1500875700000;ORIGINAL;SIM;ESTADOS UNIDOS;5004998;CINESYSTEM AMERICAS 02;34;6000027;5348;28834;RIO DE JANEIRO;RJ;REDECINE - RIO CINEMATOGRAFICA S.A.;07.524.011/0001-10
26/06/2016;26/06/2016 21:00:00;ME BEFORE YOU;COMO EU ERA ANTES DE VOCÊ;E1500875700000;DUBLADO;NÃO;ESTADOS UNIDOS;5001627;CINESYSTEM SHOPPING TOTAL SALA 04;29;6000027;2375;6658;CURITIBA;PR;REDECINE CWB CINEMATOGRÁFICA LTDA;05.747.411/0001-69
26/06/2016;26/06/2016 21:10:00;MAIS FORTE QUE O MUNDO - A HISTÓRIA DE JOSÉ ALDO;;B1600294500000;DUBLADO;NÃO;BRASIL;5004997;CINESYSTEM AMERICAS 01;35;6000027;5348;28834;RIO DE JANEIRO;RJ;REDECINE - RIO CINEMATOGRAFICA S.A.;07.524.011/0001-10
26/06/2016;26/06/2016 21:10:00;ME BEFORE YOU;COMO EU ERA ANTES DE VOCÊ;E1500875700000;DUBLADO;NÃO;ESTADOS UNIDOS;5004484;ARAPIRACA BRA 02;7;6000027;22546;26037;ARAPIRACA;AL;REDECINE BRA CINEMATOGRÁFICA S.A.;15.422.993/0001-67
26/06/2016;26/06/2016 21:10:00;ME BEFORE YOU;COMO EU ERA ANTES DE VOCÊ;E1500875700000;DUBLADO;NÃO;ESTADOS UNIDOS;5005576;CINESYSTEM PAULISTA SALA 06;19;6000027;22546;33152;PAULISTA;PE;REDECINE BRA CINEMATOGRÁFICA S.A.;15.422.993/0001-67
26/06/2016;26/06/2016 21:15:00;INDEPENDENCE DAY RESURGENCE;INDEPENDENCE DAY- O RESSURGIMENTO;E1600182600000;DUBLADO;NÃO;ESTADOS UNIDOS;5003369;ARAÚJO MULTIPLEX VIA VERDE 02;79;6000002;3103;20363;RIO BRANCO;AC;EMPRESA CINEMATOGRÁFICA ARAÇATUBA LTDA;03.519.995/0001-90
26/06/2016;26/06/2016 21:15:00;ME BEFORE YOU;COMO EU ERA ANTES DE VOCÊ;E1500875700000;DUBLADO;NÃO;ESTADOS UNIDOS;5003900;SALA 3;54;6000002;3136;24148;SOROCABA;SP;MSA EMPRESA CINEMATOGRÁFICA LTDA;03.608.600/0001-25
26/06/2016;26/06/2016 21:20:00;INDEPENDENCE DAY RESURGENCE;INDEPENDENCE DAY- O RESSURGIMENTO;E1600182600000;DUBLADO;NÃO;ESTADOS UNIDOS;5001624;CINESYSTEM SHOPPING TOTAL SALA 01;12;6000027;2375;6658;CURITIBA;PR;REDECINE CWB CINEMATOGRÁFICA LTDA;05.747.411/0001-69
26/06/2016;26/06/2016 21:20:00;MAIS FORTE QUE O MUNDO - A HISTÓRIA DE JOSÉ ALDO;;B1600294500000;ORIGINAL;NÃO;BRASIL;5000921;MOVIECOM MAXI 1;16;6000100;2912;2913;JUNDIAÍ;SP;MAXI CINEMATOGRÁFICA LTDA;05.279.756/0001-35
26/06/2016;26/06/2016 21:20:00;ME BEFORE YOU;COMO EU ERA ANTES DE VOCÊ;E1500875700000;ORIGINAL;SIM;ESTADOS UNIDOS;5002781;ILHA PLAZA 01;44;6000027;5348;16645;RIO DE JANEIRO;RJ;REDECINE - RIO CINEMATOGRAFICA S.A.;07.524.011/0001-10
26/06/2016;26/06/2016 21:20:00;TEENAGE MUTANT NINJA TURTLES: OUT OF THE SHADOWS;AS TARTARUGAS NINJA: FORA DAS SOMBRAS;E1600265600000;DUBLADO;NÃO;ESTADOS UNIDOS;5004487;ARAPIRACA BRA 05;24;6000027;22546;26037;ARAPIRACA;AL;REDECINE BRA CINEMATOGRÁFICA S.A.;15.422.993/0001-67
26/06/2016;26/06/2016 21:20:00;TEENAGE MUTANT NINJA TURTLES: OUT OF THE SHADOWS;AS TARTARUGAS NINJA: FORA DAS SOMBRAS;E1600265600000;DUBLADO;NÃO;ESTADOS UNIDOS;5003419;CINEMARK SHOPPING RAPOSO TAVARES 01;23;6000018;1843;20591;SÃO PAULO;SP;CINEMARK BRASIL S.A;00.779.721/0001-41
26/06/2016;26/06/2016 21:25:00;TEENAGE MUTANT NINJA TURTLES: OUT OF THE SHADOWS;AS TARTARUGAS NINJA: FORA DAS SOMBRAS;E1600265600000;DUBLADO;NÃO;ESTADOS UNIDOS;5001484;MOVIECOM MAXI 4;23;6000100;2912;2913;JUNDIAÍ;SP;MAXI CINEMATOGRÁFICA LTDA;05.279.756/0001-35
26/06/2016;26/06/2016 21:30:00;ME BEFORE YOU;COMO EU ERA ANTES DE VOCÊ;E1500875700000;DUBLADO;NÃO;ESTADOS UNIDOS;5004486;ARAPIRACA BRA 04;20;6000027;22546;26037;ARAPIRACA;AL;REDECINE BRA CINEMATOGRÁFICA S.A.;15.422.993/0001-67
26/06/2016;26/06/2016 21:30:00;ME BEFORE YOU;COMO EU ERA ANTES DE VOCÊ;E1500875700000;DUBLADO;NÃO;ESTADOS UNIDOS;5001482;MOVIECOM MAXI 3;59;6000100;2912;2913;JUNDIAÍ;SP;MAXI CINEMATOGRÁFICA LTDA;05.279.756/0001-35
26/06/2016;26/06/2016 21:30:00;NOW YOU SEE ME 2;TRUQUE DE MESTRE: O 2º ATO;E1700176500000;ORIGINAL;SIM;CANADÁ;5005003;CINESYSTEM AMERICAS 07;30;6000027;5348;28834;RIO DE JANEIRO;RJ;REDECINE - RIO CINEMATOGRAFICA S.A.;07.524.011/0001-10
26/06/2016;26/06/2016 21:30:00;THE CONJURING 2;INVOCAÇÃO DO MAL 2;E1600342300000;DUBLADO;NÃO;ESTADOS UNIDOS;5001626;CINESYSTEM SHOPPING TOTAL SALA 03;32;6000027;2375;6658;CURITIBA;PR;REDECINE CWB CINEMATOGRÁFICA LTDA;05.747.411/0001-69
26/06/2016;26/06/2016 21:35:00;INDEPENDENCE DAY RESURGENCE;INDEPENDENCE DAY- O RESSURGIMENTO;E1600182600000;DUBLADO;NÃO;ESTADOS UNIDOS;5001487;MOVIECOM MAXI 5;89;6000100;2912;2913;JUNDIAÍ;SP;MAXI CINEMATOGRÁFICA LTDA;05.279.756/0001-35
26/06/2016;26/06/2016 21:40:00;INDEPENDENCE DAY RESURGENCE;INDEPENDENCE DAY- O RESSURGIMENTO;E1600182600000;DUBLADO;NÃO;ESTADOS UNIDOS;5004483;ARAPIRACA BRA 01;20;6000027;22546;26037;ARAPIRACA;AL;REDECINE BRA CINEMATOGRÁFICA S.A.;15.422.993/0001-67
26/06/2016;26/06/2016 21:40:00;MAIS FORTE QUE O MUNDO - A HISTÓRIA DE JOSÉ ALDO;;B1600294500000;ORIGINAL;NÃO;BRASIL;5003422;CINEMARK SHOPPING RAPOSO TAVARES 04;25;6000018;1843;20591;SÃO PAULO;SP;CINEMARK BRASIL S.A;00.779.721/0001-41
26/06/2016;26/06/2016 21:40:00;MAIS FORTE QUE O MUNDO - A HISTÓRIA DE JOSÉ ALDO;;B1600294500000;DUBLADO;NÃO;BRASIL;5005001;CINESYSTEM AMERICAS 05;7;6000027;5348;28834;RIO DE JANEIRO;RJ;REDECINE - RIO CINEMATOGRAFICA S.A.;07.524.011/0001-10
26/06/2016;26/06/2016 21:40:00;ME BEFORE YOU;COMO EU ERA ANTES DE VOCÊ;E1500875700000;ORIGINAL;SIM;ESTADOS UNIDOS;5003087;CINESPAÇO FLORIANÓPOLIS 1;24;6000018;1014;19103;FLORIANÓPOLIS;SC;CIRCUITO ESPAÇO DE CINEMA S/A;03.695.435/0001-96
26/06/2016;26/06/2016 21:40:00;THE CONJURING 2;INVOCAÇÃO DO MAL 2;E1600342300000;DUBLADO;NÃO;ESTADOS UNIDOS;5001486;MOVIECOM MAXI 2;156;6000100;2912;2913;JUNDIAÍ;SP;MAXI CINEMATOGRÁFICA LTDA;05.279.756/0001-35
26/06/2016;26/06/2016 21:45:00;INDEPENDENCE DAY RESURGENCE;INDEPENDENCE DAY- O RESSURGIMENTO;E1600182600000;ORIGINAL;SIM;ESTADOS UNIDOS;5003371;ARAÚJO MULTIPLEX VIA VERDE 04;34;6000002;3103;20363;RIO BRANCO;AC;EMPRESA CINEMATOGRÁFICA ARAÇATUBA LTDA;03.519.995/0001-90
26/06/2016;26/06/2016 21:45:00;NOW YOU SEE ME: THE SECOND ACT;TRUQUE DE MESTRE 2;E1500269900000;DUBLADO;NÃO;ESTADOS UNIDOS;5001491;MOVIECOM MAXI 6;98;6000100;2912;2913;JUNDIAÍ;SP;MAXI CINEMATOGRÁFICA LTDA;05.279.756/0001-35
26/06/2016;26/06/2016 21:50:00;ALDO - MAIS FORTE QUE O MUNDO;;B1600785100000;DUBLADO;NÃO;BRASIL;5001628;CINESYSTEM SHOPPING TOTAL SALA 05;2;6000027;2375;6658;CURITIBA;PR;REDECINE CWB CINEMATOGRÁFICA LTDA;05.747.411/0001-69
26/06/2016;26/06/2016 21:50:00;INDEPENDENCE DAY RESURGENCE;INDEPENDENCE DAY- O RESSURGIMENTO;E1600182600000;ORIGINAL;SIM;ESTADOS UNIDOS;5005002;CINESYSTEM AMERICAS 06;22;6000027;5348;28834;RIO DE JANEIRO;RJ;REDECINE - RIO CINEMATOGRAFICA S.A.;07.524.011/0001-10
26/06/2016;26/06/2016 21:50:00;INDEPENDENCE DAY RESURGENCE;INDEPENDENCE DAY- O RESSURGIMENTO;E1600182600000;DUBLADO;NÃO;ESTADOS UNIDOS;5001493;MOVIECOM MAXI 7;7;6000100;2912;2913;JUNDIAÍ;SP;MAXI CINEMATOGRÁFICA LTDA;05.279.756/0001-35
26/06/2016;26/06/2016 21:50:00;THE CONJURING 2;INVOCAÇÃO DO MAL 2;E1600342300000;DUBLADO;NÃO;ESTADOS UNIDOS;5004485;ARAPIRACA BRA 03;12;6000027;22546;26037;ARAPIRACA;AL;REDECINE BRA CINEMATOGRÁFICA S.A.;15.422.993/0001-67
26/06/2016;26/06/2016 21:50:00;THE CONJURING 2;INVOCAÇÃO DO MAL 2;E1600342300000;DUBLADO;NÃO;ESTADOS UNIDOS;5005572;CINESYSTEM PAULISTA SALA 01;10;6000027;22546;33152;PAULISTA;PE;REDECINE BRA CINEMATOGRÁFICA S.A.;15.422.993/0001-67
26/06/2016;26/06/2016 22:00:00;INDEPENDENCE DAY RESURGENCE;INDEPENDENCE DAY- O RESSURGIMENTO;E1600182600000;DUBLADO;NÃO;ESTADOS UNIDOS;5001625;CINESYSTEM SHOPPING TOTAL SALA 02;2;6000027;2375;6658;CURITIBA;PR;REDECINE CWB CINEMATOGRÁFICA LTDA;05.747.411/0001-69
26/06/2016;26/06/2016 22:00:00;THE CONJURING 2;INVOCAÇÃO DO MAL 2;E1600342300000;ORIGINAL;SIM;ESTADOS UNIDOS;5005000;CINESYSTEM AMERICAS 04;12;6000027;5348;28834;RIO DE JANEIRO;RJ;REDECINE - RIO CINEMATOGRAFICA S.A.;07.524.011/0001-10
26/06/2016;26/06/2016 22:10:00;INDEPENDENCE DAY RESURGENCE;INDEPENDENCE DAY- O RESSURGIMENTO;E1600182600000;DUBLADO;NÃO;ESTADOS UNIDOS;5003423;CINEMARK SHOPPING RAPOSO TAVARES 05;15;6000018;1843;20591;SÃO PAULO;SP;CINEMARK BRASIL S.A;00.779.721/0001-41
27/06/2016;27/06/2016 09:00:00;ALICE THROUGH THE LOOKING GLASS;ALICE ATRAVÉS DO ESPELHO;E1600259100000;DUBLADO;NÃO;ESTADOS UNIDOS;5001493;MOVIECOM MAXI 7;134;6000100;2912;2913;JUNDIAÍ;SP;MAXI CINEMATOGRÁFICA LTDA;05.279.756/0001-35
27/06/2016;27/06/2016 10:00:00;ALICE THROUGH THE LOOKING GLASS;ALICE ATRAVÉS DO ESPELHO;E1600259100000;DUBLADO;NÃO;ESTADOS UNIDOS;5001486;MOVIECOM MAXI 2;66;6000100;2912;2913;JUNDIAÍ;SP;MAXI CINEMATOGRÁFICA LTDA;05.279.756/0001-35
27/06/2016;27/06/2016 12:50:00;TEENAGE MUTANT NINJA TURTLES: OUT OF THE SHADOWS;AS TARTARUGAS NINJA: FORA DAS SOMBRAS;E1600265600000;DUBLADO;NÃO;ESTADOS UNIDOS;5003424;CINEMARK SHOPPING RAPOSO TAVARES 06;8;6000018;1843;20591;SÃO PAULO;SP;CINEMARK BRASIL S.A;00.779.721/0001-41
27/06/2016;27/06/2016 13:00:00;INDEPENDENCE DAY RESURGENCE;INDEPENDENCE DAY- O RESSURGIMENTO;E1600182600000;DUBLADO;NÃO;ESTADOS UNIDOS;5003419;CINEMARK SHOPPING RAPOSO TAVARES 01;7;6000018;1843;20591;SÃO PAULO;SP;CINEMARK BRASIL S.A;00.779.721/0001-41
27/06/2016;27/06/2016 13:10:00;MAIS FORTE QUE O MUNDO - A HISTÓRIA DE JOSÉ ALDO;;B1600294500000;ORIGINAL;NÃO;BRASIL;5003422;CINEMARK SHOPPING RAPOSO TAVARES 04;2;6000018;1843;20591;SÃO PAULO;SP;CINEMARK BRASIL S.A;00.779.721/0001-41
27/06/2016;27/06/2016 13:20:00;INDEPENDENCE DAY RESURGENCE;INDEPENDENCE DAY- O RESSURGIMENTO;E1600182600000;DUBLADO;NÃO;ESTADOS UNIDOS;5004488;ARAPIRACA BRA 06;18;6000027;22546;26037;ARAPIRACA;AL;REDECINE BRA CINEMATOGRÁFICA S.A.;15.422.993/0001-67
27/06/2016;27/06/2016 13:20:00;MAIS FORTE QUE O MUNDO - A HISTÓRIA DE JOSÉ ALDO;;B1600294500000;DUBLADO;NÃO;BRASIL;5004997;CINESYSTEM AMERICAS 01;3;6000027;5348;28834;RIO DE JANEIRO;RJ;REDECINE - RIO CINEMATOGRAFICA S.A.;07.524.011/0001-10
27/06/2016;27/06/2016 13:20:00;TEENAGE MUTANT NINJA TURTLES: OUT OF THE SHADOWS;AS TARTARUGAS NINJA: FORA DAS SOMBRAS;E1600265600000;DUBLADO;NÃO;ESTADOS UNIDOS;5002603;CINEMAS BENFICA - SALA 1;21;;15690;15691;FORTALEZA;CE;CINEMAS BENFICA LTDA;07.509.597/0001-43
27/06/2016;27/06/2016 13:25:00;NOW YOU SEE ME: THE SECOND ACT;TRUQUE DE MESTRE 2;E1500269900000;DUBLADO;NÃO;ESTADOS UNIDOS;5004484;ARAPIRACA BRA 02;6;6000027;22546;26037;ARAPIRACA;AL;REDECINE BRA CINEMATOGRÁFICA S.A.;15.422.993/0001-67
27/06/2016;27/06/2016 13:25:00;TEENAGE MUTANT NINJA TURTLES: OUT OF THE SHADOWS;AS TARTARUGAS NINJA: FORA DAS SOMBRAS;E1600265600000;DUBLADO;NÃO;ESTADOS UNIDOS;5004999;CINESYSTEM AMERICAS 03;11;6000027;5348;28834;RIO DE JANEIRO;RJ;REDECINE - RIO CINEMATOGRAFICA S.A.;07.524.011/0001-10
27/06/2016;27/06/2016 13:25:00;THE CONJURING 2;INVOCAÇÃO DO MAL 2;E1600342300000;DUBLADO;NÃO;ESTADOS UNIDOS;5005572;CINESYSTEM PAULISTA SALA 01;34;6000027;22546;33152;PAULISTA;PE;REDECINE BRA CINEMATOGRÁFICA S.A.;15.422.993/0001-67
27/06/2016;27/06/2016 13:30:00;NOW YOU SEE ME 2;TRUQUE DE MESTRE: O 2º ATO;E1700176500000;ORIGINAL;SIM;CANADÁ;5005003;CINESYSTEM AMERICAS 07;8;6000027;5348;28834;RIO DE JANEIRO;RJ;REDECINE - RIO CINEMATOGRAFICA S.A.;07.524.011/0001-10
27/06/2016;27/06/2016 13:30:00;THE CONJURING 2;INVOCAÇÃO DO MAL 2;E1600342300000;DUBLADO;NÃO;ESTADOS UNIDOS;5004485;ARAPIRACA BRA 03;11;6000027;22546;26037;ARAPIRACA;AL;REDECINE BRA CINEMATOGRÁFICA S.A.;15.422.993/0001-67
27/06/2016;27/06/2016 13:30:00;THE CONJURING 2;INVOCAÇÃO DO MAL 2;E1600342300000;ORIGINAL;SIM;ESTADOS UNIDOS;5004543;CINEART PARAGEM 2;2;6000013;437;26527;BELO HORIZONTE;MG;DELTA FILMES LTDA;01.735.159/0001-17
27/06/2016;27/06/2016 13:40:00;INDEPENDENCE DAY RESURGENCE;INDEPENDENCE DAY- O RESSURGIMENTO;E1600182600000;DUBLADO;NÃO;ESTADOS UNIDOS;5003423;CINEMARK SHOPPING RAPOSO TAVARES 05;6;6000018;1843;20591;SÃO PAULO;SP;CINEMARK BRASIL S.A;00.779.721/0001-41
27/06/2016;27/06/2016 13:40:00;ME BEFORE YOU;COMO EU ERA ANTES DE VOCÊ;E1500875700000;ORIGINAL;SIM;ESTADOS UNIDOS;5004998;CINESYSTEM AMERICAS 02;7;6000027;5348;28834;RIO DE JANEIRO;RJ;REDECINE - RIO CINEMATOGRAFICA S.A.;07.524.011/0001-10
27/06/2016;27/06/2016 13:40:00;TEENAGE MUTANT NINJA TURTLES: OUT OF THE SHADOWS;AS TARTARUGAS NINJA: FORA DAS SOMBRAS;E1600265600000;DUBLADO;NÃO;ESTADOS UNIDOS;5004487;ARAPIRACA BRA 05;24;6000027;22546;26037;ARAPIRACA;AL;REDECINE BRA CINEMATOGRÁFICA S.A.;15.422.993/0001-67
27/06/2016;27/06/2016 13:45:00;THE CONJURING 2;INVOCAÇÃO DO MAL 2;E1600342300000;DUBLADO;NÃO;ESTADOS UNIDOS;5005000;CINESYSTEM AMERICAS 04;4;6000027;5348;28834;RIO DE JANEIRO;RJ;REDECINE - RIO CINEMATOGRAFICA S.A.;07.524.011/0001-10
27/06/2016;27/06/2016 13:50:00;ALICE THROUGH THE LOOKING GLASS;ALICE ATRAVÉS DO ESPELHO;E1600259100000;DUBLADO;NÃO;ESTADOS UNIDOS;5001626;CINESYSTEM SHOPPING TOTAL SALA 03;10;6000027;2375;6658;CURITIBA;PR;REDECINE CWB CINEMATOGRÁFICA LTDA;05.747.411/0001-69
27/06/2016;27/06/2016 13:50:00;INDEPENDENCE DAY RESURGENCE;INDEPENDENCE DAY- O RESSURGIMENTO;E1600182600000;ORIGINAL;SIM;ESTADOS UNIDOS;5004544;CINEART PARAGEM 3;3;6000013;437;26527;BELO HORIZONTE;MG;DELTA FILMES LTDA;01.735.159/0001-17
27/06/2016;27/06/2016 13:50:00;MAIS FORTE QUE O MUNDO - A HISTÓRIA DE JOSÉ ALDO;;B1600294500000;DUBLADO;NÃO;BRASIL;5005001;CINESYSTEM AMERICAS 05;0;6000027;5348;28834;RIO DE JANEIRO;RJ;REDECINE - RIO CINEMATOGRAFICA S.A.;07.524.011/0001-10
27/06/2016;27/06/2016 13:50:00;ME BEFORE YOU;COMO EU ERA ANTES DE VOCÊ;E1500875700000;DUBLADO;NÃO;ESTADOS UNIDOS;5005576;CINESYSTEM PAULISTA SALA 06;29;6000027;22546;33152;PAULISTA;PE;REDECINE BRA CINEMATOGRÁFICA S.A.;15.422.993/0001-67
27/06/2016;27/06/2016 13:50:00;NOW YOU SEE ME: THE SECOND ACT;TRUQUE DE MESTRE 2;E1500269900000;ORIGINAL;SIM;ESTADOS UNIDOS;5002781;ILHA PLAZA 01;18;6000027;5348;16645;RIO DE JANEIRO;RJ;REDECINE - RIO CINEMATOGRAFICA S.A.;07.524.011/0001-10
27/06/2016;27/06/2016 14:00:00;INDEPENDENCE DAY RESURGENCE;INDEPENDENCE DAY- O RESSURGIMENTO;E1600182600000;DUBLADO;NÃO;ESTADOS UNIDOS;5002062;AGUA VERDE 1;15;6000023;12893;12894;CURITIBA;PR;ESTILO PRODUÇÕES ARTISTICAS LTDA;03.293.165/0001-97
27/06/2016;27/06/2016 14:00:00;ME BEFORE YOU;COMO EU ERA ANTES DE VOCÊ;E1500875700000;DUBLADO;NÃO;ESTADOS UNIDOS;5003421;CINEMARK SHOPPING RAPOSO TAVARES 03;40;6000018;1843;20591;SÃO PAULO;SP;CINEMARK BRASIL S.A;00.779.721/0001-41
27/06/2016;27/06/2016 14:00:00;ME BEFORE YOU;COMO EU ERA ANTES DE VOCÊ;E1500875700000;DUBLADO;NÃO;ESTADOS UNIDOS;5001627;CINESYSTEM SHOPPING TOTAL SALA 04;13;6000027;2375;6658;CURITIBA;PR;REDECINE CWB CINEMATOGRÁFICA LTDA;05.747.411/0001-69
27/06/2016;27/06/2016 14:10:00;INDEPENDENCE DAY RESURGENCE;INDEPENDENCE DAY- O RESSURGIMENTO;E1600182600000;DUBLADO;NÃO;ESTADOS UNIDOS;5004483;ARAPIRACA BRA 01;15;6000027;22546;26037;ARAPIRACA;AL;REDECINE BRA CINEMATOGRÁFICA S.A.;15.422.993/0001-67
27/06/2016;27/06/2016 14:10:00;ME BEFORE YOU;COMO EU ERA ANTES DE VOCÊ;E1500875700000;DUBLADO;NÃO;ESTADOS UNIDOS;5004486;ARAPIRACA BRA 04;48;6000027;22546;26037;ARAPIRACA;AL;REDECINE BRA CINEMATOGRÁFICA S.A.;15.422.993/0001-67
27/06/2016;27/06/2016 14:10:00;ME BEFORE YOU;COMO EU ERA ANTES DE VOCÊ;E1500875700000;ORIGINAL;SIM;ESTADOS UNIDOS;5004542;CINEART PARAGEM 1;13;6000013;437;26527;BELO HORIZONTE;MG;DELTA FILMES LTDA;01.735.159/0001-17
27/06/2016;27/06/2016 14:10:00;TEENAGE MUTANT NINJA TURTLES: OUT OF THE SHADOWS;AS TARTARUGAS NINJA: FORA DAS SOMBRAS;E1600265600000;DUBLADO;NÃO;ESTADOS UNIDOS;5001624;CINESYSTEM SHOPPING TOTAL SALA 01;12;6000027;2375;6658;CURITIBA;PR;REDECINE CWB CINEMATOGRÁFICA LTDA;05.747.411/0001-69
27/06/2016;27/06/2016 14:10:00;THE CONJURING 2;INVOCAÇÃO DO MAL 2;E1600342300000;DUBLADO;NÃO;ESTADOS UNIDOS;5003425;CINEMARK SHOPPING RAPOSO TAVARES 07;11;6000018;1843;20591;SÃO PAULO;SP;CINEMARK BRASIL S.A;00.779.721/0001-41
27/06/2016;27/06/2016 14:20:00;ALDO - MAIS FORTE QUE O MUNDO;;B1600785100000;DUBLADO;NÃO;BRASIL;5001628;CINESYSTEM SHOPPING TOTAL SALA 05;0;6000027;2375;6658;CURITIBA;PR;REDECINE CWB CINEMATOGRÁFICA LTDA;05.747.411/0001-69
27/06/2016;27/06/2016 14:20:00;INDEPENDENCE DAY RESURGENCE;INDEPENDENCE DAY- O RESSURGIMENTO;E1600182600000;ORIGINAL;SIM;ESTADOS UNIDOS;5005002;CINESYSTEM AMERICAS 06;19;6000027;5348;28834;RIO DE JANEIRO;RJ;REDECINE - RIO CINEMATOGRAFICA S.A.;07.524.011/0001-10
27/06/2016;27/06/2016 14:20:00;TEENAGE MUTANT NINJA TURTLES: OUT OF THE SHADOWS;AS TARTARUGAS NINJA: FORA DAS SOMBRAS;E1600265600000;DUBLADO;NÃO;ESTADOS UNIDOS;5002063;AGUA VERDE 2;6;6000023;12893;12894;CURITIBA;PR;ESTILO PRODUÇÕES ARTISTICAS LTDA;03.293.165/0001-97
27/06/2016;27/06/2016 14:30:00;INDEPENDENCE DAY RESURGENCE;INDEPENDENCE DAY- O RESSURGIMENTO;E1600182600000;DUBLADO;NÃO;ESTADOS UNIDOS;5003369;ARAÚJO MULTIPLEX VIA VERDE 02;24;6000002;3103;20363;RIO BRANCO;AC;EMPRESA CINEMATOGRÁFICA ARAÇATUBA LTDA;03.519.995/0001-90
27/06/2016;27/06/2016 14:30:00;INDEPENDENCE DAY RESURGENCE;INDEPENDENCE DAY- O RESSURGIMENTO;E1600182600000;DUBLADO;NÃO;ESTADOS UNIDOS;5001625;CINESYSTEM SHOPPING TOTAL SALA 02;11;6000027;2375;6658;CURITIBA;PR;REDECINE CWB CINEMATOGRÁFICA LTDA;05.747.411/0001-69
27/06/2016;27/06/2016 14:30:00;ME BEFORE YOU;COMO EU ERA ANTES DE VOCÊ;E1500875700000;DUBLADO;NÃO;ESTADOS UNIDOS;5003900;SALA 3;34;6000002;3136;24148;SOROCABA;SP;MSA EMPRESA CINEMATOGRÁFICA LTDA;03.608.600/0001-25
27/06/2016;27/06/2016 14:30:00;NOW YOU SEE ME: THE SECOND ACT;TRUQUE DE MESTRE 2;E1500269900000;DUBLADO;NÃO;ESTADOS UNIDOS;5003420;CINEMARK SHOPPING RAPOSO TAVARES 02;33;6000018;1843;20591;SÃO PAULO;SP;CINEMARK BRASIL S.A;00.779.721/0001-41
27/06/2016;27/06/2016 14:40:00;ME BEFORE YOU;COMO EU ERA ANTES DE VOCÊ;E1500875700000;DUBLADO;NÃO;ESTADOS UNIDOS;5003087;CINESPAÇO FLORIANÓPOLIS 1;28;6000018;1014;19103;FLORIANÓPOLIS;SC;CIRCUITO ESPAÇO DE CINEMA S/A;03.695.435/0001-96
27/06/2016;27/06/2016 15:00:00;INDEPENDENCE DAY RESURGENCE;INDEPENDENCE DAY- O RESSURGIMENTO;E1600182600000;DUBLADO;NÃO;ESTADOS UNIDOS;5003371;ARAÚJO MULTIPLEX VIA VERDE 04;20;6000002;3103;20363;RIO BRANCO;AC;EMPRESA CINEMATOGRÁFICA ARAÇATUBA LTDA;03.519.995/0001-90
27/06/2016;27/06/2016 15:20:01;O CASEIRO;;B1600227000000;ORIGINAL;NÃO;BRASIL;5001491;MOVIECOM MAXI 6;24;6000100;2912;2913;JUNDIAÍ;SP;MAXI CINEMATOGRÁFICA LTDA;05.279.756/0001-35
27/06/2016;27/06/2016 15:25:00;TEENAGE MUTANT NINJA TURTLES: OUT OF THE SHADOWS;AS TARTARUGAS NINJA: FORA DAS SOMBRAS;E1600265600000;DUBLADO;NÃO;ESTADOS UNIDOS;5003424;CINEMARK SHOPPING RAPOSO TAVARES 06;23;6000018;1843;20591;SÃO PAULO;SP;CINEMARK BRASIL S.A;00.779.721/0001-41
27/06/2016;27/06/2016 15:40:00;TEENAGE MUTANT NINJA TURTLES: OUT OF THE SHADOWS;AS TARTARUGAS NINJA: FORA DAS SOMBRAS;E1600265600000;DUBLADO;NÃO;ESTADOS UNIDOS;5002603;CINEMAS BENFICA - SALA 1;53;;15690;15691;FORTALEZA;CE;CINEMAS BENFICA LTDA;07.509.597/0001-43
27/06/2016;27/06/2016 15:50:00;INDEPENDENCE DAY RESURGENCE;INDEPENDENCE DAY- O RESSURGIMENTO;E1600182600000;DUBLADO;NÃO;ESTADOS UNIDOS;5004488;ARAPIRACA BRA 06;15;6000027;22546;26037;ARAPIRACA;AL;REDECINE BRA CINEMATOGRÁFICA S.A.;15.422.993/0001-67
27/06/2016;27/06/2016 15:50:00;INDEPENDENCE DAY RESURGENCE;INDEPENDENCE DAY- O RESSURGIMENTO;E1600182600000;DUBLADO;NÃO;ESTADOS UNIDOS;5003419;CINEMARK SHOPPING RAPOSO TAVARES 01;31;6000018;1843;20591;SÃO PAULO;SP;CINEMARK BRASIL S.A;00.779.721/0001-41
27/06/2016;27/06/2016 15:50:00;TEENAGE MUTANT NINJA TURTLES: OUT OF THE SHADOWS;AS TARTARUGAS NINJA: FORA DAS SOMBRAS;E1600265600000;DUBLADO;NÃO;ESTADOS UNIDOS;5004999;CINESYSTEM AMERICAS 03;2;6000027;5348;28834;RIO DE JANEIRO;RJ;REDECINE - RIO CINEMATOGRAFICA S.A.;07.524.011/0001-10
27/06/2016;27/06/2016 16:00:00;MAIS FORTE QUE O MUNDO - A HISTÓRIA DE JOSÉ ALDO;;B1600294500000;ORIGINAL;NÃO;BRASIL;5003422;CINEMARK SHOPPING RAPOSO TAVARES 04;8;6000018;1843;20591;SÃO PAULO;SP;CINEMARK BRASIL S.A;00.779.721/0001-41
27/06/2016;27/06/2016 16:00:00;MAIS FORTE QUE O MUNDO - A HISTÓRIA DE JOSÉ ALDO;;B1600294500000;DUBLADO;NÃO;BRASIL;5003899;SALA 2;6;6000002;3136;24148;SOROCABA;SP;MSA EMPRESA CINEMATOGRÁFICA LTDA;03.608.600/0001-25
27/06/2016;27/06/2016 16:00:00;ME BEFORE YOU;COMO EU ERA ANTES DE VOCÊ;E1500875700000;DUBLADO;NÃO;ESTADOS UNIDOS;5004997;CINESYSTEM AMERICAS 01;20;6000027;5348;28834;RIO DE JANEIRO;RJ;REDECINE - RIO CINEMATOGRAFICA S.A.;07.524.011/0001-10
27/06/2016;27/06/2016 16:05:00;ME BEFORE YOU;COMO EU ERA ANTES DE VOCÊ;E1500875700000;DUBLADO;NÃO;ESTADOS UNIDOS;5004484;ARAPIRACA BRA 02;6;6000027;22546;26037;ARAPIRACA;AL;REDECINE BRA CINEMATOGRÁFICA S.A.;15.422.993/0001-67
27/06/2016;27/06/2016 16:05:00;NOW YOU SEE ME: THE SECOND ACT;TRUQUE DE MESTRE 2;E1500269900000;ORIGINAL;SIM;ESTADOS UNIDOS;5004543;CINEART PARAGEM 2;2;6000013;437;26527;BELO HORIZONTE;MG;DELTA FILMES LTDA;01.735.159/0001-17
27/06/2016;27/06/2016 16:10:00;INDEPENDENCE DAY RESURGENCE;INDEPENDENCE DAY- O RESSURGIMENTO;E1600182600000;ORIGINAL;SIM;ESTADOS UNIDOS;5004544;CINEART PARAGEM 3;7;6000013;437;26527;BELO HORIZONTE;MG;DELTA FILMES LTDA;01.735.159/0001-17
27/06/2016;27/06/2016 16:10:00;NOW YOU SEE ME 2;TRUQUE DE MESTRE: O 2º ATO;E1700176500000;ORIGINAL;SIM;CANADÁ;5005003;CINESYSTEM AMERICAS 07;11;6000027;5348;28834;RIO DE JANEIRO;RJ;REDECINE - RIO CINEMATOGRAFICA S.A.;07.524.011/0001-10
27/06/2016;27/06/2016 16:10:00;TEENAGE MUTANT NINJA TURTLES: OUT OF THE SHADOWS;AS TARTARUGAS NINJA: FORA DAS SOMBRAS;E1600265600000;DUBLADO;NÃO;ESTADOS UNIDOS;5004487;ARAPIRACA BRA 05;22;6000027;22546;26037;ARAPIRACA;AL;REDECINE BRA CINEMATOGRÁFICA S.A.;15.422.993/0001-67
27/06/2016;27/06/2016 16:10:00;THE CONJURING 2;INVOCAÇÃO DO MAL 2;E1600342300000;DUBLADO;NÃO;ESTADOS UNIDOS;5005572;CINESYSTEM PAULISTA SALA 01;65;6000027;22546;33152;PAULISTA;PE;REDECINE BRA CINEMATOGRÁFICA S.A.;15.422.993/0001-67
27/06/2016;27/06/2016 16:10:00;THE CONJURING 2;INVOCAÇÃO DO MAL 2;E1600342300000;DUBLADO;NÃO;ESTADOS UNIDOS;5001626;CINESYSTEM SHOPPING TOTAL SALA 03;6;6000027;2375;6658;CURITIBA;PR;REDECINE CWB CINEMATOGRÁFICA LTDA;05.747.411/0001-69
27/06/2016;27/06/2016 16:20:00;INDEPENDENCE DAY RESURGENCE;INDEPENDENCE DAY- O RESSURGIMENTO;E1600182600000;DUBLADO;NÃO;ESTADOS UNIDOS;5002062;AGUA VERDE 1;4;6000023;12893;12894;CURITIBA;PR;ESTILO PRODUÇÕES ARTISTICAS LTDA;03.293.165/0001-97
27/06/2016;27/06/2016 16:20:00;MAIS FORTE QUE O MUNDO - A HISTÓRIA DE JOSÉ ALDO;;B1600294500000;ORIGINAL;NÃO;BRASIL;5000921;MOVIECOM MAXI 1;8;6000100;2912;2913;JUNDIAÍ;SP;MAXI CINEMATOGRÁFICA LTDA;05.279.756/0001-35
27/06/2016;27/06/2016 16:20:00;ME BEFORE YOU;COMO EU ERA ANTES DE VOCÊ;E1500875700000;ORIGINAL;SIM;ESTADOS UNIDOS;5004998;CINESYSTEM AMERICAS 02;15;6000027;5348;28834;RIO DE JANEIRO;RJ;REDECINE - RIO CINEMATOGRAFICA S.A.;07.524.011/0001-10
27/06/2016;27/06/2016 16:20:00;ME BEFORE YOU;COMO EU ERA ANTES DE VOCÊ;E1500875700000;DUBLADO;NÃO;ESTADOS UNIDOS;5005576;CINESYSTEM PAULISTA SALA 06;54;6000027;22546;33152;PAULISTA;PE;REDECINE BRA CINEMATOGRÁFICA S.A.;15.422.993/0001-67
27/06/2016;27/06/2016 16:20:00;ME BEFORE YOU;COMO EU ERA ANTES DE VOCÊ;E1500875700000;DUBLADO;NÃO;ESTADOS UNIDOS;5001627;CINESYSTEM SHOPPING TOTAL SALA 04;23;6000027;2375;6658;CURITIBA;PR;REDECINE CWB CINEMATOGRÁFICA LTDA;05.747.411/0001-69
27/06/2016;27/06/2016 16:20:00;THE CONJURING 2;INVOCAÇÃO DO MAL 2;E1600342300000;DUBLADO;NÃO;ESTADOS UNIDOS;5004485;ARAPIRACA BRA 03;15;6000027;22546;26037;ARAPIRACA;AL;REDECINE BRA CINEMATOGRÁFICA S.A.;15.422.993/0001-67
27/06/2016;27/06/2016 16:20:00;THE CONJURING 2;INVOCAÇÃO DO MAL 2;E1600342300000;DUBLADO;NÃO;ESTADOS UNIDOS;5001486;MOVIECOM MAXI 2;95;6000100;2912;2913;JUNDIAÍ;SP;MAXI CINEMATOGRÁFICA LTDA;05.279.756/0001-35
27/06/2016;27/06/2016 16:25:00;MAIS FORTE QUE O MUNDO - A HISTÓRIA DE JOSÉ ALDO;;B1600294500000;DUBLADO;NÃO;BRASIL;5005001;CINESYSTEM AMERICAS 05;9;6000027;5348;28834;RIO DE JANEIRO;RJ;REDECINE - RIO CINEMATOGRAFICA S.A.;07.524.011/0001-10
27/06/2016;27/06/2016 16:25:00;ME BEFORE YOU;COMO EU ERA ANTES DE VOCÊ;E1500875700000;ORIGINAL;SIM;ESTADOS UNIDOS;5004542;CINEART PARAGEM 1;9;6000013;437;26527;BELO HORIZONTE;MG;DELTA FILMES LTDA;01.735.159/0001-17
27/06/2016;27/06/2016 16:30:00;ALICE THROUGH THE LOOKING GLASS;ALICE ATRAVÉS DO ESPELHO;E1600259100000;DUBLADO;NÃO;ESTADOS UNIDOS;5001493;MOVIECOM MAXI 7;75;6000100;2912;2913;JUNDIAÍ;SP;MAXI CINEMATOGRÁFICA LTDA;05.279.756/0001-35
27/06/2016;27/06/2016 16:30:00;INDEPENDENCE DAY RESURGENCE;INDEPENDENCE DAY- O RESSURGIMENTO;E1600182600000;DUBLADO;NÃO;ESTADOS UNIDOS;5003423;CINEMARK SHOPPING RAPOSO TAVARES 05;10;6000018;1843;20591;SÃO PAULO;SP;CINEMARK BRASIL S.A;00.779.721/0001-41
27/06/2016;27/06/2016 16:30:00;INDEPENDENCE DAY RESURGENCE;INDEPENDENCE DAY- O RESSURGIMENTO;E1600182600000;DUBLADO;NÃO;ESTADOS UNIDOS;5001624;CINESYSTEM SHOPPING TOTAL SALA 01;16;6000027;2375;6658;CURITIBA;PR;REDECINE CWB CINEMATOGRÁFICA LTDA;05.747.411/0001-69
27/06/2016;27/06/2016 16:30:00;ME BEFORE YOU;COMO EU ERA ANTES DE VOCÊ;E1500875700000;DUBLADO;NÃO;ESTADOS UNIDOS;5004486;ARAPIRACA BRA 04;15;6000027;22546;26037;ARAPIRACA;AL;REDECINE BRA CINEMATOGRÁFICA S.A.;15.422.993/0001-67
27/06/2016;27/06/2016 16:30:00;TEENAGE MUTANT NINJA TURTLES: OUT OF THE SHADOWS;AS TARTARUGAS NINJA: FORA DAS SOMBRAS;E1600265600000;DUBLADO;NÃO;ESTADOS UNIDOS;5002063;AGUA VERDE 2;7;6000023;12893;12894;CURITIBA;PR;ESTILO PRODUÇÕES ARTISTICAS LTDA;03.293.165/0001-97
27/06/2016;27/06/2016 16:30:00;THE CONJURING 2;INVOCAÇÃO DO MAL 2;E1600342300000;ORIGINAL;SIM;ESTADOS UNIDOS;5005000;CINESYSTEM AMERICAS 04;16;6000027;5348;28834;RIO DE JANEIRO;RJ;REDECINE - RIO CINEMATOGRAFICA S.A.;07.524.011/0001-10
27/06/2016;27/06/2016 16:40:00;INDEPENDENCE DAY RESURGENCE;INDEPENDENCE DAY- O RESSURGIMENTO;E1600182600000;DUBLADO;NÃO;ESTADOS UNIDOS;5004483;ARAPIRACA BRA 01;9;6000027;22546;26037;ARAPIRACA;AL;REDECINE BRA CINEMATOGRÁFICA S.A.;15.422.993/0001-67
27/06/2016;27/06/2016 16:40:00;INDEPENDENCE DAY RESURGENCE;INDEPENDENCE DAY- O RESSURGIMENTO;E1600182600000;DUBLADO;NÃO;ESTADOS UNIDOS;5001487;MOVIECOM MAXI 5;72;6000100;2912;2913;JUNDIAÍ;SP;MAXI CINEMATOGRÁFICA LTDA;05.279.756/0001-35
27/06/2016;27/06/2016 16:40:00;ME BEFORE YOU;COMO EU ERA ANTES DE VOCÊ;E1500875700000;DUBLADO;NÃO;ESTADOS UNIDOS;5003421;CINEMARK SHOPPING RAPOSO TAVARES 03;36;6000018;1843;20591;SÃO PAULO;SP;CINEMARK BRASIL S.A;00.779.721/0001-41
27/06/2016;27/06/2016 16:40:00;ME BEFORE YOU;COMO EU ERA ANTES DE VOCÊ;E1500875700000;DUBLADO;NÃO;ESTADOS UNIDOS;5002781;ILHA PLAZA 01;50;6000027;5348;16645;RIO DE JANEIRO;RJ;REDECINE - RIO CINEMATOGRAFICA S.A.;07.524.011/0001-10
27/06/2016;27/06/2016 16:45:00;INDEPENDENCE DAY RESURGENCE;INDEPENDENCE DAY- O RESSURGIMENTO;E1600182600000;DUBLADO;NÃO;ESTADOS UNIDOS;5003369;ARAÚJO MULTIPLEX VIA VERDE 02;45;6000002;3103;20363;RIO BRANCO;AC;EMPRESA CINEMATOGRÁFICA ARAÇATUBA LTDA;03.519.995/0001-90
27/06/2016;27/06/2016 16:45:00;ME BEFORE YOU;COMO EU ERA ANTES DE VOCÊ;E1500875700000;DUBLADO;NÃO;ESTADOS UNIDOS;5003900;SALA 3;28;6000002;3136;24148;SOROCABA;SP;MSA EMPRESA CINEMATOGRÁFICA LTDA;03.608.600/0001-25
27/06/2016;27/06/2016 16:45:00;TEENAGE MUTANT NINJA TURTLES: OUT OF THE SHADOWS;AS TARTARUGAS NINJA: FORA DAS SOMBRAS;E1600265600000;DUBLADO;NÃO;ESTADOS UNIDOS;5001484;MOVIECOM MAXI 4;47;6000100;2912;2913;JUNDIAÍ;SP;MAXI CINEMATOGRÁFICA LTDA;05.279.756/0001-35
27/06/2016;27/06/2016 16:50:00;ALDO - MAIS FORTE QUE O MUNDO;;B1600785100000;DUBLADO;NÃO;BRASIL;5001628;CINESYSTEM SHOPPING TOTAL SALA 05;13;6000027;2375;6658;CURITIBA;PR;REDECINE CWB CINEMATOGRÁFICA LTDA;05.747.411/0001-69
27/06/2016;27/06/2016 16:50:00;INDEPENDENCE DAY RESURGENCE;INDEPENDENCE DAY- O RESSURGIMENTO;E1600182600000;ORIGINAL;SIM;ESTADOS UNIDOS;5005002;CINESYSTEM AMERICAS 06;12;6000027;5348;28834;RIO DE JANEIRO;RJ;REDECINE - RIO CINEMATOGRAFICA S.A.;07.524.011/0001-10
27/06/2016;27/06/2016 17:00:00;INDEPENDENCE DAY RESURGENCE;INDEPENDENCE DAY- O RESSURGIMENTO;E1600182600000;ORIGINAL;SIM;ESTADOS UNIDOS;5001625;CINESYSTEM SHOPPING TOTAL SALA 02;3;6000027;2375;6658;CURITIBA;PR;REDECINE CWB CINEMATOGRÁFICA LTDA;05.747.411/0001-69
27/06/2016;27/06/2016 17:00:00;ME BEFORE YOU;COMO EU ERA ANTES DE VOCÊ;E1500875700000;ORIGINAL;SIM;ESTADOS UNIDOS;5003087;CINESPAÇO FLORIANÓPOLIS 1;49;6000018;1014;19103;FLORIANÓPOLIS;SC;CIRCUITO ESPAÇO DE CINEMA S/A;03.695.435/0001-96
27/06/2016;27/06/2016 17:00:00;ME BEFORE YOU;COMO EU ERA ANTES DE VOCÊ;E1500875700000;DUBLADO;NÃO;ESTADOS UNIDOS;5001482;MOVIECOM MAXI 3;140;6000100;2912;2913;JUNDIAÍ;SP;MAXI CINEMATOGRÁFICA LTDA;05.279.756/0001-35
27/06/2016;27/06/2016 17:10:00;THE CONJURING 2;INVOCAÇÃO DO MAL 2;E1600342300000;DUBLADO;NÃO;ESTADOS UNIDOS;5003425;CINEMARK SHOPPING RAPOSO TAVARES 07;40;6000018;1843;20591;SÃO PAULO;SP;CINEMARK BRASIL S.A;00.779.721/0001-41
27/06/2016;27/06/2016 17:15:00;INDEPENDENCE DAY RESURGENCE;INDEPENDENCE DAY- O RESSURGIMENTO;E1600182600000;DUBLADO;NÃO;ESTADOS UNIDOS;5003371;ARAÚJO MULTIPLEX VIA VERDE 04;25;6000002;3103;20363;RIO BRANCO;AC;EMPRESA CINEMATOGRÁFICA ARAÇATUBA LTDA;03.519.995/0001-90
27/06/2016;27/06/2016 17:15:00;NOW YOU SEE ME: THE SECOND ACT;TRUQUE DE MESTRE 2;E1500269900000;DUBLADO;NÃO;ESTADOS UNIDOS;5001491;MOVIECOM MAXI 6;85;6000100;2912;2913;JUNDIAÍ;SP;MAXI CINEMATOGRÁFICA LTDA;05.279.756/0001-35
27/06/2016;27/06/2016 17:30:00;NOW YOU SEE ME: THE SECOND ACT;TRUQUE DE MESTRE 2;E1500269900000;DUBLADO;NÃO;ESTADOS UNIDOS;5003420;CINEMARK SHOPPING RAPOSO TAVARES 02;28;6000018;1843;20591;SÃO PAULO;SP;CINEMARK BRASIL S.A;00.779.721/0001-41
27/06/2016;27/06/2016 17:55:00;TEENAGE MUTANT NINJA TURTLES: OUT OF THE SHADOWS;AS TARTARUGAS NINJA: FORA DAS SOMBRAS;E1600265600000;DUBLADO;NÃO;ESTADOS UNIDOS;5002603;CINEMAS BENFICA - SALA 1;59;;15690;15691;FORTALEZA;CE;CINEMAS BENFICA LTDA;07.509.597/0001-43
27/06/2016;27/06/2016 18:00:00;INDEPENDENCE DAY RESURGENCE;INDEPENDENCE DAY- O RESSURGIMENTO;E1600182600000;DUBLADO;NÃO;ESTADOS UNIDOS;5003424;CINEMARK SHOPPING RAPOSO TAVARES 06;24;6000018;1843;20591;SÃO PAULO;SP;CINEMARK BRASIL S.A;00.779.721/0001-41
27/06/2016;27/06/2016 18:15:00;INDEPENDENCE DAY RESURGENCE;INDEPENDENCE DAY- O RESSURGIMENTO;E1600182600000;DUBLADO;NÃO;ESTADOS UNIDOS;5004999;CINESYSTEM AMERICAS 03;19;6000027;5348;28834;RIO DE JANEIRO;RJ;REDECINE - RIO CINEMATOGRAFICA S.A.;07.524.011/0001-10
27/06/2016;27/06/2016 18:20:00;INDEPENDENCE DAY RESURGENCE;INDEPENDENCE DAY- O RESSURGIMENTO;E1600182600000;DUBLADO;NÃO;ESTADOS UNIDOS;5004488;ARAPIRACA BRA 06;38;6000027;22546;26037;ARAPIRACA;AL;REDECINE BRA CINEMATOGRÁFICA S.A.;15.422.993/0001-67
27/06/2016;27/06/2016 18:30:00;INDEPENDENCE DAY RESURGENCE;INDEPENDENCE DAY- O RESSURGIMENTO;E1600182600000;ORIGINAL;SIM;ESTADOS UNIDOS;5004544;CINEART PARAGEM 3;6;6000013;437;26527;BELO HORIZONTE;MG;DELTA FILMES LTDA;01.735.159/0001-17
27/06/2016;27/06/2016 18:30:00;MAIS FORTE QUE O MUNDO - A HISTÓRIA DE JOSÉ ALDO;;B1600294500000;DUBLADO;NÃO;BRASIL;5003899;SALA 2;8;6000002;3136;24148;SOROCABA;SP;MSA EMPRESA CINEMATOGRÁFICA LTDA;03.608.600/0001-25
27/06/2016;27/06/2016 18:30:00;NOW YOU SEE ME: THE SECOND ACT;TRUQUE DE MESTRE 2;E1500269900000;DUBLADO;NÃO;ESTADOS UNIDOS;5004484;ARAPIRACA BRA 02;44;6000027;22546;26037;ARAPIRACA;AL;REDECINE BRA CINEMATOGRÁFICA S.A.;15.422.993/0001-67
27/06/2016;27/06/2016 18:30:00;TEENAGE MUTANT NINJA TURTLES: OUT OF THE SHADOWS;AS TARTARUGAS NINJA: FORA DAS SOMBRAS;E1600265600000;DUBLADO;NÃO;ESTADOS UNIDOS;5004997;CINESYSTEM AMERICAS 01;11;6000027;5348;28834;RIO DE JANEIRO;RJ;REDECINE - RIO CINEMATOGRAFICA S.A.;07.524.011/0001-10
27/06/2016;27/06/2016 18:30:00;THE CONJURING 2;INVOCAÇÃO DO MAL 2;E1600342300000;ORIGINAL;SIM;ESTADOS UNIDOS;5004543;CINEART PARAGEM 2;19;6000013;437;26527;BELO HORIZONTE;MG;DELTA FILMES LTDA;01.735.159/0001-17
27/06/2016;27/06/2016 18:40:00;ME BEFORE YOU;COMO EU ERA ANTES DE VOCÊ;E1500875700000;ORIGINAL;SIM;ESTADOS UNIDOS;5004542;CINEART PARAGEM 1;12;6000013;437;26527;BELO HORIZONTE;MG;DELTA FILMES LTDA;01.735.159/0001-17
27/06/2016;27/06/2016 18:40:00;ME BEFORE YOU;COMO EU ERA ANTES DE VOCÊ;E1500875700000;ORIGINAL;SIM;ESTADOS UNIDOS;5004998;CINESYSTEM AMERICAS 02;34;6000027;5348;28834;RIO DE JANEIRO;RJ;REDECINE - RIO CINEMATOGRAFICA S.A.;07.524.011/0001-10
27/06/2016;27/06/2016 18:40:00;ME BEFORE YOU;COMO EU ERA ANTES DE VOCÊ;E1500875700000;DUBLADO;NÃO;ESTADOS UNIDOS;5005576;CINESYSTEM PAULISTA SALA 06;55;6000027;22546;33152;PAULISTA;PE;REDECINE BRA CINEMATOGRÁFICA S.A.;15.422.993/0001-67
27/06/2016;27/06/2016 18:40:00;ME BEFORE YOU;COMO EU ERA ANTES DE VOCÊ;E1500875700000;DUBLADO;NÃO;ESTADOS UNIDOS;5001627;CINESYSTEM SHOPPING TOTAL SALA 04;61;6000027;2375;6658;CURITIBA;PR;REDECINE CWB CINEMATOGRÁFICA LTDA;05.747.411/0001-69
27/06/2016;27/06/2016 18:40:00;TEENAGE MUTANT NINJA TURTLES: OUT OF THE SHADOWS;AS TARTARUGAS NINJA: FORA DAS SOMBRAS;E1600265600000;DUBLADO;NÃO;ESTADOS UNIDOS;5002063;AGUA VERDE 2;9;6000023;12893;12894;CURITIBA;PR;ESTILO PRODUÇÕES ARTISTICAS LTDA;03.293.165/0001-97
27/06/2016;27/06/2016 18:40:00;TEENAGE MUTANT NINJA TURTLES: OUT OF THE SHADOWS;AS TARTARUGAS NINJA: FORA DAS SOMBRAS;E1600265600000;DUBLADO;NÃO;ESTADOS UNIDOS;5004487;ARAPIRACA BRA 05;61;6000027;22546;26037;ARAPIRACA;AL;REDECINE BRA CINEMATOGRÁFICA S.A.;15.422.993/0001-67
27/06/2016;27/06/2016 18:40:00;TEENAGE MUTANT NINJA TURTLES: OUT OF THE SHADOWS;AS TARTARUGAS NINJA: FORA DAS SOMBRAS;E1600265600000;DUBLADO;NÃO;ESTADOS UNIDOS;5003419;CINEMARK SHOPPING RAPOSO TAVARES 01;39;6000018;1843;20591;SÃO PAULO;SP;CINEMARK BRASIL S.A;00.779.721/0001-41
27/06/2016;27/06/2016 18:45:00;INDEPENDENCE DAY RESURGENCE;INDEPENDENCE DAY- O RESSURGIMENTO;E1600182600000;DUBLADO;NÃO;ESTADOS UNIDOS;5002062;AGUA VERDE 1;19;6000023;12893;12894;CURITIBA;PR;ESTILO PRODUÇÕES ARTISTICAS LTDA;03.293.165/0001-97
27/06/2016;27/06/2016 18:50:00;MAIS FORTE QUE O MUNDO - A HISTÓRIA DE JOSÉ ALDO;;B1600294500000;ORIGINAL;NÃO;BRASIL;5003422;CINEMARK SHOPPING RAPOSO TAVARES 04;20;6000018;1843;20591;SÃO PAULO;SP;CINEMARK BRASIL S.A;00.779.721/0001-41
27/06/2016;27/06/2016 18:50:00;MAIS FORTE QUE O MUNDO - A HISTÓRIA DE JOSÉ ALDO;;B1600294500000;ORIGINAL;NÃO;BRASIL;5000921;MOVIECOM MAXI 1;40;6000100;2912;2913;JUNDIAÍ;SP;MAXI CINEMATOGRÁFICA LTDA;05.279.756/0001-35
27/06/2016;27/06/2016 18:50:00;ME BEFORE YOU;COMO EU ERA ANTES DE VOCÊ;E1500875700000;DUBLADO;NÃO;ESTADOS UNIDOS;5004486;ARAPIRACA BRA 04;59;6000027;22546;26037;ARAPIRACA;AL;REDECINE BRA CINEMATOGRÁFICA S.A.;15.422.993/0001-67
27/06/2016;27/06/2016 18:50:00;NOW YOU SEE ME 2;TRUQUE DE MESTRE: O 2º ATO;E1700176500000;ORIGINAL;SIM;CANADÁ;5005003;CINESYSTEM AMERICAS 07;31;6000027;5348;28834;RIO DE JANEIRO;RJ;REDECINE - RIO CINEMATOGRAFICA S.A.;07.524.011/0001-10
27/06/2016;27/06/2016 18:50:00;THE CONJURING 2;INVOCAÇÃO DO MAL 2;E1600342300000;DUBLADO;NÃO;ESTADOS UNIDOS;5001626;CINESYSTEM SHOPPING TOTAL SALA 03;16;6000027;2375;6658;CURITIBA;PR;REDECINE CWB CINEMATOGRÁFICA LTDA;05.747.411/0001-69
27/06/2016;27/06/2016 18:55:00;X-MEN: APOCALYPSE;X-MEN - APOCALIPSE;E1600181600000;DUBLADO;NÃO;ESTADOS UNIDOS;5001493;MOVIECOM MAXI 7;70;6000100;2912;2913;JUNDIAÍ;SP;MAXI CINEMATOGRÁFICA LTDA;05.279.756/0001-35
27/06/2016;27/06/2016 19:00:00;INDEPENDENCE DAY RESURGENCE;INDEPENDENCE DAY- O RESSURGIMENTO;E1600182600000;DUBLADO;NÃO;ESTADOS UNIDOS;5003369;ARAÚJO MULTIPLEX VIA VERDE 02;169;6000002;3103;20363;RIO BRANCO;AC;EMPRESA CINEMATOGRÁFICA ARAÇATUBA LTDA;03.519.995/0001-90
27/06/2016;27/06/2016 19:00:00;MAIS FORTE QUE O MUNDO - A HISTÓRIA DE JOSÉ ALDO;;B1600294500000;DUBLADO;NÃO;BRASIL;5005001;CINESYSTEM AMERICAS 05;11;6000027;5348;28834;RIO DE JANEIRO;RJ;REDECINE - RIO CINEMATOGRAFICA S.A.;07.524.011/0001-10
27/06/2016;27/06/2016 19:00:00;ME BEFORE YOU;COMO EU ERA ANTES DE VOCÊ;E1500875700000;ORIGINAL;SIM;ESTADOS UNIDOS;5002781;ILHA PLAZA 01;58;6000027;5348;16645;RIO DE JANEIRO;RJ;REDECINE - RIO CINEMATOGRAFICA S.A.;07.524.011/0001-10
27/06/2016;27/06/2016 19:00:00;ME BEFORE YOU;COMO EU ERA ANTES DE VOCÊ;E1500875700000;DUBLADO;NÃO;ESTADOS UNIDOS;5003900;SALA 3;102;6000002;3136;24148;SOROCABA;SP;MSA EMPRESA CINEMATOGRÁFICA LTDA;03.608.600/0001-25
27/06/2016;27/06/2016 19:00:00;TEENAGE MUTANT NINJA TURTLES: OUT OF THE SHADOWS;AS TARTARUGAS NINJA: FORA DAS SOMBRAS;E1600265600000;DUBLADO;NÃO;ESTADOS UNIDOS;5001624;CINESYSTEM SHOPPING TOTAL SALA 01;26;6000027;2375;6658;CURITIBA;PR;REDECINE CWB CINEMATOGRÁFICA LTDA;05.747.411/0001-69
27/06/2016;27/06/2016 19:00:00;THE CONJURING 2;INVOCAÇÃO DO MAL 2;E1600342300000;DUBLADO;NÃO;ESTADOS UNIDOS;5004485;ARAPIRACA BRA 03;22;6000027;22546;26037;ARAPIRACA;AL;REDECINE BRA CINEMATOGRÁFICA S.A.;15.422.993/0001-67
27/06/2016;27/06/2016 19:00:00;THE CONJURING 2;INVOCAÇÃO DO MAL 2;E1600342300000;DUBLADO;NÃO;ESTADOS UNIDOS;5001486;MOVIECOM MAXI 2;175;6000100;2912;2913;JUNDIAÍ;SP;MAXI CINEMATOGRÁFICA LTDA;05.279.756/0001-35
27/06/2016;27/06/2016 19:05:00;TEENAGE MUTANT NINJA TURTLES: OUT OF THE SHADOWS;AS TARTARUGAS NINJA: FORA DAS SOMBRAS;E1600265600000;DUBLADO;NÃO;ESTADOS UNIDOS;5001484;MOVIECOM MAXI 4;144;6000100;2912;2913;JUNDIAÍ;SP;MAXI CINEMATOGRÁFICA LTDA;05.279.756/0001-35
27/06/2016;27/06/2016 19:10:00;INDEPENDENCE DAY RESURGENCE;INDEPENDENCE DAY- O RESSURGIMENTO;E1600182600000;DUBLADO;NÃO;ESTADOS UNIDOS;5004483;ARAPIRACA BRA 01;57;6000027;22546;26037;ARAPIRACA;AL;REDECINE BRA CINEMATOGRÁFICA S.A.;15.422.993/0001-67
27/06/2016;27/06/2016 19:10:00;INDEPENDENCE DAY RESURGENCE;INDEPENDENCE DAY- O RESSURGIMENTO;E1600182600000;DUBLADO;NÃO;ESTADOS UNIDOS;5001487;MOVIECOM MAXI 5;230;6000100;2912;2913;JUNDIAÍ;SP;MAXI CINEMATOGRÁFICA LTDA;05.279.756/0001-35
27/06/2016;27/06/2016 19:10:00;ME BEFORE YOU;COMO EU ERA ANTES DE VOCÊ;E1500875700000;DUBLADO;NÃO;ESTADOS UNIDOS;5003421;CINEMARK SHOPPING RAPOSO TAVARES 03;68;6000018;1843;20591;SÃO PAULO;SP;CINEMARK BRASIL S.A;00.779.721/0001-41
27/06/2016;27/06/2016 19:10:00;THE CONJURING 2;INVOCAÇÃO DO MAL 2;E1600342300000;ORIGINAL;SIM;ESTADOS UNIDOS;5005000;CINESYSTEM AMERICAS 04;15;6000027;5348;28834;RIO DE JANEIRO;RJ;REDECINE - RIO CINEMATOGRAFICA S.A.;07.524.011/0001-10
27/06/2016;27/06/2016 19:10:00;THE CONJURING 2;INVOCAÇÃO DO MAL 2;E1600342300000;DUBLADO;NÃO;ESTADOS UNIDOS;5005572;CINESYSTEM PAULISTA SALA 01;66;6000027;22546;33152;PAULISTA;PE;REDECINE BRA CINEMATOGRÁFICA S.A.;15.422.993/0001-67
27/06/2016;27/06/2016 19:15:00;ME BEFORE YOU;COMO EU ERA ANTES DE VOCÊ;E1500875700000;DUBLADO;NÃO;ESTADOS UNIDOS;5001482;MOVIECOM MAXI 3;203;6000100;2912;2913;JUNDIAÍ;SP;MAXI CINEMATOGRÁFICA LTDA;05.279.756/0001-35
27/06/2016;27/06/2016 19:20:00;ALDO - MAIS FORTE QUE O MUNDO;;B1600785100000;DUBLADO;NÃO;BRASIL;5001628;CINESYSTEM SHOPPING TOTAL SALA 05;13;6000027;2375;6658;CURITIBA;PR;REDECINE CWB CINEMATOGRÁFICA LTDA;05.747.411/0001-69
27/06/2016;27/06/2016 19:20:00;INDEPENDENCE DAY RESURGENCE;INDEPENDENCE DAY- O RESSURGIMENTO;E1600182600000;ORIGINAL;SIM;ESTADOS UNIDOS;5005002;CINESYSTEM AMERICAS 06;32;6000027;5348;28834;RIO DE JANEIRO;RJ;REDECINE - RIO CINEMATOGRAFICA S.A.;07.524.011/0001-10
27/06/2016;27/06/2016 19:20:00;ME BEFORE YOU;COMO EU ERA ANTES DE VOCÊ;E1500875700000;ORIGINAL;SIM;ESTADOS UNIDOS;5003087;CINESPAÇO FLORIANÓPOLIS 1;81;6000018;1014;19103;FLORIANÓPOLIS;SC;CIRCUITO ESPAÇO DE CINEMA S/A;03.695.435/0001-96
27/06/2016;27/06/2016 19:25:00;INDEPENDENCE DAY RESURGENCE;INDEPENDENCE DAY- O RESSURGIMENTO;E1600182600000;DUBLADO;NÃO;ESTADOS UNIDOS;5003423;CINEMARK SHOPPING RAPOSO TAVARES 05;44;6000018;1843;20591;SÃO PAULO;SP;CINEMARK BRASIL S.A;00.779.721/0001-41
27/06/2016;27/06/2016 19:30:00;INDEPENDENCE DAY RESURGENCE;INDEPENDENCE DAY- O RESSURGIMENTO;E1600182600000;DUBLADO;NÃO;ESTADOS UNIDOS;5003371;ARAÚJO MULTIPLEX VIA VERDE 04;216;6000002;3103;20363;RIO BRANCO;AC;EMPRESA CINEMATOGRÁFICA ARAÇATUBA LTDA;03.519.995/0001-90
27/06/2016;27/06/2016 19:30:00;INDEPENDENCE DAY RESURGENCE;INDEPENDENCE DAY- O RESSURGIMENTO;E1600182600000;DUBLADO;NÃO;ESTADOS UNIDOS;5001625;CINESYSTEM SHOPPING TOTAL SALA 02;47;6000027;2375;6658;CURITIBA;PR;REDECINE CWB CINEMATOGRÁFICA LTDA;05.747.411/0001-69
27/06/2016;27/06/2016 19:50:01;O CASEIRO;;B1600227000000;ORIGINAL;NÃO;BRASIL;5001491;MOVIECOM MAXI 6;41;6000100;2912;2913;JUNDIAÍ;SP;MAXI CINEMATOGRÁFICA LTDA;05.279.756/0001-35
27/06/2016;27/06/2016 20:10:00;TEENAGE MUTANT NINJA TURTLES: OUT OF THE SHADOWS;AS TARTARUGAS NINJA: FORA DAS SOMBRAS;E1600265600000;DUBLADO;NÃO;ESTADOS UNIDOS;5002603;CINEMAS BENFICA - SALA 1;125;;15690;15691;FORTALEZA;CE;CINEMAS BENFICA LTDA;07.509.597/0001-43
27/06/2016;27/06/2016 20:10:00;THE CONJURING 2;INVOCAÇÃO DO MAL 2;E1600342300000;DUBLADO;NÃO;ESTADOS UNIDOS;5003425;CINEMARK SHOPPING RAPOSO TAVARES 07;100;6000018;1843;20591;SÃO PAULO;SP;CINEMARK BRASIL S.A;00.779.721/0001-41
27/06/2016;27/06/2016 20:30:00;NOW YOU SEE ME: THE SECOND ACT;TRUQUE DE MESTRE 2;E1500269900000;DUBLADO;NÃO;ESTADOS UNIDOS;5003420;CINEMARK SHOPPING RAPOSO TAVARES 02;58;6000018;1843;20591;SÃO PAULO;SP;CINEMARK BRASIL S.A;00.779.721/0001-41
27/06/2016;27/06/2016 20:50:00;INDEPENDENCE DAY RESURGENCE;INDEPENDENCE DAY- O RESSURGIMENTO;E1600182600000;DUBLADO;NÃO;ESTADOS UNIDOS;5004488;ARAPIRACA BRA 06;30;6000027;22546;26037;ARAPIRACA;AL;REDECINE BRA CINEMATOGRÁFICA S.A.;15.422.993/0001-67
27/06/2016;27/06/2016 20:50:00;INDEPENDENCE DAY RESURGENCE;INDEPENDENCE DAY- O RESSURGIMENTO;E1600182600000;ORIGINAL;SIM;ESTADOS UNIDOS;5004544;CINEART PARAGEM 3;4;6000013;437;26527;BELO HORIZONTE;MG;DELTA FILMES LTDA;01.735.159/0001-17
27/06/2016;27/06/2016 20:50:00;INDEPENDENCE DAY RESURGENCE;INDEPENDENCE DAY- O RESSURGIMENTO;E1600182600000;DUBLADO;NÃO;ESTADOS UNIDOS;5003424;CINEMARK SHOPPING RAPOSO TAVARES 06;37;6000018;1843;20591;SÃO PAULO;SP;CINEMARK BRASIL S.A;00.779.721/0001-41
27/06/2016;27/06/2016 20:50:00;INDEPENDENCE DAY RESURGENCE;INDEPENDENCE DAY- O RESSURGIMENTO;E1600182600000;DUBLADO;NÃO;ESTADOS UNIDOS;5004999;CINESYSTEM AMERICAS 03;12;6000027;5348;28834;RIO DE JANEIRO;RJ;REDECINE - RIO CINEMATOGRAFICA S.A.;07.524.011/0001-10
27/06/2016;27/06/2016 20:50:00;TEENAGE MUTANT NINJA TURTLES: OUT OF THE SHADOWS;AS TARTARUGAS NINJA: FORA DAS SOMBRAS;E1600265600000;DUBLADO;NÃO;ESTADOS UNIDOS;5002063;AGUA VERDE 2;20;6000023;12893;12894;CURITIBA;PR;ESTILO PRODUÇÕES ARTISTICAS LTDA;03.293.165/0001-97
27/06/2016;27/06/2016 21:00:00;INDEPENDENCE DAY RESURGENCE;INDEPENDENCE DAY- O RESSURGIMENTO;E1600182600000;DUBLADO;NÃO;ESTADOS UNIDOS;5002062;AGUA VERDE 1;25;6000023;12893;12894;CURITIBA;PR;ESTILO PRODUÇÕES ARTISTICAS LTDA;03.293.165/0001-97
27/06/2016;27/06/2016 21:00:00;MAIS FORTE QUE O MUNDO - A HISTÓRIA DE JOSÉ ALDO;;B1600294500000;DUBLADO;NÃO;BRASIL;5003899;SALA 2;18;6000002;3136;24148;SOROCABA;SP;MSA EMPRESA CINEMATOGRÁFICA LTDA;03.608.600/0001-25
27/06/2016;27/06/2016 21:00:00;ME BEFORE YOU;COMO EU ERA ANTES DE VOCÊ;E1500875700000;ORIGINAL;SIM;ESTADOS UNIDOS;5004542;CINEART PARAGEM 1;28;6000013;437;26527;BELO HORIZONTE;MG;DELTA FILMES LTDA;01.735.159/0001-17
27/06/2016;27/06/2016 21:00:00;ME BEFORE YOU;COMO EU ERA ANTES DE VOCÊ;E1500875700000;ORIGINAL;SIM;ESTADOS UNIDOS;5004998;CINESYSTEM AMERICAS 02;23;6000027;5348;28834;RIO DE JANEIRO;RJ;REDECINE - RIO CINEMATOGRAFICA S.A.;07.524.011/0001-10
27/06/2016;27/06/2016 21:00:00;ME BEFORE YOU;COMO EU ERA ANTES DE VOCÊ;E1500875700000;DUBLADO;NÃO;ESTADOS UNIDOS;5001627;CINESYSTEM SHOPPING TOTAL SALA 04;110;6000027;2375;6658;CURITIBA;PR;REDECINE CWB CINEMATOGRÁFICA LTDA;05.747.411/0001-69
27/06/2016;27/06/2016 21:05:00;NOW YOU SEE ME: THE SECOND ACT;TRUQUE DE MESTRE 2;E1500269900000;ORIGINAL;SIM;ESTADOS UNIDOS;5004543;CINEART PARAGEM 2;15;6000013;437;26527;BELO HORIZONTE;MG;DELTA FILMES LTDA;01.735.159/0001-17
27/06/2016;27/06/2016 21:10:00;MAIS FORTE QUE O MUNDO - A HISTÓRIA DE JOSÉ ALDO;;B1600294500000;DUBLADO;NÃO;BRASIL;5004997;CINESYSTEM AMERICAS 01;21;6000027;5348;28834;RIO DE JANEIRO;RJ;REDECINE - RIO CINEMATOGRAFICA S.A.;07.524.011/0001-10
27/06/2016;27/06/2016 21:10:00;ME BEFORE YOU;COMO EU ERA ANTES DE VOCÊ;E1500875700000;DUBLADO;NÃO;ESTADOS UNIDOS;5004484;ARAPIRACA BRA 02;41;6000027;22546;26037;ARAPIRACA;AL;REDECINE BRA CINEMATOGRÁFICA S.A.;15.422.993/0001-67
27/06/2016;27/06/2016 21:10:00;ME BEFORE YOU;COMO EU ERA ANTES DE VOCÊ;E1500875700000;DUBLADO;NÃO;ESTADOS UNIDOS;5005576;CINESYSTEM PAULISTA SALA 06;45;6000027;22546;33152;PAULISTA;PE;REDECINE BRA CINEMATOGRÁFICA S.A.;15.422.993/0001-67
27/06/2016;27/06/2016 21:15:00;INDEPENDENCE DAY RESURGENCE;INDEPENDENCE DAY- O RESSURGIMENTO;E1600182600000;DUBLADO;NÃO;ESTADOS UNIDOS;5003369;ARAÚJO MULTIPLEX VIA VERDE 02;206;6000002;3103;20363;RIO BRANCO;AC;EMPRESA CINEMATOGRÁFICA ARAÇATUBA LTDA;03.519.995/0001-90
27/06/2016;27/06/2016 21:15:00;ME BEFORE YOU;COMO EU ERA ANTES DE VOCÊ;E1500875700000;DUBLADO;NÃO;ESTADOS UNIDOS;5003900;SALA 3;114;6000002;3136;24148;SOROCABA;SP;MSA EMPRESA CINEMATOGRÁFICA LTDA;03.608.600/0001-25
27/06/2016;27/06/2016 21:20:00;INDEPENDENCE DAY RESURGENCE;INDEPENDENCE DAY- O RESSURGIMENTO;E1600182600000;DUBLADO;NÃO;ESTADOS UNIDOS;5001624;CINESYSTEM SHOPPING TOTAL SALA 01;22;6000027;2375;6658;CURITIBA;PR;REDECINE CWB CINEMATOGRÁFICA LTDA;05.747.411/0001-69
27/06/2016;27/06/2016 21:20:00;MAIS FORTE QUE O MUNDO - A HISTÓRIA DE JOSÉ ALDO;;B1600294500000;ORIGINAL;NÃO;BRASIL;5000921;MOVIECOM MAXI 1;44;6000100;2912;2913;JUNDIAÍ;SP;MAXI CINEMATOGRÁFICA LTDA;05.279.756/0001-35
27/06/2016;27/06/2016 21:20:00;ME BEFORE YOU;COMO EU ERA ANTES DE VOCÊ;E1500875700000;ORIGINAL;SIM;ESTADOS UNIDOS;5002781;ILHA PLAZA 01;26;6000027;5348;16645;RIO DE JANEIRO;RJ;REDECINE - RIO CINEMATOGRAFICA S.A.;07.524.011/0001-10
27/06/2016;27/06/2016 21:20:00;TEENAGE MUTANT NINJA TURTLES: OUT OF THE SHADOWS;AS TARTARUGAS NINJA: FORA DAS SOMBRAS;E1600265600000;DUBLADO;NÃO;ESTADOS UNIDOS;5004487;ARAPIRACA BRA 05;30;6000027;22546;26037;ARAPIRACA;AL;REDECINE BRA CINEMATOGRÁFICA S.A.;15.422.993/0001-67
27/06/2016;27/06/2016 21:20:00;TEENAGE MUTANT NINJA TURTLES: OUT OF THE SHADOWS;AS TARTARUGAS NINJA: FORA DAS SOMBRAS;E1600265600000;DUBLADO;NÃO;ESTADOS UNIDOS;5003419;CINEMARK SHOPPING RAPOSO TAVARES 01;42;6000018;1843;20591;SÃO PAULO;SP;CINEMARK BRASIL S.A;00.779.721/0001-41
27/06/2016;27/06/2016 21:25:00;TEENAGE MUTANT NINJA TURTLES: OUT OF THE SHADOWS;AS TARTARUGAS NINJA: FORA DAS SOMBRAS;E1600265600000;DUBLADO;NÃO;ESTADOS UNIDOS;5001484;MOVIECOM MAXI 4;86;6000100;2912;2913;JUNDIAÍ;SP;MAXI CINEMATOGRÁFICA LTDA;05.279.756/0001-35
27/06/2016;27/06/2016 21:30:00;ME BEFORE YOU;COMO EU ERA ANTES DE VOCÊ;E1500875700000;DUBLADO;NÃO;ESTADOS UNIDOS;5004486;ARAPIRACA BRA 04;8;6000027;22546;26037;ARAPIRACA;AL;REDECINE BRA CINEMATOGRÁFICA S.A.;15.422.993/0001-67
27/06/2016;27/06/2016 21:30:00;ME BEFORE YOU;COMO EU ERA ANTES DE VOCÊ;E1500875700000;DUBLADO;NÃO;ESTADOS UNIDOS;5001482;MOVIECOM MAXI 3;81;6000100;2912;2913;JUNDIAÍ;SP;MAXI CINEMATOGRÁFICA LTDA;05.279.756/0001-35
27/06/2016;27/06/2016 21:30:00;NOW YOU SEE ME 2;TRUQUE DE MESTRE: O 2º ATO;E1700176500000;ORIGINAL;SIM;CANADÁ;5005003;CINESYSTEM AMERICAS 07;16;6000027;5348;28834;RIO DE JANEIRO;RJ;REDECINE - RIO CINEMATOGRAFICA S.A.;07.524.011/0001-10
27/06/2016;27/06/2016 21:30:00;THE CONJURING 2;INVOCAÇÃO DO MAL 2;E1600342300000;DUBLADO;NÃO;ESTADOS UNIDOS;5001626;CINESYSTEM SHOPPING TOTAL SALA 03;35;6000027;2375;6658;CURITIBA;PR;REDECINE CWB CINEMATOGRÁFICA LTDA;05.747.411/0001-69
27/06/2016;27/06/2016 21:35:00;INDEPENDENCE DAY RESURGENCE;INDEPENDENCE DAY- O RESSURGIMENTO;E1600182600000;DUBLADO;NÃO;ESTADOS UNIDOS;5001487;MOVIECOM MAXI 5;110;6000100;2912;2913;JUNDIAÍ;SP;MAXI CINEMATOGRÁFICA LTDA;05.279.756/0001-35
27/06/2016;27/06/2016 21:40:00;INDEPENDENCE DAY RESURGENCE;INDEPENDENCE DAY- O RESSURGIMENTO;E1600182600000;DUBLADO;NÃO;ESTADOS UNIDOS;5004483;ARAPIRACA BRA 01;32;6000027;22546;26037;ARAPIRACA;AL;REDECINE BRA CINEMATOGRÁFICA S.A.;15.422.993/0001-67
27/06/2016;27/06/2016 21:40:00;MAIS FORTE QUE O MUNDO - A HISTÓRIA DE JOSÉ ALDO;;B1600294500000;ORIGINAL;NÃO;BRASIL;5003422;CINEMARK SHOPPING RAPOSO TAVARES 04;37;6000018;1843;20591;SÃO PAULO;SP;CINEMARK BRASIL S.A;00.779.721/0001-41
27/06/2016;27/06/2016 21:40:00;MAIS FORTE QUE O MUNDO - A HISTÓRIA DE JOSÉ ALDO;;B1600294500000;DUBLADO;NÃO;BRASIL;5005001;CINESYSTEM AMERICAS 05;8;6000027;5348;28834;RIO DE JANEIRO;RJ;REDECINE - RIO CINEMATOGRAFICA S.A.;07.524.011/0001-10
27/06/2016;27/06/2016 21:40:00;ME BEFORE YOU;COMO EU ERA ANTES DE VOCÊ;E1500875700000;ORIGINAL;SIM;ESTADOS UNIDOS;5003087;CINESPAÇO FLORIANÓPOLIS 1;35;6000018;1014;19103;FLORIANÓPOLIS;SC;CIRCUITO ESPAÇO DE CINEMA S/A;03.695.435/0001-96
27/06/2016;27/06/2016 21:40:00;THE CONJURING 2;INVOCAÇÃO DO MAL 2;E1600342300000;DUBLADO;NÃO;ESTADOS UNIDOS;5001486;MOVIECOM MAXI 2;139;6000100;2912;2913;JUNDIAÍ;SP;MAXI CINEMATOGRÁFICA LTDA;05.279.756/0001-35
27/06/2016;27/06/2016 21:45:00;INDEPENDENCE DAY RESURGENCE;INDEPENDENCE DAY- O RESSURGIMENTO;E1600182600000;ORIGINAL;SIM;ESTADOS UNIDOS;5003371;ARAÚJO MULTIPLEX VIA VERDE 04;67;6000002;3103;20363;RIO BRANCO;AC;EMPRESA CINEMATOGRÁFICA ARAÇATUBA LTDA;03.519.995/0001-90
27/06/2016;27/06/2016 21:45:00;NOW YOU SEE ME: THE SECOND ACT;TRUQUE DE MESTRE 2;E1500269900000;DUBLADO;NÃO;ESTADOS UNIDOS;5001491;MOVIECOM MAXI 6;150;6000100;2912;2913;JUNDIAÍ;SP;MAXI CINEMATOGRÁFICA LTDA;05.279.756/0001-35
27/06/2016;27/06/2016 21:50:00;ALDO - MAIS FORTE QUE O MUNDO;;B1600785100000;DUBLADO;NÃO;BRASIL;5001628;CINESYSTEM SHOPPING TOTAL SALA 05;5;6000027;2375;6658;CURITIBA;PR;REDECINE CWB CINEMATOGRÁFICA LTDA;05.747.411/0001-69
27/06/2016;27/06/2016 21:50:00;INDEPENDENCE DAY RESURGENCE;INDEPENDENCE DAY- O RESSURGIMENTO;E1600182600000;ORIGINAL;SIM;ESTADOS UNIDOS;5005002;CINESYSTEM AMERICAS 06;10;6000027;5348;28834;RIO DE JANEIRO;RJ;REDECINE - RIO CINEMATOGRAFICA S.A.;07.524.011/0001-10
27/06/2016;27/06/2016 21:50:00;INDEPENDENCE DAY RESURGENCE;INDEPENDENCE DAY- O RESSURGIMENTO;E1600182600000;DUBLADO;NÃO;ESTADOS UNIDOS;5001493;MOVIECOM MAXI 7;16;6000100;2912;2913;JUNDIAÍ;SP;MAXI CINEMATOGRÁFICA LTDA;05.279.756/0001-35
27/06/2016;27/06/2016 21:50:00;ME BEFORE YOU;COMO EU ERA ANTES DE VOCÊ;E1500875700000;DUBLADO;NÃO;ESTADOS UNIDOS;5003421;CINEMARK SHOPPING RAPOSO TAVARES 03;31;6000018;1843;20591;SÃO PAULO;SP;CINEMARK BRASIL S.A;00.779.721/0001-41
27/06/2016;27/06/2016 21:50:00;THE CONJURING 2;INVOCAÇÃO DO MAL 2;E1600342300000;DUBLADO;NÃO;ESTADOS UNIDOS;5004485;ARAPIRACA BRA 03;24;6000027;22546;26037;ARAPIRACA;AL;REDECINE BRA CINEMATOGRÁFICA S.A.;15.422.993/0001-67
27/06/2016;27/06/2016 21:50:00;THE CONJURING 2;INVOCAÇÃO DO MAL 2;E1600342300000;DUBLADO;NÃO;ESTADOS UNIDOS;5005572;CINESYSTEM PAULISTA SALA 01;25;6000027;22546;33152;PAULISTA;PE;REDECINE BRA CINEMATOGRÁFICA S.A.;15.422.993/0001-67
27/06/2016;27/06/2016 22:00:00;INDEPENDENCE DAY RESURGENCE;INDEPENDENCE DAY- O RESSURGIMENTO;E1600182600000;DUBLADO;NÃO;ESTADOS UNIDOS;5001625;CINESYSTEM SHOPPING TOTAL SALA 02;28;6000027;2375;6658;CURITIBA;PR;REDECINE CWB CINEMATOGRÁFICA LTDA;05.747.411/0001-69
27/06/2016;27/06/2016 22:00:00;THE CONJURING 2;INVOCAÇÃO DO MAL 2;E1600342300000;ORIGINAL;SIM;ESTADOS UNIDOS;5005000;CINESYSTEM AMERICAS 04;6;6000027;5348;28834;RIO DE JANEIRO;RJ;REDECINE - RIO CINEMATOGRAFICA S.A.;07.524.011/0001-10
27/06/2016;27/06/2016 22:10:00;INDEPENDENCE DAY RESURGENCE;INDEPENDENCE DAY- O RESSURGIMENTO;E1600182600000;DUBLADO;NÃO;ESTADOS UNIDOS;5003423;CINEMARK SHOPPING RAPOSO TAVARES 05;20;6000018;1843;20591;SÃO PAULO;SP;CINEMARK BRASIL S.A;00.779.721/0001-41
28/06/2016;28/06/2016 10:00:00;ALICE THROUGH THE LOOKING GLASS;ALICE ATRAVÉS DO ESPELHO;E1600259100000;DUBLADO;NÃO;ESTADOS UNIDOS;5001486;MOVIECOM MAXI 2;57;6000100;2912;2913;JUNDIAÍ;SP;MAXI CINEMATOGRÁFICA LTDA;05.279.756/0001-35
28/06/2016;28/06/2016 12:50:00;TEENAGE MUTANT NINJA TURTLES: OUT OF THE SHADOWS;AS TARTARUGAS NINJA: FORA DAS SOMBRAS;E1600265600000;DUBLADO;NÃO;ESTADOS UNIDOS;5003424;CINEMARK SHOPPING RAPOSO TAVARES 06;7;6000018;1843;20591;SÃO PAULO;SP;CINEMARK BRASIL S.A;00.779.721/0001-41
28/06/2016;28/06/2016 13:00:00;INDEPENDENCE DAY RESURGENCE;INDEPENDENCE DAY- O RESSURGIMENTO;E1600182600000;DUBLADO;NÃO;ESTADOS UNIDOS;5003419;CINEMARK SHOPPING RAPOSO TAVARES 01;1;6000018;1843;20591;SÃO PAULO;SP;CINEMARK BRASIL S.A;00.779.721/0001-41
28/06/2016;28/06/2016 13:10:00;MAIS FORTE QUE O MUNDO - A HISTÓRIA DE JOSÉ ALDO;;B1600294500000;ORIGINAL;NÃO;BRASIL;5003422;CINEMARK SHOPPING RAPOSO TAVARES 04;3;6000018;1843;20591;SÃO PAULO;SP;CINEMARK BRASIL S.A;00.779.721/0001-41
28/06/2016;28/06/2016 13:15:00;THE CONJURING 2;INVOCAÇÃO DO MAL 2;E1600342300000;DUBLADO;NÃO;ESTADOS UNIDOS;5004442;SALA MACEIO 07;11;6000027;22546;25512;MACEIÓ;AL;REDECINE BRA CINEMATOGRÁFICA S.A.;15.422.993/0001-67
28/06/2016;28/06/2016 13:20:00;INDEPENDENCE DAY RESURGENCE;INDEPENDENCE DAY- O RESSURGIMENTO;E1600182600000;DUBLADO;NÃO;ESTADOS UNIDOS;5004488;ARAPIRACA BRA 06;8;6000027;22546;26037;ARAPIRACA;AL;REDECINE BRA CINEMATOGRÁFICA S.A.;15.422.993/0001-67
28/06/2016;28/06/2016 13:20:00;MAIS FORTE QUE O MUNDO - A HISTÓRIA DE JOSÉ ALDO;;B1600294500000;DUBLADO;NÃO;BRASIL;5004997;CINESYSTEM AMERICAS 01;4;6000027;5348;28834;RIO DE JANEIRO;RJ;REDECINE - RIO CINEMATOGRAFICA S.A.;07.524.011/0001-10
28/06/2016;28/06/2016 13:20:00;TEENAGE MUTANT NINJA TURTLES: OUT OF THE SHADOWS;AS TARTARUGAS NINJA: FORA DAS SOMBRAS;E1600265600000;DUBLADO;NÃO;ESTADOS UNIDOS;5002603;CINEMAS BENFICA - SALA 1;17;;15690;15691;FORTALEZA;CE;CINEMAS BENFICA LTDA;07.509.597/0001-43
28/06/2016;28/06/2016 13:25:00;NOW YOU SEE ME: THE SECOND ACT;TRUQUE DE MESTRE 2;E1500269900000;DUBLADO;NÃO;ESTADOS UNIDOS;5004484;ARAPIRACA BRA 02;8;6000027;22546;26037;ARAPIRACA;AL;REDECINE BRA CINEMATOGRÁFICA S.A.;15.422.993/0001-67
28/06/2016;28/06/2016 13:25:00;TEENAGE MUTANT NINJA TURTLES: OUT OF THE SHADOWS;AS TARTARUGAS NINJA: FORA DAS SOMBRAS;E1600265600000;DUBLADO;NÃO;ESTADOS UNIDOS;5004999;CINESYSTEM AMERICAS 03;10;6000027;5348;28834;RIO DE JANEIRO;RJ;REDECINE - RIO CINEMATOGRAFICA S.A.;07.524.011/0001-10
28/06/2016;28/06/2016 13:25:00;TEENAGE MUTANT NINJA TURTLES: OUT OF THE SHADOWS;AS TARTARUGAS NINJA: FORA DAS SOMBRAS;E1600265600000;DUBLADO;NÃO;ESTADOS UNIDOS;5004441;SALA MACEIO 08;17;6000027;22546;25512;MACEIÓ;AL;REDECINE BRA CINEMATOGRÁFICA S.A.;15.422.993/0001-67
28/06/2016;28/06/2016 13:25:00;THE CONJURING 2;INVOCAÇÃO DO MAL 2;E1600342300000;DUBLADO;NÃO;ESTADOS UNIDOS;5005572;CINESYSTEM PAULISTA SALA 01;11;6000027;22546;33152;PAULISTA;PE;REDECINE BRA CINEMATOGRÁFICA S.A.;15.422.993/0001-67
28/06/2016;28/06/2016 13:30:00;NOW YOU SEE ME 2;TRUQUE DE MESTRE: O 2º ATO;E1700176500000;ORIGINAL;SIM;CANADÁ;5005003;CINESYSTEM AMERICAS 07;5;6000027;5348;28834;RIO DE JANEIRO;RJ;REDECINE - RIO CINEMATOGRAFICA S.A.;07.524.011/0001-10
28/06/2016;28/06/2016 13:30:00;THE CONJURING 2;INVOCAÇÃO DO MAL 2;E1600342300000;DUBLADO;NÃO;ESTADOS UNIDOS;5004485;ARAPIRACA BRA 03;6;6000027;22546;26037;ARAPIRACA;AL;REDECINE BRA CINEMATOGRÁFICA S.A.;15.422.993/0001-67
28/06/2016;28/06/2016 13:30:00;THE CONJURING 2;INVOCAÇÃO DO MAL 2;E1600342300000;ORIGINAL;SIM;ESTADOS UNIDOS;5004543;CINEART PARAGEM 2;11;6000013;437;26527;BELO HORIZONTE;MG;DELTA FILMES LTDA;01.735.159/0001-17
28/06/2016;28/06/2016 13:35:00;O CASEIRO;;B1600227000000;DUBLADO;NÃO;BRASIL;5004448;SALA MACEIO 01;2;6000027;22546;25512;MACEIÓ;AL;REDECINE BRA CINEMATOGRÁFICA S.A.;15.422.993/0001-67
28/06/2016;28/06/2016 13:40:00;INDEPENDENCE DAY RESURGENCE;INDEPENDENCE DAY- O RESSURGIMENTO;E1600182600000;DUBLADO;NÃO;ESTADOS UNIDOS;5003423;CINEMARK SHOPPING RAPOSO TAVARES 05;8;6000018;1843;20591;SÃO PAULO;SP;CINEMARK BRASIL S.A;00.779.721/0001-41
28/06/2016;28/06/2016 13:40:00;MAIS FORTE QUE O MUNDO - A HISTÓRIA DE JOSÉ ALDO;;B1600294500000;DUBLADO;NÃO;BRASIL;5004443;SALA MACEIO 06;24;6000027;22546;25512;MACEIÓ;AL;REDECINE BRA CINEMATOGRÁFICA S.A.;15.422.993/0001-67
28/06/2016;28/06/2016 13:40:00;ME BEFORE YOU;COMO EU ERA ANTES DE VOCÊ;E1500875700000;ORIGINAL;SIM;ESTADOS UNIDOS;5004998;CINESYSTEM AMERICAS 02;20;6000027;5348;28834;RIO DE JANEIRO;RJ;REDECINE - RIO CINEMATOGRAFICA S.A.;07.524.011/0001-10
28/06/2016;28/06/2016 13:40:00;TEENAGE MUTANT NINJA TURTLES: OUT OF THE SHADOWS;AS TARTARUGAS NINJA: FORA DAS SOMBRAS;E1600265600000;DUBLADO;NÃO;ESTADOS UNIDOS;5004487;ARAPIRACA BRA 05;11;6000027;22546;26037;ARAPIRACA;AL;REDECINE BRA CINEMATOGRÁFICA S.A.;15.422.993/0001-67
28/06/2016;28/06/2016 13:45:00;THE CONJURING 2;INVOCAÇÃO DO MAL 2;E1600342300000;DUBLADO;NÃO;ESTADOS UNIDOS;5005000;CINESYSTEM AMERICAS 04;7;6000027;5348;28834;RIO DE JANEIRO;RJ;REDECINE - RIO CINEMATOGRAFICA S.A.;07.524.011/0001-10
28/06/2016;28/06/2016 13:50:00;ALICE THROUGH THE LOOKING GLASS;ALICE ATRAVÉS DO ESPELHO;E1600259100000;DUBLADO;NÃO;ESTADOS UNIDOS;5001626;CINESYSTEM SHOPPING TOTAL SALA 03;38;6000027;2375;6658;CURITIBA;PR;REDECINE CWB CINEMATOGRÁFICA LTDA;05.747.411/0001-69
28/06/2016;28/06/2016 13:50:00;INDEPENDENCE DAY RESURGENCE;INDEPENDENCE DAY- O RESSURGIMENTO;E1600182600000;ORIGINAL;SIM;ESTADOS UNIDOS;5004544;CINEART PARAGEM 3;18;6000013;437;26527;BELO HORIZONTE;MG;DELTA FILMES LTDA;01.735.159/0001-17
28/06/2016;28/06/2016 13:50:00;MAIS FORTE QUE O MUNDO - A HISTÓRIA DE JOSÉ ALDO;;B1600294500000;DUBLADO;NÃO;BRASIL;5005001;CINESYSTEM AMERICAS 05;14;6000027;5348;28834;RIO DE JANEIRO;RJ;REDECINE - RIO CINEMATOGRAFICA S.A.;07.524.011/0001-10
28/06/2016;28/06/2016 13:50:00;ME BEFORE YOU;COMO EU ERA ANTES DE VOCÊ;E1500875700000;DUBLADO;NÃO;ESTADOS UNIDOS;5005576;CINESYSTEM PAULISTA SALA 06;27;6000027;22546;33152;PAULISTA;PE;REDECINE BRA CINEMATOGRÁFICA S.A.;15.422.993/0001-67
28/06/2016;28/06/2016 13:50:00;NOW YOU SEE ME: THE SECOND ACT;TRUQUE DE MESTRE 2;E1500269900000;ORIGINAL;SIM;ESTADOS UNIDOS;5002781;ILHA PLAZA 01;30;6000027;5348;16645;RIO DE JANEIRO;RJ;REDECINE - RIO CINEMATOGRAFICA S.A.;07.524.011/0001-10
28/06/2016;28/06/2016 14:00:00;INDEPENDENCE DAY RESURGENCE;INDEPENDENCE DAY- O RESSURGIMENTO;E1600182600000;DUBLADO;NÃO;ESTADOS UNIDOS;5002062;AGUA VERDE 1;2;6000023;12893;12894;CURITIBA;PR;ESTILO PRODUÇÕES ARTISTICAS LTDA;03.293.165/0001-97
28/06/2016;28/06/2016 14:00:00;ME BEFORE YOU;COMO EU ERA ANTES DE VOCÊ;E1500875700000;DUBLADO;NÃO;ESTADOS UNIDOS;5003421;CINEMARK SHOPPING RAPOSO TAVARES 03;30;6000018;1843;20591;SÃO PAULO;SP;CINEMARK BRASIL S.A;00.779.721/0001-41
28/06/2016;28/06/2016 14:00:00;ME BEFORE YOU;COMO EU ERA ANTES DE VOCÊ;E1500875700000;DUBLADO;NÃO;ESTADOS UNIDOS;5001627;CINESYSTEM SHOPPING TOTAL SALA 04;17;6000027;2375;6658;CURITIBA;PR;REDECINE CWB CINEMATOGRÁFICA LTDA;05.747.411/0001-69
28/06/2016;28/06/2016 14:10:00;INDEPENDENCE DAY RESURGENCE;INDEPENDENCE DAY- O RESSURGIMENTO;E1600182600000;DUBLADO;NÃO;ESTADOS UNIDOS;5004483;ARAPIRACA BRA 01;22;6000027;22546;26037;ARAPIRACA;AL;REDECINE BRA CINEMATOGRÁFICA S.A.;15.422.993/0001-67
28/06/2016;28/06/2016 14:10:00;ME BEFORE YOU;COMO EU ERA ANTES DE VOCÊ;E1500875700000;DUBLADO;NÃO;ESTADOS UNIDOS;5004486;ARAPIRACA BRA 04;39;6000027;22546;26037;ARAPIRACA;AL;REDECINE BRA CINEMATOGRÁFICA S.A.;15.422.993/0001-67
28/06/2016;28/06/2016 14:10:00;ME BEFORE YOU;COMO EU ERA ANTES DE VOCÊ;E1500875700000;ORIGINAL;SIM;ESTADOS UNIDOS;5004542;CINEART PARAGEM 1;26;6000013;437;26527;BELO HORIZONTE;MG;DELTA FILMES LTDA;01.735.159/0001-17
28/06/2016;28/06/2016 14:10:00;TEENAGE MUTANT NINJA TURTLES: OUT OF THE SHADOWS;AS TARTARUGAS NINJA: FORA DAS SOMBRAS;E1600265600000;DUBLADO;NÃO;ESTADOS UNIDOS;5001624;CINESYSTEM SHOPPING TOTAL SALA 01;18;6000027;2375;6658;CURITIBA;PR;REDECINE CWB CINEMATOGRÁFICA LTDA;05.747.411/0001-69
28/06/2016;28/06/2016 14:10:00;THE CONJURING 2;INVOCAÇÃO DO MAL 2;E1600342300000;DUBLADO;NÃO;ESTADOS UNIDOS;5003425;CINEMARK SHOPPING RAPOSO TAVARES 07;15;6000018;1843;20591;SÃO PAULO;SP;CINEMARK BRASIL S.A;00.779.721/0001-41
28/06/2016;28/06/2016 14:20:00;ALDO - MAIS FORTE QUE O MUNDO;;B1600785100000;DUBLADO;NÃO;BRASIL;5001628;CINESYSTEM SHOPPING TOTAL SALA 05;5;6000027;2375;6658;CURITIBA;PR;REDECINE CWB CINEMATOGRÁFICA LTDA;05.747.411/0001-69
28/06/2016;28/06/2016 14:20:00;INDEPENDENCE DAY RESURGENCE;INDEPENDENCE DAY- O RESSURGIMENTO;E1600182600000;ORIGINAL;SIM;ESTADOS UNIDOS;5005002;CINESYSTEM AMERICAS 06;25;6000027;5348;28834;RIO DE JANEIRO;RJ;REDECINE - RIO CINEMATOGRAFICA S.A.;07.524.011/0001-10
28/06/2016;28/06/2016 14:20:00;TEENAGE MUTANT NINJA TURTLES: OUT OF THE SHADOWS;AS TARTARUGAS NINJA: FORA DAS SOMBRAS;E1600265600000;DUBLADO;NÃO;ESTADOS UNIDOS;5002063;AGUA VERDE 2;20;6000023;12893;12894;CURITIBA;PR;ESTILO PRODUÇÕES ARTISTICAS LTDA;03.293.165/0001-97
28/06/2016;28/06/2016 14:30:00;INDEPENDENCE DAY RESURGENCE;INDEPENDENCE DAY- O RESSURGIMENTO;E1600182600000;DUBLADO;NÃO;ESTADOS UNIDOS;5003369;ARAÚJO MULTIPLEX VIA VERDE 02;15;6000002;3103;20363;RIO BRANCO;AC;EMPRESA CINEMATOGRÁFICA ARAÇATUBA LTDA;03.519.995/0001-90
28/06/2016;28/06/2016 14:30:00;INDEPENDENCE DAY RESURGENCE;INDEPENDENCE DAY- O RESSURGIMENTO;E1600182600000;DUBLADO;NÃO;ESTADOS UNIDOS;5001625;CINESYSTEM SHOPPING TOTAL SALA 02;4;6000027;2375;6658;CURITIBA;PR;REDECINE CWB CINEMATOGRÁFICA LTDA;05.747.411/0001-69
28/06/2016;28/06/2016 14:30:00;ME BEFORE YOU;COMO EU ERA ANTES DE VOCÊ;E1500875700000;DUBLADO;NÃO;ESTADOS UNIDOS;5003900;SALA 3;29;6000002;3136;24148;SOROCABA;SP;MSA EMPRESA CINEMATOGRÁFICA LTDA;03.608.600/0001-25
28/06/2016;28/06/2016 14:30:00;NOW YOU SEE ME: THE SECOND ACT;TRUQUE DE MESTRE 2;E1500269900000;DUBLADO;NÃO;ESTADOS UNIDOS;5003420;CINEMARK SHOPPING RAPOSO TAVARES 02;21;6000018;1843;20591;SÃO PAULO;SP;CINEMARK BRASIL S.A;00.779.721/0001-41
28/06/2016;28/06/2016 14:40:00;ME BEFORE YOU;COMO EU ERA ANTES DE VOCÊ;E1500875700000;DUBLADO;NÃO;ESTADOS UNIDOS;5003087;CINESPAÇO FLORIANÓPOLIS 1;34;6000018;1014;19103;FLORIANÓPOLIS;SC;CIRCUITO ESPAÇO DE CINEMA S/A;03.695.435/0001-96
28/06/2016;28/06/2016 15:00:00;INDEPENDENCE DAY RESURGENCE;INDEPENDENCE DAY- O RESSURGIMENTO;E1600182600000;DUBLADO;NÃO;ESTADOS UNIDOS;5003371;ARAÚJO MULTIPLEX VIA VERDE 04;16;6000002;3103;20363;RIO BRANCO;AC;EMPRESA CINEMATOGRÁFICA ARAÇATUBA LTDA;03.519.995/0001-90
28/06/2016;28/06/2016 15:20:01;O CASEIRO;;B1600227000000;ORIGINAL;NÃO;BRASIL;5001491;MOVIECOM MAXI 6;20;6000100;2912;2913;JUNDIAÍ;SP;MAXI CINEMATOGRÁFICA LTDA;05.279.756/0001-35
28/06/2016;28/06/2016 15:25:00;TEENAGE MUTANT NINJA TURTLES: OUT OF THE SHADOWS;AS TARTARUGAS NINJA: FORA DAS SOMBRAS;E1600265600000;DUBLADO;NÃO;ESTADOS UNIDOS;5003424;CINEMARK SHOPPING RAPOSO TAVARES 06;21;6000018;1843;20591;SÃO PAULO;SP;CINEMARK BRASIL S.A;00.779.721/0001-41
28/06/2016;28/06/2016 15:30:00;O CASEIRO;;B1600227000000;DUBLADO;NÃO;BRASIL;5004448;SALA MACEIO 01;7;6000027;22546;25512;MACEIÓ;AL;REDECINE BRA CINEMATOGRÁFICA S.A.;15.422.993/0001-67
28/06/2016;28/06/2016 15:40:00;TEENAGE MUTANT NINJA TURTLES: OUT OF THE SHADOWS;AS TARTARUGAS NINJA: FORA DAS SOMBRAS;E1600265600000;DUBLADO;NÃO;ESTADOS UNIDOS;5002603;CINEMAS BENFICA - SALA 1;28;;15690;15691;FORTALEZA;CE;CINEMAS BENFICA LTDA;07.509.597/0001-43
28/06/2016;28/06/2016 15:50:00;INDEPENDENCE DAY RESURGENCE;INDEPENDENCE DAY- O RESSURGIMENTO;E1600182600000;DUBLADO;NÃO;ESTADOS UNIDOS;5004488;ARAPIRACA BRA 06;43;6000027;22546;26037;ARAPIRACA;AL;REDECINE BRA CINEMATOGRÁFICA S.A.;15.422.993/0001-67
28/06/2016;28/06/2016 15:50:00;INDEPENDENCE DAY RESURGENCE;INDEPENDENCE DAY- O RESSURGIMENTO;E1600182600000;DUBLADO;NÃO;ESTADOS UNIDOS;5003419;CINEMARK SHOPPING RAPOSO TAVARES 01;19;6000018;1843;20591;SÃO PAULO;SP;CINEMARK BRASIL S.A;00.779.721/0001-41
28/06/2016;28/06/2016 15:50:00;TEENAGE MUTANT NINJA TURTLES: OUT OF THE SHADOWS;AS TARTARUGAS NINJA: FORA DAS SOMBRAS;E1600265600000;DUBLADO;NÃO;ESTADOS UNIDOS;5004999;CINESYSTEM AMERICAS 03;6;6000027;5348;28834;RIO DE JANEIRO;RJ;REDECINE - RIO CINEMATOGRAFICA S.A.;07.524.011/0001-10
28/06/2016;28/06/2016 15:50:00;TEENAGE MUTANT NINJA TURTLES: OUT OF THE SHADOWS;AS TARTARUGAS NINJA: FORA DAS SOMBRAS;E1600265600000;DUBLADO;NÃO;ESTADOS UNIDOS;5004441;SALA MACEIO 08;82;6000027;22546;25512;MACEIÓ;AL;REDECINE BRA CINEMATOGRÁFICA S.A.;15.422.993/0001-67
28/06/2016;28/06/2016 16:00:00;MAIS FORTE QUE O MUNDO - A HISTÓRIA DE JOSÉ ALDO;;B1600294500000;ORIGINAL;NÃO;BRASIL;5003422;CINEMARK SHOPPING RAPOSO TAVARES 04;5;6000018;1843;20591;SÃO PAULO;SP;CINEMARK BRASIL S.A;00.779.721/0001-41
28/06/2016;28/06/2016 16:00:00;MAIS FORTE QUE O MUNDO - A HISTÓRIA DE JOSÉ ALDO;;B1600294500000;DUBLADO;NÃO;BRASIL;5003899;SALA 2;2;6000002;3136;24148;SOROCABA;SP;MSA EMPRESA CINEMATOGRÁFICA LTDA;03.608.600/0001-25
28/06/2016;28/06/2016 16:00:00;ME BEFORE YOU;COMO EU ERA ANTES DE VOCÊ;E1500875700000;DUBLADO;NÃO;ESTADOS UNIDOS;5004997;CINESYSTEM AMERICAS 01;25;6000027;5348;28834;RIO DE JANEIRO;RJ;REDECINE - RIO CINEMATOGRAFICA S.A.;07.524.011/0001-10
28/06/2016;28/06/2016 16:05:00;ME BEFORE YOU;COMO EU ERA ANTES DE VOCÊ;E1500875700000;DUBLADO;NÃO;ESTADOS UNIDOS;5004484;ARAPIRACA BRA 02;25;6000027;22546;26037;ARAPIRACA;AL;REDECINE BRA CINEMATOGRÁFICA S.A.;15.422.993/0001-67
28/06/2016;28/06/2016 16:05:00;NOW YOU SEE ME: THE SECOND ACT;TRUQUE DE MESTRE 2;E1500269900000;ORIGINAL;SIM;ESTADOS UNIDOS;5004543;CINEART PARAGEM 2;23;6000013;437;26527;BELO HORIZONTE;MG;DELTA FILMES LTDA;01.735.159/0001-17
28/06/2016;28/06/2016 16:10:00;INDEPENDENCE DAY RESURGENCE;INDEPENDENCE DAY- O RESSURGIMENTO;E1600182600000;ORIGINAL;SIM;ESTADOS UNIDOS;5004544;CINEART PARAGEM 3;28;6000013;437;26527;BELO HORIZONTE;MG;DELTA FILMES LTDA;01.735.159/0001-17
28/06/2016;28/06/2016 16:10:00;NOW YOU SEE ME 2;TRUQUE DE MESTRE: O 2º ATO;E1700176500000;ORIGINAL;SIM;CANADÁ;5005003;CINESYSTEM AMERICAS 07;26;6000027;5348;28834;RIO DE JANEIRO;RJ;REDECINE - RIO CINEMATOGRAFICA S.A.;07.524.011/0001-10
28/06/2016;28/06/2016 16:10:00;TEENAGE MUTANT NINJA TURTLES: OUT OF THE SHADOWS;AS TARTARUGAS NINJA: FORA DAS SOMBRAS;E1600265600000;DUBLADO;NÃO;ESTADOS UNIDOS;5004487;ARAPIRACA BRA 05;30;6000027;22546;26037;ARAPIRACA;AL;REDECINE BRA CINEMATOGRÁFICA S.A.;15.422.993/0001-67
28/06/2016;28/06/2016 16:10:00;THE CONJURING 2;INVOCAÇÃO DO MAL 2;E1600342300000;DUBLADO;NÃO;ESTADOS UNIDOS;5005572;CINESYSTEM PAULISTA SALA 01;64;6000027;22546;33152;PAULISTA;PE;REDECINE BRA CINEMATOGRÁFICA S.A.;15.422.993/0001-67
28/06/2016;28/06/2016 16:10:00;THE CONJURING 2;INVOCAÇÃO DO MAL 2;E1600342300000;DUBLADO;NÃO;ESTADOS UNIDOS;5001626;CINESYSTEM SHOPPING TOTAL SALA 03;31;6000027;2375;6658;CURITIBA;PR;REDECINE CWB CINEMATOGRÁFICA LTDA;05.747.411/0001-69
28/06/2016;28/06/2016 16:10:00;THE CONJURING 2;INVOCAÇÃO DO MAL 2;E1600342300000;ORIGINAL;SIM;ESTADOS UNIDOS;5004442;SALA MACEIO 07;25;6000027;22546;25512;MACEIÓ;AL;REDECINE BRA CINEMATOGRÁFICA S.A.;15.422.993/0001-67
28/06/2016;28/06/2016 16:15:00;MAIS FORTE QUE O MUNDO - A HISTÓRIA DE JOSÉ ALDO;;B1600294500000;DUBLADO;NÃO;BRASIL;5004443;SALA MACEIO 06;30;6000027;22546;25512;MACEIÓ;AL;REDECINE BRA CINEMATOGRÁFICA S.A.;15.422.993/0001-67
28/06/2016;28/06/2016 16:20:00;INDEPENDENCE DAY RESURGENCE;INDEPENDENCE DAY- O RESSURGIMENTO;E1600182600000;DUBLADO;NÃO;ESTADOS UNIDOS;5002062;AGUA VERDE 1;11;6000023;12893;12894;CURITIBA;PR;ESTILO PRODUÇÕES ARTISTICAS LTDA;03.293.165/0001-97
28/06/2016;28/06/2016 16:20:00;MAIS FORTE QUE O MUNDO - A HISTÓRIA DE JOSÉ ALDO;;B1600294500000;ORIGINAL;NÃO;BRASIL;5000921;MOVIECOM MAXI 1;11;6000100;2912;2913;JUNDIAÍ;SP;MAXI CINEMATOGRÁFICA LTDA;05.279.756/0001-35
28/06/2016;28/06/2016 16:20:00;ME BEFORE YOU;COMO EU ERA ANTES DE VOCÊ;E1500875700000;ORIGINAL;SIM;ESTADOS UNIDOS;5004998;CINESYSTEM AMERICAS 02;22;6000027;5348;28834;RIO DE JANEIRO;RJ;REDECINE - RIO CINEMATOGRAFICA S.A.;07.524.011/0001-10
28/06/2016;28/06/2016 16:20:00;ME BEFORE YOU;COMO EU ERA ANTES DE VOCÊ;E1500875700000;DUBLADO;NÃO;ESTADOS UNIDOS;5005576;CINESYSTEM PAULISTA SALA 06;47;6000027;22546;33152;PAULISTA;PE;REDECINE BRA CINEMATOGRÁFICA S.A.;15.422.993/0001-67
28/06/2016;28/06/2016 16:20:00;ME BEFORE YOU;COMO EU ERA ANTES DE VOCÊ;E1500875700000;DUBLADO;NÃO;ESTADOS UNIDOS;5001627;CINESYSTEM SHOPPING TOTAL SALA 04;28;6000027;2375;6658;CURITIBA;PR;REDECINE CWB CINEMATOGRÁFICA LTDA;05.747.411/0001-69
28/06/2016;28/06/2016 16:20:00;THE CONJURING 2;INVOCAÇÃO DO MAL 2;E1600342300000;DUBLADO;NÃO;ESTADOS UNIDOS;5004485;ARAPIRACA BRA 03;32;6000027;22546;26037;ARAPIRACA;AL;REDECINE BRA CINEMATOGRÁFICA S.A.;15.422.993/0001-67
28/06/2016;28/06/2016 16:20:00;THE CONJURING 2;INVOCAÇÃO DO MAL 2;E1600342300000;DUBLADO;NÃO;ESTADOS UNIDOS;5001486;MOVIECOM MAXI 2;46;6000100;2912;2913;JUNDIAÍ;SP;MAXI CINEMATOGRÁFICA LTDA;05.279.756/0001-35
28/06/2016;28/06/2016 16:25:00;MAIS FORTE QUE O MUNDO - A HISTÓRIA DE JOSÉ ALDO;;B1600294500000;DUBLADO;NÃO;BRASIL;5005001;CINESYSTEM AMERICAS 05;21;6000027;5348;28834;RIO DE JANEIRO;RJ;REDECINE - RIO CINEMATOGRAFICA S.A.;07.524.011/0001-10
28/06/2016;28/06/2016 16:25:00;ME BEFORE YOU;COMO EU ERA ANTES DE VOCÊ;E1500875700000;ORIGINAL;SIM;ESTADOS UNIDOS;5004542;CINEART PARAGEM 1;27;6000013;437;26527;BELO HORIZONTE;MG;DELTA FILMES LTDA;01.735.159/0001-17
28/06/2016;28/06/2016 16:30:00;ALICE THROUGH THE LOOKING GLASS;ALICE ATRAVÉS DO ESPELHO;E1600259100000;DUBLADO;NÃO;ESTADOS UNIDOS;5001493;MOVIECOM MAXI 7;63;6000100;2912;2913;JUNDIAÍ;SP;MAXI CINEMATOGRÁFICA LTDA;05.279.756/0001-35
28/06/2016;28/06/2016 16:30:00;INDEPENDENCE DAY RESURGENCE;INDEPENDENCE DAY- O RESSURGIMENTO;E1600182600000;DUBLADO;NÃO;ESTADOS UNIDOS;5003423;CINEMARK SHOPPING RAPOSO TAVARES 05;9;6000018;1843;20591;SÃO PAULO;SP;CINEMARK BRASIL S.A;00.779.721/0001-41
28/06/2016;28/06/2016 16:30:00;INDEPENDENCE DAY RESURGENCE;INDEPENDENCE DAY- O RESSURGIMENTO;E1600182600000;DUBLADO;NÃO;ESTADOS UNIDOS;5001624;CINESYSTEM SHOPPING TOTAL SALA 01;14;6000027;2375;6658;CURITIBA;PR;REDECINE CWB CINEMATOGRÁFICA LTDA;05.747.411/0001-69
28/06/2016;28/06/2016 16:30:00;ME BEFORE YOU;COMO EU ERA ANTES DE VOCÊ;E1500875700000;DUBLADO;NÃO;ESTADOS UNIDOS;5004486;ARAPIRACA BRA 04;17;6000027;22546;26037;ARAPIRACA;AL;REDECINE BRA CINEMATOGRÁFICA S.A.;15.422.993/0001-67
28/06/2016;28/06/2016 16:30:00;TEENAGE MUTANT NINJA TURTLES: OUT OF THE SHADOWS;AS TARTARUGAS NINJA: FORA DAS SOMBRAS;E1600265600000;DUBLADO;NÃO;ESTADOS UNIDOS;5002063;AGUA VERDE 2;4;6000023;12893;12894;CURITIBA;PR;ESTILO PRODUÇÕES ARTISTICAS LTDA;03.293.165/0001-97
28/06/2016;28/06/2016 16:30:00;THE CONJURING 2;INVOCAÇÃO DO MAL 2;E1600342300000;ORIGINAL;SIM;ESTADOS UNIDOS;5005000;CINESYSTEM AMERICAS 04;2;6000027;5348;28834;RIO DE JANEIRO;RJ;REDECINE - RIO CINEMATOGRAFICA S.A.;07.524.011/0001-10
28/06/2016;28/06/2016 16:40:00;INDEPENDENCE DAY RESURGENCE;INDEPENDENCE DAY- O RESSURGIMENTO;E1600182600000;DUBLADO;NÃO;ESTADOS UNIDOS;5004483;ARAPIRACA BRA 01;16;6000027;22546;26037;ARAPIRACA;AL;REDECINE BRA CINEMATOGRÁFICA S.A.;15.422.993/0001-67
28/06/2016;28/06/2016 16:40:00;INDEPENDENCE DAY RESURGENCE;INDEPENDENCE DAY- O RESSURGIMENTO;E1600182600000;DUBLADO;NÃO;ESTADOS UNIDOS;5001487;MOVIECOM MAXI 5;27;6000100;2912;2913;JUNDIAÍ;SP;MAXI CINEMATOGRÁFICA LTDA;05.279.756/0001-35
28/06/2016;28/06/2016 16:40:00;ME BEFORE YOU;COMO EU ERA ANTES DE VOCÊ;E1500875700000;DUBLADO;NÃO;ESTADOS UNIDOS;5003421;CINEMARK SHOPPING RAPOSO TAVARES 03;39;6000018;1843;20591;SÃO PAULO;SP;CINEMARK BRASIL S.A;00.779.721/0001-41
28/06/2016;28/06/2016 16:40:00;ME BEFORE YOU;COMO EU ERA ANTES DE VOCÊ;E1500875700000;DUBLADO;NÃO;ESTADOS UNIDOS;5002781;ILHA PLAZA 01;123;6000027;5348;16645;RIO DE JANEIRO;RJ;REDECINE - RIO CINEMATOGRAFICA S.A.;07.524.011/0001-10
28/06/2016;28/06/2016 16:45:00;INDEPENDENCE DAY RESURGENCE;INDEPENDENCE DAY- O RESSURGIMENTO;E1600182600000;DUBLADO;NÃO;ESTADOS UNIDOS;5003369;ARAÚJO MULTIPLEX VIA VERDE 02;26;6000002;3103;20363;RIO BRANCO;AC;EMPRESA CINEMATOGRÁFICA ARAÇATUBA LTDA;03.519.995/0001-90
28/06/2016;28/06/2016 16:45:00;ME BEFORE YOU;COMO EU ERA ANTES DE VOCÊ;E1500875700000;DUBLADO;NÃO;ESTADOS UNIDOS;5003900;SALA 3;12;6000002;3136;24148;SOROCABA;SP;MSA EMPRESA CINEMATOGRÁFICA LTDA;03.608.600/0001-25
28/06/2016;28/06/2016 16:45:00;TEENAGE MUTANT NINJA TURTLES: OUT OF THE SHADOWS;AS TARTARUGAS NINJA: FORA DAS SOMBRAS;E1600265600000;DUBLADO;NÃO;ESTADOS UNIDOS;5001484;MOVIECOM MAXI 4;25;6000100;2912;2913;JUNDIAÍ;SP;MAXI CINEMATOGRÁFICA LTDA;05.279.756/0001-35
28/06/2016;28/06/2016 16:50:00;ALDO - MAIS FORTE QUE O MUNDO;;B1600785100000;DUBLADO;NÃO;BRASIL;5001628;CINESYSTEM SHOPPING TOTAL SALA 05;2;6000027;2375;6658;CURITIBA;PR;REDECINE CWB CINEMATOGRÁFICA LTDA;05.747.411/0001-69
28/06/2016;28/06/2016 16:50:00;INDEPENDENCE DAY RESURGENCE;INDEPENDENCE DAY- O RESSURGIMENTO;E1600182600000;ORIGINAL;SIM;ESTADOS UNIDOS;5005002;CINESYSTEM AMERICAS 06;24;6000027;5348;28834;RIO DE JANEIRO;RJ;REDECINE - RIO CINEMATOGRAFICA S.A.;07.524.011/0001-10
28/06/2016;28/06/2016 17:00:00;INDEPENDENCE DAY RESURGENCE;INDEPENDENCE DAY- O RESSURGIMENTO;E1600182600000;ORIGINAL;SIM;ESTADOS UNIDOS;5001625;CINESYSTEM SHOPPING TOTAL SALA 02;4;6000027;2375;6658;CURITIBA;PR;REDECINE CWB CINEMATOGRÁFICA LTDA;05.747.411/0001-69
28/06/2016;28/06/2016 17:00:00;ME BEFORE YOU;COMO EU ERA ANTES DE VOCÊ;E1500875700000;ORIGINAL;SIM;ESTADOS UNIDOS;5003087;CINESPAÇO FLORIANÓPOLIS 1;49;6000018;1014;19103;FLORIANÓPOLIS;SC;CIRCUITO ESPAÇO DE CINEMA S/A;03.695.435/0001-96
28/06/2016;28/06/2016 17:00:00;ME BEFORE YOU;COMO EU ERA ANTES DE VOCÊ;E1500875700000;DUBLADO;NÃO;ESTADOS UNIDOS;5001482;MOVIECOM MAXI 3;75;6000100;2912;2913;JUNDIAÍ;SP;MAXI CINEMATOGRÁFICA LTDA;05.279.756/0001-35
28/06/2016;28/06/2016 17:10:00;THE CONJURING 2;INVOCAÇÃO DO MAL 2;E1600342300000;DUBLADO;NÃO;ESTADOS UNIDOS;5003425;CINEMARK SHOPPING RAPOSO TAVARES 07;12;6000018;1843;20591;SÃO PAULO;SP;CINEMARK BRASIL S.A;00.779.721/0001-41
28/06/2016;28/06/2016 17:15:00;INDEPENDENCE DAY RESURGENCE;INDEPENDENCE DAY- O RESSURGIMENTO;E1600182600000;DUBLADO;NÃO;ESTADOS UNIDOS;5003371;ARAÚJO MULTIPLEX VIA VERDE 04;22;6000002;3103;20363;RIO BRANCO;AC;EMPRESA CINEMATOGRÁFICA ARAÇATUBA LTDA;03.519.995/0001-90
28/06/2016;28/06/2016 17:15:00;NOW YOU SEE ME: THE SECOND ACT;TRUQUE DE MESTRE 2;E1500269900000;DUBLADO;NÃO;ESTADOS UNIDOS;5001491;MOVIECOM MAXI 6;37;6000100;2912;2913;JUNDIAÍ;SP;MAXI CINEMATOGRÁFICA LTDA;05.279.756/0001-35
28/06/2016;28/06/2016 17:25:00;NOW YOU SEE ME: THE SECOND ACT;TRUQUE DE MESTRE 2;E1500269900000;ORIGINAL;SIM;ESTADOS UNIDOS;5004448;SALA MACEIO 01;38;6000027;22546;25512;MACEIÓ;AL;REDECINE BRA CINEMATOGRÁFICA S.A.;15.422.993/0001-67
28/06/2016;28/06/2016 17:30:00;NOW YOU SEE ME: THE SECOND ACT;TRUQUE DE MESTRE 2;E1500269900000;DUBLADO;NÃO;ESTADOS UNIDOS;5003420;CINEMARK SHOPPING RAPOSO TAVARES 02;30;6000018;1843;20591;SÃO PAULO;SP;CINEMARK BRASIL S.A;00.779.721/0001-41
28/06/2016;28/06/2016 17:55:00;TEENAGE MUTANT NINJA TURTLES: OUT OF THE SHADOWS;AS TARTARUGAS NINJA: FORA DAS SOMBRAS;E1600265600000;DUBLADO;NÃO;ESTADOS UNIDOS;5002603;CINEMAS BENFICA - SALA 1;24;;15690;15691;FORTALEZA;CE;CINEMAS BENFICA LTDA;07.509.597/0001-43
28/06/2016;28/06/2016 18:00:00;INDEPENDENCE DAY RESURGENCE;INDEPENDENCE DAY- O RESSURGIMENTO;E1600182600000;DUBLADO;NÃO;ESTADOS UNIDOS;5003424;CINEMARK SHOPPING RAPOSO TAVARES 06;12;6000018;1843;20591;SÃO PAULO;SP;CINEMARK BRASIL S.A;00.779.721/0001-41
28/06/2016;28/06/2016 18:15:00;INDEPENDENCE DAY RESURGENCE;INDEPENDENCE DAY- O RESSURGIMENTO;E1600182600000;DUBLADO;NÃO;ESTADOS UNIDOS;5004999;CINESYSTEM AMERICAS 03;40;6000027;5348;28834;RIO DE JANEIRO;RJ;REDECINE - RIO CINEMATOGRAFICA S.A.;07.524.011/0001-10
28/06/2016;28/06/2016 18:15:00;TEENAGE MUTANT NINJA TURTLES: OUT OF THE SHADOWS;AS TARTARUGAS NINJA: FORA DAS SOMBRAS;E1600265600000;DUBLADO;NÃO;ESTADOS UNIDOS;5004441;SALA MACEIO 08;40;6000027;22546;25512;MACEIÓ;AL;REDECINE BRA CINEMATOGRÁFICA S.A.;15.422.993/0001-67
28/06/2016;28/06/2016 18:20:00;INDEPENDENCE DAY RESURGENCE;INDEPENDENCE DAY- O RESSURGIMENTO;E1600182600000;DUBLADO;NÃO;ESTADOS UNIDOS;5004488;ARAPIRACA BRA 06;18;6000027;22546;26037;ARAPIRACA;AL;REDECINE BRA CINEMATOGRÁFICA S.A.;15.422.993/0001-67
28/06/2016;28/06/2016 18:30:00;INDEPENDENCE DAY RESURGENCE;INDEPENDENCE DAY- O RESSURGIMENTO;E1600182600000;ORIGINAL;SIM;ESTADOS UNIDOS;5004544;CINEART PARAGEM 3;32;6000013;437;26527;BELO HORIZONTE;MG;DELTA FILMES LTDA;01.735.159/0001-17
28/06/2016;28/06/2016 18:30:00;MAIS FORTE QUE O MUNDO - A HISTÓRIA DE JOSÉ ALDO;;B1600294500000;DUBLADO;NÃO;BRASIL;5003899;SALA 2;9;6000002;3136;24148;SOROCABA;SP;MSA EMPRESA CINEMATOGRÁFICA LTDA;03.608.600/0001-25
28/06/2016;28/06/2016 18:30:00;NOW YOU SEE ME: THE SECOND ACT;TRUQUE DE MESTRE 2;E1500269900000;DUBLADO;NÃO;ESTADOS UNIDOS;5004484;ARAPIRACA BRA 02;45;6000027;22546;26037;ARAPIRACA;AL;REDECINE BRA CINEMATOGRÁFICA S.A.;15.422.993/0001-67
28/06/2016;28/06/2016 18:30:00;TEENAGE MUTANT NINJA TURTLES: OUT OF THE SHADOWS;AS TARTARUGAS NINJA: FORA DAS SOMBRAS;E1600265600000;DUBLADO;NÃO;ESTADOS UNIDOS;5004997;CINESYSTEM AMERICAS 01;41;6000027;5348;28834;RIO DE JANEIRO;RJ;REDECINE - RIO CINEMATOGRAFICA S.A.;07.524.011/0001-10
28/06/2016;28/06/2016 18:30:00;THE CONJURING 2;INVOCAÇÃO DO MAL 2;E1600342300000;ORIGINAL;SIM;ESTADOS UNIDOS;5004543;CINEART PARAGEM 2;57;6000013;437;26527;BELO HORIZONTE;MG;DELTA FILMES LTDA;01.735.159/0001-17
28/06/2016;28/06/2016 18:40:00;ME BEFORE YOU;COMO EU ERA ANTES DE VOCÊ;E1500875700000;ORIGINAL;SIM;ESTADOS UNIDOS;5004542;CINEART PARAGEM 1;104;6000013;437;26527;BELO HORIZONTE;MG;DELTA FILMES LTDA;01.735.159/0001-17
28/06/2016;28/06/2016 18:40:00;ME BEFORE YOU;COMO EU ERA ANTES DE VOCÊ;E1500875700000;ORIGINAL;SIM;ESTADOS UNIDOS;5004998;CINESYSTEM AMERICAS 02;41;6000027;5348;28834;RIO DE JANEIRO;RJ;REDECINE - RIO CINEMATOGRAFICA S.A.;07.524.011/0001-10
28/06/2016;28/06/2016 18:40:00;ME BEFORE YOU;COMO EU ERA ANTES DE VOCÊ;E1500875700000;DUBLADO;NÃO;ESTADOS UNIDOS;5005576;CINESYSTEM PAULISTA SALA 06;65;6000027;22546;33152;PAULISTA;PE;REDECINE BRA CINEMATOGRÁFICA S.A.;15.422.993/0001-67
28/06/2016;28/06/2016 18:40:00;ME BEFORE YOU;COMO EU ERA ANTES DE VOCÊ;E1500875700000;DUBLADO;NÃO;ESTADOS UNIDOS;5001627;CINESYSTEM SHOPPING TOTAL SALA 04;105;6000027;2375;6658;CURITIBA;PR;REDECINE CWB CINEMATOGRÁFICA LTDA;05.747.411/0001-69
28/06/2016;28/06/2016 18:40:00;TEENAGE MUTANT NINJA TURTLES: OUT OF THE SHADOWS;AS TARTARUGAS NINJA: FORA DAS SOMBRAS;E1600265600000;DUBLADO;NÃO;ESTADOS UNIDOS;5002063;AGUA VERDE 2;30;6000023;12893;12894;CURITIBA;PR;ESTILO PRODUÇÕES ARTISTICAS LTDA;03.293.165/0001-97
28/06/2016;28/06/2016 18:40:00;TEENAGE MUTANT NINJA TURTLES: OUT OF THE SHADOWS;AS TARTARUGAS NINJA: FORA DAS SOMBRAS;E1600265600000;DUBLADO;NÃO;ESTADOS UNIDOS;5004487;ARAPIRACA BRA 05;32;6000027;22546;26037;ARAPIRACA;AL;REDECINE BRA CINEMATOGRÁFICA S.A.;15.422.993/0001-67
28/06/2016;28/06/2016 18:40:00;TEENAGE MUTANT NINJA TURTLES: OUT OF THE SHADOWS;AS TARTARUGAS NINJA: FORA DAS SOMBRAS;E1600265600000;DUBLADO;NÃO;ESTADOS UNIDOS;5003419;CINEMARK SHOPPING RAPOSO TAVARES 01;42;6000018;1843;20591;SÃO PAULO;SP;CINEMARK BRASIL S.A;00.779.721/0001-41
28/06/2016;28/06/2016 18:45:00;INDEPENDENCE DAY RESURGENCE;INDEPENDENCE DAY- O RESSURGIMENTO;E1600182600000;DUBLADO;NÃO;ESTADOS UNIDOS;5002062;AGUA VERDE 1;23;6000023;12893;12894;CURITIBA;PR;ESTILO PRODUÇÕES ARTISTICAS LTDA;03.293.165/0001-97
28/06/2016;28/06/2016 18:50:00;MAIS FORTE QUE O MUNDO - A HISTÓRIA DE JOSÉ ALDO;;B1600294500000;ORIGINAL;NÃO;BRASIL;5003422;CINEMARK SHOPPING RAPOSO TAVARES 04;11;6000018;1843;20591;SÃO PAULO;SP;CINEMARK BRASIL S.A;00.779.721/0001-41
28/06/2016;28/06/2016 18:50:00;MAIS FORTE QUE O MUNDO - A HISTÓRIA DE JOSÉ ALDO;;B1600294500000;ORIGINAL;NÃO;BRASIL;5000921;MOVIECOM MAXI 1;14;6000100;2912;2913;JUNDIAÍ;SP;MAXI CINEMATOGRÁFICA LTDA;05.279.756/0001-35
28/06/2016;28/06/2016 18:50:00;MAIS FORTE QUE O MUNDO - A HISTÓRIA DE JOSÉ ALDO;;B1600294500000;DUBLADO;NÃO;BRASIL;5004443;SALA MACEIO 06;32;6000027;22546;25512;MACEIÓ;AL;REDECINE BRA CINEMATOGRÁFICA S.A.;15.422.993/0001-67
28/06/2016;28/06/2016 18:50:00;ME BEFORE YOU;COMO EU ERA ANTES DE VOCÊ;E1500875700000;DUBLADO;NÃO;ESTADOS UNIDOS;5004486;ARAPIRACA BRA 04;86;6000027;22546;26037;ARAPIRACA;AL;REDECINE BRA CINEMATOGRÁFICA S.A.;15.422.993/0001-67
28/06/2016;28/06/2016 18:50:00;NOW YOU SEE ME 2;TRUQUE DE MESTRE: O 2º ATO;E1700176500000;ORIGINAL;SIM;CANADÁ;5005003;CINESYSTEM AMERICAS 07;50;6000027;5348;28834;RIO DE JANEIRO;RJ;REDECINE - RIO CINEMATOGRAFICA S.A.;07.524.011/0001-10
28/06/2016;28/06/2016 18:50:00;THE CONJURING 2;INVOCAÇÃO DO MAL 2;E1600342300000;DUBLADO;NÃO;ESTADOS UNIDOS;5001626;CINESYSTEM SHOPPING TOTAL SALA 03;59;6000027;2375;6658;CURITIBA;PR;REDECINE CWB CINEMATOGRÁFICA LTDA;05.747.411/0001-69
28/06/2016;28/06/2016 18:55:00;X-MEN: APOCALYPSE;X-MEN - APOCALIPSE;E1600181600000;DUBLADO;NÃO;ESTADOS UNIDOS;5001493;MOVIECOM MAXI 7;41;6000100;2912;2913;JUNDIAÍ;SP;MAXI CINEMATOGRÁFICA LTDA;05.279.756/0001-35
28/06/2016;28/06/2016 19:00:00;INDEPENDENCE DAY RESURGENCE;INDEPENDENCE DAY- O RESSURGIMENTO;E1600182600000;DUBLADO;NÃO;ESTADOS UNIDOS;5003369;ARAÚJO MULTIPLEX VIA VERDE 02;194;6000002;3103;20363;RIO BRANCO;AC;EMPRESA CINEMATOGRÁFICA ARAÇATUBA LTDA;03.519.995/0001-90
28/06/2016;28/06/2016 19:00:00;MAIS FORTE QUE O MUNDO - A HISTÓRIA DE JOSÉ ALDO;;B1600294500000;DUBLADO;NÃO;BRASIL;5005001;CINESYSTEM AMERICAS 05;51;6000027;5348;28834;RIO DE JANEIRO;RJ;REDECINE - RIO CINEMATOGRAFICA S.A.;07.524.011/0001-10
28/06/2016;28/06/2016 19:00:00;ME BEFORE YOU;COMO EU ERA ANTES DE VOCÊ;E1500875700000;ORIGINAL;SIM;ESTADOS UNIDOS;5002781;ILHA PLAZA 01;162;6000027;5348;16645;RIO DE JANEIRO;RJ;REDECINE - RIO CINEMATOGRAFICA S.A.;07.524.011/0001-10
28/06/2016;28/06/2016 19:00:00;ME BEFORE YOU;COMO EU ERA ANTES DE VOCÊ;E1500875700000;DUBLADO;NÃO;ESTADOS UNIDOS;5003900;SALA 3;161;6000002;3136;24148;SOROCABA;SP;MSA EMPRESA CINEMATOGRÁFICA LTDA;03.608.600/0001-25
28/06/2016;28/06/2016 19:00:00;TEENAGE MUTANT NINJA TURTLES: OUT OF THE SHADOWS;AS TARTARUGAS NINJA: FORA DAS SOMBRAS;E1600265600000;DUBLADO;NÃO;ESTADOS UNIDOS;5001624;CINESYSTEM SHOPPING TOTAL SALA 01;41;6000027;2375;6658;CURITIBA;PR;REDECINE CWB CINEMATOGRÁFICA LTDA;05.747.411/0001-69
28/06/2016;28/06/2016 19:00:00;THE CONJURING 2;INVOCAÇÃO DO MAL 2;E1600342300000;DUBLADO;NÃO;ESTADOS UNIDOS;5004485;ARAPIRACA BRA 03;31;6000027;22546;26037;ARAPIRACA;AL;REDECINE BRA CINEMATOGRÁFICA S.A.;15.422.993/0001-67
28/06/2016;28/06/2016 19:00:00;THE CONJURING 2;INVOCAÇÃO DO MAL 2;E1600342300000;DUBLADO;NÃO;ESTADOS UNIDOS;5001486;MOVIECOM MAXI 2;81;6000100;2912;2913;JUNDIAÍ;SP;MAXI CINEMATOGRÁFICA LTDA;05.279.756/0001-35
28/06/2016;28/06/2016 19:00:00;THE CONJURING 2;INVOCAÇÃO DO MAL 2;E1600342300000;DUBLADO;NÃO;ESTADOS UNIDOS;5004442;SALA MACEIO 07;51;6000027;22546;25512;MACEIÓ;AL;REDECINE BRA CINEMATOGRÁFICA S.A.;15.422.993/0001-67
28/06/2016;28/06/2016 19:05:00;TEENAGE MUTANT NINJA TURTLES: OUT OF THE SHADOWS;AS TARTARUGAS NINJA: FORA DAS SOMBRAS;E1600265600000;DUBLADO;NÃO;ESTADOS UNIDOS;5001484;MOVIECOM MAXI 4;68;6000100;2912;2913;JUNDIAÍ;SP;MAXI CINEMATOGRÁFICA LTDA;05.279.756/0001-35
28/06/2016;28/06/2016 19:10:00;INDEPENDENCE DAY RESURGENCE;INDEPENDENCE DAY- O RESSURGIMENTO;E1600182600000;DUBLADO;NÃO;ESTADOS UNIDOS;5004483;ARAPIRACA BRA 01;71;6000027;22546;26037;ARAPIRACA;AL;REDECINE BRA CINEMATOGRÁFICA S.A.;15.422.993/0001-67
28/06/2016;28/06/2016 19:10:00;INDEPENDENCE DAY RESURGENCE;INDEPENDENCE DAY- O RESSURGIMENTO;E1600182600000;DUBLADO;NÃO;ESTADOS UNIDOS;5001487;MOVIECOM MAXI 5;93;6000100;2912;2913;JUNDIAÍ;SP;MAXI CINEMATOGRÁFICA LTDA;05.279.756/0001-35
28/06/2016;28/06/2016 19:10:00;ME BEFORE YOU;COMO EU ERA ANTES DE VOCÊ;E1500875700000;DUBLADO;NÃO;ESTADOS UNIDOS;5003421;CINEMARK SHOPPING RAPOSO TAVARES 03;66;6000018;1843;20591;SÃO PAULO;SP;CINEMARK BRASIL S.A;00.779.721/0001-41
28/06/2016;28/06/2016 19:10:00;THE CONJURING 2;INVOCAÇÃO DO MAL 2;E1600342300000;ORIGINAL;SIM;ESTADOS UNIDOS;5005000;CINESYSTEM AMERICAS 04;34;6000027;5348;28834;RIO DE JANEIRO;RJ;REDECINE - RIO CINEMATOGRAFICA S.A.;07.524.011/0001-10
28/06/2016;28/06/2016 19:10:00;THE CONJURING 2;INVOCAÇÃO DO MAL 2;E1600342300000;DUBLADO;NÃO;ESTADOS UNIDOS;5005572;CINESYSTEM PAULISTA SALA 01;64;6000027;22546;33152;PAULISTA;PE;REDECINE BRA CINEMATOGRÁFICA S.A.;15.422.993/0001-67
28/06/2016;28/06/2016 19:15:00;ME BEFORE YOU;COMO EU ERA ANTES DE VOCÊ;E1500875700000;DUBLADO;NÃO;ESTADOS UNIDOS;5001482;MOVIECOM MAXI 3;205;6000100;2912;2913;JUNDIAÍ;SP;MAXI CINEMATOGRÁFICA LTDA;05.279.756/0001-35
28/06/2016;28/06/2016 19:20:00;ALDO - MAIS FORTE QUE O MUNDO;;B1600785100000;DUBLADO;NÃO;BRASIL;5001628;CINESYSTEM SHOPPING TOTAL SALA 05;32;6000027;2375;6658;CURITIBA;PR;REDECINE CWB CINEMATOGRÁFICA LTDA;05.747.411/0001-69
28/06/2016;28/06/2016 19:20:00;INDEPENDENCE DAY RESURGENCE;INDEPENDENCE DAY- O RESSURGIMENTO;E1600182600000;ORIGINAL;SIM;ESTADOS UNIDOS;5005002;CINESYSTEM AMERICAS 06;70;6000027;5348;28834;RIO DE JANEIRO;RJ;REDECINE - RIO CINEMATOGRAFICA S.A.;07.524.011/0001-10
28/06/2016;28/06/2016 19:20:00;ME BEFORE YOU;COMO EU ERA ANTES DE VOCÊ;E1500875700000;ORIGINAL;SIM;ESTADOS UNIDOS;5003087;CINESPAÇO FLORIANÓPOLIS 1;130;6000018;1014;19103;FLORIANÓPOLIS;SC;CIRCUITO ESPAÇO DE CINEMA S/A;03.695.435/0001-96
28/06/2016;28/06/2016 19:25:00;INDEPENDENCE DAY RESURGENCE;INDEPENDENCE DAY- O RESSURGIMENTO;E1600182600000;DUBLADO;NÃO;ESTADOS UNIDOS;5003423;CINEMARK SHOPPING RAPOSO TAVARES 05;26;6000018;1843;20591;SÃO PAULO;SP;CINEMARK BRASIL S.A;00.779.721/0001-41
28/06/2016;28/06/2016 19:30:00;INDEPENDENCE DAY RESURGENCE;INDEPENDENCE DAY- O RESSURGIMENTO;E1600182600000;DUBLADO;NÃO;ESTADOS UNIDOS;5003371;ARAÚJO MULTIPLEX VIA VERDE 04;170;6000002;3103;20363;RIO BRANCO;AC;EMPRESA CINEMATOGRÁFICA ARAÇATUBA LTDA;03.519.995/0001-90
28/06/2016;28/06/2016 19:30:00;INDEPENDENCE DAY RESURGENCE;INDEPENDENCE DAY- O RESSURGIMENTO;E1600182600000;DUBLADO;NÃO;ESTADOS UNIDOS;5001625;CINESYSTEM SHOPPING TOTAL SALA 02;39;6000027;2375;6658;CURITIBA;PR;REDECINE CWB CINEMATOGRÁFICA LTDA;05.747.411/0001-69
28/06/2016;28/06/2016 19:50:01;O CASEIRO;;B1600227000000;ORIGINAL;NÃO;BRASIL;5001491;MOVIECOM MAXI 6;33;6000100;2912;2913;JUNDIAÍ;SP;MAXI CINEMATOGRÁFICA LTDA;05.279.756/0001-35
28/06/2016;28/06/2016 20:05:00;O CASEIRO;;B1600227000000;DUBLADO;NÃO;BRASIL;5004448;SALA MACEIO 01;14;6000027;22546;25512;MACEIÓ;AL;REDECINE BRA CINEMATOGRÁFICA S.A.;15.422.993/0001-67
28/06/2016;28/06/2016 20:10:00;TEENAGE MUTANT NINJA TURTLES: OUT OF THE SHADOWS;AS TARTARUGAS NINJA: FORA DAS SOMBRAS;E1600265600000;DUBLADO;NÃO;ESTADOS UNIDOS;5002603;CINEMAS BENFICA - SALA 1;36;;15690;15691;FORTALEZA;CE;CINEMAS BENFICA LTDA;07.509.597/0001-43
28/06/2016;28/06/2016 20:10:00;THE CONJURING 2;INVOCAÇÃO DO MAL 2;E1600342300000;DUBLADO;NÃO;ESTADOS UNIDOS;5003425;CINEMARK SHOPPING RAPOSO TAVARES 07;40;6000018;1843;20591;SÃO PAULO;SP;CINEMARK BRASIL S.A;00.779.721/0001-41
28/06/2016;28/06/2016 20:30:00;NOW YOU SEE ME: THE SECOND ACT;TRUQUE DE MESTRE 2;E1500269900000;DUBLADO;NÃO;ESTADOS UNIDOS;5003420;CINEMARK SHOPPING RAPOSO TAVARES 02;83;6000018;1843;20591;SÃO PAULO;SP;CINEMARK BRASIL S.A;00.779.721/0001-41
28/06/2016;28/06/2016 20:40:00;TEENAGE MUTANT NINJA TURTLES: OUT OF THE SHADOWS;AS TARTARUGAS NINJA: FORA DAS SOMBRAS;E1600265600000;DUBLADO;NÃO;ESTADOS UNIDOS;5004441;SALA MACEIO 08;33;6000027;22546;25512;MACEIÓ;AL;REDECINE BRA CINEMATOGRÁFICA S.A.;15.422.993/0001-67
28/06/2016;28/06/2016 20:50:00;INDEPENDENCE DAY RESURGENCE;INDEPENDENCE DAY- O RESSURGIMENTO;E1600182600000;DUBLADO;NÃO;ESTADOS UNIDOS;5004488;ARAPIRACA BRA 06;60;6000027;22546;26037;ARAPIRACA;AL;REDECINE BRA CINEMATOGRÁFICA S.A.;15.422.993/0001-67
28/06/2016;28/06/2016 20:50:00;INDEPENDENCE DAY RESURGENCE;INDEPENDENCE DAY- O RESSURGIMENTO;E1600182600000;ORIGINAL;SIM;ESTADOS UNIDOS;5004544;CINEART PARAGEM 3;46;6000013;437;26527;BELO HORIZONTE;MG;DELTA FILMES LTDA;01.735.159/0001-17
28/06/2016;28/06/2016 20:50:00;INDEPENDENCE DAY RESURGENCE;INDEPENDENCE DAY- O RESSURGIMENTO;E1600182600000;DUBLADO;NÃO;ESTADOS UNIDOS;5003424;CINEMARK SHOPPING RAPOSO TAVARES 06;41;6000018;1843;20591;SÃO PAULO;SP;CINEMARK BRASIL S.A;00.779.721/0001-41
28/06/2016;28/06/2016 20:50:00;INDEPENDENCE DAY RESURGENCE;INDEPENDENCE DAY- O RESSURGIMENTO;E1600182600000;DUBLADO;NÃO;ESTADOS UNIDOS;5004999;CINESYSTEM AMERICAS 03;38;6000027;5348;28834;RIO DE JANEIRO;RJ;REDECINE - RIO CINEMATOGRAFICA S.A.;07.524.011/0001-10
28/06/2016;28/06/2016 20:50:00;TEENAGE MUTANT NINJA TURTLES: OUT OF THE SHADOWS;AS TARTARUGAS NINJA: FORA DAS SOMBRAS;E1600265600000;DUBLADO;NÃO;ESTADOS UNIDOS;5002063;AGUA VERDE 2;31;6000023;12893;12894;CURITIBA;PR;ESTILO PRODUÇÕES ARTISTICAS LTDA;03.293.165/0001-97
28/06/2016;28/06/2016 21:00:00;INDEPENDENCE DAY RESURGENCE;INDEPENDENCE DAY- O RESSURGIMENTO;E1600182600000;DUBLADO;NÃO;ESTADOS UNIDOS;5002062;AGUA VERDE 1;29;6000023;12893;12894;CURITIBA;PR;ESTILO PRODUÇÕES ARTISTICAS LTDA;03.293.165/0001-97
28/06/2016;28/06/2016 21:00:00;MAIS FORTE QUE O MUNDO - A HISTÓRIA DE JOSÉ ALDO;;B1600294500000;DUBLADO;NÃO;BRASIL;5003899;SALA 2;4;6000002;3136;24148;SOROCABA;SP;MSA EMPRESA CINEMATOGRÁFICA LTDA;03.608.600/0001-25
28/06/2016;28/06/2016 21:00:00;ME BEFORE YOU;COMO EU ERA ANTES DE VOCÊ;E1500875700000;ORIGINAL;SIM;ESTADOS UNIDOS;5004542;CINEART PARAGEM 1;79;6000013;437;26527;BELO HORIZONTE;MG;DELTA FILMES LTDA;01.735.159/0001-17
28/06/2016;28/06/2016 21:00:00;ME BEFORE YOU;COMO EU ERA ANTES DE VOCÊ;E1500875700000;ORIGINAL;SIM;ESTADOS UNIDOS;5004998;CINESYSTEM AMERICAS 02;50;6000027;5348;28834;RIO DE JANEIRO;RJ;REDECINE - RIO CINEMATOGRAFICA S.A.;07.524.011/0001-10
28/06/2016;28/06/2016 21:00:00;ME BEFORE YOU;COMO EU ERA ANTES DE VOCÊ;E1500875700000;DUBLADO;NÃO;ESTADOS UNIDOS;5001627;CINESYSTEM SHOPPING TOTAL SALA 04;90;6000027;2375;6658;CURITIBA;PR;REDECINE CWB CINEMATOGRÁFICA LTDA;05.747.411/0001-69
28/06/2016;28/06/2016 21:05:00;NOW YOU SEE ME: THE SECOND ACT;TRUQUE DE MESTRE 2;E1500269900000;ORIGINAL;SIM;ESTADOS UNIDOS;5004543;CINEART PARAGEM 2;40;6000013;437;26527;BELO HORIZONTE;MG;DELTA FILMES LTDA;01.735.159/0001-17
28/06/2016;28/06/2016 21:10:00;MAIS FORTE QUE O MUNDO - A HISTÓRIA DE JOSÉ ALDO;;B1600294500000;DUBLADO;NÃO;BRASIL;5004997;CINESYSTEM AMERICAS 01;32;6000027;5348;28834;RIO DE JANEIRO;RJ;REDECINE - RIO CINEMATOGRAFICA S.A.;07.524.011/0001-10
28/06/2016;28/06/2016 21:10:00;ME BEFORE YOU;COMO EU ERA ANTES DE VOCÊ;E1500875700000;DUBLADO;NÃO;ESTADOS UNIDOS;5004484;ARAPIRACA BRA 02;37;6000027;22546;26037;ARAPIRACA;AL;REDECINE BRA CINEMATOGRÁFICA S.A.;15.422.993/0001-67
28/06/2016;28/06/2016 21:10:00;ME BEFORE YOU;COMO EU ERA ANTES DE VOCÊ;E1500875700000;DUBLADO;NÃO;ESTADOS UNIDOS;5005576;CINESYSTEM PAULISTA SALA 06;24;6000027;22546;33152;PAULISTA;PE;REDECINE BRA CINEMATOGRÁFICA S.A.;15.422.993/0001-67
28/06/2016;28/06/2016 21:15:00;INDEPENDENCE DAY RESURGENCE;INDEPENDENCE DAY- O RESSURGIMENTO;E1600182600000;DUBLADO;NÃO;ESTADOS UNIDOS;5003369;ARAÚJO MULTIPLEX VIA VERDE 02;167;6000002;3103;20363;RIO BRANCO;AC;EMPRESA CINEMATOGRÁFICA ARAÇATUBA LTDA;03.519.995/0001-90
28/06/2016;28/06/2016 21:15:00;ME BEFORE YOU;COMO EU ERA ANTES DE VOCÊ;E1500875700000;DUBLADO;NÃO;ESTADOS UNIDOS;5003900;SALA 3;102;6000002;3136;24148;SOROCABA;SP;MSA EMPRESA CINEMATOGRÁFICA LTDA;03.608.600/0001-25
28/06/2016;28/06/2016 21:20:00;INDEPENDENCE DAY RESURGENCE;INDEPENDENCE DAY- O RESSURGIMENTO;E1600182600000;DUBLADO;NÃO;ESTADOS UNIDOS;5001624;CINESYSTEM SHOPPING TOTAL SALA 01;28;6000027;2375;6658;CURITIBA;PR;REDECINE CWB CINEMATOGRÁFICA LTDA;05.747.411/0001-69
28/06/2016;28/06/2016 21:20:00;MAIS FORTE QUE O MUNDO - A HISTÓRIA DE JOSÉ ALDO;;B1600294500000;ORIGINAL;NÃO;BRASIL;5000921;MOVIECOM MAXI 1;37;6000100;2912;2913;JUNDIAÍ;SP;MAXI CINEMATOGRÁFICA LTDA;05.279.756/0001-35
28/06/2016;28/06/2016 21:20:00;ME BEFORE YOU;COMO EU ERA ANTES DE VOCÊ;E1500875700000;ORIGINAL;SIM;ESTADOS UNIDOS;5002781;ILHA PLAZA 01;94;6000027;5348;16645;RIO DE JANEIRO;RJ;REDECINE - RIO CINEMATOGRAFICA S.A.;07.524.011/0001-10
28/06/2016;28/06/2016 21:20:00;TEENAGE MUTANT NINJA TURTLES: OUT OF THE SHADOWS;AS TARTARUGAS NINJA: FORA DAS SOMBRAS;E1600265600000;DUBLADO;NÃO;ESTADOS UNIDOS;5004487;ARAPIRACA BRA 05;62;6000027;22546;26037;ARAPIRACA;AL;REDECINE BRA CINEMATOGRÁFICA S.A.;15.422.993/0001-67
28/06/2016;28/06/2016 21:20:00;TEENAGE MUTANT NINJA TURTLES: OUT OF THE SHADOWS;AS TARTARUGAS NINJA: FORA DAS SOMBRAS;E1600265600000;DUBLADO;NÃO;ESTADOS UNIDOS;5003419;CINEMARK SHOPPING RAPOSO TAVARES 01;19;6000018;1843;20591;SÃO PAULO;SP;CINEMARK BRASIL S.A;00.779.721/0001-41
28/06/2016;28/06/2016 21:25:00;TEENAGE MUTANT NINJA TURTLES: OUT OF THE SHADOWS;AS TARTARUGAS NINJA: FORA DAS SOMBRAS;E1600265600000;DUBLADO;NÃO;ESTADOS UNIDOS;5001484;MOVIECOM MAXI 4;49;6000100;2912;2913;JUNDIAÍ;SP;MAXI CINEMATOGRÁFICA LTDA;05.279.756/0001-35
28/06/2016;28/06/2016 21:30:00;MAIS FORTE QUE O MUNDO - A HISTÓRIA DE JOSÉ ALDO;;B1600294500000;DUBLADO;NÃO;BRASIL;5004443;SALA MACEIO 06;49;6000027;22546;25512;MACEIÓ;AL;REDECINE BRA CINEMATOGRÁFICA S.A.;15.422.993/0001-67
28/06/2016;28/06/2016 21:30:00;ME BEFORE YOU;COMO EU ERA ANTES DE VOCÊ;E1500875700000;DUBLADO;NÃO;ESTADOS UNIDOS;5004486;ARAPIRACA BRA 04;40;6000027;22546;26037;ARAPIRACA;AL;REDECINE BRA CINEMATOGRÁFICA S.A.;15.422.993/0001-67
28/06/2016;28/06/2016 21:30:00;ME BEFORE YOU;COMO EU ERA ANTES DE VOCÊ;E1500875700000;DUBLADO;NÃO;ESTADOS UNIDOS;5001482;MOVIECOM MAXI 3;58;6000100;2912;2913;JUNDIAÍ;SP;MAXI CINEMATOGRÁFICA LTDA;05.279.756/0001-35
28/06/2016;28/06/2016 21:30:00;NOW YOU SEE ME 2;TRUQUE DE MESTRE: O 2º ATO;E1700176500000;ORIGINAL;SIM;CANADÁ;5005003;CINESYSTEM AMERICAS 07;22;6000027;5348;28834;RIO DE JANEIRO;RJ;REDECINE - RIO CINEMATOGRAFICA S.A.;07.524.011/0001-10
28/06/2016;28/06/2016 21:30:00;THE CONJURING 2;INVOCAÇÃO DO MAL 2;E1600342300000;DUBLADO;NÃO;ESTADOS UNIDOS;5001626;CINESYSTEM SHOPPING TOTAL SALA 03;52;6000027;2375;6658;CURITIBA;PR;REDECINE CWB CINEMATOGRÁFICA LTDA;05.747.411/0001-69
28/06/2016;28/06/2016 21:35:00;INDEPENDENCE DAY RESURGENCE;INDEPENDENCE DAY- O RESSURGIMENTO;E1600182600000;DUBLADO;NÃO;ESTADOS UNIDOS;5001487;MOVIECOM MAXI 5;42;6000100;2912;2913;JUNDIAÍ;SP;MAXI CINEMATOGRÁFICA LTDA;05.279.756/0001-35
28/06/2016;28/06/2016 21:40:00;INDEPENDENCE DAY RESURGENCE;INDEPENDENCE DAY- O RESSURGIMENTO;E1600182600000;DUBLADO;NÃO;ESTADOS UNIDOS;5004483;ARAPIRACA BRA 01;30;6000027;22546;26037;ARAPIRACA;AL;REDECINE BRA CINEMATOGRÁFICA S.A.;15.422.993/0001-67
28/06/2016;28/06/2016 21:40:00;MAIS FORTE QUE O MUNDO - A HISTÓRIA DE JOSÉ ALDO;;B1600294500000;ORIGINAL;NÃO;BRASIL;5003422;CINEMARK SHOPPING RAPOSO TAVARES 04;21;6000018;1843;20591;SÃO PAULO;SP;CINEMARK BRASIL S.A;00.779.721/0001-41
28/06/2016;28/06/2016 21:40:00;MAIS FORTE QUE O MUNDO - A HISTÓRIA DE JOSÉ ALDO;;B1600294500000;DUBLADO;NÃO;BRASIL;5005001;CINESYSTEM AMERICAS 05;26;6000027;5348;28834;RIO DE JANEIRO;RJ;REDECINE - RIO CINEMATOGRAFICA S.A.;07.524.011/0001-10
28/06/2016;28/06/2016 21:40:00;ME BEFORE YOU;COMO EU ERA ANTES DE VOCÊ;E1500875700000;ORIGINAL;SIM;ESTADOS UNIDOS;5003087;CINESPAÇO FLORIANÓPOLIS 1;31;6000018;1014;19103;FLORIANÓPOLIS;SC;CIRCUITO ESPAÇO DE CINEMA S/A;03.695.435/0001-96
28/06/2016;28/06/2016 21:40:00;THE CONJURING 2;INVOCAÇÃO DO MAL 2;E1600342300000;DUBLADO;NÃO;ESTADOS UNIDOS;5001486;MOVIECOM MAXI 2;84;6000100;2912;2913;JUNDIAÍ;SP;MAXI CINEMATOGRÁFICA LTDA;05.279.756/0001-35
28/06/2016;28/06/2016 21:45:00;INDEPENDENCE DAY RESURGENCE;INDEPENDENCE DAY- O RESSURGIMENTO;E1600182600000;ORIGINAL;SIM;ESTADOS UNIDOS;5003371;ARAÚJO MULTIPLEX VIA VERDE 04;33;6000002;3103;20363;RIO BRANCO;AC;EMPRESA CINEMATOGRÁFICA ARAÇATUBA LTDA;03.519.995/0001-90
28/06/2016;28/06/2016 21:45:00;NOW YOU SEE ME: THE SECOND ACT;TRUQUE DE MESTRE 2;E1500269900000;DUBLADO;NÃO;ESTADOS UNIDOS;5001491;MOVIECOM MAXI 6;53;6000100;2912;2913;JUNDIAÍ;SP;MAXI CINEMATOGRÁFICA LTDA;05.279.756/0001-35
28/06/2016;28/06/2016 21:50:00;ALDO - MAIS FORTE QUE O MUNDO;;B1600785100000;DUBLADO;NÃO;BRASIL;5001628;CINESYSTEM SHOPPING TOTAL SALA 05;10;6000027;2375;6658;CURITIBA;PR;REDECINE CWB CINEMATOGRÁFICA LTDA;05.747.411/0001-69
28/06/2016;28/06/2016 21:50:00;INDEPENDENCE DAY RESURGENCE;INDEPENDENCE DAY- O RESSURGIMENTO;E1600182600000;ORIGINAL;SIM;ESTADOS UNIDOS;5005002;CINESYSTEM AMERICAS 06;22;6000027;5348;28834;RIO DE JANEIRO;RJ;REDECINE - RIO CINEMATOGRAFICA S.A.;07.524.011/0001-10
28/06/2016;28/06/2016 21:50:00;INDEPENDENCE DAY RESURGENCE;INDEPENDENCE DAY- O RESSURGIMENTO;E1600182600000;DUBLADO;NÃO;ESTADOS UNIDOS;5001493;MOVIECOM MAXI 7;2;6000100;2912;2913;JUNDIAÍ;SP;MAXI CINEMATOGRÁFICA LTDA;05.279.756/0001-35
28/06/2016;28/06/2016 21:50:00;ME BEFORE YOU;COMO EU ERA ANTES DE VOCÊ;E1500875700000;DUBLADO;NÃO;ESTADOS UNIDOS;5003421;CINEMARK SHOPPING RAPOSO TAVARES 03;26;6000018;1843;20591;SÃO PAULO;SP;CINEMARK BRASIL S.A;00.779.721/0001-41
28/06/2016;28/06/2016 21:50:00;THE CONJURING 2;INVOCAÇÃO DO MAL 2;E1600342300000;DUBLADO;NÃO;ESTADOS UNIDOS;5004485;ARAPIRACA BRA 03;38;6000027;22546;26037;ARAPIRACA;AL;REDECINE BRA CINEMATOGRÁFICA S.A.;15.422.993/0001-67
28/06/2016;28/06/2016 21:50:00;THE CONJURING 2;INVOCAÇÃO DO MAL 2;E1600342300000;DUBLADO;NÃO;ESTADOS UNIDOS;5005572;CINESYSTEM PAULISTA SALA 01;21;6000027;22546;33152;PAULISTA;PE;REDECINE BRA CINEMATOGRÁFICA S.A.;15.422.993/0001-67
28/06/2016;28/06/2016 21:50:00;THE CONJURING 2;INVOCAÇÃO DO MAL 2;E1600342300000;ORIGINAL;SIM;ESTADOS UNIDOS;5004442;SALA MACEIO 07;58;6000027;22546;25512;MACEIÓ;AL;REDECINE BRA CINEMATOGRÁFICA S.A.;15.422.993/0001-67
28/06/2016;28/06/2016 22:00:00;INDEPENDENCE DAY RESURGENCE;INDEPENDENCE DAY- O RESSURGIMENTO;E1600182600000;DUBLADO;NÃO;ESTADOS UNIDOS;5001625;CINESYSTEM SHOPPING TOTAL SALA 02;17;6000027;2375;6658;CURITIBA;PR;REDECINE CWB CINEMATOGRÁFICA LTDA;05.747.411/0001-69
28/06/2016;28/06/2016 22:00:00;THE CONJURING 2;INVOCAÇÃO DO MAL 2;E1600342300000;ORIGINAL;SIM;ESTADOS UNIDOS;5005000;CINESYSTEM AMERICAS 04;25;6000027;5348;28834;RIO DE JANEIRO;RJ;REDECINE - RIO CINEMATOGRAFICA S.A.;07.524.011/0001-10
28/06/2016;28/06/2016 22:05:00;NOW YOU SEE ME: THE SECOND ACT;TRUQUE DE MESTRE 2;E1500269900000;ORIGINAL;SIM;ESTADOS UNIDOS;5004448;SALA MACEIO 01;42;6000027;22546;25512;MACEIÓ;AL;REDECINE BRA CINEMATOGRÁFICA S.A.;15.422.993/0001-67
28/06/2016;28/06/2016 22:10:00;INDEPENDENCE DAY RESURGENCE;INDEPENDENCE DAY- O RESSURGIMENTO;E1600182600000;DUBLADO;NÃO;ESTADOS UNIDOS;5003423;CINEMARK SHOPPING RAPOSO TAVARES 05;6;6000018;1843;20591;SÃO PAULO;SP;CINEMARK BRASIL S.A;00.779.721/0001-41
