DATA_EXIBICAO;SESSAO;TITULO_ORIGINAL;TITULO_BRASIL;CPB_ROE;AUDIO;LEGENDADA;PAIS_OBRA;REGISTRO_SALA;NOME_SALA;PUBLICO;REGISTRO_GRUPO_EXIBIDOR;REGISTRO_EXIBIDOR;REGISTRO_COMPLEXO;MUNICIPIO_SALA_COMPLEXO;UF_SALA_COMPLEXO;RAZAO_SOCIAL_EXIBIDORA;CNPJ_EXIBIDORA
01/09/2020;01/09/2020 13:00:00;ONWARD;DOIS IRMÃOS: UMA JORNADA FANTÁSTICA;E1900366400000;DUBLADO;NÃO;ESTADOS UNIDOS;5004879;CIRCUITO CINEMAS PBAS- SALA 01;0;6000028;15568;27873;PARAUAPEBAS;PA;CIRCUITO ENTRETENIMENTO E CINEMAS LTDA;08.068.712/0001-54
01/09/2020;01/09/2020 13:30:00;EL ROBO DEL SIGLO;O ROUBO DO SÉCULO;E2000030900000;ORIGINAL;SIM;ARGENTINA;5004881;CIRCUITO CINEMAS PBAS- SALA 03;0;6000028;15568;27873;PARAUAPEBAS;PA;CIRCUITO ENTRETENIMENTO E CINEMAS LTDA;08.068.712/0001-54
01/09/2020;01/09/2020 13:40:00;ONWARD;DOIS IRMÃOS: UMA JORNADA FANTÁSTICA;E1900366400000;DUBLADO;NÃO;ESTADOS UNIDOS;5005307;CINEFLIX VÁRZEA GRANDE SHOPPING - SALA 4;2;6000014;24534;31101;VÁRZEA GRANDE;MT;REDECINE BSB CINEMATOGRÁFICA LTDA;18.087.870/0001-05
01/09/2020;01/09/2020 14:00:00;BLOODSHOT;BLOODSHOT;E1900579400000;DUBLADO;NÃO;ESTADOS UNIDOS;5004880;CIRCUITO CINEMAS PBAS- SALA 02;0;6000028;15568;27873;PARAUAPEBAS;PA;CIRCUITO ENTRETENIMENTO E CINEMAS LTDA;08.068.712/0001-54
01/09/2020;01/09/2020 14:20:00;THE SECRET: DARE TO DREAM;O SEGREDO: OUSE SONHAR;E2000080600000;DUBLADO;NÃO;ESTADOS UNIDOS;5005308;CINEFLIX VÁRZEA GRANDE SHOPPING - SALA 5;0;6000014;24534;31101;VÁRZEA GRANDE;MT;REDECINE BSB CINEMATOGRÁFICA LTDA;18.087.870/0001-05
01/09/2020;01/09/2020 14:30:00;SONIC THE HEDGEHOG;SONIC - O FILME;E2000012200000;DUBLADO;NÃO;CANADÁ;5004882;CIRCUITO CINEMAS PBAS- SALA 04;2;6000028;15568;27873;PARAUAPEBAS;PA;CIRCUITO ENTRETENIMENTO E CINEMAS LTDA;08.068.712/0001-54
01/09/2020;01/09/2020 14:30:00;SONIC THE HEDGEHOG;SONIC - O FILME;E2000012200000;DUBLADO;NÃO;CANADÁ;5002726;SALA CINE PLAYARTE MANAUARA 06;16;6000049;260;16356;MANAUS;AM;PLAYARTE CINEMAS LTDA.;60.434.149/0001-00
01/09/2020;01/09/2020 14:50:00;THE SECRET: DARE TO DREAM;O SEGREDO: OUSE SONHAR;E2000080600000;ORIGINAL;SIM;ESTADOS UNIDOS;5002727;SALA CINE PLAYARTE MANAUARA 04;6;6000049;260;16356;MANAUS;AM;PLAYARTE CINEMAS LTDA.;60.434.149/0001-00
01/09/2020;01/09/2020 14:55:00;JOHN WICK 3: PARABELLUM;JOHN WICK 3: PARABELLUM;E1900126300000;DUBLADO;NÃO;ESTADOS UNIDOS;5005306;CINEFLIX VÁRZEA GRANDE SHOPPING - SALA 3;5;6000014;24534;31101;VÁRZEA GRANDE;MT;REDECINE BSB CINEMATOGRÁFICA LTDA;18.087.870/0001-05
01/09/2020;01/09/2020 15:10:00;KNIVES OUT;ENTRE FACAS E SEGREDOS;E1900395500000;DUBLADO;NÃO;ESTADOS UNIDOS;5005305;CINEFLIX VÁRZEA GRANDE SHOPPING - SALA 2;0;6000014;24534;31101;VÁRZEA GRANDE;MT;REDECINE BSB CINEMATOGRÁFICA LTDA;18.087.870/0001-05
01/09/2020;01/09/2020 15:20:00;BLOODSHOT;BLOODSHOT;E1900579400000;DUBLADO;NÃO;ESTADOS UNIDOS;5002723;SALA CINE PLAYARTE MANAUARA 03;2;6000049;260;16356;MANAUS;AM;PLAYARTE CINEMAS LTDA.;60.434.149/0001-00
01/09/2020;01/09/2020 15:20:00;THE SECRET: DARE TO DREAM;O SEGREDO: OUSE SONHAR;E2000080600000;DUBLADO;NÃO;ESTADOS UNIDOS;5001149;CINE PORTO;0;;2351;2352;UBATUBA;SP;CINEMATOGRÁFICA LITORAL NORTE LTDA-EPP;04.165.613/0001-30
01/09/2020;01/09/2020 15:25:00;EL ROBO DEL SIGLO;O ROUBO DO SÉCULO;E2000030900000;ORIGINAL;SIM;ARGENTINA;5005304;CINEFLIX VÁRZEA GRANDE SHOPPING - SALA 1;1;6000014;24534;31101;VÁRZEA GRANDE;MT;REDECINE BSB CINEMATOGRÁFICA LTDA;18.087.870/0001-05
01/09/2020;01/09/2020 15:25:00;EL ROBO DEL SIGLO;O ROUBO DO SÉCULO;E2000030900000;ORIGINAL;SIM;ARGENTINA;5002722;SALA CINE PLAYARTE MANAUARA 07;4;6000049;260;16356;MANAUS;AM;PLAYARTE CINEMAS LTDA.;60.434.149/0001-00
01/09/2020;01/09/2020 15:30:00;ONWARD;DOIS IRMÃOS: UMA JORNADA FANTÁSTICA;E1900366400000;DUBLADO;NÃO;ESTADOS UNIDOS;5004879;CIRCUITO CINEMAS PBAS- SALA 01;5;6000028;15568;27873;PARAUAPEBAS;PA;CIRCUITO ENTRETENIMENTO E CINEMAS LTDA;08.068.712/0001-54
01/09/2020;01/09/2020 15:40:00;THE SECRET: DARE TO DREAM;O SEGREDO: OUSE SONHAR;E2000080600000;DUBLADO;NÃO;ESTADOS UNIDOS;5005309;CINEFLIX VÁRZEA GRANDE SHOPPING - SALA 6;3;6000014;24534;31101;VÁRZEA GRANDE;MT;REDECINE BSB CINEMATOGRÁFICA LTDA;18.087.870/0001-05
01/09/2020;01/09/2020 15:40:00;THE SECRET: DARE TO DREAM;O SEGREDO: OUSE SONHAR;E2000080600000;DUBLADO;NÃO;ESTADOS UNIDOS;5000079;KINOPLEX AMAZONAS SALA 01;5;6000037;1991;2393;MANAUS;AM;EMPRESA CINEMAS SÃO LUIZ S/A;33.497.660/0001-89
01/09/2020;01/09/2020 15:50:00;1917;1917;E1900439000000;DUBLADO;NÃO;ESTADOS UNIDOS;5000080;KINOPLEX AMAZONAS SALA 02;19;6000037;1991;2393;MANAUS;AM;EMPRESA CINEMAS SÃO LUIZ S/A;33.497.660/0001-89
01/09/2020;01/09/2020 15:50:00;THE SECRET: DARE TO DREAM;O SEGREDO: OUSE SONHAR;E2000080600000;DUBLADO;NÃO;ESTADOS UNIDOS;5002721;SALA CINE PLAYARTE MANAUARA 01;8;6000049;260;16356;MANAUS;AM;PLAYARTE CINEMAS LTDA.;60.434.149/0001-00
01/09/2020;01/09/2020 16:00:00;EL ROBO DEL SIGLO;O ROUBO DO SÉCULO;E2000030900000;ORIGINAL;SIM;ARGENTINA;5004881;CIRCUITO CINEMAS PBAS- SALA 03;0;6000028;15568;27873;PARAUAPEBAS;PA;CIRCUITO ENTRETENIMENTO E CINEMAS LTDA;08.068.712/0001-54
01/09/2020;01/09/2020 16:00:00;EL ROBO DEL SIGLO;O ROUBO DO SÉCULO;E2000030900000;ORIGINAL;SIM;ARGENTINA;5004823;KINOPLEX AMAZONAS SALA 05;0;6000037;1991;2393;MANAUS;AM;EMPRESA CINEMAS SÃO LUIZ S/A;33.497.660/0001-89
01/09/2020;01/09/2020 16:20:00;ONWARD;DOIS IRMÃOS: UMA JORNADA FANTÁSTICA;E1900366400000;DUBLADO;NÃO;ESTADOS UNIDOS;5005307;CINEFLIX VÁRZEA GRANDE SHOPPING - SALA 4;5;6000014;24534;31101;VÁRZEA GRANDE;MT;REDECINE BSB CINEMATOGRÁFICA LTDA;18.087.870/0001-05
01/09/2020;01/09/2020 16:30:00;BLOODSHOT;BLOODSHOT;E1900579400000;DUBLADO;NÃO;ESTADOS UNIDOS;5004880;CIRCUITO CINEMAS PBAS- SALA 02;1;6000028;15568;27873;PARAUAPEBAS;PA;CIRCUITO ENTRETENIMENTO E CINEMAS LTDA;08.068.712/0001-54
01/09/2020;01/09/2020 16:50:00;LONG SHOT;CASAL IMPROVÁVEL;E1900126800000;DUBLADO;NÃO;ESTADOS UNIDOS;5006493;CINE INTER SANTA INES 01;0;6000140;44834;44835;SANTA INÊS;MA;CINEINTER EXIBICOES CINEMATOGRAFICAS LTDA;35.477.354/0001-06
01/09/2020;01/09/2020 16:50:00;SONIC THE HEDGEHOG;SONIC - O FILME;E2000012200000;DUBLADO;NÃO;CANADÁ;5002726;SALA CINE PLAYARTE MANAUARA 06;9;6000049;260;16356;MANAUS;AM;PLAYARTE CINEMAS LTDA.;60.434.149/0001-00
01/09/2020;01/09/2020 17:00:00;SONIC THE HEDGEHOG;SONIC - O FILME;E2000012200000;DUBLADO;NÃO;CANADÁ;5004882;CIRCUITO CINEMAS PBAS- SALA 04;0;6000028;15568;27873;PARAUAPEBAS;PA;CIRCUITO ENTRETENIMENTO E CINEMAS LTDA;08.068.712/0001-54
01/09/2020;01/09/2020 17:00:00;THE SECRET: DARE TO DREAM;O SEGREDO: OUSE SONHAR;E2000080600000;DUBLADO;NÃO;ESTADOS UNIDOS;5005308;CINEFLIX VÁRZEA GRANDE SHOPPING - SALA 5;2;6000014;24534;31101;VÁRZEA GRANDE;MT;REDECINE BSB CINEMATOGRÁFICA LTDA;18.087.870/0001-05
01/09/2020;01/09/2020 17:10:00;JURASSIC WORLD: FALLEN KINGDOM;JURASSIC WORLD - REINO AMEAÇADO;E1800169900000;DUBLADO;NÃO;ESTADOS UNIDOS;5000081;KINOPLEX AMAZONAS SALA 03;17;6000037;1991;2393;MANAUS;AM;EMPRESA CINEMAS SÃO LUIZ S/A;33.497.660/0001-89
01/09/2020;01/09/2020 17:10:00;MARY;A POSSESSÃO DE MARY;E1900534600000;DUBLADO;NÃO;ESTADOS UNIDOS;5006494;CINE INTER SANTA INES 02;4;6000140;44834;44835;SANTA INÊS;MA;CINEINTER EXIBICOES CINEMATOGRAFICAS LTDA;35.477.354/0001-06
01/09/2020;01/09/2020 17:15:00;ABIGAIL;ABIGAIL E A CIDADE PROIBIDA;E1900348700000;DUBLADO;NÃO;RÚSSIA;5002727;SALA CINE PLAYARTE MANAUARA 04;9;6000049;260;16356;MANAUS;AM;PLAYARTE CINEMAS LTDA.;60.434.149/0001-00
01/09/2020;01/09/2020 17:30:00;THE SECRET: DARE TO DREAM;O SEGREDO: OUSE SONHAR;E2000080600000;DUBLADO;NÃO;ESTADOS UNIDOS;5001149;CINE PORTO;0;;2351;2352;UBATUBA;SP;CINEMATOGRÁFICA LITORAL NORTE LTDA-EPP;04.165.613/0001-30
01/09/2020;01/09/2020 17:35:00;JOHN WICK 3: PARABELLUM;JOHN WICK 3: PARABELLUM;E1900126300000;DUBLADO;NÃO;ESTADOS UNIDOS;5005306;CINEFLIX VÁRZEA GRANDE SHOPPING - SALA 3;1;6000014;24534;31101;VÁRZEA GRANDE;MT;REDECINE BSB CINEMATOGRÁFICA LTDA;18.087.870/0001-05
01/09/2020;01/09/2020 17:50:00;GRETEL & HANSEL (2020);MARIA E JOÃO - O CONTO DAS BRUXAS;E1900467000000;DUBLADO;NÃO;ESTADOS UNIDOS;5002723;SALA CINE PLAYARTE MANAUARA 03;21;6000049;260;16356;MANAUS;AM;PLAYARTE CINEMAS LTDA.;60.434.149/0001-00
01/09/2020;01/09/2020 17:50:00;KNIVES OUT;ENTRE FACAS E SEGREDOS;E1900395500000;DUBLADO;NÃO;ESTADOS UNIDOS;5005305;CINEFLIX VÁRZEA GRANDE SHOPPING - SALA 2;1;6000014;24534;31101;VÁRZEA GRANDE;MT;REDECINE BSB CINEMATOGRÁFICA LTDA;18.087.870/0001-05
01/09/2020;01/09/2020 18:00:00;EL ROBO DEL SIGLO;O ROUBO DO SÉCULO;E2000030900000;ORIGINAL;SIM;ARGENTINA;5002722;SALA CINE PLAYARTE MANAUARA 07;5;6000049;260;16356;MANAUS;AM;PLAYARTE CINEMAS LTDA.;60.434.149/0001-00
01/09/2020;01/09/2020 18:00:00;ONWARD;DOIS IRMÃOS: UMA JORNADA FANTÁSTICA;E1900366400000;DUBLADO;NÃO;ESTADOS UNIDOS;5004879;CIRCUITO CINEMAS PBAS- SALA 01;2;6000028;15568;27873;PARAUAPEBAS;PA;CIRCUITO ENTRETENIMENTO E CINEMAS LTDA;08.068.712/0001-54
01/09/2020;01/09/2020 18:00:00;THE SECRET LIFE OF PETS 2;PETS: A VIDA SECRETA DOS BICHOS 2;E1900162100000;DUBLADO;NÃO;ESTADOS UNIDOS;5002102;CINE DRIVEIN;104;;5465;6715;BRASÍLIA;DF;STARK'S CINEMA E LANCHONETE LTDA.;32.917.296/0001-04
01/09/2020;01/09/2020 18:05:00;EL ROBO DEL SIGLO;O ROUBO DO SÉCULO;E2000030900000;ORIGINAL;SIM;ARGENTINA;5005304;CINEFLIX VÁRZEA GRANDE SHOPPING - SALA 1;2;6000014;24534;31101;VÁRZEA GRANDE;MT;REDECINE BSB CINEMATOGRÁFICA LTDA;18.087.870/0001-05
01/09/2020;01/09/2020 18:10:00;COUNTDOWN;A HORA DA SUA MORTE;E1900400200000;DUBLADO;NÃO;HOLANDA;5000079;KINOPLEX AMAZONAS SALA 01;17;6000037;1991;2393;MANAUS;AM;EMPRESA CINEMAS SÃO LUIZ S/A;33.497.660/0001-89
01/09/2020;01/09/2020 18:20:00;QUEEN OF SPADES: THROUGH THE LOOKING GLASS;A MALDIÇÃO DO ESPELHO;E1900574500000;DUBLADO;NÃO;RÚSSIA;5000080;KINOPLEX AMAZONAS SALA 02;17;6000037;1991;2393;MANAUS;AM;EMPRESA CINEMAS SÃO LUIZ S/A;33.497.660/0001-89
01/09/2020;01/09/2020 18:20:00;THE SECRET: DARE TO DREAM;O SEGREDO: OUSE SONHAR;E2000080600000;ORIGINAL;SIM;ESTADOS UNIDOS;5005309;CINEFLIX VÁRZEA GRANDE SHOPPING - SALA 6;0;6000014;24534;31101;VÁRZEA GRANDE;MT;REDECINE BSB CINEMATOGRÁFICA LTDA;18.087.870/0001-05
01/09/2020;01/09/2020 18:20:00;THE SECRET: DARE TO DREAM;O SEGREDO: OUSE SONHAR;E2000080600000;DUBLADO;NÃO;ESTADOS UNIDOS;5002721;SALA CINE PLAYARTE MANAUARA 01;5;6000049;260;16356;MANAUS;AM;PLAYARTE CINEMAS LTDA.;60.434.149/0001-00
01/09/2020;01/09/2020 18:30:00;ABOMINABLE;ABOMINÁVEL;E1900349400000;DUBLADO;NÃO;CHINA;5006571;CINESYSTEM AMÉRICAS DRIVE-IN;23;6000027;5348;28834;RIO DE JANEIRO;RJ;REDECINE - RIO CINEMATOGRAFICA S.A.;07.524.011/0001-10
01/09/2020;01/09/2020 18:30:00;DESPICABLE ME 3;MEU MALVADO FAVORITO 3;E1500759400000;DUBLADO;NÃO;ESTADOS UNIDOS;5006580;CINESYSTEM MORUMBI TOWN DRIVE-IN;17;6000027;22546;34941;SÃO PAULO;SP;REDECINE BRA CINEMATOGRÁFICA S.A.;15.422.993/0001-67
01/09/2020;01/09/2020 18:30:00;EL ROBO DEL SIGLO;O ROUBO DO SÉCULO;E2000030900000;ORIGINAL;SIM;ARGENTINA;5004881;CIRCUITO CINEMAS PBAS- SALA 03;0;6000028;15568;27873;PARAUAPEBAS;PA;CIRCUITO ENTRETENIMENTO E CINEMAS LTDA;08.068.712/0001-54
01/09/2020;01/09/2020 18:30:00;EL ROBO DEL SIGLO;O ROUBO DO SÉCULO;E2000030900000;ORIGINAL;SIM;ARGENTINA;5004823;KINOPLEX AMAZONAS SALA 05;0;6000037;1991;2393;MANAUS;AM;EMPRESA CINEMAS SÃO LUIZ S/A;33.497.660/0001-89
01/09/2020;01/09/2020 18:30:00;SING;SING - QUEM CANTA SEUS MALES ESPANTA;E1600360800000;DUBLADO;NÃO;ESTADOS UNIDOS;5006619;DRIVE - GYN SERRA DOURADA 03;2;6000039;45898;46312;GOIÂNIA;GO;DRIVE-GYN ENTRETENIMENTO LTDA;37.109.882/0001-38
01/09/2020;01/09/2020 18:30:00;THE QUEEN´S CORGI;THE QUEEN'S CORGI;E1900148700000;DUBLADO;NÃO;BÉLGICA;5006610;CINESYSTEM DRIVE-IN AEROPORTO VITÓRIA;16;6000027;22546;46257;VITÓRIA;ES;REDECINE BRA CINEMATOGRÁFICA S.A.;15.422.993/0001-67
01/09/2020;01/09/2020 18:30:00;THE SECRET: DARE TO DREAM;O SEGREDO: OUSE SONHAR;E2000080600000;DUBLADO;NÃO;ESTADOS UNIDOS;5004822;KINOPLEX AMAZONAS SALA 04;13;6000037;1991;2393;MANAUS;AM;EMPRESA CINEMAS SÃO LUIZ S/A;33.497.660/0001-89
01/09/2020;01/09/2020 18:35:00;JUMANJI: NEXT LEVEL;JUMANJI: PROXIMA FASE;E1900458100000;DUBLADO;NÃO;ESTADOS UNIDOS;5005930;MOBI CINE AÇAILÂNDIA SALA 02;2;6000040;38236;38237;AÇAILÂNDIA;MA;C A V LEMOS E CIA LTDA - ME;14.717.191/0001-11
01/09/2020;01/09/2020 18:40:00;JURASSIC WORLD: FALLEN KINGDOM;JURASSIC WORLD - REINO AMEAÇADO;E1800169900000;DUBLADO;NÃO;ESTADOS UNIDOS;5006618;DRIVE - GYN SERRA DOURADA 02;2;6000039;45898;46312;GOIÂNIA;GO;DRIVE-GYN ENTRETENIMENTO LTDA;37.109.882/0001-38
01/09/2020;01/09/2020 18:40:00;TRÊS VERÕES;;B1900410500000;ORIGINAL;NÃO;FRANÇA;5006574;DRIVE IN CINEART ALPHAVILLE;7;6000013;437;45925;NOVA LIMA;MG;DELTA FILMES LTDA;01.735.159/0001-17
01/09/2020;01/09/2020 18:50:00;MAMMA MIA! HERE WE GO AGAIN;MAMMA MIA! LÁ VAMOS NÓS DE NOVO;E1800169700000;ORIGINAL;SIM;ESTADOS UNIDOS;5006617;DRIVE - GYN SERRA DOURADA 01;0;6000039;45898;46312;GOIÂNIA;GO;DRIVE-GYN ENTRETENIMENTO LTDA;37.109.882/0001-38
01/09/2020;01/09/2020 19:00:00;BLOODSHOT;BLOODSHOT;E1900579400000;DUBLADO;NÃO;ESTADOS UNIDOS;5004880;CIRCUITO CINEMAS PBAS- SALA 02;0;6000028;15568;27873;PARAUAPEBAS;PA;CIRCUITO ENTRETENIMENTO E CINEMAS LTDA;08.068.712/0001-54
01/09/2020;01/09/2020 19:00:00;DE PERNAS PRO AR 3;;B1900104200000;ORIGINAL;NÃO;BRASIL;5005929;MOBI CINE AÇAILÂNDIA SALA 01;2;6000040;38236;38237;AÇAILÂNDIA;MA;C A V LEMOS E CIA LTDA - ME;14.717.191/0001-11
01/09/2020;01/09/2020 19:00:00;JOHN WICK 3: PARABELLUM;JOHN WICK 3: PARABELLUM;E1900126300000;DUBLADO;NÃO;ESTADOS UNIDOS;5006494;CINE INTER SANTA INES 02;5;6000140;44834;44835;SANTA INÊS;MA;CINEINTER EXIBICOES CINEMATOGRAFICAS LTDA;35.477.354/0001-06
01/09/2020;01/09/2020 19:00:00;QUEEN OF SPADES: THROUGH THE LOOKING GLASS;A MALDIÇÃO DO ESPELHO;E1900574500000;DUBLADO;NÃO;RÚSSIA;5005307;CINEFLIX VÁRZEA GRANDE SHOPPING - SALA 4;4;6000014;24534;31101;VÁRZEA GRANDE;MT;REDECINE BSB CINEMATOGRÁFICA LTDA;18.087.870/0001-05
01/09/2020;01/09/2020 19:10:00;THE SECRET: DARE TO DREAM;O SEGREDO: OUSE SONHAR;E2000080600000;ORIGINAL;SIM;ESTADOS UNIDOS;5002726;SALA CINE PLAYARTE MANAUARA 06;2;6000049;260;16356;MANAUS;AM;PLAYARTE CINEMAS LTDA.;60.434.149/0001-00
01/09/2020;01/09/2020 19:15:00;MARY;A POSSESSÃO DE MARY;E1900534600000;DUBLADO;NÃO;ESTADOS UNIDOS;5006493;CINE INTER SANTA INES 01;19;6000140;44834;44835;SANTA INÊS;MA;CINEINTER EXIBICOES CINEMATOGRAFICAS LTDA;35.477.354/0001-06
01/09/2020;01/09/2020 19:15:00;MINHA MÃE É UMA PEÇA 3;;B1900576900000;ORIGINAL;NÃO;BRASIL;5004882;CIRCUITO CINEMAS PBAS- SALA 04;1;6000028;15568;27873;PARAUAPEBAS;PA;CIRCUITO ENTRETENIMENTO E CINEMAS LTDA;08.068.712/0001-54
01/09/2020;01/09/2020 19:15:00;QUEEN OF SPADES: THROUGH THE LOOKING GLASS;A MALDIÇÃO DO ESPELHO;E1900574500000;DUBLADO;NÃO;RÚSSIA;5005931;MOBI CINE AÇAILÂNDIA SALA 03;2;6000040;38236;38237;AÇAILÂNDIA;MA;C A V LEMOS E CIA LTDA - ME;14.717.191/0001-11
01/09/2020;01/09/2020 19:40:00;DOLITTLE;DOLITTLE;E1900437900000;DUBLADO;NÃO;ESTADOS UNIDOS;5002727;SALA CINE PLAYARTE MANAUARA 04;13;6000049;260;16356;MANAUS;AM;PLAYARTE CINEMAS LTDA.;60.434.149/0001-00
01/09/2020;01/09/2020 19:40:00;THE SECRET: DARE TO DREAM;O SEGREDO: OUSE SONHAR;E2000080600000;DUBLADO;NÃO;ESTADOS UNIDOS;5001149;CINE PORTO;0;;2351;2352;UBATUBA;SP;CINEMATOGRÁFICA LITORAL NORTE LTDA-EPP;04.165.613/0001-30
01/09/2020;01/09/2020 19:40:00;THE SECRET: DARE TO DREAM;O SEGREDO: OUSE SONHAR;E2000080600000;DUBLADO;NÃO;ESTADOS UNIDOS;5005308;CINEFLIX VÁRZEA GRANDE SHOPPING - SALA 5;9;6000014;24534;31101;VÁRZEA GRANDE;MT;REDECINE BSB CINEMATOGRÁFICA LTDA;18.087.870/0001-05
01/09/2020;01/09/2020 20:00:00;ALADDIN;ALADDIN;E1900188100000;ORIGINAL;NÃO;ESTADOS UNIDOS;5002102;CINE DRIVEIN;104;;5465;6715;BRASÍLIA;DF;STARK'S CINEMA E LANCHONETE LTDA.;32.917.296/0001-04
01/09/2020;01/09/2020 20:00:00;DOCTOR SLEEP;DOUTOR SONO;E1900463600000;DUBLADO;NÃO;ESTADOS UNIDOS;5002723;SALA CINE PLAYARTE MANAUARA 03;18;6000049;260;16356;MANAUS;AM;PLAYARTE CINEMAS LTDA.;60.434.149/0001-00
01/09/2020;01/09/2020 20:00:00;THE SECRET: DARE TO DREAM;O SEGREDO: OUSE SONHAR;E2000080600000;DUBLADO;NÃO;ESTADOS UNIDOS;5000081;KINOPLEX AMAZONAS SALA 03;23;6000037;1991;2393;MANAUS;AM;EMPRESA CINEMAS SÃO LUIZ S/A;33.497.660/0001-89
01/09/2020;01/09/2020 20:00:00;YESTERDAY;YESTERDAY;E1900265700000;DUBLADO;NÃO;REINO UNIDO;5006620;CINEMAIS MONTES CLAROS DRIVE IN;2;6000017;2892;23844;MONTES CLAROS;MG;CINEMAIS CINEMAS LTDA;03.868.869/0001-40
01/09/2020;01/09/2020 20:15:00;JOHN WICK 3: PARABELLUM;JOHN WICK 3: PARABELLUM;E1900126300000;DUBLADO;NÃO;ESTADOS UNIDOS;5005306;CINEFLIX VÁRZEA GRANDE SHOPPING - SALA 3;6;6000014;24534;31101;VÁRZEA GRANDE;MT;REDECINE BSB CINEMATOGRÁFICA LTDA;18.087.870/0001-05
01/09/2020;01/09/2020 20:20:00;WONDER;EXTRAORDINÁRIO;E1700451500000;DUBLADO;NÃO;ESTADOS UNIDOS;5006610;CINESYSTEM DRIVE-IN AEROPORTO VITÓRIA;2;6000027;22546;46257;VITÓRIA;ES;REDECINE BRA CINEMATOGRÁFICA S.A.;15.422.993/0001-67
01/09/2020;01/09/2020 20:25:00;EL ROBO DEL SIGLO;O ROUBO DO SÉCULO;E2000030900000;ORIGINAL;SIM;ARGENTINA;5006580;CINESYSTEM MORUMBI TOWN DRIVE-IN;52;6000027;22546;34941;SÃO PAULO;SP;REDECINE BRA CINEMATOGRÁFICA S.A.;15.422.993/0001-67
01/09/2020;01/09/2020 20:30:00;EL ROBO DEL SIGLO;O ROUBO DO SÉCULO;E2000030900000;ORIGINAL;SIM;ARGENTINA;5002722;SALA CINE PLAYARTE MANAUARA 07;5;6000049;260;16356;MANAUS;AM;PLAYARTE CINEMAS LTDA.;60.434.149/0001-00
01/09/2020;01/09/2020 20:30:00;JOHN WICK 3: PARABELLUM;JOHN WICK 3: PARABELLUM;E1900126300000;DUBLADO;NÃO;ESTADOS UNIDOS;5006572;CINE 14 BIS DRIVE-IN;3;;5822;6623;GUAXUPÉ;MG;GUAXUPE PROMOCOES E EVENTOS LTDA;03.929.354/0001-03
01/09/2020;01/09/2020 20:30:00;JOKER;CORINGA;E1900357300000;DUBLADO;NÃO;CANADÁ;5004879;CIRCUITO CINEMAS PBAS- SALA 01;0;6000028;15568;27873;PARAUAPEBAS;PA;CIRCUITO ENTRETENIMENTO E CINEMAS LTDA;08.068.712/0001-54
01/09/2020;01/09/2020 20:30:00;KNIVES OUT;ENTRE FACAS E SEGREDOS;E1900395500000;DUBLADO;NÃO;ESTADOS UNIDOS;5005305;CINEFLIX VÁRZEA GRANDE SHOPPING - SALA 2;5;6000014;24534;31101;VÁRZEA GRANDE;MT;REDECINE BSB CINEMATOGRÁFICA LTDA;18.087.870/0001-05
01/09/2020;01/09/2020 20:30:00;MACABRO;;B1900618000000;ORIGINAL;NÃO;BRASIL;5006571;CINESYSTEM AMÉRICAS DRIVE-IN;29;6000027;5348;28834;RIO DE JANEIRO;RJ;REDECINE - RIO CINEMATOGRAFICA S.A.;07.524.011/0001-10
01/09/2020;01/09/2020 20:30:00;QUEEN OF SPADES: THROUGH THE LOOKING GLASS;A MALDIÇÃO DO ESPELHO;E1900574500000;DUBLADO;NÃO;RÚSSIA;5000079;KINOPLEX AMAZONAS SALA 01;50;6000037;1991;2393;MANAUS;AM;EMPRESA CINEMAS SÃO LUIZ S/A;33.497.660/0001-89
01/09/2020;01/09/2020 20:45:00;EL ROBO DEL SIGLO;O ROUBO DO SÉCULO;E2000030900000;ORIGINAL;SIM;ARGENTINA;5005304;CINEFLIX VÁRZEA GRANDE SHOPPING - SALA 1;3;6000014;24534;31101;VÁRZEA GRANDE;MT;REDECINE BSB CINEMATOGRÁFICA LTDA;18.087.870/0001-05
01/09/2020;01/09/2020 20:45:00;FIFTY SHADES FREED;CINQUENTA TONS DE LIBERDADE;E1700536700000;ORIGINAL;SIM;ESTADOS UNIDOS;5006619;DRIVE - GYN SERRA DOURADA 03;5;6000039;45898;46312;GOIÂNIA;GO;DRIVE-GYN ENTRETENIMENTO LTDA;37.109.882/0001-38
01/09/2020;01/09/2020 20:50:00;EL ROBO DEL SIGLO;O ROUBO DO SÉCULO;E2000030900000;ORIGINAL;SIM;ARGENTINA;5000080;KINOPLEX AMAZONAS SALA 02;4;6000037;1991;2393;MANAUS;AM;EMPRESA CINEMAS SÃO LUIZ S/A;33.497.660/0001-89
01/09/2020;01/09/2020 20:50:00;QUEEN OF SPADES: THROUGH THE LOOKING GLASS;A MALDIÇÃO DO ESPELHO;E1900574500000;DUBLADO;NÃO;RÚSSIA;5005307;CINEFLIX VÁRZEA GRANDE SHOPPING - SALA 4;12;6000014;24534;31101;VÁRZEA GRANDE;MT;REDECINE BSB CINEMATOGRÁFICA LTDA;18.087.870/0001-05
01/09/2020;01/09/2020 20:50:00;THE SECRET: DARE TO DREAM;O SEGREDO: OUSE SONHAR;E2000080600000;DUBLADO;NÃO;ESTADOS UNIDOS;5002721;SALA CINE PLAYARTE MANAUARA 01;25;6000049;260;16356;MANAUS;AM;PLAYARTE CINEMAS LTDA.;60.434.149/0001-00
01/09/2020;01/09/2020 21:00:00;BLOODSHOT;BLOODSHOT;E1900579400000;DUBLADO;NÃO;ESTADOS UNIDOS;5005930;MOBI CINE AÇAILÂNDIA SALA 02;0;6000040;38236;38237;AÇAILÂNDIA;MA;C A V LEMOS E CIA LTDA - ME;14.717.191/0001-11
01/09/2020;01/09/2020 21:00:00;EL AMOR MENOS PENSADO;UM AMOR INESPERADO;E1800483600000;ORIGINAL;SIM;ARGENTINA;5006617;DRIVE - GYN SERRA DOURADA 01;8;6000039;45898;46312;GOIÂNIA;GO;DRIVE-GYN ENTRETENIMENTO LTDA;37.109.882/0001-38
01/09/2020;01/09/2020 21:00:00;EL ROBO DEL SIGLO;O ROUBO DO SÉCULO;E2000030900000;ORIGINAL;SIM;ARGENTINA;5004881;CIRCUITO CINEMAS PBAS- SALA 03;0;6000028;15568;27873;PARAUAPEBAS;PA;CIRCUITO ENTRETENIMENTO E CINEMAS LTDA;08.068.712/0001-54
01/09/2020;01/09/2020 21:00:00;EL ROBO DEL SIGLO;O ROUBO DO SÉCULO;E2000030900000;ORIGINAL;SIM;ARGENTINA;5006574;DRIVE IN CINEART ALPHAVILLE;15;6000013;437;45925;NOVA LIMA;MG;DELTA FILMES LTDA;01.735.159/0001-17
01/09/2020;01/09/2020 21:00:00;LONG SHOT;CASAL IMPROVÁVEL;E1900126800000;DUBLADO;NÃO;ESTADOS UNIDOS;5006493;CINE INTER SANTA INES 01;3;6000140;44834;44835;SANTA INÊS;MA;CINEINTER EXIBICOES CINEMATOGRAFICAS LTDA;35.477.354/0001-06
01/09/2020;01/09/2020 21:00:00;QUEEN OF SPADES: THROUGH THE LOOKING GLASS;A MALDIÇÃO DO ESPELHO;E1900574500000;DUBLADO;NÃO;RÚSSIA;5005931;MOBI CINE AÇAILÂNDIA SALA 03;0;6000040;38236;38237;AÇAILÂNDIA;MA;C A V LEMOS E CIA LTDA - ME;14.717.191/0001-11
01/09/2020;01/09/2020 21:00:00;THE SECRET: DARE TO DREAM;O SEGREDO: OUSE SONHAR;E2000080600000;DUBLADO;NÃO;ESTADOS UNIDOS;5005309;CINEFLIX VÁRZEA GRANDE SHOPPING - SALA 6;0;6000014;24534;31101;VÁRZEA GRANDE;MT;REDECINE BSB CINEMATOGRÁFICA LTDA;18.087.870/0001-05
01/09/2020;01/09/2020 21:00:00;THE SECRET: DARE TO DREAM;O SEGREDO: OUSE SONHAR;E2000080600000;DUBLADO;NÃO;ESTADOS UNIDOS;5004822;KINOPLEX AMAZONAS SALA 04;3;6000037;1991;2393;MANAUS;AM;EMPRESA CINEMAS SÃO LUIZ S/A;33.497.660/0001-89
01/09/2020;01/09/2020 21:10:00;JOHN WICK 3: PARABELLUM;JOHN WICK 3: PARABELLUM;E1900126300000;DUBLADO;NÃO;ESTADOS UNIDOS;5005929;MOBI CINE AÇAILÂNDIA SALA 01;4;6000040;38236;38237;AÇAILÂNDIA;MA;C A V LEMOS E CIA LTDA - ME;14.717.191/0001-11
01/09/2020;01/09/2020 21:10:00;THE INVISIBLE MAN;O HOMEM INVISÍVEL;E1900438600000;DUBLADO;NÃO;AUSTRÁLIA;5004823;KINOPLEX AMAZONAS SALA 05;0;6000037;1991;2393;MANAUS;AM;EMPRESA CINEMAS SÃO LUIZ S/A;33.497.660/0001-89
01/09/2020;01/09/2020 21:15:00;A QUIET PLACE;UM LUGAR SILENCIOSO;E1800074200000;ORIGINAL;SIM;ESTADOS UNIDOS;5006618;DRIVE - GYN SERRA DOURADA 02;16;6000039;45898;46312;GOIÂNIA;GO;DRIVE-GYN ENTRETENIMENTO LTDA;37.109.882/0001-38
01/09/2020;01/09/2020 21:30:00;BLOODSHOT;BLOODSHOT;E1900579400000;DUBLADO;NÃO;ESTADOS UNIDOS;5004880;CIRCUITO CINEMAS PBAS- SALA 02;14;6000028;15568;27873;PARAUAPEBAS;PA;CIRCUITO ENTRETENIMENTO E CINEMAS LTDA;08.068.712/0001-54
01/09/2020;01/09/2020 21:30:01;MARY;A POSSESSÃO DE MARY;E1900534600000;DUBLADO;NÃO;ESTADOS UNIDOS;5006494;CINE INTER SANTA INES 02;11;6000140;44834;44835;SANTA INÊS;MA;CINEINTER EXIBICOES CINEMATOGRAFICAS LTDA;35.477.354/0001-06
01/09/2020;01/09/2020 21:45:00;MINHA MÃE É UMA PEÇA 3;;B1900576900000;ORIGINAL;NÃO;BRASIL;5004882;CIRCUITO CINEMAS PBAS- SALA 04;1;6000028;15568;27873;PARAUAPEBAS;PA;CIRCUITO ENTRETENIMENTO E CINEMAS LTDA;08.068.712/0001-54
01/09/2020;01/09/2020 22:30:00;EL ROBO DEL SIGLO;O ROUBO DO SÉCULO;E2000030900000;ORIGINAL;SIM;ARGENTINA;5002102;CINE DRIVEIN;104;;5465;6715;BRASÍLIA;DF;STARK'S CINEMA E LANCHONETE LTDA.;32.917.296/0001-04
01/09/2020;01/09/2020 22:30:00;THE FATE OF THE FURIOUS;VELOZES E FURIOSOS 8;E1700045600000;DUBLADO;NÃO;FRANÇA;5006571;CINESYSTEM AMÉRICAS DRIVE-IN;15;6000027;5348;28834;RIO DE JANEIRO;RJ;REDECINE - RIO CINEMATOGRAFICA S.A.;07.524.011/0001-10
01/09/2020;01/09/2020 22:35:00;THE HUSTLE;AS TRAPACEIRAS;E1900265600000;DUBLADO;NÃO;ESTADOS UNIDOS;5006610;CINESYSTEM DRIVE-IN AEROPORTO VITÓRIA;6;6000027;22546;46257;VITÓRIA;ES;REDECINE BRA CINEMATOGRÁFICA S.A.;15.422.993/0001-67
01/09/2020;01/09/2020 22:45:00;THE SHACK;A CABANA;E1700059700000;ORIGINAL;SIM;ESTADOS UNIDOS;5006580;CINESYSTEM MORUMBI TOWN DRIVE-IN;17;6000027;22546;34941;SÃO PAULO;SP;REDECINE BRA CINEMATOGRÁFICA S.A.;15.422.993/0001-67
02/09/2020;02/09/2020 13:00:00;ONWARD;DOIS IRMÃOS: UMA JORNADA FANTÁSTICA;E1900366400000;DUBLADO;NÃO;ESTADOS UNIDOS;5004879;CIRCUITO CINEMAS PBAS- SALA 01;0;6000028;15568;27873;PARAUAPEBAS;PA;CIRCUITO ENTRETENIMENTO E CINEMAS LTDA;08.068.712/0001-54
02/09/2020;02/09/2020 13:30:00;EL ROBO DEL SIGLO;O ROUBO DO SÉCULO;E2000030900000;ORIGINAL;SIM;ARGENTINA;5004881;CIRCUITO CINEMAS PBAS- SALA 03;0;6000028;15568;27873;PARAUAPEBAS;PA;CIRCUITO ENTRETENIMENTO E CINEMAS LTDA;08.068.712/0001-54
02/09/2020;02/09/2020 13:40:00;ONWARD;DOIS IRMÃOS: UMA JORNADA FANTÁSTICA;E1900366400000;DUBLADO;NÃO;ESTADOS UNIDOS;5005307;CINEFLIX VÁRZEA GRANDE SHOPPING - SALA 4;1;6000014;24534;31101;VÁRZEA GRANDE;MT;REDECINE BSB CINEMATOGRÁFICA LTDA;18.087.870/0001-05
02/09/2020;02/09/2020 14:00:00;BLOODSHOT;BLOODSHOT;E1900579400000;DUBLADO;NÃO;ESTADOS UNIDOS;5004880;CIRCUITO CINEMAS PBAS- SALA 02;2;6000028;15568;27873;PARAUAPEBAS;PA;CIRCUITO ENTRETENIMENTO E CINEMAS LTDA;08.068.712/0001-54
02/09/2020;02/09/2020 14:20:00;THE SECRET: DARE TO DREAM;O SEGREDO: OUSE SONHAR;E2000080600000;DUBLADO;NÃO;ESTADOS UNIDOS;5005308;CINEFLIX VÁRZEA GRANDE SHOPPING - SALA 5;3;6000014;24534;31101;VÁRZEA GRANDE;MT;REDECINE BSB CINEMATOGRÁFICA LTDA;18.087.870/0001-05
02/09/2020;02/09/2020 14:30:00;SONIC THE HEDGEHOG;SONIC - O FILME;E2000012200000;DUBLADO;NÃO;CANADÁ;5004882;CIRCUITO CINEMAS PBAS- SALA 04;1;6000028;15568;27873;PARAUAPEBAS;PA;CIRCUITO ENTRETENIMENTO E CINEMAS LTDA;08.068.712/0001-54
02/09/2020;02/09/2020 14:30:00;SONIC THE HEDGEHOG;SONIC - O FILME;E2000012200000;DUBLADO;NÃO;CANADÁ;5002726;SALA CINE PLAYARTE MANAUARA 06;6;6000049;260;16356;MANAUS;AM;PLAYARTE CINEMAS LTDA.;60.434.149/0001-00
02/09/2020;02/09/2020 14:50:00;THE SECRET: DARE TO DREAM;O SEGREDO: OUSE SONHAR;E2000080600000;ORIGINAL;SIM;ESTADOS UNIDOS;5002727;SALA CINE PLAYARTE MANAUARA 04;4;6000049;260;16356;MANAUS;AM;PLAYARTE CINEMAS LTDA.;60.434.149/0001-00
02/09/2020;02/09/2020 14:55:00;JOHN WICK 3: PARABELLUM;JOHN WICK 3: PARABELLUM;E1900126300000;DUBLADO;NÃO;ESTADOS UNIDOS;5005306;CINEFLIX VÁRZEA GRANDE SHOPPING - SALA 3;2;6000014;24534;31101;VÁRZEA GRANDE;MT;REDECINE BSB CINEMATOGRÁFICA LTDA;18.087.870/0001-05
02/09/2020;02/09/2020 15:00:00;GRETEL & HANSEL (2020);MARIA E JOÃO - O CONTO DAS BRUXAS;E1900467000000;DUBLADO;NÃO;ESTADOS UNIDOS;5005329;UCI BRASIL - SUMAÚMA PARK SHOPPING MANAUS SALA 06;9;6000058;749;31265;MANAUS;AM;UNITED CINEMAS INTERNATIONAL BRASIL LTDA.;01.289.530/0001-64
02/09/2020;02/09/2020 15:10:00;KNIVES OUT;ENTRE FACAS E SEGREDOS;E1900395500000;DUBLADO;NÃO;ESTADOS UNIDOS;5005305;CINEFLIX VÁRZEA GRANDE SHOPPING - SALA 2;0;6000014;24534;31101;VÁRZEA GRANDE;MT;REDECINE BSB CINEMATOGRÁFICA LTDA;18.087.870/0001-05
02/09/2020;02/09/2020 15:20:00;BLOODSHOT;BLOODSHOT;E1900579400000;DUBLADO;NÃO;ESTADOS UNIDOS;5002723;SALA CINE PLAYARTE MANAUARA 03;21;6000049;260;16356;MANAUS;AM;PLAYARTE CINEMAS LTDA.;60.434.149/0001-00
02/09/2020;02/09/2020 15:20:00;THE SECRET: DARE TO DREAM;O SEGREDO: OUSE SONHAR;E2000080600000;DUBLADO;NÃO;ESTADOS UNIDOS;5001149;CINE PORTO;0;;2351;2352;UBATUBA;SP;CINEMATOGRÁFICA LITORAL NORTE LTDA-EPP;04.165.613/0001-30
02/09/2020;02/09/2020 15:25:00;EL ROBO DEL SIGLO;O ROUBO DO SÉCULO;E2000030900000;ORIGINAL;SIM;ARGENTINA;5005304;CINEFLIX VÁRZEA GRANDE SHOPPING - SALA 1;5;6000014;24534;31101;VÁRZEA GRANDE;MT;REDECINE BSB CINEMATOGRÁFICA LTDA;18.087.870/0001-05
02/09/2020;02/09/2020 15:25:00;EL ROBO DEL SIGLO;O ROUBO DO SÉCULO;E2000030900000;ORIGINAL;SIM;ARGENTINA;5002722;SALA CINE PLAYARTE MANAUARA 07;6;6000049;260;16356;MANAUS;AM;PLAYARTE CINEMAS LTDA.;60.434.149/0001-00
02/09/2020;02/09/2020 15:25:00;SOLTEIRA QUASE SURTANDO;;B2000040200000;ORIGINAL;NÃO;BRASIL;5005326;UCI BRASIL - SUMAÚMA PARK SHOPPING MANAUS SALA 03;2;6000058;749;31265;MANAUS;AM;UNITED CINEMAS INTERNATIONAL BRASIL LTDA.;01.289.530/0001-64
02/09/2020;02/09/2020 15:30:00;ONWARD;DOIS IRMÃOS: UMA JORNADA FANTÁSTICA;E1900366400000;DUBLADO;NÃO;ESTADOS UNIDOS;5004879;CIRCUITO CINEMAS PBAS- SALA 01;6;6000028;15568;27873;PARAUAPEBAS;PA;CIRCUITO ENTRETENIMENTO E CINEMAS LTDA;08.068.712/0001-54
02/09/2020;02/09/2020 15:40:00;THE SECRET: DARE TO DREAM;O SEGREDO: OUSE SONHAR;E2000080600000;DUBLADO;NÃO;ESTADOS UNIDOS;5005309;CINEFLIX VÁRZEA GRANDE SHOPPING - SALA 6;2;6000014;24534;31101;VÁRZEA GRANDE;MT;REDECINE BSB CINEMATOGRÁFICA LTDA;18.087.870/0001-05
02/09/2020;02/09/2020 15:40:00;THE SECRET: DARE TO DREAM;O SEGREDO: OUSE SONHAR;E2000080600000;DUBLADO;NÃO;ESTADOS UNIDOS;5000079;KINOPLEX AMAZONAS SALA 01;13;6000037;1991;2393;MANAUS;AM;EMPRESA CINEMAS SÃO LUIZ S/A;33.497.660/0001-89
02/09/2020;02/09/2020 15:50:00;1917;1917;E1900439000000;DUBLADO;NÃO;ESTADOS UNIDOS;5000080;KINOPLEX AMAZONAS SALA 02;12;6000037;1991;2393;MANAUS;AM;EMPRESA CINEMAS SÃO LUIZ S/A;33.497.660/0001-89
02/09/2020;02/09/2020 15:50:00;THE SECRET: DARE TO DREAM;O SEGREDO: OUSE SONHAR;E2000080600000;DUBLADO;NÃO;ESTADOS UNIDOS;5002721;SALA CINE PLAYARTE MANAUARA 01;4;6000049;260;16356;MANAUS;AM;PLAYARTE CINEMAS LTDA.;60.434.149/0001-00
02/09/2020;02/09/2020 16:00:00;EL ROBO DEL SIGLO;O ROUBO DO SÉCULO;E2000030900000;ORIGINAL;SIM;ARGENTINA;5004881;CIRCUITO CINEMAS PBAS- SALA 03;0;6000028;15568;27873;PARAUAPEBAS;PA;CIRCUITO ENTRETENIMENTO E CINEMAS LTDA;08.068.712/0001-54
02/09/2020;02/09/2020 16:00:00;EL ROBO DEL SIGLO;O ROUBO DO SÉCULO;E2000030900000;ORIGINAL;SIM;ARGENTINA;5004823;KINOPLEX AMAZONAS SALA 05;0;6000037;1991;2393;MANAUS;AM;EMPRESA CINEMAS SÃO LUIZ S/A;33.497.660/0001-89
02/09/2020;02/09/2020 16:00:00;THE INVISIBLE MAN;O HOMEM INVISÍVEL;E1900438600000;DUBLADO;NÃO;AUSTRÁLIA;5005327;UCI BRASIL - SUMAÚMA PARK SHOPPING MANAUS SALA 04;16;6000058;749;31265;MANAUS;AM;UNITED CINEMAS INTERNATIONAL BRASIL LTDA.;01.289.530/0001-64
02/09/2020;02/09/2020 16:20:00;ONWARD;DOIS IRMÃOS: UMA JORNADA FANTÁSTICA;E1900366400000;DUBLADO;NÃO;ESTADOS UNIDOS;5005307;CINEFLIX VÁRZEA GRANDE SHOPPING - SALA 4;7;6000014;24534;31101;VÁRZEA GRANDE;MT;REDECINE BSB CINEMATOGRÁFICA LTDA;18.087.870/0001-05
02/09/2020;02/09/2020 16:30:00;BLOODSHOT;BLOODSHOT;E1900579400000;DUBLADO;NÃO;ESTADOS UNIDOS;5004880;CIRCUITO CINEMAS PBAS- SALA 02;3;6000028;15568;27873;PARAUAPEBAS;PA;CIRCUITO ENTRETENIMENTO E CINEMAS LTDA;08.068.712/0001-54
02/09/2020;02/09/2020 16:30:00;EL ROBO DEL SIGLO;O ROUBO DO SÉCULO;E2000030900000;ORIGINAL;SIM;ARGENTINA;5005328;UCI BRASIL - SUMAÚMA PARK SHOPPING MANAUS SALA 05;0;6000058;749;31265;MANAUS;AM;UNITED CINEMAS INTERNATIONAL BRASIL LTDA.;01.289.530/0001-64
02/09/2020;02/09/2020 16:50:00;LONG SHOT;CASAL IMPROVÁVEL;E1900126800000;DUBLADO;NÃO;ESTADOS UNIDOS;5006493;CINE INTER SANTA INES 01;0;6000140;44834;44835;SANTA INÊS;MA;CINEINTER EXIBICOES CINEMATOGRAFICAS LTDA;35.477.354/0001-06
02/09/2020;02/09/2020 16:50:00;SONIC THE HEDGEHOG;SONIC - O FILME;E2000012200000;DUBLADO;NÃO;CANADÁ;5002726;SALA CINE PLAYARTE MANAUARA 06;3;6000049;260;16356;MANAUS;AM;PLAYARTE CINEMAS LTDA.;60.434.149/0001-00
02/09/2020;02/09/2020 17:00:00;SONIC THE HEDGEHOG;SONIC - O FILME;E2000012200000;DUBLADO;NÃO;CANADÁ;5004882;CIRCUITO CINEMAS PBAS- SALA 04;4;6000028;15568;27873;PARAUAPEBAS;PA;CIRCUITO ENTRETENIMENTO E CINEMAS LTDA;08.068.712/0001-54
02/09/2020;02/09/2020 17:00:00;THE SECRET: DARE TO DREAM;O SEGREDO: OUSE SONHAR;E2000080600000;DUBLADO;NÃO;ESTADOS UNIDOS;5005308;CINEFLIX VÁRZEA GRANDE SHOPPING - SALA 5;1;6000014;24534;31101;VÁRZEA GRANDE;MT;REDECINE BSB CINEMATOGRÁFICA LTDA;18.087.870/0001-05
02/09/2020;02/09/2020 17:00:00;THE SECRET: DARE TO DREAM;O SEGREDO: OUSE SONHAR;E2000080600000;DUBLADO;NÃO;ESTADOS UNIDOS;5005325;UCI BRASIL - SUMAÚMA PARK SHOPPING MANAUS SALA 02;2;6000058;749;31265;MANAUS;AM;UNITED CINEMAS INTERNATIONAL BRASIL LTDA.;01.289.530/0001-64
02/09/2020;02/09/2020 17:10:00;JURASSIC WORLD: FALLEN KINGDOM;JURASSIC WORLD - REINO AMEAÇADO;E1800169900000;DUBLADO;NÃO;ESTADOS UNIDOS;5000081;KINOPLEX AMAZONAS SALA 03;25;6000037;1991;2393;MANAUS;AM;EMPRESA CINEMAS SÃO LUIZ S/A;33.497.660/0001-89
02/09/2020;02/09/2020 17:10:00;MARY;A POSSESSÃO DE MARY;E1900534600000;DUBLADO;NÃO;ESTADOS UNIDOS;5006494;CINE INTER SANTA INES 02;0;6000140;44834;44835;SANTA INÊS;MA;CINEINTER EXIBICOES CINEMATOGRAFICAS LTDA;35.477.354/0001-06
02/09/2020;02/09/2020 17:15:00;ABIGAIL;ABIGAIL E A CIDADE PROIBIDA;E1900348700000;DUBLADO;NÃO;RÚSSIA;5002727;SALA CINE PLAYARTE MANAUARA 04;20;6000049;260;16356;MANAUS;AM;PLAYARTE CINEMAS LTDA.;60.434.149/0001-00
02/09/2020;02/09/2020 17:20:00;GRETEL & HANSEL (2020);MARIA E JOÃO - O CONTO DAS BRUXAS;E1900467000000;DUBLADO;NÃO;ESTADOS UNIDOS;5005329;UCI BRASIL - SUMAÚMA PARK SHOPPING MANAUS SALA 06;6;6000058;749;31265;MANAUS;AM;UNITED CINEMAS INTERNATIONAL BRASIL LTDA.;01.289.530/0001-64
02/09/2020;02/09/2020 17:30:00;THE SECRET: DARE TO DREAM;O SEGREDO: OUSE SONHAR;E2000080600000;DUBLADO;NÃO;ESTADOS UNIDOS;5001149;CINE PORTO;0;;2351;2352;UBATUBA;SP;CINEMATOGRÁFICA LITORAL NORTE LTDA-EPP;04.165.613/0001-30
02/09/2020;02/09/2020 17:35:00;JOHN WICK 3: PARABELLUM;JOHN WICK 3: PARABELLUM;E1900126300000;DUBLADO;NÃO;ESTADOS UNIDOS;5005306;CINEFLIX VÁRZEA GRANDE SHOPPING - SALA 3;12;6000014;24534;31101;VÁRZEA GRANDE;MT;REDECINE BSB CINEMATOGRÁFICA LTDA;18.087.870/0001-05
02/09/2020;02/09/2020 17:40:00;21 BRIDGES;CRIME SEM SAÍDA;E1900482200000;DUBLADO;NÃO;ESTADOS UNIDOS;5005326;UCI BRASIL - SUMAÚMA PARK SHOPPING MANAUS SALA 03;6;6000058;749;31265;MANAUS;AM;UNITED CINEMAS INTERNATIONAL BRASIL LTDA.;01.289.530/0001-64
02/09/2020;02/09/2020 17:50:00;GRETEL & HANSEL (2020);MARIA E JOÃO - O CONTO DAS BRUXAS;E1900467000000;DUBLADO;NÃO;ESTADOS UNIDOS;5002723;SALA CINE PLAYARTE MANAUARA 03;21;6000049;260;16356;MANAUS;AM;PLAYARTE CINEMAS LTDA.;60.434.149/0001-00
02/09/2020;02/09/2020 17:50:00;KNIVES OUT;ENTRE FACAS E SEGREDOS;E1900395500000;DUBLADO;NÃO;ESTADOS UNIDOS;5005305;CINEFLIX VÁRZEA GRANDE SHOPPING - SALA 2;1;6000014;24534;31101;VÁRZEA GRANDE;MT;REDECINE BSB CINEMATOGRÁFICA LTDA;18.087.870/0001-05
02/09/2020;02/09/2020 18:00:00;EL ROBO DEL SIGLO;O ROUBO DO SÉCULO;E2000030900000;ORIGINAL;SIM;ARGENTINA;5002722;SALA CINE PLAYARTE MANAUARA 07;6;6000049;260;16356;MANAUS;AM;PLAYARTE CINEMAS LTDA.;60.434.149/0001-00
02/09/2020;02/09/2020 18:00:00;ONWARD;DOIS IRMÃOS: UMA JORNADA FANTÁSTICA;E1900366400000;DUBLADO;NÃO;ESTADOS UNIDOS;5004879;CIRCUITO CINEMAS PBAS- SALA 01;2;6000028;15568;27873;PARAUAPEBAS;PA;CIRCUITO ENTRETENIMENTO E CINEMAS LTDA;08.068.712/0001-54
02/09/2020;02/09/2020 18:00:00;QUEEN OF SPADES: THROUGH THE LOOKING GLASS;A MALDIÇÃO DO ESPELHO;E1900574500000;DUBLADO;NÃO;RÚSSIA;5005331;UCI BRASIL - SUMAÚMA PARK SHOPPING MANAUS SALA 08;30;6000058;749;31265;MANAUS;AM;UNITED CINEMAS INTERNATIONAL BRASIL LTDA.;01.289.530/0001-64
02/09/2020;02/09/2020 18:00:00;THE SECRET LIFE OF PETS 2;PETS: A VIDA SECRETA DOS BICHOS 2;E1900162100000;DUBLADO;NÃO;ESTADOS UNIDOS;5002102;CINE DRIVEIN;61;;5465;6715;BRASÍLIA;DF;STARK'S CINEMA E LANCHONETE LTDA.;32.917.296/0001-04
02/09/2020;02/09/2020 18:05:00;EL ROBO DEL SIGLO;O ROUBO DO SÉCULO;E2000030900000;ORIGINAL;SIM;ARGENTINA;5005304;CINEFLIX VÁRZEA GRANDE SHOPPING - SALA 1;1;6000014;24534;31101;VÁRZEA GRANDE;MT;REDECINE BSB CINEMATOGRÁFICA LTDA;18.087.870/0001-05
02/09/2020;02/09/2020 18:10:00;COUNTDOWN;A HORA DA SUA MORTE;E1900400200000;DUBLADO;NÃO;HOLANDA;5000079;KINOPLEX AMAZONAS SALA 01;13;6000037;1991;2393;MANAUS;AM;EMPRESA CINEMAS SÃO LUIZ S/A;33.497.660/0001-89
02/09/2020;02/09/2020 18:15:00;VOLUME MORTO;;B2000101100000;ORIGINAL;NÃO;BRASIL;5006578;CINE ARTE PAJUÇARA DRIVE-IN;1;;26591;26593;MACEIÓ;AL;ASSOCIAÇÃO CULTURAL ARTE PAJUÇARA - ACAP;19.442.911/0001-05
02/09/2020;02/09/2020 18:20:00;QUEEN OF SPADES: THROUGH THE LOOKING GLASS;A MALDIÇÃO DO ESPELHO;E1900574500000;DUBLADO;NÃO;RÚSSIA;5000080;KINOPLEX AMAZONAS SALA 02;22;6000037;1991;2393;MANAUS;AM;EMPRESA CINEMAS SÃO LUIZ S/A;33.497.660/0001-89
02/09/2020;02/09/2020 18:20:00;THE SECRET: DARE TO DREAM;O SEGREDO: OUSE SONHAR;E2000080600000;ORIGINAL;SIM;ESTADOS UNIDOS;5005309;CINEFLIX VÁRZEA GRANDE SHOPPING - SALA 6;0;6000014;24534;31101;VÁRZEA GRANDE;MT;REDECINE BSB CINEMATOGRÁFICA LTDA;18.087.870/0001-05
02/09/2020;02/09/2020 18:20:00;THE SECRET: DARE TO DREAM;O SEGREDO: OUSE SONHAR;E2000080600000;DUBLADO;NÃO;ESTADOS UNIDOS;5002721;SALA CINE PLAYARTE MANAUARA 01;3;6000049;260;16356;MANAUS;AM;PLAYARTE CINEMAS LTDA.;60.434.149/0001-00
02/09/2020;02/09/2020 18:30:00;ABOMINABLE;ABOMINÁVEL;E1900349400000;DUBLADO;NÃO;CHINA;5006568;CINE + ARTE XANGRI-LÁ DRIVE-IN;6;6000103;32155;45890;XANGRI-LÁ;RS;EWERTON LUIS DE SOUZA BRANDOLT;23.288.683/0001-20
02/09/2020;02/09/2020 18:30:00;DESPICABLE ME 3;MEU MALVADO FAVORITO 3;E1500759400000;DUBLADO;NÃO;ESTADOS UNIDOS;5006580;CINESYSTEM MORUMBI TOWN DRIVE-IN;14;6000027;22546;34941;SÃO PAULO;SP;REDECINE BRA CINEMATOGRÁFICA S.A.;15.422.993/0001-67
02/09/2020;02/09/2020 18:30:00;EL ROBO DEL SIGLO;O ROUBO DO SÉCULO;E2000030900000;ORIGINAL;SIM;ARGENTINA;5004881;CIRCUITO CINEMAS PBAS- SALA 03;0;6000028;15568;27873;PARAUAPEBAS;PA;CIRCUITO ENTRETENIMENTO E CINEMAS LTDA;08.068.712/0001-54
02/09/2020;02/09/2020 18:30:00;EL ROBO DEL SIGLO;O ROUBO DO SÉCULO;E2000030900000;ORIGINAL;SIM;ARGENTINA;5006574;DRIVE IN CINEART ALPHAVILLE;8;6000013;437;45925;NOVA LIMA;MG;DELTA FILMES LTDA;01.735.159/0001-17
02/09/2020;02/09/2020 18:30:00;EL ROBO DEL SIGLO;O ROUBO DO SÉCULO;E2000030900000;ORIGINAL;SIM;ARGENTINA;5004823;KINOPLEX AMAZONAS SALA 05;0;6000037;1991;2393;MANAUS;AM;EMPRESA CINEMAS SÃO LUIZ S/A;33.497.660/0001-89
02/09/2020;02/09/2020 18:30:00;SING;SING - QUEM CANTA SEUS MALES ESPANTA;E1600360800000;DUBLADO;NÃO;ESTADOS UNIDOS;5006619;DRIVE - GYN SERRA DOURADA 03;4;6000039;45898;46312;GOIÂNIA;GO;DRIVE-GYN ENTRETENIMENTO LTDA;37.109.882/0001-38
02/09/2020;02/09/2020 18:30:00;SONIC THE HEDGEHOG;SONIC - O FILME;E2000012200000;DUBLADO;NÃO;CANADÁ;5006623;CINEPLUS AUTOCINE SHOW DRIVE-IN;8;6000023;12893;46385;COLOMBO;PR;ESTILO PRODUÇÕES ARTISTICAS LTDA;03.293.165/0001-97
02/09/2020;02/09/2020 18:30:00;STORKS;CEGONHAS - A HISTÓRIA QUE NÃO TE CONTARAM;E1600405300000;DUBLADO;NÃO;ESTADOS UNIDOS;5006571;CINESYSTEM AMÉRICAS DRIVE-IN;17;6000027;5348;28834;RIO DE JANEIRO;RJ;REDECINE - RIO CINEMATOGRAFICA S.A.;07.524.011/0001-10
02/09/2020;02/09/2020 18:30:00;THE SECRET: DARE TO DREAM;O SEGREDO: OUSE SONHAR;E2000080600000;DUBLADO;NÃO;ESTADOS UNIDOS;5004822;KINOPLEX AMAZONAS SALA 04;18;6000037;1991;2393;MANAUS;AM;EMPRESA CINEMAS SÃO LUIZ S/A;33.497.660/0001-89
02/09/2020;02/09/2020 18:35:00;JUMANJI: NEXT LEVEL;JUMANJI: PROXIMA FASE;E1900458100000;DUBLADO;NÃO;ESTADOS UNIDOS;5005930;MOBI CINE AÇAILÂNDIA SALA 02;0;6000040;38236;38237;AÇAILÂNDIA;MA;C A V LEMOS E CIA LTDA - ME;14.717.191/0001-11
02/09/2020;02/09/2020 18:35:00;MY SPY;APRENDIZ DE ESPIÃ;E1900289600000;DUBLADO;NÃO;ESTADOS UNIDOS;5006610;CINESYSTEM DRIVE-IN AEROPORTO VITÓRIA;2;6000027;22546;46257;VITÓRIA;ES;REDECINE BRA CINEMATOGRÁFICA S.A.;15.422.993/0001-67
02/09/2020;02/09/2020 18:40:00;JURASSIC WORLD: FALLEN KINGDOM;JURASSIC WORLD - REINO AMEAÇADO;E1800169900000;DUBLADO;NÃO;ESTADOS UNIDOS;5006618;DRIVE - GYN SERRA DOURADA 02;7;6000039;45898;46312;GOIÂNIA;GO;DRIVE-GYN ENTRETENIMENTO LTDA;37.109.882/0001-38
02/09/2020;02/09/2020 18:50:00;MAMMA MIA! HERE WE GO AGAIN;MAMMA MIA! LÁ VAMOS NÓS DE NOVO;E1800169700000;ORIGINAL;SIM;ESTADOS UNIDOS;5006617;DRIVE - GYN SERRA DOURADA 01;2;6000039;45898;46312;GOIÂNIA;GO;DRIVE-GYN ENTRETENIMENTO LTDA;37.109.882/0001-38
02/09/2020;02/09/2020 19:00:00;BLOODSHOT;BLOODSHOT;E1900579400000;DUBLADO;NÃO;ESTADOS UNIDOS;5004880;CIRCUITO CINEMAS PBAS- SALA 02;8;6000028;15568;27873;PARAUAPEBAS;PA;CIRCUITO ENTRETENIMENTO E CINEMAS LTDA;08.068.712/0001-54
02/09/2020;02/09/2020 19:00:00;JOHN WICK 3: PARABELLUM;JOHN WICK 3: PARABELLUM;E1900126300000;DUBLADO;NÃO;ESTADOS UNIDOS;5006494;CINE INTER SANTA INES 02;1;6000140;44834;44835;SANTA INÊS;MA;CINEINTER EXIBICOES CINEMATOGRAFICAS LTDA;35.477.354/0001-06
02/09/2020;02/09/2020 19:00:00;QUEEN OF SPADES: THROUGH THE LOOKING GLASS;A MALDIÇÃO DO ESPELHO;E1900574500000;DUBLADO;NÃO;RÚSSIA;5005307;CINEFLIX VÁRZEA GRANDE SHOPPING - SALA 4;6;6000014;24534;31101;VÁRZEA GRANDE;MT;REDECINE BSB CINEMATOGRÁFICA LTDA;18.087.870/0001-05
02/09/2020;02/09/2020 19:00:00;SMALLFOOT;PÉPEQUENO;E1800215200000;DUBLADO;NÃO;ESTADOS UNIDOS;5006579;CINESYSTEM BRÁS DRIVE-IN;4;6000027;22546;34941;SÃO PAULO;SP;REDECINE BRA CINEMATOGRÁFICA S.A.;15.422.993/0001-67
02/09/2020;02/09/2020 19:00:00;THE INVISIBLE MAN;O HOMEM INVISÍVEL;E1900438600000;DUBLADO;NÃO;AUSTRÁLIA;5005327;UCI BRASIL - SUMAÚMA PARK SHOPPING MANAUS SALA 04;14;6000058;749;31265;MANAUS;AM;UNITED CINEMAS INTERNATIONAL BRASIL LTDA.;01.289.530/0001-64
02/09/2020;02/09/2020 19:00:00;THE JUNGLE BOOK;MOGLI - O MENINO LOBO;E1600127500000;DUBLADO;NÃO;ESTADOS UNIDOS;5006567;CINESHOW TUBARÃO DRIVE-IN;1;6000025;33770;33771;TUBARÃO;SC;TUBARÃO FILMES LTDA;24.971.903/0001-88
02/09/2020;02/09/2020 19:10:00;THE SECRET: DARE TO DREAM;O SEGREDO: OUSE SONHAR;E2000080600000;ORIGINAL;SIM;ESTADOS UNIDOS;5002726;SALA CINE PLAYARTE MANAUARA 06;4;6000049;260;16356;MANAUS;AM;PLAYARTE CINEMAS LTDA.;60.434.149/0001-00
02/09/2020;02/09/2020 19:15:00;MARY;A POSSESSÃO DE MARY;E1900534600000;DUBLADO;NÃO;ESTADOS UNIDOS;5006493;CINE INTER SANTA INES 01;9;6000140;44834;44835;SANTA INÊS;MA;CINEINTER EXIBICOES CINEMATOGRAFICAS LTDA;35.477.354/0001-06
02/09/2020;02/09/2020 19:15:00;MINHA MÃE É UMA PEÇA 3;;B1900576900000;ORIGINAL;NÃO;BRASIL;5004882;CIRCUITO CINEMAS PBAS- SALA 04;9;6000028;15568;27873;PARAUAPEBAS;PA;CIRCUITO ENTRETENIMENTO E CINEMAS LTDA;08.068.712/0001-54
02/09/2020;02/09/2020 19:15:00;QUEEN OF SPADES: THROUGH THE LOOKING GLASS;A MALDIÇÃO DO ESPELHO;E1900574500000;DUBLADO;NÃO;RÚSSIA;5005931;MOBI CINE AÇAILÂNDIA SALA 03;0;6000040;38236;38237;AÇAILÂNDIA;MA;C A V LEMOS E CIA LTDA - ME;14.717.191/0001-11
02/09/2020;02/09/2020 19:20:00;EL ROBO DEL SIGLO;O ROUBO DO SÉCULO;E2000030900000;ORIGINAL;SIM;ARGENTINA;5005328;UCI BRASIL - SUMAÚMA PARK SHOPPING MANAUS SALA 05;0;6000058;749;31265;MANAUS;AM;UNITED CINEMAS INTERNATIONAL BRASIL LTDA.;01.289.530/0001-64
02/09/2020;02/09/2020 19:40:00;DOLITTLE;DOLITTLE;E1900437900000;DUBLADO;NÃO;ESTADOS UNIDOS;5002727;SALA CINE PLAYARTE MANAUARA 04;22;6000049;260;16356;MANAUS;AM;PLAYARTE CINEMAS LTDA.;60.434.149/0001-00
02/09/2020;02/09/2020 19:40:00;THE SECRET: DARE TO DREAM;O SEGREDO: OUSE SONHAR;E2000080600000;DUBLADO;NÃO;ESTADOS UNIDOS;5001149;CINE PORTO;0;;2351;2352;UBATUBA;SP;CINEMATOGRÁFICA LITORAL NORTE LTDA-EPP;04.165.613/0001-30
02/09/2020;02/09/2020 19:40:00;THE SECRET: DARE TO DREAM;O SEGREDO: OUSE SONHAR;E2000080600000;DUBLADO;NÃO;ESTADOS UNIDOS;5005308;CINEFLIX VÁRZEA GRANDE SHOPPING - SALA 5;6;6000014;24534;31101;VÁRZEA GRANDE;MT;REDECINE BSB CINEMATOGRÁFICA LTDA;18.087.870/0001-05
02/09/2020;02/09/2020 20:00:00;ALADDIN;ALADDIN;E1900188100000;ORIGINAL;NÃO;ESTADOS UNIDOS;5002102;CINE DRIVEIN;61;;5465;6715;BRASÍLIA;DF;STARK'S CINEMA E LANCHONETE LTDA.;32.917.296/0001-04
02/09/2020;02/09/2020 20:00:00;BIRDS OF PREY (AND THE FANTABULOUS EMANCIPATION OF ONE HARLEY QUINN);AVES DE RAPINA (ARLEQUINA E SUA EMANCIPAÇÃO FANTABULOSA);E1900628800000;DUBLADO;NÃO;ESTADOS UNIDOS;5006620;CINEMAIS MONTES CLAROS DRIVE IN;6;6000017;2892;23844;MONTES CLAROS;MG;CINEMAIS CINEMAS LTDA;03.868.869/0001-40
02/09/2020;02/09/2020 20:00:00;DOCTOR SLEEP;DOUTOR SONO;E1900463600000;DUBLADO;NÃO;ESTADOS UNIDOS;5002723;SALA CINE PLAYARTE MANAUARA 03;20;6000049;260;16356;MANAUS;AM;PLAYARTE CINEMAS LTDA.;60.434.149/0001-00
02/09/2020;02/09/2020 20:00:00;ONTEM HAVIA COISAS ESTRANHAS NO CÉU;;B1900231600000;ORIGINAL;NÃO;BRASIL;5006578;CINE ARTE PAJUÇARA DRIVE-IN;0;;26591;26593;MACEIÓ;AL;ASSOCIAÇÃO CULTURAL ARTE PAJUÇARA - ACAP;19.442.911/0001-05
02/09/2020;02/09/2020 20:00:00;THE SECRET: DARE TO DREAM;O SEGREDO: OUSE SONHAR;E2000080600000;DUBLADO;NÃO;ESTADOS UNIDOS;5000081;KINOPLEX AMAZONAS SALA 03;7;6000037;1991;2393;MANAUS;AM;EMPRESA CINEMAS SÃO LUIZ S/A;33.497.660/0001-89
02/09/2020;02/09/2020 20:00:00;THE SECRET: DARE TO DREAM;O SEGREDO: OUSE SONHAR;E2000080600000;DUBLADO;NÃO;ESTADOS UNIDOS;5005325;UCI BRASIL - SUMAÚMA PARK SHOPPING MANAUS SALA 02;8;6000058;749;31265;MANAUS;AM;UNITED CINEMAS INTERNATIONAL BRASIL LTDA.;01.289.530/0001-64
02/09/2020;02/09/2020 20:15:00;JOHN WICK 3: PARABELLUM;JOHN WICK 3: PARABELLUM;E1900126300000;DUBLADO;NÃO;ESTADOS UNIDOS;5005306;CINEFLIX VÁRZEA GRANDE SHOPPING - SALA 3;7;6000014;24534;31101;VÁRZEA GRANDE;MT;REDECINE BSB CINEMATOGRÁFICA LTDA;18.087.870/0001-05
02/09/2020;02/09/2020 20:20:00;QUEEN OF SPADES: THROUGH THE LOOKING GLASS;A MALDIÇÃO DO ESPELHO;E1900574500000;DUBLADO;NÃO;RÚSSIA;5005331;UCI BRASIL - SUMAÚMA PARK SHOPPING MANAUS SALA 08;28;6000058;749;31265;MANAUS;AM;UNITED CINEMAS INTERNATIONAL BRASIL LTDA.;01.289.530/0001-64
02/09/2020;02/09/2020 20:25:00;EL ROBO DEL SIGLO;O ROUBO DO SÉCULO;E2000030900000;ORIGINAL;SIM;ARGENTINA;5006580;CINESYSTEM MORUMBI TOWN DRIVE-IN;23;6000027;22546;34941;SÃO PAULO;SP;REDECINE BRA CINEMATOGRÁFICA S.A.;15.422.993/0001-67
02/09/2020;02/09/2020 20:30:00;BACURAU;;B1900232600000;ORIGINAL;SIM;FRANÇA;5006572;CINE 14 BIS DRIVE-IN;2;;5822;6623;GUAXUPÉ;MG;GUAXUPE PROMOCOES E EVENTOS LTDA;03.929.354/0001-03
02/09/2020;02/09/2020 20:30:00;EL ROBO DEL SIGLO;O ROUBO DO SÉCULO;E2000030900000;ORIGINAL;SIM;ARGENTINA;5002722;SALA CINE PLAYARTE MANAUARA 07;7;6000049;260;16356;MANAUS;AM;PLAYARTE CINEMAS LTDA.;60.434.149/0001-00
02/09/2020;02/09/2020 20:30:00;JOKER;CORINGA;E1900357300000;DUBLADO;NÃO;CANADÁ;5004879;CIRCUITO CINEMAS PBAS- SALA 01;5;6000028;15568;27873;PARAUAPEBAS;PA;CIRCUITO ENTRETENIMENTO E CINEMAS LTDA;08.068.712/0001-54
02/09/2020;02/09/2020 20:30:00;KNIVES OUT;ENTRE FACAS E SEGREDOS;E1900395500000;DUBLADO;NÃO;ESTADOS UNIDOS;5005305;CINEFLIX VÁRZEA GRANDE SHOPPING - SALA 2;5;6000014;24534;31101;VÁRZEA GRANDE;MT;REDECINE BSB CINEMATOGRÁFICA LTDA;18.087.870/0001-05
02/09/2020;02/09/2020 20:30:00;MACABRO;;B1900618000000;ORIGINAL;NÃO;BRASIL;5006571;CINESYSTEM AMÉRICAS DRIVE-IN;17;6000027;5348;28834;RIO DE JANEIRO;RJ;REDECINE - RIO CINEMATOGRAFICA S.A.;07.524.011/0001-10
02/09/2020;02/09/2020 20:30:00;QUEEN OF SPADES: THROUGH THE LOOKING GLASS;A MALDIÇÃO DO ESPELHO;E1900574500000;DUBLADO;NÃO;RÚSSIA;5000079;KINOPLEX AMAZONAS SALA 01;28;6000037;1991;2393;MANAUS;AM;EMPRESA CINEMAS SÃO LUIZ S/A;33.497.660/0001-89
02/09/2020;02/09/2020 20:40:00;1917;1917;E1900439000000;DUBLADO;NÃO;ESTADOS UNIDOS;5006568;CINE + ARTE XANGRI-LÁ DRIVE-IN;3;6000103;32155;45890;XANGRI-LÁ;RS;EWERTON LUIS DE SOUZA BRANDOLT;23.288.683/0001-20
02/09/2020;02/09/2020 20:40:00;THE SUN IS ALSO A STAR;O SOL TAMBÉM É UMA ESTRELA;E1900164200000;DUBLADO;NÃO;ESTADOS UNIDOS;5006610;CINESYSTEM DRIVE-IN AEROPORTO VITÓRIA;4;6000027;22546;46257;VITÓRIA;ES;REDECINE BRA CINEMATOGRÁFICA S.A.;15.422.993/0001-67
02/09/2020;02/09/2020 20:45:00;EL ROBO DEL SIGLO;O ROUBO DO SÉCULO;E2000030900000;ORIGINAL;SIM;ARGENTINA;5005304;CINEFLIX VÁRZEA GRANDE SHOPPING - SALA 1;0;6000014;24534;31101;VÁRZEA GRANDE;MT;REDECINE BSB CINEMATOGRÁFICA LTDA;18.087.870/0001-05
02/09/2020;02/09/2020 20:45:00;FIFTY SHADES FREED;CINQUENTA TONS DE LIBERDADE;E1700536700000;ORIGINAL;SIM;ESTADOS UNIDOS;5006619;DRIVE - GYN SERRA DOURADA 03;5;6000039;45898;46312;GOIÂNIA;GO;DRIVE-GYN ENTRETENIMENTO LTDA;37.109.882/0001-38
02/09/2020;02/09/2020 20:50:00;EL ROBO DEL SIGLO;O ROUBO DO SÉCULO;E2000030900000;ORIGINAL;SIM;ARGENTINA;5000080;KINOPLEX AMAZONAS SALA 02;14;6000037;1991;2393;MANAUS;AM;EMPRESA CINEMAS SÃO LUIZ S/A;33.497.660/0001-89
02/09/2020;02/09/2020 20:50:00;QUEEN OF SPADES: THROUGH THE LOOKING GLASS;A MALDIÇÃO DO ESPELHO;E1900574500000;DUBLADO;NÃO;RÚSSIA;5005307;CINEFLIX VÁRZEA GRANDE SHOPPING - SALA 4;15;6000014;24534;31101;VÁRZEA GRANDE;MT;REDECINE BSB CINEMATOGRÁFICA LTDA;18.087.870/0001-05
02/09/2020;02/09/2020 20:50:00;THE SECRET: DARE TO DREAM;O SEGREDO: OUSE SONHAR;E2000080600000;DUBLADO;NÃO;ESTADOS UNIDOS;5002721;SALA CINE PLAYARTE MANAUARA 01;8;6000049;260;16356;MANAUS;AM;PLAYARTE CINEMAS LTDA.;60.434.149/0001-00
02/09/2020;02/09/2020 21:00:00;BLOODSHOT;BLOODSHOT;E1900579400000;DUBLADO;NÃO;ESTADOS UNIDOS;5005930;MOBI CINE AÇAILÂNDIA SALA 02;7;6000040;38236;38237;AÇAILÂNDIA;MA;C A V LEMOS E CIA LTDA - ME;14.717.191/0001-11
02/09/2020;02/09/2020 21:00:00;EL AMOR MENOS PENSADO;UM AMOR INESPERADO;E1800483600000;ORIGINAL;SIM;ARGENTINA;5006617;DRIVE - GYN SERRA DOURADA 01;5;6000039;45898;46312;GOIÂNIA;GO;DRIVE-GYN ENTRETENIMENTO LTDA;37.109.882/0001-38
02/09/2020;02/09/2020 21:00:00;EL ROBO DEL SIGLO;O ROUBO DO SÉCULO;E2000030900000;ORIGINAL;SIM;ARGENTINA;5004881;CIRCUITO CINEMAS PBAS- SALA 03;0;6000028;15568;27873;PARAUAPEBAS;PA;CIRCUITO ENTRETENIMENTO E CINEMAS LTDA;08.068.712/0001-54
02/09/2020;02/09/2020 21:00:00;LONG SHOT;CASAL IMPROVÁVEL;E1900126800000;DUBLADO;NÃO;ESTADOS UNIDOS;5006493;CINE INTER SANTA INES 01;6;6000140;44834;44835;SANTA INÊS;MA;CINEINTER EXIBICOES CINEMATOGRAFICAS LTDA;35.477.354/0001-06
02/09/2020;02/09/2020 21:00:00;QUEEN OF SPADES: THROUGH THE LOOKING GLASS;A MALDIÇÃO DO ESPELHO;E1900574500000;DUBLADO;NÃO;RÚSSIA;5005931;MOBI CINE AÇAILÂNDIA SALA 03;6;6000040;38236;38237;AÇAILÂNDIA;MA;C A V LEMOS E CIA LTDA - ME;14.717.191/0001-11
02/09/2020;02/09/2020 21:00:00;THE SECRET: DARE TO DREAM;O SEGREDO: OUSE SONHAR;E2000080600000;DUBLADO;NÃO;ESTADOS UNIDOS;5005309;CINEFLIX VÁRZEA GRANDE SHOPPING - SALA 6;0;6000014;24534;31101;VÁRZEA GRANDE;MT;REDECINE BSB CINEMATOGRÁFICA LTDA;18.087.870/0001-05
02/09/2020;02/09/2020 21:00:00;THE SECRET: DARE TO DREAM;O SEGREDO: OUSE SONHAR;E2000080600000;DUBLADO;NÃO;ESTADOS UNIDOS;5004822;KINOPLEX AMAZONAS SALA 04;6;6000037;1991;2393;MANAUS;AM;EMPRESA CINEMAS SÃO LUIZ S/A;33.497.660/0001-89
02/09/2020;02/09/2020 21:10:00;THE FATE OF THE FURIOUS;VELOZES E FURIOSOS 8;E1700045600000;DUBLADO;NÃO;FRANÇA;5006574;DRIVE IN CINEART ALPHAVILLE;8;6000013;437;45925;NOVA LIMA;MG;DELTA FILMES LTDA;01.735.159/0001-17
02/09/2020;02/09/2020 21:10:00;THE INVISIBLE MAN;O HOMEM INVISÍVEL;E1900438600000;DUBLADO;NÃO;AUSTRÁLIA;5004823;KINOPLEX AMAZONAS SALA 05;0;6000037;1991;2393;MANAUS;AM;EMPRESA CINEMAS SÃO LUIZ S/A;33.497.660/0001-89
02/09/2020;02/09/2020 21:15:00;A QUIET PLACE;UM LUGAR SILENCIOSO;E1800074200000;ORIGINAL;SIM;ESTADOS UNIDOS;5006618;DRIVE - GYN SERRA DOURADA 02;10;6000039;45898;46312;GOIÂNIA;GO;DRIVE-GYN ENTRETENIMENTO LTDA;37.109.882/0001-38
02/09/2020;02/09/2020 21:15:00;A STAR IS BORN;NASCE UMA ESTRELA;E1800303500000;ORIGINAL;SIM;ESTADOS UNIDOS;5006579;CINESYSTEM BRÁS DRIVE-IN;2;6000027;22546;34941;SÃO PAULO;SP;REDECINE BRA CINEMATOGRÁFICA S.A.;15.422.993/0001-67
02/09/2020;02/09/2020 21:30:00;BLACK PANTHER;PANTERA NEGRA;E1700512400000;DUBLADO;NÃO;ESTADOS UNIDOS;5006567;CINESHOW TUBARÃO DRIVE-IN;10;6000025;33770;33771;TUBARÃO;SC;TUBARÃO FILMES LTDA;24.971.903/0001-88
02/09/2020;02/09/2020 21:30:00;BLOODSHOT;BLOODSHOT;E1900579400000;DUBLADO;NÃO;ESTADOS UNIDOS;5004880;CIRCUITO CINEMAS PBAS- SALA 02;2;6000028;15568;27873;PARAUAPEBAS;PA;CIRCUITO ENTRETENIMENTO E CINEMAS LTDA;08.068.712/0001-54
02/09/2020;02/09/2020 21:30:01;MARY;A POSSESSÃO DE MARY;E1900534600000;DUBLADO;NÃO;ESTADOS UNIDOS;5006494;CINE INTER SANTA INES 02;11;6000140;44834;44835;SANTA INÊS;MA;CINEINTER EXIBICOES CINEMATOGRAFICAS LTDA;35.477.354/0001-06
02/09/2020;02/09/2020 21:45:00;MINHA MÃE É UMA PEÇA 3;;B1900576900000;ORIGINAL;NÃO;BRASIL;5004882;CIRCUITO CINEMAS PBAS- SALA 04;0;6000028;15568;27873;PARAUAPEBAS;PA;CIRCUITO ENTRETENIMENTO E CINEMAS LTDA;08.068.712/0001-54
02/09/2020;02/09/2020 22:30:00;EL ROBO DEL SIGLO;O ROUBO DO SÉCULO;E2000030900000;ORIGINAL;SIM;ARGENTINA;5002102;CINE DRIVEIN;61;;5465;6715;BRASÍLIA;DF;STARK'S CINEMA E LANCHONETE LTDA.;32.917.296/0001-04
02/09/2020;02/09/2020 22:30:00;JOKER;CORINGA;E1900357300000;DUBLADO;NÃO;CANADÁ;5006571;CINESYSTEM AMÉRICAS DRIVE-IN;28;6000027;5348;28834;RIO DE JANEIRO;RJ;REDECINE - RIO CINEMATOGRAFICA S.A.;07.524.011/0001-10
02/09/2020;02/09/2020 22:45:00;JURASSIC WORLD: FALLEN KINGDOM;JURASSIC WORLD - REINO AMEAÇADO;E1800169900000;DUBLADO;NÃO;ESTADOS UNIDOS;5006610;CINESYSTEM DRIVE-IN AEROPORTO VITÓRIA;0;6000027;22546;46257;VITÓRIA;ES;REDECINE BRA CINEMATOGRÁFICA S.A.;15.422.993/0001-67
02/09/2020;02/09/2020 22:45:00;THE SHACK;A CABANA;E1700059700000;ORIGINAL;SIM;ESTADOS UNIDOS;5006580;CINESYSTEM MORUMBI TOWN DRIVE-IN;8;6000027;22546;34941;SÃO PAULO;SP;REDECINE BRA CINEMATOGRÁFICA S.A.;15.422.993/0001-67
02/09/2020;02/09/2020 23:00:00;THE INVISIBLE MAN;O HOMEM INVISÍVEL;E1900438600000;DUBLADO;NÃO;AUSTRÁLIA;5006568;CINE + ARTE XANGRI-LÁ DRIVE-IN;1;6000103;32155;45890;XANGRI-LÁ;RS;EWERTON LUIS DE SOUZA BRANDOLT;23.288.683/0001-20
03/09/2020;03/09/2020 13:00:00;EL ROBO DEL SIGLO;O ROUBO DO SÉCULO;E2000030900000;ORIGINAL;SIM;ARGENTINA;5004880;CIRCUITO CINEMAS PBAS- SALA 02;0;6000028;15568;27873;PARAUAPEBAS;PA;CIRCUITO ENTRETENIMENTO E CINEMAS LTDA;08.068.712/0001-54
03/09/2020;03/09/2020 13:00:00;THE MATRIX;MATRIX;E1500096600000;ORIGINAL;SIM;AUSTRÁLIA;5005338;CINEMAS BENFICA - SALA 4;0;;15690;15691;FORTALEZA;CE;CINEMAS BENFICA LTDA;07.509.597/0001-43
03/09/2020;03/09/2020 13:30:00;SONIC THE HEDGEHOG;SONIC - O FILME;E2000012200000;DUBLADO;NÃO;CANADÁ;5004882;CIRCUITO CINEMAS PBAS- SALA 04;0;6000028;15568;27873;PARAUAPEBAS;PA;CIRCUITO ENTRETENIMENTO E CINEMAS LTDA;08.068.712/0001-54
03/09/2020;03/09/2020 13:30:00;SPIDER-MAN: INTO THE SPIDER-VERSE;HOMEM-ARANHA NO ARANHAVERSO;E1800533700000;DUBLADO;NÃO;ESTADOS UNIDOS;5002603;CINEMAS BENFICA - SALA 1;0;;15690;15691;FORTALEZA;CE;CINEMAS BENFICA LTDA;07.509.597/0001-43
03/09/2020;03/09/2020 13:40:00;QUEEN OF SPADES: THROUGH THE LOOKING GLASS;A MALDIÇÃO DO ESPELHO;E1900574500000;DUBLADO;NÃO;RÚSSIA;5006476;REDECINE SUMARE 05;0;6000014;5654;44547;SUMARÉ;SP;REDECINE-CPQ CINEMATOGRÁFICA LTDA;07.665.262/0001-14
03/09/2020;03/09/2020 13:50:00;BLACK PANTHER;PANTERA NEGRA;E1700512400000;DUBLADO;NÃO;ESTADOS UNIDOS;5002564;CINE CATARATAS 1;2;;15565;15566;FOZ DO IGUAÇU;PR;CINE CATARATAS LTDA;09.010.219/0001-46
03/09/2020;03/09/2020 13:50:00;Eventos Esportivos;;G0000000000001;DUBLADO;NÃO;;5006475;REDECINE SUMARE 04;3;6000014;5654;44547;SUMARÉ;SP;REDECINE-CPQ CINEMATOGRÁFICA LTDA;07.665.262/0001-14
03/09/2020;03/09/2020 13:50:00;TURMA DA MÔNICA - LAÇOS;;B1900235500000;ORIGINAL;NÃO;BRASIL;5005304;CINEFLIX VÁRZEA GRANDE SHOPPING - SALA 1;0;6000014;24534;31101;VÁRZEA GRANDE;MT;REDECINE BSB CINEMATOGRÁFICA LTDA;18.087.870/0001-05
03/09/2020;03/09/2020 14:00:00;ONWARD;DOIS IRMÃOS: UMA JORNADA FANTÁSTICA;E1900366400000;DUBLADO;NÃO;ESTADOS UNIDOS;5004879;CIRCUITO CINEMAS PBAS- SALA 01;0;6000028;15568;27873;PARAUAPEBAS;PA;CIRCUITO ENTRETENIMENTO E CINEMAS LTDA;08.068.712/0001-54
03/09/2020;03/09/2020 14:00:00;SPIDER-MAN: INTO THE SPIDER-VERSE;HOMEM-ARANHA NO ARANHAVERSO;E1800533700000;DUBLADO;NÃO;ESTADOS UNIDOS;5005094;CINÉPOLIS SÃO GONÇALO SHOPPING - SALA 3;0;6000024;17266;30088;SÃO GONÇALO;RJ;CINEPOLIS OPERADORA DE CINEMAS DO BRASIL LTDA;09.652.820/0001-32
03/09/2020;03/09/2020 14:30:00;EL ROBO DEL SIGLO;O ROUBO DO SÉCULO;E2000030900000;ORIGINAL;SIM;ARGENTINA;5006472;REDECINE SUMARE 01;0;6000014;5654;44547;SUMARÉ;SP;REDECINE-CPQ CINEMATOGRÁFICA LTDA;07.665.262/0001-14
03/09/2020;03/09/2020 14:40:00;THE LION KING;O REI LEÃO;E1900267700000;DUBLADO;NÃO;ESTADOS UNIDOS;5002721;SALA CINE PLAYARTE MANAUARA 01;0;6000049;260;16356;MANAUS;AM;PLAYARTE CINEMAS LTDA.;60.434.149/0001-00
03/09/2020;03/09/2020 15:00:00;21 BRIDGES;CRIME SEM SAÍDA;E1900482200000;DUBLADO;NÃO;ESTADOS UNIDOS;5005328;UCI BRASIL - SUMAÚMA PARK SHOPPING MANAUS SALA 05;7;6000058;749;31265;MANAUS;AM;UNITED CINEMAS INTERNATIONAL BRASIL LTDA.;01.289.530/0001-64
03/09/2020;03/09/2020 15:00:00;E.T. THE EXTRA-TERRESTRIAL;E.T. O EXTRATERRESTRE;E1402648300000;DUBLADO;NÃO;ESTADOS UNIDOS;5000079;KINOPLEX AMAZONAS SALA 01;8;6000037;1991;2393;MANAUS;AM;EMPRESA CINEMAS SÃO LUIZ S/A;33.497.660/0001-89
03/09/2020;03/09/2020 15:00:00;EL ROBO DEL SIGLO;O ROUBO DO SÉCULO;E2000030900000;ORIGINAL;SIM;ARGENTINA;5005152;CINÉPOLIS MILLENNIUM - SALA 4;0;6000024;17266;30116;MANAUS;AM;CINEPOLIS OPERADORA DE CINEMAS DO BRASIL LTDA;09.652.820/0001-32
03/09/2020;03/09/2020 15:00:00;GRETEL & HANSEL (2020);MARIA E JOÃO - O CONTO DAS BRUXAS;E1900467000000;ORIGINAL;SIM;ESTADOS UNIDOS;5005426;UCI BRASIL - SHOPPING BOSQUE GRÃO PARÁ SALA 01;1;6000058;749;32026;BELÉM;PA;UNITED CINEMAS INTERNATIONAL BRASIL LTDA.;01.289.530/0001-64
03/09/2020;03/09/2020 15:00:00;Mostras e Festivais;;G0000000000004;DUBLADO;NÃO;;5000162;NORTH SHOPPING 3;0;6000037;1991;2414;FORTALEZA;CE;EMPRESA CINEMAS SÃO LUIZ S/A;33.497.660/0001-89
03/09/2020;03/09/2020 15:00:00;ONWARD;DOIS IRMÃOS: UMA JORNADA FANTÁSTICA;E1900366400000;DUBLADO;NÃO;ESTADOS UNIDOS;5005309;CINEFLIX VÁRZEA GRANDE SHOPPING - SALA 6;10;6000014;24534;31101;VÁRZEA GRANDE;MT;REDECINE BSB CINEMATOGRÁFICA LTDA;18.087.870/0001-05
03/09/2020;03/09/2020 15:00:00;THE SECRET: DARE TO DREAM;O SEGREDO: OUSE SONHAR;E2000080600000;DUBLADO;NÃO;ESTADOS UNIDOS;5002937;SALA 06;0;6000024;17266;17763;BELÉM;PA;CINEPOLIS OPERADORA DE CINEMAS DO BRASIL LTDA;09.652.820/0001-32
03/09/2020;03/09/2020 15:05:00;ONWARD;DOIS IRMÃOS: UMA JORNADA FANTÁSTICA;E1900366400000;DUBLADO;NÃO;ESTADOS UNIDOS;5005306;CINEFLIX VÁRZEA GRANDE SHOPPING - SALA 3;0;6000014;24534;31101;VÁRZEA GRANDE;MT;REDECINE BSB CINEMATOGRÁFICA LTDA;18.087.870/0001-05
03/09/2020;03/09/2020 15:10:00;TURMA DA MÔNICA - LAÇOS;;B1900235500000;ORIGINAL;NÃO;BRASIL;5006473;REDECINE SUMARE 02;0;6000014;5654;44547;SUMARÉ;SP;REDECINE-CPQ CINEMATOGRÁFICA LTDA;07.665.262/0001-14
03/09/2020;03/09/2020 15:15:00;ESCAPE FROM PRETORIA;FUGA DE PRETÓRIA;E2000249400000;ORIGINAL;SIM;ÁFRICA DO SUL;5005149;CINÉPOLIS MILLENNIUM - SALA 1;0;6000024;17266;30116;MANAUS;AM;CINEPOLIS OPERADORA DE CINEMAS DO BRASIL LTDA;09.652.820/0001-32
03/09/2020;03/09/2020 15:15:00;Mostras e Festivais;;G0000000000004;DUBLADO;NÃO;;5006073;CINE A ALTAMIRA SALA 03;4;6000008;28464;33426;ALTAMIRA;PA;CINE A MARABA LTDA;21.160.773/0001-05
03/09/2020;03/09/2020 15:20:00;BLOODSHOT;BLOODSHOT;E1900579400000;DUBLADO;NÃO;ESTADOS UNIDOS;5000160;NORTH SHOPPING 1;8;6000037;1991;2414;FORTALEZA;CE;EMPRESA CINEMAS SÃO LUIZ S/A;33.497.660/0001-89
03/09/2020;03/09/2020 15:20:00;Mostras e Festivais;;G0000000000004;DUBLADO;NÃO;;5004880;CIRCUITO CINEMAS PBAS- SALA 02;0;6000028;15568;27873;PARAUAPEBAS;PA;CIRCUITO ENTRETENIMENTO E CINEMAS LTDA;08.068.712/0001-54
03/09/2020;03/09/2020 15:20:00;THE SECRET: DARE TO DREAM;O SEGREDO: OUSE SONHAR;E2000080600000;DUBLADO;NÃO;ESTADOS UNIDOS;5001149;CINE PORTO;0;;2351;2352;UBATUBA;SP;CINEMATOGRÁFICA LITORAL NORTE LTDA-EPP;04.165.613/0001-30
03/09/2020;03/09/2020 15:20:00;THE SECRET: DARE TO DREAM;O SEGREDO: OUSE SONHAR;E2000080600000;DUBLADO;NÃO;ESTADOS UNIDOS;5005305;CINEFLIX VÁRZEA GRANDE SHOPPING - SALA 2;2;6000014;24534;31101;VÁRZEA GRANDE;MT;REDECINE BSB CINEMATOGRÁFICA LTDA;18.087.870/0001-05
03/09/2020;03/09/2020 15:20:00;THE SECRET: DARE TO DREAM;O SEGREDO: OUSE SONHAR;E2000080600000;DUBLADO;NÃO;ESTADOS UNIDOS;5000081;KINOPLEX AMAZONAS SALA 03;5;6000037;1991;2393;MANAUS;AM;EMPRESA CINEMAS SÃO LUIZ S/A;33.497.660/0001-89
03/09/2020;03/09/2020 15:30:00;E.T. THE EXTRA-TERRESTRIAL;E.T. O EXTRATERRESTRE;E1402648300000;DUBLADO;NÃO;ESTADOS UNIDOS;5005428;UCI BRASIL - SHOPPING BOSQUE GRÃO PARÁ SALA 03;0;6000058;749;32026;BELÉM;PA;UNITED CINEMAS INTERNATIONAL BRASIL LTDA.;01.289.530/0001-64
03/09/2020;03/09/2020 15:30:00;ESCAPE FROM PRETORIA;FUGA DE PRETÓRIA;E2000249400000;DUBLADO;NÃO;ÁFRICA DO SUL;5002723;SALA CINE PLAYARTE MANAUARA 03;9;6000049;260;16356;MANAUS;AM;PLAYARTE CINEMAS LTDA.;60.434.149/0001-00
03/09/2020;03/09/2020 15:30:00;ESCAPE FROM PRETORIA;FUGA DE PRETÓRIA;E2000249400000;DUBLADO;NÃO;ÁFRICA DO SUL;5005325;UCI BRASIL - SUMAÚMA PARK SHOPPING MANAUS SALA 02;4;6000058;749;31265;MANAUS;AM;UNITED CINEMAS INTERNATIONAL BRASIL LTDA.;01.289.530/0001-64
03/09/2020;03/09/2020 15:30:00;Eventos Esportivos;;G0000000000001;DUBLADO;NÃO;;5006474;REDECINE SUMARE 03;0;6000014;5654;44547;SUMARÉ;SP;REDECINE-CPQ CINEMATOGRÁFICA LTDA;07.665.262/0001-14
03/09/2020;03/09/2020 15:30:00;INSIDE OUT;DIVERTIDA MENTE;E1500351400000;DUBLADO;NÃO;ESTADOS UNIDOS;5006356;MULTICINE IANDE SHOPPING 1;2;6000045;5935;43968;CAUCAIA;CE;MULTICINE CINEMAS LTDA;07.609.246/0001-04
03/09/2020;03/09/2020 15:30:00;THE SECRET: DARE TO DREAM;O SEGREDO: OUSE SONHAR;E2000080600000;DUBLADO;NÃO;ESTADOS UNIDOS;5005159;CINÉPOLIS MANAUS PLAZA - SALA 3;0;6000024;17266;30118;MANAUS;AM;CINEPOLIS OPERADORA DE CINEMAS DO BRASIL LTDA;09.652.820/0001-32
03/09/2020;03/09/2020 15:30:00;THE SECRET: DARE TO DREAM;O SEGREDO: OUSE SONHAR;E2000080600000;DUBLADO;NÃO;ESTADOS UNIDOS;5000161;NORTH SHOPPING 2;5;6000037;1991;2414;FORTALEZA;CE;EMPRESA CINEMAS SÃO LUIZ S/A;33.497.660/0001-89
03/09/2020;03/09/2020 15:40:00;EL ROBO DEL SIGLO;O ROUBO DO SÉCULO;E2000030900000;ORIGINAL;SIM;ARGENTINA;5000163;NORTH SHOPPING 4;2;6000037;1991;2414;FORTALEZA;CE;EMPRESA CINEMAS SÃO LUIZ S/A;33.497.660/0001-89
03/09/2020;03/09/2020 15:40:00;ESCAPE FROM PRETORIA;FUGA DE PRETÓRIA;E2000249400000;DUBLADO;NÃO;ÁFRICA DO SUL;5006476;REDECINE SUMARE 05;0;6000014;5654;44547;SUMARÉ;SP;REDECINE-CPQ CINEMATOGRÁFICA LTDA;07.665.262/0001-14
03/09/2020;03/09/2020 15:40:00;GRETEL & HANSEL (2020);MARIA E JOÃO - O CONTO DAS BRUXAS;E1900467000000;DUBLADO;NÃO;ESTADOS UNIDOS;5002719;SALA CINE PLAYARTE MANAUARA 05;18;6000049;260;16356;MANAUS;AM;PLAYARTE CINEMAS LTDA.;60.434.149/0001-00
03/09/2020;03/09/2020 15:40:00;KNIVES OUT;ENTRE FACAS E SEGREDOS;E1900395500000;DUBLADO;NÃO;ESTADOS UNIDOS;5005307;CINEFLIX VÁRZEA GRANDE SHOPPING - SALA 4;0;6000014;24534;31101;VÁRZEA GRANDE;MT;REDECINE BSB CINEMATOGRÁFICA LTDA;18.087.870/0001-05
03/09/2020;03/09/2020 15:40:00;MINIONS;MINIONS;E1500311600000;DUBLADO;NÃO;ESTADOS UNIDOS;5004882;CIRCUITO CINEMAS PBAS- SALA 04;0;6000028;15568;27873;PARAUAPEBAS;PA;CIRCUITO ENTRETENIMENTO E CINEMAS LTDA;08.068.712/0001-54
03/09/2020;03/09/2020 15:45:00;Mostras e Festivais;;G0000000000004;ORIGINAL;NÃO;;5005617;CINE A ALTAMIRA SALA 01;2;6000008;28464;33426;ALTAMIRA;PA;CINE A MARABA LTDA;21.160.773/0001-05
03/09/2020;03/09/2020 15:45:00;QUEEN OF SPADES: THROUGH THE LOOKING GLASS;A MALDIÇÃO DO ESPELHO;E1900574500000;DUBLADO;NÃO;RÚSSIA;5005308;CINEFLIX VÁRZEA GRANDE SHOPPING - SALA 5;8;6000014;24534;31101;VÁRZEA GRANDE;MT;REDECINE BSB CINEMATOGRÁFICA LTDA;18.087.870/0001-05
03/09/2020;03/09/2020 15:45:00;SPIDER-MAN: INTO THE SPIDER-VERSE;HOMEM-ARANHA NO ARANHAVERSO;E1800533700000;DUBLADO;NÃO;ESTADOS UNIDOS;5002256;MOVIECOM PATIO BELÉM 3;2;6000100;2897;13915;BELÉM;PA;MOVIE CINEMAS LTDA;04.708.972/0001-96
03/09/2020;03/09/2020 15:50:00;ESCAPE FROM PRETORIA;FUGA DE PRETÓRIA;E2000249400000;DUBLADO;NÃO;ÁFRICA DO SUL;5004822;KINOPLEX AMAZONAS SALA 04;12;6000037;1991;2393;MANAUS;AM;EMPRESA CINEMAS SÃO LUIZ S/A;33.497.660/0001-89
03/09/2020;03/09/2020 15:50:00;MINIONS;MINIONS;E1500311600000;DUBLADO;NÃO;ESTADOS UNIDOS;5005975;CINESYSTEM ANANINDEUA SALA 01;8;6000027;22546;38898;ANANINDEUA;PA;REDECINE BRA CINEMATOGRÁFICA S.A.;15.422.993/0001-67
03/09/2020;03/09/2020 15:50:00;Mostras e Festivais;;G0000000000004;DUBLADO;NÃO;;5001503;MOVIECOM CASTANHEIRA 6;3;6000100;2897;2896;BELÉM;PA;MOVIE CINEMAS LTDA;04.708.972/0001-96
03/09/2020;03/09/2020 16:00:00;ESCAPE FROM PRETORIA;FUGA DE PRETÓRIA;E2000249400000;DUBLADO;NÃO;ÁFRICA DO SUL;5005981;CINESYSTEM ANANINDEUA SALA 07;1;6000027;22546;38898;ANANINDEUA;PA;REDECINE BRA CINEMATOGRÁFICA S.A.;15.422.993/0001-67
03/09/2020;03/09/2020 16:00:00;JOHN WICK 3: PARABELLUM;JOHN WICK 3: PARABELLUM;E1900126300000;DUBLADO;NÃO;ESTADOS UNIDOS;5006494;CINE INTER SANTA INES 02;0;6000140;44834;44835;SANTA INÊS;MA;CINEINTER EXIBICOES CINEMATOGRAFICAS LTDA;35.477.354/0001-06
03/09/2020;03/09/2020 16:00:00;THE SECRET: DARE TO DREAM;O SEGREDO: OUSE SONHAR;E2000080600000;DUBLADO;NÃO;ESTADOS UNIDOS;5005151;CINÉPOLIS MILLENNIUM - SALA 3;0;6000024;17266;30116;MANAUS;AM;CINEPOLIS OPERADORA DE CINEMAS DO BRASIL LTDA;09.652.820/0001-32
03/09/2020;03/09/2020 16:00:00;THE SECRET: DARE TO DREAM;O SEGREDO: OUSE SONHAR;E2000080600000;DUBLADO;NÃO;ESTADOS UNIDOS;5005327;UCI BRASIL - SUMAÚMA PARK SHOPPING MANAUS SALA 04;2;6000058;749;31265;MANAUS;AM;UNITED CINEMAS INTERNATIONAL BRASIL LTDA.;01.289.530/0001-64
03/09/2020;03/09/2020 16:00:00;WONDER WOMAN;MULHER-MARAVILHA;E1700197900000;DUBLADO;NÃO;ESTADOS UNIDOS;5006072;CINE A ALTAMIRA SALA 02;2;6000008;28464;33426;ALTAMIRA;PA;CINE A MARABA LTDA;21.160.773/0001-05
03/09/2020;03/09/2020 16:10:00;EL ROBO DEL SIGLO;O ROUBO DO SÉCULO;E2000030900000;ORIGINAL;SIM;ARGENTINA;5000080;KINOPLEX AMAZONAS SALA 02;2;6000037;1991;2393;MANAUS;AM;EMPRESA CINEMAS SÃO LUIZ S/A;33.497.660/0001-89
03/09/2020;03/09/2020 16:10:00;SPIDER-MAN: INTO THE SPIDER-VERSE;HOMEM-ARANHA NO ARANHAVERSO;E1800533700000;DUBLADO;NÃO;ESTADOS UNIDOS;5001498;MOVIECOM CASTANHEIRA 3;3;6000100;2897;2896;BELÉM;PA;MOVIE CINEMAS LTDA;04.708.972/0001-96
03/09/2020;03/09/2020 16:10:00;THE SECRET: DARE TO DREAM;O SEGREDO: OUSE SONHAR;E2000080600000;DUBLADO;NÃO;ESTADOS UNIDOS;5005979;CINESYSTEM ANANINDEUA SALA 05;0;6000027;22546;38898;ANANINDEUA;PA;REDECINE BRA CINEMATOGRÁFICA S.A.;15.422.993/0001-67
03/09/2020;03/09/2020 16:10:00;THE SECRET: DARE TO DREAM;O SEGREDO: OUSE SONHAR;E2000080600000;DUBLADO;NÃO;ESTADOS UNIDOS;5002257;MOVIECOM PATIO BELÉM 2;0;6000100;2897;13915;BELÉM;PA;MOVIE CINEMAS LTDA;04.708.972/0001-96
03/09/2020;03/09/2020 16:10:00;THE SECRET: DARE TO DREAM;O SEGREDO: OUSE SONHAR;E2000080600000;DUBLADO;NÃO;ESTADOS UNIDOS;5005429;UCI BRASIL - SHOPPING BOSQUE GRÃO PARÁ SALA 04;0;6000058;749;32026;BELÉM;PA;UNITED CINEMAS INTERNATIONAL BRASIL LTDA.;01.289.530/0001-64
03/09/2020;03/09/2020 16:10:00;TURMA DA MÔNICA - LAÇOS;;B1900235500000;ORIGINAL;NÃO;BRASIL;5005304;CINEFLIX VÁRZEA GRANDE SHOPPING - SALA 1;0;6000014;24534;31101;VÁRZEA GRANDE;MT;REDECINE BSB CINEMATOGRÁFICA LTDA;18.087.870/0001-05
03/09/2020;03/09/2020 16:15:00;E.T. THE EXTRA-TERRESTRIAL;E.T. O EXTRATERRESTRE;E1402648300000;DUBLADO;NÃO;ESTADOS UNIDOS;5005153;CINÉPOLIS MILLENNIUM - SALA 5;2;6000024;17266;30116;MANAUS;AM;CINEPOLIS OPERADORA DE CINEMAS DO BRASIL LTDA;09.652.820/0001-32
03/09/2020;03/09/2020 16:15:00;HARRY POTTER AND THE PHILOSOPHER'S STONE;HARRY POTTER E A PEDRA FILOSOFAL;E1500138600000;ORIGINAL;SIM;ESTADOS UNIDOS;5002603;CINEMAS BENFICA - SALA 1;25;;15690;15691;FORTALEZA;CE;CINEMAS BENFICA LTDA;07.509.597/0001-43
03/09/2020;03/09/2020 16:15:00;MINHA MÃE É UMA PEÇA;;B1301808100000;DUBLADO;NÃO;BRASIL;5005161;CINÉPOLIS MANAUS PLAZA - SALA 5;2;6000024;17266;30118;MANAUS;AM;CINEPOLIS OPERADORA DE CINEMAS DO BRASIL LTDA;09.652.820/0001-32
03/09/2020;03/09/2020 16:20:00;BOHEMIAN RHAPSODY;BOHEMIAN RHAPSODY;E1800251900000;ORIGINAL;SIM;ESTADOS UNIDOS;5002722;SALA CINE PLAYARTE MANAUARA 07;0;6000049;260;16356;MANAUS;AM;PLAYARTE CINEMAS LTDA.;60.434.149/0001-00
03/09/2020;03/09/2020 16:25:00;EL ROBO DEL SIGLO;O ROUBO DO SÉCULO;E2000030900000;ORIGINAL;SIM;ARGENTINA;5005978;CINESYSTEM ANANINDEUA SALA 04;2;6000027;22546;38898;ANANINDEUA;PA;REDECINE BRA CINEMATOGRÁFICA S.A.;15.422.993/0001-67
03/09/2020;03/09/2020 16:30:00;E.T. THE EXTRA-TERRESTRIAL;E.T. O EXTRATERRESTRE;E1402648300000;DUBLADO;NÃO;ESTADOS UNIDOS;5005329;UCI BRASIL - SUMAÚMA PARK SHOPPING MANAUS SALA 06;0;6000058;749;31265;MANAUS;AM;UNITED CINEMAS INTERNATIONAL BRASIL LTDA.;01.289.530/0001-64
03/09/2020;03/09/2020 16:30:00;EL ROBO DEL SIGLO;O ROUBO DO SÉCULO;E2000030900000;DUBLADO;NÃO;ARGENTINA;5006493;CINE INTER SANTA INES 01;0;6000140;44834;44835;SANTA INÊS;MA;CINEINTER EXIBICOES CINEMATOGRAFICAS LTDA;35.477.354/0001-06
03/09/2020;03/09/2020 16:30:00;HARRY POTTER AND THE SORCERER'S STONE;HARRY POTTER AND THE SORCERER'S STONE;E1900440700000;ORIGINAL;SIM;ESTADOS UNIDOS;5005150;CINÉPOLIS MILLENNIUM - SALA 2;0;6000024;17266;30116;MANAUS;AM;CINEPOLIS OPERADORA DE CINEMAS DO BRASIL LTDA;09.652.820/0001-32
03/09/2020;03/09/2020 16:30:00;MINIONS;MINIONS;E1500311600000;DUBLADO;NÃO;ESTADOS UNIDOS;5002564;CINE CATARATAS 1;2;;15565;15566;FOZ DO IGUAÇU;PR;CINE CATARATAS LTDA;09.010.219/0001-46
03/09/2020;03/09/2020 16:30:00;Mostras e Festivais;;G0000000000004;DUBLADO;NÃO;;5001502;MOVIECOM CASTANHEIRA 5;2;6000100;2897;2896;BELÉM;PA;MOVIE CINEMAS LTDA;04.708.972/0001-96
03/09/2020;03/09/2020 16:30:00;Mostras e Festivais;;G0000000000004;DUBLADO;NÃO;;5002255;MOVIECOM PATIO BELÉM 1;1;6000100;2897;13915;BELÉM;PA;MOVIE CINEMAS LTDA;04.708.972/0001-96
03/09/2020;03/09/2020 16:30:00;Mostras e Festivais;;G0000000000004;DUBLADO;NÃO;;5006357;MULTICINE IANDE SHOPPING 2;0;6000045;5935;43968;CAUCAIA;CE;MULTICINE CINEMAS LTDA;07.609.246/0001-04
03/09/2020;03/09/2020 16:30:00;QUEEN OF SPADES: THROUGH THE LOOKING GLASS;A MALDIÇÃO DO ESPELHO;E1900574500000;DUBLADO;NÃO;RÚSSIA;5005157;CINÉPOLIS MANAUS PLAZA - SALA 1;2;6000024;17266;30118;MANAUS;AM;CINEPOLIS OPERADORA DE CINEMAS DO BRASIL LTDA;09.652.820/0001-32
03/09/2020;03/09/2020 16:30:00;QUEEN OF SPADES: THROUGH THE LOOKING GLASS;A MALDIÇÃO DO ESPELHO;E1900574500000;DUBLADO;NÃO;RÚSSIA;5002938;SALA 04;6;6000024;17266;17763;BELÉM;PA;CINEPOLIS OPERADORA DE CINEMAS DO BRASIL LTDA;09.652.820/0001-32
03/09/2020;03/09/2020 16:30:00;THE SECRET: DARE TO DREAM;O SEGREDO: OUSE SONHAR;E2000080600000;DUBLADO;NÃO;ESTADOS UNIDOS;5004879;CIRCUITO CINEMAS PBAS- SALA 01;0;6000028;15568;27873;PARAUAPEBAS;PA;CIRCUITO ENTRETENIMENTO E CINEMAS LTDA;08.068.712/0001-54
03/09/2020;03/09/2020 16:35:00;JUMANJI: NEXT LEVEL;JUMANJI: PROXIMA FASE;E1900458100000;DUBLADO;NÃO;ESTADOS UNIDOS;5005930;MOBI CINE AÇAILÂNDIA SALA 02;2;6000040;38236;38237;AÇAILÂNDIA;MA;C A V LEMOS E CIA LTDA - ME;14.717.191/0001-11
03/09/2020;03/09/2020 16:35:00;SONIC THE HEDGEHOG;SONIC - O FILME;E2000012200000;DUBLADO;NÃO;CANADÁ;5002726;SALA CINE PLAYARTE MANAUARA 06;2;6000049;260;16356;MANAUS;AM;PLAYARTE CINEMAS LTDA.;60.434.149/0001-00
03/09/2020;03/09/2020 16:40:00;THE AVENGERS;THE AVENGERS: OS VINGADORES;E1500275200000;DUBLADO;NÃO;ESTADOS UNIDOS;5005338;CINEMAS BENFICA - SALA 4;0;;15690;15691;FORTALEZA;CE;CINEMAS BENFICA LTDA;07.509.597/0001-43
03/09/2020;03/09/2020 16:40:00;WONDER WOMAN;MULHER-MARAVILHA;E1700197900000;DUBLADO;NÃO;ESTADOS UNIDOS;5005984;CINESYSTEM ANANINDEUA SALA 10;4;6000027;22546;38898;ANANINDEUA;PA;REDECINE BRA CINEMATOGRÁFICA S.A.;15.422.993/0001-67
03/09/2020;03/09/2020 16:45:00;BACK TO THE FUTURE;DE VOLTA PARA O FUTURO;E1402513800000;ORIGINAL;SIM;ESTADOS UNIDOS;5005094;CINÉPOLIS SÃO GONÇALO SHOPPING - SALA 3;0;6000024;17266;30088;SÃO GONÇALO;RJ;CINEPOLIS OPERADORA DE CINEMAS DO BRASIL LTDA;09.652.820/0001-32
03/09/2020;03/09/2020 16:45:00;E.T. THE EXTRA-TERRESTRIAL;E.T. O EXTRATERRESTRE;E1402648300000;DUBLADO;NÃO;ESTADOS UNIDOS;5002942;SALA 07;0;6000024;17266;17763;BELÉM;PA;CINEPOLIS OPERADORA DE CINEMAS DO BRASIL LTDA;09.652.820/0001-32
03/09/2020;03/09/2020 16:45:00;QUEEN OF SPADES: THROUGH THE LOOKING GLASS;A MALDIÇÃO DO ESPELHO;E1900574500000;DUBLADO;NÃO;RÚSSIA;5003483;SALA PQ.BELEM 02;2;6000024;17266;21616;BELÉM;PA;CINEPOLIS OPERADORA DE CINEMAS DO BRASIL LTDA;09.652.820/0001-32
03/09/2020;03/09/2020 16:45:00;WONDER WOMAN;MULHER-MARAVILHA;E1700197900000;DUBLADO;NÃO;ESTADOS UNIDOS;5005431;UCI BRASIL - SHOPPING BOSQUE GRÃO PARÁ SALA 06;6;6000058;749;32026;BELÉM;PA;UNITED CINEMAS INTERNATIONAL BRASIL LTDA.;01.289.530/0001-64
03/09/2020;03/09/2020 16:50:00;Eventos Esportivos;;G0000000000001;DUBLADO;NÃO;;5006475;REDECINE SUMARE 04;1;6000014;5654;44547;SUMARÉ;SP;REDECINE-CPQ CINEMATOGRÁFICA LTDA;07.665.262/0001-14
03/09/2020;03/09/2020 16:50:00;JUMANJI: NEXT LEVEL;JUMANJI: PROXIMA FASE;E1900458100000;DUBLADO;NÃO;ESTADOS UNIDOS;5002727;SALA CINE PLAYARTE MANAUARA 04;12;6000049;260;16356;MANAUS;AM;PLAYARTE CINEMAS LTDA.;60.434.149/0001-00
03/09/2020;03/09/2020 16:50:00;QUEEN OF SPADES: THROUGH THE LOOKING GLASS;A MALDIÇÃO DO ESPELHO;E1900574500000;DUBLADO;NÃO;RÚSSIA;5005977;CINESYSTEM ANANINDEUA SALA 03;6;6000027;22546;38898;ANANINDEUA;PA;REDECINE BRA CINEMATOGRÁFICA S.A.;15.422.993/0001-67
03/09/2020;03/09/2020 16:50:00;QUEEN OF SPADES: THROUGH THE LOOKING GLASS;A MALDIÇÃO DO ESPELHO;E1900574500000;DUBLADO;NÃO;RÚSSIA;5000164;NORTH SHOPPING 5;18;6000037;1991;2414;FORTALEZA;CE;EMPRESA CINEMAS SÃO LUIZ S/A;33.497.660/0001-89
03/09/2020;03/09/2020 16:50:00;THE SECRET: DARE TO DREAM;O SEGREDO: OUSE SONHAR;E2000080600000;DUBLADO;NÃO;ESTADOS UNIDOS;5001505;MOVIECOM CASTANHEIRA 7;0;6000100;2897;2896;BELÉM;PA;MOVIE CINEMAS LTDA;04.708.972/0001-96
03/09/2020;03/09/2020 17:00:00;E.T. THE EXTRA-TERRESTRIAL;E.T. O EXTRATERRESTRE;E1402648300000;DUBLADO;NÃO;ESTADOS UNIDOS;5005160;CINÉPOLIS MANAUS PLAZA - SALA 4;0;6000024;17266;30118;MANAUS;AM;CINEPOLIS OPERADORA DE CINEMAS DO BRASIL LTDA;09.652.820/0001-32
03/09/2020;03/09/2020 17:00:00;EL ROBO DEL SIGLO;O ROUBO DO SÉCULO;E2000030900000;ORIGINAL;SIM;ARGENTINA;5006472;REDECINE SUMARE 01;0;6000014;5654;44547;SUMARÉ;SP;REDECINE-CPQ CINEMATOGRÁFICA LTDA;07.665.262/0001-14
03/09/2020;03/09/2020 17:00:00;JAWS;TUBARÃO;E1402577300000;ORIGINAL;SIM;ESTADOS UNIDOS;5005331;UCI BRASIL - SUMAÚMA PARK SHOPPING MANAUS SALA 08;4;6000058;749;31265;MANAUS;AM;UNITED CINEMAS INTERNATIONAL BRASIL LTDA.;01.289.530/0001-64
03/09/2020;03/09/2020 17:00:00;Mostras e Festivais;;G0000000000004;DUBLADO;NÃO;;5002254;MOVIECOM PATIO BELÉM 5;10;6000100;2897;13915;BELÉM;PA;MOVIE CINEMAS LTDA;04.708.972/0001-96
03/09/2020;03/09/2020 17:00:00;SMALLFOOT;PÉPEQUENO;E1800215200000;DUBLADO;NÃO;ESTADOS UNIDOS;5005965;CINE SUL SALA 01;0;6000121;38751;38752;MEDIANEIRA;PR;L N DA ROCHA & CIA LTDA - ME;29.099.414/0001-00
03/09/2020;03/09/2020 17:15:00;ALADDIN;ALADDIN;E1900188100000;DUBLADO;NÃO;ESTADOS UNIDOS;5002721;SALA CINE PLAYARTE MANAUARA 01;0;6000049;260;16356;MANAUS;AM;PLAYARTE CINEMAS LTDA.;60.434.149/0001-00
03/09/2020;03/09/2020 17:20:01;HARRY POTTER AND THE PHILOSOPHER'S STONE;HARRY POTTER E A PEDRA FILOSOFAL;E1500138600000;DUBLADO;NÃO;ESTADOS UNIDOS;5006364;ALFENAS SALA 1;3;6000008;15833;44017;ALFENAS;MG;CINE A LTDA;10.894.937/0001-01
03/09/2020;03/09/2020 17:20:01;HARRY POTTER AND THE PHILOSOPHER'S STONE;HARRY POTTER E A PEDRA FILOSOFAL;E1500138600000;DUBLADO;NÃO;ESTADOS UNIDOS;5006073;CINE A ALTAMIRA SALA 03;3;6000008;28464;33426;ALTAMIRA;PA;CINE A MARABA LTDA;21.160.773/0001-05
03/09/2020;03/09/2020 17:30:00;BLOODSHOT;BLOODSHOT;E1900579400000;DUBLADO;NÃO;ESTADOS UNIDOS;5002253;MOVIECOM PATIO BELÉM 4;2;6000100;2897;13915;BELÉM;PA;MOVIE CINEMAS LTDA;04.708.972/0001-96
03/09/2020;03/09/2020 17:30:00;GRETEL & HANSEL (2020);MARIA E JOÃO - O CONTO DAS BRUXAS;E1900467000000;DUBLADO;NÃO;ESTADOS UNIDOS;5005328;UCI BRASIL - SUMAÚMA PARK SHOPPING MANAUS SALA 05;6;6000058;749;31265;MANAUS;AM;UNITED CINEMAS INTERNATIONAL BRASIL LTDA.;01.289.530/0001-64
03/09/2020;03/09/2020 17:30:00;THE SECRET: DARE TO DREAM;O SEGREDO: OUSE SONHAR;E2000080600000;DUBLADO;NÃO;ESTADOS UNIDOS;5001149;CINE PORTO;1;;2351;2352;UBATUBA;SP;CINEMATOGRÁFICA LITORAL NORTE LTDA-EPP;04.165.613/0001-30
03/09/2020;03/09/2020 17:35:00;JOHN WICK 3: PARABELLUM;JOHN WICK 3: PARABELLUM;E1900126300000;DUBLADO;NÃO;ESTADOS UNIDOS;5005306;CINEFLIX VÁRZEA GRANDE SHOPPING - SALA 3;1;6000014;24534;31101;VÁRZEA GRANDE;MT;REDECINE BSB CINEMATOGRÁFICA LTDA;18.087.870/0001-05
03/09/2020;03/09/2020 17:40:00;ESCAPE FROM PRETORIA;FUGA DE PRETÓRIA;E2000249400000;DUBLADO;NÃO;ÁFRICA DO SUL;5005430;UCI BRASIL - SHOPPING BOSQUE GRÃO PARÁ SALA 05;5;6000058;749;32026;BELÉM;PA;UNITED CINEMAS INTERNATIONAL BRASIL LTDA.;01.289.530/0001-64
03/09/2020;03/09/2020 17:40:00;Mostras e Festivais;;G0000000000004;DUBLADO;NÃO;;5000079;KINOPLEX AMAZONAS SALA 01;4;6000037;1991;2393;MANAUS;AM;EMPRESA CINEMAS SÃO LUIZ S/A;33.497.660/0001-89
03/09/2020;03/09/2020 17:40:00;THE SECRET: DARE TO DREAM;O SEGREDO: OUSE SONHAR;E2000080600000;DUBLADO;NÃO;ESTADOS UNIDOS;5006473;REDECINE SUMARE 02;0;6000014;5654;44547;SUMARÉ;SP;REDECINE-CPQ CINEMATOGRÁFICA LTDA;07.665.262/0001-14
03/09/2020;03/09/2020 17:45:00;EL ROBO DEL SIGLO;O ROUBO DO SÉCULO;E2000030900000;ORIGINAL;SIM;ARGENTINA;5005152;CINÉPOLIS MILLENNIUM - SALA 4;0;6000024;17266;30116;MANAUS;AM;CINEPOLIS OPERADORA DE CINEMAS DO BRASIL LTDA;09.652.820/0001-32
03/09/2020;03/09/2020 17:45:00;Mostras e Festivais;;G0000000000004;DUBLADO;NÃO;;5004882;CIRCUITO CINEMAS PBAS- SALA 04;0;6000028;15568;27873;PARAUAPEBAS;PA;CIRCUITO ENTRETENIMENTO E CINEMAS LTDA;08.068.712/0001-54
03/09/2020;03/09/2020 17:45:00;THE SECRET: DARE TO DREAM;O SEGREDO: OUSE SONHAR;E2000080600000;ORIGINAL;SIM;ESTADOS UNIDOS;5002937;SALA 06;2;6000024;17266;17763;BELÉM;PA;CINEPOLIS OPERADORA DE CINEMAS DO BRASIL LTDA;09.652.820/0001-32
03/09/2020;03/09/2020 17:50:00;BLOODSHOT;BLOODSHOT;E1900579400000;DUBLADO;NÃO;ESTADOS UNIDOS;5000160;NORTH SHOPPING 1;13;6000037;1991;2414;FORTALEZA;CE;EMPRESA CINEMAS SÃO LUIZ S/A;33.497.660/0001-89
03/09/2020;03/09/2020 17:50:00;EL ROBO DEL SIGLO;O ROUBO DO SÉCULO;E2000030900000;ORIGINAL;SIM;ARGENTINA;5005305;CINEFLIX VÁRZEA GRANDE SHOPPING - SALA 2;5;6000014;24534;31101;VÁRZEA GRANDE;MT;REDECINE BSB CINEMATOGRÁFICA LTDA;18.087.870/0001-05
03/09/2020;03/09/2020 17:50:00;SOLTEIRA QUASE SURTANDO;;B2000040200000;ORIGINAL;NÃO;BRASIL;5005980;CINESYSTEM ANANINDEUA SALA 06;0;6000027;22546;38898;ANANINDEUA;PA;REDECINE BRA CINEMATOGRÁFICA S.A.;15.422.993/0001-67
03/09/2020;03/09/2020 17:50:00;SOLTEIRA QUASE SURTANDO;;B2000040200000;ORIGINAL;NÃO;BRASIL;5001497;MOVIECOM CASTANHEIRA 2;0;6000100;2897;2896;BELÉM;PA;MOVIE CINEMAS LTDA;04.708.972/0001-96
03/09/2020;03/09/2020 17:50:00;THE SECRET: DARE TO DREAM;O SEGREDO: OUSE SONHAR;E2000080600000;DUBLADO;NÃO;ESTADOS UNIDOS;5002719;SALA CINE PLAYARTE MANAUARA 05;2;6000049;260;16356;MANAUS;AM;PLAYARTE CINEMAS LTDA.;60.434.149/0001-00
03/09/2020;03/09/2020 18:00:00;BACK TO THE FUTURE;DE VOLTA PARA O FUTURO;E1402513800000;DUBLADO;NÃO;ESTADOS UNIDOS;5002565;CINE CATARATAS 2;5;;15565;15566;FOZ DO IGUAÇU;PR;CINE CATARATAS LTDA;09.010.219/0001-46
03/09/2020;03/09/2020 18:00:00;DE PERNAS PRO AR 3;;B1900104200000;ORIGINAL;NÃO;BRASIL;5006591;DRIVE IN SHOPPING VILLA LOBOS;2;6000006;2872;46069;SÃO PAULO;SP;EMPRESA CENTERPLEX DE CINEMAS LTDA;00.812.310/0001-00
03/09/2020;03/09/2020 18:00:00;EL ROBO DEL SIGLO;O ROUBO DO SÉCULO;E2000030900000;ORIGINAL;SIM;ARGENTINA;5002723;SALA CINE PLAYARTE MANAUARA 03;10;6000049;260;16356;MANAUS;AM;PLAYARTE CINEMAS LTDA.;60.434.149/0001-00
03/09/2020;03/09/2020 18:00:00;ESCAPE FROM PRETORIA;FUGA DE PRETÓRIA;E2000249400000;ORIGINAL;SIM;ÁFRICA DO SUL;5005149;CINÉPOLIS MILLENNIUM - SALA 1;0;6000024;17266;30116;MANAUS;AM;CINEPOLIS OPERADORA DE CINEMAS DO BRASIL LTDA;09.652.820/0001-32
03/09/2020;03/09/2020 18:00:00;Eventos Esportivos;;G0000000000001;DUBLADO;NÃO;;5006474;REDECINE SUMARE 03;0;6000014;5654;44547;SUMARÉ;SP;REDECINE-CPQ CINEMATOGRÁFICA LTDA;07.665.262/0001-14
03/09/2020;03/09/2020 18:00:00;FROZEN II;FROZEN 2;E1900365900000;DUBLADO;NÃO;ESTADOS UNIDOS;5002102;CINE DRIVEIN;48;;5465;6715;BRASÍLIA;DF;STARK'S CINEMA E LANCHONETE LTDA.;32.917.296/0001-04
03/09/2020;03/09/2020 18:00:00;ONWARD;DOIS IRMÃOS: UMA JORNADA FANTÁSTICA;E1900366400000;DUBLADO;NÃO;ESTADOS UNIDOS;5005309;CINEFLIX VÁRZEA GRANDE SHOPPING - SALA 6;4;6000014;24534;31101;VÁRZEA GRANDE;MT;REDECINE BSB CINEMATOGRÁFICA LTDA;18.087.870/0001-05
03/09/2020;03/09/2020 18:00:00;QUEEN OF SPADES: THROUGH THE LOOKING GLASS;A MALDIÇÃO DO ESPELHO;E1900574500000;DUBLADO;NÃO;RÚSSIA;5006476;REDECINE SUMARE 05;7;6000014;5654;44547;SUMARÉ;SP;REDECINE-CPQ CINEMATOGRÁFICA LTDA;07.665.262/0001-14
03/09/2020;03/09/2020 18:00:00;THE SECRET: DARE TO DREAM;O SEGREDO: OUSE SONHAR;E2000080600000;DUBLADO;NÃO;ESTADOS UNIDOS;5000081;KINOPLEX AMAZONAS SALA 03;4;6000037;1991;2393;MANAUS;AM;EMPRESA CINEMAS SÃO LUIZ S/A;33.497.660/0001-89
03/09/2020;03/09/2020 18:00:00;THE SECRET: DARE TO DREAM;O SEGREDO: OUSE SONHAR;E2000080600000;DUBLADO;NÃO;ESTADOS UNIDOS;5000161;NORTH SHOPPING 2;4;6000037;1991;2414;FORTALEZA;CE;EMPRESA CINEMAS SÃO LUIZ S/A;33.497.660/0001-89
03/09/2020;03/09/2020 18:05:00;ESCAPE FROM PRETORIA;FUGA DE PRETÓRIA;E2000249400000;DUBLADO;NÃO;ÁFRICA DO SUL;5005325;UCI BRASIL - SUMAÚMA PARK SHOPPING MANAUS SALA 02;14;6000058;749;31265;MANAUS;AM;UNITED CINEMAS INTERNATIONAL BRASIL LTDA.;01.289.530/0001-64
03/09/2020;03/09/2020 18:10:00;BLOODSHOT;BLOODSHOT;E1900579400000;DUBLADO;NÃO;ESTADOS UNIDOS;5004880;CIRCUITO CINEMAS PBAS- SALA 02;2;6000028;15568;27873;PARAUAPEBAS;PA;CIRCUITO ENTRETENIMENTO E CINEMAS LTDA;08.068.712/0001-54
03/09/2020;03/09/2020 18:10:00;EL ROBO DEL SIGLO;O ROUBO DO SÉCULO;E2000030900000;ORIGINAL;SIM;ARGENTINA;5005426;UCI BRASIL - SHOPPING BOSQUE GRÃO PARÁ SALA 01;2;6000058;749;32026;BELÉM;PA;UNITED CINEMAS INTERNATIONAL BRASIL LTDA.;01.289.530/0001-64
03/09/2020;03/09/2020 18:10:00;ESCAPE FROM PRETORIA;FUGA DE PRETÓRIA;E2000249400000;DUBLADO;NÃO;ÁFRICA DO SUL;5000162;NORTH SHOPPING 3;0;6000037;1991;2414;FORTALEZA;CE;EMPRESA CINEMAS SÃO LUIZ S/A;33.497.660/0001-89
03/09/2020;03/09/2020 18:10:00;QUEEN OF SPADES: THROUGH THE LOOKING GLASS;A MALDIÇÃO DO ESPELHO;E1900574500000;DUBLADO;NÃO;RÚSSIA;5005326;UCI BRASIL - SUMAÚMA PARK SHOPPING MANAUS SALA 03;18;6000058;749;31265;MANAUS;AM;UNITED CINEMAS INTERNATIONAL BRASIL LTDA.;01.289.530/0001-64
03/09/2020;03/09/2020 18:10:00;THE SECRET: DARE TO DREAM;O SEGREDO: OUSE SONHAR;E2000080600000;DUBLADO;NÃO;ESTADOS UNIDOS;5005307;CINEFLIX VÁRZEA GRANDE SHOPPING - SALA 4;6;6000014;24534;31101;VÁRZEA GRANDE;MT;REDECINE BSB CINEMATOGRÁFICA LTDA;18.087.870/0001-05
03/09/2020;03/09/2020 18:15:00;BLACK PANTHER;PANTERA NEGRA;E1700512400000;DUBLADO;NÃO;ESTADOS UNIDOS;5002256;MOVIECOM PATIO BELÉM 3;5;6000100;2897;13915;BELÉM;PA;MOVIE CINEMAS LTDA;04.708.972/0001-96
03/09/2020;03/09/2020 18:15:00;EL ROBO DEL SIGLO;O ROUBO DO SÉCULO;E2000030900000;ORIGINAL;SIM;ARGENTINA;5000163;NORTH SHOPPING 4;2;6000037;1991;2414;FORTALEZA;CE;EMPRESA CINEMAS SÃO LUIZ S/A;33.497.660/0001-89
03/09/2020;03/09/2020 18:15:00;HARRY POTTER AND THE SORCERER'S STONE;HARRY POTTER AND THE SORCERER'S STONE;E1900440700000;ORIGINAL;SIM;ESTADOS UNIDOS;5005975;CINESYSTEM ANANINDEUA SALA 01;6;6000027;22546;38898;ANANINDEUA;PA;REDECINE BRA CINEMATOGRÁFICA S.A.;15.422.993/0001-67
03/09/2020;03/09/2020 18:15:00;QUEEN OF SPADES: THROUGH THE LOOKING GLASS;A MALDIÇÃO DO ESPELHO;E1900574500000;DUBLADO;NÃO;RÚSSIA;5005308;CINEFLIX VÁRZEA GRANDE SHOPPING - SALA 5;4;6000014;24534;31101;VÁRZEA GRANDE;MT;REDECINE BSB CINEMATOGRÁFICA LTDA;18.087.870/0001-05
03/09/2020;03/09/2020 18:15:00;SONIC THE HEDGEHOG;SONIC - O FILME;E2000012200000;DUBLADO;NÃO;CANADÁ;5006601;CINE DRIVE-IN ESPAÇO CINEMAX;4;;5944;6680;ITABIRA;MG;ESPAÇO CULTURAL CINE ATLETICO LTDA;06.981.108/0001-99
03/09/2020;03/09/2020 18:15:00;THE SECRET: DARE TO DREAM;O SEGREDO: OUSE SONHAR;E2000080600000;DUBLADO;NÃO;ESTADOS UNIDOS;5005159;CINÉPOLIS MANAUS PLAZA - SALA 3;0;6000024;17266;30118;MANAUS;AM;CINEPOLIS OPERADORA DE CINEMAS DO BRASIL LTDA;09.652.820/0001-32
03/09/2020;03/09/2020 18:15:00;THE SECRET: DARE TO DREAM;O SEGREDO: OUSE SONHAR;E2000080600000;DUBLADO;NÃO;ESTADOS UNIDOS;5003487;SALA PQ.BELEM 06;0;6000024;17266;21616;BELÉM;PA;CINEPOLIS OPERADORA DE CINEMAS DO BRASIL LTDA;09.652.820/0001-32
03/09/2020;03/09/2020 18:15:01;E.T;E.T. O EXTRATERRESTRE;E1500491000000;DUBLADO;NÃO;ESTADOS UNIDOS;5006381;ALFENAS SALA 3;1;6000008;15833;44017;ALFENAS;MG;CINE A LTDA;10.894.937/0001-01
03/09/2020;03/09/2020 18:15:01;E.T;E.T. O EXTRATERRESTRE;E1500491000000;DUBLADO;NÃO;ESTADOS UNIDOS;5005617;CINE A ALTAMIRA SALA 01;1;6000008;28464;33426;ALTAMIRA;PA;CINE A MARABA LTDA;21.160.773/0001-05
03/09/2020;03/09/2020 18:20:00;JURASSIC WORLD: FALLEN KINGDOM;JURASSIC WORLD - REINO AMEAÇADO;E1800169900000;DUBLADO;NÃO;ESTADOS UNIDOS;5004822;KINOPLEX AMAZONAS SALA 04;11;6000037;1991;2393;MANAUS;AM;EMPRESA CINEMAS SÃO LUIZ S/A;33.497.660/0001-89
03/09/2020;03/09/2020 18:30:00;21 BRIDGES;CRIME SEM SAÍDA;E1900482200000;DUBLADO;NÃO;ESTADOS UNIDOS;5005981;CINESYSTEM ANANINDEUA SALA 07;0;6000027;22546;38898;ANANINDEUA;PA;REDECINE BRA CINEMATOGRÁFICA S.A.;15.422.993/0001-67
03/09/2020;03/09/2020 18:30:00;ALICE JÚNIOR;;B2000154900000;ORIGINAL;NÃO;BRASIL;5006571;CINESYSTEM AMÉRICAS DRIVE-IN;2;6000027;5348;28834;RIO DE JANEIRO;RJ;REDECINE - RIO CINEMATOGRAFICA S.A.;07.524.011/0001-10
03/09/2020;03/09/2020 18:30:00;GOODFELLAS;OS BONS COMPANHEIROS;E1500096400000;ORIGINAL;SIM;ESTADOS UNIDOS;5002564;CINE CATARATAS 1;2;;15565;15566;FOZ DO IGUAÇU;PR;CINE CATARATAS LTDA;09.010.219/0001-46
03/09/2020;03/09/2020 18:30:00;INSIDE OUT;DIVERTIDA MENTE;E1500351400000;DUBLADO;NÃO;ESTADOS UNIDOS;5006356;MULTICINE IANDE SHOPPING 1;5;6000045;5935;43968;CAUCAIA;CE;MULTICINE CINEMAS LTDA;07.609.246/0001-04
03/09/2020;03/09/2020 18:30:00;SMALLFOOT;PÉPEQUENO;E1800215200000;DUBLADO;NÃO;ESTADOS UNIDOS;5006625;CINE GOLDEN - DRIVE IN;9;6000141;45886;46420;JEQUIÉ;BA;GF ANDRADE ENTRETENIMENTO E COMÉRCIO LTDA;23.200.362/0001-21
03/09/2020;03/09/2020 18:30:00;SONIC THE HEDGEHOG;SONIC - O FILME;E2000012200000;DUBLADO;NÃO;CANADÁ;5006568;CINE + ARTE XANGRI-LÁ DRIVE-IN;0;6000103;32155;45890;XANGRI-LÁ;RS;EWERTON LUIS DE SOUZA BRANDOLT;23.288.683/0001-20
03/09/2020;03/09/2020 18:30:00;THE CONJURING;INVOCAÇÃO DO MAL;E1500097000000;DUBLADO;NÃO;ESTADOS UNIDOS;5002427;CINE WEST SALA 02;1;;14882;14883;CASCAVEL;PR;WEST SIDE SHOPPING CENTER LTDA;68.761.170/0001-22
03/09/2020;03/09/2020 18:30:00;TURMA DA MÔNICA - LAÇOS;;B1900235500000;ORIGINAL;NÃO;BRASIL;5005304;CINEFLIX VÁRZEA GRANDE SHOPPING - SALA 1;0;6000014;24534;31101;VÁRZEA GRANDE;MT;REDECINE BSB CINEMATOGRÁFICA LTDA;18.087.870/0001-05
03/09/2020;03/09/2020 18:30:00;TURMA DA MÔNICA - LAÇOS;;B1900235500000;ORIGINAL;NÃO;BRASIL;5006610;CINESYSTEM DRIVE-IN AEROPORTO VITÓRIA;6;6000027;22546;46257;VITÓRIA;ES;REDECINE BRA CINEMATOGRÁFICA S.A.;15.422.993/0001-67
03/09/2020;03/09/2020 18:30:01;EL ROBO DEL SIGLO;O ROUBO DO SÉCULO;E2000030900000;ORIGINAL;SIM;ARGENTINA;5006574;DRIVE IN CINEART ALPHAVILLE;6;6000013;437;45925;NOVA LIMA;MG;DELTA FILMES LTDA;01.735.159/0001-17
03/09/2020;03/09/2020 18:30:01;WONDER PARK;O PARQUE DOS SONHOS;E1900025300000;DUBLADO;NÃO;ESTADOS UNIDOS;5006619;DRIVE - GYN SERRA DOURADA 03;5;6000039;45898;46312;GOIÂNIA;GO;DRIVE-GYN ENTRETENIMENTO LTDA;37.109.882/0001-38
03/09/2020;03/09/2020 18:40:00;BACK TO THE FUTURE;DE VOLTA PARA O FUTURO;E1402513800000;DUBLADO;NÃO;ESTADOS UNIDOS;5005751;CINE WEST SALA 03;2;;14882;14883;CASCAVEL;PR;WEST SIDE SHOPPING CENTER LTDA;68.761.170/0001-22
03/09/2020;03/09/2020 18:40:00;BLACK PANTHER;PANTERA NEGRA;E1700512400000;DUBLADO;NÃO;ESTADOS UNIDOS;5001498;MOVIECOM CASTANHEIRA 3;8;6000100;2897;2896;BELÉM;PA;MOVIE CINEMAS LTDA;04.708.972/0001-96
03/09/2020;03/09/2020 18:40:00;JAWS;TUBARÃO;E1402577300000;ORIGINAL;SIM;ESTADOS UNIDOS;5005428;UCI BRASIL - SHOPPING BOSQUE GRÃO PARÁ SALA 03;0;6000058;749;32026;BELÉM;PA;UNITED CINEMAS INTERNATIONAL BRASIL LTDA.;01.289.530/0001-64
03/09/2020;03/09/2020 18:40:00;JOKER;CORINGA;E1900357300000;DUBLADO;NÃO;CANADÁ;5006494;CINE INTER SANTA INES 02;5;6000140;44834;44835;SANTA INÊS;MA;CINEINTER EXIBICOES CINEMATOGRAFICAS LTDA;35.477.354/0001-06
03/09/2020;03/09/2020 18:40:00;MINHA MÃE É UMA PEÇA 3;;B1900576900000;ORIGINAL;NÃO;BRASIL;5006580;CINESYSTEM MORUMBI TOWN DRIVE-IN;8;6000027;22546;34941;SÃO PAULO;SP;REDECINE BRA CINEMATOGRÁFICA S.A.;15.422.993/0001-67
03/09/2020;03/09/2020 18:40:00;THE GREAT WALL;A GRANDE MURALHA;E1500758300000;ORIGINAL;SIM;ESTADOS UNIDOS;5006618;DRIVE - GYN SERRA DOURADA 02;0;6000039;45898;46312;GOIÂNIA;GO;DRIVE-GYN ENTRETENIMENTO LTDA;37.109.882/0001-38
03/09/2020;03/09/2020 18:40:00;THE SECRET: DARE TO DREAM;O SEGREDO: OUSE SONHAR;E2000080600000;DUBLADO;NÃO;ESTADOS UNIDOS;5005151;CINÉPOLIS MILLENNIUM - SALA 3;3;6000024;17266;30116;MANAUS;AM;CINEPOLIS OPERADORA DE CINEMAS DO BRASIL LTDA;09.652.820/0001-32
03/09/2020;03/09/2020 18:40:00;THE SECRET: DARE TO DREAM;O SEGREDO: OUSE SONHAR;E2000080600000;DUBLADO;NÃO;ESTADOS UNIDOS;5002257;MOVIECOM PATIO BELÉM 2;0;6000100;2897;13915;BELÉM;PA;MOVIE CINEMAS LTDA;04.708.972/0001-96
03/09/2020;03/09/2020 18:45:00;QUEEN OF SPADES: THROUGH THE LOOKING GLASS;A MALDIÇÃO DO ESPELHO;E1900574500000;DUBLADO;NÃO;RÚSSIA;5005157;CINÉPOLIS MANAUS PLAZA - SALA 1;0;6000024;17266;30118;MANAUS;AM;CINEPOLIS OPERADORA DE CINEMAS DO BRASIL LTDA;09.652.820/0001-32
03/09/2020;03/09/2020 18:45:00;QUEEN OF SPADES: THROUGH THE LOOKING GLASS;A MALDIÇÃO DO ESPELHO;E1900574500000;DUBLADO;NÃO;RÚSSIA;5002938;SALA 04;8;6000024;17266;17763;BELÉM;PA;CINEPOLIS OPERADORA DE CINEMAS DO BRASIL LTDA;09.652.820/0001-32
03/09/2020;03/09/2020 18:45:00;THE INVISIBLE MAN;O HOMEM INVISÍVEL;E1900438600000;DUBLADO;NÃO;AUSTRÁLIA;5005327;UCI BRASIL - SUMAÚMA PARK SHOPPING MANAUS SALA 04;2;6000058;749;31265;MANAUS;AM;UNITED CINEMAS INTERNATIONAL BRASIL LTDA.;01.289.530/0001-64
03/09/2020;03/09/2020 18:45:00;THE SECRET: DARE TO DREAM;O SEGREDO: OUSE SONHAR;E2000080600000;DUBLADO;NÃO;ESTADOS UNIDOS;5005979;CINESYSTEM ANANINDEUA SALA 05;0;6000027;22546;38898;ANANINDEUA;PA;REDECINE BRA CINEMATOGRÁFICA S.A.;15.422.993/0001-67
03/09/2020;03/09/2020 18:50:00;HALLOWEEN;HALLOWEEN;E1800335600000;DUBLADO;NÃO;ESTADOS UNIDOS;5006617;DRIVE - GYN SERRA DOURADA 01;0;6000039;45898;46312;GOIÂNIA;GO;DRIVE-GYN ENTRETENIMENTO LTDA;37.109.882/0001-38
03/09/2020;03/09/2020 18:50:00;QUEEN OF SPADES: THROUGH THE LOOKING GLASS;A MALDIÇÃO DO ESPELHO;E1900574500000;DUBLADO;NÃO;RÚSSIA;5000080;KINOPLEX AMAZONAS SALA 02;25;6000037;1991;2393;MANAUS;AM;EMPRESA CINEMAS SÃO LUIZ S/A;33.497.660/0001-89
03/09/2020;03/09/2020 18:50:00;QUEEN OF SPADES: THROUGH THE LOOKING GLASS;A MALDIÇÃO DO ESPELHO;E1900574500000;DUBLADO;NÃO;RÚSSIA;5002726;SALA CINE PLAYARTE MANAUARA 06;15;6000049;260;16356;MANAUS;AM;PLAYARTE CINEMAS LTDA.;60.434.149/0001-00
03/09/2020;03/09/2020 19:00:00;BLOODSHOT;BLOODSHOT;E1900579400000;DUBLADO;NÃO;ESTADOS UNIDOS;5001503;MOVIECOM CASTANHEIRA 6;2;6000100;2897;2896;BELÉM;PA;MOVIE CINEMAS LTDA;04.708.972/0001-96
03/09/2020;03/09/2020 19:00:00;D.P.A. - DETETIVES DO PRÉDIO AZUL;;B1700328500000;ORIGINAL;NÃO;BRASIL;5006579;CINESYSTEM BRÁS DRIVE-IN;3;6000027;22546;34941;SÃO PAULO;SP;REDECINE BRA CINEMATOGRÁFICA S.A.;15.422.993/0001-67
03/09/2020;03/09/2020 19:00:00;EL ROBO DEL SIGLO;O ROUBO DO SÉCULO;E2000030900000;DUBLADO;NÃO;ARGENTINA;5006493;CINE INTER SANTA INES 01;5;6000140;44834;44835;SANTA INÊS;MA;CINEINTER EXIBICOES CINEMATOGRAFICAS LTDA;35.477.354/0001-06
03/09/2020;03/09/2020 19:00:00;JAWS;TUBARÃO;E1402577300000;ORIGINAL;SIM;ESTADOS UNIDOS;5005153;CINÉPOLIS MILLENNIUM - SALA 5;0;6000024;17266;30116;MANAUS;AM;CINEPOLIS OPERADORA DE CINEMAS DO BRASIL LTDA;09.652.820/0001-32
03/09/2020;03/09/2020 19:00:00;JUMANJI: NEXT LEVEL;JUMANJI: PROXIMA FASE;E1900458100000;DUBLADO;NÃO;ESTADOS UNIDOS;5005930;MOBI CINE AÇAILÂNDIA SALA 02;4;6000040;38236;38237;AÇAILÂNDIA;MA;C A V LEMOS E CIA LTDA - ME;14.717.191/0001-11
03/09/2020;03/09/2020 19:00:00;MY SPY;APRENDIZ DE ESPIÃ;E1900289600000;DUBLADO;NÃO;ESTADOS UNIDOS;5005642;CINE LASER BARRA DO GARÇAS SALA 01;5;6000104;33805;33806;BARRA DO GARÇAS;MT;CINE LASER BARRA DO GARÇAS LTDA- ME;24.864.214/0001-74
03/09/2020;03/09/2020 19:00:00;Mostras e Festivais;;G0000000000004;ORIGINAL;SIM;;5005161;CINÉPOLIS MANAUS PLAZA - SALA 5;0;6000024;17266;30118;MANAUS;AM;CINEPOLIS OPERADORA DE CINEMAS DO BRASIL LTDA;09.652.820/0001-32
03/09/2020;03/09/2020 19:00:00;QUEEN OF SPADES: THROUGH THE LOOKING GLASS;A MALDIÇÃO DO ESPELHO;E1900574500000;DUBLADO;NÃO;RÚSSIA;5005977;CINESYSTEM ANANINDEUA SALA 03;12;6000027;22546;38898;ANANINDEUA;PA;REDECINE BRA CINEMATOGRÁFICA S.A.;15.422.993/0001-67
03/09/2020;03/09/2020 19:00:00;QUEEN OF SPADES: THROUGH THE LOOKING GLASS;A MALDIÇÃO DO ESPELHO;E1900574500000;DUBLADO;NÃO;RÚSSIA;5000164;NORTH SHOPPING 5;13;6000037;1991;2414;FORTALEZA;CE;EMPRESA CINEMAS SÃO LUIZ S/A;33.497.660/0001-89
03/09/2020;03/09/2020 19:00:00;SMALLFOOT;PÉPEQUENO;E1800215200000;DUBLADO;NÃO;ESTADOS UNIDOS;5005965;CINE SUL SALA 01;6;6000121;38751;38752;MEDIANEIRA;PR;L N DA ROCHA & CIA LTDA - ME;29.099.414/0001-00
03/09/2020;03/09/2020 19:00:00;SPIDER-MAN: FAR FROM HOME;HOMEM-ARANHA LONGE DE CASA;E1900127700000;DUBLADO;NÃO;ESTADOS UNIDOS;5006586;MULTICINE DRIVE IN - CIDADE JARDIM;3;6000045;5935;30736;GOIÂNIA;GO;MULTICINE CINEMAS LTDA;07.609.246/0001-04
03/09/2020;03/09/2020 19:00:00;THE ADDAMS FAMILY;A FAMÍLIA ADDAMS;E1900349600000;DUBLADO;SIM;CANADÁ;5006572;CINE 14 BIS DRIVE-IN;5;;5822;6623;GUAXUPÉ;MG;GUAXUPE PROMOCOES E EVENTOS LTDA;03.929.354/0001-03
03/09/2020;03/09/2020 19:00:00;THE JUNGLE BOOK;MOGLI - O MENINO LOBO;E1600127500000;DUBLADO;NÃO;ESTADOS UNIDOS;5006567;CINESHOW TUBARÃO DRIVE-IN;1;6000025;33770;33771;TUBARÃO;SC;TUBARÃO FILMES LTDA;24.971.903/0001-88
03/09/2020;03/09/2020 19:00:00;THE SECRET LIFE OF PETS 2;PETS: A VIDA SECRETA DOS BICHOS 2;E1900162100000;DUBLADO;NÃO;ESTADOS UNIDOS;5006560;CINE A ITAJUBÁ DRIVE-IN;1;6000008;15833;41725;ITAJUBÁ;MG;CINE A LTDA;10.894.937/0001-01
03/09/2020;03/09/2020 19:00:00;THE SECRET: DARE TO DREAM;O SEGREDO: OUSE SONHAR;E2000080600000;DUBLADO;NÃO;ESTADOS UNIDOS;5004879;CIRCUITO CINEMAS PBAS- SALA 01;0;6000028;15568;27873;PARAUAPEBAS;PA;CIRCUITO ENTRETENIMENTO E CINEMAS LTDA;08.068.712/0001-54
03/09/2020;03/09/2020 19:00:01;TWILIGHT;CREPÚSCULO;E1600635500000;ORIGINAL;SIM;ESTADOS UNIDOS;5006365;ALFENAS SALA 2;2;6000008;15833;44017;ALFENAS;MG;CINE A LTDA;10.894.937/0001-01
03/09/2020;03/09/2020 19:00:01;TWILIGHT;CREPÚSCULO;E1600635500000;ORIGINAL;SIM;ESTADOS UNIDOS;5006072;CINE A ALTAMIRA SALA 02;1;6000008;28464;33426;ALTAMIRA;PA;CINE A MARABA LTDA;21.160.773/0001-05
03/09/2020;03/09/2020 19:05:00;THE SECRET: DARE TO DREAM;O SEGREDO: OUSE SONHAR;E2000080600000;DUBLADO;NÃO;ESTADOS UNIDOS;5006358;MULTICINE IANDE SHOPPING 3;0;6000045;5935;43968;CAUCAIA;CE;MULTICINE CINEMAS LTDA;07.609.246/0001-04
03/09/2020;03/09/2020 19:15:00;EL ROBO DEL SIGLO;O ROUBO DO SÉCULO;E2000030900000;ORIGINAL;SIM;ARGENTINA;5005978;CINESYSTEM ANANINDEUA SALA 04;6;6000027;22546;38898;ANANINDEUA;PA;REDECINE BRA CINEMATOGRÁFICA S.A.;15.422.993/0001-67
03/09/2020;03/09/2020 19:15:00;QUEEN OF SPADES: THROUGH THE LOOKING GLASS;A MALDIÇÃO DO ESPELHO;E1900574500000;DUBLADO;NÃO;RÚSSIA;5003483;SALA PQ.BELEM 02;4;6000024;17266;21616;BELÉM;PA;CINEPOLIS OPERADORA DE CINEMAS DO BRASIL LTDA;09.652.820/0001-32
03/09/2020;03/09/2020 19:20:00;CAPTAIN MARVEL;CAPITÃ MARVEL;E1900011200000;DUBLADO;NÃO;ESTADOS UNIDOS;5002722;SALA CINE PLAYARTE MANAUARA 07;5;6000049;260;16356;MANAUS;AM;PLAYARTE CINEMAS LTDA.;60.434.149/0001-00
03/09/2020;03/09/2020 19:20:00;EL ROBO DEL SIGLO;O ROUBO DO SÉCULO;E2000030900000;ORIGINAL;SIM;ARGENTINA;5002255;MOVIECOM PATIO BELÉM 1;2;6000100;2897;13915;BELÉM;PA;MOVIE CINEMAS LTDA;04.708.972/0001-96
03/09/2020;03/09/2020 19:20:00;QUEEN OF SPADES: THROUGH THE LOOKING GLASS;A MALDIÇÃO DO ESPELHO;E1900574500000;ORIGINAL;SIM;RÚSSIA;5005429;UCI BRASIL - SHOPPING BOSQUE GRÃO PARÁ SALA 04;4;6000058;749;32026;BELÉM;PA;UNITED CINEMAS INTERNATIONAL BRASIL LTDA.;01.289.530/0001-64
03/09/2020;03/09/2020 19:20:00;THE SECRET LIFE OF PETS 2;PETS: A VIDA SECRETA DOS BICHOS 2;E1900162100000;DUBLADO;NÃO;ESTADOS UNIDOS;5006605;MULTICINE MOSSORÓ DRIVE IN;4;6000045;5935;17881;MOSSORÓ;RN;MULTICINE CINEMAS LTDA;07.609.246/0001-04
03/09/2020;03/09/2020 19:20:00;THE SECRET: DARE TO DREAM;O SEGREDO: OUSE SONHAR;E2000080600000;DUBLADO;NÃO;ESTADOS UNIDOS;5001505;MOVIECOM CASTANHEIRA 7;2;6000100;2897;2896;BELÉM;PA;MOVIE CINEMAS LTDA;04.708.972/0001-96
03/09/2020;03/09/2020 19:30:00;EL ROBO DEL SIGLO;O ROUBO DO SÉCULO;E2000030900000;ORIGINAL;SIM;ARGENTINA;5005094;CINÉPOLIS SÃO GONÇALO SHOPPING - SALA 3;4;6000024;17266;30088;SÃO GONÇALO;RJ;CINEPOLIS OPERADORA DE CINEMAS DO BRASIL LTDA;09.652.820/0001-32
03/09/2020;03/09/2020 19:30:00;EL ROBO DEL SIGLO;O ROUBO DO SÉCULO;E2000030900000;ORIGINAL;SIM;ARGENTINA;5006472;REDECINE SUMARE 01;0;6000014;5654;44547;SUMARÉ;SP;REDECINE-CPQ CINEMATOGRÁFICA LTDA;07.665.262/0001-14
03/09/2020;03/09/2020 19:30:00;FANTASTIC BEASTS AND WHERE TO FIND THEM;ANIMAIS FANTÁSTICOS E ONDE HABITAM;E1600631400000;DUBLADO;NÃO;ESTADOS UNIDOS;5006554;CINEPLUS XAXIM DRIVE-IN - PLANETA DRIVE-IN;16;6000023;15673;15674;CURITIBA;PR;VITOMAQ PRODUÇÕES ARTISTICAS E CINEMA LTDA - ME;07.617.254/0001-00
03/09/2020;03/09/2020 19:30:00;JAWS;TUBARÃO;E1402577300000;ORIGINAL;SIM;ESTADOS UNIDOS;5002942;SALA 07;5;6000024;17266;17763;BELÉM;PA;CINEPOLIS OPERADORA DE CINEMAS DO BRASIL LTDA;09.652.820/0001-32
03/09/2020;03/09/2020 19:30:00;THE SECRET: DARE TO DREAM;O SEGREDO: OUSE SONHAR;E2000080600000;DUBLADO;NÃO;ESTADOS UNIDOS;5005644;CINE LASER BARRA DO GARÇAS SALA 03;5;6000104;33805;33806;BARRA DO GARÇAS;MT;CINE LASER BARRA DO GARÇAS LTDA- ME;24.864.214/0001-74
03/09/2020;03/09/2020 19:30:00;THE SECRET: DARE TO DREAM;O SEGREDO: OUSE SONHAR;E2000080600000;DUBLADO;NÃO;ESTADOS UNIDOS;5006533;CINE LASER SANTAREM 1;2;6000104;44323;45275;SANTARÉM;PA;CINE LASER CINEMAS NORDESTE LTDA;34.860.287/0001-41
03/09/2020;03/09/2020 19:30:00;THE SECRET: DARE TO DREAM;O SEGREDO: OUSE SONHAR;E2000080600000;DUBLADO;NÃO;ESTADOS UNIDOS;5003147;CINE LASER SORRISO 1;3;6000104;19465;19467;SORRISO;MT;CINE LASER CINEMAS LTDA;03.569.447/0001-74
03/09/2020;03/09/2020 19:40:00;EL ROBO DEL SIGLO;O ROUBO DO SÉCULO;E2000030900000;ORIGINAL;SIM;ARGENTINA;5002727;SALA CINE PLAYARTE MANAUARA 04;7;6000049;260;16356;MANAUS;AM;PLAYARTE CINEMAS LTDA.;60.434.149/0001-00
03/09/2020;03/09/2020 19:40:00;HARRY POTTER AND THE SORCERER'S STONE;HARRY POTTER AND THE SORCERER'S STONE;E1900440700000;ORIGINAL;SIM;ESTADOS UNIDOS;5001502;MOVIECOM CASTANHEIRA 5;6;6000100;2897;2896;BELÉM;PA;MOVIE CINEMAS LTDA;04.708.972/0001-96
03/09/2020;03/09/2020 19:40:00;THE SECRET: DARE TO DREAM;O SEGREDO: OUSE SONHAR;E2000080600000;DUBLADO;NÃO;ESTADOS UNIDOS;5001149;CINE PORTO;2;;2351;2352;UBATUBA;SP;CINEMATOGRÁFICA LITORAL NORTE LTDA-EPP;04.165.613/0001-30
03/09/2020;03/09/2020 19:45:00;BACK TO THE FUTURE;DE VOLTA PARA O FUTURO;E1402513800000;ORIGINAL;SIM;ESTADOS UNIDOS;5005160;CINÉPOLIS MANAUS PLAZA - SALA 4;2;6000024;17266;30118;MANAUS;AM;CINEPOLIS OPERADORA DE CINEMAS DO BRASIL LTDA;09.652.820/0001-32
03/09/2020;03/09/2020 19:45:00;BLACK PANTHER;PANTERA NEGRA;E1700512400000;DUBLADO;NÃO;ESTADOS UNIDOS;5005338;CINEMAS BENFICA - SALA 4;18;;15690;15691;FORTALEZA;CE;CINEMAS BENFICA LTDA;07.509.597/0001-43
03/09/2020;03/09/2020 19:45:00;Mostras e Festivais;;G0000000000004;ORIGINAL;SIM;;5005150;CINÉPOLIS MILLENNIUM - SALA 2;0;6000024;17266;30116;MANAUS;AM;CINEPOLIS OPERADORA DE CINEMAS DO BRASIL LTDA;09.652.820/0001-32
03/09/2020;03/09/2020 19:45:00;WONDER WOMAN;MULHER-MARAVILHA;E1700197900000;DUBLADO;NÃO;ESTADOS UNIDOS;5005329;UCI BRASIL - SUMAÚMA PARK SHOPPING MANAUS SALA 06;8;6000058;749;31265;MANAUS;AM;UNITED CINEMAS INTERNATIONAL BRASIL LTDA.;01.289.530/0001-64
03/09/2020;03/09/2020 19:50:00;BLOODSHOT;BLOODSHOT;E1900579400000;DUBLADO;NÃO;ESTADOS UNIDOS;5002253;MOVIECOM PATIO BELÉM 4;4;6000100;2897;13915;BELÉM;PA;MOVIE CINEMAS LTDA;04.708.972/0001-96
03/09/2020;03/09/2020 19:50:00;Eventos Esportivos;;G0000000000001;ORIGINAL;SIM;;5006475;REDECINE SUMARE 04;0;6000014;5654;44547;SUMARÉ;SP;REDECINE-CPQ CINEMATOGRÁFICA LTDA;07.665.262/0001-14
03/09/2020;03/09/2020 19:55:00;Mostras e Festivais;;G0000000000004;DUBLADO;NÃO;;5006357;MULTICINE IANDE SHOPPING 2;0;6000045;5935;43968;CAUCAIA;CE;MULTICINE CINEMAS LTDA;07.609.246/0001-04
03/09/2020;03/09/2020 20:00:00;21 BRIDGES;CRIME SEM SAÍDA;E1900482200000;ORIGINAL;SIM;ESTADOS UNIDOS;5005431;UCI BRASIL - SHOPPING BOSQUE GRÃO PARÁ SALA 06;11;6000058;749;32026;BELÉM;PA;UNITED CINEMAS INTERNATIONAL BRASIL LTDA.;01.289.530/0001-64
03/09/2020;03/09/2020 20:00:00;EL ROBO DEL SIGLO;O ROUBO DO SÉCULO;E2000030900000;ORIGINAL;NÃO;ARGENTINA;5002102;CINE DRIVEIN;48;;5465;6715;BRASÍLIA;DF;STARK'S CINEMA E LANCHONETE LTDA.;32.917.296/0001-04
03/09/2020;03/09/2020 20:00:00;EL ROBO DEL SIGLO;O ROUBO DO SÉCULO;E2000030900000;DUBLADO;NÃO;ARGENTINA;5006620;CINEMAIS MONTES CLAROS DRIVE IN;4;6000017;2892;23844;MONTES CLAROS;MG;CINEMAIS CINEMAS LTDA;03.868.869/0001-40
03/09/2020;03/09/2020 20:00:00;ESCAPE FROM PRETORIA;FUGA DE PRETÓRIA;E2000249400000;DUBLADO;NÃO;ÁFRICA DO SUL;5006476;REDECINE SUMARE 05;0;6000014;5654;44547;SUMARÉ;SP;REDECINE-CPQ CINEMATOGRÁFICA LTDA;07.665.262/0001-14
03/09/2020;03/09/2020 20:00:00;QUEEN OF SPADES: THROUGH THE LOOKING GLASS;A MALDIÇÃO DO ESPELHO;E1900574500000;DUBLADO;NÃO;RÚSSIA;5005643;CINE LASER BARRA DO GARÇAS SALA 02;13;6000104;33805;33806;BARRA DO GARÇAS;MT;CINE LASER BARRA DO GARÇAS LTDA- ME;24.864.214/0001-74
03/09/2020;03/09/2020 20:00:00;QUEEN OF SPADES: THROUGH THE LOOKING GLASS;A MALDIÇÃO DO ESPELHO;E1900574500000;DUBLADO;NÃO;RÚSSIA;5006534;CINE LASER SANTAREM 2;1;6000104;44323;45275;SANTARÉM;PA;CINE LASER CINEMAS NORDESTE LTDA;34.860.287/0001-41
03/09/2020;03/09/2020 20:00:00;QUEEN OF SPADES: THROUGH THE LOOKING GLASS;A MALDIÇÃO DO ESPELHO;E1900574500000;DUBLADO;NÃO;RÚSSIA;5004593;CINE LASER SORRISO 2;21;6000104;19465;19467;SORRISO;MT;CINE LASER CINEMAS LTDA;03.569.447/0001-74
03/09/2020;03/09/2020 20:00:00;THE EXORCIST;O EXORCISTA;E1500099900000;ORIGINAL;SIM;ESTADOS UNIDOS;5005331;UCI BRASIL - SUMAÚMA PARK SHOPPING MANAUS SALA 08;5;6000058;749;31265;MANAUS;AM;UNITED CINEMAS INTERNATIONAL BRASIL LTDA.;01.289.530/0001-64
03/09/2020;03/09/2020 20:00:00;THE LION KING;O REI LEÃO;E1900267700000;DUBLADO;NÃO;ESTADOS UNIDOS;5002721;SALA CINE PLAYARTE MANAUARA 01;10;6000049;260;16356;MANAUS;AM;PLAYARTE CINEMAS LTDA.;60.434.149/0001-00
03/09/2020;03/09/2020 20:00:00;TWILIGHT;CREPÚSCULO;E1600635500000;ORIGINAL;SIM;ESTADOS UNIDOS;5002603;CINEMAS BENFICA - SALA 1;4;;15690;15691;FORTALEZA;CE;CINEMAS BENFICA LTDA;07.509.597/0001-43
03/09/2020;03/09/2020 20:00:00;WONDER WOMAN;MULHER-MARAVILHA;E1700197900000;DUBLADO;NÃO;ESTADOS UNIDOS;5005984;CINESYSTEM ANANINDEUA SALA 10;23;6000027;22546;38898;ANANINDEUA;PA;REDECINE BRA CINEMATOGRÁFICA S.A.;15.422.993/0001-67
03/09/2020;03/09/2020 20:00:00;WONDER WOMAN;MULHER-MARAVILHA;E1700197900000;DUBLADO;NÃO;ESTADOS UNIDOS;5001497;MOVIECOM CASTANHEIRA 2;5;6000100;2897;2896;BELÉM;PA;MOVIE CINEMAS LTDA;04.708.972/0001-96
03/09/2020;03/09/2020 20:10:00;THE SECRET: DARE TO DREAM;O SEGREDO: OUSE SONHAR;E2000080600000;DUBLADO;NÃO;ESTADOS UNIDOS;5006473;REDECINE SUMARE 02;0;6000014;5654;44547;SUMARÉ;SP;REDECINE-CPQ CINEMATOGRÁFICA LTDA;07.665.262/0001-14
03/09/2020;03/09/2020 20:15:00;JOHN WICK 3: PARABELLUM;JOHN WICK 3: PARABELLUM;E1900126300000;DUBLADO;NÃO;ESTADOS UNIDOS;5005306;CINEFLIX VÁRZEA GRANDE SHOPPING - SALA 3;7;6000014;24534;31101;VÁRZEA GRANDE;MT;REDECINE BSB CINEMATOGRÁFICA LTDA;18.087.870/0001-05
03/09/2020;03/09/2020 20:15:00;SOLTEIRA QUASE SURTANDO;;B2000040200000;ORIGINAL;NÃO;BRASIL;5005980;CINESYSTEM ANANINDEUA SALA 06;2;6000027;22546;38898;ANANINDEUA;PA;REDECINE BRA CINEMATOGRÁFICA S.A.;15.422.993/0001-67
03/09/2020;03/09/2020 20:20:00;BLOODSHOT;BLOODSHOT;E1900579400000;DUBLADO;NÃO;ESTADOS UNIDOS;5000160;NORTH SHOPPING 1;13;6000037;1991;2414;FORTALEZA;CE;EMPRESA CINEMAS SÃO LUIZ S/A;33.497.660/0001-89
03/09/2020;03/09/2020 20:20:00;EL ROBO DEL SIGLO;O ROUBO DO SÉCULO;E2000030900000;ORIGINAL;SIM;ARGENTINA;5005305;CINEFLIX VÁRZEA GRANDE SHOPPING - SALA 2;3;6000014;24534;31101;VÁRZEA GRANDE;MT;REDECINE BSB CINEMATOGRÁFICA LTDA;18.087.870/0001-05
03/09/2020;03/09/2020 20:20:00;ESCAPE FROM PRETORIA;FUGA DE PRETÓRIA;E2000249400000;ORIGINAL;SIM;ÁFRICA DO SUL;5005430;UCI BRASIL - SHOPPING BOSQUE GRÃO PARÁ SALA 05;6;6000058;749;32026;BELÉM;PA;UNITED CINEMAS INTERNATIONAL BRASIL LTDA.;01.289.530/0001-64
03/09/2020;03/09/2020 20:20:00;HARRY POTTER AND THE SORCERER'S STONE;HARRY POTTER AND THE SORCERER'S STONE;E1900440700000;ORIGINAL;SIM;ESTADOS UNIDOS;5002254;MOVIECOM PATIO BELÉM 5;2;6000100;2897;13915;BELÉM;PA;MOVIE CINEMAS LTDA;04.708.972/0001-96
03/09/2020;03/09/2020 20:20:00;THE SECRET: DARE TO DREAM;O SEGREDO: OUSE SONHAR;E2000080600000;ORIGINAL;SIM;ESTADOS UNIDOS;5002719;SALA CINE PLAYARTE MANAUARA 05;6;6000049;260;16356;MANAUS;AM;PLAYARTE CINEMAS LTDA.;60.434.149/0001-00
03/09/2020;03/09/2020 20:20:00;TRÊS VERÕES;;B1900410500000;ORIGINAL;NÃO;FRANÇA;5006571;CINESYSTEM AMÉRICAS DRIVE-IN;7;6000027;5348;28834;RIO DE JANEIRO;RJ;REDECINE - RIO CINEMATOGRAFICA S.A.;07.524.011/0001-10
03/09/2020;03/09/2020 20:30:00;ALICE JÚNIOR;;B2000154900000;ORIGINAL;NÃO;BRASIL;5006610;CINESYSTEM DRIVE-IN AEROPORTO VITÓRIA;0;6000027;22546;46257;VITÓRIA;ES;REDECINE BRA CINEMATOGRÁFICA S.A.;15.422.993/0001-67
03/09/2020;03/09/2020 20:30:00;BLINDED BY THE LIGHT;A MÚSICA DA MINHA VIDA;E1900234900000;DUBLADO;NÃO;REINO UNIDO;5006591;DRIVE IN SHOPPING VILLA LOBOS;2;6000006;2872;46069;SÃO PAULO;SP;EMPRESA CENTERPLEX DE CINEMAS LTDA;00.812.310/0001-00
03/09/2020;03/09/2020 20:30:00;EL ROBO DEL SIGLO;O ROUBO DO SÉCULO;E2000030900000;ORIGINAL;SIM;ARGENTINA;5005152;CINÉPOLIS MILLENNIUM - SALA 4;0;6000024;17266;30116;MANAUS;AM;CINEPOLIS OPERADORA DE CINEMAS DO BRASIL LTDA;09.652.820/0001-32
03/09/2020;03/09/2020 20:30:00;Eventos Esportivos;;G0000000000001;DUBLADO;NÃO;;5006474;REDECINE SUMARE 03;0;6000014;5654;44547;SUMARÉ;SP;REDECINE-CPQ CINEMATOGRÁFICA LTDA;07.665.262/0001-14
03/09/2020;03/09/2020 20:30:00;Mostras e Festivais;;G0000000000004;DUBLADO;NÃO;;5006073;CINE A ALTAMIRA SALA 03;1;6000008;28464;33426;ALTAMIRA;PA;CINE A MARABA LTDA;21.160.773/0001-05
03/09/2020;03/09/2020 20:30:00;Mostras e Festivais;;G0000000000004;ORIGINAL;SIM;;5004880;CIRCUITO CINEMAS PBAS- SALA 02;0;6000028;15568;27873;PARAUAPEBAS;PA;CIRCUITO ENTRETENIMENTO E CINEMAS LTDA;08.068.712/0001-54
03/09/2020;03/09/2020 20:30:00;Mostras e Festivais;;G0000000000004;ORIGINAL;SIM;;5003488;SALA PQ.BELEM 07;4;6000024;17266;21616;BELÉM;PA;CINEPOLIS OPERADORA DE CINEMAS DO BRASIL LTDA;09.652.820/0001-32
03/09/2020;03/09/2020 20:30:00;QUEEN OF SPADES: THROUGH THE LOOKING GLASS;A MALDIÇÃO DO ESPELHO;E1900574500000;DUBLADO;NÃO;RÚSSIA;5005307;CINEFLIX VÁRZEA GRANDE SHOPPING - SALA 4;3;6000014;24534;31101;VÁRZEA GRANDE;MT;REDECINE BSB CINEMATOGRÁFICA LTDA;18.087.870/0001-05
03/09/2020;03/09/2020 20:30:00;QUEEN OF SPADES: THROUGH THE LOOKING GLASS;A MALDIÇÃO DO ESPELHO;E1900574500000;DUBLADO;NÃO;RÚSSIA;5005326;UCI BRASIL - SUMAÚMA PARK SHOPPING MANAUS SALA 03;16;6000058;749;31265;MANAUS;AM;UNITED CINEMAS INTERNATIONAL BRASIL LTDA.;01.289.530/0001-64
03/09/2020;03/09/2020 20:30:00;THE SECRET: DARE TO DREAM;O SEGREDO: OUSE SONHAR;E2000080600000;DUBLADO;NÃO;ESTADOS UNIDOS;5000081;KINOPLEX AMAZONAS SALA 03;19;6000037;1991;2393;MANAUS;AM;EMPRESA CINEMAS SÃO LUIZ S/A;33.497.660/0001-89
03/09/2020;03/09/2020 20:30:00;THE SECRET: DARE TO DREAM;O SEGREDO: OUSE SONHAR;E2000080600000;DUBLADO;NÃO;ESTADOS UNIDOS;5000161;NORTH SHOPPING 2;5;6000037;1991;2414;FORTALEZA;CE;EMPRESA CINEMAS SÃO LUIZ S/A;33.497.660/0001-89
03/09/2020;03/09/2020 20:30:00;THE SECRET: DARE TO DREAM;O SEGREDO: OUSE SONHAR;E2000080600000;ORIGINAL;SIM;ESTADOS UNIDOS;5002937;SALA 06;2;6000024;17266;17763;BELÉM;PA;CINEPOLIS OPERADORA DE CINEMAS DO BRASIL LTDA;09.652.820/0001-32
03/09/2020;03/09/2020 20:30:00;WONDER WOMAN;MULHER-MARAVILHA;E1700197900000;DUBLADO;NÃO;ESTADOS UNIDOS;5002565;CINE CATARATAS 2;2;;15565;15566;FOZ DO IGUAÇU;PR;CINE CATARATAS LTDA;09.010.219/0001-46
03/09/2020;03/09/2020 20:30:01;BOHEMIAN RHAPSODY;BOHEMIAN RHAPSODY;E1800251900000;DUBLADO;NÃO;ESTADOS UNIDOS;5006601;CINE DRIVE-IN ESPAÇO CINEMAX;2;;5944;6680;ITABIRA;MG;ESPAÇO CULTURAL CINE ATLETICO LTDA;06.981.108/0001-99
03/09/2020;03/09/2020 20:30:01;Mostras e Festivais;;G0000000000004;DUBLADO;NÃO;;5006364;ALFENAS SALA 1;4;6000008;15833;44017;ALFENAS;MG;CINE A LTDA;10.894.937/0001-01
03/09/2020;03/09/2020 20:35:00;BUMBLEBEE;BUMBLEBEE;E1800436900000;DUBLADO;NÃO;ESTADOS UNIDOS;5006568;CINE + ARTE XANGRI-LÁ DRIVE-IN;3;6000103;32155;45890;XANGRI-LÁ;RS;EWERTON LUIS DE SOUZA BRANDOLT;23.288.683/0001-20
03/09/2020;03/09/2020 20:40:00;ESCAPE FROM PRETORIA;FUGA DE PRETÓRIA;E2000249400000;DUBLADO;NÃO;ÁFRICA DO SUL;5000162;NORTH SHOPPING 3;0;6000037;1991;2414;FORTALEZA;CE;EMPRESA CINEMAS SÃO LUIZ S/A;33.497.660/0001-89
03/09/2020;03/09/2020 20:40:00;ESCAPE FROM PRETORIA;FUGA DE PRETÓRIA;E2000249400000;ORIGINAL;SIM;ÁFRICA DO SUL;5002723;SALA CINE PLAYARTE MANAUARA 03;8;6000049;260;16356;MANAUS;AM;PLAYARTE CINEMAS LTDA.;60.434.149/0001-00
03/09/2020;03/09/2020 20:45:00;ESCAPE FROM PRETORIA;FUGA DE PRETÓRIA;E2000249400000;ORIGINAL;SIM;ÁFRICA DO SUL;5005149;CINÉPOLIS MILLENNIUM - SALA 1;0;6000024;17266;30116;MANAUS;AM;CINEPOLIS OPERADORA DE CINEMAS DO BRASIL LTDA;09.652.820/0001-32
03/09/2020;03/09/2020 20:45:00;QUEEN OF SPADES: THROUGH THE LOOKING GLASS;A MALDIÇÃO DO ESPELHO;E1900574500000;DUBLADO;NÃO;RÚSSIA;5005308;CINEFLIX VÁRZEA GRANDE SHOPPING - SALA 5;0;6000014;24534;31101;VÁRZEA GRANDE;MT;REDECINE BSB CINEMATOGRÁFICA LTDA;18.087.870/0001-05
03/09/2020;03/09/2020 20:45:00;SPLIT;FRAGMENTADO;E1600764000000;ORIGINAL;SIM;ESTADOS UNIDOS;5006619;DRIVE - GYN SERRA DOURADA 03;6;6000039;45898;46312;GOIÂNIA;GO;DRIVE-GYN ENTRETENIMENTO LTDA;37.109.882/0001-38
03/09/2020;03/09/2020 20:45:00;THE AVENGERS;THE AVENGERS: OS VINGADORES;E1500275200000;DUBLADO;NÃO;ESTADOS UNIDOS;5002428;CINE WEST SALA 01;13;;14882;14883;CASCAVEL;PR;WEST SIDE SHOPPING CENTER LTDA;68.761.170/0001-22
03/09/2020;03/09/2020 20:45:00;THE SECRET: DARE TO DREAM;O SEGREDO: OUSE SONHAR;E2000080600000;DUBLADO;NÃO;ESTADOS UNIDOS;5005159;CINÉPOLIS MANAUS PLAZA - SALA 3;0;6000024;17266;30118;MANAUS;AM;CINEPOLIS OPERADORA DE CINEMAS DO BRASIL LTDA;09.652.820/0001-32
03/09/2020;03/09/2020 20:45:01;BACK TO THE FUTURE;DE VOLTA PARA O FUTURO;E1402513800000;DUBLADO;NÃO;ESTADOS UNIDOS;5006381;ALFENAS SALA 3;1;6000008;15833;44017;ALFENAS;MG;CINE A LTDA;10.894.937/0001-01
03/09/2020;03/09/2020 20:45:01;BACK TO THE FUTURE;DE VOLTA PARA O FUTURO;E1402513800000;DUBLADO;NÃO;ESTADOS UNIDOS;5005617;CINE A ALTAMIRA SALA 01;2;6000008;28464;33426;ALTAMIRA;PA;CINE A MARABA LTDA;21.160.773/0001-05
03/09/2020;03/09/2020 20:50:00;BACK TO THE FUTURE;DE VOLTA PARA O FUTURO;E1402513800000;DUBLADO;NÃO;ESTADOS UNIDOS;5000079;KINOPLEX AMAZONAS SALA 01;7;6000037;1991;2393;MANAUS;AM;EMPRESA CINEMAS SÃO LUIZ S/A;33.497.660/0001-89
03/09/2020;03/09/2020 20:50:00;EL ROBO DEL SIGLO;O ROUBO DO SÉCULO;E2000030900000;ORIGINAL;SIM;ARGENTINA;5000163;NORTH SHOPPING 4;2;6000037;1991;2414;FORTALEZA;CE;EMPRESA CINEMAS SÃO LUIZ S/A;33.497.660/0001-89
03/09/2020;03/09/2020 20:50:00;HARRY POTTER AND THE PHILOSOPHER'S STONE;HARRY POTTER E A PEDRA FILOSOFAL;E1500138600000;ORIGINAL;SIM;ESTADOS UNIDOS;5002427;CINE WEST SALA 02;6;;14882;14883;CASCAVEL;PR;WEST SIDE SHOPPING CENTER LTDA;68.761.170/0001-22
03/09/2020;03/09/2020 20:50:00;TRÊS VERÕES;;B1900410500000;ORIGINAL;NÃO;FRANÇA;5006580;CINESYSTEM MORUMBI TOWN DRIVE-IN;12;6000027;22546;34941;SÃO PAULO;SP;REDECINE BRA CINEMATOGRÁFICA S.A.;15.422.993/0001-67
03/09/2020;03/09/2020 20:50:00;TURMA DA MÔNICA - LAÇOS;;B1900235500000;ORIGINAL;NÃO;BRASIL;5005304;CINEFLIX VÁRZEA GRANDE SHOPPING - SALA 1;0;6000014;24534;31101;VÁRZEA GRANDE;MT;REDECINE BSB CINEMATOGRÁFICA LTDA;18.087.870/0001-05
03/09/2020;03/09/2020 20:55:00;ESCAPE FROM PRETORIA;FUGA DE PRETÓRIA;E2000249400000;DUBLADO;NÃO;ÁFRICA DO SUL;5005981;CINESYSTEM ANANINDEUA SALA 07;6;6000027;22546;38898;ANANINDEUA;PA;REDECINE BRA CINEMATOGRÁFICA S.A.;15.422.993/0001-67
03/09/2020;03/09/2020 20:55:00;THE EXORCIST;O EXORCISTA;E1500099900000;ORIGINAL;SIM;ESTADOS UNIDOS;5006356;MULTICINE IANDE SHOPPING 1;0;6000045;5935;43968;CAUCAIA;CE;MULTICINE CINEMAS LTDA;07.609.246/0001-04
03/09/2020;03/09/2020 21:00:00;EL ROBO DEL SIGLO;O ROUBO DO SÉCULO;E2000030900000;ORIGINAL;SIM;ARGENTINA;5006560;CINE A ITAJUBÁ DRIVE-IN;2;6000008;15833;41725;ITAJUBÁ;MG;CINE A LTDA;10.894.937/0001-01
03/09/2020;03/09/2020 21:00:00;JUST MERCY;LUTA POR JUSTIÇA;E1900587300000;DUBLADO;NÃO;ESTADOS UNIDOS;5006625;CINE GOLDEN - DRIVE IN;11;6000141;45886;46420;JEQUIÉ;BA;GF ANDRADE ENTRETENIMENTO E COMÉRCIO LTDA;23.200.362/0001-21
03/09/2020;03/09/2020 21:00:00;MINHA MÃE É UMA PEÇA 3;;B1900576900000;ORIGINAL;NÃO;BRASIL;5006579;CINESYSTEM BRÁS DRIVE-IN;8;6000027;22546;34941;SÃO PAULO;SP;REDECINE BRA CINEMATOGRÁFICA S.A.;15.422.993/0001-67
03/09/2020;03/09/2020 21:00:00;QUEEN OF SPADES: THROUGH THE LOOKING GLASS;A MALDIÇÃO DO ESPELHO;E1900574500000;DUBLADO;NÃO;RÚSSIA;5005965;CINE SUL SALA 01;0;6000121;38751;38752;MEDIANEIRA;PR;L N DA ROCHA & CIA LTDA - ME;29.099.414/0001-00
03/09/2020;03/09/2020 21:00:00;QUEEN OF SPADES: THROUGH THE LOOKING GLASS;A MALDIÇÃO DO ESPELHO;E1900574500000;DUBLADO;NÃO;RÚSSIA;5005157;CINÉPOLIS MANAUS PLAZA - SALA 1;0;6000024;17266;30118;MANAUS;AM;CINEPOLIS OPERADORA DE CINEMAS DO BRASIL LTDA;09.652.820/0001-32
03/09/2020;03/09/2020 21:00:00;QUEEN OF SPADES: THROUGH THE LOOKING GLASS;A MALDIÇÃO DO ESPELHO;E1900574500000;DUBLADO;NÃO;RÚSSIA;5000080;KINOPLEX AMAZONAS SALA 02;37;6000037;1991;2393;MANAUS;AM;EMPRESA CINEMAS SÃO LUIZ S/A;33.497.660/0001-89
03/09/2020;03/09/2020 21:00:00;QUEEN OF SPADES: THROUGH THE LOOKING GLASS;A MALDIÇÃO DO ESPELHO;E1900574500000;DUBLADO;NÃO;RÚSSIA;5002256;MOVIECOM PATIO BELÉM 3;4;6000100;2897;13915;BELÉM;PA;MOVIE CINEMAS LTDA;04.708.972/0001-96
03/09/2020;03/09/2020 21:00:00;QUEEN OF SPADES: THROUGH THE LOOKING GLASS;A MALDIÇÃO DO ESPELHO;E1900574500000;DUBLADO;NÃO;RÚSSIA;5002938;SALA 04;10;6000024;17266;17763;BELÉM;PA;CINEPOLIS OPERADORA DE CINEMAS DO BRASIL LTDA;09.652.820/0001-32
03/09/2020;03/09/2020 21:00:00;QUEEN OF SPADES: THROUGH THE LOOKING GLASS;A MALDIÇÃO DO ESPELHO;E1900574500000;DUBLADO;NÃO;RÚSSIA;5002726;SALA CINE PLAYARTE MANAUARA 06;8;6000049;260;16356;MANAUS;AM;PLAYARTE CINEMAS LTDA.;60.434.149/0001-00
03/09/2020;03/09/2020 21:00:00;THE SECRET: DARE TO DREAM;O SEGREDO: OUSE SONHAR;E2000080600000;DUBLADO;NÃO;ESTADOS UNIDOS;5005309;CINEFLIX VÁRZEA GRANDE SHOPPING - SALA 6;4;6000014;24534;31101;VÁRZEA GRANDE;MT;REDECINE BSB CINEMATOGRÁFICA LTDA;18.087.870/0001-05
03/09/2020;03/09/2020 21:00:00;THE SECRET: DARE TO DREAM;O SEGREDO: OUSE SONHAR;E2000080600000;DUBLADO;NÃO;ESTADOS UNIDOS;5003487;SALA PQ.BELEM 06;0;6000024;17266;21616;BELÉM;PA;CINEPOLIS OPERADORA DE CINEMAS DO BRASIL LTDA;09.652.820/0001-32
03/09/2020;03/09/2020 21:00:00;TRÊS VERÕES;;B1900410500000;ORIGINAL;NÃO;FRANÇA;5006572;CINE 14 BIS DRIVE-IN;4;;5822;6623;GUAXUPÉ;MG;GUAXUPE PROMOCOES E EVENTOS LTDA;03.929.354/0001-03
03/09/2020;03/09/2020 21:00:00;WONDER WOMAN;MULHER-MARAVILHA;E1700197900000;DUBLADO;NÃO;ESTADOS UNIDOS;5004882;CIRCUITO CINEMAS PBAS- SALA 04;0;6000028;15568;27873;PARAUAPEBAS;PA;CIRCUITO ENTRETENIMENTO E CINEMAS LTDA;08.068.712/0001-54
03/09/2020;03/09/2020 21:00:01;PORNO PARA PRINCIPIANTES;;B1900435600000;ORIGINAL;SIM;ARGENTINA;5006617;DRIVE - GYN SERRA DOURADA 01;1;6000039;45898;46312;GOIÂNIA;GO;DRIVE-GYN ENTRETENIMENTO LTDA;37.109.882/0001-38
03/09/2020;03/09/2020 21:10:00;ESCAPE FROM PRETORIA;FUGA DE PRETÓRIA;E2000249400000;DUBLADO;NÃO;ÁFRICA DO SUL;5004822;KINOPLEX AMAZONAS SALA 04;8;6000037;1991;2393;MANAUS;AM;EMPRESA CINEMAS SÃO LUIZ S/A;33.497.660/0001-89
03/09/2020;03/09/2020 21:10:00;JOKER;CORINGA;E1900357300000;DUBLADO;NÃO;CANADÁ;5006494;CINE INTER SANTA INES 02;9;6000140;44834;44835;SANTA INÊS;MA;CINEINTER EXIBICOES CINEMATOGRAFICAS LTDA;35.477.354/0001-06
03/09/2020;03/09/2020 21:10:00;QUEEN OF SPADES: THROUGH THE LOOKING GLASS;A MALDIÇÃO DO ESPELHO;E1900574500000;DUBLADO;NÃO;RÚSSIA;5005977;CINESYSTEM ANANINDEUA SALA 03;12;6000027;22546;38898;ANANINDEUA;PA;REDECINE BRA CINEMATOGRÁFICA S.A.;15.422.993/0001-67
03/09/2020;03/09/2020 21:10:00;QUEEN OF SPADES: THROUGH THE LOOKING GLASS;A MALDIÇÃO DO ESPELHO;E1900574500000;DUBLADO;NÃO;RÚSSIA;5000164;NORTH SHOPPING 5;13;6000037;1991;2414;FORTALEZA;CE;EMPRESA CINEMAS SÃO LUIZ S/A;33.497.660/0001-89
03/09/2020;03/09/2020 21:10:00;THE SECRET: DARE TO DREAM;O SEGREDO: OUSE SONHAR;E2000080600000;ORIGINAL;SIM;ESTADOS UNIDOS;5002257;MOVIECOM PATIO BELÉM 2;4;6000100;2897;13915;BELÉM;PA;MOVIE CINEMAS LTDA;04.708.972/0001-96
03/09/2020;03/09/2020 21:10:01;JOHN WICK 3: PARABELLUM;JOHN WICK 3: PARABELLUM;E1900126300000;DUBLADO;NÃO;ESTADOS UNIDOS;5006574;DRIVE IN CINEART ALPHAVILLE;4;6000013;437;45925;NOVA LIMA;MG;DELTA FILMES LTDA;01.735.159/0001-17
03/09/2020;03/09/2020 21:15:00;EL ROBO DEL SIGLO;O ROUBO DO SÉCULO;E2000030900000;ORIGINAL;SIM;ARGENTINA;5006365;ALFENAS SALA 2;2;6000008;15833;44017;ALFENAS;MG;CINE A LTDA;10.894.937/0001-01
03/09/2020;03/09/2020 21:15:00;EL ROBO DEL SIGLO;O ROUBO DO SÉCULO;E2000030900000;ORIGINAL;SIM;ARGENTINA;5006072;CINE A ALTAMIRA SALA 02;2;6000008;28464;33426;ALTAMIRA;PA;CINE A MARABA LTDA;21.160.773/0001-05
03/09/2020;03/09/2020 21:15:00;EL ROBO DEL SIGLO;O ROUBO DO SÉCULO;E2000030900000;ORIGINAL;SIM;ARGENTINA;5006618;DRIVE - GYN SERRA DOURADA 02;4;6000039;45898;46312;GOIÂNIA;GO;DRIVE-GYN ENTRETENIMENTO LTDA;37.109.882/0001-38
03/09/2020;03/09/2020 21:15:00;EL ROBO DEL SIGLO;O ROUBO DO SÉCULO;E2000030900000;ORIGINAL;SIM;ARGENTINA;5006605;MULTICINE MOSSORÓ DRIVE IN;1;6000045;5935;17881;MOSSORÓ;RN;MULTICINE CINEMAS LTDA;07.609.246/0001-04
03/09/2020;03/09/2020 21:15:00;THE SECRET: DARE TO DREAM;O SEGREDO: OUSE SONHAR;E2000080600000;ORIGINAL;SIM;ESTADOS UNIDOS;5005151;CINÉPOLIS MILLENNIUM - SALA 3;0;6000024;17266;30116;MANAUS;AM;CINEPOLIS OPERADORA DE CINEMAS DO BRASIL LTDA;09.652.820/0001-32
03/09/2020;03/09/2020 21:20:00;HARRY POTTER AND THE PHILOSOPHER'S STONE;HARRY POTTER E A PEDRA FILOSOFAL;E1500138600000;DUBLADO;NÃO;ESTADOS UNIDOS;5002564;CINE CATARATAS 1;9;;15565;15566;FOZ DO IGUAÇU;PR;CINE CATARATAS LTDA;09.010.219/0001-46
03/09/2020;03/09/2020 21:20:00;Mostras e Festivais;;G0000000000004;DUBLADO;NÃO;;5001503;MOVIECOM CASTANHEIRA 6;2;6000100;2897;2896;BELÉM;PA;MOVIE CINEMAS LTDA;04.708.972/0001-96
03/09/2020;03/09/2020 21:20:00;THE SECRET: DARE TO DREAM;O SEGREDO: OUSE SONHAR;E2000080600000;DUBLADO;NÃO;ESTADOS UNIDOS;5006358;MULTICINE IANDE SHOPPING 3;2;6000045;5935;43968;CAUCAIA;CE;MULTICINE CINEMAS LTDA;07.609.246/0001-04
03/09/2020;03/09/2020 21:25:00;BLOODSHOT;BLOODSHOT;E1900579400000;DUBLADO;NÃO;ESTADOS UNIDOS;5005930;MOBI CINE AÇAILÂNDIA SALA 02;2;6000040;38236;38237;AÇAILÂNDIA;MA;C A V LEMOS E CIA LTDA - ME;14.717.191/0001-11
03/09/2020;03/09/2020 21:30:00;BLACK PANTHER;PANTERA NEGRA;E1700512400000;DUBLADO;NÃO;ESTADOS UNIDOS;5006567;CINESHOW TUBARÃO DRIVE-IN;2;6000025;33770;33771;TUBARÃO;SC;TUBARÃO FILMES LTDA;24.971.903/0001-88
03/09/2020;03/09/2020 21:30:00;HARRY POTTER AND THE SORCERER'S STONE;HARRY POTTER AND THE SORCERER'S STONE;E1900440700000;ORIGINAL;SIM;ESTADOS UNIDOS;5005975;CINESYSTEM ANANINDEUA SALA 01;7;6000027;22546;38898;ANANINDEUA;PA;REDECINE BRA CINEMATOGRÁFICA S.A.;15.422.993/0001-67
03/09/2020;03/09/2020 21:30:00;MARY;A POSSESSÃO DE MARY;E1900534600000;DUBLADO;NÃO;ESTADOS UNIDOS;5006493;CINE INTER SANTA INES 01;12;6000140;44834;44835;SANTA INÊS;MA;CINEINTER EXIBICOES CINEMATOGRAFICAS LTDA;35.477.354/0001-06
03/09/2020;03/09/2020 21:30:00;QUEEN OF SPADES: THROUGH THE LOOKING GLASS;A MALDIÇÃO DO ESPELHO;E1900574500000;DUBLADO;NÃO;RÚSSIA;5001498;MOVIECOM CASTANHEIRA 3;0;6000100;2897;2896;BELÉM;PA;MOVIE CINEMAS LTDA;04.708.972/0001-96
03/09/2020;03/09/2020 21:30:00;QUEEN OF SPADES: THROUGH THE LOOKING GLASS;A MALDIÇÃO DO ESPELHO;E1900574500000;DUBLADO;NÃO;RÚSSIA;5003483;SALA PQ.BELEM 02;0;6000024;17266;21616;BELÉM;PA;CINEPOLIS OPERADORA DE CINEMAS DO BRASIL LTDA;09.652.820/0001-32
03/09/2020;03/09/2020 21:30:00;THE SECRET: DARE TO DREAM;O SEGREDO: OUSE SONHAR;E2000080600000;DUBLADO;NÃO;ESTADOS UNIDOS;5004879;CIRCUITO CINEMAS PBAS- SALA 01;0;6000028;15568;27873;PARAUAPEBAS;PA;CIRCUITO ENTRETENIMENTO E CINEMAS LTDA;08.068.712/0001-54
03/09/2020;03/09/2020 21:35:00;MISSION: IMPOSSIBLE - FALLOUT;MISSÃO: IMPOSSÍVEL - EFEITO FALLOUT;E1800243500000;DUBLADO;NÃO;ESTADOS UNIDOS;5006586;MULTICINE DRIVE IN - CIDADE JARDIM;5;6000045;5935;30736;GOIÂNIA;GO;MULTICINE CINEMAS LTDA;07.609.246/0001-04
03/09/2020;03/09/2020 21:40:00;21 BRIDGES;CRIME SEM SAÍDA;E1900482200000;DUBLADO;NÃO;ESTADOS UNIDOS;5005979;CINESYSTEM ANANINDEUA SALA 05;0;6000027;22546;38898;ANANINDEUA;PA;REDECINE BRA CINEMATOGRÁFICA S.A.;15.422.993/0001-67
03/09/2020;03/09/2020 21:45:00;EL ROBO DEL SIGLO;O ROUBO DO SÉCULO;E2000030900000;ORIGINAL;SIM;ARGENTINA;5002255;MOVIECOM PATIO BELÉM 1;4;6000100;2897;13915;BELÉM;PA;MOVIE CINEMAS LTDA;04.708.972/0001-96
03/09/2020;03/09/2020 21:50:00;THE SECRET: DARE TO DREAM;O SEGREDO: OUSE SONHAR;E2000080600000;DUBLADO;NÃO;ESTADOS UNIDOS;5001505;MOVIECOM CASTANHEIRA 7;0;6000100;2897;2896;BELÉM;PA;MOVIE CINEMAS LTDA;04.708.972/0001-96
03/09/2020;03/09/2020 21:55:00;EL ROBO DEL SIGLO;O ROUBO DO SÉCULO;E2000030900000;ORIGINAL;SIM;ARGENTINA;5005978;CINESYSTEM ANANINDEUA SALA 04;4;6000027;22546;38898;ANANINDEUA;PA;REDECINE BRA CINEMATOGRÁFICA S.A.;15.422.993/0001-67
03/09/2020;03/09/2020 22:00:00;MACABRO;;B1900618000000;ORIGINAL;NÃO;BRASIL;5002102;CINE DRIVEIN;48;;5465;6715;BRASÍLIA;DF;STARK'S CINEMA E LANCHONETE LTDA.;32.917.296/0001-04
03/09/2020;03/09/2020 22:25:00;O AMOR DÁ TRABALHO;;B1800029400000;ORIGINAL;NÃO;BRASIL;5006610;CINESYSTEM DRIVE-IN AEROPORTO VITÓRIA;0;6000027;22546;46257;VITÓRIA;ES;REDECINE BRA CINEMATOGRÁFICA S.A.;15.422.993/0001-67
03/09/2020;03/09/2020 22:30:00;EL ROBO DEL SIGLO;O ROUBO DO SÉCULO;E2000030900000;ORIGINAL;SIM;ARGENTINA;5006571;CINESYSTEM AMÉRICAS DRIVE-IN;4;6000027;5348;28834;RIO DE JANEIRO;RJ;REDECINE - RIO CINEMATOGRAFICA S.A.;07.524.011/0001-10
03/09/2020;03/09/2020 22:30:00;THE NUN;A FREIRA;E1800306100000;DUBLADO;NÃO;ESTADOS UNIDOS;5006591;DRIVE IN SHOPPING VILLA LOBOS;1;6000006;2872;46069;SÃO PAULO;SP;EMPRESA CENTERPLEX DE CINEMAS LTDA;00.812.310/0001-00
03/09/2020;03/09/2020 22:45:00;EL ROBO DEL SIGLO;O ROUBO DO SÉCULO;E2000030900000;ORIGINAL;SIM;ARGENTINA;5006580;CINESYSTEM MORUMBI TOWN DRIVE-IN;13;6000027;22546;34941;SÃO PAULO;SP;REDECINE BRA CINEMATOGRÁFICA S.A.;15.422.993/0001-67
03/09/2020;03/09/2020 23:00:00;THE FATE OF THE FURIOUS;VELOZES E FURIOSOS 8;E1700045600000;DUBLADO;NÃO;FRANÇA;5006568;CINE + ARTE XANGRI-LÁ DRIVE-IN;0;6000103;32155;45890;XANGRI-LÁ;RS;EWERTON LUIS DE SOUZA BRANDOLT;23.288.683/0001-20
04/09/2020;04/09/2020 13:00:00;EL ROBO DEL SIGLO;O ROUBO DO SÉCULO;E2000030900000;ORIGINAL;SIM;ARGENTINA;5004880;CIRCUITO CINEMAS PBAS- SALA 02;0;6000028;15568;27873;PARAUAPEBAS;PA;CIRCUITO ENTRETENIMENTO E CINEMAS LTDA;08.068.712/0001-54
04/09/2020;04/09/2020 13:00:00;THE MATRIX;MATRIX;E1500096600000;ORIGINAL;SIM;AUSTRÁLIA;5005338;CINEMAS BENFICA - SALA 4;8;;15690;15691;FORTALEZA;CE;CINEMAS BENFICA LTDA;07.509.597/0001-43
04/09/2020;04/09/2020 13:30:00;SONIC THE HEDGEHOG;SONIC - O FILME;E2000012200000;DUBLADO;NÃO;CANADÁ;5004882;CIRCUITO CINEMAS PBAS- SALA 04;0;6000028;15568;27873;PARAUAPEBAS;PA;CIRCUITO ENTRETENIMENTO E CINEMAS LTDA;08.068.712/0001-54
04/09/2020;04/09/2020 13:30:00;SPIDER-MAN: INTO THE SPIDER-VERSE;HOMEM-ARANHA NO ARANHAVERSO;E1800533700000;DUBLADO;NÃO;ESTADOS UNIDOS;5002603;CINEMAS BENFICA - SALA 1;3;;15690;15691;FORTALEZA;CE;CINEMAS BENFICA LTDA;07.509.597/0001-43
04/09/2020;04/09/2020 13:40:00;QUEEN OF SPADES: THROUGH THE LOOKING GLASS;A MALDIÇÃO DO ESPELHO;E1900574500000;DUBLADO;NÃO;RÚSSIA;5006476;REDECINE SUMARE 05;0;6000014;5654;44547;SUMARÉ;SP;REDECINE-CPQ CINEMATOGRÁFICA LTDA;07.665.262/0001-14
04/09/2020;04/09/2020 13:50:00;Eventos Esportivos;;G0000000000001;DUBLADO;NÃO;;5006475;REDECINE SUMARE 04;0;6000014;5654;44547;SUMARÉ;SP;REDECINE-CPQ CINEMATOGRÁFICA LTDA;07.665.262/0001-14
04/09/2020;04/09/2020 13:50:00;MINIONS;MINIONS;E1500311600000;DUBLADO;NÃO;ESTADOS UNIDOS;5002564;CINE CATARATAS 1;2;;15565;15566;FOZ DO IGUAÇU;PR;CINE CATARATAS LTDA;09.010.219/0001-46
04/09/2020;04/09/2020 13:50:00;TURMA DA MÔNICA - LAÇOS;;B1900235500000;ORIGINAL;NÃO;BRASIL;5005304;CINEFLIX VÁRZEA GRANDE SHOPPING - SALA 1;0;6000014;24534;31101;VÁRZEA GRANDE;MT;REDECINE BSB CINEMATOGRÁFICA LTDA;18.087.870/0001-05
04/09/2020;04/09/2020 14:00:00;HARRY POTTER AND THE PHILOSOPHER'S STONE;HARRY POTTER E A PEDRA FILOSOFAL;E1500138600000;DUBLADO;NÃO;ESTADOS UNIDOS;5005966;CINE SUL SALA 02;10;6000121;38751;38752;MEDIANEIRA;PR;L N DA ROCHA & CIA LTDA - ME;29.099.414/0001-00
04/09/2020;04/09/2020 14:00:00;ONWARD;DOIS IRMÃOS: UMA JORNADA FANTÁSTICA;E1900366400000;DUBLADO;NÃO;ESTADOS UNIDOS;5005309;CINEFLIX VÁRZEA GRANDE SHOPPING - SALA 6;4;6000014;24534;31101;VÁRZEA GRANDE;MT;REDECINE BSB CINEMATOGRÁFICA LTDA;18.087.870/0001-05
04/09/2020;04/09/2020 14:00:00;ONWARD;DOIS IRMÃOS: UMA JORNADA FANTÁSTICA;E1900366400000;DUBLADO;NÃO;ESTADOS UNIDOS;5004879;CIRCUITO CINEMAS PBAS- SALA 01;0;6000028;15568;27873;PARAUAPEBAS;PA;CIRCUITO ENTRETENIMENTO E CINEMAS LTDA;08.068.712/0001-54
04/09/2020;04/09/2020 14:00:00;SPIDER-MAN: INTO THE SPIDER-VERSE;HOMEM-ARANHA NO ARANHAVERSO;E1800533700000;DUBLADO;NÃO;ESTADOS UNIDOS;5005094;CINÉPOLIS SÃO GONÇALO SHOPPING - SALA 3;0;6000024;17266;30088;SÃO GONÇALO;RJ;CINEPOLIS OPERADORA DE CINEMAS DO BRASIL LTDA;09.652.820/0001-32
04/09/2020;04/09/2020 14:30:00;BACK TO THE FUTURE;DE VOLTA PARA O FUTURO;E1402513800000;DUBLADO;NÃO;ESTADOS UNIDOS;5002565;CINE CATARATAS 2;1;;15565;15566;FOZ DO IGUAÇU;PR;CINE CATARATAS LTDA;09.010.219/0001-46
04/09/2020;04/09/2020 14:30:00;EL ROBO DEL SIGLO;O ROUBO DO SÉCULO;E2000030900000;ORIGINAL;SIM;ARGENTINA;5006472;REDECINE SUMARE 01;0;6000014;5654;44547;SUMARÉ;SP;REDECINE-CPQ CINEMATOGRÁFICA LTDA;07.665.262/0001-14
04/09/2020;04/09/2020 14:30:00;MINIONS;MINIONS;E1500311600000;DUBLADO;NÃO;ESTADOS UNIDOS;5005092;CINÉPOLIS SÃO GONÇALO SHOPPING - SALA 1;0;6000024;17266;30088;SÃO GONÇALO;RJ;CINEPOLIS OPERADORA DE CINEMAS DO BRASIL LTDA;09.652.820/0001-32
04/09/2020;04/09/2020 14:40:00;THE LION KING;O REI LEÃO;E1900267700000;DUBLADO;NÃO;ESTADOS UNIDOS;5002721;SALA CINE PLAYARTE MANAUARA 01;11;6000049;260;16356;MANAUS;AM;PLAYARTE CINEMAS LTDA.;60.434.149/0001-00
04/09/2020;04/09/2020 14:45:00;THE SECRET: DARE TO DREAM;O SEGREDO: OUSE SONHAR;E2000080600000;DUBLADO;NÃO;ESTADOS UNIDOS;5005099;CINÉPOLIS SÃO GONÇALO SHOPPING - SALA 8;2;6000024;17266;30088;SÃO GONÇALO;RJ;CINEPOLIS OPERADORA DE CINEMAS DO BRASIL LTDA;09.652.820/0001-32
04/09/2020;04/09/2020 15:00:00;21 BRIDGES;CRIME SEM SAÍDA;E1900482200000;DUBLADO;NÃO;ESTADOS UNIDOS;5005328;UCI BRASIL - SUMAÚMA PARK SHOPPING MANAUS SALA 05;2;6000058;749;31265;MANAUS;AM;UNITED CINEMAS INTERNATIONAL BRASIL LTDA.;01.289.530/0001-64
04/09/2020;04/09/2020 15:00:00;E.T. THE EXTRA-TERRESTRIAL;E.T. O EXTRATERRESTRE;E1402648300000;DUBLADO;NÃO;ESTADOS UNIDOS;5000079;KINOPLEX AMAZONAS SALA 01;7;6000037;1991;2393;MANAUS;AM;EMPRESA CINEMAS SÃO LUIZ S/A;33.497.660/0001-89
04/09/2020;04/09/2020 15:00:00;EL ROBO DEL SIGLO;O ROUBO DO SÉCULO;E2000030900000;ORIGINAL;SIM;ARGENTINA;5005152;CINÉPOLIS MILLENNIUM - SALA 4;0;6000024;17266;30116;MANAUS;AM;CINEPOLIS OPERADORA DE CINEMAS DO BRASIL LTDA;09.652.820/0001-32
04/09/2020;04/09/2020 15:00:00;Mostras e Festivais;;G0000000000004;DUBLADO;NÃO;;5000162;NORTH SHOPPING 3;5;6000037;1991;2414;FORTALEZA;CE;EMPRESA CINEMAS SÃO LUIZ S/A;33.497.660/0001-89
04/09/2020;04/09/2020 15:00:00;QUEEN OF SPADES: THROUGH THE LOOKING GLASS;A MALDIÇÃO DO ESPELHO;E1900574500000;DUBLADO;NÃO;RÚSSIA;5004373;SALA CINEPOLIS PONTA NEGRA 10 TRADICIONAL;6;6000024;17266;25193;MANAUS;AM;CINEPOLIS OPERADORA DE CINEMAS DO BRASIL LTDA;09.652.820/0001-32
04/09/2020;04/09/2020 15:00:00;SPIDER-MAN: INTO THE SPIDER-VERSE;HOMEM-ARANHA NO ARANHAVERSO;E1800533700000;DUBLADO;NÃO;ESTADOS UNIDOS;5003488;SALA PQ.BELEM 07;3;6000024;17266;21616;BELÉM;PA;CINEPOLIS OPERADORA DE CINEMAS DO BRASIL LTDA;09.652.820/0001-32
04/09/2020;04/09/2020 15:00:00;THE SECRET: DARE TO DREAM;O SEGREDO: OUSE SONHAR;E2000080600000;DUBLADO;NÃO;ESTADOS UNIDOS;5002937;SALA 06;12;6000024;17266;17763;BELÉM;PA;CINEPOLIS OPERADORA DE CINEMAS DO BRASIL LTDA;09.652.820/0001-32
04/09/2020;04/09/2020 15:05:00;ONWARD;DOIS IRMÃOS: UMA JORNADA FANTÁSTICA;E1900366400000;DUBLADO;NÃO;ESTADOS UNIDOS;5005306;CINEFLIX VÁRZEA GRANDE SHOPPING - SALA 3;0;6000014;24534;31101;VÁRZEA GRANDE;MT;REDECINE BSB CINEMATOGRÁFICA LTDA;18.087.870/0001-05
04/09/2020;04/09/2020 15:10:00;TURMA DA MÔNICA - LAÇOS;;B1900235500000;ORIGINAL;NÃO;BRASIL;5006473;REDECINE SUMARE 02;1;6000014;5654;44547;SUMARÉ;SP;REDECINE-CPQ CINEMATOGRÁFICA LTDA;07.665.262/0001-14
04/09/2020;04/09/2020 15:15:00;ESCAPE FROM PRETORIA;FUGA DE PRETÓRIA;E2000249400000;ORIGINAL;SIM;ÁFRICA DO SUL;5005149;CINÉPOLIS MILLENNIUM - SALA 1;3;6000024;17266;30116;MANAUS;AM;CINEPOLIS OPERADORA DE CINEMAS DO BRASIL LTDA;09.652.820/0001-32
04/09/2020;04/09/2020 15:15:00;Mostras e Festivais;;G0000000000004;DUBLADO;NÃO;;5006073;CINE A ALTAMIRA SALA 03;1;6000008;28464;33426;ALTAMIRA;PA;CINE A MARABA LTDA;21.160.773/0001-05
04/09/2020;04/09/2020 15:20:00;BLOODSHOT;BLOODSHOT;E1900579400000;DUBLADO;NÃO;ESTADOS UNIDOS;5000160;NORTH SHOPPING 1;2;6000037;1991;2414;FORTALEZA;CE;EMPRESA CINEMAS SÃO LUIZ S/A;33.497.660/0001-89
04/09/2020;04/09/2020 15:20:00;Mostras e Festivais;;G0000000000004;DUBLADO;NÃO;;5004880;CIRCUITO CINEMAS PBAS- SALA 02;2;6000028;15568;27873;PARAUAPEBAS;PA;CIRCUITO ENTRETENIMENTO E CINEMAS LTDA;08.068.712/0001-54
04/09/2020;04/09/2020 15:20:00;THE SECRET: DARE TO DREAM;O SEGREDO: OUSE SONHAR;E2000080600000;DUBLADO;NÃO;ESTADOS UNIDOS;5005305;CINEFLIX VÁRZEA GRANDE SHOPPING - SALA 2;2;6000014;24534;31101;VÁRZEA GRANDE;MT;REDECINE BSB CINEMATOGRÁFICA LTDA;18.087.870/0001-05
04/09/2020;04/09/2020 15:20:00;THE SECRET: DARE TO DREAM;O SEGREDO: OUSE SONHAR;E2000080600000;DUBLADO;NÃO;ESTADOS UNIDOS;5000081;KINOPLEX AMAZONAS SALA 03;9;6000037;1991;2393;MANAUS;AM;EMPRESA CINEMAS SÃO LUIZ S/A;33.497.660/0001-89
04/09/2020;04/09/2020 15:30:00;E.T. THE EXTRA-TERRESTRIAL;E.T. O EXTRATERRESTRE;E1402648300000;DUBLADO;NÃO;ESTADOS UNIDOS;5005428;UCI BRASIL - SHOPPING BOSQUE GRÃO PARÁ SALA 03;0;6000058;749;32026;BELÉM;PA;UNITED CINEMAS INTERNATIONAL BRASIL LTDA.;01.289.530/0001-64
04/09/2020;04/09/2020 15:30:00;ESCAPE FROM PRETORIA;FUGA DE PRETÓRIA;E2000249400000;ORIGINAL;SIM;ÁFRICA DO SUL;5005095;CINÉPOLIS SÃO GONÇALO SHOPPING - SALA 4;0;6000024;17266;30088;SÃO GONÇALO;RJ;CINEPOLIS OPERADORA DE CINEMAS DO BRASIL LTDA;09.652.820/0001-32
04/09/2020;04/09/2020 15:30:00;ESCAPE FROM PRETORIA;FUGA DE PRETÓRIA;E2000249400000;DUBLADO;NÃO;ÁFRICA DO SUL;5002723;SALA CINE PLAYARTE MANAUARA 03;5;6000049;260;16356;MANAUS;AM;PLAYARTE CINEMAS LTDA.;60.434.149/0001-00
04/09/2020;04/09/2020 15:30:00;ESCAPE FROM PRETORIA;FUGA DE PRETÓRIA;E2000249400000;DUBLADO;NÃO;ÁFRICA DO SUL;5005325;UCI BRASIL - SUMAÚMA PARK SHOPPING MANAUS SALA 02;9;6000058;749;31265;MANAUS;AM;UNITED CINEMAS INTERNATIONAL BRASIL LTDA.;01.289.530/0001-64
04/09/2020;04/09/2020 15:30:00;Eventos Esportivos;;G0000000000001;DUBLADO;NÃO;;5006474;REDECINE SUMARE 03;0;6000014;5654;44547;SUMARÉ;SP;REDECINE-CPQ CINEMATOGRÁFICA LTDA;07.665.262/0001-14
04/09/2020;04/09/2020 15:30:00;INSIDE OUT;DIVERTIDA MENTE;E1500351400000;DUBLADO;NÃO;ESTADOS UNIDOS;5006356;MULTICINE IANDE SHOPPING 1;2;6000045;5935;43968;CAUCAIA;CE;MULTICINE CINEMAS LTDA;07.609.246/0001-04
04/09/2020;04/09/2020 15:30:00;THE SECRET: DARE TO DREAM;O SEGREDO: OUSE SONHAR;E2000080600000;DUBLADO;NÃO;ESTADOS UNIDOS;5005159;CINÉPOLIS MANAUS PLAZA - SALA 3;0;6000024;17266;30118;MANAUS;AM;CINEPOLIS OPERADORA DE CINEMAS DO BRASIL LTDA;09.652.820/0001-32
04/09/2020;04/09/2020 15:30:00;THE SECRET: DARE TO DREAM;O SEGREDO: OUSE SONHAR;E2000080600000;DUBLADO;NÃO;ESTADOS UNIDOS;5000161;NORTH SHOPPING 2;4;6000037;1991;2414;FORTALEZA;CE;EMPRESA CINEMAS SÃO LUIZ S/A;33.497.660/0001-89
04/09/2020;04/09/2020 15:30:00;THE SECRET: DARE TO DREAM;O SEGREDO: OUSE SONHAR;E2000080600000;ORIGINAL;SIM;ESTADOS UNIDOS;5004372;SALA CINEPOLIS PONTA NEGRA 09 TRADICIONAL;0;6000024;17266;25193;MANAUS;AM;CINEPOLIS OPERADORA DE CINEMAS DO BRASIL LTDA;09.652.820/0001-32
04/09/2020;04/09/2020 15:30:01;PLAYMOBIL;PLAYMOBIL - O FILME;E1900127400000;DUBLADO;NÃO;ALEMANHA;5006591;DRIVE IN SHOPPING VILLA LOBOS;3;6000006;2872;46069;SÃO PAULO;SP;EMPRESA CENTERPLEX DE CINEMAS LTDA;00.812.310/0001-00
04/09/2020;04/09/2020 15:40:00;EL ROBO DEL SIGLO;O ROUBO DO SÉCULO;E2000030900000;ORIGINAL;SIM;ARGENTINA;5000163;NORTH SHOPPING 4;1;6000037;1991;2414;FORTALEZA;CE;EMPRESA CINEMAS SÃO LUIZ S/A;33.497.660/0001-89
04/09/2020;04/09/2020 15:40:00;ESCAPE FROM PRETORIA;FUGA DE PRETÓRIA;E2000249400000;DUBLADO;NÃO;ÁFRICA DO SUL;5006476;REDECINE SUMARE 05;0;6000014;5654;44547;SUMARÉ;SP;REDECINE-CPQ CINEMATOGRÁFICA LTDA;07.665.262/0001-14
04/09/2020;04/09/2020 15:40:00;GRETEL & HANSEL (2020);MARIA E JOÃO - O CONTO DAS BRUXAS;E1900467000000;DUBLADO;NÃO;ESTADOS UNIDOS;5002719;SALA CINE PLAYARTE MANAUARA 05;21;6000049;260;16356;MANAUS;AM;PLAYARTE CINEMAS LTDA.;60.434.149/0001-00
04/09/2020;04/09/2020 15:40:00;KNIVES OUT;ENTRE FACAS E SEGREDOS;E1900395500000;DUBLADO;NÃO;ESTADOS UNIDOS;5005307;CINEFLIX VÁRZEA GRANDE SHOPPING - SALA 4;5;6000014;24534;31101;VÁRZEA GRANDE;MT;REDECINE BSB CINEMATOGRÁFICA LTDA;18.087.870/0001-05
04/09/2020;04/09/2020 15:40:00;MINIONS;MINIONS;E1500311600000;DUBLADO;NÃO;ESTADOS UNIDOS;5004882;CIRCUITO CINEMAS PBAS- SALA 04;2;6000028;15568;27873;PARAUAPEBAS;PA;CIRCUITO ENTRETENIMENTO E CINEMAS LTDA;08.068.712/0001-54
04/09/2020;04/09/2020 15:45:00;Mostras e Festivais;;G0000000000004;ORIGINAL;NÃO;;5005617;CINE A ALTAMIRA SALA 01;1;6000008;28464;33426;ALTAMIRA;PA;CINE A MARABA LTDA;21.160.773/0001-05
04/09/2020;04/09/2020 15:45:00;QUEEN OF SPADES: THROUGH THE LOOKING GLASS;A MALDIÇÃO DO ESPELHO;E1900574500000;DUBLADO;NÃO;RÚSSIA;5005308;CINEFLIX VÁRZEA GRANDE SHOPPING - SALA 5;5;6000014;24534;31101;VÁRZEA GRANDE;MT;REDECINE BSB CINEMATOGRÁFICA LTDA;18.087.870/0001-05
04/09/2020;04/09/2020 15:45:00;SPIDER-MAN: INTO THE SPIDER-VERSE;HOMEM-ARANHA NO ARANHAVERSO;E1800533700000;DUBLADO;NÃO;ESTADOS UNIDOS;5002256;MOVIECOM PATIO BELÉM 3;0;6000100;2897;13915;BELÉM;PA;MOVIE CINEMAS LTDA;04.708.972/0001-96
04/09/2020;04/09/2020 15:45:00;THE SECRET: DARE TO DREAM;O SEGREDO: OUSE SONHAR;E2000080600000;DUBLADO;NÃO;ESTADOS UNIDOS;5003487;SALA PQ.BELEM 06;0;6000024;17266;21616;BELÉM;PA;CINEPOLIS OPERADORA DE CINEMAS DO BRASIL LTDA;09.652.820/0001-32
04/09/2020;04/09/2020 15:50:00;ESCAPE FROM PRETORIA;FUGA DE PRETÓRIA;E2000249400000;DUBLADO;NÃO;ÁFRICA DO SUL;5004822;KINOPLEX AMAZONAS SALA 04;6;6000037;1991;2393;MANAUS;AM;EMPRESA CINEMAS SÃO LUIZ S/A;33.497.660/0001-89
04/09/2020;04/09/2020 15:50:00;ESCAPE FROM PRETORIA;FUGA DE PRETÓRIA;E2000249400000;ORIGINAL;SIM;ÁFRICA DO SUL;5004366;SALA CINEPOLIS PONTA NEGRA 03 VIP;0;6000024;17266;25193;MANAUS;AM;CINEPOLIS OPERADORA DE CINEMAS DO BRASIL LTDA;09.652.820/0001-32
04/09/2020;04/09/2020 15:50:00;MINIONS;MINIONS;E1500311600000;DUBLADO;NÃO;ESTADOS UNIDOS;5005975;CINESYSTEM ANANINDEUA SALA 01;7;6000027;22546;38898;ANANINDEUA;PA;REDECINE BRA CINEMATOGRÁFICA S.A.;15.422.993/0001-67
04/09/2020;04/09/2020 15:50:00;Mostras e Festivais;;G0000000000004;DUBLADO;NÃO;;5001503;MOVIECOM CASTANHEIRA 6;9;6000100;2897;2896;BELÉM;PA;MOVIE CINEMAS LTDA;04.708.972/0001-96
04/09/2020;04/09/2020 16:00:00;EL ROBO DEL SIGLO;O ROUBO DO SÉCULO;E2000030900000;ORIGINAL;SIM;ARGENTINA;5005327;UCI BRASIL - SUMAÚMA PARK SHOPPING MANAUS SALA 04;2;6000058;749;31265;MANAUS;AM;UNITED CINEMAS INTERNATIONAL BRASIL LTDA.;01.289.530/0001-64
04/09/2020;04/09/2020 16:00:00;ESCAPE FROM PRETORIA;FUGA DE PRETÓRIA;E2000249400000;DUBLADO;NÃO;ÁFRICA DO SUL;5005981;CINESYSTEM ANANINDEUA SALA 07;2;6000027;22546;38898;ANANINDEUA;PA;REDECINE BRA CINEMATOGRÁFICA S.A.;15.422.993/0001-67
04/09/2020;04/09/2020 16:00:00;JOHN WICK 3: PARABELLUM;JOHN WICK 3: PARABELLUM;E1900126300000;DUBLADO;NÃO;ESTADOS UNIDOS;5006494;CINE INTER SANTA INES 02;0;6000140;44834;44835;SANTA INÊS;MA;CINEINTER EXIBICOES CINEMATOGRAFICAS LTDA;35.477.354/0001-06
04/09/2020;04/09/2020 16:00:00;THE SECRET: DARE TO DREAM;O SEGREDO: OUSE SONHAR;E2000080600000;DUBLADO;NÃO;ESTADOS UNIDOS;5001149;CINE PORTO;0;;2351;2352;UBATUBA;SP;CINEMATOGRÁFICA LITORAL NORTE LTDA-EPP;04.165.613/0001-30
04/09/2020;04/09/2020 16:00:00;THE SECRET: DARE TO DREAM;O SEGREDO: OUSE SONHAR;E2000080600000;DUBLADO;NÃO;ESTADOS UNIDOS;5005151;CINÉPOLIS MILLENNIUM - SALA 3;0;6000024;17266;30116;MANAUS;AM;CINEPOLIS OPERADORA DE CINEMAS DO BRASIL LTDA;09.652.820/0001-32
04/09/2020;04/09/2020 16:00:00;WONDER WOMAN;MULHER-MARAVILHA;E1700197900000;DUBLADO;NÃO;ESTADOS UNIDOS;5006072;CINE A ALTAMIRA SALA 02;1;6000008;28464;33426;ALTAMIRA;PA;CINE A MARABA LTDA;21.160.773/0001-05
04/09/2020;04/09/2020 16:00:01;DETETIVES DO PRÉDIO AZUL 2 - O MISTÉRIO ITALIANO;;B1800561400000;ORIGINAL;NÃO;BRASIL;5006629;TRANSAMERICA DRIVE IN;5;6000006;27814;46734;BARUERI;SP;CINEMATOGRÁFICA LIMEIRA LTDA;17.360.792/0001-08
04/09/2020;04/09/2020 16:10:00;EL ROBO DEL SIGLO;O ROUBO DO SÉCULO;E2000030900000;ORIGINAL;SIM;ARGENTINA;5000080;KINOPLEX AMAZONAS SALA 02;8;6000037;1991;2393;MANAUS;AM;EMPRESA CINEMAS SÃO LUIZ S/A;33.497.660/0001-89
04/09/2020;04/09/2020 16:10:00;ONWARD;DOIS IRMÃOS: UMA JORNADA FANTÁSTICA;E1900366400000;DUBLADO;NÃO;ESTADOS UNIDOS;5005979;CINESYSTEM ANANINDEUA SALA 05;0;6000027;22546;38898;ANANINDEUA;PA;REDECINE BRA CINEMATOGRÁFICA S.A.;15.422.993/0001-67
04/09/2020;04/09/2020 16:10:00;QUEEN OF SPADES: THROUGH THE LOOKING GLASS;A MALDIÇÃO DO ESPELHO;E1900574500000;DUBLADO;NÃO;RÚSSIA;5005429;UCI BRASIL - SHOPPING BOSQUE GRÃO PARÁ SALA 04;6;6000058;749;32026;BELÉM;PA;UNITED CINEMAS INTERNATIONAL BRASIL LTDA.;01.289.530/0001-64
04/09/2020;04/09/2020 16:10:00;SPIDER-MAN: INTO THE SPIDER-VERSE;HOMEM-ARANHA NO ARANHAVERSO;E1800533700000;DUBLADO;NÃO;ESTADOS UNIDOS;5001498;MOVIECOM CASTANHEIRA 3;5;6000100;2897;2896;BELÉM;PA;MOVIE CINEMAS LTDA;04.708.972/0001-96
04/09/2020;04/09/2020 16:10:00;THE SECRET: DARE TO DREAM;O SEGREDO: OUSE SONHAR;E2000080600000;DUBLADO;NÃO;ESTADOS UNIDOS;5002257;MOVIECOM PATIO BELÉM 2;1;6000100;2897;13915;BELÉM;PA;MOVIE CINEMAS LTDA;04.708.972/0001-96
04/09/2020;04/09/2020 16:10:00;TURMA DA MÔNICA - LAÇOS;;B1900235500000;ORIGINAL;NÃO;BRASIL;5005304;CINEFLIX VÁRZEA GRANDE SHOPPING - SALA 1;3;6000014;24534;31101;VÁRZEA GRANDE;MT;REDECINE BSB CINEMATOGRÁFICA LTDA;18.087.870/0001-05
04/09/2020;04/09/2020 16:15:00;E.T. THE EXTRA-TERRESTRIAL;E.T. O EXTRATERRESTRE;E1402648300000;DUBLADO;NÃO;ESTADOS UNIDOS;5005153;CINÉPOLIS MILLENNIUM - SALA 5;0;6000024;17266;30116;MANAUS;AM;CINEPOLIS OPERADORA DE CINEMAS DO BRASIL LTDA;09.652.820/0001-32
04/09/2020;04/09/2020 16:15:00;HARRY POTTER AND THE PHILOSOPHER'S STONE;HARRY POTTER E A PEDRA FILOSOFAL;E1500138600000;ORIGINAL;SIM;ESTADOS UNIDOS;5002603;CINEMAS BENFICA - SALA 1;8;;15690;15691;FORTALEZA;CE;CINEMAS BENFICA LTDA;07.509.597/0001-43
04/09/2020;04/09/2020 16:15:00;MINHA MÃE É UMA PEÇA;;B1301808100000;DUBLADO;NÃO;BRASIL;5005161;CINÉPOLIS MANAUS PLAZA - SALA 5;0;6000024;17266;30118;MANAUS;AM;CINEPOLIS OPERADORA DE CINEMAS DO BRASIL LTDA;09.652.820/0001-32
04/09/2020;04/09/2020 16:15:00;QUEEN OF SPADES: THROUGH THE LOOKING GLASS;A MALDIÇÃO DO ESPELHO;E1900574500000;DUBLADO;NÃO;RÚSSIA;5005098;CINÉPOLIS SÃO GONÇALO SHOPPING - SALA 7;8;6000024;17266;30088;SÃO GONÇALO;RJ;CINEPOLIS OPERADORA DE CINEMAS DO BRASIL LTDA;09.652.820/0001-32
04/09/2020;04/09/2020 16:20:00;BOHEMIAN RHAPSODY;BOHEMIAN RHAPSODY;E1800251900000;ORIGINAL;SIM;ESTADOS UNIDOS;5002722;SALA CINE PLAYARTE MANAUARA 07;4;6000049;260;16356;MANAUS;AM;PLAYARTE CINEMAS LTDA.;60.434.149/0001-00
04/09/2020;04/09/2020 16:25:00;EL ROBO DEL SIGLO;O ROUBO DO SÉCULO;E2000030900000;ORIGINAL;SIM;ARGENTINA;5005978;CINESYSTEM ANANINDEUA SALA 04;0;6000027;22546;38898;ANANINDEUA;PA;REDECINE BRA CINEMATOGRÁFICA S.A.;15.422.993/0001-67
04/09/2020;04/09/2020 16:30:00;E.T. THE EXTRA-TERRESTRIAL;E.T. O EXTRATERRESTRE;E1402648300000;DUBLADO;NÃO;ESTADOS UNIDOS;5004369;SALA CINEPOLIS PONTA NEGRA 06 TRADICIONAL;6;6000024;17266;25193;MANAUS;AM;CINEPOLIS OPERADORA DE CINEMAS DO BRASIL LTDA;09.652.820/0001-32
04/09/2020;04/09/2020 16:30:00;E.T. THE EXTRA-TERRESTRIAL;E.T. O EXTRATERRESTRE;E1402648300000;DUBLADO;NÃO;ESTADOS UNIDOS;5005329;UCI BRASIL - SUMAÚMA PARK SHOPPING MANAUS SALA 06;6;6000058;749;31265;MANAUS;AM;UNITED CINEMAS INTERNATIONAL BRASIL LTDA.;01.289.530/0001-64
04/09/2020;04/09/2020 16:30:00;EL ROBO DEL SIGLO;O ROUBO DO SÉCULO;E2000030900000;DUBLADO;NÃO;ARGENTINA;5006493;CINE INTER SANTA INES 01;1;6000140;44834;44835;SANTA INÊS;MA;CINEINTER EXIBICOES CINEMATOGRAFICAS LTDA;35.477.354/0001-06
04/09/2020;04/09/2020 16:30:00;HARRY POTTER AND THE SORCERER'S STONE;HARRY POTTER AND THE SORCERER'S STONE;E1900440700000;ORIGINAL;SIM;ESTADOS UNIDOS;5005150;CINÉPOLIS MILLENNIUM - SALA 2;0;6000024;17266;30116;MANAUS;AM;CINEPOLIS OPERADORA DE CINEMAS DO BRASIL LTDA;09.652.820/0001-32
04/09/2020;04/09/2020 16:30:00;Mostras e Festivais;;G0000000000004;DUBLADO;NÃO;;5001502;MOVIECOM CASTANHEIRA 5;6;6000100;2897;2896;BELÉM;PA;MOVIE CINEMAS LTDA;04.708.972/0001-96
04/09/2020;04/09/2020 16:30:00;Mostras e Festivais;;G0000000000004;DUBLADO;NÃO;;5002255;MOVIECOM PATIO BELÉM 1;4;6000100;2897;13915;BELÉM;PA;MOVIE CINEMAS LTDA;04.708.972/0001-96
04/09/2020;04/09/2020 16:30:00;Mostras e Festivais;;G0000000000004;DUBLADO;NÃO;;5006357;MULTICINE IANDE SHOPPING 2;0;6000045;5935;43968;CAUCAIA;CE;MULTICINE CINEMAS LTDA;07.609.246/0001-04
04/09/2020;04/09/2020 16:30:00;QUEEN OF SPADES: THROUGH THE LOOKING GLASS;A MALDIÇÃO DO ESPELHO;E1900574500000;DUBLADO;NÃO;RÚSSIA;5005157;CINÉPOLIS MANAUS PLAZA - SALA 1;10;6000024;17266;30118;MANAUS;AM;CINEPOLIS OPERADORA DE CINEMAS DO BRASIL LTDA;09.652.820/0001-32
04/09/2020;04/09/2020 16:30:00;QUEEN OF SPADES: THROUGH THE LOOKING GLASS;A MALDIÇÃO DO ESPELHO;E1900574500000;DUBLADO;NÃO;RÚSSIA;5002938;SALA 04;15;6000024;17266;17763;BELÉM;PA;CINEPOLIS OPERADORA DE CINEMAS DO BRASIL LTDA;09.652.820/0001-32
04/09/2020;04/09/2020 16:30:00;THE SECRET: DARE TO DREAM;O SEGREDO: OUSE SONHAR;E2000080600000;DUBLADO;NÃO;ESTADOS UNIDOS;5005925;CENTERPLEX GRANDE CIRCULAR 02;1;6000006;38234;38235;MANAUS;AM;CINE ELI AMAZONAS CINEMAS LTDA - EM RECUPERAÇÃO JUDICIAL;28.619.116/0001-22
04/09/2020;04/09/2020 16:30:00;THE SECRET: DARE TO DREAM;O SEGREDO: OUSE SONHAR;E2000080600000;DUBLADO;NÃO;ESTADOS UNIDOS;5004879;CIRCUITO CINEMAS PBAS- SALA 01;6;6000028;15568;27873;PARAUAPEBAS;PA;CIRCUITO ENTRETENIMENTO E CINEMAS LTDA;08.068.712/0001-54
04/09/2020;04/09/2020 16:30:00;TURMA DA MÔNICA - LAÇOS;;B1900235500000;ORIGINAL;NÃO;BRASIL;5005931;MOBI CINE AÇAILÂNDIA SALA 03;0;6000040;38236;38237;AÇAILÂNDIA;MA;C A V LEMOS E CIA LTDA - ME;14.717.191/0001-11
04/09/2020;04/09/2020 16:35:00;JUMANJI: NEXT LEVEL;JUMANJI: PROXIMA FASE;E1900458100000;DUBLADO;NÃO;ESTADOS UNIDOS;5005930;MOBI CINE AÇAILÂNDIA SALA 02;2;6000040;38236;38237;AÇAILÂNDIA;MA;C A V LEMOS E CIA LTDA - ME;14.717.191/0001-11
04/09/2020;04/09/2020 16:35:00;SONIC THE HEDGEHOG;SONIC - O FILME;E2000012200000;DUBLADO;NÃO;CANADÁ;5002726;SALA CINE PLAYARTE MANAUARA 06;2;6000049;260;16356;MANAUS;AM;PLAYARTE CINEMAS LTDA.;60.434.149/0001-00
04/09/2020;04/09/2020 16:40:00;THE AVENGERS;THE AVENGERS: OS VINGADORES;E1500275200000;DUBLADO;NÃO;ESTADOS UNIDOS;5005338;CINEMAS BENFICA - SALA 4;6;;15690;15691;FORTALEZA;CE;CINEMAS BENFICA LTDA;07.509.597/0001-43
04/09/2020;04/09/2020 16:40:00;WONDER WOMAN;MULHER-MARAVILHA;E1700197900000;DUBLADO;NÃO;ESTADOS UNIDOS;5005984;CINESYSTEM ANANINDEUA SALA 10;7;6000027;22546;38898;ANANINDEUA;PA;REDECINE BRA CINEMATOGRÁFICA S.A.;15.422.993/0001-67
04/09/2020;04/09/2020 16:45:00;BACK TO THE FUTURE;DE VOLTA PARA O FUTURO;E1402513800000;ORIGINAL;SIM;ESTADOS UNIDOS;5005094;CINÉPOLIS SÃO GONÇALO SHOPPING - SALA 3;0;6000024;17266;30088;SÃO GONÇALO;RJ;CINEPOLIS OPERADORA DE CINEMAS DO BRASIL LTDA;09.652.820/0001-32
04/09/2020;04/09/2020 16:45:00;E.T. THE EXTRA-TERRESTRIAL;E.T. O EXTRATERRESTRE;E1402648300000;DUBLADO;NÃO;ESTADOS UNIDOS;5002942;SALA 07;6;6000024;17266;17763;BELÉM;PA;CINEPOLIS OPERADORA DE CINEMAS DO BRASIL LTDA;09.652.820/0001-32
04/09/2020;04/09/2020 16:45:00;QUEEN OF SPADES: THROUGH THE LOOKING GLASS;A MALDIÇÃO DO ESPELHO;E1900574500000;DUBLADO;NÃO;RÚSSIA;5003483;SALA PQ.BELEM 02;4;6000024;17266;21616;BELÉM;PA;CINEPOLIS OPERADORA DE CINEMAS DO BRASIL LTDA;09.652.820/0001-32
04/09/2020;04/09/2020 16:45:00;WONDER WOMAN;MULHER-MARAVILHA;E1700197900000;DUBLADO;NÃO;ESTADOS UNIDOS;5005431;UCI BRASIL - SHOPPING BOSQUE GRÃO PARÁ SALA 06;4;6000058;749;32026;BELÉM;PA;UNITED CINEMAS INTERNATIONAL BRASIL LTDA.;01.289.530/0001-64
04/09/2020;04/09/2020 16:50:00;Eventos Esportivos;;G0000000000001;DUBLADO;NÃO;;5006475;REDECINE SUMARE 04;2;6000014;5654;44547;SUMARÉ;SP;REDECINE-CPQ CINEMATOGRÁFICA LTDA;07.665.262/0001-14
04/09/2020;04/09/2020 16:50:00;JUMANJI: NEXT LEVEL;JUMANJI: PROXIMA FASE;E1900458100000;DUBLADO;NÃO;ESTADOS UNIDOS;5002727;SALA CINE PLAYARTE MANAUARA 04;9;6000049;260;16356;MANAUS;AM;PLAYARTE CINEMAS LTDA.;60.434.149/0001-00
04/09/2020;04/09/2020 16:50:00;QUEEN OF SPADES: THROUGH THE LOOKING GLASS;A MALDIÇÃO DO ESPELHO;E1900574500000;DUBLADO;NÃO;RÚSSIA;5005977;CINESYSTEM ANANINDEUA SALA 03;4;6000027;22546;38898;ANANINDEUA;PA;REDECINE BRA CINEMATOGRÁFICA S.A.;15.422.993/0001-67
04/09/2020;04/09/2020 16:50:00;QUEEN OF SPADES: THROUGH THE LOOKING GLASS;A MALDIÇÃO DO ESPELHO;E1900574500000;DUBLADO;NÃO;RÚSSIA;5000164;NORTH SHOPPING 5;11;6000037;1991;2414;FORTALEZA;CE;EMPRESA CINEMAS SÃO LUIZ S/A;33.497.660/0001-89
04/09/2020;04/09/2020 16:50:00;THE SECRET: DARE TO DREAM;O SEGREDO: OUSE SONHAR;E2000080600000;DUBLADO;NÃO;ESTADOS UNIDOS;5001505;MOVIECOM CASTANHEIRA 7;6;6000100;2897;2896;BELÉM;PA;MOVIE CINEMAS LTDA;04.708.972/0001-96
04/09/2020;04/09/2020 16:55:00;WONDER WOMAN;MULHER-MARAVILHA;E1700197900000;DUBLADO;NÃO;ESTADOS UNIDOS;5005966;CINE SUL SALA 02;0;6000121;38751;38752;MEDIANEIRA;PR;L N DA ROCHA & CIA LTDA - ME;29.099.414/0001-00
04/09/2020;04/09/2020 17:00:00;BLOODSHOT;BLOODSHOT;E1900579400000;DUBLADO;NÃO;ESTADOS UNIDOS;5005928;CENTERPLEX GRANDE CIRCULAR 05;1;6000006;38234;38235;MANAUS;AM;CINE ELI AMAZONAS CINEMAS LTDA - EM RECUPERAÇÃO JUDICIAL;28.619.116/0001-22
04/09/2020;04/09/2020 17:00:00;E.T. THE EXTRA-TERRESTRIAL;E.T. O EXTRATERRESTRE;E1402648300000;DUBLADO;NÃO;ESTADOS UNIDOS;5005160;CINÉPOLIS MANAUS PLAZA - SALA 4;4;6000024;17266;30118;MANAUS;AM;CINEPOLIS OPERADORA DE CINEMAS DO BRASIL LTDA;09.652.820/0001-32
04/09/2020;04/09/2020 17:00:00;EL ROBO DEL SIGLO;O ROUBO DO SÉCULO;E2000030900000;ORIGINAL;SIM;ARGENTINA;5006472;REDECINE SUMARE 01;0;6000014;5654;44547;SUMARÉ;SP;REDECINE-CPQ CINEMATOGRÁFICA LTDA;07.665.262/0001-14
04/09/2020;04/09/2020 17:00:00;JAWS;TUBARÃO;E1402577300000;ORIGINAL;SIM;ESTADOS UNIDOS;5005331;UCI BRASIL - SUMAÚMA PARK SHOPPING MANAUS SALA 08;0;6000058;749;31265;MANAUS;AM;UNITED CINEMAS INTERNATIONAL BRASIL LTDA.;01.289.530/0001-64
04/09/2020;04/09/2020 17:00:00;Mostras e Festivais;;G0000000000004;ORIGINAL;SIM;;5005092;CINÉPOLIS SÃO GONÇALO SHOPPING - SALA 1;0;6000024;17266;30088;SÃO GONÇALO;RJ;CINEPOLIS OPERADORA DE CINEMAS DO BRASIL LTDA;09.652.820/0001-32
04/09/2020;04/09/2020 17:00:00;Mostras e Festivais;;G0000000000004;DUBLADO;NÃO;;5002254;MOVIECOM PATIO BELÉM 5;13;6000100;2897;13915;BELÉM;PA;MOVIE CINEMAS LTDA;04.708.972/0001-96
04/09/2020;04/09/2020 17:00:00;SMALLFOOT;PÉPEQUENO;E1800215200000;DUBLADO;NÃO;ESTADOS UNIDOS;5005965;CINE SUL SALA 01;0;6000121;38751;38752;MEDIANEIRA;PR;L N DA ROCHA & CIA LTDA - ME;29.099.414/0001-00
04/09/2020;04/09/2020 17:00:00;THE SECRET: DARE TO DREAM;O SEGREDO: OUSE SONHAR;E2000080600000;DUBLADO;NÃO;ESTADOS UNIDOS;5005929;MOBI CINE AÇAILÂNDIA SALA 01;0;6000040;38236;38237;AÇAILÂNDIA;MA;C A V LEMOS E CIA LTDA - ME;14.717.191/0001-11
04/09/2020;04/09/2020 17:15:00;ALADDIN;ALADDIN;E1900188100000;DUBLADO;NÃO;ESTADOS UNIDOS;5002721;SALA CINE PLAYARTE MANAUARA 01;6;6000049;260;16356;MANAUS;AM;PLAYARTE CINEMAS LTDA.;60.434.149/0001-00
04/09/2020;04/09/2020 17:15:00;ESCAPE FROM PRETORIA;FUGA DE PRETÓRIA;E2000249400000;ORIGINAL;SIM;ÁFRICA DO SUL;5003485;SALA PQ.BELEM 04;0;6000024;17266;21616;BELÉM;PA;CINEPOLIS OPERADORA DE CINEMAS DO BRASIL LTDA;09.652.820/0001-32
04/09/2020;04/09/2020 17:15:00;THE SECRET: DARE TO DREAM;O SEGREDO: OUSE SONHAR;E2000080600000;DUBLADO;NÃO;ESTADOS UNIDOS;5005099;CINÉPOLIS SÃO GONÇALO SHOPPING - SALA 8;0;6000024;17266;30088;SÃO GONÇALO;RJ;CINEPOLIS OPERADORA DE CINEMAS DO BRASIL LTDA;09.652.820/0001-32
04/09/2020;04/09/2020 17:20:01;HARRY POTTER AND THE PHILOSOPHER'S STONE;HARRY POTTER E A PEDRA FILOSOFAL;E1500138600000;DUBLADO;NÃO;ESTADOS UNIDOS;5006364;ALFENAS SALA 1;2;6000008;15833;44017;ALFENAS;MG;CINE A LTDA;10.894.937/0001-01
04/09/2020;04/09/2020 17:20:01;HARRY POTTER AND THE PHILOSOPHER'S STONE;HARRY POTTER E A PEDRA FILOSOFAL;E1500138600000;DUBLADO;NÃO;ESTADOS UNIDOS;5006073;CINE A ALTAMIRA SALA 03;2;6000008;28464;33426;ALTAMIRA;PA;CINE A MARABA LTDA;21.160.773/0001-05
04/09/2020;04/09/2020 17:30:00;BLOODSHOT;BLOODSHOT;E1900579400000;DUBLADO;NÃO;ESTADOS UNIDOS;5002253;MOVIECOM PATIO BELÉM 4;0;6000100;2897;13915;BELÉM;PA;MOVIE CINEMAS LTDA;04.708.972/0001-96
04/09/2020;04/09/2020 17:30:00;EL ROBO DEL SIGLO;O ROUBO DO SÉCULO;E2000030900000;ORIGINAL;SIM;ARGENTINA;5004373;SALA CINEPOLIS PONTA NEGRA 10 TRADICIONAL;2;6000024;17266;25193;MANAUS;AM;CINEPOLIS OPERADORA DE CINEMAS DO BRASIL LTDA;09.652.820/0001-32
04/09/2020;04/09/2020 17:30:00;GRETEL & HANSEL (2020);MARIA E JOÃO - O CONTO DAS BRUXAS;E1900467000000;DUBLADO;NÃO;ESTADOS UNIDOS;5005328;UCI BRASIL - SUMAÚMA PARK SHOPPING MANAUS SALA 05;7;6000058;749;31265;MANAUS;AM;UNITED CINEMAS INTERNATIONAL BRASIL LTDA.;01.289.530/0001-64
04/09/2020;04/09/2020 17:30:00;ONWARD;DOIS IRMÃOS: UMA JORNADA FANTÁSTICA;E1900366400000;DUBLADO;NÃO;ESTADOS UNIDOS;5006539;CULT ALEGRETE 01;2;;45324;45325;ALEGRETE;RS;CULT CINEMAS ALEGRETE LTDA;34.712.675/0001-85
04/09/2020;04/09/2020 17:35:00;JOHN WICK 3: PARABELLUM;JOHN WICK 3: PARABELLUM;E1900126300000;DUBLADO;NÃO;ESTADOS UNIDOS;5005306;CINEFLIX VÁRZEA GRANDE SHOPPING - SALA 3;2;6000014;24534;31101;VÁRZEA GRANDE;MT;REDECINE BSB CINEMATOGRÁFICA LTDA;18.087.870/0001-05
04/09/2020;04/09/2020 17:40:00;ESCAPE FROM PRETORIA;FUGA DE PRETÓRIA;E2000249400000;DUBLADO;NÃO;ÁFRICA DO SUL;5005430;UCI BRASIL - SHOPPING BOSQUE GRÃO PARÁ SALA 05;0;6000058;749;32026;BELÉM;PA;UNITED CINEMAS INTERNATIONAL BRASIL LTDA.;01.289.530/0001-64
04/09/2020;04/09/2020 17:40:00;Mostras e Festivais;;G0000000000004;DUBLADO;NÃO;;5000079;KINOPLEX AMAZONAS SALA 01;12;6000037;1991;2393;MANAUS;AM;EMPRESA CINEMAS SÃO LUIZ S/A;33.497.660/0001-89
04/09/2020;04/09/2020 17:40:00;THE SECRET: DARE TO DREAM;O SEGREDO: OUSE SONHAR;E2000080600000;DUBLADO;NÃO;ESTADOS UNIDOS;5006473;REDECINE SUMARE 02;0;6000014;5654;44547;SUMARÉ;SP;REDECINE-CPQ CINEMATOGRÁFICA LTDA;07.665.262/0001-14
04/09/2020;04/09/2020 17:45:00;EL ROBO DEL SIGLO;O ROUBO DO SÉCULO;E2000030900000;ORIGINAL;SIM;ARGENTINA;5005152;CINÉPOLIS MILLENNIUM - SALA 4;0;6000024;17266;30116;MANAUS;AM;CINEPOLIS OPERADORA DE CINEMAS DO BRASIL LTDA;09.652.820/0001-32
04/09/2020;04/09/2020 17:45:00;Mostras e Festivais;;G0000000000004;DUBLADO;NÃO;;5004882;CIRCUITO CINEMAS PBAS- SALA 04;2;6000028;15568;27873;PARAUAPEBAS;PA;CIRCUITO ENTRETENIMENTO E CINEMAS LTDA;08.068.712/0001-54
04/09/2020;04/09/2020 17:45:00;SPIDER-MAN: INTO THE SPIDER-VERSE;HOMEM-ARANHA NO ARANHAVERSO;E1800533700000;DUBLADO;NÃO;ESTADOS UNIDOS;5003488;SALA PQ.BELEM 07;4;6000024;17266;21616;BELÉM;PA;CINEPOLIS OPERADORA DE CINEMAS DO BRASIL LTDA;09.652.820/0001-32
04/09/2020;04/09/2020 17:45:00;THE SECRET: DARE TO DREAM;O SEGREDO: OUSE SONHAR;E2000080600000;ORIGINAL;SIM;ESTADOS UNIDOS;5002937;SALA 06;5;6000024;17266;17763;BELÉM;PA;CINEPOLIS OPERADORA DE CINEMAS DO BRASIL LTDA;09.652.820/0001-32
04/09/2020;04/09/2020 17:50:00;BLOODSHOT;BLOODSHOT;E1900579400000;DUBLADO;NÃO;ESTADOS UNIDOS;5000160;NORTH SHOPPING 1;10;6000037;1991;2414;FORTALEZA;CE;EMPRESA CINEMAS SÃO LUIZ S/A;33.497.660/0001-89
04/09/2020;04/09/2020 17:50:00;EL ROBO DEL SIGLO;O ROUBO DO SÉCULO;E2000030900000;ORIGINAL;SIM;ARGENTINA;5005305;CINEFLIX VÁRZEA GRANDE SHOPPING - SALA 2;0;6000014;24534;31101;VÁRZEA GRANDE;MT;REDECINE BSB CINEMATOGRÁFICA LTDA;18.087.870/0001-05
04/09/2020;04/09/2020 17:50:00;SOLTEIRA QUASE SURTANDO;;B2000040200000;ORIGINAL;NÃO;BRASIL;5005980;CINESYSTEM ANANINDEUA SALA 06;0;6000027;22546;38898;ANANINDEUA;PA;REDECINE BRA CINEMATOGRÁFICA S.A.;15.422.993/0001-67
04/09/2020;04/09/2020 17:50:00;SOLTEIRA QUASE SURTANDO;;B2000040200000;ORIGINAL;NÃO;BRASIL;5001497;MOVIECOM CASTANHEIRA 2;2;6000100;2897;2896;BELÉM;PA;MOVIE CINEMAS LTDA;04.708.972/0001-96
04/09/2020;04/09/2020 17:50:00;THE SECRET: DARE TO DREAM;O SEGREDO: OUSE SONHAR;E2000080600000;DUBLADO;NÃO;ESTADOS UNIDOS;5002719;SALA CINE PLAYARTE MANAUARA 05;9;6000049;260;16356;MANAUS;AM;PLAYARTE CINEMAS LTDA.;60.434.149/0001-00
04/09/2020;04/09/2020 18:00:00;EL ROBO DEL SIGLO;O ROUBO DO SÉCULO;E2000030900000;ORIGINAL;SIM;ARGENTINA;5002723;SALA CINE PLAYARTE MANAUARA 03;8;6000049;260;16356;MANAUS;AM;PLAYARTE CINEMAS LTDA.;60.434.149/0001-00
04/09/2020;04/09/2020 18:00:00;ESCAPE FROM PRETORIA;FUGA DE PRETÓRIA;E2000249400000;ORIGINAL;SIM;ÁFRICA DO SUL;5005149;CINÉPOLIS MILLENNIUM - SALA 1;2;6000024;17266;30116;MANAUS;AM;CINEPOLIS OPERADORA DE CINEMAS DO BRASIL LTDA;09.652.820/0001-32
04/09/2020;04/09/2020 18:00:00;ESCAPE FROM PRETORIA;FUGA DE PRETÓRIA;E2000249400000;ORIGINAL;SIM;ÁFRICA DO SUL;5005095;CINÉPOLIS SÃO GONÇALO SHOPPING - SALA 4;2;6000024;17266;30088;SÃO GONÇALO;RJ;CINEPOLIS OPERADORA DE CINEMAS DO BRASIL LTDA;09.652.820/0001-32
04/09/2020;04/09/2020 18:00:00;Eventos Esportivos;;G0000000000001;DUBLADO;NÃO;;5006474;REDECINE SUMARE 03;0;6000014;5654;44547;SUMARÉ;SP;REDECINE-CPQ CINEMATOGRÁFICA LTDA;07.665.262/0001-14
04/09/2020;04/09/2020 18:00:00;FROZEN II;FROZEN 2;E1900365900000;DUBLADO;NÃO;ESTADOS UNIDOS;5002102;CINE DRIVEIN;97;;5465;6715;BRASÍLIA;DF;STARK'S CINEMA E LANCHONETE LTDA.;32.917.296/0001-04
04/09/2020;04/09/2020 18:00:00;LA LA LAND;LA LA LAND – CANTANDO ESTAÇÕES;E1600677400000;DUBLADO;NÃO;ESTADOS UNIDOS;5006591;DRIVE IN SHOPPING VILLA LOBOS;3;6000006;2872;46069;SÃO PAULO;SP;EMPRESA CENTERPLEX DE CINEMAS LTDA;00.812.310/0001-00
04/09/2020;04/09/2020 18:00:00;MINHA MÃE É UMA PEÇA 3;;B1900576900000;ORIGINAL;NÃO;BRASIL;5006590;SUPER DRIVE IN;2;6000006;2872;46068;SÃO BERNARDO DO CAMPO;SP;EMPRESA CENTERPLEX DE CINEMAS LTDA;00.812.310/0001-00
04/09/2020;04/09/2020 18:00:00;ONWARD;DOIS IRMÃOS: UMA JORNADA FANTÁSTICA;E1900366400000;DUBLADO;NÃO;ESTADOS UNIDOS;5005309;CINEFLIX VÁRZEA GRANDE SHOPPING - SALA 6;0;6000014;24534;31101;VÁRZEA GRANDE;MT;REDECINE BSB CINEMATOGRÁFICA LTDA;18.087.870/0001-05
04/09/2020;04/09/2020 18:00:00;QUEEN OF SPADES: THROUGH THE LOOKING GLASS;A MALDIÇÃO DO ESPELHO;E1900574500000;DUBLADO;NÃO;RÚSSIA;5005924;CENTERPLEX GRANDE CIRCULAR 01;1;6000006;38234;38235;MANAUS;AM;CINE ELI AMAZONAS CINEMAS LTDA - EM RECUPERAÇÃO JUDICIAL;28.619.116/0001-22
04/09/2020;04/09/2020 18:00:00;QUEEN OF SPADES: THROUGH THE LOOKING GLASS;A MALDIÇÃO DO ESPELHO;E1900574500000;DUBLADO;NÃO;RÚSSIA;5006476;REDECINE SUMARE 05;0;6000014;5654;44547;SUMARÉ;SP;REDECINE-CPQ CINEMATOGRÁFICA LTDA;07.665.262/0001-14
04/09/2020;04/09/2020 18:00:00;THE SECRET: DARE TO DREAM;O SEGREDO: OUSE SONHAR;E2000080600000;DUBLADO;NÃO;ESTADOS UNIDOS;5000081;KINOPLEX AMAZONAS SALA 03;6;6000037;1991;2393;MANAUS;AM;EMPRESA CINEMAS SÃO LUIZ S/A;33.497.660/0001-89
04/09/2020;04/09/2020 18:00:00;THE SECRET: DARE TO DREAM;O SEGREDO: OUSE SONHAR;E2000080600000;DUBLADO;NÃO;ESTADOS UNIDOS;5000161;NORTH SHOPPING 2;6;6000037;1991;2414;FORTALEZA;CE;EMPRESA CINEMAS SÃO LUIZ S/A;33.497.660/0001-89
04/09/2020;04/09/2020 18:00:00;THE SECRET: DARE TO DREAM;O SEGREDO: OUSE SONHAR;E2000080600000;DUBLADO;NÃO;ESTADOS UNIDOS;5004372;SALA CINEPOLIS PONTA NEGRA 09 TRADICIONAL;0;6000024;17266;25193;MANAUS;AM;CINEPOLIS OPERADORA DE CINEMAS DO BRASIL LTDA;09.652.820/0001-32
04/09/2020;04/09/2020 18:05:00;ESCAPE FROM PRETORIA;FUGA DE PRETÓRIA;E2000249400000;DUBLADO;NÃO;ÁFRICA DO SUL;5005325;UCI BRASIL - SUMAÚMA PARK SHOPPING MANAUS SALA 02;2;6000058;749;31265;MANAUS;AM;UNITED CINEMAS INTERNATIONAL BRASIL LTDA.;01.289.530/0001-64
04/09/2020;04/09/2020 18:10:00;BLOODSHOT;BLOODSHOT;E1900579400000;DUBLADO;NÃO;ESTADOS UNIDOS;5004880;CIRCUITO CINEMAS PBAS- SALA 02;2;6000028;15568;27873;PARAUAPEBAS;PA;CIRCUITO ENTRETENIMENTO E CINEMAS LTDA;08.068.712/0001-54
04/09/2020;04/09/2020 18:10:00;EL ROBO DEL SIGLO;O ROUBO DO SÉCULO;E2000030900000;ORIGINAL;SIM;ARGENTINA;5005426;UCI BRASIL - SHOPPING BOSQUE GRÃO PARÁ SALA 01;3;6000058;749;32026;BELÉM;PA;UNITED CINEMAS INTERNATIONAL BRASIL LTDA.;01.289.530/0001-64
04/09/2020;04/09/2020 18:10:00;ESCAPE FROM PRETORIA;FUGA DE PRETÓRIA;E2000249400000;DUBLADO;NÃO;ÁFRICA DO SUL;5000162;NORTH SHOPPING 3;4;6000037;1991;2414;FORTALEZA;CE;EMPRESA CINEMAS SÃO LUIZ S/A;33.497.660/0001-89
04/09/2020;04/09/2020 18:10:00;QUEEN OF SPADES: THROUGH THE LOOKING GLASS;A MALDIÇÃO DO ESPELHO;E1900574500000;DUBLADO;NÃO;RÚSSIA;5005326;UCI BRASIL - SUMAÚMA PARK SHOPPING MANAUS SALA 03;10;6000058;749;31265;MANAUS;AM;UNITED CINEMAS INTERNATIONAL BRASIL LTDA.;01.289.530/0001-64
04/09/2020;04/09/2020 18:10:00;THE SECRET: DARE TO DREAM;O SEGREDO: OUSE SONHAR;E2000080600000;DUBLADO;NÃO;ESTADOS UNIDOS;5005307;CINEFLIX VÁRZEA GRANDE SHOPPING - SALA 4;0;6000014;24534;31101;VÁRZEA GRANDE;MT;REDECINE BSB CINEMATOGRÁFICA LTDA;18.087.870/0001-05
04/09/2020;04/09/2020 18:15:00;BLACK PANTHER;PANTERA NEGRA;E1700512400000;DUBLADO;NÃO;ESTADOS UNIDOS;5002256;MOVIECOM PATIO BELÉM 3;0;6000100;2897;13915;BELÉM;PA;MOVIE CINEMAS LTDA;04.708.972/0001-96
04/09/2020;04/09/2020 18:15:00;EL ROBO DEL SIGLO;O ROUBO DO SÉCULO;E2000030900000;ORIGINAL;SIM;ARGENTINA;5000163;NORTH SHOPPING 4;3;6000037;1991;2414;FORTALEZA;CE;EMPRESA CINEMAS SÃO LUIZ S/A;33.497.660/0001-89
04/09/2020;04/09/2020 18:15:00;HARRY POTTER AND THE SORCERER'S STONE;HARRY POTTER AND THE SORCERER'S STONE;E1900440700000;ORIGINAL;SIM;ESTADOS UNIDOS;5005975;CINESYSTEM ANANINDEUA SALA 01;6;6000027;22546;38898;ANANINDEUA;PA;REDECINE BRA CINEMATOGRÁFICA S.A.;15.422.993/0001-67
04/09/2020;04/09/2020 18:15:00;QUEEN OF SPADES: THROUGH THE LOOKING GLASS;A MALDIÇÃO DO ESPELHO;E1900574500000;DUBLADO;NÃO;RÚSSIA;5005308;CINEFLIX VÁRZEA GRANDE SHOPPING - SALA 5;13;6000014;24534;31101;VÁRZEA GRANDE;MT;REDECINE BSB CINEMATOGRÁFICA LTDA;18.087.870/0001-05
04/09/2020;04/09/2020 18:15:00;SONIC THE HEDGEHOG;SONIC - O FILME;E2000012200000;DUBLADO;NÃO;CANADÁ;5006601;CINE DRIVE-IN ESPAÇO CINEMAX;2;;5944;6680;ITABIRA;MG;ESPAÇO CULTURAL CINE ATLETICO LTDA;06.981.108/0001-99
04/09/2020;04/09/2020 18:15:00;THE SECRET: DARE TO DREAM;O SEGREDO: OUSE SONHAR;E2000080600000;DUBLADO;NÃO;ESTADOS UNIDOS;5005159;CINÉPOLIS MANAUS PLAZA - SALA 3;0;6000024;17266;30118;MANAUS;AM;CINEPOLIS OPERADORA DE CINEMAS DO BRASIL LTDA;09.652.820/0001-32
04/09/2020;04/09/2020 18:15:00;THE SECRET: DARE TO DREAM;O SEGREDO: OUSE SONHAR;E2000080600000;DUBLADO;NÃO;ESTADOS UNIDOS;5003487;SALA PQ.BELEM 06;0;6000024;17266;21616;BELÉM;PA;CINEPOLIS OPERADORA DE CINEMAS DO BRASIL LTDA;09.652.820/0001-32
04/09/2020;04/09/2020 18:15:01;E.T;E.T. O EXTRATERRESTRE;E1500491000000;DUBLADO;NÃO;ESTADOS UNIDOS;5006381;ALFENAS SALA 3;1;6000008;15833;44017;ALFENAS;MG;CINE A LTDA;10.894.937/0001-01
04/09/2020;04/09/2020 18:15:01;E.T;E.T. O EXTRATERRESTRE;E1500491000000;DUBLADO;NÃO;ESTADOS UNIDOS;5005617;CINE A ALTAMIRA SALA 01;1;6000008;28464;33426;ALTAMIRA;PA;CINE A MARABA LTDA;21.160.773/0001-05
04/09/2020;04/09/2020 18:20:00;JURASSIC WORLD: FALLEN KINGDOM;JURASSIC WORLD - REINO AMEAÇADO;E1800169900000;DUBLADO;NÃO;ESTADOS UNIDOS;5004822;KINOPLEX AMAZONAS SALA 04;11;6000037;1991;2393;MANAUS;AM;EMPRESA CINEMAS SÃO LUIZ S/A;33.497.660/0001-89
04/09/2020;04/09/2020 18:30:00;21 BRIDGES;CRIME SEM SAÍDA;E1900482200000;DUBLADO;NÃO;ESTADOS UNIDOS;5005981;CINESYSTEM ANANINDEUA SALA 07;0;6000027;22546;38898;ANANINDEUA;PA;REDECINE BRA CINEMATOGRÁFICA S.A.;15.422.993/0001-67
04/09/2020;04/09/2020 18:30:00;ALICE JÚNIOR;;B2000154900000;ORIGINAL;NÃO;BRASIL;5006571;CINESYSTEM AMÉRICAS DRIVE-IN;0;6000027;5348;28834;RIO DE JANEIRO;RJ;REDECINE - RIO CINEMATOGRAFICA S.A.;07.524.011/0001-10
04/09/2020;04/09/2020 18:30:00;BAD BOYS FOR LIFE;BAD BOYS PARA SEMPRE;E1900525600000;DUBLADO;NÃO;ESTADOS UNIDOS;5006623;CINEPLUS AUTOCINE SHOW DRIVE-IN;4;6000023;12893;46385;COLOMBO;PR;ESTILO PRODUÇÕES ARTISTICAS LTDA;03.293.165/0001-97
04/09/2020;04/09/2020 18:30:00;EL ROBO DEL SIGLO;O ROUBO DO SÉCULO;E2000030900000;ORIGINAL;NÃO;ARGENTINA;5001149;CINE PORTO;10;;2351;2352;UBATUBA;SP;CINEMATOGRÁFICA LITORAL NORTE LTDA-EPP;04.165.613/0001-30
04/09/2020;04/09/2020 18:30:00;ESCAPE FROM PRETORIA;FUGA DE PRETÓRIA;E2000249400000;ORIGINAL;SIM;ÁFRICA DO SUL;5004366;SALA CINEPOLIS PONTA NEGRA 03 VIP;2;6000024;17266;25193;MANAUS;AM;CINEPOLIS OPERADORA DE CINEMAS DO BRASIL LTDA;09.652.820/0001-32
04/09/2020;04/09/2020 18:30:00;INSIDE OUT;DIVERTIDA MENTE;E1500351400000;DUBLADO;NÃO;ESTADOS UNIDOS;5006356;MULTICINE IANDE SHOPPING 1;4;6000045;5935;43968;CAUCAIA;CE;MULTICINE CINEMAS LTDA;07.609.246/0001-04
04/09/2020;04/09/2020 18:30:00;QUEEN OF SPADES: THROUGH THE LOOKING GLASS;A MALDIÇÃO DO ESPELHO;E1900574500000;DUBLADO;NÃO;RÚSSIA;5005098;CINÉPOLIS SÃO GONÇALO SHOPPING - SALA 7;7;6000024;17266;30088;SÃO GONÇALO;RJ;CINEPOLIS OPERADORA DE CINEMAS DO BRASIL LTDA;09.652.820/0001-32
04/09/2020;04/09/2020 18:30:00;SMALLFOOT;PÉPEQUENO;E1800215200000;DUBLADO;NÃO;ESTADOS UNIDOS;5006625;CINE GOLDEN - DRIVE IN;9;6000141;45886;46420;JEQUIÉ;BA;GF ANDRADE ENTRETENIMENTO E COMÉRCIO LTDA;23.200.362/0001-21
04/09/2020;04/09/2020 18:30:00;THE CONJURING;INVOCAÇÃO DO MAL;E1500097000000;DUBLADO;NÃO;ESTADOS UNIDOS;5002427;CINE WEST SALA 02;4;;14882;14883;CASCAVEL;PR;WEST SIDE SHOPPING CENTER LTDA;68.761.170/0001-22
04/09/2020;04/09/2020 18:30:00;TURMA DA MÔNICA - LAÇOS;;B1900235500000;ORIGINAL;NÃO;BRASIL;5005304;CINEFLIX VÁRZEA GRANDE SHOPPING - SALA 1;0;6000014;24534;31101;VÁRZEA GRANDE;MT;REDECINE BSB CINEMATOGRÁFICA LTDA;18.087.870/0001-05
04/09/2020;04/09/2020 18:30:00;TURMA DA MÔNICA - LAÇOS;;B1900235500000;ORIGINAL;NÃO;BRASIL;5006610;CINESYSTEM DRIVE-IN AEROPORTO VITÓRIA;0;6000027;22546;46257;VITÓRIA;ES;REDECINE BRA CINEMATOGRÁFICA S.A.;15.422.993/0001-67
04/09/2020;04/09/2020 18:30:00;TURMA DA MÔNICA - LAÇOS;;B1900235500000;ORIGINAL;NÃO;BRASIL;5005931;MOBI CINE AÇAILÂNDIA SALA 03;2;6000040;38236;38237;AÇAILÂNDIA;MA;C A V LEMOS E CIA LTDA - ME;14.717.191/0001-11
04/09/2020;04/09/2020 18:30:01;WONDER PARK;O PARQUE DOS SONHOS;E1900025300000;DUBLADO;NÃO;ESTADOS UNIDOS;5006619;DRIVE - GYN SERRA DOURADA 03;8;6000039;45898;46312;GOIÂNIA;GO;DRIVE-GYN ENTRETENIMENTO LTDA;37.109.882/0001-38
04/09/2020;04/09/2020 18:40:00;BACK TO THE FUTURE;DE VOLTA PARA O FUTURO;E1402513800000;DUBLADO;NÃO;ESTADOS UNIDOS;5005751;CINE WEST SALA 03;2;;14882;14883;CASCAVEL;PR;WEST SIDE SHOPPING CENTER LTDA;68.761.170/0001-22
04/09/2020;04/09/2020 18:40:00;BLACK PANTHER;PANTERA NEGRA;E1700512400000;DUBLADO;NÃO;ESTADOS UNIDOS;5001498;MOVIECOM CASTANHEIRA 3;9;6000100;2897;2896;BELÉM;PA;MOVIE CINEMAS LTDA;04.708.972/0001-96
04/09/2020;04/09/2020 18:40:00;HARRY POTTER AND THE PHILOSOPHER'S STONE;HARRY POTTER E A PEDRA FILOSOFAL;E1500138600000;DUBLADO;NÃO;ESTADOS UNIDOS;5002564;CINE CATARATAS 1;2;;15565;15566;FOZ DO IGUAÇU;PR;CINE CATARATAS LTDA;09.010.219/0001-46
04/09/2020;04/09/2020 18:40:00;JAWS;TUBARÃO;E1402577300000;ORIGINAL;SIM;ESTADOS UNIDOS;5005428;UCI BRASIL - SHOPPING BOSQUE GRÃO PARÁ SALA 03;0;6000058;749;32026;BELÉM;PA;UNITED CINEMAS INTERNATIONAL BRASIL LTDA.;01.289.530/0001-64
04/09/2020;04/09/2020 18:40:00;JOKER;CORINGA;E1900357300000;DUBLADO;NÃO;CANADÁ;5006494;CINE INTER SANTA INES 02;1;6000140;44834;44835;SANTA INÊS;MA;CINEINTER EXIBICOES CINEMATOGRAFICAS LTDA;35.477.354/0001-06
04/09/2020;04/09/2020 18:40:00;MINHA MÃE É UMA PEÇA 3;;B1900576900000;ORIGINAL;NÃO;BRASIL;5006580;CINESYSTEM MORUMBI TOWN DRIVE-IN;14;6000027;22546;34941;SÃO PAULO;SP;REDECINE BRA CINEMATOGRÁFICA S.A.;15.422.993/0001-67
04/09/2020;04/09/2020 18:40:00;THE GREAT WALL;A GRANDE MURALHA;E1500758300000;ORIGINAL;SIM;ESTADOS UNIDOS;5006618;DRIVE - GYN SERRA DOURADA 02;1;6000039;45898;46312;GOIÂNIA;GO;DRIVE-GYN ENTRETENIMENTO LTDA;37.109.882/0001-38
04/09/2020;04/09/2020 18:40:00;THE SECRET: DARE TO DREAM;O SEGREDO: OUSE SONHAR;E2000080600000;DUBLADO;NÃO;ESTADOS UNIDOS;5005151;CINÉPOLIS MILLENNIUM - SALA 3;2;6000024;17266;30116;MANAUS;AM;CINEPOLIS OPERADORA DE CINEMAS DO BRASIL LTDA;09.652.820/0001-32
04/09/2020;04/09/2020 18:40:00;THE SECRET: DARE TO DREAM;O SEGREDO: OUSE SONHAR;E2000080600000;DUBLADO;NÃO;ESTADOS UNIDOS;5002257;MOVIECOM PATIO BELÉM 2;0;6000100;2897;13915;BELÉM;PA;MOVIE CINEMAS LTDA;04.708.972/0001-96
04/09/2020;04/09/2020 18:45:00;21 BRIDGES;CRIME SEM SAÍDA;E1900482200000;DUBLADO;NÃO;ESTADOS UNIDOS;5005979;CINESYSTEM ANANINDEUA SALA 05;0;6000027;22546;38898;ANANINDEUA;PA;REDECINE BRA CINEMATOGRÁFICA S.A.;15.422.993/0001-67
04/09/2020;04/09/2020 18:45:00;FORD V FERRARI;FORD VS FERRARI;E1900252200000;DUBLADO;NÃO;ESTADOS UNIDOS;5006606;CINE CAVALIERE ORLANDI DRIVE IN;0;;15009;15010;SOCORRO;SP;ORLANDI MARCHESE LTDA - ME;03.091.068/0001-11
04/09/2020;04/09/2020 18:45:00;QUEEN OF SPADES: THROUGH THE LOOKING GLASS;A MALDIÇÃO DO ESPELHO;E1900574500000;DUBLADO;NÃO;RÚSSIA;5005157;CINÉPOLIS MANAUS PLAZA - SALA 1;4;6000024;17266;30118;MANAUS;AM;CINEPOLIS OPERADORA DE CINEMAS DO BRASIL LTDA;09.652.820/0001-32
04/09/2020;04/09/2020 18:45:00;QUEEN OF SPADES: THROUGH THE LOOKING GLASS;A MALDIÇÃO DO ESPELHO;E1900574500000;DUBLADO;NÃO;RÚSSIA;5002938;SALA 04;21;6000024;17266;17763;BELÉM;PA;CINEPOLIS OPERADORA DE CINEMAS DO BRASIL LTDA;09.652.820/0001-32
04/09/2020;04/09/2020 18:45:00;THE SECRET: DARE TO DREAM;O SEGREDO: OUSE SONHAR;E2000080600000;DUBLADO;NÃO;ESTADOS UNIDOS;5005327;UCI BRASIL - SUMAÚMA PARK SHOPPING MANAUS SALA 04;3;6000058;749;31265;MANAUS;AM;UNITED CINEMAS INTERNATIONAL BRASIL LTDA.;01.289.530/0001-64
04/09/2020;04/09/2020 18:50:00;HALLOWEEN;HALLOWEEN;E1800335600000;DUBLADO;NÃO;ESTADOS UNIDOS;5006617;DRIVE - GYN SERRA DOURADA 01;0;6000039;45898;46312;GOIÂNIA;GO;DRIVE-GYN ENTRETENIMENTO LTDA;37.109.882/0001-38
04/09/2020;04/09/2020 18:50:00;QUEEN OF SPADES: THROUGH THE LOOKING GLASS;A MALDIÇÃO DO ESPELHO;E1900574500000;DUBLADO;NÃO;RÚSSIA;5000080;KINOPLEX AMAZONAS SALA 02;29;6000037;1991;2393;MANAUS;AM;EMPRESA CINEMAS SÃO LUIZ S/A;33.497.660/0001-89
04/09/2020;04/09/2020 18:50:00;QUEEN OF SPADES: THROUGH THE LOOKING GLASS;A MALDIÇÃO DO ESPELHO;E1900574500000;DUBLADO;NÃO;RÚSSIA;5002726;SALA CINE PLAYARTE MANAUARA 06;28;6000049;260;16356;MANAUS;AM;PLAYARTE CINEMAS LTDA.;60.434.149/0001-00
04/09/2020;04/09/2020 19:00:00;BLOODSHOT;BLOODSHOT;E1900579400000;DUBLADO;NÃO;ESTADOS UNIDOS;5001503;MOVIECOM CASTANHEIRA 6;1;6000100;2897;2896;BELÉM;PA;MOVIE CINEMAS LTDA;04.708.972/0001-96
04/09/2020;04/09/2020 19:00:00;CAPTAIN MARVEL;CAPITÃ MARVEL;E1900011200000;DUBLADO;NÃO;ESTADOS UNIDOS;5006621;CINEPLUS PLANETA DRIVE IN PINHAIS;0;6000023;15673;46339;PINHAIS;PR;VITOMAQ PRODUÇÕES ARTISTICAS E CINEMA LTDA - ME;07.617.254/0001-00
04/09/2020;04/09/2020 19:00:00;CAPTAIN MARVEL;CAPITÃ MARVEL;E1900011200000;DUBLADO;NÃO;ESTADOS UNIDOS;5006567;CINESHOW TUBARÃO DRIVE-IN;40;6000025;33770;33771;TUBARÃO;SC;TUBARÃO FILMES LTDA;24.971.903/0001-88
04/09/2020;04/09/2020 19:00:00;D.P.A. - DETETIVES DO PRÉDIO AZUL;;B1700328500000;ORIGINAL;NÃO;BRASIL;5006579;CINESYSTEM BRÁS DRIVE-IN;0;6000027;22546;34941;SÃO PAULO;SP;REDECINE BRA CINEMATOGRÁFICA S.A.;15.422.993/0001-67
04/09/2020;04/09/2020 19:00:00;EL ROBO DEL SIGLO;O ROUBO DO SÉCULO;E2000030900000;DUBLADO;NÃO;ARGENTINA;5006493;CINE INTER SANTA INES 01;11;6000140;44834;44835;SANTA INÊS;MA;CINEINTER EXIBICOES CINEMATOGRAFICAS LTDA;35.477.354/0001-06
04/09/2020;04/09/2020 19:00:00;JAWS;TUBARÃO;E1402577300000;ORIGINAL;SIM;ESTADOS UNIDOS;5005153;CINÉPOLIS MILLENNIUM - SALA 5;2;6000024;17266;30116;MANAUS;AM;CINEPOLIS OPERADORA DE CINEMAS DO BRASIL LTDA;09.652.820/0001-32
04/09/2020;04/09/2020 19:00:00;JUMANJI: NEXT LEVEL;JUMANJI: PROXIMA FASE;E1900458100000;DUBLADO;NÃO;ESTADOS UNIDOS;5005930;MOBI CINE AÇAILÂNDIA SALA 02;0;6000040;38236;38237;AÇAILÂNDIA;MA;C A V LEMOS E CIA LTDA - ME;14.717.191/0001-11
04/09/2020;04/09/2020 19:00:00;MINHA MÃE É UMA PEÇA 3;;B1900576900000;ORIGINAL;NÃO;BRASIL;5006595;CENTERPLEX ESTAÇÃO ATIBAIA DRIVE-IN;6;6000006;2836;2843;ATIBAIA;SP;EMPRESA SAO LUIZ DE CINEMAS LTDA - EM RECUPERACAO JUDICIAL;52.067.071/0001-05
04/09/2020;04/09/2020 19:00:00;MY SPY;APRENDIZ DE ESPIÃ;E1900289600000;DUBLADO;NÃO;ESTADOS UNIDOS;5005642;CINE LASER BARRA DO GARÇAS SALA 01;2;6000104;33805;33806;BARRA DO GARÇAS;MT;CINE LASER BARRA DO GARÇAS LTDA- ME;24.864.214/0001-74
04/09/2020;04/09/2020 19:00:00;Mostras e Festivais;;G0000000000004;ORIGINAL;SIM;;5005161;CINÉPOLIS MANAUS PLAZA - SALA 5;0;6000024;17266;30118;MANAUS;AM;CINEPOLIS OPERADORA DE CINEMAS DO BRASIL LTDA;09.652.820/0001-32
04/09/2020;04/09/2020 19:00:00;QUEEN OF SPADES: THROUGH THE LOOKING GLASS;A MALDIÇÃO DO ESPELHO;E1900574500000;DUBLADO;NÃO;RÚSSIA;5005977;CINESYSTEM ANANINDEUA SALA 03;14;6000027;22546;38898;ANANINDEUA;PA;REDECINE BRA CINEMATOGRÁFICA S.A.;15.422.993/0001-67
04/09/2020;04/09/2020 19:00:00;QUEEN OF SPADES: THROUGH THE LOOKING GLASS;A MALDIÇÃO DO ESPELHO;E1900574500000;DUBLADO;NÃO;RÚSSIA;5000164;NORTH SHOPPING 5;19;6000037;1991;2414;FORTALEZA;CE;EMPRESA CINEMAS SÃO LUIZ S/A;33.497.660/0001-89
04/09/2020;04/09/2020 19:00:00;SMALLFOOT;PÉPEQUENO;E1800215200000;DUBLADO;NÃO;ESTADOS UNIDOS;5005965;CINE SUL SALA 01;12;6000121;38751;38752;MEDIANEIRA;PR;L N DA ROCHA & CIA LTDA - ME;29.099.414/0001-00
04/09/2020;04/09/2020 19:00:00;SONIC THE HEDGEHOG;SONIC - O FILME;E2000012200000;DUBLADO;NÃO;CANADÁ;5006572;CINE 14 BIS DRIVE-IN;4;;5822;6623;GUAXUPÉ;MG;GUAXUPE PROMOCOES E EVENTOS LTDA;03.929.354/0001-03
04/09/2020;04/09/2020 19:00:00;SPIDER-MAN: FAR FROM HOME;HOMEM-ARANHA LONGE DE CASA;E1900127700000;DUBLADO;NÃO;ESTADOS UNIDOS;5006605;MULTICINE MOSSORÓ DRIVE IN;4;6000045;5935;17881;MOSSORÓ;RN;MULTICINE CINEMAS LTDA;07.609.246/0001-04
04/09/2020;04/09/2020 19:00:00;THE SECRET LIFE OF PETS 2;PETS: A VIDA SECRETA DOS BICHOS 2;E1900162100000;DUBLADO;NÃO;ESTADOS UNIDOS;5006620;CINEMAIS MONTES CLAROS DRIVE IN;6;6000017;2892;23844;MONTES CLAROS;MG;CINEMAIS CINEMAS LTDA;03.868.869/0001-40
04/09/2020;04/09/2020 19:00:00;THE SECRET: DARE TO DREAM;O SEGREDO: OUSE SONHAR;E2000080600000;DUBLADO;NÃO;ESTADOS UNIDOS;5004879;CIRCUITO CINEMAS PBAS- SALA 01;4;6000028;15568;27873;PARAUAPEBAS;PA;CIRCUITO ENTRETENIMENTO E CINEMAS LTDA;08.068.712/0001-54
04/09/2020;04/09/2020 19:00:01;DETETIVES DO PRÉDIO AZUL 2 - O MISTÉRIO ITALIANO;;B1800561400000;ORIGINAL;NÃO;BRASIL;5006574;DRIVE IN CINEART ALPHAVILLE;2;6000013;437;45925;NOVA LIMA;MG;DELTA FILMES LTDA;01.735.159/0001-17
04/09/2020;04/09/2020 19:00:01;TWILIGHT;CREPÚSCULO;E1600635500000;ORIGINAL;SIM;ESTADOS UNIDOS;5006365;ALFENAS SALA 2;1;6000008;15833;44017;ALFENAS;MG;CINE A LTDA;10.894.937/0001-01
04/09/2020;04/09/2020 19:00:01;TWILIGHT;CREPÚSCULO;E1600635500000;ORIGINAL;SIM;ESTADOS UNIDOS;5006072;CINE A ALTAMIRA SALA 02;1;6000008;28464;33426;ALTAMIRA;PA;CINE A MARABA LTDA;21.160.773/0001-05
04/09/2020;04/09/2020 19:05:00;THE SECRET: DARE TO DREAM;O SEGREDO: OUSE SONHAR;E2000080600000;DUBLADO;NÃO;ESTADOS UNIDOS;5006358;MULTICINE IANDE SHOPPING 3;9;6000045;5935;43968;CAUCAIA;CE;MULTICINE CINEMAS LTDA;07.609.246/0001-04
04/09/2020;04/09/2020 19:10:00;THE SECRET: DARE TO DREAM;O SEGREDO: OUSE SONHAR;E2000080600000;DUBLADO;NÃO;ESTADOS UNIDOS;5005929;MOBI CINE AÇAILÂNDIA SALA 01;4;6000040;38236;38237;AÇAILÂNDIA;MA;C A V LEMOS E CIA LTDA - ME;14.717.191/0001-11
04/09/2020;04/09/2020 19:15:00;EL ROBO DEL SIGLO;O ROUBO DO SÉCULO;E2000030900000;ORIGINAL;SIM;ARGENTINA;5005978;CINESYSTEM ANANINDEUA SALA 04;0;6000027;22546;38898;ANANINDEUA;PA;REDECINE BRA CINEMATOGRÁFICA S.A.;15.422.993/0001-67
04/09/2020;04/09/2020 19:15:00;QUEEN OF SPADES: THROUGH THE LOOKING GLASS;A MALDIÇÃO DO ESPELHO;E1900574500000;DUBLADO;NÃO;RÚSSIA;5003483;SALA PQ.BELEM 02;10;6000024;17266;21616;BELÉM;PA;CINEPOLIS OPERADORA DE CINEMAS DO BRASIL LTDA;09.652.820/0001-32
04/09/2020;04/09/2020 19:20:00;CAPTAIN MARVEL;CAPITÃ MARVEL;E1900011200000;DUBLADO;NÃO;ESTADOS UNIDOS;5002722;SALA CINE PLAYARTE MANAUARA 07;5;6000049;260;16356;MANAUS;AM;PLAYARTE CINEMAS LTDA.;60.434.149/0001-00
04/09/2020;04/09/2020 19:20:00;EL ROBO DEL SIGLO;O ROUBO DO SÉCULO;E2000030900000;ORIGINAL;SIM;ARGENTINA;5002255;MOVIECOM PATIO BELÉM 1;0;6000100;2897;13915;BELÉM;PA;MOVIE CINEMAS LTDA;04.708.972/0001-96
04/09/2020;04/09/2020 19:20:00;THE ANGRY BIRDS MOVIE 2;ANGRY BIRDS 2 - O FILME;E1900271800000;DUBLADO;NÃO;ESTADOS UNIDOS;5006586;MULTICINE DRIVE IN - CIDADE JARDIM;5;6000045;5935;30736;GOIÂNIA;GO;MULTICINE CINEMAS LTDA;07.609.246/0001-04
04/09/2020;04/09/2020 19:20:00;THE SECRET: DARE TO DREAM;O SEGREDO: OUSE SONHAR;E2000080600000;DUBLADO;NÃO;ESTADOS UNIDOS;5001505;MOVIECOM CASTANHEIRA 7;0;6000100;2897;2896;BELÉM;PA;MOVIE CINEMAS LTDA;04.708.972/0001-96
04/09/2020;04/09/2020 19:20:00;THE SECRET: DARE TO DREAM;O SEGREDO: OUSE SONHAR;E2000080600000;DUBLADO;NÃO;ESTADOS UNIDOS;5005429;UCI BRASIL - SHOPPING BOSQUE GRÃO PARÁ SALA 04;10;6000058;749;32026;BELÉM;PA;UNITED CINEMAS INTERNATIONAL BRASIL LTDA.;01.289.530/0001-64
04/09/2020;04/09/2020 19:30:00;EL ROBO DEL SIGLO;O ROUBO DO SÉCULO;E2000030900000;ORIGINAL;SIM;ARGENTINA;5005094;CINÉPOLIS SÃO GONÇALO SHOPPING - SALA 3;0;6000024;17266;30088;SÃO GONÇALO;RJ;CINEPOLIS OPERADORA DE CINEMAS DO BRASIL LTDA;09.652.820/0001-32
04/09/2020;04/09/2020 19:30:00;EL ROBO DEL SIGLO;O ROUBO DO SÉCULO;E2000030900000;ORIGINAL;SIM;ARGENTINA;5006472;REDECINE SUMARE 01;0;6000014;5654;44547;SUMARÉ;SP;REDECINE-CPQ CINEMATOGRÁFICA LTDA;07.665.262/0001-14
04/09/2020;04/09/2020 19:30:00;JAWS;TUBARÃO;E1402577300000;ORIGINAL;SIM;ESTADOS UNIDOS;5002942;SALA 07;4;6000024;17266;17763;BELÉM;PA;CINEPOLIS OPERADORA DE CINEMAS DO BRASIL LTDA;09.652.820/0001-32
04/09/2020;04/09/2020 19:30:00;THE ADDAMS FAMILY;A FAMÍLIA ADDAMS;E1900349600000;DUBLADO;NÃO;CANADÁ;5006560;CINE A ITAJUBÁ DRIVE-IN;1;6000008;15833;41725;ITAJUBÁ;MG;CINE A LTDA;10.894.937/0001-01
04/09/2020;04/09/2020 19:30:00;THE SECRET: DARE TO DREAM;O SEGREDO: OUSE SONHAR;E2000080600000;DUBLADO;NÃO;ESTADOS UNIDOS;5005925;CENTERPLEX GRANDE CIRCULAR 02;6;6000006;38234;38235;MANAUS;AM;CINE ELI AMAZONAS CINEMAS LTDA - EM RECUPERAÇÃO JUDICIAL;28.619.116/0001-22
04/09/2020;04/09/2020 19:30:00;THE SECRET: DARE TO DREAM;O SEGREDO: OUSE SONHAR;E2000080600000;DUBLADO;NÃO;ESTADOS UNIDOS;5005644;CINE LASER BARRA DO GARÇAS SALA 03;6;6000104;33805;33806;BARRA DO GARÇAS;MT;CINE LASER BARRA DO GARÇAS LTDA- ME;24.864.214/0001-74
04/09/2020;04/09/2020 19:30:00;THE SECRET: DARE TO DREAM;O SEGREDO: OUSE SONHAR;E2000080600000;DUBLADO;NÃO;ESTADOS UNIDOS;5006533;CINE LASER SANTAREM 1;1;6000104;44323;45275;SANTARÉM;PA;CINE LASER CINEMAS NORDESTE LTDA;34.860.287/0001-41
04/09/2020;04/09/2020 19:30:00;THE SECRET: DARE TO DREAM;O SEGREDO: OUSE SONHAR;E2000080600000;DUBLADO;NÃO;ESTADOS UNIDOS;5003147;CINE LASER SORRISO 1;0;6000104;19465;19467;SORRISO;MT;CINE LASER CINEMAS LTDA;03.569.447/0001-74
04/09/2020;04/09/2020 19:30:00;THE SHINING;O ILUMINADO;E1500192200000;ORIGINAL;SIM;ESTADOS UNIDOS;5004369;SALA CINEPOLIS PONTA NEGRA 06 TRADICIONAL;4;6000024;17266;25193;MANAUS;AM;CINEPOLIS OPERADORA DE CINEMAS DO BRASIL LTDA;09.652.820/0001-32
04/09/2020;04/09/2020 19:40:00;EL ROBO DEL SIGLO;O ROUBO DO SÉCULO;E2000030900000;ORIGINAL;SIM;ARGENTINA;5002727;SALA CINE PLAYARTE MANAUARA 04;4;6000049;260;16356;MANAUS;AM;PLAYARTE CINEMAS LTDA.;60.434.149/0001-00
04/09/2020;04/09/2020 19:40:00;HARRY POTTER AND THE SORCERER'S STONE;HARRY POTTER AND THE SORCERER'S STONE;E1900440700000;ORIGINAL;SIM;ESTADOS UNIDOS;5001502;MOVIECOM CASTANHEIRA 5;3;6000100;2897;2896;BELÉM;PA;MOVIE CINEMAS LTDA;04.708.972/0001-96
04/09/2020;04/09/2020 19:40:00;THE AVENGERS;THE AVENGERS: OS VINGADORES;E1500275200000;DUBLADO;NÃO;ESTADOS UNIDOS;5005966;CINE SUL SALA 02;5;6000121;38751;38752;MEDIANEIRA;PR;L N DA ROCHA & CIA LTDA - ME;29.099.414/0001-00
04/09/2020;04/09/2020 19:45:00;BACK TO THE FUTURE;DE VOLTA PARA O FUTURO;E1402513800000;ORIGINAL;SIM;ESTADOS UNIDOS;5005160;CINÉPOLIS MANAUS PLAZA - SALA 4;1;6000024;17266;30118;MANAUS;AM;CINEPOLIS OPERADORA DE CINEMAS DO BRASIL LTDA;09.652.820/0001-32
04/09/2020;04/09/2020 19:45:00;BLACK PANTHER;PANTERA NEGRA;E1700512400000;DUBLADO;NÃO;ESTADOS UNIDOS;5005338;CINEMAS BENFICA - SALA 4;19;;15690;15691;FORTALEZA;CE;CINEMAS BENFICA LTDA;07.509.597/0001-43
04/09/2020;04/09/2020 19:45:00;Mostras e Festivais;;G0000000000004;ORIGINAL;SIM;;5005150;CINÉPOLIS MILLENNIUM - SALA 2;2;6000024;17266;30116;MANAUS;AM;CINEPOLIS OPERADORA DE CINEMAS DO BRASIL LTDA;09.652.820/0001-32
04/09/2020;04/09/2020 19:45:00;THE SECRET: DARE TO DREAM;O SEGREDO: OUSE SONHAR;E2000080600000;DUBLADO;NÃO;ESTADOS UNIDOS;5005099;CINÉPOLIS SÃO GONÇALO SHOPPING - SALA 8;4;6000024;17266;30088;SÃO GONÇALO;RJ;CINEPOLIS OPERADORA DE CINEMAS DO BRASIL LTDA;09.652.820/0001-32
04/09/2020;04/09/2020 19:45:00;WONDER WOMAN;MULHER-MARAVILHA;E1700197900000;DUBLADO;NÃO;ESTADOS UNIDOS;5005329;UCI BRASIL - SUMAÚMA PARK SHOPPING MANAUS SALA 06;14;6000058;749;31265;MANAUS;AM;UNITED CINEMAS INTERNATIONAL BRASIL LTDA.;01.289.530/0001-64
04/09/2020;04/09/2020 19:50:00;BLOODSHOT;BLOODSHOT;E1900579400000;DUBLADO;NÃO;ESTADOS UNIDOS;5002253;MOVIECOM PATIO BELÉM 4;9;6000100;2897;13915;BELÉM;PA;MOVIE CINEMAS LTDA;04.708.972/0001-96
04/09/2020;04/09/2020 19:50:00;Eventos Esportivos;;G0000000000001;ORIGINAL;SIM;;5006475;REDECINE SUMARE 04;0;6000014;5654;44547;SUMARÉ;SP;REDECINE-CPQ CINEMATOGRÁFICA LTDA;07.665.262/0001-14
04/09/2020;04/09/2020 19:55:00;Mostras e Festivais;;G0000000000004;DUBLADO;NÃO;;5006357;MULTICINE IANDE SHOPPING 2;0;6000045;5935;43968;CAUCAIA;CE;MULTICINE CINEMAS LTDA;07.609.246/0001-04
04/09/2020;04/09/2020 20:00:00;21 BRIDGES;CRIME SEM SAÍDA;E1900482200000;ORIGINAL;SIM;ESTADOS UNIDOS;5005431;UCI BRASIL - SHOPPING BOSQUE GRÃO PARÁ SALA 06;16;6000058;749;32026;BELÉM;PA;UNITED CINEMAS INTERNATIONAL BRASIL LTDA.;01.289.530/0001-64
04/09/2020;04/09/2020 20:00:00;ALICE JÚNIOR;;B2000154900000;ORIGINAL;NÃO;BRASIL;5006554;CINEPLUS XAXIM DRIVE-IN - PLANETA DRIVE-IN;72;6000023;15673;15674;CURITIBA;PR;VITOMAQ PRODUÇÕES ARTISTICAS E CINEMA LTDA - ME;07.617.254/0001-00
04/09/2020;04/09/2020 20:00:00;BLOODSHOT;BLOODSHOT;E1900579400000;DUBLADO;NÃO;ESTADOS UNIDOS;5005928;CENTERPLEX GRANDE CIRCULAR 05;3;6000006;38234;38235;MANAUS;AM;CINE ELI AMAZONAS CINEMAS LTDA - EM RECUPERAÇÃO JUDICIAL;28.619.116/0001-22
04/09/2020;04/09/2020 20:00:00;EL ROBO DEL SIGLO;O ROUBO DO SÉCULO;E2000030900000;ORIGINAL;NÃO;ARGENTINA;5002102;CINE DRIVEIN;97;;5465;6715;BRASÍLIA;DF;STARK'S CINEMA E LANCHONETE LTDA.;32.917.296/0001-04
04/09/2020;04/09/2020 20:00:00;ESCAPE FROM PRETORIA;FUGA DE PRETÓRIA;E2000249400000;DUBLADO;NÃO;ÁFRICA DO SUL;5006476;REDECINE SUMARE 05;4;6000014;5654;44547;SUMARÉ;SP;REDECINE-CPQ CINEMATOGRÁFICA LTDA;07.665.262/0001-14
04/09/2020;04/09/2020 20:00:00;ESCAPE FROM PRETORIA;FUGA DE PRETÓRIA;E2000249400000;ORIGINAL;SIM;ÁFRICA DO SUL;5003485;SALA PQ.BELEM 04;0;6000024;17266;21616;BELÉM;PA;CINEPOLIS OPERADORA DE CINEMAS DO BRASIL LTDA;09.652.820/0001-32
04/09/2020;04/09/2020 20:00:00;JOKER;CORINGA;E1900357300000;DUBLADO;NÃO;CANADÁ;5005024;CINE GLOBO SANTA ROSA;0;6000010;20979;29163;SANTA ROSA;RS;CINE GLOBO EXIBICOES CINEMATOGRAFICAS LTDA;14.805.201/0001-70
04/09/2020;04/09/2020 20:00:00;Mostras e Festivais;;G0000000000004;ORIGINAL;SIM;;5005092;CINÉPOLIS SÃO GONÇALO SHOPPING - SALA 1;12;6000024;17266;30088;SÃO GONÇALO;RJ;CINEPOLIS OPERADORA DE CINEMAS DO BRASIL LTDA;09.652.820/0001-32
04/09/2020;04/09/2020 20:00:00;QUEEN OF SPADES: THROUGH THE LOOKING GLASS;A MALDIÇÃO DO ESPELHO;E1900574500000;DUBLADO;NÃO;RÚSSIA;5005643;CINE LASER BARRA DO GARÇAS SALA 02;11;6000104;33805;33806;BARRA DO GARÇAS;MT;CINE LASER BARRA DO GARÇAS LTDA- ME;24.864.214/0001-74
04/09/2020;04/09/2020 20:00:00;QUEEN OF SPADES: THROUGH THE LOOKING GLASS;A MALDIÇÃO DO ESPELHO;E1900574500000;DUBLADO;NÃO;RÚSSIA;5006534;CINE LASER SANTAREM 2;2;6000104;44323;45275;SANTARÉM;PA;CINE LASER CINEMAS NORDESTE LTDA;34.860.287/0001-41
04/09/2020;04/09/2020 20:00:00;QUEEN OF SPADES: THROUGH THE LOOKING GLASS;A MALDIÇÃO DO ESPELHO;E1900574500000;DUBLADO;NÃO;RÚSSIA;5004593;CINE LASER SORRISO 2;6;6000104;19465;19467;SORRISO;MT;CINE LASER CINEMAS LTDA;03.569.447/0001-74
04/09/2020;04/09/2020 20:00:00;THE AVENGERS;THE AVENGERS: OS VINGADORES;E1500275200000;DUBLADO;NÃO;ESTADOS UNIDOS;5002565;CINE CATARATAS 2;6;;15565;15566;FOZ DO IGUAÇU;PR;CINE CATARATAS LTDA;09.010.219/0001-46
04/09/2020;04/09/2020 20:00:00;THE EXORCIST;O EXORCISTA;E1500099900000;ORIGINAL;SIM;ESTADOS UNIDOS;5005331;UCI BRASIL - SUMAÚMA PARK SHOPPING MANAUS SALA 08;9;6000058;749;31265;MANAUS;AM;UNITED CINEMAS INTERNATIONAL BRASIL LTDA.;01.289.530/0001-64
04/09/2020;04/09/2020 20:00:00;THE LION KING;O REI LEÃO;E1900267700000;DUBLADO;NÃO;ESTADOS UNIDOS;5002721;SALA CINE PLAYARTE MANAUARA 01;0;6000049;260;16356;MANAUS;AM;PLAYARTE CINEMAS LTDA.;60.434.149/0001-00
04/09/2020;04/09/2020 20:00:00;THE TURNING;OS ÓRFÃOS;E1900570900000;DUBLADO;NÃO;ESTADOS UNIDOS;5006539;CULT ALEGRETE 01;2;;45324;45325;ALEGRETE;RS;CULT CINEMAS ALEGRETE LTDA;34.712.675/0001-85
04/09/2020;04/09/2020 20:00:00;TWILIGHT;CREPÚSCULO;E1600635500000;ORIGINAL;SIM;ESTADOS UNIDOS;5002603;CINEMAS BENFICA - SALA 1;7;;15690;15691;FORTALEZA;CE;CINEMAS BENFICA LTDA;07.509.597/0001-43
04/09/2020;04/09/2020 20:00:00;WONDER WOMAN;MULHER-MARAVILHA;E1700197900000;DUBLADO;NÃO;ESTADOS UNIDOS;5005984;CINESYSTEM ANANINDEUA SALA 10;14;6000027;22546;38898;ANANINDEUA;PA;REDECINE BRA CINEMATOGRÁFICA S.A.;15.422.993/0001-67
04/09/2020;04/09/2020 20:00:00;WONDER WOMAN;MULHER-MARAVILHA;E1700197900000;DUBLADO;NÃO;ESTADOS UNIDOS;5001497;MOVIECOM CASTANHEIRA 2;13;6000100;2897;2896;BELÉM;PA;MOVIE CINEMAS LTDA;04.708.972/0001-96
04/09/2020;04/09/2020 20:10:00;THE SECRET: DARE TO DREAM;O SEGREDO: OUSE SONHAR;E2000080600000;DUBLADO;NÃO;ESTADOS UNIDOS;5006473;REDECINE SUMARE 02;2;6000014;5654;44547;SUMARÉ;SP;REDECINE-CPQ CINEMATOGRÁFICA LTDA;07.665.262/0001-14
04/09/2020;04/09/2020 20:15:00;EL ROBO DEL SIGLO;O ROUBO DO SÉCULO;E2000030900000;ORIGINAL;SIM;ARGENTINA;5004373;SALA CINEPOLIS PONTA NEGRA 10 TRADICIONAL;2;6000024;17266;25193;MANAUS;AM;CINEPOLIS OPERADORA DE CINEMAS DO BRASIL LTDA;09.652.820/0001-32
04/09/2020;04/09/2020 20:15:00;JOHN WICK 3: PARABELLUM;JOHN WICK 3: PARABELLUM;E1900126300000;DUBLADO;NÃO;ESTADOS UNIDOS;5005306;CINEFLIX VÁRZEA GRANDE SHOPPING - SALA 3;9;6000014;24534;31101;VÁRZEA GRANDE;MT;REDECINE BSB CINEMATOGRÁFICA LTDA;18.087.870/0001-05
04/09/2020;04/09/2020 20:15:00;SOLTEIRA QUASE SURTANDO;;B2000040200000;ORIGINAL;NÃO;BRASIL;5005980;CINESYSTEM ANANINDEUA SALA 06;5;6000027;22546;38898;ANANINDEUA;PA;REDECINE BRA CINEMATOGRÁFICA S.A.;15.422.993/0001-67
04/09/2020;04/09/2020 20:20:00;BLOODSHOT;BLOODSHOT;E1900579400000;DUBLADO;NÃO;ESTADOS UNIDOS;5000160;NORTH SHOPPING 1;14;6000037;1991;2414;FORTALEZA;CE;EMPRESA CINEMAS SÃO LUIZ S/A;33.497.660/0001-89
04/09/2020;04/09/2020 20:20:00;EL ROBO DEL SIGLO;O ROUBO DO SÉCULO;E2000030900000;ORIGINAL;SIM;ARGENTINA;5005305;CINEFLIX VÁRZEA GRANDE SHOPPING - SALA 2;2;6000014;24534;31101;VÁRZEA GRANDE;MT;REDECINE BSB CINEMATOGRÁFICA LTDA;18.087.870/0001-05
04/09/2020;04/09/2020 20:20:00;ESCAPE FROM PRETORIA;FUGA DE PRETÓRIA;E2000249400000;ORIGINAL;SIM;ÁFRICA DO SUL;5005430;UCI BRASIL - SHOPPING BOSQUE GRÃO PARÁ SALA 05;12;6000058;749;32026;BELÉM;PA;UNITED CINEMAS INTERNATIONAL BRASIL LTDA.;01.289.530/0001-64
04/09/2020;04/09/2020 20:20:00;HARRY POTTER AND THE SORCERER'S STONE;HARRY POTTER AND THE SORCERER'S STONE;E1900440700000;ORIGINAL;SIM;ESTADOS UNIDOS;5002254;MOVIECOM PATIO BELÉM 5;5;6000100;2897;13915;BELÉM;PA;MOVIE CINEMAS LTDA;04.708.972/0001-96
04/09/2020;04/09/2020 20:20:00;THE SECRET: DARE TO DREAM;O SEGREDO: OUSE SONHAR;E2000080600000;ORIGINAL;SIM;ESTADOS UNIDOS;5002719;SALA CINE PLAYARTE MANAUARA 05;9;6000049;260;16356;MANAUS;AM;PLAYARTE CINEMAS LTDA.;60.434.149/0001-00
04/09/2020;04/09/2020 20:20:00;TRÊS VERÕES;;B1900410500000;ORIGINAL;NÃO;FRANÇA;5006571;CINESYSTEM AMÉRICAS DRIVE-IN;2;6000027;5348;28834;RIO DE JANEIRO;RJ;REDECINE - RIO CINEMATOGRAFICA S.A.;07.524.011/0001-10
04/09/2020;04/09/2020 20:30:00;ALICE JÚNIOR;;B2000154900000;ORIGINAL;NÃO;BRASIL;5006610;CINESYSTEM DRIVE-IN AEROPORTO VITÓRIA;14;6000027;22546;46257;VITÓRIA;ES;REDECINE BRA CINEMATOGRÁFICA S.A.;15.422.993/0001-67
04/09/2020;04/09/2020 20:30:00;EL ROBO DEL SIGLO;O ROUBO DO SÉCULO;E2000030900000;ORIGINAL;SIM;ARGENTINA;5005152;CINÉPOLIS MILLENNIUM - SALA 4;6;6000024;17266;30116;MANAUS;AM;CINEPOLIS OPERADORA DE CINEMAS DO BRASIL LTDA;09.652.820/0001-32
04/09/2020;04/09/2020 20:30:00;ESCAPE FROM PRETORIA;FUGA DE PRETÓRIA;E2000249400000;ORIGINAL;SIM;ÁFRICA DO SUL;5005095;CINÉPOLIS SÃO GONÇALO SHOPPING - SALA 4;2;6000024;17266;30088;SÃO GONÇALO;RJ;CINEPOLIS OPERADORA DE CINEMAS DO BRASIL LTDA;09.652.820/0001-32
04/09/2020;04/09/2020 20:30:00;Eventos Esportivos;;G0000000000001;DUBLADO;NÃO;;5006474;REDECINE SUMARE 03;0;6000014;5654;44547;SUMARÉ;SP;REDECINE-CPQ CINEMATOGRÁFICA LTDA;07.665.262/0001-14
04/09/2020;04/09/2020 20:30:00;Mostras e Festivais;;G0000000000004;DUBLADO;NÃO;;5006073;CINE A ALTAMIRA SALA 03;3;6000008;28464;33426;ALTAMIRA;PA;CINE A MARABA LTDA;21.160.773/0001-05
04/09/2020;04/09/2020 20:30:00;Mostras e Festivais;;G0000000000004;ORIGINAL;SIM;;5004880;CIRCUITO CINEMAS PBAS- SALA 02;0;6000028;15568;27873;PARAUAPEBAS;PA;CIRCUITO ENTRETENIMENTO E CINEMAS LTDA;08.068.712/0001-54
04/09/2020;04/09/2020 20:30:00;Mostras e Festivais;;G0000000000004;ORIGINAL;SIM;;5003488;SALA PQ.BELEM 07;1;6000024;17266;21616;BELÉM;PA;CINEPOLIS OPERADORA DE CINEMAS DO BRASIL LTDA;09.652.820/0001-32
04/09/2020;04/09/2020 20:30:00;QUEEN OF SPADES: THROUGH THE LOOKING GLASS;A MALDIÇÃO DO ESPELHO;E1900574500000;DUBLADO;NÃO;RÚSSIA;5005307;CINEFLIX VÁRZEA GRANDE SHOPPING - SALA 4;12;6000014;24534;31101;VÁRZEA GRANDE;MT;REDECINE BSB CINEMATOGRÁFICA LTDA;18.087.870/0001-05
04/09/2020;04/09/2020 20:30:00;QUEEN OF SPADES: THROUGH THE LOOKING GLASS;A MALDIÇÃO DO ESPELHO;E1900574500000;DUBLADO;NÃO;RÚSSIA;5005931;MOBI CINE AÇAILÂNDIA SALA 03;0;6000040;38236;38237;AÇAILÂNDIA;MA;C A V LEMOS E CIA LTDA - ME;14.717.191/0001-11
04/09/2020;04/09/2020 20:30:00;QUEEN OF SPADES: THROUGH THE LOOKING GLASS;A MALDIÇÃO DO ESPELHO;E1900574500000;DUBLADO;NÃO;RÚSSIA;5005326;UCI BRASIL - SUMAÚMA PARK SHOPPING MANAUS SALA 03;32;6000058;749;31265;MANAUS;AM;UNITED CINEMAS INTERNATIONAL BRASIL LTDA.;01.289.530/0001-64
04/09/2020;04/09/2020 20:30:00;THE SECRET: DARE TO DREAM;O SEGREDO: OUSE SONHAR;E2000080600000;DUBLADO;NÃO;ESTADOS UNIDOS;5000081;KINOPLEX AMAZONAS SALA 03;8;6000037;1991;2393;MANAUS;AM;EMPRESA CINEMAS SÃO LUIZ S/A;33.497.660/0001-89
04/09/2020;04/09/2020 20:30:00;THE SECRET: DARE TO DREAM;O SEGREDO: OUSE SONHAR;E2000080600000;DUBLADO;NÃO;ESTADOS UNIDOS;5000161;NORTH SHOPPING 2;7;6000037;1991;2414;FORTALEZA;CE;EMPRESA CINEMAS SÃO LUIZ S/A;33.497.660/0001-89
04/09/2020;04/09/2020 20:30:00;THE SECRET: DARE TO DREAM;O SEGREDO: OUSE SONHAR;E2000080600000;ORIGINAL;SIM;ESTADOS UNIDOS;5002937;SALA 06;8;6000024;17266;17763;BELÉM;PA;CINEPOLIS OPERADORA DE CINEMAS DO BRASIL LTDA;09.652.820/0001-32
04/09/2020;04/09/2020 20:30:01;BOHEMIAN RHAPSODY;BOHEMIAN RHAPSODY;E1800251900000;DUBLADO;NÃO;ESTADOS UNIDOS;5006601;CINE DRIVE-IN ESPAÇO CINEMAX;1;;5944;6680;ITABIRA;MG;ESPAÇO CULTURAL CINE ATLETICO LTDA;06.981.108/0001-99
04/09/2020;04/09/2020 20:30:01;Mostras e Festivais;;G0000000000004;DUBLADO;NÃO;;5006364;ALFENAS SALA 1;1;6000008;15833;44017;ALFENAS;MG;CINE A LTDA;10.894.937/0001-01
04/09/2020;04/09/2020 20:30:01;QUEEN OF SPADES: THROUGH THE LOOKING GLASS;A MALDIÇÃO DO ESPELHO;E1900574500000;DUBLADO;NÃO;RÚSSIA;5005924;CENTERPLEX GRANDE CIRCULAR 01;2;6000006;38234;38235;MANAUS;AM;CINE ELI AMAZONAS CINEMAS LTDA - EM RECUPERAÇÃO JUDICIAL;28.619.116/0001-22
04/09/2020;04/09/2020 20:40:00;ESCAPE FROM PRETORIA;FUGA DE PRETÓRIA;E2000249400000;DUBLADO;NÃO;ÁFRICA DO SUL;5000162;NORTH SHOPPING 3;6;6000037;1991;2414;FORTALEZA;CE;EMPRESA CINEMAS SÃO LUIZ S/A;33.497.660/0001-89
04/09/2020;04/09/2020 20:40:00;ESCAPE FROM PRETORIA;FUGA DE PRETÓRIA;E2000249400000;ORIGINAL;SIM;ÁFRICA DO SUL;5002723;SALA CINE PLAYARTE MANAUARA 03;7;6000049;260;16356;MANAUS;AM;PLAYARTE CINEMAS LTDA.;60.434.149/0001-00
04/09/2020;04/09/2020 20:45:00;ESCAPE FROM PRETORIA;FUGA DE PRETÓRIA;E2000249400000;ORIGINAL;SIM;ÁFRICA DO SUL;5005149;CINÉPOLIS MILLENNIUM - SALA 1;0;6000024;17266;30116;MANAUS;AM;CINEPOLIS OPERADORA DE CINEMAS DO BRASIL LTDA;09.652.820/0001-32
04/09/2020;04/09/2020 20:45:00;QUEEN OF SPADES: THROUGH THE LOOKING GLASS;A MALDIÇÃO DO ESPELHO;E1900574500000;DUBLADO;NÃO;RÚSSIA;5005308;CINEFLIX VÁRZEA GRANDE SHOPPING - SALA 5;3;6000014;24534;31101;VÁRZEA GRANDE;MT;REDECINE BSB CINEMATOGRÁFICA LTDA;18.087.870/0001-05
04/09/2020;04/09/2020 20:45:00;QUEEN OF SPADES: THROUGH THE LOOKING GLASS;A MALDIÇÃO DO ESPELHO;E1900574500000;DUBLADO;NÃO;RÚSSIA;5005098;CINÉPOLIS SÃO GONÇALO SHOPPING - SALA 7;12;6000024;17266;30088;SÃO GONÇALO;RJ;CINEPOLIS OPERADORA DE CINEMAS DO BRASIL LTDA;09.652.820/0001-32
04/09/2020;04/09/2020 20:45:00;SPLIT;FRAGMENTADO;E1600764000000;ORIGINAL;SIM;ESTADOS UNIDOS;5006619;DRIVE - GYN SERRA DOURADA 03;5;6000039;45898;46312;GOIÂNIA;GO;DRIVE-GYN ENTRETENIMENTO LTDA;37.109.882/0001-38
04/09/2020;04/09/2020 20:45:00;THE SECRET: DARE TO DREAM;O SEGREDO: OUSE SONHAR;E2000080600000;DUBLADO;NÃO;ESTADOS UNIDOS;5005159;CINÉPOLIS MANAUS PLAZA - SALA 3;6;6000024;17266;30118;MANAUS;AM;CINEPOLIS OPERADORA DE CINEMAS DO BRASIL LTDA;09.652.820/0001-32
04/09/2020;04/09/2020 20:45:00;THE SECRET: DARE TO DREAM;O SEGREDO: OUSE SONHAR;E2000080600000;ORIGINAL;SIM;ESTADOS UNIDOS;5004372;SALA CINEPOLIS PONTA NEGRA 09 TRADICIONAL;2;6000024;17266;25193;MANAUS;AM;CINEPOLIS OPERADORA DE CINEMAS DO BRASIL LTDA;09.652.820/0001-32
04/09/2020;04/09/2020 20:45:01;BACK TO THE FUTURE;DE VOLTA PARA O FUTURO;E1402513800000;DUBLADO;NÃO;ESTADOS UNIDOS;5006381;ALFENAS SALA 3;1;6000008;15833;44017;ALFENAS;MG;CINE A LTDA;10.894.937/0001-01
04/09/2020;04/09/2020 20:45:01;BACK TO THE FUTURE;DE VOLTA PARA O FUTURO;E1402513800000;DUBLADO;NÃO;ESTADOS UNIDOS;5005617;CINE A ALTAMIRA SALA 01;2;6000008;28464;33426;ALTAMIRA;PA;CINE A MARABA LTDA;21.160.773/0001-05
04/09/2020;04/09/2020 20:50:00;BACK TO THE FUTURE;DE VOLTA PARA O FUTURO;E1402513800000;DUBLADO;NÃO;ESTADOS UNIDOS;5000079;KINOPLEX AMAZONAS SALA 01;6;6000037;1991;2393;MANAUS;AM;EMPRESA CINEMAS SÃO LUIZ S/A;33.497.660/0001-89
04/09/2020;04/09/2020 20:50:00;EL ROBO DEL SIGLO;O ROUBO DO SÉCULO;E2000030900000;ORIGINAL;SIM;ARGENTINA;5000163;NORTH SHOPPING 4;8;6000037;1991;2414;FORTALEZA;CE;EMPRESA CINEMAS SÃO LUIZ S/A;33.497.660/0001-89
04/09/2020;04/09/2020 20:50:00;HARRY POTTER AND THE PHILOSOPHER'S STONE;HARRY POTTER E A PEDRA FILOSOFAL;E1500138600000;ORIGINAL;SIM;ESTADOS UNIDOS;5002427;CINE WEST SALA 02;12;;14882;14883;CASCAVEL;PR;WEST SIDE SHOPPING CENTER LTDA;68.761.170/0001-22
04/09/2020;04/09/2020 20:50:00;TRÊS VERÕES;;B1900410500000;ORIGINAL;NÃO;FRANÇA;5006580;CINESYSTEM MORUMBI TOWN DRIVE-IN;26;6000027;22546;34941;SÃO PAULO;SP;REDECINE BRA CINEMATOGRÁFICA S.A.;15.422.993/0001-67
04/09/2020;04/09/2020 20:50:00;TURMA DA MÔNICA - LAÇOS;;B1900235500000;ORIGINAL;NÃO;BRASIL;5005304;CINEFLIX VÁRZEA GRANDE SHOPPING - SALA 1;0;6000014;24534;31101;VÁRZEA GRANDE;MT;REDECINE BSB CINEMATOGRÁFICA LTDA;18.087.870/0001-05
04/09/2020;04/09/2020 20:55:00;ESCAPE FROM PRETORIA;FUGA DE PRETÓRIA;E2000249400000;DUBLADO;NÃO;ÁFRICA DO SUL;5005981;CINESYSTEM ANANINDEUA SALA 07;6;6000027;22546;38898;ANANINDEUA;PA;REDECINE BRA CINEMATOGRÁFICA S.A.;15.422.993/0001-67
04/09/2020;04/09/2020 20:55:00;THE EXORCIST;O EXORCISTA;E1500099900000;ORIGINAL;SIM;ESTADOS UNIDOS;5006356;MULTICINE IANDE SHOPPING 1;2;6000045;5935;43968;CAUCAIA;CE;MULTICINE CINEMAS LTDA;07.609.246/0001-04
04/09/2020;04/09/2020 21:00:00;A STAR IS BORN;NASCE UMA ESTRELA;E1800303500000;DUBLADO;NÃO;ESTADOS UNIDOS;5006603;MOVIE ARTE BENTO GONÇALVES DRIVE-IN;19;6000041;14251;32792;BENTO GONÇALVES;RS;MOVIE ARTE CINEMAS LTDA;10.202.181/0001-92
04/09/2020;04/09/2020 21:00:00;EL ROBO DEL SIGLO;O ROUBO DO SÉCULO;E2000030900000;DUBLADO;NÃO;ARGENTINA;5006620;CINEMAIS MONTES CLAROS DRIVE IN;5;6000017;2892;23844;MONTES CLAROS;MG;CINEMAIS CINEMAS LTDA;03.868.869/0001-40
04/09/2020;04/09/2020 21:00:00;ESCAPE FROM PRETORIA;FUGA DE PRETÓRIA;E2000249400000;ORIGINAL;SIM;ÁFRICA DO SUL;5004366;SALA CINEPOLIS PONTA NEGRA 03 VIP;4;6000024;17266;25193;MANAUS;AM;CINEPOLIS OPERADORA DE CINEMAS DO BRASIL LTDA;09.652.820/0001-32
04/09/2020;04/09/2020 21:00:00;JUST MERCY;LUTA POR JUSTIÇA;E1900587300000;DUBLADO;NÃO;ESTADOS UNIDOS;5006625;CINE GOLDEN - DRIVE IN;2;6000141;45886;46420;JEQUIÉ;BA;GF ANDRADE ENTRETENIMENTO E COMÉRCIO LTDA;23.200.362/0001-21
04/09/2020;04/09/2020 21:00:00;MINHA MÃE É UMA PEÇA 3;;B1900576900000;ORIGINAL;NÃO;BRASIL;5006579;CINESYSTEM BRÁS DRIVE-IN;6;6000027;22546;34941;SÃO PAULO;SP;REDECINE BRA CINEMATOGRÁFICA S.A.;15.422.993/0001-67
04/09/2020;04/09/2020 21:00:00;QUEEN OF SPADES: THROUGH THE LOOKING GLASS;A MALDIÇÃO DO ESPELHO;E1900574500000;DUBLADO;NÃO;RÚSSIA;5005965;CINE SUL SALA 01;17;6000121;38751;38752;MEDIANEIRA;PR;L N DA ROCHA & CIA LTDA - ME;29.099.414/0001-00
04/09/2020;04/09/2020 21:00:00;QUEEN OF SPADES: THROUGH THE LOOKING GLASS;A MALDIÇÃO DO ESPELHO;E1900574500000;DUBLADO;NÃO;RÚSSIA;5005157;CINÉPOLIS MANAUS PLAZA - SALA 1;1;6000024;17266;30118;MANAUS;AM;CINEPOLIS OPERADORA DE CINEMAS DO BRASIL LTDA;09.652.820/0001-32
04/09/2020;04/09/2020 21:00:00;QUEEN OF SPADES: THROUGH THE LOOKING GLASS;A MALDIÇÃO DO ESPELHO;E1900574500000;DUBLADO;NÃO;RÚSSIA;5000080;KINOPLEX AMAZONAS SALA 02;29;6000037;1991;2393;MANAUS;AM;EMPRESA CINEMAS SÃO LUIZ S/A;33.497.660/0001-89
04/09/2020;04/09/2020 21:00:00;QUEEN OF SPADES: THROUGH THE LOOKING GLASS;A MALDIÇÃO DO ESPELHO;E1900574500000;DUBLADO;NÃO;RÚSSIA;5002256;MOVIECOM PATIO BELÉM 3;4;6000100;2897;13915;BELÉM;PA;MOVIE CINEMAS LTDA;04.708.972/0001-96
04/09/2020;04/09/2020 21:00:00;QUEEN OF SPADES: THROUGH THE LOOKING GLASS;A MALDIÇÃO DO ESPELHO;E1900574500000;DUBLADO;NÃO;RÚSSIA;5002938;SALA 04;10;6000024;17266;17763;BELÉM;PA;CINEPOLIS OPERADORA DE CINEMAS DO BRASIL LTDA;09.652.820/0001-32
04/09/2020;04/09/2020 21:00:00;QUEEN OF SPADES: THROUGH THE LOOKING GLASS;A MALDIÇÃO DO ESPELHO;E1900574500000;DUBLADO;NÃO;RÚSSIA;5002726;SALA CINE PLAYARTE MANAUARA 06;12;6000049;260;16356;MANAUS;AM;PLAYARTE CINEMAS LTDA.;60.434.149/0001-00
04/09/2020;04/09/2020 21:00:00;THE SECRET: DARE TO DREAM;O SEGREDO: OUSE SONHAR;E2000080600000;DUBLADO;NÃO;ESTADOS UNIDOS;5005309;CINEFLIX VÁRZEA GRANDE SHOPPING - SALA 6;8;6000014;24534;31101;VÁRZEA GRANDE;MT;REDECINE BSB CINEMATOGRÁFICA LTDA;18.087.870/0001-05
04/09/2020;04/09/2020 21:00:00;THE SECRET: DARE TO DREAM;O SEGREDO: OUSE SONHAR;E2000080600000;DUBLADO;NÃO;ESTADOS UNIDOS;5003487;SALA PQ.BELEM 06;0;6000024;17266;21616;BELÉM;PA;CINEPOLIS OPERADORA DE CINEMAS DO BRASIL LTDA;09.652.820/0001-32
04/09/2020;04/09/2020 21:00:00;TRÊS VERÕES;;B1900410500000;ORIGINAL;NÃO;FRANÇA;5006572;CINE 14 BIS DRIVE-IN;3;;5822;6623;GUAXUPÉ;MG;GUAXUPE PROMOCOES E EVENTOS LTDA;03.929.354/0001-03
04/09/2020;04/09/2020 21:00:00;WONDER WOMAN;MULHER-MARAVILHA;E1700197900000;DUBLADO;NÃO;ESTADOS UNIDOS;5004882;CIRCUITO CINEMAS PBAS- SALA 04;3;6000028;15568;27873;PARAUAPEBAS;PA;CIRCUITO ENTRETENIMENTO E CINEMAS LTDA;08.068.712/0001-54
04/09/2020;04/09/2020 21:00:01;PORNO PARA PRINCIPIANTES;;B1900435600000;ORIGINAL;SIM;ARGENTINA;5006617;DRIVE - GYN SERRA DOURADA 01;2;6000039;45898;46312;GOIÂNIA;GO;DRIVE-GYN ENTRETENIMENTO LTDA;37.109.882/0001-38
04/09/2020;04/09/2020 21:10:00;ESCAPE FROM PRETORIA;FUGA DE PRETÓRIA;E2000249400000;DUBLADO;NÃO;ÁFRICA DO SUL;5004822;KINOPLEX AMAZONAS SALA 04;18;6000037;1991;2393;MANAUS;AM;EMPRESA CINEMAS SÃO LUIZ S/A;33.497.660/0001-89
04/09/2020;04/09/2020 21:10:00;JOKER;CORINGA;E1900357300000;DUBLADO;NÃO;CANADÁ;5006494;CINE INTER SANTA INES 02;10;6000140;44834;44835;SANTA INÊS;MA;CINEINTER EXIBICOES CINEMATOGRAFICAS LTDA;35.477.354/0001-06
04/09/2020;04/09/2020 21:10:00;QUEEN OF SPADES: THROUGH THE LOOKING GLASS;A MALDIÇÃO DO ESPELHO;E1900574500000;DUBLADO;NÃO;RÚSSIA;5005977;CINESYSTEM ANANINDEUA SALA 03;14;6000027;22546;38898;ANANINDEUA;PA;REDECINE BRA CINEMATOGRÁFICA S.A.;15.422.993/0001-67
04/09/2020;04/09/2020 21:10:00;QUEEN OF SPADES: THROUGH THE LOOKING GLASS;A MALDIÇÃO DO ESPELHO;E1900574500000;DUBLADO;NÃO;RÚSSIA;5000164;NORTH SHOPPING 5;11;6000037;1991;2414;FORTALEZA;CE;EMPRESA CINEMAS SÃO LUIZ S/A;33.497.660/0001-89
04/09/2020;04/09/2020 21:10:00;THE SECRET: DARE TO DREAM;O SEGREDO: OUSE SONHAR;E2000080600000;DUBLADO;NÃO;ESTADOS UNIDOS;5005929;MOBI CINE AÇAILÂNDIA SALA 01;0;6000040;38236;38237;AÇAILÂNDIA;MA;C A V LEMOS E CIA LTDA - ME;14.717.191/0001-11
04/09/2020;04/09/2020 21:10:00;THE SECRET: DARE TO DREAM;O SEGREDO: OUSE SONHAR;E2000080600000;DUBLADO;NÃO;ESTADOS UNIDOS;5002257;MOVIECOM PATIO BELÉM 2;2;6000100;2897;13915;BELÉM;PA;MOVIE CINEMAS LTDA;04.708.972/0001-96
04/09/2020;04/09/2020 21:10:01;EL ROBO DEL SIGLO;O ROUBO DO SÉCULO;E2000030900000;ORIGINAL;SIM;ARGENTINA;5006574;DRIVE IN CINEART ALPHAVILLE;22;6000013;437;45925;NOVA LIMA;MG;DELTA FILMES LTDA;01.735.159/0001-17
04/09/2020;04/09/2020 21:15:00;EL ROBO DEL SIGLO;O ROUBO DO SÉCULO;E2000030900000;ORIGINAL;SIM;ARGENTINA;5006365;ALFENAS SALA 2;2;6000008;15833;44017;ALFENAS;MG;CINE A LTDA;10.894.937/0001-01
04/09/2020;04/09/2020 21:15:00;EL ROBO DEL SIGLO;O ROUBO DO SÉCULO;E2000030900000;ORIGINAL;SIM;ARGENTINA;5006072;CINE A ALTAMIRA SALA 02;1;6000008;28464;33426;ALTAMIRA;PA;CINE A MARABA LTDA;21.160.773/0001-05
04/09/2020;04/09/2020 21:15:00;EL ROBO DEL SIGLO;O ROUBO DO SÉCULO;E2000030900000;ORIGINAL;SIM;ARGENTINA;5006618;DRIVE - GYN SERRA DOURADA 02;10;6000039;45898;46312;GOIÂNIA;GO;DRIVE-GYN ENTRETENIMENTO LTDA;37.109.882/0001-38
04/09/2020;04/09/2020 21:15:00;THE SECRET: DARE TO DREAM;O SEGREDO: OUSE SONHAR;E2000080600000;ORIGINAL;SIM;ESTADOS UNIDOS;5005151;CINÉPOLIS MILLENNIUM - SALA 3;7;6000024;17266;30116;MANAUS;AM;CINEPOLIS OPERADORA DE CINEMAS DO BRASIL LTDA;09.652.820/0001-32
04/09/2020;04/09/2020 21:20:00;Mostras e Festivais;;G0000000000004;DUBLADO;NÃO;;5001503;MOVIECOM CASTANHEIRA 6;8;6000100;2897;2896;BELÉM;PA;MOVIE CINEMAS LTDA;04.708.972/0001-96
04/09/2020;04/09/2020 21:20:00;THE SECRET: DARE TO DREAM;O SEGREDO: OUSE SONHAR;E2000080600000;DUBLADO;NÃO;ESTADOS UNIDOS;5006358;MULTICINE IANDE SHOPPING 3;0;6000045;5935;43968;CAUCAIA;CE;MULTICINE CINEMAS LTDA;07.609.246/0001-04
04/09/2020;04/09/2020 21:25:00;BLOODSHOT;BLOODSHOT;E1900579400000;DUBLADO;NÃO;ESTADOS UNIDOS;5005930;MOBI CINE AÇAILÂNDIA SALA 02;0;6000040;38236;38237;AÇAILÂNDIA;MA;C A V LEMOS E CIA LTDA - ME;14.717.191/0001-11
04/09/2020;04/09/2020 21:25:00;JUSTICE LEAGUE;LIGA DA JUSTIÇA;E1700482600000;DUBLADO;NÃO;ESTADOS UNIDOS;5006586;MULTICINE DRIVE IN - CIDADE JARDIM;6;6000045;5935;30736;GOIÂNIA;GO;MULTICINE CINEMAS LTDA;07.609.246/0001-04
04/09/2020;04/09/2020 21:30:00;1917;1917;E1900439000000;DUBLADO;NÃO;ESTADOS UNIDOS;5006560;CINE A ITAJUBÁ DRIVE-IN;1;6000008;15833;41725;ITAJUBÁ;MG;CINE A LTDA;10.894.937/0001-01
04/09/2020;04/09/2020 21:30:00;GRETEL & HANSEL (2020);MARIA E JOÃO - O CONTO DAS BRUXAS;E1900467000000;DUBLADO;NÃO;ESTADOS UNIDOS;5006623;CINEPLUS AUTOCINE SHOW DRIVE-IN;4;6000023;12893;46385;COLOMBO;PR;ESTILO PRODUÇÕES ARTISTICAS LTDA;03.293.165/0001-97
04/09/2020;04/09/2020 21:30:00;HARRY POTTER AND THE SORCERER'S STONE;HARRY POTTER AND THE SORCERER'S STONE;E1900440700000;ORIGINAL;SIM;ESTADOS UNIDOS;5005975;CINESYSTEM ANANINDEUA SALA 01;8;6000027;22546;38898;ANANINDEUA;PA;REDECINE BRA CINEMATOGRÁFICA S.A.;15.422.993/0001-67
04/09/2020;04/09/2020 21:30:00;JOKER;CORINGA;E1900357300000;DUBLADO;NÃO;CANADÁ;5006606;CINE CAVALIERE ORLANDI DRIVE IN;0;;15009;15010;SOCORRO;SP;ORLANDI MARCHESE LTDA - ME;03.091.068/0001-11
04/09/2020;04/09/2020 21:30:00;MARY;A POSSESSÃO DE MARY;E1900534600000;DUBLADO;NÃO;ESTADOS UNIDOS;5006493;CINE INTER SANTA INES 01;13;6000140;44834;44835;SANTA INÊS;MA;CINEINTER EXIBICOES CINEMATOGRAFICAS LTDA;35.477.354/0001-06
04/09/2020;04/09/2020 21:30:00;QUEEN OF SPADES: THROUGH THE LOOKING GLASS;A MALDIÇÃO DO ESPELHO;E1900574500000;DUBLADO;NÃO;RÚSSIA;5001498;MOVIECOM CASTANHEIRA 3;4;6000100;2897;2896;BELÉM;PA;MOVIE CINEMAS LTDA;04.708.972/0001-96
04/09/2020;04/09/2020 21:30:00;QUEEN OF SPADES: THROUGH THE LOOKING GLASS;A MALDIÇÃO DO ESPELHO;E1900574500000;DUBLADO;NÃO;RÚSSIA;5003483;SALA PQ.BELEM 02;2;6000024;17266;21616;BELÉM;PA;CINEPOLIS OPERADORA DE CINEMAS DO BRASIL LTDA;09.652.820/0001-32
04/09/2020;04/09/2020 21:30:00;THE NUN;A FREIRA;E1800306100000;DUBLADO;NÃO;ESTADOS UNIDOS;5006595;CENTERPLEX ESTAÇÃO ATIBAIA DRIVE-IN;9;6000006;2836;2843;ATIBAIA;SP;EMPRESA SAO LUIZ DE CINEMAS LTDA - EM RECUPERACAO JUDICIAL;52.067.071/0001-05
04/09/2020;04/09/2020 21:30:00;THE SECRET: DARE TO DREAM;O SEGREDO: OUSE SONHAR;E2000080600000;DUBLADO;NÃO;ESTADOS UNIDOS;5004879;CIRCUITO CINEMAS PBAS- SALA 01;5;6000028;15568;27873;PARAUAPEBAS;PA;CIRCUITO ENTRETENIMENTO E CINEMAS LTDA;08.068.712/0001-54
04/09/2020;04/09/2020 21:35:00;JEXI;JEXI, UM CELULAR SEM FILTRO;E1900567700000;DUBLADO;NÃO;ESTADOS UNIDOS;5006605;MULTICINE MOSSORÓ DRIVE IN;0;6000045;5935;17881;MOSSORÓ;RN;MULTICINE CINEMAS LTDA;07.609.246/0001-04
04/09/2020;04/09/2020 21:40:00;21 BRIDGES;CRIME SEM SAÍDA;E1900482200000;DUBLADO;NÃO;ESTADOS UNIDOS;5005979;CINESYSTEM ANANINDEUA SALA 05;0;6000027;22546;38898;ANANINDEUA;PA;REDECINE BRA CINEMATOGRÁFICA S.A.;15.422.993/0001-67
04/09/2020;04/09/2020 21:40:00;BLACK PANTHER;PANTERA NEGRA;E1700512400000;DUBLADO;NÃO;ESTADOS UNIDOS;5002564;CINE CATARATAS 1;12;;15565;15566;FOZ DO IGUAÇU;PR;CINE CATARATAS LTDA;09.010.219/0001-46
04/09/2020;04/09/2020 21:45:00;EL ROBO DEL SIGLO;O ROUBO DO SÉCULO;E2000030900000;ORIGINAL;SIM;ARGENTINA;5002255;MOVIECOM PATIO BELÉM 1;0;6000100;2897;13915;BELÉM;PA;MOVIE CINEMAS LTDA;04.708.972/0001-96
04/09/2020;04/09/2020 21:50:00;BLACK PANTHER;PANTERA NEGRA;E1700512400000;DUBLADO;NÃO;ESTADOS UNIDOS;5006567;CINESHOW TUBARÃO DRIVE-IN;6;6000025;33770;33771;TUBARÃO;SC;TUBARÃO FILMES LTDA;24.971.903/0001-88
04/09/2020;04/09/2020 21:50:00;THE SECRET: DARE TO DREAM;O SEGREDO: OUSE SONHAR;E2000080600000;DUBLADO;NÃO;ESTADOS UNIDOS;5001505;MOVIECOM CASTANHEIRA 7;0;6000100;2897;2896;BELÉM;PA;MOVIE CINEMAS LTDA;04.708.972/0001-96
04/09/2020;04/09/2020 21:55:00;EL ROBO DEL SIGLO;O ROUBO DO SÉCULO;E2000030900000;ORIGINAL;SIM;ARGENTINA;5005978;CINESYSTEM ANANINDEUA SALA 04;2;6000027;22546;38898;ANANINDEUA;PA;REDECINE BRA CINEMATOGRÁFICA S.A.;15.422.993/0001-67
04/09/2020;04/09/2020 22:00:00;MACABRO;;B1900618000000;ORIGINAL;NÃO;BRASIL;5002102;CINE DRIVEIN;97;;5465;6715;BRASÍLIA;DF;STARK'S CINEMA E LANCHONETE LTDA.;32.917.296/0001-04
04/09/2020;04/09/2020 22:15:00;ANNABELLE COMES HOME;ANNABELLE 3: DE VOLTA PARA CASA;E1900234800000;ORIGINAL;SIM;ESTADOS UNIDOS;5006621;CINEPLUS PLANETA DRIVE IN PINHAIS;0;6000023;15673;46339;PINHAIS;PR;VITOMAQ PRODUÇÕES ARTISTICAS E CINEMA LTDA - ME;07.617.254/0001-00
04/09/2020;04/09/2020 22:25:00;O AMOR DÁ TRABALHO;;B1800029400000;ORIGINAL;NÃO;BRASIL;5006610;CINESYSTEM DRIVE-IN AEROPORTO VITÓRIA;6;6000027;22546;46257;VITÓRIA;ES;REDECINE BRA CINEMATOGRÁFICA S.A.;15.422.993/0001-67
04/09/2020;04/09/2020 22:30:00;EL ROBO DEL SIGLO;O ROUBO DO SÉCULO;E2000030900000;ORIGINAL;SIM;ARGENTINA;5006571;CINESYSTEM AMÉRICAS DRIVE-IN;18;6000027;5348;28834;RIO DE JANEIRO;RJ;REDECINE - RIO CINEMATOGRAFICA S.A.;07.524.011/0001-10
04/09/2020;04/09/2020 22:45:00;EL ROBO DEL SIGLO;O ROUBO DO SÉCULO;E2000030900000;ORIGINAL;SIM;ARGENTINA;5006580;CINESYSTEM MORUMBI TOWN DRIVE-IN;27;6000027;22546;34941;SÃO PAULO;SP;REDECINE BRA CINEMATOGRÁFICA S.A.;15.422.993/0001-67
04/09/2020;04/09/2020 22:50:00;GRETEL & HANSEL (2020);MARIA E JOÃO - O CONTO DAS BRUXAS;E1900467000000;DUBLADO;NÃO;ESTADOS UNIDOS;5006591;DRIVE IN SHOPPING VILLA LOBOS;7;6000006;2872;46069;SÃO PAULO;SP;EMPRESA CENTERPLEX DE CINEMAS LTDA;00.812.310/0001-00
04/09/2020;04/09/2020 23:00:01;INTERSTELLAR;INTERESTELAR;E1402450800000;DUBLADO;NÃO;ESTADOS UNIDOS;5006590;SUPER DRIVE IN;5;6000006;2872;46068;SÃO BERNARDO DO CAMPO;SP;EMPRESA CENTERPLEX DE CINEMAS LTDA;00.812.310/0001-00
05/09/2020;05/09/2020 13:00:00;EL ROBO DEL SIGLO;O ROUBO DO SÉCULO;E2000030900000;ORIGINAL;SIM;ARGENTINA;5004880;CIRCUITO CINEMAS PBAS- SALA 02;0;6000028;15568;27873;PARAUAPEBAS;PA;CIRCUITO ENTRETENIMENTO E CINEMAS LTDA;08.068.712/0001-54
05/09/2020;05/09/2020 13:00:00;THE MATRIX;MATRIX;E1500096600000;ORIGINAL;SIM;AUSTRÁLIA;5005338;CINEMAS BENFICA - SALA 4;15;;15690;15691;FORTALEZA;CE;CINEMAS BENFICA LTDA;07.509.597/0001-43
05/09/2020;05/09/2020 13:15:00;E.T. THE EXTRA-TERRESTRIAL;E.T. O EXTRATERRESTRE;E1402648300000;DUBLADO;NÃO;ESTADOS UNIDOS;5006422;GRUPOCINE ITAPECERICA 02;0;6000034;44276;44290;ITAPECERICA DA SERRA;SP;EMPRESA CINEMATOGRAFICA BOMBOCINE LTDA;21.298.337/0001-05
05/09/2020;05/09/2020 13:20:00;MINIONS;MINIONS;E1500311600000;DUBLADO;NÃO;ESTADOS UNIDOS;5006424;GRUPOCINE ITAPECERICA 04;0;6000034;44276;44290;ITAPECERICA DA SERRA;SP;EMPRESA CINEMATOGRAFICA BOMBOCINE LTDA;21.298.337/0001-05
05/09/2020;05/09/2020 13:30:00;MINIONS;MINIONS;E1500311600000;DUBLADO;NÃO;ESTADOS UNIDOS;5005975;CINESYSTEM ANANINDEUA SALA 01;2;6000027;22546;38898;ANANINDEUA;PA;REDECINE BRA CINEMATOGRÁFICA S.A.;15.422.993/0001-67
05/09/2020;05/09/2020 13:30:00;SONIC THE HEDGEHOG;SONIC - O FILME;E2000012200000;DUBLADO;NÃO;CANADÁ;5004882;CIRCUITO CINEMAS PBAS- SALA 04;0;6000028;15568;27873;PARAUAPEBAS;PA;CIRCUITO ENTRETENIMENTO E CINEMAS LTDA;08.068.712/0001-54
05/09/2020;05/09/2020 13:30:00;SPIDER-MAN: INTO THE SPIDER-VERSE;HOMEM-ARANHA NO ARANHAVERSO;E1800533700000;DUBLADO;NÃO;ESTADOS UNIDOS;5002603;CINEMAS BENFICA - SALA 1;7;;15690;15691;FORTALEZA;CE;CINEMAS BENFICA LTDA;07.509.597/0001-43
05/09/2020;05/09/2020 13:40:00;INSIDE OUT;DIVERTIDA MENTE;E1500351400000;DUBLADO;NÃO;ESTADOS UNIDOS;5006421;GRUPOCINE ITAPECERICA 01;0;6000034;44276;44290;ITAPECERICA DA SERRA;SP;EMPRESA CINEMATOGRAFICA BOMBOCINE LTDA;21.298.337/0001-05
05/09/2020;05/09/2020 13:40:00;QUEEN OF SPADES: THROUGH THE LOOKING GLASS;A MALDIÇÃO DO ESPELHO;E1900574500000;DUBLADO;NÃO;RÚSSIA;5000081;KINOPLEX AMAZONAS SALA 03;7;6000037;1991;2393;MANAUS;AM;EMPRESA CINEMAS SÃO LUIZ S/A;33.497.660/0001-89
05/09/2020;05/09/2020 13:40:00;QUEEN OF SPADES: THROUGH THE LOOKING GLASS;A MALDIÇÃO DO ESPELHO;E1900574500000;DUBLADO;NÃO;RÚSSIA;5006476;REDECINE SUMARE 05;2;6000014;5654;44547;SUMARÉ;SP;REDECINE-CPQ CINEMATOGRÁFICA LTDA;07.665.262/0001-14
05/09/2020;05/09/2020 13:45:00;EL ROBO DEL SIGLO;O ROUBO DO SÉCULO;E2000030900000;ORIGINAL;SIM;ARGENTINA;5005978;CINESYSTEM ANANINDEUA SALA 04;2;6000027;22546;38898;ANANINDEUA;PA;REDECINE BRA CINEMATOGRÁFICA S.A.;15.422.993/0001-67
05/09/2020;05/09/2020 13:50:00;Eventos Esportivos;;G0000000000001;DUBLADO;NÃO;;5006475;REDECINE SUMARE 04;2;6000014;5654;44547;SUMARÉ;SP;REDECINE-CPQ CINEMATOGRÁFICA LTDA;07.665.262/0001-14
05/09/2020;05/09/2020 13:50:00;JURASSIC WORLD: FALLEN KINGDOM;JURASSIC WORLD - REINO AMEAÇADO;E1800169900000;DUBLADO;NÃO;ESTADOS UNIDOS;5000080;KINOPLEX AMAZONAS SALA 02;11;6000037;1991;2393;MANAUS;AM;EMPRESA CINEMAS SÃO LUIZ S/A;33.497.660/0001-89
05/09/2020;05/09/2020 13:50:00;TURMA DA MÔNICA - LAÇOS;;B1900235500000;ORIGINAL;NÃO;BRASIL;5005304;CINEFLIX VÁRZEA GRANDE SHOPPING - SALA 1;1;6000014;24534;31101;VÁRZEA GRANDE;MT;REDECINE BSB CINEMATOGRÁFICA LTDA;18.087.870/0001-05
05/09/2020;05/09/2020 14:00:00;COUNTDOWN;A HORA DA SUA MORTE;E1900400200000;DUBLADO;NÃO;HOLANDA;5004822;KINOPLEX AMAZONAS SALA 04;8;6000037;1991;2393;MANAUS;AM;EMPRESA CINEMAS SÃO LUIZ S/A;33.497.660/0001-89
05/09/2020;05/09/2020 14:00:00;HARRY POTTER AND THE PHILOSOPHER'S STONE;HARRY POTTER E A PEDRA FILOSOFAL;E1500138600000;DUBLADO;NÃO;ESTADOS UNIDOS;5005966;CINE SUL SALA 02;18;6000121;38751;38752;MEDIANEIRA;PR;L N DA ROCHA & CIA LTDA - ME;29.099.414/0001-00
05/09/2020;05/09/2020 14:00:00;ONWARD;DOIS IRMÃOS: UMA JORNADA FANTÁSTICA;E1900366400000;DUBLADO;NÃO;ESTADOS UNIDOS;5005979;CINESYSTEM ANANINDEUA SALA 05;2;6000027;22546;38898;ANANINDEUA;PA;REDECINE BRA CINEMATOGRÁFICA S.A.;15.422.993/0001-67
05/09/2020;05/09/2020 14:00:00;ONWARD;DOIS IRMÃOS: UMA JORNADA FANTÁSTICA;E1900366400000;DUBLADO;NÃO;ESTADOS UNIDOS;5004879;CIRCUITO CINEMAS PBAS- SALA 01;9;6000028;15568;27873;PARAUAPEBAS;PA;CIRCUITO ENTRETENIMENTO E CINEMAS LTDA;08.068.712/0001-54
05/09/2020;05/09/2020 14:00:00;SPIDER-MAN: INTO THE SPIDER-VERSE;HOMEM-ARANHA NO ARANHAVERSO;E1800533700000;DUBLADO;NÃO;ESTADOS UNIDOS;5005094;CINÉPOLIS SÃO GONÇALO SHOPPING - SALA 3;2;6000024;17266;30088;SÃO GONÇALO;RJ;CINEPOLIS OPERADORA DE CINEMAS DO BRASIL LTDA;09.652.820/0001-32
05/09/2020;05/09/2020 14:10:00;TURMA DA MÔNICA - LAÇOS;;B1900235500000;ORIGINAL;NÃO;BRASIL;5006423;GRUPOCINE ITAPECERICA 03;4;6000034;44276;44290;ITAPECERICA DA SERRA;SP;EMPRESA CINEMATOGRAFICA BOMBOCINE LTDA;21.298.337/0001-05
05/09/2020;05/09/2020 14:15:00;THE ADDAMS FAMILY;A FAMÍLIA ADDAMS;E1900349600000;DUBLADO;NÃO;CANADÁ;5005984;CINESYSTEM ANANINDEUA SALA 10;6;6000027;22546;38898;ANANINDEUA;PA;REDECINE BRA CINEMATOGRÁFICA S.A.;15.422.993/0001-67
05/09/2020;05/09/2020 14:25:00;BLOODSHOT;BLOODSHOT;E1900579400000;DUBLADO;NÃO;ESTADOS UNIDOS;5002727;SALA CINE PLAYARTE MANAUARA 04;6;6000049;260;16356;MANAUS;AM;PLAYARTE CINEMAS LTDA.;60.434.149/0001-00
05/09/2020;05/09/2020 14:25:00;ONWARD;DOIS IRMÃOS: UMA JORNADA FANTÁSTICA;E1900366400000;DUBLADO;NÃO;ESTADOS UNIDOS;5000164;NORTH SHOPPING 5;18;6000037;1991;2414;FORTALEZA;CE;EMPRESA CINEMAS SÃO LUIZ S/A;33.497.660/0001-89
05/09/2020;05/09/2020 14:30:00;EL ROBO DEL SIGLO;O ROUBO DO SÉCULO;E2000030900000;ORIGINAL;SIM;ARGENTINA;5006472;REDECINE SUMARE 01;0;6000014;5654;44547;SUMARÉ;SP;REDECINE-CPQ CINEMATOGRÁFICA LTDA;07.665.262/0001-14
05/09/2020;05/09/2020 14:30:00;MINIONS;MINIONS;E1500311600000;DUBLADO;NÃO;ESTADOS UNIDOS;5005092;CINÉPOLIS SÃO GONÇALO SHOPPING - SALA 1;5;6000024;17266;30088;SÃO GONÇALO;RJ;CINEPOLIS OPERADORA DE CINEMAS DO BRASIL LTDA;09.652.820/0001-32
05/09/2020;05/09/2020 14:30:00;QUEEN OF SPADES: THROUGH THE LOOKING GLASS;A MALDIÇÃO DO ESPELHO;E1900574500000;DUBLADO;NÃO;RÚSSIA;5005977;CINESYSTEM ANANINDEUA SALA 03;5;6000027;22546;38898;ANANINDEUA;PA;REDECINE BRA CINEMATOGRÁFICA S.A.;15.422.993/0001-67
05/09/2020;05/09/2020 14:30:00;THE SECRET: DARE TO DREAM;O SEGREDO: OUSE SONHAR;E2000080600000;DUBLADO;NÃO;ESTADOS UNIDOS;5005693;CINEPOLIS RIOMAR KENNEDY - SALA 02;0;6000024;17266;34309;FORTALEZA;CE;CINEPOLIS OPERADORA DE CINEMAS DO BRASIL LTDA;09.652.820/0001-32
05/09/2020;05/09/2020 14:30:00;WONDER WOMAN;MULHER-MARAVILHA;E1700197900000;DUBLADO;NÃO;ESTADOS UNIDOS;5002565;CINE CATARATAS 2;2;;15565;15566;FOZ DO IGUAÇU;PR;CINE CATARATAS LTDA;09.010.219/0001-46
05/09/2020;05/09/2020 14:40:00;E.T. THE EXTRA-TERRESTRIAL;E.T. O EXTRATERRESTRE;E1402648300000;DUBLADO;NÃO;ESTADOS UNIDOS;5006349;REDECINE PINDAMONHANGABA 03;0;6000034;43781;43782;PINDAMONHANGABA;SP;REDECINE PINDAMONHANGABA CINEMAS LTDA;34.408.375/0001-07
05/09/2020;05/09/2020 14:40:00;MINIONS;MINIONS;E1500311600000;DUBLADO;NÃO;ESTADOS UNIDOS;5006410;GRUPOCINE ITAPETININGA 02;0;6000034;44276;44287;ITAPETININGA;SP;EMPRESA CINEMATOGRAFICA BOMBOCINE LTDA;21.298.337/0001-05
05/09/2020;05/09/2020 14:40:00;THE LION KING;O REI LEÃO;E1900267700000;DUBLADO;NÃO;ESTADOS UNIDOS;5002721;SALA CINE PLAYARTE MANAUARA 01;12;6000049;260;16356;MANAUS;AM;PLAYARTE CINEMAS LTDA.;60.434.149/0001-00
05/09/2020;05/09/2020 14:45:00;THE SECRET: DARE TO DREAM;O SEGREDO: OUSE SONHAR;E2000080600000;DUBLADO;NÃO;ESTADOS UNIDOS;5005099;CINÉPOLIS SÃO GONÇALO SHOPPING - SALA 8;10;6000024;17266;30088;SÃO GONÇALO;RJ;CINEPOLIS OPERADORA DE CINEMAS DO BRASIL LTDA;09.652.820/0001-32
05/09/2020;05/09/2020 14:45:01;INSIDE OUT;DIVERTIDA MENTE;E1500351400000;DUBLADO;NÃO;ESTADOS UNIDOS;5006464;GRUPOCINE EUSÉBIO 04;1;6000034;44276;44457;EUSÉBIO;CE;EMPRESA CINEMATOGRAFICA BOMBOCINE LTDA;21.298.337/0001-05
05/09/2020;05/09/2020 14:50:00;MINIONS;MINIONS;E1500311600000;DUBLADO;NÃO;ESTADOS UNIDOS;5006415;GRUPOCINE MARANGUAPE 02;0;6000034;44276;44288;MARANGUAPE;CE;EMPRESA CINEMATOGRAFICA BOMBOCINE LTDA;21.298.337/0001-05
05/09/2020;05/09/2020 14:50:00;TURMA DA MÔNICA - LAÇOS;;B1900235500000;ORIGINAL;NÃO;BRASIL;5006384;GRUPOCINE SANTA ISABEL 02;0;6000034;44276;44277;SANTA ISABEL;SP;EMPRESA CINEMATOGRAFICA BOMBOCINE LTDA;21.298.337/0001-05
05/09/2020;05/09/2020 15:00:00;21 BRIDGES;CRIME SEM SAÍDA;E1900482200000;DUBLADO;NÃO;ESTADOS UNIDOS;5005328;UCI BRASIL - SUMAÚMA PARK SHOPPING MANAUS SALA 05;3;6000058;749;31265;MANAUS;AM;UNITED CINEMAS INTERNATIONAL BRASIL LTDA.;01.289.530/0001-64
05/09/2020;05/09/2020 15:00:00;EL ROBO DEL SIGLO;O ROUBO DO SÉCULO;E2000030900000;ORIGINAL;SIM;ARGENTINA;5005152;CINÉPOLIS MILLENNIUM - SALA 4;0;6000024;17266;30116;MANAUS;AM;CINEPOLIS OPERADORA DE CINEMAS DO BRASIL LTDA;09.652.820/0001-32
05/09/2020;05/09/2020 15:00:00;ESCAPE FROM PRETORIA;FUGA DE PRETÓRIA;E2000249400000;ORIGINAL;SIM;ÁFRICA DO SUL;5004697;SALA RIOMAR 4 -VIP;2;6000024;17266;27076;FORTALEZA;CE;CINEPOLIS OPERADORA DE CINEMAS DO BRASIL LTDA;09.652.820/0001-32
05/09/2020;05/09/2020 15:00:00;Eventos Esportivos;;G0000000000001;DUBLADO;NÃO;;5005309;CINEFLIX VÁRZEA GRANDE SHOPPING - SALA 6;5;6000014;24534;31101;VÁRZEA GRANDE;MT;REDECINE BSB CINEMATOGRÁFICA LTDA;18.087.870/0001-05
05/09/2020;05/09/2020 15:00:00;GRETEL & HANSEL (2020);MARIA E JOÃO - O CONTO DAS BRUXAS;E1900467000000;ORIGINAL;SIM;ESTADOS UNIDOS;5005426;UCI BRASIL - SHOPPING BOSQUE GRÃO PARÁ SALA 01;2;6000058;749;32026;BELÉM;PA;UNITED CINEMAS INTERNATIONAL BRASIL LTDA.;01.289.530/0001-64
05/09/2020;05/09/2020 15:00:00;INSIDE OUT;DIVERTIDA MENTE;E1500351400000;DUBLADO;NÃO;ESTADOS UNIDOS;5006347;REDECINE PINDAMONHANGABA 01;0;6000034;43781;43782;PINDAMONHANGABA;SP;REDECINE PINDAMONHANGABA CINEMAS LTDA;34.408.375/0001-07
05/09/2020;05/09/2020 15:00:00;MINIONS;MINIONS;E1500311600000;DUBLADO;NÃO;ESTADOS UNIDOS;5006461;GRUPOCINE EUSÉBIO 01;3;6000034;44276;44457;EUSÉBIO;CE;EMPRESA CINEMATOGRAFICA BOMBOCINE LTDA;21.298.337/0001-05
05/09/2020;05/09/2020 15:00:00;MINIONS;MINIONS;E1500311600000;DUBLADO;NÃO;ESTADOS UNIDOS;5006383;GRUPOCINE SANTA ISABEL 01;0;6000034;44276;44277;SANTA ISABEL;SP;EMPRESA CINEMATOGRAFICA BOMBOCINE LTDA;21.298.337/0001-05
05/09/2020;05/09/2020 15:00:00;Mostras e Festivais;;G0000000000004;DUBLADO;NÃO;;5000162;NORTH SHOPPING 3;9;6000037;1991;2414;FORTALEZA;CE;EMPRESA CINEMAS SÃO LUIZ S/A;33.497.660/0001-89
05/09/2020;05/09/2020 15:00:00;QUEEN OF SPADES: THROUGH THE LOOKING GLASS;A MALDIÇÃO DO ESPELHO;E1900574500000;DUBLADO;NÃO;RÚSSIA;5004472;SALA CINEPOLIS NORTH SHOPPING JOQUEI 02;9;6000024;17266;25960;FORTALEZA;CE;CINEPOLIS OPERADORA DE CINEMAS DO BRASIL LTDA;09.652.820/0001-32
05/09/2020;05/09/2020 15:00:00;QUEEN OF SPADES: THROUGH THE LOOKING GLASS;A MALDIÇÃO DO ESPELHO;E1900574500000;DUBLADO;NÃO;RÚSSIA;5004373;SALA CINEPOLIS PONTA NEGRA 10 TRADICIONAL;6;6000024;17266;25193;MANAUS;AM;CINEPOLIS OPERADORA DE CINEMAS DO BRASIL LTDA;09.652.820/0001-32
05/09/2020;05/09/2020 15:00:00;SPIDER-MAN: INTO THE SPIDER-VERSE;HOMEM-ARANHA NO ARANHAVERSO;E1800533700000;DUBLADO;NÃO;ESTADOS UNIDOS;5003488;SALA PQ.BELEM 07;3;6000024;17266;21616;BELÉM;PA;CINEPOLIS OPERADORA DE CINEMAS DO BRASIL LTDA;09.652.820/0001-32
05/09/2020;05/09/2020 15:00:00;THE SECRET: DARE TO DREAM;O SEGREDO: OUSE SONHAR;E2000080600000;DUBLADO;NÃO;ESTADOS UNIDOS;5002937;SALA 06;7;6000024;17266;17763;BELÉM;PA;CINEPOLIS OPERADORA DE CINEMAS DO BRASIL LTDA;09.652.820/0001-32
05/09/2020;05/09/2020 15:00:00;TURMA DA MÔNICA - LAÇOS;;B1900235500000;ORIGINAL;NÃO;BRASIL;5006416;GRUPOCINE MARANGUAPE 03;2;6000034;44276;44288;MARANGUAPE;CE;EMPRESA CINEMATOGRAFICA BOMBOCINE LTDA;21.298.337/0001-05
05/09/2020;05/09/2020 15:05:00;ONWARD;DOIS IRMÃOS: UMA JORNADA FANTÁSTICA;E1900366400000;DUBLADO;NÃO;ESTADOS UNIDOS;5005306;CINEFLIX VÁRZEA GRANDE SHOPPING - SALA 3;9;6000014;24534;31101;VÁRZEA GRANDE;MT;REDECINE BSB CINEMATOGRÁFICA LTDA;18.087.870/0001-05
05/09/2020;05/09/2020 15:05:00;TURMA DA MÔNICA - LAÇOS;;B1900235500000;ORIGINAL;NÃO;BRASIL;5006411;GRUPOCINE ITAPETININGA 03;5;6000034;44276;44287;ITAPETININGA;SP;EMPRESA CINEMATOGRAFICA BOMBOCINE LTDA;21.298.337/0001-05
05/09/2020;05/09/2020 15:10:00;TURMA DA MÔNICA - LAÇOS;;B1900235500000;ORIGINAL;NÃO;BRASIL;5006462;GRUPOCINE EUSÉBIO 02;4;6000034;44276;44457;EUSÉBIO;CE;EMPRESA CINEMATOGRAFICA BOMBOCINE LTDA;21.298.337/0001-05
05/09/2020;05/09/2020 15:10:00;TURMA DA MÔNICA - LAÇOS;;B1900235500000;ORIGINAL;NÃO;BRASIL;5006473;REDECINE SUMARE 02;0;6000014;5654;44547;SUMARÉ;SP;REDECINE-CPQ CINEMATOGRÁFICA LTDA;07.665.262/0001-14
05/09/2020;05/09/2020 15:15:00;BACK TO THE FUTURE;DE VOLTA PARA O FUTURO;E1402513800000;ORIGINAL;SIM;ESTADOS UNIDOS;5004703;SALA RIOMAR 10 - TRADICIONAL;0;6000024;17266;27076;FORTALEZA;CE;CINEPOLIS OPERADORA DE CINEMAS DO BRASIL LTDA;09.652.820/0001-32
05/09/2020;05/09/2020 15:15:00;ESCAPE FROM PRETORIA;FUGA DE PRETÓRIA;E2000249400000;ORIGINAL;SIM;ÁFRICA DO SUL;5005696;CINEPOLIS RIOMAR KENNEDY - SALA 05;2;6000024;17266;34309;FORTALEZA;CE;CINEPOLIS OPERADORA DE CINEMAS DO BRASIL LTDA;09.652.820/0001-32
05/09/2020;05/09/2020 15:15:00;ESCAPE FROM PRETORIA;FUGA DE PRETÓRIA;E2000249400000;ORIGINAL;SIM;ÁFRICA DO SUL;5005149;CINÉPOLIS MILLENNIUM - SALA 1;0;6000024;17266;30116;MANAUS;AM;CINEPOLIS OPERADORA DE CINEMAS DO BRASIL LTDA;09.652.820/0001-32
05/09/2020;05/09/2020 15:15:00;MINIONS;MINIONS;E1500311600000;DUBLADO;NÃO;ESTADOS UNIDOS;5006348;REDECINE PINDAMONHANGABA 02;0;6000034;43781;43782;PINDAMONHANGABA;SP;REDECINE PINDAMONHANGABA CINEMAS LTDA;34.408.375/0001-07
05/09/2020;05/09/2020 15:15:00;Mostras e Festivais;;G0000000000004;DUBLADO;NÃO;;5006364;ALFENAS SALA 1;1;6000008;15833;44017;ALFENAS;MG;CINE A LTDA;10.894.937/0001-01
05/09/2020;05/09/2020 15:15:00;Mostras e Festivais;;G0000000000004;DUBLADO;NÃO;;5006073;CINE A ALTAMIRA SALA 03;2;6000008;28464;33426;ALTAMIRA;PA;CINE A MARABA LTDA;21.160.773/0001-05
05/09/2020;05/09/2020 15:20:00;BLOODSHOT;BLOODSHOT;E1900579400000;DUBLADO;NÃO;ESTADOS UNIDOS;5000160;NORTH SHOPPING 1;19;6000037;1991;2414;FORTALEZA;CE;EMPRESA CINEMAS SÃO LUIZ S/A;33.497.660/0001-89
05/09/2020;05/09/2020 15:20:00;E.T. THE EXTRA-TERRESTRIAL;E.T. O EXTRATERRESTRE;E1402648300000;DUBLADO;NÃO;ESTADOS UNIDOS;5000079;KINOPLEX AMAZONAS SALA 01;13;6000037;1991;2393;MANAUS;AM;EMPRESA CINEMAS SÃO LUIZ S/A;33.497.660/0001-89
05/09/2020;05/09/2020 15:20:00;MINHA MÃE É UMA PEÇA;;B1301808100000;ORIGINAL;NÃO;BRASIL;5006414;GRUPOCINE MARANGUAPE 01;0;6000034;44276;44288;MARANGUAPE;CE;EMPRESA CINEMATOGRAFICA BOMBOCINE LTDA;21.298.337/0001-05
05/09/2020;05/09/2020 15:20:00;Mostras e Festivais;;G0000000000004;DUBLADO;NÃO;;5004880;CIRCUITO CINEMAS PBAS- SALA 02;3;6000028;15568;27873;PARAUAPEBAS;PA;CIRCUITO ENTRETENIMENTO E CINEMAS LTDA;08.068.712/0001-54
05/09/2020;05/09/2020 15:20:00;THE SECRET: DARE TO DREAM;O SEGREDO: OUSE SONHAR;E2000080600000;DUBLADO;NÃO;ESTADOS UNIDOS;5005305;CINEFLIX VÁRZEA GRANDE SHOPPING - SALA 2;5;6000014;24534;31101;VÁRZEA GRANDE;MT;REDECINE BSB CINEMATOGRÁFICA LTDA;18.087.870/0001-05
05/09/2020;05/09/2020 15:30:00;ATÉ QUE A SORTE NOS SEPARE;;B1201657700000;ORIGINAL;NÃO;BRASIL;5006424;GRUPOCINE ITAPECERICA 04;5;6000034;44276;44290;ITAPECERICA DA SERRA;SP;EMPRESA CINEMATOGRAFICA BOMBOCINE LTDA;21.298.337/0001-05
05/09/2020;05/09/2020 15:30:00;E.T. THE EXTRA-TERRESTRIAL;E.T. O EXTRATERRESTRE;E1402648300000;DUBLADO;NÃO;ESTADOS UNIDOS;5005428;UCI BRASIL - SHOPPING BOSQUE GRÃO PARÁ SALA 03;3;6000058;749;32026;BELÉM;PA;UNITED CINEMAS INTERNATIONAL BRASIL LTDA.;01.289.530/0001-64
05/09/2020;05/09/2020 15:30:00;ESCAPE FROM PRETORIA;FUGA DE PRETÓRIA;E2000249400000;ORIGINAL;SIM;ÁFRICA DO SUL;5005095;CINÉPOLIS SÃO GONÇALO SHOPPING - SALA 4;0;6000024;17266;30088;SÃO GONÇALO;RJ;CINEPOLIS OPERADORA DE CINEMAS DO BRASIL LTDA;09.652.820/0001-32
05/09/2020;05/09/2020 15:30:00;ESCAPE FROM PRETORIA;FUGA DE PRETÓRIA;E2000249400000;DUBLADO;NÃO;ÁFRICA DO SUL;5002723;SALA CINE PLAYARTE MANAUARA 03;8;6000049;260;16356;MANAUS;AM;PLAYARTE CINEMAS LTDA.;60.434.149/0001-00
05/09/2020;05/09/2020 15:30:00;ESCAPE FROM PRETORIA;FUGA DE PRETÓRIA;E2000249400000;DUBLADO;NÃO;ÁFRICA DO SUL;5005325;UCI BRASIL - SUMAÚMA PARK SHOPPING MANAUS SALA 02;7;6000058;749;31265;MANAUS;AM;UNITED CINEMAS INTERNATIONAL BRASIL LTDA.;01.289.530/0001-64
05/09/2020;05/09/2020 15:30:00;Eventos Esportivos;;G0000000000001;DUBLADO;NÃO;;5006474;REDECINE SUMARE 03;0;6000014;5654;44547;SUMARÉ;SP;REDECINE-CPQ CINEMATOGRÁFICA LTDA;07.665.262/0001-14
05/09/2020;05/09/2020 15:30:00;INSIDE OUT;DIVERTIDA MENTE;E1500351400000;DUBLADO;NÃO;ESTADOS UNIDOS;5006356;MULTICINE IANDE SHOPPING 1;0;6000045;5935;43968;CAUCAIA;CE;MULTICINE CINEMAS LTDA;07.609.246/0001-04
05/09/2020;05/09/2020 15:30:00;THE SECRET: DARE TO DREAM;O SEGREDO: OUSE SONHAR;E2000080600000;DUBLADO;NÃO;ESTADOS UNIDOS;5005159;CINÉPOLIS MANAUS PLAZA - SALA 3;0;6000024;17266;30118;MANAUS;AM;CINEPOLIS OPERADORA DE CINEMAS DO BRASIL LTDA;09.652.820/0001-32
05/09/2020;05/09/2020 15:30:00;THE SECRET: DARE TO DREAM;O SEGREDO: OUSE SONHAR;E2000080600000;DUBLADO;NÃO;ESTADOS UNIDOS;5000161;NORTH SHOPPING 2;7;6000037;1991;2414;FORTALEZA;CE;EMPRESA CINEMAS SÃO LUIZ S/A;33.497.660/0001-89
05/09/2020;05/09/2020 15:30:00;THE SECRET: DARE TO DREAM;O SEGREDO: OUSE SONHAR;E2000080600000;DUBLADO;NÃO;ESTADOS UNIDOS;5004474;SALA CINEPOLIS NORTH SHOPPING JOQUEI 04;4;6000024;17266;25960;FORTALEZA;CE;CINEPOLIS OPERADORA DE CINEMAS DO BRASIL LTDA;09.652.820/0001-32
05/09/2020;05/09/2020 15:30:00;THE SECRET: DARE TO DREAM;O SEGREDO: OUSE SONHAR;E2000080600000;ORIGINAL;SIM;ESTADOS UNIDOS;5004372;SALA CINEPOLIS PONTA NEGRA 09 TRADICIONAL;4;6000024;17266;25193;MANAUS;AM;CINEPOLIS OPERADORA DE CINEMAS DO BRASIL LTDA;09.652.820/0001-32
05/09/2020;05/09/2020 15:35:00;TURMA DA MÔNICA - LAÇOS;;B1900235500000;ORIGINAL;NÃO;BRASIL;5006350;REDECINE PINDAMONHANGABA 04;0;6000034;43781;43782;PINDAMONHANGABA;SP;REDECINE PINDAMONHANGABA CINEMAS LTDA;34.408.375/0001-07
05/09/2020;05/09/2020 15:40:00;BACK TO THE FUTURE;DE VOLTA PARA O FUTURO;E1402513800000;DUBLADO;NÃO;ESTADOS UNIDOS;5000081;KINOPLEX AMAZONAS SALA 03;14;6000037;1991;2393;MANAUS;AM;EMPRESA CINEMAS SÃO LUIZ S/A;33.497.660/0001-89
05/09/2020;05/09/2020 15:40:00;EL ROBO DEL SIGLO;O ROUBO DO SÉCULO;E2000030900000;ORIGINAL;SIM;ARGENTINA;5000163;NORTH SHOPPING 4;12;6000037;1991;2414;FORTALEZA;CE;EMPRESA CINEMAS SÃO LUIZ S/A;33.497.660/0001-89
05/09/2020;05/09/2020 15:40:00;ESCAPE FROM PRETORIA;FUGA DE PRETÓRIA;E2000249400000;DUBLADO;NÃO;ÁFRICA DO SUL;5006476;REDECINE SUMARE 05;2;6000014;5654;44547;SUMARÉ;SP;REDECINE-CPQ CINEMATOGRÁFICA LTDA;07.665.262/0001-14
05/09/2020;05/09/2020 15:40:00;GRETEL & HANSEL (2020);MARIA E JOÃO - O CONTO DAS BRUXAS;E1900467000000;DUBLADO;NÃO;ESTADOS UNIDOS;5002719;SALA CINE PLAYARTE MANAUARA 05;26;6000049;260;16356;MANAUS;AM;PLAYARTE CINEMAS LTDA.;60.434.149/0001-00
05/09/2020;05/09/2020 15:40:00;KNIVES OUT;ENTRE FACAS E SEGREDOS;E1900395500000;DUBLADO;NÃO;ESTADOS UNIDOS;5005307;CINEFLIX VÁRZEA GRANDE SHOPPING - SALA 4;4;6000014;24534;31101;VÁRZEA GRANDE;MT;REDECINE BSB CINEMATOGRÁFICA LTDA;18.087.870/0001-05
05/09/2020;05/09/2020 15:40:00;MINIONS;MINIONS;E1500311600000;DUBLADO;NÃO;ESTADOS UNIDOS;5004882;CIRCUITO CINEMAS PBAS- SALA 04;12;6000028;15568;27873;PARAUAPEBAS;PA;CIRCUITO ENTRETENIMENTO E CINEMAS LTDA;08.068.712/0001-54
05/09/2020;05/09/2020 15:45:00;Eventos Esportivos;;G0000000000001;DUBLADO;NÃO;;5005308;CINEFLIX VÁRZEA GRANDE SHOPPING - SALA 5;3;6000014;24534;31101;VÁRZEA GRANDE;MT;REDECINE BSB CINEMATOGRÁFICA LTDA;18.087.870/0001-05
05/09/2020;05/09/2020 15:45:00;SPIDER-MAN: INTO THE SPIDER-VERSE;HOMEM-ARANHA NO ARANHAVERSO;E1800533700000;DUBLADO;NÃO;ESTADOS UNIDOS;5002256;MOVIECOM PATIO BELÉM 3;14;6000100;2897;13915;BELÉM;PA;MOVIE CINEMAS LTDA;04.708.972/0001-96
05/09/2020;05/09/2020 15:45:00;THE SECRET: DARE TO DREAM;O SEGREDO: OUSE SONHAR;E2000080600000;DUBLADO;NÃO;ESTADOS UNIDOS;5003487;SALA PQ.BELEM 06;0;6000024;17266;21616;BELÉM;PA;CINEPOLIS OPERADORA DE CINEMAS DO BRASIL LTDA;09.652.820/0001-32
05/09/2020;05/09/2020 15:45:01;Mostras e Festivais;;G0000000000004;ORIGINAL;NÃO;;5006381;ALFENAS SALA 3;1;6000008;15833;44017;ALFENAS;MG;CINE A LTDA;10.894.937/0001-01
05/09/2020;05/09/2020 15:45:01;Mostras e Festivais;;G0000000000004;ORIGINAL;NÃO;;5005617;CINE A ALTAMIRA SALA 01;1;6000008;28464;33426;ALTAMIRA;PA;CINE A MARABA LTDA;21.160.773/0001-05
05/09/2020;05/09/2020 15:50:00;ESCAPE FROM PRETORIA;FUGA DE PRETÓRIA;E2000249400000;ORIGINAL;SIM;ÁFRICA DO SUL;5004366;SALA CINEPOLIS PONTA NEGRA 03 VIP;0;6000024;17266;25193;MANAUS;AM;CINEPOLIS OPERADORA DE CINEMAS DO BRASIL LTDA;09.652.820/0001-32
05/09/2020;05/09/2020 15:50:00;GET OUT;CORRA!;E1700047300000;DUBLADO;NÃO;ESTADOS UNIDOS;5006421;GRUPOCINE ITAPECERICA 01;0;6000034;44276;44290;ITAPECERICA DA SERRA;SP;EMPRESA CINEMATOGRAFICA BOMBOCINE LTDA;21.298.337/0001-05
05/09/2020;05/09/2020 15:50:00;MINIONS;MINIONS;E1500311600000;DUBLADO;NÃO;ESTADOS UNIDOS;5005975;CINESYSTEM ANANINDEUA SALA 01;21;6000027;22546;38898;ANANINDEUA;PA;REDECINE BRA CINEMATOGRÁFICA S.A.;15.422.993/0001-67
05/09/2020;05/09/2020 15:50:00;Mostras e Festivais;;G0000000000004;DUBLADO;NÃO;;5001503;MOVIECOM CASTANHEIRA 6;24;6000100;2897;2896;BELÉM;PA;MOVIE CINEMAS LTDA;04.708.972/0001-96
05/09/2020;05/09/2020 16:00:00;EL ROBO DEL SIGLO;O ROUBO DO SÉCULO;E2000030900000;ORIGINAL;SIM;ARGENTINA;5005327;UCI BRASIL - SUMAÚMA PARK SHOPPING MANAUS SALA 04;4;6000058;749;31265;MANAUS;AM;UNITED CINEMAS INTERNATIONAL BRASIL LTDA.;01.289.530/0001-64
05/09/2020;05/09/2020 16:00:00;ESCAPE FROM PRETORIA;FUGA DE PRETÓRIA;E2000249400000;DUBLADO;NÃO;ÁFRICA DO SUL;5005981;CINESYSTEM ANANINDEUA SALA 07;5;6000027;22546;38898;ANANINDEUA;PA;REDECINE BRA CINEMATOGRÁFICA S.A.;15.422.993/0001-67
05/09/2020;05/09/2020 16:00:00;JOHN WICK 3: PARABELLUM;JOHN WICK 3: PARABELLUM;E1900126300000;DUBLADO;NÃO;ESTADOS UNIDOS;5006494;CINE INTER SANTA INES 02;1;6000140;44834;44835;SANTA INÊS;MA;CINEINTER EXIBICOES CINEMATOGRAFICAS LTDA;35.477.354/0001-06
05/09/2020;05/09/2020 16:00:00;MINHA MÃE É UMA PEÇA;;B1301808100000;ORIGINAL;NÃO;BRASIL;5006422;GRUPOCINE ITAPECERICA 02;0;6000034;44276;44290;ITAPECERICA DA SERRA;SP;EMPRESA CINEMATOGRAFICA BOMBOCINE LTDA;21.298.337/0001-05
05/09/2020;05/09/2020 16:00:00;QUEEN OF SPADES: THROUGH THE LOOKING GLASS;A MALDIÇÃO DO ESPELHO;E1900574500000;DUBLADO;NÃO;RÚSSIA;5005694;CINEPOLIS RIOMAR KENNEDY - SALA 03;11;6000024;17266;34309;FORTALEZA;CE;CINEPOLIS OPERADORA DE CINEMAS DO BRASIL LTDA;09.652.820/0001-32
05/09/2020;05/09/2020 16:00:00;THE ANGRY BIRDS MOVIE 2;ANGRY BIRDS 2 - O FILME;E1900271800000;DUBLADO;NÃO;ESTADOS UNIDOS;5006554;CINEPLUS XAXIM DRIVE-IN - PLANETA DRIVE-IN;10;6000023;15673;15674;CURITIBA;PR;VITOMAQ PRODUÇÕES ARTISTICAS E CINEMA LTDA - ME;07.617.254/0001-00
05/09/2020;05/09/2020 16:00:00;THE SECRET: DARE TO DREAM;O SEGREDO: OUSE SONHAR;E2000080600000;DUBLADO;NÃO;ESTADOS UNIDOS;5001149;CINE PORTO;0;;2351;2352;UBATUBA;SP;CINEMATOGRÁFICA LITORAL NORTE LTDA-EPP;04.165.613/0001-30
05/09/2020;05/09/2020 16:00:00;THE SECRET: DARE TO DREAM;O SEGREDO: OUSE SONHAR;E2000080600000;DUBLADO;NÃO;ESTADOS UNIDOS;5005151;CINÉPOLIS MILLENNIUM - SALA 3;0;6000024;17266;30116;MANAUS;AM;CINEPOLIS OPERADORA DE CINEMAS DO BRASIL LTDA;09.652.820/0001-32
05/09/2020;05/09/2020 16:00:00;THE SECRET: DARE TO DREAM;O SEGREDO: OUSE SONHAR;E2000080600000;DUBLADO;NÃO;ESTADOS UNIDOS;5004699;SALA RIOMAR 6 - TRADICIONAL;8;6000024;17266;27076;FORTALEZA;CE;CINEPOLIS OPERADORA DE CINEMAS DO BRASIL LTDA;09.652.820/0001-32
05/09/2020;05/09/2020 16:00:01;WONDER WOMAN;MULHER-MARAVILHA;E1700197900000;DUBLADO;NÃO;ESTADOS UNIDOS;5006365;ALFENAS SALA 2;1;6000008;15833;44017;ALFENAS;MG;CINE A LTDA;10.894.937/0001-01
05/09/2020;05/09/2020 16:00:01;WONDER WOMAN;MULHER-MARAVILHA;E1700197900000;DUBLADO;NÃO;ESTADOS UNIDOS;5006072;CINE A ALTAMIRA SALA 02;1;6000008;28464;33426;ALTAMIRA;PA;CINE A MARABA LTDA;21.160.773/0001-05
05/09/2020;05/09/2020 16:10:00;ESCAPE FROM PRETORIA;FUGA DE PRETÓRIA;E2000249400000;DUBLADO;NÃO;ÁFRICA DO SUL;5005304;CINEFLIX VÁRZEA GRANDE SHOPPING - SALA 1;0;6000014;24534;31101;VÁRZEA GRANDE;MT;REDECINE BSB CINEMATOGRÁFICA LTDA;18.087.870/0001-05
05/09/2020;05/09/2020 16:10:00;ESCAPE FROM PRETORIA;FUGA DE PRETÓRIA;E2000249400000;DUBLADO;NÃO;ÁFRICA DO SUL;5004822;KINOPLEX AMAZONAS SALA 04;12;6000037;1991;2393;MANAUS;AM;EMPRESA CINEMAS SÃO LUIZ S/A;33.497.660/0001-89
05/09/2020;05/09/2020 16:10:00;ONWARD;DOIS IRMÃOS: UMA JORNADA FANTÁSTICA;E1900366400000;DUBLADO;NÃO;ESTADOS UNIDOS;5005979;CINESYSTEM ANANINDEUA SALA 05;13;6000027;22546;38898;ANANINDEUA;PA;REDECINE BRA CINEMATOGRÁFICA S.A.;15.422.993/0001-67
05/09/2020;05/09/2020 16:10:00;SPIDER-MAN: INTO THE SPIDER-VERSE;HOMEM-ARANHA NO ARANHAVERSO;E1800533700000;DUBLADO;NÃO;ESTADOS UNIDOS;5001498;MOVIECOM CASTANHEIRA 3;5;6000100;2897;2896;BELÉM;PA;MOVIE CINEMAS LTDA;04.708.972/0001-96
05/09/2020;05/09/2020 16:10:00;THE SECRET: DARE TO DREAM;O SEGREDO: OUSE SONHAR;E2000080600000;DUBLADO;NÃO;ESTADOS UNIDOS;5002257;MOVIECOM PATIO BELÉM 2;3;6000100;2897;13915;BELÉM;PA;MOVIE CINEMAS LTDA;04.708.972/0001-96
05/09/2020;05/09/2020 16:10:00;THE SECRET: DARE TO DREAM;O SEGREDO: OUSE SONHAR;E2000080600000;DUBLADO;NÃO;ESTADOS UNIDOS;5005429;UCI BRASIL - SHOPPING BOSQUE GRÃO PARÁ SALA 04;7;6000058;749;32026;BELÉM;PA;UNITED CINEMAS INTERNATIONAL BRASIL LTDA.;01.289.530/0001-64
05/09/2020;05/09/2020 16:15:00;BACK TO THE FUTURE;DE VOLTA PARA O FUTURO;E1402513800000;DUBLADO;NÃO;ESTADOS UNIDOS;5006423;GRUPOCINE ITAPECERICA 03;0;6000034;44276;44290;ITAPECERICA DA SERRA;SP;EMPRESA CINEMATOGRAFICA BOMBOCINE LTDA;21.298.337/0001-05
05/09/2020;05/09/2020 16:15:00;E.T. THE EXTRA-TERRESTRIAL;E.T. O EXTRATERRESTRE;E1402648300000;DUBLADO;NÃO;ESTADOS UNIDOS;5005153;CINÉPOLIS MILLENNIUM - SALA 5;0;6000024;17266;30116;MANAUS;AM;CINEPOLIS OPERADORA DE CINEMAS DO BRASIL LTDA;09.652.820/0001-32
05/09/2020;05/09/2020 16:15:00;HARRY POTTER AND THE PHILOSOPHER'S STONE;HARRY POTTER E A PEDRA FILOSOFAL;E1500138600000;ORIGINAL;SIM;ESTADOS UNIDOS;5002603;CINEMAS BENFICA - SALA 1;39;;15690;15691;FORTALEZA;CE;CINEMAS BENFICA LTDA;07.509.597/0001-43
05/09/2020;05/09/2020 16:15:00;HARRY POTTER AND THE PHILOSOPHER'S STONE;HARRY POTTER E A PEDRA FILOSOFAL;E1500138600000;ORIGINAL;SIM;ESTADOS UNIDOS;5006465;GRUPOCINE EUSÉBIO 05;4;6000034;44276;44457;EUSÉBIO;CE;EMPRESA CINEMATOGRAFICA BOMBOCINE LTDA;21.298.337/0001-05
05/09/2020;05/09/2020 16:15:00;MINHA MÃE É UMA PEÇA;;B1301808100000;DUBLADO;NÃO;BRASIL;5005161;CINÉPOLIS MANAUS PLAZA - SALA 5;1;6000024;17266;30118;MANAUS;AM;CINEPOLIS OPERADORA DE CINEMAS DO BRASIL LTDA;09.652.820/0001-32
05/09/2020;05/09/2020 16:15:00;QUEEN OF SPADES: THROUGH THE LOOKING GLASS;A MALDIÇÃO DO ESPELHO;E1900574500000;DUBLADO;NÃO;RÚSSIA;5005098;CINÉPOLIS SÃO GONÇALO SHOPPING - SALA 7;2;6000024;17266;30088;SÃO GONÇALO;RJ;CINEPOLIS OPERADORA DE CINEMAS DO BRASIL LTDA;09.652.820/0001-32
05/09/2020;05/09/2020 16:20:00;BLACK PANTHER;PANTERA NEGRA;E1700512400000;DUBLADO;NÃO;ESTADOS UNIDOS;5006413;GRUPOCINE ITAPETININGA 05;2;6000034;44276;44287;ITAPETININGA;SP;EMPRESA CINEMATOGRAFICA BOMBOCINE LTDA;21.298.337/0001-05
05/09/2020;05/09/2020 16:20:00;BOHEMIAN RHAPSODY;BOHEMIAN RHAPSODY;E1800251900000;ORIGINAL;SIM;ESTADOS UNIDOS;5002722;SALA CINE PLAYARTE MANAUARA 07;5;6000049;260;16356;MANAUS;AM;PLAYARTE CINEMAS LTDA.;60.434.149/0001-00
05/09/2020;05/09/2020 16:20:00;INSIDE OUT;DIVERTIDA MENTE;E1500351400000;DUBLADO;NÃO;ESTADOS UNIDOS;5002427;CINE WEST SALA 02;2;;14882;14883;CASCAVEL;PR;WEST SIDE SHOPPING CENTER LTDA;68.761.170/0001-22
05/09/2020;05/09/2020 16:20:00;THE SECRET: DARE TO DREAM;O SEGREDO: OUSE SONHAR;E2000080600000;DUBLADO;NÃO;ESTADOS UNIDOS;5005956;MOBI CINE REDENÇÃO SALA 1;1;6000040;28561;38513;REDENÇÃO;PA;C A VIEIRA LEMOS E CIA LTDA;20.334.881/0001-94
05/09/2020;05/09/2020 16:25:00;EL ROBO DEL SIGLO;O ROUBO DO SÉCULO;E2000030900000;ORIGINAL;SIM;ARGENTINA;5005978;CINESYSTEM ANANINDEUA SALA 04;5;6000027;22546;38898;ANANINDEUA;PA;REDECINE BRA CINEMATOGRÁFICA S.A.;15.422.993/0001-67
05/09/2020;05/09/2020 16:30:00;BLOODSHOT;BLOODSHOT;E1900579400000;DUBLADO;NÃO;ESTADOS UNIDOS;5005957;MOBI CINE REDENÇÃO SALA 2;0;6000040;28561;38513;REDENÇÃO;PA;C A VIEIRA LEMOS E CIA LTDA;20.334.881/0001-94
05/09/2020;05/09/2020 16:30:00;E.T. THE EXTRA-TERRESTRIAL;E.T. O EXTRATERRESTRE;E1402648300000;DUBLADO;NÃO;ESTADOS UNIDOS;5006463;GRUPOCINE EUSÉBIO 03;0;6000034;44276;44457;EUSÉBIO;CE;EMPRESA CINEMATOGRAFICA BOMBOCINE LTDA;21.298.337/0001-05
05/09/2020;05/09/2020 16:30:00;E.T. THE EXTRA-TERRESTRIAL;E.T. O EXTRATERRESTRE;E1402648300000;DUBLADO;NÃO;ESTADOS UNIDOS;5006412;GRUPOCINE ITAPETININGA 04;0;6000034;44276;44287;ITAPETININGA;SP;EMPRESA CINEMATOGRAFICA BOMBOCINE LTDA;21.298.337/0001-05
05/09/2020;05/09/2020 16:30:00;E.T. THE EXTRA-TERRESTRIAL;E.T. O EXTRATERRESTRE;E1402648300000;DUBLADO;NÃO;ESTADOS UNIDOS;5004369;SALA CINEPOLIS PONTA NEGRA 06 TRADICIONAL;2;6000024;17266;25193;MANAUS;AM;CINEPOLIS OPERADORA DE CINEMAS DO BRASIL LTDA;09.652.820/0001-32
05/09/2020;05/09/2020 16:30:00;E.T. THE EXTRA-TERRESTRIAL;E.T. O EXTRATERRESTRE;E1402648300000;DUBLADO;NÃO;ESTADOS UNIDOS;5005329;UCI BRASIL - SUMAÚMA PARK SHOPPING MANAUS SALA 06;8;6000058;749;31265;MANAUS;AM;UNITED CINEMAS INTERNATIONAL BRASIL LTDA.;01.289.530/0001-64
05/09/2020;05/09/2020 16:30:00;EL ROBO DEL SIGLO;O ROUBO DO SÉCULO;E2000030900000;DUBLADO;NÃO;ARGENTINA;5006493;CINE INTER SANTA INES 01;3;6000140;44834;44835;SANTA INÊS;MA;CINEINTER EXIBICOES CINEMATOGRAFICAS LTDA;35.477.354/0001-06
05/09/2020;05/09/2020 16:30:00;EL ROBO DEL SIGLO;O ROUBO DO SÉCULO;E2000030900000;ORIGINAL;SIM;ARGENTINA;5000080;KINOPLEX AMAZONAS SALA 02;7;6000037;1991;2393;MANAUS;AM;EMPRESA CINEMAS SÃO LUIZ S/A;33.497.660/0001-89
05/09/2020;05/09/2020 16:30:00;HARRY POTTER AND THE PHILOSOPHER'S STONE;HARRY POTTER E A PEDRA FILOSOFAL;E1500138600000;DUBLADO;NÃO;ESTADOS UNIDOS;5002564;CINE CATARATAS 1;17;;15565;15566;FOZ DO IGUAÇU;PR;CINE CATARATAS LTDA;09.010.219/0001-46
05/09/2020;05/09/2020 16:30:00;HARRY POTTER AND THE SORCERER'S STONE;HARRY POTTER AND THE SORCERER'S STONE;E1900440700000;ORIGINAL;SIM;ESTADOS UNIDOS;5005150;CINÉPOLIS MILLENNIUM - SALA 2;1;6000024;17266;30116;MANAUS;AM;CINEPOLIS OPERADORA DE CINEMAS DO BRASIL LTDA;09.652.820/0001-32
05/09/2020;05/09/2020 16:30:00;MINIONS;MINIONS;E1500311600000;DUBLADO;NÃO;ESTADOS UNIDOS;5005697;CINEPOLIS RIOMAR KENNEDY - SALA 06;0;6000024;17266;34309;FORTALEZA;CE;CINEPOLIS OPERADORA DE CINEMAS DO BRASIL LTDA;09.652.820/0001-32
05/09/2020;05/09/2020 16:30:00;Mostras e Festivais;;G0000000000004;DUBLADO;NÃO;;5001502;MOVIECOM CASTANHEIRA 5;2;6000100;2897;2896;BELÉM;PA;MOVIE CINEMAS LTDA;04.708.972/0001-96
05/09/2020;05/09/2020 16:30:00;Mostras e Festivais;;G0000000000004;DUBLADO;NÃO;;5002255;MOVIECOM PATIO BELÉM 1;4;6000100;2897;13915;BELÉM;PA;MOVIE CINEMAS LTDA;04.708.972/0001-96
05/09/2020;05/09/2020 16:30:00;Mostras e Festivais;;G0000000000004;DUBLADO;NÃO;;5006357;MULTICINE IANDE SHOPPING 2;5;6000045;5935;43968;CAUCAIA;CE;MULTICINE CINEMAS LTDA;07.609.246/0001-04
05/09/2020;05/09/2020 16:30:00;QUEEN OF SPADES: THROUGH THE LOOKING GLASS;A MALDIÇÃO DO ESPELHO;E1900574500000;DUBLADO;NÃO;RÚSSIA;5005157;CINÉPOLIS MANAUS PLAZA - SALA 1;7;6000024;17266;30118;MANAUS;AM;CINEPOLIS OPERADORA DE CINEMAS DO BRASIL LTDA;09.652.820/0001-32
05/09/2020;05/09/2020 16:30:00;QUEEN OF SPADES: THROUGH THE LOOKING GLASS;A MALDIÇÃO DO ESPELHO;E1900574500000;DUBLADO;NÃO;RÚSSIA;5002938;SALA 04;41;6000024;17266;17763;BELÉM;PA;CINEPOLIS OPERADORA DE CINEMAS DO BRASIL LTDA;09.652.820/0001-32
05/09/2020;05/09/2020 16:30:00;THE LION KING;O REI LEÃO;E1900267700000;DUBLADO;NÃO;ESTADOS UNIDOS;5006621;CINEPLUS PLANETA DRIVE IN PINHAIS;0;6000023;15673;46339;PINHAIS;PR;VITOMAQ PRODUÇÕES ARTISTICAS E CINEMA LTDA - ME;07.617.254/0001-00
05/09/2020;05/09/2020 16:30:00;THE SECRET: DARE TO DREAM;O SEGREDO: OUSE SONHAR;E2000080600000;DUBLADO;NÃO;ESTADOS UNIDOS;5005925;CENTERPLEX GRANDE CIRCULAR 02;0;6000006;38234;38235;MANAUS;AM;CINE ELI AMAZONAS CINEMAS LTDA - EM RECUPERAÇÃO JUDICIAL;28.619.116/0001-22
05/09/2020;05/09/2020 16:30:00;THE SECRET: DARE TO DREAM;O SEGREDO: OUSE SONHAR;E2000080600000;DUBLADO;NÃO;ESTADOS UNIDOS;5004879;CIRCUITO CINEMAS PBAS- SALA 01;1;6000028;15568;27873;PARAUAPEBAS;PA;CIRCUITO ENTRETENIMENTO E CINEMAS LTDA;08.068.712/0001-54
05/09/2020;05/09/2020 16:30:00;TURMA DA MÔNICA - LAÇOS;;B1900235500000;ORIGINAL;NÃO;BRASIL;5005931;MOBI CINE AÇAILÂNDIA SALA 03;0;6000040;38236;38237;AÇAILÂNDIA;MA;C A V LEMOS E CIA LTDA - ME;14.717.191/0001-11
05/09/2020;05/09/2020 16:30:00;WONDER;EXTRAORDINÁRIO;E1700451500000;DUBLADO;NÃO;ESTADOS UNIDOS;5006590;SUPER DRIVE IN;3;6000006;2872;46068;SÃO BERNARDO DO CAMPO;SP;EMPRESA CENTERPLEX DE CINEMAS LTDA;00.812.310/0001-00
05/09/2020;05/09/2020 16:35:00;JUMANJI: NEXT LEVEL;JUMANJI: PROXIMA FASE;E1900458100000;DUBLADO;NÃO;ESTADOS UNIDOS;5005930;MOBI CINE AÇAILÂNDIA SALA 02;7;6000040;38236;38237;AÇAILÂNDIA;MA;C A V LEMOS E CIA LTDA - ME;14.717.191/0001-11
05/09/2020;05/09/2020 16:35:00;SONIC THE HEDGEHOG;SONIC - O FILME;E2000012200000;DUBLADO;NÃO;CANADÁ;5002726;SALA CINE PLAYARTE MANAUARA 06;9;6000049;260;16356;MANAUS;AM;PLAYARTE CINEMAS LTDA.;60.434.149/0001-00
05/09/2020;05/09/2020 16:40:00;MINIONS;MINIONS;E1500311600000;DUBLADO;NÃO;ESTADOS UNIDOS;5006410;GRUPOCINE ITAPETININGA 02;0;6000034;44276;44287;ITAPETININGA;SP;EMPRESA CINEMATOGRAFICA BOMBOCINE LTDA;21.298.337/0001-05
05/09/2020;05/09/2020 16:40:00;THE AVENGERS;THE AVENGERS: OS VINGADORES;E1500275200000;DUBLADO;NÃO;ESTADOS UNIDOS;5005338;CINEMAS BENFICA - SALA 4;17;;15690;15691;FORTALEZA;CE;CINEMAS BENFICA LTDA;07.509.597/0001-43
05/09/2020;05/09/2020 16:40:00;WONDER WOMAN;MULHER-MARAVILHA;E1700197900000;DUBLADO;NÃO;ESTADOS UNIDOS;5005984;CINESYSTEM ANANINDEUA SALA 10;24;6000027;22546;38898;ANANINDEUA;PA;REDECINE BRA CINEMATOGRÁFICA S.A.;15.422.993/0001-67
05/09/2020;05/09/2020 16:45:00;BACK TO THE FUTURE;DE VOLTA PARA O FUTURO;E1402513800000;ORIGINAL;SIM;ESTADOS UNIDOS;5005094;CINÉPOLIS SÃO GONÇALO SHOPPING - SALA 3;5;6000024;17266;30088;SÃO GONÇALO;RJ;CINEPOLIS OPERADORA DE CINEMAS DO BRASIL LTDA;09.652.820/0001-32
05/09/2020;05/09/2020 16:45:00;E.T. THE EXTRA-TERRESTRIAL;E.T. O EXTRATERRESTRE;E1402648300000;DUBLADO;NÃO;ESTADOS UNIDOS;5002942;SALA 07;20;6000024;17266;17763;BELÉM;PA;CINEPOLIS OPERADORA DE CINEMAS DO BRASIL LTDA;09.652.820/0001-32
05/09/2020;05/09/2020 16:45:00;INSIDE OUT;DIVERTIDA MENTE;E1500351400000;DUBLADO;NÃO;ESTADOS UNIDOS;5006464;GRUPOCINE EUSÉBIO 04;0;6000034;44276;44457;EUSÉBIO;CE;EMPRESA CINEMATOGRAFICA BOMBOCINE LTDA;21.298.337/0001-05
05/09/2020;05/09/2020 16:45:00;MINIONS;MINIONS;E1500311600000;DUBLADO;NÃO;ESTADOS UNIDOS;5006415;GRUPOCINE MARANGUAPE 02;10;6000034;44276;44288;MARANGUAPE;CE;EMPRESA CINEMATOGRAFICA BOMBOCINE LTDA;21.298.337/0001-05
05/09/2020;05/09/2020 16:45:00;QUEEN OF SPADES: THROUGH THE LOOKING GLASS;A MALDIÇÃO DO ESPELHO;E1900574500000;DUBLADO;NÃO;RÚSSIA;5003483;SALA PQ.BELEM 02;16;6000024;17266;21616;BELÉM;PA;CINEPOLIS OPERADORA DE CINEMAS DO BRASIL LTDA;09.652.820/0001-32
05/09/2020;05/09/2020 16:45:00;WONDER WOMAN;MULHER-MARAVILHA;E1700197900000;DUBLADO;NÃO;ESTADOS UNIDOS;5005431;UCI BRASIL - SHOPPING BOSQUE GRÃO PARÁ SALA 06;8;6000058;749;32026;BELÉM;PA;UNITED CINEMAS INTERNATIONAL BRASIL LTDA.;01.289.530/0001-64
05/09/2020;05/09/2020 16:50:00;Eventos Esportivos;;G0000000000001;DUBLADO;NÃO;;5006475;REDECINE SUMARE 04;7;6000014;5654;44547;SUMARÉ;SP;REDECINE-CPQ CINEMATOGRÁFICA LTDA;07.665.262/0001-14
05/09/2020;05/09/2020 16:50:00;JUMANJI: NEXT LEVEL;JUMANJI: PROXIMA FASE;E1900458100000;DUBLADO;NÃO;ESTADOS UNIDOS;5002727;SALA CINE PLAYARTE MANAUARA 04;31;6000049;260;16356;MANAUS;AM;PLAYARTE CINEMAS LTDA.;60.434.149/0001-00
05/09/2020;05/09/2020 16:50:00;QUEEN OF SPADES: THROUGH THE LOOKING GLASS;A MALDIÇÃO DO ESPELHO;E1900574500000;DUBLADO;NÃO;RÚSSIA;5005977;CINESYSTEM ANANINDEUA SALA 03;21;6000027;22546;38898;ANANINDEUA;PA;REDECINE BRA CINEMATOGRÁFICA S.A.;15.422.993/0001-67
05/09/2020;05/09/2020 16:50:00;QUEEN OF SPADES: THROUGH THE LOOKING GLASS;A MALDIÇÃO DO ESPELHO;E1900574500000;DUBLADO;NÃO;RÚSSIA;5000164;NORTH SHOPPING 5;36;6000037;1991;2414;FORTALEZA;CE;EMPRESA CINEMAS SÃO LUIZ S/A;33.497.660/0001-89
05/09/2020;05/09/2020 16:50:00;THE SECRET: DARE TO DREAM;O SEGREDO: OUSE SONHAR;E2000080600000;DUBLADO;NÃO;ESTADOS UNIDOS;5001505;MOVIECOM CASTANHEIRA 7;4;6000100;2897;2896;BELÉM;PA;MOVIE CINEMAS LTDA;04.708.972/0001-96
05/09/2020;05/09/2020 16:50:00;TURMA DA MÔNICA - LAÇOS;;B1900235500000;ORIGINAL;NÃO;BRASIL;5006416;GRUPOCINE MARANGUAPE 03;8;6000034;44276;44288;MARANGUAPE;CE;EMPRESA CINEMATOGRAFICA BOMBOCINE LTDA;21.298.337/0001-05
05/09/2020;05/09/2020 16:50:00;TURMA DA MÔNICA - LAÇOS;;B1900235500000;ORIGINAL;NÃO;BRASIL;5006384;GRUPOCINE SANTA ISABEL 02;0;6000034;44276;44277;SANTA ISABEL;SP;EMPRESA CINEMATOGRAFICA BOMBOCINE LTDA;21.298.337/0001-05
05/09/2020;05/09/2020 16:55:00;WONDER WOMAN;MULHER-MARAVILHA;E1700197900000;DUBLADO;NÃO;ESTADOS UNIDOS;5005966;CINE SUL SALA 02;2;6000121;38751;38752;MEDIANEIRA;PR;L N DA ROCHA & CIA LTDA - ME;29.099.414/0001-00
05/09/2020;05/09/2020 17:00:00;BLOODSHOT;BLOODSHOT;E1900579400000;DUBLADO;NÃO;ESTADOS UNIDOS;5005928;CENTERPLEX GRANDE CIRCULAR 05;2;6000006;38234;38235;MANAUS;AM;CINE ELI AMAZONAS CINEMAS LTDA - EM RECUPERAÇÃO JUDICIAL;28.619.116/0001-22
05/09/2020;05/09/2020 17:00:00;E.T. THE EXTRA-TERRESTRIAL;E.T. O EXTRATERRESTRE;E1402648300000;DUBLADO;NÃO;ESTADOS UNIDOS;5005160;CINÉPOLIS MANAUS PLAZA - SALA 4;3;6000024;17266;30118;MANAUS;AM;CINEPOLIS OPERADORA DE CINEMAS DO BRASIL LTDA;09.652.820/0001-32
05/09/2020;05/09/2020 17:00:00;EL ROBO DEL SIGLO;O ROUBO DO SÉCULO;E2000030900000;ORIGINAL;SIM;ARGENTINA;5006472;REDECINE SUMARE 01;0;6000014;5654;44547;SUMARÉ;SP;REDECINE-CPQ CINEMATOGRÁFICA LTDA;07.665.262/0001-14
05/09/2020;05/09/2020 17:00:00;JAWS;TUBARÃO;E1402577300000;ORIGINAL;SIM;ESTADOS UNIDOS;5005331;UCI BRASIL - SUMAÚMA PARK SHOPPING MANAUS SALA 08;1;6000058;749;31265;MANAUS;AM;UNITED CINEMAS INTERNATIONAL BRASIL LTDA.;01.289.530/0001-64
05/09/2020;05/09/2020 17:00:00;JUMANJI: NEXT LEVEL;JUMANJI: PROXIMA FASE;E1900458100000;DUBLADO;NÃO;ESTADOS UNIDOS;5005958;MOBI CINE REDENÇÃO SALA 3;1;6000040;28561;38513;REDENÇÃO;PA;C A VIEIRA LEMOS E CIA LTDA;20.334.881/0001-94
05/09/2020;05/09/2020 17:00:00;MINIONS;MINIONS;E1500311600000;DUBLADO;NÃO;ESTADOS UNIDOS;5006461;GRUPOCINE EUSÉBIO 01;6;6000034;44276;44457;EUSÉBIO;CE;EMPRESA CINEMATOGRAFICA BOMBOCINE LTDA;21.298.337/0001-05
05/09/2020;05/09/2020 17:00:00;MINIONS;MINIONS;E1500311600000;DUBLADO;NÃO;ESTADOS UNIDOS;5006383;GRUPOCINE SANTA ISABEL 01;5;6000034;44276;44277;SANTA ISABEL;SP;EMPRESA CINEMATOGRAFICA BOMBOCINE LTDA;21.298.337/0001-05
05/09/2020;05/09/2020 17:00:00;Mostras e Festivais;;G0000000000004;ORIGINAL;SIM;;5005092;CINÉPOLIS SÃO GONÇALO SHOPPING - SALA 1;8;6000024;17266;30088;SÃO GONÇALO;RJ;CINEPOLIS OPERADORA DE CINEMAS DO BRASIL LTDA;09.652.820/0001-32
05/09/2020;05/09/2020 17:00:00;Mostras e Festivais;;G0000000000004;DUBLADO;NÃO;;5002254;MOVIECOM PATIO BELÉM 5;21;6000100;2897;13915;BELÉM;PA;MOVIE CINEMAS LTDA;04.708.972/0001-96
05/09/2020;05/09/2020 17:00:00;SMALLFOOT;PÉPEQUENO;E1800215200000;DUBLADO;NÃO;ESTADOS UNIDOS;5005965;CINE SUL SALA 01;2;6000121;38751;38752;MEDIANEIRA;PR;L N DA ROCHA & CIA LTDA - ME;29.099.414/0001-00
05/09/2020;05/09/2020 17:00:00;THE SECRET: DARE TO DREAM;O SEGREDO: OUSE SONHAR;E2000080600000;DUBLADO;NÃO;ESTADOS UNIDOS;5005929;MOBI CINE AÇAILÂNDIA SALA 01;2;6000040;38236;38237;AÇAILÂNDIA;MA;C A V LEMOS E CIA LTDA - ME;14.717.191/0001-11
05/09/2020;05/09/2020 17:05:00;TURMA DA MÔNICA - LAÇOS;;B1900235500000;ORIGINAL;NÃO;BRASIL;5006411;GRUPOCINE ITAPETININGA 03;2;6000034;44276;44287;ITAPETININGA;SP;EMPRESA CINEMATOGRAFICA BOMBOCINE LTDA;21.298.337/0001-05
05/09/2020;05/09/2020 17:10:00;ATÉ QUE A SORTE NOS SEPARE;;B1201657700000;ORIGINAL;NÃO;BRASIL;5006414;GRUPOCINE MARANGUAPE 01;0;6000034;44276;44288;MARANGUAPE;CE;EMPRESA CINEMATOGRAFICA BOMBOCINE LTDA;21.298.337/0001-05
05/09/2020;05/09/2020 17:10:00;QUEEN OF SPADES: THROUGH THE LOOKING GLASS;A MALDIÇÃO DO ESPELHO;E1900574500000;DUBLADO;NÃO;RÚSSIA;5004472;SALA CINEPOLIS NORTH SHOPPING JOQUEI 02;2;6000024;17266;25960;FORTALEZA;CE;CINEPOLIS OPERADORA DE CINEMAS DO BRASIL LTDA;09.652.820/0001-32
05/09/2020;05/09/2020 17:10:00;TURMA DA MÔNICA - LAÇOS;;B1900235500000;ORIGINAL;NÃO;BRASIL;5006462;GRUPOCINE EUSÉBIO 02;2;6000034;44276;44457;EUSÉBIO;CE;EMPRESA CINEMATOGRAFICA BOMBOCINE LTDA;21.298.337/0001-05
05/09/2020;05/09/2020 17:15:00;ALADDIN;ALADDIN;E1900188100000;DUBLADO;NÃO;ESTADOS UNIDOS;5002721;SALA CINE PLAYARTE MANAUARA 01;21;6000049;260;16356;MANAUS;AM;PLAYARTE CINEMAS LTDA.;60.434.149/0001-00
05/09/2020;05/09/2020 17:15:00;E.T. THE EXTRA-TERRESTRIAL;E.T. O EXTRATERRESTRE;E1402648300000;DUBLADO;NÃO;ESTADOS UNIDOS;5006347;REDECINE PINDAMONHANGABA 01;0;6000034;43781;43782;PINDAMONHANGABA;SP;REDECINE PINDAMONHANGABA CINEMAS LTDA;34.408.375/0001-07
05/09/2020;05/09/2020 17:15:00;EL ROBO DEL SIGLO;O ROUBO DO SÉCULO;E2000030900000;ORIGINAL;SIM;ARGENTINA;5002940;SALA 03;4;6000024;17266;17763;BELÉM;PA;CINEPOLIS OPERADORA DE CINEMAS DO BRASIL LTDA;09.652.820/0001-32
05/09/2020;05/09/2020 17:15:00;ESCAPE FROM PRETORIA;FUGA DE PRETÓRIA;E2000249400000;ORIGINAL;SIM;ÁFRICA DO SUL;5003485;SALA PQ.BELEM 04;0;6000024;17266;21616;BELÉM;PA;CINEPOLIS OPERADORA DE CINEMAS DO BRASIL LTDA;09.652.820/0001-32
05/09/2020;05/09/2020 17:15:00;THE SECRET: DARE TO DREAM;O SEGREDO: OUSE SONHAR;E2000080600000;DUBLADO;NÃO;ESTADOS UNIDOS;5005693;CINEPOLIS RIOMAR KENNEDY - SALA 02;4;6000024;17266;34309;FORTALEZA;CE;CINEPOLIS OPERADORA DE CINEMAS DO BRASIL LTDA;09.652.820/0001-32
05/09/2020;05/09/2020 17:15:00;THE SECRET: DARE TO DREAM;O SEGREDO: OUSE SONHAR;E2000080600000;DUBLADO;NÃO;ESTADOS UNIDOS;5005099;CINÉPOLIS SÃO GONÇALO SHOPPING - SALA 8;4;6000024;17266;30088;SÃO GONÇALO;RJ;CINEPOLIS OPERADORA DE CINEMAS DO BRASIL LTDA;09.652.820/0001-32
05/09/2020;05/09/2020 17:20:00;MINHA MÃE É UMA PEÇA;;B1301808100000;ORIGINAL;NÃO;BRASIL;5006349;REDECINE PINDAMONHANGABA 03;1;6000034;43781;43782;PINDAMONHANGABA;SP;REDECINE PINDAMONHANGABA CINEMAS LTDA;34.408.375/0001-07
05/09/2020;05/09/2020 17:20:01;HARRY POTTER AND THE PHILOSOPHER'S STONE;HARRY POTTER E A PEDRA FILOSOFAL;E1500138600000;DUBLADO;NÃO;ESTADOS UNIDOS;5006364;ALFENAS SALA 1;2;6000008;15833;44017;ALFENAS;MG;CINE A LTDA;10.894.937/0001-01
05/09/2020;05/09/2020 17:20:01;HARRY POTTER AND THE PHILOSOPHER'S STONE;HARRY POTTER E A PEDRA FILOSOFAL;E1500138600000;DUBLADO;NÃO;ESTADOS UNIDOS;5006073;CINE A ALTAMIRA SALA 03;1;6000008;28464;33426;ALTAMIRA;PA;CINE A MARABA LTDA;21.160.773/0001-05
05/09/2020;05/09/2020 17:30:00;ATÉ QUE A SORTE NOS SEPARE;;B1201657700000;ORIGINAL;NÃO;BRASIL;5006348;REDECINE PINDAMONHANGABA 02;3;6000034;43781;43782;PINDAMONHANGABA;SP;REDECINE PINDAMONHANGABA CINEMAS LTDA;34.408.375/0001-07
05/09/2020;05/09/2020 17:30:00;BLOODSHOT;BLOODSHOT;E1900579400000;DUBLADO;NÃO;ESTADOS UNIDOS;5002253;MOVIECOM PATIO BELÉM 4;6;6000100;2897;13915;BELÉM;PA;MOVIE CINEMAS LTDA;04.708.972/0001-96
05/09/2020;05/09/2020 17:30:00;EL ROBO DEL SIGLO;O ROUBO DO SÉCULO;E2000030900000;ORIGINAL;SIM;ARGENTINA;5004373;SALA CINEPOLIS PONTA NEGRA 10 TRADICIONAL;2;6000024;17266;25193;MANAUS;AM;CINEPOLIS OPERADORA DE CINEMAS DO BRASIL LTDA;09.652.820/0001-32
05/09/2020;05/09/2020 17:30:00;ESCAPE FROM PRETORIA;FUGA DE PRETÓRIA;E2000249400000;ORIGINAL;SIM;ÁFRICA DO SUL;5004697;SALA RIOMAR 4 -VIP;0;6000024;17266;27076;FORTALEZA;CE;CINEPOLIS OPERADORA DE CINEMAS DO BRASIL LTDA;09.652.820/0001-32
05/09/2020;05/09/2020 17:30:00;ONWARD;DOIS IRMÃOS: UMA JORNADA FANTÁSTICA;E1900366400000;DUBLADO;NÃO;ESTADOS UNIDOS;5006539;CULT ALEGRETE 01;4;;45324;45325;ALEGRETE;RS;CULT CINEMAS ALEGRETE LTDA;34.712.675/0001-85
05/09/2020;05/09/2020 17:30:00;THE AVENGERS;THE AVENGERS: OS VINGADORES;E1500275200000;DUBLADO;NÃO;ESTADOS UNIDOS;5002565;CINE CATARATAS 2;7;;15565;15566;FOZ DO IGUAÇU;PR;CINE CATARATAS LTDA;09.010.219/0001-46
05/09/2020;05/09/2020 17:30:00;THE GENTLEMEN;MAGNATAS DO CRIME;E2000005600000;DUBLADO;NÃO;ESTADOS UNIDOS;5005328;UCI BRASIL - SUMAÚMA PARK SHOPPING MANAUS SALA 05;8;6000058;749;31265;MANAUS;AM;UNITED CINEMAS INTERNATIONAL BRASIL LTDA.;01.289.530/0001-64
05/09/2020;05/09/2020 17:35:00;JOHN WICK 3: PARABELLUM;JOHN WICK 3: PARABELLUM;E1900126300000;DUBLADO;NÃO;ESTADOS UNIDOS;5005306;CINEFLIX VÁRZEA GRANDE SHOPPING - SALA 3;2;6000014;24534;31101;VÁRZEA GRANDE;MT;REDECINE BSB CINEMATOGRÁFICA LTDA;18.087.870/0001-05
05/09/2020;05/09/2020 17:40:00;ESCAPE FROM PRETORIA;FUGA DE PRETÓRIA;E2000249400000;DUBLADO;NÃO;ÁFRICA DO SUL;5005430;UCI BRASIL - SHOPPING BOSQUE GRÃO PARÁ SALA 05;13;6000058;749;32026;BELÉM;PA;UNITED CINEMAS INTERNATIONAL BRASIL LTDA.;01.289.530/0001-64
05/09/2020;05/09/2020 17:40:00;THE SECRET: DARE TO DREAM;O SEGREDO: OUSE SONHAR;E2000080600000;DUBLADO;NÃO;ESTADOS UNIDOS;5006473;REDECINE SUMARE 02;2;6000014;5654;44547;SUMARÉ;SP;REDECINE-CPQ CINEMATOGRÁFICA LTDA;07.665.262/0001-14
05/09/2020;05/09/2020 17:45:00;BACK TO THE FUTURE;DE VOLTA PARA O FUTURO;E1402513800000;DUBLADO;NÃO;ESTADOS UNIDOS;5006350;REDECINE PINDAMONHANGABA 04;6;6000034;43781;43782;PINDAMONHANGABA;SP;REDECINE PINDAMONHANGABA CINEMAS LTDA;34.408.375/0001-07
05/09/2020;05/09/2020 17:45:00;EL ROBO DEL SIGLO;O ROUBO DO SÉCULO;E2000030900000;ORIGINAL;SIM;ARGENTINA;5005152;CINÉPOLIS MILLENNIUM - SALA 4;2;6000024;17266;30116;MANAUS;AM;CINEPOLIS OPERADORA DE CINEMAS DO BRASIL LTDA;09.652.820/0001-32
05/09/2020;05/09/2020 17:45:00;ESCAPE FROM PRETORIA;FUGA DE PRETÓRIA;E2000249400000;ORIGINAL;SIM;ÁFRICA DO SUL;5005696;CINEPOLIS RIOMAR KENNEDY - SALA 05;4;6000024;17266;34309;FORTALEZA;CE;CINEPOLIS OPERADORA DE CINEMAS DO BRASIL LTDA;09.652.820/0001-32
05/09/2020;05/09/2020 17:45:00;Mostras e Festivais;;G0000000000004;DUBLADO;NÃO;;5004882;CIRCUITO CINEMAS PBAS- SALA 04;9;6000028;15568;27873;PARAUAPEBAS;PA;CIRCUITO ENTRETENIMENTO E CINEMAS LTDA;08.068.712/0001-54
05/09/2020;05/09/2020 17:45:00;SPIDER-MAN: INTO THE SPIDER-VERSE;HOMEM-ARANHA NO ARANHAVERSO;E1800533700000;DUBLADO;NÃO;ESTADOS UNIDOS;5003488;SALA PQ.BELEM 07;11;6000024;17266;21616;BELÉM;PA;CINEPOLIS OPERADORA DE CINEMAS DO BRASIL LTDA;09.652.820/0001-32
05/09/2020;05/09/2020 17:45:00;THE SECRET: DARE TO DREAM;O SEGREDO: OUSE SONHAR;E2000080600000;ORIGINAL;SIM;ESTADOS UNIDOS;5002937;SALA 06;6;6000024;17266;17763;BELÉM;PA;CINEPOLIS OPERADORA DE CINEMAS DO BRASIL LTDA;09.652.820/0001-32
05/09/2020;05/09/2020 17:50:00;BLOODSHOT;BLOODSHOT;E1900579400000;DUBLADO;NÃO;ESTADOS UNIDOS;5000160;NORTH SHOPPING 1;15;6000037;1991;2414;FORTALEZA;CE;EMPRESA CINEMAS SÃO LUIZ S/A;33.497.660/0001-89
05/09/2020;05/09/2020 17:50:00;EL ROBO DEL SIGLO;O ROUBO DO SÉCULO;E2000030900000;ORIGINAL;SIM;ARGENTINA;5005305;CINEFLIX VÁRZEA GRANDE SHOPPING - SALA 2;5;6000014;24534;31101;VÁRZEA GRANDE;MT;REDECINE BSB CINEMATOGRÁFICA LTDA;18.087.870/0001-05
05/09/2020;05/09/2020 17:50:00;SOLTEIRA QUASE SURTANDO;;B2000040200000;ORIGINAL;NÃO;BRASIL;5005980;CINESYSTEM ANANINDEUA SALA 06;4;6000027;22546;38898;ANANINDEUA;PA;REDECINE BRA CINEMATOGRÁFICA S.A.;15.422.993/0001-67
05/09/2020;05/09/2020 17:50:00;SOLTEIRA QUASE SURTANDO;;B2000040200000;ORIGINAL;NÃO;BRASIL;5001497;MOVIECOM CASTANHEIRA 2;0;6000100;2897;2896;BELÉM;PA;MOVIE CINEMAS LTDA;04.708.972/0001-96
05/09/2020;05/09/2020 17:50:00;THE SECRET: DARE TO DREAM;O SEGREDO: OUSE SONHAR;E2000080600000;DUBLADO;NÃO;ESTADOS UNIDOS;5002719;SALA CINE PLAYARTE MANAUARA 05;23;6000049;260;16356;MANAUS;AM;PLAYARTE CINEMAS LTDA.;60.434.149/0001-00
05/09/2020;05/09/2020 17:50:00;WONDER WOMAN;MULHER-MARAVILHA;E1700197900000;DUBLADO;NÃO;ESTADOS UNIDOS;5006424;GRUPOCINE ITAPECERICA 04;0;6000034;44276;44290;ITAPECERICA DA SERRA;SP;EMPRESA CINEMATOGRAFICA BOMBOCINE LTDA;21.298.337/0001-05
05/09/2020;05/09/2020 18:00:00;BLACK PANTHER;PANTERA NEGRA;E1700512400000;DUBLADO;NÃO;ESTADOS UNIDOS;5006422;GRUPOCINE ITAPECERICA 02;4;6000034;44276;44290;ITAPECERICA DA SERRA;SP;EMPRESA CINEMATOGRAFICA BOMBOCINE LTDA;21.298.337/0001-05
05/09/2020;05/09/2020 18:00:00;EL ROBO DEL SIGLO;O ROUBO DO SÉCULO;E2000030900000;ORIGINAL;SIM;ARGENTINA;5002723;SALA CINE PLAYARTE MANAUARA 03;15;6000049;260;16356;MANAUS;AM;PLAYARTE CINEMAS LTDA.;60.434.149/0001-00
05/09/2020;05/09/2020 18:00:00;ESCAPE FROM PRETORIA;FUGA DE PRETÓRIA;E2000249400000;ORIGINAL;SIM;ÁFRICA DO SUL;5005149;CINÉPOLIS MILLENNIUM - SALA 1;0;6000024;17266;30116;MANAUS;AM;CINEPOLIS OPERADORA DE CINEMAS DO BRASIL LTDA;09.652.820/0001-32
05/09/2020;05/09/2020 18:00:00;ESCAPE FROM PRETORIA;FUGA DE PRETÓRIA;E2000249400000;ORIGINAL;SIM;ÁFRICA DO SUL;5005095;CINÉPOLIS SÃO GONÇALO SHOPPING - SALA 4;0;6000024;17266;30088;SÃO GONÇALO;RJ;CINEPOLIS OPERADORA DE CINEMAS DO BRASIL LTDA;09.652.820/0001-32
05/09/2020;05/09/2020 18:00:00;Eventos Esportivos;;G0000000000001;DUBLADO;NÃO;;5005309;CINEFLIX VÁRZEA GRANDE SHOPPING - SALA 6;15;6000014;24534;31101;VÁRZEA GRANDE;MT;REDECINE BSB CINEMATOGRÁFICA LTDA;18.087.870/0001-05
05/09/2020;05/09/2020 18:00:00;Eventos Esportivos;;G0000000000001;DUBLADO;NÃO;;5006474;REDECINE SUMARE 03;2;6000014;5654;44547;SUMARÉ;SP;REDECINE-CPQ CINEMATOGRÁFICA LTDA;07.665.262/0001-14
05/09/2020;05/09/2020 18:00:00;FROZEN II;FROZEN 2;E1900365900000;DUBLADO;NÃO;ESTADOS UNIDOS;5002102;CINE DRIVEIN;186;;5465;6715;BRASÍLIA;DF;STARK'S CINEMA E LANCHONETE LTDA.;32.917.296/0001-04
05/09/2020;05/09/2020 18:00:00;JAWS;TUBARÃO;E1402577300000;ORIGINAL;SIM;ESTADOS UNIDOS;5004703;SALA RIOMAR 10 - TRADICIONAL;2;6000024;17266;27076;FORTALEZA;CE;CINEPOLIS OPERADORA DE CINEMAS DO BRASIL LTDA;09.652.820/0001-32
05/09/2020;05/09/2020 18:00:00;Mostras e Festivais;;G0000000000004;DUBLADO;NÃO;;5000079;KINOPLEX AMAZONAS SALA 01;9;6000037;1991;2393;MANAUS;AM;EMPRESA CINEMAS SÃO LUIZ S/A;33.497.660/0001-89
05/09/2020;05/09/2020 18:00:00;QUEEN OF SPADES: THROUGH THE LOOKING GLASS;A MALDIÇÃO DO ESPELHO;E1900574500000;DUBLADO;NÃO;RÚSSIA;5005924;CENTERPLEX GRANDE CIRCULAR 01;5;6000006;38234;38235;MANAUS;AM;CINE ELI AMAZONAS CINEMAS LTDA - EM RECUPERAÇÃO JUDICIAL;28.619.116/0001-22
05/09/2020;05/09/2020 18:00:00;QUEEN OF SPADES: THROUGH THE LOOKING GLASS;A MALDIÇÃO DO ESPELHO;E1900574500000;DUBLADO;NÃO;RÚSSIA;5006476;REDECINE SUMARE 05;6;6000014;5654;44547;SUMARÉ;SP;REDECINE-CPQ CINEMATOGRÁFICA LTDA;07.665.262/0001-14
05/09/2020;05/09/2020 18:00:00;THE SECRET: DARE TO DREAM;O SEGREDO: OUSE SONHAR;E2000080600000;DUBLADO;NÃO;ESTADOS UNIDOS;5000161;NORTH SHOPPING 2;7;6000037;1991;2414;FORTALEZA;CE;EMPRESA CINEMAS SÃO LUIZ S/A;33.497.660/0001-89
05/09/2020;05/09/2020 18:00:00;THE SECRET: DARE TO DREAM;O SEGREDO: OUSE SONHAR;E2000080600000;DUBLADO;NÃO;ESTADOS UNIDOS;5004372;SALA CINEPOLIS PONTA NEGRA 09 TRADICIONAL;3;6000024;17266;25193;MANAUS;AM;CINEPOLIS OPERADORA DE CINEMAS DO BRASIL LTDA;09.652.820/0001-32
05/09/2020;05/09/2020 18:05:00;ESCAPE FROM PRETORIA;FUGA DE PRETÓRIA;E2000249400000;DUBLADO;NÃO;ÁFRICA DO SUL;5005325;UCI BRASIL - SUMAÚMA PARK SHOPPING MANAUS SALA 02;12;6000058;749;31265;MANAUS;AM;UNITED CINEMAS INTERNATIONAL BRASIL LTDA.;01.289.530/0001-64
05/09/2020;05/09/2020 18:05:00;THE SECRET: DARE TO DREAM;O SEGREDO: OUSE SONHAR;E2000080600000;DUBLADO;NÃO;ESTADOS UNIDOS;5004474;SALA CINEPOLIS NORTH SHOPPING JOQUEI 04;10;6000024;17266;25960;FORTALEZA;CE;CINEPOLIS OPERADORA DE CINEMAS DO BRASIL LTDA;09.652.820/0001-32
05/09/2020;05/09/2020 18:10:00;BLOODSHOT;BLOODSHOT;E1900579400000;DUBLADO;NÃO;ESTADOS UNIDOS;5004880;CIRCUITO CINEMAS PBAS- SALA 02;12;6000028;15568;27873;PARAUAPEBAS;PA;CIRCUITO ENTRETENIMENTO E CINEMAS LTDA;08.068.712/0001-54
05/09/2020;05/09/2020 18:10:00;EL ROBO DEL SIGLO;O ROUBO DO SÉCULO;E2000030900000;ORIGINAL;SIM;ARGENTINA;5005426;UCI BRASIL - SHOPPING BOSQUE GRÃO PARÁ SALA 01;7;6000058;749;32026;BELÉM;PA;UNITED CINEMAS INTERNATIONAL BRASIL LTDA.;01.289.530/0001-64
05/09/2020;05/09/2020 18:10:00;ESCAPE FROM PRETORIA;FUGA DE PRETÓRIA;E2000249400000;DUBLADO;NÃO;ÁFRICA DO SUL;5000162;NORTH SHOPPING 3;3;6000037;1991;2414;FORTALEZA;CE;EMPRESA CINEMAS SÃO LUIZ S/A;33.497.660/0001-89
05/09/2020;05/09/2020 18:10:00;QUEEN OF SPADES: THROUGH THE LOOKING GLASS;A MALDIÇÃO DO ESPELHO;E1900574500000;DUBLADO;NÃO;RÚSSIA;5005326;UCI BRASIL - SUMAÚMA PARK SHOPPING MANAUS SALA 03;28;6000058;749;31265;MANAUS;AM;UNITED CINEMAS INTERNATIONAL BRASIL LTDA.;01.289.530/0001-64
05/09/2020;05/09/2020 18:10:00;THE SECRET: DARE TO DREAM;O SEGREDO: OUSE SONHAR;E2000080600000;DUBLADO;NÃO;ESTADOS UNIDOS;5005307;CINEFLIX VÁRZEA GRANDE SHOPPING - SALA 4;8;6000014;24534;31101;VÁRZEA GRANDE;MT;REDECINE BSB CINEMATOGRÁFICA LTDA;18.087.870/0001-05
05/09/2020;05/09/2020 18:15:00;BLACK PANTHER;PANTERA NEGRA;E1700512400000;DUBLADO;NÃO;ESTADOS UNIDOS;5002256;MOVIECOM PATIO BELÉM 3;16;6000100;2897;13915;BELÉM;PA;MOVIE CINEMAS LTDA;04.708.972/0001-96
05/09/2020;05/09/2020 18:15:00;EL ROBO DEL SIGLO;O ROUBO DO SÉCULO;E2000030900000;ORIGINAL;SIM;ARGENTINA;5000163;NORTH SHOPPING 4;3;6000037;1991;2414;FORTALEZA;CE;EMPRESA CINEMAS SÃO LUIZ S/A;33.497.660/0001-89
05/09/2020;05/09/2020 18:15:00;Eventos Esportivos;;G0000000000001;DUBLADO;NÃO;;5005308;CINEFLIX VÁRZEA GRANDE SHOPPING - SALA 5;0;6000014;24534;31101;VÁRZEA GRANDE;MT;REDECINE BSB CINEMATOGRÁFICA LTDA;18.087.870/0001-05
05/09/2020;05/09/2020 18:15:00;HARRY POTTER AND THE SORCERER'S STONE;HARRY POTTER AND THE SORCERER'S STONE;E1900440700000;ORIGINAL;SIM;ESTADOS UNIDOS;5005975;CINESYSTEM ANANINDEUA SALA 01;11;6000027;22546;38898;ANANINDEUA;PA;REDECINE BRA CINEMATOGRÁFICA S.A.;15.422.993/0001-67
05/09/2020;05/09/2020 18:15:00;SONIC THE HEDGEHOG;SONIC - O FILME;E2000012200000;DUBLADO;NÃO;CANADÁ;5006601;CINE DRIVE-IN ESPAÇO CINEMAX;4;;5944;6680;ITABIRA;MG;ESPAÇO CULTURAL CINE ATLETICO LTDA;06.981.108/0001-99
05/09/2020;05/09/2020 18:15:00;THE SECRET: DARE TO DREAM;O SEGREDO: OUSE SONHAR;E2000080600000;DUBLADO;NÃO;ESTADOS UNIDOS;5005159;CINÉPOLIS MANAUS PLAZA - SALA 3;1;6000024;17266;30118;MANAUS;AM;CINEPOLIS OPERADORA DE CINEMAS DO BRASIL LTDA;09.652.820/0001-32
05/09/2020;05/09/2020 18:15:00;THE SECRET: DARE TO DREAM;O SEGREDO: OUSE SONHAR;E2000080600000;DUBLADO;NÃO;ESTADOS UNIDOS;5003487;SALA PQ.BELEM 06;1;6000024;17266;21616;BELÉM;PA;CINEPOLIS OPERADORA DE CINEMAS DO BRASIL LTDA;09.652.820/0001-32
05/09/2020;05/09/2020 18:15:01;E.T;E.T. O EXTRATERRESTRE;E1500491000000;DUBLADO;NÃO;ESTADOS UNIDOS;5006381;ALFENAS SALA 3;1;6000008;15833;44017;ALFENAS;MG;CINE A LTDA;10.894.937/0001-01
05/09/2020;05/09/2020 18:15:01;E.T;E.T. O EXTRATERRESTRE;E1500491000000;DUBLADO;NÃO;ESTADOS UNIDOS;5005617;CINE A ALTAMIRA SALA 01;1;6000008;28464;33426;ALTAMIRA;PA;CINE A MARABA LTDA;21.160.773/0001-05
05/09/2020;05/09/2020 18:20:00;THE CONJURING;INVOCAÇÃO DO MAL;E1500097000000;DUBLADO;NÃO;ESTADOS UNIDOS;5006421;GRUPOCINE ITAPECERICA 01;2;6000034;44276;44290;ITAPECERICA DA SERRA;SP;EMPRESA CINEMATOGRAFICA BOMBOCINE LTDA;21.298.337/0001-05
05/09/2020;05/09/2020 18:20:00;THE SECRET: DARE TO DREAM;O SEGREDO: OUSE SONHAR;E2000080600000;DUBLADO;NÃO;ESTADOS UNIDOS;5000081;KINOPLEX AMAZONAS SALA 03;10;6000037;1991;2393;MANAUS;AM;EMPRESA CINEMAS SÃO LUIZ S/A;33.497.660/0001-89
05/09/2020;05/09/2020 18:30:00;21 BRIDGES;CRIME SEM SAÍDA;E1900482200000;DUBLADO;NÃO;ESTADOS UNIDOS;5005981;CINESYSTEM ANANINDEUA SALA 07;0;6000027;22546;38898;ANANINDEUA;PA;REDECINE BRA CINEMATOGRÁFICA S.A.;15.422.993/0001-67
05/09/2020;05/09/2020 18:30:00;EL ROBO DEL SIGLO;O ROUBO DO SÉCULO;E2000030900000;DUBLADO;NÃO;ARGENTINA;5001149;CINE PORTO;11;;2351;2352;UBATUBA;SP;CINEMATOGRÁFICA LITORAL NORTE LTDA-EPP;04.165.613/0001-30
05/09/2020;05/09/2020 18:30:00;ESCAPE FROM PRETORIA;FUGA DE PRETÓRIA;E2000249400000;DUBLADO;NÃO;ÁFRICA DO SUL;5005304;CINEFLIX VÁRZEA GRANDE SHOPPING - SALA 1;0;6000014;24534;31101;VÁRZEA GRANDE;MT;REDECINE BSB CINEMATOGRÁFICA LTDA;18.087.870/0001-05
05/09/2020;05/09/2020 18:30:00;ESCAPE FROM PRETORIA;FUGA DE PRETÓRIA;E2000249400000;ORIGINAL;SIM;ÁFRICA DO SUL;5004366;SALA CINEPOLIS PONTA NEGRA 03 VIP;4;6000024;17266;25193;MANAUS;AM;CINEPOLIS OPERADORA DE CINEMAS DO BRASIL LTDA;09.652.820/0001-32
05/09/2020;05/09/2020 18:30:00;INSIDE OUT;DIVERTIDA MENTE;E1500351400000;DUBLADO;NÃO;ESTADOS UNIDOS;5006356;MULTICINE IANDE SHOPPING 1;0;6000045;5935;43968;CAUCAIA;CE;MULTICINE CINEMAS LTDA;07.609.246/0001-04
05/09/2020;05/09/2020 18:30:00;QUEEN OF SPADES: THROUGH THE LOOKING GLASS;A MALDIÇÃO DO ESPELHO;E1900574500000;DUBLADO;NÃO;RÚSSIA;5005694;CINEPOLIS RIOMAR KENNEDY - SALA 03;8;6000024;17266;34309;FORTALEZA;CE;CINEPOLIS OPERADORA DE CINEMAS DO BRASIL LTDA;09.652.820/0001-32
05/09/2020;05/09/2020 18:30:00;QUEEN OF SPADES: THROUGH THE LOOKING GLASS;A MALDIÇÃO DO ESPELHO;E1900574500000;DUBLADO;NÃO;RÚSSIA;5005098;CINÉPOLIS SÃO GONÇALO SHOPPING - SALA 7;4;6000024;17266;30088;SÃO GONÇALO;RJ;CINEPOLIS OPERADORA DE CINEMAS DO BRASIL LTDA;09.652.820/0001-32
05/09/2020;05/09/2020 18:30:00;SMALLFOOT;PÉPEQUENO;E1800215200000;DUBLADO;NÃO;ESTADOS UNIDOS;5006625;CINE GOLDEN - DRIVE IN;15;6000141;45886;46420;JEQUIÉ;BA;GF ANDRADE ENTRETENIMENTO E COMÉRCIO LTDA;23.200.362/0001-21
05/09/2020;05/09/2020 18:30:00;THE ADDAMS FAMILY;A FAMÍLIA ADDAMS;E1900349600000;DUBLADO;NÃO;CANADÁ;5006572;CINE 14 BIS DRIVE-IN;4;;5822;6623;GUAXUPÉ;MG;GUAXUPE PROMOCOES E EVENTOS LTDA;03.929.354/0001-03
05/09/2020;05/09/2020 18:30:00;THE CONJURING;INVOCAÇÃO DO MAL;E1500097000000;DUBLADO;NÃO;ESTADOS UNIDOS;5002427;CINE WEST SALA 02;8;;14882;14883;CASCAVEL;PR;WEST SIDE SHOPPING CENTER LTDA;68.761.170/0001-22
05/09/2020;05/09/2020 18:30:00;THE SECRET: DARE TO DREAM;O SEGREDO: OUSE SONHAR;E2000080600000;DUBLADO;NÃO;ESTADOS UNIDOS;5005956;MOBI CINE REDENÇÃO SALA 1;2;6000040;28561;38513;REDENÇÃO;PA;C A VIEIRA LEMOS E CIA LTDA;20.334.881/0001-94
05/09/2020;05/09/2020 18:30:00;TURMA DA MÔNICA - LAÇOS;;B1900235500000;ORIGINAL;NÃO;BRASIL;5006610;CINESYSTEM DRIVE-IN AEROPORTO VITÓRIA;22;6000027;22546;46257;VITÓRIA;ES;REDECINE BRA CINEMATOGRÁFICA S.A.;15.422.993/0001-67
05/09/2020;05/09/2020 18:30:00;TURMA DA MÔNICA - LAÇOS;;B1900235500000;ORIGINAL;NÃO;BRASIL;5005931;MOBI CINE AÇAILÂNDIA SALA 03;1;6000040;38236;38237;AÇAILÂNDIA;MA;C A V LEMOS E CIA LTDA - ME;14.717.191/0001-11
05/09/2020;05/09/2020 18:30:00;WONDER PARK;O PARQUE DOS SONHOS;E1900025300000;DUBLADO;NÃO;ESTADOS UNIDOS;5006619;DRIVE - GYN SERRA DOURADA 03;4;6000039;45898;46312;GOIÂNIA;GO;DRIVE-GYN ENTRETENIMENTO LTDA;37.109.882/0001-38
05/09/2020;05/09/2020 18:40:00;BACK TO THE FUTURE;DE VOLTA PARA O FUTURO;E1402513800000;DUBLADO;NÃO;ESTADOS UNIDOS;5005751;CINE WEST SALA 03;2;;14882;14883;CASCAVEL;PR;WEST SIDE SHOPPING CENTER LTDA;68.761.170/0001-22
05/09/2020;05/09/2020 18:40:00;BLACK PANTHER;PANTERA NEGRA;E1700512400000;DUBLADO;NÃO;ESTADOS UNIDOS;5001498;MOVIECOM CASTANHEIRA 3;17;6000100;2897;2896;BELÉM;PA;MOVIE CINEMAS LTDA;04.708.972/0001-96
05/09/2020;05/09/2020 18:40:00;JAWS;TUBARÃO;E1402577300000;ORIGINAL;SIM;ESTADOS UNIDOS;5005428;UCI BRASIL - SHOPPING BOSQUE GRÃO PARÁ SALA 03;0;6000058;749;32026;BELÉM;PA;UNITED CINEMAS INTERNATIONAL BRASIL LTDA.;01.289.530/0001-64
05/09/2020;05/09/2020 18:40:00;JOKER;CORINGA;E1900357300000;DUBLADO;NÃO;CANADÁ;5006494;CINE INTER SANTA INES 02;22;6000140;44834;44835;SANTA INÊS;MA;CINEINTER EXIBICOES CINEMATOGRAFICAS LTDA;35.477.354/0001-06
05/09/2020;05/09/2020 18:40:00;JURASSIC WORLD: FALLEN KINGDOM;JURASSIC WORLD - REINO AMEAÇADO;E1800169900000;DUBLADO;NÃO;ESTADOS UNIDOS;5004822;KINOPLEX AMAZONAS SALA 04;30;6000037;1991;2393;MANAUS;AM;EMPRESA CINEMAS SÃO LUIZ S/A;33.497.660/0001-89
05/09/2020;05/09/2020 18:40:00;MINHA MÃE É UMA PEÇA 3;;B1900576900000;ORIGINAL;NÃO;BRASIL;5006580;CINESYSTEM MORUMBI TOWN DRIVE-IN;73;6000027;22546;34941;SÃO PAULO;SP;REDECINE BRA CINEMATOGRÁFICA S.A.;15.422.993/0001-67
05/09/2020;05/09/2020 18:40:00;THE GREAT WALL;A GRANDE MURALHA;E1500758300000;ORIGINAL;SIM;ESTADOS UNIDOS;5006618;DRIVE - GYN SERRA DOURADA 02;5;6000039;45898;46312;GOIÂNIA;GO;DRIVE-GYN ENTRETENIMENTO LTDA;37.109.882/0001-38
05/09/2020;05/09/2020 18:40:00;THE SECRET: DARE TO DREAM;O SEGREDO: OUSE SONHAR;E2000080600000;DUBLADO;NÃO;ESTADOS UNIDOS;5005151;CINÉPOLIS MILLENNIUM - SALA 3;4;6000024;17266;30116;MANAUS;AM;CINEPOLIS OPERADORA DE CINEMAS DO BRASIL LTDA;09.652.820/0001-32
05/09/2020;05/09/2020 18:40:00;THE SECRET: DARE TO DREAM;O SEGREDO: OUSE SONHAR;E2000080600000;DUBLADO;NÃO;ESTADOS UNIDOS;5002257;MOVIECOM PATIO BELÉM 2;3;6000100;2897;13915;BELÉM;PA;MOVIE CINEMAS LTDA;04.708.972/0001-96
05/09/2020;05/09/2020 18:40:00;TWILIGHT;CREPÚSCULO;E1600635500000;DUBLADO;NÃO;ESTADOS UNIDOS;5006423;GRUPOCINE ITAPECERICA 03;0;6000034;44276;44290;ITAPECERICA DA SERRA;SP;EMPRESA CINEMATOGRAFICA BOMBOCINE LTDA;21.298.337/0001-05
05/09/2020;05/09/2020 18:40:01;HOW TO TRAIN YOUR DRAGON: THE HIDDEN WORLD;COMO TREINAR O SEU DRAGÃO 3;E1800532200000;DUBLADO;NÃO;ESTADOS UNIDOS;5006574;DRIVE IN CINEART ALPHAVILLE;35;6000013;437;45925;NOVA LIMA;MG;DELTA FILMES LTDA;01.735.159/0001-17
05/09/2020;05/09/2020 18:45:00;21 BRIDGES;CRIME SEM SAÍDA;E1900482200000;DUBLADO;NÃO;ESTADOS UNIDOS;5005979;CINESYSTEM ANANINDEUA SALA 05;10;6000027;22546;38898;ANANINDEUA;PA;REDECINE BRA CINEMATOGRÁFICA S.A.;15.422.993/0001-67
05/09/2020;05/09/2020 18:45:00;ATÉ QUE A SORTE NOS SEPARE;;B1201657700000;ORIGINAL;NÃO;BRASIL;5006410;GRUPOCINE ITAPETININGA 02;0;6000034;44276;44287;ITAPETININGA;SP;EMPRESA CINEMATOGRAFICA BOMBOCINE LTDA;21.298.337/0001-05
05/09/2020;05/09/2020 18:45:00;FORD V FERRARI;FORD VS FERRARI;E1900252200000;DUBLADO;NÃO;ESTADOS UNIDOS;5006606;CINE CAVALIERE ORLANDI DRIVE IN;3;;15009;15010;SOCORRO;SP;ORLANDI MARCHESE LTDA - ME;03.091.068/0001-11
05/09/2020;05/09/2020 18:45:00;GET OUT;CORRA!;E1700047300000;DUBLADO;NÃO;ESTADOS UNIDOS;5006415;GRUPOCINE MARANGUAPE 02;10;6000034;44276;44288;MARANGUAPE;CE;EMPRESA CINEMATOGRAFICA BOMBOCINE LTDA;21.298.337/0001-05
05/09/2020;05/09/2020 18:45:00;QUEEN OF SPADES: THROUGH THE LOOKING GLASS;A MALDIÇÃO DO ESPELHO;E1900574500000;DUBLADO;NÃO;RÚSSIA;5005157;CINÉPOLIS MANAUS PLAZA - SALA 1;4;6000024;17266;30118;MANAUS;AM;CINEPOLIS OPERADORA DE CINEMAS DO BRASIL LTDA;09.652.820/0001-32
05/09/2020;05/09/2020 18:45:00;QUEEN OF SPADES: THROUGH THE LOOKING GLASS;A MALDIÇÃO DO ESPELHO;E1900574500000;DUBLADO;NÃO;RÚSSIA;5002938;SALA 04;11;6000024;17266;17763;BELÉM;PA;CINEPOLIS OPERADORA DE CINEMAS DO BRASIL LTDA;09.652.820/0001-32
05/09/2020;05/09/2020 18:45:00;THE SECRET: DARE TO DREAM;O SEGREDO: OUSE SONHAR;E2000080600000;DUBLADO;NÃO;ESTADOS UNIDOS;5005327;UCI BRASIL - SUMAÚMA PARK SHOPPING MANAUS SALA 04;10;6000058;749;31265;MANAUS;AM;UNITED CINEMAS INTERNATIONAL BRASIL LTDA.;01.289.530/0001-64
05/09/2020;05/09/2020 18:50:00;BLACK PANTHER;PANTERA NEGRA;E1700512400000;DUBLADO;NÃO;ESTADOS UNIDOS;5006384;GRUPOCINE SANTA ISABEL 02;0;6000034;44276;44277;SANTA ISABEL;SP;EMPRESA CINEMATOGRAFICA BOMBOCINE LTDA;21.298.337/0001-05
05/09/2020;05/09/2020 18:50:00;E.T. THE EXTRA-TERRESTRIAL;E.T. O EXTRATERRESTRE;E1402648300000;DUBLADO;NÃO;ESTADOS UNIDOS;5006416;GRUPOCINE MARANGUAPE 03;3;6000034;44276;44288;MARANGUAPE;CE;EMPRESA CINEMATOGRAFICA BOMBOCINE LTDA;21.298.337/0001-05
05/09/2020;05/09/2020 18:50:00;GET OUT;CORRA!;E1700047300000;DUBLADO;NÃO;ESTADOS UNIDOS;5006464;GRUPOCINE EUSÉBIO 04;2;6000034;44276;44457;EUSÉBIO;CE;EMPRESA CINEMATOGRAFICA BOMBOCINE LTDA;21.298.337/0001-05
05/09/2020;05/09/2020 18:50:00;HALLOWEEN;HALLOWEEN;E1800335600000;DUBLADO;NÃO;ESTADOS UNIDOS;5006617;DRIVE - GYN SERRA DOURADA 01;5;6000039;45898;46312;GOIÂNIA;GO;DRIVE-GYN ENTRETENIMENTO LTDA;37.109.882/0001-38
05/09/2020;05/09/2020 18:50:00;QUEEN OF SPADES: THROUGH THE LOOKING GLASS;A MALDIÇÃO DO ESPELHO;E1900574500000;DUBLADO;NÃO;RÚSSIA;5002726;SALA CINE PLAYARTE MANAUARA 06;57;6000049;260;16356;MANAUS;AM;PLAYARTE CINEMAS LTDA.;60.434.149/0001-00
05/09/2020;05/09/2020 19:00:00;BLOODSHOT;BLOODSHOT;E1900579400000;DUBLADO;NÃO;ESTADOS UNIDOS;5005957;MOBI CINE REDENÇÃO SALA 2;5;6000040;28561;38513;REDENÇÃO;PA;C A VIEIRA LEMOS E CIA LTDA;20.334.881/0001-94
05/09/2020;05/09/2020 19:00:00;BLOODSHOT;BLOODSHOT;E1900579400000;DUBLADO;NÃO;ESTADOS UNIDOS;5001503;MOVIECOM CASTANHEIRA 6;12;6000100;2897;2896;BELÉM;PA;MOVIE CINEMAS LTDA;04.708.972/0001-96
05/09/2020;05/09/2020 19:00:00;CAPTAIN MARVEL;CAPITÃ MARVEL;E1900011200000;DUBLADO;NÃO;ESTADOS UNIDOS;5006567;CINESHOW TUBARÃO DRIVE-IN;36;6000025;33770;33771;TUBARÃO;SC;TUBARÃO FILMES LTDA;24.971.903/0001-88
05/09/2020;05/09/2020 19:00:00;D.P.A. - DETETIVES DO PRÉDIO AZUL;;B1700328500000;ORIGINAL;NÃO;BRASIL;5006579;CINESYSTEM BRÁS DRIVE-IN;7;6000027;22546;34941;SÃO PAULO;SP;REDECINE BRA CINEMATOGRÁFICA S.A.;15.422.993/0001-67
05/09/2020;05/09/2020 19:00:00;EL ROBO DEL SIGLO;O ROUBO DO SÉCULO;E2000030900000;DUBLADO;NÃO;ARGENTINA;5006493;CINE INTER SANTA INES 01;6;6000140;44834;44835;SANTA INÊS;MA;CINEINTER EXIBICOES CINEMATOGRAFICAS LTDA;35.477.354/0001-06
05/09/2020;05/09/2020 19:00:00;ESCAPE FROM PRETORIA;FUGA DE PRETÓRIA;E2000249400000;ORIGINAL;SIM;ÁFRICA DO SUL;5002941;SALA 02;3;6000024;17266;17763;BELÉM;PA;CINEPOLIS OPERADORA DE CINEMAS DO BRASIL LTDA;09.652.820/0001-32
05/09/2020;05/09/2020 19:00:00;FROZEN II;FROZEN 2;E1900365900000;DUBLADO;NÃO;ESTADOS UNIDOS;5006595;CENTERPLEX ESTAÇÃO ATIBAIA DRIVE-IN;5;6000006;2836;2843;ATIBAIA;SP;EMPRESA SAO LUIZ DE CINEMAS LTDA - EM RECUPERACAO JUDICIAL;52.067.071/0001-05
05/09/2020;05/09/2020 19:00:00;GET OUT;CORRA!;E1700047300000;DUBLADO;NÃO;ESTADOS UNIDOS;5006413;GRUPOCINE ITAPETININGA 05;0;6000034;44276;44287;ITAPETININGA;SP;EMPRESA CINEMATOGRAFICA BOMBOCINE LTDA;21.298.337/0001-05
05/09/2020;05/09/2020 19:00:00;JUMANJI: NEXT LEVEL;JUMANJI: PROXIMA FASE;E1900458100000;DUBLADO;NÃO;ESTADOS UNIDOS;5005930;MOBI CINE AÇAILÂNDIA SALA 02;8;6000040;38236;38237;AÇAILÂNDIA;MA;C A V LEMOS E CIA LTDA - ME;14.717.191/0001-11
05/09/2020;05/09/2020 19:00:00;MY SPY;APRENDIZ DE ESPIÃ;E1900289600000;DUBLADO;NÃO;ESTADOS UNIDOS;5005642;CINE LASER BARRA DO GARÇAS SALA 01;7;6000104;33805;33806;BARRA DO GARÇAS;MT;CINE LASER BARRA DO GARÇAS LTDA- ME;24.864.214/0001-74
05/09/2020;05/09/2020 19:00:00;Mostras e Festivais;;G0000000000004;ORIGINAL;SIM;;5005697;CINEPOLIS RIOMAR KENNEDY - SALA 06;0;6000024;17266;34309;FORTALEZA;CE;CINEPOLIS OPERADORA DE CINEMAS DO BRASIL LTDA;09.652.820/0001-32
05/09/2020;05/09/2020 19:00:00;Mostras e Festivais;;G0000000000004;ORIGINAL;SIM;;5005161;CINÉPOLIS MANAUS PLAZA - SALA 5;0;6000024;17266;30118;MANAUS;AM;CINEPOLIS OPERADORA DE CINEMAS DO BRASIL LTDA;09.652.820/0001-32
05/09/2020;05/09/2020 19:00:00;QUEEN OF SPADES: THROUGH THE LOOKING GLASS;A MALDIÇÃO DO ESPELHO;E1900574500000;DUBLADO;NÃO;RÚSSIA;5005977;CINESYSTEM ANANINDEUA SALA 03;18;6000027;22546;38898;ANANINDEUA;PA;REDECINE BRA CINEMATOGRÁFICA S.A.;15.422.993/0001-67
05/09/2020;05/09/2020 19:00:00;QUEEN OF SPADES: THROUGH THE LOOKING GLASS;A MALDIÇÃO DO ESPELHO;E1900574500000;DUBLADO;NÃO;RÚSSIA;5000164;NORTH SHOPPING 5;21;6000037;1991;2414;FORTALEZA;CE;EMPRESA CINEMAS SÃO LUIZ S/A;33.497.660/0001-89
05/09/2020;05/09/2020 19:00:00;SMALLFOOT;PÉPEQUENO;E1800215200000;DUBLADO;NÃO;ESTADOS UNIDOS;5005965;CINE SUL SALA 01;9;6000121;38751;38752;MEDIANEIRA;PR;L N DA ROCHA & CIA LTDA - ME;29.099.414/0001-00
05/09/2020;05/09/2020 19:00:00;SPIDER-MAN: FAR FROM HOME;HOMEM-ARANHA LONGE DE CASA;E1900127700000;DUBLADO;NÃO;ESTADOS UNIDOS;5006586;MULTICINE DRIVE IN - CIDADE JARDIM;4;6000045;5935;30736;GOIÂNIA;GO;MULTICINE CINEMAS LTDA;07.609.246/0001-04
05/09/2020;05/09/2020 19:00:00;THE GENTLEMEN;MAGNATAS DO CRIME;E2000005600000;DUBLADO;NÃO;ESTADOS UNIDOS;5005153;CINÉPOLIS MILLENNIUM - SALA 5;0;6000024;17266;30116;MANAUS;AM;CINEPOLIS OPERADORA DE CINEMAS DO BRASIL LTDA;09.652.820/0001-32
05/09/2020;05/09/2020 19:00:00;THE SECRET LIFE OF PETS 2;PETS: A VIDA SECRETA DOS BICHOS 2;E1900162100000;DUBLADO;NÃO;ESTADOS UNIDOS;5006620;CINEMAIS MONTES CLAROS DRIVE IN;1;6000017;2892;23844;MONTES CLAROS;MG;CINEMAIS CINEMAS LTDA;03.868.869/0001-40
05/09/2020;05/09/2020 19:00:00;THE SECRET: DARE TO DREAM;O SEGREDO: OUSE SONHAR;E2000080600000;DUBLADO;NÃO;ESTADOS UNIDOS;5004879;CIRCUITO CINEMAS PBAS- SALA 01;14;6000028;15568;27873;PARAUAPEBAS;PA;CIRCUITO ENTRETENIMENTO E CINEMAS LTDA;08.068.712/0001-54
05/09/2020;05/09/2020 19:00:00;TWILIGHT;CREPÚSCULO;E1600635500000;ORIGINAL;SIM;ESTADOS UNIDOS;5006365;ALFENAS SALA 2;2;6000008;15833;44017;ALFENAS;MG;CINE A LTDA;10.894.937/0001-01
05/09/2020;05/09/2020 19:00:00;TWILIGHT;CREPÚSCULO;E1600635500000;ORIGINAL;SIM;ESTADOS UNIDOS;5006072;CINE A ALTAMIRA SALA 02;1;6000008;28464;33426;ALTAMIRA;PA;CINE A MARABA LTDA;21.160.773/0001-05
05/09/2020;05/09/2020 19:00:01;ATÉ QUE A SORTE NOS SEPARE;;B1201657700000;ORIGINAL;NÃO;BRASIL;5006461;GRUPOCINE EUSÉBIO 01;0;6000034;44276;44457;EUSÉBIO;CE;EMPRESA CINEMATOGRAFICA BOMBOCINE LTDA;21.298.337/0001-05
05/09/2020;05/09/2020 19:00:01;FROZEN II;FROZEN 2;E1900365900000;DUBLADO;NÃO;ESTADOS UNIDOS;5006627;CINE DRIVE IN CTN OSASCO;12;6000006;2836;46494;OSASCO;SP;EMPRESA SAO LUIZ DE CINEMAS LTDA - EM RECUPERACAO JUDICIAL;52.067.071/0001-05
05/09/2020;05/09/2020 19:00:01;THE SECRET LIFE OF PETS 2;PETS: A VIDA SECRETA DOS BICHOS 2;E1900162100000;DUBLADO;NÃO;ESTADOS UNIDOS;5006560;CINE A ITAJUBÁ DRIVE-IN;1;6000008;15833;41725;ITAJUBÁ;MG;CINE A LTDA;10.894.937/0001-01
05/09/2020;05/09/2020 19:05:00;BACK TO THE FUTURE;DE VOLTA PARA O FUTURO;E1402513800000;DUBLADO;NÃO;ESTADOS UNIDOS;5006411;GRUPOCINE ITAPETININGA 03;1;6000034;44276;44287;ITAPETININGA;SP;EMPRESA CINEMATOGRAFICA BOMBOCINE LTDA;21.298.337/0001-05
05/09/2020;05/09/2020 19:05:00;MINHA MÃE É UMA PEÇA;;B1301808100000;ORIGINAL;NÃO;BRASIL;5006463;GRUPOCINE EUSÉBIO 03;0;6000034;44276;44457;EUSÉBIO;CE;EMPRESA CINEMATOGRAFICA BOMBOCINE LTDA;21.298.337/0001-05
05/09/2020;05/09/2020 19:05:00;MINHA MÃE É UMA PEÇA;;B1301808100000;ORIGINAL;NÃO;BRASIL;5006383;GRUPOCINE SANTA ISABEL 01;0;6000034;44276;44277;SANTA ISABEL;SP;EMPRESA CINEMATOGRAFICA BOMBOCINE LTDA;21.298.337/0001-05
05/09/2020;05/09/2020 19:05:00;THE SECRET: DARE TO DREAM;O SEGREDO: OUSE SONHAR;E2000080600000;DUBLADO;NÃO;ESTADOS UNIDOS;5006358;MULTICINE IANDE SHOPPING 3;0;6000045;5935;43968;CAUCAIA;CE;MULTICINE CINEMAS LTDA;07.609.246/0001-04
05/09/2020;05/09/2020 19:10:00;BACK TO THE FUTURE;DE VOLTA PARA O FUTURO;E1402513800000;DUBLADO;NÃO;ESTADOS UNIDOS;5006462;GRUPOCINE EUSÉBIO 02;0;6000034;44276;44457;EUSÉBIO;CE;EMPRESA CINEMATOGRAFICA BOMBOCINE LTDA;21.298.337/0001-05
05/09/2020;05/09/2020 19:10:00;QUEEN OF SPADES: THROUGH THE LOOKING GLASS;A MALDIÇÃO DO ESPELHO;E1900574500000;DUBLADO;NÃO;RÚSSIA;5000080;KINOPLEX AMAZONAS SALA 02;48;6000037;1991;2393;MANAUS;AM;EMPRESA CINEMAS SÃO LUIZ S/A;33.497.660/0001-89
05/09/2020;05/09/2020 19:10:00;THE SECRET: DARE TO DREAM;O SEGREDO: OUSE SONHAR;E2000080600000;DUBLADO;NÃO;ESTADOS UNIDOS;5005929;MOBI CINE AÇAILÂNDIA SALA 01;0;6000040;38236;38237;AÇAILÂNDIA;MA;C A V LEMOS E CIA LTDA - ME;14.717.191/0001-11
05/09/2020;05/09/2020 19:15:00;EL ROBO DEL SIGLO;O ROUBO DO SÉCULO;E2000030900000;ORIGINAL;SIM;ARGENTINA;5005978;CINESYSTEM ANANINDEUA SALA 04;8;6000027;22546;38898;ANANINDEUA;PA;REDECINE BRA CINEMATOGRÁFICA S.A.;15.422.993/0001-67
05/09/2020;05/09/2020 19:15:00;MINHA MÃE É UMA PEÇA;;B1301808100000;ORIGINAL;NÃO;BRASIL;5006412;GRUPOCINE ITAPETININGA 04;2;6000034;44276;44287;ITAPETININGA;SP;EMPRESA CINEMATOGRAFICA BOMBOCINE LTDA;21.298.337/0001-05
05/09/2020;05/09/2020 19:15:00;QUEEN OF SPADES: THROUGH THE LOOKING GLASS;A MALDIÇÃO DO ESPELHO;E1900574500000;DUBLADO;NÃO;RÚSSIA;5003483;SALA PQ.BELEM 02;12;6000024;17266;21616;BELÉM;PA;CINEPOLIS OPERADORA DE CINEMAS DO BRASIL LTDA;09.652.820/0001-32
05/09/2020;05/09/2020 19:20:00;BLACK PANTHER;PANTERA NEGRA;E1700512400000;DUBLADO;NÃO;ESTADOS UNIDOS;5002564;CINE CATARATAS 1;8;;15565;15566;FOZ DO IGUAÇU;PR;CINE CATARATAS LTDA;09.010.219/0001-46
05/09/2020;05/09/2020 19:20:00;CAPTAIN MARVEL;CAPITÃ MARVEL;E1900011200000;DUBLADO;NÃO;ESTADOS UNIDOS;5002722;SALA CINE PLAYARTE MANAUARA 07;20;6000049;260;16356;MANAUS;AM;PLAYARTE CINEMAS LTDA.;60.434.149/0001-00
05/09/2020;05/09/2020 19:20:00;EL ROBO DEL SIGLO;O ROUBO DO SÉCULO;E2000030900000;ORIGINAL;SIM;ARGENTINA;5002255;MOVIECOM PATIO BELÉM 1;2;6000100;2897;13915;BELÉM;PA;MOVIE CINEMAS LTDA;04.708.972/0001-96
05/09/2020;05/09/2020 19:20:00;MINHA MÃE É UMA PEÇA;;B1301808100000;ORIGINAL;NÃO;BRASIL;5006414;GRUPOCINE MARANGUAPE 01;0;6000034;44276;44288;MARANGUAPE;CE;EMPRESA CINEMATOGRAFICA BOMBOCINE LTDA;21.298.337/0001-05
05/09/2020;05/09/2020 19:20:00;QUEEN OF SPADES: THROUGH THE LOOKING GLASS;A MALDIÇÃO DO ESPELHO;E1900574500000;DUBLADO;NÃO;RÚSSIA;5004472;SALA CINEPOLIS NORTH SHOPPING JOQUEI 02;11;6000024;17266;25960;FORTALEZA;CE;CINEPOLIS OPERADORA DE CINEMAS DO BRASIL LTDA;09.652.820/0001-32
05/09/2020;05/09/2020 19:20:00;QUEEN OF SPADES: THROUGH THE LOOKING GLASS;A MALDIÇÃO DO ESPELHO;E1900574500000;ORIGINAL;SIM;RÚSSIA;5005429;UCI BRASIL - SHOPPING BOSQUE GRÃO PARÁ SALA 04;21;6000058;749;32026;BELÉM;PA;UNITED CINEMAS INTERNATIONAL BRASIL LTDA.;01.289.530/0001-64
05/09/2020;05/09/2020 19:20:00;THE SECRET LIFE OF PETS 2;PETS: A VIDA SECRETA DOS BICHOS 2;E1900162100000;DUBLADO;NÃO;ESTADOS UNIDOS;5006605;MULTICINE MOSSORÓ DRIVE IN;1;6000045;5935;17881;MOSSORÓ;RN;MULTICINE CINEMAS LTDA;07.609.246/0001-04
05/09/2020;05/09/2020 19:20:00;THE SECRET: DARE TO DREAM;O SEGREDO: OUSE SONHAR;E2000080600000;DUBLADO;NÃO;ESTADOS UNIDOS;5001505;MOVIECOM CASTANHEIRA 7;8;6000100;2897;2896;BELÉM;PA;MOVIE CINEMAS LTDA;04.708.972/0001-96
05/09/2020;05/09/2020 19:25:00;QUEEN OF SPADES: THROUGH THE LOOKING GLASS;A MALDIÇÃO DO ESPELHO;E1900574500000;DUBLADO;NÃO;RÚSSIA;5005958;MOBI CINE REDENÇÃO SALA 3;3;6000040;28561;38513;REDENÇÃO;PA;C A VIEIRA LEMOS E CIA LTDA;20.334.881/0001-94
05/09/2020;05/09/2020 19:30:00;BLACK PANTHER;PANTERA NEGRA;E1700512400000;DUBLADO;NÃO;ESTADOS UNIDOS;5006349;REDECINE PINDAMONHANGABA 03;13;6000034;43781;43782;PINDAMONHANGABA;SP;REDECINE PINDAMONHANGABA CINEMAS LTDA;34.408.375/0001-07
05/09/2020;05/09/2020 19:30:00;EL ROBO DEL SIGLO;O ROUBO DO SÉCULO;E2000030900000;ORIGINAL;SIM;ARGENTINA;5005094;CINÉPOLIS SÃO GONÇALO SHOPPING - SALA 3;8;6000024;17266;30088;SÃO GONÇALO;RJ;CINEPOLIS OPERADORA DE CINEMAS DO BRASIL LTDA;09.652.820/0001-32
05/09/2020;05/09/2020 19:30:00;EL ROBO DEL SIGLO;O ROUBO DO SÉCULO;E2000030900000;ORIGINAL;SIM;ARGENTINA;5006472;REDECINE SUMARE 01;0;6000014;5654;44547;SUMARÉ;SP;REDECINE-CPQ CINEMATOGRÁFICA LTDA;07.665.262/0001-14
05/09/2020;05/09/2020 19:30:00;THE GENTLEMEN;MAGNATAS DO CRIME;E2000005600000;ORIGINAL;SIM;ESTADOS UNIDOS;5002942;SALA 07;10;6000024;17266;17763;BELÉM;PA;CINEPOLIS OPERADORA DE CINEMAS DO BRASIL LTDA;09.652.820/0001-32
05/09/2020;05/09/2020 19:30:00;THE GENTLEMEN;MAGNATAS DO CRIME;E2000005600000;DUBLADO;NÃO;ESTADOS UNIDOS;5004369;SALA CINEPOLIS PONTA NEGRA 06 TRADICIONAL;18;6000024;17266;25193;MANAUS;AM;CINEPOLIS OPERADORA DE CINEMAS DO BRASIL LTDA;09.652.820/0001-32
05/09/2020;05/09/2020 19:30:00;THE SECRET: DARE TO DREAM;O SEGREDO: OUSE SONHAR;E2000080600000;DUBLADO;NÃO;ESTADOS UNIDOS;5005925;CENTERPLEX GRANDE CIRCULAR 02;7;6000006;38234;38235;MANAUS;AM;CINE ELI AMAZONAS CINEMAS LTDA - EM RECUPERAÇÃO JUDICIAL;28.619.116/0001-22
05/09/2020;05/09/2020 19:30:00;THE SECRET: DARE TO DREAM;O SEGREDO: OUSE SONHAR;E2000080600000;DUBLADO;NÃO;ESTADOS UNIDOS;5005644;CINE LASER BARRA DO GARÇAS SALA 03;9;6000104;33805;33806;BARRA DO GARÇAS;MT;CINE LASER BARRA DO GARÇAS LTDA- ME;24.864.214/0001-74
05/09/2020;05/09/2020 19:30:00;THE SECRET: DARE TO DREAM;O SEGREDO: OUSE SONHAR;E2000080600000;DUBLADO;NÃO;ESTADOS UNIDOS;5006533;CINE LASER SANTAREM 1;4;6000104;44323;45275;SANTARÉM;PA;CINE LASER CINEMAS NORDESTE LTDA;34.860.287/0001-41
05/09/2020;05/09/2020 19:30:00;THE SECRET: DARE TO DREAM;O SEGREDO: OUSE SONHAR;E2000080600000;DUBLADO;NÃO;ESTADOS UNIDOS;5003147;CINE LASER SORRISO 1;6;6000104;19465;19467;SORRISO;MT;CINE LASER CINEMAS LTDA;03.569.447/0001-74
05/09/2020;05/09/2020 19:40:00;HARRY POTTER AND THE SORCERER'S STONE;HARRY POTTER AND THE SORCERER'S STONE;E1900440700000;ORIGINAL;SIM;ESTADOS UNIDOS;5001502;MOVIECOM CASTANHEIRA 5;4;6000100;2897;2896;BELÉM;PA;MOVIE CINEMAS LTDA;04.708.972/0001-96
05/09/2020;05/09/2020 19:40:00;THE AVENGERS;THE AVENGERS: OS VINGADORES;E1500275200000;DUBLADO;NÃO;ESTADOS UNIDOS;5005966;CINE SUL SALA 02;13;6000121;38751;38752;MEDIANEIRA;PR;L N DA ROCHA & CIA LTDA - ME;29.099.414/0001-00
05/09/2020;05/09/2020 19:40:00;THE GENTLEMEN;MAGNATAS DO CRIME;E2000005600000;DUBLADO;NÃO;ESTADOS UNIDOS;5002727;SALA CINE PLAYARTE MANAUARA 04;8;6000049;260;16356;MANAUS;AM;PLAYARTE CINEMAS LTDA.;60.434.149/0001-00
05/09/2020;05/09/2020 19:45:00;BACK TO THE FUTURE;DE VOLTA PARA O FUTURO;E1402513800000;ORIGINAL;SIM;ESTADOS UNIDOS;5005160;CINÉPOLIS MANAUS PLAZA - SALA 4;0;6000024;17266;30118;MANAUS;AM;CINEPOLIS OPERADORA DE CINEMAS DO BRASIL LTDA;09.652.820/0001-32
05/09/2020;05/09/2020 19:45:00;BLACK PANTHER;PANTERA NEGRA;E1700512400000;DUBLADO;NÃO;ESTADOS UNIDOS;5005338;CINEMAS BENFICA - SALA 4;18;;15690;15691;FORTALEZA;CE;CINEMAS BENFICA LTDA;07.509.597/0001-43
05/09/2020;05/09/2020 19:45:00;Mostras e Festivais;;G0000000000004;ORIGINAL;SIM;;5005150;CINÉPOLIS MILLENNIUM - SALA 2;6;6000024;17266;30116;MANAUS;AM;CINEPOLIS OPERADORA DE CINEMAS DO BRASIL LTDA;09.652.820/0001-32
05/09/2020;05/09/2020 19:45:00;THE SECRET: DARE TO DREAM;O SEGREDO: OUSE SONHAR;E2000080600000;DUBLADO;NÃO;ESTADOS UNIDOS;5005099;CINÉPOLIS SÃO GONÇALO SHOPPING - SALA 8;11;6000024;17266;30088;SÃO GONÇALO;RJ;CINEPOLIS OPERADORA DE CINEMAS DO BRASIL LTDA;09.652.820/0001-32
05/09/2020;05/09/2020 19:45:00;WONDER WOMAN;MULHER-MARAVILHA;E1700197900000;DUBLADO;NÃO;ESTADOS UNIDOS;5005329;UCI BRASIL - SUMAÚMA PARK SHOPPING MANAUS SALA 06;40;6000058;749;31265;MANAUS;AM;UNITED CINEMAS INTERNATIONAL BRASIL LTDA.;01.289.530/0001-64
05/09/2020;05/09/2020 19:50:00;EL ROBO DEL SIGLO;O ROUBO DO SÉCULO;E2000030900000;DUBLADO;NÃO;ARGENTINA;5006348;REDECINE PINDAMONHANGABA 02;0;6000034;43781;43782;PINDAMONHANGABA;SP;REDECINE PINDAMONHANGABA CINEMAS LTDA;34.408.375/0001-07
05/09/2020;05/09/2020 19:50:00;Eventos Esportivos;;G0000000000001;ORIGINAL;SIM;;5006475;REDECINE SUMARE 04;5;6000014;5654;44547;SUMARÉ;SP;REDECINE-CPQ CINEMATOGRÁFICA LTDA;07.665.262/0001-14
05/09/2020;05/09/2020 19:50:00;THE GENTLEMEN;MAGNATAS DO CRIME;E2000005600000;ORIGINAL;SIM;ESTADOS UNIDOS;5002253;MOVIECOM PATIO BELÉM 4;5;6000100;2897;13915;BELÉM;PA;MOVIE CINEMAS LTDA;04.708.972/0001-96
05/09/2020;05/09/2020 19:55:00;Mostras e Festivais;;G0000000000004;DUBLADO;NÃO;;5006357;MULTICINE IANDE SHOPPING 2;4;6000045;5935;43968;CAUCAIA;CE;MULTICINE CINEMAS LTDA;07.609.246/0001-04
05/09/2020;05/09/2020 20:00:00;BLOODSHOT;BLOODSHOT;E1900579400000;DUBLADO;NÃO;ESTADOS UNIDOS;5005928;CENTERPLEX GRANDE CIRCULAR 05;6;6000006;38234;38235;MANAUS;AM;CINE ELI AMAZONAS CINEMAS LTDA - EM RECUPERAÇÃO JUDICIAL;28.619.116/0001-22
05/09/2020;05/09/2020 20:00:00;EL ROBO DEL SIGLO;O ROUBO DO SÉCULO;E2000030900000;ORIGINAL;NÃO;ARGENTINA;5002102;CINE DRIVEIN;186;;5465;6715;BRASÍLIA;DF;STARK'S CINEMA E LANCHONETE LTDA.;32.917.296/0001-04
05/09/2020;05/09/2020 20:00:00;EL ROBO DEL SIGLO;O ROUBO DO SÉCULO;E2000030900000;ORIGINAL;SIM;ARGENTINA;5002940;SALA 03;15;6000024;17266;17763;BELÉM;PA;CINEPOLIS OPERADORA DE CINEMAS DO BRASIL LTDA;09.652.820/0001-32
05/09/2020;05/09/2020 20:00:00;ESCAPE FROM PRETORIA;FUGA DE PRETÓRIA;E2000249400000;DUBLADO;NÃO;ÁFRICA DO SUL;5006476;REDECINE SUMARE 05;2;6000014;5654;44547;SUMARÉ;SP;REDECINE-CPQ CINEMATOGRÁFICA LTDA;07.665.262/0001-14
05/09/2020;05/09/2020 20:00:00;ESCAPE FROM PRETORIA;FUGA DE PRETÓRIA;E2000249400000;ORIGINAL;SIM;ÁFRICA DO SUL;5003485;SALA PQ.BELEM 04;0;6000024;17266;21616;BELÉM;PA;CINEPOLIS OPERADORA DE CINEMAS DO BRASIL LTDA;09.652.820/0001-32
05/09/2020;05/09/2020 20:00:00;ESCAPE FROM PRETORIA;FUGA DE PRETÓRIA;E2000249400000;ORIGINAL;SIM;ÁFRICA DO SUL;5004697;SALA RIOMAR 4 -VIP;3;6000024;17266;27076;FORTALEZA;CE;CINEPOLIS OPERADORA DE CINEMAS DO BRASIL LTDA;09.652.820/0001-32
05/09/2020;05/09/2020 20:00:00;GET OUT;CORRA!;E1700047300000;DUBLADO;NÃO;ESTADOS UNIDOS;5006347;REDECINE PINDAMONHANGABA 01;5;6000034;43781;43782;PINDAMONHANGABA;SP;REDECINE PINDAMONHANGABA CINEMAS LTDA;34.408.375/0001-07
05/09/2020;05/09/2020 20:00:00;HARRY POTTER AND THE PHILOSOPHER'S STONE;HARRY POTTER E A PEDRA FILOSOFAL;E1500138600000;ORIGINAL;SIM;ESTADOS UNIDOS;5006465;GRUPOCINE EUSÉBIO 05;1;6000034;44276;44457;EUSÉBIO;CE;EMPRESA CINEMATOGRAFICA BOMBOCINE LTDA;21.298.337/0001-05
05/09/2020;05/09/2020 20:00:00;O VENDEDOR DE SONHOS;;B1600710700000;ORIGINAL;NÃO;BRASIL;5005024;CINE GLOBO SANTA ROSA;0;6000010;20979;29163;SANTA ROSA;RS;CINE GLOBO EXIBICOES CINEMATOGRAFICAS LTDA;14.805.201/0001-70
05/09/2020;05/09/2020 20:00:00;QUEEN OF SPADES: THROUGH THE LOOKING GLASS;A MALDIÇÃO DO ESPELHO;E1900574500000;DUBLADO;NÃO;RÚSSIA;5005643;CINE LASER BARRA DO GARÇAS SALA 02;22;6000104;33805;33806;BARRA DO GARÇAS;MT;CINE LASER BARRA DO GARÇAS LTDA- ME;24.864.214/0001-74
05/09/2020;05/09/2020 20:00:00;QUEEN OF SPADES: THROUGH THE LOOKING GLASS;A MALDIÇÃO DO ESPELHO;E1900574500000;DUBLADO;NÃO;RÚSSIA;5006534;CINE LASER SANTAREM 2;12;6000104;44323;45275;SANTARÉM;PA;CINE LASER CINEMAS NORDESTE LTDA;34.860.287/0001-41
05/09/2020;05/09/2020 20:00:00;QUEEN OF SPADES: THROUGH THE LOOKING GLASS;A MALDIÇÃO DO ESPELHO;E1900574500000;DUBLADO;NÃO;RÚSSIA;5004593;CINE LASER SORRISO 2;8;6000104;19465;19467;SORRISO;MT;CINE LASER CINEMAS LTDA;03.569.447/0001-74
05/09/2020;05/09/2020 20:00:00;THE EXORCIST;O EXORCISTA;E1500099900000;ORIGINAL;SIM;ESTADOS UNIDOS;5005331;UCI BRASIL - SUMAÚMA PARK SHOPPING MANAUS SALA 08;16;6000058;749;31265;MANAUS;AM;UNITED CINEMAS INTERNATIONAL BRASIL LTDA.;01.289.530/0001-64
05/09/2020;05/09/2020 20:00:00;THE GENTLEMEN;MAGNATAS DO CRIME;E2000005600000;DUBLADO;NÃO;ESTADOS UNIDOS;5005092;CINÉPOLIS SÃO GONÇALO SHOPPING - SALA 1;9;6000024;17266;30088;SÃO GONÇALO;RJ;CINEPOLIS OPERADORA DE CINEMAS DO BRASIL LTDA;09.652.820/0001-32
05/09/2020;05/09/2020 20:00:00;THE GENTLEMEN;MAGNATAS DO CRIME;E2000005600000;ORIGINAL;SIM;ESTADOS UNIDOS;5005431;UCI BRASIL - SHOPPING BOSQUE GRÃO PARÁ SALA 06;17;6000058;749;32026;BELÉM;PA;UNITED CINEMAS INTERNATIONAL BRASIL LTDA.;01.289.530/0001-64
05/09/2020;05/09/2020 20:00:00;THE LION KING;O REI LEÃO;E1900267700000;DUBLADO;NÃO;ESTADOS UNIDOS;5002721;SALA CINE PLAYARTE MANAUARA 01;11;6000049;260;16356;MANAUS;AM;PLAYARTE CINEMAS LTDA.;60.434.149/0001-00
05/09/2020;05/09/2020 20:00:00;THE SECRET: DARE TO DREAM;O SEGREDO: OUSE SONHAR;E2000080600000;DUBLADO;NÃO;ESTADOS UNIDOS;5005693;CINEPOLIS RIOMAR KENNEDY - SALA 02;2;6000024;17266;34309;FORTALEZA;CE;CINEPOLIS OPERADORA DE CINEMAS DO BRASIL LTDA;09.652.820/0001-32
05/09/2020;05/09/2020 20:00:00;THE SHACK;A CABANA;E1700059700000;DUBLADO;NÃO;ESTADOS UNIDOS;5006629;TRANSAMERICA DRIVE IN;9;6000006;27814;46734;BARUERI;SP;CINEMATOGRÁFICA LIMEIRA LTDA;17.360.792/0001-08
05/09/2020;05/09/2020 20:00:00;THE TURNING;OS ÓRFÃOS;E1900570900000;DUBLADO;NÃO;ESTADOS UNIDOS;5006539;CULT ALEGRETE 01;5;;45324;45325;ALEGRETE;RS;CULT CINEMAS ALEGRETE LTDA;34.712.675/0001-85
05/09/2020;05/09/2020 20:00:00;TWILIGHT;CREPÚSCULO;E1600635500000;ORIGINAL;SIM;ESTADOS UNIDOS;5002603;CINEMAS BENFICA - SALA 1;14;;15690;15691;FORTALEZA;CE;CINEMAS BENFICA LTDA;07.509.597/0001-43
05/09/2020;05/09/2020 20:00:00;WONDER WOMAN;MULHER-MARAVILHA;E1700197900000;DUBLADO;NÃO;ESTADOS UNIDOS;5005984;CINESYSTEM ANANINDEUA SALA 10;11;6000027;22546;38898;ANANINDEUA;PA;REDECINE BRA CINEMATOGRÁFICA S.A.;15.422.993/0001-67
05/09/2020;05/09/2020 20:00:00;WONDER WOMAN;MULHER-MARAVILHA;E1700197900000;DUBLADO;NÃO;ESTADOS UNIDOS;5001497;MOVIECOM CASTANHEIRA 2;8;6000100;2897;2896;BELÉM;PA;MOVIE CINEMAS LTDA;04.708.972/0001-96
05/09/2020;05/09/2020 20:10:00;THE GENTLEMEN;MAGNATAS DO CRIME;E2000005600000;DUBLADO;NÃO;ESTADOS UNIDOS;5006473;REDECINE SUMARE 02;0;6000014;5654;44547;SUMARÉ;SP;REDECINE-CPQ CINEMATOGRÁFICA LTDA;07.665.262/0001-14
05/09/2020;05/09/2020 20:10:00;TWILIGHT;CREPÚSCULO;E1600635500000;DUBLADO;NÃO;ESTADOS UNIDOS;5006350;REDECINE PINDAMONHANGABA 04;5;6000034;43781;43782;PINDAMONHANGABA;SP;REDECINE PINDAMONHANGABA CINEMAS LTDA;34.408.375/0001-07
05/09/2020;05/09/2020 20:15:00;EL ROBO DEL SIGLO;O ROUBO DO SÉCULO;E2000030900000;ORIGINAL;SIM;ARGENTINA;5004373;SALA CINEPOLIS PONTA NEGRA 10 TRADICIONAL;6;6000024;17266;25193;MANAUS;AM;CINEPOLIS OPERADORA DE CINEMAS DO BRASIL LTDA;09.652.820/0001-32
05/09/2020;05/09/2020 20:15:00;ESCAPE FROM PRETORIA;FUGA DE PRETÓRIA;E2000249400000;ORIGINAL;SIM;ÁFRICA DO SUL;5005696;CINEPOLIS RIOMAR KENNEDY - SALA 05;0;6000024;17266;34309;FORTALEZA;CE;CINEPOLIS OPERADORA DE CINEMAS DO BRASIL LTDA;09.652.820/0001-32
05/09/2020;05/09/2020 20:15:00;JOHN WICK 3: PARABELLUM;JOHN WICK 3: PARABELLUM;E1900126300000;DUBLADO;NÃO;ESTADOS UNIDOS;5005306;CINEFLIX VÁRZEA GRANDE SHOPPING - SALA 3;13;6000014;24534;31101;VÁRZEA GRANDE;MT;REDECINE BSB CINEMATOGRÁFICA LTDA;18.087.870/0001-05
05/09/2020;05/09/2020 20:15:00;QUEEN OF SPADES: THROUGH THE LOOKING GLASS;A MALDIÇÃO DO ESPELHO;E1900574500000;DUBLADO;NÃO;RÚSSIA;5005924;CENTERPLEX GRANDE CIRCULAR 01;11;6000006;38234;38235;MANAUS;AM;CINE ELI AMAZONAS CINEMAS LTDA - EM RECUPERAÇÃO JUDICIAL;28.619.116/0001-22
05/09/2020;05/09/2020 20:20:00;BLOODSHOT;BLOODSHOT;E1900579400000;DUBLADO;NÃO;ESTADOS UNIDOS;5000160;NORTH SHOPPING 1;35;6000037;1991;2414;FORTALEZA;CE;EMPRESA CINEMAS SÃO LUIZ S/A;33.497.660/0001-89
05/09/2020;05/09/2020 20:20:00;ESCAPE FROM PRETORIA;FUGA DE PRETÓRIA;E2000249400000;ORIGINAL;SIM;ÁFRICA DO SUL;5005430;UCI BRASIL - SHOPPING BOSQUE GRÃO PARÁ SALA 05;13;6000058;749;32026;BELÉM;PA;UNITED CINEMAS INTERNATIONAL BRASIL LTDA.;01.289.530/0001-64
05/09/2020;05/09/2020 20:20:00;HARRY POTTER AND THE SORCERER'S STONE;HARRY POTTER AND THE SORCERER'S STONE;E1900440700000;ORIGINAL;SIM;ESTADOS UNIDOS;5002254;MOVIECOM PATIO BELÉM 5;5;6000100;2897;13915;BELÉM;PA;MOVIE CINEMAS LTDA;04.708.972/0001-96
05/09/2020;05/09/2020 20:20:00;THE GENTLEMEN;MAGNATAS DO CRIME;E2000005600000;DUBLADO;NÃO;ESTADOS UNIDOS;5005305;CINEFLIX VÁRZEA GRANDE SHOPPING - SALA 2;10;6000014;24534;31101;VÁRZEA GRANDE;MT;REDECINE BSB CINEMATOGRÁFICA LTDA;18.087.870/0001-05
05/09/2020;05/09/2020 20:20:00;THE SECRET: DARE TO DREAM;O SEGREDO: OUSE SONHAR;E2000080600000;ORIGINAL;SIM;ESTADOS UNIDOS;5002719;SALA CINE PLAYARTE MANAUARA 05;10;6000049;260;16356;MANAUS;AM;PLAYARTE CINEMAS LTDA.;60.434.149/0001-00
05/09/2020;05/09/2020 20:30:00;ALICE JÚNIOR;;B2000154900000;ORIGINAL;NÃO;BRASIL;5006610;CINESYSTEM DRIVE-IN AEROPORTO VITÓRIA;3;6000027;22546;46257;VITÓRIA;ES;REDECINE BRA CINEMATOGRÁFICA S.A.;15.422.993/0001-67
05/09/2020;05/09/2020 20:30:00;EL ROBO DEL SIGLO;O ROUBO DO SÉCULO;E2000030900000;ORIGINAL;SIM;ARGENTINA;5005152;CINÉPOLIS MILLENNIUM - SALA 4;2;6000024;17266;30116;MANAUS;AM;CINEPOLIS OPERADORA DE CINEMAS DO BRASIL LTDA;09.652.820/0001-32
05/09/2020;05/09/2020 20:30:00;ESCAPE FROM PRETORIA;FUGA DE PRETÓRIA;E2000249400000;ORIGINAL;SIM;ÁFRICA DO SUL;5005095;CINÉPOLIS SÃO GONÇALO SHOPPING - SALA 4;0;6000024;17266;30088;SÃO GONÇALO;RJ;CINEPOLIS OPERADORA DE CINEMAS DO BRASIL LTDA;09.652.820/0001-32
05/09/2020;05/09/2020 20:30:00;ESCAPE FROM PRETORIA;FUGA DE PRETÓRIA;E2000249400000;ORIGINAL;SIM;ÁFRICA DO SUL;5002937;SALA 06;7;6000024;17266;17763;BELÉM;PA;CINEPOLIS OPERADORA DE CINEMAS DO BRASIL LTDA;09.652.820/0001-32
05/09/2020;05/09/2020 20:30:00;Eventos Esportivos;;G0000000000001;DUBLADO;NÃO;;5006474;REDECINE SUMARE 03;0;6000014;5654;44547;SUMARÉ;SP;REDECINE-CPQ CINEMATOGRÁFICA LTDA;07.665.262/0001-14
05/09/2020;05/09/2020 20:30:00;Mostras e Festivais;;G0000000000004;DUBLADO;NÃO;;5006364;ALFENAS SALA 1;1;6000008;15833;44017;ALFENAS;MG;CINE A LTDA;10.894.937/0001-01
05/09/2020;05/09/2020 20:30:00;Mostras e Festivais;;G0000000000004;ORIGINAL;SIM;;5004880;CIRCUITO CINEMAS PBAS- SALA 02;3;6000028;15568;27873;PARAUAPEBAS;PA;CIRCUITO ENTRETENIMENTO E CINEMAS LTDA;08.068.712/0001-54
05/09/2020;05/09/2020 20:30:00;Mostras e Festivais;;G0000000000004;ORIGINAL;SIM;;5003488;SALA PQ.BELEM 07;0;6000024;17266;21616;BELÉM;PA;CINEPOLIS OPERADORA DE CINEMAS DO BRASIL LTDA;09.652.820/0001-32
05/09/2020;05/09/2020 20:30:00;QUEEN OF SPADES: THROUGH THE LOOKING GLASS;A MALDIÇÃO DO ESPELHO;E1900574500000;DUBLADO;NÃO;RÚSSIA;5005307;CINEFLIX VÁRZEA GRANDE SHOPPING - SALA 4;27;6000014;24534;31101;VÁRZEA GRANDE;MT;REDECINE BSB CINEMATOGRÁFICA LTDA;18.087.870/0001-05
05/09/2020;05/09/2020 20:30:00;QUEEN OF SPADES: THROUGH THE LOOKING GLASS;A MALDIÇÃO DO ESPELHO;E1900574500000;DUBLADO;NÃO;RÚSSIA;5005931;MOBI CINE AÇAILÂNDIA SALA 03;7;6000040;38236;38237;AÇAILÂNDIA;MA;C A V LEMOS E CIA LTDA - ME;14.717.191/0001-11
05/09/2020;05/09/2020 20:30:00;QUEEN OF SPADES: THROUGH THE LOOKING GLASS;A MALDIÇÃO DO ESPELHO;E1900574500000;DUBLADO;NÃO;RÚSSIA;5005326;UCI BRASIL - SUMAÚMA PARK SHOPPING MANAUS SALA 03;41;6000058;749;31265;MANAUS;AM;UNITED CINEMAS INTERNATIONAL BRASIL LTDA.;01.289.530/0001-64
05/09/2020;05/09/2020 20:30:00;THE GENTLEMEN;MAGNATAS DO CRIME;E2000005600000;DUBLADO;NÃO;ESTADOS UNIDOS;5005980;CINESYSTEM ANANINDEUA SALA 06;17;6000027;22546;38898;ANANINDEUA;PA;REDECINE BRA CINEMATOGRÁFICA S.A.;15.422.993/0001-67
05/09/2020;05/09/2020 20:30:00;THE SECRET: DARE TO DREAM;O SEGREDO: OUSE SONHAR;E2000080600000;DUBLADO;NÃO;ESTADOS UNIDOS;5000161;NORTH SHOPPING 2;17;6000037;1991;2414;FORTALEZA;CE;EMPRESA CINEMAS SÃO LUIZ S/A;33.497.660/0001-89
05/09/2020;05/09/2020 20:30:01;BOHEMIAN RHAPSODY;BOHEMIAN RHAPSODY;E1800251900000;DUBLADO;NÃO;ESTADOS UNIDOS;5006601;CINE DRIVE-IN ESPAÇO CINEMAX;2;;5944;6680;ITABIRA;MG;ESPAÇO CULTURAL CINE ATLETICO LTDA;06.981.108/0001-99
05/09/2020;05/09/2020 20:30:01;Mostras e Festivais;;G0000000000004;DUBLADO;NÃO;;5006073;CINE A ALTAMIRA SALA 03;2;6000008;28464;33426;ALTAMIRA;PA;CINE A MARABA LTDA;21.160.773/0001-05
05/09/2020;05/09/2020 20:40:00;ESCAPE FROM PRETORIA;FUGA DE PRETÓRIA;E2000249400000;DUBLADO;NÃO;ÁFRICA DO SUL;5000162;NORTH SHOPPING 3;5;6000037;1991;2414;FORTALEZA;CE;EMPRESA CINEMAS SÃO LUIZ S/A;33.497.660/0001-89
05/09/2020;05/09/2020 20:40:00;ESCAPE FROM PRETORIA;FUGA DE PRETÓRIA;E2000249400000;ORIGINAL;SIM;ÁFRICA DO SUL;5002723;SALA CINE PLAYARTE MANAUARA 03;3;6000049;260;16356;MANAUS;AM;PLAYARTE CINEMAS LTDA.;60.434.149/0001-00
05/09/2020;05/09/2020 20:40:00;THE SECRET: DARE TO DREAM;O SEGREDO: OUSE SONHAR;E2000080600000;DUBLADO;NÃO;ESTADOS UNIDOS;5005956;MOBI CINE REDENÇÃO SALA 1;2;6000040;28561;38513;REDENÇÃO;PA;C A VIEIRA LEMOS E CIA LTDA;20.334.881/0001-94
05/09/2020;05/09/2020 20:40:00;THE SECRET: DARE TO DREAM;O SEGREDO: OUSE SONHAR;E2000080600000;DUBLADO;NÃO;ESTADOS UNIDOS;5004474;SALA CINEPOLIS NORTH SHOPPING JOQUEI 04;3;6000024;17266;25960;FORTALEZA;CE;CINEPOLIS OPERADORA DE CINEMAS DO BRASIL LTDA;09.652.820/0001-32
05/09/2020;05/09/2020 20:45:00;ESCAPE FROM PRETORIA;FUGA DE PRETÓRIA;E2000249400000;ORIGINAL;SIM;ÁFRICA DO SUL;5005149;CINÉPOLIS MILLENNIUM - SALA 1;6;6000024;17266;30116;MANAUS;AM;CINEPOLIS OPERADORA DE CINEMAS DO BRASIL LTDA;09.652.820/0001-32
05/09/2020;05/09/2020 20:45:00;Eventos Esportivos;;G0000000000001;DUBLADO;NÃO;;5005308;CINEFLIX VÁRZEA GRANDE SHOPPING - SALA 5;3;6000014;24534;31101;VÁRZEA GRANDE;MT;REDECINE BSB CINEMATOGRÁFICA LTDA;18.087.870/0001-05
05/09/2020;05/09/2020 20:45:00;QUEEN OF SPADES: THROUGH THE LOOKING GLASS;A MALDIÇÃO DO ESPELHO;E1900574500000;DUBLADO;NÃO;RÚSSIA;5005098;CINÉPOLIS SÃO GONÇALO SHOPPING - SALA 7;18;6000024;17266;30088;SÃO GONÇALO;RJ;CINEPOLIS OPERADORA DE CINEMAS DO BRASIL LTDA;09.652.820/0001-32
05/09/2020;05/09/2020 20:45:00;SPLIT;FRAGMENTADO;E1600764000000;ORIGINAL;SIM;ESTADOS UNIDOS;5006619;DRIVE - GYN SERRA DOURADA 03;6;6000039;45898;46312;GOIÂNIA;GO;DRIVE-GYN ENTRETENIMENTO LTDA;37.109.882/0001-38
05/09/2020;05/09/2020 20:45:00;THE AVENGERS;THE AVENGERS: OS VINGADORES;E1500275200000;DUBLADO;NÃO;ESTADOS UNIDOS;5002428;CINE WEST SALA 01;6;;14882;14883;CASCAVEL;PR;WEST SIDE SHOPPING CENTER LTDA;68.761.170/0001-22
05/09/2020;05/09/2020 20:45:00;THE SECRET: DARE TO DREAM;O SEGREDO: OUSE SONHAR;E2000080600000;DUBLADO;NÃO;ESTADOS UNIDOS;5005159;CINÉPOLIS MANAUS PLAZA - SALA 3;10;6000024;17266;30118;MANAUS;AM;CINEPOLIS OPERADORA DE CINEMAS DO BRASIL LTDA;09.652.820/0001-32
05/09/2020;05/09/2020 20:45:00;THE SECRET: DARE TO DREAM;O SEGREDO: OUSE SONHAR;E2000080600000;ORIGINAL;SIM;ESTADOS UNIDOS;5004372;SALA CINEPOLIS PONTA NEGRA 09 TRADICIONAL;4;6000024;17266;25193;MANAUS;AM;CINEPOLIS OPERADORA DE CINEMAS DO BRASIL LTDA;09.652.820/0001-32
05/09/2020;05/09/2020 20:45:01;BACK TO THE FUTURE;DE VOLTA PARA O FUTURO;E1402513800000;DUBLADO;NÃO;ESTADOS UNIDOS;5006381;ALFENAS SALA 3;2;6000008;15833;44017;ALFENAS;MG;CINE A LTDA;10.894.937/0001-01
05/09/2020;05/09/2020 20:45:01;BACK TO THE FUTURE;DE VOLTA PARA O FUTURO;E1402513800000;DUBLADO;NÃO;ESTADOS UNIDOS;5005617;CINE A ALTAMIRA SALA 01;2;6000008;28464;33426;ALTAMIRA;PA;CINE A MARABA LTDA;21.160.773/0001-05
05/09/2020;05/09/2020 20:50:00;ESCAPE FROM PRETORIA;FUGA DE PRETÓRIA;E2000249400000;DUBLADO;NÃO;ÁFRICA DO SUL;5005304;CINEFLIX VÁRZEA GRANDE SHOPPING - SALA 1;0;6000014;24534;31101;VÁRZEA GRANDE;MT;REDECINE BSB CINEMATOGRÁFICA LTDA;18.087.870/0001-05
05/09/2020;05/09/2020 20:50:00;HARRY POTTER AND THE PHILOSOPHER'S STONE;HARRY POTTER E A PEDRA FILOSOFAL;E1500138600000;ORIGINAL;SIM;ESTADOS UNIDOS;5002427;CINE WEST SALA 02;2;;14882;14883;CASCAVEL;PR;WEST SIDE SHOPPING CENTER LTDA;68.761.170/0001-22
05/09/2020;05/09/2020 20:50:00;THE GENTLEMEN;MAGNATAS DO CRIME;E2000005600000;DUBLADO;NÃO;ESTADOS UNIDOS;5000163;NORTH SHOPPING 4;0;6000037;1991;2414;FORTALEZA;CE;EMPRESA CINEMAS SÃO LUIZ S/A;33.497.660/0001-89
05/09/2020;05/09/2020 20:50:00;THE SECRET: DARE TO DREAM;O SEGREDO: OUSE SONHAR;E2000080600000;DUBLADO;NÃO;ESTADOS UNIDOS;5000081;KINOPLEX AMAZONAS SALA 03;14;6000037;1991;2393;MANAUS;AM;EMPRESA CINEMAS SÃO LUIZ S/A;33.497.660/0001-89
05/09/2020;05/09/2020 20:50:00;TRÊS VERÕES;;B1900410500000;ORIGINAL;NÃO;FRANÇA;5006580;CINESYSTEM MORUMBI TOWN DRIVE-IN;59;6000027;22546;34941;SÃO PAULO;SP;REDECINE BRA CINEMATOGRÁFICA S.A.;15.422.993/0001-67
05/09/2020;05/09/2020 20:55:00;ESCAPE FROM PRETORIA;FUGA DE PRETÓRIA;E2000249400000;DUBLADO;NÃO;ÁFRICA DO SUL;5005981;CINESYSTEM ANANINDEUA SALA 07;2;6000027;22546;38898;ANANINDEUA;PA;REDECINE BRA CINEMATOGRÁFICA S.A.;15.422.993/0001-67
05/09/2020;05/09/2020 20:55:00;THE EXORCIST;O EXORCISTA;E1500099900000;ORIGINAL;SIM;ESTADOS UNIDOS;5006356;MULTICINE IANDE SHOPPING 1;3;6000045;5935;43968;CAUCAIA;CE;MULTICINE CINEMAS LTDA;07.609.246/0001-04
05/09/2020;05/09/2020 21:00:00;BACK TO THE FUTURE;DE VOLTA PARA O FUTURO;E1402513800000;DUBLADO;NÃO;ESTADOS UNIDOS;5002565;CINE CATARATAS 2;2;;15565;15566;FOZ DO IGUAÇU;PR;CINE CATARATAS LTDA;09.010.219/0001-46
05/09/2020;05/09/2020 21:00:00;BLACK PANTHER;PANTERA NEGRA;E1700512400000;DUBLADO;NÃO;ESTADOS UNIDOS;5006463;GRUPOCINE EUSÉBIO 03;7;6000034;44276;44457;EUSÉBIO;CE;EMPRESA CINEMATOGRAFICA BOMBOCINE LTDA;21.298.337/0001-05
05/09/2020;05/09/2020 21:00:00;EL ROBO DEL SIGLO;O ROUBO DO SÉCULO;E2000030900000;ORIGINAL;SIM;ARGENTINA;5006560;CINE A ITAJUBÁ DRIVE-IN;2;6000008;15833;41725;ITAJUBÁ;MG;CINE A LTDA;10.894.937/0001-01
05/09/2020;05/09/2020 21:00:00;EL ROBO DEL SIGLO;O ROUBO DO SÉCULO;E2000030900000;DUBLADO;NÃO;ARGENTINA;5006620;CINEMAIS MONTES CLAROS DRIVE IN;5;6000017;2892;23844;MONTES CLAROS;MG;CINEMAIS CINEMAS LTDA;03.868.869/0001-40
05/09/2020;05/09/2020 21:00:00;ESCAPE FROM PRETORIA;FUGA DE PRETÓRIA;E2000249400000;ORIGINAL;SIM;ÁFRICA DO SUL;5004366;SALA CINEPOLIS PONTA NEGRA 03 VIP;4;6000024;17266;25193;MANAUS;AM;CINEPOLIS OPERADORA DE CINEMAS DO BRASIL LTDA;09.652.820/0001-32
05/09/2020;05/09/2020 21:00:00;JUST MERCY;LUTA POR JUSTIÇA;E1900587300000;DUBLADO;NÃO;ESTADOS UNIDOS;5006625;CINE GOLDEN - DRIVE IN;11;6000141;45886;46420;JEQUIÉ;BA;GF ANDRADE ENTRETENIMENTO E COMÉRCIO LTDA;23.200.362/0001-21
05/09/2020;05/09/2020 21:00:00;MINHA MÃE É UMA PEÇA 3;;B1900576900000;ORIGINAL;NÃO;BRASIL;5006579;CINESYSTEM BRÁS DRIVE-IN;11;6000027;22546;34941;SÃO PAULO;SP;REDECINE BRA CINEMATOGRÁFICA S.A.;15.422.993/0001-67
05/09/2020;05/09/2020 21:00:00;QUEEN OF SPADES: THROUGH THE LOOKING GLASS;A MALDIÇÃO DO ESPELHO;E1900574500000;DUBLADO;NÃO;RÚSSIA;5005965;CINE SUL SALA 01;23;6000121;38751;38752;MEDIANEIRA;PR;L N DA ROCHA & CIA LTDA - ME;29.099.414/0001-00
05/09/2020;05/09/2020 21:00:00;QUEEN OF SPADES: THROUGH THE LOOKING GLASS;A MALDIÇÃO DO ESPELHO;E1900574500000;DUBLADO;NÃO;RÚSSIA;5005694;CINEPOLIS RIOMAR KENNEDY - SALA 03;22;6000024;17266;34309;FORTALEZA;CE;CINEPOLIS OPERADORA DE CINEMAS DO BRASIL LTDA;09.652.820/0001-32
05/09/2020;05/09/2020 21:00:00;QUEEN OF SPADES: THROUGH THE LOOKING GLASS;A MALDIÇÃO DO ESPELHO;E1900574500000;DUBLADO;NÃO;RÚSSIA;5005157;CINÉPOLIS MANAUS PLAZA - SALA 1;2;6000024;17266;30118;MANAUS;AM;CINEPOLIS OPERADORA DE CINEMAS DO BRASIL LTDA;09.652.820/0001-32
05/09/2020;05/09/2020 21:00:00;QUEEN OF SPADES: THROUGH THE LOOKING GLASS;A MALDIÇÃO DO ESPELHO;E1900574500000;DUBLADO;NÃO;RÚSSIA;5002256;MOVIECOM PATIO BELÉM 3;14;6000100;2897;13915;BELÉM;PA;MOVIE CINEMAS LTDA;04.708.972/0001-96
05/09/2020;05/09/2020 21:00:00;QUEEN OF SPADES: THROUGH THE LOOKING GLASS;A MALDIÇÃO DO ESPELHO;E1900574500000;DUBLADO;NÃO;RÚSSIA;5002938;SALA 04;27;6000024;17266;17763;BELÉM;PA;CINEPOLIS OPERADORA DE CINEMAS DO BRASIL LTDA;09.652.820/0001-32
05/09/2020;05/09/2020 21:00:00;QUEEN OF SPADES: THROUGH THE LOOKING GLASS;A MALDIÇÃO DO ESPELHO;E1900574500000;DUBLADO;NÃO;RÚSSIA;5002726;SALA CINE PLAYARTE MANAUARA 06;39;6000049;260;16356;MANAUS;AM;PLAYARTE CINEMAS LTDA.;60.434.149/0001-00
05/09/2020;05/09/2020 21:00:00;THE SECRET: DARE TO DREAM;O SEGREDO: OUSE SONHAR;E2000080600000;DUBLADO;NÃO;ESTADOS UNIDOS;5005309;CINEFLIX VÁRZEA GRANDE SHOPPING - SALA 6;3;6000014;24534;31101;VÁRZEA GRANDE;MT;REDECINE BSB CINEMATOGRÁFICA LTDA;18.087.870/0001-05
05/09/2020;05/09/2020 21:00:00;THE SECRET: DARE TO DREAM;O SEGREDO: OUSE SONHAR;E2000080600000;DUBLADO;NÃO;ESTADOS UNIDOS;5003487;SALA PQ.BELEM 06;20;6000024;17266;21616;BELÉM;PA;CINEPOLIS OPERADORA DE CINEMAS DO BRASIL LTDA;09.652.820/0001-32
05/09/2020;05/09/2020 21:00:00;TRÊS VERÕES;;B1900410500000;ORIGINAL;NÃO;FRANÇA;5006572;CINE 14 BIS DRIVE-IN;10;;5822;6623;GUAXUPÉ;MG;GUAXUPE PROMOCOES E EVENTOS LTDA;03.929.354/0001-03
05/09/2020;05/09/2020 21:00:00;WONDER WOMAN;MULHER-MARAVILHA;E1700197900000;DUBLADO;NÃO;ESTADOS UNIDOS;5004882;CIRCUITO CINEMAS PBAS- SALA 04;0;6000028;15568;27873;PARAUAPEBAS;PA;CIRCUITO ENTRETENIMENTO E CINEMAS LTDA;08.068.712/0001-54
05/09/2020;05/09/2020 21:00:00;WONDER WOMAN;MULHER-MARAVILHA;E1700197900000;DUBLADO;NÃO;ESTADOS UNIDOS;5006410;GRUPOCINE ITAPETININGA 02;4;6000034;44276;44287;ITAPETININGA;SP;EMPRESA CINEMATOGRAFICA BOMBOCINE LTDA;21.298.337/0001-05
05/09/2020;05/09/2020 21:00:00;WONDER WOMAN;MULHER-MARAVILHA;E1700197900000;DUBLADO;NÃO;ESTADOS UNIDOS;5006415;GRUPOCINE MARANGUAPE 02;7;6000034;44276;44288;MARANGUAPE;CE;EMPRESA CINEMATOGRAFICA BOMBOCINE LTDA;21.298.337/0001-05
05/09/2020;05/09/2020 21:00:00;WONDER WOMAN;MULHER-MARAVILHA;E1700197900000;DUBLADO;NÃO;ESTADOS UNIDOS;5006383;GRUPOCINE SANTA ISABEL 01;0;6000034;44276;44277;SANTA ISABEL;SP;EMPRESA CINEMATOGRAFICA BOMBOCINE LTDA;21.298.337/0001-05
05/09/2020;05/09/2020 21:00:01;PORNO PARA PRINCIPIANTES;;B1900435600000;ORIGINAL;SIM;ARGENTINA;5006617;DRIVE - GYN SERRA DOURADA 01;1;6000039;45898;46312;GOIÂNIA;GO;DRIVE-GYN ENTRETENIMENTO LTDA;37.109.882/0001-38
05/09/2020;05/09/2020 21:05:00;WONDER WOMAN;MULHER-MARAVILHA;E1700197900000;DUBLADO;NÃO;ESTADOS UNIDOS;5005751;CINE WEST SALA 03;2;;14882;14883;CASCAVEL;PR;WEST SIDE SHOPPING CENTER LTDA;68.761.170/0001-22
05/09/2020;05/09/2020 21:10:00;BLACK PANTHER;PANTERA NEGRA;E1700512400000;DUBLADO;NÃO;ESTADOS UNIDOS;5006414;GRUPOCINE MARANGUAPE 01;0;6000034;44276;44288;MARANGUAPE;CE;EMPRESA CINEMATOGRAFICA BOMBOCINE LTDA;21.298.337/0001-05
05/09/2020;05/09/2020 21:10:00;EL ROBO DEL SIGLO;O ROUBO DO SÉCULO;E2000030900000;DUBLADO;NÃO;ARGENTINA;5006412;GRUPOCINE ITAPETININGA 04;5;6000034;44276;44287;ITAPETININGA;SP;EMPRESA CINEMATOGRAFICA BOMBOCINE LTDA;21.298.337/0001-05
05/09/2020;05/09/2020 21:10:00;JOKER;CORINGA;E1900357300000;DUBLADO;NÃO;CANADÁ;5006494;CINE INTER SANTA INES 02;9;6000140;44834;44835;SANTA INÊS;MA;CINEINTER EXIBICOES CINEMATOGRAFICAS LTDA;35.477.354/0001-06
05/09/2020;05/09/2020 21:10:00;QUEEN OF SPADES: THROUGH THE LOOKING GLASS;A MALDIÇÃO DO ESPELHO;E1900574500000;DUBLADO;NÃO;RÚSSIA;5005977;CINESYSTEM ANANINDEUA SALA 03;12;6000027;22546;38898;ANANINDEUA;PA;REDECINE BRA CINEMATOGRÁFICA S.A.;15.422.993/0001-67
05/09/2020;05/09/2020 21:10:00;QUEEN OF SPADES: THROUGH THE LOOKING GLASS;A MALDIÇÃO DO ESPELHO;E1900574500000;DUBLADO;NÃO;RÚSSIA;5005958;MOBI CINE REDENÇÃO SALA 3;7;6000040;28561;38513;REDENÇÃO;PA;C A VIEIRA LEMOS E CIA LTDA;20.334.881/0001-94
05/09/2020;05/09/2020 21:10:00;QUEEN OF SPADES: THROUGH THE LOOKING GLASS;A MALDIÇÃO DO ESPELHO;E1900574500000;DUBLADO;NÃO;RÚSSIA;5000164;NORTH SHOPPING 5;23;6000037;1991;2414;FORTALEZA;CE;EMPRESA CINEMAS SÃO LUIZ S/A;33.497.660/0001-89
05/09/2020;05/09/2020 21:10:00;THE GENTLEMEN;MAGNATAS DO CRIME;E2000005600000;DUBLADO;NÃO;ESTADOS UNIDOS;5000079;KINOPLEX AMAZONAS SALA 01;13;6000037;1991;2393;MANAUS;AM;EMPRESA CINEMAS SÃO LUIZ S/A;33.497.660/0001-89
05/09/2020;05/09/2020 21:10:00;THE SECRET: DARE TO DREAM;O SEGREDO: OUSE SONHAR;E2000080600000;DUBLADO;NÃO;ESTADOS UNIDOS;5005929;MOBI CINE AÇAILÂNDIA SALA 01;2;6000040;38236;38237;AÇAILÂNDIA;MA;C A V LEMOS E CIA LTDA - ME;14.717.191/0001-11
05/09/2020;05/09/2020 21:10:00;THE SECRET: DARE TO DREAM;O SEGREDO: OUSE SONHAR;E2000080600000;DUBLADO;NÃO;ESTADOS UNIDOS;5002257;MOVIECOM PATIO BELÉM 2;16;6000100;2897;13915;BELÉM;PA;MOVIE CINEMAS LTDA;04.708.972/0001-96
05/09/2020;05/09/2020 21:10:01;EL ROBO DEL SIGLO;O ROUBO DO SÉCULO;E2000030900000;ORIGINAL;SIM;ARGENTINA;5006574;DRIVE IN CINEART ALPHAVILLE;50;6000013;437;45925;NOVA LIMA;MG;DELTA FILMES LTDA;01.735.159/0001-17
05/09/2020;05/09/2020 21:10:01;EL ROBO DEL SIGLO;O ROUBO DO SÉCULO;E2000030900000;DUBLADO;NÃO;ARGENTINA;5006464;GRUPOCINE EUSÉBIO 04;2;6000034;44276;44457;EUSÉBIO;CE;EMPRESA CINEMATOGRAFICA BOMBOCINE LTDA;21.298.337/0001-05
05/09/2020;05/09/2020 21:15:00;EL ROBO DEL SIGLO;O ROUBO DO SÉCULO;E2000030900000;ORIGINAL;SIM;ARGENTINA;5006365;ALFENAS SALA 2;1;6000008;15833;44017;ALFENAS;MG;CINE A LTDA;10.894.937/0001-01
05/09/2020;05/09/2020 21:15:00;EL ROBO DEL SIGLO;O ROUBO DO SÉCULO;E2000030900000;ORIGINAL;SIM;ARGENTINA;5006618;DRIVE - GYN SERRA DOURADA 02;11;6000039;45898;46312;GOIÂNIA;GO;DRIVE-GYN ENTRETENIMENTO LTDA;37.109.882/0001-38
05/09/2020;05/09/2020 21:15:00;EL ROBO DEL SIGLO;O ROUBO DO SÉCULO;E2000030900000;ORIGINAL;SIM;ARGENTINA;5006605;MULTICINE MOSSORÓ DRIVE IN;4;6000045;5935;17881;MOSSORÓ;RN;MULTICINE CINEMAS LTDA;07.609.246/0001-04
05/09/2020;05/09/2020 21:15:00;THE GENTLEMEN;MAGNATAS DO CRIME;E2000005600000;ORIGINAL;SIM;ESTADOS UNIDOS;5004703;SALA RIOMAR 10 - TRADICIONAL;9;6000024;17266;27076;FORTALEZA;CE;CINEPOLIS OPERADORA DE CINEMAS DO BRASIL LTDA;09.652.820/0001-32
05/09/2020;05/09/2020 21:15:00;WONDER WOMAN;MULHER-MARAVILHA;E1700197900000;DUBLADO;NÃO;ESTADOS UNIDOS;5006461;GRUPOCINE EUSÉBIO 01;0;6000034;44276;44457;EUSÉBIO;CE;EMPRESA CINEMATOGRAFICA BOMBOCINE LTDA;21.298.337/0001-05
05/09/2020;05/09/2020 21:15:01;BLACK PANTHER;PANTERA NEGRA;E1700512400000;DUBLADO;NÃO;ESTADOS UNIDOS;5006413;GRUPOCINE ITAPETININGA 05;23;6000034;44276;44287;ITAPETININGA;SP;EMPRESA CINEMATOGRAFICA BOMBOCINE LTDA;21.298.337/0001-05
05/09/2020;05/09/2020 21:15:01;EL ROBO DEL SIGLO;O ROUBO DO SÉCULO;E2000030900000;ORIGINAL;SIM;ARGENTINA;5006072;CINE A ALTAMIRA SALA 02;1;6000008;28464;33426;ALTAMIRA;PA;CINE A MARABA LTDA;21.160.773/0001-05
05/09/2020;05/09/2020 21:20:00;BAD BOYS 3;BAD BOYS 3;E1500757400000;DUBLADO;NÃO;ESTADOS UNIDOS;5005957;MOBI CINE REDENÇÃO SALA 2;4;6000040;28561;38513;REDENÇÃO;PA;C A VIEIRA LEMOS E CIA LTDA;20.334.881/0001-94
05/09/2020;05/09/2020 21:20:00;EL ROBO DEL SIGLO;O ROUBO DO SÉCULO;E2000030900000;DUBLADO;NÃO;ARGENTINA;5006416;GRUPOCINE MARANGUAPE 03;3;6000034;44276;44288;MARANGUAPE;CE;EMPRESA CINEMATOGRAFICA BOMBOCINE LTDA;21.298.337/0001-05
05/09/2020;05/09/2020 21:20:00;Mostras e Festivais;;G0000000000004;DUBLADO;NÃO;;5001503;MOVIECOM CASTANHEIRA 6;2;6000100;2897;2896;BELÉM;PA;MOVIE CINEMAS LTDA;04.708.972/0001-96
05/09/2020;05/09/2020 21:20:00;QUEEN OF SPADES: THROUGH THE LOOKING GLASS;A MALDIÇÃO DO ESPELHO;E1900574500000;DUBLADO;NÃO;RÚSSIA;5000080;KINOPLEX AMAZONAS SALA 02;20;6000037;1991;2393;MANAUS;AM;EMPRESA CINEMAS SÃO LUIZ S/A;33.497.660/0001-89
05/09/2020;05/09/2020 21:20:00;THE SECRET: DARE TO DREAM;O SEGREDO: OUSE SONHAR;E2000080600000;DUBLADO;NÃO;ESTADOS UNIDOS;5006358;MULTICINE IANDE SHOPPING 3;4;6000045;5935;43968;CAUCAIA;CE;MULTICINE CINEMAS LTDA;07.609.246/0001-04
05/09/2020;05/09/2020 21:25:00;BLOODSHOT;BLOODSHOT;E1900579400000;DUBLADO;NÃO;ESTADOS UNIDOS;5005930;MOBI CINE AÇAILÂNDIA SALA 02;12;6000040;38236;38237;AÇAILÂNDIA;MA;C A V LEMOS E CIA LTDA - ME;14.717.191/0001-11
05/09/2020;05/09/2020 21:30:00;BLOODSHOT;BLOODSHOT;E1900579400000;DUBLADO;NÃO;ESTADOS UNIDOS;5006623;CINEPLUS AUTOCINE SHOW DRIVE-IN;5;6000023;12893;46385;COLOMBO;PR;ESTILO PRODUÇÕES ARTISTICAS LTDA;03.293.165/0001-97
05/09/2020;05/09/2020 21:30:00;BOHEMIAN RHAPSODY;BOHEMIAN RHAPSODY;E1800251900000;DUBLADO;NÃO;ESTADOS UNIDOS;5006595;CENTERPLEX ESTAÇÃO ATIBAIA DRIVE-IN;13;6000006;2836;2843;ATIBAIA;SP;EMPRESA SAO LUIZ DE CINEMAS LTDA - EM RECUPERACAO JUDICIAL;52.067.071/0001-05
05/09/2020;05/09/2020 21:30:00;BOHEMIAN RHAPSODY;BOHEMIAN RHAPSODY;E1800251900000;DUBLADO;NÃO;ESTADOS UNIDOS;5006627;CINE DRIVE IN CTN OSASCO;21;6000006;2836;46494;OSASCO;SP;EMPRESA SAO LUIZ DE CINEMAS LTDA - EM RECUPERACAO JUDICIAL;52.067.071/0001-05
05/09/2020;05/09/2020 21:30:00;ESCAPE FROM PRETORIA;FUGA DE PRETÓRIA;E2000249400000;DUBLADO;NÃO;ÁFRICA DO SUL;5004822;KINOPLEX AMAZONAS SALA 04;9;6000037;1991;2393;MANAUS;AM;EMPRESA CINEMAS SÃO LUIZ S/A;33.497.660/0001-89
05/09/2020;05/09/2020 21:30:00;HARRY POTTER AND THE SORCERER'S STONE;HARRY POTTER AND THE SORCERER'S STONE;E1900440700000;ORIGINAL;SIM;ESTADOS UNIDOS;5005975;CINESYSTEM ANANINDEUA SALA 01;2;6000027;22546;38898;ANANINDEUA;PA;REDECINE BRA CINEMATOGRÁFICA S.A.;15.422.993/0001-67
05/09/2020;05/09/2020 21:30:00;JOKER;CORINGA;E1900357300000;DUBLADO;NÃO;CANADÁ;5006606;CINE CAVALIERE ORLANDI DRIVE IN;1;;15009;15010;SOCORRO;SP;ORLANDI MARCHESE LTDA - ME;03.091.068/0001-11
05/09/2020;05/09/2020 21:30:00;MARY;A POSSESSÃO DE MARY;E1900534600000;DUBLADO;NÃO;ESTADOS UNIDOS;5006493;CINE INTER SANTA INES 01;9;6000140;44834;44835;SANTA INÊS;MA;CINEINTER EXIBICOES CINEMATOGRAFICAS LTDA;35.477.354/0001-06
05/09/2020;05/09/2020 21:30:00;QUEEN OF SPADES: THROUGH THE LOOKING GLASS;A MALDIÇÃO DO ESPELHO;E1900574500000;DUBLADO;NÃO;RÚSSIA;5001498;MOVIECOM CASTANHEIRA 3;13;6000100;2897;2896;BELÉM;PA;MOVIE CINEMAS LTDA;04.708.972/0001-96
05/09/2020;05/09/2020 21:30:00;QUEEN OF SPADES: THROUGH THE LOOKING GLASS;A MALDIÇÃO DO ESPELHO;E1900574500000;DUBLADO;NÃO;RÚSSIA;5004472;SALA CINEPOLIS NORTH SHOPPING JOQUEI 02;13;6000024;17266;25960;FORTALEZA;CE;CINEPOLIS OPERADORA DE CINEMAS DO BRASIL LTDA;09.652.820/0001-32
05/09/2020;05/09/2020 21:30:00;QUEEN OF SPADES: THROUGH THE LOOKING GLASS;A MALDIÇÃO DO ESPELHO;E1900574500000;DUBLADO;NÃO;RÚSSIA;5003483;SALA PQ.BELEM 02;7;6000024;17266;21616;BELÉM;PA;CINEPOLIS OPERADORA DE CINEMAS DO BRASIL LTDA;09.652.820/0001-32
05/09/2020;05/09/2020 21:30:00;THE CONJURING;INVOCAÇÃO DO MAL;E1500097000000;DUBLADO;NÃO;ESTADOS UNIDOS;5006384;GRUPOCINE SANTA ISABEL 02;7;6000034;44276;44277;SANTA ISABEL;SP;EMPRESA CINEMATOGRAFICA BOMBOCINE LTDA;21.298.337/0001-05
05/09/2020;05/09/2020 21:30:00;THE SECRET: DARE TO DREAM;O SEGREDO: OUSE SONHAR;E2000080600000;DUBLADO;NÃO;ESTADOS UNIDOS;5004879;CIRCUITO CINEMAS PBAS- SALA 01;0;6000028;15568;27873;PARAUAPEBAS;PA;CIRCUITO ENTRETENIMENTO E CINEMAS LTDA;08.068.712/0001-54
05/09/2020;05/09/2020 21:30:00;TWILIGHT;CREPÚSCULO;E1600635500000;DUBLADO;NÃO;ESTADOS UNIDOS;5006462;GRUPOCINE EUSÉBIO 02;0;6000034;44276;44457;EUSÉBIO;CE;EMPRESA CINEMATOGRAFICA BOMBOCINE LTDA;21.298.337/0001-05
05/09/2020;05/09/2020 21:30:00;TWILIGHT;CREPÚSCULO;E1600635500000;DUBLADO;NÃO;ESTADOS UNIDOS;5006411;GRUPOCINE ITAPETININGA 03;2;6000034;44276;44287;ITAPETININGA;SP;EMPRESA CINEMATOGRAFICA BOMBOCINE LTDA;21.298.337/0001-05
05/09/2020;05/09/2020 21:35:00;MISSION: IMPOSSIBLE - FALLOUT;MISSÃO: IMPOSSÍVEL - EFEITO FALLOUT;E1800243500000;DUBLADO;NÃO;ESTADOS UNIDOS;5006586;MULTICINE DRIVE IN - CIDADE JARDIM;9;6000045;5935;30736;GOIÂNIA;GO;MULTICINE CINEMAS LTDA;07.609.246/0001-04
05/09/2020;05/09/2020 21:40:00;21 BRIDGES;CRIME SEM SAÍDA;E1900482200000;DUBLADO;NÃO;ESTADOS UNIDOS;5005979;CINESYSTEM ANANINDEUA SALA 05;10;6000027;22546;38898;ANANINDEUA;PA;REDECINE BRA CINEMATOGRÁFICA S.A.;15.422.993/0001-67
05/09/2020;05/09/2020 21:45:00;EL ROBO DEL SIGLO;O ROUBO DO SÉCULO;E2000030900000;ORIGINAL;SIM;ARGENTINA;5002255;MOVIECOM PATIO BELÉM 1;10;6000100;2897;13915;BELÉM;PA;MOVIE CINEMAS LTDA;04.708.972/0001-96
05/09/2020;05/09/2020 21:50:00;BLACK PANTHER;PANTERA NEGRA;E1700512400000;DUBLADO;NÃO;ESTADOS UNIDOS;5006567;CINESHOW TUBARÃO DRIVE-IN;7;6000025;33770;33771;TUBARÃO;SC;TUBARÃO FILMES LTDA;24.971.903/0001-88
05/09/2020;05/09/2020 21:50:00;MINIONS;MINIONS;E1500311600000;DUBLADO;NÃO;ESTADOS UNIDOS;5002564;CINE CATARATAS 1;2;;15565;15566;FOZ DO IGUAÇU;PR;CINE CATARATAS LTDA;09.010.219/0001-46
05/09/2020;05/09/2020 21:50:00;THE SECRET: DARE TO DREAM;O SEGREDO: OUSE SONHAR;E2000080600000;DUBLADO;NÃO;ESTADOS UNIDOS;5001505;MOVIECOM CASTANHEIRA 7;2;6000100;2897;2896;BELÉM;PA;MOVIE CINEMAS LTDA;04.708.972/0001-96
05/09/2020;05/09/2020 21:55:00;EL ROBO DEL SIGLO;O ROUBO DO SÉCULO;E2000030900000;ORIGINAL;SIM;ARGENTINA;5005978;CINESYSTEM ANANINDEUA SALA 04;7;6000027;22546;38898;ANANINDEUA;PA;REDECINE BRA CINEMATOGRÁFICA S.A.;15.422.993/0001-67
05/09/2020;05/09/2020 22:00:00;MACABRO;;B1900618000000;ORIGINAL;NÃO;BRASIL;5002102;CINE DRIVEIN;186;;5465;6715;BRASÍLIA;DF;STARK'S CINEMA E LANCHONETE LTDA.;32.917.296/0001-04
05/09/2020;05/09/2020 22:25:00;O AMOR DÁ TRABALHO;;B1800029400000;ORIGINAL;NÃO;BRASIL;5006610;CINESYSTEM DRIVE-IN AEROPORTO VITÓRIA;10;6000027;22546;46257;VITÓRIA;ES;REDECINE BRA CINEMATOGRÁFICA S.A.;15.422.993/0001-67
05/09/2020;05/09/2020 22:45:00;EL ROBO DEL SIGLO;O ROUBO DO SÉCULO;E2000030900000;ORIGINAL;SIM;ARGENTINA;5006580;CINESYSTEM MORUMBI TOWN DRIVE-IN;90;6000027;22546;34941;SÃO PAULO;SP;REDECINE BRA CINEMATOGRÁFICA S.A.;15.422.993/0001-67
05/09/2020;05/09/2020 22:50:00;JOKER;CORINGA;E1900357300000;DUBLADO;NÃO;CANADÁ;5006591;DRIVE IN SHOPPING VILLA LOBOS;11;6000006;2872;46069;SÃO PAULO;SP;EMPRESA CENTERPLEX DE CINEMAS LTDA;00.812.310/0001-00
05/09/2020;05/09/2020 23:40:00;ANNABELLE COMES HOME;ANNABELLE 3: DE VOLTA PARA CASA;E1900234800000;DUBLADO;NÃO;ESTADOS UNIDOS;5006590;SUPER DRIVE IN;2;6000006;2872;46068;SÃO BERNARDO DO CAMPO;SP;EMPRESA CENTERPLEX DE CINEMAS LTDA;00.812.310/0001-00
06/09/2020;06/09/2020 13:00:00;E.T. THE EXTRA-TERRESTRIAL;E.T. O EXTRATERRESTRE;E1402648300000;DUBLADO;NÃO;ESTADOS UNIDOS;5006349;REDECINE PINDAMONHANGABA 03;0;6000034;43781;43782;PINDAMONHANGABA;SP;REDECINE PINDAMONHANGABA CINEMAS LTDA;34.408.375/0001-07
06/09/2020;06/09/2020 13:00:00;EL ROBO DEL SIGLO;O ROUBO DO SÉCULO;E2000030900000;ORIGINAL;SIM;ARGENTINA;5004880;CIRCUITO CINEMAS PBAS- SALA 02;6;6000028;15568;27873;PARAUAPEBAS;PA;CIRCUITO ENTRETENIMENTO E CINEMAS LTDA;08.068.712/0001-54
06/09/2020;06/09/2020 13:00:00;THE MATRIX;MATRIX;E1500096600000;ORIGINAL;SIM;AUSTRÁLIA;5005338;CINEMAS BENFICA - SALA 4;16;;15690;15691;FORTALEZA;CE;CINEMAS BENFICA LTDA;07.509.597/0001-43
06/09/2020;06/09/2020 13:00:01;MY LITTLE PONY - THE MOVIE;MY LITTLE PONY - O FILME;E1700408400000;DUBLADO;NÃO;CANADÁ;5006591;DRIVE IN SHOPPING VILLA LOBOS;2;6000006;2872;46069;SÃO PAULO;SP;EMPRESA CENTERPLEX DE CINEMAS LTDA;00.812.310/0001-00
06/09/2020;06/09/2020 13:10:00;INSIDE OUT;DIVERTIDA MENTE;E1500351400000;DUBLADO;NÃO;ESTADOS UNIDOS;5006347;REDECINE PINDAMONHANGABA 01;0;6000034;43781;43782;PINDAMONHANGABA;SP;REDECINE PINDAMONHANGABA CINEMAS LTDA;34.408.375/0001-07
06/09/2020;06/09/2020 13:15:00;E.T. THE EXTRA-TERRESTRIAL;E.T. O EXTRATERRESTRE;E1402648300000;DUBLADO;NÃO;ESTADOS UNIDOS;5006422;GRUPOCINE ITAPECERICA 02;0;6000034;44276;44290;ITAPECERICA DA SERRA;SP;EMPRESA CINEMATOGRAFICA BOMBOCINE LTDA;21.298.337/0001-05
06/09/2020;06/09/2020 13:15:00;MINIONS;MINIONS;E1500311600000;DUBLADO;NÃO;ESTADOS UNIDOS;5006348;REDECINE PINDAMONHANGABA 02;0;6000034;43781;43782;PINDAMONHANGABA;SP;REDECINE PINDAMONHANGABA CINEMAS LTDA;34.408.375/0001-07
06/09/2020;06/09/2020 13:20:00;MINIONS;MINIONS;E1500311600000;DUBLADO;NÃO;ESTADOS UNIDOS;5006424;GRUPOCINE ITAPECERICA 04;0;6000034;44276;44290;ITAPECERICA DA SERRA;SP;EMPRESA CINEMATOGRAFICA BOMBOCINE LTDA;21.298.337/0001-05
06/09/2020;06/09/2020 13:20:00;TURMA DA MÔNICA - LAÇOS;;B1900235500000;ORIGINAL;NÃO;BRASIL;5006350;REDECINE PINDAMONHANGABA 04;3;6000034;43781;43782;PINDAMONHANGABA;SP;REDECINE PINDAMONHANGABA CINEMAS LTDA;34.408.375/0001-07
06/09/2020;06/09/2020 13:30:00;MINIONS;MINIONS;E1500311600000;DUBLADO;NÃO;ESTADOS UNIDOS;5005975;CINESYSTEM ANANINDEUA SALA 01;8;6000027;22546;38898;ANANINDEUA;PA;REDECINE BRA CINEMATOGRÁFICA S.A.;15.422.993/0001-67
06/09/2020;06/09/2020 13:30:00;SONIC THE HEDGEHOG;SONIC - O FILME;E2000012200000;DUBLADO;NÃO;CANADÁ;5004882;CIRCUITO CINEMAS PBAS- SALA 04;5;6000028;15568;27873;PARAUAPEBAS;PA;CIRCUITO ENTRETENIMENTO E CINEMAS LTDA;08.068.712/0001-54
06/09/2020;06/09/2020 13:30:00;SPIDER-MAN: INTO THE SPIDER-VERSE;HOMEM-ARANHA NO ARANHAVERSO;E1800533700000;DUBLADO;NÃO;ESTADOS UNIDOS;5002603;CINEMAS BENFICA - SALA 1;8;;15690;15691;FORTALEZA;CE;CINEMAS BENFICA LTDA;07.509.597/0001-43
06/09/2020;06/09/2020 13:40:00;Eventos Esportivos;;G0000000000001;DUBLADO;NÃO;;5004186;CINEFLIX JK SHOPPING - SALA 3;3;6000014;24534;24535;BRASÍLIA;DF;REDECINE BSB CINEMATOGRÁFICA LTDA;18.087.870/0001-05
06/09/2020;06/09/2020 13:40:00;INSIDE OUT;DIVERTIDA MENTE;E1500351400000;DUBLADO;NÃO;ESTADOS UNIDOS;5006421;GRUPOCINE ITAPECERICA 01;5;6000034;44276;44290;ITAPECERICA DA SERRA;SP;EMPRESA CINEMATOGRAFICA BOMBOCINE LTDA;21.298.337/0001-05
06/09/2020;06/09/2020 13:40:00;QUEEN OF SPADES: THROUGH THE LOOKING GLASS;A MALDIÇÃO DO ESPELHO;E1900574500000;DUBLADO;NÃO;RÚSSIA;5000081;KINOPLEX AMAZONAS SALA 03;0;6000037;1991;2393;MANAUS;AM;EMPRESA CINEMAS SÃO LUIZ S/A;33.497.660/0001-89
06/09/2020;06/09/2020 13:40:00;QUEEN OF SPADES: THROUGH THE LOOKING GLASS;A MALDIÇÃO DO ESPELHO;E1900574500000;DUBLADO;NÃO;RÚSSIA;5006476;REDECINE SUMARE 05;0;6000014;5654;44547;SUMARÉ;SP;REDECINE-CPQ CINEMATOGRÁFICA LTDA;07.665.262/0001-14
06/09/2020;06/09/2020 13:45:00;EL ROBO DEL SIGLO;O ROUBO DO SÉCULO;E2000030900000;ORIGINAL;SIM;ARGENTINA;5005978;CINESYSTEM ANANINDEUA SALA 04;0;6000027;22546;38898;ANANINDEUA;PA;REDECINE BRA CINEMATOGRÁFICA S.A.;15.422.993/0001-67
06/09/2020;06/09/2020 13:50:00;Eventos Esportivos;;G0000000000001;DUBLADO;NÃO;;5006475;REDECINE SUMARE 04;0;6000014;5654;44547;SUMARÉ;SP;REDECINE-CPQ CINEMATOGRÁFICA LTDA;07.665.262/0001-14
06/09/2020;06/09/2020 13:50:00;HARRY POTTER AND THE PHILOSOPHER'S STONE;HARRY POTTER E A PEDRA FILOSOFAL;E1500138600000;DUBLADO;NÃO;ESTADOS UNIDOS;5002564;CINE CATARATAS 1;2;;15565;15566;FOZ DO IGUAÇU;PR;CINE CATARATAS LTDA;09.010.219/0001-46
06/09/2020;06/09/2020 13:50:00;JURASSIC WORLD: FALLEN KINGDOM;JURASSIC WORLD - REINO AMEAÇADO;E1800169900000;DUBLADO;NÃO;ESTADOS UNIDOS;5000080;KINOPLEX AMAZONAS SALA 02;7;6000037;1991;2393;MANAUS;AM;EMPRESA CINEMAS SÃO LUIZ S/A;33.497.660/0001-89
06/09/2020;06/09/2020 13:50:00;TURMA DA MÔNICA - LAÇOS;;B1900235500000;ORIGINAL;NÃO;BRASIL;5005304;CINEFLIX VÁRZEA GRANDE SHOPPING - SALA 1;0;6000014;24534;31101;VÁRZEA GRANDE;MT;REDECINE BSB CINEMATOGRÁFICA LTDA;18.087.870/0001-05
06/09/2020;06/09/2020 14:00:00;COUNTDOWN;A HORA DA SUA MORTE;E1900400200000;DUBLADO;NÃO;HOLANDA;5004822;KINOPLEX AMAZONAS SALA 04;11;6000037;1991;2393;MANAUS;AM;EMPRESA CINEMAS SÃO LUIZ S/A;33.497.660/0001-89
06/09/2020;06/09/2020 14:00:00;HARRY POTTER AND THE PHILOSOPHER'S STONE;HARRY POTTER E A PEDRA FILOSOFAL;E1500138600000;DUBLADO;NÃO;ESTADOS UNIDOS;5005966;CINE SUL SALA 02;36;6000121;38751;38752;MEDIANEIRA;PR;L N DA ROCHA & CIA LTDA - ME;29.099.414/0001-00
06/09/2020;06/09/2020 14:00:00;ONWARD;DOIS IRMÃOS: UMA JORNADA FANTÁSTICA;E1900366400000;DUBLADO;NÃO;ESTADOS UNIDOS;5005979;CINESYSTEM ANANINDEUA SALA 05;3;6000027;22546;38898;ANANINDEUA;PA;REDECINE BRA CINEMATOGRÁFICA S.A.;15.422.993/0001-67
06/09/2020;06/09/2020 14:00:00;ONWARD;DOIS IRMÃOS: UMA JORNADA FANTÁSTICA;E1900366400000;DUBLADO;NÃO;ESTADOS UNIDOS;5004879;CIRCUITO CINEMAS PBAS- SALA 01;6;6000028;15568;27873;PARAUAPEBAS;PA;CIRCUITO ENTRETENIMENTO E CINEMAS LTDA;08.068.712/0001-54
06/09/2020;06/09/2020 14:00:00;QUEEN OF SPADES: THROUGH THE LOOKING GLASS;A MALDIÇÃO DO ESPELHO;E1900574500000;DUBLADO;NÃO;RÚSSIA;5005722;CINEFLIX VALPARAISO SALA 05;6;6000014;24534;34628;VALPARAÍSO DE GOIÁS;GO;REDECINE BSB CINEMATOGRÁFICA LTDA;18.087.870/0001-05
06/09/2020;06/09/2020 14:00:00;SPIDER-MAN: INTO THE SPIDER-VERSE;HOMEM-ARANHA NO ARANHAVERSO;E1800533700000;DUBLADO;NÃO;ESTADOS UNIDOS;5005094;CINÉPOLIS SÃO GONÇALO SHOPPING - SALA 3;6;6000024;17266;30088;SÃO GONÇALO;RJ;CINEPOLIS OPERADORA DE CINEMAS DO BRASIL LTDA;09.652.820/0001-32
06/09/2020;06/09/2020 14:00:00;TURMA DA MÔNICA - LAÇOS;;B1900235500000;ORIGINAL;NÃO;BRASIL;5004185;CINEFLIX JK SHOPPING - SALA 2;4;6000014;24534;24535;BRASÍLIA;DF;REDECINE BSB CINEMATOGRÁFICA LTDA;18.087.870/0001-05
06/09/2020;06/09/2020 14:10:00;TURMA DA MÔNICA - LAÇOS;;B1900235500000;ORIGINAL;NÃO;BRASIL;5006423;GRUPOCINE ITAPECERICA 03;0;6000034;44276;44290;ITAPECERICA DA SERRA;SP;EMPRESA CINEMATOGRAFICA BOMBOCINE LTDA;21.298.337/0001-05
06/09/2020;06/09/2020 14:15:00;THE ADDAMS FAMILY;A FAMÍLIA ADDAMS;E1900349600000;DUBLADO;NÃO;CANADÁ;5005984;CINESYSTEM ANANINDEUA SALA 10;8;6000027;22546;38898;ANANINDEUA;PA;REDECINE BRA CINEMATOGRÁFICA S.A.;15.422.993/0001-67
06/09/2020;06/09/2020 14:25:00;BLOODSHOT;BLOODSHOT;E1900579400000;DUBLADO;NÃO;ESTADOS UNIDOS;5002727;SALA CINE PLAYARTE MANAUARA 04;13;6000049;260;16356;MANAUS;AM;PLAYARTE CINEMAS LTDA.;60.434.149/0001-00
06/09/2020;06/09/2020 14:25:00;ONWARD;DOIS IRMÃOS: UMA JORNADA FANTÁSTICA;E1900366400000;DUBLADO;NÃO;ESTADOS UNIDOS;5000164;NORTH SHOPPING 5;16;6000037;1991;2414;FORTALEZA;CE;EMPRESA CINEMAS SÃO LUIZ S/A;33.497.660/0001-89
06/09/2020;06/09/2020 14:30:00;EL ROBO DEL SIGLO;O ROUBO DO SÉCULO;E2000030900000;ORIGINAL;SIM;ARGENTINA;5006472;REDECINE SUMARE 01;0;6000014;5654;44547;SUMARÉ;SP;REDECINE-CPQ CINEMATOGRÁFICA LTDA;07.665.262/0001-14
06/09/2020;06/09/2020 14:30:00;MINIONS;MINIONS;E1500311600000;DUBLADO;NÃO;ESTADOS UNIDOS;5005092;CINÉPOLIS SÃO GONÇALO SHOPPING - SALA 1;0;6000024;17266;30088;SÃO GONÇALO;RJ;CINEPOLIS OPERADORA DE CINEMAS DO BRASIL LTDA;09.652.820/0001-32
06/09/2020;06/09/2020 14:30:00;QUEEN OF SPADES: THROUGH THE LOOKING GLASS;A MALDIÇÃO DO ESPELHO;E1900574500000;DUBLADO;NÃO;RÚSSIA;5005977;CINESYSTEM ANANINDEUA SALA 03;15;6000027;22546;38898;ANANINDEUA;PA;REDECINE BRA CINEMATOGRÁFICA S.A.;15.422.993/0001-67
06/09/2020;06/09/2020 14:30:00;THE AVENGERS;THE AVENGERS: OS VINGADORES;E1500275200000;DUBLADO;NÃO;ESTADOS UNIDOS;5002565;CINE CATARATAS 2;2;;15565;15566;FOZ DO IGUAÇU;PR;CINE CATARATAS LTDA;09.010.219/0001-46
06/09/2020;06/09/2020 14:30:00;THE INVISIBLE MAN;O HOMEM INVISÍVEL;E1900438600000;DUBLADO;NÃO;AUSTRÁLIA;5004189;CINEFLIX JK SHOPPING - SALA 6;2;6000014;24534;24535;BRASÍLIA;DF;REDECINE BSB CINEMATOGRÁFICA LTDA;18.087.870/0001-05
06/09/2020;06/09/2020 14:30:00;THE SECRET: DARE TO DREAM;O SEGREDO: OUSE SONHAR;E2000080600000;DUBLADO;NÃO;ESTADOS UNIDOS;5005693;CINEPOLIS RIOMAR KENNEDY - SALA 02;7;6000024;17266;34309;FORTALEZA;CE;CINEPOLIS OPERADORA DE CINEMAS DO BRASIL LTDA;09.652.820/0001-32
06/09/2020;06/09/2020 14:40:00;MINIONS;MINIONS;E1500311600000;DUBLADO;NÃO;ESTADOS UNIDOS;5006410;GRUPOCINE ITAPETININGA 02;4;6000034;44276;44287;ITAPETININGA;SP;EMPRESA CINEMATOGRAFICA BOMBOCINE LTDA;21.298.337/0001-05
06/09/2020;06/09/2020 14:40:00;THE LION KING;O REI LEÃO;E1900267700000;DUBLADO;NÃO;ESTADOS UNIDOS;5002721;SALA CINE PLAYARTE MANAUARA 01;8;6000049;260;16356;MANAUS;AM;PLAYARTE CINEMAS LTDA.;60.434.149/0001-00
06/09/2020;06/09/2020 14:45:00;THE SECRET: DARE TO DREAM;O SEGREDO: OUSE SONHAR;E2000080600000;DUBLADO;NÃO;ESTADOS UNIDOS;5005099;CINÉPOLIS SÃO GONÇALO SHOPPING - SALA 8;12;6000024;17266;30088;SÃO GONÇALO;RJ;CINEPOLIS OPERADORA DE CINEMAS DO BRASIL LTDA;09.652.820/0001-32
06/09/2020;06/09/2020 14:45:01;INSIDE OUT;DIVERTIDA MENTE;E1500351400000;DUBLADO;NÃO;ESTADOS UNIDOS;5006464;GRUPOCINE EUSÉBIO 04;0;6000034;44276;44457;EUSÉBIO;CE;EMPRESA CINEMATOGRAFICA BOMBOCINE LTDA;21.298.337/0001-05
06/09/2020;06/09/2020 14:50:00;Eventos Esportivos;;G0000000000001;DUBLADO;NÃO;;5004187;CINEFLIX JK SHOPPING - SALA 4;0;6000014;24534;24535;BRASÍLIA;DF;REDECINE BSB CINEMATOGRÁFICA LTDA;18.087.870/0001-05
06/09/2020;06/09/2020 14:50:00;MINIONS;MINIONS;E1500311600000;DUBLADO;NÃO;ESTADOS UNIDOS;5006415;GRUPOCINE MARANGUAPE 02;12;6000034;44276;44288;MARANGUAPE;CE;EMPRESA CINEMATOGRAFICA BOMBOCINE LTDA;21.298.337/0001-05
06/09/2020;06/09/2020 14:50:00;TURMA DA MÔNICA - LAÇOS;;B1900235500000;ORIGINAL;NÃO;BRASIL;5006384;GRUPOCINE SANTA ISABEL 02;0;6000034;44276;44277;SANTA ISABEL;SP;EMPRESA CINEMATOGRAFICA BOMBOCINE LTDA;21.298.337/0001-05
06/09/2020;06/09/2020 15:00:00;21 BRIDGES;CRIME SEM SAÍDA;E1900482200000;DUBLADO;NÃO;ESTADOS UNIDOS;5005328;UCI BRASIL - SUMAÚMA PARK SHOPPING MANAUS SALA 05;14;6000058;749;31265;MANAUS;AM;UNITED CINEMAS INTERNATIONAL BRASIL LTDA.;01.289.530/0001-64
06/09/2020;06/09/2020 15:00:00;BACK TO THE FUTURE;DE VOLTA PARA O FUTURO;E1402513800000;ORIGINAL;SIM;ESTADOS UNIDOS;5004703;SALA RIOMAR 10 - TRADICIONAL;2;6000024;17266;27076;FORTALEZA;CE;CINEPOLIS OPERADORA DE CINEMAS DO BRASIL LTDA;09.652.820/0001-32
06/09/2020;06/09/2020 15:00:00;EL ROBO DEL SIGLO;O ROUBO DO SÉCULO;E2000030900000;ORIGINAL;SIM;ARGENTINA;5005152;CINÉPOLIS MILLENNIUM - SALA 4;0;6000024;17266;30116;MANAUS;AM;CINEPOLIS OPERADORA DE CINEMAS DO BRASIL LTDA;09.652.820/0001-32
06/09/2020;06/09/2020 15:00:00;ESCAPE FROM PRETORIA;FUGA DE PRETÓRIA;E2000249400000;ORIGINAL;SIM;ÁFRICA DO SUL;5004697;SALA RIOMAR 4 -VIP;0;6000024;17266;27076;FORTALEZA;CE;CINEPOLIS OPERADORA DE CINEMAS DO BRASIL LTDA;09.652.820/0001-32
06/09/2020;06/09/2020 15:00:00;Eventos Esportivos;;G0000000000001;DUBLADO;NÃO;;5005309;CINEFLIX VÁRZEA GRANDE SHOPPING - SALA 6;7;6000014;24534;31101;VÁRZEA GRANDE;MT;REDECINE BSB CINEMATOGRÁFICA LTDA;18.087.870/0001-05
06/09/2020;06/09/2020 15:00:00;MINIONS;MINIONS;E1500311600000;DUBLADO;NÃO;ESTADOS UNIDOS;5006461;GRUPOCINE EUSÉBIO 01;5;6000034;44276;44457;EUSÉBIO;CE;EMPRESA CINEMATOGRAFICA BOMBOCINE LTDA;21.298.337/0001-05
06/09/2020;06/09/2020 15:00:00;MINIONS;MINIONS;E1500311600000;DUBLADO;NÃO;ESTADOS UNIDOS;5006383;GRUPOCINE SANTA ISABEL 01;0;6000034;44276;44277;SANTA ISABEL;SP;EMPRESA CINEMATOGRAFICA BOMBOCINE LTDA;21.298.337/0001-05
06/09/2020;06/09/2020 15:00:00;Mostras e Festivais;;G0000000000004;DUBLADO;NÃO;;5000162;NORTH SHOPPING 3;18;6000037;1991;2414;FORTALEZA;CE;EMPRESA CINEMAS SÃO LUIZ S/A;33.497.660/0001-89
06/09/2020;06/09/2020 15:00:00;QUEEN OF SPADES: THROUGH THE LOOKING GLASS;A MALDIÇÃO DO ESPELHO;E1900574500000;DUBLADO;NÃO;RÚSSIA;5004472;SALA CINEPOLIS NORTH SHOPPING JOQUEI 02;6;6000024;17266;25960;FORTALEZA;CE;CINEPOLIS OPERADORA DE CINEMAS DO BRASIL LTDA;09.652.820/0001-32
06/09/2020;06/09/2020 15:00:00;QUEEN OF SPADES: THROUGH THE LOOKING GLASS;A MALDIÇÃO DO ESPELHO;E1900574500000;DUBLADO;NÃO;RÚSSIA;5004373;SALA CINEPOLIS PONTA NEGRA 10 TRADICIONAL;7;6000024;17266;25193;MANAUS;AM;CINEPOLIS OPERADORA DE CINEMAS DO BRASIL LTDA;09.652.820/0001-32
06/09/2020;06/09/2020 15:00:00;SPIDER-MAN: INTO THE SPIDER-VERSE;HOMEM-ARANHA NO ARANHAVERSO;E1800533700000;DUBLADO;NÃO;ESTADOS UNIDOS;5003488;SALA PQ.BELEM 07;2;6000024;17266;21616;BELÉM;PA;CINEPOLIS OPERADORA DE CINEMAS DO BRASIL LTDA;09.652.820/0001-32
06/09/2020;06/09/2020 15:00:00;THE SECRET: DARE TO DREAM;O SEGREDO: OUSE SONHAR;E2000080600000;DUBLADO;NÃO;ESTADOS UNIDOS;5004188;CINEFLIX JK SHOPPING - SALA 5;2;6000014;24534;24535;BRASÍLIA;DF;REDECINE BSB CINEMATOGRÁFICA LTDA;18.087.870/0001-05
06/09/2020;06/09/2020 15:00:00;THE SECRET: DARE TO DREAM;O SEGREDO: OUSE SONHAR;E2000080600000;DUBLADO;NÃO;ESTADOS UNIDOS;5002937;SALA 06;19;6000024;17266;17763;BELÉM;PA;CINEPOLIS OPERADORA DE CINEMAS DO BRASIL LTDA;09.652.820/0001-32
06/09/2020;06/09/2020 15:00:00;TURMA DA MÔNICA - LAÇOS;;B1900235500000;ORIGINAL;NÃO;BRASIL;5006416;GRUPOCINE MARANGUAPE 03;8;6000034;44276;44288;MARANGUAPE;CE;EMPRESA CINEMATOGRAFICA BOMBOCINE LTDA;21.298.337/0001-05
06/09/2020;06/09/2020 15:05:00;ONWARD;DOIS IRMÃOS: UMA JORNADA FANTÁSTICA;E1900366400000;DUBLADO;NÃO;ESTADOS UNIDOS;5005306;CINEFLIX VÁRZEA GRANDE SHOPPING - SALA 3;11;6000014;24534;31101;VÁRZEA GRANDE;MT;REDECINE BSB CINEMATOGRÁFICA LTDA;18.087.870/0001-05
06/09/2020;06/09/2020 15:05:00;TURMA DA MÔNICA - LAÇOS;;B1900235500000;ORIGINAL;NÃO;BRASIL;5006411;GRUPOCINE ITAPETININGA 03;0;6000034;44276;44287;ITAPETININGA;SP;EMPRESA CINEMATOGRAFICA BOMBOCINE LTDA;21.298.337/0001-05
06/09/2020;06/09/2020 15:10:00;QUEEN OF SPADES: THROUGH THE LOOKING GLASS;A MALDIÇÃO DO ESPELHO;E1900574500000;DUBLADO;NÃO;RÚSSIA;5004184;CINEFLIX JK SHOPPING - SALA 1;0;6000014;24534;24535;BRASÍLIA;DF;REDECINE BSB CINEMATOGRÁFICA LTDA;18.087.870/0001-05
06/09/2020;06/09/2020 15:10:00;TURMA DA MÔNICA - LAÇOS;;B1900235500000;ORIGINAL;NÃO;BRASIL;5006462;GRUPOCINE EUSÉBIO 02;0;6000034;44276;44457;EUSÉBIO;CE;EMPRESA CINEMATOGRAFICA BOMBOCINE LTDA;21.298.337/0001-05
06/09/2020;06/09/2020 15:10:00;TURMA DA MÔNICA - LAÇOS;;B1900235500000;ORIGINAL;NÃO;BRASIL;5006473;REDECINE SUMARE 02;0;6000014;5654;44547;SUMARÉ;SP;REDECINE-CPQ CINEMATOGRÁFICA LTDA;07.665.262/0001-14
06/09/2020;06/09/2020 15:15:00;ESCAPE FROM PRETORIA;FUGA DE PRETÓRIA;E2000249400000;ORIGINAL;SIM;ÁFRICA DO SUL;5005696;CINEPOLIS RIOMAR KENNEDY - SALA 05;4;6000024;17266;34309;FORTALEZA;CE;CINEPOLIS OPERADORA DE CINEMAS DO BRASIL LTDA;09.652.820/0001-32
06/09/2020;06/09/2020 15:15:00;ESCAPE FROM PRETORIA;FUGA DE PRETÓRIA;E2000249400000;ORIGINAL;SIM;ÁFRICA DO SUL;5005149;CINÉPOLIS MILLENNIUM - SALA 1;0;6000024;17266;30116;MANAUS;AM;CINEPOLIS OPERADORA DE CINEMAS DO BRASIL LTDA;09.652.820/0001-32
06/09/2020;06/09/2020 15:15:00;Mostras e Festivais;;G0000000000004;DUBLADO;NÃO;;5006364;ALFENAS SALA 1;2;6000008;15833;44017;ALFENAS;MG;CINE A LTDA;10.894.937/0001-01
06/09/2020;06/09/2020 15:15:00;Mostras e Festivais;;G0000000000004;DUBLADO;NÃO;;5006073;CINE A ALTAMIRA SALA 03;2;6000008;28464;33426;ALTAMIRA;PA;CINE A MARABA LTDA;21.160.773/0001-05
06/09/2020;06/09/2020 15:20:00;ATÉ QUE A SORTE NOS SEPARE;;B1201657700000;ORIGINAL;NÃO;BRASIL;5006348;REDECINE PINDAMONHANGABA 02;5;6000034;43781;43782;PINDAMONHANGABA;SP;REDECINE PINDAMONHANGABA CINEMAS LTDA;34.408.375/0001-07
06/09/2020;06/09/2020 15:20:00;BLOODSHOT;BLOODSHOT;E1900579400000;DUBLADO;NÃO;ESTADOS UNIDOS;5000160;NORTH SHOPPING 1;15;6000037;1991;2414;FORTALEZA;CE;EMPRESA CINEMAS SÃO LUIZ S/A;33.497.660/0001-89
06/09/2020;06/09/2020 15:20:00;E.T. THE EXTRA-TERRESTRIAL;E.T. O EXTRATERRESTRE;E1402648300000;DUBLADO;NÃO;ESTADOS UNIDOS;5000079;KINOPLEX AMAZONAS SALA 01;12;6000037;1991;2393;MANAUS;AM;EMPRESA CINEMAS SÃO LUIZ S/A;33.497.660/0001-89
06/09/2020;06/09/2020 15:20:00;MINHA MÃE É UMA PEÇA;;B1301808100000;ORIGINAL;NÃO;BRASIL;5006414;GRUPOCINE MARANGUAPE 01;0;6000034;44276;44288;MARANGUAPE;CE;EMPRESA CINEMATOGRAFICA BOMBOCINE LTDA;21.298.337/0001-05
06/09/2020;06/09/2020 15:20:00;Mostras e Festivais;;G0000000000004;DUBLADO;NÃO;;5004880;CIRCUITO CINEMAS PBAS- SALA 02;10;6000028;15568;27873;PARAUAPEBAS;PA;CIRCUITO ENTRETENIMENTO E CINEMAS LTDA;08.068.712/0001-54
06/09/2020;06/09/2020 15:20:00;THE SECRET: DARE TO DREAM;O SEGREDO: OUSE SONHAR;E2000080600000;DUBLADO;NÃO;ESTADOS UNIDOS;5005305;CINEFLIX VÁRZEA GRANDE SHOPPING - SALA 2;7;6000014;24534;31101;VÁRZEA GRANDE;MT;REDECINE BSB CINEMATOGRÁFICA LTDA;18.087.870/0001-05
06/09/2020;06/09/2020 15:25:00;E.T. THE EXTRA-TERRESTRIAL;E.T. O EXTRATERRESTRE;E1402648300000;DUBLADO;NÃO;ESTADOS UNIDOS;5006347;REDECINE PINDAMONHANGABA 01;4;6000034;43781;43782;PINDAMONHANGABA;SP;REDECINE PINDAMONHANGABA CINEMAS LTDA;34.408.375/0001-07
06/09/2020;06/09/2020 15:30:00;ATÉ QUE A SORTE NOS SEPARE;;B1201657700000;ORIGINAL;NÃO;BRASIL;5006424;GRUPOCINE ITAPECERICA 04;2;6000034;44276;44290;ITAPECERICA DA SERRA;SP;EMPRESA CINEMATOGRAFICA BOMBOCINE LTDA;21.298.337/0001-05
06/09/2020;06/09/2020 15:30:00;E.T. THE EXTRA-TERRESTRIAL;E.T. O EXTRATERRESTRE;E1402648300000;DUBLADO;NÃO;ESTADOS UNIDOS;5005428;UCI BRASIL - SHOPPING BOSQUE GRÃO PARÁ SALA 03;0;6000058;749;32026;BELÉM;PA;UNITED CINEMAS INTERNATIONAL BRASIL LTDA.;01.289.530/0001-64
06/09/2020;06/09/2020 15:30:00;ESCAPE FROM PRETORIA;FUGA DE PRETÓRIA;E2000249400000;ORIGINAL;SIM;ÁFRICA DO SUL;5005095;CINÉPOLIS SÃO GONÇALO SHOPPING - SALA 4;4;6000024;17266;30088;SÃO GONÇALO;RJ;CINEPOLIS OPERADORA DE CINEMAS DO BRASIL LTDA;09.652.820/0001-32
06/09/2020;06/09/2020 15:30:00;ESCAPE FROM PRETORIA;FUGA DE PRETÓRIA;E2000249400000;DUBLADO;NÃO;ÁFRICA DO SUL;5002723;SALA CINE PLAYARTE MANAUARA 03;17;6000049;260;16356;MANAUS;AM;PLAYARTE CINEMAS LTDA.;60.434.149/0001-00
06/09/2020;06/09/2020 15:30:00;ESCAPE FROM PRETORIA;FUGA DE PRETÓRIA;E2000249400000;DUBLADO;NÃO;ÁFRICA DO SUL;5005325;UCI BRASIL - SUMAÚMA PARK SHOPPING MANAUS SALA 02;9;6000058;749;31265;MANAUS;AM;UNITED CINEMAS INTERNATIONAL BRASIL LTDA.;01.289.530/0001-64
06/09/2020;06/09/2020 15:30:00;Eventos Esportivos;;G0000000000001;DUBLADO;NÃO;;5006474;REDECINE SUMARE 03;0;6000014;5654;44547;SUMARÉ;SP;REDECINE-CPQ CINEMATOGRÁFICA LTDA;07.665.262/0001-14
06/09/2020;06/09/2020 15:30:00;INSIDE OUT;DIVERTIDA MENTE;E1500351400000;DUBLADO;NÃO;ESTADOS UNIDOS;5006356;MULTICINE IANDE SHOPPING 1;0;6000045;5935;43968;CAUCAIA;CE;MULTICINE CINEMAS LTDA;07.609.246/0001-04
06/09/2020;06/09/2020 15:30:00;MINHA MÃE É UMA PEÇA;;B1301808100000;ORIGINAL;NÃO;BRASIL;5006349;REDECINE PINDAMONHANGABA 03;2;6000034;43781;43782;PINDAMONHANGABA;SP;REDECINE PINDAMONHANGABA CINEMAS LTDA;34.408.375/0001-07
06/09/2020;06/09/2020 15:30:00;THE SECRET: DARE TO DREAM;O SEGREDO: OUSE SONHAR;E2000080600000;DUBLADO;NÃO;ESTADOS UNIDOS;5005159;CINÉPOLIS MANAUS PLAZA - SALA 3;0;6000024;17266;30118;MANAUS;AM;CINEPOLIS OPERADORA DE CINEMAS DO BRASIL LTDA;09.652.820/0001-32
06/09/2020;06/09/2020 15:30:00;THE SECRET: DARE TO DREAM;O SEGREDO: OUSE SONHAR;E2000080600000;DUBLADO;NÃO;ESTADOS UNIDOS;5000161;NORTH SHOPPING 2;9;6000037;1991;2414;FORTALEZA;CE;EMPRESA CINEMAS SÃO LUIZ S/A;33.497.660/0001-89
06/09/2020;06/09/2020 15:30:00;THE SECRET: DARE TO DREAM;O SEGREDO: OUSE SONHAR;E2000080600000;DUBLADO;NÃO;ESTADOS UNIDOS;5004474;SALA CINEPOLIS NORTH SHOPPING JOQUEI 04;9;6000024;17266;25960;FORTALEZA;CE;CINEPOLIS OPERADORA DE CINEMAS DO BRASIL LTDA;09.652.820/0001-32
06/09/2020;06/09/2020 15:30:00;THE SECRET: DARE TO DREAM;O SEGREDO: OUSE SONHAR;E2000080600000;ORIGINAL;SIM;ESTADOS UNIDOS;5004372;SALA CINEPOLIS PONTA NEGRA 09 TRADICIONAL;10;6000024;17266;25193;MANAUS;AM;CINEPOLIS OPERADORA DE CINEMAS DO BRASIL LTDA;09.652.820/0001-32
06/09/2020;06/09/2020 15:35:00;BACK TO THE FUTURE;DE VOLTA PARA O FUTURO;E1402513800000;DUBLADO;NÃO;ESTADOS UNIDOS;5006350;REDECINE PINDAMONHANGABA 04;2;6000034;43781;43782;PINDAMONHANGABA;SP;REDECINE PINDAMONHANGABA CINEMAS LTDA;34.408.375/0001-07
06/09/2020;06/09/2020 15:40:00;BACK TO THE FUTURE;DE VOLTA PARA O FUTURO;E1402513800000;DUBLADO;NÃO;ESTADOS UNIDOS;5000081;KINOPLEX AMAZONAS SALA 03;18;6000037;1991;2393;MANAUS;AM;EMPRESA CINEMAS SÃO LUIZ S/A;33.497.660/0001-89
06/09/2020;06/09/2020 15:40:00;EL ROBO DEL SIGLO;O ROUBO DO SÉCULO;E2000030900000;ORIGINAL;SIM;ARGENTINA;5000163;NORTH SHOPPING 4;2;6000037;1991;2414;FORTALEZA;CE;EMPRESA CINEMAS SÃO LUIZ S/A;33.497.660/0001-89
06/09/2020;06/09/2020 15:40:00;ESCAPE FROM PRETORIA;FUGA DE PRETÓRIA;E2000249400000;DUBLADO;NÃO;ÁFRICA DO SUL;5006476;REDECINE SUMARE 05;0;6000014;5654;44547;SUMARÉ;SP;REDECINE-CPQ CINEMATOGRÁFICA LTDA;07.665.262/0001-14
06/09/2020;06/09/2020 15:40:00;GRETEL & HANSEL (2020);MARIA E JOÃO - O CONTO DAS BRUXAS;E1900467000000;DUBLADO;NÃO;ESTADOS UNIDOS;5002719;SALA CINE PLAYARTE MANAUARA 05;24;6000049;260;16356;MANAUS;AM;PLAYARTE CINEMAS LTDA.;60.434.149/0001-00
06/09/2020;06/09/2020 15:40:00;KNIVES OUT;ENTRE FACAS E SEGREDOS;E1900395500000;DUBLADO;NÃO;ESTADOS UNIDOS;5005307;CINEFLIX VÁRZEA GRANDE SHOPPING - SALA 4;4;6000014;24534;31101;VÁRZEA GRANDE;MT;REDECINE BSB CINEMATOGRÁFICA LTDA;18.087.870/0001-05
06/09/2020;06/09/2020 15:40:00;MINIONS;MINIONS;E1500311600000;DUBLADO;NÃO;ESTADOS UNIDOS;5004882;CIRCUITO CINEMAS PBAS- SALA 04;10;6000028;15568;27873;PARAUAPEBAS;PA;CIRCUITO ENTRETENIMENTO E CINEMAS LTDA;08.068.712/0001-54
06/09/2020;06/09/2020 15:45:00;Eventos Esportivos;;G0000000000001;DUBLADO;NÃO;;5005308;CINEFLIX VÁRZEA GRANDE SHOPPING - SALA 5;7;6000014;24534;31101;VÁRZEA GRANDE;MT;REDECINE BSB CINEMATOGRÁFICA LTDA;18.087.870/0001-05
06/09/2020;06/09/2020 15:45:00;MOANA;MOANA - UM MAR DE AVENTURAS;E1600655200000;DUBLADO;NÃO;ESTADOS UNIDOS;5005751;CINE WEST SALA 03;10;;14882;14883;CASCAVEL;PR;WEST SIDE SHOPPING CENTER LTDA;68.761.170/0001-22
06/09/2020;06/09/2020 15:45:00;SPIDER-MAN: INTO THE SPIDER-VERSE;HOMEM-ARANHA NO ARANHAVERSO;E1800533700000;DUBLADO;NÃO;ESTADOS UNIDOS;5002256;MOVIECOM PATIO BELÉM 3;11;6000100;2897;13915;BELÉM;PA;MOVIE CINEMAS LTDA;04.708.972/0001-96
06/09/2020;06/09/2020 15:45:00;THE SECRET: DARE TO DREAM;O SEGREDO: OUSE SONHAR;E2000080600000;DUBLADO;NÃO;ESTADOS UNIDOS;5003487;SALA PQ.BELEM 06;0;6000024;17266;21616;BELÉM;PA;CINEPOLIS OPERADORA DE CINEMAS DO BRASIL LTDA;09.652.820/0001-32
06/09/2020;06/09/2020 15:45:01;Mostras e Festivais;;G0000000000004;ORIGINAL;NÃO;;5006381;ALFENAS SALA 3;2;6000008;15833;44017;ALFENAS;MG;CINE A LTDA;10.894.937/0001-01
06/09/2020;06/09/2020 15:45:01;Mostras e Festivais;;G0000000000004;ORIGINAL;NÃO;;5005617;CINE A ALTAMIRA SALA 01;1;6000008;28464;33426;ALTAMIRA;PA;CINE A MARABA LTDA;21.160.773/0001-05
06/09/2020;06/09/2020 15:50:00;ESCAPE FROM PRETORIA;FUGA DE PRETÓRIA;E2000249400000;ORIGINAL;SIM;ÁFRICA DO SUL;5004366;SALA CINEPOLIS PONTA NEGRA 03 VIP;6;6000024;17266;25193;MANAUS;AM;CINEPOLIS OPERADORA DE CINEMAS DO BRASIL LTDA;09.652.820/0001-32
06/09/2020;06/09/2020 15:50:00;GET OUT;CORRA!;E1700047300000;DUBLADO;NÃO;ESTADOS UNIDOS;5006421;GRUPOCINE ITAPECERICA 01;0;6000034;44276;44290;ITAPECERICA DA SERRA;SP;EMPRESA CINEMATOGRAFICA BOMBOCINE LTDA;21.298.337/0001-05
06/09/2020;06/09/2020 15:50:00;MINIONS;MINIONS;E1500311600000;DUBLADO;NÃO;ESTADOS UNIDOS;5005975;CINESYSTEM ANANINDEUA SALA 01;3;6000027;22546;38898;ANANINDEUA;PA;REDECINE BRA CINEMATOGRÁFICA S.A.;15.422.993/0001-67
06/09/2020;06/09/2020 15:50:00;Mostras e Festivais;;G0000000000004;DUBLADO;NÃO;;5001503;MOVIECOM CASTANHEIRA 6;20;6000100;2897;2896;BELÉM;PA;MOVIE CINEMAS LTDA;04.708.972/0001-96
06/09/2020;06/09/2020 16:00:00;EL ROBO DEL SIGLO;O ROUBO DO SÉCULO;E2000030900000;ORIGINAL;SIM;ARGENTINA;5005327;UCI BRASIL - SUMAÚMA PARK SHOPPING MANAUS SALA 04;6;6000058;749;31265;MANAUS;AM;UNITED CINEMAS INTERNATIONAL BRASIL LTDA.;01.289.530/0001-64
06/09/2020;06/09/2020 16:00:00;ESCAPE FROM PRETORIA;FUGA DE PRETÓRIA;E2000249400000;DUBLADO;NÃO;ÁFRICA DO SUL;5005981;CINESYSTEM ANANINDEUA SALA 07;8;6000027;22546;38898;ANANINDEUA;PA;REDECINE BRA CINEMATOGRÁFICA S.A.;15.422.993/0001-67
06/09/2020;06/09/2020 16:00:00;Eventos Esportivos;;G0000000000001;DUBLADO;NÃO;;5005722;CINEFLIX VALPARAISO SALA 05;8;6000014;24534;34628;VALPARAÍSO DE GOIÁS;GO;REDECINE BSB CINEMATOGRÁFICA LTDA;18.087.870/0001-05
06/09/2020;06/09/2020 16:00:00;JOHN WICK 3: PARABELLUM;JOHN WICK 3: PARABELLUM;E1900126300000;DUBLADO;NÃO;ESTADOS UNIDOS;5006494;CINE INTER SANTA INES 02;3;6000140;44834;44835;SANTA INÊS;MA;CINEINTER EXIBICOES CINEMATOGRAFICAS LTDA;35.477.354/0001-06
06/09/2020;06/09/2020 16:00:00;MALEFICENT: MISTRESS OF EVIL;MALÉVOLA: DONA DO MAL;E1900358800000;DUBLADO;NÃO;ESTADOS UNIDOS;5006554;CINEPLUS XAXIM DRIVE-IN - PLANETA DRIVE-IN;18;6000023;15673;15674;CURITIBA;PR;VITOMAQ PRODUÇÕES ARTISTICAS E CINEMA LTDA - ME;07.617.254/0001-00
06/09/2020;06/09/2020 16:00:00;MINHA MÃE É UMA PEÇA;;B1301808100000;ORIGINAL;NÃO;BRASIL;5006422;GRUPOCINE ITAPECERICA 02;2;6000034;44276;44290;ITAPECERICA DA SERRA;SP;EMPRESA CINEMATOGRAFICA BOMBOCINE LTDA;21.298.337/0001-05
06/09/2020;06/09/2020 16:00:00;MINIONS;MINIONS;E1500311600000;DUBLADO;NÃO;ESTADOS UNIDOS;5002428;CINE WEST SALA 01;2;;14882;14883;CASCAVEL;PR;WEST SIDE SHOPPING CENTER LTDA;68.761.170/0001-22
06/09/2020;06/09/2020 16:00:00;QUEEN OF SPADES: THROUGH THE LOOKING GLASS;A MALDIÇÃO DO ESPELHO;E1900574500000;DUBLADO;NÃO;RÚSSIA;5005694;CINEPOLIS RIOMAR KENNEDY - SALA 03;10;6000024;17266;34309;FORTALEZA;CE;CINEPOLIS OPERADORA DE CINEMAS DO BRASIL LTDA;09.652.820/0001-32
06/09/2020;06/09/2020 16:00:00;SONIC THE HEDGEHOG;SONIC - O FILME;E2000012200000;DUBLADO;NÃO;CANADÁ;5006603;MOVIE ARTE BENTO GONÇALVES DRIVE-IN;8;6000041;14251;32792;BENTO GONÇALVES;RS;MOVIE ARTE CINEMAS LTDA;10.202.181/0001-92
06/09/2020;06/09/2020 16:00:00;THE AVENGERS: AGE OF ULTRON;VINGADORES: ERA DE ULTRON;E1500563200000;DUBLADO;NÃO;ESTADOS UNIDOS;5005721;CINEFLIX VALPARAISO SALA 04;3;6000014;24534;34628;VALPARAÍSO DE GOIÁS;GO;REDECINE BSB CINEMATOGRÁFICA LTDA;18.087.870/0001-05
06/09/2020;06/09/2020 16:00:00;THE SECRET: DARE TO DREAM;O SEGREDO: OUSE SONHAR;E2000080600000;DUBLADO;NÃO;ESTADOS UNIDOS;5001149;CINE PORTO;0;;2351;2352;UBATUBA;SP;CINEMATOGRÁFICA LITORAL NORTE LTDA-EPP;04.165.613/0001-30
06/09/2020;06/09/2020 16:00:00;THE SECRET: DARE TO DREAM;O SEGREDO: OUSE SONHAR;E2000080600000;DUBLADO;NÃO;ESTADOS UNIDOS;5005151;CINÉPOLIS MILLENNIUM - SALA 3;0;6000024;17266;30116;MANAUS;AM;CINEPOLIS OPERADORA DE CINEMAS DO BRASIL LTDA;09.652.820/0001-32
06/09/2020;06/09/2020 16:00:01;WONDER WOMAN;MULHER-MARAVILHA;E1700197900000;DUBLADO;NÃO;ESTADOS UNIDOS;5006365;ALFENAS SALA 2;1;6000008;15833;44017;ALFENAS;MG;CINE A LTDA;10.894.937/0001-01
06/09/2020;06/09/2020 16:00:01;WONDER WOMAN;MULHER-MARAVILHA;E1700197900000;DUBLADO;NÃO;ESTADOS UNIDOS;5006072;CINE A ALTAMIRA SALA 02;1;6000008;28464;33426;ALTAMIRA;PA;CINE A MARABA LTDA;21.160.773/0001-05
06/09/2020;06/09/2020 16:10:00;ESCAPE FROM PRETORIA;FUGA DE PRETÓRIA;E2000249400000;DUBLADO;NÃO;ÁFRICA DO SUL;5005304;CINEFLIX VÁRZEA GRANDE SHOPPING - SALA 1;14;6000014;24534;31101;VÁRZEA GRANDE;MT;REDECINE BSB CINEMATOGRÁFICA LTDA;18.087.870/0001-05
06/09/2020;06/09/2020 16:10:00;ESCAPE FROM PRETORIA;FUGA DE PRETÓRIA;E2000249400000;DUBLADO;NÃO;ÁFRICA DO SUL;5004822;KINOPLEX AMAZONAS SALA 04;25;6000037;1991;2393;MANAUS;AM;EMPRESA CINEMAS SÃO LUIZ S/A;33.497.660/0001-89
06/09/2020;06/09/2020 16:10:00;ONWARD;DOIS IRMÃOS: UMA JORNADA FANTÁSTICA;E1900366400000;DUBLADO;NÃO;ESTADOS UNIDOS;5005979;CINESYSTEM ANANINDEUA SALA 05;14;6000027;22546;38898;ANANINDEUA;PA;REDECINE BRA CINEMATOGRÁFICA S.A.;15.422.993/0001-67
06/09/2020;06/09/2020 16:10:00;QUEEN OF SPADES: THROUGH THE LOOKING GLASS;A MALDIÇÃO DO ESPELHO;E1900574500000;DUBLADO;NÃO;RÚSSIA;5005429;UCI BRASIL - SHOPPING BOSQUE GRÃO PARÁ SALA 04;18;6000058;749;32026;BELÉM;PA;UNITED CINEMAS INTERNATIONAL BRASIL LTDA.;01.289.530/0001-64
06/09/2020;06/09/2020 16:10:00;SPIDER-MAN: INTO THE SPIDER-VERSE;HOMEM-ARANHA NO ARANHAVERSO;E1800533700000;DUBLADO;NÃO;ESTADOS UNIDOS;5001498;MOVIECOM CASTANHEIRA 3;11;6000100;2897;2896;BELÉM;PA;MOVIE CINEMAS LTDA;04.708.972/0001-96
06/09/2020;06/09/2020 16:10:00;THE SECRET: DARE TO DREAM;O SEGREDO: OUSE SONHAR;E2000080600000;DUBLADO;NÃO;ESTADOS UNIDOS;5002257;MOVIECOM PATIO BELÉM 2;3;6000100;2897;13915;BELÉM;PA;MOVIE CINEMAS LTDA;04.708.972/0001-96
06/09/2020;06/09/2020 16:15:00;BACK TO THE FUTURE;DE VOLTA PARA O FUTURO;E1402513800000;DUBLADO;NÃO;ESTADOS UNIDOS;5006423;GRUPOCINE ITAPECERICA 03;2;6000034;44276;44290;ITAPECERICA DA SERRA;SP;EMPRESA CINEMATOGRAFICA BOMBOCINE LTDA;21.298.337/0001-05
06/09/2020;06/09/2020 16:15:00;E.T. THE EXTRA-TERRESTRIAL;E.T. O EXTRATERRESTRE;E1402648300000;DUBLADO;NÃO;ESTADOS UNIDOS;5005153;CINÉPOLIS MILLENNIUM - SALA 5;0;6000024;17266;30116;MANAUS;AM;CINEPOLIS OPERADORA DE CINEMAS DO BRASIL LTDA;09.652.820/0001-32
06/09/2020;06/09/2020 16:15:00;ESCAPE FROM PRETORIA;FUGA DE PRETÓRIA;E2000249400000;ORIGINAL;SIM;ÁFRICA DO SUL;5002941;SALA 02;4;6000024;17266;17763;BELÉM;PA;CINEPOLIS OPERADORA DE CINEMAS DO BRASIL LTDA;09.652.820/0001-32
06/09/2020;06/09/2020 16:15:00;HARRY POTTER AND THE PHILOSOPHER'S STONE;HARRY POTTER E A PEDRA FILOSOFAL;E1500138600000;ORIGINAL;SIM;ESTADOS UNIDOS;5002603;CINEMAS BENFICA - SALA 1;49;;15690;15691;FORTALEZA;CE;CINEMAS BENFICA LTDA;07.509.597/0001-43
06/09/2020;06/09/2020 16:15:00;HARRY POTTER AND THE PHILOSOPHER'S STONE;HARRY POTTER E A PEDRA FILOSOFAL;E1500138600000;ORIGINAL;SIM;ESTADOS UNIDOS;5006465;GRUPOCINE EUSÉBIO 05;3;6000034;44276;44457;EUSÉBIO;CE;EMPRESA CINEMATOGRAFICA BOMBOCINE LTDA;21.298.337/0001-05
06/09/2020;06/09/2020 16:15:00;MINHA MÃE É UMA PEÇA;;B1301808100000;DUBLADO;NÃO;BRASIL;5005161;CINÉPOLIS MANAUS PLAZA - SALA 5;3;6000024;17266;30118;MANAUS;AM;CINEPOLIS OPERADORA DE CINEMAS DO BRASIL LTDA;09.652.820/0001-32
06/09/2020;06/09/2020 16:15:00;QUEEN OF SPADES: THROUGH THE LOOKING GLASS;A MALDIÇÃO DO ESPELHO;E1900574500000;DUBLADO;NÃO;RÚSSIA;5005098;CINÉPOLIS SÃO GONÇALO SHOPPING - SALA 7;29;6000024;17266;30088;SÃO GONÇALO;RJ;CINEPOLIS OPERADORA DE CINEMAS DO BRASIL LTDA;09.652.820/0001-32
06/09/2020;06/09/2020 16:20:00;BLACK PANTHER;PANTERA NEGRA;E1700512400000;DUBLADO;NÃO;ESTADOS UNIDOS;5006413;GRUPOCINE ITAPETININGA 05;6;6000034;44276;44287;ITAPETININGA;SP;EMPRESA CINEMATOGRAFICA BOMBOCINE LTDA;21.298.337/0001-05
06/09/2020;06/09/2020 16:20:00;BOHEMIAN RHAPSODY;BOHEMIAN RHAPSODY;E1800251900000;ORIGINAL;SIM;ESTADOS UNIDOS;5002722;SALA CINE PLAYARTE MANAUARA 07;7;6000049;260;16356;MANAUS;AM;PLAYARTE CINEMAS LTDA.;60.434.149/0001-00
06/09/2020;06/09/2020 16:20:00;THE AVENGERS: AGE OF ULTRON;VINGADORES: ERA DE ULTRON;E1500563200000;DUBLADO;NÃO;ESTADOS UNIDOS;5004185;CINEFLIX JK SHOPPING - SALA 2;3;6000014;24534;24535;BRASÍLIA;DF;REDECINE BSB CINEMATOGRÁFICA LTDA;18.087.870/0001-05
06/09/2020;06/09/2020 16:20:00;THE SECRET: DARE TO DREAM;O SEGREDO: OUSE SONHAR;E2000080600000;DUBLADO;NÃO;ESTADOS UNIDOS;5005956;MOBI CINE REDENÇÃO SALA 1;4;6000040;28561;38513;REDENÇÃO;PA;C A VIEIRA LEMOS E CIA LTDA;20.334.881/0001-94
06/09/2020;06/09/2020 16:25:00;EL ROBO DEL SIGLO;O ROUBO DO SÉCULO;E2000030900000;ORIGINAL;SIM;ARGENTINA;5005978;CINESYSTEM ANANINDEUA SALA 04;5;6000027;22546;38898;ANANINDEUA;PA;REDECINE BRA CINEMATOGRÁFICA S.A.;15.422.993/0001-67
06/09/2020;06/09/2020 16:30:00;ABOMINABLE;ABOMINÁVEL;E1900349400000;DUBLADO;NÃO;CHINA;5006621;CINEPLUS PLANETA DRIVE IN PINHAIS;0;6000023;15673;46339;PINHAIS;PR;VITOMAQ PRODUÇÕES ARTISTICAS E CINEMA LTDA - ME;07.617.254/0001-00
06/09/2020;06/09/2020 16:30:00;BLOODSHOT;BLOODSHOT;E1900579400000;DUBLADO;NÃO;ESTADOS UNIDOS;5005957;MOBI CINE REDENÇÃO SALA 2;2;6000040;28561;38513;REDENÇÃO;PA;C A VIEIRA LEMOS E CIA LTDA;20.334.881/0001-94
06/09/2020;06/09/2020 16:30:00;E.T. THE EXTRA-TERRESTRIAL;E.T. O EXTRATERRESTRE;E1402648300000;DUBLADO;NÃO;ESTADOS UNIDOS;5006463;GRUPOCINE EUSÉBIO 03;4;6000034;44276;44457;EUSÉBIO;CE;EMPRESA CINEMATOGRAFICA BOMBOCINE LTDA;21.298.337/0001-05
06/09/2020;06/09/2020 16:30:00;E.T. THE EXTRA-TERRESTRIAL;E.T. O EXTRATERRESTRE;E1402648300000;DUBLADO;NÃO;ESTADOS UNIDOS;5006412;GRUPOCINE ITAPETININGA 04;0;6000034;44276;44287;ITAPETININGA;SP;EMPRESA CINEMATOGRAFICA BOMBOCINE LTDA;21.298.337/0001-05
06/09/2020;06/09/2020 16:30:00;E.T. THE EXTRA-TERRESTRIAL;E.T. O EXTRATERRESTRE;E1402648300000;DUBLADO;NÃO;ESTADOS UNIDOS;5004369;SALA CINEPOLIS PONTA NEGRA 06 TRADICIONAL;8;6000024;17266;25193;MANAUS;AM;CINEPOLIS OPERADORA DE CINEMAS DO BRASIL LTDA;09.652.820/0001-32
06/09/2020;06/09/2020 16:30:00;E.T. THE EXTRA-TERRESTRIAL;E.T. O EXTRATERRESTRE;E1402648300000;DUBLADO;NÃO;ESTADOS UNIDOS;5005329;UCI BRASIL - SUMAÚMA PARK SHOPPING MANAUS SALA 06;16;6000058;749;31265;MANAUS;AM;UNITED CINEMAS INTERNATIONAL BRASIL LTDA.;01.289.530/0001-64
06/09/2020;06/09/2020 16:30:00;EL ROBO DEL SIGLO;O ROUBO DO SÉCULO;E2000030900000;DUBLADO;NÃO;ARGENTINA;5006493;CINE INTER SANTA INES 01;3;6000140;44834;44835;SANTA INÊS;MA;CINEINTER EXIBICOES CINEMATOGRAFICAS LTDA;35.477.354/0001-06
06/09/2020;06/09/2020 16:30:00;EL ROBO DEL SIGLO;O ROUBO DO SÉCULO;E2000030900000;ORIGINAL;SIM;ARGENTINA;5000080;KINOPLEX AMAZONAS SALA 02;3;6000037;1991;2393;MANAUS;AM;EMPRESA CINEMAS SÃO LUIZ S/A;33.497.660/0001-89
06/09/2020;06/09/2020 16:30:00;HARRY POTTER AND THE SORCERER'S STONE;HARRY POTTER AND THE SORCERER'S STONE;E1900440700000;ORIGINAL;SIM;ESTADOS UNIDOS;5005150;CINÉPOLIS MILLENNIUM - SALA 2;0;6000024;17266;30116;MANAUS;AM;CINEPOLIS OPERADORA DE CINEMAS DO BRASIL LTDA;09.652.820/0001-32
06/09/2020;06/09/2020 16:30:00;MINIONS;MINIONS;E1500311600000;DUBLADO;NÃO;ESTADOS UNIDOS;5005697;CINEPOLIS RIOMAR KENNEDY - SALA 06;19;6000024;17266;34309;FORTALEZA;CE;CINEPOLIS OPERADORA DE CINEMAS DO BRASIL LTDA;09.652.820/0001-32
06/09/2020;06/09/2020 16:30:00;Mostras e Festivais;;G0000000000004;DUBLADO;NÃO;;5001502;MOVIECOM CASTANHEIRA 5;14;6000100;2897;2896;BELÉM;PA;MOVIE CINEMAS LTDA;04.708.972/0001-96
06/09/2020;06/09/2020 16:30:00;Mostras e Festivais;;G0000000000004;DUBLADO;NÃO;;5002255;MOVIECOM PATIO BELÉM 1;4;6000100;2897;13915;BELÉM;PA;MOVIE CINEMAS LTDA;04.708.972/0001-96
06/09/2020;06/09/2020 16:30:00;Mostras e Festivais;;G0000000000004;DUBLADO;NÃO;;5006357;MULTICINE IANDE SHOPPING 2;0;6000045;5935;43968;CAUCAIA;CE;MULTICINE CINEMAS LTDA;07.609.246/0001-04
06/09/2020;06/09/2020 16:30:00;QUEEN OF SPADES: THROUGH THE LOOKING GLASS;A MALDIÇÃO DO ESPELHO;E1900574500000;DUBLADO;NÃO;RÚSSIA;5005157;CINÉPOLIS MANAUS PLAZA - SALA 1;25;6000024;17266;30118;MANAUS;AM;CINEPOLIS OPERADORA DE CINEMAS DO BRASIL LTDA;09.652.820/0001-32
06/09/2020;06/09/2020 16:30:00;QUEEN OF SPADES: THROUGH THE LOOKING GLASS;A MALDIÇÃO DO ESPELHO;E1900574500000;DUBLADO;NÃO;RÚSSIA;5002938;SALA 04;16;6000024;17266;17763;BELÉM;PA;CINEPOLIS OPERADORA DE CINEMAS DO BRASIL LTDA;09.652.820/0001-32
06/09/2020;06/09/2020 16:30:00;THE SECRET: DARE TO DREAM;O SEGREDO: OUSE SONHAR;E2000080600000;DUBLADO;NÃO;ESTADOS UNIDOS;5005925;CENTERPLEX GRANDE CIRCULAR 02;5;6000006;38234;38235;MANAUS;AM;CINE ELI AMAZONAS CINEMAS LTDA - EM RECUPERAÇÃO JUDICIAL;28.619.116/0001-22
06/09/2020;06/09/2020 16:30:00;THE SECRET: DARE TO DREAM;O SEGREDO: OUSE SONHAR;E2000080600000;DUBLADO;NÃO;ESTADOS UNIDOS;5004879;CIRCUITO CINEMAS PBAS- SALA 01;2;6000028;15568;27873;PARAUAPEBAS;PA;CIRCUITO ENTRETENIMENTO E CINEMAS LTDA;08.068.712/0001-54
06/09/2020;06/09/2020 16:30:00;TURMA DA MÔNICA - LAÇOS;;B1900235500000;ORIGINAL;NÃO;BRASIL;5005931;MOBI CINE AÇAILÂNDIA SALA 03;0;6000040;38236;38237;AÇAILÂNDIA;MA;C A V LEMOS E CIA LTDA - ME;14.717.191/0001-11
06/09/2020;06/09/2020 16:35:00;JUMANJI: NEXT LEVEL;JUMANJI: PROXIMA FASE;E1900458100000;DUBLADO;NÃO;ESTADOS UNIDOS;5005930;MOBI CINE AÇAILÂNDIA SALA 02;5;6000040;38236;38237;AÇAILÂNDIA;MA;C A V LEMOS E CIA LTDA - ME;14.717.191/0001-11
06/09/2020;06/09/2020 16:35:00;SONIC THE HEDGEHOG;SONIC - O FILME;E2000012200000;DUBLADO;NÃO;CANADÁ;5002726;SALA CINE PLAYARTE MANAUARA 06;3;6000049;260;16356;MANAUS;AM;PLAYARTE CINEMAS LTDA.;60.434.149/0001-00
06/09/2020;06/09/2020 16:40:00;Eventos Esportivos;;G0000000000001;DUBLADO;NÃO;;5004186;CINEFLIX JK SHOPPING - SALA 3;4;6000014;24534;24535;BRASÍLIA;DF;REDECINE BSB CINEMATOGRÁFICA LTDA;18.087.870/0001-05
06/09/2020;06/09/2020 16:40:00;MINIONS;MINIONS;E1500311600000;DUBLADO;NÃO;ESTADOS UNIDOS;5006410;GRUPOCINE ITAPETININGA 02;13;6000034;44276;44287;ITAPETININGA;SP;EMPRESA CINEMATOGRAFICA BOMBOCINE LTDA;21.298.337/0001-05
06/09/2020;06/09/2020 16:40:00;THE AVENGERS;THE AVENGERS: OS VINGADORES;E1500275200000;DUBLADO;NÃO;ESTADOS UNIDOS;5005338;CINEMAS BENFICA - SALA 4;24;;15690;15691;FORTALEZA;CE;CINEMAS BENFICA LTDA;07.509.597/0001-43
06/09/2020;06/09/2020 16:40:00;WONDER WOMAN;MULHER-MARAVILHA;E1700197900000;DUBLADO;NÃO;ESTADOS UNIDOS;5005984;CINESYSTEM ANANINDEUA SALA 10;9;6000027;22546;38898;ANANINDEUA;PA;REDECINE BRA CINEMATOGRÁFICA S.A.;15.422.993/0001-67
06/09/2020;06/09/2020 16:45:00;BACK TO THE FUTURE;DE VOLTA PARA O FUTURO;E1402513800000;ORIGINAL;SIM;ESTADOS UNIDOS;5005094;CINÉPOLIS SÃO GONÇALO SHOPPING - SALA 3;3;6000024;17266;30088;SÃO GONÇALO;RJ;CINEPOLIS OPERADORA DE CINEMAS DO BRASIL LTDA;09.652.820/0001-32
06/09/2020;06/09/2020 16:45:00;E.T. THE EXTRA-TERRESTRIAL;E.T. O EXTRATERRESTRE;E1402648300000;DUBLADO;NÃO;ESTADOS UNIDOS;5002942;SALA 07;14;6000024;17266;17763;BELÉM;PA;CINEPOLIS OPERADORA DE CINEMAS DO BRASIL LTDA;09.652.820/0001-32
06/09/2020;06/09/2020 16:45:00;INSIDE OUT;DIVERTIDA MENTE;E1500351400000;DUBLADO;NÃO;ESTADOS UNIDOS;5006464;GRUPOCINE EUSÉBIO 04;0;6000034;44276;44457;EUSÉBIO;CE;EMPRESA CINEMATOGRAFICA BOMBOCINE LTDA;21.298.337/0001-05
06/09/2020;06/09/2020 16:45:00;MINIONS;MINIONS;E1500311600000;DUBLADO;NÃO;ESTADOS UNIDOS;5006415;GRUPOCINE MARANGUAPE 02;0;6000034;44276;44288;MARANGUAPE;CE;EMPRESA CINEMATOGRAFICA BOMBOCINE LTDA;21.298.337/0001-05
06/09/2020;06/09/2020 16:45:00;QUEEN OF SPADES: THROUGH THE LOOKING GLASS;A MALDIÇÃO DO ESPELHO;E1900574500000;DUBLADO;NÃO;RÚSSIA;5003483;SALA PQ.BELEM 02;10;6000024;17266;21616;BELÉM;PA;CINEPOLIS OPERADORA DE CINEMAS DO BRASIL LTDA;09.652.820/0001-32
06/09/2020;06/09/2020 16:45:00;WONDER WOMAN;MULHER-MARAVILHA;E1700197900000;DUBLADO;NÃO;ESTADOS UNIDOS;5005431;UCI BRASIL - SHOPPING BOSQUE GRÃO PARÁ SALA 06;7;6000058;749;32026;BELÉM;PA;UNITED CINEMAS INTERNATIONAL BRASIL LTDA.;01.289.530/0001-64
06/09/2020;06/09/2020 16:50:00;BLACK PANTHER;PANTERA NEGRA;E1700512400000;DUBLADO;NÃO;ESTADOS UNIDOS;5002564;CINE CATARATAS 1;14;;15565;15566;FOZ DO IGUAÇU;PR;CINE CATARATAS LTDA;09.010.219/0001-46
06/09/2020;06/09/2020 16:50:00;Eventos Esportivos;;G0000000000001;DUBLADO;NÃO;;5006475;REDECINE SUMARE 04;11;6000014;5654;44547;SUMARÉ;SP;REDECINE-CPQ CINEMATOGRÁFICA LTDA;07.665.262/0001-14
06/09/2020;06/09/2020 16:50:00;JUMANJI: NEXT LEVEL;JUMANJI: PROXIMA FASE;E1900458100000;DUBLADO;NÃO;ESTADOS UNIDOS;5002727;SALA CINE PLAYARTE MANAUARA 04;36;6000049;260;16356;MANAUS;AM;PLAYARTE CINEMAS LTDA.;60.434.149/0001-00
06/09/2020;06/09/2020 16:50:00;QUEEN OF SPADES: THROUGH THE LOOKING GLASS;A MALDIÇÃO DO ESPELHO;E1900574500000;DUBLADO;NÃO;RÚSSIA;5005977;CINESYSTEM ANANINDEUA SALA 03;29;6000027;22546;38898;ANANINDEUA;PA;REDECINE BRA CINEMATOGRÁFICA S.A.;15.422.993/0001-67
06/09/2020;06/09/2020 16:50:00;QUEEN OF SPADES: THROUGH THE LOOKING GLASS;A MALDIÇÃO DO ESPELHO;E1900574500000;DUBLADO;NÃO;RÚSSIA;5000164;NORTH SHOPPING 5;31;6000037;1991;2414;FORTALEZA;CE;EMPRESA CINEMAS SÃO LUIZ S/A;33.497.660/0001-89
06/09/2020;06/09/2020 16:50:00;THE SECRET: DARE TO DREAM;O SEGREDO: OUSE SONHAR;E2000080600000;DUBLADO;NÃO;ESTADOS UNIDOS;5001505;MOVIECOM CASTANHEIRA 7;4;6000100;2897;2896;BELÉM;PA;MOVIE CINEMAS LTDA;04.708.972/0001-96
06/09/2020;06/09/2020 16:50:00;TURMA DA MÔNICA - LAÇOS;;B1900235500000;ORIGINAL;NÃO;BRASIL;5006416;GRUPOCINE MARANGUAPE 03;5;6000034;44276;44288;MARANGUAPE;CE;EMPRESA CINEMATOGRAFICA BOMBOCINE LTDA;21.298.337/0001-05
06/09/2020;06/09/2020 16:50:00;TURMA DA MÔNICA - LAÇOS;;B1900235500000;ORIGINAL;NÃO;BRASIL;5006384;GRUPOCINE SANTA ISABEL 02;0;6000034;44276;44277;SANTA ISABEL;SP;EMPRESA CINEMATOGRAFICA BOMBOCINE LTDA;21.298.337/0001-05
06/09/2020;06/09/2020 16:55:00;WONDER WOMAN;MULHER-MARAVILHA;E1700197900000;DUBLADO;NÃO;ESTADOS UNIDOS;5005966;CINE SUL SALA 02;16;6000121;38751;38752;MEDIANEIRA;PR;L N DA ROCHA & CIA LTDA - ME;29.099.414/0001-00
06/09/2020;06/09/2020 17:00:00;BIRDS OF PREY (AND THE FANTABULOUS EMANCIPATION OF ONE HARLEY QUINN);AVES DE RAPINA (ARLEQUINA E SUA EMANCIPAÇÃO FANTABULOSA);E1900628800000;DUBLADO;NÃO;ESTADOS UNIDOS;5006590;SUPER DRIVE IN;4;6000006;2872;46068;SÃO BERNARDO DO CAMPO;SP;EMPRESA CENTERPLEX DE CINEMAS LTDA;00.812.310/0001-00
06/09/2020;06/09/2020 17:00:00;BLOODSHOT;BLOODSHOT;E1900579400000;DUBLADO;NÃO;ESTADOS UNIDOS;5005928;CENTERPLEX GRANDE CIRCULAR 05;2;6000006;38234;38235;MANAUS;AM;CINE ELI AMAZONAS CINEMAS LTDA - EM RECUPERAÇÃO JUDICIAL;28.619.116/0001-22
06/09/2020;06/09/2020 17:00:00;E.T. THE EXTRA-TERRESTRIAL;E.T. O EXTRATERRESTRE;E1402648300000;DUBLADO;NÃO;ESTADOS UNIDOS;5005160;CINÉPOLIS MANAUS PLAZA - SALA 4;2;6000024;17266;30118;MANAUS;AM;CINEPOLIS OPERADORA DE CINEMAS DO BRASIL LTDA;09.652.820/0001-32
06/09/2020;06/09/2020 17:00:00;EL ROBO DEL SIGLO;O ROUBO DO SÉCULO;E2000030900000;ORIGINAL;SIM;ARGENTINA;5006472;REDECINE SUMARE 01;0;6000014;5654;44547;SUMARÉ;SP;REDECINE-CPQ CINEMATOGRÁFICA LTDA;07.665.262/0001-14
06/09/2020;06/09/2020 17:00:00;JAWS;TUBARÃO;E1402577300000;ORIGINAL;SIM;ESTADOS UNIDOS;5005331;UCI BRASIL - SUMAÚMA PARK SHOPPING MANAUS SALA 08;3;6000058;749;31265;MANAUS;AM;UNITED CINEMAS INTERNATIONAL BRASIL LTDA.;01.289.530/0001-64
06/09/2020;06/09/2020 17:00:00;JUMANJI: NEXT LEVEL;JUMANJI: PROXIMA FASE;E1900458100000;DUBLADO;NÃO;ESTADOS UNIDOS;5005958;MOBI CINE REDENÇÃO SALA 3;7;6000040;28561;38513;REDENÇÃO;PA;C A VIEIRA LEMOS E CIA LTDA;20.334.881/0001-94
06/09/2020;06/09/2020 17:00:00;MINIONS;MINIONS;E1500311600000;DUBLADO;NÃO;ESTADOS UNIDOS;5006461;GRUPOCINE EUSÉBIO 01;2;6000034;44276;44457;EUSÉBIO;CE;EMPRESA CINEMATOGRAFICA BOMBOCINE LTDA;21.298.337/0001-05
06/09/2020;06/09/2020 17:00:00;MINIONS;MINIONS;E1500311600000;DUBLADO;NÃO;ESTADOS UNIDOS;5006383;GRUPOCINE SANTA ISABEL 01;0;6000034;44276;44277;SANTA ISABEL;SP;EMPRESA CINEMATOGRAFICA BOMBOCINE LTDA;21.298.337/0001-05
06/09/2020;06/09/2020 17:00:00;Mostras e Festivais;;G0000000000004;ORIGINAL;SIM;;5005092;CINÉPOLIS SÃO GONÇALO SHOPPING - SALA 1;2;6000024;17266;30088;SÃO GONÇALO;RJ;CINEPOLIS OPERADORA DE CINEMAS DO BRASIL LTDA;09.652.820/0001-32
06/09/2020;06/09/2020 17:00:00;Mostras e Festivais;;G0000000000004;DUBLADO;NÃO;;5002254;MOVIECOM PATIO BELÉM 5;35;6000100;2897;13915;BELÉM;PA;MOVIE CINEMAS LTDA;04.708.972/0001-96
06/09/2020;06/09/2020 17:00:00;SMALLFOOT;PÉPEQUENO;E1800215200000;DUBLADO;NÃO;ESTADOS UNIDOS;5005965;CINE SUL SALA 01;2;6000121;38751;38752;MEDIANEIRA;PR;L N DA ROCHA & CIA LTDA - ME;29.099.414/0001-00
06/09/2020;06/09/2020 17:00:00;SOLTEIRA QUASE SURTANDO;;B2000040200000;ORIGINAL;NÃO;BRASIL;5004189;CINEFLIX JK SHOPPING - SALA 6;2;6000014;24534;24535;BRASÍLIA;DF;REDECINE BSB CINEMATOGRÁFICA LTDA;18.087.870/0001-05
06/09/2020;06/09/2020 17:00:00;THE SECRET: DARE TO DREAM;O SEGREDO: OUSE SONHAR;E2000080600000;DUBLADO;NÃO;ESTADOS UNIDOS;5005929;MOBI CINE AÇAILÂNDIA SALA 01;0;6000040;38236;38237;AÇAILÂNDIA;MA;C A V LEMOS E CIA LTDA - ME;14.717.191/0001-11
06/09/2020;06/09/2020 17:05:00;TURMA DA MÔNICA - LAÇOS;;B1900235500000;ORIGINAL;NÃO;BRASIL;5006411;GRUPOCINE ITAPETININGA 03;0;6000034;44276;44287;ITAPETININGA;SP;EMPRESA CINEMATOGRAFICA BOMBOCINE LTDA;21.298.337/0001-05
06/09/2020;06/09/2020 17:10:00;ATÉ QUE A SORTE NOS SEPARE;;B1201657700000;ORIGINAL;NÃO;BRASIL;5006414;GRUPOCINE MARANGUAPE 01;0;6000034;44276;44288;MARANGUAPE;CE;EMPRESA CINEMATOGRAFICA BOMBOCINE LTDA;21.298.337/0001-05
06/09/2020;06/09/2020 17:10:00;QUEEN OF SPADES: THROUGH THE LOOKING GLASS;A MALDIÇÃO DO ESPELHO;E1900574500000;DUBLADO;NÃO;RÚSSIA;5004184;CINEFLIX JK SHOPPING - SALA 1;0;6000014;24534;24535;BRASÍLIA;DF;REDECINE BSB CINEMATOGRÁFICA LTDA;18.087.870/0001-05
06/09/2020;06/09/2020 17:10:00;QUEEN OF SPADES: THROUGH THE LOOKING GLASS;A MALDIÇÃO DO ESPELHO;E1900574500000;DUBLADO;NÃO;RÚSSIA;5004472;SALA CINEPOLIS NORTH SHOPPING JOQUEI 02;22;6000024;17266;25960;FORTALEZA;CE;CINEPOLIS OPERADORA DE CINEMAS DO BRASIL LTDA;09.652.820/0001-32
06/09/2020;06/09/2020 17:10:00;TURMA DA MÔNICA - LAÇOS;;B1900235500000;ORIGINAL;NÃO;BRASIL;5006462;GRUPOCINE EUSÉBIO 02;0;6000034;44276;44457;EUSÉBIO;CE;EMPRESA CINEMATOGRAFICA BOMBOCINE LTDA;21.298.337/0001-05
06/09/2020;06/09/2020 17:15:00;ALADDIN;ALADDIN;E1900188100000;DUBLADO;NÃO;ESTADOS UNIDOS;5002721;SALA CINE PLAYARTE MANAUARA 01;33;6000049;260;16356;MANAUS;AM;PLAYARTE CINEMAS LTDA.;60.434.149/0001-00
06/09/2020;06/09/2020 17:15:00;EL ROBO DEL SIGLO;O ROUBO DO SÉCULO;E2000030900000;ORIGINAL;SIM;ARGENTINA;5002940;SALA 03;13;6000024;17266;17763;BELÉM;PA;CINEPOLIS OPERADORA DE CINEMAS DO BRASIL LTDA;09.652.820/0001-32
06/09/2020;06/09/2020 17:15:00;ESCAPE FROM PRETORIA;FUGA DE PRETÓRIA;E2000249400000;ORIGINAL;SIM;ÁFRICA DO SUL;5003485;SALA PQ.BELEM 04;0;6000024;17266;21616;BELÉM;PA;CINEPOLIS OPERADORA DE CINEMAS DO BRASIL LTDA;09.652.820/0001-32
06/09/2020;06/09/2020 17:15:00;THE SECRET: DARE TO DREAM;O SEGREDO: OUSE SONHAR;E2000080600000;DUBLADO;NÃO;ESTADOS UNIDOS;5005693;CINEPOLIS RIOMAR KENNEDY - SALA 02;6;6000024;17266;34309;FORTALEZA;CE;CINEPOLIS OPERADORA DE CINEMAS DO BRASIL LTDA;09.652.820/0001-32
06/09/2020;06/09/2020 17:15:00;THE SECRET: DARE TO DREAM;O SEGREDO: OUSE SONHAR;E2000080600000;DUBLADO;NÃO;ESTADOS UNIDOS;5005099;CINÉPOLIS SÃO GONÇALO SHOPPING - SALA 8;5;6000024;17266;30088;SÃO GONÇALO;RJ;CINEPOLIS OPERADORA DE CINEMAS DO BRASIL LTDA;09.652.820/0001-32
06/09/2020;06/09/2020 17:20:00;Eventos Esportivos;;G0000000000001;DUBLADO;NÃO;;5004187;CINEFLIX JK SHOPPING - SALA 4;0;6000014;24534;24535;BRASÍLIA;DF;REDECINE BSB CINEMATOGRÁFICA LTDA;18.087.870/0001-05
06/09/2020;06/09/2020 17:20:01;HARRY POTTER AND THE PHILOSOPHER'S STONE;HARRY POTTER E A PEDRA FILOSOFAL;E1500138600000;DUBLADO;NÃO;ESTADOS UNIDOS;5006364;ALFENAS SALA 1;2;6000008;15833;44017;ALFENAS;MG;CINE A LTDA;10.894.937/0001-01
06/09/2020;06/09/2020 17:20:01;HARRY POTTER AND THE PHILOSOPHER'S STONE;HARRY POTTER E A PEDRA FILOSOFAL;E1500138600000;DUBLADO;NÃO;ESTADOS UNIDOS;5006073;CINE A ALTAMIRA SALA 03;3;6000008;28464;33426;ALTAMIRA;PA;CINE A MARABA LTDA;21.160.773/0001-05
06/09/2020;06/09/2020 17:25:00;BLACK PANTHER;PANTERA NEGRA;E1700512400000;DUBLADO;NÃO;ESTADOS UNIDOS;5006349;REDECINE PINDAMONHANGABA 03;8;6000034;43781;43782;PINDAMONHANGABA;SP;REDECINE PINDAMONHANGABA CINEMAS LTDA;34.408.375/0001-07
06/09/2020;06/09/2020 17:30:00;BLOODSHOT;BLOODSHOT;E1900579400000;DUBLADO;NÃO;ESTADOS UNIDOS;5002253;MOVIECOM PATIO BELÉM 4;2;6000100;2897;13915;BELÉM;PA;MOVIE CINEMAS LTDA;04.708.972/0001-96
06/09/2020;06/09/2020 17:30:00;EL ROBO DEL SIGLO;O ROUBO DO SÉCULO;E2000030900000;ORIGINAL;SIM;ARGENTINA;5004373;SALA CINEPOLIS PONTA NEGRA 10 TRADICIONAL;10;6000024;17266;25193;MANAUS;AM;CINEPOLIS OPERADORA DE CINEMAS DO BRASIL LTDA;09.652.820/0001-32
06/09/2020;06/09/2020 17:30:00;ESCAPE FROM PRETORIA;FUGA DE PRETÓRIA;E2000249400000;ORIGINAL;SIM;ÁFRICA DO SUL;5004697;SALA RIOMAR 4 -VIP;10;6000024;17266;27076;FORTALEZA;CE;CINEPOLIS OPERADORA DE CINEMAS DO BRASIL LTDA;09.652.820/0001-32
06/09/2020;06/09/2020 17:30:00;ONWARD;DOIS IRMÃOS: UMA JORNADA FANTÁSTICA;E1900366400000;DUBLADO;NÃO;ESTADOS UNIDOS;5006539;CULT ALEGRETE 01;4;;45324;45325;ALEGRETE;RS;CULT CINEMAS ALEGRETE LTDA;34.712.675/0001-85
06/09/2020;06/09/2020 17:30:00;THE GENTLEMEN;MAGNATAS DO CRIME;E2000005600000;DUBLADO;NÃO;ESTADOS UNIDOS;5005328;UCI BRASIL - SUMAÚMA PARK SHOPPING MANAUS SALA 05;12;6000058;749;31265;MANAUS;AM;UNITED CINEMAS INTERNATIONAL BRASIL LTDA.;01.289.530/0001-64
06/09/2020;06/09/2020 17:30:00;THE SECRET: DARE TO DREAM;O SEGREDO: OUSE SONHAR;E2000080600000;DUBLADO;NÃO;ESTADOS UNIDOS;5004188;CINEFLIX JK SHOPPING - SALA 5;3;6000014;24534;24535;BRASÍLIA;DF;REDECINE BSB CINEMATOGRÁFICA LTDA;18.087.870/0001-05
06/09/2020;06/09/2020 17:35:00;JOHN WICK 3: PARABELLUM;JOHN WICK 3: PARABELLUM;E1900126300000;DUBLADO;NÃO;ESTADOS UNIDOS;5005306;CINEFLIX VÁRZEA GRANDE SHOPPING - SALA 3;4;6000014;24534;31101;VÁRZEA GRANDE;MT;REDECINE BSB CINEMATOGRÁFICA LTDA;18.087.870/0001-05
06/09/2020;06/09/2020 17:40:00;EL ROBO DEL SIGLO;O ROUBO DO SÉCULO;E2000030900000;DUBLADO;NÃO;ARGENTINA;5006348;REDECINE PINDAMONHANGABA 02;0;6000034;43781;43782;PINDAMONHANGABA;SP;REDECINE PINDAMONHANGABA CINEMAS LTDA;34.408.375/0001-07
06/09/2020;06/09/2020 17:40:00;ESCAPE FROM PRETORIA;FUGA DE PRETÓRIA;E2000249400000;DUBLADO;NÃO;ÁFRICA DO SUL;5005430;UCI BRASIL - SHOPPING BOSQUE GRÃO PARÁ SALA 05;13;6000058;749;32026;BELÉM;PA;UNITED CINEMAS INTERNATIONAL BRASIL LTDA.;01.289.530/0001-64
06/09/2020;06/09/2020 17:40:00;THE SECRET: DARE TO DREAM;O SEGREDO: OUSE SONHAR;E2000080600000;DUBLADO;NÃO;ESTADOS UNIDOS;5006473;REDECINE SUMARE 02;0;6000014;5654;44547;SUMARÉ;SP;REDECINE-CPQ CINEMATOGRÁFICA LTDA;07.665.262/0001-14
06/09/2020;06/09/2020 17:45:00;EL ROBO DEL SIGLO;O ROUBO DO SÉCULO;E2000030900000;ORIGINAL;SIM;ARGENTINA;5005152;CINÉPOLIS MILLENNIUM - SALA 4;0;6000024;17266;30116;MANAUS;AM;CINEPOLIS OPERADORA DE CINEMAS DO BRASIL LTDA;09.652.820/0001-32
06/09/2020;06/09/2020 17:45:00;ESCAPE FROM PRETORIA;FUGA DE PRETÓRIA;E2000249400000;ORIGINAL;SIM;ÁFRICA DO SUL;5005696;CINEPOLIS RIOMAR KENNEDY - SALA 05;6;6000024;17266;34309;FORTALEZA;CE;CINEPOLIS OPERADORA DE CINEMAS DO BRASIL LTDA;09.652.820/0001-32
06/09/2020;06/09/2020 17:45:00;Mostras e Festivais;;G0000000000004;DUBLADO;NÃO;;5004882;CIRCUITO CINEMAS PBAS- SALA 04;11;6000028;15568;27873;PARAUAPEBAS;PA;CIRCUITO ENTRETENIMENTO E CINEMAS LTDA;08.068.712/0001-54
06/09/2020;06/09/2020 17:45:00;SPIDER-MAN: INTO THE SPIDER-VERSE;HOMEM-ARANHA NO ARANHAVERSO;E1800533700000;DUBLADO;NÃO;ESTADOS UNIDOS;5003488;SALA PQ.BELEM 07;6;6000024;17266;21616;BELÉM;PA;CINEPOLIS OPERADORA DE CINEMAS DO BRASIL LTDA;09.652.820/0001-32
06/09/2020;06/09/2020 17:45:00;THE SECRET: DARE TO DREAM;O SEGREDO: OUSE SONHAR;E2000080600000;ORIGINAL;SIM;ESTADOS UNIDOS;5002937;SALA 06;13;6000024;17266;17763;BELÉM;PA;CINEPOLIS OPERADORA DE CINEMAS DO BRASIL LTDA;09.652.820/0001-32
06/09/2020;06/09/2020 17:50:00;BLOODSHOT;BLOODSHOT;E1900579400000;DUBLADO;NÃO;ESTADOS UNIDOS;5000160;NORTH SHOPPING 1;33;6000037;1991;2414;FORTALEZA;CE;EMPRESA CINEMAS SÃO LUIZ S/A;33.497.660/0001-89
06/09/2020;06/09/2020 17:50:00;EL ROBO DEL SIGLO;O ROUBO DO SÉCULO;E2000030900000;ORIGINAL;SIM;ARGENTINA;5005305;CINEFLIX VÁRZEA GRANDE SHOPPING - SALA 2;4;6000014;24534;31101;VÁRZEA GRANDE;MT;REDECINE BSB CINEMATOGRÁFICA LTDA;18.087.870/0001-05
06/09/2020;06/09/2020 17:50:00;SOLTEIRA QUASE SURTANDO;;B2000040200000;ORIGINAL;NÃO;BRASIL;5005980;CINESYSTEM ANANINDEUA SALA 06;5;6000027;22546;38898;ANANINDEUA;PA;REDECINE BRA CINEMATOGRÁFICA S.A.;15.422.993/0001-67
06/09/2020;06/09/2020 17:50:00;SOLTEIRA QUASE SURTANDO;;B2000040200000;ORIGINAL;NÃO;BRASIL;5001497;MOVIECOM CASTANHEIRA 2;1;6000100;2897;2896;BELÉM;PA;MOVIE CINEMAS LTDA;04.708.972/0001-96
06/09/2020;06/09/2020 17:50:00;THE SECRET: DARE TO DREAM;O SEGREDO: OUSE SONHAR;E2000080600000;DUBLADO;NÃO;ESTADOS UNIDOS;5002719;SALA CINE PLAYARTE MANAUARA 05;6;6000049;260;16356;MANAUS;AM;PLAYARTE CINEMAS LTDA.;60.434.149/0001-00
06/09/2020;06/09/2020 17:50:00;WONDER WOMAN;MULHER-MARAVILHA;E1700197900000;DUBLADO;NÃO;ESTADOS UNIDOS;5006424;GRUPOCINE ITAPECERICA 04;11;6000034;44276;44290;ITAPECERICA DA SERRA;SP;EMPRESA CINEMATOGRAFICA BOMBOCINE LTDA;21.298.337/0001-05
06/09/2020;06/09/2020 18:00:00;BACK TO THE FUTURE;DE VOLTA PARA O FUTURO;E1402513800000;DUBLADO;NÃO;ESTADOS UNIDOS;5002565;CINE CATARATAS 2;7;;15565;15566;FOZ DO IGUAÇU;PR;CINE CATARATAS LTDA;09.010.219/0001-46
06/09/2020;06/09/2020 18:00:00;BLACK PANTHER;PANTERA NEGRA;E1700512400000;DUBLADO;NÃO;ESTADOS UNIDOS;5006422;GRUPOCINE ITAPECERICA 02;0;6000034;44276;44290;ITAPECERICA DA SERRA;SP;EMPRESA CINEMATOGRAFICA BOMBOCINE LTDA;21.298.337/0001-05
06/09/2020;06/09/2020 18:00:00;EL ROBO DEL SIGLO;O ROUBO DO SÉCULO;E2000030900000;ORIGINAL;SIM;ARGENTINA;5002723;SALA CINE PLAYARTE MANAUARA 03;8;6000049;260;16356;MANAUS;AM;PLAYARTE CINEMAS LTDA.;60.434.149/0001-00
06/09/2020;06/09/2020 18:00:00;ESCAPE FROM PRETORIA;FUGA DE PRETÓRIA;E2000249400000;ORIGINAL;SIM;ÁFRICA DO SUL;5005149;CINÉPOLIS MILLENNIUM - SALA 1;0;6000024;17266;30116;MANAUS;AM;CINEPOLIS OPERADORA DE CINEMAS DO BRASIL LTDA;09.652.820/0001-32
06/09/2020;06/09/2020 18:00:00;ESCAPE FROM PRETORIA;FUGA DE PRETÓRIA;E2000249400000;ORIGINAL;SIM;ÁFRICA DO SUL;5005095;CINÉPOLIS SÃO GONÇALO SHOPPING - SALA 4;7;6000024;17266;30088;SÃO GONÇALO;RJ;CINEPOLIS OPERADORA DE CINEMAS DO BRASIL LTDA;09.652.820/0001-32
06/09/2020;06/09/2020 18:00:00;Eventos Esportivos;;G0000000000001;DUBLADO;NÃO;;5005309;CINEFLIX VÁRZEA GRANDE SHOPPING - SALA 6;8;6000014;24534;31101;VÁRZEA GRANDE;MT;REDECINE BSB CINEMATOGRÁFICA LTDA;18.087.870/0001-05
06/09/2020;06/09/2020 18:00:00;Eventos Esportivos;;G0000000000001;DUBLADO;NÃO;;5006474;REDECINE SUMARE 03;0;6000014;5654;44547;SUMARÉ;SP;REDECINE-CPQ CINEMATOGRÁFICA LTDA;07.665.262/0001-14
06/09/2020;06/09/2020 18:00:00;FROZEN II;FROZEN 2;E1900365900000;DUBLADO;NÃO;ESTADOS UNIDOS;5002102;CINE DRIVEIN;238;;5465;6715;BRASÍLIA;DF;STARK'S CINEMA E LANCHONETE LTDA.;32.917.296/0001-04
06/09/2020;06/09/2020 18:00:00;GET OUT;CORRA!;E1700047300000;DUBLADO;NÃO;ESTADOS UNIDOS;5006347;REDECINE PINDAMONHANGABA 01;8;6000034;43781;43782;PINDAMONHANGABA;SP;REDECINE PINDAMONHANGABA CINEMAS LTDA;34.408.375/0001-07
06/09/2020;06/09/2020 18:00:00;JAWS;TUBARÃO;E1402577300000;ORIGINAL;SIM;ESTADOS UNIDOS;5004703;SALA RIOMAR 10 - TRADICIONAL;1;6000024;17266;27076;FORTALEZA;CE;CINEPOLIS OPERADORA DE CINEMAS DO BRASIL LTDA;09.652.820/0001-32
06/09/2020;06/09/2020 18:00:00;MOANA;MOANA - UM MAR DE AVENTURAS;E1600655200000;ORIGINAL;SIM;ESTADOS UNIDOS;5002428;CINE WEST SALA 01;5;;14882;14883;CASCAVEL;PR;WEST SIDE SHOPPING CENTER LTDA;68.761.170/0001-22
06/09/2020;06/09/2020 18:00:00;Mostras e Festivais;;G0000000000004;DUBLADO;NÃO;;5000079;KINOPLEX AMAZONAS SALA 01;3;6000037;1991;2393;MANAUS;AM;EMPRESA CINEMAS SÃO LUIZ S/A;33.497.660/0001-89
06/09/2020;06/09/2020 18:00:00;QUEEN OF SPADES: THROUGH THE LOOKING GLASS;A MALDIÇÃO DO ESPELHO;E1900574500000;DUBLADO;NÃO;RÚSSIA;5005924;CENTERPLEX GRANDE CIRCULAR 01;3;6000006;38234;38235;MANAUS;AM;CINE ELI AMAZONAS CINEMAS LTDA - EM RECUPERAÇÃO JUDICIAL;28.619.116/0001-22
06/09/2020;06/09/2020 18:00:00;QUEEN OF SPADES: THROUGH THE LOOKING GLASS;A MALDIÇÃO DO ESPELHO;E1900574500000;DUBLADO;NÃO;RÚSSIA;5006476;REDECINE SUMARE 05;13;6000014;5654;44547;SUMARÉ;SP;REDECINE-CPQ CINEMATOGRÁFICA LTDA;07.665.262/0001-14
06/09/2020;06/09/2020 18:00:00;THE SECRET: DARE TO DREAM;O SEGREDO: OUSE SONHAR;E2000080600000;DUBLADO;NÃO;ESTADOS UNIDOS;5000161;NORTH SHOPPING 2;15;6000037;1991;2414;FORTALEZA;CE;EMPRESA CINEMAS SÃO LUIZ S/A;33.497.660/0001-89
06/09/2020;06/09/2020 18:00:00;THE SECRET: DARE TO DREAM;O SEGREDO: OUSE SONHAR;E2000080600000;DUBLADO;NÃO;ESTADOS UNIDOS;5004372;SALA CINEPOLIS PONTA NEGRA 09 TRADICIONAL;8;6000024;17266;25193;MANAUS;AM;CINEPOLIS OPERADORA DE CINEMAS DO BRASIL LTDA;09.652.820/0001-32
06/09/2020;06/09/2020 18:05:00;ESCAPE FROM PRETORIA;FUGA DE PRETÓRIA;E2000249400000;DUBLADO;NÃO;ÁFRICA DO SUL;5005325;UCI BRASIL - SUMAÚMA PARK SHOPPING MANAUS SALA 02;2;6000058;749;31265;MANAUS;AM;UNITED CINEMAS INTERNATIONAL BRASIL LTDA.;01.289.530/0001-64
06/09/2020;06/09/2020 18:05:00;THE SECRET: DARE TO DREAM;O SEGREDO: OUSE SONHAR;E2000080600000;DUBLADO;NÃO;ESTADOS UNIDOS;5004474;SALA CINEPOLIS NORTH SHOPPING JOQUEI 04;4;6000024;17266;25960;FORTALEZA;CE;CINEPOLIS OPERADORA DE CINEMAS DO BRASIL LTDA;09.652.820/0001-32
06/09/2020;06/09/2020 18:05:00;TWILIGHT;CREPÚSCULO;E1600635500000;DUBLADO;NÃO;ESTADOS UNIDOS;5006350;REDECINE PINDAMONHANGABA 04;2;6000034;43781;43782;PINDAMONHANGABA;SP;REDECINE PINDAMONHANGABA CINEMAS LTDA;34.408.375/0001-07
06/09/2020;06/09/2020 18:10:00;BLOODSHOT;BLOODSHOT;E1900579400000;DUBLADO;NÃO;ESTADOS UNIDOS;5004880;CIRCUITO CINEMAS PBAS- SALA 02;4;6000028;15568;27873;PARAUAPEBAS;PA;CIRCUITO ENTRETENIMENTO E CINEMAS LTDA;08.068.712/0001-54
06/09/2020;06/09/2020 18:10:00;EL ROBO DEL SIGLO;O ROUBO DO SÉCULO;E2000030900000;ORIGINAL;SIM;ARGENTINA;5005426;UCI BRASIL - SHOPPING BOSQUE GRÃO PARÁ SALA 01;9;6000058;749;32026;BELÉM;PA;UNITED CINEMAS INTERNATIONAL BRASIL LTDA.;01.289.530/0001-64
06/09/2020;06/09/2020 18:10:00;ESCAPE FROM PRETORIA;FUGA DE PRETÓRIA;E2000249400000;DUBLADO;NÃO;ÁFRICA DO SUL;5000162;NORTH SHOPPING 3;9;6000037;1991;2414;FORTALEZA;CE;EMPRESA CINEMAS SÃO LUIZ S/A;33.497.660/0001-89
06/09/2020;06/09/2020 18:10:00;QUEEN OF SPADES: THROUGH THE LOOKING GLASS;A MALDIÇÃO DO ESPELHO;E1900574500000;DUBLADO;NÃO;RÚSSIA;5005326;UCI BRASIL - SUMAÚMA PARK SHOPPING MANAUS SALA 03;59;6000058;749;31265;MANAUS;AM;UNITED CINEMAS INTERNATIONAL BRASIL LTDA.;01.289.530/0001-64
06/09/2020;06/09/2020 18:10:00;THE SECRET: DARE TO DREAM;O SEGREDO: OUSE SONHAR;E2000080600000;DUBLADO;NÃO;ESTADOS UNIDOS;5005307;CINEFLIX VÁRZEA GRANDE SHOPPING - SALA 4;8;6000014;24534;31101;VÁRZEA GRANDE;MT;REDECINE BSB CINEMATOGRÁFICA LTDA;18.087.870/0001-05
06/09/2020;06/09/2020 18:15:00;BLACK PANTHER;PANTERA NEGRA;E1700512400000;DUBLADO;NÃO;ESTADOS UNIDOS;5002256;MOVIECOM PATIO BELÉM 3;17;6000100;2897;13915;BELÉM;PA;MOVIE CINEMAS LTDA;04.708.972/0001-96
06/09/2020;06/09/2020 18:15:00;EL ROBO DEL SIGLO;O ROUBO DO SÉCULO;E2000030900000;ORIGINAL;SIM;ARGENTINA;5000163;NORTH SHOPPING 4;6;6000037;1991;2414;FORTALEZA;CE;EMPRESA CINEMAS SÃO LUIZ S/A;33.497.660/0001-89
06/09/2020;06/09/2020 18:15:00;Eventos Esportivos;;G0000000000001;DUBLADO;NÃO;;5005308;CINEFLIX VÁRZEA GRANDE SHOPPING - SALA 5;0;6000014;24534;31101;VÁRZEA GRANDE;MT;REDECINE BSB CINEMATOGRÁFICA LTDA;18.087.870/0001-05
06/09/2020;06/09/2020 18:15:00;HARRY POTTER AND THE SORCERER'S STONE;HARRY POTTER AND THE SORCERER'S STONE;E1900440700000;ORIGINAL;SIM;ESTADOS UNIDOS;5005975;CINESYSTEM ANANINDEUA SALA 01;13;6000027;22546;38898;ANANINDEUA;PA;REDECINE BRA CINEMATOGRÁFICA S.A.;15.422.993/0001-67
06/09/2020;06/09/2020 18:15:00;SONIC THE HEDGEHOG;SONIC - O FILME;E2000012200000;DUBLADO;NÃO;CANADÁ;5006601;CINE DRIVE-IN ESPAÇO CINEMAX;4;;5944;6680;ITABIRA;MG;ESPAÇO CULTURAL CINE ATLETICO LTDA;06.981.108/0001-99
06/09/2020;06/09/2020 18:15:00;THE SECRET: DARE TO DREAM;O SEGREDO: OUSE SONHAR;E2000080600000;DUBLADO;NÃO;ESTADOS UNIDOS;5005159;CINÉPOLIS MANAUS PLAZA - SALA 3;4;6000024;17266;30118;MANAUS;AM;CINEPOLIS OPERADORA DE CINEMAS DO BRASIL LTDA;09.652.820/0001-32
06/09/2020;06/09/2020 18:15:00;THE SECRET: DARE TO DREAM;O SEGREDO: OUSE SONHAR;E2000080600000;DUBLADO;NÃO;ESTADOS UNIDOS;5003487;SALA PQ.BELEM 06;3;6000024;17266;21616;BELÉM;PA;CINEPOLIS OPERADORA DE CINEMAS DO BRASIL LTDA;09.652.820/0001-32
06/09/2020;06/09/2020 18:15:01;E.T;E.T. O EXTRATERRESTRE;E1500491000000;DUBLADO;NÃO;ESTADOS UNIDOS;5006381;ALFENAS SALA 3;1;6000008;15833;44017;ALFENAS;MG;CINE A LTDA;10.894.937/0001-01
06/09/2020;06/09/2020 18:15:01;E.T;E.T. O EXTRATERRESTRE;E1500491000000;DUBLADO;NÃO;ESTADOS UNIDOS;5005617;CINE A ALTAMIRA SALA 01;1;6000008;28464;33426;ALTAMIRA;PA;CINE A MARABA LTDA;21.160.773/0001-05
06/09/2020;06/09/2020 18:20:00;THE CONJURING;INVOCAÇÃO DO MAL;E1500097000000;DUBLADO;NÃO;ESTADOS UNIDOS;5006421;GRUPOCINE ITAPECERICA 01;1;6000034;44276;44290;ITAPECERICA DA SERRA;SP;EMPRESA CINEMATOGRAFICA BOMBOCINE LTDA;21.298.337/0001-05
06/09/2020;06/09/2020 18:20:00;THE SECRET: DARE TO DREAM;O SEGREDO: OUSE SONHAR;E2000080600000;DUBLADO;NÃO;ESTADOS UNIDOS;5000081;KINOPLEX AMAZONAS SALA 03;13;6000037;1991;2393;MANAUS;AM;EMPRESA CINEMAS SÃO LUIZ S/A;33.497.660/0001-89
06/09/2020;06/09/2020 18:30:00;21 BRIDGES;CRIME SEM SAÍDA;E1900482200000;DUBLADO;NÃO;ESTADOS UNIDOS;5005981;CINESYSTEM ANANINDEUA SALA 07;0;6000027;22546;38898;ANANINDEUA;PA;REDECINE BRA CINEMATOGRÁFICA S.A.;15.422.993/0001-67
06/09/2020;06/09/2020 18:30:00;A STAR IS BORN;NASCE UMA ESTRELA;E1800303500000;DUBLADO;NÃO;ESTADOS UNIDOS;5006591;DRIVE IN SHOPPING VILLA LOBOS;14;6000006;2872;46069;SÃO PAULO;SP;EMPRESA CENTERPLEX DE CINEMAS LTDA;00.812.310/0001-00
06/09/2020;06/09/2020 18:30:00;ALICE JÚNIOR;;B2000154900000;ORIGINAL;NÃO;BRASIL;5006571;CINESYSTEM AMÉRICAS DRIVE-IN;0;6000027;5348;28834;RIO DE JANEIRO;RJ;REDECINE - RIO CINEMATOGRAFICA S.A.;07.524.011/0001-10
06/09/2020;06/09/2020 18:30:00;EL ROBO DEL SIGLO;O ROUBO DO SÉCULO;E2000030900000;DUBLADO;NÃO;ARGENTINA;5001149;CINE PORTO;10;;2351;2352;UBATUBA;SP;CINEMATOGRÁFICA LITORAL NORTE LTDA-EPP;04.165.613/0001-30
06/09/2020;06/09/2020 18:30:00;ESCAPE FROM PRETORIA;FUGA DE PRETÓRIA;E2000249400000;DUBLADO;NÃO;ÁFRICA DO SUL;5005304;CINEFLIX VÁRZEA GRANDE SHOPPING - SALA 1;18;6000014;24534;31101;VÁRZEA GRANDE;MT;REDECINE BSB CINEMATOGRÁFICA LTDA;18.087.870/0001-05
06/09/2020;06/09/2020 18:30:00;ESCAPE FROM PRETORIA;FUGA DE PRETÓRIA;E2000249400000;ORIGINAL;SIM;ÁFRICA DO SUL;5004366;SALA CINEPOLIS PONTA NEGRA 03 VIP;7;6000024;17266;25193;MANAUS;AM;CINEPOLIS OPERADORA DE CINEMAS DO BRASIL LTDA;09.652.820/0001-32
06/09/2020;06/09/2020 18:30:00;INSIDE OUT;DIVERTIDA MENTE;E1500351400000;DUBLADO;NÃO;ESTADOS UNIDOS;5006356;MULTICINE IANDE SHOPPING 1;10;6000045;5935;43968;CAUCAIA;CE;MULTICINE CINEMAS LTDA;07.609.246/0001-04
06/09/2020;06/09/2020 18:30:00;JUMANJI: NEXT LEVEL;JUMANJI: PROXIMA FASE;E1900458100000;DUBLADO;NÃO;ESTADOS UNIDOS;5006623;CINEPLUS AUTOCINE SHOW DRIVE-IN;3;6000023;12893;46385;COLOMBO;PR;ESTILO PRODUÇÕES ARTISTICAS LTDA;03.293.165/0001-97
06/09/2020;06/09/2020 18:30:00;O SEGREDO DOS DIAMANTES;;B1402245600000;ORIGINAL;NÃO;BRASIL;5006572;CINE 14 BIS DRIVE-IN;4;;5822;6623;GUAXUPÉ;MG;GUAXUPE PROMOCOES E EVENTOS LTDA;03.929.354/0001-03
06/09/2020;06/09/2020 18:30:00;QUEEN OF SPADES: THROUGH THE LOOKING GLASS;A MALDIÇÃO DO ESPELHO;E1900574500000;DUBLADO;NÃO;RÚSSIA;5005694;CINEPOLIS RIOMAR KENNEDY - SALA 03;15;6000024;17266;34309;FORTALEZA;CE;CINEPOLIS OPERADORA DE CINEMAS DO BRASIL LTDA;09.652.820/0001-32
06/09/2020;06/09/2020 18:30:00;QUEEN OF SPADES: THROUGH THE LOOKING GLASS;A MALDIÇÃO DO ESPELHO;E1900574500000;DUBLADO;NÃO;RÚSSIA;5005098;CINÉPOLIS SÃO GONÇALO SHOPPING - SALA 7;35;6000024;17266;30088;SÃO GONÇALO;RJ;CINEPOLIS OPERADORA DE CINEMAS DO BRASIL LTDA;09.652.820/0001-32
06/09/2020;06/09/2020 18:30:00;SMALLFOOT;PÉPEQUENO;E1800215200000;DUBLADO;NÃO;ESTADOS UNIDOS;5006625;CINE GOLDEN - DRIVE IN;12;6000141;45886;46420;JEQUIÉ;BA;GF ANDRADE ENTRETENIMENTO E COMÉRCIO LTDA;23.200.362/0001-21
06/09/2020;06/09/2020 18:30:00;SONIC THE HEDGEHOG;SONIC - O FILME;E2000012200000;DUBLADO;NÃO;CANADÁ;5006568;CINE + ARTE XANGRI-LÁ DRIVE-IN;5;6000103;32155;45890;XANGRI-LÁ;RS;EWERTON LUIS DE SOUZA BRANDOLT;23.288.683/0001-20
06/09/2020;06/09/2020 18:30:00;SPIDER-MAN: FAR FROM HOME;HOMEM-ARANHA LONGE DE CASA;E1900127700000;DUBLADO;NÃO;ESTADOS UNIDOS;5006621;CINEPLUS PLANETA DRIVE IN PINHAIS;0;6000023;15673;46339;PINHAIS;PR;VITOMAQ PRODUÇÕES ARTISTICAS E CINEMA LTDA - ME;07.617.254/0001-00
06/09/2020;06/09/2020 18:30:00;THE ADDAMS FAMILY;A FAMÍLIA ADDAMS;E1900349600000;DUBLADO;NÃO;CANADÁ;5006560;CINE A ITAJUBÁ DRIVE-IN;2;6000008;15833;41725;ITAJUBÁ;MG;CINE A LTDA;10.894.937/0001-01
06/09/2020;06/09/2020 18:30:00;THE CONJURING;INVOCAÇÃO DO MAL;E1500097000000;DUBLADO;NÃO;ESTADOS UNIDOS;5002427;CINE WEST SALA 02;14;;14882;14883;CASCAVEL;PR;WEST SIDE SHOPPING CENTER LTDA;68.761.170/0001-22
06/09/2020;06/09/2020 18:30:00;THE SECRET LIFE OF PETS 2;PETS: A VIDA SECRETA DOS BICHOS 2;E1900162100000;DUBLADO;NÃO;ESTADOS UNIDOS;5006627;CINE DRIVE IN CTN OSASCO;20;6000006;2836;46494;OSASCO;SP;EMPRESA SAO LUIZ DE CINEMAS LTDA - EM RECUPERACAO JUDICIAL;52.067.071/0001-05
06/09/2020;06/09/2020 18:30:00;THE SECRET: DARE TO DREAM;O SEGREDO: OUSE SONHAR;E2000080600000;DUBLADO;NÃO;ESTADOS UNIDOS;5005956;MOBI CINE REDENÇÃO SALA 1;2;6000040;28561;38513;REDENÇÃO;PA;C A VIEIRA LEMOS E CIA LTDA;20.334.881/0001-94
06/09/2020;06/09/2020 18:30:00;TURMA DA MÔNICA - LAÇOS;;B1900235500000;ORIGINAL;NÃO;BRASIL;5006610;CINESYSTEM DRIVE-IN AEROPORTO VITÓRIA;7;6000027;22546;46257;VITÓRIA;ES;REDECINE BRA CINEMATOGRÁFICA S.A.;15.422.993/0001-67
06/09/2020;06/09/2020 18:30:00;TURMA DA MÔNICA - LAÇOS;;B1900235500000;ORIGINAL;NÃO;BRASIL;5005931;MOBI CINE AÇAILÂNDIA SALA 03;0;6000040;38236;38237;AÇAILÂNDIA;MA;C A V LEMOS E CIA LTDA - ME;14.717.191/0001-11
06/09/2020;06/09/2020 18:30:00;WONDER PARK;O PARQUE DOS SONHOS;E1900025300000;DUBLADO;NÃO;ESTADOS UNIDOS;5006619;DRIVE - GYN SERRA DOURADA 03;16;6000039;45898;46312;GOIÂNIA;GO;DRIVE-GYN ENTRETENIMENTO LTDA;37.109.882/0001-38
06/09/2020;06/09/2020 18:40:00;BACK TO THE FUTURE;DE VOLTA PARA O FUTURO;E1402513800000;DUBLADO;NÃO;ESTADOS UNIDOS;5005751;CINE WEST SALA 03;7;;14882;14883;CASCAVEL;PR;WEST SIDE SHOPPING CENTER LTDA;68.761.170/0001-22
06/09/2020;06/09/2020 18:40:00;BLACK PANTHER;PANTERA NEGRA;E1700512400000;DUBLADO;NÃO;ESTADOS UNIDOS;5001498;MOVIECOM CASTANHEIRA 3;39;6000100;2897;2896;BELÉM;PA;MOVIE CINEMAS LTDA;04.708.972/0001-96
06/09/2020;06/09/2020 18:40:00;JAWS;TUBARÃO;E1402577300000;ORIGINAL;SIM;ESTADOS UNIDOS;5005428;UCI BRASIL - SHOPPING BOSQUE GRÃO PARÁ SALA 03;0;6000058;749;32026;BELÉM;PA;UNITED CINEMAS INTERNATIONAL BRASIL LTDA.;01.289.530/0001-64
06/09/2020;06/09/2020 18:40:00;JOKER;CORINGA;E1900357300000;DUBLADO;NÃO;CANADÁ;5006494;CINE INTER SANTA INES 02;9;6000140;44834;44835;SANTA INÊS;MA;CINEINTER EXIBICOES CINEMATOGRAFICAS LTDA;35.477.354/0001-06
06/09/2020;06/09/2020 18:40:00;JURASSIC WORLD: FALLEN KINGDOM;JURASSIC WORLD - REINO AMEAÇADO;E1800169900000;DUBLADO;NÃO;ESTADOS UNIDOS;5004822;KINOPLEX AMAZONAS SALA 04;34;6000037;1991;2393;MANAUS;AM;EMPRESA CINEMAS SÃO LUIZ S/A;33.497.660/0001-89
06/09/2020;06/09/2020 18:40:00;MINHA MÃE É UMA PEÇA 3;;B1900576900000;ORIGINAL;NÃO;BRASIL;5006580;CINESYSTEM MORUMBI TOWN DRIVE-IN;57;6000027;22546;34941;SÃO PAULO;SP;REDECINE BRA CINEMATOGRÁFICA S.A.;15.422.993/0001-67
06/09/2020;06/09/2020 18:40:00;THE GREAT WALL;A GRANDE MURALHA;E1500758300000;ORIGINAL;SIM;ESTADOS UNIDOS;5006618;DRIVE - GYN SERRA DOURADA 02;4;6000039;45898;46312;GOIÂNIA;GO;DRIVE-GYN ENTRETENIMENTO LTDA;37.109.882/0001-38
06/09/2020;06/09/2020 18:40:00;THE SECRET: DARE TO DREAM;O SEGREDO: OUSE SONHAR;E2000080600000;DUBLADO;NÃO;ESTADOS UNIDOS;5005151;CINÉPOLIS MILLENNIUM - SALA 3;0;6000024;17266;30116;MANAUS;AM;CINEPOLIS OPERADORA DE CINEMAS DO BRASIL LTDA;09.652.820/0001-32
06/09/2020;06/09/2020 18:40:00;THE SECRET: DARE TO DREAM;O SEGREDO: OUSE SONHAR;E2000080600000;DUBLADO;NÃO;ESTADOS UNIDOS;5002257;MOVIECOM PATIO BELÉM 2;0;6000100;2897;13915;BELÉM;PA;MOVIE CINEMAS LTDA;04.708.972/0001-96
06/09/2020;06/09/2020 18:40:00;TWILIGHT;CREPÚSCULO;E1600635500000;DUBLADO;NÃO;ESTADOS UNIDOS;5006423;GRUPOCINE ITAPECERICA 03;0;6000034;44276;44290;ITAPECERICA DA SERRA;SP;EMPRESA CINEMATOGRAFICA BOMBOCINE LTDA;21.298.337/0001-05
06/09/2020;06/09/2020 18:40:01;DETETIVES DO PRÉDIO AZUL 2 - O MISTÉRIO ITALIANO;;B1800561400000;ORIGINAL;NÃO;BRASIL;5006574;DRIVE IN CINEART ALPHAVILLE;11;6000013;437;45925;NOVA LIMA;MG;DELTA FILMES LTDA;01.735.159/0001-17
06/09/2020;06/09/2020 18:45:00;21 BRIDGES;CRIME SEM SAÍDA;E1900482200000;DUBLADO;NÃO;ESTADOS UNIDOS;5005979;CINESYSTEM ANANINDEUA SALA 05;9;6000027;22546;38898;ANANINDEUA;PA;REDECINE BRA CINEMATOGRÁFICA S.A.;15.422.993/0001-67
06/09/2020;06/09/2020 18:45:00;ATÉ QUE A SORTE NOS SEPARE;;B1201657700000;ORIGINAL;NÃO;BRASIL;5006410;GRUPOCINE ITAPETININGA 02;2;6000034;44276;44287;ITAPETININGA;SP;EMPRESA CINEMATOGRAFICA BOMBOCINE LTDA;21.298.337/0001-05
06/09/2020;06/09/2020 18:45:00;FORD V FERRARI;FORD VS FERRARI;E1900252200000;DUBLADO;NÃO;ESTADOS UNIDOS;5006606;CINE CAVALIERE ORLANDI DRIVE IN;1;;15009;15010;SOCORRO;SP;ORLANDI MARCHESE LTDA - ME;03.091.068/0001-11
06/09/2020;06/09/2020 18:45:00;GET OUT;CORRA!;E1700047300000;DUBLADO;NÃO;ESTADOS UNIDOS;5006415;GRUPOCINE MARANGUAPE 02;17;6000034;44276;44288;MARANGUAPE;CE;EMPRESA CINEMATOGRAFICA BOMBOCINE LTDA;21.298.337/0001-05
06/09/2020;06/09/2020 18:45:00;QUEEN OF SPADES: THROUGH THE LOOKING GLASS;A MALDIÇÃO DO ESPELHO;E1900574500000;DUBLADO;NÃO;RÚSSIA;5005157;CINÉPOLIS MANAUS PLAZA - SALA 1;13;6000024;17266;30118;MANAUS;AM;CINEPOLIS OPERADORA DE CINEMAS DO BRASIL LTDA;09.652.820/0001-32
06/09/2020;06/09/2020 18:45:00;QUEEN OF SPADES: THROUGH THE LOOKING GLASS;A MALDIÇÃO DO ESPELHO;E1900574500000;DUBLADO;NÃO;RÚSSIA;5002938;SALA 04;19;6000024;17266;17763;BELÉM;PA;CINEPOLIS OPERADORA DE CINEMAS DO BRASIL LTDA;09.652.820/0001-32
06/09/2020;06/09/2020 18:45:00;THE SECRET: DARE TO DREAM;O SEGREDO: OUSE SONHAR;E2000080600000;DUBLADO;NÃO;ESTADOS UNIDOS;5005327;UCI BRASIL - SUMAÚMA PARK SHOPPING MANAUS SALA 04;24;6000058;749;31265;MANAUS;AM;UNITED CINEMAS INTERNATIONAL BRASIL LTDA.;01.289.530/0001-64
06/09/2020;06/09/2020 18:50:00;BLACK PANTHER;PANTERA NEGRA;E1700512400000;DUBLADO;NÃO;ESTADOS UNIDOS;5006384;GRUPOCINE SANTA ISABEL 02;5;6000034;44276;44277;SANTA ISABEL;SP;EMPRESA CINEMATOGRAFICA BOMBOCINE LTDA;21.298.337/0001-05
06/09/2020;06/09/2020 18:50:00;E.T. THE EXTRA-TERRESTRIAL;E.T. O EXTRATERRESTRE;E1402648300000;DUBLADO;NÃO;ESTADOS UNIDOS;5006416;GRUPOCINE MARANGUAPE 03;4;6000034;44276;44288;MARANGUAPE;CE;EMPRESA CINEMATOGRAFICA BOMBOCINE LTDA;21.298.337/0001-05
06/09/2020;06/09/2020 18:50:00;GET OUT;CORRA!;E1700047300000;DUBLADO;NÃO;ESTADOS UNIDOS;5006464;GRUPOCINE EUSÉBIO 04;0;6000034;44276;44457;EUSÉBIO;CE;EMPRESA CINEMATOGRAFICA BOMBOCINE LTDA;21.298.337/0001-05
06/09/2020;06/09/2020 18:50:00;HALLOWEEN;HALLOWEEN;E1800335600000;DUBLADO;NÃO;ESTADOS UNIDOS;5006617;DRIVE - GYN SERRA DOURADA 01;5;6000039;45898;46312;GOIÂNIA;GO;DRIVE-GYN ENTRETENIMENTO LTDA;37.109.882/0001-38
06/09/2020;06/09/2020 18:50:00;QUEEN OF SPADES: THROUGH THE LOOKING GLASS;A MALDIÇÃO DO ESPELHO;E1900574500000;DUBLADO;NÃO;RÚSSIA;5002726;SALA CINE PLAYARTE MANAUARA 06;38;6000049;260;16356;MANAUS;AM;PLAYARTE CINEMAS LTDA.;60.434.149/0001-00
06/09/2020;06/09/2020 19:00:00;BLADE RUNNER;BLADE RUNNER - O CAÇADOR DE ANDRÓIDES;E1500245500000;ORIGINAL;SIM;ESTADOS UNIDOS;5006554;CINEPLUS XAXIM DRIVE-IN - PLANETA DRIVE-IN;0;6000023;15673;15674;CURITIBA;PR;VITOMAQ PRODUÇÕES ARTISTICAS E CINEMA LTDA - ME;07.617.254/0001-00
06/09/2020;06/09/2020 19:00:00;BLOODSHOT;BLOODSHOT;E1900579400000;DUBLADO;NÃO;ESTADOS UNIDOS;5005957;MOBI CINE REDENÇÃO SALA 2;8;6000040;28561;38513;REDENÇÃO;PA;C A VIEIRA LEMOS E CIA LTDA;20.334.881/0001-94
06/09/2020;06/09/2020 19:00:00;BLOODSHOT;BLOODSHOT;E1900579400000;DUBLADO;NÃO;ESTADOS UNIDOS;5001503;MOVIECOM CASTANHEIRA 6;15;6000100;2897;2896;BELÉM;PA;MOVIE CINEMAS LTDA;04.708.972/0001-96
06/09/2020;06/09/2020 19:00:00;D.P.A. - DETETIVES DO PRÉDIO AZUL;;B1700328500000;ORIGINAL;NÃO;BRASIL;5006579;CINESYSTEM BRÁS DRIVE-IN;6;6000027;22546;34941;SÃO PAULO;SP;REDECINE BRA CINEMATOGRÁFICA S.A.;15.422.993/0001-67
06/09/2020;06/09/2020 19:00:00;EL ROBO DEL SIGLO;O ROUBO DO SÉCULO;E2000030900000;DUBLADO;NÃO;ARGENTINA;5006493;CINE INTER SANTA INES 01;1;6000140;44834;44835;SANTA INÊS;MA;CINEINTER EXIBICOES CINEMATOGRAFICAS LTDA;35.477.354/0001-06
06/09/2020;06/09/2020 19:00:00;ESCAPE FROM PRETORIA;FUGA DE PRETÓRIA;E2000249400000;ORIGINAL;SIM;ÁFRICA DO SUL;5002941;SALA 02;7;6000024;17266;17763;BELÉM;PA;CINEPOLIS OPERADORA DE CINEMAS DO BRASIL LTDA;09.652.820/0001-32
06/09/2020;06/09/2020 19:00:00;GET OUT;CORRA!;E1700047300000;DUBLADO;NÃO;ESTADOS UNIDOS;5006413;GRUPOCINE ITAPETININGA 05;6;6000034;44276;44287;ITAPETININGA;SP;EMPRESA CINEMATOGRAFICA BOMBOCINE LTDA;21.298.337/0001-05
06/09/2020;06/09/2020 19:00:00;JUMANJI: NEXT LEVEL;JUMANJI: PROXIMA FASE;E1900458100000;DUBLADO;NÃO;ESTADOS UNIDOS;5005930;MOBI CINE AÇAILÂNDIA SALA 02;8;6000040;38236;38237;AÇAILÂNDIA;MA;C A V LEMOS E CIA LTDA - ME;14.717.191/0001-11
06/09/2020;06/09/2020 19:00:00;MY SPY;APRENDIZ DE ESPIÃ;E1900289600000;DUBLADO;NÃO;ESTADOS UNIDOS;5005642;CINE LASER BARRA DO GARÇAS SALA 01;5;6000104;33805;33806;BARRA DO GARÇAS;MT;CINE LASER BARRA DO GARÇAS LTDA- ME;24.864.214/0001-74
06/09/2020;06/09/2020 19:00:00;Mostras e Festivais;;G0000000000004;ORIGINAL;SIM;;5005697;CINEPOLIS RIOMAR KENNEDY - SALA 06;7;6000024;17266;34309;FORTALEZA;CE;CINEPOLIS OPERADORA DE CINEMAS DO BRASIL LTDA;09.652.820/0001-32
06/09/2020;06/09/2020 19:00:00;Mostras e Festivais;;G0000000000004;ORIGINAL;SIM;;5005161;CINÉPOLIS MANAUS PLAZA - SALA 5;8;6000024;17266;30118;MANAUS;AM;CINEPOLIS OPERADORA DE CINEMAS DO BRASIL LTDA;09.652.820/0001-32
06/09/2020;06/09/2020 19:00:00;QUEEN OF SPADES: THROUGH THE LOOKING GLASS;A MALDIÇÃO DO ESPELHO;E1900574500000;DUBLADO;NÃO;RÚSSIA;5005977;CINESYSTEM ANANINDEUA SALA 03;26;6000027;22546;38898;ANANINDEUA;PA;REDECINE BRA CINEMATOGRÁFICA S.A.;15.422.993/0001-67
06/09/2020;06/09/2020 19:00:00;QUEEN OF SPADES: THROUGH THE LOOKING GLASS;A MALDIÇÃO DO ESPELHO;E1900574500000;DUBLADO;NÃO;RÚSSIA;5000164;NORTH SHOPPING 5;47;6000037;1991;2414;FORTALEZA;CE;EMPRESA CINEMAS SÃO LUIZ S/A;33.497.660/0001-89
06/09/2020;06/09/2020 19:00:00;SMALLFOOT;PÉPEQUENO;E1800215200000;DUBLADO;NÃO;ESTADOS UNIDOS;5005024;CINE GLOBO SANTA ROSA;0;6000010;20979;29163;SANTA ROSA;RS;CINE GLOBO EXIBICOES CINEMATOGRAFICAS LTDA;14.805.201/0001-70
06/09/2020;06/09/2020 19:00:00;SMALLFOOT;PÉPEQUENO;E1800215200000;DUBLADO;NÃO;ESTADOS UNIDOS;5005965;CINE SUL SALA 01;9;6000121;38751;38752;MEDIANEIRA;PR;L N DA ROCHA & CIA LTDA - ME;29.099.414/0001-00
06/09/2020;06/09/2020 19:00:00;SPIDER-MAN: FAR FROM HOME;HOMEM-ARANHA LONGE DE CASA;E1900127700000;DUBLADO;NÃO;ESTADOS UNIDOS;5006605;MULTICINE MOSSORÓ DRIVE IN;3;6000045;5935;17881;MOSSORÓ;RN;MULTICINE CINEMAS LTDA;07.609.246/0001-04
06/09/2020;06/09/2020 19:00:00;THE GENTLEMEN;MAGNATAS DO CRIME;E2000005600000;DUBLADO;NÃO;ESTADOS UNIDOS;5005721;CINEFLIX VALPARAISO SALA 04;4;6000014;24534;34628;VALPARAÍSO DE GOIÁS;GO;REDECINE BSB CINEMATOGRÁFICA LTDA;18.087.870/0001-05
06/09/2020;06/09/2020 19:00:00;THE GENTLEMEN;MAGNATAS DO CRIME;E2000005600000;DUBLADO;NÃO;ESTADOS UNIDOS;5005153;CINÉPOLIS MILLENNIUM - SALA 5;0;6000024;17266;30116;MANAUS;AM;CINEPOLIS OPERADORA DE CINEMAS DO BRASIL LTDA;09.652.820/0001-32
06/09/2020;06/09/2020 19:00:00;THE LION KING;O REI LEÃO;E1900267700000;DUBLADO;NÃO;ESTADOS UNIDOS;5006567;CINESHOW TUBARÃO DRIVE-IN;40;6000025;33770;33771;TUBARÃO;SC;TUBARÃO FILMES LTDA;24.971.903/0001-88
06/09/2020;06/09/2020 19:00:00;THE SECRET LIFE OF PETS 2;PETS: A VIDA SECRETA DOS BICHOS 2;E1900162100000;DUBLADO;NÃO;ESTADOS UNIDOS;5006595;CENTERPLEX ESTAÇÃO ATIBAIA DRIVE-IN;13;6000006;2836;2843;ATIBAIA;SP;EMPRESA SAO LUIZ DE CINEMAS LTDA - EM RECUPERACAO JUDICIAL;52.067.071/0001-05
06/09/2020;06/09/2020 19:00:00;THE SECRET LIFE OF PETS 2;PETS: A VIDA SECRETA DOS BICHOS 2;E1900162100000;DUBLADO;NÃO;ESTADOS UNIDOS;5006620;CINEMAIS MONTES CLAROS DRIVE IN;6;6000017;2892;23844;MONTES CLAROS;MG;CINEMAIS CINEMAS LTDA;03.868.869/0001-40
06/09/2020;06/09/2020 19:00:00;THE SECRET: DARE TO DREAM;O SEGREDO: OUSE SONHAR;E2000080600000;DUBLADO;NÃO;ESTADOS UNIDOS;5005722;CINEFLIX VALPARAISO SALA 05;0;6000014;24534;34628;VALPARAÍSO DE GOIÁS;GO;REDECINE BSB CINEMATOGRÁFICA LTDA;18.087.870/0001-05
06/09/2020;06/09/2020 19:00:00;THE SECRET: DARE TO DREAM;O SEGREDO: OUSE SONHAR;E2000080600000;DUBLADO;NÃO;ESTADOS UNIDOS;5004879;CIRCUITO CINEMAS PBAS- SALA 01;16;6000028;15568;27873;PARAUAPEBAS;PA;CIRCUITO ENTRETENIMENTO E CINEMAS LTDA;08.068.712/0001-54
06/09/2020;06/09/2020 19:00:00;TWILIGHT;CREPÚSCULO;E1600635500000;ORIGINAL;SIM;ESTADOS UNIDOS;5006365;ALFENAS SALA 2;1;6000008;15833;44017;ALFENAS;MG;CINE A LTDA;10.894.937/0001-01
06/09/2020;06/09/2020 19:00:00;TWILIGHT;CREPÚSCULO;E1600635500000;ORIGINAL;SIM;ESTADOS UNIDOS;5006072;CINE A ALTAMIRA SALA 02;2;6000008;28464;33426;ALTAMIRA;PA;CINE A MARABA LTDA;21.160.773/0001-05
06/09/2020;06/09/2020 19:00:01;ATÉ QUE A SORTE NOS SEPARE;;B1201657700000;ORIGINAL;NÃO;BRASIL;5006461;GRUPOCINE EUSÉBIO 01;0;6000034;44276;44457;EUSÉBIO;CE;EMPRESA CINEMATOGRAFICA BOMBOCINE LTDA;21.298.337/0001-05
06/09/2020;06/09/2020 19:05:00;BACK TO THE FUTURE;DE VOLTA PARA O FUTURO;E1402513800000;DUBLADO;NÃO;ESTADOS UNIDOS;5006411;GRUPOCINE ITAPETININGA 03;7;6000034;44276;44287;ITAPETININGA;SP;EMPRESA CINEMATOGRAFICA BOMBOCINE LTDA;21.298.337/0001-05
06/09/2020;06/09/2020 19:05:00;MINHA MÃE É UMA PEÇA;;B1301808100000;ORIGINAL;NÃO;BRASIL;5006463;GRUPOCINE EUSÉBIO 03;0;6000034;44276;44457;EUSÉBIO;CE;EMPRESA CINEMATOGRAFICA BOMBOCINE LTDA;21.298.337/0001-05
06/09/2020;06/09/2020 19:05:00;MINHA MÃE É UMA PEÇA;;B1301808100000;ORIGINAL;NÃO;BRASIL;5006383;GRUPOCINE SANTA ISABEL 01;0;6000034;44276;44277;SANTA ISABEL;SP;EMPRESA CINEMATOGRAFICA BOMBOCINE LTDA;21.298.337/0001-05
06/09/2020;06/09/2020 19:05:00;THE SECRET: DARE TO DREAM;O SEGREDO: OUSE SONHAR;E2000080600000;DUBLADO;NÃO;ESTADOS UNIDOS;5006358;MULTICINE IANDE SHOPPING 3;2;6000045;5935;43968;CAUCAIA;CE;MULTICINE CINEMAS LTDA;07.609.246/0001-04
06/09/2020;06/09/2020 19:10:00;BACK TO THE FUTURE;DE VOLTA PARA O FUTURO;E1402513800000;DUBLADO;NÃO;ESTADOS UNIDOS;5006462;GRUPOCINE EUSÉBIO 02;0;6000034;44276;44457;EUSÉBIO;CE;EMPRESA CINEMATOGRAFICA BOMBOCINE LTDA;21.298.337/0001-05
06/09/2020;06/09/2020 19:10:00;QUEEN OF SPADES: THROUGH THE LOOKING GLASS;A MALDIÇÃO DO ESPELHO;E1900574500000;DUBLADO;NÃO;RÚSSIA;5004184;CINEFLIX JK SHOPPING - SALA 1;0;6000014;24534;24535;BRASÍLIA;DF;REDECINE BSB CINEMATOGRÁFICA LTDA;18.087.870/0001-05
06/09/2020;06/09/2020 19:10:00;QUEEN OF SPADES: THROUGH THE LOOKING GLASS;A MALDIÇÃO DO ESPELHO;E1900574500000;DUBLADO;NÃO;RÚSSIA;5000080;KINOPLEX AMAZONAS SALA 02;43;6000037;1991;2393;MANAUS;AM;EMPRESA CINEMAS SÃO LUIZ S/A;33.497.660/0001-89
06/09/2020;06/09/2020 19:10:00;THE SECRET: DARE TO DREAM;O SEGREDO: OUSE SONHAR;E2000080600000;DUBLADO;NÃO;ESTADOS UNIDOS;5005929;MOBI CINE AÇAILÂNDIA SALA 01;0;6000040;38236;38237;AÇAILÂNDIA;MA;C A V LEMOS E CIA LTDA - ME;14.717.191/0001-11
06/09/2020;06/09/2020 19:15:00;EL ROBO DEL SIGLO;O ROUBO DO SÉCULO;E2000030900000;ORIGINAL;SIM;ARGENTINA;5005978;CINESYSTEM ANANINDEUA SALA 04;0;6000027;22546;38898;ANANINDEUA;PA;REDECINE BRA CINEMATOGRÁFICA S.A.;15.422.993/0001-67
06/09/2020;06/09/2020 19:15:00;MINHA MÃE É UMA PEÇA;;B1301808100000;ORIGINAL;NÃO;BRASIL;5006412;GRUPOCINE ITAPETININGA 04;2;6000034;44276;44287;ITAPETININGA;SP;EMPRESA CINEMATOGRAFICA BOMBOCINE LTDA;21.298.337/0001-05
06/09/2020;06/09/2020 19:15:00;QUEEN OF SPADES: THROUGH THE LOOKING GLASS;A MALDIÇÃO DO ESPELHO;E1900574500000;DUBLADO;NÃO;RÚSSIA;5003483;SALA PQ.BELEM 02;10;6000024;17266;21616;BELÉM;PA;CINEPOLIS OPERADORA DE CINEMAS DO BRASIL LTDA;09.652.820/0001-32
06/09/2020;06/09/2020 19:20:00;CAPTAIN MARVEL;CAPITÃ MARVEL;E1900011200000;DUBLADO;NÃO;ESTADOS UNIDOS;5002722;SALA CINE PLAYARTE MANAUARA 07;34;6000049;260;16356;MANAUS;AM;PLAYARTE CINEMAS LTDA.;60.434.149/0001-00
06/09/2020;06/09/2020 19:20:00;EL ROBO DEL SIGLO;O ROUBO DO SÉCULO;E2000030900000;ORIGINAL;SIM;ARGENTINA;5002255;MOVIECOM PATIO BELÉM 1;4;6000100;2897;13915;BELÉM;PA;MOVIE CINEMAS LTDA;04.708.972/0001-96
06/09/2020;06/09/2020 19:20:00;MINHA MÃE É UMA PEÇA;;B1301808100000;ORIGINAL;NÃO;BRASIL;5006414;GRUPOCINE MARANGUAPE 01;0;6000034;44276;44288;MARANGUAPE;CE;EMPRESA CINEMATOGRAFICA BOMBOCINE LTDA;21.298.337/0001-05
06/09/2020;06/09/2020 19:20:00;QUEEN OF SPADES: THROUGH THE LOOKING GLASS;A MALDIÇÃO DO ESPELHO;E1900574500000;DUBLADO;NÃO;RÚSSIA;5004472;SALA CINEPOLIS NORTH SHOPPING JOQUEI 02;21;6000024;17266;25960;FORTALEZA;CE;CINEPOLIS OPERADORA DE CINEMAS DO BRASIL LTDA;09.652.820/0001-32
06/09/2020;06/09/2020 19:20:00;THE ANGRY BIRDS MOVIE 2;ANGRY BIRDS 2 - O FILME;E1900271800000;DUBLADO;NÃO;ESTADOS UNIDOS;5006586;MULTICINE DRIVE IN - CIDADE JARDIM;10;6000045;5935;30736;GOIÂNIA;GO;MULTICINE CINEMAS LTDA;07.609.246/0001-04
06/09/2020;06/09/2020 19:20:00;THE AVENGERS: AGE OF ULTRON;VINGADORES: ERA DE ULTRON;E1500563200000;DUBLADO;NÃO;ESTADOS UNIDOS;5004185;CINEFLIX JK SHOPPING - SALA 2;0;6000014;24534;24535;BRASÍLIA;DF;REDECINE BSB CINEMATOGRÁFICA LTDA;18.087.870/0001-05
06/09/2020;06/09/2020 19:20:00;THE SECRET: DARE TO DREAM;O SEGREDO: OUSE SONHAR;E2000080600000;DUBLADO;NÃO;ESTADOS UNIDOS;5001505;MOVIECOM CASTANHEIRA 7;1;6000100;2897;2896;BELÉM;PA;MOVIE CINEMAS LTDA;04.708.972/0001-96
06/09/2020;06/09/2020 19:20:00;THE SECRET: DARE TO DREAM;O SEGREDO: OUSE SONHAR;E2000080600000;DUBLADO;NÃO;ESTADOS UNIDOS;5005429;UCI BRASIL - SHOPPING BOSQUE GRÃO PARÁ SALA 04;16;6000058;749;32026;BELÉM;PA;UNITED CINEMAS INTERNATIONAL BRASIL LTDA.;01.289.530/0001-64
06/09/2020;06/09/2020 19:25:00;QUEEN OF SPADES: THROUGH THE LOOKING GLASS;A MALDIÇÃO DO ESPELHO;E1900574500000;DUBLADO;NÃO;RÚSSIA;5005958;MOBI CINE REDENÇÃO SALA 3;27;6000040;28561;38513;REDENÇÃO;PA;C A VIEIRA LEMOS E CIA LTDA;20.334.881/0001-94
06/09/2020;06/09/2020 19:30:00;EL ROBO DEL SIGLO;O ROUBO DO SÉCULO;E2000030900000;ORIGINAL;SIM;ARGENTINA;5005094;CINÉPOLIS SÃO GONÇALO SHOPPING - SALA 3;4;6000024;17266;30088;SÃO GONÇALO;RJ;CINEPOLIS OPERADORA DE CINEMAS DO BRASIL LTDA;09.652.820/0001-32
06/09/2020;06/09/2020 19:30:00;EL ROBO DEL SIGLO;O ROUBO DO SÉCULO;E2000030900000;ORIGINAL;SIM;ARGENTINA;5006472;REDECINE SUMARE 01;0;6000014;5654;44547;SUMARÉ;SP;REDECINE-CPQ CINEMATOGRÁFICA LTDA;07.665.262/0001-14
06/09/2020;06/09/2020 19:30:00;NOW YOU SEE ME 2;TRUQUE DE MESTRE: O 2º ATO;E1700176500000;DUBLADO;NÃO;CANADÁ;5006590;SUPER DRIVE IN;5;6000006;2872;46068;SÃO BERNARDO DO CAMPO;SP;EMPRESA CENTERPLEX DE CINEMAS LTDA;00.812.310/0001-00
06/09/2020;06/09/2020 19:30:00;THE GENTLEMEN;MAGNATAS DO CRIME;E2000005600000;ORIGINAL;SIM;ESTADOS UNIDOS;5002942;SALA 07;12;6000024;17266;17763;BELÉM;PA;CINEPOLIS OPERADORA DE CINEMAS DO BRASIL LTDA;09.652.820/0001-32
06/09/2020;06/09/2020 19:30:00;THE GENTLEMEN;MAGNATAS DO CRIME;E2000005600000;DUBLADO;NÃO;ESTADOS UNIDOS;5004369;SALA CINEPOLIS PONTA NEGRA 06 TRADICIONAL;10;6000024;17266;25193;MANAUS;AM;CINEPOLIS OPERADORA DE CINEMAS DO BRASIL LTDA;09.652.820/0001-32
06/09/2020;06/09/2020 19:30:00;THE INVISIBLE MAN;O HOMEM INVISÍVEL;E1900438600000;DUBLADO;NÃO;AUSTRÁLIA;5004189;CINEFLIX JK SHOPPING - SALA 6;2;6000014;24534;24535;BRASÍLIA;DF;REDECINE BSB CINEMATOGRÁFICA LTDA;18.087.870/0001-05
06/09/2020;06/09/2020 19:30:00;THE SECRET: DARE TO DREAM;O SEGREDO: OUSE SONHAR;E2000080600000;DUBLADO;NÃO;ESTADOS UNIDOS;5005925;CENTERPLEX GRANDE CIRCULAR 02;5;6000006;38234;38235;MANAUS;AM;CINE ELI AMAZONAS CINEMAS LTDA - EM RECUPERAÇÃO JUDICIAL;28.619.116/0001-22
06/09/2020;06/09/2020 19:30:00;THE SECRET: DARE TO DREAM;O SEGREDO: OUSE SONHAR;E2000080600000;DUBLADO;NÃO;ESTADOS UNIDOS;5005644;CINE LASER BARRA DO GARÇAS SALA 03;11;6000104;33805;33806;BARRA DO GARÇAS;MT;CINE LASER BARRA DO GARÇAS LTDA- ME;24.864.214/0001-74
06/09/2020;06/09/2020 19:30:00;THE SECRET: DARE TO DREAM;O SEGREDO: OUSE SONHAR;E2000080600000;DUBLADO;NÃO;ESTADOS UNIDOS;5006533;CINE LASER SANTAREM 1;8;6000104;44323;45275;SANTARÉM;PA;CINE LASER CINEMAS NORDESTE LTDA;34.860.287/0001-41
06/09/2020;06/09/2020 19:30:00;THE SECRET: DARE TO DREAM;O SEGREDO: OUSE SONHAR;E2000080600000;DUBLADO;NÃO;ESTADOS UNIDOS;5003147;CINE LASER SORRISO 1;5;6000104;19465;19467;SORRISO;MT;CINE LASER CINEMAS LTDA;03.569.447/0001-74
06/09/2020;06/09/2020 19:30:01;LA LA LAND;LA LA LAND – CANTANDO ESTAÇÕES;E1600677400000;DUBLADO;NÃO;ESTADOS UNIDOS;5006622;SUPER CINE ESPAÇO DAS AMÉRICAS DRIVE IN;16;6000006;2836;46340;SÃO PAULO;SP;EMPRESA SAO LUIZ DE CINEMAS LTDA - EM RECUPERACAO JUDICIAL;52.067.071/0001-05
06/09/2020;06/09/2020 19:40:00;Eventos Esportivos;;G0000000000001;DUBLADO;NÃO;;5004186;CINEFLIX JK SHOPPING - SALA 3;11;6000014;24534;24535;BRASÍLIA;DF;REDECINE BSB CINEMATOGRÁFICA LTDA;18.087.870/0001-05
06/09/2020;06/09/2020 19:40:00;HARRY POTTER AND THE SORCERER'S STONE;HARRY POTTER AND THE SORCERER'S STONE;E1900440700000;ORIGINAL;SIM;ESTADOS UNIDOS;5001502;MOVIECOM CASTANHEIRA 5;12;6000100;2897;2896;BELÉM;PA;MOVIE CINEMAS LTDA;04.708.972/0001-96
06/09/2020;06/09/2020 19:40:00;MINIONS;MINIONS;E1500311600000;DUBLADO;NÃO;ESTADOS UNIDOS;5002564;CINE CATARATAS 1;4;;15565;15566;FOZ DO IGUAÇU;PR;CINE CATARATAS LTDA;09.010.219/0001-46
06/09/2020;06/09/2020 19:40:00;THE AVENGERS;THE AVENGERS: OS VINGADORES;E1500275200000;DUBLADO;NÃO;ESTADOS UNIDOS;5005966;CINE SUL SALA 02;9;6000121;38751;38752;MEDIANEIRA;PR;L N DA ROCHA & CIA LTDA - ME;29.099.414/0001-00
06/09/2020;06/09/2020 19:40:00;THE GENTLEMEN;MAGNATAS DO CRIME;E2000005600000;DUBLADO;NÃO;ESTADOS UNIDOS;5002727;SALA CINE PLAYARTE MANAUARA 04;14;6000049;260;16356;MANAUS;AM;PLAYARTE CINEMAS LTDA.;60.434.149/0001-00
06/09/2020;06/09/2020 19:45:00;BACK TO THE FUTURE;DE VOLTA PARA O FUTURO;E1402513800000;ORIGINAL;SIM;ESTADOS UNIDOS;5005160;CINÉPOLIS MANAUS PLAZA - SALA 4;5;6000024;17266;30118;MANAUS;AM;CINEPOLIS OPERADORA DE CINEMAS DO BRASIL LTDA;09.652.820/0001-32
06/09/2020;06/09/2020 19:45:00;BLACK PANTHER;PANTERA NEGRA;E1700512400000;DUBLADO;NÃO;ESTADOS UNIDOS;5005338;CINEMAS BENFICA - SALA 4;14;;15690;15691;FORTALEZA;CE;CINEMAS BENFICA LTDA;07.509.597/0001-43
06/09/2020;06/09/2020 19:45:00;Mostras e Festivais;;G0000000000004;ORIGINAL;SIM;;5005150;CINÉPOLIS MILLENNIUM - SALA 2;2;6000024;17266;30116;MANAUS;AM;CINEPOLIS OPERADORA DE CINEMAS DO BRASIL LTDA;09.652.820/0001-32
06/09/2020;06/09/2020 19:45:00;THE SECRET: DARE TO DREAM;O SEGREDO: OUSE SONHAR;E2000080600000;DUBLADO;NÃO;ESTADOS UNIDOS;5005099;CINÉPOLIS SÃO GONÇALO SHOPPING - SALA 8;8;6000024;17266;30088;SÃO GONÇALO;RJ;CINEPOLIS OPERADORA DE CINEMAS DO BRASIL LTDA;09.652.820/0001-32
06/09/2020;06/09/2020 19:45:00;WONDER WOMAN;MULHER-MARAVILHA;E1700197900000;DUBLADO;NÃO;ESTADOS UNIDOS;5005329;UCI BRASIL - SUMAÚMA PARK SHOPPING MANAUS SALA 06;30;6000058;749;31265;MANAUS;AM;UNITED CINEMAS INTERNATIONAL BRASIL LTDA.;01.289.530/0001-64
06/09/2020;06/09/2020 19:50:00;Eventos Esportivos;;G0000000000001;ORIGINAL;SIM;;5006475;REDECINE SUMARE 04;4;6000014;5654;44547;SUMARÉ;SP;REDECINE-CPQ CINEMATOGRÁFICA LTDA;07.665.262/0001-14
06/09/2020;06/09/2020 19:50:00;THE GENTLEMEN;MAGNATAS DO CRIME;E2000005600000;DUBLADO;NÃO;ESTADOS UNIDOS;5004187;CINEFLIX JK SHOPPING - SALA 4;0;6000014;24534;24535;BRASÍLIA;DF;REDECINE BSB CINEMATOGRÁFICA LTDA;18.087.870/0001-05
06/09/2020;06/09/2020 19:50:00;THE GENTLEMEN;MAGNATAS DO CRIME;E2000005600000;ORIGINAL;SIM;ESTADOS UNIDOS;5002253;MOVIECOM PATIO BELÉM 4;0;6000100;2897;13915;BELÉM;PA;MOVIE CINEMAS LTDA;04.708.972/0001-96
06/09/2020;06/09/2020 19:55:00;Mostras e Festivais;;G0000000000004;DUBLADO;NÃO;;5006357;MULTICINE IANDE SHOPPING 2;5;6000045;5935;43968;CAUCAIA;CE;MULTICINE CINEMAS LTDA;07.609.246/0001-04
06/09/2020;06/09/2020 20:00:00;BLOODSHOT;BLOODSHOT;E1900579400000;DUBLADO;NÃO;ESTADOS UNIDOS;5005928;CENTERPLEX GRANDE CIRCULAR 05;11;6000006;38234;38235;MANAUS;AM;CINE ELI AMAZONAS CINEMAS LTDA - EM RECUPERAÇÃO JUDICIAL;28.619.116/0001-22
06/09/2020;06/09/2020 20:00:00;EL ROBO DEL SIGLO;O ROUBO DO SÉCULO;E2000030900000;ORIGINAL;NÃO;ARGENTINA;5002102;CINE DRIVEIN;238;;5465;6715;BRASÍLIA;DF;STARK'S CINEMA E LANCHONETE LTDA.;32.917.296/0001-04
06/09/2020;06/09/2020 20:00:00;EL ROBO DEL SIGLO;O ROUBO DO SÉCULO;E2000030900000;ORIGINAL;SIM;ARGENTINA;5002940;SALA 03;6;6000024;17266;17763;BELÉM;PA;CINEPOLIS OPERADORA DE CINEMAS DO BRASIL LTDA;09.652.820/0001-32
06/09/2020;06/09/2020 20:00:00;ESCAPE FROM PRETORIA;FUGA DE PRETÓRIA;E2000249400000;DUBLADO;NÃO;ÁFRICA DO SUL;5006476;REDECINE SUMARE 05;2;6000014;5654;44547;SUMARÉ;SP;REDECINE-CPQ CINEMATOGRÁFICA LTDA;07.665.262/0001-14
06/09/2020;06/09/2020 20:00:00;ESCAPE FROM PRETORIA;FUGA DE PRETÓRIA;E2000249400000;ORIGINAL;SIM;ÁFRICA DO SUL;5003485;SALA PQ.BELEM 04;2;6000024;17266;21616;BELÉM;PA;CINEPOLIS OPERADORA DE CINEMAS DO BRASIL LTDA;09.652.820/0001-32
06/09/2020;06/09/2020 20:00:00;ESCAPE FROM PRETORIA;FUGA DE PRETÓRIA;E2000249400000;ORIGINAL;SIM;ÁFRICA DO SUL;5004697;SALA RIOMAR 4 -VIP;18;6000024;17266;27076;FORTALEZA;CE;CINEPOLIS OPERADORA DE CINEMAS DO BRASIL LTDA;09.652.820/0001-32
06/09/2020;06/09/2020 20:00:00;HARRY POTTER AND THE PHILOSOPHER'S STONE;HARRY POTTER E A PEDRA FILOSOFAL;E1500138600000;ORIGINAL;SIM;ESTADOS UNIDOS;5006465;GRUPOCINE EUSÉBIO 05;0;6000034;44276;44457;EUSÉBIO;CE;EMPRESA CINEMATOGRAFICA BOMBOCINE LTDA;21.298.337/0001-05
06/09/2020;06/09/2020 20:00:00;QUEEN OF SPADES: THROUGH THE LOOKING GLASS;A MALDIÇÃO DO ESPELHO;E1900574500000;DUBLADO;NÃO;RÚSSIA;5005643;CINE LASER BARRA DO GARÇAS SALA 02;27;6000104;33805;33806;BARRA DO GARÇAS;MT;CINE LASER BARRA DO GARÇAS LTDA- ME;24.864.214/0001-74
06/09/2020;06/09/2020 20:00:00;QUEEN OF SPADES: THROUGH THE LOOKING GLASS;A MALDIÇÃO DO ESPELHO;E1900574500000;DUBLADO;NÃO;RÚSSIA;5006534;CINE LASER SANTAREM 2;8;6000104;44323;45275;SANTARÉM;PA;CINE LASER CINEMAS NORDESTE LTDA;34.860.287/0001-41
06/09/2020;06/09/2020 20:00:00;QUEEN OF SPADES: THROUGH THE LOOKING GLASS;A MALDIÇÃO DO ESPELHO;E1900574500000;DUBLADO;NÃO;RÚSSIA;5004593;CINE LASER SORRISO 2;10;6000104;19465;19467;SORRISO;MT;CINE LASER CINEMAS LTDA;03.569.447/0001-74
06/09/2020;06/09/2020 20:00:00;THE EXORCIST;O EXORCISTA;E1500099900000;ORIGINAL;SIM;ESTADOS UNIDOS;5005331;UCI BRASIL - SUMAÚMA PARK SHOPPING MANAUS SALA 08;23;6000058;749;31265;MANAUS;AM;UNITED CINEMAS INTERNATIONAL BRASIL LTDA.;01.289.530/0001-64
06/09/2020;06/09/2020 20:00:00;THE GENTLEMEN;MAGNATAS DO CRIME;E2000005600000;DUBLADO;NÃO;ESTADOS UNIDOS;5005092;CINÉPOLIS SÃO GONÇALO SHOPPING - SALA 1;10;6000024;17266;30088;SÃO GONÇALO;RJ;CINEPOLIS OPERADORA DE CINEMAS DO BRASIL LTDA;09.652.820/0001-32
06/09/2020;06/09/2020 20:00:00;THE GENTLEMEN;MAGNATAS DO CRIME;E2000005600000;ORIGINAL;SIM;ESTADOS UNIDOS;5005431;UCI BRASIL - SHOPPING BOSQUE GRÃO PARÁ SALA 06;20;6000058;749;32026;BELÉM;PA;UNITED CINEMAS INTERNATIONAL BRASIL LTDA.;01.289.530/0001-64
06/09/2020;06/09/2020 20:00:00;THE LION KING;O REI LEÃO;E1900267700000;DUBLADO;NÃO;ESTADOS UNIDOS;5002721;SALA CINE PLAYARTE MANAUARA 01;5;6000049;260;16356;MANAUS;AM;PLAYARTE CINEMAS LTDA.;60.434.149/0001-00
06/09/2020;06/09/2020 20:00:00;THE SECRET: DARE TO DREAM;O SEGREDO: OUSE SONHAR;E2000080600000;DUBLADO;NÃO;ESTADOS UNIDOS;5004188;CINEFLIX JK SHOPPING - SALA 5;3;6000014;24534;24535;BRASÍLIA;DF;REDECINE BSB CINEMATOGRÁFICA LTDA;18.087.870/0001-05
06/09/2020;06/09/2020 20:00:00;THE SECRET: DARE TO DREAM;O SEGREDO: OUSE SONHAR;E2000080600000;DUBLADO;NÃO;ESTADOS UNIDOS;5005693;CINEPOLIS RIOMAR KENNEDY - SALA 02;8;6000024;17266;34309;FORTALEZA;CE;CINEPOLIS OPERADORA DE CINEMAS DO BRASIL LTDA;09.652.820/0001-32
06/09/2020;06/09/2020 20:00:00;THE TURNING;OS ÓRFÃOS;E1900570900000;DUBLADO;NÃO;ESTADOS UNIDOS;5006539;CULT ALEGRETE 01;4;;45324;45325;ALEGRETE;RS;CULT CINEMAS ALEGRETE LTDA;34.712.675/0001-85
06/09/2020;06/09/2020 20:00:00;TWILIGHT;CREPÚSCULO;E1600635500000;ORIGINAL;SIM;ESTADOS UNIDOS;5002603;CINEMAS BENFICA - SALA 1;10;;15690;15691;FORTALEZA;CE;CINEMAS BENFICA LTDA;07.509.597/0001-43
06/09/2020;06/09/2020 20:00:00;WONDER WOMAN;MULHER-MARAVILHA;E1700197900000;DUBLADO;NÃO;ESTADOS UNIDOS;5005984;CINESYSTEM ANANINDEUA SALA 10;9;6000027;22546;38898;ANANINDEUA;PA;REDECINE BRA CINEMATOGRÁFICA S.A.;15.422.993/0001-67
06/09/2020;06/09/2020 20:00:00;WONDER WOMAN;MULHER-MARAVILHA;E1700197900000;DUBLADO;NÃO;ESTADOS UNIDOS;5001497;MOVIECOM CASTANHEIRA 2;8;6000100;2897;2896;BELÉM;PA;MOVIE CINEMAS LTDA;04.708.972/0001-96
06/09/2020;06/09/2020 20:10:00;THE GENTLEMEN;MAGNATAS DO CRIME;E2000005600000;DUBLADO;NÃO;ESTADOS UNIDOS;5006473;REDECINE SUMARE 02;4;6000014;5654;44547;SUMARÉ;SP;REDECINE-CPQ CINEMATOGRÁFICA LTDA;07.665.262/0001-14
06/09/2020;06/09/2020 20:15:00;EL ROBO DEL SIGLO;O ROUBO DO SÉCULO;E2000030900000;ORIGINAL;SIM;ARGENTINA;5004373;SALA CINEPOLIS PONTA NEGRA 10 TRADICIONAL;0;6000024;17266;25193;MANAUS;AM;CINEPOLIS OPERADORA DE CINEMAS DO BRASIL LTDA;09.652.820/0001-32
06/09/2020;06/09/2020 20:15:00;JOHN WICK 3: PARABELLUM;JOHN WICK 3: PARABELLUM;E1900126300000;DUBLADO;NÃO;ESTADOS UNIDOS;5005306;CINEFLIX VÁRZEA GRANDE SHOPPING - SALA 3;10;6000014;24534;31101;VÁRZEA GRANDE;MT;REDECINE BSB CINEMATOGRÁFICA LTDA;18.087.870/0001-05
06/09/2020;06/09/2020 20:15:00;THE GENTLEMEN;MAGNATAS DO CRIME;E2000005600000;DUBLADO;NÃO;ESTADOS UNIDOS;5005924;CENTERPLEX GRANDE CIRCULAR 01;6;6000006;38234;38235;MANAUS;AM;CINE ELI AMAZONAS CINEMAS LTDA - EM RECUPERAÇÃO JUDICIAL;28.619.116/0001-22
06/09/2020;06/09/2020 20:20:00;BLOODSHOT;BLOODSHOT;E1900579400000;DUBLADO;NÃO;ESTADOS UNIDOS;5000160;NORTH SHOPPING 1;33;6000037;1991;2414;FORTALEZA;CE;EMPRESA CINEMAS SÃO LUIZ S/A;33.497.660/0001-89
06/09/2020;06/09/2020 20:20:00;ESCAPE FROM PRETORIA;FUGA DE PRETÓRIA;E2000249400000;ORIGINAL;SIM;ÁFRICA DO SUL;5005430;UCI BRASIL - SHOPPING BOSQUE GRÃO PARÁ SALA 05;17;6000058;749;32026;BELÉM;PA;UNITED CINEMAS INTERNATIONAL BRASIL LTDA.;01.289.530/0001-64
06/09/2020;06/09/2020 20:20:00;HARRY POTTER AND THE SORCERER'S STONE;HARRY POTTER AND THE SORCERER'S STONE;E1900440700000;ORIGINAL;SIM;ESTADOS UNIDOS;5002254;MOVIECOM PATIO BELÉM 5;13;6000100;2897;13915;BELÉM;PA;MOVIE CINEMAS LTDA;04.708.972/0001-96
06/09/2020;06/09/2020 20:20:00;THE GENTLEMEN;MAGNATAS DO CRIME;E2000005600000;DUBLADO;NÃO;ESTADOS UNIDOS;5005305;CINEFLIX VÁRZEA GRANDE SHOPPING - SALA 2;22;6000014;24534;31101;VÁRZEA GRANDE;MT;REDECINE BSB CINEMATOGRÁFICA LTDA;18.087.870/0001-05
06/09/2020;06/09/2020 20:20:00;THE SECRET: DARE TO DREAM;O SEGREDO: OUSE SONHAR;E2000080600000;ORIGINAL;SIM;ESTADOS UNIDOS;5002719;SALA CINE PLAYARTE MANAUARA 05;10;6000049;260;16356;MANAUS;AM;PLAYARTE CINEMAS LTDA.;60.434.149/0001-00
06/09/2020;06/09/2020 20:20:00;TRÊS VERÕES;;B1900410500000;ORIGINAL;NÃO;FRANÇA;5006571;CINESYSTEM AMÉRICAS DRIVE-IN;0;6000027;5348;28834;RIO DE JANEIRO;RJ;REDECINE - RIO CINEMATOGRAFICA S.A.;07.524.011/0001-10
06/09/2020;06/09/2020 20:30:00;1917;1917;E1900439000000;DUBLADO;NÃO;ESTADOS UNIDOS;5006560;CINE A ITAJUBÁ DRIVE-IN;2;6000008;15833;41725;ITAJUBÁ;MG;CINE A LTDA;10.894.937/0001-01
06/09/2020;06/09/2020 20:30:00;ALICE JÚNIOR;;B2000154900000;ORIGINAL;NÃO;BRASIL;5006610;CINESYSTEM DRIVE-IN AEROPORTO VITÓRIA;3;6000027;22546;46257;VITÓRIA;ES;REDECINE BRA CINEMATOGRÁFICA S.A.;15.422.993/0001-67
06/09/2020;06/09/2020 20:30:00;BOHEMIAN RHAPSODY;BOHEMIAN RHAPSODY;E1800251900000;DUBLADO;NÃO;ESTADOS UNIDOS;5006601;CINE DRIVE-IN ESPAÇO CINEMAX;0;;5944;6680;ITABIRA;MG;ESPAÇO CULTURAL CINE ATLETICO LTDA;06.981.108/0001-99
06/09/2020;06/09/2020 20:30:00;EL ROBO DEL SIGLO;O ROUBO DO SÉCULO;E2000030900000;ORIGINAL;SIM;ARGENTINA;5005152;CINÉPOLIS MILLENNIUM - SALA 4;3;6000024;17266;30116;MANAUS;AM;CINEPOLIS OPERADORA DE CINEMAS DO BRASIL LTDA;09.652.820/0001-32
06/09/2020;06/09/2020 20:30:00;ESCAPE FROM PRETORIA;FUGA DE PRETÓRIA;E2000249400000;ORIGINAL;SIM;ÁFRICA DO SUL;5005696;CINEPOLIS RIOMAR KENNEDY - SALA 05;6;6000024;17266;34309;FORTALEZA;CE;CINEPOLIS OPERADORA DE CINEMAS DO BRASIL LTDA;09.652.820/0001-32
06/09/2020;06/09/2020 20:30:00;ESCAPE FROM PRETORIA;FUGA DE PRETÓRIA;E2000249400000;ORIGINAL;SIM;ÁFRICA DO SUL;5005095;CINÉPOLIS SÃO GONÇALO SHOPPING - SALA 4;2;6000024;17266;30088;SÃO GONÇALO;RJ;CINEPOLIS OPERADORA DE CINEMAS DO BRASIL LTDA;09.652.820/0001-32
06/09/2020;06/09/2020 20:30:00;Eventos Esportivos;;G0000000000001;DUBLADO;NÃO;;5006474;REDECINE SUMARE 03;1;6000014;5654;44547;SUMARÉ;SP;REDECINE-CPQ CINEMATOGRÁFICA LTDA;07.665.262/0001-14
06/09/2020;06/09/2020 20:30:00;Mostras e Festivais;;G0000000000004;DUBLADO;NÃO;;5006364;ALFENAS SALA 1;3;6000008;15833;44017;ALFENAS;MG;CINE A LTDA;10.894.937/0001-01
06/09/2020;06/09/2020 20:30:00;Mostras e Festivais;;G0000000000004;ORIGINAL;SIM;;5004880;CIRCUITO CINEMAS PBAS- SALA 02;7;6000028;15568;27873;PARAUAPEBAS;PA;CIRCUITO ENTRETENIMENTO E CINEMAS LTDA;08.068.712/0001-54
06/09/2020;06/09/2020 20:30:00;Mostras e Festivais;;G0000000000004;ORIGINAL;SIM;;5003488;SALA PQ.BELEM 07;2;6000024;17266;21616;BELÉM;PA;CINEPOLIS OPERADORA DE CINEMAS DO BRASIL LTDA;09.652.820/0001-32
06/09/2020;06/09/2020 20:30:00;QUEEN OF SPADES: THROUGH THE LOOKING GLASS;A MALDIÇÃO DO ESPELHO;E1900574500000;DUBLADO;NÃO;RÚSSIA;5005307;CINEFLIX VÁRZEA GRANDE SHOPPING - SALA 4;16;6000014;24534;31101;VÁRZEA GRANDE;MT;REDECINE BSB CINEMATOGRÁFICA LTDA;18.087.870/0001-05
06/09/2020;06/09/2020 20:30:00;QUEEN OF SPADES: THROUGH THE LOOKING GLASS;A MALDIÇÃO DO ESPELHO;E1900574500000;DUBLADO;NÃO;RÚSSIA;5005931;MOBI CINE AÇAILÂNDIA SALA 03;4;6000040;38236;38237;AÇAILÂNDIA;MA;C A V LEMOS E CIA LTDA - ME;14.717.191/0001-11
06/09/2020;06/09/2020 20:30:00;QUEEN OF SPADES: THROUGH THE LOOKING GLASS;A MALDIÇÃO DO ESPELHO;E1900574500000;DUBLADO;NÃO;RÚSSIA;5005326;UCI BRASIL - SUMAÚMA PARK SHOPPING MANAUS SALA 03;44;6000058;749;31265;MANAUS;AM;UNITED CINEMAS INTERNATIONAL BRASIL LTDA.;01.289.530/0001-64
06/09/2020;06/09/2020 20:30:00;THE GENTLEMEN;MAGNATAS DO CRIME;E2000005600000;DUBLADO;NÃO;ESTADOS UNIDOS;5005980;CINESYSTEM ANANINDEUA SALA 06;14;6000027;22546;38898;ANANINDEUA;PA;REDECINE BRA CINEMATOGRÁFICA S.A.;15.422.993/0001-67
06/09/2020;06/09/2020 20:30:00;THE SECRET: DARE TO DREAM;O SEGREDO: OUSE SONHAR;E2000080600000;DUBLADO;NÃO;ESTADOS UNIDOS;5000161;NORTH SHOPPING 2;0;6000037;1991;2414;FORTALEZA;CE;EMPRESA CINEMAS SÃO LUIZ S/A;33.497.660/0001-89
06/09/2020;06/09/2020 20:30:00;THE SECRET: DARE TO DREAM;O SEGREDO: OUSE SONHAR;E2000080600000;ORIGINAL;SIM;ESTADOS UNIDOS;5002937;SALA 06;6;6000024;17266;17763;BELÉM;PA;CINEPOLIS OPERADORA DE CINEMAS DO BRASIL LTDA;09.652.820/0001-32
06/09/2020;06/09/2020 20:30:00;TRÊS VERÕES;;B1900410500000;ORIGINAL;NÃO;FRANÇA;5006572;CINE 14 BIS DRIVE-IN;1;;5822;6623;GUAXUPÉ;MG;GUAXUPE PROMOCOES E EVENTOS LTDA;03.929.354/0001-03
06/09/2020;06/09/2020 20:30:00;WONDER WOMAN;MULHER-MARAVILHA;E1700197900000;DUBLADO;NÃO;ESTADOS UNIDOS;5002565;CINE CATARATAS 2;13;;15565;15566;FOZ DO IGUAÇU;PR;CINE CATARATAS LTDA;09.010.219/0001-46
06/09/2020;06/09/2020 20:30:01;Mostras e Festivais;;G0000000000004;DUBLADO;NÃO;;5006073;CINE A ALTAMIRA SALA 03;2;6000008;28464;33426;ALTAMIRA;PA;CINE A MARABA LTDA;21.160.773/0001-05
06/09/2020;06/09/2020 20:35:00;BUMBLEBEE;BUMBLEBEE;E1800436900000;DUBLADO;NÃO;ESTADOS UNIDOS;5006568;CINE + ARTE XANGRI-LÁ DRIVE-IN;2;6000103;32155;45890;XANGRI-LÁ;RS;EWERTON LUIS DE SOUZA BRANDOLT;23.288.683/0001-20
06/09/2020;06/09/2020 20:40:00;BLOODSHOT;BLOODSHOT;E1900579400000;DUBLADO;NÃO;ESTADOS UNIDOS;5006627;CINE DRIVE IN CTN OSASCO;24;6000006;2836;46494;OSASCO;SP;EMPRESA SAO LUIZ DE CINEMAS LTDA - EM RECUPERACAO JUDICIAL;52.067.071/0001-05
06/09/2020;06/09/2020 20:40:00;ESCAPE FROM PRETORIA;FUGA DE PRETÓRIA;E2000249400000;DUBLADO;NÃO;ÁFRICA DO SUL;5000162;NORTH SHOPPING 3;3;6000037;1991;2414;FORTALEZA;CE;EMPRESA CINEMAS SÃO LUIZ S/A;33.497.660/0001-89
06/09/2020;06/09/2020 20:40:00;ESCAPE FROM PRETORIA;FUGA DE PRETÓRIA;E2000249400000;ORIGINAL;SIM;ÁFRICA DO SUL;5002723;SALA CINE PLAYARTE MANAUARA 03;12;6000049;260;16356;MANAUS;AM;PLAYARTE CINEMAS LTDA.;60.434.149/0001-00
06/09/2020;06/09/2020 20:40:00;THE SECRET: DARE TO DREAM;O SEGREDO: OUSE SONHAR;E2000080600000;DUBLADO;NÃO;ESTADOS UNIDOS;5005956;MOBI CINE REDENÇÃO SALA 1;0;6000040;28561;38513;REDENÇÃO;PA;C A VIEIRA LEMOS E CIA LTDA;20.334.881/0001-94
06/09/2020;06/09/2020 20:40:00;THE SECRET: DARE TO DREAM;O SEGREDO: OUSE SONHAR;E2000080600000;DUBLADO;NÃO;ESTADOS UNIDOS;5004474;SALA CINEPOLIS NORTH SHOPPING JOQUEI 04;0;6000024;17266;25960;FORTALEZA;CE;CINEPOLIS OPERADORA DE CINEMAS DO BRASIL LTDA;09.652.820/0001-32
06/09/2020;06/09/2020 20:45:00;ESCAPE FROM PRETORIA;FUGA DE PRETÓRIA;E2000249400000;ORIGINAL;SIM;ÁFRICA DO SUL;5005149;CINÉPOLIS MILLENNIUM - SALA 1;0;6000024;17266;30116;MANAUS;AM;CINEPOLIS OPERADORA DE CINEMAS DO BRASIL LTDA;09.652.820/0001-32
06/09/2020;06/09/2020 20:45:00;Eventos Esportivos;;G0000000000001;DUBLADO;NÃO;;5005308;CINEFLIX VÁRZEA GRANDE SHOPPING - SALA 5;4;6000014;24534;31101;VÁRZEA GRANDE;MT;REDECINE BSB CINEMATOGRÁFICA LTDA;18.087.870/0001-05
06/09/2020;06/09/2020 20:45:00;QUEEN OF SPADES: THROUGH THE LOOKING GLASS;A MALDIÇÃO DO ESPELHO;E1900574500000;DUBLADO;NÃO;RÚSSIA;5005098;CINÉPOLIS SÃO GONÇALO SHOPPING - SALA 7;9;6000024;17266;30088;SÃO GONÇALO;RJ;CINEPOLIS OPERADORA DE CINEMAS DO BRASIL LTDA;09.652.820/0001-32
06/09/2020;06/09/2020 20:45:00;SPLIT;FRAGMENTADO;E1600764000000;ORIGINAL;SIM;ESTADOS UNIDOS;5006619;DRIVE - GYN SERRA DOURADA 03;7;6000039;45898;46312;GOIÂNIA;GO;DRIVE-GYN ENTRETENIMENTO LTDA;37.109.882/0001-38
06/09/2020;06/09/2020 20:45:00;THE AVENGERS;THE AVENGERS: OS VINGADORES;E1500275200000;DUBLADO;NÃO;ESTADOS UNIDOS;5002428;CINE WEST SALA 01;4;;14882;14883;CASCAVEL;PR;WEST SIDE SHOPPING CENTER LTDA;68.761.170/0001-22
06/09/2020;06/09/2020 20:45:00;THE SECRET: DARE TO DREAM;O SEGREDO: OUSE SONHAR;E2000080600000;DUBLADO;NÃO;ESTADOS UNIDOS;5005159;CINÉPOLIS MANAUS PLAZA - SALA 3;4;6000024;17266;30118;MANAUS;AM;CINEPOLIS OPERADORA DE CINEMAS DO BRASIL LTDA;09.652.820/0001-32
06/09/2020;06/09/2020 20:45:00;THE SECRET: DARE TO DREAM;O SEGREDO: OUSE SONHAR;E2000080600000;ORIGINAL;SIM;ESTADOS UNIDOS;5004372;SALA CINEPOLIS PONTA NEGRA 09 TRADICIONAL;2;6000024;17266;25193;MANAUS;AM;CINEPOLIS OPERADORA DE CINEMAS DO BRASIL LTDA;09.652.820/0001-32
06/09/2020;06/09/2020 20:45:01;BACK TO THE FUTURE;DE VOLTA PARA O FUTURO;E1402513800000;DUBLADO;NÃO;ESTADOS UNIDOS;5006381;ALFENAS SALA 3;2;6000008;15833;44017;ALFENAS;MG;CINE A LTDA;10.894.937/0001-01
06/09/2020;06/09/2020 20:45:01;BACK TO THE FUTURE;DE VOLTA PARA O FUTURO;E1402513800000;DUBLADO;NÃO;ESTADOS UNIDOS;5005617;CINE A ALTAMIRA SALA 01;3;6000008;28464;33426;ALTAMIRA;PA;CINE A MARABA LTDA;21.160.773/0001-05
06/09/2020;06/09/2020 20:50:00;ESCAPE FROM PRETORIA;FUGA DE PRETÓRIA;E2000249400000;DUBLADO;NÃO;ÁFRICA DO SUL;5005304;CINEFLIX VÁRZEA GRANDE SHOPPING - SALA 1;4;6000014;24534;31101;VÁRZEA GRANDE;MT;REDECINE BSB CINEMATOGRÁFICA LTDA;18.087.870/0001-05
06/09/2020;06/09/2020 20:50:00;HARRY POTTER AND THE PHILOSOPHER'S STONE;HARRY POTTER E A PEDRA FILOSOFAL;E1500138600000;ORIGINAL;SIM;ESTADOS UNIDOS;5002427;CINE WEST SALA 02;6;;14882;14883;CASCAVEL;PR;WEST SIDE SHOPPING CENTER LTDA;68.761.170/0001-22
06/09/2020;06/09/2020 20:50:00;THE GENTLEMEN;MAGNATAS DO CRIME;E2000005600000;DUBLADO;NÃO;ESTADOS UNIDOS;5000163;NORTH SHOPPING 4;13;6000037;1991;2414;FORTALEZA;CE;EMPRESA CINEMAS SÃO LUIZ S/A;33.497.660/0001-89
06/09/2020;06/09/2020 20:50:00;THE SECRET: DARE TO DREAM;O SEGREDO: OUSE SONHAR;E2000080600000;DUBLADO;NÃO;ESTADOS UNIDOS;5000081;KINOPLEX AMAZONAS SALA 03;19;6000037;1991;2393;MANAUS;AM;EMPRESA CINEMAS SÃO LUIZ S/A;33.497.660/0001-89
06/09/2020;06/09/2020 20:50:00;TRÊS VERÕES;;B1900410500000;ORIGINAL;NÃO;FRANÇA;5006580;CINESYSTEM MORUMBI TOWN DRIVE-IN;36;6000027;22546;34941;SÃO PAULO;SP;REDECINE BRA CINEMATOGRÁFICA S.A.;15.422.993/0001-67
06/09/2020;06/09/2020 20:55:00;ESCAPE FROM PRETORIA;FUGA DE PRETÓRIA;E2000249400000;DUBLADO;NÃO;ÁFRICA DO SUL;5005981;CINESYSTEM ANANINDEUA SALA 07;10;6000027;22546;38898;ANANINDEUA;PA;REDECINE BRA CINEMATOGRÁFICA S.A.;15.422.993/0001-67
06/09/2020;06/09/2020 20:55:00;THE EXORCIST;O EXORCISTA;E1500099900000;ORIGINAL;SIM;ESTADOS UNIDOS;5006356;MULTICINE IANDE SHOPPING 1;0;6000045;5935;43968;CAUCAIA;CE;MULTICINE CINEMAS LTDA;07.609.246/0001-04
06/09/2020;06/09/2020 21:00:00;BLACK PANTHER;PANTERA NEGRA;E1700512400000;DUBLADO;NÃO;ESTADOS UNIDOS;5006463;GRUPOCINE EUSÉBIO 03;12;6000034;44276;44457;EUSÉBIO;CE;EMPRESA CINEMATOGRAFICA BOMBOCINE LTDA;21.298.337/0001-05
06/09/2020;06/09/2020 21:00:00;EL ROBO DEL SIGLO;O ROUBO DO SÉCULO;E2000030900000;DUBLADO;NÃO;ARGENTINA;5006620;CINEMAIS MONTES CLAROS DRIVE IN;2;6000017;2892;23844;MONTES CLAROS;MG;CINEMAIS CINEMAS LTDA;03.868.869/0001-40
06/09/2020;06/09/2020 21:00:00;ESCAPE FROM PRETORIA;FUGA DE PRETÓRIA;E2000249400000;ORIGINAL;SIM;ÁFRICA DO SUL;5004366;SALA CINEPOLIS PONTA NEGRA 03 VIP;6;6000024;17266;25193;MANAUS;AM;CINEPOLIS OPERADORA DE CINEMAS DO BRASIL LTDA;09.652.820/0001-32
06/09/2020;06/09/2020 21:00:00;JUST MERCY;LUTA POR JUSTIÇA;E1900587300000;DUBLADO;NÃO;ESTADOS UNIDOS;5006625;CINE GOLDEN - DRIVE IN;6;6000141;45886;46420;JEQUIÉ;BA;GF ANDRADE ENTRETENIMENTO E COMÉRCIO LTDA;23.200.362/0001-21
06/09/2020;06/09/2020 21:00:00;MINHA MÃE É UMA PEÇA 3;;B1900576900000;ORIGINAL;NÃO;BRASIL;5006579;CINESYSTEM BRÁS DRIVE-IN;11;6000027;22546;34941;SÃO PAULO;SP;REDECINE BRA CINEMATOGRÁFICA S.A.;15.422.993/0001-67
06/09/2020;06/09/2020 21:00:00;QUEEN OF SPADES: THROUGH THE LOOKING GLASS;A MALDIÇÃO DO ESPELHO;E1900574500000;DUBLADO;NÃO;RÚSSIA;5005965;CINE SUL SALA 01;2;6000121;38751;38752;MEDIANEIRA;PR;L N DA ROCHA & CIA LTDA - ME;29.099.414/0001-00
06/09/2020;06/09/2020 21:00:00;QUEEN OF SPADES: THROUGH THE LOOKING GLASS;A MALDIÇÃO DO ESPELHO;E1900574500000;DUBLADO;NÃO;RÚSSIA;5005694;CINEPOLIS RIOMAR KENNEDY - SALA 03;18;6000024;17266;34309;FORTALEZA;CE;CINEPOLIS OPERADORA DE CINEMAS DO BRASIL LTDA;09.652.820/0001-32
06/09/2020;06/09/2020 21:00:00;QUEEN OF SPADES: THROUGH THE LOOKING GLASS;A MALDIÇÃO DO ESPELHO;E1900574500000;DUBLADO;NÃO;RÚSSIA;5005157;CINÉPOLIS MANAUS PLAZA - SALA 1;12;6000024;17266;30118;MANAUS;AM;CINEPOLIS OPERADORA DE CINEMAS DO BRASIL LTDA;09.652.820/0001-32
06/09/2020;06/09/2020 21:00:00;QUEEN OF SPADES: THROUGH THE LOOKING GLASS;A MALDIÇÃO DO ESPELHO;E1900574500000;DUBLADO;NÃO;RÚSSIA;5002256;MOVIECOM PATIO BELÉM 3;6;6000100;2897;13915;BELÉM;PA;MOVIE CINEMAS LTDA;04.708.972/0001-96
06/09/2020;06/09/2020 21:00:00;QUEEN OF SPADES: THROUGH THE LOOKING GLASS;A MALDIÇÃO DO ESPELHO;E1900574500000;DUBLADO;NÃO;RÚSSIA;5002938;SALA 04;10;6000024;17266;17763;BELÉM;PA;CINEPOLIS OPERADORA DE CINEMAS DO BRASIL LTDA;09.652.820/0001-32
06/09/2020;06/09/2020 21:00:00;QUEEN OF SPADES: THROUGH THE LOOKING GLASS;A MALDIÇÃO DO ESPELHO;E1900574500000;DUBLADO;NÃO;RÚSSIA;5002726;SALA CINE PLAYARTE MANAUARA 06;27;6000049;260;16356;MANAUS;AM;PLAYARTE CINEMAS LTDA.;60.434.149/0001-00
06/09/2020;06/09/2020 21:00:00;THE SECRET: DARE TO DREAM;O SEGREDO: OUSE SONHAR;E2000080600000;DUBLADO;NÃO;ESTADOS UNIDOS;5005309;CINEFLIX VÁRZEA GRANDE SHOPPING - SALA 6;5;6000014;24534;31101;VÁRZEA GRANDE;MT;REDECINE BSB CINEMATOGRÁFICA LTDA;18.087.870/0001-05
06/09/2020;06/09/2020 21:00:00;THE SECRET: DARE TO DREAM;O SEGREDO: OUSE SONHAR;E2000080600000;DUBLADO;NÃO;ESTADOS UNIDOS;5003487;SALA PQ.BELEM 06;3;6000024;17266;21616;BELÉM;PA;CINEPOLIS OPERADORA DE CINEMAS DO BRASIL LTDA;09.652.820/0001-32
06/09/2020;06/09/2020 21:00:00;WONDER WOMAN;MULHER-MARAVILHA;E1700197900000;DUBLADO;NÃO;ESTADOS UNIDOS;5004882;CIRCUITO CINEMAS PBAS- SALA 04;7;6000028;15568;27873;PARAUAPEBAS;PA;CIRCUITO ENTRETENIMENTO E CINEMAS LTDA;08.068.712/0001-54
06/09/2020;06/09/2020 21:00:00;WONDER WOMAN;MULHER-MARAVILHA;E1700197900000;DUBLADO;NÃO;ESTADOS UNIDOS;5006410;GRUPOCINE ITAPETININGA 02;4;6000034;44276;44287;ITAPETININGA;SP;EMPRESA CINEMATOGRAFICA BOMBOCINE LTDA;21.298.337/0001-05
06/09/2020;06/09/2020 21:00:00;WONDER WOMAN;MULHER-MARAVILHA;E1700197900000;DUBLADO;NÃO;ESTADOS UNIDOS;5006415;GRUPOCINE MARANGUAPE 02;0;6000034;44276;44288;MARANGUAPE;CE;EMPRESA CINEMATOGRAFICA BOMBOCINE LTDA;21.298.337/0001-05
06/09/2020;06/09/2020 21:00:00;WONDER WOMAN;MULHER-MARAVILHA;E1700197900000;DUBLADO;NÃO;ESTADOS UNIDOS;5006383;GRUPOCINE SANTA ISABEL 01;0;6000034;44276;44277;SANTA ISABEL;SP;EMPRESA CINEMATOGRAFICA BOMBOCINE LTDA;21.298.337/0001-05
06/09/2020;06/09/2020 21:00:01;PORNO PARA PRINCIPIANTES;;B1900435600000;ORIGINAL;SIM;ARGENTINA;5006617;DRIVE - GYN SERRA DOURADA 01;2;6000039;45898;46312;GOIÂNIA;GO;DRIVE-GYN ENTRETENIMENTO LTDA;37.109.882/0001-38
06/09/2020;06/09/2020 21:05:00;WONDER WOMAN;MULHER-MARAVILHA;E1700197900000;DUBLADO;NÃO;ESTADOS UNIDOS;5005751;CINE WEST SALA 03;2;;14882;14883;CASCAVEL;PR;WEST SIDE SHOPPING CENTER LTDA;68.761.170/0001-22
06/09/2020;06/09/2020 21:10:00;BLACK PANTHER;PANTERA NEGRA;E1700512400000;DUBLADO;NÃO;ESTADOS UNIDOS;5006414;GRUPOCINE MARANGUAPE 01;0;6000034;44276;44288;MARANGUAPE;CE;EMPRESA CINEMATOGRAFICA BOMBOCINE LTDA;21.298.337/0001-05
06/09/2020;06/09/2020 21:10:00;EL ROBO DEL SIGLO;O ROUBO DO SÉCULO;E2000030900000;DUBLADO;NÃO;ARGENTINA;5006412;GRUPOCINE ITAPETININGA 04;2;6000034;44276;44287;ITAPETININGA;SP;EMPRESA CINEMATOGRAFICA BOMBOCINE LTDA;21.298.337/0001-05
06/09/2020;06/09/2020 21:10:00;JOKER;CORINGA;E1900357300000;DUBLADO;NÃO;CANADÁ;5006494;CINE INTER SANTA INES 02;9;6000140;44834;44835;SANTA INÊS;MA;CINEINTER EXIBICOES CINEMATOGRAFICAS LTDA;35.477.354/0001-06
06/09/2020;06/09/2020 21:10:00;QUEEN OF SPADES: THROUGH THE LOOKING GLASS;A MALDIÇÃO DO ESPELHO;E1900574500000;DUBLADO;NÃO;RÚSSIA;5005977;CINESYSTEM ANANINDEUA SALA 03;15;6000027;22546;38898;ANANINDEUA;PA;REDECINE BRA CINEMATOGRÁFICA S.A.;15.422.993/0001-67
06/09/2020;06/09/2020 21:10:00;QUEEN OF SPADES: THROUGH THE LOOKING GLASS;A MALDIÇÃO DO ESPELHO;E1900574500000;DUBLADO;NÃO;RÚSSIA;5005958;MOBI CINE REDENÇÃO SALA 3;5;6000040;28561;38513;REDENÇÃO;PA;C A VIEIRA LEMOS E CIA LTDA;20.334.881/0001-94
06/09/2020;06/09/2020 21:10:00;QUEEN OF SPADES: THROUGH THE LOOKING GLASS;A MALDIÇÃO DO ESPELHO;E1900574500000;DUBLADO;NÃO;RÚSSIA;5000164;NORTH SHOPPING 5;42;6000037;1991;2414;FORTALEZA;CE;EMPRESA CINEMAS SÃO LUIZ S/A;33.497.660/0001-89
06/09/2020;06/09/2020 21:10:00;THE GENTLEMEN;MAGNATAS DO CRIME;E2000005600000;DUBLADO;NÃO;ESTADOS UNIDOS;5000079;KINOPLEX AMAZONAS SALA 01;24;6000037;1991;2393;MANAUS;AM;EMPRESA CINEMAS SÃO LUIZ S/A;33.497.660/0001-89
06/09/2020;06/09/2020 21:10:00;THE SECRET: DARE TO DREAM;O SEGREDO: OUSE SONHAR;E2000080600000;DUBLADO;NÃO;ESTADOS UNIDOS;5005929;MOBI CINE AÇAILÂNDIA SALA 01;3;6000040;38236;38237;AÇAILÂNDIA;MA;C A V LEMOS E CIA LTDA - ME;14.717.191/0001-11
06/09/2020;06/09/2020 21:10:00;THE SECRET: DARE TO DREAM;O SEGREDO: OUSE SONHAR;E2000080600000;DUBLADO;NÃO;ESTADOS UNIDOS;5002257;MOVIECOM PATIO BELÉM 2;0;6000100;2897;13915;BELÉM;PA;MOVIE CINEMAS LTDA;04.708.972/0001-96
06/09/2020;06/09/2020 21:10:01;EL ROBO DEL SIGLO;O ROUBO DO SÉCULO;E2000030900000;DUBLADO;NÃO;ARGENTINA;5006464;GRUPOCINE EUSÉBIO 04;7;6000034;44276;44457;EUSÉBIO;CE;EMPRESA CINEMATOGRAFICA BOMBOCINE LTDA;21.298.337/0001-05
06/09/2020;06/09/2020 21:10:01;JOHN WICK 3: PARABELLUM;JOHN WICK 3: PARABELLUM;E1900126300000;DUBLADO;NÃO;ESTADOS UNIDOS;5006574;DRIVE IN CINEART ALPHAVILLE;20;6000013;437;45925;NOVA LIMA;MG;DELTA FILMES LTDA;01.735.159/0001-17
06/09/2020;06/09/2020 21:15:00;EL ROBO DEL SIGLO;O ROUBO DO SÉCULO;E2000030900000;ORIGINAL;SIM;ARGENTINA;5006365;ALFENAS SALA 2;2;6000008;15833;44017;ALFENAS;MG;CINE A LTDA;10.894.937/0001-01
06/09/2020;06/09/2020 21:15:00;EL ROBO DEL SIGLO;O ROUBO DO SÉCULO;E2000030900000;ORIGINAL;SIM;ARGENTINA;5006618;DRIVE - GYN SERRA DOURADA 02;16;6000039;45898;46312;GOIÂNIA;GO;DRIVE-GYN ENTRETENIMENTO LTDA;37.109.882/0001-38
06/09/2020;06/09/2020 21:15:00;WONDER WOMAN;MULHER-MARAVILHA;E1700197900000;DUBLADO;NÃO;ESTADOS UNIDOS;5006461;GRUPOCINE EUSÉBIO 01;0;6000034;44276;44457;EUSÉBIO;CE;EMPRESA CINEMATOGRAFICA BOMBOCINE LTDA;21.298.337/0001-05
06/09/2020;06/09/2020 21:15:01;BLACK PANTHER;PANTERA NEGRA;E1700512400000;DUBLADO;NÃO;ESTADOS UNIDOS;5006413;GRUPOCINE ITAPETININGA 05;4;6000034;44276;44287;ITAPETININGA;SP;EMPRESA CINEMATOGRAFICA BOMBOCINE LTDA;21.298.337/0001-05
06/09/2020;06/09/2020 21:15:01;EL ROBO DEL SIGLO;O ROUBO DO SÉCULO;E2000030900000;ORIGINAL;SIM;ARGENTINA;5006072;CINE A ALTAMIRA SALA 02;1;6000008;28464;33426;ALTAMIRA;PA;CINE A MARABA LTDA;21.160.773/0001-05
06/09/2020;06/09/2020 21:20:00;BAD BOYS 3;BAD BOYS 3;E1500757400000;DUBLADO;NÃO;ESTADOS UNIDOS;5005957;MOBI CINE REDENÇÃO SALA 2;3;6000040;28561;38513;REDENÇÃO;PA;C A VIEIRA LEMOS E CIA LTDA;20.334.881/0001-94
06/09/2020;06/09/2020 21:20:00;EL ROBO DEL SIGLO;O ROUBO DO SÉCULO;E2000030900000;DUBLADO;NÃO;ARGENTINA;5006416;GRUPOCINE MARANGUAPE 03;5;6000034;44276;44288;MARANGUAPE;CE;EMPRESA CINEMATOGRAFICA BOMBOCINE LTDA;21.298.337/0001-05
06/09/2020;06/09/2020 21:20:00;Mostras e Festivais;;G0000000000004;DUBLADO;NÃO;;5001503;MOVIECOM CASTANHEIRA 6;2;6000100;2897;2896;BELÉM;PA;MOVIE CINEMAS LTDA;04.708.972/0001-96
06/09/2020;06/09/2020 21:20:00;QUEEN OF SPADES: THROUGH THE LOOKING GLASS;A MALDIÇÃO DO ESPELHO;E1900574500000;DUBLADO;NÃO;RÚSSIA;5000080;KINOPLEX AMAZONAS SALA 02;25;6000037;1991;2393;MANAUS;AM;EMPRESA CINEMAS SÃO LUIZ S/A;33.497.660/0001-89
06/09/2020;06/09/2020 21:20:00;THE SECRET: DARE TO DREAM;O SEGREDO: OUSE SONHAR;E2000080600000;DUBLADO;NÃO;ESTADOS UNIDOS;5006358;MULTICINE IANDE SHOPPING 3;0;6000045;5935;43968;CAUCAIA;CE;MULTICINE CINEMAS LTDA;07.609.246/0001-04
06/09/2020;06/09/2020 21:25:00;BLOODSHOT;BLOODSHOT;E1900579400000;DUBLADO;NÃO;ESTADOS UNIDOS;5005930;MOBI CINE AÇAILÂNDIA SALA 02;15;6000040;38236;38237;AÇAILÂNDIA;MA;C A V LEMOS E CIA LTDA - ME;14.717.191/0001-11
06/09/2020;06/09/2020 21:25:00;JUSTICE LEAGUE;LIGA DA JUSTIÇA;E1700482600000;DUBLADO;NÃO;ESTADOS UNIDOS;5006586;MULTICINE DRIVE IN - CIDADE JARDIM;8;6000045;5935;30736;GOIÂNIA;GO;MULTICINE CINEMAS LTDA;07.609.246/0001-04
06/09/2020;06/09/2020 21:30:00;ESCAPE FROM PRETORIA;FUGA DE PRETÓRIA;E2000249400000;DUBLADO;NÃO;ÁFRICA DO SUL;5004822;KINOPLEX AMAZONAS SALA 04;7;6000037;1991;2393;MANAUS;AM;EMPRESA CINEMAS SÃO LUIZ S/A;33.497.660/0001-89
06/09/2020;06/09/2020 21:30:00;Eventos Esportivos;;G0000000000001;DUBLADO;NÃO;;5005722;CINEFLIX VALPARAISO SALA 05;6;6000014;24534;34628;VALPARAÍSO DE GOIÁS;GO;REDECINE BSB CINEMATOGRÁFICA LTDA;18.087.870/0001-05
06/09/2020;06/09/2020 21:30:00;FAST & FURIOUS PRESENTS: HOBBS & SHAW;VELOZES & FURIOSOS: HOBBS & SHAW;E1900264000000;DUBLADO;NÃO;ESTADOS UNIDOS;5006623;CINEPLUS AUTOCINE SHOW DRIVE-IN;4;6000023;12893;46385;COLOMBO;PR;ESTILO PRODUÇÕES ARTISTICAS LTDA;03.293.165/0001-97
06/09/2020;06/09/2020 21:30:00;GOODFELLAS;OS BONS COMPANHEIROS;E1500096400000;ORIGINAL;SIM;ESTADOS UNIDOS;5002564;CINE CATARATAS 1;2;;15565;15566;FOZ DO IGUAÇU;PR;CINE CATARATAS LTDA;09.010.219/0001-46
06/09/2020;06/09/2020 21:30:00;HARRY POTTER AND THE SORCERER'S STONE;HARRY POTTER AND THE SORCERER'S STONE;E1900440700000;ORIGINAL;SIM;ESTADOS UNIDOS;5005975;CINESYSTEM ANANINDEUA SALA 01;10;6000027;22546;38898;ANANINDEUA;PA;REDECINE BRA CINEMATOGRÁFICA S.A.;15.422.993/0001-67
06/09/2020;06/09/2020 21:30:00;JOKER;CORINGA;E1900357300000;DUBLADO;NÃO;CANADÁ;5006606;CINE CAVALIERE ORLANDI DRIVE IN;5;;15009;15010;SOCORRO;SP;ORLANDI MARCHESE LTDA - ME;03.091.068/0001-11
06/09/2020;06/09/2020 21:30:00;MARY;A POSSESSÃO DE MARY;E1900534600000;DUBLADO;NÃO;ESTADOS UNIDOS;5006493;CINE INTER SANTA INES 01;13;6000140;44834;44835;SANTA INÊS;MA;CINEINTER EXIBICOES CINEMATOGRAFICAS LTDA;35.477.354/0001-06
06/09/2020;06/09/2020 21:30:00;QUEEN OF SPADES: THROUGH THE LOOKING GLASS;A MALDIÇÃO DO ESPELHO;E1900574500000;DUBLADO;NÃO;RÚSSIA;5001498;MOVIECOM CASTANHEIRA 3;4;6000100;2897;2896;BELÉM;PA;MOVIE CINEMAS LTDA;04.708.972/0001-96
06/09/2020;06/09/2020 21:30:00;QUEEN OF SPADES: THROUGH THE LOOKING GLASS;A MALDIÇÃO DO ESPELHO;E1900574500000;DUBLADO;NÃO;RÚSSIA;5004472;SALA CINEPOLIS NORTH SHOPPING JOQUEI 02;6;6000024;17266;25960;FORTALEZA;CE;CINEPOLIS OPERADORA DE CINEMAS DO BRASIL LTDA;09.652.820/0001-32
06/09/2020;06/09/2020 21:30:00;QUEEN OF SPADES: THROUGH THE LOOKING GLASS;A MALDIÇÃO DO ESPELHO;E1900574500000;DUBLADO;NÃO;RÚSSIA;5003483;SALA PQ.BELEM 02;8;6000024;17266;21616;BELÉM;PA;CINEPOLIS OPERADORA DE CINEMAS DO BRASIL LTDA;09.652.820/0001-32
06/09/2020;06/09/2020 21:30:00;THE CONJURING;INVOCAÇÃO DO MAL;E1500097000000;DUBLADO;NÃO;ESTADOS UNIDOS;5006384;GRUPOCINE SANTA ISABEL 02;7;6000034;44276;44277;SANTA ISABEL;SP;EMPRESA CINEMATOGRAFICA BOMBOCINE LTDA;21.298.337/0001-05
06/09/2020;06/09/2020 21:30:00;THE FATE OF THE FURIOUS;VELOZES E FURIOSOS 8;E1700045600000;DUBLADO;NÃO;FRANÇA;5006595;CENTERPLEX ESTAÇÃO ATIBAIA DRIVE-IN;8;6000006;2836;2843;ATIBAIA;SP;EMPRESA SAO LUIZ DE CINEMAS LTDA - EM RECUPERACAO JUDICIAL;52.067.071/0001-05
06/09/2020;06/09/2020 21:30:00;THE SECRET: DARE TO DREAM;O SEGREDO: OUSE SONHAR;E2000080600000;DUBLADO;NÃO;ESTADOS UNIDOS;5004879;CIRCUITO CINEMAS PBAS- SALA 01;0;6000028;15568;27873;PARAUAPEBAS;PA;CIRCUITO ENTRETENIMENTO E CINEMAS LTDA;08.068.712/0001-54
06/09/2020;06/09/2020 21:30:00;TWILIGHT;CREPÚSCULO;E1600635500000;DUBLADO;NÃO;ESTADOS UNIDOS;5006462;GRUPOCINE EUSÉBIO 02;0;6000034;44276;44457;EUSÉBIO;CE;EMPRESA CINEMATOGRAFICA BOMBOCINE LTDA;21.298.337/0001-05
06/09/2020;06/09/2020 21:30:00;TWILIGHT;CREPÚSCULO;E1600635500000;DUBLADO;NÃO;ESTADOS UNIDOS;5006411;GRUPOCINE ITAPETININGA 03;5;6000034;44276;44287;ITAPETININGA;SP;EMPRESA CINEMATOGRAFICA BOMBOCINE LTDA;21.298.337/0001-05
06/09/2020;06/09/2020 21:30:01;AQUAMAN;AQUAMAN;E1800433400000;DUBLADO;NÃO;ESTADOS UNIDOS;5006591;DRIVE IN SHOPPING VILLA LOBOS;20;6000006;2872;46069;SÃO PAULO;SP;EMPRESA CENTERPLEX DE CINEMAS LTDA;00.812.310/0001-00
06/09/2020;06/09/2020 21:35:00;JEXI;JEXI, UM CELULAR SEM FILTRO;E1900567700000;DUBLADO;NÃO;ESTADOS UNIDOS;5006605;MULTICINE MOSSORÓ DRIVE IN;3;6000045;5935;17881;MOSSORÓ;RN;MULTICINE CINEMAS LTDA;07.609.246/0001-04
06/09/2020;06/09/2020 21:40:00;21 BRIDGES;CRIME SEM SAÍDA;E1900482200000;DUBLADO;NÃO;ESTADOS UNIDOS;5005979;CINESYSTEM ANANINDEUA SALA 05;2;6000027;22546;38898;ANANINDEUA;PA;REDECINE BRA CINEMATOGRÁFICA S.A.;15.422.993/0001-67
06/09/2020;06/09/2020 21:45:00;EL ROBO DEL SIGLO;O ROUBO DO SÉCULO;E2000030900000;ORIGINAL;SIM;ARGENTINA;5002255;MOVIECOM PATIO BELÉM 1;0;6000100;2897;13915;BELÉM;PA;MOVIE CINEMAS LTDA;04.708.972/0001-96
06/09/2020;06/09/2020 21:50:00;THE SECRET: DARE TO DREAM;O SEGREDO: OUSE SONHAR;E2000080600000;DUBLADO;NÃO;ESTADOS UNIDOS;5001505;MOVIECOM CASTANHEIRA 7;0;6000100;2897;2896;BELÉM;PA;MOVIE CINEMAS LTDA;04.708.972/0001-96
06/09/2020;06/09/2020 21:55:00;EL ROBO DEL SIGLO;O ROUBO DO SÉCULO;E2000030900000;ORIGINAL;SIM;ARGENTINA;5005978;CINESYSTEM ANANINDEUA SALA 04;0;6000027;22546;38898;ANANINDEUA;PA;REDECINE BRA CINEMATOGRÁFICA S.A.;15.422.993/0001-67
06/09/2020;06/09/2020 22:00:00;Eventos Esportivos;;G0000000000001;DUBLADO;NÃO;;5005721;CINEFLIX VALPARAISO SALA 04;0;6000014;24534;34628;VALPARAÍSO DE GOIÁS;GO;REDECINE BSB CINEMATOGRÁFICA LTDA;18.087.870/0001-05
06/09/2020;06/09/2020 22:00:00;MACABRO;;B1900618000000;ORIGINAL;NÃO;BRASIL;5002102;CINE DRIVEIN;238;;5465;6715;BRASÍLIA;DF;STARK'S CINEMA E LANCHONETE LTDA.;32.917.296/0001-04
06/09/2020;06/09/2020 22:00:01;ME BEFORE YOU;COMO EU ERA ANTES DE VOCÊ;E1500875700000;DUBLADO;NÃO;ESTADOS UNIDOS;5006590;SUPER DRIVE IN;4;6000006;2872;46068;SÃO BERNARDO DO CAMPO;SP;EMPRESA CENTERPLEX DE CINEMAS LTDA;00.812.310/0001-00
06/09/2020;06/09/2020 22:25:00;O AMOR DÁ TRABALHO;;B1800029400000;ORIGINAL;NÃO;BRASIL;5006610;CINESYSTEM DRIVE-IN AEROPORTO VITÓRIA;4;6000027;22546;46257;VITÓRIA;ES;REDECINE BRA CINEMATOGRÁFICA S.A.;15.422.993/0001-67
06/09/2020;06/09/2020 22:30:00;EL ROBO DEL SIGLO;O ROUBO DO SÉCULO;E2000030900000;ORIGINAL;SIM;ARGENTINA;5006571;CINESYSTEM AMÉRICAS DRIVE-IN;0;6000027;5348;28834;RIO DE JANEIRO;RJ;REDECINE - RIO CINEMATOGRAFICA S.A.;07.524.011/0001-10
06/09/2020;06/09/2020 22:45:00;EL ROBO DEL SIGLO;O ROUBO DO SÉCULO;E2000030900000;ORIGINAL;SIM;ARGENTINA;5006580;CINESYSTEM MORUMBI TOWN DRIVE-IN;50;6000027;22546;34941;SÃO PAULO;SP;REDECINE BRA CINEMATOGRÁFICA S.A.;15.422.993/0001-67
06/09/2020;06/09/2020 23:00:00;THE FATE OF THE FURIOUS;VELOZES E FURIOSOS 8;E1700045600000;DUBLADO;NÃO;FRANÇA;5006568;CINE + ARTE XANGRI-LÁ DRIVE-IN;1;6000103;32155;45890;XANGRI-LÁ;RS;EWERTON LUIS DE SOUZA BRANDOLT;23.288.683/0001-20
07/09/2020;07/09/2020 13:00:00;E.T. THE EXTRA-TERRESTRIAL;E.T. O EXTRATERRESTRE;E1402648300000;DUBLADO;NÃO;ESTADOS UNIDOS;5006349;REDECINE PINDAMONHANGABA 03;0;6000034;43781;43782;PINDAMONHANGABA;SP;REDECINE PINDAMONHANGABA CINEMAS LTDA;34.408.375/0001-07
07/09/2020;07/09/2020 13:00:00;EL ROBO DEL SIGLO;O ROUBO DO SÉCULO;E2000030900000;ORIGINAL;SIM;ARGENTINA;5004880;CIRCUITO CINEMAS PBAS- SALA 02;2;6000028;15568;27873;PARAUAPEBAS;PA;CIRCUITO ENTRETENIMENTO E CINEMAS LTDA;08.068.712/0001-54
07/09/2020;07/09/2020 13:00:00;THE MATRIX;MATRIX;E1500096600000;ORIGINAL;SIM;AUSTRÁLIA;5005338;CINEMAS BENFICA - SALA 4;32;;15690;15691;FORTALEZA;CE;CINEMAS BENFICA LTDA;07.509.597/0001-43
07/09/2020;07/09/2020 13:10:00;INSIDE OUT;DIVERTIDA MENTE;E1500351400000;DUBLADO;NÃO;ESTADOS UNIDOS;5006347;REDECINE PINDAMONHANGABA 01;7;6000034;43781;43782;PINDAMONHANGABA;SP;REDECINE PINDAMONHANGABA CINEMAS LTDA;34.408.375/0001-07
07/09/2020;07/09/2020 13:15:00;E.T. THE EXTRA-TERRESTRIAL;E.T. O EXTRATERRESTRE;E1402648300000;DUBLADO;NÃO;ESTADOS UNIDOS;5006422;GRUPOCINE ITAPECERICA 02;5;6000034;44276;44290;ITAPECERICA DA SERRA;SP;EMPRESA CINEMATOGRAFICA BOMBOCINE LTDA;21.298.337/0001-05
07/09/2020;07/09/2020 13:15:00;MINIONS;MINIONS;E1500311600000;DUBLADO;NÃO;ESTADOS UNIDOS;5006348;REDECINE PINDAMONHANGABA 02;1;6000034;43781;43782;PINDAMONHANGABA;SP;REDECINE PINDAMONHANGABA CINEMAS LTDA;34.408.375/0001-07
07/09/2020;07/09/2020 13:20:00;MINIONS;MINIONS;E1500311600000;DUBLADO;NÃO;ESTADOS UNIDOS;5006424;GRUPOCINE ITAPECERICA 04;0;6000034;44276;44290;ITAPECERICA DA SERRA;SP;EMPRESA CINEMATOGRAFICA BOMBOCINE LTDA;21.298.337/0001-05
07/09/2020;07/09/2020 13:20:00;TURMA DA MÔNICA - LAÇOS;;B1900235500000;ORIGINAL;NÃO;BRASIL;5006350;REDECINE PINDAMONHANGABA 04;0;6000034;43781;43782;PINDAMONHANGABA;SP;REDECINE PINDAMONHANGABA CINEMAS LTDA;34.408.375/0001-07
07/09/2020;07/09/2020 13:30:00;SONIC THE HEDGEHOG;SONIC - O FILME;E2000012200000;DUBLADO;NÃO;CANADÁ;5004882;CIRCUITO CINEMAS PBAS- SALA 04;18;6000028;15568;27873;PARAUAPEBAS;PA;CIRCUITO ENTRETENIMENTO E CINEMAS LTDA;08.068.712/0001-54
07/09/2020;07/09/2020 13:30:00;SPIDER-MAN: INTO THE SPIDER-VERSE;HOMEM-ARANHA NO ARANHAVERSO;E1800533700000;DUBLADO;NÃO;ESTADOS UNIDOS;5002603;CINEMAS BENFICA - SALA 1;30;;15690;15691;FORTALEZA;CE;CINEMAS BENFICA LTDA;07.509.597/0001-43
07/09/2020;07/09/2020 13:40:00;INSIDE OUT;DIVERTIDA MENTE;E1500351400000;DUBLADO;NÃO;ESTADOS UNIDOS;5006421;GRUPOCINE ITAPECERICA 01;0;6000034;44276;44290;ITAPECERICA DA SERRA;SP;EMPRESA CINEMATOGRAFICA BOMBOCINE LTDA;21.298.337/0001-05
07/09/2020;07/09/2020 13:40:00;QUEEN OF SPADES: THROUGH THE LOOKING GLASS;A MALDIÇÃO DO ESPELHO;E1900574500000;DUBLADO;NÃO;RÚSSIA;5000081;KINOPLEX AMAZONAS SALA 03;22;6000037;1991;2393;MANAUS;AM;EMPRESA CINEMAS SÃO LUIZ S/A;33.497.660/0001-89
07/09/2020;07/09/2020 13:40:00;QUEEN OF SPADES: THROUGH THE LOOKING GLASS;A MALDIÇÃO DO ESPELHO;E1900574500000;DUBLADO;NÃO;RÚSSIA;5006476;REDECINE SUMARE 05;8;6000014;5654;44547;SUMARÉ;SP;REDECINE-CPQ CINEMATOGRÁFICA LTDA;07.665.262/0001-14
07/09/2020;07/09/2020 13:50:00;BLACK PANTHER;PANTERA NEGRA;E1700512400000;DUBLADO;NÃO;ESTADOS UNIDOS;5002564;CINE CATARATAS 1;3;;15565;15566;FOZ DO IGUAÇU;PR;CINE CATARATAS LTDA;09.010.219/0001-46
07/09/2020;07/09/2020 13:50:00;Eventos Esportivos;;G0000000000001;DUBLADO;NÃO;;5006475;REDECINE SUMARE 04;8;6000014;5654;44547;SUMARÉ;SP;REDECINE-CPQ CINEMATOGRÁFICA LTDA;07.665.262/0001-14
07/09/2020;07/09/2020 13:50:00;JURASSIC WORLD: FALLEN KINGDOM;JURASSIC WORLD - REINO AMEAÇADO;E1800169900000;DUBLADO;NÃO;ESTADOS UNIDOS;5000080;KINOPLEX AMAZONAS SALA 02;17;6000037;1991;2393;MANAUS;AM;EMPRESA CINEMAS SÃO LUIZ S/A;33.497.660/0001-89
07/09/2020;07/09/2020 13:50:00;TURMA DA MÔNICA - LAÇOS;;B1900235500000;ORIGINAL;NÃO;BRASIL;5005304;CINEFLIX VÁRZEA GRANDE SHOPPING - SALA 1;2;6000014;24534;31101;VÁRZEA GRANDE;MT;REDECINE BSB CINEMATOGRÁFICA LTDA;18.087.870/0001-05
07/09/2020;07/09/2020 14:00:00;COUNTDOWN;A HORA DA SUA MORTE;E1900400200000;DUBLADO;NÃO;HOLANDA;5004822;KINOPLEX AMAZONAS SALA 04;14;6000037;1991;2393;MANAUS;AM;EMPRESA CINEMAS SÃO LUIZ S/A;33.497.660/0001-89
07/09/2020;07/09/2020 14:00:00;HARRY POTTER AND THE PHILOSOPHER'S STONE;HARRY POTTER E A PEDRA FILOSOFAL;E1500138600000;DUBLADO;NÃO;ESTADOS UNIDOS;5005966;CINE SUL SALA 02;6;6000121;38751;38752;MEDIANEIRA;PR;L N DA ROCHA & CIA LTDA - ME;29.099.414/0001-00
07/09/2020;07/09/2020 14:00:00;MINIONS;MINIONS;E1500311600000;DUBLADO;NÃO;ESTADOS UNIDOS;5002428;CINE WEST SALA 01;4;;14882;14883;CASCAVEL;PR;WEST SIDE SHOPPING CENTER LTDA;68.761.170/0001-22
07/09/2020;07/09/2020 14:00:00;ONWARD;DOIS IRMÃOS: UMA JORNADA FANTÁSTICA;E1900366400000;DUBLADO;NÃO;ESTADOS UNIDOS;5004879;CIRCUITO CINEMAS PBAS- SALA 01;19;6000028;15568;27873;PARAUAPEBAS;PA;CIRCUITO ENTRETENIMENTO E CINEMAS LTDA;08.068.712/0001-54
07/09/2020;07/09/2020 14:00:00;QUEEN OF SPADES: THROUGH THE LOOKING GLASS;A MALDIÇÃO DO ESPELHO;E1900574500000;DUBLADO;NÃO;RÚSSIA;5005722;CINEFLIX VALPARAISO SALA 05;2;6000014;24534;34628;VALPARAÍSO DE GOIÁS;GO;REDECINE BSB CINEMATOGRÁFICA LTDA;18.087.870/0001-05
07/09/2020;07/09/2020 14:00:00;SPIDER-MAN: INTO THE SPIDER-VERSE;HOMEM-ARANHA NO ARANHAVERSO;E1800533700000;DUBLADO;NÃO;ESTADOS UNIDOS;5005094;CINÉPOLIS SÃO GONÇALO SHOPPING - SALA 3;9;6000024;17266;30088;SÃO GONÇALO;RJ;CINEPOLIS OPERADORA DE CINEMAS DO BRASIL LTDA;09.652.820/0001-32
07/09/2020;07/09/2020 14:10:00;QUEEN OF SPADES: THROUGH THE LOOKING GLASS;A MALDIÇÃO DO ESPELHO;E1900574500000;DUBLADO;NÃO;RÚSSIA;5004184;CINEFLIX JK SHOPPING - SALA 1;0;6000014;24534;24535;BRASÍLIA;DF;REDECINE BSB CINEMATOGRÁFICA LTDA;18.087.870/0001-05
07/09/2020;07/09/2020 14:10:00;TURMA DA MÔNICA - LAÇOS;;B1900235500000;ORIGINAL;NÃO;BRASIL;5006423;GRUPOCINE ITAPECERICA 03;0;6000034;44276;44290;ITAPECERICA DA SERRA;SP;EMPRESA CINEMATOGRAFICA BOMBOCINE LTDA;21.298.337/0001-05
07/09/2020;07/09/2020 14:15:00;BLOODSHOT;BLOODSHOT;E1900579400000;DUBLADO;NÃO;ESTADOS UNIDOS;5005928;CENTERPLEX GRANDE CIRCULAR 05;0;6000006;38234;38235;MANAUS;AM;CINE ELI AMAZONAS CINEMAS LTDA - EM RECUPERAÇÃO JUDICIAL;28.619.116/0001-22
07/09/2020;07/09/2020 14:15:00;THE ADDAMS FAMILY;A FAMÍLIA ADDAMS;E1900349600000;DUBLADO;NÃO;CANADÁ;5005984;CINESYSTEM ANANINDEUA SALA 10;6;6000027;22546;38898;ANANINDEUA;PA;REDECINE BRA CINEMATOGRÁFICA S.A.;15.422.993/0001-67
07/09/2020;07/09/2020 14:20:00;TURMA DA MÔNICA - LAÇOS;;B1900235500000;ORIGINAL;NÃO;BRASIL;5004185;CINEFLIX JK SHOPPING - SALA 2;4;6000014;24534;24535;BRASÍLIA;DF;REDECINE BSB CINEMATOGRÁFICA LTDA;18.087.870/0001-05
07/09/2020;07/09/2020 14:25:00;BLOODSHOT;BLOODSHOT;E1900579400000;DUBLADO;NÃO;ESTADOS UNIDOS;5002727;SALA CINE PLAYARTE MANAUARA 04;29;6000049;260;16356;MANAUS;AM;PLAYARTE CINEMAS LTDA.;60.434.149/0001-00
07/09/2020;07/09/2020 14:25:00;ONWARD;DOIS IRMÃOS: UMA JORNADA FANTÁSTICA;E1900366400000;DUBLADO;NÃO;ESTADOS UNIDOS;5000164;NORTH SHOPPING 5;35;6000037;1991;2414;FORTALEZA;CE;EMPRESA CINEMAS SÃO LUIZ S/A;33.497.660/0001-89
07/09/2020;07/09/2020 14:30:00;EL ROBO DEL SIGLO;O ROUBO DO SÉCULO;E2000030900000;ORIGINAL;SIM;ARGENTINA;5006472;REDECINE SUMARE 01;0;6000014;5654;44547;SUMARÉ;SP;REDECINE-CPQ CINEMATOGRÁFICA LTDA;07.665.262/0001-14
07/09/2020;07/09/2020 14:30:00;MINIONS;MINIONS;E1500311600000;DUBLADO;NÃO;ESTADOS UNIDOS;5005975;CINESYSTEM ANANINDEUA SALA 01;14;6000027;22546;38898;ANANINDEUA;PA;REDECINE BRA CINEMATOGRÁFICA S.A.;15.422.993/0001-67
07/09/2020;07/09/2020 14:30:00;MINIONS;MINIONS;E1500311600000;DUBLADO;NÃO;ESTADOS UNIDOS;5005092;CINÉPOLIS SÃO GONÇALO SHOPPING - SALA 1;0;6000024;17266;30088;SÃO GONÇALO;RJ;CINEPOLIS OPERADORA DE CINEMAS DO BRASIL LTDA;09.652.820/0001-32
07/09/2020;07/09/2020 14:30:00;THE SECRET: DARE TO DREAM;O SEGREDO: OUSE SONHAR;E2000080600000;DUBLADO;NÃO;ESTADOS UNIDOS;5005693;CINEPOLIS RIOMAR KENNEDY - SALA 02;5;6000024;17266;34309;FORTALEZA;CE;CINEPOLIS OPERADORA DE CINEMAS DO BRASIL LTDA;09.652.820/0001-32
07/09/2020;07/09/2020 14:40:00;Eventos Esportivos;;G0000000000001;DUBLADO;NÃO;;5004186;CINEFLIX JK SHOPPING - SALA 3;2;6000014;24534;24535;BRASÍLIA;DF;REDECINE BSB CINEMATOGRÁFICA LTDA;18.087.870/0001-05
07/09/2020;07/09/2020 14:40:00;MINIONS;MINIONS;E1500311600000;DUBLADO;NÃO;ESTADOS UNIDOS;5006410;GRUPOCINE ITAPETININGA 02;2;6000034;44276;44287;ITAPETININGA;SP;EMPRESA CINEMATOGRAFICA BOMBOCINE LTDA;21.298.337/0001-05
07/09/2020;07/09/2020 14:40:00;THE LION KING;O REI LEÃO;E1900267700000;DUBLADO;NÃO;ESTADOS UNIDOS;5002721;SALA CINE PLAYARTE MANAUARA 01;18;6000049;260;16356;MANAUS;AM;PLAYARTE CINEMAS LTDA.;60.434.149/0001-00
07/09/2020;07/09/2020 14:45:00;THE SECRET: DARE TO DREAM;O SEGREDO: OUSE SONHAR;E2000080600000;DUBLADO;NÃO;ESTADOS UNIDOS;5005099;CINÉPOLIS SÃO GONÇALO SHOPPING - SALA 8;6;6000024;17266;30088;SÃO GONÇALO;RJ;CINEPOLIS OPERADORA DE CINEMAS DO BRASIL LTDA;09.652.820/0001-32
07/09/2020;07/09/2020 14:45:01;INSIDE OUT;DIVERTIDA MENTE;E1500351400000;DUBLADO;NÃO;ESTADOS UNIDOS;5006464;GRUPOCINE EUSÉBIO 04;3;6000034;44276;44457;EUSÉBIO;CE;EMPRESA CINEMATOGRAFICA BOMBOCINE LTDA;21.298.337/0001-05
07/09/2020;07/09/2020 14:50:00;MINIONS;MINIONS;E1500311600000;DUBLADO;NÃO;ESTADOS UNIDOS;5006415;GRUPOCINE MARANGUAPE 02;0;6000034;44276;44288;MARANGUAPE;CE;EMPRESA CINEMATOGRAFICA BOMBOCINE LTDA;21.298.337/0001-05
07/09/2020;07/09/2020 14:50:00;TURMA DA MÔNICA - LAÇOS;;B1900235500000;ORIGINAL;NÃO;BRASIL;5006384;GRUPOCINE SANTA ISABEL 02;0;6000034;44276;44277;SANTA ISABEL;SP;EMPRESA CINEMATOGRAFICA BOMBOCINE LTDA;21.298.337/0001-05
07/09/2020;07/09/2020 14:55:00;ESCAPE FROM PRETORIA;FUGA DE PRETÓRIA;E2000249400000;DUBLADO;NÃO;ÁFRICA DO SUL;5005981;CINESYSTEM ANANINDEUA SALA 07;5;6000027;22546;38898;ANANINDEUA;PA;REDECINE BRA CINEMATOGRÁFICA S.A.;15.422.993/0001-67
07/09/2020;07/09/2020 15:00:00;21 BRIDGES;CRIME SEM SAÍDA;E1900482200000;DUBLADO;NÃO;ESTADOS UNIDOS;5005328;UCI BRASIL - SUMAÚMA PARK SHOPPING MANAUS SALA 05;15;6000058;749;31265;MANAUS;AM;UNITED CINEMAS INTERNATIONAL BRASIL LTDA.;01.289.530/0001-64
07/09/2020;07/09/2020 15:00:00;EL ROBO DEL SIGLO;O ROUBO DO SÉCULO;E2000030900000;ORIGINAL;SIM;ARGENTINA;5005152;CINÉPOLIS MILLENNIUM - SALA 4;0;6000024;17266;30116;MANAUS;AM;CINEPOLIS OPERADORA DE CINEMAS DO BRASIL LTDA;09.652.820/0001-32
07/09/2020;07/09/2020 15:00:00;ESCAPE FROM PRETORIA;FUGA DE PRETÓRIA;E2000249400000;ORIGINAL;SIM;ÁFRICA DO SUL;5004697;SALA RIOMAR 4 -VIP;15;6000024;17266;27076;FORTALEZA;CE;CINEPOLIS OPERADORA DE CINEMAS DO BRASIL LTDA;09.652.820/0001-32
07/09/2020;07/09/2020 15:00:00;Eventos Esportivos;;G0000000000001;DUBLADO;NÃO;;5005309;CINEFLIX VÁRZEA GRANDE SHOPPING - SALA 6;7;6000014;24534;31101;VÁRZEA GRANDE;MT;REDECINE BSB CINEMATOGRÁFICA LTDA;18.087.870/0001-05
07/09/2020;07/09/2020 15:00:00;GRETEL & HANSEL (2020);MARIA E JOÃO - O CONTO DAS BRUXAS;E1900467000000;ORIGINAL;SIM;ESTADOS UNIDOS;5005426;UCI BRASIL - SHOPPING BOSQUE GRÃO PARÁ SALA 01;13;6000058;749;32026;BELÉM;PA;UNITED CINEMAS INTERNATIONAL BRASIL LTDA.;01.289.530/0001-64
07/09/2020;07/09/2020 15:00:00;MINIONS;MINIONS;E1500311600000;DUBLADO;NÃO;ESTADOS UNIDOS;5006461;GRUPOCINE EUSÉBIO 01;10;6000034;44276;44457;EUSÉBIO;CE;EMPRESA CINEMATOGRAFICA BOMBOCINE LTDA;21.298.337/0001-05
07/09/2020;07/09/2020 15:00:00;MINIONS;MINIONS;E1500311600000;DUBLADO;NÃO;ESTADOS UNIDOS;5006383;GRUPOCINE SANTA ISABEL 01;4;6000034;44276;44277;SANTA ISABEL;SP;EMPRESA CINEMATOGRAFICA BOMBOCINE LTDA;21.298.337/0001-05
07/09/2020;07/09/2020 15:00:00;Mostras e Festivais;;G0000000000004;DUBLADO;NÃO;;5000162;NORTH SHOPPING 3;14;6000037;1991;2414;FORTALEZA;CE;EMPRESA CINEMAS SÃO LUIZ S/A;33.497.660/0001-89
07/09/2020;07/09/2020 15:00:00;QUEEN OF SPADES: THROUGH THE LOOKING GLASS;A MALDIÇÃO DO ESPELHO;E1900574500000;DUBLADO;NÃO;RÚSSIA;5004472;SALA CINEPOLIS NORTH SHOPPING JOQUEI 02;11;6000024;17266;25960;FORTALEZA;CE;CINEPOLIS OPERADORA DE CINEMAS DO BRASIL LTDA;09.652.820/0001-32
07/09/2020;07/09/2020 15:00:00;QUEEN OF SPADES: THROUGH THE LOOKING GLASS;A MALDIÇÃO DO ESPELHO;E1900574500000;DUBLADO;NÃO;RÚSSIA;5004373;SALA CINEPOLIS PONTA NEGRA 10 TRADICIONAL;17;6000024;17266;25193;MANAUS;AM;CINEPOLIS OPERADORA DE CINEMAS DO BRASIL LTDA;09.652.820/0001-32
07/09/2020;07/09/2020 15:00:00;SPIDER-MAN: INTO THE SPIDER-VERSE;HOMEM-ARANHA NO ARANHAVERSO;E1800533700000;DUBLADO;NÃO;ESTADOS UNIDOS;5003488;SALA PQ.BELEM 07;3;6000024;17266;21616;BELÉM;PA;CINEPOLIS OPERADORA DE CINEMAS DO BRASIL LTDA;09.652.820/0001-32
07/09/2020;07/09/2020 15:00:00;THE SECRET: DARE TO DREAM;O SEGREDO: OUSE SONHAR;E2000080600000;DUBLADO;NÃO;ESTADOS UNIDOS;5002937;SALA 06;12;6000024;17266;17763;BELÉM;PA;CINEPOLIS OPERADORA DE CINEMAS DO BRASIL LTDA;09.652.820/0001-32
07/09/2020;07/09/2020 15:00:00;TURMA DA MÔNICA - LAÇOS;;B1900235500000;ORIGINAL;NÃO;BRASIL;5006416;GRUPOCINE MARANGUAPE 03;0;6000034;44276;44288;MARANGUAPE;CE;EMPRESA CINEMATOGRAFICA BOMBOCINE LTDA;21.298.337/0001-05
07/09/2020;07/09/2020 15:05:00;ONWARD;DOIS IRMÃOS: UMA JORNADA FANTÁSTICA;E1900366400000;DUBLADO;NÃO;ESTADOS UNIDOS;5005306;CINEFLIX VÁRZEA GRANDE SHOPPING - SALA 3;16;6000014;24534;31101;VÁRZEA GRANDE;MT;REDECINE BSB CINEMATOGRÁFICA LTDA;18.087.870/0001-05
07/09/2020;07/09/2020 15:05:00;TURMA DA MÔNICA - LAÇOS;;B1900235500000;ORIGINAL;NÃO;BRASIL;5006411;GRUPOCINE ITAPETININGA 03;0;6000034;44276;44287;ITAPETININGA;SP;EMPRESA CINEMATOGRAFICA BOMBOCINE LTDA;21.298.337/0001-05
07/09/2020;07/09/2020 15:10:00;ONWARD;DOIS IRMÃOS: UMA JORNADA FANTÁSTICA;E1900366400000;DUBLADO;NÃO;ESTADOS UNIDOS;5005979;CINESYSTEM ANANINDEUA SALA 05;22;6000027;22546;38898;ANANINDEUA;PA;REDECINE BRA CINEMATOGRÁFICA S.A.;15.422.993/0001-67
07/09/2020;07/09/2020 15:10:00;TURMA DA MÔNICA - LAÇOS;;B1900235500000;ORIGINAL;NÃO;BRASIL;5006462;GRUPOCINE EUSÉBIO 02;0;6000034;44276;44457;EUSÉBIO;CE;EMPRESA CINEMATOGRAFICA BOMBOCINE LTDA;21.298.337/0001-05
07/09/2020;07/09/2020 15:10:00;TURMA DA MÔNICA - LAÇOS;;B1900235500000;ORIGINAL;NÃO;BRASIL;5006473;REDECINE SUMARE 02;9;6000014;5654;44547;SUMARÉ;SP;REDECINE-CPQ CINEMATOGRÁFICA LTDA;07.665.262/0001-14
07/09/2020;07/09/2020 15:15:00;EL ROBO DEL SIGLO;O ROUBO DO SÉCULO;E2000030900000;ORIGINAL;SIM;ARGENTINA;5005978;CINESYSTEM ANANINDEUA SALA 04;6;6000027;22546;38898;ANANINDEUA;PA;REDECINE BRA CINEMATOGRÁFICA S.A.;15.422.993/0001-67
07/09/2020;07/09/2020 15:15:00;ESCAPE FROM PRETORIA;FUGA DE PRETÓRIA;E2000249400000;ORIGINAL;SIM;ÁFRICA DO SUL;5005149;CINÉPOLIS MILLENNIUM - SALA 1;5;6000024;17266;30116;MANAUS;AM;CINEPOLIS OPERADORA DE CINEMAS DO BRASIL LTDA;09.652.820/0001-32
07/09/2020;07/09/2020 15:15:00;Mostras e Festivais;;G0000000000004;DUBLADO;NÃO;;5006364;ALFENAS SALA 1;4;6000008;15833;44017;ALFENAS;MG;CINE A LTDA;10.894.937/0001-01
07/09/2020;07/09/2020 15:15:00;Mostras e Festivais;;G0000000000004;DUBLADO;NÃO;;5006073;CINE A ALTAMIRA SALA 03;2;6000008;28464;33426;ALTAMIRA;PA;CINE A MARABA LTDA;21.160.773/0001-05
07/09/2020;07/09/2020 15:15:00;QUEEN OF SPADES: THROUGH THE LOOKING GLASS;A MALDIÇÃO DO ESPELHO;E1900574500000;DUBLADO;NÃO;RÚSSIA;5005696;CINEPOLIS RIOMAR KENNEDY - SALA 05;14;6000024;17266;34309;FORTALEZA;CE;CINEPOLIS OPERADORA DE CINEMAS DO BRASIL LTDA;09.652.820/0001-32
07/09/2020;07/09/2020 15:20:00;ATÉ QUE A SORTE NOS SEPARE;;B1201657700000;ORIGINAL;NÃO;BRASIL;5006348;REDECINE PINDAMONHANGABA 02;0;6000034;43781;43782;PINDAMONHANGABA;SP;REDECINE PINDAMONHANGABA CINEMAS LTDA;34.408.375/0001-07
07/09/2020;07/09/2020 15:20:00;BLOODSHOT;BLOODSHOT;E1900579400000;DUBLADO;NÃO;ESTADOS UNIDOS;5000160;NORTH SHOPPING 1;32;6000037;1991;2414;FORTALEZA;CE;EMPRESA CINEMAS SÃO LUIZ S/A;33.497.660/0001-89
07/09/2020;07/09/2020 15:20:00;E.T. THE EXTRA-TERRESTRIAL;E.T. O EXTRATERRESTRE;E1402648300000;DUBLADO;NÃO;ESTADOS UNIDOS;5000079;KINOPLEX AMAZONAS SALA 01;12;6000037;1991;2393;MANAUS;AM;EMPRESA CINEMAS SÃO LUIZ S/A;33.497.660/0001-89
07/09/2020;07/09/2020 15:20:00;MINHA MÃE É UMA PEÇA;;B1301808100000;ORIGINAL;NÃO;BRASIL;5006414;GRUPOCINE MARANGUAPE 01;0;6000034;44276;44288;MARANGUAPE;CE;EMPRESA CINEMATOGRAFICA BOMBOCINE LTDA;21.298.337/0001-05
07/09/2020;07/09/2020 15:20:00;Mostras e Festivais;;G0000000000004;DUBLADO;NÃO;;5004880;CIRCUITO CINEMAS PBAS- SALA 02;17;6000028;15568;27873;PARAUAPEBAS;PA;CIRCUITO ENTRETENIMENTO E CINEMAS LTDA;08.068.712/0001-54
07/09/2020;07/09/2020 15:20:00;THE SECRET: DARE TO DREAM;O SEGREDO: OUSE SONHAR;E2000080600000;DUBLADO;NÃO;ESTADOS UNIDOS;5005305;CINEFLIX VÁRZEA GRANDE SHOPPING - SALA 2;9;6000014;24534;31101;VÁRZEA GRANDE;MT;REDECINE BSB CINEMATOGRÁFICA LTDA;18.087.870/0001-05
07/09/2020;07/09/2020 15:25:00;E.T. THE EXTRA-TERRESTRIAL;E.T. O EXTRATERRESTRE;E1402648300000;DUBLADO;NÃO;ESTADOS UNIDOS;5006347;REDECINE PINDAMONHANGABA 01;1;6000034;43781;43782;PINDAMONHANGABA;SP;REDECINE PINDAMONHANGABA CINEMAS LTDA;34.408.375/0001-07
07/09/2020;07/09/2020 15:30:00;ATÉ QUE A SORTE NOS SEPARE;;B1201657700000;ORIGINAL;NÃO;BRASIL;5006424;GRUPOCINE ITAPECERICA 04;2;6000034;44276;44290;ITAPECERICA DA SERRA;SP;EMPRESA CINEMATOGRAFICA BOMBOCINE LTDA;21.298.337/0001-05
07/09/2020;07/09/2020 15:30:00;E.T. THE EXTRA-TERRESTRIAL;E.T. O EXTRATERRESTRE;E1402648300000;DUBLADO;NÃO;ESTADOS UNIDOS;5005428;UCI BRASIL - SHOPPING BOSQUE GRÃO PARÁ SALA 03;0;6000058;749;32026;BELÉM;PA;UNITED CINEMAS INTERNATIONAL BRASIL LTDA.;01.289.530/0001-64
07/09/2020;07/09/2020 15:30:00;ESCAPE FROM PRETORIA;FUGA DE PRETÓRIA;E2000249400000;ORIGINAL;SIM;ÁFRICA DO SUL;5005095;CINÉPOLIS SÃO GONÇALO SHOPPING - SALA 4;6;6000024;17266;30088;SÃO GONÇALO;RJ;CINEPOLIS OPERADORA DE CINEMAS DO BRASIL LTDA;09.652.820/0001-32
07/09/2020;07/09/2020 15:30:00;ESCAPE FROM PRETORIA;FUGA DE PRETÓRIA;E2000249400000;DUBLADO;NÃO;ÁFRICA DO SUL;5002723;SALA CINE PLAYARTE MANAUARA 03;16;6000049;260;16356;MANAUS;AM;PLAYARTE CINEMAS LTDA.;60.434.149/0001-00
07/09/2020;07/09/2020 15:30:00;ESCAPE FROM PRETORIA;FUGA DE PRETÓRIA;E2000249400000;DUBLADO;NÃO;ÁFRICA DO SUL;5005325;UCI BRASIL - SUMAÚMA PARK SHOPPING MANAUS SALA 02;15;6000058;749;31265;MANAUS;AM;UNITED CINEMAS INTERNATIONAL BRASIL LTDA.;01.289.530/0001-64
07/09/2020;07/09/2020 15:30:00;Eventos Esportivos;;G0000000000001;DUBLADO;NÃO;;5006474;REDECINE SUMARE 03;0;6000014;5654;44547;SUMARÉ;SP;REDECINE-CPQ CINEMATOGRÁFICA LTDA;07.665.262/0001-14
07/09/2020;07/09/2020 15:30:00;INSIDE OUT;DIVERTIDA MENTE;E1500351400000;DUBLADO;NÃO;ESTADOS UNIDOS;5006356;MULTICINE IANDE SHOPPING 1;0;6000045;5935;43968;CAUCAIA;CE;MULTICINE CINEMAS LTDA;07.609.246/0001-04
07/09/2020;07/09/2020 15:30:00;INSIDE OUT;DIVERTIDA MENTE;E1500351400000;DUBLADO;NÃO;ESTADOS UNIDOS;5005274;MULTICINE SANTA MARIA SALA 05;0;6000045;5935;30733;BRASÍLIA;DF;MULTICINE CINEMAS LTDA;07.609.246/0001-04
07/09/2020;07/09/2020 15:30:00;MINHA MÃE É UMA PEÇA;;B1301808100000;ORIGINAL;NÃO;BRASIL;5006349;REDECINE PINDAMONHANGABA 03;0;6000034;43781;43782;PINDAMONHANGABA;SP;REDECINE PINDAMONHANGABA CINEMAS LTDA;34.408.375/0001-07
07/09/2020;07/09/2020 15:30:00;THE INVISIBLE MAN;O HOMEM INVISÍVEL;E1900438600000;DUBLADO;NÃO;AUSTRÁLIA;5004189;CINEFLIX JK SHOPPING - SALA 6;0;6000014;24534;24535;BRASÍLIA;DF;REDECINE BSB CINEMATOGRÁFICA LTDA;18.087.870/0001-05
07/09/2020;07/09/2020 15:30:00;THE SECRET: DARE TO DREAM;O SEGREDO: OUSE SONHAR;E2000080600000;DUBLADO;NÃO;ESTADOS UNIDOS;5005159;CINÉPOLIS MANAUS PLAZA - SALA 3;4;6000024;17266;30118;MANAUS;AM;CINEPOLIS OPERADORA DE CINEMAS DO BRASIL LTDA;09.652.820/0001-32
07/09/2020;07/09/2020 15:30:00;THE SECRET: DARE TO DREAM;O SEGREDO: OUSE SONHAR;E2000080600000;DUBLADO;NÃO;ESTADOS UNIDOS;5000161;NORTH SHOPPING 2;22;6000037;1991;2414;FORTALEZA;CE;EMPRESA CINEMAS SÃO LUIZ S/A;33.497.660/0001-89
07/09/2020;07/09/2020 15:30:00;THE SECRET: DARE TO DREAM;O SEGREDO: OUSE SONHAR;E2000080600000;DUBLADO;NÃO;ESTADOS UNIDOS;5004474;SALA CINEPOLIS NORTH SHOPPING JOQUEI 04;14;6000024;17266;25960;FORTALEZA;CE;CINEPOLIS OPERADORA DE CINEMAS DO BRASIL LTDA;09.652.820/0001-32
07/09/2020;07/09/2020 15:30:00;THE SECRET: DARE TO DREAM;O SEGREDO: OUSE SONHAR;E2000080600000;DUBLADO;NÃO;ESTADOS UNIDOS;5004372;SALA CINEPOLIS PONTA NEGRA 09 TRADICIONAL;2;6000024;17266;25193;MANAUS;AM;CINEPOLIS OPERADORA DE CINEMAS DO BRASIL LTDA;09.652.820/0001-32
07/09/2020;07/09/2020 15:35:00;BACK TO THE FUTURE;DE VOLTA PARA O FUTURO;E1402513800000;DUBLADO;NÃO;ESTADOS UNIDOS;5006350;REDECINE PINDAMONHANGABA 04;3;6000034;43781;43782;PINDAMONHANGABA;SP;REDECINE PINDAMONHANGABA CINEMAS LTDA;34.408.375/0001-07
07/09/2020;07/09/2020 15:40:00;BACK TO THE FUTURE;DE VOLTA PARA O FUTURO;E1402513800000;DUBLADO;NÃO;ESTADOS UNIDOS;5000081;KINOPLEX AMAZONAS SALA 03;22;6000037;1991;2393;MANAUS;AM;EMPRESA CINEMAS SÃO LUIZ S/A;33.497.660/0001-89
07/09/2020;07/09/2020 15:40:00;EL ROBO DEL SIGLO;O ROUBO DO SÉCULO;E2000030900000;ORIGINAL;SIM;ARGENTINA;5000163;NORTH SHOPPING 4;7;6000037;1991;2414;FORTALEZA;CE;EMPRESA CINEMAS SÃO LUIZ S/A;33.497.660/0001-89
07/09/2020;07/09/2020 15:40:00;ESCAPE FROM PRETORIA;FUGA DE PRETÓRIA;E2000249400000;DUBLADO;NÃO;ÁFRICA DO SUL;5006476;REDECINE SUMARE 05;4;6000014;5654;44547;SUMARÉ;SP;REDECINE-CPQ CINEMATOGRÁFICA LTDA;07.665.262/0001-14
07/09/2020;07/09/2020 15:40:00;GRETEL & HANSEL (2020);MARIA E JOÃO - O CONTO DAS BRUXAS;E1900467000000;DUBLADO;NÃO;ESTADOS UNIDOS;5002719;SALA CINE PLAYARTE MANAUARA 05;34;6000049;260;16356;MANAUS;AM;PLAYARTE CINEMAS LTDA.;60.434.149/0001-00
07/09/2020;07/09/2020 15:40:00;KNIVES OUT;ENTRE FACAS E SEGREDOS;E1900395500000;DUBLADO;NÃO;ESTADOS UNIDOS;5005307;CINEFLIX VÁRZEA GRANDE SHOPPING - SALA 4;4;6000014;24534;31101;VÁRZEA GRANDE;MT;REDECINE BSB CINEMATOGRÁFICA LTDA;18.087.870/0001-05
07/09/2020;07/09/2020 15:40:00;MINIONS;MINIONS;E1500311600000;DUBLADO;NÃO;ESTADOS UNIDOS;5004882;CIRCUITO CINEMAS PBAS- SALA 04;5;6000028;15568;27873;PARAUAPEBAS;PA;CIRCUITO ENTRETENIMENTO E CINEMAS LTDA;08.068.712/0001-54
07/09/2020;07/09/2020 15:40:00;QUEEN OF SPADES: THROUGH THE LOOKING GLASS;A MALDIÇÃO DO ESPELHO;E1900574500000;DUBLADO;NÃO;RÚSSIA;5005977;CINESYSTEM ANANINDEUA SALA 03;33;6000027;22546;38898;ANANINDEUA;PA;REDECINE BRA CINEMATOGRÁFICA S.A.;15.422.993/0001-67
07/09/2020;07/09/2020 15:45:00;Eventos Esportivos;;G0000000000001;DUBLADO;NÃO;;5005308;CINEFLIX VÁRZEA GRANDE SHOPPING - SALA 5;6;6000014;24534;31101;VÁRZEA GRANDE;MT;REDECINE BSB CINEMATOGRÁFICA LTDA;18.087.870/0001-05
07/09/2020;07/09/2020 15:45:00;Mostras e Festivais;;G0000000000004;ORIGINAL;NÃO;;5006381;ALFENAS SALA 3;2;6000008;15833;44017;ALFENAS;MG;CINE A LTDA;10.894.937/0001-01
07/09/2020;07/09/2020 15:45:00;Mostras e Festivais;;G0000000000004;ORIGINAL;NÃO;;5005617;CINE A ALTAMIRA SALA 01;2;6000008;28464;33426;ALTAMIRA;PA;CINE A MARABA LTDA;21.160.773/0001-05
07/09/2020;07/09/2020 15:45:00;SPIDER-MAN: INTO THE SPIDER-VERSE;HOMEM-ARANHA NO ARANHAVERSO;E1800533700000;DUBLADO;NÃO;ESTADOS UNIDOS;5002256;MOVIECOM PATIO BELÉM 3;19;6000100;2897;13915;BELÉM;PA;MOVIE CINEMAS LTDA;04.708.972/0001-96
07/09/2020;07/09/2020 15:45:00;THE SECRET: DARE TO DREAM;O SEGREDO: OUSE SONHAR;E2000080600000;DUBLADO;NÃO;ESTADOS UNIDOS;5003487;SALA PQ.BELEM 06;15;6000024;17266;21616;BELÉM;PA;CINEPOLIS OPERADORA DE CINEMAS DO BRASIL LTDA;09.652.820/0001-32
07/09/2020;07/09/2020 15:50:00;ESCAPE FROM PRETORIA;FUGA DE PRETÓRIA;E2000249400000;ORIGINAL;SIM;ÁFRICA DO SUL;5004366;SALA CINEPOLIS PONTA NEGRA 03 VIP;5;6000024;17266;25193;MANAUS;AM;CINEPOLIS OPERADORA DE CINEMAS DO BRASIL LTDA;09.652.820/0001-32
07/09/2020;07/09/2020 15:50:00;Eventos Esportivos;;G0000000000001;DUBLADO;NÃO;;5004187;CINEFLIX JK SHOPPING - SALA 4;0;6000014;24534;24535;BRASÍLIA;DF;REDECINE BSB CINEMATOGRÁFICA LTDA;18.087.870/0001-05
07/09/2020;07/09/2020 15:50:00;GET OUT;CORRA!;E1700047300000;DUBLADO;NÃO;ESTADOS UNIDOS;5006421;GRUPOCINE ITAPECERICA 01;2;6000034;44276;44290;ITAPECERICA DA SERRA;SP;EMPRESA CINEMATOGRAFICA BOMBOCINE LTDA;21.298.337/0001-05
07/09/2020;07/09/2020 15:50:00;Mostras e Festivais;;G0000000000004;DUBLADO;NÃO;;5001503;MOVIECOM CASTANHEIRA 6;43;6000100;2897;2896;BELÉM;PA;MOVIE CINEMAS LTDA;04.708.972/0001-96
07/09/2020;07/09/2020 16:00:00;Eventos Esportivos;;G0000000000001;DUBLADO;NÃO;;5005722;CINEFLIX VALPARAISO SALA 05;0;6000014;24534;34628;VALPARAÍSO DE GOIÁS;GO;REDECINE BSB CINEMATOGRÁFICA LTDA;18.087.870/0001-05
07/09/2020;07/09/2020 16:00:00;JOHN WICK 3: PARABELLUM;JOHN WICK 3: PARABELLUM;E1900126300000;DUBLADO;NÃO;ESTADOS UNIDOS;5006494;CINE INTER SANTA INES 02;1;6000140;44834;44835;SANTA INÊS;MA;CINEINTER EXIBICOES CINEMATOGRAFICAS LTDA;35.477.354/0001-06
07/09/2020;07/09/2020 16:00:00;MINHA MÃE É UMA PEÇA;;B1301808100000;ORIGINAL;NÃO;BRASIL;5006422;GRUPOCINE ITAPECERICA 02;0;6000034;44276;44290;ITAPECERICA DA SERRA;SP;EMPRESA CINEMATOGRAFICA BOMBOCINE LTDA;21.298.337/0001-05
07/09/2020;07/09/2020 16:00:00;MINIONS;MINIONS;E1500311600000;DUBLADO;NÃO;ESTADOS UNIDOS;5002428;CINE WEST SALA 01;2;;14882;14883;CASCAVEL;PR;WEST SIDE SHOPPING CENTER LTDA;68.761.170/0001-22
07/09/2020;07/09/2020 16:00:00;QUEEN OF SPADES: THROUGH THE LOOKING GLASS;A MALDIÇÃO DO ESPELHO;E1900574500000;DUBLADO;NÃO;RÚSSIA;5005694;CINEPOLIS RIOMAR KENNEDY - SALA 03;19;6000024;17266;34309;FORTALEZA;CE;CINEPOLIS OPERADORA DE CINEMAS DO BRASIL LTDA;09.652.820/0001-32
07/09/2020;07/09/2020 16:00:00;SPIES IN DISGUISE;UM ESPIÃO ANIMAL;E2000002000000;DUBLADO;NÃO;ESTADOS UNIDOS;5006554;CINEPLUS XAXIM DRIVE-IN - PLANETA DRIVE-IN;16;6000023;15673;15674;CURITIBA;PR;VITOMAQ PRODUÇÕES ARTISTICAS E CINEMA LTDA - ME;07.617.254/0001-00
07/09/2020;07/09/2020 16:00:00;THE AVENGERS: AGE OF ULTRON;VINGADORES: ERA DE ULTRON;E1500563200000;DUBLADO;NÃO;ESTADOS UNIDOS;5005721;CINEFLIX VALPARAISO SALA 04;15;6000014;24534;34628;VALPARAÍSO DE GOIÁS;GO;REDECINE BSB CINEMATOGRÁFICA LTDA;18.087.870/0001-05
07/09/2020;07/09/2020 16:00:00;THE SECRET: DARE TO DREAM;O SEGREDO: OUSE SONHAR;E2000080600000;DUBLADO;NÃO;ESTADOS UNIDOS;5001149;CINE PORTO;0;;2351;2352;UBATUBA;SP;CINEMATOGRÁFICA LITORAL NORTE LTDA-EPP;04.165.613/0001-30
07/09/2020;07/09/2020 16:00:00;THE SECRET: DARE TO DREAM;O SEGREDO: OUSE SONHAR;E2000080600000;DUBLADO;NÃO;ESTADOS UNIDOS;5004188;CINEFLIX JK SHOPPING - SALA 5;4;6000014;24534;24535;BRASÍLIA;DF;REDECINE BSB CINEMATOGRÁFICA LTDA;18.087.870/0001-05
07/09/2020;07/09/2020 16:00:00;THE SECRET: DARE TO DREAM;O SEGREDO: OUSE SONHAR;E2000080600000;DUBLADO;NÃO;ESTADOS UNIDOS;5005151;CINÉPOLIS MILLENNIUM - SALA 3;8;6000024;17266;30116;MANAUS;AM;CINEPOLIS OPERADORA DE CINEMAS DO BRASIL LTDA;09.652.820/0001-32
07/09/2020;07/09/2020 16:00:00;THE SECRET: DARE TO DREAM;O SEGREDO: OUSE SONHAR;E2000080600000;DUBLADO;NÃO;ESTADOS UNIDOS;5005327;UCI BRASIL - SUMAÚMA PARK SHOPPING MANAUS SALA 04;20;6000058;749;31265;MANAUS;AM;UNITED CINEMAS INTERNATIONAL BRASIL LTDA.;01.289.530/0001-64
07/09/2020;07/09/2020 16:00:00;WONDER WOMAN;MULHER-MARAVILHA;E1700197900000;DUBLADO;NÃO;ESTADOS UNIDOS;5006365;ALFENAS SALA 2;1;6000008;15833;44017;ALFENAS;MG;CINE A LTDA;10.894.937/0001-01
07/09/2020;07/09/2020 16:00:00;WONDER WOMAN;MULHER-MARAVILHA;E1700197900000;DUBLADO;NÃO;ESTADOS UNIDOS;5006072;CINE A ALTAMIRA SALA 02;4;6000008;28464;33426;ALTAMIRA;PA;CINE A MARABA LTDA;21.160.773/0001-05
07/09/2020;07/09/2020 16:10:00;ESCAPE FROM PRETORIA;FUGA DE PRETÓRIA;E2000249400000;DUBLADO;NÃO;ÁFRICA DO SUL;5005304;CINEFLIX VÁRZEA GRANDE SHOPPING - SALA 1;11;6000014;24534;31101;VÁRZEA GRANDE;MT;REDECINE BSB CINEMATOGRÁFICA LTDA;18.087.870/0001-05
07/09/2020;07/09/2020 16:10:00;ESCAPE FROM PRETORIA;FUGA DE PRETÓRIA;E2000249400000;DUBLADO;NÃO;ÁFRICA DO SUL;5004822;KINOPLEX AMAZONAS SALA 04;28;6000037;1991;2393;MANAUS;AM;EMPRESA CINEMAS SÃO LUIZ S/A;33.497.660/0001-89
07/09/2020;07/09/2020 16:10:00;QUEEN OF SPADES: THROUGH THE LOOKING GLASS;A MALDIÇÃO DO ESPELHO;E1900574500000;DUBLADO;NÃO;RÚSSIA;5004184;CINEFLIX JK SHOPPING - SALA 1;0;6000014;24534;24535;BRASÍLIA;DF;REDECINE BSB CINEMATOGRÁFICA LTDA;18.087.870/0001-05
07/09/2020;07/09/2020 16:10:00;QUEEN OF SPADES: THROUGH THE LOOKING GLASS;A MALDIÇÃO DO ESPELHO;E1900574500000;DUBLADO;NÃO;RÚSSIA;5005429;UCI BRASIL - SHOPPING BOSQUE GRÃO PARÁ SALA 04;21;6000058;749;32026;BELÉM;PA;UNITED CINEMAS INTERNATIONAL BRASIL LTDA.;01.289.530/0001-64
07/09/2020;07/09/2020 16:10:00;SPIDER-MAN: INTO THE SPIDER-VERSE;HOMEM-ARANHA NO ARANHAVERSO;E1800533700000;DUBLADO;NÃO;ESTADOS UNIDOS;5001498;MOVIECOM CASTANHEIRA 3;10;6000100;2897;2896;BELÉM;PA;MOVIE CINEMAS LTDA;04.708.972/0001-96
07/09/2020;07/09/2020 16:10:00;THE SECRET: DARE TO DREAM;O SEGREDO: OUSE SONHAR;E2000080600000;DUBLADO;NÃO;ESTADOS UNIDOS;5002257;MOVIECOM PATIO BELÉM 2;7;6000100;2897;13915;BELÉM;PA;MOVIE CINEMAS LTDA;04.708.972/0001-96
07/09/2020;07/09/2020 16:15:00;BACK TO THE FUTURE;DE VOLTA PARA O FUTURO;E1402513800000;DUBLADO;NÃO;ESTADOS UNIDOS;5006423;GRUPOCINE ITAPECERICA 03;2;6000034;44276;44290;ITAPECERICA DA SERRA;SP;EMPRESA CINEMATOGRAFICA BOMBOCINE LTDA;21.298.337/0001-05
07/09/2020;07/09/2020 16:15:00;E.T. THE EXTRA-TERRESTRIAL;E.T. O EXTRATERRESTRE;E1402648300000;DUBLADO;NÃO;ESTADOS UNIDOS;5005153;CINÉPOLIS MILLENNIUM - SALA 5;0;6000024;17266;30116;MANAUS;AM;CINEPOLIS OPERADORA DE CINEMAS DO BRASIL LTDA;09.652.820/0001-32
07/09/2020;07/09/2020 16:15:00;ESCAPE FROM PRETORIA;FUGA DE PRETÓRIA;E2000249400000;ORIGINAL;SIM;ÁFRICA DO SUL;5002941;SALA 02;20;6000024;17266;17763;BELÉM;PA;CINEPOLIS OPERADORA DE CINEMAS DO BRASIL LTDA;09.652.820/0001-32
07/09/2020;07/09/2020 16:15:00;HARRY POTTER AND THE PHILOSOPHER'S STONE;HARRY POTTER E A PEDRA FILOSOFAL;E1500138600000;ORIGINAL;SIM;ESTADOS UNIDOS;5002603;CINEMAS BENFICA - SALA 1;33;;15690;15691;FORTALEZA;CE;CINEMAS BENFICA LTDA;07.509.597/0001-43
07/09/2020;07/09/2020 16:15:00;HARRY POTTER AND THE PHILOSOPHER'S STONE;HARRY POTTER E A PEDRA FILOSOFAL;E1500138600000;ORIGINAL;SIM;ESTADOS UNIDOS;5006465;GRUPOCINE EUSÉBIO 05;4;6000034;44276;44457;EUSÉBIO;CE;EMPRESA CINEMATOGRAFICA BOMBOCINE LTDA;21.298.337/0001-05
07/09/2020;07/09/2020 16:15:00;MINHA MÃE É UMA PEÇA;;B1301808100000;DUBLADO;NÃO;BRASIL;5005161;CINÉPOLIS MANAUS PLAZA - SALA 5;1;6000024;17266;30118;MANAUS;AM;CINEPOLIS OPERADORA DE CINEMAS DO BRASIL LTDA;09.652.820/0001-32
07/09/2020;07/09/2020 16:15:00;QUEEN OF SPADES: THROUGH THE LOOKING GLASS;A MALDIÇÃO DO ESPELHO;E1900574500000;DUBLADO;NÃO;RÚSSIA;5005098;CINÉPOLIS SÃO GONÇALO SHOPPING - SALA 7;26;6000024;17266;30088;SÃO GONÇALO;RJ;CINEPOLIS OPERADORA DE CINEMAS DO BRASIL LTDA;09.652.820/0001-32
07/09/2020;07/09/2020 16:20:00;BLACK PANTHER;PANTERA NEGRA;E1700512400000;DUBLADO;NÃO;ESTADOS UNIDOS;5006413;GRUPOCINE ITAPETININGA 05;2;6000034;44276;44287;ITAPETININGA;SP;EMPRESA CINEMATOGRAFICA BOMBOCINE LTDA;21.298.337/0001-05
07/09/2020;07/09/2020 16:20:00;BOHEMIAN RHAPSODY;BOHEMIAN RHAPSODY;E1800251900000;ORIGINAL;SIM;ESTADOS UNIDOS;5002722;SALA CINE PLAYARTE MANAUARA 07;19;6000049;260;16356;MANAUS;AM;PLAYARTE CINEMAS LTDA.;60.434.149/0001-00
07/09/2020;07/09/2020 16:20:00;THE SECRET: DARE TO DREAM;O SEGREDO: OUSE SONHAR;E2000080600000;DUBLADO;NÃO;ESTADOS UNIDOS;5005956;MOBI CINE REDENÇÃO SALA 1;2;6000040;28561;38513;REDENÇÃO;PA;C A VIEIRA LEMOS E CIA LTDA;20.334.881/0001-94
07/09/2020;07/09/2020 16:30:00;BLOODSHOT;BLOODSHOT;E1900579400000;DUBLADO;NÃO;ESTADOS UNIDOS;5005957;MOBI CINE REDENÇÃO SALA 2;3;6000040;28561;38513;REDENÇÃO;PA;C A VIEIRA LEMOS E CIA LTDA;20.334.881/0001-94
07/09/2020;07/09/2020 16:30:00;E.T. THE EXTRA-TERRESTRIAL;E.T. O EXTRATERRESTRE;E1402648300000;DUBLADO;NÃO;ESTADOS UNIDOS;5006463;GRUPOCINE EUSÉBIO 03;2;6000034;44276;44457;EUSÉBIO;CE;EMPRESA CINEMATOGRAFICA BOMBOCINE LTDA;21.298.337/0001-05
07/09/2020;07/09/2020 16:30:00;E.T. THE EXTRA-TERRESTRIAL;E.T. O EXTRATERRESTRE;E1402648300000;DUBLADO;NÃO;ESTADOS UNIDOS;5006412;GRUPOCINE ITAPETININGA 04;3;6000034;44276;44287;ITAPETININGA;SP;EMPRESA CINEMATOGRAFICA BOMBOCINE LTDA;21.298.337/0001-05
07/09/2020;07/09/2020 16:30:00;E.T. THE EXTRA-TERRESTRIAL;E.T. O EXTRATERRESTRE;E1402648300000;DUBLADO;NÃO;ESTADOS UNIDOS;5004369;SALA CINEPOLIS PONTA NEGRA 06 TRADICIONAL;2;6000024;17266;25193;MANAUS;AM;CINEPOLIS OPERADORA DE CINEMAS DO BRASIL LTDA;09.652.820/0001-32
07/09/2020;07/09/2020 16:30:00;E.T. THE EXTRA-TERRESTRIAL;E.T. O EXTRATERRESTRE;E1402648300000;DUBLADO;NÃO;ESTADOS UNIDOS;5005329;UCI BRASIL - SUMAÚMA PARK SHOPPING MANAUS SALA 06;10;6000058;749;31265;MANAUS;AM;UNITED CINEMAS INTERNATIONAL BRASIL LTDA.;01.289.530/0001-64
07/09/2020;07/09/2020 16:30:00;EL ROBO DEL SIGLO;O ROUBO DO SÉCULO;E2000030900000;DUBLADO;NÃO;ARGENTINA;5006493;CINE INTER SANTA INES 01;4;6000140;44834;44835;SANTA INÊS;MA;CINEINTER EXIBICOES CINEMATOGRAFICAS LTDA;35.477.354/0001-06
07/09/2020;07/09/2020 16:30:00;EL ROBO DEL SIGLO;O ROUBO DO SÉCULO;E2000030900000;ORIGINAL;SIM;ARGENTINA;5000080;KINOPLEX AMAZONAS SALA 02;16;6000037;1991;2393;MANAUS;AM;EMPRESA CINEMAS SÃO LUIZ S/A;33.497.660/0001-89
07/09/2020;07/09/2020 16:30:00;HARRY POTTER AND THE SORCERER'S STONE;HARRY POTTER AND THE SORCERER'S STONE;E1900440700000;ORIGINAL;SIM;ESTADOS UNIDOS;5005150;CINÉPOLIS MILLENNIUM - SALA 2;0;6000024;17266;30116;MANAUS;AM;CINEPOLIS OPERADORA DE CINEMAS DO BRASIL LTDA;09.652.820/0001-32
07/09/2020;07/09/2020 16:30:00;MINIONS;MINIONS;E1500311600000;DUBLADO;NÃO;ESTADOS UNIDOS;5002564;CINE CATARATAS 1;10;;15565;15566;FOZ DO IGUAÇU;PR;CINE CATARATAS LTDA;09.010.219/0001-46
07/09/2020;07/09/2020 16:30:00;MINIONS;MINIONS;E1500311600000;DUBLADO;NÃO;ESTADOS UNIDOS;5005697;CINEPOLIS RIOMAR KENNEDY - SALA 06;38;6000024;17266;34309;FORTALEZA;CE;CINEPOLIS OPERADORA DE CINEMAS DO BRASIL LTDA;09.652.820/0001-32
07/09/2020;07/09/2020 16:30:00;Mostras e Festivais;;G0000000000004;DUBLADO;NÃO;;5001502;MOVIECOM CASTANHEIRA 5;26;6000100;2897;2896;BELÉM;PA;MOVIE CINEMAS LTDA;04.708.972/0001-96
07/09/2020;07/09/2020 16:30:00;Mostras e Festivais;;G0000000000004;DUBLADO;NÃO;;5002255;MOVIECOM PATIO BELÉM 1;41;6000100;2897;13915;BELÉM;PA;MOVIE CINEMAS LTDA;04.708.972/0001-96
07/09/2020;07/09/2020 16:30:00;Mostras e Festivais;;G0000000000004;DUBLADO;NÃO;;5006357;MULTICINE IANDE SHOPPING 2;12;6000045;5935;43968;CAUCAIA;CE;MULTICINE CINEMAS LTDA;07.609.246/0001-04
07/09/2020;07/09/2020 16:30:00;QUEEN OF SPADES: THROUGH THE LOOKING GLASS;A MALDIÇÃO DO ESPELHO;E1900574500000;DUBLADO;NÃO;RÚSSIA;5005157;CINÉPOLIS MANAUS PLAZA - SALA 1;2;6000024;17266;30118;MANAUS;AM;CINEPOLIS OPERADORA DE CINEMAS DO BRASIL LTDA;09.652.820/0001-32
07/09/2020;07/09/2020 16:30:00;QUEEN OF SPADES: THROUGH THE LOOKING GLASS;A MALDIÇÃO DO ESPELHO;E1900574500000;DUBLADO;NÃO;RÚSSIA;5002938;SALA 04;32;6000024;17266;17763;BELÉM;PA;CINEPOLIS OPERADORA DE CINEMAS DO BRASIL LTDA;09.652.820/0001-32
07/09/2020;07/09/2020 16:30:00;THE SECRET: DARE TO DREAM;O SEGREDO: OUSE SONHAR;E2000080600000;DUBLADO;NÃO;ESTADOS UNIDOS;5005925;CENTERPLEX GRANDE CIRCULAR 02;3;6000006;38234;38235;MANAUS;AM;CINE ELI AMAZONAS CINEMAS LTDA - EM RECUPERAÇÃO JUDICIAL;28.619.116/0001-22
07/09/2020;07/09/2020 16:30:00;THE SECRET: DARE TO DREAM;O SEGREDO: OUSE SONHAR;E2000080600000;DUBLADO;NÃO;ESTADOS UNIDOS;5004879;CIRCUITO CINEMAS PBAS- SALA 01;9;6000028;15568;27873;PARAUAPEBAS;PA;CIRCUITO ENTRETENIMENTO E CINEMAS LTDA;08.068.712/0001-54
07/09/2020;07/09/2020 16:30:00;TURMA DA MÔNICA - LAÇOS;;B1900235500000;ORIGINAL;NÃO;BRASIL;5005931;MOBI CINE AÇAILÂNDIA SALA 03;2;6000040;38236;38237;AÇAILÂNDIA;MA;C A V LEMOS E CIA LTDA - ME;14.717.191/0001-11
07/09/2020;07/09/2020 16:35:00;JUMANJI: NEXT LEVEL;JUMANJI: PROXIMA FASE;E1900458100000;DUBLADO;NÃO;ESTADOS UNIDOS;5005930;MOBI CINE AÇAILÂNDIA SALA 02;8;6000040;38236;38237;AÇAILÂNDIA;MA;C A V LEMOS E CIA LTDA - ME;14.717.191/0001-11
07/09/2020;07/09/2020 16:35:00;SONIC THE HEDGEHOG;SONIC - O FILME;E2000012200000;DUBLADO;NÃO;CANADÁ;5002726;SALA CINE PLAYARTE MANAUARA 06;42;6000049;260;16356;MANAUS;AM;PLAYARTE CINEMAS LTDA.;60.434.149/0001-00
07/09/2020;07/09/2020 16:40:00;MINIONS;MINIONS;E1500311600000;DUBLADO;NÃO;ESTADOS UNIDOS;5006410;GRUPOCINE ITAPETININGA 02;4;6000034;44276;44287;ITAPETININGA;SP;EMPRESA CINEMATOGRAFICA BOMBOCINE LTDA;21.298.337/0001-05
07/09/2020;07/09/2020 16:40:00;THE AVENGERS;THE AVENGERS: OS VINGADORES;E1500275200000;DUBLADO;NÃO;ESTADOS UNIDOS;5005338;CINEMAS BENFICA - SALA 4;33;;15690;15691;FORTALEZA;CE;CINEMAS BENFICA LTDA;07.509.597/0001-43
07/09/2020;07/09/2020 16:40:00;WONDER WOMAN;MULHER-MARAVILHA;E1700197900000;DUBLADO;NÃO;ESTADOS UNIDOS;5005984;CINESYSTEM ANANINDEUA SALA 10;45;6000027;22546;38898;ANANINDEUA;PA;REDECINE BRA CINEMATOGRÁFICA S.A.;15.422.993/0001-67
07/09/2020;07/09/2020 16:45:00;BACK TO THE FUTURE;DE VOLTA PARA O FUTURO;E1402513800000;ORIGINAL;SIM;ESTADOS UNIDOS;5005094;CINÉPOLIS SÃO GONÇALO SHOPPING - SALA 3;3;6000024;17266;30088;SÃO GONÇALO;RJ;CINEPOLIS OPERADORA DE CINEMAS DO BRASIL LTDA;09.652.820/0001-32
07/09/2020;07/09/2020 16:45:00;E.T. THE EXTRA-TERRESTRIAL;E.T. O EXTRATERRESTRE;E1402648300000;DUBLADO;NÃO;ESTADOS UNIDOS;5002942;SALA 07;5;6000024;17266;17763;BELÉM;PA;CINEPOLIS OPERADORA DE CINEMAS DO BRASIL LTDA;09.652.820/0001-32
07/09/2020;07/09/2020 16:45:00;INSIDE OUT;DIVERTIDA MENTE;E1500351400000;DUBLADO;NÃO;ESTADOS UNIDOS;5006464;GRUPOCINE EUSÉBIO 04;0;6000034;44276;44457;EUSÉBIO;CE;EMPRESA CINEMATOGRAFICA BOMBOCINE LTDA;21.298.337/0001-05
07/09/2020;07/09/2020 16:45:00;MINIONS;MINIONS;E1500311600000;DUBLADO;NÃO;ESTADOS UNIDOS;5006415;GRUPOCINE MARANGUAPE 02;10;6000034;44276;44288;MARANGUAPE;CE;EMPRESA CINEMATOGRAFICA BOMBOCINE LTDA;21.298.337/0001-05
07/09/2020;07/09/2020 16:45:00;QUEEN OF SPADES: THROUGH THE LOOKING GLASS;A MALDIÇÃO DO ESPELHO;E1900574500000;DUBLADO;NÃO;RÚSSIA;5003483;SALA PQ.BELEM 02;26;6000024;17266;21616;BELÉM;PA;CINEPOLIS OPERADORA DE CINEMAS DO BRASIL LTDA;09.652.820/0001-32
07/09/2020;07/09/2020 16:45:00;TWILIGHT;CREPÚSCULO;E1600635500000;DUBLADO;NÃO;ESTADOS UNIDOS;5005275;MULTICINE SANTA MARIA SALA 06;0;6000045;5935;30733;BRASÍLIA;DF;MULTICINE CINEMAS LTDA;07.609.246/0001-04
07/09/2020;07/09/2020 16:45:00;WONDER WOMAN;MULHER-MARAVILHA;E1700197900000;DUBLADO;NÃO;ESTADOS UNIDOS;5005431;UCI BRASIL - SHOPPING BOSQUE GRÃO PARÁ SALA 06;25;6000058;749;32026;BELÉM;PA;UNITED CINEMAS INTERNATIONAL BRASIL LTDA.;01.289.530/0001-64
07/09/2020;07/09/2020 16:50:00;Eventos Esportivos;;G0000000000001;DUBLADO;NÃO;;5006475;REDECINE SUMARE 04;11;6000014;5654;44547;SUMARÉ;SP;REDECINE-CPQ CINEMATOGRÁFICA LTDA;07.665.262/0001-14
07/09/2020;07/09/2020 16:50:00;JUMANJI: NEXT LEVEL;JUMANJI: PROXIMA FASE;E1900458100000;DUBLADO;NÃO;ESTADOS UNIDOS;5002727;SALA CINE PLAYARTE MANAUARA 04;51;6000049;260;16356;MANAUS;AM;PLAYARTE CINEMAS LTDA.;60.434.149/0001-00
07/09/2020;07/09/2020 16:50:00;QUEEN OF SPADES: THROUGH THE LOOKING GLASS;A MALDIÇÃO DO ESPELHO;E1900574500000;DUBLADO;NÃO;RÚSSIA;5000164;NORTH SHOPPING 5;48;6000037;1991;2414;FORTALEZA;CE;EMPRESA CINEMAS SÃO LUIZ S/A;33.497.660/0001-89
07/09/2020;07/09/2020 16:50:00;THE SECRET: DARE TO DREAM;O SEGREDO: OUSE SONHAR;E2000080600000;DUBLADO;NÃO;ESTADOS UNIDOS;5001505;MOVIECOM CASTANHEIRA 7;20;6000100;2897;2896;BELÉM;PA;MOVIE CINEMAS LTDA;04.708.972/0001-96
07/09/2020;07/09/2020 16:50:00;TURMA DA MÔNICA - LAÇOS;;B1900235500000;ORIGINAL;NÃO;BRASIL;5006416;GRUPOCINE MARANGUAPE 03;11;6000034;44276;44288;MARANGUAPE;CE;EMPRESA CINEMATOGRAFICA BOMBOCINE LTDA;21.298.337/0001-05
07/09/2020;07/09/2020 16:50:00;TURMA DA MÔNICA - LAÇOS;;B1900235500000;ORIGINAL;NÃO;BRASIL;5006384;GRUPOCINE SANTA ISABEL 02;7;6000034;44276;44277;SANTA ISABEL;SP;EMPRESA CINEMATOGRAFICA BOMBOCINE LTDA;21.298.337/0001-05
07/09/2020;07/09/2020 16:55:00;MINIONS;MINIONS;E1500311600000;DUBLADO;NÃO;ESTADOS UNIDOS;5005975;CINESYSTEM ANANINDEUA SALA 01;36;6000027;22546;38898;ANANINDEUA;PA;REDECINE BRA CINEMATOGRÁFICA S.A.;15.422.993/0001-67
07/09/2020;07/09/2020 16:55:00;WONDER WOMAN;MULHER-MARAVILHA;E1700197900000;DUBLADO;NÃO;ESTADOS UNIDOS;5005966;CINE SUL SALA 02;5;6000121;38751;38752;MEDIANEIRA;PR;L N DA ROCHA & CIA LTDA - ME;29.099.414/0001-00
07/09/2020;07/09/2020 17:00:00;BLOODSHOT;BLOODSHOT;E1900579400000;DUBLADO;NÃO;ESTADOS UNIDOS;5005928;CENTERPLEX GRANDE CIRCULAR 05;2;6000006;38234;38235;MANAUS;AM;CINE ELI AMAZONAS CINEMAS LTDA - EM RECUPERAÇÃO JUDICIAL;28.619.116/0001-22
07/09/2020;07/09/2020 17:00:00;E.T. THE EXTRA-TERRESTRIAL;E.T. O EXTRATERRESTRE;E1402648300000;DUBLADO;NÃO;ESTADOS UNIDOS;5005160;CINÉPOLIS MANAUS PLAZA - SALA 4;11;6000024;17266;30118;MANAUS;AM;CINEPOLIS OPERADORA DE CINEMAS DO BRASIL LTDA;09.652.820/0001-32
07/09/2020;07/09/2020 17:00:00;EL ROBO DEL SIGLO;O ROUBO DO SÉCULO;E2000030900000;ORIGINAL;SIM;ARGENTINA;5006472;REDECINE SUMARE 01;0;6000014;5654;44547;SUMARÉ;SP;REDECINE-CPQ CINEMATOGRÁFICA LTDA;07.665.262/0001-14
07/09/2020;07/09/2020 17:00:00;JAWS;TUBARÃO;E1402577300000;ORIGINAL;SIM;ESTADOS UNIDOS;5005331;UCI BRASIL - SUMAÚMA PARK SHOPPING MANAUS SALA 08;14;6000058;749;31265;MANAUS;AM;UNITED CINEMAS INTERNATIONAL BRASIL LTDA.;01.289.530/0001-64
07/09/2020;07/09/2020 17:00:00;JUMANJI: NEXT LEVEL;JUMANJI: PROXIMA FASE;E1900458100000;DUBLADO;NÃO;ESTADOS UNIDOS;5005958;MOBI CINE REDENÇÃO SALA 3;4;6000040;28561;38513;REDENÇÃO;PA;C A VIEIRA LEMOS E CIA LTDA;20.334.881/0001-94
07/09/2020;07/09/2020 17:00:00;MINIONS;MINIONS;E1500311600000;DUBLADO;NÃO;ESTADOS UNIDOS;5006461;GRUPOCINE EUSÉBIO 01;1;6000034;44276;44457;EUSÉBIO;CE;EMPRESA CINEMATOGRAFICA BOMBOCINE LTDA;21.298.337/0001-05
07/09/2020;07/09/2020 17:00:00;MINIONS;MINIONS;E1500311600000;DUBLADO;NÃO;ESTADOS UNIDOS;5006383;GRUPOCINE SANTA ISABEL 01;0;6000034;44276;44277;SANTA ISABEL;SP;EMPRESA CINEMATOGRAFICA BOMBOCINE LTDA;21.298.337/0001-05
07/09/2020;07/09/2020 17:00:00;Mostras e Festivais;;G0000000000004;ORIGINAL;SIM;;5005092;CINÉPOLIS SÃO GONÇALO SHOPPING - SALA 1;8;6000024;17266;30088;SÃO GONÇALO;RJ;CINEPOLIS OPERADORA DE CINEMAS DO BRASIL LTDA;09.652.820/0001-32
07/09/2020;07/09/2020 17:00:00;Mostras e Festivais;;G0000000000004;DUBLADO;NÃO;;5002254;MOVIECOM PATIO BELÉM 5;52;6000100;2897;13915;BELÉM;PA;MOVIE CINEMAS LTDA;04.708.972/0001-96
07/09/2020;07/09/2020 17:00:00;SMALLFOOT;PÉPEQUENO;E1800215200000;DUBLADO;NÃO;ESTADOS UNIDOS;5005965;CINE SUL SALA 01;7;6000121;38751;38752;MEDIANEIRA;PR;L N DA ROCHA & CIA LTDA - ME;29.099.414/0001-00
07/09/2020;07/09/2020 17:00:00;THE SECRET: DARE TO DREAM;O SEGREDO: OUSE SONHAR;E2000080600000;DUBLADO;NÃO;ESTADOS UNIDOS;5005929;MOBI CINE AÇAILÂNDIA SALA 01;6;6000040;38236;38237;AÇAILÂNDIA;MA;C A V LEMOS E CIA LTDA - ME;14.717.191/0001-11
07/09/2020;07/09/2020 17:00:00;WONDER WOMAN;MULHER-MARAVILHA;E1700197900000;DUBLADO;NÃO;ESTADOS UNIDOS;5002565;CINE CATARATAS 2;3;;15565;15566;FOZ DO IGUAÇU;PR;CINE CATARATAS LTDA;09.010.219/0001-46
07/09/2020;07/09/2020 17:05:00;TURMA DA MÔNICA - LAÇOS;;B1900235500000;ORIGINAL;NÃO;BRASIL;5006411;GRUPOCINE ITAPETININGA 03;0;6000034;44276;44287;ITAPETININGA;SP;EMPRESA CINEMATOGRAFICA BOMBOCINE LTDA;21.298.337/0001-05
07/09/2020;07/09/2020 17:10:00;ATÉ QUE A SORTE NOS SEPARE;;B1201657700000;ORIGINAL;NÃO;BRASIL;5006414;GRUPOCINE MARANGUAPE 01;0;6000034;44276;44288;MARANGUAPE;CE;EMPRESA CINEMATOGRAFICA BOMBOCINE LTDA;21.298.337/0001-05
07/09/2020;07/09/2020 17:10:00;QUEEN OF SPADES: THROUGH THE LOOKING GLASS;A MALDIÇÃO DO ESPELHO;E1900574500000;DUBLADO;NÃO;RÚSSIA;5004472;SALA CINEPOLIS NORTH SHOPPING JOQUEI 02;32;6000024;17266;25960;FORTALEZA;CE;CINEPOLIS OPERADORA DE CINEMAS DO BRASIL LTDA;09.652.820/0001-32
07/09/2020;07/09/2020 17:10:00;TURMA DA MÔNICA - LAÇOS;;B1900235500000;ORIGINAL;NÃO;BRASIL;5006462;GRUPOCINE EUSÉBIO 02;7;6000034;44276;44457;EUSÉBIO;CE;EMPRESA CINEMATOGRAFICA BOMBOCINE LTDA;21.298.337/0001-05
07/09/2020;07/09/2020 17:15:00;ALADDIN;ALADDIN;E1900188100000;DUBLADO;NÃO;ESTADOS UNIDOS;5002721;SALA CINE PLAYARTE MANAUARA 01;32;6000049;260;16356;MANAUS;AM;PLAYARTE CINEMAS LTDA.;60.434.149/0001-00
07/09/2020;07/09/2020 17:15:00;EL ROBO DEL SIGLO;O ROUBO DO SÉCULO;E2000030900000;ORIGINAL;SIM;ARGENTINA;5002940;SALA 03;19;6000024;17266;17763;BELÉM;PA;CINEPOLIS OPERADORA DE CINEMAS DO BRASIL LTDA;09.652.820/0001-32
07/09/2020;07/09/2020 17:15:00;THE SECRET: DARE TO DREAM;O SEGREDO: OUSE SONHAR;E2000080600000;DUBLADO;NÃO;ESTADOS UNIDOS;5005693;CINEPOLIS RIOMAR KENNEDY - SALA 02;7;6000024;17266;34309;FORTALEZA;CE;CINEPOLIS OPERADORA DE CINEMAS DO BRASIL LTDA;09.652.820/0001-32
07/09/2020;07/09/2020 17:15:00;THE SECRET: DARE TO DREAM;O SEGREDO: OUSE SONHAR;E2000080600000;DUBLADO;NÃO;ESTADOS UNIDOS;5005099;CINÉPOLIS SÃO GONÇALO SHOPPING - SALA 8;21;6000024;17266;30088;SÃO GONÇALO;RJ;CINEPOLIS OPERADORA DE CINEMAS DO BRASIL LTDA;09.652.820/0001-32
07/09/2020;07/09/2020 17:20:00;ESCAPE FROM PRETORIA;FUGA DE PRETÓRIA;E2000249400000;ORIGINAL;SIM;ÁFRICA DO SUL;5003485;SALA PQ.BELEM 04;3;6000024;17266;21616;BELÉM;PA;CINEPOLIS OPERADORA DE CINEMAS DO BRASIL LTDA;09.652.820/0001-32
07/09/2020;07/09/2020 17:20:00;THE AVENGERS: AGE OF ULTRON;VINGADORES: ERA DE ULTRON;E1500563200000;DUBLADO;NÃO;ESTADOS UNIDOS;5004185;CINEFLIX JK SHOPPING - SALA 2;5;6000014;24534;24535;BRASÍLIA;DF;REDECINE BSB CINEMATOGRÁFICA LTDA;18.087.870/0001-05
07/09/2020;07/09/2020 17:20:01;HARRY POTTER AND THE PHILOSOPHER'S STONE;HARRY POTTER E A PEDRA FILOSOFAL;E1500138600000;DUBLADO;NÃO;ESTADOS UNIDOS;5006364;ALFENAS SALA 1;4;6000008;15833;44017;ALFENAS;MG;CINE A LTDA;10.894.937/0001-01
07/09/2020;07/09/2020 17:20:01;HARRY POTTER AND THE PHILOSOPHER'S STONE;HARRY POTTER E A PEDRA FILOSOFAL;E1500138600000;DUBLADO;NÃO;ESTADOS UNIDOS;5006073;CINE A ALTAMIRA SALA 03;3;6000008;28464;33426;ALTAMIRA;PA;CINE A MARABA LTDA;21.160.773/0001-05
07/09/2020;07/09/2020 17:25:00;BLACK PANTHER;PANTERA NEGRA;E1700512400000;DUBLADO;NÃO;ESTADOS UNIDOS;5006349;REDECINE PINDAMONHANGABA 03;16;6000034;43781;43782;PINDAMONHANGABA;SP;REDECINE PINDAMONHANGABA CINEMAS LTDA;34.408.375/0001-07
07/09/2020;07/09/2020 17:30:00;21 BRIDGES;CRIME SEM SAÍDA;E1900482200000;DUBLADO;NÃO;ESTADOS UNIDOS;5005981;CINESYSTEM ANANINDEUA SALA 07;0;6000027;22546;38898;ANANINDEUA;PA;REDECINE BRA CINEMATOGRÁFICA S.A.;15.422.993/0001-67
07/09/2020;07/09/2020 17:30:00;BLOODSHOT;BLOODSHOT;E1900579400000;DUBLADO;NÃO;ESTADOS UNIDOS;5002253;MOVIECOM PATIO BELÉM 4;15;6000100;2897;13915;BELÉM;PA;MOVIE CINEMAS LTDA;04.708.972/0001-96
07/09/2020;07/09/2020 17:30:00;EL ROBO DEL SIGLO;O ROUBO DO SÉCULO;E2000030900000;ORIGINAL;SIM;ARGENTINA;5004373;SALA CINEPOLIS PONTA NEGRA 10 TRADICIONAL;0;6000024;17266;25193;MANAUS;AM;CINEPOLIS OPERADORA DE CINEMAS DO BRASIL LTDA;09.652.820/0001-32
07/09/2020;07/09/2020 17:30:00;ESCAPE FROM PRETORIA;FUGA DE PRETÓRIA;E2000249400000;ORIGINAL;SIM;ÁFRICA DO SUL;5004697;SALA RIOMAR 4 -VIP;21;6000024;17266;27076;FORTALEZA;CE;CINEPOLIS OPERADORA DE CINEMAS DO BRASIL LTDA;09.652.820/0001-32
07/09/2020;07/09/2020 17:30:00;ONWARD;DOIS IRMÃOS: UMA JORNADA FANTÁSTICA;E1900366400000;DUBLADO;NÃO;ESTADOS UNIDOS;5006539;CULT ALEGRETE 01;3;;45324;45325;ALEGRETE;RS;CULT CINEMAS ALEGRETE LTDA;34.712.675/0001-85
07/09/2020;07/09/2020 17:30:00;THE GENTLEMEN;MAGNATAS DO CRIME;E2000005600000;DUBLADO;NÃO;ESTADOS UNIDOS;5005328;UCI BRASIL - SUMAÚMA PARK SHOPPING MANAUS SALA 05;33;6000058;749;31265;MANAUS;AM;UNITED CINEMAS INTERNATIONAL BRASIL LTDA.;01.289.530/0001-64
07/09/2020;07/09/2020 17:35:00;JOHN WICK 3: PARABELLUM;JOHN WICK 3: PARABELLUM;E1900126300000;DUBLADO;NÃO;ESTADOS UNIDOS;5005306;CINEFLIX VÁRZEA GRANDE SHOPPING - SALA 3;9;6000014;24534;31101;VÁRZEA GRANDE;MT;REDECINE BSB CINEMATOGRÁFICA LTDA;18.087.870/0001-05
07/09/2020;07/09/2020 17:40:00;EL ROBO DEL SIGLO;O ROUBO DO SÉCULO;E2000030900000;DUBLADO;NÃO;ARGENTINA;5006348;REDECINE PINDAMONHANGABA 02;4;6000034;43781;43782;PINDAMONHANGABA;SP;REDECINE PINDAMONHANGABA CINEMAS LTDA;34.408.375/0001-07
07/09/2020;07/09/2020 17:40:00;ESCAPE FROM PRETORIA;FUGA DE PRETÓRIA;E2000249400000;DUBLADO;NÃO;ÁFRICA DO SUL;5005430;UCI BRASIL - SHOPPING BOSQUE GRÃO PARÁ SALA 05;7;6000058;749;32026;BELÉM;PA;UNITED CINEMAS INTERNATIONAL BRASIL LTDA.;01.289.530/0001-64
07/09/2020;07/09/2020 17:40:00;Eventos Esportivos;;G0000000000001;DUBLADO;NÃO;;5004186;CINEFLIX JK SHOPPING - SALA 3;3;6000014;24534;24535;BRASÍLIA;DF;REDECINE BSB CINEMATOGRÁFICA LTDA;18.087.870/0001-05
07/09/2020;07/09/2020 17:40:00;THE SECRET: DARE TO DREAM;O SEGREDO: OUSE SONHAR;E2000080600000;DUBLADO;NÃO;ESTADOS UNIDOS;5006473;REDECINE SUMARE 02;7;6000014;5654;44547;SUMARÉ;SP;REDECINE-CPQ CINEMATOGRÁFICA LTDA;07.665.262/0001-14
07/09/2020;07/09/2020 17:45:00;21 BRIDGES;CRIME SEM SAÍDA;E1900482200000;DUBLADO;NÃO;ESTADOS UNIDOS;5005979;CINESYSTEM ANANINDEUA SALA 05;27;6000027;22546;38898;ANANINDEUA;PA;REDECINE BRA CINEMATOGRÁFICA S.A.;15.422.993/0001-67
07/09/2020;07/09/2020 17:45:00;EL ROBO DEL SIGLO;O ROUBO DO SÉCULO;E2000030900000;ORIGINAL;SIM;ARGENTINA;5005152;CINÉPOLIS MILLENNIUM - SALA 4;0;6000024;17266;30116;MANAUS;AM;CINEPOLIS OPERADORA DE CINEMAS DO BRASIL LTDA;09.652.820/0001-32
07/09/2020;07/09/2020 17:45:00;ESCAPE FROM PRETORIA;FUGA DE PRETÓRIA;E2000249400000;ORIGINAL;SIM;ÁFRICA DO SUL;5005696;CINEPOLIS RIOMAR KENNEDY - SALA 05;10;6000024;17266;34309;FORTALEZA;CE;CINEPOLIS OPERADORA DE CINEMAS DO BRASIL LTDA;09.652.820/0001-32
07/09/2020;07/09/2020 17:45:00;INSIDE OUT;DIVERTIDA MENTE;E1500351400000;DUBLADO;NÃO;ESTADOS UNIDOS;5005274;MULTICINE SANTA MARIA SALA 05;2;6000045;5935;30733;BRASÍLIA;DF;MULTICINE CINEMAS LTDA;07.609.246/0001-04
07/09/2020;07/09/2020 17:45:00;Mostras e Festivais;;G0000000000004;DUBLADO;NÃO;;5004882;CIRCUITO CINEMAS PBAS- SALA 04;13;6000028;15568;27873;PARAUAPEBAS;PA;CIRCUITO ENTRETENIMENTO E CINEMAS LTDA;08.068.712/0001-54
07/09/2020;07/09/2020 17:45:00;SPIDER-MAN: INTO THE SPIDER-VERSE;HOMEM-ARANHA NO ARANHAVERSO;E1800533700000;DUBLADO;NÃO;ESTADOS UNIDOS;5003488;SALA PQ.BELEM 07;10;6000024;17266;21616;BELÉM;PA;CINEPOLIS OPERADORA DE CINEMAS DO BRASIL LTDA;09.652.820/0001-32
07/09/2020;07/09/2020 17:45:00;THE SECRET: DARE TO DREAM;O SEGREDO: OUSE SONHAR;E2000080600000;ORIGINAL;SIM;ESTADOS UNIDOS;5002937;SALA 06;14;6000024;17266;17763;BELÉM;PA;CINEPOLIS OPERADORA DE CINEMAS DO BRASIL LTDA;09.652.820/0001-32
07/09/2020;07/09/2020 17:50:00;BLOODSHOT;BLOODSHOT;E1900579400000;DUBLADO;NÃO;ESTADOS UNIDOS;5000160;NORTH SHOPPING 1;43;6000037;1991;2414;FORTALEZA;CE;EMPRESA CINEMAS SÃO LUIZ S/A;33.497.660/0001-89
07/09/2020;07/09/2020 17:50:00;EL ROBO DEL SIGLO;O ROUBO DO SÉCULO;E2000030900000;ORIGINAL;SIM;ARGENTINA;5005305;CINEFLIX VÁRZEA GRANDE SHOPPING - SALA 2;2;6000014;24534;31101;VÁRZEA GRANDE;MT;REDECINE BSB CINEMATOGRÁFICA LTDA;18.087.870/0001-05
07/09/2020;07/09/2020 17:50:00;QUEEN OF SPADES: THROUGH THE LOOKING GLASS;A MALDIÇÃO DO ESPELHO;E1900574500000;DUBLADO;NÃO;RÚSSIA;5005977;CINESYSTEM ANANINDEUA SALA 03;25;6000027;22546;38898;ANANINDEUA;PA;REDECINE BRA CINEMATOGRÁFICA S.A.;15.422.993/0001-67
07/09/2020;07/09/2020 17:50:00;SOLTEIRA QUASE SURTANDO;;B2000040200000;ORIGINAL;NÃO;BRASIL;5005980;CINESYSTEM ANANINDEUA SALA 06;9;6000027;22546;38898;ANANINDEUA;PA;REDECINE BRA CINEMATOGRÁFICA S.A.;15.422.993/0001-67
07/09/2020;07/09/2020 17:50:00;SOLTEIRA QUASE SURTANDO;;B2000040200000;ORIGINAL;NÃO;BRASIL;5001497;MOVIECOM CASTANHEIRA 2;10;6000100;2897;2896;BELÉM;PA;MOVIE CINEMAS LTDA;04.708.972/0001-96
07/09/2020;07/09/2020 17:50:00;THE SECRET: DARE TO DREAM;O SEGREDO: OUSE SONHAR;E2000080600000;DUBLADO;NÃO;ESTADOS UNIDOS;5002719;SALA CINE PLAYARTE MANAUARA 05;25;6000049;260;16356;MANAUS;AM;PLAYARTE CINEMAS LTDA.;60.434.149/0001-00
07/09/2020;07/09/2020 17:50:00;WONDER WOMAN;MULHER-MARAVILHA;E1700197900000;DUBLADO;NÃO;ESTADOS UNIDOS;5006424;GRUPOCINE ITAPECERICA 04;13;6000034;44276;44290;ITAPECERICA DA SERRA;SP;EMPRESA CINEMATOGRAFICA BOMBOCINE LTDA;21.298.337/0001-05
07/09/2020;07/09/2020 18:00:00;BLACK PANTHER;PANTERA NEGRA;E1700512400000;DUBLADO;NÃO;ESTADOS UNIDOS;5006422;GRUPOCINE ITAPECERICA 02;11;6000034;44276;44290;ITAPECERICA DA SERRA;SP;EMPRESA CINEMATOGRAFICA BOMBOCINE LTDA;21.298.337/0001-05
07/09/2020;07/09/2020 18:00:00;EL ROBO DEL SIGLO;O ROUBO DO SÉCULO;E2000030900000;ORIGINAL;SIM;ARGENTINA;5005978;CINESYSTEM ANANINDEUA SALA 04;7;6000027;22546;38898;ANANINDEUA;PA;REDECINE BRA CINEMATOGRÁFICA S.A.;15.422.993/0001-67
07/09/2020;07/09/2020 18:00:00;EL ROBO DEL SIGLO;O ROUBO DO SÉCULO;E2000030900000;ORIGINAL;SIM;ARGENTINA;5002723;SALA CINE PLAYARTE MANAUARA 03;10;6000049;260;16356;MANAUS;AM;PLAYARTE CINEMAS LTDA.;60.434.149/0001-00
07/09/2020;07/09/2020 18:00:00;ESCAPE FROM PRETORIA;FUGA DE PRETÓRIA;E2000249400000;ORIGINAL;SIM;ÁFRICA DO SUL;5005149;CINÉPOLIS MILLENNIUM - SALA 1;0;6000024;17266;30116;MANAUS;AM;CINEPOLIS OPERADORA DE CINEMAS DO BRASIL LTDA;09.652.820/0001-32
07/09/2020;07/09/2020 18:00:00;ESCAPE FROM PRETORIA;FUGA DE PRETÓRIA;E2000249400000;ORIGINAL;SIM;ÁFRICA DO SUL;5005095;CINÉPOLIS SÃO GONÇALO SHOPPING - SALA 4;4;6000024;17266;30088;SÃO GONÇALO;RJ;CINEPOLIS OPERADORA DE CINEMAS DO BRASIL LTDA;09.652.820/0001-32
07/09/2020;07/09/2020 18:00:00;Eventos Esportivos;;G0000000000001;DUBLADO;NÃO;;5005309;CINEFLIX VÁRZEA GRANDE SHOPPING - SALA 6;4;6000014;24534;31101;VÁRZEA GRANDE;MT;REDECINE BSB CINEMATOGRÁFICA LTDA;18.087.870/0001-05
07/09/2020;07/09/2020 18:00:00;Eventos Esportivos;;G0000000000001;DUBLADO;NÃO;;5006474;REDECINE SUMARE 03;1;6000014;5654;44547;SUMARÉ;SP;REDECINE-CPQ CINEMATOGRÁFICA LTDA;07.665.262/0001-14
07/09/2020;07/09/2020 18:00:00;FROZEN II;FROZEN 2;E1900365900000;DUBLADO;NÃO;ESTADOS UNIDOS;5002102;CINE DRIVEIN;154;;5465;6715;BRASÍLIA;DF;STARK'S CINEMA E LANCHONETE LTDA.;32.917.296/0001-04
07/09/2020;07/09/2020 18:00:00;GET OUT;CORRA!;E1700047300000;DUBLADO;NÃO;ESTADOS UNIDOS;5006347;REDECINE PINDAMONHANGABA 01;2;6000034;43781;43782;PINDAMONHANGABA;SP;REDECINE PINDAMONHANGABA CINEMAS LTDA;34.408.375/0001-07
07/09/2020;07/09/2020 18:00:00;MOANA;MOANA - UM MAR DE AVENTURAS;E1600655200000;ORIGINAL;SIM;ESTADOS UNIDOS;5002428;CINE WEST SALA 01;7;;14882;14883;CASCAVEL;PR;WEST SIDE SHOPPING CENTER LTDA;68.761.170/0001-22
07/09/2020;07/09/2020 18:00:00;Mostras e Festivais;;G0000000000004;DUBLADO;NÃO;;5000079;KINOPLEX AMAZONAS SALA 01;18;6000037;1991;2393;MANAUS;AM;EMPRESA CINEMAS SÃO LUIZ S/A;33.497.660/0001-89
07/09/2020;07/09/2020 18:00:00;QUEEN OF SPADES: THROUGH THE LOOKING GLASS;A MALDIÇÃO DO ESPELHO;E1900574500000;DUBLADO;NÃO;RÚSSIA;5005924;CENTERPLEX GRANDE CIRCULAR 01;12;6000006;38234;38235;MANAUS;AM;CINE ELI AMAZONAS CINEMAS LTDA - EM RECUPERAÇÃO JUDICIAL;28.619.116/0001-22
07/09/2020;07/09/2020 18:00:00;QUEEN OF SPADES: THROUGH THE LOOKING GLASS;A MALDIÇÃO DO ESPELHO;E1900574500000;DUBLADO;NÃO;RÚSSIA;5006476;REDECINE SUMARE 05;9;6000014;5654;44547;SUMARÉ;SP;REDECINE-CPQ CINEMATOGRÁFICA LTDA;07.665.262/0001-14
07/09/2020;07/09/2020 18:00:00;SOLTEIRA QUASE SURTANDO;;B2000040200000;ORIGINAL;NÃO;BRASIL;5004189;CINEFLIX JK SHOPPING - SALA 6;2;6000014;24534;24535;BRASÍLIA;DF;REDECINE BSB CINEMATOGRÁFICA LTDA;18.087.870/0001-05
07/09/2020;07/09/2020 18:00:00;THE SECRET: DARE TO DREAM;O SEGREDO: OUSE SONHAR;E2000080600000;DUBLADO;NÃO;ESTADOS UNIDOS;5000161;NORTH SHOPPING 2;18;6000037;1991;2414;FORTALEZA;CE;EMPRESA CINEMAS SÃO LUIZ S/A;33.497.660/0001-89
07/09/2020;07/09/2020 18:00:00;THE SECRET: DARE TO DREAM;O SEGREDO: OUSE SONHAR;E2000080600000;DUBLADO;NÃO;ESTADOS UNIDOS;5004372;SALA CINEPOLIS PONTA NEGRA 09 TRADICIONAL;19;6000024;17266;25193;MANAUS;AM;CINEPOLIS OPERADORA DE CINEMAS DO BRASIL LTDA;09.652.820/0001-32
07/09/2020;07/09/2020 18:05:00;ESCAPE FROM PRETORIA;FUGA DE PRETÓRIA;E2000249400000;DUBLADO;NÃO;ÁFRICA DO SUL;5005325;UCI BRASIL - SUMAÚMA PARK SHOPPING MANAUS SALA 02;16;6000058;749;31265;MANAUS;AM;UNITED CINEMAS INTERNATIONAL BRASIL LTDA.;01.289.530/0001-64
07/09/2020;07/09/2020 18:05:00;THE SECRET: DARE TO DREAM;O SEGREDO: OUSE SONHAR;E2000080600000;DUBLADO;NÃO;ESTADOS UNIDOS;5004474;SALA CINEPOLIS NORTH SHOPPING JOQUEI 04;10;6000024;17266;25960;FORTALEZA;CE;CINEPOLIS OPERADORA DE CINEMAS DO BRASIL LTDA;09.652.820/0001-32
07/09/2020;07/09/2020 18:05:00;TWILIGHT;CREPÚSCULO;E1600635500000;DUBLADO;NÃO;ESTADOS UNIDOS;5006350;REDECINE PINDAMONHANGABA 04;0;6000034;43781;43782;PINDAMONHANGABA;SP;REDECINE PINDAMONHANGABA CINEMAS LTDA;34.408.375/0001-07
07/09/2020;07/09/2020 18:10:00;BLOODSHOT;BLOODSHOT;E1900579400000;DUBLADO;NÃO;ESTADOS UNIDOS;5004880;CIRCUITO CINEMAS PBAS- SALA 02;25;6000028;15568;27873;PARAUAPEBAS;PA;CIRCUITO ENTRETENIMENTO E CINEMAS LTDA;08.068.712/0001-54
07/09/2020;07/09/2020 18:10:00;EL ROBO DEL SIGLO;O ROUBO DO SÉCULO;E2000030900000;ORIGINAL;SIM;ARGENTINA;5005426;UCI BRASIL - SHOPPING BOSQUE GRÃO PARÁ SALA 01;29;6000058;749;32026;BELÉM;PA;UNITED CINEMAS INTERNATIONAL BRASIL LTDA.;01.289.530/0001-64
07/09/2020;07/09/2020 18:10:00;ESCAPE FROM PRETORIA;FUGA DE PRETÓRIA;E2000249400000;DUBLADO;NÃO;ÁFRICA DO SUL;5000162;NORTH SHOPPING 3;16;6000037;1991;2414;FORTALEZA;CE;EMPRESA CINEMAS SÃO LUIZ S/A;33.497.660/0001-89
07/09/2020;07/09/2020 18:10:00;QUEEN OF SPADES: THROUGH THE LOOKING GLASS;A MALDIÇÃO DO ESPELHO;E1900574500000;DUBLADO;NÃO;RÚSSIA;5004184;CINEFLIX JK SHOPPING - SALA 1;0;6000014;24534;24535;BRASÍLIA;DF;REDECINE BSB CINEMATOGRÁFICA LTDA;18.087.870/0001-05
07/09/2020;07/09/2020 18:10:00;QUEEN OF SPADES: THROUGH THE LOOKING GLASS;A MALDIÇÃO DO ESPELHO;E1900574500000;DUBLADO;NÃO;RÚSSIA;5005326;UCI BRASIL - SUMAÚMA PARK SHOPPING MANAUS SALA 03;59;6000058;749;31265;MANAUS;AM;UNITED CINEMAS INTERNATIONAL BRASIL LTDA.;01.289.530/0001-64
07/09/2020;07/09/2020 18:10:00;THE SECRET: DARE TO DREAM;O SEGREDO: OUSE SONHAR;E2000080600000;DUBLADO;NÃO;ESTADOS UNIDOS;5005307;CINEFLIX VÁRZEA GRANDE SHOPPING - SALA 4;6;6000014;24534;31101;VÁRZEA GRANDE;MT;REDECINE BSB CINEMATOGRÁFICA LTDA;18.087.870/0001-05
07/09/2020;07/09/2020 18:15:00;BLACK PANTHER;PANTERA NEGRA;E1700512400000;DUBLADO;NÃO;ESTADOS UNIDOS;5002256;MOVIECOM PATIO BELÉM 3;22;6000100;2897;13915;BELÉM;PA;MOVIE CINEMAS LTDA;04.708.972/0001-96
07/09/2020;07/09/2020 18:15:00;EL ROBO DEL SIGLO;O ROUBO DO SÉCULO;E2000030900000;ORIGINAL;SIM;ARGENTINA;5000163;NORTH SHOPPING 4;2;6000037;1991;2414;FORTALEZA;CE;EMPRESA CINEMAS SÃO LUIZ S/A;33.497.660/0001-89
07/09/2020;07/09/2020 18:15:00;Eventos Esportivos;;G0000000000001;DUBLADO;NÃO;;5005308;CINEFLIX VÁRZEA GRANDE SHOPPING - SALA 5;2;6000014;24534;31101;VÁRZEA GRANDE;MT;REDECINE BSB CINEMATOGRÁFICA LTDA;18.087.870/0001-05
07/09/2020;07/09/2020 18:15:00;THE SECRET: DARE TO DREAM;O SEGREDO: OUSE SONHAR;E2000080600000;DUBLADO;NÃO;ESTADOS UNIDOS;5005159;CINÉPOLIS MANAUS PLAZA - SALA 3;2;6000024;17266;30118;MANAUS;AM;CINEPOLIS OPERADORA DE CINEMAS DO BRASIL LTDA;09.652.820/0001-32
07/09/2020;07/09/2020 18:15:00;THE SECRET: DARE TO DREAM;O SEGREDO: OUSE SONHAR;E2000080600000;DUBLADO;NÃO;ESTADOS UNIDOS;5003487;SALA PQ.BELEM 06;5;6000024;17266;21616;BELÉM;PA;CINEPOLIS OPERADORA DE CINEMAS DO BRASIL LTDA;09.652.820/0001-32
07/09/2020;07/09/2020 18:15:01;E.T;E.T. O EXTRATERRESTRE;E1500491000000;DUBLADO;NÃO;ESTADOS UNIDOS;5006381;ALFENAS SALA 3;2;6000008;15833;44017;ALFENAS;MG;CINE A LTDA;10.894.937/0001-01
07/09/2020;07/09/2020 18:15:01;E.T;E.T. O EXTRATERRESTRE;E1500491000000;DUBLADO;NÃO;ESTADOS UNIDOS;5005617;CINE A ALTAMIRA SALA 01;2;6000008;28464;33426;ALTAMIRA;PA;CINE A MARABA LTDA;21.160.773/0001-05
07/09/2020;07/09/2020 18:20:00;Eventos Esportivos;;G0000000000001;DUBLADO;NÃO;;5004187;CINEFLIX JK SHOPPING - SALA 4;0;6000014;24534;24535;BRASÍLIA;DF;REDECINE BSB CINEMATOGRÁFICA LTDA;18.087.870/0001-05
07/09/2020;07/09/2020 18:20:00;THE CONJURING;INVOCAÇÃO DO MAL;E1500097000000;DUBLADO;NÃO;ESTADOS UNIDOS;5006421;GRUPOCINE ITAPECERICA 01;10;6000034;44276;44290;ITAPECERICA DA SERRA;SP;EMPRESA CINEMATOGRAFICA BOMBOCINE LTDA;21.298.337/0001-05
07/09/2020;07/09/2020 18:20:00;THE SECRET: DARE TO DREAM;O SEGREDO: OUSE SONHAR;E2000080600000;DUBLADO;NÃO;ESTADOS UNIDOS;5000081;KINOPLEX AMAZONAS SALA 03;43;6000037;1991;2393;MANAUS;AM;EMPRESA CINEMAS SÃO LUIZ S/A;33.497.660/0001-89
07/09/2020;07/09/2020 18:30:00;ALICE JÚNIOR;;B2000154900000;ORIGINAL;NÃO;BRASIL;5006571;CINESYSTEM AMÉRICAS DRIVE-IN;0;6000027;5348;28834;RIO DE JANEIRO;RJ;REDECINE - RIO CINEMATOGRAFICA S.A.;07.524.011/0001-10
07/09/2020;07/09/2020 18:30:00;EL ROBO DEL SIGLO;O ROUBO DO SÉCULO;E2000030900000;DUBLADO;NÃO;ARGENTINA;5001149;CINE PORTO;12;;2351;2352;UBATUBA;SP;CINEMATOGRÁFICA LITORAL NORTE LTDA-EPP;04.165.613/0001-30
07/09/2020;07/09/2020 18:30:00;ESCAPE FROM PRETORIA;FUGA DE PRETÓRIA;E2000249400000;DUBLADO;NÃO;ÁFRICA DO SUL;5005304;CINEFLIX VÁRZEA GRANDE SHOPPING - SALA 1;17;6000014;24534;31101;VÁRZEA GRANDE;MT;REDECINE BSB CINEMATOGRÁFICA LTDA;18.087.870/0001-05
07/09/2020;07/09/2020 18:30:00;ESCAPE FROM PRETORIA;FUGA DE PRETÓRIA;E2000249400000;ORIGINAL;SIM;ÁFRICA DO SUL;5004366;SALA CINEPOLIS PONTA NEGRA 03 VIP;8;6000024;17266;25193;MANAUS;AM;CINEPOLIS OPERADORA DE CINEMAS DO BRASIL LTDA;09.652.820/0001-32
07/09/2020;07/09/2020 18:30:00;GOODFELLAS;OS BONS COMPANHEIROS;E1500096400000;ORIGINAL;SIM;ESTADOS UNIDOS;5002564;CINE CATARATAS 1;1;;15565;15566;FOZ DO IGUAÇU;PR;CINE CATARATAS LTDA;09.010.219/0001-46
07/09/2020;07/09/2020 18:30:00;HOW TO TRAIN YOUR DRAGON: THE HIDDEN WORLD;COMO TREINAR O SEU DRAGÃO 3;E1800532200000;DUBLADO;NÃO;ESTADOS UNIDOS;5006595;CENTERPLEX ESTAÇÃO ATIBAIA DRIVE-IN;5;6000006;2836;2843;ATIBAIA;SP;EMPRESA SAO LUIZ DE CINEMAS LTDA - EM RECUPERACAO JUDICIAL;52.067.071/0001-05
07/09/2020;07/09/2020 18:30:00;INSIDE OUT;DIVERTIDA MENTE;E1500351400000;DUBLADO;NÃO;ESTADOS UNIDOS;5006356;MULTICINE IANDE SHOPPING 1;5;6000045;5935;43968;CAUCAIA;CE;MULTICINE CINEMAS LTDA;07.609.246/0001-04
07/09/2020;07/09/2020 18:30:00;QUEEN OF SPADES: THROUGH THE LOOKING GLASS;A MALDIÇÃO DO ESPELHO;E1900574500000;DUBLADO;NÃO;RÚSSIA;5005694;CINEPOLIS RIOMAR KENNEDY - SALA 03;40;6000024;17266;34309;FORTALEZA;CE;CINEPOLIS OPERADORA DE CINEMAS DO BRASIL LTDA;09.652.820/0001-32
07/09/2020;07/09/2020 18:30:00;QUEEN OF SPADES: THROUGH THE LOOKING GLASS;A MALDIÇÃO DO ESPELHO;E1900574500000;DUBLADO;NÃO;RÚSSIA;5005098;CINÉPOLIS SÃO GONÇALO SHOPPING - SALA 7;42;6000024;17266;30088;SÃO GONÇALO;RJ;CINEPOLIS OPERADORA DE CINEMAS DO BRASIL LTDA;09.652.820/0001-32
07/09/2020;07/09/2020 18:30:00;SMALLFOOT;PÉPEQUENO;E1800215200000;DUBLADO;NÃO;ESTADOS UNIDOS;5006625;CINE GOLDEN - DRIVE IN;3;6000141;45886;46420;JEQUIÉ;BA;GF ANDRADE ENTRETENIMENTO E COMÉRCIO LTDA;23.200.362/0001-21
07/09/2020;07/09/2020 18:30:00;SONIC THE HEDGEHOG;SONIC - O FILME;E2000012200000;DUBLADO;NÃO;CANADÁ;5006568;CINE + ARTE XANGRI-LÁ DRIVE-IN;2;6000103;32155;45890;XANGRI-LÁ;RS;EWERTON LUIS DE SOUZA BRANDOLT;23.288.683/0001-20
07/09/2020;07/09/2020 18:30:00;SONIC THE HEDGEHOG;SONIC - O FILME;E2000012200000;DUBLADO;NÃO;CANADÁ;5006572;CINE 14 BIS DRIVE-IN;3;;5822;6623;GUAXUPÉ;MG;GUAXUPE PROMOCOES E EVENTOS LTDA;03.929.354/0001-03
07/09/2020;07/09/2020 18:30:00;THE CONJURING;INVOCAÇÃO DO MAL;E1500097000000;DUBLADO;NÃO;ESTADOS UNIDOS;5002427;CINE WEST SALA 02;12;;14882;14883;CASCAVEL;PR;WEST SIDE SHOPPING CENTER LTDA;68.761.170/0001-22
07/09/2020;07/09/2020 18:30:00;THE SECRET: DARE TO DREAM;O SEGREDO: OUSE SONHAR;E2000080600000;DUBLADO;NÃO;ESTADOS UNIDOS;5004188;CINEFLIX JK SHOPPING - SALA 5;3;6000014;24534;24535;BRASÍLIA;DF;REDECINE BSB CINEMATOGRÁFICA LTDA;18.087.870/0001-05
07/09/2020;07/09/2020 18:30:00;THE SECRET: DARE TO DREAM;O SEGREDO: OUSE SONHAR;E2000080600000;DUBLADO;NÃO;ESTADOS UNIDOS;5005956;MOBI CINE REDENÇÃO SALA 1;0;6000040;28561;38513;REDENÇÃO;PA;C A VIEIRA LEMOS E CIA LTDA;20.334.881/0001-94
07/09/2020;07/09/2020 18:30:00;TRÊS VERÕES;;B1900410500000;ORIGINAL;NÃO;FRANÇA;5006554;CINEPLUS XAXIM DRIVE-IN - PLANETA DRIVE-IN;12;6000023;15673;15674;CURITIBA;PR;VITOMAQ PRODUÇÕES ARTISTICAS E CINEMA LTDA - ME;07.617.254/0001-00
07/09/2020;07/09/2020 18:30:00;TURMA DA MÔNICA - LAÇOS;;B1900235500000;ORIGINAL;NÃO;BRASIL;5006610;CINESYSTEM DRIVE-IN AEROPORTO VITÓRIA;2;6000027;22546;46257;VITÓRIA;ES;REDECINE BRA CINEMATOGRÁFICA S.A.;15.422.993/0001-67
07/09/2020;07/09/2020 18:30:00;TURMA DA MÔNICA - LAÇOS;;B1900235500000;ORIGINAL;NÃO;BRASIL;5005931;MOBI CINE AÇAILÂNDIA SALA 03;2;6000040;38236;38237;AÇAILÂNDIA;MA;C A V LEMOS E CIA LTDA - ME;14.717.191/0001-11
07/09/2020;07/09/2020 18:30:01;WONDER PARK;O PARQUE DOS SONHOS;E1900025300000;DUBLADO;NÃO;ESTADOS UNIDOS;5006619;DRIVE - GYN SERRA DOURADA 03;24;6000039;45898;46312;GOIÂNIA;GO;DRIVE-GYN ENTRETENIMENTO LTDA;37.109.882/0001-38
07/09/2020;07/09/2020 18:40:00;BACK TO THE FUTURE;DE VOLTA PARA O FUTURO;E1402513800000;DUBLADO;NÃO;ESTADOS UNIDOS;5005751;CINE WEST SALA 03;13;;14882;14883;CASCAVEL;PR;WEST SIDE SHOPPING CENTER LTDA;68.761.170/0001-22
07/09/2020;07/09/2020 18:40:00;BLACK PANTHER;PANTERA NEGRA;E1700512400000;DUBLADO;NÃO;ESTADOS UNIDOS;5001498;MOVIECOM CASTANHEIRA 3;50;6000100;2897;2896;BELÉM;PA;MOVIE CINEMAS LTDA;04.708.972/0001-96
07/09/2020;07/09/2020 18:40:00;JAWS;TUBARÃO;E1402577300000;ORIGINAL;SIM;ESTADOS UNIDOS;5005428;UCI BRASIL - SHOPPING BOSQUE GRÃO PARÁ SALA 03;0;6000058;749;32026;BELÉM;PA;UNITED CINEMAS INTERNATIONAL BRASIL LTDA.;01.289.530/0001-64
07/09/2020;07/09/2020 18:40:00;JOKER;CORINGA;E1900357300000;DUBLADO;NÃO;CANADÁ;5006494;CINE INTER SANTA INES 02;10;6000140;44834;44835;SANTA INÊS;MA;CINEINTER EXIBICOES CINEMATOGRAFICAS LTDA;35.477.354/0001-06
07/09/2020;07/09/2020 18:40:00;JURASSIC WORLD: FALLEN KINGDOM;JURASSIC WORLD - REINO AMEAÇADO;E1800169900000;DUBLADO;NÃO;ESTADOS UNIDOS;5004822;KINOPLEX AMAZONAS SALA 04;63;6000037;1991;2393;MANAUS;AM;EMPRESA CINEMAS SÃO LUIZ S/A;33.497.660/0001-89
07/09/2020;07/09/2020 18:40:00;THE GREAT WALL;A GRANDE MURALHA;E1500758300000;ORIGINAL;SIM;ESTADOS UNIDOS;5006618;DRIVE - GYN SERRA DOURADA 02;7;6000039;45898;46312;GOIÂNIA;GO;DRIVE-GYN ENTRETENIMENTO LTDA;37.109.882/0001-38
07/09/2020;07/09/2020 18:40:00;THE SECRET: DARE TO DREAM;O SEGREDO: OUSE SONHAR;E2000080600000;DUBLADO;NÃO;ESTADOS UNIDOS;5005151;CINÉPOLIS MILLENNIUM - SALA 3;9;6000024;17266;30116;MANAUS;AM;CINEPOLIS OPERADORA DE CINEMAS DO BRASIL LTDA;09.652.820/0001-32
07/09/2020;07/09/2020 18:40:00;THE SECRET: DARE TO DREAM;O SEGREDO: OUSE SONHAR;E2000080600000;DUBLADO;NÃO;ESTADOS UNIDOS;5002257;MOVIECOM PATIO BELÉM 2;7;6000100;2897;13915;BELÉM;PA;MOVIE CINEMAS LTDA;04.708.972/0001-96
07/09/2020;07/09/2020 18:40:00;TWILIGHT;CREPÚSCULO;E1600635500000;DUBLADO;NÃO;ESTADOS UNIDOS;5006423;GRUPOCINE ITAPECERICA 03;0;6000034;44276;44290;ITAPECERICA DA SERRA;SP;EMPRESA CINEMATOGRAFICA BOMBOCINE LTDA;21.298.337/0001-05
07/09/2020;07/09/2020 18:40:01;HOW TO TRAIN YOUR DRAGON: THE HIDDEN WORLD;COMO TREINAR O SEU DRAGÃO 3;E1800532200000;DUBLADO;NÃO;ESTADOS UNIDOS;5006574;DRIVE IN CINEART ALPHAVILLE;19;6000013;437;45925;NOVA LIMA;MG;DELTA FILMES LTDA;01.735.159/0001-17
07/09/2020;07/09/2020 18:45:00;ATÉ QUE A SORTE NOS SEPARE;;B1201657700000;ORIGINAL;NÃO;BRASIL;5006410;GRUPOCINE ITAPETININGA 02;0;6000034;44276;44287;ITAPETININGA;SP;EMPRESA CINEMATOGRAFICA BOMBOCINE LTDA;21.298.337/0001-05
07/09/2020;07/09/2020 18:45:00;GET OUT;CORRA!;E1700047300000;DUBLADO;NÃO;ESTADOS UNIDOS;5006415;GRUPOCINE MARANGUAPE 02;2;6000034;44276;44288;MARANGUAPE;CE;EMPRESA CINEMATOGRAFICA BOMBOCINE LTDA;21.298.337/0001-05
07/09/2020;07/09/2020 18:45:00;QUEEN OF SPADES: THROUGH THE LOOKING GLASS;A MALDIÇÃO DO ESPELHO;E1900574500000;DUBLADO;NÃO;RÚSSIA;5005157;CINÉPOLIS MANAUS PLAZA - SALA 1;5;6000024;17266;30118;MANAUS;AM;CINEPOLIS OPERADORA DE CINEMAS DO BRASIL LTDA;09.652.820/0001-32
07/09/2020;07/09/2020 18:45:00;QUEEN OF SPADES: THROUGH THE LOOKING GLASS;A MALDIÇÃO DO ESPELHO;E1900574500000;DUBLADO;NÃO;RÚSSIA;5002938;SALA 04;37;6000024;17266;17763;BELÉM;PA;CINEPOLIS OPERADORA DE CINEMAS DO BRASIL LTDA;09.652.820/0001-32
07/09/2020;07/09/2020 18:45:00;THE INVISIBLE MAN;O HOMEM INVISÍVEL;E1900438600000;DUBLADO;NÃO;AUSTRÁLIA;5005327;UCI BRASIL - SUMAÚMA PARK SHOPPING MANAUS SALA 04;33;6000058;749;31265;MANAUS;AM;UNITED CINEMAS INTERNATIONAL BRASIL LTDA.;01.289.530/0001-64
07/09/2020;07/09/2020 18:50:00;BLACK PANTHER;PANTERA NEGRA;E1700512400000;DUBLADO;NÃO;ESTADOS UNIDOS;5006384;GRUPOCINE SANTA ISABEL 02;4;6000034;44276;44277;SANTA ISABEL;SP;EMPRESA CINEMATOGRAFICA BOMBOCINE LTDA;21.298.337/0001-05
07/09/2020;07/09/2020 18:50:00;E.T. THE EXTRA-TERRESTRIAL;E.T. O EXTRATERRESTRE;E1402648300000;DUBLADO;NÃO;ESTADOS UNIDOS;5006416;GRUPOCINE MARANGUAPE 03;11;6000034;44276;44288;MARANGUAPE;CE;EMPRESA CINEMATOGRAFICA BOMBOCINE LTDA;21.298.337/0001-05
07/09/2020;07/09/2020 18:50:00;GET OUT;CORRA!;E1700047300000;DUBLADO;NÃO;ESTADOS UNIDOS;5006464;GRUPOCINE EUSÉBIO 04;10;6000034;44276;44457;EUSÉBIO;CE;EMPRESA CINEMATOGRAFICA BOMBOCINE LTDA;21.298.337/0001-05
07/09/2020;07/09/2020 18:50:00;HALLOWEEN;HALLOWEEN;E1800335600000;DUBLADO;NÃO;ESTADOS UNIDOS;5006617;DRIVE - GYN SERRA DOURADA 01;5;6000039;45898;46312;GOIÂNIA;GO;DRIVE-GYN ENTRETENIMENTO LTDA;37.109.882/0001-38
07/09/2020;07/09/2020 18:50:00;QUEEN OF SPADES: THROUGH THE LOOKING GLASS;A MALDIÇÃO DO ESPELHO;E1900574500000;DUBLADO;NÃO;RÚSSIA;5002726;SALA CINE PLAYARTE MANAUARA 06;55;6000049;260;16356;MANAUS;AM;PLAYARTE CINEMAS LTDA.;60.434.149/0001-00
07/09/2020;07/09/2020 19:00:00;BAD BOYS FOR LIFE;BAD BOYS PARA SEMPRE;E1900525600000;DUBLADO;NÃO;ESTADOS UNIDOS;5006621;CINEPLUS PLANETA DRIVE IN PINHAIS;0;6000023;15673;46339;PINHAIS;PR;VITOMAQ PRODUÇÕES ARTISTICAS E CINEMA LTDA - ME;07.617.254/0001-00
07/09/2020;07/09/2020 19:00:00;BLOODSHOT;BLOODSHOT;E1900579400000;DUBLADO;NÃO;ESTADOS UNIDOS;5005957;MOBI CINE REDENÇÃO SALA 2;11;6000040;28561;38513;REDENÇÃO;PA;C A VIEIRA LEMOS E CIA LTDA;20.334.881/0001-94
07/09/2020;07/09/2020 19:00:00;BLOODSHOT;BLOODSHOT;E1900579400000;DUBLADO;NÃO;ESTADOS UNIDOS;5001503;MOVIECOM CASTANHEIRA 6;18;6000100;2897;2896;BELÉM;PA;MOVIE CINEMAS LTDA;04.708.972/0001-96
07/09/2020;07/09/2020 19:00:00;EL ROBO DEL SIGLO;O ROUBO DO SÉCULO;E2000030900000;DUBLADO;NÃO;ARGENTINA;5006493;CINE INTER SANTA INES 01;11;6000140;44834;44835;SANTA INÊS;MA;CINEINTER EXIBICOES CINEMATOGRAFICAS LTDA;35.477.354/0001-06
07/09/2020;07/09/2020 19:00:00;ESCAPE FROM PRETORIA;FUGA DE PRETÓRIA;E2000249400000;ORIGINAL;SIM;ÁFRICA DO SUL;5002941;SALA 02;14;6000024;17266;17763;BELÉM;PA;CINEPOLIS OPERADORA DE CINEMAS DO BRASIL LTDA;09.652.820/0001-32
07/09/2020;07/09/2020 19:00:00;GET OUT;CORRA!;E1700047300000;DUBLADO;NÃO;ESTADOS UNIDOS;5006413;GRUPOCINE ITAPETININGA 05;4;6000034;44276;44287;ITAPETININGA;SP;EMPRESA CINEMATOGRAFICA BOMBOCINE LTDA;21.298.337/0001-05
07/09/2020;07/09/2020 19:00:00;JUMANJI: NEXT LEVEL;JUMANJI: PROXIMA FASE;E1900458100000;DUBLADO;NÃO;ESTADOS UNIDOS;5005930;MOBI CINE AÇAILÂNDIA SALA 02;0;6000040;38236;38237;AÇAILÂNDIA;MA;C A V LEMOS E CIA LTDA - ME;14.717.191/0001-11
07/09/2020;07/09/2020 19:00:00;MY SPY;APRENDIZ DE ESPIÃ;E1900289600000;DUBLADO;NÃO;ESTADOS UNIDOS;5005642;CINE LASER BARRA DO GARÇAS SALA 01;7;6000104;33805;33806;BARRA DO GARÇAS;MT;CINE LASER BARRA DO GARÇAS LTDA- ME;24.864.214/0001-74
07/09/2020;07/09/2020 19:00:00;Mostras e Festivais;;G0000000000004;ORIGINAL;SIM;;5005697;CINEPOLIS RIOMAR KENNEDY - SALA 06;22;6000024;17266;34309;FORTALEZA;CE;CINEPOLIS OPERADORA DE CINEMAS DO BRASIL LTDA;09.652.820/0001-32
07/09/2020;07/09/2020 19:00:00;Mostras e Festivais;;G0000000000004;ORIGINAL;SIM;;5005161;CINÉPOLIS MANAUS PLAZA - SALA 5;4;6000024;17266;30118;MANAUS;AM;CINEPOLIS OPERADORA DE CINEMAS DO BRASIL LTDA;09.652.820/0001-32
07/09/2020;07/09/2020 19:00:00;QUEEN OF SPADES: THROUGH THE LOOKING GLASS;A MALDIÇÃO DO ESPELHO;E1900574500000;DUBLADO;NÃO;RÚSSIA;5000164;NORTH SHOPPING 5;59;6000037;1991;2414;FORTALEZA;CE;EMPRESA CINEMAS SÃO LUIZ S/A;33.497.660/0001-89
07/09/2020;07/09/2020 19:00:00;SMALLFOOT;PÉPEQUENO;E1800215200000;DUBLADO;NÃO;ESTADOS UNIDOS;5005965;CINE SUL SALA 01;5;6000121;38751;38752;MEDIANEIRA;PR;L N DA ROCHA & CIA LTDA - ME;29.099.414/0001-00
07/09/2020;07/09/2020 19:00:00;THE GENTLEMEN;MAGNATAS DO CRIME;E2000005600000;DUBLADO;NÃO;ESTADOS UNIDOS;5005721;CINEFLIX VALPARAISO SALA 04;8;6000014;24534;34628;VALPARAÍSO DE GOIÁS;GO;REDECINE BSB CINEMATOGRÁFICA LTDA;18.087.870/0001-05
07/09/2020;07/09/2020 19:00:00;THE GENTLEMEN;MAGNATAS DO CRIME;E2000005600000;DUBLADO;NÃO;ESTADOS UNIDOS;5005153;CINÉPOLIS MILLENNIUM - SALA 5;0;6000024;17266;30116;MANAUS;AM;CINEPOLIS OPERADORA DE CINEMAS DO BRASIL LTDA;09.652.820/0001-32
07/09/2020;07/09/2020 19:00:00;THE SECRET LIFE OF PETS 2;PETS: A VIDA SECRETA DOS BICHOS 2;E1900162100000;DUBLADO;NÃO;ESTADOS UNIDOS;5006620;CINEMAIS MONTES CLAROS DRIVE IN;3;6000017;2892;23844;MONTES CLAROS;MG;CINEMAIS CINEMAS LTDA;03.868.869/0001-40
07/09/2020;07/09/2020 19:00:00;THE SECRET: DARE TO DREAM;O SEGREDO: OUSE SONHAR;E2000080600000;DUBLADO;NÃO;ESTADOS UNIDOS;5005722;CINEFLIX VALPARAISO SALA 05;8;6000014;24534;34628;VALPARAÍSO DE GOIÁS;GO;REDECINE BSB CINEMATOGRÁFICA LTDA;18.087.870/0001-05
07/09/2020;07/09/2020 19:00:00;THE SECRET: DARE TO DREAM;O SEGREDO: OUSE SONHAR;E2000080600000;DUBLADO;NÃO;ESTADOS UNIDOS;5004879;CIRCUITO CINEMAS PBAS- SALA 01;15;6000028;15568;27873;PARAUAPEBAS;PA;CIRCUITO ENTRETENIMENTO E CINEMAS LTDA;08.068.712/0001-54
07/09/2020;07/09/2020 19:00:00;THE SECRET: DARE TO DREAM;O SEGREDO: OUSE SONHAR;E2000080600000;DUBLADO;NÃO;ESTADOS UNIDOS;5005273;MULTICINE SANTA MARIA SALA 04;0;6000045;5935;30733;BRASÍLIA;DF;MULTICINE CINEMAS LTDA;07.609.246/0001-04
07/09/2020;07/09/2020 19:00:01;ATÉ QUE A SORTE NOS SEPARE;;B1201657700000;ORIGINAL;NÃO;BRASIL;5006461;GRUPOCINE EUSÉBIO 01;1;6000034;44276;44457;EUSÉBIO;CE;EMPRESA CINEMATOGRAFICA BOMBOCINE LTDA;21.298.337/0001-05
07/09/2020;07/09/2020 19:00:01;THE SECRET LIFE OF PETS 2;PETS: A VIDA SECRETA DOS BICHOS 2;E1900162100000;DUBLADO;NÃO;ESTADOS UNIDOS;5006560;CINE A ITAJUBÁ DRIVE-IN;1;6000008;15833;41725;ITAJUBÁ;MG;CINE A LTDA;10.894.937/0001-01
07/09/2020;07/09/2020 19:00:01;TWILIGHT;CREPÚSCULO;E1600635500000;ORIGINAL;SIM;ESTADOS UNIDOS;5006365;ALFENAS SALA 2;1;6000008;15833;44017;ALFENAS;MG;CINE A LTDA;10.894.937/0001-01
07/09/2020;07/09/2020 19:00:01;TWILIGHT;CREPÚSCULO;E1600635500000;ORIGINAL;SIM;ESTADOS UNIDOS;5006072;CINE A ALTAMIRA SALA 02;1;6000008;28464;33426;ALTAMIRA;PA;CINE A MARABA LTDA;21.160.773/0001-05
07/09/2020;07/09/2020 19:05:00;BACK TO THE FUTURE;DE VOLTA PARA O FUTURO;E1402513800000;DUBLADO;NÃO;ESTADOS UNIDOS;5006411;GRUPOCINE ITAPETININGA 03;3;6000034;44276;44287;ITAPETININGA;SP;EMPRESA CINEMATOGRAFICA BOMBOCINE LTDA;21.298.337/0001-05
07/09/2020;07/09/2020 19:05:00;MINHA MÃE É UMA PEÇA;;B1301808100000;ORIGINAL;NÃO;BRASIL;5006463;GRUPOCINE EUSÉBIO 03;0;6000034;44276;44457;EUSÉBIO;CE;EMPRESA CINEMATOGRAFICA BOMBOCINE LTDA;21.298.337/0001-05
07/09/2020;07/09/2020 19:05:00;MINHA MÃE É UMA PEÇA;;B1301808100000;ORIGINAL;NÃO;BRASIL;5006383;GRUPOCINE SANTA ISABEL 01;0;6000034;44276;44277;SANTA ISABEL;SP;EMPRESA CINEMATOGRAFICA BOMBOCINE LTDA;21.298.337/0001-05
07/09/2020;07/09/2020 19:05:00;THE SECRET: DARE TO DREAM;O SEGREDO: OUSE SONHAR;E2000080600000;DUBLADO;NÃO;ESTADOS UNIDOS;5006358;MULTICINE IANDE SHOPPING 3;0;6000045;5935;43968;CAUCAIA;CE;MULTICINE CINEMAS LTDA;07.609.246/0001-04
07/09/2020;07/09/2020 19:10:00;BACK TO THE FUTURE;DE VOLTA PARA O FUTURO;E1402513800000;DUBLADO;NÃO;ESTADOS UNIDOS;5006462;GRUPOCINE EUSÉBIO 02;2;6000034;44276;44457;EUSÉBIO;CE;EMPRESA CINEMATOGRAFICA BOMBOCINE LTDA;21.298.337/0001-05
07/09/2020;07/09/2020 19:10:00;QUEEN OF SPADES: THROUGH THE LOOKING GLASS;A MALDIÇÃO DO ESPELHO;E1900574500000;DUBLADO;NÃO;RÚSSIA;5000080;KINOPLEX AMAZONAS SALA 02;68;6000037;1991;2393;MANAUS;AM;EMPRESA CINEMAS SÃO LUIZ S/A;33.497.660/0001-89
07/09/2020;07/09/2020 19:10:00;THE SECRET: DARE TO DREAM;O SEGREDO: OUSE SONHAR;E2000080600000;DUBLADO;NÃO;ESTADOS UNIDOS;5005929;MOBI CINE AÇAILÂNDIA SALA 01;0;6000040;38236;38237;AÇAILÂNDIA;MA;C A V LEMOS E CIA LTDA - ME;14.717.191/0001-11
07/09/2020;07/09/2020 19:15:00;MINHA MÃE É UMA PEÇA;;B1301808100000;ORIGINAL;NÃO;BRASIL;5006412;GRUPOCINE ITAPETININGA 04;1;6000034;44276;44287;ITAPETININGA;SP;EMPRESA CINEMATOGRAFICA BOMBOCINE LTDA;21.298.337/0001-05
07/09/2020;07/09/2020 19:15:00;QUEEN OF SPADES: THROUGH THE LOOKING GLASS;A MALDIÇÃO DO ESPELHO;E1900574500000;DUBLADO;NÃO;RÚSSIA;5003483;SALA PQ.BELEM 02;17;6000024;17266;21616;BELÉM;PA;CINEPOLIS OPERADORA DE CINEMAS DO BRASIL LTDA;09.652.820/0001-32
07/09/2020;07/09/2020 19:20:00;CAPTAIN MARVEL;CAPITÃ MARVEL;E1900011200000;DUBLADO;NÃO;ESTADOS UNIDOS;5002722;SALA CINE PLAYARTE MANAUARA 07;26;6000049;260;16356;MANAUS;AM;PLAYARTE CINEMAS LTDA.;60.434.149/0001-00
07/09/2020;07/09/2020 19:20:00;EL ROBO DEL SIGLO;O ROUBO DO SÉCULO;E2000030900000;ORIGINAL;SIM;ARGENTINA;5002255;MOVIECOM PATIO BELÉM 1;4;6000100;2897;13915;BELÉM;PA;MOVIE CINEMAS LTDA;04.708.972/0001-96
07/09/2020;07/09/2020 19:20:00;MINHA MÃE É UMA PEÇA;;B1301808100000;ORIGINAL;NÃO;BRASIL;5006414;GRUPOCINE MARANGUAPE 01;0;6000034;44276;44288;MARANGUAPE;CE;EMPRESA CINEMATOGRAFICA BOMBOCINE LTDA;21.298.337/0001-05
07/09/2020;07/09/2020 19:20:00;QUEEN OF SPADES: THROUGH THE LOOKING GLASS;A MALDIÇÃO DO ESPELHO;E1900574500000;DUBLADO;NÃO;RÚSSIA;5004472;SALA CINEPOLIS NORTH SHOPPING JOQUEI 02;22;6000024;17266;25960;FORTALEZA;CE;CINEPOLIS OPERADORA DE CINEMAS DO BRASIL LTDA;09.652.820/0001-32
07/09/2020;07/09/2020 19:20:00;QUEEN OF SPADES: THROUGH THE LOOKING GLASS;A MALDIÇÃO DO ESPELHO;E1900574500000;ORIGINAL;SIM;RÚSSIA;5005429;UCI BRASIL - SHOPPING BOSQUE GRÃO PARÁ SALA 04;26;6000058;749;32026;BELÉM;PA;UNITED CINEMAS INTERNATIONAL BRASIL LTDA.;01.289.530/0001-64
07/09/2020;07/09/2020 19:20:00;THE SECRET LIFE OF PETS 2;PETS: A VIDA SECRETA DOS BICHOS 2;E1900162100000;DUBLADO;NÃO;ESTADOS UNIDOS;5006605;MULTICINE MOSSORÓ DRIVE IN;8;6000045;5935;17881;MOSSORÓ;RN;MULTICINE CINEMAS LTDA;07.609.246/0001-04
07/09/2020;07/09/2020 19:20:00;THE SECRET: DARE TO DREAM;O SEGREDO: OUSE SONHAR;E2000080600000;DUBLADO;NÃO;ESTADOS UNIDOS;5001505;MOVIECOM CASTANHEIRA 7;5;6000100;2897;2896;BELÉM;PA;MOVIE CINEMAS LTDA;04.708.972/0001-96
07/09/2020;07/09/2020 19:25:00;QUEEN OF SPADES: THROUGH THE LOOKING GLASS;A MALDIÇÃO DO ESPELHO;E1900574500000;DUBLADO;NÃO;RÚSSIA;5005958;MOBI CINE REDENÇÃO SALA 3;12;6000040;28561;38513;REDENÇÃO;PA;C A VIEIRA LEMOS E CIA LTDA;20.334.881/0001-94
07/09/2020;07/09/2020 19:30:00;EL ROBO DEL SIGLO;O ROUBO DO SÉCULO;E2000030900000;ORIGINAL;SIM;ARGENTINA;5005094;CINÉPOLIS SÃO GONÇALO SHOPPING - SALA 3;2;6000024;17266;30088;SÃO GONÇALO;RJ;CINEPOLIS OPERADORA DE CINEMAS DO BRASIL LTDA;09.652.820/0001-32
07/09/2020;07/09/2020 19:30:00;EL ROBO DEL SIGLO;O ROUBO DO SÉCULO;E2000030900000;ORIGINAL;SIM;ARGENTINA;5006472;REDECINE SUMARE 01;5;6000014;5654;44547;SUMARÉ;SP;REDECINE-CPQ CINEMATOGRÁFICA LTDA;07.665.262/0001-14
07/09/2020;07/09/2020 19:30:00;HARRY POTTER AND THE SORCERER'S STONE;HARRY POTTER AND THE SORCERER'S STONE;E1900440700000;ORIGINAL;SIM;ESTADOS UNIDOS;5005975;CINESYSTEM ANANINDEUA SALA 01;8;6000027;22546;38898;ANANINDEUA;PA;REDECINE BRA CINEMATOGRÁFICA S.A.;15.422.993/0001-67
07/09/2020;07/09/2020 19:30:00;QUEEN OF SPADES: THROUGH THE LOOKING GLASS;A MALDIÇÃO DO ESPELHO;E1900574500000;DUBLADO;NÃO;RÚSSIA;5005925;CENTERPLEX GRANDE CIRCULAR 02;4;6000006;38234;38235;MANAUS;AM;CINE ELI AMAZONAS CINEMAS LTDA - EM RECUPERAÇÃO JUDICIAL;28.619.116/0001-22
07/09/2020;07/09/2020 19:30:00;THE GENTLEMEN;MAGNATAS DO CRIME;E2000005600000;ORIGINAL;SIM;ESTADOS UNIDOS;5002942;SALA 07;13;6000024;17266;17763;BELÉM;PA;CINEPOLIS OPERADORA DE CINEMAS DO BRASIL LTDA;09.652.820/0001-32
07/09/2020;07/09/2020 19:30:00;THE GENTLEMEN;MAGNATAS DO CRIME;E2000005600000;DUBLADO;NÃO;ESTADOS UNIDOS;5004369;SALA CINEPOLIS PONTA NEGRA 06 TRADICIONAL;22;6000024;17266;25193;MANAUS;AM;CINEPOLIS OPERADORA DE CINEMAS DO BRASIL LTDA;09.652.820/0001-32
07/09/2020;07/09/2020 19:30:00;THE SECRET: DARE TO DREAM;O SEGREDO: OUSE SONHAR;E2000080600000;DUBLADO;NÃO;ESTADOS UNIDOS;5005644;CINE LASER BARRA DO GARÇAS SALA 03;16;6000104;33805;33806;BARRA DO GARÇAS;MT;CINE LASER BARRA DO GARÇAS LTDA- ME;24.864.214/0001-74
07/09/2020;07/09/2020 19:30:00;THE SECRET: DARE TO DREAM;O SEGREDO: OUSE SONHAR;E2000080600000;DUBLADO;NÃO;ESTADOS UNIDOS;5006533;CINE LASER SANTAREM 1;1;6000104;44323;45275;SANTARÉM;PA;CINE LASER CINEMAS NORDESTE LTDA;34.860.287/0001-41
07/09/2020;07/09/2020 19:30:00;THE SECRET: DARE TO DREAM;O SEGREDO: OUSE SONHAR;E2000080600000;DUBLADO;NÃO;ESTADOS UNIDOS;5003147;CINE LASER SORRISO 1;18;6000104;19465;19467;SORRISO;MT;CINE LASER CINEMAS LTDA;03.569.447/0001-74
07/09/2020;07/09/2020 19:40:00;HARRY POTTER AND THE SORCERER'S STONE;HARRY POTTER AND THE SORCERER'S STONE;E1900440700000;ORIGINAL;SIM;ESTADOS UNIDOS;5001502;MOVIECOM CASTANHEIRA 5;6;6000100;2897;2896;BELÉM;PA;MOVIE CINEMAS LTDA;04.708.972/0001-96
07/09/2020;07/09/2020 19:40:00;THE AVENGERS;THE AVENGERS: OS VINGADORES;E1500275200000;DUBLADO;NÃO;ESTADOS UNIDOS;5005966;CINE SUL SALA 02;5;6000121;38751;38752;MEDIANEIRA;PR;L N DA ROCHA & CIA LTDA - ME;29.099.414/0001-00
07/09/2020;07/09/2020 19:40:00;THE GENTLEMEN;MAGNATAS DO CRIME;E2000005600000;DUBLADO;NÃO;ESTADOS UNIDOS;5002727;SALA CINE PLAYARTE MANAUARA 04;44;6000049;260;16356;MANAUS;AM;PLAYARTE CINEMAS LTDA.;60.434.149/0001-00
07/09/2020;07/09/2020 19:45:00;BACK TO THE FUTURE;DE VOLTA PARA O FUTURO;E1402513800000;ORIGINAL;SIM;ESTADOS UNIDOS;5005160;CINÉPOLIS MANAUS PLAZA - SALA 4;9;6000024;17266;30118;MANAUS;AM;CINEPOLIS OPERADORA DE CINEMAS DO BRASIL LTDA;09.652.820/0001-32
07/09/2020;07/09/2020 19:45:00;BLACK PANTHER;PANTERA NEGRA;E1700512400000;DUBLADO;NÃO;ESTADOS UNIDOS;5005338;CINEMAS BENFICA - SALA 4;23;;15690;15691;FORTALEZA;CE;CINEMAS BENFICA LTDA;07.509.597/0001-43
07/09/2020;07/09/2020 19:45:00;Mostras e Festivais;;G0000000000004;ORIGINAL;SIM;;5005150;CINÉPOLIS MILLENNIUM - SALA 2;10;6000024;17266;30116;MANAUS;AM;CINEPOLIS OPERADORA DE CINEMAS DO BRASIL LTDA;09.652.820/0001-32
07/09/2020;07/09/2020 19:45:00;THE SECRET: DARE TO DREAM;O SEGREDO: OUSE SONHAR;E2000080600000;DUBLADO;NÃO;ESTADOS UNIDOS;5005099;CINÉPOLIS SÃO GONÇALO SHOPPING - SALA 8;6;6000024;17266;30088;SÃO GONÇALO;RJ;CINEPOLIS OPERADORA DE CINEMAS DO BRASIL LTDA;09.652.820/0001-32
07/09/2020;07/09/2020 19:45:00;WONDER WOMAN;MULHER-MARAVILHA;E1700197900000;DUBLADO;NÃO;ESTADOS UNIDOS;5005329;UCI BRASIL - SUMAÚMA PARK SHOPPING MANAUS SALA 06;45;6000058;749;31265;MANAUS;AM;UNITED CINEMAS INTERNATIONAL BRASIL LTDA.;01.289.530/0001-64
07/09/2020;07/09/2020 19:50:00;Eventos Esportivos;;G0000000000001;ORIGINAL;SIM;;5006475;REDECINE SUMARE 04;0;6000014;5654;44547;SUMARÉ;SP;REDECINE-CPQ CINEMATOGRÁFICA LTDA;07.665.262/0001-14
07/09/2020;07/09/2020 19:50:00;THE GENTLEMEN;MAGNATAS DO CRIME;E2000005600000;ORIGINAL;SIM;ESTADOS UNIDOS;5002253;MOVIECOM PATIO BELÉM 4;4;6000100;2897;13915;BELÉM;PA;MOVIE CINEMAS LTDA;04.708.972/0001-96
07/09/2020;07/09/2020 19:55:00;ESCAPE FROM PRETORIA;FUGA DE PRETÓRIA;E2000249400000;DUBLADO;NÃO;ÁFRICA DO SUL;5005981;CINESYSTEM ANANINDEUA SALA 07;11;6000027;22546;38898;ANANINDEUA;PA;REDECINE BRA CINEMATOGRÁFICA S.A.;15.422.993/0001-67
07/09/2020;07/09/2020 19:55:00;Mostras e Festivais;;G0000000000004;DUBLADO;NÃO;;5006357;MULTICINE IANDE SHOPPING 2;5;6000045;5935;43968;CAUCAIA;CE;MULTICINE CINEMAS LTDA;07.609.246/0001-04
07/09/2020;07/09/2020 19:55:00;Mostras e Festivais;;G0000000000004;DUBLADO;NÃO;;5005274;MULTICINE SANTA MARIA SALA 05;8;6000045;5935;30733;BRASÍLIA;DF;MULTICINE CINEMAS LTDA;07.609.246/0001-04
07/09/2020;07/09/2020 20:00:00;BLOODSHOT;BLOODSHOT;E1900579400000;DUBLADO;NÃO;ESTADOS UNIDOS;5005928;CENTERPLEX GRANDE CIRCULAR 05;5;6000006;38234;38235;MANAUS;AM;CINE ELI AMAZONAS CINEMAS LTDA - EM RECUPERAÇÃO JUDICIAL;28.619.116/0001-22
07/09/2020;07/09/2020 20:00:00;EL ROBO DEL SIGLO;O ROUBO DO SÉCULO;E2000030900000;ORIGINAL;NÃO;ARGENTINA;5002102;CINE DRIVEIN;154;;5465;6715;BRASÍLIA;DF;STARK'S CINEMA E LANCHONETE LTDA.;32.917.296/0001-04
07/09/2020;07/09/2020 20:00:00;EL ROBO DEL SIGLO;O ROUBO DO SÉCULO;E2000030900000;ORIGINAL;SIM;ARGENTINA;5002940;SALA 03;13;6000024;17266;17763;BELÉM;PA;CINEPOLIS OPERADORA DE CINEMAS DO BRASIL LTDA;09.652.820/0001-32
07/09/2020;07/09/2020 20:00:00;ESCAPE FROM PRETORIA;FUGA DE PRETÓRIA;E2000249400000;DUBLADO;NÃO;ÁFRICA DO SUL;5006476;REDECINE SUMARE 05;2;6000014;5654;44547;SUMARÉ;SP;REDECINE-CPQ CINEMATOGRÁFICA LTDA;07.665.262/0001-14
07/09/2020;07/09/2020 20:00:00;ESCAPE FROM PRETORIA;FUGA DE PRETÓRIA;E2000249400000;ORIGINAL;SIM;ÁFRICA DO SUL;5004697;SALA RIOMAR 4 -VIP;21;6000024;17266;27076;FORTALEZA;CE;CINEPOLIS OPERADORA DE CINEMAS DO BRASIL LTDA;09.652.820/0001-32
07/09/2020;07/09/2020 20:00:00;HARRY POTTER AND THE PHILOSOPHER'S STONE;HARRY POTTER E A PEDRA FILOSOFAL;E1500138600000;ORIGINAL;SIM;ESTADOS UNIDOS;5006465;GRUPOCINE EUSÉBIO 05;0;6000034;44276;44457;EUSÉBIO;CE;EMPRESA CINEMATOGRAFICA BOMBOCINE LTDA;21.298.337/0001-05
07/09/2020;07/09/2020 20:00:00;QUEEN OF SPADES: THROUGH THE LOOKING GLASS;A MALDIÇÃO DO ESPELHO;E1900574500000;DUBLADO;NÃO;RÚSSIA;5005643;CINE LASER BARRA DO GARÇAS SALA 02;17;6000104;33805;33806;BARRA DO GARÇAS;MT;CINE LASER BARRA DO GARÇAS LTDA- ME;24.864.214/0001-74
07/09/2020;07/09/2020 20:00:00;QUEEN OF SPADES: THROUGH THE LOOKING GLASS;A MALDIÇÃO DO ESPELHO;E1900574500000;DUBLADO;NÃO;RÚSSIA;5006534;CINE LASER SANTAREM 2;12;6000104;44323;45275;SANTARÉM;PA;CINE LASER CINEMAS NORDESTE LTDA;34.860.287/0001-41
07/09/2020;07/09/2020 20:00:00;QUEEN OF SPADES: THROUGH THE LOOKING GLASS;A MALDIÇÃO DO ESPELHO;E1900574500000;DUBLADO;NÃO;RÚSSIA;5004593;CINE LASER SORRISO 2;13;6000104;19465;19467;SORRISO;MT;CINE LASER CINEMAS LTDA;03.569.447/0001-74
07/09/2020;07/09/2020 20:00:00;QUEEN OF SPADES: THROUGH THE LOOKING GLASS;A MALDIÇÃO DO ESPELHO;E1900574500000;DUBLADO;NÃO;RÚSSIA;5005977;CINESYSTEM ANANINDEUA SALA 03;38;6000027;22546;38898;ANANINDEUA;PA;REDECINE BRA CINEMATOGRÁFICA S.A.;15.422.993/0001-67
07/09/2020;07/09/2020 20:00:00;THE AVENGERS;THE AVENGERS: OS VINGADORES;E1500275200000;DUBLADO;NÃO;ESTADOS UNIDOS;5002565;CINE CATARATAS 2;2;;15565;15566;FOZ DO IGUAÇU;PR;CINE CATARATAS LTDA;09.010.219/0001-46
07/09/2020;07/09/2020 20:00:00;THE EXORCIST;O EXORCISTA;E1500099900000;ORIGINAL;SIM;ESTADOS UNIDOS;5005331;UCI BRASIL - SUMAÚMA PARK SHOPPING MANAUS SALA 08;27;6000058;749;31265;MANAUS;AM;UNITED CINEMAS INTERNATIONAL BRASIL LTDA.;01.289.530/0001-64
07/09/2020;07/09/2020 20:00:00;THE GENTLEMEN;MAGNATAS DO CRIME;E2000005600000;DUBLADO;NÃO;ESTADOS UNIDOS;5005092;CINÉPOLIS SÃO GONÇALO SHOPPING - SALA 1;13;6000024;17266;30088;SÃO GONÇALO;RJ;CINEPOLIS OPERADORA DE CINEMAS DO BRASIL LTDA;09.652.820/0001-32
07/09/2020;07/09/2020 20:00:00;THE GENTLEMEN;MAGNATAS DO CRIME;E2000005600000;ORIGINAL;SIM;ESTADOS UNIDOS;5005431;UCI BRASIL - SHOPPING BOSQUE GRÃO PARÁ SALA 06;26;6000058;749;32026;BELÉM;PA;UNITED CINEMAS INTERNATIONAL BRASIL LTDA.;01.289.530/0001-64
07/09/2020;07/09/2020 20:00:00;THE LION KING;O REI LEÃO;E1900267700000;DUBLADO;NÃO;ESTADOS UNIDOS;5002721;SALA CINE PLAYARTE MANAUARA 01;17;6000049;260;16356;MANAUS;AM;PLAYARTE CINEMAS LTDA.;60.434.149/0001-00
07/09/2020;07/09/2020 20:00:00;THE SECRET: DARE TO DREAM;O SEGREDO: OUSE SONHAR;E2000080600000;DUBLADO;NÃO;ESTADOS UNIDOS;5005693;CINEPOLIS RIOMAR KENNEDY - SALA 02;12;6000024;17266;34309;FORTALEZA;CE;CINEPOLIS OPERADORA DE CINEMAS DO BRASIL LTDA;09.652.820/0001-32
07/09/2020;07/09/2020 20:00:00;THE TURNING;OS ÓRFÃOS;E1900570900000;DUBLADO;NÃO;ESTADOS UNIDOS;5006539;CULT ALEGRETE 01;11;;45324;45325;ALEGRETE;RS;CULT CINEMAS ALEGRETE LTDA;34.712.675/0001-85
07/09/2020;07/09/2020 20:00:00;TWILIGHT;CREPÚSCULO;E1600635500000;ORIGINAL;SIM;ESTADOS UNIDOS;5002603;CINEMAS BENFICA - SALA 1;8;;15690;15691;FORTALEZA;CE;CINEMAS BENFICA LTDA;07.509.597/0001-43
07/09/2020;07/09/2020 20:00:00;WONDER WOMAN;MULHER-MARAVILHA;E1700197900000;DUBLADO;NÃO;ESTADOS UNIDOS;5005984;CINESYSTEM ANANINDEUA SALA 10;31;6000027;22546;38898;ANANINDEUA;PA;REDECINE BRA CINEMATOGRÁFICA S.A.;15.422.993/0001-67
07/09/2020;07/09/2020 20:00:00;WONDER WOMAN;MULHER-MARAVILHA;E1700197900000;DUBLADO;NÃO;ESTADOS UNIDOS;5001497;MOVIECOM CASTANHEIRA 2;8;6000100;2897;2896;BELÉM;PA;MOVIE CINEMAS LTDA;04.708.972/0001-96
07/09/2020;07/09/2020 20:05:00;ESCAPE FROM PRETORIA;FUGA DE PRETÓRIA;E2000249400000;ORIGINAL;SIM;ÁFRICA DO SUL;5003485;SALA PQ.BELEM 04;0;6000024;17266;21616;BELÉM;PA;CINEPOLIS OPERADORA DE CINEMAS DO BRASIL LTDA;09.652.820/0001-32
07/09/2020;07/09/2020 20:10:00;QUEEN OF SPADES: THROUGH THE LOOKING GLASS;A MALDIÇÃO DO ESPELHO;E1900574500000;DUBLADO;NÃO;RÚSSIA;5004184;CINEFLIX JK SHOPPING - SALA 1;0;6000014;24534;24535;BRASÍLIA;DF;REDECINE BSB CINEMATOGRÁFICA LTDA;18.087.870/0001-05
07/09/2020;07/09/2020 20:10:00;THE GENTLEMEN;MAGNATAS DO CRIME;E2000005600000;DUBLADO;NÃO;ESTADOS UNIDOS;5006473;REDECINE SUMARE 02;2;6000014;5654;44547;SUMARÉ;SP;REDECINE-CPQ CINEMATOGRÁFICA LTDA;07.665.262/0001-14
07/09/2020;07/09/2020 20:15:00;EL ROBO DEL SIGLO;O ROUBO DO SÉCULO;E2000030900000;ORIGINAL;SIM;ARGENTINA;5004373;SALA CINEPOLIS PONTA NEGRA 10 TRADICIONAL;3;6000024;17266;25193;MANAUS;AM;CINEPOLIS OPERADORA DE CINEMAS DO BRASIL LTDA;09.652.820/0001-32
07/09/2020;07/09/2020 20:15:00;JOHN WICK 3: PARABELLUM;JOHN WICK 3: PARABELLUM;E1900126300000;DUBLADO;NÃO;ESTADOS UNIDOS;5005306;CINEFLIX VÁRZEA GRANDE SHOPPING - SALA 3;13;6000014;24534;31101;VÁRZEA GRANDE;MT;REDECINE BSB CINEMATOGRÁFICA LTDA;18.087.870/0001-05
07/09/2020;07/09/2020 20:15:00;THE GENTLEMEN;MAGNATAS DO CRIME;E2000005600000;DUBLADO;NÃO;ESTADOS UNIDOS;5005924;CENTERPLEX GRANDE CIRCULAR 01;11;6000006;38234;38235;MANAUS;AM;CINE ELI AMAZONAS CINEMAS LTDA - EM RECUPERAÇÃO JUDICIAL;28.619.116/0001-22
07/09/2020;07/09/2020 20:20:00;BLOODSHOT;BLOODSHOT;E1900579400000;DUBLADO;NÃO;ESTADOS UNIDOS;5000160;NORTH SHOPPING 1;40;6000037;1991;2414;FORTALEZA;CE;EMPRESA CINEMAS SÃO LUIZ S/A;33.497.660/0001-89
07/09/2020;07/09/2020 20:20:00;ESCAPE FROM PRETORIA;FUGA DE PRETÓRIA;E2000249400000;ORIGINAL;SIM;ÁFRICA DO SUL;5005430;UCI BRASIL - SHOPPING BOSQUE GRÃO PARÁ SALA 05;6;6000058;749;32026;BELÉM;PA;UNITED CINEMAS INTERNATIONAL BRASIL LTDA.;01.289.530/0001-64
07/09/2020;07/09/2020 20:20:00;HARRY POTTER AND THE SORCERER'S STONE;HARRY POTTER AND THE SORCERER'S STONE;E1900440700000;ORIGINAL;SIM;ESTADOS UNIDOS;5002254;MOVIECOM PATIO BELÉM 5;23;6000100;2897;13915;BELÉM;PA;MOVIE CINEMAS LTDA;04.708.972/0001-96
07/09/2020;07/09/2020 20:20:00;THE AVENGERS: AGE OF ULTRON;VINGADORES: ERA DE ULTRON;E1500563200000;DUBLADO;NÃO;ESTADOS UNIDOS;5004185;CINEFLIX JK SHOPPING - SALA 2;5;6000014;24534;24535;BRASÍLIA;DF;REDECINE BSB CINEMATOGRÁFICA LTDA;18.087.870/0001-05
07/09/2020;07/09/2020 20:20:00;THE GENTLEMEN;MAGNATAS DO CRIME;E2000005600000;DUBLADO;NÃO;ESTADOS UNIDOS;5005305;CINEFLIX VÁRZEA GRANDE SHOPPING - SALA 2;21;6000014;24534;31101;VÁRZEA GRANDE;MT;REDECINE BSB CINEMATOGRÁFICA LTDA;18.087.870/0001-05
07/09/2020;07/09/2020 20:20:00;THE SECRET: DARE TO DREAM;O SEGREDO: OUSE SONHAR;E2000080600000;ORIGINAL;SIM;ESTADOS UNIDOS;5002719;SALA CINE PLAYARTE MANAUARA 05;10;6000049;260;16356;MANAUS;AM;PLAYARTE CINEMAS LTDA.;60.434.149/0001-00
07/09/2020;07/09/2020 20:20:00;TRÊS VERÕES;;B1900410500000;ORIGINAL;NÃO;FRANÇA;5006571;CINESYSTEM AMÉRICAS DRIVE-IN;2;6000027;5348;28834;RIO DE JANEIRO;RJ;REDECINE - RIO CINEMATOGRAFICA S.A.;07.524.011/0001-10
07/09/2020;07/09/2020 20:30:00;21 BRIDGES;CRIME SEM SAÍDA;E1900482200000;DUBLADO;NÃO;ESTADOS UNIDOS;5005979;CINESYSTEM ANANINDEUA SALA 05;20;6000027;22546;38898;ANANINDEUA;PA;REDECINE BRA CINEMATOGRÁFICA S.A.;15.422.993/0001-67
07/09/2020;07/09/2020 20:30:00;ALICE JÚNIOR;;B2000154900000;ORIGINAL;NÃO;BRASIL;5006610;CINESYSTEM DRIVE-IN AEROPORTO VITÓRIA;6;6000027;22546;46257;VITÓRIA;ES;REDECINE BRA CINEMATOGRÁFICA S.A.;15.422.993/0001-67
07/09/2020;07/09/2020 20:30:00;EL ROBO DEL SIGLO;O ROUBO DO SÉCULO;E2000030900000;ORIGINAL;SIM;ARGENTINA;5005152;CINÉPOLIS MILLENNIUM - SALA 4;4;6000024;17266;30116;MANAUS;AM;CINEPOLIS OPERADORA DE CINEMAS DO BRASIL LTDA;09.652.820/0001-32
07/09/2020;07/09/2020 20:30:00;ESCAPE FROM PRETORIA;FUGA DE PRETÓRIA;E2000249400000;ORIGINAL;SIM;ÁFRICA DO SUL;5005696;CINEPOLIS RIOMAR KENNEDY - SALA 05;2;6000024;17266;34309;FORTALEZA;CE;CINEPOLIS OPERADORA DE CINEMAS DO BRASIL LTDA;09.652.820/0001-32
07/09/2020;07/09/2020 20:30:00;ESCAPE FROM PRETORIA;FUGA DE PRETÓRIA;E2000249400000;ORIGINAL;SIM;ÁFRICA DO SUL;5005095;CINÉPOLIS SÃO GONÇALO SHOPPING - SALA 4;2;6000024;17266;30088;SÃO GONÇALO;RJ;CINEPOLIS OPERADORA DE CINEMAS DO BRASIL LTDA;09.652.820/0001-32
07/09/2020;07/09/2020 20:30:00;Eventos Esportivos;;G0000000000001;DUBLADO;NÃO;;5006474;REDECINE SUMARE 03;0;6000014;5654;44547;SUMARÉ;SP;REDECINE-CPQ CINEMATOGRÁFICA LTDA;07.665.262/0001-14
07/09/2020;07/09/2020 20:30:00;Mostras e Festivais;;G0000000000004;DUBLADO;NÃO;;5006073;CINE A ALTAMIRA SALA 03;3;6000008;28464;33426;ALTAMIRA;PA;CINE A MARABA LTDA;21.160.773/0001-05
07/09/2020;07/09/2020 20:30:00;Mostras e Festivais;;G0000000000004;ORIGINAL;SIM;;5004880;CIRCUITO CINEMAS PBAS- SALA 02;17;6000028;15568;27873;PARAUAPEBAS;PA;CIRCUITO ENTRETENIMENTO E CINEMAS LTDA;08.068.712/0001-54
07/09/2020;07/09/2020 20:30:00;Mostras e Festivais;;G0000000000004;ORIGINAL;SIM;;5003488;SALA PQ.BELEM 07;9;6000024;17266;21616;BELÉM;PA;CINEPOLIS OPERADORA DE CINEMAS DO BRASIL LTDA;09.652.820/0001-32
07/09/2020;07/09/2020 20:30:00;QUEEN OF SPADES: THROUGH THE LOOKING GLASS;A MALDIÇÃO DO ESPELHO;E1900574500000;DUBLADO;NÃO;RÚSSIA;5005307;CINEFLIX VÁRZEA GRANDE SHOPPING - SALA 4;35;6000014;24534;31101;VÁRZEA GRANDE;MT;REDECINE BSB CINEMATOGRÁFICA LTDA;18.087.870/0001-05
07/09/2020;07/09/2020 20:30:00;QUEEN OF SPADES: THROUGH THE LOOKING GLASS;A MALDIÇÃO DO ESPELHO;E1900574500000;DUBLADO;NÃO;RÚSSIA;5005931;MOBI CINE AÇAILÂNDIA SALA 03;9;6000040;38236;38237;AÇAILÂNDIA;MA;C A V LEMOS E CIA LTDA - ME;14.717.191/0001-11
07/09/2020;07/09/2020 20:30:00;QUEEN OF SPADES: THROUGH THE LOOKING GLASS;A MALDIÇÃO DO ESPELHO;E1900574500000;DUBLADO;NÃO;RÚSSIA;5005326;UCI BRASIL - SUMAÚMA PARK SHOPPING MANAUS SALA 03;69;6000058;749;31265;MANAUS;AM;UNITED CINEMAS INTERNATIONAL BRASIL LTDA.;01.289.530/0001-64
07/09/2020;07/09/2020 20:30:00;THE GENTLEMEN;MAGNATAS DO CRIME;E2000005600000;DUBLADO;NÃO;ESTADOS UNIDOS;5005980;CINESYSTEM ANANINDEUA SALA 06;11;6000027;22546;38898;ANANINDEUA;PA;REDECINE BRA CINEMATOGRÁFICA S.A.;15.422.993/0001-67
07/09/2020;07/09/2020 20:30:00;THE INVISIBLE MAN;O HOMEM INVISÍVEL;E1900438600000;DUBLADO;NÃO;AUSTRÁLIA;5004189;CINEFLIX JK SHOPPING - SALA 6;4;6000014;24534;24535;BRASÍLIA;DF;REDECINE BSB CINEMATOGRÁFICA LTDA;18.087.870/0001-05
07/09/2020;07/09/2020 20:30:00;THE SECRET: DARE TO DREAM;O SEGREDO: OUSE SONHAR;E2000080600000;DUBLADO;NÃO;ESTADOS UNIDOS;5000161;NORTH SHOPPING 2;10;6000037;1991;2414;FORTALEZA;CE;EMPRESA CINEMAS SÃO LUIZ S/A;33.497.660/0001-89
07/09/2020;07/09/2020 20:30:00;THE SECRET: DARE TO DREAM;O SEGREDO: OUSE SONHAR;E2000080600000;ORIGINAL;SIM;ESTADOS UNIDOS;5002937;SALA 06;18;6000024;17266;17763;BELÉM;PA;CINEPOLIS OPERADORA DE CINEMAS DO BRASIL LTDA;09.652.820/0001-32
07/09/2020;07/09/2020 20:30:00;TRÊS VERÕES;;B1900410500000;ORIGINAL;NÃO;FRANÇA;5006572;CINE 14 BIS DRIVE-IN;2;;5822;6623;GUAXUPÉ;MG;GUAXUPE PROMOCOES E EVENTOS LTDA;03.929.354/0001-03
07/09/2020;07/09/2020 20:30:01;Mostras e Festivais;;G0000000000004;DUBLADO;NÃO;;5006364;ALFENAS SALA 1;1;6000008;15833;44017;ALFENAS;MG;CINE A LTDA;10.894.937/0001-01
07/09/2020;07/09/2020 20:35:00;BUMBLEBEE;BUMBLEBEE;E1800436900000;DUBLADO;NÃO;ESTADOS UNIDOS;5006568;CINE + ARTE XANGRI-LÁ DRIVE-IN;3;6000103;32155;45890;XANGRI-LÁ;RS;EWERTON LUIS DE SOUZA BRANDOLT;23.288.683/0001-20
07/09/2020;07/09/2020 20:40:00;EL ROBO DEL SIGLO;O ROUBO DO SÉCULO;E2000030900000;ORIGINAL;SIM;ARGENTINA;5005978;CINESYSTEM ANANINDEUA SALA 04;4;6000027;22546;38898;ANANINDEUA;PA;REDECINE BRA CINEMATOGRÁFICA S.A.;15.422.993/0001-67
07/09/2020;07/09/2020 20:40:00;ESCAPE FROM PRETORIA;FUGA DE PRETÓRIA;E2000249400000;DUBLADO;NÃO;ÁFRICA DO SUL;5000162;NORTH SHOPPING 3;12;6000037;1991;2414;FORTALEZA;CE;EMPRESA CINEMAS SÃO LUIZ S/A;33.497.660/0001-89
07/09/2020;07/09/2020 20:40:00;ESCAPE FROM PRETORIA;FUGA DE PRETÓRIA;E2000249400000;ORIGINAL;SIM;ÁFRICA DO SUL;5002723;SALA CINE PLAYARTE MANAUARA 03;13;6000049;260;16356;MANAUS;AM;PLAYARTE CINEMAS LTDA.;60.434.149/0001-00
07/09/2020;07/09/2020 20:40:00;Eventos Esportivos;;G0000000000001;DUBLADO;NÃO;;5004186;CINEFLIX JK SHOPPING - SALA 3;2;6000014;24534;24535;BRASÍLIA;DF;REDECINE BSB CINEMATOGRÁFICA LTDA;18.087.870/0001-05
07/09/2020;07/09/2020 20:40:00;THE SECRET: DARE TO DREAM;O SEGREDO: OUSE SONHAR;E2000080600000;DUBLADO;NÃO;ESTADOS UNIDOS;5005956;MOBI CINE REDENÇÃO SALA 1;14;6000040;28561;38513;REDENÇÃO;PA;C A VIEIRA LEMOS E CIA LTDA;20.334.881/0001-94
07/09/2020;07/09/2020 20:40:00;THE SECRET: DARE TO DREAM;O SEGREDO: OUSE SONHAR;E2000080600000;DUBLADO;NÃO;ESTADOS UNIDOS;5004474;SALA CINEPOLIS NORTH SHOPPING JOQUEI 04;12;6000024;17266;25960;FORTALEZA;CE;CINEPOLIS OPERADORA DE CINEMAS DO BRASIL LTDA;09.652.820/0001-32
07/09/2020;07/09/2020 20:45:00;ESCAPE FROM PRETORIA;FUGA DE PRETÓRIA;E2000249400000;ORIGINAL;SIM;ÁFRICA DO SUL;5005149;CINÉPOLIS MILLENNIUM - SALA 1;4;6000024;17266;30116;MANAUS;AM;CINEPOLIS OPERADORA DE CINEMAS DO BRASIL LTDA;09.652.820/0001-32
07/09/2020;07/09/2020 20:45:00;Eventos Esportivos;;G0000000000001;DUBLADO;NÃO;;5005308;CINEFLIX VÁRZEA GRANDE SHOPPING - SALA 5;6;6000014;24534;31101;VÁRZEA GRANDE;MT;REDECINE BSB CINEMATOGRÁFICA LTDA;18.087.870/0001-05
07/09/2020;07/09/2020 20:45:00;QUEEN OF SPADES: THROUGH THE LOOKING GLASS;A MALDIÇÃO DO ESPELHO;E1900574500000;DUBLADO;NÃO;RÚSSIA;5005098;CINÉPOLIS SÃO GONÇALO SHOPPING - SALA 7;30;6000024;17266;30088;SÃO GONÇALO;RJ;CINEPOLIS OPERADORA DE CINEMAS DO BRASIL LTDA;09.652.820/0001-32
07/09/2020;07/09/2020 20:45:00;SPLIT;FRAGMENTADO;E1600764000000;ORIGINAL;SIM;ESTADOS UNIDOS;5006619;DRIVE - GYN SERRA DOURADA 03;4;6000039;45898;46312;GOIÂNIA;GO;DRIVE-GYN ENTRETENIMENTO LTDA;37.109.882/0001-38
07/09/2020;07/09/2020 20:45:00;THE CONJURING;INVOCAÇÃO DO MAL;E1500097000000;DUBLADO;NÃO;ESTADOS UNIDOS;5005275;MULTICINE SANTA MARIA SALA 06;0;6000045;5935;30733;BRASÍLIA;DF;MULTICINE CINEMAS LTDA;07.609.246/0001-04
07/09/2020;07/09/2020 20:45:00;THE SECRET: DARE TO DREAM;O SEGREDO: OUSE SONHAR;E2000080600000;DUBLADO;NÃO;ESTADOS UNIDOS;5005159;CINÉPOLIS MANAUS PLAZA - SALA 3;3;6000024;17266;30118;MANAUS;AM;CINEPOLIS OPERADORA DE CINEMAS DO BRASIL LTDA;09.652.820/0001-32
07/09/2020;07/09/2020 20:45:00;THE SECRET: DARE TO DREAM;O SEGREDO: OUSE SONHAR;E2000080600000;ORIGINAL;SIM;ESTADOS UNIDOS;5004372;SALA CINEPOLIS PONTA NEGRA 09 TRADICIONAL;2;6000024;17266;25193;MANAUS;AM;CINEPOLIS OPERADORA DE CINEMAS DO BRASIL LTDA;09.652.820/0001-32
07/09/2020;07/09/2020 20:45:01;BACK TO THE FUTURE;DE VOLTA PARA O FUTURO;E1402513800000;DUBLADO;NÃO;ESTADOS UNIDOS;5006381;ALFENAS SALA 3;2;6000008;15833;44017;ALFENAS;MG;CINE A LTDA;10.894.937/0001-01
07/09/2020;07/09/2020 20:45:01;BACK TO THE FUTURE;DE VOLTA PARA O FUTURO;E1402513800000;DUBLADO;NÃO;ESTADOS UNIDOS;5005617;CINE A ALTAMIRA SALA 01;1;6000008;28464;33426;ALTAMIRA;PA;CINE A MARABA LTDA;21.160.773/0001-05
07/09/2020;07/09/2020 20:50:00;ESCAPE FROM PRETORIA;FUGA DE PRETÓRIA;E2000249400000;DUBLADO;NÃO;ÁFRICA DO SUL;5005304;CINEFLIX VÁRZEA GRANDE SHOPPING - SALA 1;3;6000014;24534;31101;VÁRZEA GRANDE;MT;REDECINE BSB CINEMATOGRÁFICA LTDA;18.087.870/0001-05
07/09/2020;07/09/2020 20:50:00;HARRY POTTER AND THE PHILOSOPHER'S STONE;HARRY POTTER E A PEDRA FILOSOFAL;E1500138600000;ORIGINAL;SIM;ESTADOS UNIDOS;5002427;CINE WEST SALA 02;6;;14882;14883;CASCAVEL;PR;WEST SIDE SHOPPING CENTER LTDA;68.761.170/0001-22
07/09/2020;07/09/2020 20:50:00;THE GENTLEMEN;MAGNATAS DO CRIME;E2000005600000;DUBLADO;NÃO;ESTADOS UNIDOS;5004187;CINEFLIX JK SHOPPING - SALA 4;0;6000014;24534;24535;BRASÍLIA;DF;REDECINE BSB CINEMATOGRÁFICA LTDA;18.087.870/0001-05
07/09/2020;07/09/2020 20:50:00;THE GENTLEMEN;MAGNATAS DO CRIME;E2000005600000;DUBLADO;NÃO;ESTADOS UNIDOS;5000163;NORTH SHOPPING 4;21;6000037;1991;2414;FORTALEZA;CE;EMPRESA CINEMAS SÃO LUIZ S/A;33.497.660/0001-89
07/09/2020;07/09/2020 20:50:00;THE SECRET: DARE TO DREAM;O SEGREDO: OUSE SONHAR;E2000080600000;DUBLADO;NÃO;ESTADOS UNIDOS;5000081;KINOPLEX AMAZONAS SALA 03;25;6000037;1991;2393;MANAUS;AM;EMPRESA CINEMAS SÃO LUIZ S/A;33.497.660/0001-89
07/09/2020;07/09/2020 20:55:00;THE EXORCIST;O EXORCISTA;E1500099900000;ORIGINAL;SIM;ESTADOS UNIDOS;5006356;MULTICINE IANDE SHOPPING 1;0;6000045;5935;43968;CAUCAIA;CE;MULTICINE CINEMAS LTDA;07.609.246/0001-04
07/09/2020;07/09/2020 21:00:00;BLACK PANTHER;PANTERA NEGRA;E1700512400000;DUBLADO;NÃO;ESTADOS UNIDOS;5006463;GRUPOCINE EUSÉBIO 03;12;6000034;44276;44457;EUSÉBIO;CE;EMPRESA CINEMATOGRAFICA BOMBOCINE LTDA;21.298.337/0001-05
07/09/2020;07/09/2020 21:00:00;EL ROBO DEL SIGLO;O ROUBO DO SÉCULO;E2000030900000;ORIGINAL;SIM;ARGENTINA;5006560;CINE A ITAJUBÁ DRIVE-IN;1;6000008;15833;41725;ITAJUBÁ;MG;CINE A LTDA;10.894.937/0001-01
07/09/2020;07/09/2020 21:00:00;EL ROBO DEL SIGLO;O ROUBO DO SÉCULO;E2000030900000;DUBLADO;NÃO;ARGENTINA;5006620;CINEMAIS MONTES CLAROS DRIVE IN;2;6000017;2892;23844;MONTES CLAROS;MG;CINEMAIS CINEMAS LTDA;03.868.869/0001-40
07/09/2020;07/09/2020 21:00:00;ESCAPE FROM PRETORIA;FUGA DE PRETÓRIA;E2000249400000;ORIGINAL;SIM;ÁFRICA DO SUL;5004366;SALA CINEPOLIS PONTA NEGRA 03 VIP;7;6000024;17266;25193;MANAUS;AM;CINEPOLIS OPERADORA DE CINEMAS DO BRASIL LTDA;09.652.820/0001-32
07/09/2020;07/09/2020 21:00:00;JUST MERCY;LUTA POR JUSTIÇA;E1900587300000;DUBLADO;NÃO;ESTADOS UNIDOS;5006625;CINE GOLDEN - DRIVE IN;4;6000141;45886;46420;JEQUIÉ;BA;GF ANDRADE ENTRETENIMENTO E COMÉRCIO LTDA;23.200.362/0001-21
07/09/2020;07/09/2020 21:00:00;QUEEN OF SPADES: THROUGH THE LOOKING GLASS;A MALDIÇÃO DO ESPELHO;E1900574500000;DUBLADO;NÃO;RÚSSIA;5005965;CINE SUL SALA 01;29;6000121;38751;38752;MEDIANEIRA;PR;L N DA ROCHA & CIA LTDA - ME;29.099.414/0001-00
07/09/2020;07/09/2020 21:00:00;QUEEN OF SPADES: THROUGH THE LOOKING GLASS;A MALDIÇÃO DO ESPELHO;E1900574500000;DUBLADO;NÃO;RÚSSIA;5005694;CINEPOLIS RIOMAR KENNEDY - SALA 03;35;6000024;17266;34309;FORTALEZA;CE;CINEPOLIS OPERADORA DE CINEMAS DO BRASIL LTDA;09.652.820/0001-32
07/09/2020;07/09/2020 21:00:00;QUEEN OF SPADES: THROUGH THE LOOKING GLASS;A MALDIÇÃO DO ESPELHO;E1900574500000;DUBLADO;NÃO;RÚSSIA;5005157;CINÉPOLIS MANAUS PLAZA - SALA 1;5;6000024;17266;30118;MANAUS;AM;CINEPOLIS OPERADORA DE CINEMAS DO BRASIL LTDA;09.652.820/0001-32
07/09/2020;07/09/2020 21:00:00;QUEEN OF SPADES: THROUGH THE LOOKING GLASS;A MALDIÇÃO DO ESPELHO;E1900574500000;DUBLADO;NÃO;RÚSSIA;5002256;MOVIECOM PATIO BELÉM 3;14;6000100;2897;13915;BELÉM;PA;MOVIE CINEMAS LTDA;04.708.972/0001-96
07/09/2020;07/09/2020 21:00:00;QUEEN OF SPADES: THROUGH THE LOOKING GLASS;A MALDIÇÃO DO ESPELHO;E1900574500000;DUBLADO;NÃO;RÚSSIA;5002938;SALA 04;18;6000024;17266;17763;BELÉM;PA;CINEPOLIS OPERADORA DE CINEMAS DO BRASIL LTDA;09.652.820/0001-32
07/09/2020;07/09/2020 21:00:00;QUEEN OF SPADES: THROUGH THE LOOKING GLASS;A MALDIÇÃO DO ESPELHO;E1900574500000;DUBLADO;NÃO;RÚSSIA;5002726;SALA CINE PLAYARTE MANAUARA 06;43;6000049;260;16356;MANAUS;AM;PLAYARTE CINEMAS LTDA.;60.434.149/0001-00
07/09/2020;07/09/2020 21:00:00;SPIDER-MAN: FAR FROM HOME;HOMEM-ARANHA LONGE DE CASA;E1900127700000;DUBLADO;NÃO;ESTADOS UNIDOS;5006595;CENTERPLEX ESTAÇÃO ATIBAIA DRIVE-IN;4;6000006;2836;2843;ATIBAIA;SP;EMPRESA SAO LUIZ DE CINEMAS LTDA - EM RECUPERACAO JUDICIAL;52.067.071/0001-05
07/09/2020;07/09/2020 21:00:00;THE SECRET: DARE TO DREAM;O SEGREDO: OUSE SONHAR;E2000080600000;DUBLADO;NÃO;ESTADOS UNIDOS;5004188;CINEFLIX JK SHOPPING - SALA 5;1;6000014;24534;24535;BRASÍLIA;DF;REDECINE BSB CINEMATOGRÁFICA LTDA;18.087.870/0001-05
07/09/2020;07/09/2020 21:00:00;THE SECRET: DARE TO DREAM;O SEGREDO: OUSE SONHAR;E2000080600000;DUBLADO;NÃO;ESTADOS UNIDOS;5005309;CINEFLIX VÁRZEA GRANDE SHOPPING - SALA 6;5;6000014;24534;31101;VÁRZEA GRANDE;MT;REDECINE BSB CINEMATOGRÁFICA LTDA;18.087.870/0001-05
07/09/2020;07/09/2020 21:00:00;THE SECRET: DARE TO DREAM;O SEGREDO: OUSE SONHAR;E2000080600000;DUBLADO;NÃO;ESTADOS UNIDOS;5003487;SALA PQ.BELEM 06;2;6000024;17266;21616;BELÉM;PA;CINEPOLIS OPERADORA DE CINEMAS DO BRASIL LTDA;09.652.820/0001-32
07/09/2020;07/09/2020 21:00:00;WONDER WOMAN;MULHER-MARAVILHA;E1700197900000;DUBLADO;NÃO;ESTADOS UNIDOS;5004882;CIRCUITO CINEMAS PBAS- SALA 04;15;6000028;15568;27873;PARAUAPEBAS;PA;CIRCUITO ENTRETENIMENTO E CINEMAS LTDA;08.068.712/0001-54
07/09/2020;07/09/2020 21:00:00;WONDER WOMAN;MULHER-MARAVILHA;E1700197900000;DUBLADO;NÃO;ESTADOS UNIDOS;5006410;GRUPOCINE ITAPETININGA 02;0;6000034;44276;44287;ITAPETININGA;SP;EMPRESA CINEMATOGRAFICA BOMBOCINE LTDA;21.298.337/0001-05
07/09/2020;07/09/2020 21:00:00;WONDER WOMAN;MULHER-MARAVILHA;E1700197900000;DUBLADO;NÃO;ESTADOS UNIDOS;5006415;GRUPOCINE MARANGUAPE 02;0;6000034;44276;44288;MARANGUAPE;CE;EMPRESA CINEMATOGRAFICA BOMBOCINE LTDA;21.298.337/0001-05
07/09/2020;07/09/2020 21:00:00;WONDER WOMAN;MULHER-MARAVILHA;E1700197900000;DUBLADO;NÃO;ESTADOS UNIDOS;5006383;GRUPOCINE SANTA ISABEL 01;2;6000034;44276;44277;SANTA ISABEL;SP;EMPRESA CINEMATOGRAFICA BOMBOCINE LTDA;21.298.337/0001-05
07/09/2020;07/09/2020 21:00:01;PORNO PARA PRINCIPIANTES;;B1900435600000;ORIGINAL;SIM;ARGENTINA;5006617;DRIVE - GYN SERRA DOURADA 01;1;6000039;45898;46312;GOIÂNIA;GO;DRIVE-GYN ENTRETENIMENTO LTDA;37.109.882/0001-38
07/09/2020;07/09/2020 21:05:00;WONDER WOMAN;MULHER-MARAVILHA;E1700197900000;DUBLADO;NÃO;ESTADOS UNIDOS;5005751;CINE WEST SALA 03;4;;14882;14883;CASCAVEL;PR;WEST SIDE SHOPPING CENTER LTDA;68.761.170/0001-22
07/09/2020;07/09/2020 21:10:00;BLACK PANTHER;PANTERA NEGRA;E1700512400000;DUBLADO;NÃO;ESTADOS UNIDOS;5006414;GRUPOCINE MARANGUAPE 01;0;6000034;44276;44288;MARANGUAPE;CE;EMPRESA CINEMATOGRAFICA BOMBOCINE LTDA;21.298.337/0001-05
07/09/2020;07/09/2020 21:10:00;EL ROBO DEL SIGLO;O ROUBO DO SÉCULO;E2000030900000;DUBLADO;NÃO;ARGENTINA;5006412;GRUPOCINE ITAPETININGA 04;2;6000034;44276;44287;ITAPETININGA;SP;EMPRESA CINEMATOGRAFICA BOMBOCINE LTDA;21.298.337/0001-05
07/09/2020;07/09/2020 21:10:00;JOKER;CORINGA;E1900357300000;DUBLADO;NÃO;CANADÁ;5006494;CINE INTER SANTA INES 02;5;6000140;44834;44835;SANTA INÊS;MA;CINEINTER EXIBICOES CINEMATOGRAFICAS LTDA;35.477.354/0001-06
07/09/2020;07/09/2020 21:10:00;QUEEN OF SPADES: THROUGH THE LOOKING GLASS;A MALDIÇÃO DO ESPELHO;E1900574500000;DUBLADO;NÃO;RÚSSIA;5005958;MOBI CINE REDENÇÃO SALA 3;6;6000040;28561;38513;REDENÇÃO;PA;C A VIEIRA LEMOS E CIA LTDA;20.334.881/0001-94
07/09/2020;07/09/2020 21:10:00;QUEEN OF SPADES: THROUGH THE LOOKING GLASS;A MALDIÇÃO DO ESPELHO;E1900574500000;DUBLADO;NÃO;RÚSSIA;5000164;NORTH SHOPPING 5;38;6000037;1991;2414;FORTALEZA;CE;EMPRESA CINEMAS SÃO LUIZ S/A;33.497.660/0001-89
07/09/2020;07/09/2020 21:10:00;THE GENTLEMEN;MAGNATAS DO CRIME;E2000005600000;DUBLADO;NÃO;ESTADOS UNIDOS;5000079;KINOPLEX AMAZONAS SALA 01;33;6000037;1991;2393;MANAUS;AM;EMPRESA CINEMAS SÃO LUIZ S/A;33.497.660/0001-89
07/09/2020;07/09/2020 21:10:00;THE SECRET: DARE TO DREAM;O SEGREDO: OUSE SONHAR;E2000080600000;DUBLADO;NÃO;ESTADOS UNIDOS;5005929;MOBI CINE AÇAILÂNDIA SALA 01;7;6000040;38236;38237;AÇAILÂNDIA;MA;C A V LEMOS E CIA LTDA - ME;14.717.191/0001-11
07/09/2020;07/09/2020 21:10:00;THE SECRET: DARE TO DREAM;O SEGREDO: OUSE SONHAR;E2000080600000;DUBLADO;NÃO;ESTADOS UNIDOS;5002257;MOVIECOM PATIO BELÉM 2;4;6000100;2897;13915;BELÉM;PA;MOVIE CINEMAS LTDA;04.708.972/0001-96
07/09/2020;07/09/2020 21:10:01;EL ROBO DEL SIGLO;O ROUBO DO SÉCULO;E2000030900000;ORIGINAL;SIM;ARGENTINA;5006574;DRIVE IN CINEART ALPHAVILLE;7;6000013;437;45925;NOVA LIMA;MG;DELTA FILMES LTDA;01.735.159/0001-17
07/09/2020;07/09/2020 21:10:01;EL ROBO DEL SIGLO;O ROUBO DO SÉCULO;E2000030900000;DUBLADO;NÃO;ARGENTINA;5006464;GRUPOCINE EUSÉBIO 04;0;6000034;44276;44457;EUSÉBIO;CE;EMPRESA CINEMATOGRAFICA BOMBOCINE LTDA;21.298.337/0001-05
07/09/2020;07/09/2020 21:15:00;EL ROBO DEL SIGLO;O ROUBO DO SÉCULO;E2000030900000;ORIGINAL;SIM;ARGENTINA;5006365;ALFENAS SALA 2;2;6000008;15833;44017;ALFENAS;MG;CINE A LTDA;10.894.937/0001-01
07/09/2020;07/09/2020 21:15:00;EL ROBO DEL SIGLO;O ROUBO DO SÉCULO;E2000030900000;ORIGINAL;SIM;ARGENTINA;5006072;CINE A ALTAMIRA SALA 02;1;6000008;28464;33426;ALTAMIRA;PA;CINE A MARABA LTDA;21.160.773/0001-05
07/09/2020;07/09/2020 21:15:00;EL ROBO DEL SIGLO;O ROUBO DO SÉCULO;E2000030900000;ORIGINAL;SIM;ARGENTINA;5006618;DRIVE - GYN SERRA DOURADA 02;12;6000039;45898;46312;GOIÂNIA;GO;DRIVE-GYN ENTRETENIMENTO LTDA;37.109.882/0001-38
07/09/2020;07/09/2020 21:15:00;EL ROBO DEL SIGLO;O ROUBO DO SÉCULO;E2000030900000;ORIGINAL;SIM;ARGENTINA;5006605;MULTICINE MOSSORÓ DRIVE IN;0;6000045;5935;17881;MOSSORÓ;RN;MULTICINE CINEMAS LTDA;07.609.246/0001-04
07/09/2020;07/09/2020 21:15:00;THE SECRET: DARE TO DREAM;O SEGREDO: OUSE SONHAR;E2000080600000;DUBLADO;NÃO;ESTADOS UNIDOS;5005273;MULTICINE SANTA MARIA SALA 04;0;6000045;5935;30733;BRASÍLIA;DF;MULTICINE CINEMAS LTDA;07.609.246/0001-04
07/09/2020;07/09/2020 21:15:00;WONDER WOMAN;MULHER-MARAVILHA;E1700197900000;DUBLADO;NÃO;ESTADOS UNIDOS;5006461;GRUPOCINE EUSÉBIO 01;6;6000034;44276;44457;EUSÉBIO;CE;EMPRESA CINEMATOGRAFICA BOMBOCINE LTDA;21.298.337/0001-05
07/09/2020;07/09/2020 21:15:01;BLACK PANTHER;PANTERA NEGRA;E1700512400000;DUBLADO;NÃO;ESTADOS UNIDOS;5006413;GRUPOCINE ITAPETININGA 05;8;6000034;44276;44287;ITAPETININGA;SP;EMPRESA CINEMATOGRAFICA BOMBOCINE LTDA;21.298.337/0001-05
07/09/2020;07/09/2020 21:20:00;BAD BOYS 3;BAD BOYS 3;E1500757400000;DUBLADO;NÃO;ESTADOS UNIDOS;5005957;MOBI CINE REDENÇÃO SALA 2;18;6000040;28561;38513;REDENÇÃO;PA;C A VIEIRA LEMOS E CIA LTDA;20.334.881/0001-94
07/09/2020;07/09/2020 21:20:00;EL ROBO DEL SIGLO;O ROUBO DO SÉCULO;E2000030900000;DUBLADO;NÃO;ARGENTINA;5006416;GRUPOCINE MARANGUAPE 03;0;6000034;44276;44288;MARANGUAPE;CE;EMPRESA CINEMATOGRAFICA BOMBOCINE LTDA;21.298.337/0001-05
07/09/2020;07/09/2020 21:20:00;HARRY POTTER AND THE PHILOSOPHER'S STONE;HARRY POTTER E A PEDRA FILOSOFAL;E1500138600000;DUBLADO;NÃO;ESTADOS UNIDOS;5002564;CINE CATARATAS 1;16;;15565;15566;FOZ DO IGUAÇU;PR;CINE CATARATAS LTDA;09.010.219/0001-46
07/09/2020;07/09/2020 21:20:00;Mostras e Festivais;;G0000000000004;DUBLADO;NÃO;;5001503;MOVIECOM CASTANHEIRA 6;8;6000100;2897;2896;BELÉM;PA;MOVIE CINEMAS LTDA;04.708.972/0001-96
07/09/2020;07/09/2020 21:20:00;QUEEN OF SPADES: THROUGH THE LOOKING GLASS;A MALDIÇÃO DO ESPELHO;E1900574500000;DUBLADO;NÃO;RÚSSIA;5000080;KINOPLEX AMAZONAS SALA 02;52;6000037;1991;2393;MANAUS;AM;EMPRESA CINEMAS SÃO LUIZ S/A;33.497.660/0001-89
07/09/2020;07/09/2020 21:20:00;THE SECRET: DARE TO DREAM;O SEGREDO: OUSE SONHAR;E2000080600000;DUBLADO;NÃO;ESTADOS UNIDOS;5006358;MULTICINE IANDE SHOPPING 3;0;6000045;5935;43968;CAUCAIA;CE;MULTICINE CINEMAS LTDA;07.609.246/0001-04
07/09/2020;07/09/2020 21:25:00;BLOODSHOT;BLOODSHOT;E1900579400000;DUBLADO;NÃO;ESTADOS UNIDOS;5005930;MOBI CINE AÇAILÂNDIA SALA 02;8;6000040;38236;38237;AÇAILÂNDIA;MA;C A V LEMOS E CIA LTDA - ME;14.717.191/0001-11
07/09/2020;07/09/2020 21:30:00;ESCAPE FROM PRETORIA;FUGA DE PRETÓRIA;E2000249400000;DUBLADO;NÃO;ÁFRICA DO SUL;5004822;KINOPLEX AMAZONAS SALA 04;25;6000037;1991;2393;MANAUS;AM;EMPRESA CINEMAS SÃO LUIZ S/A;33.497.660/0001-89
07/09/2020;07/09/2020 21:30:00;Eventos Esportivos;;G0000000000001;DUBLADO;NÃO;;5005722;CINEFLIX VALPARAISO SALA 05;0;6000014;24534;34628;VALPARAÍSO DE GOIÁS;GO;REDECINE BSB CINEMATOGRÁFICA LTDA;18.087.870/0001-05
07/09/2020;07/09/2020 21:30:00;MARY;A POSSESSÃO DE MARY;E1900534600000;DUBLADO;NÃO;ESTADOS UNIDOS;5006493;CINE INTER SANTA INES 01;9;6000140;44834;44835;SANTA INÊS;MA;CINEINTER EXIBICOES CINEMATOGRAFICAS LTDA;35.477.354/0001-06
07/09/2020;07/09/2020 21:30:00;QUEEN OF SPADES: THROUGH THE LOOKING GLASS;A MALDIÇÃO DO ESPELHO;E1900574500000;DUBLADO;NÃO;RÚSSIA;5001498;MOVIECOM CASTANHEIRA 3;15;6000100;2897;2896;BELÉM;PA;MOVIE CINEMAS LTDA;04.708.972/0001-96
07/09/2020;07/09/2020 21:30:00;QUEEN OF SPADES: THROUGH THE LOOKING GLASS;A MALDIÇÃO DO ESPELHO;E1900574500000;DUBLADO;NÃO;RÚSSIA;5004472;SALA CINEPOLIS NORTH SHOPPING JOQUEI 02;25;6000024;17266;25960;FORTALEZA;CE;CINEPOLIS OPERADORA DE CINEMAS DO BRASIL LTDA;09.652.820/0001-32
07/09/2020;07/09/2020 21:30:00;QUEEN OF SPADES: THROUGH THE LOOKING GLASS;A MALDIÇÃO DO ESPELHO;E1900574500000;DUBLADO;NÃO;RÚSSIA;5003483;SALA PQ.BELEM 02;10;6000024;17266;21616;BELÉM;PA;CINEPOLIS OPERADORA DE CINEMAS DO BRASIL LTDA;09.652.820/0001-32
07/09/2020;07/09/2020 21:30:00;THE CONJURING;INVOCAÇÃO DO MAL;E1500097000000;DUBLADO;NÃO;ESTADOS UNIDOS;5006384;GRUPOCINE SANTA ISABEL 02;0;6000034;44276;44277;SANTA ISABEL;SP;EMPRESA CINEMATOGRAFICA BOMBOCINE LTDA;21.298.337/0001-05
07/09/2020;07/09/2020 21:30:00;THE SECRET: DARE TO DREAM;O SEGREDO: OUSE SONHAR;E2000080600000;DUBLADO;NÃO;ESTADOS UNIDOS;5004879;CIRCUITO CINEMAS PBAS- SALA 01;2;6000028;15568;27873;PARAUAPEBAS;PA;CIRCUITO ENTRETENIMENTO E CINEMAS LTDA;08.068.712/0001-54
07/09/2020;07/09/2020 21:30:00;TWILIGHT;CREPÚSCULO;E1600635500000;DUBLADO;NÃO;ESTADOS UNIDOS;5006462;GRUPOCINE EUSÉBIO 02;0;6000034;44276;44457;EUSÉBIO;CE;EMPRESA CINEMATOGRAFICA BOMBOCINE LTDA;21.298.337/0001-05
07/09/2020;07/09/2020 21:30:00;TWILIGHT;CREPÚSCULO;E1600635500000;DUBLADO;NÃO;ESTADOS UNIDOS;5006411;GRUPOCINE ITAPETININGA 03;6;6000034;44276;44287;ITAPETININGA;SP;EMPRESA CINEMATOGRAFICA BOMBOCINE LTDA;21.298.337/0001-05
07/09/2020;07/09/2020 21:45:00;EL ROBO DEL SIGLO;O ROUBO DO SÉCULO;E2000030900000;ORIGINAL;SIM;ARGENTINA;5002255;MOVIECOM PATIO BELÉM 1;2;6000100;2897;13915;BELÉM;PA;MOVIE CINEMAS LTDA;04.708.972/0001-96
07/09/2020;07/09/2020 21:50:00;THE SECRET: DARE TO DREAM;O SEGREDO: OUSE SONHAR;E2000080600000;DUBLADO;NÃO;ESTADOS UNIDOS;5001505;MOVIECOM CASTANHEIRA 7;2;6000100;2897;2896;BELÉM;PA;MOVIE CINEMAS LTDA;04.708.972/0001-96
07/09/2020;07/09/2020 22:00:00;Eventos Esportivos;;G0000000000001;DUBLADO;NÃO;;5005721;CINEFLIX VALPARAISO SALA 04;0;6000014;24534;34628;VALPARAÍSO DE GOIÁS;GO;REDECINE BSB CINEMATOGRÁFICA LTDA;18.087.870/0001-05
07/09/2020;07/09/2020 22:00:00;MACABRO;;B1900618000000;ORIGINAL;NÃO;BRASIL;5002102;CINE DRIVEIN;154;;5465;6715;BRASÍLIA;DF;STARK'S CINEMA E LANCHONETE LTDA.;32.917.296/0001-04
07/09/2020;07/09/2020 22:25:00;O AMOR DÁ TRABALHO;;B1800029400000;ORIGINAL;NÃO;BRASIL;5006610;CINESYSTEM DRIVE-IN AEROPORTO VITÓRIA;5;6000027;22546;46257;VITÓRIA;ES;REDECINE BRA CINEMATOGRÁFICA S.A.;15.422.993/0001-67
07/09/2020;07/09/2020 22:30:00;EL ROBO DEL SIGLO;O ROUBO DO SÉCULO;E2000030900000;ORIGINAL;SIM;ARGENTINA;5006571;CINESYSTEM AMÉRICAS DRIVE-IN;0;6000027;5348;28834;RIO DE JANEIRO;RJ;REDECINE - RIO CINEMATOGRAFICA S.A.;07.524.011/0001-10
07/09/2020;07/09/2020 23:00:00;THE FATE OF THE FURIOUS;VELOZES E FURIOSOS 8;E1700045600000;DUBLADO;NÃO;FRANÇA;5006568;CINE + ARTE XANGRI-LÁ DRIVE-IN;0;6000103;32155;45890;XANGRI-LÁ;RS;EWERTON LUIS DE SOUZA BRANDOLT;23.288.683/0001-20
