DATA_EXIBICAO;SESSAO;TITULO_ORIGINAL;TITULO_BRASIL;CPB_ROE;AUDIO;LEGENDADA;PAIS_OBRA;REGISTRO_SALA;NOME_SALA;PUBLICO;REGISTRO_GRUPO_EXIBIDOR;REGISTRO_EXIBIDOR;REGISTRO_COMPLEXO;MUNICIPIO_SALA_COMPLEXO;UF_SALA_COMPLEXO;RAZAO_SOCIAL_EXIBIDORA;CNPJ_EXIBIDORA
08/06/2016;08/06/2016 13:00:00;WARCRAFT;WARCFRAT – O PRIMEIRO ENCONTRO ENTRE DOIS MUNDOS;E1500739800000;DUBLADO;NÃO;ESTADOS UNIDOS;5002603;CINEMAS BENFICA - SALA 1;28;;15690;15691;FORTALEZA;CE;CINEMAS BENFICA LTDA;07.509.597/0001-43
08/06/2016;08/06/2016 13:15:00;ANGRY BIRDS;ANGRY BIRDS - O FILME;E1500732000000;DUBLADO;NÃO;ESTADOS UNIDOS;5005338;CINEMAS BENFICA - SALA 4;16;;15690;15691;FORTALEZA;CE;CINEMAS BENFICA LTDA;07.509.597/0001-43
08/06/2016;08/06/2016 13:15:00;CAPTAIN AMERICA: CIVIL WAR;CAPITÃO AMÉRICA: GUERRA CIVIL;E1600129800000;DUBLADO;NÃO;ESTADOS UNIDOS;5004488;ARAPIRACA BRA 06;9;6000027;22546;26037;ARAPIRACA;AL;REDECINE BRA CINEMATOGRÁFICA S.A.;15.422.993/0001-67
08/06/2016;08/06/2016 13:15:00;WARCRAFT;WARCFRAT – O PRIMEIRO ENCONTRO ENTRE DOIS MUNDOS;E1500739800000;DUBLADO;NÃO;ESTADOS UNIDOS;5005002;CINESYSTEM AMERICAS 06;7;6000027;5348;28834;RIO DE JANEIRO;RJ;REDECINE - RIO CINEMATOGRAFICA S.A.;07.524.011/0001-10
08/06/2016;08/06/2016 13:20:00;ALICE THROUGH THE LOOKING GLASS;ALICE ATRAVÉS DO ESPELHO;E1600259100000;DUBLADO;NÃO;ESTADOS UNIDOS;5004485;ARAPIRACA BRA 03;2;6000027;22546;26037;ARAPIRACA;AL;REDECINE BRA CINEMATOGRÁFICA S.A.;15.422.993/0001-67
08/06/2016;08/06/2016 13:25:00;ANGRY BIRDS;ANGRY BIRDS - O FILME;E1500732000000;DUBLADO;NÃO;ESTADOS UNIDOS;5004484;ARAPIRACA BRA 02;2;6000027;22546;26037;ARAPIRACA;AL;REDECINE BRA CINEMATOGRÁFICA S.A.;15.422.993/0001-67
08/06/2016;08/06/2016 13:25:00;X-MEN: APOCALYPSE;X-MEN - APOCALIPSE;E1600181600000;ORIGINAL;SIM;ESTADOS UNIDOS;5004999;CINESYSTEM AMERICAS 03;10;6000027;5348;28834;RIO DE JANEIRO;RJ;REDECINE - RIO CINEMATOGRAFICA S.A.;07.524.011/0001-10
08/06/2016;08/06/2016 13:30:00;ALICE IN WONDERLAND;ALICE NO PAÍS DAS MARAVILHAS;E1500291700000;DUBLADO;NÃO;ESTADOS UNIDOS;5003424;CINEMARK SHOPPING RAPOSO TAVARES 06;0;6000018;1843;20591;SÃO PAULO;SP;CINEMARK BRASIL S.A;00.779.721/0001-41
08/06/2016;08/06/2016 13:30:00;ALICE THROUGH THE LOOKING GLASS;ALICE ATRAVÉS DO ESPELHO;E1600259100000;DUBLADO;NÃO;ESTADOS UNIDOS;5004486;ARAPIRACA BRA 04;12;6000027;22546;26037;ARAPIRACA;AL;REDECINE BRA CINEMATOGRÁFICA S.A.;15.422.993/0001-67
08/06/2016;08/06/2016 13:30:00;ALICE THROUGH THE LOOKING GLASS;ALICE ATRAVÉS DO ESPELHO;E1600259100000;DUBLADO;NÃO;ESTADOS UNIDOS;5002602;CINEMAS BENFICA - SALA 2;46;;15690;15691;FORTALEZA;CE;CINEMAS BENFICA LTDA;07.509.597/0001-43
08/06/2016;08/06/2016 13:30:00;ALICE THROUGH THE LOOKING GLASS;ALICE ATRAVÉS DO ESPELHO;E1600259100000;DUBLADO;NÃO;ESTADOS UNIDOS;5005578;CINESYSTEM PAULISTA SALA 08 CINÉPIC;0;6000027;22546;33152;PAULISTA;PE;REDECINE BRA CINEMATOGRÁFICA S.A.;15.422.993/0001-67
08/06/2016;08/06/2016 13:30:00;ANGRY BIRDS;ANGRY BIRDS - O FILME;E1500732000000;DUBLADO;NÃO;ESTADOS UNIDOS;5002780;ILHA PLAZA 03;19;6000027;5348;16645;RIO DE JANEIRO;RJ;REDECINE - RIO CINEMATOGRAFICA S.A.;07.524.011/0001-10
08/06/2016;08/06/2016 13:30:00;DEPOIS DE VOCÊ;;B1402157800000;DUBLADO;NÃO;BRASIL;5004997;CINESYSTEM AMERICAS 01;1;6000027;5348;28834;RIO DE JANEIRO;RJ;REDECINE - RIO CINEMATOGRAFICA S.A.;07.524.011/0001-10
08/06/2016;08/06/2016 13:40:00;ALICE THROUGH THE LOOKING GLASS;ALICE ATRAVÉS DO ESPELHO;E1600259100000;DUBLADO;NÃO;ESTADOS UNIDOS;5002781;ILHA PLAZA 01;17;6000027;5348;16645;RIO DE JANEIRO;RJ;REDECINE - RIO CINEMATOGRAFICA S.A.;07.524.011/0001-10
08/06/2016;08/06/2016 13:40:00;CAPTAIN AMERICA: THE WINTER SOLDIER;CAPITÃO AMÉRICA 2: O SOLDADO INVERNAL;E1402820700000;DUBLADO;NÃO;ESTADOS UNIDOS;5005000;CINESYSTEM AMERICAS 04;2;6000027;5348;28834;RIO DE JANEIRO;RJ;REDECINE - RIO CINEMATOGRAFICA S.A.;07.524.011/0001-10
08/06/2016;08/06/2016 13:45:00;UMA LOUCURA DE MULHER;;B1600305700000;ORIGINAL;NÃO;BRASIL;5003420;CINEMARK SHOPPING RAPOSO TAVARES 02;0;6000018;1843;20591;SÃO PAULO;SP;CINEMARK BRASIL S.A;00.779.721/0001-41
08/06/2016;08/06/2016 13:45:00;WARCRAFT;WARCFRAT – O PRIMEIRO ENCONTRO ENTRE DOIS MUNDOS;E1500739800000;DUBLADO;NÃO;ESTADOS UNIDOS;5004487;ARAPIRACA BRA 05;23;6000027;22546;26037;ARAPIRACA;AL;REDECINE BRA CINEMATOGRÁFICA S.A.;15.422.993/0001-67
08/06/2016;08/06/2016 13:50:00;ALICE THROUGH THE LOOKING GLASS;ALICE ATRAVÉS DO ESPELHO;E1600259100000;DUBLADO;NÃO;ESTADOS UNIDOS;5005001;CINESYSTEM AMERICAS 05;0;6000027;5348;28834;RIO DE JANEIRO;RJ;REDECINE - RIO CINEMATOGRAFICA S.A.;07.524.011/0001-10
08/06/2016;08/06/2016 13:50:00;WARCRAFT;WARCFRAT – O PRIMEIRO ENCONTRO ENTRE DOIS MUNDOS;E1500739800000;DUBLADO;NÃO;ESTADOS UNIDOS;5001625;CINESYSTEM SHOPPING TOTAL SALA 02;8;6000027;2375;6658;CURITIBA;PR;REDECINE CWB CINEMATOGRÁFICA LTDA;05.747.411/0001-69
08/06/2016;08/06/2016 14:00:00;ANGRY BIRDS;ANGRY BIRDS - O FILME;E1500732000000;DUBLADO;NÃO;ESTADOS UNIDOS;5002063;AGUA VERDE 2;2;6000023;12893;12894;CURITIBA;PR;ESTILO PRODUÇÕES ARTISTICAS LTDA;03.293.165/0001-97
08/06/2016;08/06/2016 14:00:00;ANGRY BIRDS;ANGRY BIRDS - O FILME;E1500732000000;DUBLADO;NÃO;ESTADOS UNIDOS;5001626;CINESYSTEM SHOPPING TOTAL SALA 03;0;6000027;2375;6658;CURITIBA;PR;REDECINE CWB CINEMATOGRÁFICA LTDA;05.747.411/0001-69
08/06/2016;08/06/2016 14:00:00;X-MEN: APOCALYPSE;X-MEN - APOCALIPSE;E1600181600000;ORIGINAL;SIM;ESTADOS UNIDOS;5002782;ILHA PLAZA 02;13;6000027;5348;16645;RIO DE JANEIRO;RJ;REDECINE - RIO CINEMATOGRAFICA S.A.;07.524.011/0001-10
08/06/2016;08/06/2016 14:10:00;ALICE THROUGH THE LOOKING GLASS;ALICE ATRAVÉS DO ESPELHO;E1600259100000;DUBLADO;NÃO;ESTADOS UNIDOS;5004998;CINESYSTEM AMERICAS 02;11;6000027;5348;28834;RIO DE JANEIRO;RJ;REDECINE - RIO CINEMATOGRAFICA S.A.;07.524.011/0001-10
08/06/2016;08/06/2016 14:10:00;ALICE THROUGH THE LOOKING GLASS;ALICE ATRAVÉS DO ESPELHO;E1600259100000;DUBLADO;NÃO;ESTADOS UNIDOS;5001627;CINESYSTEM SHOPPING TOTAL SALA 04;14;6000027;2375;6658;CURITIBA;PR;REDECINE CWB CINEMATOGRÁFICA LTDA;05.747.411/0001-69
08/06/2016;08/06/2016 14:20:00;ALICE THROUGH THE LOOKING GLASS;ALICE ATRAVÉS DO ESPELHO;E1600259100000;DUBLADO;NÃO;ESTADOS UNIDOS;5002062;AGUA VERDE 1;11;6000023;12893;12894;CURITIBA;PR;ESTILO PRODUÇÕES ARTISTICAS LTDA;03.293.165/0001-97
08/06/2016;08/06/2016 14:20:00;X-MEN: APOCALYPSE;X-MEN - APOCALIPSE;E1600181600000;DUBLADO;NÃO;ESTADOS UNIDOS;5001624;CINESYSTEM SHOPPING TOTAL SALA 01;6;6000027;2375;6658;CURITIBA;PR;REDECINE CWB CINEMATOGRÁFICA LTDA;05.747.411/0001-69
08/06/2016;08/06/2016 14:30:00;WARCRAFT;WARCFRAT – O PRIMEIRO ENCONTRO ENTRE DOIS MUNDOS;E1500739800000;DUBLADO;NÃO;ESTADOS UNIDOS;5001628;CINESYSTEM SHOPPING TOTAL SALA 05;12;6000027;2375;6658;CURITIBA;PR;REDECINE CWB CINEMATOGRÁFICA LTDA;05.747.411/0001-69
08/06/2016;08/06/2016 15:00:00;WARCRAFT;WARCFRAT – O PRIMEIRO ENCONTRO ENTRE DOIS MUNDOS;E1500739800000;DUBLADO;NÃO;ESTADOS UNIDOS;5003422;CINEMARK SHOPPING RAPOSO TAVARES 04;17;6000018;1843;20591;SÃO PAULO;SP;CINEMARK BRASIL S.A;00.779.721/0001-41
08/06/2016;08/06/2016 15:00:00;X-MEN: APOCALYPSE;X-MEN - APOCALIPSE;E1600181600000;DUBLADO;NÃO;ESTADOS UNIDOS;5004483;ARAPIRACA BRA 01;9;6000027;22546;26037;ARAPIRACA;AL;REDECINE BRA CINEMATOGRÁFICA S.A.;15.422.993/0001-67
08/06/2016;08/06/2016 15:10:00;ANGRY BIRDS;ANGRY BIRDS - O FILME;E1500732000000;DUBLADO;NÃO;ESTADOS UNIDOS;5005338;CINEMAS BENFICA - SALA 4;15;;15690;15691;FORTALEZA;CE;CINEMAS BENFICA LTDA;07.509.597/0001-43
08/06/2016;08/06/2016 15:20:00;WARCRAFT;WARCFRAT – O PRIMEIRO ENCONTRO ENTRE DOIS MUNDOS;E1500739800000;DUBLADO;NÃO;ESTADOS UNIDOS;5002603;CINEMAS BENFICA - SALA 1;56;;15690;15691;FORTALEZA;CE;CINEMAS BENFICA LTDA;07.509.597/0001-43
08/06/2016;08/06/2016 15:30:00;ANGRY BIRDS;ANGRY BIRDS - O FILME;E1500732000000;DUBLADO;NÃO;ESTADOS UNIDOS;5004484;ARAPIRACA BRA 02;12;6000027;22546;26037;ARAPIRACA;AL;REDECINE BRA CINEMATOGRÁFICA S.A.;15.422.993/0001-67
08/06/2016;08/06/2016 15:30:00;MONEY MONSTER;JOGO DO DINHEIRO;E1500735200000;ORIGINAL;SIM;ESTADOS UNIDOS;5004997;CINESYSTEM AMERICAS 01;11;6000027;5348;28834;RIO DE JANEIRO;RJ;REDECINE - RIO CINEMATOGRAFICA S.A.;07.524.011/0001-10
08/06/2016;08/06/2016 15:40:00;ALICE THROUGH THE LOOKING GLASS;ALICE ATRAVÉS DO ESPELHO;E1600259100000;DUBLADO;NÃO;ESTADOS UNIDOS;5002602;CINEMAS BENFICA - SALA 2;70;;15690;15691;FORTALEZA;CE;CINEMAS BENFICA LTDA;07.509.597/0001-43
08/06/2016;08/06/2016 15:40:00;ALICE THROUGH THE LOOKING GLASS;ALICE ATRAVÉS DO ESPELHO;E1600259100000;DUBLADO;NÃO;ESTADOS UNIDOS;5002780;ILHA PLAZA 03;11;6000027;5348;16645;RIO DE JANEIRO;RJ;REDECINE - RIO CINEMATOGRAFICA S.A.;07.524.011/0001-10
08/06/2016;08/06/2016 15:45:00;WARCRAFT;WARCFRAT – O PRIMEIRO ENCONTRO ENTRE DOIS MUNDOS;E1500739800000;ORIGINAL;SIM;ESTADOS UNIDOS;5005002;CINESYSTEM AMERICAS 06;7;6000027;5348;28834;RIO DE JANEIRO;RJ;REDECINE - RIO CINEMATOGRAFICA S.A.;07.524.011/0001-10
08/06/2016;08/06/2016 15:50:00;ALICE THROUGH THE LOOKING GLASS;ALICE ATRAVÉS DO ESPELHO;E1600259100000;DUBLADO;NÃO;ESTADOS UNIDOS;5005578;CINESYSTEM PAULISTA SALA 08 CINÉPIC;29;6000027;22546;33152;PAULISTA;PE;REDECINE BRA CINEMATOGRÁFICA S.A.;15.422.993/0001-67
08/06/2016;08/06/2016 15:50:00;X-MEN: APOCALYPSE;X-MEN - APOCALIPSE;E1600181600000;DUBLADO;NÃO;ESTADOS UNIDOS;5004485;ARAPIRACA BRA 03;15;6000027;22546;26037;ARAPIRACA;AL;REDECINE BRA CINEMATOGRÁFICA S.A.;15.422.993/0001-67
08/06/2016;08/06/2016 16:00:00;ALICE THROUGH THE LOOKING GLASS;ALICE ATRAVÉS DO ESPELHO;E1600259100000;DUBLADO;NÃO;ESTADOS UNIDOS;5004486;ARAPIRACA BRA 04;24;6000027;22546;26037;ARAPIRACA;AL;REDECINE BRA CINEMATOGRÁFICA S.A.;15.422.993/0001-67
08/06/2016;08/06/2016 16:00:00;ANGRY BIRDS;ANGRY BIRDS - O FILME;E1500732000000;DUBLADO;NÃO;ESTADOS UNIDOS;5002063;AGUA VERDE 2;0;6000023;12893;12894;CURITIBA;PR;ESTILO PRODUÇÕES ARTISTICAS LTDA;03.293.165/0001-97
08/06/2016;08/06/2016 16:00:00;WARCRAFT;WARCFRAT – O PRIMEIRO ENCONTRO ENTRE DOIS MUNDOS;E1500739800000;DUBLADO;NÃO;ESTADOS UNIDOS;5003424;CINEMARK SHOPPING RAPOSO TAVARES 06;24;6000018;1843;20591;SÃO PAULO;SP;CINEMARK BRASIL S.A;00.779.721/0001-41
08/06/2016;08/06/2016 16:05:00;ANGRY BIRDS;ANGRY BIRDS - O FILME;E1500732000000;DUBLADO;NÃO;ESTADOS UNIDOS;5001626;CINESYSTEM SHOPPING TOTAL SALA 03;6;6000027;2375;6658;CURITIBA;PR;REDECINE CWB CINEMATOGRÁFICA LTDA;05.747.411/0001-69
08/06/2016;08/06/2016 16:10:00;UMA LOUCURA DE MULHER;;B1600305700000;ORIGINAL;NÃO;BRASIL;5003420;CINEMARK SHOPPING RAPOSO TAVARES 02;8;6000018;1843;20591;SÃO PAULO;SP;CINEMARK BRASIL S.A;00.779.721/0001-41
08/06/2016;08/06/2016 16:10:00;WARCRAFT;WARCFRAT – O PRIMEIRO ENCONTRO ENTRE DOIS MUNDOS;E1500739800000;DUBLADO;NÃO;ESTADOS UNIDOS;5004488;ARAPIRACA BRA 06;11;6000027;22546;26037;ARAPIRACA;AL;REDECINE BRA CINEMATOGRÁFICA S.A.;15.422.993/0001-67
08/06/2016;08/06/2016 16:15:00;ALICE THROUGH THE LOOKING GLASS;ALICE ATRAVÉS DO ESPELHO;E1600259100000;DUBLADO;NÃO;ESTADOS UNIDOS;5005001;CINESYSTEM AMERICAS 05;5;6000027;5348;28834;RIO DE JANEIRO;RJ;REDECINE - RIO CINEMATOGRAFICA S.A.;07.524.011/0001-10
08/06/2016;08/06/2016 16:15:00;ALICE THROUGH THE LOOKING GLASS;ALICE ATRAVÉS DO ESPELHO;E1600259100000;DUBLADO;NÃO;ESTADOS UNIDOS;5002781;ILHA PLAZA 01;11;6000027;5348;16645;RIO DE JANEIRO;RJ;REDECINE - RIO CINEMATOGRAFICA S.A.;07.524.011/0001-10
08/06/2016;08/06/2016 16:20:00;WARCRAFT;WARCFRAT – O PRIMEIRO ENCONTRO ENTRE DOIS MUNDOS;E1500739800000;DUBLADO;NÃO;ESTADOS UNIDOS;5004487;ARAPIRACA BRA 05;18;6000027;22546;26037;ARAPIRACA;AL;REDECINE BRA CINEMATOGRÁFICA S.A.;15.422.993/0001-67
08/06/2016;08/06/2016 16:20:00;WARCRAFT;WARCFRAT – O PRIMEIRO ENCONTRO ENTRE DOIS MUNDOS;E1500739800000;DUBLADO;NÃO;ESTADOS UNIDOS;5001625;CINESYSTEM SHOPPING TOTAL SALA 02;6;6000027;2375;6658;CURITIBA;PR;REDECINE CWB CINEMATOGRÁFICA LTDA;05.747.411/0001-69
08/06/2016;08/06/2016 16:25:00;NEIGHBORS 2: SORORITY RISING;NEIGHBORS 2;E1500735800000;ORIGINAL;SIM;ESTADOS UNIDOS;5004999;CINESYSTEM AMERICAS 03;13;6000027;5348;28834;RIO DE JANEIRO;RJ;REDECINE - RIO CINEMATOGRAFICA S.A.;07.524.011/0001-10
08/06/2016;08/06/2016 16:30:00;ALICE THROUGH THE LOOKING GLASS;ALICE ATRAVÉS DO ESPELHO;E1600259100000;DUBLADO;NÃO;ESTADOS UNIDOS;5002062;AGUA VERDE 1;2;6000023;12893;12894;CURITIBA;PR;ESTILO PRODUÇÕES ARTISTICAS LTDA;03.293.165/0001-97
08/06/2016;08/06/2016 16:30:00;ALICE THROUGH THE LOOKING GLASS;ALICE ATRAVÉS DO ESPELHO;E1600259100000;DUBLADO;NÃO;ESTADOS UNIDOS;5001627;CINESYSTEM SHOPPING TOTAL SALA 04;14;6000027;2375;6658;CURITIBA;PR;REDECINE CWB CINEMATOGRÁFICA LTDA;05.747.411/0001-69
08/06/2016;08/06/2016 16:35:00;X-MEN: APOCALYPSE;X-MEN - APOCALIPSE;E1600181600000;DUBLADO;NÃO;ESTADOS UNIDOS;5004998;CINESYSTEM AMERICAS 02;22;6000027;5348;28834;RIO DE JANEIRO;RJ;REDECINE - RIO CINEMATOGRAFICA S.A.;07.524.011/0001-10
08/06/2016;08/06/2016 16:40:00;MONEY MONSTER;JOGO DO DINHEIRO;E1500735200000;ORIGINAL;SIM;ESTADOS UNIDOS;5005000;CINESYSTEM AMERICAS 04;5;6000027;5348;28834;RIO DE JANEIRO;RJ;REDECINE - RIO CINEMATOGRAFICA S.A.;07.524.011/0001-10
08/06/2016;08/06/2016 17:00:00;ALICE THROUGH THE LOOKING GLASS;ALICE ATRAVÉS DO ESPELHO;E1600259100000;DUBLADO;NÃO;ESTADOS UNIDOS;5001628;CINESYSTEM SHOPPING TOTAL SALA 05;8;6000027;2375;6658;CURITIBA;PR;REDECINE CWB CINEMATOGRÁFICA LTDA;05.747.411/0001-69
08/06/2016;08/06/2016 17:05:00;ANGRY BIRDS;ANGRY BIRDS - O FILME;E1500732000000;DUBLADO;NÃO;ESTADOS UNIDOS;5005338;CINEMAS BENFICA - SALA 4;32;;15690;15691;FORTALEZA;CE;CINEMAS BENFICA LTDA;07.509.597/0001-43
08/06/2016;08/06/2016 17:10:00;X-MEN: APOCALYPSE;X-MEN - APOCALIPSE;E1600181600000;DUBLADO;NÃO;ESTADOS UNIDOS;5002782;ILHA PLAZA 02;27;6000027;5348;16645;RIO DE JANEIRO;RJ;REDECINE - RIO CINEMATOGRAFICA S.A.;07.524.011/0001-10
08/06/2016;08/06/2016 17:20:00;X-MEN: APOCALYPSE;X-MEN - APOCALIPSE;E1600181600000;DUBLADO;NÃO;ESTADOS UNIDOS;5001624;CINESYSTEM SHOPPING TOTAL SALA 01;12;6000027;2375;6658;CURITIBA;PR;REDECINE CWB CINEMATOGRÁFICA LTDA;05.747.411/0001-69
08/06/2016;08/06/2016 17:35:00;DEPOIS DE VOCÊ;;B1402157800000;DUBLADO;NÃO;BRASIL;5004484;ARAPIRACA BRA 02;6;6000027;22546;26037;ARAPIRACA;AL;REDECINE BRA CINEMATOGRÁFICA S.A.;15.422.993/0001-67
08/06/2016;08/06/2016 17:40:00;DEPOIS DE VOCÊ;;B1402157800000;DUBLADO;NÃO;BRASIL;5004997;CINESYSTEM AMERICAS 01;2;6000027;5348;28834;RIO DE JANEIRO;RJ;REDECINE - RIO CINEMATOGRAFICA S.A.;07.524.011/0001-10
08/06/2016;08/06/2016 17:40:00;WARCRAFT;WARCFRAT – O PRIMEIRO ENCONTRO ENTRE DOIS MUNDOS;E1500739800000;DUBLADO;NÃO;ESTADOS UNIDOS;5002603;CINEMAS BENFICA - SALA 1;65;;15690;15691;FORTALEZA;CE;CINEMAS BENFICA LTDA;07.509.597/0001-43
08/06/2016;08/06/2016 17:50:00;ALICE THROUGH THE LOOKING GLASS;ALICE ATRAVÉS DO ESPELHO;E1600259100000;DUBLADO;NÃO;ESTADOS UNIDOS;5002602;CINEMAS BENFICA - SALA 2;109;;15690;15691;FORTALEZA;CE;CINEMAS BENFICA LTDA;07.509.597/0001-43
08/06/2016;08/06/2016 18:00:00;WARCRAFT;WARCFRAT – O PRIMEIRO ENCONTRO ENTRE DOIS MUNDOS;E1500739800000;DUBLADO;NÃO;ESTADOS UNIDOS;5003422;CINEMARK SHOPPING RAPOSO TAVARES 04;20;6000018;1843;20591;SÃO PAULO;SP;CINEMARK BRASIL S.A;00.779.721/0001-41
08/06/2016;08/06/2016 18:00:00;X-MEN: APOCALYPSE;X-MEN - APOCALIPSE;E1600181600000;DUBLADO;NÃO;ESTADOS UNIDOS;5002063;AGUA VERDE 2;5;6000023;12893;12894;CURITIBA;PR;ESTILO PRODUÇÕES ARTISTICAS LTDA;03.293.165/0001-97
08/06/2016;08/06/2016 18:00:00;X-MEN: APOCALYPSE;X-MEN - APOCALIPSE;E1600181600000;DUBLADO;NÃO;ESTADOS UNIDOS;5004483;ARAPIRACA BRA 01;24;6000027;22546;26037;ARAPIRACA;AL;REDECINE BRA CINEMATOGRÁFICA S.A.;15.422.993/0001-67
08/06/2016;08/06/2016 18:10:00;CAPTAIN AMERICA: CIVIL WAR;CAPITÃO AMÉRICA: GUERRA CIVIL;E1600129800000;DUBLADO;NÃO;ESTADOS UNIDOS;5001626;CINESYSTEM SHOPPING TOTAL SALA 03;25;6000027;2375;6658;CURITIBA;PR;REDECINE CWB CINEMATOGRÁFICA LTDA;05.747.411/0001-69
08/06/2016;08/06/2016 18:10:00;CAPTAIN AMERICA: CIVIL WAR;CAPITÃO AMÉRICA: GUERRA CIVIL;E1600129800000;DUBLADO;NÃO;ESTADOS UNIDOS;5002780;ILHA PLAZA 03;28;6000027;5348;16645;RIO DE JANEIRO;RJ;REDECINE - RIO CINEMATOGRAFICA S.A.;07.524.011/0001-10
08/06/2016;08/06/2016 18:15:00;ALICE THROUGH THE LOOKING GLASS;ALICE ATRAVÉS DO ESPELHO;E1600259100000;DUBLADO;NÃO;ESTADOS UNIDOS;5005578;CINESYSTEM PAULISTA SALA 08 CINÉPIC;12;6000027;22546;33152;PAULISTA;PE;REDECINE BRA CINEMATOGRÁFICA S.A.;15.422.993/0001-67
08/06/2016;08/06/2016 18:20:00;WARCRAFT;WARCFRAT – O PRIMEIRO ENCONTRO ENTRE DOIS MUNDOS;E1500739800000;ORIGINAL;SIM;ESTADOS UNIDOS;5005002;CINESYSTEM AMERICAS 06;12;6000027;5348;28834;RIO DE JANEIRO;RJ;REDECINE - RIO CINEMATOGRAFICA S.A.;07.524.011/0001-10
08/06/2016;08/06/2016 18:30:00;ALICE THROUGH THE LOOKING GLASS;ALICE ATRAVÉS DO ESPELHO;E1600259100000;DUBLADO;NÃO;ESTADOS UNIDOS;5004486;ARAPIRACA BRA 04;14;6000027;22546;26037;ARAPIRACA;AL;REDECINE BRA CINEMATOGRÁFICA S.A.;15.422.993/0001-67
08/06/2016;08/06/2016 18:30:00;UMA LOUCURA DE MULHER;;B1600305700000;ORIGINAL;NÃO;BRASIL;5003420;CINEMARK SHOPPING RAPOSO TAVARES 02;12;6000018;1843;20591;SÃO PAULO;SP;CINEMARK BRASIL S.A;00.779.721/0001-41
08/06/2016;08/06/2016 18:30:00;X-MEN: APOCALYPSE;X-MEN - APOCALIPSE;E1600181600000;ORIGINAL;SIM;ESTADOS UNIDOS;5004999;CINESYSTEM AMERICAS 03;13;6000027;5348;28834;RIO DE JANEIRO;RJ;REDECINE - RIO CINEMATOGRAFICA S.A.;07.524.011/0001-10
08/06/2016;08/06/2016 18:40:00;ALICE THROUGH THE LOOKING GLASS;ALICE ATRAVÉS DO ESPELHO;E1600259100000;DUBLADO;NÃO;ESTADOS UNIDOS;5002062;AGUA VERDE 1;25;6000023;12893;12894;CURITIBA;PR;ESTILO PRODUÇÕES ARTISTICAS LTDA;03.293.165/0001-97
08/06/2016;08/06/2016 18:40:00;ALICE THROUGH THE LOOKING GLASS;ALICE ATRAVÉS DO ESPELHO;E1600259100000;DUBLADO;NÃO;ESTADOS UNIDOS;5005001;CINESYSTEM AMERICAS 05;33;6000027;5348;28834;RIO DE JANEIRO;RJ;REDECINE - RIO CINEMATOGRAFICA S.A.;07.524.011/0001-10
08/06/2016;08/06/2016 18:40:00;ALICE THROUGH THE LOOKING GLASS;ALICE ATRAVÉS DO ESPELHO;E1600259100000;DUBLADO;NÃO;ESTADOS UNIDOS;5002781;ILHA PLAZA 01;22;6000027;5348;16645;RIO DE JANEIRO;RJ;REDECINE - RIO CINEMATOGRAFICA S.A.;07.524.011/0001-10
08/06/2016;08/06/2016 18:40:00;CAPTAIN AMERICA: CIVIL WAR;CAPITÃO AMÉRICA: GUERRA CIVIL;E1600129800000;DUBLADO;NÃO;ESTADOS UNIDOS;5004488;ARAPIRACA BRA 06;15;6000027;22546;26037;ARAPIRACA;AL;REDECINE BRA CINEMATOGRÁFICA S.A.;15.422.993/0001-67
08/06/2016;08/06/2016 18:50:00;CAPTAIN AMERICA: THE WINTER SOLDIER;CAPITÃO AMÉRICA 2: O SOLDADO INVERNAL;E1402820700000;DUBLADO;NÃO;ESTADOS UNIDOS;5005000;CINESYSTEM AMERICAS 04;2;6000027;5348;28834;RIO DE JANEIRO;RJ;REDECINE - RIO CINEMATOGRAFICA S.A.;07.524.011/0001-10
08/06/2016;08/06/2016 18:50:00;WARCRAFT;WARCFRAT – O PRIMEIRO ENCONTRO ENTRE DOIS MUNDOS;E1500739800000;DUBLADO;NÃO;ESTADOS UNIDOS;5004487;ARAPIRACA BRA 05;82;6000027;22546;26037;ARAPIRACA;AL;REDECINE BRA CINEMATOGRÁFICA S.A.;15.422.993/0001-67
08/06/2016;08/06/2016 18:50:00;WARCRAFT;WARCFRAT – O PRIMEIRO ENCONTRO ENTRE DOIS MUNDOS;E1500739800000;DUBLADO;NÃO;ESTADOS UNIDOS;5001625;CINESYSTEM SHOPPING TOTAL SALA 02;22;6000027;2375;6658;CURITIBA;PR;REDECINE CWB CINEMATOGRÁFICA LTDA;05.747.411/0001-69
08/06/2016;08/06/2016 19:00:00;ALICE THROUGH THE LOOKING GLASS;ALICE ATRAVÉS DO ESPELHO;E1600259100000;DUBLADO;NÃO;ESTADOS UNIDOS;5004485;ARAPIRACA BRA 03;12;6000027;22546;26037;ARAPIRACA;AL;REDECINE BRA CINEMATOGRÁFICA S.A.;15.422.993/0001-67
08/06/2016;08/06/2016 19:00:00;ALICE THROUGH THE LOOKING GLASS;ALICE ATRAVÉS DO ESPELHO;E1600259100000;DUBLADO;NÃO;ESTADOS UNIDOS;5001627;CINESYSTEM SHOPPING TOTAL SALA 04;31;6000027;2375;6658;CURITIBA;PR;REDECINE CWB CINEMATOGRÁFICA LTDA;05.747.411/0001-69
08/06/2016;08/06/2016 19:00:00;WARCRAFT;WARCFRAT – O PRIMEIRO ENCONTRO ENTRE DOIS MUNDOS;E1500739800000;DUBLADO;NÃO;ESTADOS UNIDOS;5003424;CINEMARK SHOPPING RAPOSO TAVARES 06;23;6000018;1843;20591;SÃO PAULO;SP;CINEMARK BRASIL S.A;00.779.721/0001-41
08/06/2016;08/06/2016 19:00:00;X-MEN: APOCALYPSE;X-MEN - APOCALIPSE;E1600181600000;DUBLADO;NÃO;ESTADOS UNIDOS;5005338;CINEMAS BENFICA - SALA 4;131;;15690;15691;FORTALEZA;CE;CINEMAS BENFICA LTDA;07.509.597/0001-43
08/06/2016;08/06/2016 19:20:00;WARCRAFT;WARCFRAT – O PRIMEIRO ENCONTRO ENTRE DOIS MUNDOS;E1500739800000;DUBLADO;NÃO;ESTADOS UNIDOS;5001628;CINESYSTEM SHOPPING TOTAL SALA 05;12;6000027;2375;6658;CURITIBA;PR;REDECINE CWB CINEMATOGRÁFICA LTDA;05.747.411/0001-69
08/06/2016;08/06/2016 19:35:00;ALICE THROUGH THE LOOKING GLASS;ALICE ATRAVÉS DO ESPELHO;E1600259100000;ORIGINAL;SIM;ESTADOS UNIDOS;5004998;CINESYSTEM AMERICAS 02;3;6000027;5348;28834;RIO DE JANEIRO;RJ;REDECINE - RIO CINEMATOGRAFICA S.A.;07.524.011/0001-10
08/06/2016;08/06/2016 19:35:00;DEPOIS DE VOCÊ;;B1402157800000;DUBLADO;NÃO;BRASIL;5004484;ARAPIRACA BRA 02;14;6000027;22546;26037;ARAPIRACA;AL;REDECINE BRA CINEMATOGRÁFICA S.A.;15.422.993/0001-67
08/06/2016;08/06/2016 19:45:00;MONEY MONSTER;JOGO DO DINHEIRO;E1500735200000;ORIGINAL;SIM;ESTADOS UNIDOS;5004997;CINESYSTEM AMERICAS 01;17;6000027;5348;28834;RIO DE JANEIRO;RJ;REDECINE - RIO CINEMATOGRAFICA S.A.;07.524.011/0001-10
08/06/2016;08/06/2016 20:00:00;ALICE THROUGH THE LOOKING GLASS;ALICE ATRAVÉS DO ESPELHO;E1600259100000;DUBLADO;NÃO;ESTADOS UNIDOS;5002602;CINEMAS BENFICA - SALA 2;129;;15690;15691;FORTALEZA;CE;CINEMAS BENFICA LTDA;07.509.597/0001-43
08/06/2016;08/06/2016 20:05:00;WARCRAFT;WARCFRAT – O PRIMEIRO ENCONTRO ENTRE DOIS MUNDOS;E1500739800000;ORIGINAL;SIM;ESTADOS UNIDOS;5002603;CINEMAS BENFICA - SALA 1;102;;15690;15691;FORTALEZA;CE;CINEMAS BENFICA LTDA;07.509.597/0001-43
08/06/2016;08/06/2016 20:20:00;X-MEN: APOCALYPSE;X-MEN - APOCALIPSE;E1600181600000;DUBLADO;NÃO;ESTADOS UNIDOS;5001624;CINESYSTEM SHOPPING TOTAL SALA 01;20;6000027;2375;6658;CURITIBA;PR;REDECINE CWB CINEMATOGRÁFICA LTDA;05.747.411/0001-69
08/06/2016;08/06/2016 20:30:00;X-MEN: APOCALYPSE;X-MEN - APOCALIPSE;E1600181600000;DUBLADO;NÃO;ESTADOS UNIDOS;5002782;ILHA PLAZA 02;63;6000027;5348;16645;RIO DE JANEIRO;RJ;REDECINE - RIO CINEMATOGRAFICA S.A.;07.524.011/0001-10
08/06/2016;08/06/2016 20:40:00;ALICE THROUGH THE LOOKING GLASS;ALICE ATRAVÉS DO ESPELHO;E1600259100000;DUBLADO;NÃO;ESTADOS UNIDOS;5005578;CINESYSTEM PAULISTA SALA 08 CINÉPIC;18;6000027;22546;33152;PAULISTA;PE;REDECINE BRA CINEMATOGRÁFICA S.A.;15.422.993/0001-67
08/06/2016;08/06/2016 20:50:00;UMA LOUCURA DE MULHER;;B1600305700000;ORIGINAL;NÃO;BRASIL;5003420;CINEMARK SHOPPING RAPOSO TAVARES 02;12;6000018;1843;20591;SÃO PAULO;SP;CINEMARK BRASIL S.A;00.779.721/0001-41
08/06/2016;08/06/2016 20:50:00;X-MEN: APOCALYPSE;X-MEN - APOCALIPSE;E1600181600000;DUBLADO;NÃO;ESTADOS UNIDOS;5002063;AGUA VERDE 2;18;6000023;12893;12894;CURITIBA;PR;ESTILO PRODUÇÕES ARTISTICAS LTDA;03.293.165/0001-97
08/06/2016;08/06/2016 21:00:00;ALICE THROUGH THE LOOKING GLASS;ALICE ATRAVÉS DO ESPELHO;E1600259100000;DUBLADO;NÃO;ESTADOS UNIDOS;5002062;AGUA VERDE 1;10;6000023;12893;12894;CURITIBA;PR;ESTILO PRODUÇÕES ARTISTICAS LTDA;03.293.165/0001-97
08/06/2016;08/06/2016 21:00:00;ALICE THROUGH THE LOOKING GLASS;ALICE ATRAVÉS DO ESPELHO;E1600259100000;DUBLADO;NÃO;ESTADOS UNIDOS;5004486;ARAPIRACA BRA 04;3;6000027;22546;26037;ARAPIRACA;AL;REDECINE BRA CINEMATOGRÁFICA S.A.;15.422.993/0001-67
08/06/2016;08/06/2016 21:00:00;WARCRAFT;WARCFRAT – O PRIMEIRO ENCONTRO ENTRE DOIS MUNDOS;E1500739800000;DUBLADO;NÃO;ESTADOS UNIDOS;5003422;CINEMARK SHOPPING RAPOSO TAVARES 04;45;6000018;1843;20591;SÃO PAULO;SP;CINEMARK BRASIL S.A;00.779.721/0001-41
08/06/2016;08/06/2016 21:00:00;WARCRAFT;WARCFRAT – O PRIMEIRO ENCONTRO ENTRE DOIS MUNDOS;E1500739800000;ORIGINAL;SIM;ESTADOS UNIDOS;5005002;CINESYSTEM AMERICAS 06;18;6000027;5348;28834;RIO DE JANEIRO;RJ;REDECINE - RIO CINEMATOGRAFICA S.A.;07.524.011/0001-10
08/06/2016;08/06/2016 21:05:00;ALICE THROUGH THE LOOKING GLASS;ALICE ATRAVÉS DO ESPELHO;E1600259100000;ORIGINAL;SIM;ESTADOS UNIDOS;5002781;ILHA PLAZA 01;13;6000027;5348;16645;RIO DE JANEIRO;RJ;REDECINE - RIO CINEMATOGRAFICA S.A.;07.524.011/0001-10
08/06/2016;08/06/2016 21:05:00;CAPTAIN AMERICA: CIVIL WAR;CAPITÃO AMÉRICA: GUERRA CIVIL;E1600129800000;DUBLADO;NÃO;ESTADOS UNIDOS;5001626;CINESYSTEM SHOPPING TOTAL SALA 03;9;6000027;2375;6658;CURITIBA;PR;REDECINE CWB CINEMATOGRÁFICA LTDA;05.747.411/0001-69
08/06/2016;08/06/2016 21:10:00;X-MEN: APOCALYPSE;X-MEN - APOCALIPSE;E1600181600000;DUBLADO;NÃO;ESTADOS UNIDOS;5004483;ARAPIRACA BRA 01;7;6000027;22546;26037;ARAPIRACA;AL;REDECINE BRA CINEMATOGRÁFICA S.A.;15.422.993/0001-67
08/06/2016;08/06/2016 21:10:00;X-MEN: APOCALYPSE;X-MEN - APOCALIPSE;E1600181600000;ORIGINAL;SIM;ESTADOS UNIDOS;5002780;ILHA PLAZA 03;26;6000027;5348;16645;RIO DE JANEIRO;RJ;REDECINE - RIO CINEMATOGRAFICA S.A.;07.524.011/0001-10
08/06/2016;08/06/2016 21:20:00;ALICE THROUGH THE LOOKING GLASS;ALICE ATRAVÉS DO ESPELHO;E1600259100000;ORIGINAL;SIM;ESTADOS UNIDOS;5005001;CINESYSTEM AMERICAS 05;4;6000027;5348;28834;RIO DE JANEIRO;RJ;REDECINE - RIO CINEMATOGRAFICA S.A.;07.524.011/0001-10
08/06/2016;08/06/2016 21:20:00;ALICE THROUGH THE LOOKING GLASS;ALICE ATRAVÉS DO ESPELHO;E1600259100000;DUBLADO;NÃO;ESTADOS UNIDOS;5001627;CINESYSTEM SHOPPING TOTAL SALA 04;8;6000027;2375;6658;CURITIBA;PR;REDECINE CWB CINEMATOGRÁFICA LTDA;05.747.411/0001-69
08/06/2016;08/06/2016 21:20:00;X-MEN: APOCALYPSE;X-MEN - APOCALIPSE;E1600181600000;DUBLADO;NÃO;ESTADOS UNIDOS;5004485;ARAPIRACA BRA 03;20;6000027;22546;26037;ARAPIRACA;AL;REDECINE BRA CINEMATOGRÁFICA S.A.;15.422.993/0001-67
08/06/2016;08/06/2016 21:30:00;WARCRAFT;WARCFRAT – O PRIMEIRO ENCONTRO ENTRE DOIS MUNDOS;E1500739800000;DUBLADO;NÃO;ESTADOS UNIDOS;5004487;ARAPIRACA BRA 05;21;6000027;22546;26037;ARAPIRACA;AL;REDECINE BRA CINEMATOGRÁFICA S.A.;15.422.993/0001-67
08/06/2016;08/06/2016 21:30:00;WARCRAFT;WARCFRAT – O PRIMEIRO ENCONTRO ENTRE DOIS MUNDOS;E1500739800000;DUBLADO;NÃO;ESTADOS UNIDOS;5001625;CINESYSTEM SHOPPING TOTAL SALA 02;6;6000027;2375;6658;CURITIBA;PR;REDECINE CWB CINEMATOGRÁFICA LTDA;05.747.411/0001-69
08/06/2016;08/06/2016 21:30:00;X-MEN: APOCALYPSE;X-MEN - APOCALIPSE;E1600181600000;ORIGINAL;SIM;ESTADOS UNIDOS;5004999;CINESYSTEM AMERICAS 03;4;6000027;5348;28834;RIO DE JANEIRO;RJ;REDECINE - RIO CINEMATOGRAFICA S.A.;07.524.011/0001-10
08/06/2016;08/06/2016 21:35:00;DEPOIS DE VOCÊ;;B1402157800000;DUBLADO;NÃO;BRASIL;5004484;ARAPIRACA BRA 02;2;6000027;22546;26037;ARAPIRACA;AL;REDECINE BRA CINEMATOGRÁFICA S.A.;15.422.993/0001-67
08/06/2016;08/06/2016 21:40:00;WARCRAFT;WARCFRAT – O PRIMEIRO ENCONTRO ENTRE DOIS MUNDOS;E1500739800000;DUBLADO;NÃO;ESTADOS UNIDOS;5004488;ARAPIRACA BRA 06;13;6000027;22546;26037;ARAPIRACA;AL;REDECINE BRA CINEMATOGRÁFICA S.A.;15.422.993/0001-67
08/06/2016;08/06/2016 21:50:00;MONEY MONSTER;JOGO DO DINHEIRO;E1500735200000;ORIGINAL;SIM;ESTADOS UNIDOS;5005000;CINESYSTEM AMERICAS 04;11;6000027;5348;28834;RIO DE JANEIRO;RJ;REDECINE - RIO CINEMATOGRAFICA S.A.;07.524.011/0001-10
08/06/2016;08/06/2016 21:50:00;WARCRAFT;WARCFRAT – O PRIMEIRO ENCONTRO ENTRE DOIS MUNDOS;E1500739800000;DUBLADO;NÃO;ESTADOS UNIDOS;5003424;CINEMARK SHOPPING RAPOSO TAVARES 06;3;6000018;1843;20591;SÃO PAULO;SP;CINEMARK BRASIL S.A;00.779.721/0001-41
08/06/2016;08/06/2016 21:50:00;X-MEN: APOCALYPSE;X-MEN - APOCALIPSE;E1600181600000;DUBLADO;NÃO;ESTADOS UNIDOS;5001628;CINESYSTEM SHOPPING TOTAL SALA 05;7;6000027;2375;6658;CURITIBA;PR;REDECINE CWB CINEMATOGRÁFICA LTDA;05.747.411/0001-69
08/06/2016;08/06/2016 21:55:00;DEPOIS DE VOCÊ;;B1402157800000;DUBLADO;NÃO;BRASIL;5004997;CINESYSTEM AMERICAS 01;2;6000027;5348;28834;RIO DE JANEIRO;RJ;REDECINE - RIO CINEMATOGRAFICA S.A.;07.524.011/0001-10
08/06/2016;08/06/2016 22:00:00;X-MEN: APOCALYPSE;X-MEN - APOCALIPSE;E1600181600000;DUBLADO;NÃO;ESTADOS UNIDOS;5004998;CINESYSTEM AMERICAS 02;11;6000027;5348;28834;RIO DE JANEIRO;RJ;REDECINE - RIO CINEMATOGRAFICA S.A.;07.524.011/0001-10
09/06/2016;09/06/2016 00:01:00;THE CONJURING 2;INVOCAÇÃO DO MAL 2;E1600342300000;ORIGINAL;SIM;ESTADOS UNIDOS;5005001;CINESYSTEM AMERICAS 05;46;6000027;5348;28834;RIO DE JANEIRO;RJ;REDECINE - RIO CINEMATOGRAFICA S.A.;07.524.011/0001-10
09/06/2016;09/06/2016 13:00:00;NOW YOU SEE ME: THE SECOND ACT;TRUQUE DE MESTRE 2;E1500269900000;DUBLADO;NÃO;ESTADOS UNIDOS;5003425;CINEMARK SHOPPING RAPOSO TAVARES 07;7;6000018;1843;20591;SÃO PAULO;SP;CINEMARK BRASIL S.A;00.779.721/0001-41
09/06/2016;09/06/2016 13:00:00;WARCRAFT;WARCFRAT – O PRIMEIRO ENCONTRO ENTRE DOIS MUNDOS;E1500739800000;DUBLADO;NÃO;ESTADOS UNIDOS;5002603;CINEMAS BENFICA - SALA 1;29;;15690;15691;FORTALEZA;CE;CINEMAS BENFICA LTDA;07.509.597/0001-43
09/06/2016;09/06/2016 13:10:00;CAPTAIN AMERICA: CIVIL WAR;CAPITÃO AMÉRICA: GUERRA CIVIL;E1600129800000;DUBLADO;NÃO;ESTADOS UNIDOS;5004440;SALA MACEIO 09;2;6000027;22546;25512;MACEIÓ;AL;REDECINE BRA CINEMATOGRÁFICA S.A.;15.422.993/0001-67
09/06/2016;09/06/2016 13:10:00;UMA LOUCURA DE MULHER;;B1600305700000;ORIGINAL;NÃO;BRASIL;5003422;CINEMARK SHOPPING RAPOSO TAVARES 04;0;6000018;1843;20591;SÃO PAULO;SP;CINEMARK BRASIL S.A;00.779.721/0001-41
09/06/2016;09/06/2016 13:15:00;ANGRY BIRDS;ANGRY BIRDS - O FILME;E1500732000000;DUBLADO;NÃO;ESTADOS UNIDOS;5004485;ARAPIRACA BRA 03;0;6000027;22546;26037;ARAPIRACA;AL;REDECINE BRA CINEMATOGRÁFICA S.A.;15.422.993/0001-67
09/06/2016;09/06/2016 13:20:00;ALICE THROUGH THE LOOKING GLASS;ALICE ATRAVÉS DO ESPELHO;E1600259100000;DUBLADO;NÃO;ESTADOS UNIDOS;5004488;ARAPIRACA BRA 06;2;6000027;22546;26037;ARAPIRACA;AL;REDECINE BRA CINEMATOGRÁFICA S.A.;15.422.993/0001-67
09/06/2016;09/06/2016 13:20:00;NOW YOU SEE ME: THE SECOND ACT;TRUQUE DE MESTRE 2;E1500269900000;ORIGINAL;SIM;ESTADOS UNIDOS;5002780;ILHA PLAZA 03;20;6000027;5348;16645;RIO DE JANEIRO;RJ;REDECINE - RIO CINEMATOGRAFICA S.A.;07.524.011/0001-10
09/06/2016;09/06/2016 13:20:00;WARCRAFT;WARCFRAT – O PRIMEIRO ENCONTRO ENTRE DOIS MUNDOS;E1500739800000;ORIGINAL;SIM;ESTADOS UNIDOS;5005000;CINESYSTEM AMERICAS 04;1;6000027;5348;28834;RIO DE JANEIRO;RJ;REDECINE - RIO CINEMATOGRAFICA S.A.;07.524.011/0001-10
09/06/2016;09/06/2016 13:25:00;NOW YOU SEE ME 2;TRUQUE DE MESTRE: O 2º ATO;E1700176500000;DUBLADO;NÃO;CANADÁ;5005001;CINESYSTEM AMERICAS 05;5;6000027;5348;28834;RIO DE JANEIRO;RJ;REDECINE - RIO CINEMATOGRAFICA S.A.;07.524.011/0001-10
09/06/2016;09/06/2016 13:25:00;THE CONJURING 2;INVOCAÇÃO DO MAL 2;E1600342300000;DUBLADO;NÃO;ESTADOS UNIDOS;5003423;CINEMARK SHOPPING RAPOSO TAVARES 05;40;6000018;1843;20591;SÃO PAULO;SP;CINEMARK BRASIL S.A;00.779.721/0001-41
09/06/2016;09/06/2016 13:25:00;THE CONJURING 2;INVOCAÇÃO DO MAL 2;E1600342300000;DUBLADO;NÃO;ESTADOS UNIDOS;5005578;CINESYSTEM PAULISTA SALA 08 CINÉPIC;21;6000027;22546;33152;PAULISTA;PE;REDECINE BRA CINEMATOGRÁFICA S.A.;15.422.993/0001-67
09/06/2016;09/06/2016 13:25:00;WARCRAFT;WARCFRAT – O PRIMEIRO ENCONTRO ENTRE DOIS MUNDOS;E1500739800000;DUBLADO;NÃO;ESTADOS UNIDOS;5004487;ARAPIRACA BRA 05;18;6000027;22546;26037;ARAPIRACA;AL;REDECINE BRA CINEMATOGRÁFICA S.A.;15.422.993/0001-67
09/06/2016;09/06/2016 13:30:00;MONEY MONSTER;JOGO DO DINHEIRO;E1500735200000;ORIGINAL;SIM;ESTADOS UNIDOS;5004997;CINESYSTEM AMERICAS 01;8;6000027;5348;28834;RIO DE JANEIRO;RJ;REDECINE - RIO CINEMATOGRAFICA S.A.;07.524.011/0001-10
09/06/2016;09/06/2016 13:30:00;THE CONJURING 2;INVOCAÇÃO DO MAL 2;E1600342300000;DUBLADO;NÃO;ESTADOS UNIDOS;5004483;ARAPIRACA BRA 01;0;6000027;22546;26037;ARAPIRACA;AL;REDECINE BRA CINEMATOGRÁFICA S.A.;15.422.993/0001-67
09/06/2016;09/06/2016 13:35:00;ALICE THROUGH THE LOOKING GLASS;ALICE ATRAVÉS DO ESPELHO;E1600259100000;DUBLADO;NÃO;ESTADOS UNIDOS;5004998;CINESYSTEM AMERICAS 02;6;6000027;5348;28834;RIO DE JANEIRO;RJ;REDECINE - RIO CINEMATOGRAFICA S.A.;07.524.011/0001-10
09/06/2016;09/06/2016 13:40:00;NOW YOU SEE ME: THE SECOND ACT;TRUQUE DE MESTRE 2;E1500269900000;DUBLADO;NÃO;ESTADOS UNIDOS;5004484;ARAPIRACA BRA 02;17;6000027;22546;26037;ARAPIRACA;AL;REDECINE BRA CINEMATOGRÁFICA S.A.;15.422.993/0001-67
09/06/2016;09/06/2016 13:40:00;NOW YOU SEE ME: THE SECOND ACT;TRUQUE DE MESTRE 2;E1500269900000;DUBLADO;NÃO;ESTADOS UNIDOS;5001628;CINESYSTEM SHOPPING TOTAL SALA 05;5;6000027;2375;6658;CURITIBA;PR;REDECINE CWB CINEMATOGRÁFICA LTDA;05.747.411/0001-69
09/06/2016;09/06/2016 13:40:00;THE CONJURING 2;INVOCAÇÃO DO MAL 2;E1600342300000;ORIGINAL;SIM;ESTADOS UNIDOS;5005002;CINESYSTEM AMERICAS 06;12;6000027;5348;28834;RIO DE JANEIRO;RJ;REDECINE - RIO CINEMATOGRAFICA S.A.;07.524.011/0001-10
09/06/2016;09/06/2016 13:50:00;ALICE THROUGH THE LOOKING GLASS;ALICE ATRAVÉS DO ESPELHO;E1600259100000;DUBLADO;NÃO;ESTADOS UNIDOS;5005576;CINESYSTEM PAULISTA SALA 06;4;6000027;22546;33152;PAULISTA;PE;REDECINE BRA CINEMATOGRÁFICA S.A.;15.422.993/0001-67
09/06/2016;09/06/2016 13:50:00;ALICE THROUGH THE LOOKING GLASS;ALICE ATRAVÉS DO ESPELHO;E1600259100000;DUBLADO;NÃO;ESTADOS UNIDOS;5001626;CINESYSTEM SHOPPING TOTAL SALA 03;7;6000027;2375;6658;CURITIBA;PR;REDECINE CWB CINEMATOGRÁFICA LTDA;05.747.411/0001-69
09/06/2016;09/06/2016 14:00:00;ALICE IN WONDERLAND;ALICE NO PAÍS DAS MARAVILHAS;E1500291700000;DUBLADO;NÃO;ESTADOS UNIDOS;5003421;CINEMARK SHOPPING RAPOSO TAVARES 03;15;6000018;1843;20591;SÃO PAULO;SP;CINEMARK BRASIL S.A;00.779.721/0001-41
09/06/2016;09/06/2016 14:00:00;ALICE THROUGH THE LOOKING GLASS;ALICE ATRAVÉS DO ESPELHO;E1600259100000;DUBLADO;NÃO;ESTADOS UNIDOS;5002782;ILHA PLAZA 02;16;6000027;5348;16645;RIO DE JANEIRO;RJ;REDECINE - RIO CINEMATOGRAFICA S.A.;07.524.011/0001-10
09/06/2016;09/06/2016 14:00:00;ANGRY BIRDS;ANGRY BIRDS - O FILME;E1500732000000;DUBLADO;NÃO;ESTADOS UNIDOS;5002062;AGUA VERDE 1;1;6000023;12893;12894;CURITIBA;PR;ESTILO PRODUÇÕES ARTISTICAS LTDA;03.293.165/0001-97
09/06/2016;09/06/2016 14:00:00;THE CONJURING 2;INVOCAÇÃO DO MAL 2;E1600342300000;DUBLADO;NÃO;ESTADOS UNIDOS;5004486;ARAPIRACA BRA 04;24;6000027;22546;26037;ARAPIRACA;AL;REDECINE BRA CINEMATOGRÁFICA S.A.;15.422.993/0001-67
09/06/2016;09/06/2016 14:00:00;THE CONJURING 2;INVOCAÇÃO DO MAL 2;E1600342300000;DUBLADO;NÃO;ESTADOS UNIDOS;5001625;CINESYSTEM SHOPPING TOTAL SALA 02;31;6000027;2375;6658;CURITIBA;PR;REDECINE CWB CINEMATOGRÁFICA LTDA;05.747.411/0001-69
09/06/2016;09/06/2016 14:10:00;ANGRY BIRDS;ANGRY BIRDS - O FILME;E1500732000000;DUBLADO;NÃO;ESTADOS UNIDOS;5001627;CINESYSTEM SHOPPING TOTAL SALA 04;4;6000027;2375;6658;CURITIBA;PR;REDECINE CWB CINEMATOGRÁFICA LTDA;05.747.411/0001-69
09/06/2016;09/06/2016 14:10:00;WARCRAFT;WARCFRAT – O PRIMEIRO ENCONTRO ENTRE DOIS MUNDOS;E1500739800000;DUBLADO;NÃO;ESTADOS UNIDOS;5003420;CINEMARK SHOPPING RAPOSO TAVARES 02;8;6000018;1843;20591;SÃO PAULO;SP;CINEMARK BRASIL S.A;00.779.721/0001-41
09/06/2016;09/06/2016 14:20:00;TEENAGE MUTANT NINJA TURTLES: OUT OF THE SHADOWS;AS TARTARUGAS NINJA: FORA DAS SOMBRAS;E1600265600000;DUBLADO;NÃO;ESTADOS UNIDOS;5002063;AGUA VERDE 2;0;6000023;12893;12894;CURITIBA;PR;ESTILO PRODUÇÕES ARTISTICAS LTDA;03.293.165/0001-97
09/06/2016;09/06/2016 14:20:00;THE CONJURING 2;INVOCAÇÃO DO MAL 2;E1600342300000;DUBLADO;NÃO;ESTADOS UNIDOS;5005003;CINESYSTEM AMERICAS 07;17;6000027;5348;28834;RIO DE JANEIRO;RJ;REDECINE - RIO CINEMATOGRAFICA S.A.;07.524.011/0001-10
09/06/2016;09/06/2016 14:20:00;WARCRAFT;WARCFRAT – O PRIMEIRO ENCONTRO ENTRE DOIS MUNDOS;E1500739800000;DUBLADO;NÃO;ESTADOS UNIDOS;5001624;CINESYSTEM SHOPPING TOTAL SALA 01;3;6000027;2375;6658;CURITIBA;PR;REDECINE CWB CINEMATOGRÁFICA LTDA;05.747.411/0001-69
09/06/2016;09/06/2016 14:30:00;NOW YOU SEE ME: THE SECOND ACT;TRUQUE DE MESTRE 2;E1500269900000;DUBLADO;NÃO;ESTADOS UNIDOS;5003424;CINEMARK SHOPPING RAPOSO TAVARES 06;24;6000018;1843;20591;SÃO PAULO;SP;CINEMARK BRASIL S.A;00.779.721/0001-41
09/06/2016;09/06/2016 15:20:00;WARCRAFT;WARCFRAT – O PRIMEIRO ENCONTRO ENTRE DOIS MUNDOS;E1500739800000;DUBLADO;NÃO;ESTADOS UNIDOS;5002603;CINEMAS BENFICA - SALA 1;28;;15690;15691;FORTALEZA;CE;CINEMAS BENFICA LTDA;07.509.597/0001-43
09/06/2016;09/06/2016 15:20:00;X-MEN: APOCALYPSE;X-MEN - APOCALIPSE;E1600181600000;DUBLADO;NÃO;ESTADOS UNIDOS;5004485;ARAPIRACA BRA 03;21;6000027;22546;26037;ARAPIRACA;AL;REDECINE BRA CINEMATOGRÁFICA S.A.;15.422.993/0001-67
09/06/2016;09/06/2016 15:30:00;THE CONJURING 2;INVOCAÇÃO DO MAL 2;E1600342300000;DUBLADO;NÃO;ESTADOS UNIDOS;5003422;CINEMARK SHOPPING RAPOSO TAVARES 04;41;6000018;1843;20591;SÃO PAULO;SP;CINEMARK BRASIL S.A;00.779.721/0001-41
09/06/2016;09/06/2016 15:40:00;ALICE THROUGH THE LOOKING GLASS;ALICE ATRAVÉS DO ESPELHO;E1600259100000;DUBLADO;NÃO;ESTADOS UNIDOS;5004488;ARAPIRACA BRA 06;9;6000027;22546;26037;ARAPIRACA;AL;REDECINE BRA CINEMATOGRÁFICA S.A.;15.422.993/0001-67
09/06/2016;09/06/2016 15:40:00;NOW YOU SEE ME 2;TRUQUE DE MESTRE: O 2º ATO;E1700176500000;ORIGINAL;SIM;CANADÁ;5004997;CINESYSTEM AMERICAS 01;27;6000027;5348;28834;RIO DE JANEIRO;RJ;REDECINE - RIO CINEMATOGRAFICA S.A.;07.524.011/0001-10
09/06/2016;09/06/2016 15:50:00;WARCRAFT;WARCFRAT – O PRIMEIRO ENCONTRO ENTRE DOIS MUNDOS;E1500739800000;ORIGINAL;SIM;ESTADOS UNIDOS;5005000;CINESYSTEM AMERICAS 04;9;6000027;5348;28834;RIO DE JANEIRO;RJ;REDECINE - RIO CINEMATOGRAFICA S.A.;07.524.011/0001-10
09/06/2016;09/06/2016 16:00:00;ALICE THROUGH THE LOOKING GLASS;ALICE ATRAVÉS DO ESPELHO;E1600259100000;DUBLADO;NÃO;ESTADOS UNIDOS;5004998;CINESYSTEM AMERICAS 02;8;6000027;5348;28834;RIO DE JANEIRO;RJ;REDECINE - RIO CINEMATOGRAFICA S.A.;07.524.011/0001-10
09/06/2016;09/06/2016 16:00:00;NOW YOU SEE ME: THE SECOND ACT;TRUQUE DE MESTRE 2;E1500269900000;DUBLADO;NÃO;ESTADOS UNIDOS;5003425;CINEMARK SHOPPING RAPOSO TAVARES 07;20;6000018;1843;20591;SÃO PAULO;SP;CINEMARK BRASIL S.A;00.779.721/0001-41
09/06/2016;09/06/2016 16:00:00;NOW YOU SEE ME: THE SECOND ACT;TRUQUE DE MESTRE 2;E1500269900000;ORIGINAL;SIM;ESTADOS UNIDOS;5002780;ILHA PLAZA 03;27;6000027;5348;16645;RIO DE JANEIRO;RJ;REDECINE - RIO CINEMATOGRAFICA S.A.;07.524.011/0001-10
09/06/2016;09/06/2016 16:00:00;THE CONJURING 2;INVOCAÇÃO DO MAL 2;E1600342300000;DUBLADO;NÃO;ESTADOS UNIDOS;5002062;AGUA VERDE 1;4;6000023;12893;12894;CURITIBA;PR;ESTILO PRODUÇÕES ARTISTICAS LTDA;03.293.165/0001-97
09/06/2016;09/06/2016 16:00:00;WARCRAFT;WARCFRAT – O PRIMEIRO ENCONTRO ENTRE DOIS MUNDOS;E1500739800000;DUBLADO;NÃO;ESTADOS UNIDOS;5004487;ARAPIRACA BRA 05;20;6000027;22546;26037;ARAPIRACA;AL;REDECINE BRA CINEMATOGRÁFICA S.A.;15.422.993/0001-67
09/06/2016;09/06/2016 16:10:00;NOW YOU SEE ME 2;TRUQUE DE MESTRE: O 2º ATO;E1700176500000;DUBLADO;NÃO;CANADÁ;5005001;CINESYSTEM AMERICAS 05;14;6000027;5348;28834;RIO DE JANEIRO;RJ;REDECINE - RIO CINEMATOGRAFICA S.A.;07.524.011/0001-10
09/06/2016;09/06/2016 16:10:00;TEENAGE MUTANT NINJA TURTLES: OUT OF THE SHADOWS;AS TARTARUGAS NINJA: FORA DAS SOMBRAS;E1600265600000;DUBLADO;NÃO;ESTADOS UNIDOS;5001627;CINESYSTEM SHOPPING TOTAL SALA 04;9;6000027;2375;6658;CURITIBA;PR;REDECINE CWB CINEMATOGRÁFICA LTDA;05.747.411/0001-69
09/06/2016;09/06/2016 16:10:00;TEENAGE MUTANT NINJA TURTLES: OUT OF THE SHADOWS;AS TARTARUGAS NINJA: FORA DAS SOMBRAS;E1600265600000;DUBLADO;NÃO;ESTADOS UNIDOS;5004440;SALA MACEIO 09;13;6000027;22546;25512;MACEIÓ;AL;REDECINE BRA CINEMATOGRÁFICA S.A.;15.422.993/0001-67
09/06/2016;09/06/2016 16:10:00;THE CONJURING 2;INVOCAÇÃO DO MAL 2;E1600342300000;DUBLADO;NÃO;ESTADOS UNIDOS;5004483;ARAPIRACA BRA 01;44;6000027;22546;26037;ARAPIRACA;AL;REDECINE BRA CINEMATOGRÁFICA S.A.;15.422.993/0001-67
09/06/2016;09/06/2016 16:10:00;THE CONJURING 2;INVOCAÇÃO DO MAL 2;E1600342300000;DUBLADO;NÃO;ESTADOS UNIDOS;5005578;CINESYSTEM PAULISTA SALA 08 CINÉPIC;47;6000027;22546;33152;PAULISTA;PE;REDECINE BRA CINEMATOGRÁFICA S.A.;15.422.993/0001-67
09/06/2016;09/06/2016 16:20:00;ALICE THROUGH THE LOOKING GLASS;ALICE ATRAVÉS DO ESPELHO;E1600259100000;DUBLADO;NÃO;ESTADOS UNIDOS;5005576;CINESYSTEM PAULISTA SALA 06;8;6000027;22546;33152;PAULISTA;PE;REDECINE BRA CINEMATOGRÁFICA S.A.;15.422.993/0001-67
09/06/2016;09/06/2016 16:20:00;NOW YOU SEE ME: THE SECOND ACT;TRUQUE DE MESTRE 2;E1500269900000;DUBLADO;NÃO;ESTADOS UNIDOS;5004484;ARAPIRACA BRA 02;4;6000027;22546;26037;ARAPIRACA;AL;REDECINE BRA CINEMATOGRÁFICA S.A.;15.422.993/0001-67
09/06/2016;09/06/2016 16:20:00;NOW YOU SEE ME: THE SECOND ACT;TRUQUE DE MESTRE 2;E1500269900000;ORIGINAL;SIM;ESTADOS UNIDOS;5001628;CINESYSTEM SHOPPING TOTAL SALA 05;2;6000027;2375;6658;CURITIBA;PR;REDECINE CWB CINEMATOGRÁFICA LTDA;05.747.411/0001-69
09/06/2016;09/06/2016 16:20:00;THE CONJURING 2;INVOCAÇÃO DO MAL 2;E1600342300000;DUBLADO;NÃO;ESTADOS UNIDOS;5003423;CINEMARK SHOPPING RAPOSO TAVARES 05;67;6000018;1843;20591;SÃO PAULO;SP;CINEMARK BRASIL S.A;00.779.721/0001-41
09/06/2016;09/06/2016 16:30:00;ALICE THROUGH THE LOOKING GLASS;ALICE ATRAVÉS DO ESPELHO;E1600259100000;DUBLADO;NÃO;ESTADOS UNIDOS;5002063;AGUA VERDE 2;8;6000023;12893;12894;CURITIBA;PR;ESTILO PRODUÇÕES ARTISTICAS LTDA;03.293.165/0001-97
09/06/2016;09/06/2016 16:30:00;ALICE THROUGH THE LOOKING GLASS;ALICE ATRAVÉS DO ESPELHO;E1600259100000;DUBLADO;NÃO;ESTADOS UNIDOS;5001626;CINESYSTEM SHOPPING TOTAL SALA 03;41;6000027;2375;6658;CURITIBA;PR;REDECINE CWB CINEMATOGRÁFICA LTDA;05.747.411/0001-69
09/06/2016;09/06/2016 16:30:00;THE CONJURING 2;INVOCAÇÃO DO MAL 2;E1600342300000;ORIGINAL;SIM;ESTADOS UNIDOS;5005002;CINESYSTEM AMERICAS 06;37;6000027;5348;28834;RIO DE JANEIRO;RJ;REDECINE - RIO CINEMATOGRAFICA S.A.;07.524.011/0001-10
09/06/2016;09/06/2016 16:30:00;X-MEN: APOCALYPSE;X-MEN - APOCALIPSE;E1600181600000;DUBLADO;NÃO;ESTADOS UNIDOS;5002782;ILHA PLAZA 02;18;6000027;5348;16645;RIO DE JANEIRO;RJ;REDECINE - RIO CINEMATOGRAFICA S.A.;07.524.011/0001-10
09/06/2016;09/06/2016 16:40:00;ALICE IN WONDERLAND;ALICE NO PAÍS DAS MARAVILHAS;E1500291700000;DUBLADO;NÃO;ESTADOS UNIDOS;5003421;CINEMARK SHOPPING RAPOSO TAVARES 03;35;6000018;1843;20591;SÃO PAULO;SP;CINEMARK BRASIL S.A;00.779.721/0001-41
09/06/2016;09/06/2016 16:40:00;TEENAGE MUTANT NINJA TURTLES: OUT OF THE SHADOWS;AS TARTARUGAS NINJA: FORA DAS SOMBRAS;E1600265600000;DUBLADO;NÃO;ESTADOS UNIDOS;5004486;ARAPIRACA BRA 04;12;6000027;22546;26037;ARAPIRACA;AL;REDECINE BRA CINEMATOGRÁFICA S.A.;15.422.993/0001-67
09/06/2016;09/06/2016 16:40:00;THE CONJURING 2;INVOCAÇÃO DO MAL 2;E1600342300000;DUBLADO;NÃO;ESTADOS UNIDOS;5001625;CINESYSTEM SHOPPING TOTAL SALA 02;6;6000027;2375;6658;CURITIBA;PR;REDECINE CWB CINEMATOGRÁFICA LTDA;05.747.411/0001-69
09/06/2016;09/06/2016 16:50:00;WARCRAFT;WARCFRAT – O PRIMEIRO ENCONTRO ENTRE DOIS MUNDOS;E1500739800000;DUBLADO;NÃO;ESTADOS UNIDOS;5001624;CINESYSTEM SHOPPING TOTAL SALA 01;11;6000027;2375;6658;CURITIBA;PR;REDECINE CWB CINEMATOGRÁFICA LTDA;05.747.411/0001-69
09/06/2016;09/06/2016 17:00:00;TEENAGE MUTANT NINJA TURTLES: OUT OF THE SHADOWS;AS TARTARUGAS NINJA: FORA DAS SOMBRAS;E1600265600000;DUBLADO;NÃO;ESTADOS UNIDOS;5005003;CINESYSTEM AMERICAS 07;8;6000027;5348;28834;RIO DE JANEIRO;RJ;REDECINE - RIO CINEMATOGRAFICA S.A.;07.524.011/0001-10
09/06/2016;09/06/2016 17:00:00;WARCRAFT;WARCFRAT – O PRIMEIRO ENCONTRO ENTRE DOIS MUNDOS;E1500739800000;DUBLADO;NÃO;ESTADOS UNIDOS;5003420;CINEMARK SHOPPING RAPOSO TAVARES 02;4;6000018;1843;20591;SÃO PAULO;SP;CINEMARK BRASIL S.A;00.779.721/0001-41
09/06/2016;09/06/2016 17:30:00;NOW YOU SEE ME: THE SECOND ACT;TRUQUE DE MESTRE 2;E1500269900000;DUBLADO;NÃO;ESTADOS UNIDOS;5003424;CINEMARK SHOPPING RAPOSO TAVARES 06;22;6000018;1843;20591;SÃO PAULO;SP;CINEMARK BRASIL S.A;00.779.721/0001-41
09/06/2016;09/06/2016 17:40:00;WARCRAFT;WARCFRAT – O PRIMEIRO ENCONTRO ENTRE DOIS MUNDOS;E1500739800000;DUBLADO;NÃO;ESTADOS UNIDOS;5002603;CINEMAS BENFICA - SALA 1;20;;15690;15691;FORTALEZA;CE;CINEMAS BENFICA LTDA;07.509.597/0001-43
09/06/2016;09/06/2016 18:05:00;NOW YOU SEE ME: THE SECOND ACT;TRUQUE DE MESTRE 2;E1500269900000;DUBLADO;NÃO;ESTADOS UNIDOS;5004488;ARAPIRACA BRA 06;23;6000027;22546;26037;ARAPIRACA;AL;REDECINE BRA CINEMATOGRÁFICA S.A.;15.422.993/0001-67
09/06/2016;09/06/2016 18:15:00;X-MEN: APOCALYPSE;X-MEN - APOCALIPSE;E1600181600000;DUBLADO;NÃO;ESTADOS UNIDOS;5004485;ARAPIRACA BRA 03;17;6000027;22546;26037;ARAPIRACA;AL;REDECINE BRA CINEMATOGRÁFICA S.A.;15.422.993/0001-67
09/06/2016;09/06/2016 18:20:00;NOW YOU SEE ME 2;TRUQUE DE MESTRE: O 2º ATO;E1700176500000;ORIGINAL;SIM;CANADÁ;5004998;CINESYSTEM AMERICAS 02;35;6000027;5348;28834;RIO DE JANEIRO;RJ;REDECINE - RIO CINEMATOGRAFICA S.A.;07.524.011/0001-10
09/06/2016;09/06/2016 18:30:00;THE CONJURING 2;INVOCAÇÃO DO MAL 2;E1600342300000;DUBLADO;NÃO;ESTADOS UNIDOS;5002062;AGUA VERDE 1;13;6000023;12893;12894;CURITIBA;PR;ESTILO PRODUÇÕES ARTISTICAS LTDA;03.293.165/0001-97
09/06/2016;09/06/2016 18:30:00;THE CONJURING 2;INVOCAÇÃO DO MAL 2;E1600342300000;DUBLADO;NÃO;ESTADOS UNIDOS;5003422;CINEMARK SHOPPING RAPOSO TAVARES 04;102;6000018;1843;20591;SÃO PAULO;SP;CINEMARK BRASIL S.A;00.779.721/0001-41
09/06/2016;09/06/2016 18:30:00;WARCRAFT;WARCFRAT – O PRIMEIRO ENCONTRO ENTRE DOIS MUNDOS;E1500739800000;DUBLADO;NÃO;ESTADOS UNIDOS;5004487;ARAPIRACA BRA 05;36;6000027;22546;26037;ARAPIRACA;AL;REDECINE BRA CINEMATOGRÁFICA S.A.;15.422.993/0001-67
09/06/2016;09/06/2016 18:30:00;WARCRAFT;WARCFRAT – O PRIMEIRO ENCONTRO ENTRE DOIS MUNDOS;E1500739800000;DUBLADO;NÃO;ESTADOS UNIDOS;5001627;CINESYSTEM SHOPPING TOTAL SALA 04;23;6000027;2375;6658;CURITIBA;PR;REDECINE CWB CINEMATOGRÁFICA LTDA;05.747.411/0001-69
09/06/2016;09/06/2016 18:40:00;NOW YOU SEE ME: THE SECOND ACT;TRUQUE DE MESTRE 2;E1500269900000;ORIGINAL;SIM;ESTADOS UNIDOS;5002780;ILHA PLAZA 03;86;6000027;5348;16645;RIO DE JANEIRO;RJ;REDECINE - RIO CINEMATOGRAFICA S.A.;07.524.011/0001-10
09/06/2016;09/06/2016 18:40:00;TEENAGE MUTANT NINJA TURTLES: OUT OF THE SHADOWS;AS TARTARUGAS NINJA: FORA DAS SOMBRAS;E1600265600000;DUBLADO;NÃO;ESTADOS UNIDOS;5002063;AGUA VERDE 2;3;6000023;12893;12894;CURITIBA;PR;ESTILO PRODUÇÕES ARTISTICAS LTDA;03.293.165/0001-97
09/06/2016;09/06/2016 18:40:00;TEENAGE MUTANT NINJA TURTLES: OUT OF THE SHADOWS;AS TARTARUGAS NINJA: FORA DAS SOMBRAS;E1600265600000;ORIGINAL;SIM;ESTADOS UNIDOS;5004440;SALA MACEIO 09;8;6000027;22546;25512;MACEIÓ;AL;REDECINE BRA CINEMATOGRÁFICA S.A.;15.422.993/0001-67
09/06/2016;09/06/2016 18:40:00;WARCRAFT;WARCFRAT – O PRIMEIRO ENCONTRO ENTRE DOIS MUNDOS;E1500739800000;ORIGINAL;SIM;ESTADOS UNIDOS;5005000;CINESYSTEM AMERICAS 04;13;6000027;5348;28834;RIO DE JANEIRO;RJ;REDECINE - RIO CINEMATOGRAFICA S.A.;07.524.011/0001-10
09/06/2016;09/06/2016 18:45:00;ALICE THROUGH THE LOOKING GLASS;ALICE ATRAVÉS DO ESPELHO;E1600259100000;DUBLADO;NÃO;ESTADOS UNIDOS;5005576;CINESYSTEM PAULISTA SALA 06;24;6000027;22546;33152;PAULISTA;PE;REDECINE BRA CINEMATOGRÁFICA S.A.;15.422.993/0001-67
09/06/2016;09/06/2016 18:50:00;ALICE THROUGH THE LOOKING GLASS;ALICE ATRAVÉS DO ESPELHO;E1600259100000;ORIGINAL;SIM;ESTADOS UNIDOS;5005001;CINESYSTEM AMERICAS 05;12;6000027;5348;28834;RIO DE JANEIRO;RJ;REDECINE - RIO CINEMATOGRAFICA S.A.;07.524.011/0001-10
09/06/2016;09/06/2016 18:50:00;NOW YOU SEE ME: THE SECOND ACT;TRUQUE DE MESTRE 2;E1500269900000;DUBLADO;NÃO;ESTADOS UNIDOS;5001626;CINESYSTEM SHOPPING TOTAL SALA 03;25;6000027;2375;6658;CURITIBA;PR;REDECINE CWB CINEMATOGRÁFICA LTDA;05.747.411/0001-69
09/06/2016;09/06/2016 18:50:00;THE CONJURING 2;INVOCAÇÃO DO MAL 2;E1600342300000;DUBLADO;NÃO;ESTADOS UNIDOS;5004483;ARAPIRACA BRA 01;45;6000027;22546;26037;ARAPIRACA;AL;REDECINE BRA CINEMATOGRÁFICA S.A.;15.422.993/0001-67
09/06/2016;09/06/2016 19:00:00;ALICE THROUGH THE LOOKING GLASS;ALICE ATRAVÉS DO ESPELHO;E1600259100000;DUBLADO;NÃO;ESTADOS UNIDOS;5001628;CINESYSTEM SHOPPING TOTAL SALA 05;37;6000027;2375;6658;CURITIBA;PR;REDECINE CWB CINEMATOGRÁFICA LTDA;05.747.411/0001-69
09/06/2016;09/06/2016 19:00:00;ME BEFORE YOU;COMO EU ERA ANTES DE VOCÊ;E1500875700000;DUBLADO;NÃO;ESTADOS UNIDOS;5004484;ARAPIRACA BRA 02;72;6000027;22546;26037;ARAPIRACA;AL;REDECINE BRA CINEMATOGRÁFICA S.A.;15.422.993/0001-67
09/06/2016;09/06/2016 19:00:00;ME BEFORE YOU;COMO EU ERA ANTES DE VOCÊ;E1500875700000;ORIGINAL;SIM;ESTADOS UNIDOS;5004997;CINESYSTEM AMERICAS 01;44;6000027;5348;28834;RIO DE JANEIRO;RJ;REDECINE - RIO CINEMATOGRAFICA S.A.;07.524.011/0001-10
09/06/2016;09/06/2016 19:00:00;NOW YOU SEE ME: THE SECOND ACT;TRUQUE DE MESTRE 2;E1500269900000;DUBLADO;NÃO;ESTADOS UNIDOS;5003425;CINEMARK SHOPPING RAPOSO TAVARES 07;47;6000018;1843;20591;SÃO PAULO;SP;CINEMARK BRASIL S.A;00.779.721/0001-41
09/06/2016;09/06/2016 19:10:00;TEENAGE MUTANT NINJA TURTLES: OUT OF THE SHADOWS;AS TARTARUGAS NINJA: FORA DAS SOMBRAS;E1600265600000;DUBLADO;NÃO;ESTADOS UNIDOS;5003421;CINEMARK SHOPPING RAPOSO TAVARES 03;20;6000018;1843;20591;SÃO PAULO;SP;CINEMARK BRASIL S.A;00.779.721/0001-41
09/06/2016;09/06/2016 19:10:00;THE CONJURING 2;INVOCAÇÃO DO MAL 2;E1600342300000;DUBLADO;NÃO;ESTADOS UNIDOS;5004486;ARAPIRACA BRA 04;70;6000027;22546;26037;ARAPIRACA;AL;REDECINE BRA CINEMATOGRÁFICA S.A.;15.422.993/0001-67
09/06/2016;09/06/2016 19:10:00;THE CONJURING 2;INVOCAÇÃO DO MAL 2;E1600342300000;DUBLADO;NÃO;ESTADOS UNIDOS;5005578;CINESYSTEM PAULISTA SALA 08 CINÉPIC;74;6000027;22546;33152;PAULISTA;PE;REDECINE BRA CINEMATOGRÁFICA S.A.;15.422.993/0001-67
09/06/2016;09/06/2016 19:15:00;THE CONJURING 2;INVOCAÇÃO DO MAL 2;E1600342300000;ORIGINAL;SIM;ESTADOS UNIDOS;5005002;CINESYSTEM AMERICAS 06;99;6000027;5348;28834;RIO DE JANEIRO;RJ;REDECINE - RIO CINEMATOGRAFICA S.A.;07.524.011/0001-10
09/06/2016;09/06/2016 19:20:00;THE CONJURING 2;INVOCAÇÃO DO MAL 2;E1600342300000;DUBLADO;NÃO;ESTADOS UNIDOS;5003423;CINEMARK SHOPPING RAPOSO TAVARES 05;152;6000018;1843;20591;SÃO PAULO;SP;CINEMARK BRASIL S.A;00.779.721/0001-41
09/06/2016;09/06/2016 19:20:00;THE CONJURING 2;INVOCAÇÃO DO MAL 2;E1600342300000;DUBLADO;NÃO;ESTADOS UNIDOS;5001625;CINESYSTEM SHOPPING TOTAL SALA 02;144;6000027;2375;6658;CURITIBA;PR;REDECINE CWB CINEMATOGRÁFICA LTDA;05.747.411/0001-69
09/06/2016;09/06/2016 19:25:00;TEENAGE MUTANT NINJA TURTLES: OUT OF THE SHADOWS;AS TARTARUGAS NINJA: FORA DAS SOMBRAS;E1600265600000;ORIGINAL;SIM;ESTADOS UNIDOS;5005003;CINESYSTEM AMERICAS 07;18;6000027;5348;28834;RIO DE JANEIRO;RJ;REDECINE - RIO CINEMATOGRAFICA S.A.;07.524.011/0001-10
09/06/2016;09/06/2016 19:30:00;ALICE THROUGH THE LOOKING GLASS;ALICE ATRAVÉS DO ESPELHO;E1600259100000;DUBLADO;NÃO;ESTADOS UNIDOS;5002782;ILHA PLAZA 02;59;6000027;5348;16645;RIO DE JANEIRO;RJ;REDECINE - RIO CINEMATOGRAFICA S.A.;07.524.011/0001-10
09/06/2016;09/06/2016 19:30:00;TEENAGE MUTANT NINJA TURTLES: OUT OF THE SHADOWS;AS TARTARUGAS NINJA: FORA DAS SOMBRAS;E1600265600000;DUBLADO;NÃO;ESTADOS UNIDOS;5001624;CINESYSTEM SHOPPING TOTAL SALA 01;17;6000027;2375;6658;CURITIBA;PR;REDECINE CWB CINEMATOGRÁFICA LTDA;05.747.411/0001-69
09/06/2016;09/06/2016 20:00:00;WARCRAFT;WARCFRAT – O PRIMEIRO ENCONTRO ENTRE DOIS MUNDOS;E1500739800000;DUBLADO;NÃO;ESTADOS UNIDOS;5003420;CINEMARK SHOPPING RAPOSO TAVARES 02;30;6000018;1843;20591;SÃO PAULO;SP;CINEMARK BRASIL S.A;00.779.721/0001-41
09/06/2016;09/06/2016 20:05:00;WARCRAFT;WARCFRAT – O PRIMEIRO ENCONTRO ENTRE DOIS MUNDOS;E1500739800000;ORIGINAL;SIM;ESTADOS UNIDOS;5002603;CINEMAS BENFICA - SALA 1;20;;15690;15691;FORTALEZA;CE;CINEMAS BENFICA LTDA;07.509.597/0001-43
09/06/2016;09/06/2016 20:30:00;NOW YOU SEE ME: THE SECOND ACT;TRUQUE DE MESTRE 2;E1500269900000;DUBLADO;NÃO;ESTADOS UNIDOS;5003424;CINEMARK SHOPPING RAPOSO TAVARES 06;89;6000018;1843;20591;SÃO PAULO;SP;CINEMARK BRASIL S.A;00.779.721/0001-41
09/06/2016;09/06/2016 20:50:00;ALICE THROUGH THE LOOKING GLASS;ALICE ATRAVÉS DO ESPELHO;E1600259100000;DUBLADO;NÃO;ESTADOS UNIDOS;5002063;AGUA VERDE 2;14;6000023;12893;12894;CURITIBA;PR;ESTILO PRODUÇÕES ARTISTICAS LTDA;03.293.165/0001-97
09/06/2016;09/06/2016 20:50:00;NOW YOU SEE ME: THE SECOND ACT;TRUQUE DE MESTRE 2;E1500269900000;DUBLADO;NÃO;ESTADOS UNIDOS;5004488;ARAPIRACA BRA 06;65;6000027;22546;26037;ARAPIRACA;AL;REDECINE BRA CINEMATOGRÁFICA S.A.;15.422.993/0001-67
09/06/2016;09/06/2016 21:00:00;ME BEFORE YOU;COMO EU ERA ANTES DE VOCÊ;E1500875700000;DUBLADO;NÃO;ESTADOS UNIDOS;5001627;CINESYSTEM SHOPPING TOTAL SALA 04;43;6000027;2375;6658;CURITIBA;PR;REDECINE CWB CINEMATOGRÁFICA LTDA;05.747.411/0001-69
09/06/2016;09/06/2016 21:00:00;NOW YOU SEE ME 2;TRUQUE DE MESTRE: O 2º ATO;E1700176500000;ORIGINAL;SIM;CANADÁ;5004998;CINESYSTEM AMERICAS 02;46;6000027;5348;28834;RIO DE JANEIRO;RJ;REDECINE - RIO CINEMATOGRAFICA S.A.;07.524.011/0001-10
09/06/2016;09/06/2016 21:00:00;THE CONJURING 2;INVOCAÇÃO DO MAL 2;E1600342300000;DUBLADO;NÃO;ESTADOS UNIDOS;5002062;AGUA VERDE 1;0;6000023;12893;12894;CURITIBA;PR;ESTILO PRODUÇÕES ARTISTICAS LTDA;03.293.165/0001-97
09/06/2016;09/06/2016 21:00:00;WARCRAFT;WARCFRAT – O PRIMEIRO ENCONTRO ENTRE DOIS MUNDOS;E1500739800000;DUBLADO;NÃO;ESTADOS UNIDOS;5004487;ARAPIRACA BRA 05;18;6000027;22546;26037;ARAPIRACA;AL;REDECINE BRA CINEMATOGRÁFICA S.A.;15.422.993/0001-67
09/06/2016;09/06/2016 21:10:00;ALICE THROUGH THE LOOKING GLASS;ALICE ATRAVÉS DO ESPELHO;E1600259100000;DUBLADO;NÃO;ESTADOS UNIDOS;5005001;CINESYSTEM AMERICAS 05;14;6000027;5348;28834;RIO DE JANEIRO;RJ;REDECINE - RIO CINEMATOGRAFICA S.A.;07.524.011/0001-10
09/06/2016;09/06/2016 21:10:00;ALICE THROUGH THE LOOKING GLASS;ALICE ATRAVÉS DO ESPELHO;E1600259100000;DUBLADO;NÃO;ESTADOS UNIDOS;5005576;CINESYSTEM PAULISTA SALA 06;0;6000027;22546;33152;PAULISTA;PE;REDECINE BRA CINEMATOGRÁFICA S.A.;15.422.993/0001-67
09/06/2016;09/06/2016 21:10:00;WARCRAFT;WARCFRAT – O PRIMEIRO ENCONTRO ENTRE DOIS MUNDOS;E1500739800000;DUBLADO;NÃO;ESTADOS UNIDOS;5004440;SALA MACEIO 09;13;6000027;22546;25512;MACEIÓ;AL;REDECINE BRA CINEMATOGRÁFICA S.A.;15.422.993/0001-67
09/06/2016;09/06/2016 21:10:00;X-MEN: APOCALYPSE;X-MEN - APOCALIPSE;E1600181600000;DUBLADO;NÃO;ESTADOS UNIDOS;5004485;ARAPIRACA BRA 03;13;6000027;22546;26037;ARAPIRACA;AL;REDECINE BRA CINEMATOGRÁFICA S.A.;15.422.993/0001-67
09/06/2016;09/06/2016 21:20:00;ALICE THROUGH THE LOOKING GLASS;ALICE ATRAVÉS DO ESPELHO;E1600259100000;DUBLADO;NÃO;ESTADOS UNIDOS;5004484;ARAPIRACA BRA 02;8;6000027;22546;26037;ARAPIRACA;AL;REDECINE BRA CINEMATOGRÁFICA S.A.;15.422.993/0001-67
09/06/2016;09/06/2016 21:20:00;ALICE THROUGH THE LOOKING GLASS;ALICE ATRAVÉS DO ESPELHO;E1600259100000;DUBLADO;NÃO;ESTADOS UNIDOS;5001628;CINESYSTEM SHOPPING TOTAL SALA 05;34;6000027;2375;6658;CURITIBA;PR;REDECINE CWB CINEMATOGRÁFICA LTDA;05.747.411/0001-69
09/06/2016;09/06/2016 21:20:00;NOW YOU SEE ME: THE SECOND ACT;TRUQUE DE MESTRE 2;E1500269900000;ORIGINAL;SIM;ESTADOS UNIDOS;5002780;ILHA PLAZA 03;102;6000027;5348;16645;RIO DE JANEIRO;RJ;REDECINE - RIO CINEMATOGRAFICA S.A.;07.524.011/0001-10
09/06/2016;09/06/2016 21:20:00;WARCRAFT;WARCFRAT – O PRIMEIRO ENCONTRO ENTRE DOIS MUNDOS;E1500739800000;ORIGINAL;SIM;ESTADOS UNIDOS;5005000;CINESYSTEM AMERICAS 04;23;6000027;5348;28834;RIO DE JANEIRO;RJ;REDECINE - RIO CINEMATOGRAFICA S.A.;07.524.011/0001-10
09/06/2016;09/06/2016 21:25:00;THE CONJURING 2;INVOCAÇÃO DO MAL 2;E1600342300000;DUBLADO;NÃO;ESTADOS UNIDOS;5003422;CINEMARK SHOPPING RAPOSO TAVARES 04;241;6000018;1843;20591;SÃO PAULO;SP;CINEMARK BRASIL S.A;00.779.721/0001-41
09/06/2016;09/06/2016 21:30:00;NOW YOU SEE ME: THE SECOND ACT;TRUQUE DE MESTRE 2;E1500269900000;DUBLADO;NÃO;ESTADOS UNIDOS;5001626;CINESYSTEM SHOPPING TOTAL SALA 03;45;6000027;2375;6658;CURITIBA;PR;REDECINE CWB CINEMATOGRÁFICA LTDA;05.747.411/0001-69
09/06/2016;09/06/2016 21:30:00;THE CONJURING 2;INVOCAÇÃO DO MAL 2;E1600342300000;DUBLADO;NÃO;ESTADOS UNIDOS;5004483;ARAPIRACA BRA 01;85;6000027;22546;26037;ARAPIRACA;AL;REDECINE BRA CINEMATOGRÁFICA S.A.;15.422.993/0001-67
09/06/2016;09/06/2016 21:40:00;NOW YOU SEE ME 2;TRUQUE DE MESTRE: O 2º ATO;E1700176500000;ORIGINAL;SIM;CANADÁ;5004997;CINESYSTEM AMERICAS 01;28;6000027;5348;28834;RIO DE JANEIRO;RJ;REDECINE - RIO CINEMATOGRAFICA S.A.;07.524.011/0001-10
09/06/2016;09/06/2016 21:50:00;TEENAGE MUTANT NINJA TURTLES: OUT OF THE SHADOWS;AS TARTARUGAS NINJA: FORA DAS SOMBRAS;E1600265600000;DUBLADO;NÃO;ESTADOS UNIDOS;5004486;ARAPIRACA BRA 04;20;6000027;22546;26037;ARAPIRACA;AL;REDECINE BRA CINEMATOGRÁFICA S.A.;15.422.993/0001-67
09/06/2016;09/06/2016 21:50:00;TEENAGE MUTANT NINJA TURTLES: OUT OF THE SHADOWS;AS TARTARUGAS NINJA: FORA DAS SOMBRAS;E1600265600000;DUBLADO;NÃO;ESTADOS UNIDOS;5003421;CINEMARK SHOPPING RAPOSO TAVARES 03;17;6000018;1843;20591;SÃO PAULO;SP;CINEMARK BRASIL S.A;00.779.721/0001-41
09/06/2016;09/06/2016 21:50:00;THE CONJURING 2;INVOCAÇÃO DO MAL 2;E1600342300000;ORIGINAL;SIM;ESTADOS UNIDOS;5005003;CINESYSTEM AMERICAS 07;18;6000027;5348;28834;RIO DE JANEIRO;RJ;REDECINE - RIO CINEMATOGRAFICA S.A.;07.524.011/0001-10
09/06/2016;09/06/2016 21:50:00;THE CONJURING 2;INVOCAÇÃO DO MAL 2;E1600342300000;DUBLADO;NÃO;ESTADOS UNIDOS;5005578;CINESYSTEM PAULISTA SALA 08 CINÉPIC;39;6000027;22546;33152;PAULISTA;PE;REDECINE BRA CINEMATOGRÁFICA S.A.;15.422.993/0001-67
09/06/2016;09/06/2016 21:50:00;X-MEN: APOCALYPSE;X-MEN - APOCALIPSE;E1600181600000;DUBLADO;NÃO;ESTADOS UNIDOS;5001624;CINESYSTEM SHOPPING TOTAL SALA 01;53;6000027;2375;6658;CURITIBA;PR;REDECINE CWB CINEMATOGRÁFICA LTDA;05.747.411/0001-69
09/06/2016;09/06/2016 21:50:00;X-MEN: APOCALYPSE;X-MEN - APOCALIPSE;E1600181600000;ORIGINAL;SIM;ESTADOS UNIDOS;5002782;ILHA PLAZA 02;67;6000027;5348;16645;RIO DE JANEIRO;RJ;REDECINE - RIO CINEMATOGRAFICA S.A.;07.524.011/0001-10
09/06/2016;09/06/2016 22:00:00;NOW YOU SEE ME: THE SECOND ACT;TRUQUE DE MESTRE 2;E1500269900000;DUBLADO;NÃO;ESTADOS UNIDOS;5003425;CINEMARK SHOPPING RAPOSO TAVARES 07;31;6000018;1843;20591;SÃO PAULO;SP;CINEMARK BRASIL S.A;00.779.721/0001-41
09/06/2016;09/06/2016 22:00:00;THE CONJURING 2;INVOCAÇÃO DO MAL 2;E1600342300000;ORIGINAL;SIM;ESTADOS UNIDOS;5005002;CINESYSTEM AMERICAS 06;57;6000027;5348;28834;RIO DE JANEIRO;RJ;REDECINE - RIO CINEMATOGRAFICA S.A.;07.524.011/0001-10
09/06/2016;09/06/2016 22:00:00;THE CONJURING 2;INVOCAÇÃO DO MAL 2;E1600342300000;DUBLADO;NÃO;ESTADOS UNIDOS;5001625;CINESYSTEM SHOPPING TOTAL SALA 02;160;6000027;2375;6658;CURITIBA;PR;REDECINE CWB CINEMATOGRÁFICA LTDA;05.747.411/0001-69
09/06/2016;09/06/2016 22:20:00;THE CONJURING 2;INVOCAÇÃO DO MAL 2;E1600342300000;DUBLADO;NÃO;ESTADOS UNIDOS;5003423;CINEMARK SHOPPING RAPOSO TAVARES 05;152;6000018;1843;20591;SÃO PAULO;SP;CINEMARK BRASIL S.A;00.779.721/0001-41
10/06/2016;10/06/2016 13:00:00;NOW YOU SEE ME: THE SECOND ACT;TRUQUE DE MESTRE 2;E1500269900000;DUBLADO;NÃO;ESTADOS UNIDOS;5003425;CINEMARK SHOPPING RAPOSO TAVARES 07;6;6000018;1843;20591;SÃO PAULO;SP;CINEMARK BRASIL S.A;00.779.721/0001-41
10/06/2016;10/06/2016 13:00:00;WARCRAFT;WARCFRAT – O PRIMEIRO ENCONTRO ENTRE DOIS MUNDOS;E1500739800000;DUBLADO;NÃO;ESTADOS UNIDOS;5002603;CINEMAS BENFICA - SALA 1;27;;15690;15691;FORTALEZA;CE;CINEMAS BENFICA LTDA;07.509.597/0001-43
10/06/2016;10/06/2016 13:10:00;UMA LOUCURA DE MULHER;;B1600305700000;ORIGINAL;NÃO;BRASIL;5003422;CINEMARK SHOPPING RAPOSO TAVARES 04;1;6000018;1843;20591;SÃO PAULO;SP;CINEMARK BRASIL S.A;00.779.721/0001-41
10/06/2016;10/06/2016 13:15:00;ANGRY BIRDS;ANGRY BIRDS - O FILME;E1500732000000;DUBLADO;NÃO;ESTADOS UNIDOS;5004485;ARAPIRACA BRA 03;3;6000027;22546;26037;ARAPIRACA;AL;REDECINE BRA CINEMATOGRÁFICA S.A.;15.422.993/0001-67
10/06/2016;10/06/2016 13:20:00;ALICE THROUGH THE LOOKING GLASS;ALICE ATRAVÉS DO ESPELHO;E1600259100000;DUBLADO;NÃO;ESTADOS UNIDOS;5004488;ARAPIRACA BRA 06;13;6000027;22546;26037;ARAPIRACA;AL;REDECINE BRA CINEMATOGRÁFICA S.A.;15.422.993/0001-67
10/06/2016;10/06/2016 13:20:00;WARCRAFT;WARCFRAT – O PRIMEIRO ENCONTRO ENTRE DOIS MUNDOS;E1500739800000;ORIGINAL;SIM;ESTADOS UNIDOS;5005000;CINESYSTEM AMERICAS 04;9;6000027;5348;28834;RIO DE JANEIRO;RJ;REDECINE - RIO CINEMATOGRAFICA S.A.;07.524.011/0001-10
10/06/2016;10/06/2016 13:25:00;NOW YOU SEE ME 2;TRUQUE DE MESTRE: O 2º ATO;E1700176500000;DUBLADO;NÃO;CANADÁ;5005001;CINESYSTEM AMERICAS 05;12;6000027;5348;28834;RIO DE JANEIRO;RJ;REDECINE - RIO CINEMATOGRAFICA S.A.;07.524.011/0001-10
10/06/2016;10/06/2016 13:25:00;THE CONJURING 2;INVOCAÇÃO DO MAL 2;E1600342300000;DUBLADO;NÃO;ESTADOS UNIDOS;5003423;CINEMARK SHOPPING RAPOSO TAVARES 05;28;6000018;1843;20591;SÃO PAULO;SP;CINEMARK BRASIL S.A;00.779.721/0001-41
10/06/2016;10/06/2016 13:25:00;THE CONJURING 2;INVOCAÇÃO DO MAL 2;E1600342300000;DUBLADO;NÃO;ESTADOS UNIDOS;5005578;CINESYSTEM PAULISTA SALA 08 CINÉPIC;21;6000027;22546;33152;PAULISTA;PE;REDECINE BRA CINEMATOGRÁFICA S.A.;15.422.993/0001-67
10/06/2016;10/06/2016 13:25:00;WARCRAFT;WARCFRAT – O PRIMEIRO ENCONTRO ENTRE DOIS MUNDOS;E1500739800000;DUBLADO;NÃO;ESTADOS UNIDOS;5004487;ARAPIRACA BRA 05;19;6000027;22546;26037;ARAPIRACA;AL;REDECINE BRA CINEMATOGRÁFICA S.A.;15.422.993/0001-67
10/06/2016;10/06/2016 13:30:00;MONEY MONSTER;JOGO DO DINHEIRO;E1500735200000;ORIGINAL;SIM;ESTADOS UNIDOS;5004997;CINESYSTEM AMERICAS 01;7;6000027;5348;28834;RIO DE JANEIRO;RJ;REDECINE - RIO CINEMATOGRAFICA S.A.;07.524.011/0001-10
10/06/2016;10/06/2016 13:30:00;THE CONJURING 2;INVOCAÇÃO DO MAL 2;E1600342300000;DUBLADO;NÃO;ESTADOS UNIDOS;5004483;ARAPIRACA BRA 01;21;6000027;22546;26037;ARAPIRACA;AL;REDECINE BRA CINEMATOGRÁFICA S.A.;15.422.993/0001-67
10/06/2016;10/06/2016 13:35:00;ALICE THROUGH THE LOOKING GLASS;ALICE ATRAVÉS DO ESPELHO;E1600259100000;DUBLADO;NÃO;ESTADOS UNIDOS;5004998;CINESYSTEM AMERICAS 02;9;6000027;5348;28834;RIO DE JANEIRO;RJ;REDECINE - RIO CINEMATOGRAFICA S.A.;07.524.011/0001-10
10/06/2016;10/06/2016 13:35:00;REMEMBER;MEMÓRIAS SECRETAS;E1600105900000;ORIGINAL;SIM;ALEMANHA;5004444;SALA MACEIO 05;15;6000027;22546;25512;MACEIÓ;AL;REDECINE BRA CINEMATOGRÁFICA S.A.;15.422.993/0001-67
10/06/2016;10/06/2016 13:40:00;NOW YOU SEE ME: THE SECOND ACT;TRUQUE DE MESTRE 2;E1500269900000;DUBLADO;NÃO;ESTADOS UNIDOS;5004484;ARAPIRACA BRA 02;19;6000027;22546;26037;ARAPIRACA;AL;REDECINE BRA CINEMATOGRÁFICA S.A.;15.422.993/0001-67
10/06/2016;10/06/2016 13:40:00;NOW YOU SEE ME: THE SECOND ACT;TRUQUE DE MESTRE 2;E1500269900000;DUBLADO;NÃO;ESTADOS UNIDOS;5001628;CINESYSTEM SHOPPING TOTAL SALA 05;1;6000027;2375;6658;CURITIBA;PR;REDECINE CWB CINEMATOGRÁFICA LTDA;05.747.411/0001-69
10/06/2016;10/06/2016 13:40:00;THE CONJURING 2;INVOCAÇÃO DO MAL 2;E1600342300000;ORIGINAL;SIM;ESTADOS UNIDOS;5005002;CINESYSTEM AMERICAS 06;22;6000027;5348;28834;RIO DE JANEIRO;RJ;REDECINE - RIO CINEMATOGRAFICA S.A.;07.524.011/0001-10
10/06/2016;10/06/2016 13:50:00;ALICE THROUGH THE LOOKING GLASS;ALICE ATRAVÉS DO ESPELHO;E1600259100000;DUBLADO;NÃO;ESTADOS UNIDOS;5005576;CINESYSTEM PAULISTA SALA 06;8;6000027;22546;33152;PAULISTA;PE;REDECINE BRA CINEMATOGRÁFICA S.A.;15.422.993/0001-67
10/06/2016;10/06/2016 13:50:00;ALICE THROUGH THE LOOKING GLASS;ALICE ATRAVÉS DO ESPELHO;E1600259100000;DUBLADO;NÃO;ESTADOS UNIDOS;5001626;CINESYSTEM SHOPPING TOTAL SALA 03;5;6000027;2375;6658;CURITIBA;PR;REDECINE CWB CINEMATOGRÁFICA LTDA;05.747.411/0001-69
10/06/2016;10/06/2016 13:55:00;TEENAGE MUTANT NINJA TURTLES: OUT OF THE SHADOWS;AS TARTARUGAS NINJA: FORA DAS SOMBRAS;E1600265600000;DUBLADO;NÃO;ESTADOS UNIDOS;5001627;CINESYSTEM SHOPPING TOTAL SALA 04;6;6000027;2375;6658;CURITIBA;PR;REDECINE CWB CINEMATOGRÁFICA LTDA;05.747.411/0001-69
10/06/2016;10/06/2016 14:00:00;ALICE IN WONDERLAND;ALICE NO PAÍS DAS MARAVILHAS;E1500291700000;DUBLADO;NÃO;ESTADOS UNIDOS;5003421;CINEMARK SHOPPING RAPOSO TAVARES 03;31;6000018;1843;20591;SÃO PAULO;SP;CINEMARK BRASIL S.A;00.779.721/0001-41
10/06/2016;10/06/2016 14:00:00;ANGRY BIRDS;ANGRY BIRDS - O FILME;E1500732000000;DUBLADO;NÃO;ESTADOS UNIDOS;5002062;AGUA VERDE 1;2;6000023;12893;12894;CURITIBA;PR;ESTILO PRODUÇÕES ARTISTICAS LTDA;03.293.165/0001-97
10/06/2016;10/06/2016 14:00:00;THE CONJURING 2;INVOCAÇÃO DO MAL 2;E1600342300000;DUBLADO;NÃO;ESTADOS UNIDOS;5004486;ARAPIRACA BRA 04;19;6000027;22546;26037;ARAPIRACA;AL;REDECINE BRA CINEMATOGRÁFICA S.A.;15.422.993/0001-67
10/06/2016;10/06/2016 14:00:00;THE CONJURING 2;INVOCAÇÃO DO MAL 2;E1600342300000;DUBLADO;NÃO;ESTADOS UNIDOS;5001625;CINESYSTEM SHOPPING TOTAL SALA 02;15;6000027;2375;6658;CURITIBA;PR;REDECINE CWB CINEMATOGRÁFICA LTDA;05.747.411/0001-69
10/06/2016;10/06/2016 14:10:00;ANGRY BIRDS;ANGRY BIRDS - O FILME;E1500732000000;DUBLADO;NÃO;ESTADOS UNIDOS;5001627;CINESYSTEM SHOPPING TOTAL SALA 04;0;6000027;2375;6658;CURITIBA;PR;REDECINE CWB CINEMATOGRÁFICA LTDA;05.747.411/0001-69
10/06/2016;10/06/2016 14:10:00;WARCRAFT;WARCFRAT – O PRIMEIRO ENCONTRO ENTRE DOIS MUNDOS;E1500739800000;DUBLADO;NÃO;ESTADOS UNIDOS;5003420;CINEMARK SHOPPING RAPOSO TAVARES 02;9;6000018;1843;20591;SÃO PAULO;SP;CINEMARK BRASIL S.A;00.779.721/0001-41
10/06/2016;10/06/2016 14:20:00;TEENAGE MUTANT NINJA TURTLES: OUT OF THE SHADOWS;AS TARTARUGAS NINJA: FORA DAS SOMBRAS;E1600265600000;DUBLADO;NÃO;ESTADOS UNIDOS;5002063;AGUA VERDE 2;7;6000023;12893;12894;CURITIBA;PR;ESTILO PRODUÇÕES ARTISTICAS LTDA;03.293.165/0001-97
10/06/2016;10/06/2016 14:20:00;THE CONJURING 2;INVOCAÇÃO DO MAL 2;E1600342300000;DUBLADO;NÃO;ESTADOS UNIDOS;5005003;CINESYSTEM AMERICAS 07;22;6000027;5348;28834;RIO DE JANEIRO;RJ;REDECINE - RIO CINEMATOGRAFICA S.A.;07.524.011/0001-10
10/06/2016;10/06/2016 14:20:00;WARCRAFT;WARCFRAT – O PRIMEIRO ENCONTRO ENTRE DOIS MUNDOS;E1500739800000;DUBLADO;NÃO;ESTADOS UNIDOS;5001624;CINESYSTEM SHOPPING TOTAL SALA 01;9;6000027;2375;6658;CURITIBA;PR;REDECINE CWB CINEMATOGRÁFICA LTDA;05.747.411/0001-69
10/06/2016;10/06/2016 14:30:00;NOW YOU SEE ME: THE SECOND ACT;TRUQUE DE MESTRE 2;E1500269900000;DUBLADO;NÃO;ESTADOS UNIDOS;5003424;CINEMARK SHOPPING RAPOSO TAVARES 06;21;6000018;1843;20591;SÃO PAULO;SP;CINEMARK BRASIL S.A;00.779.721/0001-41
10/06/2016;10/06/2016 15:20:00;WARCRAFT;WARCFRAT – O PRIMEIRO ENCONTRO ENTRE DOIS MUNDOS;E1500739800000;DUBLADO;NÃO;ESTADOS UNIDOS;5002603;CINEMAS BENFICA - SALA 1;35;;15690;15691;FORTALEZA;CE;CINEMAS BENFICA LTDA;07.509.597/0001-43
10/06/2016;10/06/2016 15:20:00;X-MEN: APOCALYPSE;X-MEN - APOCALIPSE;E1600181600000;DUBLADO;NÃO;ESTADOS UNIDOS;5004485;ARAPIRACA BRA 03;36;6000027;22546;26037;ARAPIRACA;AL;REDECINE BRA CINEMATOGRÁFICA S.A.;15.422.993/0001-67
10/06/2016;10/06/2016 15:30:00;THE CONJURING 2;INVOCAÇÃO DO MAL 2;E1600342300000;DUBLADO;NÃO;ESTADOS UNIDOS;5003422;CINEMARK SHOPPING RAPOSO TAVARES 04;42;6000018;1843;20591;SÃO PAULO;SP;CINEMARK BRASIL S.A;00.779.721/0001-41
10/06/2016;10/06/2016 15:40:00;ALICE THROUGH THE LOOKING GLASS;ALICE ATRAVÉS DO ESPELHO;E1600259100000;DUBLADO;NÃO;ESTADOS UNIDOS;5004488;ARAPIRACA BRA 06;8;6000027;22546;26037;ARAPIRACA;AL;REDECINE BRA CINEMATOGRÁFICA S.A.;15.422.993/0001-67
10/06/2016;10/06/2016 15:40:00;NOW YOU SEE ME 2;TRUQUE DE MESTRE: O 2º ATO;E1700176500000;ORIGINAL;SIM;CANADÁ;5004997;CINESYSTEM AMERICAS 01;40;6000027;5348;28834;RIO DE JANEIRO;RJ;REDECINE - RIO CINEMATOGRAFICA S.A.;07.524.011/0001-10
10/06/2016;10/06/2016 15:50:00;MONEY MONSTER;JOGO DO DINHEIRO;E1500735200000;ORIGINAL;SIM;ESTADOS UNIDOS;5004444;SALA MACEIO 05;6;6000027;22546;25512;MACEIÓ;AL;REDECINE BRA CINEMATOGRÁFICA S.A.;15.422.993/0001-67
10/06/2016;10/06/2016 15:50:00;WARCRAFT;WARCFRAT – O PRIMEIRO ENCONTRO ENTRE DOIS MUNDOS;E1500739800000;ORIGINAL;SIM;ESTADOS UNIDOS;5005000;CINESYSTEM AMERICAS 04;8;6000027;5348;28834;RIO DE JANEIRO;RJ;REDECINE - RIO CINEMATOGRAFICA S.A.;07.524.011/0001-10
10/06/2016;10/06/2016 16:00:00;ALICE THROUGH THE LOOKING GLASS;ALICE ATRAVÉS DO ESPELHO;E1600259100000;DUBLADO;NÃO;ESTADOS UNIDOS;5004998;CINESYSTEM AMERICAS 02;29;6000027;5348;28834;RIO DE JANEIRO;RJ;REDECINE - RIO CINEMATOGRAFICA S.A.;07.524.011/0001-10
10/06/2016;10/06/2016 16:00:00;NOW YOU SEE ME: THE SECOND ACT;TRUQUE DE MESTRE 2;E1500269900000;DUBLADO;NÃO;ESTADOS UNIDOS;5003425;CINEMARK SHOPPING RAPOSO TAVARES 07;11;6000018;1843;20591;SÃO PAULO;SP;CINEMARK BRASIL S.A;00.779.721/0001-41
10/06/2016;10/06/2016 16:00:00;THE CONJURING 2;INVOCAÇÃO DO MAL 2;E1600342300000;DUBLADO;NÃO;ESTADOS UNIDOS;5002062;AGUA VERDE 1;0;6000023;12893;12894;CURITIBA;PR;ESTILO PRODUÇÕES ARTISTICAS LTDA;03.293.165/0001-97
10/06/2016;10/06/2016 16:00:00;WARCRAFT;WARCFRAT – O PRIMEIRO ENCONTRO ENTRE DOIS MUNDOS;E1500739800000;DUBLADO;NÃO;ESTADOS UNIDOS;5004487;ARAPIRACA BRA 05;0;6000027;22546;26037;ARAPIRACA;AL;REDECINE BRA CINEMATOGRÁFICA S.A.;15.422.993/0001-67
10/06/2016;10/06/2016 16:05:00;WARCRAFT;WARCFRAT – O PRIMEIRO ENCONTRO ENTRE DOIS MUNDOS;E1500739800000;DUBLADO;NÃO;ESTADOS UNIDOS;5004487;ARAPIRACA BRA 05;11;6000027;22546;26037;ARAPIRACA;AL;REDECINE BRA CINEMATOGRÁFICA S.A.;15.422.993/0001-67
10/06/2016;10/06/2016 16:10:00;NOW YOU SEE ME 2;TRUQUE DE MESTRE: O 2º ATO;E1700176500000;DUBLADO;NÃO;CANADÁ;5005001;CINESYSTEM AMERICAS 05;21;6000027;5348;28834;RIO DE JANEIRO;RJ;REDECINE - RIO CINEMATOGRAFICA S.A.;07.524.011/0001-10
10/06/2016;10/06/2016 16:10:00;TEENAGE MUTANT NINJA TURTLES: OUT OF THE SHADOWS;AS TARTARUGAS NINJA: FORA DAS SOMBRAS;E1600265600000;DUBLADO;NÃO;ESTADOS UNIDOS;5001627;CINESYSTEM SHOPPING TOTAL SALA 04;0;6000027;2375;6658;CURITIBA;PR;REDECINE CWB CINEMATOGRÁFICA LTDA;05.747.411/0001-69
10/06/2016;10/06/2016 16:10:00;THE CONJURING 2;INVOCAÇÃO DO MAL 2;E1600342300000;DUBLADO;NÃO;ESTADOS UNIDOS;5004483;ARAPIRACA BRA 01;19;6000027;22546;26037;ARAPIRACA;AL;REDECINE BRA CINEMATOGRÁFICA S.A.;15.422.993/0001-67
10/06/2016;10/06/2016 16:10:00;THE CONJURING 2;INVOCAÇÃO DO MAL 2;E1600342300000;DUBLADO;NÃO;ESTADOS UNIDOS;5005578;CINESYSTEM PAULISTA SALA 08 CINÉPIC;13;6000027;22546;33152;PAULISTA;PE;REDECINE BRA CINEMATOGRÁFICA S.A.;15.422.993/0001-67
10/06/2016;10/06/2016 16:15:00;THE CONJURING 2;INVOCAÇÃO DO MAL 2;E1600342300000;DUBLADO;NÃO;ESTADOS UNIDOS;5001627;CINESYSTEM SHOPPING TOTAL SALA 04;6;6000027;2375;6658;CURITIBA;PR;REDECINE CWB CINEMATOGRÁFICA LTDA;05.747.411/0001-69
10/06/2016;10/06/2016 16:20:00;ALICE THROUGH THE LOOKING GLASS;ALICE ATRAVÉS DO ESPELHO;E1600259100000;DUBLADO;NÃO;ESTADOS UNIDOS;5005576;CINESYSTEM PAULISTA SALA 06;25;6000027;22546;33152;PAULISTA;PE;REDECINE BRA CINEMATOGRÁFICA S.A.;15.422.993/0001-67
10/06/2016;10/06/2016 16:20:00;NOW YOU SEE ME: THE SECOND ACT;TRUQUE DE MESTRE 2;E1500269900000;DUBLADO;NÃO;ESTADOS UNIDOS;5004484;ARAPIRACA BRA 02;25;6000027;22546;26037;ARAPIRACA;AL;REDECINE BRA CINEMATOGRÁFICA S.A.;15.422.993/0001-67
10/06/2016;10/06/2016 16:20:00;NOW YOU SEE ME: THE SECOND ACT;TRUQUE DE MESTRE 2;E1500269900000;DUBLADO;NÃO;ESTADOS UNIDOS;5001628;CINESYSTEM SHOPPING TOTAL SALA 05;17;6000027;2375;6658;CURITIBA;PR;REDECINE CWB CINEMATOGRÁFICA LTDA;05.747.411/0001-69
10/06/2016;10/06/2016 16:20:00;THE CONJURING 2;INVOCAÇÃO DO MAL 2;E1600342300000;DUBLADO;NÃO;ESTADOS UNIDOS;5003423;CINEMARK SHOPPING RAPOSO TAVARES 05;42;6000018;1843;20591;SÃO PAULO;SP;CINEMARK BRASIL S.A;00.779.721/0001-41
10/06/2016;10/06/2016 16:30:00;ALICE THROUGH THE LOOKING GLASS;ALICE ATRAVÉS DO ESPELHO;E1600259100000;DUBLADO;NÃO;ESTADOS UNIDOS;5002063;AGUA VERDE 2;6;6000023;12893;12894;CURITIBA;PR;ESTILO PRODUÇÕES ARTISTICAS LTDA;03.293.165/0001-97
10/06/2016;10/06/2016 16:30:00;ALICE THROUGH THE LOOKING GLASS;ALICE ATRAVÉS DO ESPELHO;E1600259100000;DUBLADO;NÃO;ESTADOS UNIDOS;5001626;CINESYSTEM SHOPPING TOTAL SALA 03;16;6000027;2375;6658;CURITIBA;PR;REDECINE CWB CINEMATOGRÁFICA LTDA;05.747.411/0001-69
10/06/2016;10/06/2016 16:30:00;THE CONJURING 2;INVOCAÇÃO DO MAL 2;E1600342300000;ORIGINAL;SIM;ESTADOS UNIDOS;5005002;CINESYSTEM AMERICAS 06;48;6000027;5348;28834;RIO DE JANEIRO;RJ;REDECINE - RIO CINEMATOGRAFICA S.A.;07.524.011/0001-10
10/06/2016;10/06/2016 16:40:00;ALICE IN WONDERLAND;ALICE NO PAÍS DAS MARAVILHAS;E1500291700000;DUBLADO;NÃO;ESTADOS UNIDOS;5003421;CINEMARK SHOPPING RAPOSO TAVARES 03;24;6000018;1843;20591;SÃO PAULO;SP;CINEMARK BRASIL S.A;00.779.721/0001-41
10/06/2016;10/06/2016 16:40:00;TEENAGE MUTANT NINJA TURTLES: OUT OF THE SHADOWS;AS TARTARUGAS NINJA: FORA DAS SOMBRAS;E1600265600000;DUBLADO;NÃO;ESTADOS UNIDOS;5004486;ARAPIRACA BRA 04;20;6000027;22546;26037;ARAPIRACA;AL;REDECINE BRA CINEMATOGRÁFICA S.A.;15.422.993/0001-67
10/06/2016;10/06/2016 16:40:00;THE CONJURING 2;INVOCAÇÃO DO MAL 2;E1600342300000;DUBLADO;NÃO;ESTADOS UNIDOS;5001625;CINESYSTEM SHOPPING TOTAL SALA 02;17;6000027;2375;6658;CURITIBA;PR;REDECINE CWB CINEMATOGRÁFICA LTDA;05.747.411/0001-69
10/06/2016;10/06/2016 16:50:00;WARCRAFT;WARCFRAT – O PRIMEIRO ENCONTRO ENTRE DOIS MUNDOS;E1500739800000;DUBLADO;NÃO;ESTADOS UNIDOS;5001624;CINESYSTEM SHOPPING TOTAL SALA 01;5;6000027;2375;6658;CURITIBA;PR;REDECINE CWB CINEMATOGRÁFICA LTDA;05.747.411/0001-69
10/06/2016;10/06/2016 17:00:00;TEENAGE MUTANT NINJA TURTLES: OUT OF THE SHADOWS;AS TARTARUGAS NINJA: FORA DAS SOMBRAS;E1600265600000;DUBLADO;NÃO;ESTADOS UNIDOS;5005003;CINESYSTEM AMERICAS 07;17;6000027;5348;28834;RIO DE JANEIRO;RJ;REDECINE - RIO CINEMATOGRAFICA S.A.;07.524.011/0001-10
10/06/2016;10/06/2016 17:00:00;WARCRAFT;WARCFRAT – O PRIMEIRO ENCONTRO ENTRE DOIS MUNDOS;E1500739800000;DUBLADO;NÃO;ESTADOS UNIDOS;5003420;CINEMARK SHOPPING RAPOSO TAVARES 02;11;6000018;1843;20591;SÃO PAULO;SP;CINEMARK BRASIL S.A;00.779.721/0001-41
10/06/2016;10/06/2016 17:30:00;NOW YOU SEE ME: THE SECOND ACT;TRUQUE DE MESTRE 2;E1500269900000;DUBLADO;NÃO;ESTADOS UNIDOS;5003424;CINEMARK SHOPPING RAPOSO TAVARES 06;27;6000018;1843;20591;SÃO PAULO;SP;CINEMARK BRASIL S.A;00.779.721/0001-41
10/06/2016;10/06/2016 17:40:00;WARCRAFT;WARCFRAT – O PRIMEIRO ENCONTRO ENTRE DOIS MUNDOS;E1500739800000;DUBLADO;NÃO;ESTADOS UNIDOS;5002603;CINEMAS BENFICA - SALA 1;49;;15690;15691;FORTALEZA;CE;CINEMAS BENFICA LTDA;07.509.597/0001-43
10/06/2016;10/06/2016 17:50:00;MONEY MONSTER;JOGO DO DINHEIRO;E1500735200000;ORIGINAL;SIM;ESTADOS UNIDOS;5004444;SALA MACEIO 05;12;6000027;22546;25512;MACEIÓ;AL;REDECINE BRA CINEMATOGRÁFICA S.A.;15.422.993/0001-67
10/06/2016;10/06/2016 18:05:00;NOW YOU SEE ME: THE SECOND ACT;TRUQUE DE MESTRE 2;E1500269900000;DUBLADO;NÃO;ESTADOS UNIDOS;5004488;ARAPIRACA BRA 06;12;6000027;22546;26037;ARAPIRACA;AL;REDECINE BRA CINEMATOGRÁFICA S.A.;15.422.993/0001-67
10/06/2016;10/06/2016 18:15:00;X-MEN: APOCALYPSE;X-MEN - APOCALIPSE;E1600181600000;DUBLADO;NÃO;ESTADOS UNIDOS;5004485;ARAPIRACA BRA 03;4;6000027;22546;26037;ARAPIRACA;AL;REDECINE BRA CINEMATOGRÁFICA S.A.;15.422.993/0001-67
10/06/2016;10/06/2016 18:20:00;NOW YOU SEE ME 2;TRUQUE DE MESTRE: O 2º ATO;E1700176500000;ORIGINAL;SIM;CANADÁ;5004998;CINESYSTEM AMERICAS 02;50;6000027;5348;28834;RIO DE JANEIRO;RJ;REDECINE - RIO CINEMATOGRAFICA S.A.;07.524.011/0001-10
10/06/2016;10/06/2016 18:30:00;THE CONJURING 2;INVOCAÇÃO DO MAL 2;E1600342300000;DUBLADO;NÃO;ESTADOS UNIDOS;5002062;AGUA VERDE 1;4;6000023;12893;12894;CURITIBA;PR;ESTILO PRODUÇÕES ARTISTICAS LTDA;03.293.165/0001-97
10/06/2016;10/06/2016 18:30:00;THE CONJURING 2;INVOCAÇÃO DO MAL 2;E1600342300000;DUBLADO;NÃO;ESTADOS UNIDOS;5003422;CINEMARK SHOPPING RAPOSO TAVARES 04;66;6000018;1843;20591;SÃO PAULO;SP;CINEMARK BRASIL S.A;00.779.721/0001-41
10/06/2016;10/06/2016 18:30:00;WARCRAFT;WARCFRAT – O PRIMEIRO ENCONTRO ENTRE DOIS MUNDOS;E1500739800000;DUBLADO;NÃO;ESTADOS UNIDOS;5004487;ARAPIRACA BRA 05;10;6000027;22546;26037;ARAPIRACA;AL;REDECINE BRA CINEMATOGRÁFICA S.A.;15.422.993/0001-67
10/06/2016;10/06/2016 18:30:00;WARCRAFT;WARCFRAT – O PRIMEIRO ENCONTRO ENTRE DOIS MUNDOS;E1500739800000;DUBLADO;NÃO;ESTADOS UNIDOS;5001627;CINESYSTEM SHOPPING TOTAL SALA 04;0;6000027;2375;6658;CURITIBA;PR;REDECINE CWB CINEMATOGRÁFICA LTDA;05.747.411/0001-69
10/06/2016;10/06/2016 18:40:00;TEENAGE MUTANT NINJA TURTLES: OUT OF THE SHADOWS;AS TARTARUGAS NINJA: FORA DAS SOMBRAS;E1600265600000;DUBLADO;NÃO;ESTADOS UNIDOS;5002063;AGUA VERDE 2;0;6000023;12893;12894;CURITIBA;PR;ESTILO PRODUÇÕES ARTISTICAS LTDA;03.293.165/0001-97
10/06/2016;10/06/2016 18:40:00;WARCRAFT;WARCFRAT – O PRIMEIRO ENCONTRO ENTRE DOIS MUNDOS;E1500739800000;ORIGINAL;SIM;ESTADOS UNIDOS;5005000;CINESYSTEM AMERICAS 04;22;6000027;5348;28834;RIO DE JANEIRO;RJ;REDECINE - RIO CINEMATOGRAFICA S.A.;07.524.011/0001-10
10/06/2016;10/06/2016 18:45:00;ALICE THROUGH THE LOOKING GLASS;ALICE ATRAVÉS DO ESPELHO;E1600259100000;DUBLADO;NÃO;ESTADOS UNIDOS;5005576;CINESYSTEM PAULISTA SALA 06;17;6000027;22546;33152;PAULISTA;PE;REDECINE BRA CINEMATOGRÁFICA S.A.;15.422.993/0001-67
10/06/2016;10/06/2016 18:50:00;ALICE THROUGH THE LOOKING GLASS;ALICE ATRAVÉS DO ESPELHO;E1600259100000;ORIGINAL;SIM;ESTADOS UNIDOS;5005001;CINESYSTEM AMERICAS 05;14;6000027;5348;28834;RIO DE JANEIRO;RJ;REDECINE - RIO CINEMATOGRAFICA S.A.;07.524.011/0001-10
10/06/2016;10/06/2016 18:50:00;NOW YOU SEE ME: THE SECOND ACT;TRUQUE DE MESTRE 2;E1500269900000;DUBLADO;NÃO;ESTADOS UNIDOS;5001626;CINESYSTEM SHOPPING TOTAL SALA 03;14;6000027;2375;6658;CURITIBA;PR;REDECINE CWB CINEMATOGRÁFICA LTDA;05.747.411/0001-69
10/06/2016;10/06/2016 18:50:00;THE CONJURING 2;INVOCAÇÃO DO MAL 2;E1600342300000;DUBLADO;NÃO;ESTADOS UNIDOS;5004483;ARAPIRACA BRA 01;29;6000027;22546;26037;ARAPIRACA;AL;REDECINE BRA CINEMATOGRÁFICA S.A.;15.422.993/0001-67
10/06/2016;10/06/2016 18:55:00;WARCRAFT;WARCFRAT – O PRIMEIRO ENCONTRO ENTRE DOIS MUNDOS;E1500739800000;DUBLADO;NÃO;ESTADOS UNIDOS;5001627;CINESYSTEM SHOPPING TOTAL SALA 04;16;6000027;2375;6658;CURITIBA;PR;REDECINE CWB CINEMATOGRÁFICA LTDA;05.747.411/0001-69
10/06/2016;10/06/2016 19:00:00;ALICE THROUGH THE LOOKING GLASS;ALICE ATRAVÉS DO ESPELHO;E1600259100000;DUBLADO;NÃO;ESTADOS UNIDOS;5001628;CINESYSTEM SHOPPING TOTAL SALA 05;29;6000027;2375;6658;CURITIBA;PR;REDECINE CWB CINEMATOGRÁFICA LTDA;05.747.411/0001-69
10/06/2016;10/06/2016 19:00:00;ME BEFORE YOU;COMO EU ERA ANTES DE VOCÊ;E1500875700000;DUBLADO;NÃO;ESTADOS UNIDOS;5004484;ARAPIRACA BRA 02;57;6000027;22546;26037;ARAPIRACA;AL;REDECINE BRA CINEMATOGRÁFICA S.A.;15.422.993/0001-67
10/06/2016;10/06/2016 19:00:00;ME BEFORE YOU;COMO EU ERA ANTES DE VOCÊ;E1500875700000;ORIGINAL;SIM;ESTADOS UNIDOS;5004997;CINESYSTEM AMERICAS 01;81;6000027;5348;28834;RIO DE JANEIRO;RJ;REDECINE - RIO CINEMATOGRAFICA S.A.;07.524.011/0001-10
10/06/2016;10/06/2016 19:00:00;NOW YOU SEE ME: THE SECOND ACT;TRUQUE DE MESTRE 2;E1500269900000;DUBLADO;NÃO;ESTADOS UNIDOS;5003425;CINEMARK SHOPPING RAPOSO TAVARES 07;28;6000018;1843;20591;SÃO PAULO;SP;CINEMARK BRASIL S.A;00.779.721/0001-41
10/06/2016;10/06/2016 19:10:00;TEENAGE MUTANT NINJA TURTLES: OUT OF THE SHADOWS;AS TARTARUGAS NINJA: FORA DAS SOMBRAS;E1600265600000;DUBLADO;NÃO;ESTADOS UNIDOS;5003421;CINEMARK SHOPPING RAPOSO TAVARES 03;9;6000018;1843;20591;SÃO PAULO;SP;CINEMARK BRASIL S.A;00.779.721/0001-41
10/06/2016;10/06/2016 19:10:00;THE CONJURING 2;INVOCAÇÃO DO MAL 2;E1600342300000;DUBLADO;NÃO;ESTADOS UNIDOS;5004486;ARAPIRACA BRA 04;52;6000027;22546;26037;ARAPIRACA;AL;REDECINE BRA CINEMATOGRÁFICA S.A.;15.422.993/0001-67
10/06/2016;10/06/2016 19:10:00;THE CONJURING 2;INVOCAÇÃO DO MAL 2;E1600342300000;DUBLADO;NÃO;ESTADOS UNIDOS;5005578;CINESYSTEM PAULISTA SALA 08 CINÉPIC;70;6000027;22546;33152;PAULISTA;PE;REDECINE BRA CINEMATOGRÁFICA S.A.;15.422.993/0001-67
10/06/2016;10/06/2016 19:15:00;THE CONJURING 2;INVOCAÇÃO DO MAL 2;E1600342300000;ORIGINAL;SIM;ESTADOS UNIDOS;5005002;CINESYSTEM AMERICAS 06;146;6000027;5348;28834;RIO DE JANEIRO;RJ;REDECINE - RIO CINEMATOGRAFICA S.A.;07.524.011/0001-10
10/06/2016;10/06/2016 19:20:00;THE CONJURING 2;INVOCAÇÃO DO MAL 2;E1600342300000;DUBLADO;NÃO;ESTADOS UNIDOS;5003423;CINEMARK SHOPPING RAPOSO TAVARES 05;102;6000018;1843;20591;SÃO PAULO;SP;CINEMARK BRASIL S.A;00.779.721/0001-41
10/06/2016;10/06/2016 19:20:00;THE CONJURING 2;INVOCAÇÃO DO MAL 2;E1600342300000;DUBLADO;NÃO;ESTADOS UNIDOS;5001625;CINESYSTEM SHOPPING TOTAL SALA 02;98;6000027;2375;6658;CURITIBA;PR;REDECINE CWB CINEMATOGRÁFICA LTDA;05.747.411/0001-69
10/06/2016;10/06/2016 19:25:00;TEENAGE MUTANT NINJA TURTLES: OUT OF THE SHADOWS;AS TARTARUGAS NINJA: FORA DAS SOMBRAS;E1600265600000;ORIGINAL;SIM;ESTADOS UNIDOS;5005003;CINESYSTEM AMERICAS 07;51;6000027;5348;28834;RIO DE JANEIRO;RJ;REDECINE - RIO CINEMATOGRAFICA S.A.;07.524.011/0001-10
10/06/2016;10/06/2016 19:30:00;TEENAGE MUTANT NINJA TURTLES: OUT OF THE SHADOWS;AS TARTARUGAS NINJA: FORA DAS SOMBRAS;E1600265600000;DUBLADO;NÃO;ESTADOS UNIDOS;5001624;CINESYSTEM SHOPPING TOTAL SALA 01;16;6000027;2375;6658;CURITIBA;PR;REDECINE CWB CINEMATOGRÁFICA LTDA;05.747.411/0001-69
10/06/2016;10/06/2016 20:00:00;WARCRAFT;WARCFRAT – O PRIMEIRO ENCONTRO ENTRE DOIS MUNDOS;E1500739800000;DUBLADO;NÃO;ESTADOS UNIDOS;5003420;CINEMARK SHOPPING RAPOSO TAVARES 02;26;6000018;1843;20591;SÃO PAULO;SP;CINEMARK BRASIL S.A;00.779.721/0001-41
10/06/2016;10/06/2016 20:05:00;WARCRAFT;WARCFRAT – O PRIMEIRO ENCONTRO ENTRE DOIS MUNDOS;E1500739800000;ORIGINAL;SIM;ESTADOS UNIDOS;5002603;CINEMAS BENFICA - SALA 1;46;;15690;15691;FORTALEZA;CE;CINEMAS BENFICA LTDA;07.509.597/0001-43
10/06/2016;10/06/2016 20:10:00;MONEY MONSTER;JOGO DO DINHEIRO;E1500735200000;ORIGINAL;SIM;ESTADOS UNIDOS;5004444;SALA MACEIO 05;26;6000027;22546;25512;MACEIÓ;AL;REDECINE BRA CINEMATOGRÁFICA S.A.;15.422.993/0001-67
10/06/2016;10/06/2016 20:30:00;NOW YOU SEE ME: THE SECOND ACT;TRUQUE DE MESTRE 2;E1500269900000;DUBLADO;NÃO;ESTADOS UNIDOS;5003424;CINEMARK SHOPPING RAPOSO TAVARES 06;94;6000018;1843;20591;SÃO PAULO;SP;CINEMARK BRASIL S.A;00.779.721/0001-41
10/06/2016;10/06/2016 20:50:00;ALICE THROUGH THE LOOKING GLASS;ALICE ATRAVÉS DO ESPELHO;E1600259100000;DUBLADO;NÃO;ESTADOS UNIDOS;5002063;AGUA VERDE 2;21;6000023;12893;12894;CURITIBA;PR;ESTILO PRODUÇÕES ARTISTICAS LTDA;03.293.165/0001-97
10/06/2016;10/06/2016 20:50:00;NOW YOU SEE ME: THE SECOND ACT;TRUQUE DE MESTRE 2;E1500269900000;DUBLADO;NÃO;ESTADOS UNIDOS;5004488;ARAPIRACA BRA 06;60;6000027;22546;26037;ARAPIRACA;AL;REDECINE BRA CINEMATOGRÁFICA S.A.;15.422.993/0001-67
10/06/2016;10/06/2016 21:00:00;ME BEFORE YOU;COMO EU ERA ANTES DE VOCÊ;E1500875700000;DUBLADO;NÃO;ESTADOS UNIDOS;5001627;CINESYSTEM SHOPPING TOTAL SALA 04;8;6000027;2375;6658;CURITIBA;PR;REDECINE CWB CINEMATOGRÁFICA LTDA;05.747.411/0001-69
10/06/2016;10/06/2016 21:00:00;NOW YOU SEE ME 2;TRUQUE DE MESTRE: O 2º ATO;E1700176500000;ORIGINAL;SIM;CANADÁ;5004998;CINESYSTEM AMERICAS 02;100;6000027;5348;28834;RIO DE JANEIRO;RJ;REDECINE - RIO CINEMATOGRAFICA S.A.;07.524.011/0001-10
10/06/2016;10/06/2016 21:00:00;THE CONJURING 2;INVOCAÇÃO DO MAL 2;E1600342300000;DUBLADO;NÃO;ESTADOS UNIDOS;5002062;AGUA VERDE 1;20;6000023;12893;12894;CURITIBA;PR;ESTILO PRODUÇÕES ARTISTICAS LTDA;03.293.165/0001-97
10/06/2016;10/06/2016 21:00:00;WARCRAFT;WARCFRAT – O PRIMEIRO ENCONTRO ENTRE DOIS MUNDOS;E1500739800000;DUBLADO;NÃO;ESTADOS UNIDOS;5004487;ARAPIRACA BRA 05;24;6000027;22546;26037;ARAPIRACA;AL;REDECINE BRA CINEMATOGRÁFICA S.A.;15.422.993/0001-67
10/06/2016;10/06/2016 21:10:00;ALICE THROUGH THE LOOKING GLASS;ALICE ATRAVÉS DO ESPELHO;E1600259100000;DUBLADO;NÃO;ESTADOS UNIDOS;5005001;CINESYSTEM AMERICAS 05;32;6000027;5348;28834;RIO DE JANEIRO;RJ;REDECINE - RIO CINEMATOGRAFICA S.A.;07.524.011/0001-10
10/06/2016;10/06/2016 21:10:00;ALICE THROUGH THE LOOKING GLASS;ALICE ATRAVÉS DO ESPELHO;E1600259100000;DUBLADO;NÃO;ESTADOS UNIDOS;5005576;CINESYSTEM PAULISTA SALA 06;10;6000027;22546;33152;PAULISTA;PE;REDECINE BRA CINEMATOGRÁFICA S.A.;15.422.993/0001-67
10/06/2016;10/06/2016 21:10:00;X-MEN: APOCALYPSE;X-MEN - APOCALIPSE;E1600181600000;DUBLADO;NÃO;ESTADOS UNIDOS;5004485;ARAPIRACA BRA 03;15;6000027;22546;26037;ARAPIRACA;AL;REDECINE BRA CINEMATOGRÁFICA S.A.;15.422.993/0001-67
10/06/2016;10/06/2016 21:20:00;ALICE THROUGH THE LOOKING GLASS;ALICE ATRAVÉS DO ESPELHO;E1600259100000;DUBLADO;NÃO;ESTADOS UNIDOS;5004484;ARAPIRACA BRA 02;4;6000027;22546;26037;ARAPIRACA;AL;REDECINE BRA CINEMATOGRÁFICA S.A.;15.422.993/0001-67
10/06/2016;10/06/2016 21:20:00;THE CONJURING 2;INVOCAÇÃO DO MAL 2;E1600342300000;DUBLADO;NÃO;ESTADOS UNIDOS;5001628;CINESYSTEM SHOPPING TOTAL SALA 05;37;6000027;2375;6658;CURITIBA;PR;REDECINE CWB CINEMATOGRÁFICA LTDA;05.747.411/0001-69
10/06/2016;10/06/2016 21:20:00;WARCRAFT;WARCFRAT – O PRIMEIRO ENCONTRO ENTRE DOIS MUNDOS;E1500739800000;ORIGINAL;SIM;ESTADOS UNIDOS;5005000;CINESYSTEM AMERICAS 04;52;6000027;5348;28834;RIO DE JANEIRO;RJ;REDECINE - RIO CINEMATOGRAFICA S.A.;07.524.011/0001-10
10/06/2016;10/06/2016 21:25:00;ME BEFORE YOU;COMO EU ERA ANTES DE VOCÊ;E1500875700000;DUBLADO;NÃO;ESTADOS UNIDOS;5001627;CINESYSTEM SHOPPING TOTAL SALA 04;31;6000027;2375;6658;CURITIBA;PR;REDECINE CWB CINEMATOGRÁFICA LTDA;05.747.411/0001-69
10/06/2016;10/06/2016 21:25:00;THE CONJURING 2;INVOCAÇÃO DO MAL 2;E1600342300000;DUBLADO;NÃO;ESTADOS UNIDOS;5003422;CINEMARK SHOPPING RAPOSO TAVARES 04;185;6000018;1843;20591;SÃO PAULO;SP;CINEMARK BRASIL S.A;00.779.721/0001-41
10/06/2016;10/06/2016 21:30:00;NOW YOU SEE ME: THE SECOND ACT;TRUQUE DE MESTRE 2;E1500269900000;DUBLADO;NÃO;ESTADOS UNIDOS;5001626;CINESYSTEM SHOPPING TOTAL SALA 03;17;6000027;2375;6658;CURITIBA;PR;REDECINE CWB CINEMATOGRÁFICA LTDA;05.747.411/0001-69
10/06/2016;10/06/2016 21:30:00;THE CONJURING 2;INVOCAÇÃO DO MAL 2;E1600342300000;DUBLADO;NÃO;ESTADOS UNIDOS;5004483;ARAPIRACA BRA 01;38;6000027;22546;26037;ARAPIRACA;AL;REDECINE BRA CINEMATOGRÁFICA S.A.;15.422.993/0001-67
10/06/2016;10/06/2016 21:40:00;NOW YOU SEE ME 2;TRUQUE DE MESTRE: O 2º ATO;E1700176500000;ORIGINAL;SIM;CANADÁ;5004997;CINESYSTEM AMERICAS 01;68;6000027;5348;28834;RIO DE JANEIRO;RJ;REDECINE - RIO CINEMATOGRAFICA S.A.;07.524.011/0001-10
10/06/2016;10/06/2016 21:50:00;TEENAGE MUTANT NINJA TURTLES: OUT OF THE SHADOWS;AS TARTARUGAS NINJA: FORA DAS SOMBRAS;E1600265600000;DUBLADO;NÃO;ESTADOS UNIDOS;5004486;ARAPIRACA BRA 04;27;6000027;22546;26037;ARAPIRACA;AL;REDECINE BRA CINEMATOGRÁFICA S.A.;15.422.993/0001-67
10/06/2016;10/06/2016 21:50:00;TEENAGE MUTANT NINJA TURTLES: OUT OF THE SHADOWS;AS TARTARUGAS NINJA: FORA DAS SOMBRAS;E1600265600000;DUBLADO;NÃO;ESTADOS UNIDOS;5003421;CINEMARK SHOPPING RAPOSO TAVARES 03;25;6000018;1843;20591;SÃO PAULO;SP;CINEMARK BRASIL S.A;00.779.721/0001-41
10/06/2016;10/06/2016 21:50:00;THE CONJURING 2;INVOCAÇÃO DO MAL 2;E1600342300000;ORIGINAL;SIM;ESTADOS UNIDOS;5005003;CINESYSTEM AMERICAS 07;59;6000027;5348;28834;RIO DE JANEIRO;RJ;REDECINE - RIO CINEMATOGRAFICA S.A.;07.524.011/0001-10
10/06/2016;10/06/2016 21:50:00;THE CONJURING 2;INVOCAÇÃO DO MAL 2;E1600342300000;DUBLADO;NÃO;ESTADOS UNIDOS;5005578;CINESYSTEM PAULISTA SALA 08 CINÉPIC;38;6000027;22546;33152;PAULISTA;PE;REDECINE BRA CINEMATOGRÁFICA S.A.;15.422.993/0001-67
10/06/2016;10/06/2016 21:50:00;X-MEN: APOCALYPSE;X-MEN - APOCALIPSE;E1600181600000;DUBLADO;NÃO;ESTADOS UNIDOS;5001624;CINESYSTEM SHOPPING TOTAL SALA 01;39;6000027;2375;6658;CURITIBA;PR;REDECINE CWB CINEMATOGRÁFICA LTDA;05.747.411/0001-69
10/06/2016;10/06/2016 22:00:00;NOW YOU SEE ME: THE SECOND ACT;TRUQUE DE MESTRE 2;E1500269900000;DUBLADO;NÃO;ESTADOS UNIDOS;5003425;CINEMARK SHOPPING RAPOSO TAVARES 07;91;6000018;1843;20591;SÃO PAULO;SP;CINEMARK BRASIL S.A;00.779.721/0001-41
10/06/2016;10/06/2016 22:00:00;THE CONJURING 2;INVOCAÇÃO DO MAL 2;E1600342300000;ORIGINAL;SIM;ESTADOS UNIDOS;5005002;CINESYSTEM AMERICAS 06;118;6000027;5348;28834;RIO DE JANEIRO;RJ;REDECINE - RIO CINEMATOGRAFICA S.A.;07.524.011/0001-10
10/06/2016;10/06/2016 22:00:00;THE CONJURING 2;INVOCAÇÃO DO MAL 2;E1600342300000;DUBLADO;NÃO;ESTADOS UNIDOS;5001625;CINESYSTEM SHOPPING TOTAL SALA 02;76;6000027;2375;6658;CURITIBA;PR;REDECINE CWB CINEMATOGRÁFICA LTDA;05.747.411/0001-69
10/06/2016;10/06/2016 22:20:00;THE CONJURING 2;INVOCAÇÃO DO MAL 2;E1600342300000;DUBLADO;NÃO;ESTADOS UNIDOS;5003423;CINEMARK SHOPPING RAPOSO TAVARES 05;181;6000018;1843;20591;SÃO PAULO;SP;CINEMARK BRASIL S.A;00.779.721/0001-41
11/06/2016;11/06/2016 10:00:00;THE HUNTSMAN;O CAÇADOR E A RAINHA DE GELO;E1500739300000;DUBLADO;NÃO;ESTADOS UNIDOS;5004487;ARAPIRACA BRA 05;50;6000027;22546;26037;ARAPIRACA;AL;REDECINE BRA CINEMATOGRÁFICA S.A.;15.422.993/0001-67
11/06/2016;11/06/2016 11:30:00;NOW YOU SEE ME: THE SECOND ACT;TRUQUE DE MESTRE 2;E1500269900000;DUBLADO;NÃO;ESTADOS UNIDOS;5003424;CINEMARK SHOPPING RAPOSO TAVARES 06;8;6000018;1843;20591;SÃO PAULO;SP;CINEMARK BRASIL S.A;00.779.721/0001-41
11/06/2016;11/06/2016 12:00:00;PEPPA PIG, THE GOLDEN BOOTS AND OTHER STORIES;PEPPA PIG - AS BOTAS DE OURO E OUTRAS HISTÓRIAS;E1600291900000;DUBLADO;NÃO;ESTADOS UNIDOS;5003420;CINEMARK SHOPPING RAPOSO TAVARES 02;11;6000018;1843;20591;SÃO PAULO;SP;CINEMARK BRASIL S.A;00.779.721/0001-41
11/06/2016;11/06/2016 12:30:00;PEPPA PIG, THE GOLDEN BOOTS AND OTHER STORIES;PEPPA PIG - AS BOTAS DE OURO E OUTRAS HISTÓRIAS;E1600291900000;DUBLADO;NÃO;ESTADOS UNIDOS;5004486;ARAPIRACA BRA 04;2;6000027;22546;26037;ARAPIRACA;AL;REDECINE BRA CINEMATOGRÁFICA S.A.;15.422.993/0001-67
11/06/2016;11/06/2016 12:50:00;PEPPA PIG, THE GOLDEN BOOTS AND OTHER STORIES;PEPPA PIG - AS BOTAS DE OURO E OUTRAS HISTÓRIAS;E1600291900000;DUBLADO;NÃO;ESTADOS UNIDOS;5005003;CINESYSTEM AMERICAS 07;17;6000027;5348;28834;RIO DE JANEIRO;RJ;REDECINE - RIO CINEMATOGRAFICA S.A.;07.524.011/0001-10
11/06/2016;11/06/2016 13:00:00;NOW YOU SEE ME: THE SECOND ACT;TRUQUE DE MESTRE 2;E1500269900000;DUBLADO;NÃO;ESTADOS UNIDOS;5003425;CINEMARK SHOPPING RAPOSO TAVARES 07;18;6000018;1843;20591;SÃO PAULO;SP;CINEMARK BRASIL S.A;00.779.721/0001-41
11/06/2016;11/06/2016 13:00:00;PEPPA PIG, THE GOLDEN BOOTS AND OTHER STORIES;PEPPA PIG - AS BOTAS DE OURO E OUTRAS HISTÓRIAS;E1600291900000;DUBLADO;NÃO;ESTADOS UNIDOS;5001624;CINESYSTEM SHOPPING TOTAL SALA 01;2;6000027;2375;6658;CURITIBA;PR;REDECINE CWB CINEMATOGRÁFICA LTDA;05.747.411/0001-69
11/06/2016;11/06/2016 13:00:00;WARCRAFT;WARCFRAT – O PRIMEIRO ENCONTRO ENTRE DOIS MUNDOS;E1500739800000;DUBLADO;NÃO;ESTADOS UNIDOS;5002603;CINEMAS BENFICA - SALA 1;48;;15690;15691;FORTALEZA;CE;CINEMAS BENFICA LTDA;07.509.597/0001-43
11/06/2016;11/06/2016 13:10:00;CAPTAIN AMERICA: CIVIL WAR;CAPITÃO AMÉRICA: GUERRA CIVIL;E1600129800000;DUBLADO;NÃO;ESTADOS UNIDOS;5004440;SALA MACEIO 09;11;6000027;22546;25512;MACEIÓ;AL;REDECINE BRA CINEMATOGRÁFICA S.A.;15.422.993/0001-67
11/06/2016;11/06/2016 13:10:00;UMA LOUCURA DE MULHER;;B1600305700000;ORIGINAL;NÃO;BRASIL;5003422;CINEMARK SHOPPING RAPOSO TAVARES 04;0;6000018;1843;20591;SÃO PAULO;SP;CINEMARK BRASIL S.A;00.779.721/0001-41
11/06/2016;11/06/2016 13:15:00;ANGRY BIRDS;ANGRY BIRDS - O FILME;E1500732000000;DUBLADO;NÃO;ESTADOS UNIDOS;5004485;ARAPIRACA BRA 03;12;6000027;22546;26037;ARAPIRACA;AL;REDECINE BRA CINEMATOGRÁFICA S.A.;15.422.993/0001-67
11/06/2016;11/06/2016 13:15:00;ANGRY BIRDS;ANGRY BIRDS - O FILME;E1500732000000;DUBLADO;NÃO;ESTADOS UNIDOS;5002601;CINEMAS BENFICA - SALA 3;27;;15690;15691;FORTALEZA;CE;CINEMAS BENFICA LTDA;07.509.597/0001-43
11/06/2016;11/06/2016 13:20:00;ALICE THROUGH THE LOOKING GLASS;ALICE ATRAVÉS DO ESPELHO;E1600259100000;DUBLADO;NÃO;ESTADOS UNIDOS;5004488;ARAPIRACA BRA 06;9;6000027;22546;26037;ARAPIRACA;AL;REDECINE BRA CINEMATOGRÁFICA S.A.;15.422.993/0001-67
11/06/2016;11/06/2016 13:20:00;WARCRAFT;WARCFRAT – O PRIMEIRO ENCONTRO ENTRE DOIS MUNDOS;E1500739800000;ORIGINAL;SIM;ESTADOS UNIDOS;5005000;CINESYSTEM AMERICAS 04;6;6000027;5348;28834;RIO DE JANEIRO;RJ;REDECINE - RIO CINEMATOGRAFICA S.A.;07.524.011/0001-10
11/06/2016;11/06/2016 13:25:00;NOW YOU SEE ME 2;TRUQUE DE MESTRE: O 2º ATO;E1700176500000;DUBLADO;NÃO;CANADÁ;5005001;CINESYSTEM AMERICAS 05;32;6000027;5348;28834;RIO DE JANEIRO;RJ;REDECINE - RIO CINEMATOGRAFICA S.A.;07.524.011/0001-10
11/06/2016;11/06/2016 13:25:00;THE CONJURING 2;INVOCAÇÃO DO MAL 2;E1600342300000;DUBLADO;NÃO;ESTADOS UNIDOS;5005578;CINESYSTEM PAULISTA SALA 08 CINÉPIC;47;6000027;22546;33152;PAULISTA;PE;REDECINE BRA CINEMATOGRÁFICA S.A.;15.422.993/0001-67
11/06/2016;11/06/2016 13:25:00;WARCRAFT;WARCFRAT – O PRIMEIRO ENCONTRO ENTRE DOIS MUNDOS;E1500739800000;DUBLADO;NÃO;ESTADOS UNIDOS;5004487;ARAPIRACA BRA 05;60;6000027;22546;26037;ARAPIRACA;AL;REDECINE BRA CINEMATOGRÁFICA S.A.;15.422.993/0001-67
11/06/2016;11/06/2016 13:30:00;MONEY MONSTER;JOGO DO DINHEIRO;E1500735200000;ORIGINAL;SIM;ESTADOS UNIDOS;5004997;CINESYSTEM AMERICAS 01;9;6000027;5348;28834;RIO DE JANEIRO;RJ;REDECINE - RIO CINEMATOGRAFICA S.A.;07.524.011/0001-10
11/06/2016;11/06/2016 13:30:00;THE CONJURING 2;INVOCAÇÃO DO MAL 2;E1600342300000;DUBLADO;NÃO;ESTADOS UNIDOS;5004483;ARAPIRACA BRA 01;39;6000027;22546;26037;ARAPIRACA;AL;REDECINE BRA CINEMATOGRÁFICA S.A.;15.422.993/0001-67
11/06/2016;11/06/2016 13:35:00;REMEMBER;MEMÓRIAS SECRETAS;E1600105900000;ORIGINAL;SIM;ALEMANHA;5004444;SALA MACEIO 05;18;6000027;22546;25512;MACEIÓ;AL;REDECINE BRA CINEMATOGRÁFICA S.A.;15.422.993/0001-67
11/06/2016;11/06/2016 13:40:00;NOW YOU SEE ME: THE SECOND ACT;TRUQUE DE MESTRE 2;E1500269900000;DUBLADO;NÃO;ESTADOS UNIDOS;5004484;ARAPIRACA BRA 02;65;6000027;22546;26037;ARAPIRACA;AL;REDECINE BRA CINEMATOGRÁFICA S.A.;15.422.993/0001-67
11/06/2016;11/06/2016 13:40:00;NOW YOU SEE ME: THE SECOND ACT;TRUQUE DE MESTRE 2;E1500269900000;DUBLADO;NÃO;ESTADOS UNIDOS;5001628;CINESYSTEM SHOPPING TOTAL SALA 05;14;6000027;2375;6658;CURITIBA;PR;REDECINE CWB CINEMATOGRÁFICA LTDA;05.747.411/0001-69
11/06/2016;11/06/2016 13:50:00;ALICE THROUGH THE LOOKING GLASS;ALICE ATRAVÉS DO ESPELHO;E1600259100000;DUBLADO;NÃO;ESTADOS UNIDOS;5005576;CINESYSTEM PAULISTA SALA 06;30;6000027;22546;33152;PAULISTA;PE;REDECINE BRA CINEMATOGRÁFICA S.A.;15.422.993/0001-67
11/06/2016;11/06/2016 13:50:00;ALICE THROUGH THE LOOKING GLASS;ALICE ATRAVÉS DO ESPELHO;E1600259100000;DUBLADO;NÃO;ESTADOS UNIDOS;5001626;CINESYSTEM SHOPPING TOTAL SALA 03;36;6000027;2375;6658;CURITIBA;PR;REDECINE CWB CINEMATOGRÁFICA LTDA;05.747.411/0001-69
11/06/2016;11/06/2016 13:55:00;TEENAGE MUTANT NINJA TURTLES: OUT OF THE SHADOWS;AS TARTARUGAS NINJA: FORA DAS SOMBRAS;E1600265600000;DUBLADO;NÃO;ESTADOS UNIDOS;5001627;CINESYSTEM SHOPPING TOTAL SALA 04;21;6000027;2375;6658;CURITIBA;PR;REDECINE CWB CINEMATOGRÁFICA LTDA;05.747.411/0001-69
11/06/2016;11/06/2016 14:00:00;ALICE IN WONDERLAND;ALICE NO PAÍS DAS MARAVILHAS;E1500291700000;DUBLADO;NÃO;ESTADOS UNIDOS;5003421;CINEMARK SHOPPING RAPOSO TAVARES 03;18;6000018;1843;20591;SÃO PAULO;SP;CINEMARK BRASIL S.A;00.779.721/0001-41
11/06/2016;11/06/2016 14:00:00;ANGRY BIRDS;ANGRY BIRDS - O FILME;E1500732000000;DUBLADO;NÃO;ESTADOS UNIDOS;5002062;AGUA VERDE 1;23;6000023;12893;12894;CURITIBA;PR;ESTILO PRODUÇÕES ARTISTICAS LTDA;03.293.165/0001-97
11/06/2016;11/06/2016 14:00:00;THE CONJURING 2;INVOCAÇÃO DO MAL 2;E1600342300000;DUBLADO;NÃO;ESTADOS UNIDOS;5004486;ARAPIRACA BRA 04;110;6000027;22546;26037;ARAPIRACA;AL;REDECINE BRA CINEMATOGRÁFICA S.A.;15.422.993/0001-67
11/06/2016;11/06/2016 14:00:00;THE CONJURING 2;INVOCAÇÃO DO MAL 2;E1600342300000;ORIGINAL;SIM;ESTADOS UNIDOS;5005002;CINESYSTEM AMERICAS 06;22;6000027;5348;28834;RIO DE JANEIRO;RJ;REDECINE - RIO CINEMATOGRAFICA S.A.;07.524.011/0001-10
11/06/2016;11/06/2016 14:00:00;THE CONJURING 2;INVOCAÇÃO DO MAL 2;E1600342300000;DUBLADO;NÃO;ESTADOS UNIDOS;5001625;CINESYSTEM SHOPPING TOTAL SALA 02;72;6000027;2375;6658;CURITIBA;PR;REDECINE CWB CINEMATOGRÁFICA LTDA;05.747.411/0001-69
11/06/2016;11/06/2016 14:10:00;WARCRAFT;WARCFRAT – O PRIMEIRO ENCONTRO ENTRE DOIS MUNDOS;E1500739800000;DUBLADO;NÃO;ESTADOS UNIDOS;5003420;CINEMARK SHOPPING RAPOSO TAVARES 02;23;6000018;1843;20591;SÃO PAULO;SP;CINEMARK BRASIL S.A;00.779.721/0001-41
11/06/2016;11/06/2016 14:20:00;TEENAGE MUTANT NINJA TURTLES: OUT OF THE SHADOWS;AS TARTARUGAS NINJA: FORA DAS SOMBRAS;E1600265600000;DUBLADO;NÃO;ESTADOS UNIDOS;5002063;AGUA VERDE 2;14;6000023;12893;12894;CURITIBA;PR;ESTILO PRODUÇÕES ARTISTICAS LTDA;03.293.165/0001-97
11/06/2016;11/06/2016 14:20:00;THE CONJURING 2;INVOCAÇÃO DO MAL 2;E1600342300000;DUBLADO;NÃO;ESTADOS UNIDOS;5005003;CINESYSTEM AMERICAS 07;19;6000027;5348;28834;RIO DE JANEIRO;RJ;REDECINE - RIO CINEMATOGRAFICA S.A.;07.524.011/0001-10
11/06/2016;11/06/2016 14:20:00;WARCRAFT;WARCFRAT – O PRIMEIRO ENCONTRO ENTRE DOIS MUNDOS;E1500739800000;DUBLADO;NÃO;ESTADOS UNIDOS;5001624;CINESYSTEM SHOPPING TOTAL SALA 01;22;6000027;2375;6658;CURITIBA;PR;REDECINE CWB CINEMATOGRÁFICA LTDA;05.747.411/0001-69
11/06/2016;11/06/2016 14:30:00;NOW YOU SEE ME: THE SECOND ACT;TRUQUE DE MESTRE 2;E1500269900000;DUBLADO;NÃO;ESTADOS UNIDOS;5003424;CINEMARK SHOPPING RAPOSO TAVARES 06;46;6000018;1843;20591;SÃO PAULO;SP;CINEMARK BRASIL S.A;00.779.721/0001-41
11/06/2016;11/06/2016 15:10:00;ALICE THROUGH THE LOOKING GLASS;ALICE ATRAVÉS DO ESPELHO;E1600259100000;DUBLADO;NÃO;ESTADOS UNIDOS;5002601;CINEMAS BENFICA - SALA 3;106;;15690;15691;FORTALEZA;CE;CINEMAS BENFICA LTDA;07.509.597/0001-43
11/06/2016;11/06/2016 15:20:00;WARCRAFT;WARCFRAT – O PRIMEIRO ENCONTRO ENTRE DOIS MUNDOS;E1500739800000;DUBLADO;NÃO;ESTADOS UNIDOS;5002603;CINEMAS BENFICA - SALA 1;51;;15690;15691;FORTALEZA;CE;CINEMAS BENFICA LTDA;07.509.597/0001-43
11/06/2016;11/06/2016 15:20:00;X-MEN: APOCALYPSE;X-MEN - APOCALIPSE;E1600181600000;DUBLADO;NÃO;ESTADOS UNIDOS;5004485;ARAPIRACA BRA 03;38;6000027;22546;26037;ARAPIRACA;AL;REDECINE BRA CINEMATOGRÁFICA S.A.;15.422.993/0001-67
11/06/2016;11/06/2016 15:30:00;THE CONJURING 2;INVOCAÇÃO DO MAL 2;E1600342300000;DUBLADO;NÃO;ESTADOS UNIDOS;5003422;CINEMARK SHOPPING RAPOSO TAVARES 04;111;6000018;1843;20591;SÃO PAULO;SP;CINEMARK BRASIL S.A;00.779.721/0001-41
11/06/2016;11/06/2016 15:40:00;ALICE THROUGH THE LOOKING GLASS;ALICE ATRAVÉS DO ESPELHO;E1600259100000;DUBLADO;NÃO;ESTADOS UNIDOS;5004488;ARAPIRACA BRA 06;56;6000027;22546;26037;ARAPIRACA;AL;REDECINE BRA CINEMATOGRÁFICA S.A.;15.422.993/0001-67
11/06/2016;11/06/2016 15:40:00;NOW YOU SEE ME 2;TRUQUE DE MESTRE: O 2º ATO;E1700176500000;ORIGINAL;SIM;CANADÁ;5004997;CINESYSTEM AMERICAS 01;76;6000027;5348;28834;RIO DE JANEIRO;RJ;REDECINE - RIO CINEMATOGRAFICA S.A.;07.524.011/0001-10
11/06/2016;11/06/2016 15:50:00;MONEY MONSTER;JOGO DO DINHEIRO;E1500735200000;ORIGINAL;SIM;ESTADOS UNIDOS;5004444;SALA MACEIO 05;0;6000027;22546;25512;MACEIÓ;AL;REDECINE BRA CINEMATOGRÁFICA S.A.;15.422.993/0001-67
11/06/2016;11/06/2016 15:50:00;WARCRAFT;WARCFRAT – O PRIMEIRO ENCONTRO ENTRE DOIS MUNDOS;E1500739800000;ORIGINAL;SIM;ESTADOS UNIDOS;5005000;CINESYSTEM AMERICAS 04;32;6000027;5348;28834;RIO DE JANEIRO;RJ;REDECINE - RIO CINEMATOGRAFICA S.A.;07.524.011/0001-10
11/06/2016;11/06/2016 16:00:00;NOW YOU SEE ME: THE SECOND ACT;TRUQUE DE MESTRE 2;E1500269900000;DUBLADO;NÃO;ESTADOS UNIDOS;5003425;CINEMARK SHOPPING RAPOSO TAVARES 07;66;6000018;1843;20591;SÃO PAULO;SP;CINEMARK BRASIL S.A;00.779.721/0001-41
11/06/2016;11/06/2016 16:00:00;THE CONJURING 2;INVOCAÇÃO DO MAL 2;E1600342300000;DUBLADO;NÃO;ESTADOS UNIDOS;5002062;AGUA VERDE 1;17;6000023;12893;12894;CURITIBA;PR;ESTILO PRODUÇÕES ARTISTICAS LTDA;03.293.165/0001-97
11/06/2016;11/06/2016 16:00:00;WARCRAFT;WARCFRAT – O PRIMEIRO ENCONTRO ENTRE DOIS MUNDOS;E1500739800000;DUBLADO;NÃO;ESTADOS UNIDOS;5004487;ARAPIRACA BRA 05;0;6000027;22546;26037;ARAPIRACA;AL;REDECINE BRA CINEMATOGRÁFICA S.A.;15.422.993/0001-67
11/06/2016;11/06/2016 16:05:00;WARCRAFT;WARCFRAT – O PRIMEIRO ENCONTRO ENTRE DOIS MUNDOS;E1500739800000;DUBLADO;NÃO;ESTADOS UNIDOS;5004487;ARAPIRACA BRA 05;27;6000027;22546;26037;ARAPIRACA;AL;REDECINE BRA CINEMATOGRÁFICA S.A.;15.422.993/0001-67
11/06/2016;11/06/2016 16:10:00;NOW YOU SEE ME 2;TRUQUE DE MESTRE: O 2º ATO;E1700176500000;DUBLADO;NÃO;CANADÁ;5005001;CINESYSTEM AMERICAS 05;100;6000027;5348;28834;RIO DE JANEIRO;RJ;REDECINE - RIO CINEMATOGRAFICA S.A.;07.524.011/0001-10
11/06/2016;11/06/2016 16:10:00;TEENAGE MUTANT NINJA TURTLES: OUT OF THE SHADOWS;AS TARTARUGAS NINJA: FORA DAS SOMBRAS;E1600265600000;DUBLADO;NÃO;ESTADOS UNIDOS;5004440;SALA MACEIO 09;0;6000027;22546;25512;MACEIÓ;AL;REDECINE BRA CINEMATOGRÁFICA S.A.;15.422.993/0001-67
11/06/2016;11/06/2016 16:10:00;THE CONJURING 2;INVOCAÇÃO DO MAL 2;E1600342300000;DUBLADO;NÃO;ESTADOS UNIDOS;5004483;ARAPIRACA BRA 01;63;6000027;22546;26037;ARAPIRACA;AL;REDECINE BRA CINEMATOGRÁFICA S.A.;15.422.993/0001-67
11/06/2016;11/06/2016 16:10:00;THE CONJURING 2;INVOCAÇÃO DO MAL 2;E1600342300000;DUBLADO;NÃO;ESTADOS UNIDOS;5005578;CINESYSTEM PAULISTA SALA 08 CINÉPIC;3;6000027;22546;33152;PAULISTA;PE;REDECINE BRA CINEMATOGRÁFICA S.A.;15.422.993/0001-67
11/06/2016;11/06/2016 16:11:00;THE CONJURING 2;INVOCAÇÃO DO MAL 2;E1600342300000;DUBLADO;NÃO;ESTADOS UNIDOS;5005578;CINESYSTEM PAULISTA SALA 08 CINÉPIC;117;6000027;22546;33152;PAULISTA;PE;REDECINE BRA CINEMATOGRÁFICA S.A.;15.422.993/0001-67
11/06/2016;11/06/2016 16:15:00;THE CONJURING 2;INVOCAÇÃO DO MAL 2;E1600342300000;DUBLADO;NÃO;ESTADOS UNIDOS;5001627;CINESYSTEM SHOPPING TOTAL SALA 04;57;6000027;2375;6658;CURITIBA;PR;REDECINE CWB CINEMATOGRÁFICA LTDA;05.747.411/0001-69
11/06/2016;11/06/2016 16:20:00;ALICE THROUGH THE LOOKING GLASS;ALICE ATRAVÉS DO ESPELHO;E1600259100000;DUBLADO;NÃO;ESTADOS UNIDOS;5005576;CINESYSTEM PAULISTA SALA 06;65;6000027;22546;33152;PAULISTA;PE;REDECINE BRA CINEMATOGRÁFICA S.A.;15.422.993/0001-67
11/06/2016;11/06/2016 16:20:00;NOW YOU SEE ME: THE SECOND ACT;TRUQUE DE MESTRE 2;E1500269900000;DUBLADO;NÃO;ESTADOS UNIDOS;5004484;ARAPIRACA BRA 02;34;6000027;22546;26037;ARAPIRACA;AL;REDECINE BRA CINEMATOGRÁFICA S.A.;15.422.993/0001-67
11/06/2016;11/06/2016 16:20:00;NOW YOU SEE ME: THE SECOND ACT;TRUQUE DE MESTRE 2;E1500269900000;DUBLADO;NÃO;ESTADOS UNIDOS;5001628;CINESYSTEM SHOPPING TOTAL SALA 05;10;6000027;2375;6658;CURITIBA;PR;REDECINE CWB CINEMATOGRÁFICA LTDA;05.747.411/0001-69
11/06/2016;11/06/2016 16:30:00;ALICE THROUGH THE LOOKING GLASS;ALICE ATRAVÉS DO ESPELHO;E1600259100000;DUBLADO;NÃO;ESTADOS UNIDOS;5002063;AGUA VERDE 2;32;6000023;12893;12894;CURITIBA;PR;ESTILO PRODUÇÕES ARTISTICAS LTDA;03.293.165/0001-97
11/06/2016;11/06/2016 16:30:00;ALICE THROUGH THE LOOKING GLASS;ALICE ATRAVÉS DO ESPELHO;E1600259100000;DUBLADO;NÃO;ESTADOS UNIDOS;5001626;CINESYSTEM SHOPPING TOTAL SALA 03;66;6000027;2375;6658;CURITIBA;PR;REDECINE CWB CINEMATOGRÁFICA LTDA;05.747.411/0001-69
11/06/2016;11/06/2016 16:40:00;ALICE IN WONDERLAND;ALICE NO PAÍS DAS MARAVILHAS;E1500291700000;DUBLADO;NÃO;ESTADOS UNIDOS;5003421;CINEMARK SHOPPING RAPOSO TAVARES 03;91;6000018;1843;20591;SÃO PAULO;SP;CINEMARK BRASIL S.A;00.779.721/0001-41
11/06/2016;11/06/2016 16:40:00;TEENAGE MUTANT NINJA TURTLES: OUT OF THE SHADOWS;AS TARTARUGAS NINJA: FORA DAS SOMBRAS;E1600265600000;DUBLADO;NÃO;ESTADOS UNIDOS;5004486;ARAPIRACA BRA 04;66;6000027;22546;26037;ARAPIRACA;AL;REDECINE BRA CINEMATOGRÁFICA S.A.;15.422.993/0001-67
11/06/2016;11/06/2016 16:40:00;THE CONJURING 2;INVOCAÇÃO DO MAL 2;E1600342300000;ORIGINAL;SIM;ESTADOS UNIDOS;5005002;CINESYSTEM AMERICAS 06;71;6000027;5348;28834;RIO DE JANEIRO;RJ;REDECINE - RIO CINEMATOGRAFICA S.A.;07.524.011/0001-10
11/06/2016;11/06/2016 16:40:00;THE CONJURING 2;INVOCAÇÃO DO MAL 2;E1600342300000;DUBLADO;NÃO;ESTADOS UNIDOS;5001625;CINESYSTEM SHOPPING TOTAL SALA 02;149;6000027;2375;6658;CURITIBA;PR;REDECINE CWB CINEMATOGRÁFICA LTDA;05.747.411/0001-69
11/06/2016;11/06/2016 16:50:00;WARCRAFT;WARCFRAT – O PRIMEIRO ENCONTRO ENTRE DOIS MUNDOS;E1500739800000;DUBLADO;NÃO;ESTADOS UNIDOS;5001624;CINESYSTEM SHOPPING TOTAL SALA 01;34;6000027;2375;6658;CURITIBA;PR;REDECINE CWB CINEMATOGRÁFICA LTDA;05.747.411/0001-69
11/06/2016;11/06/2016 17:00:00;TEENAGE MUTANT NINJA TURTLES: OUT OF THE SHADOWS;AS TARTARUGAS NINJA: FORA DAS SOMBRAS;E1600265600000;DUBLADO;NÃO;ESTADOS UNIDOS;5005003;CINESYSTEM AMERICAS 07;94;6000027;5348;28834;RIO DE JANEIRO;RJ;REDECINE - RIO CINEMATOGRAFICA S.A.;07.524.011/0001-10
11/06/2016;11/06/2016 17:00:00;WARCRAFT;WARCFRAT – O PRIMEIRO ENCONTRO ENTRE DOIS MUNDOS;E1500739800000;DUBLADO;NÃO;ESTADOS UNIDOS;5003420;CINEMARK SHOPPING RAPOSO TAVARES 02;70;6000018;1843;20591;SÃO PAULO;SP;CINEMARK BRASIL S.A;00.779.721/0001-41
11/06/2016;11/06/2016 17:20:00;ALICE THROUGH THE LOOKING GLASS;ALICE ATRAVÉS DO ESPELHO;E1600259100000;DUBLADO;NÃO;ESTADOS UNIDOS;5002601;CINEMAS BENFICA - SALA 3;94;;15690;15691;FORTALEZA;CE;CINEMAS BENFICA LTDA;07.509.597/0001-43
11/06/2016;11/06/2016 17:30:00;NOW YOU SEE ME: THE SECOND ACT;TRUQUE DE MESTRE 2;E1500269900000;DUBLADO;NÃO;ESTADOS UNIDOS;5003424;CINEMARK SHOPPING RAPOSO TAVARES 06;78;6000018;1843;20591;SÃO PAULO;SP;CINEMARK BRASIL S.A;00.779.721/0001-41
11/06/2016;11/06/2016 17:40:00;WARCRAFT;WARCFRAT – O PRIMEIRO ENCONTRO ENTRE DOIS MUNDOS;E1500739800000;DUBLADO;NÃO;ESTADOS UNIDOS;5002603;CINEMAS BENFICA - SALA 1;73;;15690;15691;FORTALEZA;CE;CINEMAS BENFICA LTDA;07.509.597/0001-43
11/06/2016;11/06/2016 17:50:00;MONEY MONSTER;JOGO DO DINHEIRO;E1500735200000;ORIGINAL;SIM;ESTADOS UNIDOS;5004444;SALA MACEIO 05;0;6000027;22546;25512;MACEIÓ;AL;REDECINE BRA CINEMATOGRÁFICA S.A.;15.422.993/0001-67
11/06/2016;11/06/2016 18:05:00;NOW YOU SEE ME: THE SECOND ACT;TRUQUE DE MESTRE 2;E1500269900000;DUBLADO;NÃO;ESTADOS UNIDOS;5004488;ARAPIRACA BRA 06;31;6000027;22546;26037;ARAPIRACA;AL;REDECINE BRA CINEMATOGRÁFICA S.A.;15.422.993/0001-67
11/06/2016;11/06/2016 18:15:00;X-MEN: APOCALYPSE;X-MEN - APOCALIPSE;E1600181600000;DUBLADO;NÃO;ESTADOS UNIDOS;5004485;ARAPIRACA BRA 03;38;6000027;22546;26037;ARAPIRACA;AL;REDECINE BRA CINEMATOGRÁFICA S.A.;15.422.993/0001-67
11/06/2016;11/06/2016 18:30:00;THE CONJURING 2;INVOCAÇÃO DO MAL 2;E1600342300000;DUBLADO;NÃO;ESTADOS UNIDOS;5002062;AGUA VERDE 1;12;6000023;12893;12894;CURITIBA;PR;ESTILO PRODUÇÕES ARTISTICAS LTDA;03.293.165/0001-97
11/06/2016;11/06/2016 18:30:00;THE CONJURING 2;INVOCAÇÃO DO MAL 2;E1600342300000;DUBLADO;NÃO;ESTADOS UNIDOS;5003422;CINEMARK SHOPPING RAPOSO TAVARES 04;202;6000018;1843;20591;SÃO PAULO;SP;CINEMARK BRASIL S.A;00.779.721/0001-41
11/06/2016;11/06/2016 18:30:00;WARCRAFT;WARCFRAT – O PRIMEIRO ENCONTRO ENTRE DOIS MUNDOS;E1500739800000;DUBLADO;NÃO;ESTADOS UNIDOS;5004487;ARAPIRACA BRA 05;27;6000027;22546;26037;ARAPIRACA;AL;REDECINE BRA CINEMATOGRÁFICA S.A.;15.422.993/0001-67
11/06/2016;11/06/2016 18:40:00;TEENAGE MUTANT NINJA TURTLES: OUT OF THE SHADOWS;AS TARTARUGAS NINJA: FORA DAS SOMBRAS;E1600265600000;DUBLADO;NÃO;ESTADOS UNIDOS;5002063;AGUA VERDE 2;19;6000023;12893;12894;CURITIBA;PR;ESTILO PRODUÇÕES ARTISTICAS LTDA;03.293.165/0001-97
11/06/2016;11/06/2016 18:40:00;TEENAGE MUTANT NINJA TURTLES: OUT OF THE SHADOWS;AS TARTARUGAS NINJA: FORA DAS SOMBRAS;E1600265600000;ORIGINAL;SIM;ESTADOS UNIDOS;5004440;SALA MACEIO 09;0;6000027;22546;25512;MACEIÓ;AL;REDECINE BRA CINEMATOGRÁFICA S.A.;15.422.993/0001-67
11/06/2016;11/06/2016 18:40:00;WARCRAFT;WARCFRAT – O PRIMEIRO ENCONTRO ENTRE DOIS MUNDOS;E1500739800000;ORIGINAL;SIM;ESTADOS UNIDOS;5005000;CINESYSTEM AMERICAS 04;55;6000027;5348;28834;RIO DE JANEIRO;RJ;REDECINE - RIO CINEMATOGRAFICA S.A.;07.524.011/0001-10
11/06/2016;11/06/2016 18:45:00;ALICE THROUGH THE LOOKING GLASS;ALICE ATRAVÉS DO ESPELHO;E1600259100000;DUBLADO;NÃO;ESTADOS UNIDOS;5005576;CINESYSTEM PAULISTA SALA 06;32;6000027;22546;33152;PAULISTA;PE;REDECINE BRA CINEMATOGRÁFICA S.A.;15.422.993/0001-67
11/06/2016;11/06/2016 18:50:00;ALICE THROUGH THE LOOKING GLASS;ALICE ATRAVÉS DO ESPELHO;E1600259100000;ORIGINAL;SIM;ESTADOS UNIDOS;5005001;CINESYSTEM AMERICAS 05;80;6000027;5348;28834;RIO DE JANEIRO;RJ;REDECINE - RIO CINEMATOGRAFICA S.A.;07.524.011/0001-10
11/06/2016;11/06/2016 18:50:00;NOW YOU SEE ME: THE SECOND ACT;TRUQUE DE MESTRE 2;E1500269900000;DUBLADO;NÃO;ESTADOS UNIDOS;5001626;CINESYSTEM SHOPPING TOTAL SALA 03;21;6000027;2375;6658;CURITIBA;PR;REDECINE CWB CINEMATOGRÁFICA LTDA;05.747.411/0001-69
11/06/2016;11/06/2016 18:50:00;THE CONJURING 2;INVOCAÇÃO DO MAL 2;E1600342300000;DUBLADO;NÃO;ESTADOS UNIDOS;5004483;ARAPIRACA BRA 01;56;6000027;22546;26037;ARAPIRACA;AL;REDECINE BRA CINEMATOGRÁFICA S.A.;15.422.993/0001-67
11/06/2016;11/06/2016 18:55:00;WARCRAFT;WARCFRAT – O PRIMEIRO ENCONTRO ENTRE DOIS MUNDOS;E1500739800000;DUBLADO;NÃO;ESTADOS UNIDOS;5001627;CINESYSTEM SHOPPING TOTAL SALA 04;50;6000027;2375;6658;CURITIBA;PR;REDECINE CWB CINEMATOGRÁFICA LTDA;05.747.411/0001-69
11/06/2016;11/06/2016 19:00:00;ALICE THROUGH THE LOOKING GLASS;ALICE ATRAVÉS DO ESPELHO;E1600259100000;DUBLADO;NÃO;ESTADOS UNIDOS;5001628;CINESYSTEM SHOPPING TOTAL SALA 05;48;6000027;2375;6658;CURITIBA;PR;REDECINE CWB CINEMATOGRÁFICA LTDA;05.747.411/0001-69
11/06/2016;11/06/2016 19:00:00;ME BEFORE YOU;COMO EU ERA ANTES DE VOCÊ;E1500875700000;DUBLADO;NÃO;ESTADOS UNIDOS;5004484;ARAPIRACA BRA 02;128;6000027;22546;26037;ARAPIRACA;AL;REDECINE BRA CINEMATOGRÁFICA S.A.;15.422.993/0001-67
11/06/2016;11/06/2016 19:00:00;ME BEFORE YOU;COMO EU ERA ANTES DE VOCÊ;E1500875700000;ORIGINAL;SIM;ESTADOS UNIDOS;5004997;CINESYSTEM AMERICAS 01;80;6000027;5348;28834;RIO DE JANEIRO;RJ;REDECINE - RIO CINEMATOGRAFICA S.A.;07.524.011/0001-10
11/06/2016;11/06/2016 19:00:00;NOW YOU SEE ME: THE SECOND ACT;TRUQUE DE MESTRE 2;E1500269900000;DUBLADO;NÃO;ESTADOS UNIDOS;5003425;CINEMARK SHOPPING RAPOSO TAVARES 07;94;6000018;1843;20591;SÃO PAULO;SP;CINEMARK BRASIL S.A;00.779.721/0001-41
11/06/2016;11/06/2016 19:10:00;TEENAGE MUTANT NINJA TURTLES: OUT OF THE SHADOWS;AS TARTARUGAS NINJA: FORA DAS SOMBRAS;E1600265600000;DUBLADO;NÃO;ESTADOS UNIDOS;5003421;CINEMARK SHOPPING RAPOSO TAVARES 03;71;6000018;1843;20591;SÃO PAULO;SP;CINEMARK BRASIL S.A;00.779.721/0001-41
11/06/2016;11/06/2016 19:10:00;THE CONJURING 2;INVOCAÇÃO DO MAL 2;E1600342300000;DUBLADO;NÃO;ESTADOS UNIDOS;5004486;ARAPIRACA BRA 04;78;6000027;22546;26037;ARAPIRACA;AL;REDECINE BRA CINEMATOGRÁFICA S.A.;15.422.993/0001-67
11/06/2016;11/06/2016 19:10:00;THE CONJURING 2;INVOCAÇÃO DO MAL 2;E1600342300000;DUBLADO;NÃO;ESTADOS UNIDOS;5005578;CINESYSTEM PAULISTA SALA 08 CINÉPIC;96;6000027;22546;33152;PAULISTA;PE;REDECINE BRA CINEMATOGRÁFICA S.A.;15.422.993/0001-67
11/06/2016;11/06/2016 19:20:00;THE CONJURING 2;INVOCAÇÃO DO MAL 2;E1600342300000;ORIGINAL;SIM;ESTADOS UNIDOS;5005002;CINESYSTEM AMERICAS 06;165;6000027;5348;28834;RIO DE JANEIRO;RJ;REDECINE - RIO CINEMATOGRAFICA S.A.;07.524.011/0001-10
11/06/2016;11/06/2016 19:20:00;THE CONJURING 2;INVOCAÇÃO DO MAL 2;E1600342300000;DUBLADO;NÃO;ESTADOS UNIDOS;5001625;CINESYSTEM SHOPPING TOTAL SALA 02;191;6000027;2375;6658;CURITIBA;PR;REDECINE CWB CINEMATOGRÁFICA LTDA;05.747.411/0001-69
11/06/2016;11/06/2016 19:25:00;TEENAGE MUTANT NINJA TURTLES: OUT OF THE SHADOWS;AS TARTARUGAS NINJA: FORA DAS SOMBRAS;E1600265600000;ORIGINAL;SIM;ESTADOS UNIDOS;5005003;CINESYSTEM AMERICAS 07;39;6000027;5348;28834;RIO DE JANEIRO;RJ;REDECINE - RIO CINEMATOGRAFICA S.A.;07.524.011/0001-10
11/06/2016;11/06/2016 19:30:00;TEENAGE MUTANT NINJA TURTLES: OUT OF THE SHADOWS;AS TARTARUGAS NINJA: FORA DAS SOMBRAS;E1600265600000;DUBLADO;NÃO;ESTADOS UNIDOS;5001624;CINESYSTEM SHOPPING TOTAL SALA 01;32;6000027;2375;6658;CURITIBA;PR;REDECINE CWB CINEMATOGRÁFICA LTDA;05.747.411/0001-69
11/06/2016;11/06/2016 20:00:00;ME BEFORE YOU;COMO EU ERA ANTES DE VOCÊ;E1500875700000;ORIGINAL;SIM;ESTADOS UNIDOS;5002601;CINEMAS BENFICA - SALA 3;153;;15690;15691;FORTALEZA;CE;CINEMAS BENFICA LTDA;07.509.597/0001-43
11/06/2016;11/06/2016 20:00:00;WARCRAFT;WARCFRAT – O PRIMEIRO ENCONTRO ENTRE DOIS MUNDOS;E1500739800000;DUBLADO;NÃO;ESTADOS UNIDOS;5003420;CINEMARK SHOPPING RAPOSO TAVARES 02;72;6000018;1843;20591;SÃO PAULO;SP;CINEMARK BRASIL S.A;00.779.721/0001-41
11/06/2016;11/06/2016 20:05:00;WARCRAFT;WARCFRAT – O PRIMEIRO ENCONTRO ENTRE DOIS MUNDOS;E1500739800000;ORIGINAL;SIM;ESTADOS UNIDOS;5002603;CINEMAS BENFICA - SALA 1;93;;15690;15691;FORTALEZA;CE;CINEMAS BENFICA LTDA;07.509.597/0001-43
11/06/2016;11/06/2016 20:10:00;MONEY MONSTER;JOGO DO DINHEIRO;E1500735200000;ORIGINAL;SIM;ESTADOS UNIDOS;5004444;SALA MACEIO 05;0;6000027;22546;25512;MACEIÓ;AL;REDECINE BRA CINEMATOGRÁFICA S.A.;15.422.993/0001-67
11/06/2016;11/06/2016 20:30:00;NOW YOU SEE ME: THE SECOND ACT;TRUQUE DE MESTRE 2;E1500269900000;DUBLADO;NÃO;ESTADOS UNIDOS;5003424;CINEMARK SHOPPING RAPOSO TAVARES 06;130;6000018;1843;20591;SÃO PAULO;SP;CINEMARK BRASIL S.A;00.779.721/0001-41
11/06/2016;11/06/2016 20:50:00;ALICE THROUGH THE LOOKING GLASS;ALICE ATRAVÉS DO ESPELHO;E1600259100000;DUBLADO;NÃO;ESTADOS UNIDOS;5002063;AGUA VERDE 2;22;6000023;12893;12894;CURITIBA;PR;ESTILO PRODUÇÕES ARTISTICAS LTDA;03.293.165/0001-97
11/06/2016;11/06/2016 20:50:00;NOW YOU SEE ME: THE SECOND ACT;TRUQUE DE MESTRE 2;E1500269900000;DUBLADO;NÃO;ESTADOS UNIDOS;5004488;ARAPIRACA BRA 06;62;6000027;22546;26037;ARAPIRACA;AL;REDECINE BRA CINEMATOGRÁFICA S.A.;15.422.993/0001-67
11/06/2016;11/06/2016 21:00:00;ME BEFORE YOU;COMO EU ERA ANTES DE VOCÊ;E1500875700000;DUBLADO;NÃO;ESTADOS UNIDOS;5001627;CINESYSTEM SHOPPING TOTAL SALA 04;3;6000027;2375;6658;CURITIBA;PR;REDECINE CWB CINEMATOGRÁFICA LTDA;05.747.411/0001-69
11/06/2016;11/06/2016 21:00:00;THE CONJURING 2;INVOCAÇÃO DO MAL 2;E1600342300000;DUBLADO;NÃO;ESTADOS UNIDOS;5002062;AGUA VERDE 1;19;6000023;12893;12894;CURITIBA;PR;ESTILO PRODUÇÕES ARTISTICAS LTDA;03.293.165/0001-97
11/06/2016;11/06/2016 21:00:00;WARCRAFT;WARCFRAT – O PRIMEIRO ENCONTRO ENTRE DOIS MUNDOS;E1500739800000;DUBLADO;NÃO;ESTADOS UNIDOS;5004487;ARAPIRACA BRA 05;43;6000027;22546;26037;ARAPIRACA;AL;REDECINE BRA CINEMATOGRÁFICA S.A.;15.422.993/0001-67
11/06/2016;11/06/2016 21:10:00;ALICE THROUGH THE LOOKING GLASS;ALICE ATRAVÉS DO ESPELHO;E1600259100000;DUBLADO;NÃO;ESTADOS UNIDOS;5005001;CINESYSTEM AMERICAS 05;73;6000027;5348;28834;RIO DE JANEIRO;RJ;REDECINE - RIO CINEMATOGRAFICA S.A.;07.524.011/0001-10
11/06/2016;11/06/2016 21:10:00;ALICE THROUGH THE LOOKING GLASS;ALICE ATRAVÉS DO ESPELHO;E1600259100000;DUBLADO;NÃO;ESTADOS UNIDOS;5005576;CINESYSTEM PAULISTA SALA 06;33;6000027;22546;33152;PAULISTA;PE;REDECINE BRA CINEMATOGRÁFICA S.A.;15.422.993/0001-67
11/06/2016;11/06/2016 21:10:00;WARCRAFT;WARCFRAT – O PRIMEIRO ENCONTRO ENTRE DOIS MUNDOS;E1500739800000;DUBLADO;NÃO;ESTADOS UNIDOS;5004440;SALA MACEIO 09;33;6000027;22546;25512;MACEIÓ;AL;REDECINE BRA CINEMATOGRÁFICA S.A.;15.422.993/0001-67
11/06/2016;11/06/2016 21:10:00;X-MEN: APOCALYPSE;X-MEN - APOCALIPSE;E1600181600000;DUBLADO;NÃO;ESTADOS UNIDOS;5004485;ARAPIRACA BRA 03;32;6000027;22546;26037;ARAPIRACA;AL;REDECINE BRA CINEMATOGRÁFICA S.A.;15.422.993/0001-67
11/06/2016;11/06/2016 21:20:00;ALICE THROUGH THE LOOKING GLASS;ALICE ATRAVÉS DO ESPELHO;E1600259100000;DUBLADO;NÃO;ESTADOS UNIDOS;5004484;ARAPIRACA BRA 02;11;6000027;22546;26037;ARAPIRACA;AL;REDECINE BRA CINEMATOGRÁFICA S.A.;15.422.993/0001-67
11/06/2016;11/06/2016 21:20:00;ALICE THROUGH THE LOOKING GLASS;ALICE ATRAVÉS DO ESPELHO;E1600259100000;DUBLADO;NÃO;ESTADOS UNIDOS;5001628;CINESYSTEM SHOPPING TOTAL SALA 05;52;6000027;2375;6658;CURITIBA;PR;REDECINE CWB CINEMATOGRÁFICA LTDA;05.747.411/0001-69
11/06/2016;11/06/2016 21:20:00;WARCRAFT;WARCFRAT – O PRIMEIRO ENCONTRO ENTRE DOIS MUNDOS;E1500739800000;ORIGINAL;SIM;ESTADOS UNIDOS;5005000;CINESYSTEM AMERICAS 04;55;6000027;5348;28834;RIO DE JANEIRO;RJ;REDECINE - RIO CINEMATOGRAFICA S.A.;07.524.011/0001-10
11/06/2016;11/06/2016 21:25:00;ME BEFORE YOU;COMO EU ERA ANTES DE VOCÊ;E1500875700000;DUBLADO;NÃO;ESTADOS UNIDOS;5001627;CINESYSTEM SHOPPING TOTAL SALA 04;81;6000027;2375;6658;CURITIBA;PR;REDECINE CWB CINEMATOGRÁFICA LTDA;05.747.411/0001-69
11/06/2016;11/06/2016 21:25:00;THE CONJURING 2;INVOCAÇÃO DO MAL 2;E1600342300000;DUBLADO;NÃO;ESTADOS UNIDOS;5003422;CINEMARK SHOPPING RAPOSO TAVARES 04;225;6000018;1843;20591;SÃO PAULO;SP;CINEMARK BRASIL S.A;00.779.721/0001-41
11/06/2016;11/06/2016 21:30:00;NOW YOU SEE ME: THE SECOND ACT;TRUQUE DE MESTRE 2;E1500269900000;DUBLADO;NÃO;ESTADOS UNIDOS;5001626;CINESYSTEM SHOPPING TOTAL SALA 03;38;6000027;2375;6658;CURITIBA;PR;REDECINE CWB CINEMATOGRÁFICA LTDA;05.747.411/0001-69
11/06/2016;11/06/2016 21:30:00;THE CONJURING 2;INVOCAÇÃO DO MAL 2;E1600342300000;DUBLADO;NÃO;ESTADOS UNIDOS;5004483;ARAPIRACA BRA 01;79;6000027;22546;26037;ARAPIRACA;AL;REDECINE BRA CINEMATOGRÁFICA S.A.;15.422.993/0001-67
11/06/2016;11/06/2016 21:40:00;NOW YOU SEE ME 2;TRUQUE DE MESTRE: O 2º ATO;E1700176500000;ORIGINAL;SIM;CANADÁ;5004997;CINESYSTEM AMERICAS 01;81;6000027;5348;28834;RIO DE JANEIRO;RJ;REDECINE - RIO CINEMATOGRAFICA S.A.;07.524.011/0001-10
11/06/2016;11/06/2016 21:50:00;TEENAGE MUTANT NINJA TURTLES: OUT OF THE SHADOWS;AS TARTARUGAS NINJA: FORA DAS SOMBRAS;E1600265600000;DUBLADO;NÃO;ESTADOS UNIDOS;5004486;ARAPIRACA BRA 04;47;6000027;22546;26037;ARAPIRACA;AL;REDECINE BRA CINEMATOGRÁFICA S.A.;15.422.993/0001-67
11/06/2016;11/06/2016 21:50:00;TEENAGE MUTANT NINJA TURTLES: OUT OF THE SHADOWS;AS TARTARUGAS NINJA: FORA DAS SOMBRAS;E1600265600000;DUBLADO;NÃO;ESTADOS UNIDOS;5003421;CINEMARK SHOPPING RAPOSO TAVARES 03;50;6000018;1843;20591;SÃO PAULO;SP;CINEMARK BRASIL S.A;00.779.721/0001-41
11/06/2016;11/06/2016 21:50:00;THE CONJURING 2;INVOCAÇÃO DO MAL 2;E1600342300000;ORIGINAL;SIM;ESTADOS UNIDOS;5005003;CINESYSTEM AMERICAS 07;65;6000027;5348;28834;RIO DE JANEIRO;RJ;REDECINE - RIO CINEMATOGRAFICA S.A.;07.524.011/0001-10
11/06/2016;11/06/2016 21:50:00;THE CONJURING 2;INVOCAÇÃO DO MAL 2;E1600342300000;DUBLADO;NÃO;ESTADOS UNIDOS;5005578;CINESYSTEM PAULISTA SALA 08 CINÉPIC;56;6000027;22546;33152;PAULISTA;PE;REDECINE BRA CINEMATOGRÁFICA S.A.;15.422.993/0001-67
11/06/2016;11/06/2016 21:50:00;X-MEN: APOCALYPSE;X-MEN - APOCALIPSE;E1600181600000;DUBLADO;NÃO;ESTADOS UNIDOS;5001624;CINESYSTEM SHOPPING TOTAL SALA 01;53;6000027;2375;6658;CURITIBA;PR;REDECINE CWB CINEMATOGRÁFICA LTDA;05.747.411/0001-69
11/06/2016;11/06/2016 22:00:00;NOW YOU SEE ME: THE SECOND ACT;TRUQUE DE MESTRE 2;E1500269900000;DUBLADO;NÃO;ESTADOS UNIDOS;5003425;CINEMARK SHOPPING RAPOSO TAVARES 07;154;6000018;1843;20591;SÃO PAULO;SP;CINEMARK BRASIL S.A;00.779.721/0001-41
11/06/2016;11/06/2016 22:00:00;THE CONJURING 2;INVOCAÇÃO DO MAL 2;E1600342300000;ORIGINAL;SIM;ESTADOS UNIDOS;5005002;CINESYSTEM AMERICAS 06;97;6000027;5348;28834;RIO DE JANEIRO;RJ;REDECINE - RIO CINEMATOGRAFICA S.A.;07.524.011/0001-10
11/06/2016;11/06/2016 22:00:00;THE CONJURING 2;INVOCAÇÃO DO MAL 2;E1600342300000;DUBLADO;NÃO;ESTADOS UNIDOS;5001625;CINESYSTEM SHOPPING TOTAL SALA 02;132;6000027;2375;6658;CURITIBA;PR;REDECINE CWB CINEMATOGRÁFICA LTDA;05.747.411/0001-69
12/06/2016;12/06/2016 11:30:00;NOW YOU SEE ME: THE SECOND ACT;TRUQUE DE MESTRE 2;E1500269900000;DUBLADO;NÃO;ESTADOS UNIDOS;5003424;CINEMARK SHOPPING RAPOSO TAVARES 06;30;6000018;1843;20591;SÃO PAULO;SP;CINEMARK BRASIL S.A;00.779.721/0001-41
12/06/2016;12/06/2016 11:45:00;THE CONJURING 2;INVOCAÇÃO DO MAL 2;E1600342300000;ORIGINAL;SIM;ESTADOS UNIDOS;5004354;SALA PATIO BATEL 06 VIP;9;6000024;17266;25191;CURITIBA;PR;CINEPOLIS OPERADORA DE CINEMAS DO BRASIL LTDA;09.652.820/0001-32
12/06/2016;12/06/2016 12:00:00;NOW YOU SEE ME: THE SECOND ACT;TRUQUE DE MESTRE 2;E1500269900000;ORIGINAL;SIM;ESTADOS UNIDOS;5004350;SALA PATIO BATEL 02 MACRO XE;0;6000024;17266;25191;CURITIBA;PR;CINEPOLIS OPERADORA DE CINEMAS DO BRASIL LTDA;09.652.820/0001-32
12/06/2016;12/06/2016 12:00:00;PEPPA PIG, THE GOLDEN BOOTS AND OTHER STORIES;PEPPA PIG - AS BOTAS DE OURO E OUTRAS HISTÓRIAS;E1600291900000;DUBLADO;NÃO;ESTADOS UNIDOS;5003420;CINEMARK SHOPPING RAPOSO TAVARES 02;18;6000018;1843;20591;SÃO PAULO;SP;CINEMARK BRASIL S.A;00.779.721/0001-41
12/06/2016;12/06/2016 12:15:00;TEENAGE MUTANT NINJA TURTLES: OUT OF THE SHADOWS;AS TARTARUGAS NINJA: FORA DAS SOMBRAS;E1600265600000;DUBLADO;NÃO;ESTADOS UNIDOS;5005448;CINÉPOLIS SHOPPING CERRADO SALA 02;16;6000024;17266;32323;GOIÂNIA;GO;CINEPOLIS OPERADORA DE CINEMAS DO BRASIL LTDA;09.652.820/0001-32
12/06/2016;12/06/2016 12:15:00;X-MEN: APOCALYPSE;X-MEN - APOCALIPSE;E1600181600000;ORIGINAL;SIM;ESTADOS UNIDOS;5004352;SALA PATIO BATEL 04 VIP;10;6000024;17266;25191;CURITIBA;PR;CINEPOLIS OPERADORA DE CINEMAS DO BRASIL LTDA;09.652.820/0001-32
12/06/2016;12/06/2016 12:30:00;PEPPA PIG, THE GOLDEN BOOTS AND OTHER STORIES;PEPPA PIG - AS BOTAS DE OURO E OUTRAS HISTÓRIAS;E1600291900000;DUBLADO;NÃO;ESTADOS UNIDOS;5004486;ARAPIRACA BRA 04;6;6000027;22546;26037;ARAPIRACA;AL;REDECINE BRA CINEMATOGRÁFICA S.A.;15.422.993/0001-67
12/06/2016;12/06/2016 12:30:00;PEPPA PIG, THE GOLDEN BOOTS AND OTHER STORIES;PEPPA PIG - AS BOTAS DE OURO E OUTRAS HISTÓRIAS;E1600291900000;DUBLADO;NÃO;ESTADOS UNIDOS;5004355;SALA PATIO BATEL 07 VIP;8;6000024;17266;25191;CURITIBA;PR;CINEPOLIS OPERADORA DE CINEMAS DO BRASIL LTDA;09.652.820/0001-32
12/06/2016;12/06/2016 12:30:00;THE CONJURING 2;INVOCAÇÃO DO MAL 2;E1600342300000;DUBLADO;NÃO;ESTADOS UNIDOS;5005449;CINÉPOLIS SHOPPING CERRADO SALA 01;26;6000024;17266;32323;GOIÂNIA;GO;CINEPOLIS OPERADORA DE CINEMAS DO BRASIL LTDA;09.652.820/0001-32
12/06/2016;12/06/2016 12:50:00;PEPPA PIG, THE GOLDEN BOOTS AND OTHER STORIES;PEPPA PIG - AS BOTAS DE OURO E OUTRAS HISTÓRIAS;E1600291900000;DUBLADO;NÃO;ESTADOS UNIDOS;5005003;CINESYSTEM AMERICAS 07;9;6000027;5348;28834;RIO DE JANEIRO;RJ;REDECINE - RIO CINEMATOGRAFICA S.A.;07.524.011/0001-10
12/06/2016;12/06/2016 13:00:00;NOW YOU SEE ME: THE SECOND ACT;TRUQUE DE MESTRE 2;E1500269900000;DUBLADO;NÃO;ESTADOS UNIDOS;5003425;CINEMARK SHOPPING RAPOSO TAVARES 07;17;6000018;1843;20591;SÃO PAULO;SP;CINEMARK BRASIL S.A;00.779.721/0001-41
12/06/2016;12/06/2016 13:00:00;NOW YOU SEE ME: THE SECOND ACT;TRUQUE DE MESTRE 2;E1500269900000;ORIGINAL;SIM;ESTADOS UNIDOS;5004353;SALA PATIO BATEL 05 VIP;48;6000024;17266;25191;CURITIBA;PR;CINEPOLIS OPERADORA DE CINEMAS DO BRASIL LTDA;09.652.820/0001-32
12/06/2016;12/06/2016 13:00:00;PEPPA PIG, THE GOLDEN BOOTS AND OTHER STORIES;PEPPA PIG - AS BOTAS DE OURO E OUTRAS HISTÓRIAS;E1600291900000;DUBLADO;NÃO;ESTADOS UNIDOS;5001624;CINESYSTEM SHOPPING TOTAL SALA 01;0;6000027;2375;6658;CURITIBA;PR;REDECINE CWB CINEMATOGRÁFICA LTDA;05.747.411/0001-69
12/06/2016;12/06/2016 13:00:00;WARCRAFT;WARCFRAT – O PRIMEIRO ENCONTRO ENTRE DOIS MUNDOS;E1500739800000;DUBLADO;NÃO;ESTADOS UNIDOS;5002603;CINEMAS BENFICA - SALA 1;63;;15690;15691;FORTALEZA;CE;CINEMAS BENFICA LTDA;07.509.597/0001-43
12/06/2016;12/06/2016 13:10:00;CAPTAIN AMERICA: CIVIL WAR;CAPITÃO AMÉRICA: GUERRA CIVIL;E1600129800000;DUBLADO;NÃO;ESTADOS UNIDOS;5004440;SALA MACEIO 09;24;6000027;22546;25512;MACEIÓ;AL;REDECINE BRA CINEMATOGRÁFICA S.A.;15.422.993/0001-67
12/06/2016;12/06/2016 13:10:00;UMA LOUCURA DE MULHER;;B1600305700000;ORIGINAL;NÃO;BRASIL;5003422;CINEMARK SHOPPING RAPOSO TAVARES 04;6;6000018;1843;20591;SÃO PAULO;SP;CINEMARK BRASIL S.A;00.779.721/0001-41
12/06/2016;12/06/2016 13:15:00;ANGRY BIRDS;ANGRY BIRDS - O FILME;E1500732000000;DUBLADO;NÃO;ESTADOS UNIDOS;5004485;ARAPIRACA BRA 03;42;6000027;22546;26037;ARAPIRACA;AL;REDECINE BRA CINEMATOGRÁFICA S.A.;15.422.993/0001-67
12/06/2016;12/06/2016 13:15:00;ANGRY BIRDS;ANGRY BIRDS - O FILME;E1500732000000;DUBLADO;NÃO;ESTADOS UNIDOS;5002601;CINEMAS BENFICA - SALA 3;50;;15690;15691;FORTALEZA;CE;CINEMAS BENFICA LTDA;07.509.597/0001-43
12/06/2016;12/06/2016 13:20:00;ALICE THROUGH THE LOOKING GLASS;ALICE ATRAVÉS DO ESPELHO;E1600259100000;DUBLADO;NÃO;ESTADOS UNIDOS;5004488;ARAPIRACA BRA 06;43;6000027;22546;26037;ARAPIRACA;AL;REDECINE BRA CINEMATOGRÁFICA S.A.;15.422.993/0001-67
12/06/2016;12/06/2016 13:20:00;ALICE THROUGH THE LOOKING GLASS;ALICE ATRAVÉS DO ESPELHO;E1600259100000;DUBLADO;NÃO;ESTADOS UNIDOS;5005453;CINÉPOLIS SHOPPING CERRADO SALA 06;0;6000024;17266;32323;GOIÂNIA;GO;CINEPOLIS OPERADORA DE CINEMAS DO BRASIL LTDA;09.652.820/0001-32
12/06/2016;12/06/2016 13:20:00;ANGRY BIRDS;ANGRY BIRDS - O FILME;E1500732000000;DUBLADO;NÃO;ESTADOS UNIDOS;5004443;SALA MACEIO 06;52;6000027;22546;25512;MACEIÓ;AL;REDECINE BRA CINEMATOGRÁFICA S.A.;15.422.993/0001-67
12/06/2016;12/06/2016 13:20:00;THE CONJURING 2;INVOCAÇÃO DO MAL 2;E1600342300000;ORIGINAL;SIM;ESTADOS UNIDOS;5003291;SALA 03;64;6000024;17266;19864;CAXIAS DO SUL;RS;CINEPOLIS OPERADORA DE CINEMAS DO BRASIL LTDA;09.652.820/0001-32
12/06/2016;12/06/2016 13:20:00;WARCRAFT;WARCFRAT – O PRIMEIRO ENCONTRO ENTRE DOIS MUNDOS;E1500739800000;ORIGINAL;SIM;ESTADOS UNIDOS;5005000;CINESYSTEM AMERICAS 04;7;6000027;5348;28834;RIO DE JANEIRO;RJ;REDECINE - RIO CINEMATOGRAFICA S.A.;07.524.011/0001-10
12/06/2016;12/06/2016 13:21:00;ALICE THROUGH THE LOOKING GLASS;ALICE ATRAVÉS DO ESPELHO;E1600259100000;DUBLADO;NÃO;ESTADOS UNIDOS;5005453;CINÉPOLIS SHOPPING CERRADO SALA 06;34;6000024;17266;32323;GOIÂNIA;GO;CINEPOLIS OPERADORA DE CINEMAS DO BRASIL LTDA;09.652.820/0001-32
12/06/2016;12/06/2016 13:25:00;NOW YOU SEE ME 2;TRUQUE DE MESTRE: O 2º ATO;E1700176500000;DUBLADO;NÃO;CANADÁ;5005001;CINESYSTEM AMERICAS 05;62;6000027;5348;28834;RIO DE JANEIRO;RJ;REDECINE - RIO CINEMATOGRAFICA S.A.;07.524.011/0001-10
12/06/2016;12/06/2016 13:25:00;THE CONJURING 2;INVOCAÇÃO DO MAL 2;E1600342300000;DUBLADO;NÃO;ESTADOS UNIDOS;5005578;CINESYSTEM PAULISTA SALA 08 CINÉPIC;101;6000027;22546;33152;PAULISTA;PE;REDECINE BRA CINEMATOGRÁFICA S.A.;15.422.993/0001-67
12/06/2016;12/06/2016 13:25:00;WARCRAFT;WARCFRAT – O PRIMEIRO ENCONTRO ENTRE DOIS MUNDOS;E1500739800000;DUBLADO;NÃO;ESTADOS UNIDOS;5004487;ARAPIRACA BRA 05;60;6000027;22546;26037;ARAPIRACA;AL;REDECINE BRA CINEMATOGRÁFICA S.A.;15.422.993/0001-67
12/06/2016;12/06/2016 13:30:00;MONEY MONSTER;JOGO DO DINHEIRO;E1500735200000;ORIGINAL;SIM;ESTADOS UNIDOS;5004997;CINESYSTEM AMERICAS 01;22;6000027;5348;28834;RIO DE JANEIRO;RJ;REDECINE - RIO CINEMATOGRAFICA S.A.;07.524.011/0001-10
12/06/2016;12/06/2016 13:30:00;THE CONJURING 2;INVOCAÇÃO DO MAL 2;E1600342300000;DUBLADO;NÃO;ESTADOS UNIDOS;5004483;ARAPIRACA BRA 01;69;6000027;22546;26037;ARAPIRACA;AL;REDECINE BRA CINEMATOGRÁFICA S.A.;15.422.993/0001-67
12/06/2016;12/06/2016 13:30:00;UMA LOUCURA DE MULHER;;B1600305700000;ORIGINAL;NÃO;BRASIL;5004356;SALA PATIO BATEL 08 VIP;8;6000024;17266;25191;CURITIBA;PR;CINEPOLIS OPERADORA DE CINEMAS DO BRASIL LTDA;09.652.820/0001-32
12/06/2016;12/06/2016 13:35:00;ALICE THROUGH THE LOOKING GLASS;ALICE ATRAVÉS DO ESPELHO;E1600259100000;DUBLADO;NÃO;ESTADOS UNIDOS;5004998;CINESYSTEM AMERICAS 02;30;6000027;5348;28834;RIO DE JANEIRO;RJ;REDECINE - RIO CINEMATOGRAFICA S.A.;07.524.011/0001-10
12/06/2016;12/06/2016 13:40:00;ANGRY BIRDS;ANGRY BIRDS - O FILME;E1500732000000;DUBLADO;NÃO;ESTADOS UNIDOS;5005450;CINÉPOLIS SHOPPING CERRADO SALA 03;20;6000024;17266;32323;GOIÂNIA;GO;CINEPOLIS OPERADORA DE CINEMAS DO BRASIL LTDA;09.652.820/0001-32
12/06/2016;12/06/2016 13:40:00;NOW YOU SEE ME: THE SECOND ACT;TRUQUE DE MESTRE 2;E1500269900000;DUBLADO;NÃO;ESTADOS UNIDOS;5004484;ARAPIRACA BRA 02;107;6000027;22546;26037;ARAPIRACA;AL;REDECINE BRA CINEMATOGRÁFICA S.A.;15.422.993/0001-67
12/06/2016;12/06/2016 13:40:00;NOW YOU SEE ME: THE SECOND ACT;TRUQUE DE MESTRE 2;E1500269900000;DUBLADO;NÃO;ESTADOS UNIDOS;5001628;CINESYSTEM SHOPPING TOTAL SALA 05;20;6000027;2375;6658;CURITIBA;PR;REDECINE CWB CINEMATOGRÁFICA LTDA;05.747.411/0001-69
12/06/2016;12/06/2016 13:40:00;THE CONJURING 2;INVOCAÇÃO DO MAL 2;E1600342300000;ORIGINAL;SIM;ESTADOS UNIDOS;5005002;CINESYSTEM AMERICAS 06;22;6000027;5348;28834;RIO DE JANEIRO;RJ;REDECINE - RIO CINEMATOGRAFICA S.A.;07.524.011/0001-10
12/06/2016;12/06/2016 13:45:00;ANGRY BIRDS;ANGRY BIRDS - O FILME;E1500732000000;DUBLADO;NÃO;ESTADOS UNIDOS;5003294;SALA 06;23;6000024;17266;19864;CAXIAS DO SUL;RS;CINEPOLIS OPERADORA DE CINEMAS DO BRASIL LTDA;09.652.820/0001-32
12/06/2016;12/06/2016 13:45:00;TEENAGE MUTANT NINJA TURTLES: OUT OF THE SHADOWS;AS TARTARUGAS NINJA: FORA DAS SOMBRAS;E1600265600000;DUBLADO;NÃO;ESTADOS UNIDOS;5004349;SALA PATIO BATEL 01 4DX;53;6000024;17266;25191;CURITIBA;PR;CINEPOLIS OPERADORA DE CINEMAS DO BRASIL LTDA;09.652.820/0001-32
12/06/2016;12/06/2016 13:50:00;ALICE THROUGH THE LOOKING GLASS;ALICE ATRAVÉS DO ESPELHO;E1600259100000;DUBLADO;NÃO;ESTADOS UNIDOS;5005576;CINESYSTEM PAULISTA SALA 06;52;6000027;22546;33152;PAULISTA;PE;REDECINE BRA CINEMATOGRÁFICA S.A.;15.422.993/0001-67
12/06/2016;12/06/2016 13:50:00;ALICE THROUGH THE LOOKING GLASS;ALICE ATRAVÉS DO ESPELHO;E1600259100000;DUBLADO;NÃO;ESTADOS UNIDOS;5001626;CINESYSTEM SHOPPING TOTAL SALA 03;95;6000027;2375;6658;CURITIBA;PR;REDECINE CWB CINEMATOGRÁFICA LTDA;05.747.411/0001-69
12/06/2016;12/06/2016 13:55:00;TEENAGE MUTANT NINJA TURTLES: OUT OF THE SHADOWS;AS TARTARUGAS NINJA: FORA DAS SOMBRAS;E1600265600000;DUBLADO;NÃO;ESTADOS UNIDOS;5001627;CINESYSTEM SHOPPING TOTAL SALA 04;27;6000027;2375;6658;CURITIBA;PR;REDECINE CWB CINEMATOGRÁFICA LTDA;05.747.411/0001-69
12/06/2016;12/06/2016 14:00:00;ALICE IN WONDERLAND;ALICE NO PAÍS DAS MARAVILHAS;E1500291700000;DUBLADO;NÃO;ESTADOS UNIDOS;5003421;CINEMARK SHOPPING RAPOSO TAVARES 03;64;6000018;1843;20591;SÃO PAULO;SP;CINEMARK BRASIL S.A;00.779.721/0001-41
12/06/2016;12/06/2016 14:00:00;ANGRY BIRDS;ANGRY BIRDS - O FILME;E1500732000000;DUBLADO;NÃO;ESTADOS UNIDOS;5002062;AGUA VERDE 1;38;6000023;12893;12894;CURITIBA;PR;ESTILO PRODUÇÕES ARTISTICAS LTDA;03.293.165/0001-97
12/06/2016;12/06/2016 14:00:00;NOW YOU SEE ME: THE SECOND ACT;TRUQUE DE MESTRE 2;E1500269900000;DUBLADO;NÃO;ESTADOS UNIDOS;5005450;CINÉPOLIS SHOPPING CERRADO SALA 03;0;6000024;17266;32323;GOIÂNIA;GO;CINEPOLIS OPERADORA DE CINEMAS DO BRASIL LTDA;09.652.820/0001-32
12/06/2016;12/06/2016 14:00:00;NOW YOU SEE ME: THE SECOND ACT;TRUQUE DE MESTRE 2;E1500269900000;DUBLADO;NÃO;ESTADOS UNIDOS;5005452;CINÉPOLIS SHOPPING CERRADO SALA MACRO XE 05;0;6000024;17266;32323;GOIÂNIA;GO;CINEPOLIS OPERADORA DE CINEMAS DO BRASIL LTDA;09.652.820/0001-32
12/06/2016;12/06/2016 14:00:00;THE CONJURING 2;INVOCAÇÃO DO MAL 2;E1600342300000;DUBLADO;NÃO;ESTADOS UNIDOS;5004486;ARAPIRACA BRA 04;161;6000027;22546;26037;ARAPIRACA;AL;REDECINE BRA CINEMATOGRÁFICA S.A.;15.422.993/0001-67
12/06/2016;12/06/2016 14:00:00;THE CONJURING 2;INVOCAÇÃO DO MAL 2;E1600342300000;DUBLADO;NÃO;ESTADOS UNIDOS;5001625;CINESYSTEM SHOPPING TOTAL SALA 02;116;6000027;2375;6658;CURITIBA;PR;REDECINE CWB CINEMATOGRÁFICA LTDA;05.747.411/0001-69
12/06/2016;12/06/2016 14:00:00;WARCRAFT;WARCFRAT – O PRIMEIRO ENCONTRO ENTRE DOIS MUNDOS;E1500739800000;DUBLADO;NÃO;ESTADOS UNIDOS;5003289;SALA 01 MACRO DIGITAL;60;6000024;17266;19864;CAXIAS DO SUL;RS;CINEPOLIS OPERADORA DE CINEMAS DO BRASIL LTDA;09.652.820/0001-32
12/06/2016;12/06/2016 14:00:00;WARCRAFT;WARCFRAT – O PRIMEIRO ENCONTRO ENTRE DOIS MUNDOS;E1500739800000;ORIGINAL;SIM;ESTADOS UNIDOS;5004351;SALA PATIO BATEL 03 VIP;40;6000024;17266;25191;CURITIBA;PR;CINEPOLIS OPERADORA DE CINEMAS DO BRASIL LTDA;09.652.820/0001-32
12/06/2016;12/06/2016 14:01:00;THE CONJURING 2;INVOCAÇÃO DO MAL 2;E1600342300000;DUBLADO;NÃO;ESTADOS UNIDOS;5005452;CINÉPOLIS SHOPPING CERRADO SALA MACRO XE 05;51;6000024;17266;32323;GOIÂNIA;GO;CINEPOLIS OPERADORA DE CINEMAS DO BRASIL LTDA;09.652.820/0001-32
12/06/2016;12/06/2016 14:10:00;WARCRAFT;WARCFRAT – O PRIMEIRO ENCONTRO ENTRE DOIS MUNDOS;E1500739800000;DUBLADO;NÃO;ESTADOS UNIDOS;5003420;CINEMARK SHOPPING RAPOSO TAVARES 02;35;6000018;1843;20591;SÃO PAULO;SP;CINEMARK BRASIL S.A;00.779.721/0001-41
12/06/2016;12/06/2016 14:15:00;ALICE THROUGH THE LOOKING GLASS;ALICE ATRAVÉS DO ESPELHO;E1600259100000;DUBLADO;NÃO;ESTADOS UNIDOS;5004355;SALA PATIO BATEL 07 VIP;38;6000024;17266;25191;CURITIBA;PR;CINEPOLIS OPERADORA DE CINEMAS DO BRASIL LTDA;09.652.820/0001-32
12/06/2016;12/06/2016 14:15:00;UMA LOUCURA DE MULHER;;B1600305700000;ORIGINAL;NÃO;BRASIL;5005451;CINÉPOLIS SHOPPING CERRADO SALA 04;22;6000024;17266;32323;GOIÂNIA;GO;CINEPOLIS OPERADORA DE CINEMAS DO BRASIL LTDA;09.652.820/0001-32
12/06/2016;12/06/2016 14:15:00;UMA LOUCURA DE MULHER;;B1600305700000;ORIGINAL;NÃO;BRASIL;5003290;SALA 02;8;6000024;17266;19864;CAXIAS DO SUL;RS;CINEPOLIS OPERADORA DE CINEMAS DO BRASIL LTDA;09.652.820/0001-32
12/06/2016;12/06/2016 14:20:00;TEENAGE MUTANT NINJA TURTLES: OUT OF THE SHADOWS;AS TARTARUGAS NINJA: FORA DAS SOMBRAS;E1600265600000;DUBLADO;NÃO;ESTADOS UNIDOS;5002063;AGUA VERDE 2;24;6000023;12893;12894;CURITIBA;PR;ESTILO PRODUÇÕES ARTISTICAS LTDA;03.293.165/0001-97
12/06/2016;12/06/2016 14:20:00;THE CONJURING 2;INVOCAÇÃO DO MAL 2;E1600342300000;DUBLADO;NÃO;ESTADOS UNIDOS;5005003;CINESYSTEM AMERICAS 07;90;6000027;5348;28834;RIO DE JANEIRO;RJ;REDECINE - RIO CINEMATOGRAFICA S.A.;07.524.011/0001-10
12/06/2016;12/06/2016 14:20:00;WARCRAFT;WARCFRAT – O PRIMEIRO ENCONTRO ENTRE DOIS MUNDOS;E1500739800000;DUBLADO;NÃO;ESTADOS UNIDOS;5001624;CINESYSTEM SHOPPING TOTAL SALA 01;76;6000027;2375;6658;CURITIBA;PR;REDECINE CWB CINEMATOGRÁFICA LTDA;05.747.411/0001-69
12/06/2016;12/06/2016 14:30:00;NOW YOU SEE ME: THE SECOND ACT;TRUQUE DE MESTRE 2;E1500269900000;DUBLADO;NÃO;ESTADOS UNIDOS;5003424;CINEMARK SHOPPING RAPOSO TAVARES 06;110;6000018;1843;20591;SÃO PAULO;SP;CINEMARK BRASIL S.A;00.779.721/0001-41
12/06/2016;12/06/2016 14:30:00;TEENAGE MUTANT NINJA TURTLES: OUT OF THE SHADOWS;AS TARTARUGAS NINJA: FORA DAS SOMBRAS;E1600265600000;DUBLADO;NÃO;ESTADOS UNIDOS;5003293;SALA 05;55;6000024;17266;19864;CAXIAS DO SUL;RS;CINEPOLIS OPERADORA DE CINEMAS DO BRASIL LTDA;09.652.820/0001-32
12/06/2016;12/06/2016 14:30:00;THE CONJURING 2;INVOCAÇÃO DO MAL 2;E1600342300000;ORIGINAL;SIM;ESTADOS UNIDOS;5004354;SALA PATIO BATEL 06 VIP;41;6000024;17266;25191;CURITIBA;PR;CINEPOLIS OPERADORA DE CINEMAS DO BRASIL LTDA;09.652.820/0001-32
12/06/2016;12/06/2016 14:30:00;WARCRAFT;WARCFRAT – O PRIMEIRO ENCONTRO ENTRE DOIS MUNDOS;E1500739800000;DUBLADO;NÃO;ESTADOS UNIDOS;5005454;CINÉPOLIS SHOPPING CERRADO SALA 07;87;6000024;17266;32323;GOIÂNIA;GO;CINEPOLIS OPERADORA DE CINEMAS DO BRASIL LTDA;09.652.820/0001-32
12/06/2016;12/06/2016 14:45:00;NOW YOU SEE ME: THE SECOND ACT;TRUQUE DE MESTRE 2;E1500269900000;ORIGINAL;SIM;ESTADOS UNIDOS;5003292;SALA 04;53;6000024;17266;19864;CAXIAS DO SUL;RS;CINEPOLIS OPERADORA DE CINEMAS DO BRASIL LTDA;09.652.820/0001-32
12/06/2016;12/06/2016 15:00:00;TEENAGE MUTANT NINJA TURTLES: OUT OF THE SHADOWS;AS TARTARUGAS NINJA: FORA DAS SOMBRAS;E1600265600000;DUBLADO;NÃO;ESTADOS UNIDOS;5005448;CINÉPOLIS SHOPPING CERRADO SALA 02;66;6000024;17266;32323;GOIÂNIA;GO;CINEPOLIS OPERADORA DE CINEMAS DO BRASIL LTDA;09.652.820/0001-32
12/06/2016;12/06/2016 15:10:00;ALICE THROUGH THE LOOKING GLASS;ALICE ATRAVÉS DO ESPELHO;E1600259100000;DUBLADO;NÃO;ESTADOS UNIDOS;5002601;CINEMAS BENFICA - SALA 3;137;;15690;15691;FORTALEZA;CE;CINEMAS BENFICA LTDA;07.509.597/0001-43
12/06/2016;12/06/2016 15:15:00;NOW YOU SEE ME: THE SECOND ACT;TRUQUE DE MESTRE 2;E1500269900000;ORIGINAL;SIM;ESTADOS UNIDOS;5004350;SALA PATIO BATEL 02 MACRO XE;144;6000024;17266;25191;CURITIBA;PR;CINEPOLIS OPERADORA DE CINEMAS DO BRASIL LTDA;09.652.820/0001-32
12/06/2016;12/06/2016 15:15:00;THE CONJURING 2;INVOCAÇÃO DO MAL 2;E1600342300000;DUBLADO;NÃO;ESTADOS UNIDOS;5005449;CINÉPOLIS SHOPPING CERRADO SALA 01;152;6000024;17266;32323;GOIÂNIA;GO;CINEPOLIS OPERADORA DE CINEMAS DO BRASIL LTDA;09.652.820/0001-32
12/06/2016;12/06/2016 15:20:00;WARCRAFT;WARCFRAT – O PRIMEIRO ENCONTRO ENTRE DOIS MUNDOS;E1500739800000;DUBLADO;NÃO;ESTADOS UNIDOS;5002603;CINEMAS BENFICA - SALA 1;108;;15690;15691;FORTALEZA;CE;CINEMAS BENFICA LTDA;07.509.597/0001-43
12/06/2016;12/06/2016 15:20:00;X-MEN: APOCALYPSE;X-MEN - APOCALIPSE;E1600181600000;DUBLADO;NÃO;ESTADOS UNIDOS;5004485;ARAPIRACA BRA 03;165;6000027;22546;26037;ARAPIRACA;AL;REDECINE BRA CINEMATOGRÁFICA S.A.;15.422.993/0001-67
12/06/2016;12/06/2016 15:30:00;THE CONJURING 2;INVOCAÇÃO DO MAL 2;E1600342300000;DUBLADO;NÃO;ESTADOS UNIDOS;5003422;CINEMARK SHOPPING RAPOSO TAVARES 04;187;6000018;1843;20591;SÃO PAULO;SP;CINEMARK BRASIL S.A;00.779.721/0001-41
12/06/2016;12/06/2016 15:30:00;X-MEN: APOCALYPSE;X-MEN - APOCALIPSE;E1600181600000;DUBLADO;NÃO;ESTADOS UNIDOS;5004443;SALA MACEIO 06;125;6000027;22546;25512;MACEIÓ;AL;REDECINE BRA CINEMATOGRÁFICA S.A.;15.422.993/0001-67
12/06/2016;12/06/2016 15:31:00;TEENAGE MUTANT NINJA TURTLES: OUT OF THE SHADOWS;AS TARTARUGAS NINJA: FORA DAS SOMBRAS;E1600265600000;DUBLADO;NÃO;ESTADOS UNIDOS;5004352;SALA PATIO BATEL 04 VIP;66;6000024;17266;25191;CURITIBA;PR;CINEPOLIS OPERADORA DE CINEMAS DO BRASIL LTDA;09.652.820/0001-32
12/06/2016;12/06/2016 15:40:00;ALICE THROUGH THE LOOKING GLASS;ALICE ATRAVÉS DO ESPELHO;E1600259100000;DUBLADO;NÃO;ESTADOS UNIDOS;5004488;ARAPIRACA BRA 06;101;6000027;22546;26037;ARAPIRACA;AL;REDECINE BRA CINEMATOGRÁFICA S.A.;15.422.993/0001-67
12/06/2016;12/06/2016 15:40:00;NOW YOU SEE ME 2;TRUQUE DE MESTRE: O 2º ATO;E1700176500000;ORIGINAL;SIM;CANADÁ;5004997;CINESYSTEM AMERICAS 01;73;6000027;5348;28834;RIO DE JANEIRO;RJ;REDECINE - RIO CINEMATOGRAFICA S.A.;07.524.011/0001-10
12/06/2016;12/06/2016 15:40:00;WARCRAFT;WARCFRAT – O PRIMEIRO ENCONTRO ENTRE DOIS MUNDOS;E1500739800000;DUBLADO;NÃO;ESTADOS UNIDOS;5005453;CINÉPOLIS SHOPPING CERRADO SALA 06;89;6000024;17266;32323;GOIÂNIA;GO;CINEPOLIS OPERADORA DE CINEMAS DO BRASIL LTDA;09.652.820/0001-32
12/06/2016;12/06/2016 15:45:00;ALICE THROUGH THE LOOKING GLASS;ALICE ATRAVÉS DO ESPELHO;E1600259100000;DUBLADO;NÃO;ESTADOS UNIDOS;5003294;SALA 06;115;6000024;17266;19864;CAXIAS DO SUL;RS;CINEPOLIS OPERADORA DE CINEMAS DO BRASIL LTDA;09.652.820/0001-32
12/06/2016;12/06/2016 15:45:00;UMA LOUCURA DE MULHER;;B1600305700000;ORIGINAL;NÃO;BRASIL;5004356;SALA PATIO BATEL 08 VIP;38;6000024;17266;25191;CURITIBA;PR;CINEPOLIS OPERADORA DE CINEMAS DO BRASIL LTDA;09.652.820/0001-32
12/06/2016;12/06/2016 15:50:00;WARCRAFT;WARCFRAT – O PRIMEIRO ENCONTRO ENTRE DOIS MUNDOS;E1500739800000;ORIGINAL;SIM;ESTADOS UNIDOS;5005000;CINESYSTEM AMERICAS 04;59;6000027;5348;28834;RIO DE JANEIRO;RJ;REDECINE - RIO CINEMATOGRAFICA S.A.;07.524.011/0001-10
12/06/2016;12/06/2016 16:00:00;ALICE THROUGH THE LOOKING GLASS;ALICE ATRAVÉS DO ESPELHO;E1600259100000;DUBLADO;NÃO;ESTADOS UNIDOS;5004998;CINESYSTEM AMERICAS 02;104;6000027;5348;28834;RIO DE JANEIRO;RJ;REDECINE - RIO CINEMATOGRAFICA S.A.;07.524.011/0001-10
12/06/2016;12/06/2016 16:00:00;NOW YOU SEE ME: THE SECOND ACT;TRUQUE DE MESTRE 2;E1500269900000;DUBLADO;NÃO;ESTADOS UNIDOS;5003425;CINEMARK SHOPPING RAPOSO TAVARES 07;126;6000018;1843;20591;SÃO PAULO;SP;CINEMARK BRASIL S.A;00.779.721/0001-41
12/06/2016;12/06/2016 16:00:00;THE CONJURING 2;INVOCAÇÃO DO MAL 2;E1600342300000;DUBLADO;NÃO;ESTADOS UNIDOS;5002062;AGUA VERDE 1;30;6000023;12893;12894;CURITIBA;PR;ESTILO PRODUÇÕES ARTISTICAS LTDA;03.293.165/0001-97
12/06/2016;12/06/2016 16:00:00;THE CONJURING 2;INVOCAÇÃO DO MAL 2;E1600342300000;DUBLADO;NÃO;ESTADOS UNIDOS;5005450;CINÉPOLIS SHOPPING CERRADO SALA 03;0;6000024;17266;32323;GOIÂNIA;GO;CINEPOLIS OPERADORA DE CINEMAS DO BRASIL LTDA;09.652.820/0001-32
12/06/2016;12/06/2016 16:00:00;THE CONJURING 2;INVOCAÇÃO DO MAL 2;E1600342300000;DUBLADO;NÃO;ESTADOS UNIDOS;5005452;CINÉPOLIS SHOPPING CERRADO SALA MACRO XE 05;2;6000024;17266;32323;GOIÂNIA;GO;CINEPOLIS OPERADORA DE CINEMAS DO BRASIL LTDA;09.652.820/0001-32
12/06/2016;12/06/2016 16:00:00;THE CONJURING 2;INVOCAÇÃO DO MAL 2;E1600342300000;ORIGINAL;SIM;ESTADOS UNIDOS;5003291;SALA 03;152;6000024;17266;19864;CAXIAS DO SUL;RS;CINEPOLIS OPERADORA DE CINEMAS DO BRASIL LTDA;09.652.820/0001-32
12/06/2016;12/06/2016 16:00:00;WARCRAFT;WARCFRAT – O PRIMEIRO ENCONTRO ENTRE DOIS MUNDOS;E1500739800000;DUBLADO;NÃO;ESTADOS UNIDOS;5004487;ARAPIRACA BRA 05;0;6000027;22546;26037;ARAPIRACA;AL;REDECINE BRA CINEMATOGRÁFICA S.A.;15.422.993/0001-67
12/06/2016;12/06/2016 16:01:00;NOW YOU SEE ME: THE SECOND ACT;TRUQUE DE MESTRE 2;E1500269900000;DUBLADO;NÃO;ESTADOS UNIDOS;5005450;CINÉPOLIS SHOPPING CERRADO SALA 03;81;6000024;17266;32323;GOIÂNIA;GO;CINEPOLIS OPERADORA DE CINEMAS DO BRASIL LTDA;09.652.820/0001-32
12/06/2016;12/06/2016 16:05:00;WARCRAFT;WARCFRAT – O PRIMEIRO ENCONTRO ENTRE DOIS MUNDOS;E1500739800000;DUBLADO;NÃO;ESTADOS UNIDOS;5004487;ARAPIRACA BRA 05;119;6000027;22546;26037;ARAPIRACA;AL;REDECINE BRA CINEMATOGRÁFICA S.A.;15.422.993/0001-67
12/06/2016;12/06/2016 16:10:00;NOW YOU SEE ME 2;TRUQUE DE MESTRE: O 2º ATO;E1700176500000;DUBLADO;NÃO;CANADÁ;5005001;CINESYSTEM AMERICAS 05;116;6000027;5348;28834;RIO DE JANEIRO;RJ;REDECINE - RIO CINEMATOGRAFICA S.A.;07.524.011/0001-10
12/06/2016;12/06/2016 16:10:00;TEENAGE MUTANT NINJA TURTLES: OUT OF THE SHADOWS;AS TARTARUGAS NINJA: FORA DAS SOMBRAS;E1600265600000;DUBLADO;NÃO;ESTADOS UNIDOS;5004440;SALA MACEIO 09;156;6000027;22546;25512;MACEIÓ;AL;REDECINE BRA CINEMATOGRÁFICA S.A.;15.422.993/0001-67
12/06/2016;12/06/2016 16:10:00;THE CONJURING 2;INVOCAÇÃO DO MAL 2;E1600342300000;DUBLADO;NÃO;ESTADOS UNIDOS;5004483;ARAPIRACA BRA 01;140;6000027;22546;26037;ARAPIRACA;AL;REDECINE BRA CINEMATOGRÁFICA S.A.;15.422.993/0001-67
12/06/2016;12/06/2016 16:10:00;THE CONJURING 2;INVOCAÇÃO DO MAL 2;E1600342300000;DUBLADO;NÃO;ESTADOS UNIDOS;5005578;CINESYSTEM PAULISTA SALA 08 CINÉPIC;309;6000027;22546;33152;PAULISTA;PE;REDECINE BRA CINEMATOGRÁFICA S.A.;15.422.993/0001-67
12/06/2016;12/06/2016 16:15:00;THE CONJURING 2;INVOCAÇÃO DO MAL 2;E1600342300000;DUBLADO;NÃO;ESTADOS UNIDOS;5001627;CINESYSTEM SHOPPING TOTAL SALA 04;156;6000027;2375;6658;CURITIBA;PR;REDECINE CWB CINEMATOGRÁFICA LTDA;05.747.411/0001-69
12/06/2016;12/06/2016 16:15:00;UMA LOUCURA DE MULHER;;B1600305700000;ORIGINAL;NÃO;BRASIL;5003290;SALA 02;53;6000024;17266;19864;CAXIAS DO SUL;RS;CINEPOLIS OPERADORA DE CINEMAS DO BRASIL LTDA;09.652.820/0001-32
12/06/2016;12/06/2016 16:15:00;WARCRAFT;WARCFRAT – O PRIMEIRO ENCONTRO ENTRE DOIS MUNDOS;E1500739800000;ORIGINAL;SIM;ESTADOS UNIDOS;5004353;SALA PATIO BATEL 05 VIP;6;6000024;17266;25191;CURITIBA;PR;CINEPOLIS OPERADORA DE CINEMAS DO BRASIL LTDA;09.652.820/0001-32
12/06/2016;12/06/2016 16:16:00;THE CONJURING 2;INVOCAÇÃO DO MAL 2;E1600342300000;ORIGINAL;SIM;ESTADOS UNIDOS;5004353;SALA PATIO BATEL 05 VIP;55;6000024;17266;25191;CURITIBA;PR;CINEPOLIS OPERADORA DE CINEMAS DO BRASIL LTDA;09.652.820/0001-32
12/06/2016;12/06/2016 16:20:00;ALICE THROUGH THE LOOKING GLASS;ALICE ATRAVÉS DO ESPELHO;E1600259100000;DUBLADO;NÃO;ESTADOS UNIDOS;5005576;CINESYSTEM PAULISTA SALA 06;99;6000027;22546;33152;PAULISTA;PE;REDECINE BRA CINEMATOGRÁFICA S.A.;15.422.993/0001-67
12/06/2016;12/06/2016 16:20:00;NOW YOU SEE ME: THE SECOND ACT;TRUQUE DE MESTRE 2;E1500269900000;DUBLADO;NÃO;ESTADOS UNIDOS;5004484;ARAPIRACA BRA 02;127;6000027;22546;26037;ARAPIRACA;AL;REDECINE BRA CINEMATOGRÁFICA S.A.;15.422.993/0001-67
12/06/2016;12/06/2016 16:20:00;NOW YOU SEE ME: THE SECOND ACT;TRUQUE DE MESTRE 2;E1500269900000;DUBLADO;NÃO;ESTADOS UNIDOS;5001628;CINESYSTEM SHOPPING TOTAL SALA 05;103;6000027;2375;6658;CURITIBA;PR;REDECINE CWB CINEMATOGRÁFICA LTDA;05.747.411/0001-69
12/06/2016;12/06/2016 16:20:00;UMA LOUCURA DE MULHER;;B1600305700000;ORIGINAL;NÃO;BRASIL;5005451;CINÉPOLIS SHOPPING CERRADO SALA 04;51;6000024;17266;32323;GOIÂNIA;GO;CINEPOLIS OPERADORA DE CINEMAS DO BRASIL LTDA;09.652.820/0001-32
12/06/2016;12/06/2016 16:30:00;ALICE THROUGH THE LOOKING GLASS;ALICE ATRAVÉS DO ESPELHO;E1600259100000;DUBLADO;NÃO;ESTADOS UNIDOS;5002063;AGUA VERDE 2;56;6000023;12893;12894;CURITIBA;PR;ESTILO PRODUÇÕES ARTISTICAS LTDA;03.293.165/0001-97
12/06/2016;12/06/2016 16:30:00;ALICE THROUGH THE LOOKING GLASS;ALICE ATRAVÉS DO ESPELHO;E1600259100000;DUBLADO;NÃO;ESTADOS UNIDOS;5001626;CINESYSTEM SHOPPING TOTAL SALA 03;161;6000027;2375;6658;CURITIBA;PR;REDECINE CWB CINEMATOGRÁFICA LTDA;05.747.411/0001-69
12/06/2016;12/06/2016 16:30:00;THE CONJURING 2;INVOCAÇÃO DO MAL 2;E1600342300000;ORIGINAL;SIM;ESTADOS UNIDOS;5005002;CINESYSTEM AMERICAS 06;142;6000027;5348;28834;RIO DE JANEIRO;RJ;REDECINE - RIO CINEMATOGRAFICA S.A.;07.524.011/0001-10
12/06/2016;12/06/2016 16:30:00;WARCRAFT;WARCFRAT – O PRIMEIRO ENCONTRO ENTRE DOIS MUNDOS;E1500739800000;ORIGINAL;SIM;ESTADOS UNIDOS;5003289;SALA 01 MACRO DIGITAL;52;6000024;17266;19864;CAXIAS DO SUL;RS;CINEPOLIS OPERADORA DE CINEMAS DO BRASIL LTDA;09.652.820/0001-32
12/06/2016;12/06/2016 16:40:00;ALICE IN WONDERLAND;ALICE NO PAÍS DAS MARAVILHAS;E1500291700000;DUBLADO;NÃO;ESTADOS UNIDOS;5003421;CINEMARK SHOPPING RAPOSO TAVARES 03;94;6000018;1843;20591;SÃO PAULO;SP;CINEMARK BRASIL S.A;00.779.721/0001-41
12/06/2016;12/06/2016 16:40:00;TEENAGE MUTANT NINJA TURTLES: OUT OF THE SHADOWS;AS TARTARUGAS NINJA: FORA DAS SOMBRAS;E1600265600000;DUBLADO;NÃO;ESTADOS UNIDOS;5004486;ARAPIRACA BRA 04;134;6000027;22546;26037;ARAPIRACA;AL;REDECINE BRA CINEMATOGRÁFICA S.A.;15.422.993/0001-67
12/06/2016;12/06/2016 16:40:00;THE CONJURING 2;INVOCAÇÃO DO MAL 2;E1600342300000;DUBLADO;NÃO;ESTADOS UNIDOS;5001625;CINESYSTEM SHOPPING TOTAL SALA 02;235;6000027;2375;6658;CURITIBA;PR;REDECINE CWB CINEMATOGRÁFICA LTDA;05.747.411/0001-69
12/06/2016;12/06/2016 16:45:00;NOW YOU SEE ME: THE SECOND ACT;TRUQUE DE MESTRE 2;E1500269900000;ORIGINAL;SIM;ESTADOS UNIDOS;5005452;CINÉPOLIS SHOPPING CERRADO SALA MACRO XE 05;0;6000024;17266;32323;GOIÂNIA;GO;CINEPOLIS OPERADORA DE CINEMAS DO BRASIL LTDA;09.652.820/0001-32
12/06/2016;12/06/2016 16:45:00;NOW YOU SEE ME: THE SECOND ACT;TRUQUE DE MESTRE 2;E1500269900000;ORIGINAL;SIM;ESTADOS UNIDOS;5004349;SALA PATIO BATEL 01 4DX;169;6000024;17266;25191;CURITIBA;PR;CINEPOLIS OPERADORA DE CINEMAS DO BRASIL LTDA;09.652.820/0001-32
12/06/2016;12/06/2016 16:46:00;THE CONJURING 2;INVOCAÇÃO DO MAL 2;E1600342300000;ORIGINAL;SIM;ESTADOS UNIDOS;5005452;CINÉPOLIS SHOPPING CERRADO SALA MACRO XE 05;58;6000024;17266;32323;GOIÂNIA;GO;CINEPOLIS OPERADORA DE CINEMAS DO BRASIL LTDA;09.652.820/0001-32
12/06/2016;12/06/2016 16:50:00;WARCRAFT;WARCFRAT – O PRIMEIRO ENCONTRO ENTRE DOIS MUNDOS;E1500739800000;DUBLADO;NÃO;ESTADOS UNIDOS;5001624;CINESYSTEM SHOPPING TOTAL SALA 01;64;6000027;2375;6658;CURITIBA;PR;REDECINE CWB CINEMATOGRÁFICA LTDA;05.747.411/0001-69
12/06/2016;12/06/2016 17:00:00;ALICE THROUGH THE LOOKING GLASS;ALICE ATRAVÉS DO ESPELHO;E1600259100000;DUBLADO;NÃO;ESTADOS UNIDOS;5004355;SALA PATIO BATEL 07 VIP;42;6000024;17266;25191;CURITIBA;PR;CINEPOLIS OPERADORA DE CINEMAS DO BRASIL LTDA;09.652.820/0001-32
12/06/2016;12/06/2016 17:00:00;TEENAGE MUTANT NINJA TURTLES: OUT OF THE SHADOWS;AS TARTARUGAS NINJA: FORA DAS SOMBRAS;E1600265600000;DUBLADO;NÃO;ESTADOS UNIDOS;5005003;CINESYSTEM AMERICAS 07;132;6000027;5348;28834;RIO DE JANEIRO;RJ;REDECINE - RIO CINEMATOGRAFICA S.A.;07.524.011/0001-10
12/06/2016;12/06/2016 17:00:00;TEENAGE MUTANT NINJA TURTLES: OUT OF THE SHADOWS;AS TARTARUGAS NINJA: FORA DAS SOMBRAS;E1600265600000;ORIGINAL;SIM;ESTADOS UNIDOS;5003293;SALA 05;8;6000024;17266;19864;CAXIAS DO SUL;RS;CINEPOLIS OPERADORA DE CINEMAS DO BRASIL LTDA;09.652.820/0001-32
12/06/2016;12/06/2016 17:00:00;WARCRAFT;WARCFRAT – O PRIMEIRO ENCONTRO ENTRE DOIS MUNDOS;E1500739800000;DUBLADO;NÃO;ESTADOS UNIDOS;5003420;CINEMARK SHOPPING RAPOSO TAVARES 02;91;6000018;1843;20591;SÃO PAULO;SP;CINEMARK BRASIL S.A;00.779.721/0001-41
12/06/2016;12/06/2016 17:15:00;WARCRAFT;WARCFRAT – O PRIMEIRO ENCONTRO ENTRE DOIS MUNDOS;E1500739800000;ORIGINAL;SIM;ESTADOS UNIDOS;5004351;SALA PATIO BATEL 03 VIP;67;6000024;17266;25191;CURITIBA;PR;CINEPOLIS OPERADORA DE CINEMAS DO BRASIL LTDA;09.652.820/0001-32
12/06/2016;12/06/2016 17:20:00;ALICE THROUGH THE LOOKING GLASS;ALICE ATRAVÉS DO ESPELHO;E1600259100000;DUBLADO;NÃO;ESTADOS UNIDOS;5002601;CINEMAS BENFICA - SALA 3;149;;15690;15691;FORTALEZA;CE;CINEMAS BENFICA LTDA;07.509.597/0001-43
12/06/2016;12/06/2016 17:20:00;WARCRAFT;WARCFRAT – O PRIMEIRO ENCONTRO ENTRE DOIS MUNDOS;E1500739800000;ORIGINAL;SIM;ESTADOS UNIDOS;5005454;CINÉPOLIS SHOPPING CERRADO SALA 07;46;6000024;17266;32323;GOIÂNIA;GO;CINEPOLIS OPERADORA DE CINEMAS DO BRASIL LTDA;09.652.820/0001-32
12/06/2016;12/06/2016 17:30:00;NOW YOU SEE ME: THE SECOND ACT;TRUQUE DE MESTRE 2;E1500269900000;DUBLADO;NÃO;ESTADOS UNIDOS;5003424;CINEMARK SHOPPING RAPOSO TAVARES 06;186;6000018;1843;20591;SÃO PAULO;SP;CINEMARK BRASIL S.A;00.779.721/0001-41
12/06/2016;12/06/2016 17:30:00;NOW YOU SEE ME: THE SECOND ACT;TRUQUE DE MESTRE 2;E1500269900000;ORIGINAL;SIM;ESTADOS UNIDOS;5003292;SALA 04;94;6000024;17266;19864;CAXIAS DO SUL;RS;CINEPOLIS OPERADORA DE CINEMAS DO BRASIL LTDA;09.652.820/0001-32
12/06/2016;12/06/2016 17:40:00;TEENAGE MUTANT NINJA TURTLES: OUT OF THE SHADOWS;AS TARTARUGAS NINJA: FORA DAS SOMBRAS;E1600265600000;DUBLADO;NÃO;ESTADOS UNIDOS;5005448;CINÉPOLIS SHOPPING CERRADO SALA 02;92;6000024;17266;32323;GOIÂNIA;GO;CINEPOLIS OPERADORA DE CINEMAS DO BRASIL LTDA;09.652.820/0001-32
12/06/2016;12/06/2016 17:40:00;WARCRAFT;WARCFRAT – O PRIMEIRO ENCONTRO ENTRE DOIS MUNDOS;E1500739800000;DUBLADO;NÃO;ESTADOS UNIDOS;5002603;CINEMAS BENFICA - SALA 1;119;;15690;15691;FORTALEZA;CE;CINEMAS BENFICA LTDA;07.509.597/0001-43
12/06/2016;12/06/2016 17:45:00;THE CONJURING 2;INVOCAÇÃO DO MAL 2;E1600342300000;ORIGINAL;SIM;ESTADOS UNIDOS;5004354;SALA PATIO BATEL 06 VIP;44;6000024;17266;25191;CURITIBA;PR;CINEPOLIS OPERADORA DE CINEMAS DO BRASIL LTDA;09.652.820/0001-32
12/06/2016;12/06/2016 18:00:00;CAPTAIN AMERICA: CIVIL WAR;CAPITÃO AMÉRICA: GUERRA CIVIL;E1600129800000;ORIGINAL;SIM;ESTADOS UNIDOS;5004356;SALA PATIO BATEL 08 VIP;44;6000024;17266;25191;CURITIBA;PR;CINEPOLIS OPERADORA DE CINEMAS DO BRASIL LTDA;09.652.820/0001-32
12/06/2016;12/06/2016 18:00:00;THE CONJURING 2;INVOCAÇÃO DO MAL 2;E1600342300000;ORIGINAL;SIM;ESTADOS UNIDOS;5005449;CINÉPOLIS SHOPPING CERRADO SALA 01;56;6000024;17266;32323;GOIÂNIA;GO;CINEPOLIS OPERADORA DE CINEMAS DO BRASIL LTDA;09.652.820/0001-32
12/06/2016;12/06/2016 18:05:00;NOW YOU SEE ME: THE SECOND ACT;TRUQUE DE MESTRE 2;E1500269900000;DUBLADO;NÃO;ESTADOS UNIDOS;5004488;ARAPIRACA BRA 06;99;6000027;22546;26037;ARAPIRACA;AL;REDECINE BRA CINEMATOGRÁFICA S.A.;15.422.993/0001-67
12/06/2016;12/06/2016 18:10:00;NOW YOU SEE ME: THE SECOND ACT;TRUQUE DE MESTRE 2;E1500269900000;ORIGINAL;SIM;ESTADOS UNIDOS;5004350;SALA PATIO BATEL 02 MACRO XE;4;6000024;17266;25191;CURITIBA;PR;CINEPOLIS OPERADORA DE CINEMAS DO BRASIL LTDA;09.652.820/0001-32
12/06/2016;12/06/2016 18:11:00;THE CONJURING 2;INVOCAÇÃO DO MAL 2;E1600342300000;ORIGINAL;SIM;ESTADOS UNIDOS;5004350;SALA PATIO BATEL 02 MACRO XE;167;6000024;17266;25191;CURITIBA;PR;CINEPOLIS OPERADORA DE CINEMAS DO BRASIL LTDA;09.652.820/0001-32
12/06/2016;12/06/2016 18:15:00;X-MEN: APOCALYPSE;X-MEN - APOCALIPSE;E1600181600000;DUBLADO;NÃO;ESTADOS UNIDOS;5004485;ARAPIRACA BRA 03;92;6000027;22546;26037;ARAPIRACA;AL;REDECINE BRA CINEMATOGRÁFICA S.A.;15.422.993/0001-67
12/06/2016;12/06/2016 18:15:00;X-MEN: APOCALYPSE;X-MEN - APOCALIPSE;E1600181600000;ORIGINAL;SIM;ESTADOS UNIDOS;5003294;SALA 06;52;6000024;17266;19864;CAXIAS DO SUL;RS;CINEPOLIS OPERADORA DE CINEMAS DO BRASIL LTDA;09.652.820/0001-32
12/06/2016;12/06/2016 18:20:00;NOW YOU SEE ME 2;TRUQUE DE MESTRE: O 2º ATO;E1700176500000;ORIGINAL;SIM;CANADÁ;5004998;CINESYSTEM AMERICAS 02;117;6000027;5348;28834;RIO DE JANEIRO;RJ;REDECINE - RIO CINEMATOGRAFICA S.A.;07.524.011/0001-10
12/06/2016;12/06/2016 18:20:00;NOW YOU SEE ME: THE SECOND ACT;TRUQUE DE MESTRE 2;E1500269900000;DUBLADO;NÃO;ESTADOS UNIDOS;5003290;SALA 02;127;6000024;17266;19864;CAXIAS DO SUL;RS;CINEPOLIS OPERADORA DE CINEMAS DO BRASIL LTDA;09.652.820/0001-32
12/06/2016;12/06/2016 18:20:00;WARCRAFT;WARCFRAT – O PRIMEIRO ENCONTRO ENTRE DOIS MUNDOS;E1500739800000;DUBLADO;NÃO;ESTADOS UNIDOS;5005453;CINÉPOLIS SHOPPING CERRADO SALA 06;83;6000024;17266;32323;GOIÂNIA;GO;CINEPOLIS OPERADORA DE CINEMAS DO BRASIL LTDA;09.652.820/0001-32
12/06/2016;12/06/2016 18:30:00;THE CONJURING 2;INVOCAÇÃO DO MAL 2;E1600342300000;DUBLADO;NÃO;ESTADOS UNIDOS;5002062;AGUA VERDE 1;34;6000023;12893;12894;CURITIBA;PR;ESTILO PRODUÇÕES ARTISTICAS LTDA;03.293.165/0001-97
12/06/2016;12/06/2016 18:30:00;THE CONJURING 2;INVOCAÇÃO DO MAL 2;E1600342300000;DUBLADO;NÃO;ESTADOS UNIDOS;5003422;CINEMARK SHOPPING RAPOSO TAVARES 04;234;6000018;1843;20591;SÃO PAULO;SP;CINEMARK BRASIL S.A;00.779.721/0001-41
12/06/2016;12/06/2016 18:30:00;THE CONJURING 2;INVOCAÇÃO DO MAL 2;E1600342300000;DUBLADO;NÃO;ESTADOS UNIDOS;5004443;SALA MACEIO 06;110;6000027;22546;25512;MACEIÓ;AL;REDECINE BRA CINEMATOGRÁFICA S.A.;15.422.993/0001-67
12/06/2016;12/06/2016 18:30:00;WARCRAFT;WARCFRAT – O PRIMEIRO ENCONTRO ENTRE DOIS MUNDOS;E1500739800000;DUBLADO;NÃO;ESTADOS UNIDOS;5004487;ARAPIRACA BRA 05;66;6000027;22546;26037;ARAPIRACA;AL;REDECINE BRA CINEMATOGRÁFICA S.A.;15.422.993/0001-67
12/06/2016;12/06/2016 18:30:00;X-MEN: APOCALYPSE;X-MEN - APOCALIPSE;E1600181600000;ORIGINAL;SIM;ESTADOS UNIDOS;5004352;SALA PATIO BATEL 04 VIP;66;6000024;17266;25191;CURITIBA;PR;CINEPOLIS OPERADORA DE CINEMAS DO BRASIL LTDA;09.652.820/0001-32
12/06/2016;12/06/2016 18:40:00;NOW YOU SEE ME: THE SECOND ACT;TRUQUE DE MESTRE 2;E1500269900000;ORIGINAL;SIM;ESTADOS UNIDOS;5005451;CINÉPOLIS SHOPPING CERRADO SALA 04;76;6000024;17266;32323;GOIÂNIA;GO;CINEPOLIS OPERADORA DE CINEMAS DO BRASIL LTDA;09.652.820/0001-32
12/06/2016;12/06/2016 18:40:00;TEENAGE MUTANT NINJA TURTLES: OUT OF THE SHADOWS;AS TARTARUGAS NINJA: FORA DAS SOMBRAS;E1600265600000;DUBLADO;NÃO;ESTADOS UNIDOS;5002063;AGUA VERDE 2;36;6000023;12893;12894;CURITIBA;PR;ESTILO PRODUÇÕES ARTISTICAS LTDA;03.293.165/0001-97
12/06/2016;12/06/2016 18:40:00;TEENAGE MUTANT NINJA TURTLES: OUT OF THE SHADOWS;AS TARTARUGAS NINJA: FORA DAS SOMBRAS;E1600265600000;ORIGINAL;SIM;ESTADOS UNIDOS;5004440;SALA MACEIO 09;88;6000027;22546;25512;MACEIÓ;AL;REDECINE BRA CINEMATOGRÁFICA S.A.;15.422.993/0001-67
12/06/2016;12/06/2016 18:40:00;WARCRAFT;WARCFRAT – O PRIMEIRO ENCONTRO ENTRE DOIS MUNDOS;E1500739800000;ORIGINAL;SIM;ESTADOS UNIDOS;5005000;CINESYSTEM AMERICAS 04;73;6000027;5348;28834;RIO DE JANEIRO;RJ;REDECINE - RIO CINEMATOGRAFICA S.A.;07.524.011/0001-10
12/06/2016;12/06/2016 18:45:00;ALICE THROUGH THE LOOKING GLASS;ALICE ATRAVÉS DO ESPELHO;E1600259100000;DUBLADO;NÃO;ESTADOS UNIDOS;5005576;CINESYSTEM PAULISTA SALA 06;100;6000027;22546;33152;PAULISTA;PE;REDECINE BRA CINEMATOGRÁFICA S.A.;15.422.993/0001-67
12/06/2016;12/06/2016 18:45:00;THE CONJURING 2;INVOCAÇÃO DO MAL 2;E1600342300000;ORIGINAL;SIM;ESTADOS UNIDOS;5003291;SALA 03;160;6000024;17266;19864;CAXIAS DO SUL;RS;CINEPOLIS OPERADORA DE CINEMAS DO BRASIL LTDA;09.652.820/0001-32
12/06/2016;12/06/2016 18:50:00;ALICE THROUGH THE LOOKING GLASS;ALICE ATRAVÉS DO ESPELHO;E1600259100000;ORIGINAL;SIM;ESTADOS UNIDOS;5005001;CINESYSTEM AMERICAS 05;71;6000027;5348;28834;RIO DE JANEIRO;RJ;REDECINE - RIO CINEMATOGRAFICA S.A.;07.524.011/0001-10
12/06/2016;12/06/2016 18:50:00;NOW YOU SEE ME: THE SECOND ACT;TRUQUE DE MESTRE 2;E1500269900000;DUBLADO;NÃO;ESTADOS UNIDOS;5001626;CINESYSTEM SHOPPING TOTAL SALA 03;87;6000027;2375;6658;CURITIBA;PR;REDECINE CWB CINEMATOGRÁFICA LTDA;05.747.411/0001-69
12/06/2016;12/06/2016 18:50:00;THE CONJURING 2;INVOCAÇÃO DO MAL 2;E1600342300000;DUBLADO;NÃO;ESTADOS UNIDOS;5004483;ARAPIRACA BRA 01;45;6000027;22546;26037;ARAPIRACA;AL;REDECINE BRA CINEMATOGRÁFICA S.A.;15.422.993/0001-67
12/06/2016;12/06/2016 18:55:00;WARCRAFT;WARCFRAT – O PRIMEIRO ENCONTRO ENTRE DOIS MUNDOS;E1500739800000;DUBLADO;NÃO;ESTADOS UNIDOS;5001627;CINESYSTEM SHOPPING TOTAL SALA 04;103;6000027;2375;6658;CURITIBA;PR;REDECINE CWB CINEMATOGRÁFICA LTDA;05.747.411/0001-69
12/06/2016;12/06/2016 19:00:00;ALICE THROUGH THE LOOKING GLASS;ALICE ATRAVÉS DO ESPELHO;E1600259100000;DUBLADO;NÃO;ESTADOS UNIDOS;5001628;CINESYSTEM SHOPPING TOTAL SALA 05;102;6000027;2375;6658;CURITIBA;PR;REDECINE CWB CINEMATOGRÁFICA LTDA;05.747.411/0001-69
12/06/2016;12/06/2016 19:00:00;ME BEFORE YOU;COMO EU ERA ANTES DE VOCÊ;E1500875700000;DUBLADO;NÃO;ESTADOS UNIDOS;5004484;ARAPIRACA BRA 02;129;6000027;22546;26037;ARAPIRACA;AL;REDECINE BRA CINEMATOGRÁFICA S.A.;15.422.993/0001-67
12/06/2016;12/06/2016 19:00:00;ME BEFORE YOU;COMO EU ERA ANTES DE VOCÊ;E1500875700000;ORIGINAL;SIM;ESTADOS UNIDOS;5004997;CINESYSTEM AMERICAS 01;82;6000027;5348;28834;RIO DE JANEIRO;RJ;REDECINE - RIO CINEMATOGRAFICA S.A.;07.524.011/0001-10
12/06/2016;12/06/2016 19:00:00;NOW YOU SEE ME: THE SECOND ACT;TRUQUE DE MESTRE 2;E1500269900000;DUBLADO;NÃO;ESTADOS UNIDOS;5003425;CINEMARK SHOPPING RAPOSO TAVARES 07;170;6000018;1843;20591;SÃO PAULO;SP;CINEMARK BRASIL S.A;00.779.721/0001-41
12/06/2016;12/06/2016 19:00:00;THE CONJURING 2;INVOCAÇÃO DO MAL 2;E1600342300000;DUBLADO;NÃO;ESTADOS UNIDOS;5005450;CINÉPOLIS SHOPPING CERRADO SALA 03;0;6000024;17266;32323;GOIÂNIA;GO;CINEPOLIS OPERADORA DE CINEMAS DO BRASIL LTDA;09.652.820/0001-32
12/06/2016;12/06/2016 19:00:00;THE CONJURING 2;INVOCAÇÃO DO MAL 2;E1600342300000;DUBLADO;NÃO;ESTADOS UNIDOS;5005452;CINÉPOLIS SHOPPING CERRADO SALA MACRO XE 05;2;6000024;17266;32323;GOIÂNIA;GO;CINEPOLIS OPERADORA DE CINEMAS DO BRASIL LTDA;09.652.820/0001-32
12/06/2016;12/06/2016 19:01:00;NOW YOU SEE ME: THE SECOND ACT;TRUQUE DE MESTRE 2;E1500269900000;DUBLADO;NÃO;ESTADOS UNIDOS;5005450;CINÉPOLIS SHOPPING CERRADO SALA 03;110;6000024;17266;32323;GOIÂNIA;GO;CINEPOLIS OPERADORA DE CINEMAS DO BRASIL LTDA;09.652.820/0001-32
12/06/2016;12/06/2016 19:05:00;THE CONJURING 2;INVOCAÇÃO DO MAL 2;E1600342300000;DUBLADO;NÃO;ESTADOS UNIDOS;5003289;SALA 01 MACRO DIGITAL;241;6000024;17266;19864;CAXIAS DO SUL;RS;CINEPOLIS OPERADORA DE CINEMAS DO BRASIL LTDA;09.652.820/0001-32
12/06/2016;12/06/2016 19:10:00;TEENAGE MUTANT NINJA TURTLES: OUT OF THE SHADOWS;AS TARTARUGAS NINJA: FORA DAS SOMBRAS;E1600265600000;DUBLADO;NÃO;ESTADOS UNIDOS;5003421;CINEMARK SHOPPING RAPOSO TAVARES 03;79;6000018;1843;20591;SÃO PAULO;SP;CINEMARK BRASIL S.A;00.779.721/0001-41
12/06/2016;12/06/2016 19:10:00;THE CONJURING 2;INVOCAÇÃO DO MAL 2;E1600342300000;DUBLADO;NÃO;ESTADOS UNIDOS;5004486;ARAPIRACA BRA 04;95;6000027;22546;26037;ARAPIRACA;AL;REDECINE BRA CINEMATOGRÁFICA S.A.;15.422.993/0001-67
12/06/2016;12/06/2016 19:10:00;THE CONJURING 2;INVOCAÇÃO DO MAL 2;E1600342300000;DUBLADO;NÃO;ESTADOS UNIDOS;5005578;CINESYSTEM PAULISTA SALA 08 CINÉPIC;311;6000027;22546;33152;PAULISTA;PE;REDECINE BRA CINEMATOGRÁFICA S.A.;15.422.993/0001-67
12/06/2016;12/06/2016 19:15:00;NOW YOU SEE ME: THE SECOND ACT;TRUQUE DE MESTRE 2;E1500269900000;ORIGINAL;SIM;ESTADOS UNIDOS;5004353;SALA PATIO BATEL 05 VIP;55;6000024;17266;25191;CURITIBA;PR;CINEPOLIS OPERADORA DE CINEMAS DO BRASIL LTDA;09.652.820/0001-32
12/06/2016;12/06/2016 19:15:00;THE CONJURING 2;INVOCAÇÃO DO MAL 2;E1600342300000;ORIGINAL;SIM;ESTADOS UNIDOS;5005002;CINESYSTEM AMERICAS 06;218;6000027;5348;28834;RIO DE JANEIRO;RJ;REDECINE - RIO CINEMATOGRAFICA S.A.;07.524.011/0001-10
12/06/2016;12/06/2016 19:20:00;TEENAGE MUTANT NINJA TURTLES: OUT OF THE SHADOWS;AS TARTARUGAS NINJA: FORA DAS SOMBRAS;E1600265600000;DUBLADO;NÃO;ESTADOS UNIDOS;5003293;SALA 05;74;6000024;17266;19864;CAXIAS DO SUL;RS;CINEPOLIS OPERADORA DE CINEMAS DO BRASIL LTDA;09.652.820/0001-32
12/06/2016;12/06/2016 19:20:00;THE CONJURING 2;INVOCAÇÃO DO MAL 2;E1600342300000;DUBLADO;NÃO;ESTADOS UNIDOS;5001625;CINESYSTEM SHOPPING TOTAL SALA 02;279;6000027;2375;6658;CURITIBA;PR;REDECINE CWB CINEMATOGRÁFICA LTDA;05.747.411/0001-69
12/06/2016;12/06/2016 19:25:00;TEENAGE MUTANT NINJA TURTLES: OUT OF THE SHADOWS;AS TARTARUGAS NINJA: FORA DAS SOMBRAS;E1600265600000;ORIGINAL;SIM;ESTADOS UNIDOS;5005003;CINESYSTEM AMERICAS 07;92;6000027;5348;28834;RIO DE JANEIRO;RJ;REDECINE - RIO CINEMATOGRAFICA S.A.;07.524.011/0001-10
12/06/2016;12/06/2016 19:30:00;NOW YOU SEE ME: THE SECOND ACT;TRUQUE DE MESTRE 2;E1500269900000;DUBLADO;NÃO;ESTADOS UNIDOS;5005450;CINÉPOLIS SHOPPING CERRADO SALA 03;0;6000024;17266;32323;GOIÂNIA;GO;CINEPOLIS OPERADORA DE CINEMAS DO BRASIL LTDA;09.652.820/0001-32
12/06/2016;12/06/2016 19:30:00;NOW YOU SEE ME: THE SECOND ACT;TRUQUE DE MESTRE 2;E1500269900000;DUBLADO;NÃO;ESTADOS UNIDOS;5005452;CINÉPOLIS SHOPPING CERRADO SALA MACRO XE 05;0;6000024;17266;32323;GOIÂNIA;GO;CINEPOLIS OPERADORA DE CINEMAS DO BRASIL LTDA;09.652.820/0001-32
12/06/2016;12/06/2016 19:30:00;TEENAGE MUTANT NINJA TURTLES: OUT OF THE SHADOWS;AS TARTARUGAS NINJA: FORA DAS SOMBRAS;E1600265600000;DUBLADO;NÃO;ESTADOS UNIDOS;5001624;CINESYSTEM SHOPPING TOTAL SALA 01;61;6000027;2375;6658;CURITIBA;PR;REDECINE CWB CINEMATOGRÁFICA LTDA;05.747.411/0001-69
12/06/2016;12/06/2016 19:31:00;THE CONJURING 2;INVOCAÇÃO DO MAL 2;E1600342300000;DUBLADO;NÃO;ESTADOS UNIDOS;5005452;CINÉPOLIS SHOPPING CERRADO SALA MACRO XE 05;213;6000024;17266;32323;GOIÂNIA;GO;CINEPOLIS OPERADORA DE CINEMAS DO BRASIL LTDA;09.652.820/0001-32
12/06/2016;12/06/2016 19:45:00;TEENAGE MUTANT NINJA TURTLES: OUT OF THE SHADOWS;AS TARTARUGAS NINJA: FORA DAS SOMBRAS;E1600265600000;ORIGINAL;SIM;ESTADOS UNIDOS;5004349;SALA PATIO BATEL 01 4DX;38;6000024;17266;25191;CURITIBA;PR;CINEPOLIS OPERADORA DE CINEMAS DO BRASIL LTDA;09.652.820/0001-32
12/06/2016;12/06/2016 19:55:00;ALICE THROUGH THE LOOKING GLASS;ALICE ATRAVÉS DO ESPELHO;E1600259100000;DUBLADO;NÃO;ESTADOS UNIDOS;5004355;SALA PATIO BATEL 07 VIP;4;6000024;17266;25191;CURITIBA;PR;CINEPOLIS OPERADORA DE CINEMAS DO BRASIL LTDA;09.652.820/0001-32
12/06/2016;12/06/2016 19:57:00;THE CONJURING 2;INVOCAÇÃO DO MAL 2;E1600342300000;ORIGINAL;SIM;ESTADOS UNIDOS;5004355;SALA PATIO BATEL 07 VIP;41;6000024;17266;25191;CURITIBA;PR;CINEPOLIS OPERADORA DE CINEMAS DO BRASIL LTDA;09.652.820/0001-32
12/06/2016;12/06/2016 20:00:00;ME BEFORE YOU;COMO EU ERA ANTES DE VOCÊ;E1500875700000;ORIGINAL;SIM;ESTADOS UNIDOS;5002601;CINEMAS BENFICA - SALA 3;154;;15690;15691;FORTALEZA;CE;CINEMAS BENFICA LTDA;07.509.597/0001-43
12/06/2016;12/06/2016 20:00:00;WARCRAFT;WARCFRAT – O PRIMEIRO ENCONTRO ENTRE DOIS MUNDOS;E1500739800000;DUBLADO;NÃO;ESTADOS UNIDOS;5003420;CINEMARK SHOPPING RAPOSO TAVARES 02;92;6000018;1843;20591;SÃO PAULO;SP;CINEMARK BRASIL S.A;00.779.721/0001-41
12/06/2016;12/06/2016 20:00:00;WARCRAFT;WARCFRAT – O PRIMEIRO ENCONTRO ENTRE DOIS MUNDOS;E1500739800000;DUBLADO;NÃO;ESTADOS UNIDOS;5005454;CINÉPOLIS SHOPPING CERRADO SALA 07;80;6000024;17266;32323;GOIÂNIA;GO;CINEPOLIS OPERADORA DE CINEMAS DO BRASIL LTDA;09.652.820/0001-32
12/06/2016;12/06/2016 20:05:00;WARCRAFT;WARCFRAT – O PRIMEIRO ENCONTRO ENTRE DOIS MUNDOS;E1500739800000;ORIGINAL;SIM;ESTADOS UNIDOS;5002603;CINEMAS BENFICA - SALA 1;132;;15690;15691;FORTALEZA;CE;CINEMAS BENFICA LTDA;07.509.597/0001-43
12/06/2016;12/06/2016 20:15:00;NOW YOU SEE ME: THE SECOND ACT;TRUQUE DE MESTRE 2;E1500269900000;ORIGINAL;SIM;ESTADOS UNIDOS;5003292;SALA 04;61;6000024;17266;19864;CAXIAS DO SUL;RS;CINEPOLIS OPERADORA DE CINEMAS DO BRASIL LTDA;09.652.820/0001-32
12/06/2016;12/06/2016 20:15:00;WARCRAFT;WARCFRAT – O PRIMEIRO ENCONTRO ENTRE DOIS MUNDOS;E1500739800000;ORIGINAL;SIM;ESTADOS UNIDOS;5004351;SALA PATIO BATEL 03 VIP;54;6000024;17266;25191;CURITIBA;PR;CINEPOLIS OPERADORA DE CINEMAS DO BRASIL LTDA;09.652.820/0001-32
12/06/2016;12/06/2016 20:30:00;NOW YOU SEE ME: THE SECOND ACT;TRUQUE DE MESTRE 2;E1500269900000;DUBLADO;NÃO;ESTADOS UNIDOS;5003424;CINEMARK SHOPPING RAPOSO TAVARES 06;174;6000018;1843;20591;SÃO PAULO;SP;CINEMARK BRASIL S.A;00.779.721/0001-41
12/06/2016;12/06/2016 20:40:00;ME BEFORE YOU;COMO EU ERA ANTES DE VOCÊ;E1500875700000;ORIGINAL;SIM;ESTADOS UNIDOS;5005448;CINÉPOLIS SHOPPING CERRADO SALA 02;143;6000024;17266;32323;GOIÂNIA;GO;CINEPOLIS OPERADORA DE CINEMAS DO BRASIL LTDA;09.652.820/0001-32
12/06/2016;12/06/2016 20:45:00;THE CONJURING 2;INVOCAÇÃO DO MAL 2;E1600342300000;ORIGINAL;SIM;ESTADOS UNIDOS;5004354;SALA PATIO BATEL 06 VIP;43;6000024;17266;25191;CURITIBA;PR;CINEPOLIS OPERADORA DE CINEMAS DO BRASIL LTDA;09.652.820/0001-32
12/06/2016;12/06/2016 20:50:00;ALICE THROUGH THE LOOKING GLASS;ALICE ATRAVÉS DO ESPELHO;E1600259100000;DUBLADO;NÃO;ESTADOS UNIDOS;5002063;AGUA VERDE 2;10;6000023;12893;12894;CURITIBA;PR;ESTILO PRODUÇÕES ARTISTICAS LTDA;03.293.165/0001-97
12/06/2016;12/06/2016 20:50:00;NOW YOU SEE ME: THE SECOND ACT;TRUQUE DE MESTRE 2;E1500269900000;DUBLADO;NÃO;ESTADOS UNIDOS;5004488;ARAPIRACA BRA 06;80;6000027;22546;26037;ARAPIRACA;AL;REDECINE BRA CINEMATOGRÁFICA S.A.;15.422.993/0001-67
12/06/2016;12/06/2016 20:55:00;MONEY MONSTER;JOGO DO DINHEIRO;E1500735200000;ORIGINAL;SIM;ESTADOS UNIDOS;5004356;SALA PATIO BATEL 08 VIP;45;6000024;17266;25191;CURITIBA;PR;CINEPOLIS OPERADORA DE CINEMAS DO BRASIL LTDA;09.652.820/0001-32
12/06/2016;12/06/2016 21:00:00;NOW YOU SEE ME 2;TRUQUE DE MESTRE: O 2º ATO;E1700176500000;ORIGINAL;SIM;CANADÁ;5004998;CINESYSTEM AMERICAS 02;109;6000027;5348;28834;RIO DE JANEIRO;RJ;REDECINE - RIO CINEMATOGRAFICA S.A.;07.524.011/0001-10
12/06/2016;12/06/2016 21:00:00;THE CONJURING 2;INVOCAÇÃO DO MAL 2;E1600342300000;DUBLADO;NÃO;ESTADOS UNIDOS;5002062;AGUA VERDE 1;4;6000023;12893;12894;CURITIBA;PR;ESTILO PRODUÇÕES ARTISTICAS LTDA;03.293.165/0001-97
12/06/2016;12/06/2016 21:00:00;THE CONJURING 2;INVOCAÇÃO DO MAL 2;E1600342300000;DUBLADO;NÃO;ESTADOS UNIDOS;5005449;CINÉPOLIS SHOPPING CERRADO SALA 01;118;6000024;17266;32323;GOIÂNIA;GO;CINEPOLIS OPERADORA DE CINEMAS DO BRASIL LTDA;09.652.820/0001-32
12/06/2016;12/06/2016 21:00:00;THE CONJURING 2;INVOCAÇÃO DO MAL 2;E1600342300000;DUBLADO;NÃO;ESTADOS UNIDOS;5003290;SALA 02;125;6000024;17266;19864;CAXIAS DO SUL;RS;CINEPOLIS OPERADORA DE CINEMAS DO BRASIL LTDA;09.652.820/0001-32
12/06/2016;12/06/2016 21:00:00;WARCRAFT;WARCFRAT – O PRIMEIRO ENCONTRO ENTRE DOIS MUNDOS;E1500739800000;DUBLADO;NÃO;ESTADOS UNIDOS;5004487;ARAPIRACA BRA 05;32;6000027;22546;26037;ARAPIRACA;AL;REDECINE BRA CINEMATOGRÁFICA S.A.;15.422.993/0001-67
12/06/2016;12/06/2016 21:10:00;ALICE THROUGH THE LOOKING GLASS;ALICE ATRAVÉS DO ESPELHO;E1600259100000;DUBLADO;NÃO;ESTADOS UNIDOS;5005001;CINESYSTEM AMERICAS 05;64;6000027;5348;28834;RIO DE JANEIRO;RJ;REDECINE - RIO CINEMATOGRAFICA S.A.;07.524.011/0001-10
12/06/2016;12/06/2016 21:10:00;ALICE THROUGH THE LOOKING GLASS;ALICE ATRAVÉS DO ESPELHO;E1600259100000;DUBLADO;NÃO;ESTADOS UNIDOS;5005576;CINESYSTEM PAULISTA SALA 06;61;6000027;22546;33152;PAULISTA;PE;REDECINE BRA CINEMATOGRÁFICA S.A.;15.422.993/0001-67
12/06/2016;12/06/2016 21:10:00;WARCRAFT;WARCFRAT – O PRIMEIRO ENCONTRO ENTRE DOIS MUNDOS;E1500739800000;DUBLADO;NÃO;ESTADOS UNIDOS;5004440;SALA MACEIO 09;63;6000027;22546;25512;MACEIÓ;AL;REDECINE BRA CINEMATOGRÁFICA S.A.;15.422.993/0001-67
12/06/2016;12/06/2016 21:10:00;X-MEN: APOCALYPSE;X-MEN - APOCALIPSE;E1600181600000;DUBLADO;NÃO;ESTADOS UNIDOS;5004485;ARAPIRACA BRA 03;33;6000027;22546;26037;ARAPIRACA;AL;REDECINE BRA CINEMATOGRÁFICA S.A.;15.422.993/0001-67
12/06/2016;12/06/2016 21:15:00;ME BEFORE YOU;COMO EU ERA ANTES DE VOCÊ;E1500875700000;ORIGINAL;SIM;ESTADOS UNIDOS;5003294;SALA 06;124;6000024;17266;19864;CAXIAS DO SUL;RS;CINEPOLIS OPERADORA DE CINEMAS DO BRASIL LTDA;09.652.820/0001-32
12/06/2016;12/06/2016 21:20:00;ALICE THROUGH THE LOOKING GLASS;ALICE ATRAVÉS DO ESPELHO;E1600259100000;DUBLADO;NÃO;ESTADOS UNIDOS;5004484;ARAPIRACA BRA 02;10;6000027;22546;26037;ARAPIRACA;AL;REDECINE BRA CINEMATOGRÁFICA S.A.;15.422.993/0001-67
12/06/2016;12/06/2016 21:20:00;ALICE THROUGH THE LOOKING GLASS;ALICE ATRAVÉS DO ESPELHO;E1600259100000;DUBLADO;NÃO;ESTADOS UNIDOS;5001628;CINESYSTEM SHOPPING TOTAL SALA 05;18;6000027;2375;6658;CURITIBA;PR;REDECINE CWB CINEMATOGRÁFICA LTDA;05.747.411/0001-69
12/06/2016;12/06/2016 21:20:00;THE CONJURING 2;INVOCAÇÃO DO MAL 2;E1600342300000;DUBLADO;NÃO;ESTADOS UNIDOS;5004443;SALA MACEIO 06;125;6000027;22546;25512;MACEIÓ;AL;REDECINE BRA CINEMATOGRÁFICA S.A.;15.422.993/0001-67
12/06/2016;12/06/2016 21:20:00;WARCRAFT;WARCFRAT – O PRIMEIRO ENCONTRO ENTRE DOIS MUNDOS;E1500739800000;ORIGINAL;SIM;ESTADOS UNIDOS;5005000;CINESYSTEM AMERICAS 04;26;6000027;5348;28834;RIO DE JANEIRO;RJ;REDECINE - RIO CINEMATOGRAFICA S.A.;07.524.011/0001-10
12/06/2016;12/06/2016 21:20:00;X-MEN: APOCALYPSE;X-MEN - APOCALIPSE;E1600181600000;DUBLADO;NÃO;ESTADOS UNIDOS;5005453;CINÉPOLIS SHOPPING CERRADO SALA 06;0;6000024;17266;32323;GOIÂNIA;GO;CINEPOLIS OPERADORA DE CINEMAS DO BRASIL LTDA;09.652.820/0001-32
12/06/2016;12/06/2016 21:21:00;X-MEN: APOCALYPSE;X-MEN - APOCALIPSE;E1600181600000;DUBLADO;NÃO;ESTADOS UNIDOS;5005453;CINÉPOLIS SHOPPING CERRADO SALA 06;101;6000024;17266;32323;GOIÂNIA;GO;CINEPOLIS OPERADORA DE CINEMAS DO BRASIL LTDA;09.652.820/0001-32
12/06/2016;12/06/2016 21:25:00;ME BEFORE YOU;COMO EU ERA ANTES DE VOCÊ;E1500875700000;DUBLADO;NÃO;ESTADOS UNIDOS;5001627;CINESYSTEM SHOPPING TOTAL SALA 04;112;6000027;2375;6658;CURITIBA;PR;REDECINE CWB CINEMATOGRÁFICA LTDA;05.747.411/0001-69
12/06/2016;12/06/2016 21:25:00;THE CONJURING 2;INVOCAÇÃO DO MAL 2;E1600342300000;DUBLADO;NÃO;ESTADOS UNIDOS;5003422;CINEMARK SHOPPING RAPOSO TAVARES 04;237;6000018;1843;20591;SÃO PAULO;SP;CINEMARK BRASIL S.A;00.779.721/0001-41
12/06/2016;12/06/2016 21:30:00;NOW YOU SEE ME: THE SECOND ACT;TRUQUE DE MESTRE 2;E1500269900000;DUBLADO;NÃO;ESTADOS UNIDOS;5001626;CINESYSTEM SHOPPING TOTAL SALA 03;23;6000027;2375;6658;CURITIBA;PR;REDECINE CWB CINEMATOGRÁFICA LTDA;05.747.411/0001-69
12/06/2016;12/06/2016 21:30:00;THE CONJURING 2;INVOCAÇÃO DO MAL 2;E1600342300000;DUBLADO;NÃO;ESTADOS UNIDOS;5004483;ARAPIRACA BRA 01;41;6000027;22546;26037;ARAPIRACA;AL;REDECINE BRA CINEMATOGRÁFICA S.A.;15.422.993/0001-67
12/06/2016;12/06/2016 21:30:00;THE CONJURING 2;INVOCAÇÃO DO MAL 2;E1600342300000;ORIGINAL;SIM;ESTADOS UNIDOS;5003291;SALA 03;113;6000024;17266;19864;CAXIAS DO SUL;RS;CINEPOLIS OPERADORA DE CINEMAS DO BRASIL LTDA;09.652.820/0001-32
12/06/2016;12/06/2016 21:31:00;THE CONJURING 2;INVOCAÇÃO DO MAL 2;E1600342300000;ORIGINAL;SIM;ESTADOS UNIDOS;5004350;SALA PATIO BATEL 02 MACRO XE;75;6000024;17266;25191;CURITIBA;PR;CINEPOLIS OPERADORA DE CINEMAS DO BRASIL LTDA;09.652.820/0001-32
12/06/2016;12/06/2016 21:40:00;NOW YOU SEE ME 2;TRUQUE DE MESTRE: O 2º ATO;E1700176500000;ORIGINAL;SIM;CANADÁ;5004997;CINESYSTEM AMERICAS 01;64;6000027;5348;28834;RIO DE JANEIRO;RJ;REDECINE - RIO CINEMATOGRAFICA S.A.;07.524.011/0001-10
12/06/2016;12/06/2016 21:40:00;NOW YOU SEE ME: THE SECOND ACT;TRUQUE DE MESTRE 2;E1500269900000;DUBLADO;NÃO;ESTADOS UNIDOS;5005451;CINÉPOLIS SHOPPING CERRADO SALA 04;67;6000024;17266;32323;GOIÂNIA;GO;CINEPOLIS OPERADORA DE CINEMAS DO BRASIL LTDA;09.652.820/0001-32
12/06/2016;12/06/2016 21:45:00;TEENAGE MUTANT NINJA TURTLES: OUT OF THE SHADOWS;AS TARTARUGAS NINJA: FORA DAS SOMBRAS;E1600265600000;ORIGINAL;SIM;ESTADOS UNIDOS;5003293;SALA 05;6;6000024;17266;19864;CAXIAS DO SUL;RS;CINEPOLIS OPERADORA DE CINEMAS DO BRASIL LTDA;09.652.820/0001-32
12/06/2016;12/06/2016 21:45:00;X-MEN: APOCALYPSE;X-MEN - APOCALIPSE;E1600181600000;ORIGINAL;SIM;ESTADOS UNIDOS;5004352;SALA PATIO BATEL 04 VIP;34;6000024;17266;25191;CURITIBA;PR;CINEPOLIS OPERADORA DE CINEMAS DO BRASIL LTDA;09.652.820/0001-32
12/06/2016;12/06/2016 21:50:00;TEENAGE MUTANT NINJA TURTLES: OUT OF THE SHADOWS;AS TARTARUGAS NINJA: FORA DAS SOMBRAS;E1600265600000;DUBLADO;NÃO;ESTADOS UNIDOS;5004486;ARAPIRACA BRA 04;35;6000027;22546;26037;ARAPIRACA;AL;REDECINE BRA CINEMATOGRÁFICA S.A.;15.422.993/0001-67
12/06/2016;12/06/2016 21:50:00;TEENAGE MUTANT NINJA TURTLES: OUT OF THE SHADOWS;AS TARTARUGAS NINJA: FORA DAS SOMBRAS;E1600265600000;DUBLADO;NÃO;ESTADOS UNIDOS;5003421;CINEMARK SHOPPING RAPOSO TAVARES 03;50;6000018;1843;20591;SÃO PAULO;SP;CINEMARK BRASIL S.A;00.779.721/0001-41
12/06/2016;12/06/2016 21:50:00;THE CONJURING 2;INVOCAÇÃO DO MAL 2;E1600342300000;ORIGINAL;SIM;ESTADOS UNIDOS;5005003;CINESYSTEM AMERICAS 07;63;6000027;5348;28834;RIO DE JANEIRO;RJ;REDECINE - RIO CINEMATOGRAFICA S.A.;07.524.011/0001-10
12/06/2016;12/06/2016 21:50:00;THE CONJURING 2;INVOCAÇÃO DO MAL 2;E1600342300000;DUBLADO;NÃO;ESTADOS UNIDOS;5005578;CINESYSTEM PAULISTA SALA 08 CINÉPIC;44;6000027;22546;33152;PAULISTA;PE;REDECINE BRA CINEMATOGRÁFICA S.A.;15.422.993/0001-67
12/06/2016;12/06/2016 21:50:00;X-MEN: APOCALYPSE;X-MEN - APOCALIPSE;E1600181600000;DUBLADO;NÃO;ESTADOS UNIDOS;5001624;CINESYSTEM SHOPPING TOTAL SALA 01;38;6000027;2375;6658;CURITIBA;PR;REDECINE CWB CINEMATOGRÁFICA LTDA;05.747.411/0001-69
12/06/2016;12/06/2016 21:55:00;NOW YOU SEE ME: THE SECOND ACT;TRUQUE DE MESTRE 2;E1500269900000;ORIGINAL;SIM;ESTADOS UNIDOS;5004353;SALA PATIO BATEL 05 VIP;49;6000024;17266;25191;CURITIBA;PR;CINEPOLIS OPERADORA DE CINEMAS DO BRASIL LTDA;09.652.820/0001-32
12/06/2016;12/06/2016 22:00:00;NOW YOU SEE ME: THE SECOND ACT;TRUQUE DE MESTRE 2;E1500269900000;DUBLADO;NÃO;ESTADOS UNIDOS;5003425;CINEMARK SHOPPING RAPOSO TAVARES 07;109;6000018;1843;20591;SÃO PAULO;SP;CINEMARK BRASIL S.A;00.779.721/0001-41
12/06/2016;12/06/2016 22:00:00;THE CONJURING 2;INVOCAÇÃO DO MAL 2;E1600342300000;ORIGINAL;SIM;ESTADOS UNIDOS;5005002;CINESYSTEM AMERICAS 06;51;6000027;5348;28834;RIO DE JANEIRO;RJ;REDECINE - RIO CINEMATOGRAFICA S.A.;07.524.011/0001-10
12/06/2016;12/06/2016 22:00:00;THE CONJURING 2;INVOCAÇÃO DO MAL 2;E1600342300000;DUBLADO;NÃO;ESTADOS UNIDOS;5001625;CINESYSTEM SHOPPING TOTAL SALA 02;137;6000027;2375;6658;CURITIBA;PR;REDECINE CWB CINEMATOGRÁFICA LTDA;05.747.411/0001-69
12/06/2016;12/06/2016 22:00:00;THE CONJURING 2;INVOCAÇÃO DO MAL 2;E1600342300000;ORIGINAL;SIM;ESTADOS UNIDOS;5005450;CINÉPOLIS SHOPPING CERRADO SALA 03;0;6000024;17266;32323;GOIÂNIA;GO;CINEPOLIS OPERADORA DE CINEMAS DO BRASIL LTDA;09.652.820/0001-32
12/06/2016;12/06/2016 22:00:00;THE CONJURING 2;INVOCAÇÃO DO MAL 2;E1600342300000;ORIGINAL;SIM;ESTADOS UNIDOS;5005452;CINÉPOLIS SHOPPING CERRADO SALA MACRO XE 05;0;6000024;17266;32323;GOIÂNIA;GO;CINEPOLIS OPERADORA DE CINEMAS DO BRASIL LTDA;09.652.820/0001-32
12/06/2016;12/06/2016 22:00:00;THE CONJURING 2;INVOCAÇÃO DO MAL 2;E1600342300000;DUBLADO;NÃO;ESTADOS UNIDOS;5003289;SALA 01 MACRO DIGITAL;224;6000024;17266;19864;CAXIAS DO SUL;RS;CINEPOLIS OPERADORA DE CINEMAS DO BRASIL LTDA;09.652.820/0001-32
12/06/2016;12/06/2016 22:01:00;NOW YOU SEE ME: THE SECOND ACT;TRUQUE DE MESTRE 2;E1500269900000;ORIGINAL;SIM;ESTADOS UNIDOS;5005450;CINÉPOLIS SHOPPING CERRADO SALA 03;14;6000024;17266;32323;GOIÂNIA;GO;CINEPOLIS OPERADORA DE CINEMAS DO BRASIL LTDA;09.652.820/0001-32
12/06/2016;12/06/2016 22:20:00;NOW YOU SEE ME: THE SECOND ACT;TRUQUE DE MESTRE 2;E1500269900000;ORIGINAL;SIM;ESTADOS UNIDOS;5005452;CINÉPOLIS SHOPPING CERRADO SALA MACRO XE 05;0;6000024;17266;32323;GOIÂNIA;GO;CINEPOLIS OPERADORA DE CINEMAS DO BRASIL LTDA;09.652.820/0001-32
12/06/2016;12/06/2016 22:21:00;THE CONJURING 2;INVOCAÇÃO DO MAL 2;E1600342300000;ORIGINAL;SIM;ESTADOS UNIDOS;5005452;CINÉPOLIS SHOPPING CERRADO SALA MACRO XE 05;18;6000024;17266;32323;GOIÂNIA;GO;CINEPOLIS OPERADORA DE CINEMAS DO BRASIL LTDA;09.652.820/0001-32
12/06/2016;12/06/2016 22:30:00;NOW YOU SEE ME: THE SECOND ACT;TRUQUE DE MESTRE 2;E1500269900000;ORIGINAL;SIM;ESTADOS UNIDOS;5004349;SALA PATIO BATEL 01 4DX;25;6000024;17266;25191;CURITIBA;PR;CINEPOLIS OPERADORA DE CINEMAS DO BRASIL LTDA;09.652.820/0001-32
12/06/2016;12/06/2016 22:30:00;WARCRAFT;WARCFRAT – O PRIMEIRO ENCONTRO ENTRE DOIS MUNDOS;E1500739800000;ORIGINAL;SIM;ESTADOS UNIDOS;5005454;CINÉPOLIS SHOPPING CERRADO SALA 07;6;6000024;17266;32323;GOIÂNIA;GO;CINEPOLIS OPERADORA DE CINEMAS DO BRASIL LTDA;09.652.820/0001-32
12/06/2016;12/06/2016 22:45:00;ME BEFORE YOU;COMO EU ERA ANTES DE VOCÊ;E1500875700000;ORIGINAL;SIM;ESTADOS UNIDOS;5004355;SALA PATIO BATEL 07 VIP;42;6000024;17266;25191;CURITIBA;PR;CINEPOLIS OPERADORA DE CINEMAS DO BRASIL LTDA;09.652.820/0001-32
13/06/2016;13/06/2016 13:00:00;NOW YOU SEE ME: THE SECOND ACT;TRUQUE DE MESTRE 2;E1500269900000;DUBLADO;NÃO;ESTADOS UNIDOS;5003425;CINEMARK SHOPPING RAPOSO TAVARES 07;10;6000018;1843;20591;SÃO PAULO;SP;CINEMARK BRASIL S.A;00.779.721/0001-41
13/06/2016;13/06/2016 13:00:00;WARCRAFT;WARCFRAT – O PRIMEIRO ENCONTRO ENTRE DOIS MUNDOS;E1500739800000;DUBLADO;NÃO;ESTADOS UNIDOS;5002603;CINEMAS BENFICA - SALA 1;21;;15690;15691;FORTALEZA;CE;CINEMAS BENFICA LTDA;07.509.597/0001-43
13/06/2016;13/06/2016 13:10:00;UMA LOUCURA DE MULHER;;B1600305700000;ORIGINAL;NÃO;BRASIL;5003422;CINEMARK SHOPPING RAPOSO TAVARES 04;6;6000018;1843;20591;SÃO PAULO;SP;CINEMARK BRASIL S.A;00.779.721/0001-41
13/06/2016;13/06/2016 13:15:00;ANGRY BIRDS;ANGRY BIRDS - O FILME;E1500732000000;DUBLADO;NÃO;ESTADOS UNIDOS;5004485;ARAPIRACA BRA 03;2;6000027;22546;26037;ARAPIRACA;AL;REDECINE BRA CINEMATOGRÁFICA S.A.;15.422.993/0001-67
13/06/2016;13/06/2016 13:15:00;ANGRY BIRDS;ANGRY BIRDS - O FILME;E1500732000000;DUBLADO;NÃO;ESTADOS UNIDOS;5002601;CINEMAS BENFICA - SALA 3;15;;15690;15691;FORTALEZA;CE;CINEMAS BENFICA LTDA;07.509.597/0001-43
13/06/2016;13/06/2016 13:20:00;ALICE THROUGH THE LOOKING GLASS;ALICE ATRAVÉS DO ESPELHO;E1600259100000;DUBLADO;NÃO;ESTADOS UNIDOS;5004488;ARAPIRACA BRA 06;7;6000027;22546;26037;ARAPIRACA;AL;REDECINE BRA CINEMATOGRÁFICA S.A.;15.422.993/0001-67
13/06/2016;13/06/2016 13:20:00;WARCRAFT;WARCFRAT – O PRIMEIRO ENCONTRO ENTRE DOIS MUNDOS;E1500739800000;ORIGINAL;SIM;ESTADOS UNIDOS;5005000;CINESYSTEM AMERICAS 04;9;6000027;5348;28834;RIO DE JANEIRO;RJ;REDECINE - RIO CINEMATOGRAFICA S.A.;07.524.011/0001-10
13/06/2016;13/06/2016 13:25:00;NOW YOU SEE ME 2;TRUQUE DE MESTRE: O 2º ATO;E1700176500000;DUBLADO;NÃO;CANADÁ;5005001;CINESYSTEM AMERICAS 05;13;6000027;5348;28834;RIO DE JANEIRO;RJ;REDECINE - RIO CINEMATOGRAFICA S.A.;07.524.011/0001-10
13/06/2016;13/06/2016 13:25:00;THE CONJURING 2;INVOCAÇÃO DO MAL 2;E1600342300000;DUBLADO;NÃO;ESTADOS UNIDOS;5003423;CINEMARK SHOPPING RAPOSO TAVARES 05;43;6000018;1843;20591;SÃO PAULO;SP;CINEMARK BRASIL S.A;00.779.721/0001-41
13/06/2016;13/06/2016 13:25:00;THE CONJURING 2;INVOCAÇÃO DO MAL 2;E1600342300000;DUBLADO;NÃO;ESTADOS UNIDOS;5005578;CINESYSTEM PAULISTA SALA 08 CINÉPIC;55;6000027;22546;33152;PAULISTA;PE;REDECINE BRA CINEMATOGRÁFICA S.A.;15.422.993/0001-67
13/06/2016;13/06/2016 13:25:00;WARCRAFT;WARCFRAT – O PRIMEIRO ENCONTRO ENTRE DOIS MUNDOS;E1500739800000;DUBLADO;NÃO;ESTADOS UNIDOS;5004487;ARAPIRACA BRA 05;11;6000027;22546;26037;ARAPIRACA;AL;REDECINE BRA CINEMATOGRÁFICA S.A.;15.422.993/0001-67
13/06/2016;13/06/2016 13:30:00;MONEY MONSTER;JOGO DO DINHEIRO;E1500735200000;ORIGINAL;SIM;ESTADOS UNIDOS;5004997;CINESYSTEM AMERICAS 01;5;6000027;5348;28834;RIO DE JANEIRO;RJ;REDECINE - RIO CINEMATOGRAFICA S.A.;07.524.011/0001-10
13/06/2016;13/06/2016 13:30:00;THE CONJURING 2;INVOCAÇÃO DO MAL 2;E1600342300000;DUBLADO;NÃO;ESTADOS UNIDOS;5004483;ARAPIRACA BRA 01;5;6000027;22546;26037;ARAPIRACA;AL;REDECINE BRA CINEMATOGRÁFICA S.A.;15.422.993/0001-67
13/06/2016;13/06/2016 13:35:00;ALICE THROUGH THE LOOKING GLASS;ALICE ATRAVÉS DO ESPELHO;E1600259100000;DUBLADO;NÃO;ESTADOS UNIDOS;5004998;CINESYSTEM AMERICAS 02;2;6000027;5348;28834;RIO DE JANEIRO;RJ;REDECINE - RIO CINEMATOGRAFICA S.A.;07.524.011/0001-10
13/06/2016;13/06/2016 13:40:00;NOW YOU SEE ME: THE SECOND ACT;TRUQUE DE MESTRE 2;E1500269900000;DUBLADO;NÃO;ESTADOS UNIDOS;5004484;ARAPIRACA BRA 02;27;6000027;22546;26037;ARAPIRACA;AL;REDECINE BRA CINEMATOGRÁFICA S.A.;15.422.993/0001-67
13/06/2016;13/06/2016 13:40:00;NOW YOU SEE ME: THE SECOND ACT;TRUQUE DE MESTRE 2;E1500269900000;DUBLADO;NÃO;ESTADOS UNIDOS;5001628;CINESYSTEM SHOPPING TOTAL SALA 05;1;6000027;2375;6658;CURITIBA;PR;REDECINE CWB CINEMATOGRÁFICA LTDA;05.747.411/0001-69
13/06/2016;13/06/2016 13:40:00;THE CONJURING 2;INVOCAÇÃO DO MAL 2;E1600342300000;ORIGINAL;SIM;ESTADOS UNIDOS;5005002;CINESYSTEM AMERICAS 06;2;6000027;5348;28834;RIO DE JANEIRO;RJ;REDECINE - RIO CINEMATOGRAFICA S.A.;07.524.011/0001-10
13/06/2016;13/06/2016 13:50:00;ALICE THROUGH THE LOOKING GLASS;ALICE ATRAVÉS DO ESPELHO;E1600259100000;DUBLADO;NÃO;ESTADOS UNIDOS;5005576;CINESYSTEM PAULISTA SALA 06;26;6000027;22546;33152;PAULISTA;PE;REDECINE BRA CINEMATOGRÁFICA S.A.;15.422.993/0001-67
13/06/2016;13/06/2016 13:50:00;ALICE THROUGH THE LOOKING GLASS;ALICE ATRAVÉS DO ESPELHO;E1600259100000;DUBLADO;NÃO;ESTADOS UNIDOS;5001626;CINESYSTEM SHOPPING TOTAL SALA 03;13;6000027;2375;6658;CURITIBA;PR;REDECINE CWB CINEMATOGRÁFICA LTDA;05.747.411/0001-69
13/06/2016;13/06/2016 13:55:00;TEENAGE MUTANT NINJA TURTLES: OUT OF THE SHADOWS;AS TARTARUGAS NINJA: FORA DAS SOMBRAS;E1600265600000;DUBLADO;NÃO;ESTADOS UNIDOS;5001627;CINESYSTEM SHOPPING TOTAL SALA 04;11;6000027;2375;6658;CURITIBA;PR;REDECINE CWB CINEMATOGRÁFICA LTDA;05.747.411/0001-69
13/06/2016;13/06/2016 14:00:00;ALICE IN WONDERLAND;ALICE NO PAÍS DAS MARAVILHAS;E1500291700000;DUBLADO;NÃO;ESTADOS UNIDOS;5003421;CINEMARK SHOPPING RAPOSO TAVARES 03;43;6000018;1843;20591;SÃO PAULO;SP;CINEMARK BRASIL S.A;00.779.721/0001-41
13/06/2016;13/06/2016 14:00:00;ANGRY BIRDS;ANGRY BIRDS - O FILME;E1500732000000;DUBLADO;NÃO;ESTADOS UNIDOS;5002062;AGUA VERDE 1;17;6000023;12893;12894;CURITIBA;PR;ESTILO PRODUÇÕES ARTISTICAS LTDA;03.293.165/0001-97
13/06/2016;13/06/2016 14:00:00;THE CONJURING 2;INVOCAÇÃO DO MAL 2;E1600342300000;DUBLADO;NÃO;ESTADOS UNIDOS;5004486;ARAPIRACA BRA 04;42;6000027;22546;26037;ARAPIRACA;AL;REDECINE BRA CINEMATOGRÁFICA S.A.;15.422.993/0001-67
13/06/2016;13/06/2016 14:00:00;THE CONJURING 2;INVOCAÇÃO DO MAL 2;E1600342300000;DUBLADO;NÃO;ESTADOS UNIDOS;5001625;CINESYSTEM SHOPPING TOTAL SALA 02;14;6000027;2375;6658;CURITIBA;PR;REDECINE CWB CINEMATOGRÁFICA LTDA;05.747.411/0001-69
13/06/2016;13/06/2016 14:10:00;WARCRAFT;WARCFRAT – O PRIMEIRO ENCONTRO ENTRE DOIS MUNDOS;E1500739800000;DUBLADO;NÃO;ESTADOS UNIDOS;5003420;CINEMARK SHOPPING RAPOSO TAVARES 02;12;6000018;1843;20591;SÃO PAULO;SP;CINEMARK BRASIL S.A;00.779.721/0001-41
13/06/2016;13/06/2016 14:20:00;TEENAGE MUTANT NINJA TURTLES: OUT OF THE SHADOWS;AS TARTARUGAS NINJA: FORA DAS SOMBRAS;E1600265600000;DUBLADO;NÃO;ESTADOS UNIDOS;5002063;AGUA VERDE 2;6;6000023;12893;12894;CURITIBA;PR;ESTILO PRODUÇÕES ARTISTICAS LTDA;03.293.165/0001-97
13/06/2016;13/06/2016 14:20:00;THE CONJURING 2;INVOCAÇÃO DO MAL 2;E1600342300000;DUBLADO;NÃO;ESTADOS UNIDOS;5005003;CINESYSTEM AMERICAS 07;20;6000027;5348;28834;RIO DE JANEIRO;RJ;REDECINE - RIO CINEMATOGRAFICA S.A.;07.524.011/0001-10
13/06/2016;13/06/2016 14:20:00;WARCRAFT;WARCFRAT – O PRIMEIRO ENCONTRO ENTRE DOIS MUNDOS;E1500739800000;DUBLADO;NÃO;ESTADOS UNIDOS;5001624;CINESYSTEM SHOPPING TOTAL SALA 01;5;6000027;2375;6658;CURITIBA;PR;REDECINE CWB CINEMATOGRÁFICA LTDA;05.747.411/0001-69
13/06/2016;13/06/2016 14:30:00;NOW YOU SEE ME: THE SECOND ACT;TRUQUE DE MESTRE 2;E1500269900000;DUBLADO;NÃO;ESTADOS UNIDOS;5003424;CINEMARK SHOPPING RAPOSO TAVARES 06;48;6000018;1843;20591;SÃO PAULO;SP;CINEMARK BRASIL S.A;00.779.721/0001-41
13/06/2016;13/06/2016 15:10:00;ALICE THROUGH THE LOOKING GLASS;ALICE ATRAVÉS DO ESPELHO;E1600259100000;DUBLADO;NÃO;ESTADOS UNIDOS;5002601;CINEMAS BENFICA - SALA 3;124;;15690;15691;FORTALEZA;CE;CINEMAS BENFICA LTDA;07.509.597/0001-43
13/06/2016;13/06/2016 15:20:00;WARCRAFT;WARCFRAT – O PRIMEIRO ENCONTRO ENTRE DOIS MUNDOS;E1500739800000;DUBLADO;NÃO;ESTADOS UNIDOS;5002603;CINEMAS BENFICA - SALA 1;55;;15690;15691;FORTALEZA;CE;CINEMAS BENFICA LTDA;07.509.597/0001-43
13/06/2016;13/06/2016 15:20:00;X-MEN: APOCALYPSE;X-MEN - APOCALIPSE;E1600181600000;DUBLADO;NÃO;ESTADOS UNIDOS;5004485;ARAPIRACA BRA 03;12;6000027;22546;26037;ARAPIRACA;AL;REDECINE BRA CINEMATOGRÁFICA S.A.;15.422.993/0001-67
13/06/2016;13/06/2016 15:30:00;THE CONJURING 2;INVOCAÇÃO DO MAL 2;E1600342300000;DUBLADO;NÃO;ESTADOS UNIDOS;5003422;CINEMARK SHOPPING RAPOSO TAVARES 04;102;6000018;1843;20591;SÃO PAULO;SP;CINEMARK BRASIL S.A;00.779.721/0001-41
13/06/2016;13/06/2016 15:40:00;ALICE THROUGH THE LOOKING GLASS;ALICE ATRAVÉS DO ESPELHO;E1600259100000;DUBLADO;NÃO;ESTADOS UNIDOS;5004488;ARAPIRACA BRA 06;2;6000027;22546;26037;ARAPIRACA;AL;REDECINE BRA CINEMATOGRÁFICA S.A.;15.422.993/0001-67
13/06/2016;13/06/2016 15:40:00;NOW YOU SEE ME 2;TRUQUE DE MESTRE: O 2º ATO;E1700176500000;ORIGINAL;SIM;CANADÁ;5004997;CINESYSTEM AMERICAS 01;27;6000027;5348;28834;RIO DE JANEIRO;RJ;REDECINE - RIO CINEMATOGRAFICA S.A.;07.524.011/0001-10
13/06/2016;13/06/2016 15:50:00;WARCRAFT;WARCFRAT – O PRIMEIRO ENCONTRO ENTRE DOIS MUNDOS;E1500739800000;ORIGINAL;SIM;ESTADOS UNIDOS;5005000;CINESYSTEM AMERICAS 04;4;6000027;5348;28834;RIO DE JANEIRO;RJ;REDECINE - RIO CINEMATOGRAFICA S.A.;07.524.011/0001-10
13/06/2016;13/06/2016 16:00:00;ALICE THROUGH THE LOOKING GLASS;ALICE ATRAVÉS DO ESPELHO;E1600259100000;DUBLADO;NÃO;ESTADOS UNIDOS;5004998;CINESYSTEM AMERICAS 02;13;6000027;5348;28834;RIO DE JANEIRO;RJ;REDECINE - RIO CINEMATOGRAFICA S.A.;07.524.011/0001-10
13/06/2016;13/06/2016 16:00:00;NOW YOU SEE ME: THE SECOND ACT;TRUQUE DE MESTRE 2;E1500269900000;DUBLADO;NÃO;ESTADOS UNIDOS;5003425;CINEMARK SHOPPING RAPOSO TAVARES 07;41;6000018;1843;20591;SÃO PAULO;SP;CINEMARK BRASIL S.A;00.779.721/0001-41
13/06/2016;13/06/2016 16:00:00;THE CONJURING 2;INVOCAÇÃO DO MAL 2;E1600342300000;DUBLADO;NÃO;ESTADOS UNIDOS;5002062;AGUA VERDE 1;10;6000023;12893;12894;CURITIBA;PR;ESTILO PRODUÇÕES ARTISTICAS LTDA;03.293.165/0001-97
13/06/2016;13/06/2016 16:00:00;WARCRAFT;WARCFRAT – O PRIMEIRO ENCONTRO ENTRE DOIS MUNDOS;E1500739800000;DUBLADO;NÃO;ESTADOS UNIDOS;5004487;ARAPIRACA BRA 05;19;6000027;22546;26037;ARAPIRACA;AL;REDECINE BRA CINEMATOGRÁFICA S.A.;15.422.993/0001-67
13/06/2016;13/06/2016 16:10:00;NOW YOU SEE ME 2;TRUQUE DE MESTRE: O 2º ATO;E1700176500000;DUBLADO;NÃO;CANADÁ;5005001;CINESYSTEM AMERICAS 05;16;6000027;5348;28834;RIO DE JANEIRO;RJ;REDECINE - RIO CINEMATOGRAFICA S.A.;07.524.011/0001-10
13/06/2016;13/06/2016 16:10:00;THE CONJURING 2;INVOCAÇÃO DO MAL 2;E1600342300000;DUBLADO;NÃO;ESTADOS UNIDOS;5004483;ARAPIRACA BRA 01;21;6000027;22546;26037;ARAPIRACA;AL;REDECINE BRA CINEMATOGRÁFICA S.A.;15.422.993/0001-67
13/06/2016;13/06/2016 16:10:00;THE CONJURING 2;INVOCAÇÃO DO MAL 2;E1600342300000;DUBLADO;NÃO;ESTADOS UNIDOS;5005578;CINESYSTEM PAULISTA SALA 08 CINÉPIC;79;6000027;22546;33152;PAULISTA;PE;REDECINE BRA CINEMATOGRÁFICA S.A.;15.422.993/0001-67
13/06/2016;13/06/2016 16:15:00;THE CONJURING 2;INVOCAÇÃO DO MAL 2;E1600342300000;DUBLADO;NÃO;ESTADOS UNIDOS;5001627;CINESYSTEM SHOPPING TOTAL SALA 04;31;6000027;2375;6658;CURITIBA;PR;REDECINE CWB CINEMATOGRÁFICA LTDA;05.747.411/0001-69
13/06/2016;13/06/2016 16:20:00;ALICE THROUGH THE LOOKING GLASS;ALICE ATRAVÉS DO ESPELHO;E1600259100000;DUBLADO;NÃO;ESTADOS UNIDOS;5005576;CINESYSTEM PAULISTA SALA 06;40;6000027;22546;33152;PAULISTA;PE;REDECINE BRA CINEMATOGRÁFICA S.A.;15.422.993/0001-67
13/06/2016;13/06/2016 16:20:00;NOW YOU SEE ME: THE SECOND ACT;TRUQUE DE MESTRE 2;E1500269900000;DUBLADO;NÃO;ESTADOS UNIDOS;5004484;ARAPIRACA BRA 02;14;6000027;22546;26037;ARAPIRACA;AL;REDECINE BRA CINEMATOGRÁFICA S.A.;15.422.993/0001-67
13/06/2016;13/06/2016 16:20:00;NOW YOU SEE ME: THE SECOND ACT;TRUQUE DE MESTRE 2;E1500269900000;DUBLADO;NÃO;ESTADOS UNIDOS;5001628;CINESYSTEM SHOPPING TOTAL SALA 05;2;6000027;2375;6658;CURITIBA;PR;REDECINE CWB CINEMATOGRÁFICA LTDA;05.747.411/0001-69
13/06/2016;13/06/2016 16:20:00;THE CONJURING 2;INVOCAÇÃO DO MAL 2;E1600342300000;DUBLADO;NÃO;ESTADOS UNIDOS;5003423;CINEMARK SHOPPING RAPOSO TAVARES 05;79;6000018;1843;20591;SÃO PAULO;SP;CINEMARK BRASIL S.A;00.779.721/0001-41
13/06/2016;13/06/2016 16:30:00;ALICE THROUGH THE LOOKING GLASS;ALICE ATRAVÉS DO ESPELHO;E1600259100000;DUBLADO;NÃO;ESTADOS UNIDOS;5002063;AGUA VERDE 2;19;6000023;12893;12894;CURITIBA;PR;ESTILO PRODUÇÕES ARTISTICAS LTDA;03.293.165/0001-97
13/06/2016;13/06/2016 16:30:00;ALICE THROUGH THE LOOKING GLASS;ALICE ATRAVÉS DO ESPELHO;E1600259100000;DUBLADO;NÃO;ESTADOS UNIDOS;5001626;CINESYSTEM SHOPPING TOTAL SALA 03;33;6000027;2375;6658;CURITIBA;PR;REDECINE CWB CINEMATOGRÁFICA LTDA;05.747.411/0001-69
13/06/2016;13/06/2016 16:30:00;THE CONJURING 2;INVOCAÇÃO DO MAL 2;E1600342300000;ORIGINAL;SIM;ESTADOS UNIDOS;5005002;CINESYSTEM AMERICAS 06;29;6000027;5348;28834;RIO DE JANEIRO;RJ;REDECINE - RIO CINEMATOGRAFICA S.A.;07.524.011/0001-10
13/06/2016;13/06/2016 16:40:00;ALICE IN WONDERLAND;ALICE NO PAÍS DAS MARAVILHAS;E1500291700000;DUBLADO;NÃO;ESTADOS UNIDOS;5003421;CINEMARK SHOPPING RAPOSO TAVARES 03;61;6000018;1843;20591;SÃO PAULO;SP;CINEMARK BRASIL S.A;00.779.721/0001-41
13/06/2016;13/06/2016 16:40:00;TEENAGE MUTANT NINJA TURTLES: OUT OF THE SHADOWS;AS TARTARUGAS NINJA: FORA DAS SOMBRAS;E1600265600000;DUBLADO;NÃO;ESTADOS UNIDOS;5004486;ARAPIRACA BRA 04;21;6000027;22546;26037;ARAPIRACA;AL;REDECINE BRA CINEMATOGRÁFICA S.A.;15.422.993/0001-67
13/06/2016;13/06/2016 16:40:00;THE CONJURING 2;INVOCAÇÃO DO MAL 2;E1600342300000;DUBLADO;NÃO;ESTADOS UNIDOS;5001625;CINESYSTEM SHOPPING TOTAL SALA 02;41;6000027;2375;6658;CURITIBA;PR;REDECINE CWB CINEMATOGRÁFICA LTDA;05.747.411/0001-69
13/06/2016;13/06/2016 16:50:00;WARCRAFT;WARCFRAT – O PRIMEIRO ENCONTRO ENTRE DOIS MUNDOS;E1500739800000;DUBLADO;NÃO;ESTADOS UNIDOS;5001624;CINESYSTEM SHOPPING TOTAL SALA 01;14;6000027;2375;6658;CURITIBA;PR;REDECINE CWB CINEMATOGRÁFICA LTDA;05.747.411/0001-69
13/06/2016;13/06/2016 17:00:00;TEENAGE MUTANT NINJA TURTLES: OUT OF THE SHADOWS;AS TARTARUGAS NINJA: FORA DAS SOMBRAS;E1600265600000;DUBLADO;NÃO;ESTADOS UNIDOS;5005003;CINESYSTEM AMERICAS 07;7;6000027;5348;28834;RIO DE JANEIRO;RJ;REDECINE - RIO CINEMATOGRAFICA S.A.;07.524.011/0001-10
13/06/2016;13/06/2016 17:00:00;WARCRAFT;WARCFRAT – O PRIMEIRO ENCONTRO ENTRE DOIS MUNDOS;E1500739800000;DUBLADO;NÃO;ESTADOS UNIDOS;5003420;CINEMARK SHOPPING RAPOSO TAVARES 02;24;6000018;1843;20591;SÃO PAULO;SP;CINEMARK BRASIL S.A;00.779.721/0001-41
13/06/2016;13/06/2016 17:20:00;ALICE THROUGH THE LOOKING GLASS;ALICE ATRAVÉS DO ESPELHO;E1600259100000;DUBLADO;NÃO;ESTADOS UNIDOS;5002601;CINEMAS BENFICA - SALA 3;105;;15690;15691;FORTALEZA;CE;CINEMAS BENFICA LTDA;07.509.597/0001-43
13/06/2016;13/06/2016 17:30:00;NOW YOU SEE ME: THE SECOND ACT;TRUQUE DE MESTRE 2;E1500269900000;DUBLADO;NÃO;ESTADOS UNIDOS;5003424;CINEMARK SHOPPING RAPOSO TAVARES 06;36;6000018;1843;20591;SÃO PAULO;SP;CINEMARK BRASIL S.A;00.779.721/0001-41
13/06/2016;13/06/2016 17:40:00;WARCRAFT;WARCFRAT – O PRIMEIRO ENCONTRO ENTRE DOIS MUNDOS;E1500739800000;DUBLADO;NÃO;ESTADOS UNIDOS;5002603;CINEMAS BENFICA - SALA 1;101;;15690;15691;FORTALEZA;CE;CINEMAS BENFICA LTDA;07.509.597/0001-43
13/06/2016;13/06/2016 18:05:00;NOW YOU SEE ME: THE SECOND ACT;TRUQUE DE MESTRE 2;E1500269900000;DUBLADO;NÃO;ESTADOS UNIDOS;5004488;ARAPIRACA BRA 06;32;6000027;22546;26037;ARAPIRACA;AL;REDECINE BRA CINEMATOGRÁFICA S.A.;15.422.993/0001-67
13/06/2016;13/06/2016 18:15:00;X-MEN: APOCALYPSE;X-MEN - APOCALIPSE;E1600181600000;DUBLADO;NÃO;ESTADOS UNIDOS;5004485;ARAPIRACA BRA 03;14;6000027;22546;26037;ARAPIRACA;AL;REDECINE BRA CINEMATOGRÁFICA S.A.;15.422.993/0001-67
13/06/2016;13/06/2016 18:20:00;NOW YOU SEE ME 2;TRUQUE DE MESTRE: O 2º ATO;E1700176500000;ORIGINAL;SIM;CANADÁ;5004998;CINESYSTEM AMERICAS 02;35;6000027;5348;28834;RIO DE JANEIRO;RJ;REDECINE - RIO CINEMATOGRAFICA S.A.;07.524.011/0001-10
13/06/2016;13/06/2016 18:30:00;THE CONJURING 2;INVOCAÇÃO DO MAL 2;E1600342300000;DUBLADO;NÃO;ESTADOS UNIDOS;5002062;AGUA VERDE 1;15;6000023;12893;12894;CURITIBA;PR;ESTILO PRODUÇÕES ARTISTICAS LTDA;03.293.165/0001-97
13/06/2016;13/06/2016 18:30:00;THE CONJURING 2;INVOCAÇÃO DO MAL 2;E1600342300000;DUBLADO;NÃO;ESTADOS UNIDOS;5003422;CINEMARK SHOPPING RAPOSO TAVARES 04;86;6000018;1843;20591;SÃO PAULO;SP;CINEMARK BRASIL S.A;00.779.721/0001-41
13/06/2016;13/06/2016 18:30:00;WARCRAFT;WARCFRAT – O PRIMEIRO ENCONTRO ENTRE DOIS MUNDOS;E1500739800000;DUBLADO;NÃO;ESTADOS UNIDOS;5004487;ARAPIRACA BRA 05;27;6000027;22546;26037;ARAPIRACA;AL;REDECINE BRA CINEMATOGRÁFICA S.A.;15.422.993/0001-67
13/06/2016;13/06/2016 18:40:00;TEENAGE MUTANT NINJA TURTLES: OUT OF THE SHADOWS;AS TARTARUGAS NINJA: FORA DAS SOMBRAS;E1600265600000;DUBLADO;NÃO;ESTADOS UNIDOS;5002063;AGUA VERDE 2;13;6000023;12893;12894;CURITIBA;PR;ESTILO PRODUÇÕES ARTISTICAS LTDA;03.293.165/0001-97
13/06/2016;13/06/2016 18:40:00;WARCRAFT;WARCFRAT – O PRIMEIRO ENCONTRO ENTRE DOIS MUNDOS;E1500739800000;ORIGINAL;SIM;ESTADOS UNIDOS;5005000;CINESYSTEM AMERICAS 04;13;6000027;5348;28834;RIO DE JANEIRO;RJ;REDECINE - RIO CINEMATOGRAFICA S.A.;07.524.011/0001-10
13/06/2016;13/06/2016 18:45:00;ALICE THROUGH THE LOOKING GLASS;ALICE ATRAVÉS DO ESPELHO;E1600259100000;DUBLADO;NÃO;ESTADOS UNIDOS;5005576;CINESYSTEM PAULISTA SALA 06;53;6000027;22546;33152;PAULISTA;PE;REDECINE BRA CINEMATOGRÁFICA S.A.;15.422.993/0001-67
13/06/2016;13/06/2016 18:50:00;ALICE THROUGH THE LOOKING GLASS;ALICE ATRAVÉS DO ESPELHO;E1600259100000;ORIGINAL;SIM;ESTADOS UNIDOS;5005001;CINESYSTEM AMERICAS 05;13;6000027;5348;28834;RIO DE JANEIRO;RJ;REDECINE - RIO CINEMATOGRAFICA S.A.;07.524.011/0001-10
13/06/2016;13/06/2016 18:50:00;NOW YOU SEE ME: THE SECOND ACT;TRUQUE DE MESTRE 2;E1500269900000;DUBLADO;NÃO;ESTADOS UNIDOS;5001626;CINESYSTEM SHOPPING TOTAL SALA 03;10;6000027;2375;6658;CURITIBA;PR;REDECINE CWB CINEMATOGRÁFICA LTDA;05.747.411/0001-69
13/06/2016;13/06/2016 18:50:00;THE CONJURING 2;INVOCAÇÃO DO MAL 2;E1600342300000;DUBLADO;NÃO;ESTADOS UNIDOS;5004483;ARAPIRACA BRA 01;27;6000027;22546;26037;ARAPIRACA;AL;REDECINE BRA CINEMATOGRÁFICA S.A.;15.422.993/0001-67
13/06/2016;13/06/2016 18:55:00;WARCRAFT;WARCFRAT – O PRIMEIRO ENCONTRO ENTRE DOIS MUNDOS;E1500739800000;DUBLADO;NÃO;ESTADOS UNIDOS;5001627;CINESYSTEM SHOPPING TOTAL SALA 04;30;6000027;2375;6658;CURITIBA;PR;REDECINE CWB CINEMATOGRÁFICA LTDA;05.747.411/0001-69
13/06/2016;13/06/2016 19:00:00;ALICE THROUGH THE LOOKING GLASS;ALICE ATRAVÉS DO ESPELHO;E1600259100000;DUBLADO;NÃO;ESTADOS UNIDOS;5004484;ARAPIRACA BRA 02;25;6000027;22546;26037;ARAPIRACA;AL;REDECINE BRA CINEMATOGRÁFICA S.A.;15.422.993/0001-67
13/06/2016;13/06/2016 19:00:00;ALICE THROUGH THE LOOKING GLASS;ALICE ATRAVÉS DO ESPELHO;E1600259100000;DUBLADO;NÃO;ESTADOS UNIDOS;5001628;CINESYSTEM SHOPPING TOTAL SALA 05;23;6000027;2375;6658;CURITIBA;PR;REDECINE CWB CINEMATOGRÁFICA LTDA;05.747.411/0001-69
13/06/2016;13/06/2016 19:00:00;NOW YOU SEE ME 2;TRUQUE DE MESTRE: O 2º ATO;E1700176500000;ORIGINAL;SIM;CANADÁ;5004997;CINESYSTEM AMERICAS 01;35;6000027;5348;28834;RIO DE JANEIRO;RJ;REDECINE - RIO CINEMATOGRAFICA S.A.;07.524.011/0001-10
13/06/2016;13/06/2016 19:00:00;NOW YOU SEE ME: THE SECOND ACT;TRUQUE DE MESTRE 2;E1500269900000;DUBLADO;NÃO;ESTADOS UNIDOS;5003425;CINEMARK SHOPPING RAPOSO TAVARES 07;49;6000018;1843;20591;SÃO PAULO;SP;CINEMARK BRASIL S.A;00.779.721/0001-41
13/06/2016;13/06/2016 19:10:00;TEENAGE MUTANT NINJA TURTLES: OUT OF THE SHADOWS;AS TARTARUGAS NINJA: FORA DAS SOMBRAS;E1600265600000;DUBLADO;NÃO;ESTADOS UNIDOS;5003421;CINEMARK SHOPPING RAPOSO TAVARES 03;43;6000018;1843;20591;SÃO PAULO;SP;CINEMARK BRASIL S.A;00.779.721/0001-41
13/06/2016;13/06/2016 19:10:00;THE CONJURING 2;INVOCAÇÃO DO MAL 2;E1600342300000;DUBLADO;NÃO;ESTADOS UNIDOS;5004486;ARAPIRACA BRA 04;50;6000027;22546;26037;ARAPIRACA;AL;REDECINE BRA CINEMATOGRÁFICA S.A.;15.422.993/0001-67
13/06/2016;13/06/2016 19:10:00;THE CONJURING 2;INVOCAÇÃO DO MAL 2;E1600342300000;DUBLADO;NÃO;ESTADOS UNIDOS;5005578;CINESYSTEM PAULISTA SALA 08 CINÉPIC;170;6000027;22546;33152;PAULISTA;PE;REDECINE BRA CINEMATOGRÁFICA S.A.;15.422.993/0001-67
13/06/2016;13/06/2016 19:15:00;THE CONJURING 2;INVOCAÇÃO DO MAL 2;E1600342300000;ORIGINAL;SIM;ESTADOS UNIDOS;5005002;CINESYSTEM AMERICAS 06;47;6000027;5348;28834;RIO DE JANEIRO;RJ;REDECINE - RIO CINEMATOGRAFICA S.A.;07.524.011/0001-10
13/06/2016;13/06/2016 19:20:00;THE CONJURING 2;INVOCAÇÃO DO MAL 2;E1600342300000;DUBLADO;NÃO;ESTADOS UNIDOS;5003423;CINEMARK SHOPPING RAPOSO TAVARES 05;150;6000018;1843;20591;SÃO PAULO;SP;CINEMARK BRASIL S.A;00.779.721/0001-41
13/06/2016;13/06/2016 19:20:00;THE CONJURING 2;INVOCAÇÃO DO MAL 2;E1600342300000;DUBLADO;NÃO;ESTADOS UNIDOS;5001625;CINESYSTEM SHOPPING TOTAL SALA 02;94;6000027;2375;6658;CURITIBA;PR;REDECINE CWB CINEMATOGRÁFICA LTDA;05.747.411/0001-69
13/06/2016;13/06/2016 19:25:00;TEENAGE MUTANT NINJA TURTLES: OUT OF THE SHADOWS;AS TARTARUGAS NINJA: FORA DAS SOMBRAS;E1600265600000;ORIGINAL;SIM;ESTADOS UNIDOS;5005003;CINESYSTEM AMERICAS 07;5;6000027;5348;28834;RIO DE JANEIRO;RJ;REDECINE - RIO CINEMATOGRAFICA S.A.;07.524.011/0001-10
13/06/2016;13/06/2016 19:30:00;ALICE THROUGH THE LOOKING GLASS;ALICE ATRAVÉS DO ESPELHO;E1600259100000;DUBLADO;NÃO;ESTADOS UNIDOS;5002601;CINEMAS BENFICA - SALA 3;155;;15690;15691;FORTALEZA;CE;CINEMAS BENFICA LTDA;07.509.597/0001-43
13/06/2016;13/06/2016 19:30:00;TEENAGE MUTANT NINJA TURTLES: OUT OF THE SHADOWS;AS TARTARUGAS NINJA: FORA DAS SOMBRAS;E1600265600000;DUBLADO;NÃO;ESTADOS UNIDOS;5001624;CINESYSTEM SHOPPING TOTAL SALA 01;55;6000027;2375;6658;CURITIBA;PR;REDECINE CWB CINEMATOGRÁFICA LTDA;05.747.411/0001-69
13/06/2016;13/06/2016 20:00:00;WARCRAFT;WARCFRAT – O PRIMEIRO ENCONTRO ENTRE DOIS MUNDOS;E1500739800000;DUBLADO;NÃO;ESTADOS UNIDOS;5003420;CINEMARK SHOPPING RAPOSO TAVARES 02;36;6000018;1843;20591;SÃO PAULO;SP;CINEMARK BRASIL S.A;00.779.721/0001-41
13/06/2016;13/06/2016 20:05:00;WARCRAFT;WARCFRAT – O PRIMEIRO ENCONTRO ENTRE DOIS MUNDOS;E1500739800000;ORIGINAL;SIM;ESTADOS UNIDOS;5002603;CINEMAS BENFICA - SALA 1;113;;15690;15691;FORTALEZA;CE;CINEMAS BENFICA LTDA;07.509.597/0001-43
13/06/2016;13/06/2016 20:30:00;NOW YOU SEE ME: THE SECOND ACT;TRUQUE DE MESTRE 2;E1500269900000;DUBLADO;NÃO;ESTADOS UNIDOS;5003424;CINEMARK SHOPPING RAPOSO TAVARES 06;99;6000018;1843;20591;SÃO PAULO;SP;CINEMARK BRASIL S.A;00.779.721/0001-41
13/06/2016;13/06/2016 20:50:00;ALICE THROUGH THE LOOKING GLASS;ALICE ATRAVÉS DO ESPELHO;E1600259100000;DUBLADO;NÃO;ESTADOS UNIDOS;5002063;AGUA VERDE 2;20;6000023;12893;12894;CURITIBA;PR;ESTILO PRODUÇÕES ARTISTICAS LTDA;03.293.165/0001-97
13/06/2016;13/06/2016 20:50:00;NOW YOU SEE ME: THE SECOND ACT;TRUQUE DE MESTRE 2;E1500269900000;DUBLADO;NÃO;ESTADOS UNIDOS;5004488;ARAPIRACA BRA 06;59;6000027;22546;26037;ARAPIRACA;AL;REDECINE BRA CINEMATOGRÁFICA S.A.;15.422.993/0001-67
13/06/2016;13/06/2016 21:00:00;NOW YOU SEE ME 2;TRUQUE DE MESTRE: O 2º ATO;E1700176500000;ORIGINAL;SIM;CANADÁ;5004998;CINESYSTEM AMERICAS 02;36;6000027;5348;28834;RIO DE JANEIRO;RJ;REDECINE - RIO CINEMATOGRAFICA S.A.;07.524.011/0001-10
13/06/2016;13/06/2016 21:00:00;THE CONJURING 2;INVOCAÇÃO DO MAL 2;E1600342300000;DUBLADO;NÃO;ESTADOS UNIDOS;5002062;AGUA VERDE 1;25;6000023;12893;12894;CURITIBA;PR;ESTILO PRODUÇÕES ARTISTICAS LTDA;03.293.165/0001-97
13/06/2016;13/06/2016 21:00:00;WARCRAFT;WARCFRAT – O PRIMEIRO ENCONTRO ENTRE DOIS MUNDOS;E1500739800000;DUBLADO;NÃO;ESTADOS UNIDOS;5004487;ARAPIRACA BRA 05;35;6000027;22546;26037;ARAPIRACA;AL;REDECINE BRA CINEMATOGRÁFICA S.A.;15.422.993/0001-67
13/06/2016;13/06/2016 21:10:00;ALICE THROUGH THE LOOKING GLASS;ALICE ATRAVÉS DO ESPELHO;E1600259100000;DUBLADO;NÃO;ESTADOS UNIDOS;5005001;CINESYSTEM AMERICAS 05;13;6000027;5348;28834;RIO DE JANEIRO;RJ;REDECINE - RIO CINEMATOGRAFICA S.A.;07.524.011/0001-10
13/06/2016;13/06/2016 21:10:00;ALICE THROUGH THE LOOKING GLASS;ALICE ATRAVÉS DO ESPELHO;E1600259100000;DUBLADO;NÃO;ESTADOS UNIDOS;5005576;CINESYSTEM PAULISTA SALA 06;29;6000027;22546;33152;PAULISTA;PE;REDECINE BRA CINEMATOGRÁFICA S.A.;15.422.993/0001-67
13/06/2016;13/06/2016 21:10:00;X-MEN: APOCALYPSE;X-MEN - APOCALIPSE;E1600181600000;DUBLADO;NÃO;ESTADOS UNIDOS;5004485;ARAPIRACA BRA 03;39;6000027;22546;26037;ARAPIRACA;AL;REDECINE BRA CINEMATOGRÁFICA S.A.;15.422.993/0001-67
13/06/2016;13/06/2016 21:20:00;ALICE THROUGH THE LOOKING GLASS;ALICE ATRAVÉS DO ESPELHO;E1600259100000;DUBLADO;NÃO;ESTADOS UNIDOS;5004484;ARAPIRACA BRA 02;16;6000027;22546;26037;ARAPIRACA;AL;REDECINE BRA CINEMATOGRÁFICA S.A.;15.422.993/0001-67
13/06/2016;13/06/2016 21:20:00;ALICE THROUGH THE LOOKING GLASS;ALICE ATRAVÉS DO ESPELHO;E1600259100000;DUBLADO;NÃO;ESTADOS UNIDOS;5001628;CINESYSTEM SHOPPING TOTAL SALA 05;36;6000027;2375;6658;CURITIBA;PR;REDECINE CWB CINEMATOGRÁFICA LTDA;05.747.411/0001-69
13/06/2016;13/06/2016 21:20:00;WARCRAFT;WARCFRAT – O PRIMEIRO ENCONTRO ENTRE DOIS MUNDOS;E1500739800000;ORIGINAL;SIM;ESTADOS UNIDOS;5005000;CINESYSTEM AMERICAS 04;7;6000027;5348;28834;RIO DE JANEIRO;RJ;REDECINE - RIO CINEMATOGRAFICA S.A.;07.524.011/0001-10
13/06/2016;13/06/2016 21:25:00;THE CONJURING 2;INVOCAÇÃO DO MAL 2;E1600342300000;DUBLADO;NÃO;ESTADOS UNIDOS;5003422;CINEMARK SHOPPING RAPOSO TAVARES 04;179;6000018;1843;20591;SÃO PAULO;SP;CINEMARK BRASIL S.A;00.779.721/0001-41
13/06/2016;13/06/2016 21:25:00;WARCRAFT;WARCFRAT – O PRIMEIRO ENCONTRO ENTRE DOIS MUNDOS;E1500739800000;DUBLADO;NÃO;ESTADOS UNIDOS;5001627;CINESYSTEM SHOPPING TOTAL SALA 04;25;6000027;2375;6658;CURITIBA;PR;REDECINE CWB CINEMATOGRÁFICA LTDA;05.747.411/0001-69
13/06/2016;13/06/2016 21:30:00;NOW YOU SEE ME: THE SECOND ACT;TRUQUE DE MESTRE 2;E1500269900000;DUBLADO;NÃO;ESTADOS UNIDOS;5001626;CINESYSTEM SHOPPING TOTAL SALA 03;13;6000027;2375;6658;CURITIBA;PR;REDECINE CWB CINEMATOGRÁFICA LTDA;05.747.411/0001-69
13/06/2016;13/06/2016 21:30:00;THE CONJURING 2;INVOCAÇÃO DO MAL 2;E1600342300000;DUBLADO;NÃO;ESTADOS UNIDOS;5004483;ARAPIRACA BRA 01;57;6000027;22546;26037;ARAPIRACA;AL;REDECINE BRA CINEMATOGRÁFICA S.A.;15.422.993/0001-67
13/06/2016;13/06/2016 21:40:00;MONEY MONSTER;JOGO DO DINHEIRO;E1500735200000;ORIGINAL;SIM;ESTADOS UNIDOS;5004997;CINESYSTEM AMERICAS 01;6;6000027;5348;28834;RIO DE JANEIRO;RJ;REDECINE - RIO CINEMATOGRAFICA S.A.;07.524.011/0001-10
13/06/2016;13/06/2016 21:50:00;TEENAGE MUTANT NINJA TURTLES: OUT OF THE SHADOWS;AS TARTARUGAS NINJA: FORA DAS SOMBRAS;E1600265600000;DUBLADO;NÃO;ESTADOS UNIDOS;5004486;ARAPIRACA BRA 04;50;6000027;22546;26037;ARAPIRACA;AL;REDECINE BRA CINEMATOGRÁFICA S.A.;15.422.993/0001-67
13/06/2016;13/06/2016 21:50:00;TEENAGE MUTANT NINJA TURTLES: OUT OF THE SHADOWS;AS TARTARUGAS NINJA: FORA DAS SOMBRAS;E1600265600000;DUBLADO;NÃO;ESTADOS UNIDOS;5003421;CINEMARK SHOPPING RAPOSO TAVARES 03;19;6000018;1843;20591;SÃO PAULO;SP;CINEMARK BRASIL S.A;00.779.721/0001-41
13/06/2016;13/06/2016 21:50:00;THE CONJURING 2;INVOCAÇÃO DO MAL 2;E1600342300000;ORIGINAL;SIM;ESTADOS UNIDOS;5005003;CINESYSTEM AMERICAS 07;28;6000027;5348;28834;RIO DE JANEIRO;RJ;REDECINE - RIO CINEMATOGRAFICA S.A.;07.524.011/0001-10
13/06/2016;13/06/2016 21:50:00;THE CONJURING 2;INVOCAÇÃO DO MAL 2;E1600342300000;DUBLADO;NÃO;ESTADOS UNIDOS;5005578;CINESYSTEM PAULISTA SALA 08 CINÉPIC;58;6000027;22546;33152;PAULISTA;PE;REDECINE BRA CINEMATOGRÁFICA S.A.;15.422.993/0001-67
13/06/2016;13/06/2016 21:50:00;X-MEN: APOCALYPSE;X-MEN - APOCALIPSE;E1600181600000;DUBLADO;NÃO;ESTADOS UNIDOS;5001624;CINESYSTEM SHOPPING TOTAL SALA 01;29;6000027;2375;6658;CURITIBA;PR;REDECINE CWB CINEMATOGRÁFICA LTDA;05.747.411/0001-69
13/06/2016;13/06/2016 22:00:00;NOW YOU SEE ME: THE SECOND ACT;TRUQUE DE MESTRE 2;E1500269900000;DUBLADO;NÃO;ESTADOS UNIDOS;5003425;CINEMARK SHOPPING RAPOSO TAVARES 07;38;6000018;1843;20591;SÃO PAULO;SP;CINEMARK BRASIL S.A;00.779.721/0001-41
13/06/2016;13/06/2016 22:00:00;THE CONJURING 2;INVOCAÇÃO DO MAL 2;E1600342300000;ORIGINAL;SIM;ESTADOS UNIDOS;5005002;CINESYSTEM AMERICAS 06;30;6000027;5348;28834;RIO DE JANEIRO;RJ;REDECINE - RIO CINEMATOGRAFICA S.A.;07.524.011/0001-10
13/06/2016;13/06/2016 22:00:00;THE CONJURING 2;INVOCAÇÃO DO MAL 2;E1600342300000;DUBLADO;NÃO;ESTADOS UNIDOS;5001625;CINESYSTEM SHOPPING TOTAL SALA 02;89;6000027;2375;6658;CURITIBA;PR;REDECINE CWB CINEMATOGRÁFICA LTDA;05.747.411/0001-69
13/06/2016;13/06/2016 22:20:00;THE CONJURING 2;INVOCAÇÃO DO MAL 2;E1600342300000;DUBLADO;NÃO;ESTADOS UNIDOS;5003423;CINEMARK SHOPPING RAPOSO TAVARES 05;71;6000018;1843;20591;SÃO PAULO;SP;CINEMARK BRASIL S.A;00.779.721/0001-41
14/06/2016;14/06/2016 13:00:00;NOW YOU SEE ME: THE SECOND ACT;TRUQUE DE MESTRE 2;E1500269900000;DUBLADO;NÃO;ESTADOS UNIDOS;5003425;CINEMARK SHOPPING RAPOSO TAVARES 07;3;6000018;1843;20591;SÃO PAULO;SP;CINEMARK BRASIL S.A;00.779.721/0001-41
14/06/2016;14/06/2016 13:00:00;WARCRAFT;WARCFRAT – O PRIMEIRO ENCONTRO ENTRE DOIS MUNDOS;E1500739800000;DUBLADO;NÃO;ESTADOS UNIDOS;5002603;CINEMAS BENFICA - SALA 1;18;;15690;15691;FORTALEZA;CE;CINEMAS BENFICA LTDA;07.509.597/0001-43
14/06/2016;14/06/2016 13:10:00;CAPTAIN AMERICA: CIVIL WAR;CAPITÃO AMÉRICA: GUERRA CIVIL;E1600129800000;DUBLADO;NÃO;ESTADOS UNIDOS;5004440;SALA MACEIO 09;6;6000027;22546;25512;MACEIÓ;AL;REDECINE BRA CINEMATOGRÁFICA S.A.;15.422.993/0001-67
14/06/2016;14/06/2016 13:10:00;UMA LOUCURA DE MULHER;;B1600305700000;ORIGINAL;NÃO;BRASIL;5003422;CINEMARK SHOPPING RAPOSO TAVARES 04;0;6000018;1843;20591;SÃO PAULO;SP;CINEMARK BRASIL S.A;00.779.721/0001-41
14/06/2016;14/06/2016 13:15:00;ANGRY BIRDS;ANGRY BIRDS - O FILME;E1500732000000;DUBLADO;NÃO;ESTADOS UNIDOS;5004485;ARAPIRACA BRA 03;19;6000027;22546;26037;ARAPIRACA;AL;REDECINE BRA CINEMATOGRÁFICA S.A.;15.422.993/0001-67
14/06/2016;14/06/2016 13:15:00;ANGRY BIRDS;ANGRY BIRDS - O FILME;E1500732000000;DUBLADO;NÃO;ESTADOS UNIDOS;5002601;CINEMAS BENFICA - SALA 3;9;;15690;15691;FORTALEZA;CE;CINEMAS BENFICA LTDA;07.509.597/0001-43
14/06/2016;14/06/2016 13:20:00;ALICE THROUGH THE LOOKING GLASS;ALICE ATRAVÉS DO ESPELHO;E1600259100000;DUBLADO;NÃO;ESTADOS UNIDOS;5004488;ARAPIRACA BRA 06;5;6000027;22546;26037;ARAPIRACA;AL;REDECINE BRA CINEMATOGRÁFICA S.A.;15.422.993/0001-67
14/06/2016;14/06/2016 13:20:00;ANGRY BIRDS;ANGRY BIRDS - O FILME;E1500732000000;DUBLADO;NÃO;ESTADOS UNIDOS;5004443;SALA MACEIO 06;12;6000027;22546;25512;MACEIÓ;AL;REDECINE BRA CINEMATOGRÁFICA S.A.;15.422.993/0001-67
14/06/2016;14/06/2016 13:20:00;WARCRAFT;WARCFRAT – O PRIMEIRO ENCONTRO ENTRE DOIS MUNDOS;E1500739800000;ORIGINAL;SIM;ESTADOS UNIDOS;5005000;CINESYSTEM AMERICAS 04;5;6000027;5348;28834;RIO DE JANEIRO;RJ;REDECINE - RIO CINEMATOGRAFICA S.A.;07.524.011/0001-10
14/06/2016;14/06/2016 13:25:00;NOW YOU SEE ME 2;TRUQUE DE MESTRE: O 2º ATO;E1700176500000;DUBLADO;NÃO;CANADÁ;5005001;CINESYSTEM AMERICAS 05;19;6000027;5348;28834;RIO DE JANEIRO;RJ;REDECINE - RIO CINEMATOGRAFICA S.A.;07.524.011/0001-10
14/06/2016;14/06/2016 13:25:00;THE CONJURING 2;INVOCAÇÃO DO MAL 2;E1600342300000;DUBLADO;NÃO;ESTADOS UNIDOS;5003423;CINEMARK SHOPPING RAPOSO TAVARES 05;14;6000018;1843;20591;SÃO PAULO;SP;CINEMARK BRASIL S.A;00.779.721/0001-41
14/06/2016;14/06/2016 13:25:00;THE CONJURING 2;INVOCAÇÃO DO MAL 2;E1600342300000;DUBLADO;NÃO;ESTADOS UNIDOS;5005578;CINESYSTEM PAULISTA SALA 08 CINÉPIC;33;6000027;22546;33152;PAULISTA;PE;REDECINE BRA CINEMATOGRÁFICA S.A.;15.422.993/0001-67
14/06/2016;14/06/2016 13:25:00;WARCRAFT;WARCFRAT – O PRIMEIRO ENCONTRO ENTRE DOIS MUNDOS;E1500739800000;DUBLADO;NÃO;ESTADOS UNIDOS;5004487;ARAPIRACA BRA 05;4;6000027;22546;26037;ARAPIRACA;AL;REDECINE BRA CINEMATOGRÁFICA S.A.;15.422.993/0001-67
14/06/2016;14/06/2016 13:25:00;WARCRAFT;WARCFRAT – O PRIMEIRO ENCONTRO ENTRE DOIS MUNDOS;E1500739800000;ORIGINAL;SIM;ESTADOS UNIDOS;5004446;SALA MACEIO 03;6;6000027;22546;25512;MACEIÓ;AL;REDECINE BRA CINEMATOGRÁFICA S.A.;15.422.993/0001-67
14/06/2016;14/06/2016 13:30:00;MONEY MONSTER;JOGO DO DINHEIRO;E1500735200000;ORIGINAL;SIM;ESTADOS UNIDOS;5004997;CINESYSTEM AMERICAS 01;8;6000027;5348;28834;RIO DE JANEIRO;RJ;REDECINE - RIO CINEMATOGRAFICA S.A.;07.524.011/0001-10
14/06/2016;14/06/2016 13:30:00;THE CONJURING 2;INVOCAÇÃO DO MAL 2;E1600342300000;DUBLADO;NÃO;ESTADOS UNIDOS;5004483;ARAPIRACA BRA 01;15;6000027;22546;26037;ARAPIRACA;AL;REDECINE BRA CINEMATOGRÁFICA S.A.;15.422.993/0001-67
14/06/2016;14/06/2016 13:30:00;THE CONJURING 2;INVOCAÇÃO DO MAL 2;E1600342300000;ORIGINAL;SIM;ESTADOS UNIDOS;5004447;SALA MACEIO 02;10;6000027;22546;25512;MACEIÓ;AL;REDECINE BRA CINEMATOGRÁFICA S.A.;15.422.993/0001-67
14/06/2016;14/06/2016 13:35:00;ALICE THROUGH THE LOOKING GLASS;ALICE ATRAVÉS DO ESPELHO;E1600259100000;DUBLADO;NÃO;ESTADOS UNIDOS;5004998;CINESYSTEM AMERICAS 02;12;6000027;5348;28834;RIO DE JANEIRO;RJ;REDECINE - RIO CINEMATOGRAFICA S.A.;07.524.011/0001-10
14/06/2016;14/06/2016 13:40:00;NOW YOU SEE ME: THE SECOND ACT;TRUQUE DE MESTRE 2;E1500269900000;DUBLADO;NÃO;ESTADOS UNIDOS;5004484;ARAPIRACA BRA 02;12;6000027;22546;26037;ARAPIRACA;AL;REDECINE BRA CINEMATOGRÁFICA S.A.;15.422.993/0001-67
14/06/2016;14/06/2016 13:40:00;NOW YOU SEE ME: THE SECOND ACT;TRUQUE DE MESTRE 2;E1500269900000;DUBLADO;NÃO;ESTADOS UNIDOS;5001628;CINESYSTEM SHOPPING TOTAL SALA 05;4;6000027;2375;6658;CURITIBA;PR;REDECINE CWB CINEMATOGRÁFICA LTDA;05.747.411/0001-69
14/06/2016;14/06/2016 13:40:00;THE CONJURING 2;INVOCAÇÃO DO MAL 2;E1600342300000;ORIGINAL;SIM;ESTADOS UNIDOS;5005002;CINESYSTEM AMERICAS 06;8;6000027;5348;28834;RIO DE JANEIRO;RJ;REDECINE - RIO CINEMATOGRAFICA S.A.;07.524.011/0001-10
14/06/2016;14/06/2016 13:50:00;ALICE THROUGH THE LOOKING GLASS;ALICE ATRAVÉS DO ESPELHO;E1600259100000;DUBLADO;NÃO;ESTADOS UNIDOS;5005576;CINESYSTEM PAULISTA SALA 06;15;6000027;22546;33152;PAULISTA;PE;REDECINE BRA CINEMATOGRÁFICA S.A.;15.422.993/0001-67
14/06/2016;14/06/2016 13:50:00;ALICE THROUGH THE LOOKING GLASS;ALICE ATRAVÉS DO ESPELHO;E1600259100000;DUBLADO;NÃO;ESTADOS UNIDOS;5001626;CINESYSTEM SHOPPING TOTAL SALA 03;18;6000027;2375;6658;CURITIBA;PR;REDECINE CWB CINEMATOGRÁFICA LTDA;05.747.411/0001-69
14/06/2016;14/06/2016 13:50:00;NOW YOU SEE ME: THE SECOND ACT;TRUQUE DE MESTRE 2;E1500269900000;DUBLADO;NÃO;ESTADOS UNIDOS;5004442;SALA MACEIO 07;34;6000027;22546;25512;MACEIÓ;AL;REDECINE BRA CINEMATOGRÁFICA S.A.;15.422.993/0001-67
14/06/2016;14/06/2016 13:55:00;TEENAGE MUTANT NINJA TURTLES: OUT OF THE SHADOWS;AS TARTARUGAS NINJA: FORA DAS SOMBRAS;E1600265600000;DUBLADO;NÃO;ESTADOS UNIDOS;5001627;CINESYSTEM SHOPPING TOTAL SALA 04;14;6000027;2375;6658;CURITIBA;PR;REDECINE CWB CINEMATOGRÁFICA LTDA;05.747.411/0001-69
14/06/2016;14/06/2016 14:00:00;ALICE IN WONDERLAND;ALICE NO PAÍS DAS MARAVILHAS;E1500291700000;DUBLADO;NÃO;ESTADOS UNIDOS;5003421;CINEMARK SHOPPING RAPOSO TAVARES 03;20;6000018;1843;20591;SÃO PAULO;SP;CINEMARK BRASIL S.A;00.779.721/0001-41
14/06/2016;14/06/2016 14:00:00;ALICE THROUGH THE LOOKING GLASS;ALICE ATRAVÉS DO ESPELHO;E1600259100000;DUBLADO;NÃO;ESTADOS UNIDOS;5004441;SALA MACEIO 08;19;6000027;22546;25512;MACEIÓ;AL;REDECINE BRA CINEMATOGRÁFICA S.A.;15.422.993/0001-67
14/06/2016;14/06/2016 14:00:00;ANGRY BIRDS;ANGRY BIRDS - O FILME;E1500732000000;DUBLADO;NÃO;ESTADOS UNIDOS;5002062;AGUA VERDE 1;0;6000023;12893;12894;CURITIBA;PR;ESTILO PRODUÇÕES ARTISTICAS LTDA;03.293.165/0001-97
14/06/2016;14/06/2016 14:00:00;THE CONJURING 2;INVOCAÇÃO DO MAL 2;E1600342300000;DUBLADO;NÃO;ESTADOS UNIDOS;5004486;ARAPIRACA BRA 04;33;6000027;22546;26037;ARAPIRACA;AL;REDECINE BRA CINEMATOGRÁFICA S.A.;15.422.993/0001-67
14/06/2016;14/06/2016 14:00:00;THE CONJURING 2;INVOCAÇÃO DO MAL 2;E1600342300000;DUBLADO;NÃO;ESTADOS UNIDOS;5001625;CINESYSTEM SHOPPING TOTAL SALA 02;38;6000027;2375;6658;CURITIBA;PR;REDECINE CWB CINEMATOGRÁFICA LTDA;05.747.411/0001-69
14/06/2016;14/06/2016 14:10:00;WARCRAFT;WARCFRAT – O PRIMEIRO ENCONTRO ENTRE DOIS MUNDOS;E1500739800000;DUBLADO;NÃO;ESTADOS UNIDOS;5003420;CINEMARK SHOPPING RAPOSO TAVARES 02;7;6000018;1843;20591;SÃO PAULO;SP;CINEMARK BRASIL S.A;00.779.721/0001-41
14/06/2016;14/06/2016 14:20:00;TEENAGE MUTANT NINJA TURTLES: OUT OF THE SHADOWS;AS TARTARUGAS NINJA: FORA DAS SOMBRAS;E1600265600000;DUBLADO;NÃO;ESTADOS UNIDOS;5002063;AGUA VERDE 2;5;6000023;12893;12894;CURITIBA;PR;ESTILO PRODUÇÕES ARTISTICAS LTDA;03.293.165/0001-97
14/06/2016;14/06/2016 14:20:00;THE CONJURING 2;INVOCAÇÃO DO MAL 2;E1600342300000;DUBLADO;NÃO;ESTADOS UNIDOS;5005003;CINESYSTEM AMERICAS 07;18;6000027;5348;28834;RIO DE JANEIRO;RJ;REDECINE - RIO CINEMATOGRAFICA S.A.;07.524.011/0001-10
14/06/2016;14/06/2016 14:20:00;WARCRAFT;WARCFRAT – O PRIMEIRO ENCONTRO ENTRE DOIS MUNDOS;E1500739800000;DUBLADO;NÃO;ESTADOS UNIDOS;5001624;CINESYSTEM SHOPPING TOTAL SALA 01;9;6000027;2375;6658;CURITIBA;PR;REDECINE CWB CINEMATOGRÁFICA LTDA;05.747.411/0001-69
14/06/2016;14/06/2016 14:30:00;NOW YOU SEE ME: THE SECOND ACT;TRUQUE DE MESTRE 2;E1500269900000;DUBLADO;NÃO;ESTADOS UNIDOS;5003424;CINEMARK SHOPPING RAPOSO TAVARES 06;12;6000018;1843;20591;SÃO PAULO;SP;CINEMARK BRASIL S.A;00.779.721/0001-41
14/06/2016;14/06/2016 15:10:00;ALICE THROUGH THE LOOKING GLASS;ALICE ATRAVÉS DO ESPELHO;E1600259100000;DUBLADO;NÃO;ESTADOS UNIDOS;5002601;CINEMAS BENFICA - SALA 3;32;;15690;15691;FORTALEZA;CE;CINEMAS BENFICA LTDA;07.509.597/0001-43
14/06/2016;14/06/2016 15:20:00;WARCRAFT;WARCFRAT – O PRIMEIRO ENCONTRO ENTRE DOIS MUNDOS;E1500739800000;DUBLADO;NÃO;ESTADOS UNIDOS;5002603;CINEMAS BENFICA - SALA 1;14;;15690;15691;FORTALEZA;CE;CINEMAS BENFICA LTDA;07.509.597/0001-43
14/06/2016;14/06/2016 15:20:00;X-MEN: APOCALYPSE;X-MEN - APOCALIPSE;E1600181600000;DUBLADO;NÃO;ESTADOS UNIDOS;5004485;ARAPIRACA BRA 03;25;6000027;22546;26037;ARAPIRACA;AL;REDECINE BRA CINEMATOGRÁFICA S.A.;15.422.993/0001-67
14/06/2016;14/06/2016 15:30:00;THE CONJURING 2;INVOCAÇÃO DO MAL 2;E1600342300000;DUBLADO;NÃO;ESTADOS UNIDOS;5003422;CINEMARK SHOPPING RAPOSO TAVARES 04;48;6000018;1843;20591;SÃO PAULO;SP;CINEMARK BRASIL S.A;00.779.721/0001-41
14/06/2016;14/06/2016 15:30:00;X-MEN: APOCALYPSE;X-MEN - APOCALIPSE;E1600181600000;DUBLADO;NÃO;ESTADOS UNIDOS;5004443;SALA MACEIO 06;22;6000027;22546;25512;MACEIÓ;AL;REDECINE BRA CINEMATOGRÁFICA S.A.;15.422.993/0001-67
14/06/2016;14/06/2016 15:40:00;ALICE THROUGH THE LOOKING GLASS;ALICE ATRAVÉS DO ESPELHO;E1600259100000;DUBLADO;NÃO;ESTADOS UNIDOS;5004488;ARAPIRACA BRA 06;24;6000027;22546;26037;ARAPIRACA;AL;REDECINE BRA CINEMATOGRÁFICA S.A.;15.422.993/0001-67
14/06/2016;14/06/2016 15:40:00;NOW YOU SEE ME 2;TRUQUE DE MESTRE: O 2º ATO;E1700176500000;ORIGINAL;SIM;CANADÁ;5004997;CINESYSTEM AMERICAS 01;19;6000027;5348;28834;RIO DE JANEIRO;RJ;REDECINE - RIO CINEMATOGRAFICA S.A.;07.524.011/0001-10
14/06/2016;14/06/2016 15:50:00;WARCRAFT;WARCFRAT – O PRIMEIRO ENCONTRO ENTRE DOIS MUNDOS;E1500739800000;ORIGINAL;SIM;ESTADOS UNIDOS;5005000;CINESYSTEM AMERICAS 04;17;6000027;5348;28834;RIO DE JANEIRO;RJ;REDECINE - RIO CINEMATOGRAFICA S.A.;07.524.011/0001-10
14/06/2016;14/06/2016 16:00:00;ALICE THROUGH THE LOOKING GLASS;ALICE ATRAVÉS DO ESPELHO;E1600259100000;DUBLADO;NÃO;ESTADOS UNIDOS;5004998;CINESYSTEM AMERICAS 02;12;6000027;5348;28834;RIO DE JANEIRO;RJ;REDECINE - RIO CINEMATOGRAFICA S.A.;07.524.011/0001-10
14/06/2016;14/06/2016 16:00:00;NOW YOU SEE ME: THE SECOND ACT;TRUQUE DE MESTRE 2;E1500269900000;DUBLADO;NÃO;ESTADOS UNIDOS;5003425;CINEMARK SHOPPING RAPOSO TAVARES 07;13;6000018;1843;20591;SÃO PAULO;SP;CINEMARK BRASIL S.A;00.779.721/0001-41
14/06/2016;14/06/2016 16:00:00;THE CONJURING 2;INVOCAÇÃO DO MAL 2;E1600342300000;DUBLADO;NÃO;ESTADOS UNIDOS;5002062;AGUA VERDE 1;21;6000023;12893;12894;CURITIBA;PR;ESTILO PRODUÇÕES ARTISTICAS LTDA;03.293.165/0001-97
14/06/2016;14/06/2016 16:00:00;WARCRAFT;WARCFRAT – O PRIMEIRO ENCONTRO ENTRE DOIS MUNDOS;E1500739800000;DUBLADO;NÃO;ESTADOS UNIDOS;5004487;ARAPIRACA BRA 05;22;6000027;22546;26037;ARAPIRACA;AL;REDECINE BRA CINEMATOGRÁFICA S.A.;15.422.993/0001-67
14/06/2016;14/06/2016 16:00:00;WARCRAFT;WARCFRAT – O PRIMEIRO ENCONTRO ENTRE DOIS MUNDOS;E1500739800000;ORIGINAL;SIM;ESTADOS UNIDOS;5004446;SALA MACEIO 03;10;6000027;22546;25512;MACEIÓ;AL;REDECINE BRA CINEMATOGRÁFICA S.A.;15.422.993/0001-67
14/06/2016;14/06/2016 16:10:00;NOW YOU SEE ME 2;TRUQUE DE MESTRE: O 2º ATO;E1700176500000;DUBLADO;NÃO;CANADÁ;5005001;CINESYSTEM AMERICAS 05;25;6000027;5348;28834;RIO DE JANEIRO;RJ;REDECINE - RIO CINEMATOGRAFICA S.A.;07.524.011/0001-10
14/06/2016;14/06/2016 16:10:00;TEENAGE MUTANT NINJA TURTLES: OUT OF THE SHADOWS;AS TARTARUGAS NINJA: FORA DAS SOMBRAS;E1600265600000;DUBLADO;NÃO;ESTADOS UNIDOS;5004440;SALA MACEIO 09;26;6000027;22546;25512;MACEIÓ;AL;REDECINE BRA CINEMATOGRÁFICA S.A.;15.422.993/0001-67
14/06/2016;14/06/2016 16:10:00;THE CONJURING 2;INVOCAÇÃO DO MAL 2;E1600342300000;DUBLADO;NÃO;ESTADOS UNIDOS;5004483;ARAPIRACA BRA 01;41;6000027;22546;26037;ARAPIRACA;AL;REDECINE BRA CINEMATOGRÁFICA S.A.;15.422.993/0001-67
14/06/2016;14/06/2016 16:10:00;THE CONJURING 2;INVOCAÇÃO DO MAL 2;E1600342300000;DUBLADO;NÃO;ESTADOS UNIDOS;5005578;CINESYSTEM PAULISTA SALA 08 CINÉPIC;53;6000027;22546;33152;PAULISTA;PE;REDECINE BRA CINEMATOGRÁFICA S.A.;15.422.993/0001-67
14/06/2016;14/06/2016 16:15:00;THE CONJURING 2;INVOCAÇÃO DO MAL 2;E1600342300000;DUBLADO;NÃO;ESTADOS UNIDOS;5001627;CINESYSTEM SHOPPING TOTAL SALA 04;27;6000027;2375;6658;CURITIBA;PR;REDECINE CWB CINEMATOGRÁFICA LTDA;05.747.411/0001-69
14/06/2016;14/06/2016 16:20:00;ALICE THROUGH THE LOOKING GLASS;ALICE ATRAVÉS DO ESPELHO;E1600259100000;DUBLADO;NÃO;ESTADOS UNIDOS;5005576;CINESYSTEM PAULISTA SALA 06;33;6000027;22546;33152;PAULISTA;PE;REDECINE BRA CINEMATOGRÁFICA S.A.;15.422.993/0001-67
14/06/2016;14/06/2016 16:20:00;NOW YOU SEE ME: THE SECOND ACT;TRUQUE DE MESTRE 2;E1500269900000;DUBLADO;NÃO;ESTADOS UNIDOS;5004484;ARAPIRACA BRA 02;13;6000027;22546;26037;ARAPIRACA;AL;REDECINE BRA CINEMATOGRÁFICA S.A.;15.422.993/0001-67
14/06/2016;14/06/2016 16:20:00;NOW YOU SEE ME: THE SECOND ACT;TRUQUE DE MESTRE 2;E1500269900000;DUBLADO;NÃO;ESTADOS UNIDOS;5001628;CINESYSTEM SHOPPING TOTAL SALA 05;17;6000027;2375;6658;CURITIBA;PR;REDECINE CWB CINEMATOGRÁFICA LTDA;05.747.411/0001-69
14/06/2016;14/06/2016 16:20:00;THE CONJURING 2;INVOCAÇÃO DO MAL 2;E1600342300000;DUBLADO;NÃO;ESTADOS UNIDOS;5003423;CINEMARK SHOPPING RAPOSO TAVARES 05;33;6000018;1843;20591;SÃO PAULO;SP;CINEMARK BRASIL S.A;00.779.721/0001-41
14/06/2016;14/06/2016 16:20:00;THE CONJURING 2;INVOCAÇÃO DO MAL 2;E1600342300000;ORIGINAL;SIM;ESTADOS UNIDOS;5004447;SALA MACEIO 02;1;6000027;22546;25512;MACEIÓ;AL;REDECINE BRA CINEMATOGRÁFICA S.A.;15.422.993/0001-67
14/06/2016;14/06/2016 16:21:00;THE CONJURING 2;INVOCAÇÃO DO MAL 2;E1600342300000;ORIGINAL;SIM;ESTADOS UNIDOS;5004447;SALA MACEIO 02;23;6000027;22546;25512;MACEIÓ;AL;REDECINE BRA CINEMATOGRÁFICA S.A.;15.422.993/0001-67
14/06/2016;14/06/2016 16:30:00;ALICE THROUGH THE LOOKING GLASS;ALICE ATRAVÉS DO ESPELHO;E1600259100000;DUBLADO;NÃO;ESTADOS UNIDOS;5002063;AGUA VERDE 2;12;6000023;12893;12894;CURITIBA;PR;ESTILO PRODUÇÕES ARTISTICAS LTDA;03.293.165/0001-97
14/06/2016;14/06/2016 16:30:00;ALICE THROUGH THE LOOKING GLASS;ALICE ATRAVÉS DO ESPELHO;E1600259100000;DUBLADO;NÃO;ESTADOS UNIDOS;5001626;CINESYSTEM SHOPPING TOTAL SALA 03;37;6000027;2375;6658;CURITIBA;PR;REDECINE CWB CINEMATOGRÁFICA LTDA;05.747.411/0001-69
14/06/2016;14/06/2016 16:30:00;ALICE THROUGH THE LOOKING GLASS;ALICE ATRAVÉS DO ESPELHO;E1600259100000;DUBLADO;NÃO;ESTADOS UNIDOS;5004441;SALA MACEIO 08;20;6000027;22546;25512;MACEIÓ;AL;REDECINE BRA CINEMATOGRÁFICA S.A.;15.422.993/0001-67
14/06/2016;14/06/2016 16:30:00;NOW YOU SEE ME: THE SECOND ACT;TRUQUE DE MESTRE 2;E1500269900000;ORIGINAL;SIM;ESTADOS UNIDOS;5004442;SALA MACEIO 07;48;6000027;22546;25512;MACEIÓ;AL;REDECINE BRA CINEMATOGRÁFICA S.A.;15.422.993/0001-67
14/06/2016;14/06/2016 16:30:00;THE CONJURING 2;INVOCAÇÃO DO MAL 2;E1600342300000;ORIGINAL;SIM;ESTADOS UNIDOS;5005002;CINESYSTEM AMERICAS 06;28;6000027;5348;28834;RIO DE JANEIRO;RJ;REDECINE - RIO CINEMATOGRAFICA S.A.;07.524.011/0001-10
14/06/2016;14/06/2016 16:40:00;ALICE IN WONDERLAND;ALICE NO PAÍS DAS MARAVILHAS;E1500291700000;DUBLADO;NÃO;ESTADOS UNIDOS;5003421;CINEMARK SHOPPING RAPOSO TAVARES 03;15;6000018;1843;20591;SÃO PAULO;SP;CINEMARK BRASIL S.A;00.779.721/0001-41
14/06/2016;14/06/2016 16:40:00;TEENAGE MUTANT NINJA TURTLES: OUT OF THE SHADOWS;AS TARTARUGAS NINJA: FORA DAS SOMBRAS;E1600265600000;DUBLADO;NÃO;ESTADOS UNIDOS;5004486;ARAPIRACA BRA 04;32;6000027;22546;26037;ARAPIRACA;AL;REDECINE BRA CINEMATOGRÁFICA S.A.;15.422.993/0001-67
14/06/2016;14/06/2016 16:40:00;THE CONJURING 2;INVOCAÇÃO DO MAL 2;E1600342300000;DUBLADO;NÃO;ESTADOS UNIDOS;5001625;CINESYSTEM SHOPPING TOTAL SALA 02;22;6000027;2375;6658;CURITIBA;PR;REDECINE CWB CINEMATOGRÁFICA LTDA;05.747.411/0001-69
14/06/2016;14/06/2016 16:50:00;WARCRAFT;WARCFRAT – O PRIMEIRO ENCONTRO ENTRE DOIS MUNDOS;E1500739800000;DUBLADO;NÃO;ESTADOS UNIDOS;5001624;CINESYSTEM SHOPPING TOTAL SALA 01;10;6000027;2375;6658;CURITIBA;PR;REDECINE CWB CINEMATOGRÁFICA LTDA;05.747.411/0001-69
14/06/2016;14/06/2016 17:00:00;TEENAGE MUTANT NINJA TURTLES: OUT OF THE SHADOWS;AS TARTARUGAS NINJA: FORA DAS SOMBRAS;E1600265600000;DUBLADO;NÃO;ESTADOS UNIDOS;5005003;CINESYSTEM AMERICAS 07;21;6000027;5348;28834;RIO DE JANEIRO;RJ;REDECINE - RIO CINEMATOGRAFICA S.A.;07.524.011/0001-10
14/06/2016;14/06/2016 17:00:00;WARCRAFT;WARCFRAT – O PRIMEIRO ENCONTRO ENTRE DOIS MUNDOS;E1500739800000;DUBLADO;NÃO;ESTADOS UNIDOS;5003420;CINEMARK SHOPPING RAPOSO TAVARES 02;12;6000018;1843;20591;SÃO PAULO;SP;CINEMARK BRASIL S.A;00.779.721/0001-41
14/06/2016;14/06/2016 17:20:00;ALICE THROUGH THE LOOKING GLASS;ALICE ATRAVÉS DO ESPELHO;E1600259100000;DUBLADO;NÃO;ESTADOS UNIDOS;5002601;CINEMAS BENFICA - SALA 3;40;;15690;15691;FORTALEZA;CE;CINEMAS BENFICA LTDA;07.509.597/0001-43
14/06/2016;14/06/2016 17:30:00;NOW YOU SEE ME: THE SECOND ACT;TRUQUE DE MESTRE 2;E1500269900000;DUBLADO;NÃO;ESTADOS UNIDOS;5003424;CINEMARK SHOPPING RAPOSO TAVARES 06;16;6000018;1843;20591;SÃO PAULO;SP;CINEMARK BRASIL S.A;00.779.721/0001-41
14/06/2016;14/06/2016 17:40:00;WARCRAFT;WARCFRAT – O PRIMEIRO ENCONTRO ENTRE DOIS MUNDOS;E1500739800000;DUBLADO;NÃO;ESTADOS UNIDOS;5002603;CINEMAS BENFICA - SALA 1;21;;15690;15691;FORTALEZA;CE;CINEMAS BENFICA LTDA;07.509.597/0001-43
14/06/2016;14/06/2016 18:05:00;NOW YOU SEE ME: THE SECOND ACT;TRUQUE DE MESTRE 2;E1500269900000;DUBLADO;NÃO;ESTADOS UNIDOS;5004488;ARAPIRACA BRA 06;34;6000027;22546;26037;ARAPIRACA;AL;REDECINE BRA CINEMATOGRÁFICA S.A.;15.422.993/0001-67
14/06/2016;14/06/2016 18:15:00;X-MEN: APOCALYPSE;X-MEN - APOCALIPSE;E1600181600000;DUBLADO;NÃO;ESTADOS UNIDOS;5004485;ARAPIRACA BRA 03;24;6000027;22546;26037;ARAPIRACA;AL;REDECINE BRA CINEMATOGRÁFICA S.A.;15.422.993/0001-67
14/06/2016;14/06/2016 18:20:00;NOW YOU SEE ME 2;TRUQUE DE MESTRE: O 2º ATO;E1700176500000;ORIGINAL;SIM;CANADÁ;5004998;CINESYSTEM AMERICAS 02;45;6000027;5348;28834;RIO DE JANEIRO;RJ;REDECINE - RIO CINEMATOGRAFICA S.A.;07.524.011/0001-10
14/06/2016;14/06/2016 18:30:00;THE CONJURING 2;INVOCAÇÃO DO MAL 2;E1600342300000;DUBLADO;NÃO;ESTADOS UNIDOS;5002062;AGUA VERDE 1;29;6000023;12893;12894;CURITIBA;PR;ESTILO PRODUÇÕES ARTISTICAS LTDA;03.293.165/0001-97
14/06/2016;14/06/2016 18:30:00;THE CONJURING 2;INVOCAÇÃO DO MAL 2;E1600342300000;DUBLADO;NÃO;ESTADOS UNIDOS;5003422;CINEMARK SHOPPING RAPOSO TAVARES 04;29;6000018;1843;20591;SÃO PAULO;SP;CINEMARK BRASIL S.A;00.779.721/0001-41
14/06/2016;14/06/2016 18:30:00;THE CONJURING 2;INVOCAÇÃO DO MAL 2;E1600342300000;DUBLADO;NÃO;ESTADOS UNIDOS;5004443;SALA MACEIO 06;73;6000027;22546;25512;MACEIÓ;AL;REDECINE BRA CINEMATOGRÁFICA S.A.;15.422.993/0001-67
14/06/2016;14/06/2016 18:30:00;WARCRAFT;WARCFRAT – O PRIMEIRO ENCONTRO ENTRE DOIS MUNDOS;E1500739800000;DUBLADO;NÃO;ESTADOS UNIDOS;5004487;ARAPIRACA BRA 05;41;6000027;22546;26037;ARAPIRACA;AL;REDECINE BRA CINEMATOGRÁFICA S.A.;15.422.993/0001-67
14/06/2016;14/06/2016 18:40:00;TEENAGE MUTANT NINJA TURTLES: OUT OF THE SHADOWS;AS TARTARUGAS NINJA: FORA DAS SOMBRAS;E1600265600000;DUBLADO;NÃO;ESTADOS UNIDOS;5002063;AGUA VERDE 2;24;6000023;12893;12894;CURITIBA;PR;ESTILO PRODUÇÕES ARTISTICAS LTDA;03.293.165/0001-97
14/06/2016;14/06/2016 18:40:00;TEENAGE MUTANT NINJA TURTLES: OUT OF THE SHADOWS;AS TARTARUGAS NINJA: FORA DAS SOMBRAS;E1600265600000;ORIGINAL;SIM;ESTADOS UNIDOS;5004440;SALA MACEIO 09;6;6000027;22546;25512;MACEIÓ;AL;REDECINE BRA CINEMATOGRÁFICA S.A.;15.422.993/0001-67
14/06/2016;14/06/2016 18:40:00;WARCRAFT;WARCFRAT – O PRIMEIRO ENCONTRO ENTRE DOIS MUNDOS;E1500739800000;ORIGINAL;SIM;ESTADOS UNIDOS;5005000;CINESYSTEM AMERICAS 04;13;6000027;5348;28834;RIO DE JANEIRO;RJ;REDECINE - RIO CINEMATOGRAFICA S.A.;07.524.011/0001-10
14/06/2016;14/06/2016 18:45:00;ALICE THROUGH THE LOOKING GLASS;ALICE ATRAVÉS DO ESPELHO;E1600259100000;DUBLADO;NÃO;ESTADOS UNIDOS;5005576;CINESYSTEM PAULISTA SALA 06;34;6000027;22546;33152;PAULISTA;PE;REDECINE BRA CINEMATOGRÁFICA S.A.;15.422.993/0001-67
14/06/2016;14/06/2016 18:50:00;ALICE THROUGH THE LOOKING GLASS;ALICE ATRAVÉS DO ESPELHO;E1600259100000;ORIGINAL;SIM;ESTADOS UNIDOS;5005001;CINESYSTEM AMERICAS 05;25;6000027;5348;28834;RIO DE JANEIRO;RJ;REDECINE - RIO CINEMATOGRAFICA S.A.;07.524.011/0001-10
14/06/2016;14/06/2016 18:50:00;NOW YOU SEE ME: THE SECOND ACT;TRUQUE DE MESTRE 2;E1500269900000;DUBLADO;NÃO;ESTADOS UNIDOS;5001626;CINESYSTEM SHOPPING TOTAL SALA 03;23;6000027;2375;6658;CURITIBA;PR;REDECINE CWB CINEMATOGRÁFICA LTDA;05.747.411/0001-69
14/06/2016;14/06/2016 18:50:00;THE CONJURING 2;INVOCAÇÃO DO MAL 2;E1600342300000;DUBLADO;NÃO;ESTADOS UNIDOS;5004483;ARAPIRACA BRA 01;71;6000027;22546;26037;ARAPIRACA;AL;REDECINE BRA CINEMATOGRÁFICA S.A.;15.422.993/0001-67
14/06/2016;14/06/2016 18:50:00;WARCRAFT;WARCFRAT – O PRIMEIRO ENCONTRO ENTRE DOIS MUNDOS;E1500739800000;ORIGINAL;SIM;ESTADOS UNIDOS;5004446;SALA MACEIO 03;16;6000027;22546;25512;MACEIÓ;AL;REDECINE BRA CINEMATOGRÁFICA S.A.;15.422.993/0001-67
14/06/2016;14/06/2016 18:55:00;WARCRAFT;WARCFRAT – O PRIMEIRO ENCONTRO ENTRE DOIS MUNDOS;E1500739800000;DUBLADO;NÃO;ESTADOS UNIDOS;5001627;CINESYSTEM SHOPPING TOTAL SALA 04;32;6000027;2375;6658;CURITIBA;PR;REDECINE CWB CINEMATOGRÁFICA LTDA;05.747.411/0001-69
14/06/2016;14/06/2016 19:00:00;ALICE THROUGH THE LOOKING GLASS;ALICE ATRAVÉS DO ESPELHO;E1600259100000;DUBLADO;NÃO;ESTADOS UNIDOS;5004484;ARAPIRACA BRA 02;16;6000027;22546;26037;ARAPIRACA;AL;REDECINE BRA CINEMATOGRÁFICA S.A.;15.422.993/0001-67
14/06/2016;14/06/2016 19:00:00;ALICE THROUGH THE LOOKING GLASS;ALICE ATRAVÉS DO ESPELHO;E1600259100000;DUBLADO;NÃO;ESTADOS UNIDOS;5001628;CINESYSTEM SHOPPING TOTAL SALA 05;35;6000027;2375;6658;CURITIBA;PR;REDECINE CWB CINEMATOGRÁFICA LTDA;05.747.411/0001-69
14/06/2016;14/06/2016 19:00:00;ALICE THROUGH THE LOOKING GLASS;ALICE ATRAVÉS DO ESPELHO;E1600259100000;DUBLADO;NÃO;ESTADOS UNIDOS;5004441;SALA MACEIO 08;17;6000027;22546;25512;MACEIÓ;AL;REDECINE BRA CINEMATOGRÁFICA S.A.;15.422.993/0001-67
14/06/2016;14/06/2016 19:00:00;NOW YOU SEE ME 2;TRUQUE DE MESTRE: O 2º ATO;E1700176500000;ORIGINAL;SIM;CANADÁ;5004997;CINESYSTEM AMERICAS 01;58;6000027;5348;28834;RIO DE JANEIRO;RJ;REDECINE - RIO CINEMATOGRAFICA S.A.;07.524.011/0001-10
14/06/2016;14/06/2016 19:00:00;NOW YOU SEE ME: THE SECOND ACT;TRUQUE DE MESTRE 2;E1500269900000;DUBLADO;NÃO;ESTADOS UNIDOS;5003425;CINEMARK SHOPPING RAPOSO TAVARES 07;31;6000018;1843;20591;SÃO PAULO;SP;CINEMARK BRASIL S.A;00.779.721/0001-41
14/06/2016;14/06/2016 19:10:00;NOW YOU SEE ME: THE SECOND ACT;TRUQUE DE MESTRE 2;E1500269900000;DUBLADO;NÃO;ESTADOS UNIDOS;5004442;SALA MACEIO 07;95;6000027;22546;25512;MACEIÓ;AL;REDECINE BRA CINEMATOGRÁFICA S.A.;15.422.993/0001-67
14/06/2016;14/06/2016 19:10:00;TEENAGE MUTANT NINJA TURTLES: OUT OF THE SHADOWS;AS TARTARUGAS NINJA: FORA DAS SOMBRAS;E1600265600000;DUBLADO;NÃO;ESTADOS UNIDOS;5003421;CINEMARK SHOPPING RAPOSO TAVARES 03;27;6000018;1843;20591;SÃO PAULO;SP;CINEMARK BRASIL S.A;00.779.721/0001-41
14/06/2016;14/06/2016 19:10:00;THE CONJURING 2;INVOCAÇÃO DO MAL 2;E1600342300000;DUBLADO;NÃO;ESTADOS UNIDOS;5004486;ARAPIRACA BRA 04;140;6000027;22546;26037;ARAPIRACA;AL;REDECINE BRA CINEMATOGRÁFICA S.A.;15.422.993/0001-67
14/06/2016;14/06/2016 19:10:00;THE CONJURING 2;INVOCAÇÃO DO MAL 2;E1600342300000;DUBLADO;NÃO;ESTADOS UNIDOS;5005578;CINESYSTEM PAULISTA SALA 08 CINÉPIC;121;6000027;22546;33152;PAULISTA;PE;REDECINE BRA CINEMATOGRÁFICA S.A.;15.422.993/0001-67
14/06/2016;14/06/2016 19:15:00;THE CONJURING 2;INVOCAÇÃO DO MAL 2;E1600342300000;ORIGINAL;SIM;ESTADOS UNIDOS;5005002;CINESYSTEM AMERICAS 06;51;6000027;5348;28834;RIO DE JANEIRO;RJ;REDECINE - RIO CINEMATOGRAFICA S.A.;07.524.011/0001-10
14/06/2016;14/06/2016 19:20:00;THE CONJURING 2;INVOCAÇÃO DO MAL 2;E1600342300000;DUBLADO;NÃO;ESTADOS UNIDOS;5003423;CINEMARK SHOPPING RAPOSO TAVARES 05;75;6000018;1843;20591;SÃO PAULO;SP;CINEMARK BRASIL S.A;00.779.721/0001-41
14/06/2016;14/06/2016 19:20:00;THE CONJURING 2;INVOCAÇÃO DO MAL 2;E1600342300000;DUBLADO;NÃO;ESTADOS UNIDOS;5001625;CINESYSTEM SHOPPING TOTAL SALA 02;102;6000027;2375;6658;CURITIBA;PR;REDECINE CWB CINEMATOGRÁFICA LTDA;05.747.411/0001-69
14/06/2016;14/06/2016 19:20:00;THE CONJURING 2;INVOCAÇÃO DO MAL 2;E1600342300000;ORIGINAL;SIM;ESTADOS UNIDOS;5004447;SALA MACEIO 02;95;6000027;22546;25512;MACEIÓ;AL;REDECINE BRA CINEMATOGRÁFICA S.A.;15.422.993/0001-67
14/06/2016;14/06/2016 19:25:00;TEENAGE MUTANT NINJA TURTLES: OUT OF THE SHADOWS;AS TARTARUGAS NINJA: FORA DAS SOMBRAS;E1600265600000;ORIGINAL;SIM;ESTADOS UNIDOS;5005003;CINESYSTEM AMERICAS 07;20;6000027;5348;28834;RIO DE JANEIRO;RJ;REDECINE - RIO CINEMATOGRAFICA S.A.;07.524.011/0001-10
14/06/2016;14/06/2016 19:30:00;ALICE THROUGH THE LOOKING GLASS;ALICE ATRAVÉS DO ESPELHO;E1600259100000;DUBLADO;NÃO;ESTADOS UNIDOS;5002601;CINEMAS BENFICA - SALA 3;43;;15690;15691;FORTALEZA;CE;CINEMAS BENFICA LTDA;07.509.597/0001-43
14/06/2016;14/06/2016 19:30:00;TEENAGE MUTANT NINJA TURTLES: OUT OF THE SHADOWS;AS TARTARUGAS NINJA: FORA DAS SOMBRAS;E1600265600000;DUBLADO;NÃO;ESTADOS UNIDOS;5001624;CINESYSTEM SHOPPING TOTAL SALA 01;37;6000027;2375;6658;CURITIBA;PR;REDECINE CWB CINEMATOGRÁFICA LTDA;05.747.411/0001-69
14/06/2016;14/06/2016 20:00:00;WARCRAFT;WARCFRAT – O PRIMEIRO ENCONTRO ENTRE DOIS MUNDOS;E1500739800000;DUBLADO;NÃO;ESTADOS UNIDOS;5003420;CINEMARK SHOPPING RAPOSO TAVARES 02;26;6000018;1843;20591;SÃO PAULO;SP;CINEMARK BRASIL S.A;00.779.721/0001-41
14/06/2016;14/06/2016 20:05:00;WARCRAFT;WARCFRAT – O PRIMEIRO ENCONTRO ENTRE DOIS MUNDOS;E1500739800000;ORIGINAL;SIM;ESTADOS UNIDOS;5002603;CINEMAS BENFICA - SALA 1;30;;15690;15691;FORTALEZA;CE;CINEMAS BENFICA LTDA;07.509.597/0001-43
14/06/2016;14/06/2016 20:30:00;NOW YOU SEE ME: THE SECOND ACT;TRUQUE DE MESTRE 2;E1500269900000;DUBLADO;NÃO;ESTADOS UNIDOS;5003424;CINEMARK SHOPPING RAPOSO TAVARES 06;64;6000018;1843;20591;SÃO PAULO;SP;CINEMARK BRASIL S.A;00.779.721/0001-41
14/06/2016;14/06/2016 20:50:00;ALICE THROUGH THE LOOKING GLASS;ALICE ATRAVÉS DO ESPELHO;E1600259100000;DUBLADO;NÃO;ESTADOS UNIDOS;5002063;AGUA VERDE 2;50;6000023;12893;12894;CURITIBA;PR;ESTILO PRODUÇÕES ARTISTICAS LTDA;03.293.165/0001-97
14/06/2016;14/06/2016 20:50:00;NOW YOU SEE ME: THE SECOND ACT;TRUQUE DE MESTRE 2;E1500269900000;DUBLADO;NÃO;ESTADOS UNIDOS;5004488;ARAPIRACA BRA 06;75;6000027;22546;26037;ARAPIRACA;AL;REDECINE BRA CINEMATOGRÁFICA S.A.;15.422.993/0001-67
14/06/2016;14/06/2016 21:00:00;NOW YOU SEE ME 2;TRUQUE DE MESTRE: O 2º ATO;E1700176500000;ORIGINAL;SIM;CANADÁ;5004998;CINESYSTEM AMERICAS 02;60;6000027;5348;28834;RIO DE JANEIRO;RJ;REDECINE - RIO CINEMATOGRAFICA S.A.;07.524.011/0001-10
14/06/2016;14/06/2016 21:00:00;THE CONJURING 2;INVOCAÇÃO DO MAL 2;E1600342300000;DUBLADO;NÃO;ESTADOS UNIDOS;5002062;AGUA VERDE 1;29;6000023;12893;12894;CURITIBA;PR;ESTILO PRODUÇÕES ARTISTICAS LTDA;03.293.165/0001-97
14/06/2016;14/06/2016 21:00:00;WARCRAFT;WARCFRAT – O PRIMEIRO ENCONTRO ENTRE DOIS MUNDOS;E1500739800000;DUBLADO;NÃO;ESTADOS UNIDOS;5004487;ARAPIRACA BRA 05;36;6000027;22546;26037;ARAPIRACA;AL;REDECINE BRA CINEMATOGRÁFICA S.A.;15.422.993/0001-67
14/06/2016;14/06/2016 21:10:00;ALICE THROUGH THE LOOKING GLASS;ALICE ATRAVÉS DO ESPELHO;E1600259100000;DUBLADO;NÃO;ESTADOS UNIDOS;5005001;CINESYSTEM AMERICAS 05;10;6000027;5348;28834;RIO DE JANEIRO;RJ;REDECINE - RIO CINEMATOGRAFICA S.A.;07.524.011/0001-10
14/06/2016;14/06/2016 21:10:00;ALICE THROUGH THE LOOKING GLASS;ALICE ATRAVÉS DO ESPELHO;E1600259100000;DUBLADO;NÃO;ESTADOS UNIDOS;5005576;CINESYSTEM PAULISTA SALA 06;10;6000027;22546;33152;PAULISTA;PE;REDECINE BRA CINEMATOGRÁFICA S.A.;15.422.993/0001-67
14/06/2016;14/06/2016 21:10:00;WARCRAFT;WARCFRAT – O PRIMEIRO ENCONTRO ENTRE DOIS MUNDOS;E1500739800000;DUBLADO;NÃO;ESTADOS UNIDOS;5004440;SALA MACEIO 09;31;6000027;22546;25512;MACEIÓ;AL;REDECINE BRA CINEMATOGRÁFICA S.A.;15.422.993/0001-67
14/06/2016;14/06/2016 21:10:00;X-MEN: APOCALYPSE;X-MEN - APOCALIPSE;E1600181600000;DUBLADO;NÃO;ESTADOS UNIDOS;5004485;ARAPIRACA BRA 03;50;6000027;22546;26037;ARAPIRACA;AL;REDECINE BRA CINEMATOGRÁFICA S.A.;15.422.993/0001-67
14/06/2016;14/06/2016 21:20:00;ALICE THROUGH THE LOOKING GLASS;ALICE ATRAVÉS DO ESPELHO;E1600259100000;DUBLADO;NÃO;ESTADOS UNIDOS;5004484;ARAPIRACA BRA 02;24;6000027;22546;26037;ARAPIRACA;AL;REDECINE BRA CINEMATOGRÁFICA S.A.;15.422.993/0001-67
14/06/2016;14/06/2016 21:20:00;ALICE THROUGH THE LOOKING GLASS;ALICE ATRAVÉS DO ESPELHO;E1600259100000;DUBLADO;NÃO;ESTADOS UNIDOS;5001628;CINESYSTEM SHOPPING TOTAL SALA 05;35;6000027;2375;6658;CURITIBA;PR;REDECINE CWB CINEMATOGRÁFICA LTDA;05.747.411/0001-69
14/06/2016;14/06/2016 21:20:00;THE CONJURING 2;INVOCAÇÃO DO MAL 2;E1600342300000;DUBLADO;NÃO;ESTADOS UNIDOS;5004443;SALA MACEIO 06;76;6000027;22546;25512;MACEIÓ;AL;REDECINE BRA CINEMATOGRÁFICA S.A.;15.422.993/0001-67
14/06/2016;14/06/2016 21:20:00;WARCRAFT;WARCFRAT – O PRIMEIRO ENCONTRO ENTRE DOIS MUNDOS;E1500739800000;ORIGINAL;SIM;ESTADOS UNIDOS;5005000;CINESYSTEM AMERICAS 04;21;6000027;5348;28834;RIO DE JANEIRO;RJ;REDECINE - RIO CINEMATOGRAFICA S.A.;07.524.011/0001-10
14/06/2016;14/06/2016 21:25:00;THE CONJURING 2;INVOCAÇÃO DO MAL 2;E1600342300000;DUBLADO;NÃO;ESTADOS UNIDOS;5003422;CINEMARK SHOPPING RAPOSO TAVARES 04;75;6000018;1843;20591;SÃO PAULO;SP;CINEMARK BRASIL S.A;00.779.721/0001-41
14/06/2016;14/06/2016 21:25:00;WARCRAFT;WARCFRAT – O PRIMEIRO ENCONTRO ENTRE DOIS MUNDOS;E1500739800000;DUBLADO;NÃO;ESTADOS UNIDOS;5001627;CINESYSTEM SHOPPING TOTAL SALA 04;18;6000027;2375;6658;CURITIBA;PR;REDECINE CWB CINEMATOGRÁFICA LTDA;05.747.411/0001-69
14/06/2016;14/06/2016 21:30:00;ALICE THROUGH THE LOOKING GLASS;ALICE ATRAVÉS DO ESPELHO;E1600259100000;DUBLADO;NÃO;ESTADOS UNIDOS;5004441;SALA MACEIO 08;23;6000027;22546;25512;MACEIÓ;AL;REDECINE BRA CINEMATOGRÁFICA S.A.;15.422.993/0001-67
14/06/2016;14/06/2016 21:30:00;NOW YOU SEE ME: THE SECOND ACT;TRUQUE DE MESTRE 2;E1500269900000;DUBLADO;NÃO;ESTADOS UNIDOS;5001626;CINESYSTEM SHOPPING TOTAL SALA 03;35;6000027;2375;6658;CURITIBA;PR;REDECINE CWB CINEMATOGRÁFICA LTDA;05.747.411/0001-69
14/06/2016;14/06/2016 21:30:00;THE CONJURING 2;INVOCAÇÃO DO MAL 2;E1600342300000;DUBLADO;NÃO;ESTADOS UNIDOS;5004483;ARAPIRACA BRA 01;82;6000027;22546;26037;ARAPIRACA;AL;REDECINE BRA CINEMATOGRÁFICA S.A.;15.422.993/0001-67
14/06/2016;14/06/2016 21:40:00;MONEY MONSTER;JOGO DO DINHEIRO;E1500735200000;ORIGINAL;SIM;ESTADOS UNIDOS;5004997;CINESYSTEM AMERICAS 01;14;6000027;5348;28834;RIO DE JANEIRO;RJ;REDECINE - RIO CINEMATOGRAFICA S.A.;07.524.011/0001-10
14/06/2016;14/06/2016 21:40:00;WARCRAFT;WARCFRAT – O PRIMEIRO ENCONTRO ENTRE DOIS MUNDOS;E1500739800000;ORIGINAL;SIM;ESTADOS UNIDOS;5004446;SALA MACEIO 03;44;6000027;22546;25512;MACEIÓ;AL;REDECINE BRA CINEMATOGRÁFICA S.A.;15.422.993/0001-67
14/06/2016;14/06/2016 21:50:00;NOW YOU SEE ME: THE SECOND ACT;TRUQUE DE MESTRE 2;E1500269900000;ORIGINAL;SIM;ESTADOS UNIDOS;5004442;SALA MACEIO 07;72;6000027;22546;25512;MACEIÓ;AL;REDECINE BRA CINEMATOGRÁFICA S.A.;15.422.993/0001-67
14/06/2016;14/06/2016 21:50:00;TEENAGE MUTANT NINJA TURTLES: OUT OF THE SHADOWS;AS TARTARUGAS NINJA: FORA DAS SOMBRAS;E1600265600000;DUBLADO;NÃO;ESTADOS UNIDOS;5004486;ARAPIRACA BRA 04;26;6000027;22546;26037;ARAPIRACA;AL;REDECINE BRA CINEMATOGRÁFICA S.A.;15.422.993/0001-67
14/06/2016;14/06/2016 21:50:00;TEENAGE MUTANT NINJA TURTLES: OUT OF THE SHADOWS;AS TARTARUGAS NINJA: FORA DAS SOMBRAS;E1600265600000;DUBLADO;NÃO;ESTADOS UNIDOS;5003421;CINEMARK SHOPPING RAPOSO TAVARES 03;17;6000018;1843;20591;SÃO PAULO;SP;CINEMARK BRASIL S.A;00.779.721/0001-41
14/06/2016;14/06/2016 21:50:00;THE CONJURING 2;INVOCAÇÃO DO MAL 2;E1600342300000;ORIGINAL;SIM;ESTADOS UNIDOS;5005003;CINESYSTEM AMERICAS 07;15;6000027;5348;28834;RIO DE JANEIRO;RJ;REDECINE - RIO CINEMATOGRAFICA S.A.;07.524.011/0001-10
14/06/2016;14/06/2016 21:50:00;THE CONJURING 2;INVOCAÇÃO DO MAL 2;E1600342300000;DUBLADO;NÃO;ESTADOS UNIDOS;5005578;CINESYSTEM PAULISTA SALA 08 CINÉPIC;10;6000027;22546;33152;PAULISTA;PE;REDECINE BRA CINEMATOGRÁFICA S.A.;15.422.993/0001-67
14/06/2016;14/06/2016 21:50:00;X-MEN: APOCALYPSE;X-MEN - APOCALIPSE;E1600181600000;DUBLADO;NÃO;ESTADOS UNIDOS;5001624;CINESYSTEM SHOPPING TOTAL SALA 01;26;6000027;2375;6658;CURITIBA;PR;REDECINE CWB CINEMATOGRÁFICA LTDA;05.747.411/0001-69
14/06/2016;14/06/2016 22:00:00;NOW YOU SEE ME: THE SECOND ACT;TRUQUE DE MESTRE 2;E1500269900000;DUBLADO;NÃO;ESTADOS UNIDOS;5003425;CINEMARK SHOPPING RAPOSO TAVARES 07;19;6000018;1843;20591;SÃO PAULO;SP;CINEMARK BRASIL S.A;00.779.721/0001-41
14/06/2016;14/06/2016 22:00:00;THE CONJURING 2;INVOCAÇÃO DO MAL 2;E1600342300000;ORIGINAL;SIM;ESTADOS UNIDOS;5005002;CINESYSTEM AMERICAS 06;20;6000027;5348;28834;RIO DE JANEIRO;RJ;REDECINE - RIO CINEMATOGRAFICA S.A.;07.524.011/0001-10
14/06/2016;14/06/2016 22:00:00;THE CONJURING 2;INVOCAÇÃO DO MAL 2;E1600342300000;DUBLADO;NÃO;ESTADOS UNIDOS;5001625;CINESYSTEM SHOPPING TOTAL SALA 02;81;6000027;2375;6658;CURITIBA;PR;REDECINE CWB CINEMATOGRÁFICA LTDA;05.747.411/0001-69
14/06/2016;14/06/2016 22:05:00;THE CONJURING 2;INVOCAÇÃO DO MAL 2;E1600342300000;ORIGINAL;SIM;ESTADOS UNIDOS;5004447;SALA MACEIO 02;81;6000027;22546;25512;MACEIÓ;AL;REDECINE BRA CINEMATOGRÁFICA S.A.;15.422.993/0001-67
14/06/2016;14/06/2016 22:20:00;THE CONJURING 2;INVOCAÇÃO DO MAL 2;E1600342300000;DUBLADO;NÃO;ESTADOS UNIDOS;5003423;CINEMARK SHOPPING RAPOSO TAVARES 05;36;6000018;1843;20591;SÃO PAULO;SP;CINEMARK BRASIL S.A;00.779.721/0001-41
