DATA_EXIBICAO;SESSAO;TITULO_ORIGINAL;TITULO_BRASIL;CPB_ROE;AUDIO;LEGENDADA;PAIS_OBRA;REGISTRO_SALA;NOME_SALA;PUBLICO;REGISTRO_GRUPO_EXIBIDOR;REGISTRO_EXIBIDOR;REGISTRO_COMPLEXO;MUNICIPIO_SALA_COMPLEXO;UF_SALA_COMPLEXO;RAZAO_SOCIAL_EXIBIDORA;CNPJ_EXIBIDORA
22/08/2020;22/08/2020 13:00:00;ONWARD;DOIS IRMÃOS: UMA JORNADA FANTÁSTICA;E1900366400000;DUBLADO;NÃO;ESTADOS UNIDOS;5004879;CIRCUITO CINEMAS PBAS- SALA 01;0;6000028;15568;27873;PARAUAPEBAS;PA;CIRCUITO ENTRETENIMENTO E CINEMAS LTDA;08.068.712/0001-54
22/08/2020;22/08/2020 13:00:01;THE LEGO NINJAGO MOVIE;LEGO NINJAGO - O FILME;E1700366200000;DUBLADO;NÃO;ESTADOS UNIDOS;5006591;DRIVE IN SHOPPING VILLA LOBOS;5;6000006;2872;46069;SÃO PAULO;SP;EMPRESA CENTERPLEX DE CINEMAS LTDA;00.812.310/0001-00
22/08/2020;22/08/2020 13:40:00;SONIC THE HEDGEHOG;SONIC - O FILME;E2000012200000;DUBLADO;NÃO;CANADÁ;5004881;CIRCUITO CINEMAS PBAS- SALA 03;1;6000028;15568;27873;PARAUAPEBAS;PA;CIRCUITO ENTRETENIMENTO E CINEMAS LTDA;08.068.712/0001-54
22/08/2020;22/08/2020 13:45:00;MINHA MÃE É UMA PEÇA 3;;B1900576900000;ORIGINAL;NÃO;BRASIL;5004882;CIRCUITO CINEMAS PBAS- SALA 04;2;6000028;15568;27873;PARAUAPEBAS;PA;CIRCUITO ENTRETENIMENTO E CINEMAS LTDA;08.068.712/0001-54
22/08/2020;22/08/2020 14:00:00;BLOODSHOT;BLOODSHOT;E1900579400000;DUBLADO;NÃO;ESTADOS UNIDOS;5004880;CIRCUITO CINEMAS PBAS- SALA 02;0;6000028;15568;27873;PARAUAPEBAS;PA;CIRCUITO ENTRETENIMENTO E CINEMAS LTDA;08.068.712/0001-54
22/08/2020;22/08/2020 14:10:00;SHAZAM!;SHAZAM!;E1900060900000;DUBLADO;NÃO;ESTADOS UNIDOS;5002727;SALA CINE PLAYARTE MANAUARA 04;10;6000049;260;16356;MANAUS;AM;PLAYARTE CINEMAS LTDA.;60.434.149/0001-00
22/08/2020;22/08/2020 14:30:00;BIRDS OF PREY (AND THE FANTABULOUS EMANCIPATION OF ONE HARLEY QUINN);AVES DE RAPINA (ARLEQUINA E SUA EMANCIPAÇÃO FANTABULOSA);E1900628800000;DUBLADO;NÃO;ESTADOS UNIDOS;5002722;SALA CINE PLAYARTE MANAUARA 07;12;6000049;260;16356;MANAUS;AM;PLAYARTE CINEMAS LTDA.;60.434.149/0001-00
22/08/2020;22/08/2020 15:00:00;DE PERNAS PRO AR 3;;B1900104200000;ORIGINAL;NÃO;BRASIL;5006493;CINE INTER SANTA INES 01;1;6000140;44834;44835;SANTA INÊS;MA;CINEINTER EXIBICOES CINEMATOGRAFICAS LTDA;35.477.354/0001-06
22/08/2020;22/08/2020 15:10:00;GRETEL & HANSEL (2020);MARIA E JOÃO - O CONTO DAS BRUXAS;E1900467000000;DUBLADO;NÃO;ESTADOS UNIDOS;5002723;SALA CINE PLAYARTE MANAUARA 03;21;6000049;260;16356;MANAUS;AM;PLAYARTE CINEMAS LTDA.;60.434.149/0001-00
22/08/2020;22/08/2020 15:30:00;BLOODSHOT;BLOODSHOT;E1900579400000;DUBLADO;NÃO;ESTADOS UNIDOS;5002721;SALA CINE PLAYARTE MANAUARA 01;13;6000049;260;16356;MANAUS;AM;PLAYARTE CINEMAS LTDA.;60.434.149/0001-00
22/08/2020;22/08/2020 15:30:00;ONWARD;DOIS IRMÃOS: UMA JORNADA FANTÁSTICA;E1900366400000;DUBLADO;NÃO;ESTADOS UNIDOS;5004879;CIRCUITO CINEMAS PBAS- SALA 01;2;6000028;15568;27873;PARAUAPEBAS;PA;CIRCUITO ENTRETENIMENTO E CINEMAS LTDA;08.068.712/0001-54
22/08/2020;22/08/2020 15:50:00;JUMANJI: NEXT LEVEL;JUMANJI: PROXIMA FASE;E1900458100000;DUBLADO;NÃO;ESTADOS UNIDOS;5002726;SALA CINE PLAYARTE MANAUARA 06;30;6000049;260;16356;MANAUS;AM;PLAYARTE CINEMAS LTDA.;60.434.149/0001-00
22/08/2020;22/08/2020 16:00:00;JUMANJI: NEXT LEVEL;JUMANJI: PROXIMA FASE;E1900458100000;DUBLADO;NÃO;ESTADOS UNIDOS;5000080;KINOPLEX AMAZONAS SALA 02;7;6000037;1991;2393;MANAUS;AM;EMPRESA CINEMAS SÃO LUIZ S/A;33.497.660/0001-89
22/08/2020;22/08/2020 16:00:00;JUMANJI: NEXT LEVEL;JUMANJI: PROXIMA FASE;E1900458100000;DUBLADO;NÃO;ESTADOS UNIDOS;5005930;MOBI CINE AÇAILÂNDIA SALA 02;12;6000040;38236;38237;AÇAILÂNDIA;MA;C A V LEMOS E CIA LTDA - ME;14.717.191/0001-11
22/08/2020;22/08/2020 16:00:00;ONWARD;DOIS IRMÃOS: UMA JORNADA FANTÁSTICA;E1900366400000;DUBLADO;NÃO;ESTADOS UNIDOS;5001149;CINE PORTO;0;;2351;2352;UBATUBA;SP;CINEMATOGRÁFICA LITORAL NORTE LTDA-EPP;04.165.613/0001-30
22/08/2020;22/08/2020 16:00:00;OS PARÇAS 2;;B1900487100000;ORIGINAL;NÃO;BRASIL;5006494;CINE INTER SANTA INES 02;1;6000140;44834;44835;SANTA INÊS;MA;CINEINTER EXIBICOES CINEMATOGRAFICAS LTDA;35.477.354/0001-06
22/08/2020;22/08/2020 16:00:00;SONIC THE HEDGEHOG;SONIC - O FILME;E2000012200000;DUBLADO;NÃO;CANADÁ;5004881;CIRCUITO CINEMAS PBAS- SALA 03;9;6000028;15568;27873;PARAUAPEBAS;PA;CIRCUITO ENTRETENIMENTO E CINEMAS LTDA;08.068.712/0001-54
22/08/2020;22/08/2020 16:15:00;MINHA MÃE É UMA PEÇA 3;;B1900576900000;ORIGINAL;NÃO;BRASIL;5004882;CIRCUITO CINEMAS PBAS- SALA 04;7;6000028;15568;27873;PARAUAPEBAS;PA;CIRCUITO ENTRETENIMENTO E CINEMAS LTDA;08.068.712/0001-54
22/08/2020;22/08/2020 16:30:00;BLOODSHOT;BLOODSHOT;E1900579400000;DUBLADO;NÃO;ESTADOS UNIDOS;5004880;CIRCUITO CINEMAS PBAS- SALA 02;17;6000028;15568;27873;PARAUAPEBAS;PA;CIRCUITO ENTRETENIMENTO E CINEMAS LTDA;08.068.712/0001-54
22/08/2020;22/08/2020 16:30:00;QUEEN OF SPADES: THROUGH THE LOOKING GLASS;A MALDIÇÃO DO ESPELHO;E1900574500000;DUBLADO;NÃO;RÚSSIA;5004823;KINOPLEX AMAZONAS SALA 05;23;6000037;1991;2393;MANAUS;AM;EMPRESA CINEMAS SÃO LUIZ S/A;33.497.660/0001-89
22/08/2020;22/08/2020 16:40:00;BLOODSHOT;BLOODSHOT;E1900579400000;DUBLADO;NÃO;ESTADOS UNIDOS;5005929;MOBI CINE AÇAILÂNDIA SALA 01;0;6000040;38236;38237;AÇAILÂNDIA;MA;C A V LEMOS E CIA LTDA - ME;14.717.191/0001-11
22/08/2020;22/08/2020 16:50:00;JUSTICE LEAGUE;LIGA DA JUSTIÇA;E1700482600000;DUBLADO;NÃO;ESTADOS UNIDOS;5002722;SALA CINE PLAYARTE MANAUARA 07;15;6000049;260;16356;MANAUS;AM;PLAYARTE CINEMAS LTDA.;60.434.149/0001-00
22/08/2020;22/08/2020 17:00:00;FAST & FURIOUS PRESENTS: HOBBS & SHAW;VELOZES & FURIOSOS: HOBBS & SHAW;E1900264000000;DUBLADO;NÃO;ESTADOS UNIDOS;5000081;KINOPLEX AMAZONAS SALA 03;10;6000037;1991;2393;MANAUS;AM;EMPRESA CINEMAS SÃO LUIZ S/A;33.497.660/0001-89
22/08/2020;22/08/2020 17:00:00;QUEEN OF SPADES: THROUGH THE LOOKING GLASS;A MALDIÇÃO DO ESPELHO;E1900574500000;DUBLADO;NÃO;RÚSSIA;5005931;MOBI CINE AÇAILÂNDIA SALA 03;4;6000040;38236;38237;AÇAILÂNDIA;MA;C A V LEMOS E CIA LTDA - ME;14.717.191/0001-11
22/08/2020;22/08/2020 17:00:00;THE INVISIBLE MAN;O HOMEM INVISÍVEL;E1900438600000;DUBLADO;NÃO;AUSTRÁLIA;5002727;SALA CINE PLAYARTE MANAUARA 04;28;6000049;260;16356;MANAUS;AM;PLAYARTE CINEMAS LTDA.;60.434.149/0001-00
22/08/2020;22/08/2020 17:10:00;OS PARÇAS 2;;B1900487100000;ORIGINAL;NÃO;BRASIL;5006493;CINE INTER SANTA INES 01;1;6000140;44834;44835;SANTA INÊS;MA;CINEINTER EXIBICOES CINEMATOGRAFICAS LTDA;35.477.354/0001-06
22/08/2020;22/08/2020 17:20:00;MINHA MÃE É UMA PEÇA 3;;B1900576900000;ORIGINAL;NÃO;BRASIL;5000079;KINOPLEX AMAZONAS SALA 01;4;6000037;1991;2393;MANAUS;AM;EMPRESA CINEMAS SÃO LUIZ S/A;33.497.660/0001-89
22/08/2020;22/08/2020 17:20:00;SHAZAM!;SHAZAM!;E1900060900000;DUBLADO;NÃO;ESTADOS UNIDOS;5002723;SALA CINE PLAYARTE MANAUARA 03;6;6000049;260;16356;MANAUS;AM;PLAYARTE CINEMAS LTDA.;60.434.149/0001-00
22/08/2020;22/08/2020 18:00:00;BLOODSHOT;BLOODSHOT;E1900579400000;DUBLADO;NÃO;ESTADOS UNIDOS;5002721;SALA CINE PLAYARTE MANAUARA 01;18;6000049;260;16356;MANAUS;AM;PLAYARTE CINEMAS LTDA.;60.434.149/0001-00
22/08/2020;22/08/2020 18:00:00;COCO;VIVA - A VIDA É UMA FESTA;E1700453400000;DUBLADO;NÃO;ESTADOS UNIDOS;5006567;CINESHOW TUBARÃO DRIVE-IN;10;6000025;33770;33771;TUBARÃO;SC;TUBARÃO FILMES LTDA;24.971.903/0001-88
22/08/2020;22/08/2020 18:00:00;GRETEL & HANSEL (2020);MARIA E JOÃO - O CONTO DAS BRUXAS;E1900467000000;DUBLADO;NÃO;ESTADOS UNIDOS;5004822;KINOPLEX AMAZONAS SALA 04;18;6000037;1991;2393;MANAUS;AM;EMPRESA CINEMAS SÃO LUIZ S/A;33.497.660/0001-89
22/08/2020;22/08/2020 18:00:00;HELLBOY;HELLBOY;E1900033700000;DUBLADO;NÃO;ESTADOS UNIDOS;5006591;DRIVE IN SHOPPING VILLA LOBOS;9;6000006;2872;46069;SÃO PAULO;SP;EMPRESA CENTERPLEX DE CINEMAS LTDA;00.812.310/0001-00
22/08/2020;22/08/2020 18:00:00;ONWARD;DOIS IRMÃOS: UMA JORNADA FANTÁSTICA;E1900366400000;DUBLADO;NÃO;ESTADOS UNIDOS;5004879;CIRCUITO CINEMAS PBAS- SALA 01;5;6000028;15568;27873;PARAUAPEBAS;PA;CIRCUITO ENTRETENIMENTO E CINEMAS LTDA;08.068.712/0001-54
22/08/2020;22/08/2020 18:00:00;THE SECRET LIFE OF PETS 2;PETS: A VIDA SECRETA DOS BICHOS 2;E1900162100000;DUBLADO;NÃO;ESTADOS UNIDOS;5002102;CINE DRIVEIN;185;;5465;6715;BRASÍLIA;DF;STARK'S CINEMA E LANCHONETE LTDA.;32.917.296/0001-04
22/08/2020;22/08/2020 18:10:00;JOHN WICK 3: PARABELLUM;JOHN WICK 3: PARABELLUM;E1900126300000;DUBLADO;NÃO;ESTADOS UNIDOS;5006494;CINE INTER SANTA INES 02;9;6000140;44834;44835;SANTA INÊS;MA;CINEINTER EXIBICOES CINEMATOGRAFICAS LTDA;35.477.354/0001-06
22/08/2020;22/08/2020 18:10:00;THE LION KING;O REI LEÃO;E1900267700000;DUBLADO;NÃO;ESTADOS UNIDOS;5006572;CINE 14 BIS DRIVE-IN;3;;5822;6623;GUAXUPÉ;MG;GUAXUPE PROMOCOES E EVENTOS LTDA;03.929.354/0001-03
22/08/2020;22/08/2020 18:15:00;Mostras e Festivais;;G0000000000004;ORIGINAL;NÃO;;5006578;CINE ARTE PAJUÇARA DRIVE-IN;3;;26591;26593;MACEIÓ;AL;ASSOCIAÇÃO CULTURAL ARTE PAJUÇARA - ACAP;19.442.911/0001-05
22/08/2020;22/08/2020 18:15:00;WONDER PARK;O PARQUE DOS SONHOS;E1900025300000;DUBLADO;NÃO;ESTADOS UNIDOS;5006602;TOPAZIO POLO SHOPPING DRIVE IN;40;6000057;2968;19182;INDAIATUBA;SP;LUI CINEMATOGRÁFICA LTDA.;71.912.711/0001-80
22/08/2020;22/08/2020 18:20:00;JOKER;CORINGA;E1900357300000;DUBLADO;NÃO;CANADÁ;5004881;CIRCUITO CINEMAS PBAS- SALA 03;1;6000028;15568;27873;PARAUAPEBAS;PA;CIRCUITO ENTRETENIMENTO E CINEMAS LTDA;08.068.712/0001-54
22/08/2020;22/08/2020 18:20:00;MINHA MÃE É UMA PEÇA 3;;B1900576900000;ORIGINAL;NÃO;BRASIL;5006590;SUPER DRIVE IN;9;6000006;2872;46068;SÃO BERNARDO DO CAMPO;SP;EMPRESA CENTERPLEX DE CINEMAS LTDA;00.812.310/0001-00
22/08/2020;22/08/2020 18:20:00;TEEN TITANS GO! TO THE MOVIES;JOVENS TITÃS EM AÇÃO! NOS CINEMAS;E1800215000000;DUBLADO;NÃO;ESTADOS UNIDOS;5006600;DRIVE - GYN ESTAÇÃO DA MODA;15;6000039;45898;46149;GOIÂNIA;GO;DRIVE-GYN ENTRETENIMENTO LTDA;37.109.882/0001-38
22/08/2020;22/08/2020 18:30:00;CINDERELA POP;;B1900048500000;ORIGINAL;NÃO;BRASIL;5006571;CINESYSTEM AMÉRICAS DRIVE-IN;8;6000027;5348;28834;RIO DE JANEIRO;RJ;REDECINE - RIO CINEMATOGRAFICA S.A.;07.524.011/0001-10
22/08/2020;22/08/2020 18:30:00;D.P.A. - DETETIVES DO PRÉDIO AZUL;;B1700328500000;ORIGINAL;NÃO;BRASIL;5006580;CINESYSTEM MORUMBI TOWN DRIVE-IN;56;6000027;22546;34941;SÃO PAULO;SP;REDECINE BRA CINEMATOGRÁFICA S.A.;15.422.993/0001-67
22/08/2020;22/08/2020 18:30:00;HOW TO TRAIN YOUR DRAGON: THE HIDDEN WORLD;COMO TREINAR O SEU DRAGÃO 3;E1800532200000;DUBLADO;NÃO;ESTADOS UNIDOS;5006610;CINESYSTEM DRIVE-IN AEROPORTO VITÓRIA;10;6000027;22546;46257;VITÓRIA;ES;REDECINE BRA CINEMATOGRÁFICA S.A.;15.422.993/0001-67
22/08/2020;22/08/2020 18:30:00;JUMANJI: NEXT LEVEL;JUMANJI: PROXIMA FASE;E1900458100000;DUBLADO;NÃO;ESTADOS UNIDOS;5006568;CINE + ARTE XANGRI-LÁ DRIVE-IN;19;6000103;32155;45890;XANGRI-LÁ;RS;EWERTON LUIS DE SOUZA BRANDOLT;23.288.683/0001-20
22/08/2020;22/08/2020 18:30:00;MANOU THE SWIFT;VOANDO ALTO;E1900126900000;DUBLADO;NÃO;ALEMANHA;5006579;CINESYSTEM BRÁS DRIVE-IN;16;6000027;22546;34941;SÃO PAULO;SP;REDECINE BRA CINEMATOGRÁFICA S.A.;15.422.993/0001-67
22/08/2020;22/08/2020 18:30:00;ONWARD;DOIS IRMÃOS: UMA JORNADA FANTÁSTICA;E1900366400000;DUBLADO;NÃO;ESTADOS UNIDOS;5006587;CENTERPLEX CINE ESTANCIA DRIVE PARK;17;6000006;27814;46014;SÃO BERNARDO DO CAMPO;SP;CINEMATOGRÁFICA LIMEIRA LTDA;17.360.792/0001-08
22/08/2020;22/08/2020 18:30:00;ONWARD;DOIS IRMÃOS: UMA JORNADA FANTÁSTICA;E1900366400000;ORIGINAL;NÃO;ESTADOS UNIDOS;5001149;CINE PORTO;0;;2351;2352;UBATUBA;SP;CINEMATOGRÁFICA LITORAL NORTE LTDA-EPP;04.165.613/0001-30
22/08/2020;22/08/2020 18:30:00;STORKS;CEGONHAS - A HISTÓRIA QUE NÃO TE CONTARAM;E1600405300000;DUBLADO;NÃO;ESTADOS UNIDOS;5006618;DRIVE - GYN SERRA DOURADA 02;11;6000039;45898;46312;GOIÂNIA;GO;DRIVE-GYN ENTRETENIMENTO LTDA;37.109.882/0001-38
22/08/2020;22/08/2020 18:30:00;THE LION KING;O REI LEÃO;E1900267700000;DUBLADO;NÃO;ESTADOS UNIDOS;5006621;CINEPLUS PLANETA DRIVE IN PINHAIS;45;6000023;15673;46339;PINHAIS;PR;VITOMAQ PRODUÇÕES ARTISTICAS E CINEMA LTDA - ME;07.617.254/0001-00
22/08/2020;22/08/2020 18:30:00;THE SECRET LIFE OF PETS 2;PETS: A VIDA SECRETA DOS BICHOS 2;E1900162100000;DUBLADO;NÃO;ESTADOS UNIDOS;5006606;CINE CAVALIERE ORLANDI DRIVE IN;4;;15009;15010;SOCORRO;SP;ORLANDI MARCHESE LTDA - ME;03.091.068/0001-11
22/08/2020;22/08/2020 18:30:00;VOLUME MORTO;;B2000101100000;ORIGINAL;NÃO;BRASIL;5006558;CINESYSTEM IGUATEMI FLN DRIVE-IN;0;6000027;22546;41695;FLORIANÓPOLIS;SC;REDECINE BRA CINEMATOGRÁFICA S.A.;15.422.993/0001-67
22/08/2020;22/08/2020 18:30:01;HOW TO TRAIN YOUR DRAGON: THE HIDDEN WORLD;COMO TREINAR O SEU DRAGÃO 3;E1800532200000;DUBLADO;NÃO;ESTADOS UNIDOS;5006560;CINE A ITAJUBÁ DRIVE-IN;7;6000008;15833;41725;ITAJUBÁ;MG;CINE A LTDA;10.894.937/0001-01
22/08/2020;22/08/2020 18:30:01;JUMANJI: NEXT LEVEL;JUMANJI: PROXIMA FASE;E1900458100000;DUBLADO;NÃO;ESTADOS UNIDOS;5006595;CENTERPLEX ESTAÇÃO ATIBAIA DRIVE-IN;22;6000006;2836;2843;ATIBAIA;SP;EMPRESA SAO LUIZ DE CINEMAS LTDA - EM RECUPERACAO JUDICIAL;52.067.071/0001-05
22/08/2020;22/08/2020 18:35:00;JUMANJI: NEXT LEVEL;JUMANJI: PROXIMA FASE;E1900458100000;DUBLADO;NÃO;ESTADOS UNIDOS;5005930;MOBI CINE AÇAILÂNDIA SALA 02;4;6000040;38236;38237;AÇAILÂNDIA;MA;C A V LEMOS E CIA LTDA - ME;14.717.191/0001-11
22/08/2020;22/08/2020 18:40:00;GRETEL & HANSEL (2020);MARIA E JOÃO - O CONTO DAS BRUXAS;E1900467000000;DUBLADO;NÃO;ESTADOS UNIDOS;5002726;SALA CINE PLAYARTE MANAUARA 06;39;6000049;260;16356;MANAUS;AM;PLAYARTE CINEMAS LTDA.;60.434.149/0001-00
22/08/2020;22/08/2020 18:40:00;HOW TO TRAIN YOUR DRAGON: THE HIDDEN WORLD;COMO TREINAR O SEU DRAGÃO 3;E1800532200000;DUBLADO;NÃO;ESTADOS UNIDOS;5006574;DRIVE IN CINEART ALPHAVILLE;45;6000013;437;45925;NOVA LIMA;MG;DELTA FILMES LTDA;01.735.159/0001-17
22/08/2020;22/08/2020 18:40:00;ONWARD;DOIS IRMÃOS: UMA JORNADA FANTÁSTICA;E1900366400000;DUBLADO;NÃO;ESTADOS UNIDOS;5006620;CINEMAIS MONTES CLAROS DRIVE IN;5;6000017;2892;23844;MONTES CLAROS;MG;CINEMAIS CINEMAS LTDA;03.868.869/0001-40
22/08/2020;22/08/2020 18:45:00;BIRDS OF PREY (AND THE FANTABULOUS EMANCIPATION OF ONE HARLEY QUINN);AVES DE RAPINA (ARLEQUINA E SUA EMANCIPAÇÃO FANTABULOSA);E1900628800000;DUBLADO;NÃO;ESTADOS UNIDOS;5004882;CIRCUITO CINEMAS PBAS- SALA 04;5;6000028;15568;27873;PARAUAPEBAS;PA;CIRCUITO ENTRETENIMENTO E CINEMAS LTDA;08.068.712/0001-54
22/08/2020;22/08/2020 18:45:00;GODZILLA - KING OF THE MONSTERS;GODZILLA II – REI DOS MONSTROS;E1900062600000;DUBLADO;NÃO;ESTADOS UNIDOS;5006619;DRIVE - GYN SERRA DOURADA 03;8;6000039;45898;46312;GOIÂNIA;GO;DRIVE-GYN ENTRETENIMENTO LTDA;37.109.882/0001-38
22/08/2020;22/08/2020 19:00:00;BLOODSHOT;BLOODSHOT;E1900579400000;DUBLADO;NÃO;ESTADOS UNIDOS;5004880;CIRCUITO CINEMAS PBAS- SALA 02;15;6000028;15568;27873;PARAUAPEBAS;PA;CIRCUITO ENTRETENIMENTO E CINEMAS LTDA;08.068.712/0001-54
22/08/2020;22/08/2020 19:00:00;BLOODSHOT;BLOODSHOT;E1900579400000;DUBLADO;NÃO;ESTADOS UNIDOS;5005929;MOBI CINE AÇAILÂNDIA SALA 01;2;6000040;38236;38237;AÇAILÂNDIA;MA;C A V LEMOS E CIA LTDA - ME;14.717.191/0001-11
22/08/2020;22/08/2020 19:00:00;COCO;VIVA - A VIDA É UMA FESTA;E1700453400000;DUBLADO;NÃO;ESTADOS UNIDOS;5006570;TOP CINEPLEX PAULÍNIA - DRIVE-IN;8;6000056;19398;19399;PAULÍNIA;SP;DIAS CINEMATOGRÁFICA LTDA-EPP;12.128.142/0001-18
22/08/2020;22/08/2020 19:00:00;QUEEN OF SPADES: THROUGH THE LOOKING GLASS;A MALDIÇÃO DO ESPELHO;E1900574500000;DUBLADO;NÃO;RÚSSIA;5005931;MOBI CINE AÇAILÂNDIA SALA 03;3;6000040;38236;38237;AÇAILÂNDIA;MA;C A V LEMOS E CIA LTDA - ME;14.717.191/0001-11
22/08/2020;22/08/2020 19:00:00;SPIES IN DISGUISE;UM ESPIÃO ANIMAL;E2000002000000;DUBLADO;NÃO;ESTADOS UNIDOS;5003450;CASTRO 1;4;6000023;12893;21049;CASTRO;PR;ESTILO PRODUÇÕES ARTISTICAS LTDA;03.293.165/0001-97
22/08/2020;22/08/2020 19:00:00;THE INVISIBLE MAN;O HOMEM INVISÍVEL;E1900438600000;DUBLADO;NÃO;AUSTRÁLIA;5000080;KINOPLEX AMAZONAS SALA 02;27;6000037;1991;2393;MANAUS;AM;EMPRESA CINEMAS SÃO LUIZ S/A;33.497.660/0001-89
22/08/2020;22/08/2020 19:10:00;DE PERNAS PRO AR 3;;B1900104200000;ORIGINAL;NÃO;BRASIL;5006493;CINE INTER SANTA INES 01;3;6000140;44834;44835;SANTA INÊS;MA;CINEINTER EXIBICOES CINEMATOGRAFICAS LTDA;35.477.354/0001-06
22/08/2020;22/08/2020 19:15:00;THE SECRET LIFE OF PETS 2;PETS: A VIDA SECRETA DOS BICHOS 2;E1900162100000;DUBLADO;NÃO;ESTADOS UNIDOS;5006586;MULTICINE DRIVE IN - CIDADE JARDIM;8;6000045;5935;30736;GOIÂNIA;GO;MULTICINE CINEMAS LTDA;07.609.246/0001-04
22/08/2020;22/08/2020 19:15:00;WONDER PARK;O PARQUE DOS SONHOS;E1900025300000;DUBLADO;NÃO;ESTADOS UNIDOS;5006605;MULTICINE MOSSORÓ DRIVE IN;6;6000045;5935;17881;MOSSORÓ;RN;MULTICINE CINEMAS LTDA;07.609.246/0001-04
22/08/2020;22/08/2020 19:30:00;BAD BOYS FOR LIFE;BAD BOYS PARA SEMPRE;E1900525600000;DUBLADO;NÃO;ESTADOS UNIDOS;5004823;KINOPLEX AMAZONAS SALA 05;14;6000037;1991;2393;MANAUS;AM;EMPRESA CINEMAS SÃO LUIZ S/A;33.497.660/0001-89
22/08/2020;22/08/2020 19:30:00;BLOODSHOT;BLOODSHOT;E1900579400000;DUBLADO;NÃO;ESTADOS UNIDOS;5002722;SALA CINE PLAYARTE MANAUARA 07;18;6000049;260;16356;MANAUS;AM;PLAYARTE CINEMAS LTDA.;60.434.149/0001-00
22/08/2020;22/08/2020 19:50:00;AQUAMAN;AQUAMAN;E1800433400000;DUBLADO;NÃO;ESTADOS UNIDOS;5002727;SALA CINE PLAYARTE MANAUARA 04;5;6000049;260;16356;MANAUS;AM;PLAYARTE CINEMAS LTDA.;60.434.149/0001-00
22/08/2020;22/08/2020 20:00:00;ALADDIN;ALADDIN;E1900188100000;DUBLADO;NÃO;ESTADOS UNIDOS;5002102;CINE DRIVEIN;185;;5465;6715;BRASÍLIA;DF;STARK'S CINEMA E LANCHONETE LTDA.;32.917.296/0001-04
22/08/2020;22/08/2020 20:00:00;BLOODSHOT;BLOODSHOT;E1900579400000;DUBLADO;NÃO;ESTADOS UNIDOS;5000079;KINOPLEX AMAZONAS SALA 01;8;6000037;1991;2393;MANAUS;AM;EMPRESA CINEMAS SÃO LUIZ S/A;33.497.660/0001-89
22/08/2020;22/08/2020 20:00:00;DOLITTLE;DOLITTLE;E1900437900000;DUBLADO;NÃO;ESTADOS UNIDOS;5006561;CINEART CACOAL SHOPPING SALA DRIVE-IN;5;;19535;37071;CACOAL;RO;CINE ART LTDA ME;07.083.456/0001-01
22/08/2020;22/08/2020 20:00:00;GRETEL & HANSEL (2020);MARIA E JOÃO - O CONTO DAS BRUXAS;E1900467000000;DUBLADO;NÃO;ESTADOS UNIDOS;5003451;CASTRO 2;6;6000023;12893;21049;CASTRO;PR;ESTILO PRODUÇÕES ARTISTICAS LTDA;03.293.165/0001-97
22/08/2020;22/08/2020 20:00:00;O VENDEDOR DE SONHOS;;B1600710700000;ORIGINAL;NÃO;BRASIL;5005024;CINE GLOBO SANTA ROSA;0;6000010;20979;29163;SANTA ROSA;RS;CINE GLOBO EXIBICOES CINEMATOGRAFICAS LTDA;14.805.201/0001-70
22/08/2020;22/08/2020 20:05:00;THE INVISIBLE MAN;O HOMEM INVISÍVEL;E1900438600000;ORIGINAL;SIM;AUSTRÁLIA;5006558;CINESYSTEM IGUATEMI FLN DRIVE-IN;0;6000027;22546;41695;FLORIANÓPOLIS;SC;REDECINE BRA CINEMATOGRÁFICA S.A.;15.422.993/0001-67
22/08/2020;22/08/2020 20:10:00;A STAR IS BORN;NASCE UMA ESTRELA;E1800303500000;ORIGINAL;SIM;ESTADOS UNIDOS;5006600;DRIVE - GYN ESTAÇÃO DA MODA;20;6000039;45898;46149;GOIÂNIA;GO;DRIVE-GYN ENTRETENIMENTO LTDA;37.109.882/0001-38
22/08/2020;22/08/2020 20:10:00;BAD BOYS FOR LIFE;BAD BOYS PARA SEMPRE;E1900525600000;DUBLADO;NÃO;ESTADOS UNIDOS;5002723;SALA CINE PLAYARTE MANAUARA 03;20;6000049;260;16356;MANAUS;AM;PLAYARTE CINEMAS LTDA.;60.434.149/0001-00
22/08/2020;22/08/2020 20:10:00;MORTAL ENGINES;MÁQUINAS MORTAIS;E1800532500000;DUBLADO;NÃO;ESTADOS UNIDOS;5006606;CINE CAVALIERE ORLANDI DRIVE IN;7;;15009;15010;SOCORRO;SP;ORLANDI MARCHESE LTDA - ME;03.091.068/0001-11
22/08/2020;22/08/2020 20:15:00;JUSTICE LEAGUE;LIGA DA JUSTIÇA;E1700482600000;DUBLADO;NÃO;ESTADOS UNIDOS;5006579;CINESYSTEM BRÁS DRIVE-IN;20;6000027;22546;34941;SÃO PAULO;SP;REDECINE BRA CINEMATOGRÁFICA S.A.;15.422.993/0001-67
22/08/2020;22/08/2020 20:15:00;THE MUMMY;A MÚMIA;E1500758800000;DUBLADO;NÃO;ESTADOS UNIDOS;5000081;KINOPLEX AMAZONAS SALA 03;2;6000037;1991;2393;MANAUS;AM;EMPRESA CINEMAS SÃO LUIZ S/A;33.497.660/0001-89
22/08/2020;22/08/2020 20:15:00;THE SHACK;A CABANA;E1700059700000;DUBLADO;NÃO;ESTADOS UNIDOS;5006602;TOPAZIO POLO SHOPPING DRIVE IN;40;6000057;2968;19182;INDAIATUBA;SP;LUI CINEMATOGRÁFICA LTDA.;71.912.711/0001-80
22/08/2020;22/08/2020 20:15:00;YESTERDAY;YESTERDAY;E1900265700000;ORIGINAL;SIM;REINO UNIDO;5006618;DRIVE - GYN SERRA DOURADA 02;22;6000039;45898;46312;GOIÂNIA;GO;DRIVE-GYN ENTRETENIMENTO LTDA;37.109.882/0001-38
22/08/2020;22/08/2020 20:20:00;VOLUME MORTO;;B2000101100000;ORIGINAL;NÃO;BRASIL;5006578;CINE ARTE PAJUÇARA DRIVE-IN;7;;26591;26593;MACEIÓ;AL;ASSOCIAÇÃO CULTURAL ARTE PAJUÇARA - ACAP;19.442.911/0001-05
22/08/2020;22/08/2020 20:25:00;BOHEMIAN RHAPSODY;BOHEMIAN RHAPSODY;E1800251900000;DUBLADO;NÃO;ESTADOS UNIDOS;5006567;CINESHOW TUBARÃO DRIVE-IN;3;6000025;33770;33771;TUBARÃO;SC;TUBARÃO FILMES LTDA;24.971.903/0001-88
22/08/2020;22/08/2020 20:30:00;BLOODSHOT;BLOODSHOT;E1900579400000;DUBLADO;NÃO;ESTADOS UNIDOS;5002721;SALA CINE PLAYARTE MANAUARA 01;17;6000049;260;16356;MANAUS;AM;PLAYARTE CINEMAS LTDA.;60.434.149/0001-00
22/08/2020;22/08/2020 20:30:00;ONWARD;DOIS IRMÃOS: UMA JORNADA FANTÁSTICA;E1900366400000;DUBLADO;NÃO;ESTADOS UNIDOS;5004879;CIRCUITO CINEMAS PBAS- SALA 01;16;6000028;15568;27873;PARAUAPEBAS;PA;CIRCUITO ENTRETENIMENTO E CINEMAS LTDA;08.068.712/0001-54
22/08/2020;22/08/2020 20:30:00;OS ESPETACULARES;;B2000163800000;ORIGINAL;NÃO;BRASIL;5006571;CINESYSTEM AMÉRICAS DRIVE-IN;48;6000027;5348;28834;RIO DE JANEIRO;RJ;REDECINE - RIO CINEMATOGRAFICA S.A.;07.524.011/0001-10
22/08/2020;22/08/2020 20:30:00;QUEEN OF SPADES: THROUGH THE LOOKING GLASS;A MALDIÇÃO DO ESPELHO;E1900574500000;DUBLADO;NÃO;RÚSSIA;5004822;KINOPLEX AMAZONAS SALA 04;30;6000037;1991;2393;MANAUS;AM;EMPRESA CINEMAS SÃO LUIZ S/A;33.497.660/0001-89
22/08/2020;22/08/2020 20:30:00;VOLUME MORTO;;B2000101100000;ORIGINAL;NÃO;BRASIL;5006580;CINESYSTEM MORUMBI TOWN DRIVE-IN;18;6000027;22546;34941;SÃO PAULO;SP;REDECINE BRA CINEMATOGRÁFICA S.A.;15.422.993/0001-67
22/08/2020;22/08/2020 20:40:00;OS ESPETACULARES;;B2000163800000;ORIGINAL;NÃO;BRASIL;5006610;CINESYSTEM DRIVE-IN AEROPORTO VITÓRIA;13;6000027;22546;46257;VITÓRIA;ES;REDECINE BRA CINEMATOGRÁFICA S.A.;15.422.993/0001-67
22/08/2020;22/08/2020 20:50:00;GRETEL & HANSEL (2020);MARIA E JOÃO - O CONTO DAS BRUXAS;E1900467000000;DUBLADO;NÃO;ESTADOS UNIDOS;5002726;SALA CINE PLAYARTE MANAUARA 06;19;6000049;260;16356;MANAUS;AM;PLAYARTE CINEMAS LTDA.;60.434.149/0001-00
22/08/2020;22/08/2020 20:50:01;JOHN WICK 3: PARABELLUM;JOHN WICK 3: PARABELLUM;E1900126300000;DUBLADO;NÃO;ESTADOS UNIDOS;5006494;CINE INTER SANTA INES 02;13;6000140;44834;44835;SANTA INÊS;MA;CINEINTER EXIBICOES CINEMATOGRAFICAS LTDA;35.477.354/0001-06
22/08/2020;22/08/2020 21:00:00;BLOODSHOT;BLOODSHOT;E1900579400000;DUBLADO;NÃO;ESTADOS UNIDOS;5006568;CINE + ARTE XANGRI-LÁ DRIVE-IN;37;6000103;32155;45890;XANGRI-LÁ;RS;EWERTON LUIS DE SOUZA BRANDOLT;23.288.683/0001-20
22/08/2020;22/08/2020 21:00:00;JOHN WICK 3: PARABELLUM;JOHN WICK 3: PARABELLUM;E1900126300000;DUBLADO;NÃO;ESTADOS UNIDOS;5006572;CINE 14 BIS DRIVE-IN;12;;5822;6623;GUAXUPÉ;MG;GUAXUPE PROMOCOES E EVENTOS LTDA;03.929.354/0001-03
22/08/2020;22/08/2020 21:00:00;JOKER;CORINGA;E1900357300000;DUBLADO;NÃO;CANADÁ;5004881;CIRCUITO CINEMAS PBAS- SALA 03;8;6000028;15568;27873;PARAUAPEBAS;PA;CIRCUITO ENTRETENIMENTO E CINEMAS LTDA;08.068.712/0001-54
22/08/2020;22/08/2020 21:00:00;O CORINGA DO CINEMA;;B1900391400000;DUBLADO;NÃO;BRASIL;5006560;CINE A ITAJUBÁ DRIVE-IN;6;6000008;15833;41725;ITAJUBÁ;MG;CINE A LTDA;10.894.937/0001-01
22/08/2020;22/08/2020 21:00:00;QUEEN OF SPADES: THROUGH THE LOOKING GLASS;A MALDIÇÃO DO ESPELHO;E1900574500000;DUBLADO;NÃO;RÚSSIA;5005931;MOBI CINE AÇAILÂNDIA SALA 03;8;6000040;38236;38237;AÇAILÂNDIA;MA;C A V LEMOS E CIA LTDA - ME;14.717.191/0001-11
22/08/2020;22/08/2020 21:00:01;GREASE;GREASE - NOS TEMPOS DA BRILHANTINA;E1402644200000;DUBLADO;NÃO;ESTADOS UNIDOS;5006587;CENTERPLEX CINE ESTANCIA DRIVE PARK;0;6000006;27814;46014;SÃO BERNARDO DO CAMPO;SP;CINEMATOGRÁFICA LIMEIRA LTDA;17.360.792/0001-08
22/08/2020;22/08/2020 21:00:01;THE FATE OF THE FURIOUS;VELOZES E FURIOSOS 8;E1700045600000;DUBLADO;NÃO;FRANÇA;5006574;DRIVE IN CINEART ALPHAVILLE;34;6000013;437;45925;NOVA LIMA;MG;DELTA FILMES LTDA;01.735.159/0001-17
22/08/2020;22/08/2020 21:10:00;BAD BOYS 3;BAD BOYS 3;E1500757400000;DUBLADO;NÃO;ESTADOS UNIDOS;5005930;MOBI CINE AÇAILÂNDIA SALA 02;2;6000040;38236;38237;AÇAILÂNDIA;MA;C A V LEMOS E CIA LTDA - ME;14.717.191/0001-11
22/08/2020;22/08/2020 21:10:00;CAPTAIN MARVEL;CAPITÃ MARVEL;E1900011200000;DUBLADO;NÃO;ESTADOS UNIDOS;5006570;TOP CINEPLEX PAULÍNIA - DRIVE-IN;11;6000056;19398;19399;PAULÍNIA;SP;DIAS CINEMATOGRÁFICA LTDA-EPP;12.128.142/0001-18
22/08/2020;22/08/2020 21:10:00;YESTERDAY;YESTERDAY;E1900265700000;DUBLADO;NÃO;REINO UNIDO;5006620;CINEMAIS MONTES CLAROS DRIVE IN;18;6000017;2892;23844;MONTES CLAROS;MG;CINEMAIS CINEMAS LTDA;03.868.869/0001-40
22/08/2020;22/08/2020 21:15:00;AQUAMAN;AQUAMAN;E1800433400000;ORIGINAL;SIM;ESTADOS UNIDOS;5006619;DRIVE - GYN SERRA DOURADA 03;15;6000039;45898;46312;GOIÂNIA;GO;DRIVE-GYN ENTRETENIMENTO LTDA;37.109.882/0001-38
22/08/2020;22/08/2020 21:15:00;JURASSIC WORLD: FALLEN KINGDOM;JURASSIC WORLD - REINO AMEAÇADO;E1800169900000;DUBLADO;NÃO;ESTADOS UNIDOS;5006605;MULTICINE MOSSORÓ DRIVE IN;7;6000045;5935;17881;MOSSORÓ;RN;MULTICINE CINEMAS LTDA;07.609.246/0001-04
22/08/2020;22/08/2020 21:15:00;MINHA MÃE É UMA PEÇA 3;;B1900576900000;ORIGINAL;NÃO;BRASIL;5004882;CIRCUITO CINEMAS PBAS- SALA 04;4;6000028;15568;27873;PARAUAPEBAS;PA;CIRCUITO ENTRETENIMENTO E CINEMAS LTDA;08.068.712/0001-54
22/08/2020;22/08/2020 21:20:00;BLOODSHOT;BLOODSHOT;E1900579400000;DUBLADO;NÃO;ESTADOS UNIDOS;5005929;MOBI CINE AÇAILÂNDIA SALA 01;3;6000040;38236;38237;AÇAILÂNDIA;MA;C A V LEMOS E CIA LTDA - ME;14.717.191/0001-11
22/08/2020;22/08/2020 21:20:00;OS PARÇAS 2;;B1900487100000;ORIGINAL;NÃO;BRASIL;5006493;CINE INTER SANTA INES 01;15;6000140;44834;44835;SANTA INÊS;MA;CINEINTER EXIBICOES CINEMATOGRAFICAS LTDA;35.477.354/0001-06
22/08/2020;22/08/2020 21:25:00;FAST & FURIOUS PRESENTS: HOBBS & SHAW;VELOZES & FURIOSOS: HOBBS & SHAW;E1900264000000;DUBLADO;NÃO;ESTADOS UNIDOS;5006586;MULTICINE DRIVE IN - CIDADE JARDIM;5;6000045;5935;30736;GOIÂNIA;GO;MULTICINE CINEMAS LTDA;07.609.246/0001-04
22/08/2020;22/08/2020 21:30:00;BLOODSHOT;BLOODSHOT;E1900579400000;DUBLADO;NÃO;ESTADOS UNIDOS;5004880;CIRCUITO CINEMAS PBAS- SALA 02;1;6000028;15568;27873;PARAUAPEBAS;PA;CIRCUITO ENTRETENIMENTO E CINEMAS LTDA;08.068.712/0001-54
22/08/2020;22/08/2020 21:30:01;BLOODSHOT;BLOODSHOT;E1900579400000;DUBLADO;NÃO;ESTADOS UNIDOS;5006595;CENTERPLEX ESTAÇÃO ATIBAIA DRIVE-IN;38;6000006;2836;2843;ATIBAIA;SP;EMPRESA SAO LUIZ DE CINEMAS LTDA - EM RECUPERACAO JUDICIAL;52.067.071/0001-05
22/08/2020;22/08/2020 22:00:00;JOKER;CORINGA;E1900357300000;ORIGINAL;SIM;CANADÁ;5006554;CINEPLUS XAXIM DRIVE-IN - PLANETA DRIVE-IN;36;6000023;15673;15674;CURITIBA;PR;VITOMAQ PRODUÇÕES ARTISTICAS E CINEMA LTDA - ME;07.617.254/0001-00
22/08/2020;22/08/2020 22:00:01;ANNABELLE: CREATION;ANNABELLE 2: A CRIAÇÃO DO MAL;E1700194500000;DUBLADO;NÃO;ESTADOS UNIDOS;5006629;TRANSAMERICA DRIVE IN;19;6000006;27814;46734;BARUERI;SP;CINEMATOGRÁFICA LIMEIRA LTDA;17.360.792/0001-08
22/08/2020;22/08/2020 22:00:01;BIRDS OF PREY (AND THE FANTABULOUS EMANCIPATION OF ONE HARLEY QUINN);AVES DE RAPINA (ARLEQUINA E SUA EMANCIPAÇÃO FANTABULOSA);E1900628800000;DUBLADO;NÃO;ESTADOS UNIDOS;5006622;SUPER CINE ESPAÇO DAS AMÉRICAS DRIVE IN;47;6000006;2836;46340;SÃO PAULO;SP;EMPRESA SAO LUIZ DE CINEMAS LTDA - EM RECUPERACAO JUDICIAL;52.067.071/0001-05
22/08/2020;22/08/2020 22:15:00;JUSTICE LEAGUE;LIGA DA JUSTIÇA;E1700482600000;ORIGINAL;SIM;ESTADOS UNIDOS;5006580;CINESYSTEM MORUMBI TOWN DRIVE-IN;93;6000027;22546;34941;SÃO PAULO;SP;REDECINE BRA CINEMATOGRÁFICA S.A.;15.422.993/0001-67
22/08/2020;22/08/2020 22:20:01;ANNABELLE COMES HOME;ANNABELLE 3: DE VOLTA PARA CASA;E1900234800000;DUBLADO;NÃO;ESTADOS UNIDOS;5006590;SUPER DRIVE IN;26;6000006;2872;46068;SÃO BERNARDO DO CAMPO;SP;EMPRESA CENTERPLEX DE CINEMAS LTDA;00.812.310/0001-00
22/08/2020;22/08/2020 22:25:00;AQUAMAN;AQUAMAN;E1800433400000;DUBLADO;NÃO;ESTADOS UNIDOS;5006558;CINESYSTEM IGUATEMI FLN DRIVE-IN;0;6000027;22546;41695;FLORIANÓPOLIS;SC;REDECINE BRA CINEMATOGRÁFICA S.A.;15.422.993/0001-67
22/08/2020;22/08/2020 22:30:00;FIFTY SHADES DARKER;CINQUENTA TONS MAIS ESCUROS;E1500757600000;ORIGINAL;SIM;ESTADOS UNIDOS;5006618;DRIVE - GYN SERRA DOURADA 02;9;6000039;45898;46312;GOIÂNIA;GO;DRIVE-GYN ENTRETENIMENTO LTDA;37.109.882/0001-38
22/08/2020;22/08/2020 22:30:00;GRETEL & HANSEL (2020);MARIA E JOÃO - O CONTO DAS BRUXAS;E1900467000000;DUBLADO;NÃO;ESTADOS UNIDOS;5006591;DRIVE IN SHOPPING VILLA LOBOS;21;6000006;2872;46069;SÃO PAULO;SP;EMPRESA CENTERPLEX DE CINEMAS LTDA;00.812.310/0001-00
22/08/2020;22/08/2020 22:30:00;JUSTICE LEAGUE;LIGA DA JUSTIÇA;E1700482600000;DUBLADO;NÃO;ESTADOS UNIDOS;5006571;CINESYSTEM AMÉRICAS DRIVE-IN;8;6000027;5348;28834;RIO DE JANEIRO;RJ;REDECINE - RIO CINEMATOGRAFICA S.A.;07.524.011/0001-10
22/08/2020;22/08/2020 22:30:00;JUSTICE LEAGUE;LIGA DA JUSTIÇA;E1700482600000;DUBLADO;NÃO;ESTADOS UNIDOS;5006610;CINESYSTEM DRIVE-IN AEROPORTO VITÓRIA;7;6000027;22546;46257;VITÓRIA;ES;REDECINE BRA CINEMATOGRÁFICA S.A.;15.422.993/0001-67
22/08/2020;22/08/2020 22:30:00;THE CURSE OF LA LLORONA;A MALDIÇÃO DA CHORONA;E1800606100000;DUBLADO;NÃO;ESTADOS UNIDOS;5006606;CINE CAVALIERE ORLANDI DRIVE IN;9;;15009;15010;SOCORRO;SP;ORLANDI MARCHESE LTDA - ME;03.091.068/0001-11
22/08/2020;22/08/2020 22:30:00;VOLUME MORTO;;B2000101100000;ORIGINAL;NÃO;BRASIL;5002102;CINE DRIVEIN;185;;5465;6715;BRASÍLIA;DF;STARK'S CINEMA E LANCHONETE LTDA.;32.917.296/0001-04
22/08/2020;22/08/2020 22:40:00;JIGSAW;JOGOS MORTAIS: JIGSAW;E1700451200000;ORIGINAL;SIM;CANADÁ;5006579;CINESYSTEM BRÁS DRIVE-IN;15;6000027;22546;34941;SÃO PAULO;SP;REDECINE BRA CINEMATOGRÁFICA S.A.;15.422.993/0001-67
22/08/2020;22/08/2020 23:00:00;ANNABELLE COMES HOME;ANNABELLE 3: DE VOLTA PARA CASA;E1900234800000;DUBLADO;NÃO;ESTADOS UNIDOS;5006602;TOPAZIO POLO SHOPPING DRIVE IN;33;6000057;2968;19182;INDAIATUBA;SP;LUI CINEMATOGRÁFICA LTDA.;71.912.711/0001-80
22/08/2020;22/08/2020 23:20:00;THE NUN;A FREIRA;E1800306100000;DUBLADO;NÃO;ESTADOS UNIDOS;5006567;CINESHOW TUBARÃO DRIVE-IN;8;6000025;33770;33771;TUBARÃO;SC;TUBARÃO FILMES LTDA;24.971.903/0001-88
22/08/2020;22/08/2020 23:30:00;BAD BOYS FOR LIFE;BAD BOYS PARA SEMPRE;E1900525600000;DUBLADO;NÃO;ESTADOS UNIDOS;5006568;CINE + ARTE XANGRI-LÁ DRIVE-IN;18;6000103;32155;45890;XANGRI-LÁ;RS;EWERTON LUIS DE SOUZA BRANDOLT;23.288.683/0001-20
22/08/2020;22/08/2020 23:50:00;THE NUN;A FREIRA;E1800306100000;DUBLADO;NÃO;ESTADOS UNIDOS;5006560;CINE A ITAJUBÁ DRIVE-IN;19;6000008;15833;41725;ITAJUBÁ;MG;CINE A LTDA;10.894.937/0001-01
23/08/2020;23/08/2020 13:00:00;ONWARD;DOIS IRMÃOS: UMA JORNADA FANTÁSTICA;E1900366400000;DUBLADO;NÃO;ESTADOS UNIDOS;5004879;CIRCUITO CINEMAS PBAS- SALA 01;0;6000028;15568;27873;PARAUAPEBAS;PA;CIRCUITO ENTRETENIMENTO E CINEMAS LTDA;08.068.712/0001-54
23/08/2020;23/08/2020 13:40:00;SONIC THE HEDGEHOG;SONIC - O FILME;E2000012200000;DUBLADO;NÃO;CANADÁ;5004881;CIRCUITO CINEMAS PBAS- SALA 03;4;6000028;15568;27873;PARAUAPEBAS;PA;CIRCUITO ENTRETENIMENTO E CINEMAS LTDA;08.068.712/0001-54
23/08/2020;23/08/2020 13:45:00;MINHA MÃE É UMA PEÇA 3;;B1900576900000;ORIGINAL;NÃO;BRASIL;5004882;CIRCUITO CINEMAS PBAS- SALA 04;1;6000028;15568;27873;PARAUAPEBAS;PA;CIRCUITO ENTRETENIMENTO E CINEMAS LTDA;08.068.712/0001-54
23/08/2020;23/08/2020 14:00:00;BLOODSHOT;BLOODSHOT;E1900579400000;DUBLADO;NÃO;ESTADOS UNIDOS;5004880;CIRCUITO CINEMAS PBAS- SALA 02;4;6000028;15568;27873;PARAUAPEBAS;PA;CIRCUITO ENTRETENIMENTO E CINEMAS LTDA;08.068.712/0001-54
23/08/2020;23/08/2020 14:10:00;SHAZAM!;SHAZAM!;E1900060900000;DUBLADO;NÃO;ESTADOS UNIDOS;5002727;SALA CINE PLAYARTE MANAUARA 04;9;6000049;260;16356;MANAUS;AM;PLAYARTE CINEMAS LTDA.;60.434.149/0001-00
23/08/2020;23/08/2020 14:30:00;BIRDS OF PREY (AND THE FANTABULOUS EMANCIPATION OF ONE HARLEY QUINN);AVES DE RAPINA (ARLEQUINA E SUA EMANCIPAÇÃO FANTABULOSA);E1900628800000;DUBLADO;NÃO;ESTADOS UNIDOS;5002722;SALA CINE PLAYARTE MANAUARA 07;5;6000049;260;16356;MANAUS;AM;PLAYARTE CINEMAS LTDA.;60.434.149/0001-00
23/08/2020;23/08/2020 15:00:00;DE PERNAS PRO AR 3;;B1900104200000;ORIGINAL;NÃO;BRASIL;5006493;CINE INTER SANTA INES 01;0;6000140;44834;44835;SANTA INÊS;MA;CINEINTER EXIBICOES CINEMATOGRAFICAS LTDA;35.477.354/0001-06
23/08/2020;23/08/2020 15:10:00;GRETEL & HANSEL (2020);MARIA E JOÃO - O CONTO DAS BRUXAS;E1900467000000;DUBLADO;NÃO;ESTADOS UNIDOS;5002723;SALA CINE PLAYARTE MANAUARA 03;4;6000049;260;16356;MANAUS;AM;PLAYARTE CINEMAS LTDA.;60.434.149/0001-00
23/08/2020;23/08/2020 15:30:00;BLOODSHOT;BLOODSHOT;E1900579400000;DUBLADO;NÃO;ESTADOS UNIDOS;5002721;SALA CINE PLAYARTE MANAUARA 01;5;6000049;260;16356;MANAUS;AM;PLAYARTE CINEMAS LTDA.;60.434.149/0001-00
23/08/2020;23/08/2020 15:30:00;ONWARD;DOIS IRMÃOS: UMA JORNADA FANTÁSTICA;E1900366400000;DUBLADO;NÃO;ESTADOS UNIDOS;5004879;CIRCUITO CINEMAS PBAS- SALA 01;3;6000028;15568;27873;PARAUAPEBAS;PA;CIRCUITO ENTRETENIMENTO E CINEMAS LTDA;08.068.712/0001-54
23/08/2020;23/08/2020 15:50:00;JUMANJI: NEXT LEVEL;JUMANJI: PROXIMA FASE;E1900458100000;DUBLADO;NÃO;ESTADOS UNIDOS;5002726;SALA CINE PLAYARTE MANAUARA 06;28;6000049;260;16356;MANAUS;AM;PLAYARTE CINEMAS LTDA.;60.434.149/0001-00
23/08/2020;23/08/2020 16:00:00;JUMANJI: NEXT LEVEL;JUMANJI: PROXIMA FASE;E1900458100000;DUBLADO;NÃO;ESTADOS UNIDOS;5000080;KINOPLEX AMAZONAS SALA 02;13;6000037;1991;2393;MANAUS;AM;EMPRESA CINEMAS SÃO LUIZ S/A;33.497.660/0001-89
23/08/2020;23/08/2020 16:00:00;JUMANJI: NEXT LEVEL;JUMANJI: PROXIMA FASE;E1900458100000;DUBLADO;NÃO;ESTADOS UNIDOS;5005930;MOBI CINE AÇAILÂNDIA SALA 02;3;6000040;38236;38237;AÇAILÂNDIA;MA;C A V LEMOS E CIA LTDA - ME;14.717.191/0001-11
23/08/2020;23/08/2020 16:00:00;ONWARD;DOIS IRMÃOS: UMA JORNADA FANTÁSTICA;E1900366400000;DUBLADO;NÃO;ESTADOS UNIDOS;5001149;CINE PORTO;0;;2351;2352;UBATUBA;SP;CINEMATOGRÁFICA LITORAL NORTE LTDA-EPP;04.165.613/0001-30
23/08/2020;23/08/2020 16:00:00;ONWARD;DOIS IRMÃOS: UMA JORNADA FANTÁSTICA;E1900366400000;DUBLADO;NÃO;ESTADOS UNIDOS;5006621;CINEPLUS PLANETA DRIVE IN PINHAIS;29;6000023;15673;46339;PINHAIS;PR;VITOMAQ PRODUÇÕES ARTISTICAS E CINEMA LTDA - ME;07.617.254/0001-00
23/08/2020;23/08/2020 16:00:00;OS PARÇAS 2;;B1900487100000;ORIGINAL;NÃO;BRASIL;5006494;CINE INTER SANTA INES 02;2;6000140;44834;44835;SANTA INÊS;MA;CINEINTER EXIBICOES CINEMATOGRAFICAS LTDA;35.477.354/0001-06
23/08/2020;23/08/2020 16:00:00;SONIC THE HEDGEHOG;SONIC - O FILME;E2000012200000;DUBLADO;NÃO;CANADÁ;5004881;CIRCUITO CINEMAS PBAS- SALA 03;9;6000028;15568;27873;PARAUAPEBAS;PA;CIRCUITO ENTRETENIMENTO E CINEMAS LTDA;08.068.712/0001-54
23/08/2020;23/08/2020 16:00:00;TEEN TITANS GO! TO THE MOVIES;JOVENS TITÃS EM AÇÃO! NOS CINEMAS;E1800215000000;DUBLADO;NÃO;ESTADOS UNIDOS;5006554;CINEPLUS XAXIM DRIVE-IN - PLANETA DRIVE-IN;15;6000023;15673;15674;CURITIBA;PR;VITOMAQ PRODUÇÕES ARTISTICAS E CINEMA LTDA - ME;07.617.254/0001-00
23/08/2020;23/08/2020 16:15:00;MINHA MÃE É UMA PEÇA 3;;B1900576900000;ORIGINAL;NÃO;BRASIL;5004882;CIRCUITO CINEMAS PBAS- SALA 04;1;6000028;15568;27873;PARAUAPEBAS;PA;CIRCUITO ENTRETENIMENTO E CINEMAS LTDA;08.068.712/0001-54
23/08/2020;23/08/2020 16:30:00;BLOODSHOT;BLOODSHOT;E1900579400000;DUBLADO;NÃO;ESTADOS UNIDOS;5004880;CIRCUITO CINEMAS PBAS- SALA 02;18;6000028;15568;27873;PARAUAPEBAS;PA;CIRCUITO ENTRETENIMENTO E CINEMAS LTDA;08.068.712/0001-54
23/08/2020;23/08/2020 16:30:00;QUEEN OF SPADES: THROUGH THE LOOKING GLASS;A MALDIÇÃO DO ESPELHO;E1900574500000;DUBLADO;NÃO;RÚSSIA;5004823;KINOPLEX AMAZONAS SALA 05;33;6000037;1991;2393;MANAUS;AM;EMPRESA CINEMAS SÃO LUIZ S/A;33.497.660/0001-89
23/08/2020;23/08/2020 16:40:00;BLOODSHOT;BLOODSHOT;E1900579400000;DUBLADO;NÃO;ESTADOS UNIDOS;5005929;MOBI CINE AÇAILÂNDIA SALA 01;7;6000040;38236;38237;AÇAILÂNDIA;MA;C A V LEMOS E CIA LTDA - ME;14.717.191/0001-11
23/08/2020;23/08/2020 16:50:00;JUSTICE LEAGUE;LIGA DA JUSTIÇA;E1700482600000;DUBLADO;NÃO;ESTADOS UNIDOS;5002722;SALA CINE PLAYARTE MANAUARA 07;21;6000049;260;16356;MANAUS;AM;PLAYARTE CINEMAS LTDA.;60.434.149/0001-00
23/08/2020;23/08/2020 17:00:00;FAST & FURIOUS PRESENTS: HOBBS & SHAW;VELOZES & FURIOSOS: HOBBS & SHAW;E1900264000000;DUBLADO;NÃO;ESTADOS UNIDOS;5000081;KINOPLEX AMAZONAS SALA 03;6;6000037;1991;2393;MANAUS;AM;EMPRESA CINEMAS SÃO LUIZ S/A;33.497.660/0001-89
23/08/2020;23/08/2020 17:00:00;QUEEN OF SPADES: THROUGH THE LOOKING GLASS;A MALDIÇÃO DO ESPELHO;E1900574500000;DUBLADO;NÃO;RÚSSIA;5005931;MOBI CINE AÇAILÂNDIA SALA 03;1;6000040;38236;38237;AÇAILÂNDIA;MA;C A V LEMOS E CIA LTDA - ME;14.717.191/0001-11
23/08/2020;23/08/2020 17:00:00;THE INVISIBLE MAN;O HOMEM INVISÍVEL;E1900438600000;DUBLADO;NÃO;AUSTRÁLIA;5002727;SALA CINE PLAYARTE MANAUARA 04;16;6000049;260;16356;MANAUS;AM;PLAYARTE CINEMAS LTDA.;60.434.149/0001-00
23/08/2020;23/08/2020 17:10:00;OS PARÇAS 2;;B1900487100000;ORIGINAL;NÃO;BRASIL;5006493;CINE INTER SANTA INES 01;7;6000140;44834;44835;SANTA INÊS;MA;CINEINTER EXIBICOES CINEMATOGRAFICAS LTDA;35.477.354/0001-06
23/08/2020;23/08/2020 17:20:00;MINHA MÃE É UMA PEÇA 3;;B1900576900000;ORIGINAL;NÃO;BRASIL;5000079;KINOPLEX AMAZONAS SALA 01;8;6000037;1991;2393;MANAUS;AM;EMPRESA CINEMAS SÃO LUIZ S/A;33.497.660/0001-89
23/08/2020;23/08/2020 17:20:00;SHAZAM!;SHAZAM!;E1900060900000;DUBLADO;NÃO;ESTADOS UNIDOS;5002723;SALA CINE PLAYARTE MANAUARA 03;6;6000049;260;16356;MANAUS;AM;PLAYARTE CINEMAS LTDA.;60.434.149/0001-00
23/08/2020;23/08/2020 17:30:01;READY PLAYER ONE;JOGADOR Nº1;E1800085100000;DUBLADO;NÃO;ESTADOS UNIDOS;5006590;SUPER DRIVE IN;4;6000006;2872;46068;SÃO BERNARDO DO CAMPO;SP;EMPRESA CENTERPLEX DE CINEMAS LTDA;00.812.310/0001-00
23/08/2020;23/08/2020 18:00:00;BLOODSHOT;BLOODSHOT;E1900579400000;DUBLADO;NÃO;ESTADOS UNIDOS;5002721;SALA CINE PLAYARTE MANAUARA 01;20;6000049;260;16356;MANAUS;AM;PLAYARTE CINEMAS LTDA.;60.434.149/0001-00
23/08/2020;23/08/2020 18:00:00;GRETEL & HANSEL (2020);MARIA E JOÃO - O CONTO DAS BRUXAS;E1900467000000;DUBLADO;NÃO;ESTADOS UNIDOS;5004822;KINOPLEX AMAZONAS SALA 04;33;6000037;1991;2393;MANAUS;AM;EMPRESA CINEMAS SÃO LUIZ S/A;33.497.660/0001-89
23/08/2020;23/08/2020 18:00:00;ONWARD;DOIS IRMÃOS: UMA JORNADA FANTÁSTICA;E1900366400000;DUBLADO;NÃO;ESTADOS UNIDOS;5004879;CIRCUITO CINEMAS PBAS- SALA 01;8;6000028;15568;27873;PARAUAPEBAS;PA;CIRCUITO ENTRETENIMENTO E CINEMAS LTDA;08.068.712/0001-54
23/08/2020;23/08/2020 18:00:00;SONIC THE HEDGEHOG;SONIC - O FILME;E2000012200000;DUBLADO;NÃO;CANADÁ;5006595;CENTERPLEX ESTAÇÃO ATIBAIA DRIVE-IN;14;6000006;2836;2843;ATIBAIA;SP;EMPRESA SAO LUIZ DE CINEMAS LTDA - EM RECUPERACAO JUDICIAL;52.067.071/0001-05
23/08/2020;23/08/2020 18:00:00;THE SECRET LIFE OF PETS 2;PETS: A VIDA SECRETA DOS BICHOS 2;E1900162100000;DUBLADO;NÃO;ESTADOS UNIDOS;5002102;CINE DRIVEIN;127;;5465;6715;BRASÍLIA;DF;STARK'S CINEMA E LANCHONETE LTDA.;32.917.296/0001-04
23/08/2020;23/08/2020 18:10:00;JOHN WICK 3: PARABELLUM;JOHN WICK 3: PARABELLUM;E1900126300000;DUBLADO;NÃO;ESTADOS UNIDOS;5006494;CINE INTER SANTA INES 02;7;6000140;44834;44835;SANTA INÊS;MA;CINEINTER EXIBICOES CINEMATOGRAFICAS LTDA;35.477.354/0001-06
23/08/2020;23/08/2020 18:15:00;ALADDIN;ALADDIN;E1900188100000;DUBLADO;NÃO;ESTADOS UNIDOS;5006602;TOPAZIO POLO SHOPPING DRIVE IN;45;6000057;2968;19182;INDAIATUBA;SP;LUI CINEMATOGRÁFICA LTDA.;71.912.711/0001-80
23/08/2020;23/08/2020 18:15:00;Mostras e Festivais;;G0000000000004;ORIGINAL;NÃO;;5006578;CINE ARTE PAJUÇARA DRIVE-IN;3;;26591;26593;MACEIÓ;AL;ASSOCIAÇÃO CULTURAL ARTE PAJUÇARA - ACAP;19.442.911/0001-05
23/08/2020;23/08/2020 18:15:00;THE ADDAMS FAMILY;A FAMÍLIA ADDAMS;E1900349600000;DUBLADO;NÃO;CANADÁ;5006617;DRIVE - GYN SERRA DOURADA 01;10;6000039;45898;46312;GOIÂNIA;GO;DRIVE-GYN ENTRETENIMENTO LTDA;37.109.882/0001-38
23/08/2020;23/08/2020 18:20:00;JOKER;CORINGA;E1900357300000;DUBLADO;NÃO;CANADÁ;5004881;CIRCUITO CINEMAS PBAS- SALA 03;0;6000028;15568;27873;PARAUAPEBAS;PA;CIRCUITO ENTRETENIMENTO E CINEMAS LTDA;08.068.712/0001-54
23/08/2020;23/08/2020 18:20:00;TEEN TITANS GO! TO THE MOVIES;JOVENS TITÃS EM AÇÃO! NOS CINEMAS;E1800215000000;DUBLADO;NÃO;ESTADOS UNIDOS;5006600;DRIVE - GYN ESTAÇÃO DA MODA;8;6000039;45898;46149;GOIÂNIA;GO;DRIVE-GYN ENTRETENIMENTO LTDA;37.109.882/0001-38
23/08/2020;23/08/2020 18:30:00;ABOMINABLE;ABOMINÁVEL;E1900349400000;DUBLADO;NÃO;CHINA;5006580;CINESYSTEM MORUMBI TOWN DRIVE-IN;105;6000027;22546;34941;SÃO PAULO;SP;REDECINE BRA CINEMATOGRÁFICA S.A.;15.422.993/0001-67
23/08/2020;23/08/2020 18:30:00;FORD V FERRARI;FORD VS FERRARI;E1900252200000;DUBLADO;NÃO;ESTADOS UNIDOS;5006587;CENTERPLEX CINE ESTANCIA DRIVE PARK;0;6000006;27814;46014;SÃO BERNARDO DO CAMPO;SP;CINEMATOGRÁFICA LIMEIRA LTDA;17.360.792/0001-08
23/08/2020;23/08/2020 18:30:00;HOW TO TRAIN YOUR DRAGON: THE HIDDEN WORLD;COMO TREINAR O SEU DRAGÃO 3;E1800532200000;DUBLADO;NÃO;ESTADOS UNIDOS;5006572;CINE 14 BIS DRIVE-IN;10;;5822;6623;GUAXUPÉ;MG;GUAXUPE PROMOCOES E EVENTOS LTDA;03.929.354/0001-03
23/08/2020;23/08/2020 18:30:00;HOW TO TRAIN YOUR DRAGON: THE HIDDEN WORLD;COMO TREINAR O SEU DRAGÃO 3;E1800532200000;DUBLADO;NÃO;ESTADOS UNIDOS;5006610;CINESYSTEM DRIVE-IN AEROPORTO VITÓRIA;17;6000027;22546;46257;VITÓRIA;ES;REDECINE BRA CINEMATOGRÁFICA S.A.;15.422.993/0001-67
23/08/2020;23/08/2020 18:30:00;JUMANJI: NEXT LEVEL;JUMANJI: PROXIMA FASE;E1900458100000;DUBLADO;NÃO;ESTADOS UNIDOS;5006568;CINE + ARTE XANGRI-LÁ DRIVE-IN;13;6000103;32155;45890;XANGRI-LÁ;RS;EWERTON LUIS DE SOUZA BRANDOLT;23.288.683/0001-20
23/08/2020;23/08/2020 18:30:00;MANOU THE SWIFT;VOANDO ALTO;E1900126900000;DUBLADO;NÃO;ALEMANHA;5006579;CINESYSTEM BRÁS DRIVE-IN;21;6000027;22546;34941;SÃO PAULO;SP;REDECINE BRA CINEMATOGRÁFICA S.A.;15.422.993/0001-67
23/08/2020;23/08/2020 18:30:00;ONWARD;DOIS IRMÃOS: UMA JORNADA FANTÁSTICA;E1900366400000;ORIGINAL;NÃO;ESTADOS UNIDOS;5001149;CINE PORTO;5;;2351;2352;UBATUBA;SP;CINEMATOGRÁFICA LITORAL NORTE LTDA-EPP;04.165.613/0001-30
23/08/2020;23/08/2020 18:30:00;POKEMON DETECTIVE PIKACHU;POKÉMON DETETIVE PIKACHU;E1900062700000;DUBLADO;NÃO;ESTADOS UNIDOS;5006558;CINESYSTEM IGUATEMI FLN DRIVE-IN;0;6000027;22546;41695;FLORIANÓPOLIS;SC;REDECINE BRA CINEMATOGRÁFICA S.A.;15.422.993/0001-67
23/08/2020;23/08/2020 18:30:00;SHAZAM!;SHAZAM!;E1900060900000;DUBLADO;NÃO;ESTADOS UNIDOS;5006554;CINEPLUS XAXIM DRIVE-IN - PLANETA DRIVE-IN;26;6000023;15673;15674;CURITIBA;PR;VITOMAQ PRODUÇÕES ARTISTICAS E CINEMA LTDA - ME;07.617.254/0001-00
23/08/2020;23/08/2020 18:30:00;SONIC THE HEDGEHOG;SONIC - O FILME;E2000012200000;DUBLADO;NÃO;CANADÁ;5006560;CINE A ITAJUBÁ DRIVE-IN;5;6000008;15833;41725;ITAJUBÁ;MG;CINE A LTDA;10.894.937/0001-01
23/08/2020;23/08/2020 18:30:00;STORKS;CEGONHAS - A HISTÓRIA QUE NÃO TE CONTARAM;E1600405300000;DUBLADO;NÃO;ESTADOS UNIDOS;5006618;DRIVE - GYN SERRA DOURADA 02;4;6000039;45898;46312;GOIÂNIA;GO;DRIVE-GYN ENTRETENIMENTO LTDA;37.109.882/0001-38
23/08/2020;23/08/2020 18:30:00;THE ADDAMS FAMILY;A FAMÍLIA ADDAMS;E1900349600000;DUBLADO;NÃO;CANADÁ;5006571;CINESYSTEM AMÉRICAS DRIVE-IN;54;6000027;5348;28834;RIO DE JANEIRO;RJ;REDECINE - RIO CINEMATOGRAFICA S.A.;07.524.011/0001-10
23/08/2020;23/08/2020 18:30:00;THE SECRET LIFE OF PETS 2;PETS: A VIDA SECRETA DOS BICHOS 2;E1900162100000;DUBLADO;NÃO;ESTADOS UNIDOS;5006606;CINE CAVALIERE ORLANDI DRIVE IN;0;;15009;15010;SOCORRO;SP;ORLANDI MARCHESE LTDA - ME;03.091.068/0001-11
23/08/2020;23/08/2020 18:30:01;ONWARD;DOIS IRMÃOS: UMA JORNADA FANTÁSTICA;E1900366400000;DUBLADO;NÃO;ESTADOS UNIDOS;5006585;CENTERPLEX CAMPO DE MARTE DRIVE-IN;23;6000006;36999;37000;SÃO PAULO;SP;CINE ELI SP CINEMAS LTDA;27.676.231/0001-76
23/08/2020;23/08/2020 18:35:00;JUMANJI: NEXT LEVEL;JUMANJI: PROXIMA FASE;E1900458100000;DUBLADO;NÃO;ESTADOS UNIDOS;5005930;MOBI CINE AÇAILÂNDIA SALA 02;0;6000040;38236;38237;AÇAILÂNDIA;MA;C A V LEMOS E CIA LTDA - ME;14.717.191/0001-11
23/08/2020;23/08/2020 18:40:00;GRETEL & HANSEL (2020);MARIA E JOÃO - O CONTO DAS BRUXAS;E1900467000000;DUBLADO;NÃO;ESTADOS UNIDOS;5002726;SALA CINE PLAYARTE MANAUARA 06;9;6000049;260;16356;MANAUS;AM;PLAYARTE CINEMAS LTDA.;60.434.149/0001-00
23/08/2020;23/08/2020 18:40:00;HOW TO TRAIN YOUR DRAGON: THE HIDDEN WORLD;COMO TREINAR O SEU DRAGÃO 3;E1800532200000;DUBLADO;NÃO;ESTADOS UNIDOS;5006574;DRIVE IN CINEART ALPHAVILLE;36;6000013;437;45925;NOVA LIMA;MG;DELTA FILMES LTDA;01.735.159/0001-17
23/08/2020;23/08/2020 18:40:00;JUMANJI: NEXT LEVEL;JUMANJI: PROXIMA FASE;E1900458100000;DUBLADO;NÃO;ESTADOS UNIDOS;5006620;CINEMAIS MONTES CLAROS DRIVE IN;4;6000017;2892;23844;MONTES CLAROS;MG;CINEMAIS CINEMAS LTDA;03.868.869/0001-40
23/08/2020;23/08/2020 18:45:00;BIRDS OF PREY (AND THE FANTABULOUS EMANCIPATION OF ONE HARLEY QUINN);AVES DE RAPINA (ARLEQUINA E SUA EMANCIPAÇÃO FANTABULOSA);E1900628800000;DUBLADO;NÃO;ESTADOS UNIDOS;5004882;CIRCUITO CINEMAS PBAS- SALA 04;0;6000028;15568;27873;PARAUAPEBAS;PA;CIRCUITO ENTRETENIMENTO E CINEMAS LTDA;08.068.712/0001-54
23/08/2020;23/08/2020 18:45:00;GODZILLA - KING OF THE MONSTERS;GODZILLA II – REI DOS MONSTROS;E1900062600000;DUBLADO;NÃO;ESTADOS UNIDOS;5006619;DRIVE - GYN SERRA DOURADA 03;1;6000039;45898;46312;GOIÂNIA;GO;DRIVE-GYN ENTRETENIMENTO LTDA;37.109.882/0001-38
23/08/2020;23/08/2020 19:00:00;BLOODSHOT;BLOODSHOT;E1900579400000;DUBLADO;NÃO;ESTADOS UNIDOS;5004880;CIRCUITO CINEMAS PBAS- SALA 02;3;6000028;15568;27873;PARAUAPEBAS;PA;CIRCUITO ENTRETENIMENTO E CINEMAS LTDA;08.068.712/0001-54
23/08/2020;23/08/2020 19:00:00;BLOODSHOT;BLOODSHOT;E1900579400000;DUBLADO;NÃO;ESTADOS UNIDOS;5005929;MOBI CINE AÇAILÂNDIA SALA 01;0;6000040;38236;38237;AÇAILÂNDIA;MA;C A V LEMOS E CIA LTDA - ME;14.717.191/0001-11
23/08/2020;23/08/2020 19:00:00;COCO;VIVA - A VIDA É UMA FESTA;E1700453400000;DUBLADO;NÃO;ESTADOS UNIDOS;5006567;CINESHOW TUBARÃO DRIVE-IN;9;6000025;33770;33771;TUBARÃO;SC;TUBARÃO FILMES LTDA;24.971.903/0001-88
23/08/2020;23/08/2020 19:00:00;QUEEN OF SPADES: THROUGH THE LOOKING GLASS;A MALDIÇÃO DO ESPELHO;E1900574500000;DUBLADO;NÃO;RÚSSIA;5005931;MOBI CINE AÇAILÂNDIA SALA 03;13;6000040;38236;38237;AÇAILÂNDIA;MA;C A V LEMOS E CIA LTDA - ME;14.717.191/0001-11
23/08/2020;23/08/2020 19:00:00;SMALLFOOT;PÉPEQUENO;E1800215200000;DUBLADO;NÃO;ESTADOS UNIDOS;5005024;CINE GLOBO SANTA ROSA;0;6000010;20979;29163;SANTA ROSA;RS;CINE GLOBO EXIBICOES CINEMATOGRAFICAS LTDA;14.805.201/0001-70
23/08/2020;23/08/2020 19:00:00;THE ANGRY BIRDS MOVIE 2;ANGRY BIRDS 2 - O FILME;E1900271800000;DUBLADO;NÃO;ESTADOS UNIDOS;5006570;TOP CINEPLEX PAULÍNIA - DRIVE-IN;5;6000056;19398;19399;PAULÍNIA;SP;DIAS CINEMATOGRÁFICA LTDA-EPP;12.128.142/0001-18
23/08/2020;23/08/2020 19:00:00;THE INVISIBLE MAN;O HOMEM INVISÍVEL;E1900438600000;DUBLADO;NÃO;AUSTRÁLIA;5000080;KINOPLEX AMAZONAS SALA 02;17;6000037;1991;2393;MANAUS;AM;EMPRESA CINEMAS SÃO LUIZ S/A;33.497.660/0001-89
23/08/2020;23/08/2020 19:05:00;WONDER;EXTRAORDINÁRIO;E1700451500000;DUBLADO;NÃO;ESTADOS UNIDOS;5006605;MULTICINE MOSSORÓ DRIVE IN;2;6000045;5935;17881;MOSSORÓ;RN;MULTICINE CINEMAS LTDA;07.609.246/0001-04
23/08/2020;23/08/2020 19:10:00;DE PERNAS PRO AR 3;;B1900104200000;ORIGINAL;NÃO;BRASIL;5006493;CINE INTER SANTA INES 01;5;6000140;44834;44835;SANTA INÊS;MA;CINEINTER EXIBICOES CINEMATOGRAFICAS LTDA;35.477.354/0001-06
23/08/2020;23/08/2020 19:15:00;THE SECRET LIFE OF PETS 2;PETS: A VIDA SECRETA DOS BICHOS 2;E1900162100000;DUBLADO;NÃO;ESTADOS UNIDOS;5006586;MULTICINE DRIVE IN - CIDADE JARDIM;3;6000045;5935;30736;GOIÂNIA;GO;MULTICINE CINEMAS LTDA;07.609.246/0001-04
23/08/2020;23/08/2020 19:30:00;BAD BOYS FOR LIFE;BAD BOYS PARA SEMPRE;E1900525600000;DUBLADO;NÃO;ESTADOS UNIDOS;5004823;KINOPLEX AMAZONAS SALA 05;15;6000037;1991;2393;MANAUS;AM;EMPRESA CINEMAS SÃO LUIZ S/A;33.497.660/0001-89
23/08/2020;23/08/2020 19:30:00;BLOODSHOT;BLOODSHOT;E1900579400000;DUBLADO;NÃO;ESTADOS UNIDOS;5002722;SALA CINE PLAYARTE MANAUARA 07;13;6000049;260;16356;MANAUS;AM;PLAYARTE CINEMAS LTDA.;60.434.149/0001-00
23/08/2020;23/08/2020 19:50:00;AQUAMAN;AQUAMAN;E1800433400000;DUBLADO;NÃO;ESTADOS UNIDOS;5002727;SALA CINE PLAYARTE MANAUARA 04;7;6000049;260;16356;MANAUS;AM;PLAYARTE CINEMAS LTDA.;60.434.149/0001-00
23/08/2020;23/08/2020 20:00:00;ALADDIN;ALADDIN;E1900188100000;DUBLADO;NÃO;ESTADOS UNIDOS;5002102;CINE DRIVEIN;127;;5465;6715;BRASÍLIA;DF;STARK'S CINEMA E LANCHONETE LTDA.;32.917.296/0001-04
23/08/2020;23/08/2020 20:00:00;BLOODSHOT;BLOODSHOT;E1900579400000;DUBLADO;NÃO;ESTADOS UNIDOS;5000079;KINOPLEX AMAZONAS SALA 01;18;6000037;1991;2393;MANAUS;AM;EMPRESA CINEMAS SÃO LUIZ S/A;33.497.660/0001-89
23/08/2020;23/08/2020 20:00:00;DOLITTLE;DOLITTLE;E1900437900000;DUBLADO;NÃO;ESTADOS UNIDOS;5006561;CINEART CACOAL SHOPPING SALA DRIVE-IN;1;;19535;37071;CACOAL;RO;CINE ART LTDA ME;07.083.456/0001-01
23/08/2020;23/08/2020 20:00:00;DOLITTLE;DOLITTLE;E1900437900000;DUBLADO;NÃO;ESTADOS UNIDOS;5006617;DRIVE - GYN SERRA DOURADA 01;9;6000039;45898;46312;GOIÂNIA;GO;DRIVE-GYN ENTRETENIMENTO LTDA;37.109.882/0001-38
23/08/2020;23/08/2020 20:00:01;HARRY POTTER AND THE PRISONER OF AZKABAN;HARRY POTTER E O PRISIONEIRO DE AZKABAN;E1500192700000;DUBLADO;NÃO;ESTADOS UNIDOS;5006590;SUPER DRIVE IN;9;6000006;2872;46068;SÃO BERNARDO DO CAMPO;SP;EMPRESA CENTERPLEX DE CINEMAS LTDA;00.812.310/0001-00
23/08/2020;23/08/2020 20:10:00;A STAR IS BORN;NASCE UMA ESTRELA;E1800303500000;ORIGINAL;SIM;ESTADOS UNIDOS;5006600;DRIVE - GYN ESTAÇÃO DA MODA;8;6000039;45898;46149;GOIÂNIA;GO;DRIVE-GYN ENTRETENIMENTO LTDA;37.109.882/0001-38
23/08/2020;23/08/2020 20:10:00;BAD BOYS FOR LIFE;BAD BOYS PARA SEMPRE;E1900525600000;DUBLADO;NÃO;ESTADOS UNIDOS;5002723;SALA CINE PLAYARTE MANAUARA 03;13;6000049;260;16356;MANAUS;AM;PLAYARTE CINEMAS LTDA.;60.434.149/0001-00
23/08/2020;23/08/2020 20:10:00;MORTAL ENGINES;MÁQUINAS MORTAIS;E1800532500000;DUBLADO;NÃO;ESTADOS UNIDOS;5006606;CINE CAVALIERE ORLANDI DRIVE IN;1;;15009;15010;SOCORRO;SP;ORLANDI MARCHESE LTDA - ME;03.091.068/0001-11
23/08/2020;23/08/2020 20:15:00;FIFTY SHADES DARKER;CINQUENTA TONS MAIS ESCUROS;E1500757600000;ORIGINAL;SIM;ESTADOS UNIDOS;5006618;DRIVE - GYN SERRA DOURADA 02;2;6000039;45898;46312;GOIÂNIA;GO;DRIVE-GYN ENTRETENIMENTO LTDA;37.109.882/0001-38
23/08/2020;23/08/2020 20:15:00;JUSTICE LEAGUE;LIGA DA JUSTIÇA;E1700482600000;DUBLADO;NÃO;ESTADOS UNIDOS;5006579;CINESYSTEM BRÁS DRIVE-IN;11;6000027;22546;34941;SÃO PAULO;SP;REDECINE BRA CINEMATOGRÁFICA S.A.;15.422.993/0001-67
23/08/2020;23/08/2020 20:15:00;THE MUMMY;A MÚMIA;E1500758800000;DUBLADO;NÃO;ESTADOS UNIDOS;5000081;KINOPLEX AMAZONAS SALA 03;6;6000037;1991;2393;MANAUS;AM;EMPRESA CINEMAS SÃO LUIZ S/A;33.497.660/0001-89
23/08/2020;23/08/2020 20:20:00;VOLUME MORTO;;B2000101100000;ORIGINAL;NÃO;BRASIL;5006578;CINE ARTE PAJUÇARA DRIVE-IN;3;;26591;26593;MACEIÓ;AL;ASSOCIAÇÃO CULTURAL ARTE PAJUÇARA - ACAP;19.442.911/0001-05
23/08/2020;23/08/2020 20:30:00;BLOODSHOT;BLOODSHOT;E1900579400000;DUBLADO;NÃO;ESTADOS UNIDOS;5002721;SALA CINE PLAYARTE MANAUARA 01;20;6000049;260;16356;MANAUS;AM;PLAYARTE CINEMAS LTDA.;60.434.149/0001-00
23/08/2020;23/08/2020 20:30:00;ONWARD;DOIS IRMÃOS: UMA JORNADA FANTÁSTICA;E1900366400000;DUBLADO;NÃO;ESTADOS UNIDOS;5004879;CIRCUITO CINEMAS PBAS- SALA 01;4;6000028;15568;27873;PARAUAPEBAS;PA;CIRCUITO ENTRETENIMENTO E CINEMAS LTDA;08.068.712/0001-54
23/08/2020;23/08/2020 20:30:00;OS ESPETACULARES;;B2000163800000;ORIGINAL;NÃO;BRASIL;5006571;CINESYSTEM AMÉRICAS DRIVE-IN;30;6000027;5348;28834;RIO DE JANEIRO;RJ;REDECINE - RIO CINEMATOGRAFICA S.A.;07.524.011/0001-10
23/08/2020;23/08/2020 20:30:00;QUEEN OF SPADES: THROUGH THE LOOKING GLASS;A MALDIÇÃO DO ESPELHO;E1900574500000;DUBLADO;NÃO;RÚSSIA;5004822;KINOPLEX AMAZONAS SALA 04;35;6000037;1991;2393;MANAUS;AM;EMPRESA CINEMAS SÃO LUIZ S/A;33.497.660/0001-89
23/08/2020;23/08/2020 20:30:00;VOLUME MORTO;;B2000101100000;ORIGINAL;NÃO;BRASIL;5006558;CINESYSTEM IGUATEMI FLN DRIVE-IN;0;6000027;22546;41695;FLORIANÓPOLIS;SC;REDECINE BRA CINEMATOGRÁFICA S.A.;15.422.993/0001-67
23/08/2020;23/08/2020 20:30:00;VOLUME MORTO;;B2000101100000;ORIGINAL;NÃO;BRASIL;5006580;CINESYSTEM MORUMBI TOWN DRIVE-IN;36;6000027;22546;34941;SÃO PAULO;SP;REDECINE BRA CINEMATOGRÁFICA S.A.;15.422.993/0001-67
23/08/2020;23/08/2020 20:30:01;BOHEMIAN RHAPSODY;BOHEMIAN RHAPSODY;E1800251900000;DUBLADO;NÃO;ESTADOS UNIDOS;5006585;CENTERPLEX CAMPO DE MARTE DRIVE-IN;13;6000006;36999;37000;SÃO PAULO;SP;CINE ELI SP CINEMAS LTDA;27.676.231/0001-76
23/08/2020;23/08/2020 20:40:00;OS ESPETACULARES;;B2000163800000;ORIGINAL;NÃO;BRASIL;5006610;CINESYSTEM DRIVE-IN AEROPORTO VITÓRIA;11;6000027;22546;46257;VITÓRIA;ES;REDECINE BRA CINEMATOGRÁFICA S.A.;15.422.993/0001-67
23/08/2020;23/08/2020 20:50:00;GRETEL & HANSEL (2020);MARIA E JOÃO - O CONTO DAS BRUXAS;E1900467000000;DUBLADO;NÃO;ESTADOS UNIDOS;5002726;SALA CINE PLAYARTE MANAUARA 06;18;6000049;260;16356;MANAUS;AM;PLAYARTE CINEMAS LTDA.;60.434.149/0001-00
23/08/2020;23/08/2020 20:50:00;ROCKETMAN;ROCKETMAN;E1900164300000;ORIGINAL;SIM;ESTADOS UNIDOS;5006602;TOPAZIO POLO SHOPPING DRIVE IN;9;6000057;2968;19182;INDAIATUBA;SP;LUI CINEMATOGRÁFICA LTDA.;71.912.711/0001-80
23/08/2020;23/08/2020 20:50:01;JOHN WICK 3: PARABELLUM;JOHN WICK 3: PARABELLUM;E1900126300000;DUBLADO;NÃO;ESTADOS UNIDOS;5006494;CINE INTER SANTA INES 02;11;6000140;44834;44835;SANTA INÊS;MA;CINEINTER EXIBICOES CINEMATOGRAFICAS LTDA;35.477.354/0001-06
23/08/2020;23/08/2020 21:00:00;BLOODSHOT;BLOODSHOT;E1900579400000;DUBLADO;NÃO;ESTADOS UNIDOS;5006568;CINE + ARTE XANGRI-LÁ DRIVE-IN;14;6000103;32155;45890;XANGRI-LÁ;RS;EWERTON LUIS DE SOUZA BRANDOLT;23.288.683/0001-20
23/08/2020;23/08/2020 21:00:00;CAPTAIN MARVEL;CAPITÃ MARVEL;E1900011200000;DUBLADO;NÃO;ESTADOS UNIDOS;5006570;TOP CINEPLEX PAULÍNIA - DRIVE-IN;6;6000056;19398;19399;PAULÍNIA;SP;DIAS CINEMATOGRÁFICA LTDA-EPP;12.128.142/0001-18
23/08/2020;23/08/2020 21:00:00;JOKER;CORINGA;E1900357300000;DUBLADO;NÃO;CANADÁ;5004881;CIRCUITO CINEMAS PBAS- SALA 03;0;6000028;15568;27873;PARAUAPEBAS;PA;CIRCUITO ENTRETENIMENTO E CINEMAS LTDA;08.068.712/0001-54
23/08/2020;23/08/2020 21:00:00;QUEEN OF SPADES: THROUGH THE LOOKING GLASS;A MALDIÇÃO DO ESPELHO;E1900574500000;DUBLADO;NÃO;RÚSSIA;5005931;MOBI CINE AÇAILÂNDIA SALA 03;2;6000040;38236;38237;AÇAILÂNDIA;MA;C A V LEMOS E CIA LTDA - ME;14.717.191/0001-11
23/08/2020;23/08/2020 21:00:01;BAD BOYS FOR LIFE;BAD BOYS PARA SEMPRE;E1900525600000;DUBLADO;NÃO;ESTADOS UNIDOS;5006595;CENTERPLEX ESTAÇÃO ATIBAIA DRIVE-IN;16;6000006;2836;2843;ATIBAIA;SP;EMPRESA SAO LUIZ DE CINEMAS LTDA - EM RECUPERACAO JUDICIAL;52.067.071/0001-05
23/08/2020;23/08/2020 21:00:01;MINHA MÃE É UMA PEÇA 3;;B1900576900000;ORIGINAL;NÃO;BRASIL;5006560;CINE A ITAJUBÁ DRIVE-IN;6;6000008;15833;41725;ITAJUBÁ;MG;CINE A LTDA;10.894.937/0001-01
23/08/2020;23/08/2020 21:00:01;THE FATE OF THE FURIOUS;VELOZES E FURIOSOS 8;E1700045600000;DUBLADO;NÃO;FRANÇA;5006574;DRIVE IN CINEART ALPHAVILLE;10;6000013;437;45925;NOVA LIMA;MG;DELTA FILMES LTDA;01.735.159/0001-17
23/08/2020;23/08/2020 21:10:00;BAD BOYS 3;BAD BOYS 3;E1500757400000;DUBLADO;NÃO;ESTADOS UNIDOS;5005930;MOBI CINE AÇAILÂNDIA SALA 02;0;6000040;38236;38237;AÇAILÂNDIA;MA;C A V LEMOS E CIA LTDA - ME;14.717.191/0001-11
23/08/2020;23/08/2020 21:10:00;YESTERDAY;YESTERDAY;E1900265700000;DUBLADO;NÃO;REINO UNIDO;5006620;CINEMAIS MONTES CLAROS DRIVE IN;11;6000017;2892;23844;MONTES CLAROS;MG;CINEMAIS CINEMAS LTDA;03.868.869/0001-40
23/08/2020;23/08/2020 21:15:00;AQUAMAN;AQUAMAN;E1800433400000;ORIGINAL;SIM;ESTADOS UNIDOS;5006619;DRIVE - GYN SERRA DOURADA 03;2;6000039;45898;46312;GOIÂNIA;GO;DRIVE-GYN ENTRETENIMENTO LTDA;37.109.882/0001-38
23/08/2020;23/08/2020 21:15:00;MINHA MÃE É UMA PEÇA 3;;B1900576900000;ORIGINAL;NÃO;BRASIL;5004882;CIRCUITO CINEMAS PBAS- SALA 04;2;6000028;15568;27873;PARAUAPEBAS;PA;CIRCUITO ENTRETENIMENTO E CINEMAS LTDA;08.068.712/0001-54
23/08/2020;23/08/2020 21:20:00;BLOODSHOT;BLOODSHOT;E1900579400000;DUBLADO;NÃO;ESTADOS UNIDOS;5005929;MOBI CINE AÇAILÂNDIA SALA 01;13;6000040;38236;38237;AÇAILÂNDIA;MA;C A V LEMOS E CIA LTDA - ME;14.717.191/0001-11
23/08/2020;23/08/2020 21:20:00;JOKER;CORINGA;E1900357300000;DUBLADO;NÃO;CANADÁ;5006605;MULTICINE MOSSORÓ DRIVE IN;0;6000045;5935;17881;MOSSORÓ;RN;MULTICINE CINEMAS LTDA;07.609.246/0001-04
23/08/2020;23/08/2020 21:20:00;OS PARÇAS 2;;B1900487100000;ORIGINAL;NÃO;BRASIL;5006493;CINE INTER SANTA INES 01;5;6000140;44834;44835;SANTA INÊS;MA;CINEINTER EXIBICOES CINEMATOGRAFICAS LTDA;35.477.354/0001-06
23/08/2020;23/08/2020 21:25:00;FAST & FURIOUS PRESENTS: HOBBS & SHAW;VELOZES & FURIOSOS: HOBBS & SHAW;E1900264000000;DUBLADO;NÃO;ESTADOS UNIDOS;5006586;MULTICINE DRIVE IN - CIDADE JARDIM;1;6000045;5935;30736;GOIÂNIA;GO;MULTICINE CINEMAS LTDA;07.609.246/0001-04
23/08/2020;23/08/2020 21:30:00;BLOODSHOT;BLOODSHOT;E1900579400000;DUBLADO;NÃO;ESTADOS UNIDOS;5004880;CIRCUITO CINEMAS PBAS- SALA 02;13;6000028;15568;27873;PARAUAPEBAS;PA;CIRCUITO ENTRETENIMENTO E CINEMAS LTDA;08.068.712/0001-54
23/08/2020;23/08/2020 21:30:00;BOHEMIAN RHAPSODY;BOHEMIAN RHAPSODY;E1800251900000;DUBLADO;NÃO;ESTADOS UNIDOS;5006567;CINESHOW TUBARÃO DRIVE-IN;2;6000025;33770;33771;TUBARÃO;SC;TUBARÃO FILMES LTDA;24.971.903/0001-88
23/08/2020;23/08/2020 21:30:01;KONG: SKULL ISLAND;KONG - A ILHA DA CAVEIRA;E1500758600000;DUBLADO;NÃO;ESTADOS UNIDOS;5006591;DRIVE IN SHOPPING VILLA LOBOS;8;6000006;2872;46069;SÃO PAULO;SP;EMPRESA CENTERPLEX DE CINEMAS LTDA;00.812.310/0001-00
23/08/2020;23/08/2020 22:00:00;FAST & FURIOUS PRESENTS: HOBBS & SHAW;VELOZES & FURIOSOS: HOBBS & SHAW;E1900264000000;DUBLADO;NÃO;ESTADOS UNIDOS;5006617;DRIVE - GYN SERRA DOURADA 01;0;6000039;45898;46312;GOIÂNIA;GO;DRIVE-GYN ENTRETENIMENTO LTDA;37.109.882/0001-38
23/08/2020;23/08/2020 22:05:00;AQUAMAN;AQUAMAN;E1800433400000;DUBLADO;NÃO;ESTADOS UNIDOS;5006558;CINESYSTEM IGUATEMI FLN DRIVE-IN;0;6000027;22546;41695;FLORIANÓPOLIS;SC;REDECINE BRA CINEMATOGRÁFICA S.A.;15.422.993/0001-67
23/08/2020;23/08/2020 22:15:00;NOW YOU SEE ME 2;TRUQUE DE MESTRE: O 2º ATO;E1700176500000;ORIGINAL;SIM;CANADÁ;5006580;CINESYSTEM MORUMBI TOWN DRIVE-IN;20;6000027;22546;34941;SÃO PAULO;SP;REDECINE BRA CINEMATOGRÁFICA S.A.;15.422.993/0001-67
23/08/2020;23/08/2020 22:30:00;47 METERS DOWN: UNCAGED;MEDO PROFUNDO - O SEGUNDO ATAQUE;E1900302700000;DUBLADO;NÃO;REINO UNIDO;5006571;CINESYSTEM AMÉRICAS DRIVE-IN;21;6000027;5348;28834;RIO DE JANEIRO;RJ;REDECINE - RIO CINEMATOGRAFICA S.A.;07.524.011/0001-10
23/08/2020;23/08/2020 22:30:00;DOCTOR SLEEP;DOUTOR SONO;E1900463600000;DUBLADO;NÃO;ESTADOS UNIDOS;5006590;SUPER DRIVE IN;3;6000006;2872;46068;SÃO BERNARDO DO CAMPO;SP;EMPRESA CENTERPLEX DE CINEMAS LTDA;00.812.310/0001-00
23/08/2020;23/08/2020 22:30:00;JUSTICE LEAGUE;LIGA DA JUSTIÇA;E1700482600000;DUBLADO;NÃO;ESTADOS UNIDOS;5006610;CINESYSTEM DRIVE-IN AEROPORTO VITÓRIA;6;6000027;22546;46257;VITÓRIA;ES;REDECINE BRA CINEMATOGRÁFICA S.A.;15.422.993/0001-67
23/08/2020;23/08/2020 22:30:00;MISSION: IMPOSSIBLE - FALLOUT;MISSÃO: IMPOSSÍVEL - EFEITO FALLOUT;E1800243500000;ORIGINAL;SIM;ESTADOS UNIDOS;5006618;DRIVE - GYN SERRA DOURADA 02;2;6000039;45898;46312;GOIÂNIA;GO;DRIVE-GYN ENTRETENIMENTO LTDA;37.109.882/0001-38
23/08/2020;23/08/2020 22:30:00;THE CURSE OF LA LLORONA;A MALDIÇÃO DA CHORONA;E1800606100000;DUBLADO;NÃO;ESTADOS UNIDOS;5006606;CINE CAVALIERE ORLANDI DRIVE IN;0;;15009;15010;SOCORRO;SP;ORLANDI MARCHESE LTDA - ME;03.091.068/0001-11
23/08/2020;23/08/2020 22:30:00;VOLUME MORTO;;B2000101100000;ORIGINAL;NÃO;BRASIL;5002102;CINE DRIVEIN;127;;5465;6715;BRASÍLIA;DF;STARK'S CINEMA E LANCHONETE LTDA.;32.917.296/0001-04
23/08/2020;23/08/2020 22:40:00;JIGSAW;JOGOS MORTAIS: JIGSAW;E1700451200000;ORIGINAL;SIM;CANADÁ;5006579;CINESYSTEM BRÁS DRIVE-IN;6;6000027;22546;34941;SÃO PAULO;SP;REDECINE BRA CINEMATOGRÁFICA S.A.;15.422.993/0001-67
23/08/2020;23/08/2020 23:30:00;BAD BOYS FOR LIFE;BAD BOYS PARA SEMPRE;E1900525600000;DUBLADO;NÃO;ESTADOS UNIDOS;5006568;CINE + ARTE XANGRI-LÁ DRIVE-IN;5;6000103;32155;45890;XANGRI-LÁ;RS;EWERTON LUIS DE SOUZA BRANDOLT;23.288.683/0001-20
24/08/2020;24/08/2020 13:00:00;ONWARD;DOIS IRMÃOS: UMA JORNADA FANTÁSTICA;E1900366400000;DUBLADO;NÃO;ESTADOS UNIDOS;5004879;CIRCUITO CINEMAS PBAS- SALA 01;0;6000028;15568;27873;PARAUAPEBAS;PA;CIRCUITO ENTRETENIMENTO E CINEMAS LTDA;08.068.712/0001-54
24/08/2020;24/08/2020 13:40:00;SONIC THE HEDGEHOG;SONIC - O FILME;E2000012200000;DUBLADO;NÃO;CANADÁ;5004881;CIRCUITO CINEMAS PBAS- SALA 03;2;6000028;15568;27873;PARAUAPEBAS;PA;CIRCUITO ENTRETENIMENTO E CINEMAS LTDA;08.068.712/0001-54
24/08/2020;24/08/2020 13:45:00;MINHA MÃE É UMA PEÇA 3;;B1900576900000;ORIGINAL;NÃO;BRASIL;5004882;CIRCUITO CINEMAS PBAS- SALA 04;0;6000028;15568;27873;PARAUAPEBAS;PA;CIRCUITO ENTRETENIMENTO E CINEMAS LTDA;08.068.712/0001-54
24/08/2020;24/08/2020 14:00:00;BLOODSHOT;BLOODSHOT;E1900579400000;DUBLADO;NÃO;ESTADOS UNIDOS;5004880;CIRCUITO CINEMAS PBAS- SALA 02;0;6000028;15568;27873;PARAUAPEBAS;PA;CIRCUITO ENTRETENIMENTO E CINEMAS LTDA;08.068.712/0001-54
24/08/2020;24/08/2020 14:10:00;SHAZAM!;SHAZAM!;E1900060900000;DUBLADO;NÃO;ESTADOS UNIDOS;5002727;SALA CINE PLAYARTE MANAUARA 04;5;6000049;260;16356;MANAUS;AM;PLAYARTE CINEMAS LTDA.;60.434.149/0001-00
24/08/2020;24/08/2020 14:30:00;BIRDS OF PREY (AND THE FANTABULOUS EMANCIPATION OF ONE HARLEY QUINN);AVES DE RAPINA (ARLEQUINA E SUA EMANCIPAÇÃO FANTABULOSA);E1900628800000;DUBLADO;NÃO;ESTADOS UNIDOS;5002722;SALA CINE PLAYARTE MANAUARA 07;12;6000049;260;16356;MANAUS;AM;PLAYARTE CINEMAS LTDA.;60.434.149/0001-00
24/08/2020;24/08/2020 15:00:00;BIRDS OF PREY (AND THE FANTABULOUS EMANCIPATION OF ONE HARLEY QUINN);AVES DE RAPINA (ARLEQUINA E SUA EMANCIPAÇÃO FANTABULOSA);E1900628800000;DUBLADO;NÃO;ESTADOS UNIDOS;5006615;PLAYARTE METRÓPOLE DRIVE IN ARARAQUARA;47;6000049;260;46297;ARARAQUARA;SP;PLAYARTE CINEMAS LTDA.;60.434.149/0001-00
24/08/2020;24/08/2020 15:00:00;DE PERNAS PRO AR 3;;B1900104200000;ORIGINAL;NÃO;BRASIL;5006493;CINE INTER SANTA INES 01;1;6000140;44834;44835;SANTA INÊS;MA;CINEINTER EXIBICOES CINEMATOGRAFICAS LTDA;35.477.354/0001-06
24/08/2020;24/08/2020 15:10:00;GRETEL & HANSEL (2020);MARIA E JOÃO - O CONTO DAS BRUXAS;E1900467000000;DUBLADO;NÃO;ESTADOS UNIDOS;5002723;SALA CINE PLAYARTE MANAUARA 03;13;6000049;260;16356;MANAUS;AM;PLAYARTE CINEMAS LTDA.;60.434.149/0001-00
24/08/2020;24/08/2020 15:30:00;BLOODSHOT;BLOODSHOT;E1900579400000;DUBLADO;NÃO;ESTADOS UNIDOS;5002721;SALA CINE PLAYARTE MANAUARA 01;14;6000049;260;16356;MANAUS;AM;PLAYARTE CINEMAS LTDA.;60.434.149/0001-00
24/08/2020;24/08/2020 15:30:00;ONWARD;DOIS IRMÃOS: UMA JORNADA FANTÁSTICA;E1900366400000;DUBLADO;NÃO;ESTADOS UNIDOS;5004879;CIRCUITO CINEMAS PBAS- SALA 01;4;6000028;15568;27873;PARAUAPEBAS;PA;CIRCUITO ENTRETENIMENTO E CINEMAS LTDA;08.068.712/0001-54
24/08/2020;24/08/2020 15:50:00;JUMANJI: NEXT LEVEL;JUMANJI: PROXIMA FASE;E1900458100000;DUBLADO;NÃO;ESTADOS UNIDOS;5002726;SALA CINE PLAYARTE MANAUARA 06;2;6000049;260;16356;MANAUS;AM;PLAYARTE CINEMAS LTDA.;60.434.149/0001-00
24/08/2020;24/08/2020 16:00:00;JUMANJI: NEXT LEVEL;JUMANJI: PROXIMA FASE;E1900458100000;DUBLADO;NÃO;ESTADOS UNIDOS;5000080;KINOPLEX AMAZONAS SALA 02;12;6000037;1991;2393;MANAUS;AM;EMPRESA CINEMAS SÃO LUIZ S/A;33.497.660/0001-89
24/08/2020;24/08/2020 16:00:00;ONWARD;DOIS IRMÃOS: UMA JORNADA FANTÁSTICA;E1900366400000;DUBLADO;NÃO;ESTADOS UNIDOS;5001149;CINE PORTO;0;;2351;2352;UBATUBA;SP;CINEMATOGRÁFICA LITORAL NORTE LTDA-EPP;04.165.613/0001-30
24/08/2020;24/08/2020 16:00:00;OS PARÇAS 2;;B1900487100000;ORIGINAL;NÃO;BRASIL;5006494;CINE INTER SANTA INES 02;0;6000140;44834;44835;SANTA INÊS;MA;CINEINTER EXIBICOES CINEMATOGRAFICAS LTDA;35.477.354/0001-06
24/08/2020;24/08/2020 16:00:00;SONIC THE HEDGEHOG;SONIC - O FILME;E2000012200000;DUBLADO;NÃO;CANADÁ;5004881;CIRCUITO CINEMAS PBAS- SALA 03;0;6000028;15568;27873;PARAUAPEBAS;PA;CIRCUITO ENTRETENIMENTO E CINEMAS LTDA;08.068.712/0001-54
24/08/2020;24/08/2020 16:15:00;MINHA MÃE É UMA PEÇA 3;;B1900576900000;ORIGINAL;NÃO;BRASIL;5004882;CIRCUITO CINEMAS PBAS- SALA 04;2;6000028;15568;27873;PARAUAPEBAS;PA;CIRCUITO ENTRETENIMENTO E CINEMAS LTDA;08.068.712/0001-54
24/08/2020;24/08/2020 16:30:00;BLOODSHOT;BLOODSHOT;E1900579400000;DUBLADO;NÃO;ESTADOS UNIDOS;5004880;CIRCUITO CINEMAS PBAS- SALA 02;5;6000028;15568;27873;PARAUAPEBAS;PA;CIRCUITO ENTRETENIMENTO E CINEMAS LTDA;08.068.712/0001-54
24/08/2020;24/08/2020 16:30:00;QUEEN OF SPADES: THROUGH THE LOOKING GLASS;A MALDIÇÃO DO ESPELHO;E1900574500000;DUBLADO;NÃO;RÚSSIA;5004823;KINOPLEX AMAZONAS SALA 05;17;6000037;1991;2393;MANAUS;AM;EMPRESA CINEMAS SÃO LUIZ S/A;33.497.660/0001-89
24/08/2020;24/08/2020 16:50:00;JUSTICE LEAGUE;LIGA DA JUSTIÇA;E1700482600000;DUBLADO;NÃO;ESTADOS UNIDOS;5002722;SALA CINE PLAYARTE MANAUARA 07;10;6000049;260;16356;MANAUS;AM;PLAYARTE CINEMAS LTDA.;60.434.149/0001-00
24/08/2020;24/08/2020 17:00:00;FAST & FURIOUS PRESENTS: HOBBS & SHAW;VELOZES & FURIOSOS: HOBBS & SHAW;E1900264000000;DUBLADO;NÃO;ESTADOS UNIDOS;5000081;KINOPLEX AMAZONAS SALA 03;5;6000037;1991;2393;MANAUS;AM;EMPRESA CINEMAS SÃO LUIZ S/A;33.497.660/0001-89
24/08/2020;24/08/2020 17:00:00;THE INVISIBLE MAN;O HOMEM INVISÍVEL;E1900438600000;DUBLADO;NÃO;AUSTRÁLIA;5002727;SALA CINE PLAYARTE MANAUARA 04;9;6000049;260;16356;MANAUS;AM;PLAYARTE CINEMAS LTDA.;60.434.149/0001-00
24/08/2020;24/08/2020 17:10:00;OS PARÇAS 2;;B1900487100000;ORIGINAL;NÃO;BRASIL;5006493;CINE INTER SANTA INES 01;1;6000140;44834;44835;SANTA INÊS;MA;CINEINTER EXIBICOES CINEMATOGRAFICAS LTDA;35.477.354/0001-06
24/08/2020;24/08/2020 17:20:00;MINHA MÃE É UMA PEÇA 3;;B1900576900000;ORIGINAL;NÃO;BRASIL;5000079;KINOPLEX AMAZONAS SALA 01;2;6000037;1991;2393;MANAUS;AM;EMPRESA CINEMAS SÃO LUIZ S/A;33.497.660/0001-89
24/08/2020;24/08/2020 17:20:00;SHAZAM!;SHAZAM!;E1900060900000;DUBLADO;NÃO;ESTADOS UNIDOS;5002723;SALA CINE PLAYARTE MANAUARA 03;2;6000049;260;16356;MANAUS;AM;PLAYARTE CINEMAS LTDA.;60.434.149/0001-00
24/08/2020;24/08/2020 18:00:00;BLOODSHOT;BLOODSHOT;E1900579400000;DUBLADO;NÃO;ESTADOS UNIDOS;5002721;SALA CINE PLAYARTE MANAUARA 01;1;6000049;260;16356;MANAUS;AM;PLAYARTE CINEMAS LTDA.;60.434.149/0001-00
24/08/2020;24/08/2020 18:00:00;GRETEL & HANSEL (2020);MARIA E JOÃO - O CONTO DAS BRUXAS;E1900467000000;DUBLADO;NÃO;ESTADOS UNIDOS;5004822;KINOPLEX AMAZONAS SALA 04;13;6000037;1991;2393;MANAUS;AM;EMPRESA CINEMAS SÃO LUIZ S/A;33.497.660/0001-89
24/08/2020;24/08/2020 18:00:00;ONWARD;DOIS IRMÃOS: UMA JORNADA FANTÁSTICA;E1900366400000;DUBLADO;NÃO;ESTADOS UNIDOS;5004879;CIRCUITO CINEMAS PBAS- SALA 01;0;6000028;15568;27873;PARAUAPEBAS;PA;CIRCUITO ENTRETENIMENTO E CINEMAS LTDA;08.068.712/0001-54
24/08/2020;24/08/2020 18:00:00;THE SECRET LIFE OF PETS 2;PETS: A VIDA SECRETA DOS BICHOS 2;E1900162100000;DUBLADO;NÃO;ESTADOS UNIDOS;5002102;CINE DRIVEIN;48;;5465;6715;BRASÍLIA;DF;STARK'S CINEMA E LANCHONETE LTDA.;32.917.296/0001-04
24/08/2020;24/08/2020 18:10:00;JOHN WICK 3: PARABELLUM;JOHN WICK 3: PARABELLUM;E1900126300000;DUBLADO;NÃO;ESTADOS UNIDOS;5006494;CINE INTER SANTA INES 02;3;6000140;44834;44835;SANTA INÊS;MA;CINEINTER EXIBICOES CINEMATOGRAFICAS LTDA;35.477.354/0001-06
24/08/2020;24/08/2020 18:15:00;THE ADDAMS FAMILY;A FAMÍLIA ADDAMS;E1900349600000;DUBLADO;NÃO;CANADÁ;5006617;DRIVE - GYN SERRA DOURADA 01;0;6000039;45898;46312;GOIÂNIA;GO;DRIVE-GYN ENTRETENIMENTO LTDA;37.109.882/0001-38
24/08/2020;24/08/2020 18:20:00;JOKER;CORINGA;E1900357300000;DUBLADO;NÃO;CANADÁ;5004881;CIRCUITO CINEMAS PBAS- SALA 03;0;6000028;15568;27873;PARAUAPEBAS;PA;CIRCUITO ENTRETENIMENTO E CINEMAS LTDA;08.068.712/0001-54
24/08/2020;24/08/2020 18:30:00;D.P.A. - DETETIVES DO PRÉDIO AZUL;;B1700328500000;ORIGINAL;NÃO;BRASIL;5006580;CINESYSTEM MORUMBI TOWN DRIVE-IN;13;6000027;22546;34941;SÃO PAULO;SP;REDECINE BRA CINEMATOGRÁFICA S.A.;15.422.993/0001-67
24/08/2020;24/08/2020 18:30:00;HOW TO TRAIN YOUR DRAGON: THE HIDDEN WORLD;COMO TREINAR O SEU DRAGÃO 3;E1800532200000;DUBLADO;NÃO;ESTADOS UNIDOS;5006610;CINESYSTEM DRIVE-IN AEROPORTO VITÓRIA;13;6000027;22546;46257;VITÓRIA;ES;REDECINE BRA CINEMATOGRÁFICA S.A.;15.422.993/0001-67
24/08/2020;24/08/2020 18:30:00;ONWARD;DOIS IRMÃOS: UMA JORNADA FANTÁSTICA;E1900366400000;ORIGINAL;NÃO;ESTADOS UNIDOS;5001149;CINE PORTO;3;;2351;2352;UBATUBA;SP;CINEMATOGRÁFICA LITORAL NORTE LTDA-EPP;04.165.613/0001-30
24/08/2020;24/08/2020 18:30:00;STORKS;CEGONHAS - A HISTÓRIA QUE NÃO TE CONTARAM;E1600405300000;DUBLADO;NÃO;ESTADOS UNIDOS;5006618;DRIVE - GYN SERRA DOURADA 02;1;6000039;45898;46312;GOIÂNIA;GO;DRIVE-GYN ENTRETENIMENTO LTDA;37.109.882/0001-38
24/08/2020;24/08/2020 18:40:00;GRETEL & HANSEL (2020);MARIA E JOÃO - O CONTO DAS BRUXAS;E1900467000000;DUBLADO;NÃO;ESTADOS UNIDOS;5002726;SALA CINE PLAYARTE MANAUARA 06;24;6000049;260;16356;MANAUS;AM;PLAYARTE CINEMAS LTDA.;60.434.149/0001-00
24/08/2020;24/08/2020 18:45:00;BIRDS OF PREY (AND THE FANTABULOUS EMANCIPATION OF ONE HARLEY QUINN);AVES DE RAPINA (ARLEQUINA E SUA EMANCIPAÇÃO FANTABULOSA);E1900628800000;DUBLADO;NÃO;ESTADOS UNIDOS;5004882;CIRCUITO CINEMAS PBAS- SALA 04;2;6000028;15568;27873;PARAUAPEBAS;PA;CIRCUITO ENTRETENIMENTO E CINEMAS LTDA;08.068.712/0001-54
24/08/2020;24/08/2020 18:45:00;GODZILLA - KING OF THE MONSTERS;GODZILLA II – REI DOS MONSTROS;E1900062600000;DUBLADO;NÃO;ESTADOS UNIDOS;5006619;DRIVE - GYN SERRA DOURADA 03;2;6000039;45898;46312;GOIÂNIA;GO;DRIVE-GYN ENTRETENIMENTO LTDA;37.109.882/0001-38
24/08/2020;24/08/2020 19:00:00;BLOODSHOT;BLOODSHOT;E1900579400000;DUBLADO;NÃO;ESTADOS UNIDOS;5004880;CIRCUITO CINEMAS PBAS- SALA 02;18;6000028;15568;27873;PARAUAPEBAS;PA;CIRCUITO ENTRETENIMENTO E CINEMAS LTDA;08.068.712/0001-54
24/08/2020;24/08/2020 19:00:00;THE INVISIBLE MAN;O HOMEM INVISÍVEL;E1900438600000;DUBLADO;NÃO;AUSTRÁLIA;5000080;KINOPLEX AMAZONAS SALA 02;10;6000037;1991;2393;MANAUS;AM;EMPRESA CINEMAS SÃO LUIZ S/A;33.497.660/0001-89
24/08/2020;24/08/2020 19:10:00;DE PERNAS PRO AR 3;;B1900104200000;ORIGINAL;NÃO;BRASIL;5006493;CINE INTER SANTA INES 01;4;6000140;44834;44835;SANTA INÊS;MA;CINEINTER EXIBICOES CINEMATOGRAFICAS LTDA;35.477.354/0001-06
24/08/2020;24/08/2020 19:15:00;DUNKIRK;DUNKIRK;E1700303100000;ORIGINAL;SIM;ESTADOS UNIDOS;5006572;CINE 14 BIS DRIVE-IN;5;;5822;6623;GUAXUPÉ;MG;GUAXUPE PROMOCOES E EVENTOS LTDA;03.929.354/0001-03
24/08/2020;24/08/2020 19:30:00;BAD BOYS FOR LIFE;BAD BOYS PARA SEMPRE;E1900525600000;DUBLADO;NÃO;ESTADOS UNIDOS;5004823;KINOPLEX AMAZONAS SALA 05;17;6000037;1991;2393;MANAUS;AM;EMPRESA CINEMAS SÃO LUIZ S/A;33.497.660/0001-89
24/08/2020;24/08/2020 19:30:00;BLOODSHOT;BLOODSHOT;E1900579400000;DUBLADO;NÃO;ESTADOS UNIDOS;5002722;SALA CINE PLAYARTE MANAUARA 07;28;6000049;260;16356;MANAUS;AM;PLAYARTE CINEMAS LTDA.;60.434.149/0001-00
24/08/2020;24/08/2020 19:50:00;AQUAMAN;AQUAMAN;E1800433400000;DUBLADO;NÃO;ESTADOS UNIDOS;5002727;SALA CINE PLAYARTE MANAUARA 04;20;6000049;260;16356;MANAUS;AM;PLAYARTE CINEMAS LTDA.;60.434.149/0001-00
24/08/2020;24/08/2020 20:00:00;ALADDIN;ALADDIN;E1900188100000;DUBLADO;NÃO;ESTADOS UNIDOS;5002102;CINE DRIVEIN;48;;5465;6715;BRASÍLIA;DF;STARK'S CINEMA E LANCHONETE LTDA.;32.917.296/0001-04
24/08/2020;24/08/2020 20:00:00;BLOODSHOT;BLOODSHOT;E1900579400000;DUBLADO;NÃO;ESTADOS UNIDOS;5000079;KINOPLEX AMAZONAS SALA 01;10;6000037;1991;2393;MANAUS;AM;EMPRESA CINEMAS SÃO LUIZ S/A;33.497.660/0001-89
24/08/2020;24/08/2020 20:00:00;DOLITTLE;DOLITTLE;E1900437900000;DUBLADO;NÃO;ESTADOS UNIDOS;5006617;DRIVE - GYN SERRA DOURADA 01;5;6000039;45898;46312;GOIÂNIA;GO;DRIVE-GYN ENTRETENIMENTO LTDA;37.109.882/0001-38
24/08/2020;24/08/2020 20:00:00;JOKER;CORINGA;E1900357300000;DUBLADO;NÃO;CANADÁ;5006620;CINEMAIS MONTES CLAROS DRIVE IN;3;6000017;2892;23844;MONTES CLAROS;MG;CINEMAIS CINEMAS LTDA;03.868.869/0001-40
24/08/2020;24/08/2020 20:10:00;BAD BOYS FOR LIFE;BAD BOYS PARA SEMPRE;E1900525600000;DUBLADO;NÃO;ESTADOS UNIDOS;5002723;SALA CINE PLAYARTE MANAUARA 03;20;6000049;260;16356;MANAUS;AM;PLAYARTE CINEMAS LTDA.;60.434.149/0001-00
24/08/2020;24/08/2020 20:15:00;FIFTY SHADES DARKER;CINQUENTA TONS MAIS ESCUROS;E1500757600000;ORIGINAL;SIM;ESTADOS UNIDOS;5006618;DRIVE - GYN SERRA DOURADA 02;2;6000039;45898;46312;GOIÂNIA;GO;DRIVE-GYN ENTRETENIMENTO LTDA;37.109.882/0001-38
24/08/2020;24/08/2020 20:15:00;THE MUMMY;A MÚMIA;E1500758800000;DUBLADO;NÃO;ESTADOS UNIDOS;5000081;KINOPLEX AMAZONAS SALA 03;6;6000037;1991;2393;MANAUS;AM;EMPRESA CINEMAS SÃO LUIZ S/A;33.497.660/0001-89
24/08/2020;24/08/2020 20:30:00;BLOODSHOT;BLOODSHOT;E1900579400000;DUBLADO;NÃO;ESTADOS UNIDOS;5002721;SALA CINE PLAYARTE MANAUARA 01;15;6000049;260;16356;MANAUS;AM;PLAYARTE CINEMAS LTDA.;60.434.149/0001-00
24/08/2020;24/08/2020 20:30:00;ONWARD;DOIS IRMÃOS: UMA JORNADA FANTÁSTICA;E1900366400000;DUBLADO;NÃO;ESTADOS UNIDOS;5004879;CIRCUITO CINEMAS PBAS- SALA 01;9;6000028;15568;27873;PARAUAPEBAS;PA;CIRCUITO ENTRETENIMENTO E CINEMAS LTDA;08.068.712/0001-54
24/08/2020;24/08/2020 20:30:00;QUEEN OF SPADES: THROUGH THE LOOKING GLASS;A MALDIÇÃO DO ESPELHO;E1900574500000;DUBLADO;NÃO;RÚSSIA;5004822;KINOPLEX AMAZONAS SALA 04;49;6000037;1991;2393;MANAUS;AM;EMPRESA CINEMAS SÃO LUIZ S/A;33.497.660/0001-89
24/08/2020;24/08/2020 20:30:00;VOLUME MORTO;;B2000101100000;ORIGINAL;NÃO;BRASIL;5006580;CINESYSTEM MORUMBI TOWN DRIVE-IN;19;6000027;22546;34941;SÃO PAULO;SP;REDECINE BRA CINEMATOGRÁFICA S.A.;15.422.993/0001-67
24/08/2020;24/08/2020 20:40:00;OS ESPETACULARES;;B2000163800000;ORIGINAL;NÃO;BRASIL;5006610;CINESYSTEM DRIVE-IN AEROPORTO VITÓRIA;2;6000027;22546;46257;VITÓRIA;ES;REDECINE BRA CINEMATOGRÁFICA S.A.;15.422.993/0001-67
24/08/2020;24/08/2020 20:50:00;GRETEL & HANSEL (2020);MARIA E JOÃO - O CONTO DAS BRUXAS;E1900467000000;DUBLADO;NÃO;ESTADOS UNIDOS;5002726;SALA CINE PLAYARTE MANAUARA 06;25;6000049;260;16356;MANAUS;AM;PLAYARTE CINEMAS LTDA.;60.434.149/0001-00
24/08/2020;24/08/2020 20:50:00;JOHN WICK 3: PARABELLUM;JOHN WICK 3: PARABELLUM;E1900126300000;DUBLADO;NÃO;ESTADOS UNIDOS;5006494;CINE INTER SANTA INES 02;9;6000140;44834;44835;SANTA INÊS;MA;CINEINTER EXIBICOES CINEMATOGRAFICAS LTDA;35.477.354/0001-06
24/08/2020;24/08/2020 21:00:00;JOKER;CORINGA;E1900357300000;DUBLADO;NÃO;CANADÁ;5004881;CIRCUITO CINEMAS PBAS- SALA 03;0;6000028;15568;27873;PARAUAPEBAS;PA;CIRCUITO ENTRETENIMENTO E CINEMAS LTDA;08.068.712/0001-54
24/08/2020;24/08/2020 21:15:00;AQUAMAN;AQUAMAN;E1800433400000;ORIGINAL;SIM;ESTADOS UNIDOS;5006619;DRIVE - GYN SERRA DOURADA 03;4;6000039;45898;46312;GOIÂNIA;GO;DRIVE-GYN ENTRETENIMENTO LTDA;37.109.882/0001-38
24/08/2020;24/08/2020 21:15:00;MINHA MÃE É UMA PEÇA 3;;B1900576900000;ORIGINAL;NÃO;BRASIL;5004882;CIRCUITO CINEMAS PBAS- SALA 04;0;6000028;15568;27873;PARAUAPEBAS;PA;CIRCUITO ENTRETENIMENTO E CINEMAS LTDA;08.068.712/0001-54
24/08/2020;24/08/2020 21:20:00;OS PARÇAS 2;;B1900487100000;ORIGINAL;NÃO;BRASIL;5006493;CINE INTER SANTA INES 01;11;6000140;44834;44835;SANTA INÊS;MA;CINEINTER EXIBICOES CINEMATOGRAFICAS LTDA;35.477.354/0001-06
24/08/2020;24/08/2020 21:30:00;BLOODSHOT;BLOODSHOT;E1900579400000;DUBLADO;NÃO;ESTADOS UNIDOS;5004880;CIRCUITO CINEMAS PBAS- SALA 02;15;6000028;15568;27873;PARAUAPEBAS;PA;CIRCUITO ENTRETENIMENTO E CINEMAS LTDA;08.068.712/0001-54
24/08/2020;24/08/2020 22:00:00;FAST & FURIOUS PRESENTS: HOBBS & SHAW;VELOZES & FURIOSOS: HOBBS & SHAW;E1900264000000;DUBLADO;NÃO;ESTADOS UNIDOS;5006617;DRIVE - GYN SERRA DOURADA 01;1;6000039;45898;46312;GOIÂNIA;GO;DRIVE-GYN ENTRETENIMENTO LTDA;37.109.882/0001-38
24/08/2020;24/08/2020 22:15:00;JUSTICE LEAGUE;LIGA DA JUSTIÇA;E1700482600000;ORIGINAL;SIM;ESTADOS UNIDOS;5006580;CINESYSTEM MORUMBI TOWN DRIVE-IN;14;6000027;22546;34941;SÃO PAULO;SP;REDECINE BRA CINEMATOGRÁFICA S.A.;15.422.993/0001-67
24/08/2020;24/08/2020 22:30:00;JUSTICE LEAGUE;LIGA DA JUSTIÇA;E1700482600000;DUBLADO;NÃO;ESTADOS UNIDOS;5006610;CINESYSTEM DRIVE-IN AEROPORTO VITÓRIA;0;6000027;22546;46257;VITÓRIA;ES;REDECINE BRA CINEMATOGRÁFICA S.A.;15.422.993/0001-67
24/08/2020;24/08/2020 22:30:00;MISSION: IMPOSSIBLE - FALLOUT;MISSÃO: IMPOSSÍVEL - EFEITO FALLOUT;E1800243500000;ORIGINAL;SIM;ESTADOS UNIDOS;5006618;DRIVE - GYN SERRA DOURADA 02;2;6000039;45898;46312;GOIÂNIA;GO;DRIVE-GYN ENTRETENIMENTO LTDA;37.109.882/0001-38
24/08/2020;24/08/2020 22:30:00;VOLUME MORTO;;B2000101100000;ORIGINAL;NÃO;BRASIL;5002102;CINE DRIVEIN;48;;5465;6715;BRASÍLIA;DF;STARK'S CINEMA E LANCHONETE LTDA.;32.917.296/0001-04
25/08/2020;25/08/2020 13:00:00;ONWARD;DOIS IRMÃOS: UMA JORNADA FANTÁSTICA;E1900366400000;DUBLADO;NÃO;ESTADOS UNIDOS;5004879;CIRCUITO CINEMAS PBAS- SALA 01;0;6000028;15568;27873;PARAUAPEBAS;PA;CIRCUITO ENTRETENIMENTO E CINEMAS LTDA;08.068.712/0001-54
25/08/2020;25/08/2020 13:40:00;SONIC THE HEDGEHOG;SONIC - O FILME;E2000012200000;DUBLADO;NÃO;CANADÁ;5004881;CIRCUITO CINEMAS PBAS- SALA 03;1;6000028;15568;27873;PARAUAPEBAS;PA;CIRCUITO ENTRETENIMENTO E CINEMAS LTDA;08.068.712/0001-54
25/08/2020;25/08/2020 13:45:00;MINHA MÃE É UMA PEÇA 3;;B1900576900000;ORIGINAL;NÃO;BRASIL;5004882;CIRCUITO CINEMAS PBAS- SALA 04;0;6000028;15568;27873;PARAUAPEBAS;PA;CIRCUITO ENTRETENIMENTO E CINEMAS LTDA;08.068.712/0001-54
25/08/2020;25/08/2020 14:00:00;BLOODSHOT;BLOODSHOT;E1900579400000;DUBLADO;NÃO;ESTADOS UNIDOS;5004880;CIRCUITO CINEMAS PBAS- SALA 02;0;6000028;15568;27873;PARAUAPEBAS;PA;CIRCUITO ENTRETENIMENTO E CINEMAS LTDA;08.068.712/0001-54
25/08/2020;25/08/2020 14:10:00;SHAZAM!;SHAZAM!;E1900060900000;DUBLADO;NÃO;ESTADOS UNIDOS;5002727;SALA CINE PLAYARTE MANAUARA 04;1;6000049;260;16356;MANAUS;AM;PLAYARTE CINEMAS LTDA.;60.434.149/0001-00
25/08/2020;25/08/2020 14:30:00;BIRDS OF PREY (AND THE FANTABULOUS EMANCIPATION OF ONE HARLEY QUINN);AVES DE RAPINA (ARLEQUINA E SUA EMANCIPAÇÃO FANTABULOSA);E1900628800000;DUBLADO;NÃO;ESTADOS UNIDOS;5002722;SALA CINE PLAYARTE MANAUARA 07;11;6000049;260;16356;MANAUS;AM;PLAYARTE CINEMAS LTDA.;60.434.149/0001-00
25/08/2020;25/08/2020 15:00:00;DE PERNAS PRO AR 3;;B1900104200000;ORIGINAL;NÃO;BRASIL;5006493;CINE INTER SANTA INES 01;0;6000140;44834;44835;SANTA INÊS;MA;CINEINTER EXIBICOES CINEMATOGRAFICAS LTDA;35.477.354/0001-06
25/08/2020;25/08/2020 15:10:00;GRETEL & HANSEL (2020);MARIA E JOÃO - O CONTO DAS BRUXAS;E1900467000000;DUBLADO;NÃO;ESTADOS UNIDOS;5002723;SALA CINE PLAYARTE MANAUARA 03;21;6000049;260;16356;MANAUS;AM;PLAYARTE CINEMAS LTDA.;60.434.149/0001-00
25/08/2020;25/08/2020 15:30:00;BLOODSHOT;BLOODSHOT;E1900579400000;DUBLADO;NÃO;ESTADOS UNIDOS;5002721;SALA CINE PLAYARTE MANAUARA 01;9;6000049;260;16356;MANAUS;AM;PLAYARTE CINEMAS LTDA.;60.434.149/0001-00
25/08/2020;25/08/2020 15:30:00;ONWARD;DOIS IRMÃOS: UMA JORNADA FANTÁSTICA;E1900366400000;DUBLADO;NÃO;ESTADOS UNIDOS;5004879;CIRCUITO CINEMAS PBAS- SALA 01;0;6000028;15568;27873;PARAUAPEBAS;PA;CIRCUITO ENTRETENIMENTO E CINEMAS LTDA;08.068.712/0001-54
25/08/2020;25/08/2020 15:50:00;JUMANJI: NEXT LEVEL;JUMANJI: PROXIMA FASE;E1900458100000;DUBLADO;NÃO;ESTADOS UNIDOS;5002726;SALA CINE PLAYARTE MANAUARA 06;8;6000049;260;16356;MANAUS;AM;PLAYARTE CINEMAS LTDA.;60.434.149/0001-00
25/08/2020;25/08/2020 16:00:00;JUMANJI: NEXT LEVEL;JUMANJI: PROXIMA FASE;E1900458100000;DUBLADO;NÃO;ESTADOS UNIDOS;5000080;KINOPLEX AMAZONAS SALA 02;4;6000037;1991;2393;MANAUS;AM;EMPRESA CINEMAS SÃO LUIZ S/A;33.497.660/0001-89
25/08/2020;25/08/2020 16:00:00;JUMANJI: NEXT LEVEL;JUMANJI: PROXIMA FASE;E1900458100000;DUBLADO;NÃO;ESTADOS UNIDOS;5005930;MOBI CINE AÇAILÂNDIA SALA 02;0;6000040;38236;38237;AÇAILÂNDIA;MA;C A V LEMOS E CIA LTDA - ME;14.717.191/0001-11
25/08/2020;25/08/2020 16:00:00;ONWARD;DOIS IRMÃOS: UMA JORNADA FANTÁSTICA;E1900366400000;DUBLADO;NÃO;ESTADOS UNIDOS;5001149;CINE PORTO;0;;2351;2352;UBATUBA;SP;CINEMATOGRÁFICA LITORAL NORTE LTDA-EPP;04.165.613/0001-30
25/08/2020;25/08/2020 16:00:00;OS PARÇAS 2;;B1900487100000;ORIGINAL;NÃO;BRASIL;5006494;CINE INTER SANTA INES 02;0;6000140;44834;44835;SANTA INÊS;MA;CINEINTER EXIBICOES CINEMATOGRAFICAS LTDA;35.477.354/0001-06
25/08/2020;25/08/2020 16:00:00;SONIC THE HEDGEHOG;SONIC - O FILME;E2000012200000;DUBLADO;NÃO;CANADÁ;5004881;CIRCUITO CINEMAS PBAS- SALA 03;1;6000028;15568;27873;PARAUAPEBAS;PA;CIRCUITO ENTRETENIMENTO E CINEMAS LTDA;08.068.712/0001-54
25/08/2020;25/08/2020 16:15:00;MINHA MÃE É UMA PEÇA 3;;B1900576900000;ORIGINAL;NÃO;BRASIL;5004882;CIRCUITO CINEMAS PBAS- SALA 04;0;6000028;15568;27873;PARAUAPEBAS;PA;CIRCUITO ENTRETENIMENTO E CINEMAS LTDA;08.068.712/0001-54
25/08/2020;25/08/2020 16:30:00;BLOODSHOT;BLOODSHOT;E1900579400000;DUBLADO;NÃO;ESTADOS UNIDOS;5004880;CIRCUITO CINEMAS PBAS- SALA 02;15;6000028;15568;27873;PARAUAPEBAS;PA;CIRCUITO ENTRETENIMENTO E CINEMAS LTDA;08.068.712/0001-54
25/08/2020;25/08/2020 16:30:00;QUEEN OF SPADES: THROUGH THE LOOKING GLASS;A MALDIÇÃO DO ESPELHO;E1900574500000;DUBLADO;NÃO;RÚSSIA;5004823;KINOPLEX AMAZONAS SALA 05;0;6000037;1991;2393;MANAUS;AM;EMPRESA CINEMAS SÃO LUIZ S/A;33.497.660/0001-89
25/08/2020;25/08/2020 16:50:00;JUSTICE LEAGUE;LIGA DA JUSTIÇA;E1700482600000;DUBLADO;NÃO;ESTADOS UNIDOS;5002722;SALA CINE PLAYARTE MANAUARA 07;12;6000049;260;16356;MANAUS;AM;PLAYARTE CINEMAS LTDA.;60.434.149/0001-00
25/08/2020;25/08/2020 17:00:00;FAST & FURIOUS PRESENTS: HOBBS & SHAW;VELOZES & FURIOSOS: HOBBS & SHAW;E1900264000000;DUBLADO;NÃO;ESTADOS UNIDOS;5000081;KINOPLEX AMAZONAS SALA 03;7;6000037;1991;2393;MANAUS;AM;EMPRESA CINEMAS SÃO LUIZ S/A;33.497.660/0001-89
25/08/2020;25/08/2020 17:00:00;THE INVISIBLE MAN;O HOMEM INVISÍVEL;E1900438600000;DUBLADO;NÃO;AUSTRÁLIA;5002727;SALA CINE PLAYARTE MANAUARA 04;11;6000049;260;16356;MANAUS;AM;PLAYARTE CINEMAS LTDA.;60.434.149/0001-00
25/08/2020;25/08/2020 17:10:00;OS PARÇAS 2;;B1900487100000;ORIGINAL;NÃO;BRASIL;5006493;CINE INTER SANTA INES 01;3;6000140;44834;44835;SANTA INÊS;MA;CINEINTER EXIBICOES CINEMATOGRAFICAS LTDA;35.477.354/0001-06
25/08/2020;25/08/2020 17:20:00;MINHA MÃE É UMA PEÇA 3;;B1900576900000;ORIGINAL;NÃO;BRASIL;5000079;KINOPLEX AMAZONAS SALA 01;4;6000037;1991;2393;MANAUS;AM;EMPRESA CINEMAS SÃO LUIZ S/A;33.497.660/0001-89
25/08/2020;25/08/2020 17:20:00;SHAZAM!;SHAZAM!;E1900060900000;DUBLADO;NÃO;ESTADOS UNIDOS;5002723;SALA CINE PLAYARTE MANAUARA 03;0;6000049;260;16356;MANAUS;AM;PLAYARTE CINEMAS LTDA.;60.434.149/0001-00
25/08/2020;25/08/2020 18:00:00;BLOODSHOT;BLOODSHOT;E1900579400000;DUBLADO;NÃO;ESTADOS UNIDOS;5002721;SALA CINE PLAYARTE MANAUARA 01;8;6000049;260;16356;MANAUS;AM;PLAYARTE CINEMAS LTDA.;60.434.149/0001-00
25/08/2020;25/08/2020 18:00:00;GRETEL & HANSEL (2020);MARIA E JOÃO - O CONTO DAS BRUXAS;E1900467000000;DUBLADO;NÃO;ESTADOS UNIDOS;5004822;KINOPLEX AMAZONAS SALA 04;4;6000037;1991;2393;MANAUS;AM;EMPRESA CINEMAS SÃO LUIZ S/A;33.497.660/0001-89
25/08/2020;25/08/2020 18:00:00;ONWARD;DOIS IRMÃOS: UMA JORNADA FANTÁSTICA;E1900366400000;DUBLADO;NÃO;ESTADOS UNIDOS;5004879;CIRCUITO CINEMAS PBAS- SALA 01;0;6000028;15568;27873;PARAUAPEBAS;PA;CIRCUITO ENTRETENIMENTO E CINEMAS LTDA;08.068.712/0001-54
25/08/2020;25/08/2020 18:00:00;THE SECRET LIFE OF PETS 2;PETS: A VIDA SECRETA DOS BICHOS 2;E1900162100000;DUBLADO;NÃO;ESTADOS UNIDOS;5002102;CINE DRIVEIN;88;;5465;6715;BRASÍLIA;DF;STARK'S CINEMA E LANCHONETE LTDA.;32.917.296/0001-04
25/08/2020;25/08/2020 18:10:00;JOHN WICK 3: PARABELLUM;JOHN WICK 3: PARABELLUM;E1900126300000;DUBLADO;NÃO;ESTADOS UNIDOS;5006494;CINE INTER SANTA INES 02;5;6000140;44834;44835;SANTA INÊS;MA;CINEINTER EXIBICOES CINEMATOGRAFICAS LTDA;35.477.354/0001-06
25/08/2020;25/08/2020 18:15:00;THE ADDAMS FAMILY;A FAMÍLIA ADDAMS;E1900349600000;DUBLADO;NÃO;CANADÁ;5006617;DRIVE - GYN SERRA DOURADA 01;6;6000039;45898;46312;GOIÂNIA;GO;DRIVE-GYN ENTRETENIMENTO LTDA;37.109.882/0001-38
25/08/2020;25/08/2020 18:20:00;JOKER;CORINGA;E1900357300000;DUBLADO;NÃO;CANADÁ;5004881;CIRCUITO CINEMAS PBAS- SALA 03;2;6000028;15568;27873;PARAUAPEBAS;PA;CIRCUITO ENTRETENIMENTO E CINEMAS LTDA;08.068.712/0001-54
25/08/2020;25/08/2020 18:20:00;THE FATE OF THE FURIOUS;VELOZES E FURIOSOS 8;E1700045600000;DUBLADO;NÃO;FRANÇA;5006574;DRIVE IN CINEART ALPHAVILLE;7;6000013;437;45925;NOVA LIMA;MG;DELTA FILMES LTDA;01.735.159/0001-17
25/08/2020;25/08/2020 18:30:00;ABOMINABLE;ABOMINÁVEL;E1900349400000;DUBLADO;NÃO;CHINA;5006580;CINESYSTEM MORUMBI TOWN DRIVE-IN;61;6000027;22546;34941;SÃO PAULO;SP;REDECINE BRA CINEMATOGRÁFICA S.A.;15.422.993/0001-67
25/08/2020;25/08/2020 18:30:00;HOW TO TRAIN YOUR DRAGON: THE HIDDEN WORLD;COMO TREINAR O SEU DRAGÃO 3;E1800532200000;DUBLADO;NÃO;ESTADOS UNIDOS;5006610;CINESYSTEM DRIVE-IN AEROPORTO VITÓRIA;8;6000027;22546;46257;VITÓRIA;ES;REDECINE BRA CINEMATOGRÁFICA S.A.;15.422.993/0001-67
25/08/2020;25/08/2020 18:30:00;ONWARD;DOIS IRMÃOS: UMA JORNADA FANTÁSTICA;E1900366400000;ORIGINAL;NÃO;ESTADOS UNIDOS;5001149;CINE PORTO;0;;2351;2352;UBATUBA;SP;CINEMATOGRÁFICA LITORAL NORTE LTDA-EPP;04.165.613/0001-30
25/08/2020;25/08/2020 18:30:00;STORKS;CEGONHAS - A HISTÓRIA QUE NÃO TE CONTARAM;E1600405300000;DUBLADO;NÃO;ESTADOS UNIDOS;5006618;DRIVE - GYN SERRA DOURADA 02;1;6000039;45898;46312;GOIÂNIA;GO;DRIVE-GYN ENTRETENIMENTO LTDA;37.109.882/0001-38
25/08/2020;25/08/2020 18:30:00;THE ADDAMS FAMILY;A FAMÍLIA ADDAMS;E1900349600000;DUBLADO;NÃO;CANADÁ;5006571;CINESYSTEM AMÉRICAS DRIVE-IN;30;6000027;5348;28834;RIO DE JANEIRO;RJ;REDECINE - RIO CINEMATOGRAFICA S.A.;07.524.011/0001-10
25/08/2020;25/08/2020 18:35:00;JUMANJI: NEXT LEVEL;JUMANJI: PROXIMA FASE;E1900458100000;DUBLADO;NÃO;ESTADOS UNIDOS;5005930;MOBI CINE AÇAILÂNDIA SALA 02;2;6000040;38236;38237;AÇAILÂNDIA;MA;C A V LEMOS E CIA LTDA - ME;14.717.191/0001-11
25/08/2020;25/08/2020 18:40:00;GRETEL & HANSEL (2020);MARIA E JOÃO - O CONTO DAS BRUXAS;E1900467000000;DUBLADO;NÃO;ESTADOS UNIDOS;5002726;SALA CINE PLAYARTE MANAUARA 06;18;6000049;260;16356;MANAUS;AM;PLAYARTE CINEMAS LTDA.;60.434.149/0001-00
25/08/2020;25/08/2020 18:45:00;BIRDS OF PREY (AND THE FANTABULOUS EMANCIPATION OF ONE HARLEY QUINN);AVES DE RAPINA (ARLEQUINA E SUA EMANCIPAÇÃO FANTABULOSA);E1900628800000;DUBLADO;NÃO;ESTADOS UNIDOS;5004882;CIRCUITO CINEMAS PBAS- SALA 04;0;6000028;15568;27873;PARAUAPEBAS;PA;CIRCUITO ENTRETENIMENTO E CINEMAS LTDA;08.068.712/0001-54
25/08/2020;25/08/2020 18:45:00;GODZILLA - KING OF THE MONSTERS;GODZILLA II – REI DOS MONSTROS;E1900062600000;DUBLADO;NÃO;ESTADOS UNIDOS;5006619;DRIVE - GYN SERRA DOURADA 03;3;6000039;45898;46312;GOIÂNIA;GO;DRIVE-GYN ENTRETENIMENTO LTDA;37.109.882/0001-38
25/08/2020;25/08/2020 19:00:00;BLOODSHOT;BLOODSHOT;E1900579400000;DUBLADO;NÃO;ESTADOS UNIDOS;5004880;CIRCUITO CINEMAS PBAS- SALA 02;0;6000028;15568;27873;PARAUAPEBAS;PA;CIRCUITO ENTRETENIMENTO E CINEMAS LTDA;08.068.712/0001-54
25/08/2020;25/08/2020 19:00:00;BLOODSHOT;BLOODSHOT;E1900579400000;DUBLADO;NÃO;ESTADOS UNIDOS;5005929;MOBI CINE AÇAILÂNDIA SALA 01;5;6000040;38236;38237;AÇAILÂNDIA;MA;C A V LEMOS E CIA LTDA - ME;14.717.191/0001-11
25/08/2020;25/08/2020 19:00:00;QUEEN OF SPADES: THROUGH THE LOOKING GLASS;A MALDIÇÃO DO ESPELHO;E1900574500000;DUBLADO;NÃO;RÚSSIA;5005931;MOBI CINE AÇAILÂNDIA SALA 03;7;6000040;38236;38237;AÇAILÂNDIA;MA;C A V LEMOS E CIA LTDA - ME;14.717.191/0001-11
25/08/2020;25/08/2020 19:00:00;THE INVISIBLE MAN;O HOMEM INVISÍVEL;E1900438600000;DUBLADO;NÃO;AUSTRÁLIA;5000080;KINOPLEX AMAZONAS SALA 02;15;6000037;1991;2393;MANAUS;AM;EMPRESA CINEMAS SÃO LUIZ S/A;33.497.660/0001-89
25/08/2020;25/08/2020 19:10:00;DE PERNAS PRO AR 3;;B1900104200000;ORIGINAL;NÃO;BRASIL;5006493;CINE INTER SANTA INES 01;3;6000140;44834;44835;SANTA INÊS;MA;CINEINTER EXIBICOES CINEMATOGRAFICAS LTDA;35.477.354/0001-06
25/08/2020;25/08/2020 19:15:00;THE ADDAMS FAMILY;A FAMÍLIA ADDAMS;E1900349600000;DUBLADO;NÃO;CANADÁ;5006572;CINE 14 BIS DRIVE-IN;4;;5822;6623;GUAXUPÉ;MG;GUAXUPE PROMOCOES E EVENTOS LTDA;03.929.354/0001-03
25/08/2020;25/08/2020 19:15:00;WONDER PARK;O PARQUE DOS SONHOS;E1900025300000;DUBLADO;NÃO;ESTADOS UNIDOS;5006605;MULTICINE MOSSORÓ DRIVE IN;1;6000045;5935;17881;MOSSORÓ;RN;MULTICINE CINEMAS LTDA;07.609.246/0001-04
25/08/2020;25/08/2020 19:30:00;BAD BOYS FOR LIFE;BAD BOYS PARA SEMPRE;E1900525600000;DUBLADO;NÃO;ESTADOS UNIDOS;5004823;KINOPLEX AMAZONAS SALA 05;0;6000037;1991;2393;MANAUS;AM;EMPRESA CINEMAS SÃO LUIZ S/A;33.497.660/0001-89
25/08/2020;25/08/2020 19:30:00;BLOODSHOT;BLOODSHOT;E1900579400000;DUBLADO;NÃO;ESTADOS UNIDOS;5002722;SALA CINE PLAYARTE MANAUARA 07;12;6000049;260;16356;MANAUS;AM;PLAYARTE CINEMAS LTDA.;60.434.149/0001-00
25/08/2020;25/08/2020 19:50:00;AQUAMAN;AQUAMAN;E1800433400000;DUBLADO;NÃO;ESTADOS UNIDOS;5002727;SALA CINE PLAYARTE MANAUARA 04;3;6000049;260;16356;MANAUS;AM;PLAYARTE CINEMAS LTDA.;60.434.149/0001-00
25/08/2020;25/08/2020 20:00:00;ALADDIN;ALADDIN;E1900188100000;DUBLADO;NÃO;ESTADOS UNIDOS;5002102;CINE DRIVEIN;88;;5465;6715;BRASÍLIA;DF;STARK'S CINEMA E LANCHONETE LTDA.;32.917.296/0001-04
25/08/2020;25/08/2020 20:00:00;BLOODSHOT;BLOODSHOT;E1900579400000;DUBLADO;NÃO;ESTADOS UNIDOS;5000079;KINOPLEX AMAZONAS SALA 01;8;6000037;1991;2393;MANAUS;AM;EMPRESA CINEMAS SÃO LUIZ S/A;33.497.660/0001-89
25/08/2020;25/08/2020 20:00:00;DOLITTLE;DOLITTLE;E1900437900000;DUBLADO;NÃO;ESTADOS UNIDOS;5006617;DRIVE - GYN SERRA DOURADA 01;7;6000039;45898;46312;GOIÂNIA;GO;DRIVE-GYN ENTRETENIMENTO LTDA;37.109.882/0001-38
25/08/2020;25/08/2020 20:00:00;JUMANJI: NEXT LEVEL;JUMANJI: PROXIMA FASE;E1900458100000;DUBLADO;NÃO;ESTADOS UNIDOS;5006620;CINEMAIS MONTES CLAROS DRIVE IN;4;6000017;2892;23844;MONTES CLAROS;MG;CINEMAIS CINEMAS LTDA;03.868.869/0001-40
25/08/2020;25/08/2020 20:10:00;BAD BOYS FOR LIFE;BAD BOYS PARA SEMPRE;E1900525600000;DUBLADO;NÃO;ESTADOS UNIDOS;5002723;SALA CINE PLAYARTE MANAUARA 03;14;6000049;260;16356;MANAUS;AM;PLAYARTE CINEMAS LTDA.;60.434.149/0001-00
25/08/2020;25/08/2020 20:15:00;FIFTY SHADES DARKER;CINQUENTA TONS MAIS ESCUROS;E1500757600000;ORIGINAL;SIM;ESTADOS UNIDOS;5006618;DRIVE - GYN SERRA DOURADA 02;4;6000039;45898;46312;GOIÂNIA;GO;DRIVE-GYN ENTRETENIMENTO LTDA;37.109.882/0001-38
25/08/2020;25/08/2020 20:15:00;THE MUMMY;A MÚMIA;E1500758800000;DUBLADO;NÃO;ESTADOS UNIDOS;5000081;KINOPLEX AMAZONAS SALA 03;12;6000037;1991;2393;MANAUS;AM;EMPRESA CINEMAS SÃO LUIZ S/A;33.497.660/0001-89
25/08/2020;25/08/2020 20:30:00;BLOODSHOT;BLOODSHOT;E1900579400000;DUBLADO;NÃO;ESTADOS UNIDOS;5002721;SALA CINE PLAYARTE MANAUARA 01;6;6000049;260;16356;MANAUS;AM;PLAYARTE CINEMAS LTDA.;60.434.149/0001-00
25/08/2020;25/08/2020 20:30:00;ONWARD;DOIS IRMÃOS: UMA JORNADA FANTÁSTICA;E1900366400000;DUBLADO;NÃO;ESTADOS UNIDOS;5004879;CIRCUITO CINEMAS PBAS- SALA 01;8;6000028;15568;27873;PARAUAPEBAS;PA;CIRCUITO ENTRETENIMENTO E CINEMAS LTDA;08.068.712/0001-54
25/08/2020;25/08/2020 20:30:00;OS ESPETACULARES;;B2000163800000;ORIGINAL;NÃO;BRASIL;5006571;CINESYSTEM AMÉRICAS DRIVE-IN;56;6000027;5348;28834;RIO DE JANEIRO;RJ;REDECINE - RIO CINEMATOGRAFICA S.A.;07.524.011/0001-10
25/08/2020;25/08/2020 20:30:00;QUEEN OF SPADES: THROUGH THE LOOKING GLASS;A MALDIÇÃO DO ESPELHO;E1900574500000;DUBLADO;NÃO;RÚSSIA;5004822;KINOPLEX AMAZONAS SALA 04;33;6000037;1991;2393;MANAUS;AM;EMPRESA CINEMAS SÃO LUIZ S/A;33.497.660/0001-89
25/08/2020;25/08/2020 20:30:00;VOLUME MORTO;;B2000101100000;ORIGINAL;NÃO;BRASIL;5006580;CINESYSTEM MORUMBI TOWN DRIVE-IN;19;6000027;22546;34941;SÃO PAULO;SP;REDECINE BRA CINEMATOGRÁFICA S.A.;15.422.993/0001-67
25/08/2020;25/08/2020 20:40:00;OS ESPETACULARES;;B2000163800000;ORIGINAL;NÃO;BRASIL;5006610;CINESYSTEM DRIVE-IN AEROPORTO VITÓRIA;6;6000027;22546;46257;VITÓRIA;ES;REDECINE BRA CINEMATOGRÁFICA S.A.;15.422.993/0001-67
25/08/2020;25/08/2020 20:50:00;GRETEL & HANSEL (2020);MARIA E JOÃO - O CONTO DAS BRUXAS;E1900467000000;DUBLADO;NÃO;ESTADOS UNIDOS;5002726;SALA CINE PLAYARTE MANAUARA 06;15;6000049;260;16356;MANAUS;AM;PLAYARTE CINEMAS LTDA.;60.434.149/0001-00
25/08/2020;25/08/2020 20:50:00;JOHN WICK 3: PARABELLUM;JOHN WICK 3: PARABELLUM;E1900126300000;DUBLADO;NÃO;ESTADOS UNIDOS;5006494;CINE INTER SANTA INES 02;4;6000140;44834;44835;SANTA INÊS;MA;CINEINTER EXIBICOES CINEMATOGRAFICAS LTDA;35.477.354/0001-06
25/08/2020;25/08/2020 21:00:00;JOKER;CORINGA;E1900357300000;DUBLADO;NÃO;CANADÁ;5004881;CIRCUITO CINEMAS PBAS- SALA 03;2;6000028;15568;27873;PARAUAPEBAS;PA;CIRCUITO ENTRETENIMENTO E CINEMAS LTDA;08.068.712/0001-54
25/08/2020;25/08/2020 21:00:00;QUEEN OF SPADES: THROUGH THE LOOKING GLASS;A MALDIÇÃO DO ESPELHO;E1900574500000;DUBLADO;NÃO;RÚSSIA;5005931;MOBI CINE AÇAILÂNDIA SALA 03;0;6000040;38236;38237;AÇAILÂNDIA;MA;C A V LEMOS E CIA LTDA - ME;14.717.191/0001-11
25/08/2020;25/08/2020 21:10:00;BAD BOYS 3;BAD BOYS 3;E1500757400000;DUBLADO;NÃO;ESTADOS UNIDOS;5005930;MOBI CINE AÇAILÂNDIA SALA 02;0;6000040;38236;38237;AÇAILÂNDIA;MA;C A V LEMOS E CIA LTDA - ME;14.717.191/0001-11
25/08/2020;25/08/2020 21:10:01;1917;1917;E1900439000000;DUBLADO;NÃO;ESTADOS UNIDOS;5006574;DRIVE IN CINEART ALPHAVILLE;24;6000013;437;45925;NOVA LIMA;MG;DELTA FILMES LTDA;01.735.159/0001-17
25/08/2020;25/08/2020 21:15:00;AQUAMAN;AQUAMAN;E1800433400000;ORIGINAL;SIM;ESTADOS UNIDOS;5006619;DRIVE - GYN SERRA DOURADA 03;14;6000039;45898;46312;GOIÂNIA;GO;DRIVE-GYN ENTRETENIMENTO LTDA;37.109.882/0001-38
25/08/2020;25/08/2020 21:15:00;JURASSIC WORLD: FALLEN KINGDOM;JURASSIC WORLD - REINO AMEAÇADO;E1800169900000;DUBLADO;NÃO;ESTADOS UNIDOS;5006605;MULTICINE MOSSORÓ DRIVE IN;2;6000045;5935;17881;MOSSORÓ;RN;MULTICINE CINEMAS LTDA;07.609.246/0001-04
25/08/2020;25/08/2020 21:15:00;MINHA MÃE É UMA PEÇA 3;;B1900576900000;ORIGINAL;NÃO;BRASIL;5004882;CIRCUITO CINEMAS PBAS- SALA 04;0;6000028;15568;27873;PARAUAPEBAS;PA;CIRCUITO ENTRETENIMENTO E CINEMAS LTDA;08.068.712/0001-54
25/08/2020;25/08/2020 21:20:00;BLOODSHOT;BLOODSHOT;E1900579400000;DUBLADO;NÃO;ESTADOS UNIDOS;5005929;MOBI CINE AÇAILÂNDIA SALA 01;0;6000040;38236;38237;AÇAILÂNDIA;MA;C A V LEMOS E CIA LTDA - ME;14.717.191/0001-11
25/08/2020;25/08/2020 21:20:00;OS PARÇAS 2;;B1900487100000;ORIGINAL;NÃO;BRASIL;5006493;CINE INTER SANTA INES 01;3;6000140;44834;44835;SANTA INÊS;MA;CINEINTER EXIBICOES CINEMATOGRAFICAS LTDA;35.477.354/0001-06
25/08/2020;25/08/2020 21:30:00;BLOODSHOT;BLOODSHOT;E1900579400000;DUBLADO;NÃO;ESTADOS UNIDOS;5004880;CIRCUITO CINEMAS PBAS- SALA 02;0;6000028;15568;27873;PARAUAPEBAS;PA;CIRCUITO ENTRETENIMENTO E CINEMAS LTDA;08.068.712/0001-54
25/08/2020;25/08/2020 22:00:00;FAST & FURIOUS PRESENTS: HOBBS & SHAW;VELOZES & FURIOSOS: HOBBS & SHAW;E1900264000000;DUBLADO;NÃO;ESTADOS UNIDOS;5006617;DRIVE - GYN SERRA DOURADA 01;2;6000039;45898;46312;GOIÂNIA;GO;DRIVE-GYN ENTRETENIMENTO LTDA;37.109.882/0001-38
25/08/2020;25/08/2020 22:15:00;NOW YOU SEE ME 2;TRUQUE DE MESTRE: O 2º ATO;E1700176500000;ORIGINAL;SIM;CANADÁ;5006580;CINESYSTEM MORUMBI TOWN DRIVE-IN;37;6000027;22546;34941;SÃO PAULO;SP;REDECINE BRA CINEMATOGRÁFICA S.A.;15.422.993/0001-67
25/08/2020;25/08/2020 22:30:00;47 METERS DOWN: UNCAGED;MEDO PROFUNDO - O SEGUNDO ATAQUE;E1900302700000;DUBLADO;NÃO;REINO UNIDO;5006571;CINESYSTEM AMÉRICAS DRIVE-IN;33;6000027;5348;28834;RIO DE JANEIRO;RJ;REDECINE - RIO CINEMATOGRAFICA S.A.;07.524.011/0001-10
25/08/2020;25/08/2020 22:30:00;JUSTICE LEAGUE;LIGA DA JUSTIÇA;E1700482600000;DUBLADO;NÃO;ESTADOS UNIDOS;5006610;CINESYSTEM DRIVE-IN AEROPORTO VITÓRIA;8;6000027;22546;46257;VITÓRIA;ES;REDECINE BRA CINEMATOGRÁFICA S.A.;15.422.993/0001-67
25/08/2020;25/08/2020 22:30:00;MISSION: IMPOSSIBLE - FALLOUT;MISSÃO: IMPOSSÍVEL - EFEITO FALLOUT;E1800243500000;ORIGINAL;SIM;ESTADOS UNIDOS;5006618;DRIVE - GYN SERRA DOURADA 02;1;6000039;45898;46312;GOIÂNIA;GO;DRIVE-GYN ENTRETENIMENTO LTDA;37.109.882/0001-38
25/08/2020;25/08/2020 22:30:00;VOLUME MORTO;;B2000101100000;ORIGINAL;NÃO;BRASIL;5002102;CINE DRIVEIN;88;;5465;6715;BRASÍLIA;DF;STARK'S CINEMA E LANCHONETE LTDA.;32.917.296/0001-04
26/08/2020;26/08/2020 13:00:00;ONWARD;DOIS IRMÃOS: UMA JORNADA FANTÁSTICA;E1900366400000;DUBLADO;NÃO;ESTADOS UNIDOS;5004879;CIRCUITO CINEMAS PBAS- SALA 01;0;6000028;15568;27873;PARAUAPEBAS;PA;CIRCUITO ENTRETENIMENTO E CINEMAS LTDA;08.068.712/0001-54
26/08/2020;26/08/2020 13:40:00;SONIC THE HEDGEHOG;SONIC - O FILME;E2000012200000;DUBLADO;NÃO;CANADÁ;5004881;CIRCUITO CINEMAS PBAS- SALA 03;2;6000028;15568;27873;PARAUAPEBAS;PA;CIRCUITO ENTRETENIMENTO E CINEMAS LTDA;08.068.712/0001-54
26/08/2020;26/08/2020 13:45:00;MINHA MÃE É UMA PEÇA 3;;B1900576900000;ORIGINAL;NÃO;BRASIL;5004882;CIRCUITO CINEMAS PBAS- SALA 04;3;6000028;15568;27873;PARAUAPEBAS;PA;CIRCUITO ENTRETENIMENTO E CINEMAS LTDA;08.068.712/0001-54
26/08/2020;26/08/2020 14:00:00;BLOODSHOT;BLOODSHOT;E1900579400000;DUBLADO;NÃO;ESTADOS UNIDOS;5004880;CIRCUITO CINEMAS PBAS- SALA 02;3;6000028;15568;27873;PARAUAPEBAS;PA;CIRCUITO ENTRETENIMENTO E CINEMAS LTDA;08.068.712/0001-54
26/08/2020;26/08/2020 14:10:00;SHAZAM!;SHAZAM!;E1900060900000;DUBLADO;NÃO;ESTADOS UNIDOS;5002727;SALA CINE PLAYARTE MANAUARA 04;4;6000049;260;16356;MANAUS;AM;PLAYARTE CINEMAS LTDA.;60.434.149/0001-00
26/08/2020;26/08/2020 14:30:00;BIRDS OF PREY (AND THE FANTABULOUS EMANCIPATION OF ONE HARLEY QUINN);AVES DE RAPINA (ARLEQUINA E SUA EMANCIPAÇÃO FANTABULOSA);E1900628800000;DUBLADO;NÃO;ESTADOS UNIDOS;5002722;SALA CINE PLAYARTE MANAUARA 07;2;6000049;260;16356;MANAUS;AM;PLAYARTE CINEMAS LTDA.;60.434.149/0001-00
26/08/2020;26/08/2020 15:00:00;DE PERNAS PRO AR 3;;B1900104200000;ORIGINAL;NÃO;BRASIL;5006493;CINE INTER SANTA INES 01;0;6000140;44834;44835;SANTA INÊS;MA;CINEINTER EXIBICOES CINEMATOGRAFICAS LTDA;35.477.354/0001-06
26/08/2020;26/08/2020 15:10:00;GRETEL & HANSEL (2020);MARIA E JOÃO - O CONTO DAS BRUXAS;E1900467000000;DUBLADO;NÃO;ESTADOS UNIDOS;5002723;SALA CINE PLAYARTE MANAUARA 03;4;6000049;260;16356;MANAUS;AM;PLAYARTE CINEMAS LTDA.;60.434.149/0001-00
26/08/2020;26/08/2020 15:30:00;BLOODSHOT;BLOODSHOT;E1900579400000;DUBLADO;NÃO;ESTADOS UNIDOS;5002721;SALA CINE PLAYARTE MANAUARA 01;8;6000049;260;16356;MANAUS;AM;PLAYARTE CINEMAS LTDA.;60.434.149/0001-00
26/08/2020;26/08/2020 15:30:00;ONWARD;DOIS IRMÃOS: UMA JORNADA FANTÁSTICA;E1900366400000;DUBLADO;NÃO;ESTADOS UNIDOS;5004879;CIRCUITO CINEMAS PBAS- SALA 01;3;6000028;15568;27873;PARAUAPEBAS;PA;CIRCUITO ENTRETENIMENTO E CINEMAS LTDA;08.068.712/0001-54
26/08/2020;26/08/2020 15:50:00;JUMANJI: NEXT LEVEL;JUMANJI: PROXIMA FASE;E1900458100000;DUBLADO;NÃO;ESTADOS UNIDOS;5002726;SALA CINE PLAYARTE MANAUARA 06;4;6000049;260;16356;MANAUS;AM;PLAYARTE CINEMAS LTDA.;60.434.149/0001-00
26/08/2020;26/08/2020 16:00:00;JUMANJI: NEXT LEVEL;JUMANJI: PROXIMA FASE;E1900458100000;DUBLADO;NÃO;ESTADOS UNIDOS;5000080;KINOPLEX AMAZONAS SALA 02;11;6000037;1991;2393;MANAUS;AM;EMPRESA CINEMAS SÃO LUIZ S/A;33.497.660/0001-89
26/08/2020;26/08/2020 16:00:00;JUMANJI: NEXT LEVEL;JUMANJI: PROXIMA FASE;E1900458100000;DUBLADO;NÃO;ESTADOS UNIDOS;5005930;MOBI CINE AÇAILÂNDIA SALA 02;0;6000040;38236;38237;AÇAILÂNDIA;MA;C A V LEMOS E CIA LTDA - ME;14.717.191/0001-11
26/08/2020;26/08/2020 16:00:00;ONWARD;DOIS IRMÃOS: UMA JORNADA FANTÁSTICA;E1900366400000;DUBLADO;NÃO;ESTADOS UNIDOS;5001149;CINE PORTO;0;;2351;2352;UBATUBA;SP;CINEMATOGRÁFICA LITORAL NORTE LTDA-EPP;04.165.613/0001-30
26/08/2020;26/08/2020 16:00:00;OS PARÇAS 2;;B1900487100000;ORIGINAL;NÃO;BRASIL;5006494;CINE INTER SANTA INES 02;3;6000140;44834;44835;SANTA INÊS;MA;CINEINTER EXIBICOES CINEMATOGRAFICAS LTDA;35.477.354/0001-06
26/08/2020;26/08/2020 16:00:00;SONIC THE HEDGEHOG;SONIC - O FILME;E2000012200000;DUBLADO;NÃO;CANADÁ;5004881;CIRCUITO CINEMAS PBAS- SALA 03;0;6000028;15568;27873;PARAUAPEBAS;PA;CIRCUITO ENTRETENIMENTO E CINEMAS LTDA;08.068.712/0001-54
26/08/2020;26/08/2020 16:15:00;MINHA MÃE É UMA PEÇA 3;;B1900576900000;ORIGINAL;NÃO;BRASIL;5004882;CIRCUITO CINEMAS PBAS- SALA 04;2;6000028;15568;27873;PARAUAPEBAS;PA;CIRCUITO ENTRETENIMENTO E CINEMAS LTDA;08.068.712/0001-54
26/08/2020;26/08/2020 16:30:00;BLOODSHOT;BLOODSHOT;E1900579400000;DUBLADO;NÃO;ESTADOS UNIDOS;5004880;CIRCUITO CINEMAS PBAS- SALA 02;0;6000028;15568;27873;PARAUAPEBAS;PA;CIRCUITO ENTRETENIMENTO E CINEMAS LTDA;08.068.712/0001-54
26/08/2020;26/08/2020 16:30:00;QUEEN OF SPADES: THROUGH THE LOOKING GLASS;A MALDIÇÃO DO ESPELHO;E1900574500000;DUBLADO;NÃO;RÚSSIA;5004823;KINOPLEX AMAZONAS SALA 05;0;6000037;1991;2393;MANAUS;AM;EMPRESA CINEMAS SÃO LUIZ S/A;33.497.660/0001-89
26/08/2020;26/08/2020 16:50:00;JUSTICE LEAGUE;LIGA DA JUSTIÇA;E1700482600000;DUBLADO;NÃO;ESTADOS UNIDOS;5002722;SALA CINE PLAYARTE MANAUARA 07;15;6000049;260;16356;MANAUS;AM;PLAYARTE CINEMAS LTDA.;60.434.149/0001-00
26/08/2020;26/08/2020 17:00:00;FAST & FURIOUS PRESENTS: HOBBS & SHAW;VELOZES & FURIOSOS: HOBBS & SHAW;E1900264000000;DUBLADO;NÃO;ESTADOS UNIDOS;5000081;KINOPLEX AMAZONAS SALA 03;8;6000037;1991;2393;MANAUS;AM;EMPRESA CINEMAS SÃO LUIZ S/A;33.497.660/0001-89
26/08/2020;26/08/2020 17:00:00;THE INVISIBLE MAN;O HOMEM INVISÍVEL;E1900438600000;DUBLADO;NÃO;AUSTRÁLIA;5002727;SALA CINE PLAYARTE MANAUARA 04;4;6000049;260;16356;MANAUS;AM;PLAYARTE CINEMAS LTDA.;60.434.149/0001-00
26/08/2020;26/08/2020 17:10:00;OS PARÇAS 2;;B1900487100000;ORIGINAL;NÃO;BRASIL;5006493;CINE INTER SANTA INES 01;0;6000140;44834;44835;SANTA INÊS;MA;CINEINTER EXIBICOES CINEMATOGRAFICAS LTDA;35.477.354/0001-06
26/08/2020;26/08/2020 17:20:00;MINHA MÃE É UMA PEÇA 3;;B1900576900000;ORIGINAL;NÃO;BRASIL;5000079;KINOPLEX AMAZONAS SALA 01;2;6000037;1991;2393;MANAUS;AM;EMPRESA CINEMAS SÃO LUIZ S/A;33.497.660/0001-89
26/08/2020;26/08/2020 17:20:00;SHAZAM!;SHAZAM!;E1900060900000;DUBLADO;NÃO;ESTADOS UNIDOS;5002723;SALA CINE PLAYARTE MANAUARA 03;0;6000049;260;16356;MANAUS;AM;PLAYARTE CINEMAS LTDA.;60.434.149/0001-00
26/08/2020;26/08/2020 18:00:00;BLOODSHOT;BLOODSHOT;E1900579400000;DUBLADO;NÃO;ESTADOS UNIDOS;5002721;SALA CINE PLAYARTE MANAUARA 01;7;6000049;260;16356;MANAUS;AM;PLAYARTE CINEMAS LTDA.;60.434.149/0001-00
26/08/2020;26/08/2020 18:00:00;GRETEL & HANSEL (2020);MARIA E JOÃO - O CONTO DAS BRUXAS;E1900467000000;DUBLADO;NÃO;ESTADOS UNIDOS;5004822;KINOPLEX AMAZONAS SALA 04;28;6000037;1991;2393;MANAUS;AM;EMPRESA CINEMAS SÃO LUIZ S/A;33.497.660/0001-89
26/08/2020;26/08/2020 18:00:00;ONWARD;DOIS IRMÃOS: UMA JORNADA FANTÁSTICA;E1900366400000;DUBLADO;NÃO;ESTADOS UNIDOS;5004879;CIRCUITO CINEMAS PBAS- SALA 01;0;6000028;15568;27873;PARAUAPEBAS;PA;CIRCUITO ENTRETENIMENTO E CINEMAS LTDA;08.068.712/0001-54
26/08/2020;26/08/2020 18:00:00;THE SECRET LIFE OF PETS 2;PETS: A VIDA SECRETA DOS BICHOS 2;E1900162100000;DUBLADO;NÃO;ESTADOS UNIDOS;5002102;CINE DRIVEIN;100;;5465;6715;BRASÍLIA;DF;STARK'S CINEMA E LANCHONETE LTDA.;32.917.296/0001-04
26/08/2020;26/08/2020 18:10:00;JOHN WICK 3: PARABELLUM;JOHN WICK 3: PARABELLUM;E1900126300000;DUBLADO;NÃO;ESTADOS UNIDOS;5006494;CINE INTER SANTA INES 02;0;6000140;44834;44835;SANTA INÊS;MA;CINEINTER EXIBICOES CINEMATOGRAFICAS LTDA;35.477.354/0001-06
26/08/2020;26/08/2020 18:15:00;THE ADDAMS FAMILY;A FAMÍLIA ADDAMS;E1900349600000;DUBLADO;NÃO;CANADÁ;5006617;DRIVE - GYN SERRA DOURADA 01;7;6000039;45898;46312;GOIÂNIA;GO;DRIVE-GYN ENTRETENIMENTO LTDA;37.109.882/0001-38
26/08/2020;26/08/2020 18:20:00;JOKER;CORINGA;E1900357300000;DUBLADO;NÃO;CANADÁ;5004881;CIRCUITO CINEMAS PBAS- SALA 03;1;6000028;15568;27873;PARAUAPEBAS;PA;CIRCUITO ENTRETENIMENTO E CINEMAS LTDA;08.068.712/0001-54
26/08/2020;26/08/2020 18:20:01;1917;1917;E1900439000000;ORIGINAL;SIM;ESTADOS UNIDOS;5006574;DRIVE IN CINEART ALPHAVILLE;13;6000013;437;45925;NOVA LIMA;MG;DELTA FILMES LTDA;01.735.159/0001-17
26/08/2020;26/08/2020 18:30:00;CINDERELA POP;;B1900048500000;ORIGINAL;NÃO;BRASIL;5006571;CINESYSTEM AMÉRICAS DRIVE-IN;6;6000027;5348;28834;RIO DE JANEIRO;RJ;REDECINE - RIO CINEMATOGRAFICA S.A.;07.524.011/0001-10
26/08/2020;26/08/2020 18:30:00;D.P.A. - DETETIVES DO PRÉDIO AZUL;;B1700328500000;ORIGINAL;NÃO;BRASIL;5006580;CINESYSTEM MORUMBI TOWN DRIVE-IN;12;6000027;22546;34941;SÃO PAULO;SP;REDECINE BRA CINEMATOGRÁFICA S.A.;15.422.993/0001-67
26/08/2020;26/08/2020 18:30:00;HOW TO TRAIN YOUR DRAGON: THE HIDDEN WORLD;COMO TREINAR O SEU DRAGÃO 3;E1800532200000;DUBLADO;NÃO;ESTADOS UNIDOS;5006610;CINESYSTEM DRIVE-IN AEROPORTO VITÓRIA;0;6000027;22546;46257;VITÓRIA;ES;REDECINE BRA CINEMATOGRÁFICA S.A.;15.422.993/0001-67
26/08/2020;26/08/2020 18:30:00;JUMANJI: NEXT LEVEL;JUMANJI: PROXIMA FASE;E1900458100000;DUBLADO;NÃO;ESTADOS UNIDOS;5006568;CINE + ARTE XANGRI-LÁ DRIVE-IN;0;6000103;32155;45890;XANGRI-LÁ;RS;EWERTON LUIS DE SOUZA BRANDOLT;23.288.683/0001-20
26/08/2020;26/08/2020 18:30:00;ONWARD;DOIS IRMÃOS: UMA JORNADA FANTÁSTICA;E1900366400000;ORIGINAL;NÃO;ESTADOS UNIDOS;5001149;CINE PORTO;2;;2351;2352;UBATUBA;SP;CINEMATOGRÁFICA LITORAL NORTE LTDA-EPP;04.165.613/0001-30
26/08/2020;26/08/2020 18:30:00;STORKS;CEGONHAS - A HISTÓRIA QUE NÃO TE CONTARAM;E1600405300000;DUBLADO;NÃO;ESTADOS UNIDOS;5006618;DRIVE - GYN SERRA DOURADA 02;1;6000039;45898;46312;GOIÂNIA;GO;DRIVE-GYN ENTRETENIMENTO LTDA;37.109.882/0001-38
26/08/2020;26/08/2020 18:35:00;JUMANJI: NEXT LEVEL;JUMANJI: PROXIMA FASE;E1900458100000;DUBLADO;NÃO;ESTADOS UNIDOS;5005930;MOBI CINE AÇAILÂNDIA SALA 02;8;6000040;38236;38237;AÇAILÂNDIA;MA;C A V LEMOS E CIA LTDA - ME;14.717.191/0001-11
26/08/2020;26/08/2020 18:40:00;GRETEL & HANSEL (2020);MARIA E JOÃO - O CONTO DAS BRUXAS;E1900467000000;DUBLADO;NÃO;ESTADOS UNIDOS;5002726;SALA CINE PLAYARTE MANAUARA 06;17;6000049;260;16356;MANAUS;AM;PLAYARTE CINEMAS LTDA.;60.434.149/0001-00
26/08/2020;26/08/2020 18:45:00;BIRDS OF PREY (AND THE FANTABULOUS EMANCIPATION OF ONE HARLEY QUINN);AVES DE RAPINA (ARLEQUINA E SUA EMANCIPAÇÃO FANTABULOSA);E1900628800000;DUBLADO;NÃO;ESTADOS UNIDOS;5004882;CIRCUITO CINEMAS PBAS- SALA 04;0;6000028;15568;27873;PARAUAPEBAS;PA;CIRCUITO ENTRETENIMENTO E CINEMAS LTDA;08.068.712/0001-54
26/08/2020;26/08/2020 18:45:00;GODZILLA - KING OF THE MONSTERS;GODZILLA II – REI DOS MONSTROS;E1900062600000;DUBLADO;NÃO;ESTADOS UNIDOS;5006619;DRIVE - GYN SERRA DOURADA 03;4;6000039;45898;46312;GOIÂNIA;GO;DRIVE-GYN ENTRETENIMENTO LTDA;37.109.882/0001-38
26/08/2020;26/08/2020 19:00:00;BLOODSHOT;BLOODSHOT;E1900579400000;DUBLADO;NÃO;ESTADOS UNIDOS;5004880;CIRCUITO CINEMAS PBAS- SALA 02;2;6000028;15568;27873;PARAUAPEBAS;PA;CIRCUITO ENTRETENIMENTO E CINEMAS LTDA;08.068.712/0001-54
26/08/2020;26/08/2020 19:00:00;BLOODSHOT;BLOODSHOT;E1900579400000;DUBLADO;NÃO;ESTADOS UNIDOS;5005929;MOBI CINE AÇAILÂNDIA SALA 01;2;6000040;38236;38237;AÇAILÂNDIA;MA;C A V LEMOS E CIA LTDA - ME;14.717.191/0001-11
26/08/2020;26/08/2020 19:00:00;COCO;VIVA - A VIDA É UMA FESTA;E1700453400000;DUBLADO;NÃO;ESTADOS UNIDOS;5006567;CINESHOW TUBARÃO DRIVE-IN;13;6000025;33770;33771;TUBARÃO;SC;TUBARÃO FILMES LTDA;24.971.903/0001-88
26/08/2020;26/08/2020 19:00:00;MANOU THE SWIFT;VOANDO ALTO;E1900126900000;DUBLADO;NÃO;ALEMANHA;5006579;CINESYSTEM BRÁS DRIVE-IN;0;6000027;22546;34941;SÃO PAULO;SP;REDECINE BRA CINEMATOGRÁFICA S.A.;15.422.993/0001-67
26/08/2020;26/08/2020 19:00:00;QUEEN OF SPADES: THROUGH THE LOOKING GLASS;A MALDIÇÃO DO ESPELHO;E1900574500000;DUBLADO;NÃO;RÚSSIA;5005931;MOBI CINE AÇAILÂNDIA SALA 03;0;6000040;38236;38237;AÇAILÂNDIA;MA;C A V LEMOS E CIA LTDA - ME;14.717.191/0001-11
26/08/2020;26/08/2020 19:00:00;THE INVISIBLE MAN;O HOMEM INVISÍVEL;E1900438600000;DUBLADO;NÃO;AUSTRÁLIA;5000080;KINOPLEX AMAZONAS SALA 02;23;6000037;1991;2393;MANAUS;AM;EMPRESA CINEMAS SÃO LUIZ S/A;33.497.660/0001-89
26/08/2020;26/08/2020 19:00:00;THE LEGEND OF TARZAN;A LENDA DE TARZAN;E1600251800000;DUBLADO;NÃO;ESTADOS UNIDOS;5006591;DRIVE IN SHOPPING VILLA LOBOS;0;6000006;2872;46069;SÃO PAULO;SP;EMPRESA CENTERPLEX DE CINEMAS LTDA;00.812.310/0001-00
26/08/2020;26/08/2020 19:05:00;WONDER;EXTRAORDINÁRIO;E1700451500000;DUBLADO;NÃO;ESTADOS UNIDOS;5006605;MULTICINE MOSSORÓ DRIVE IN;1;6000045;5935;17881;MOSSORÓ;RN;MULTICINE CINEMAS LTDA;07.609.246/0001-04
26/08/2020;26/08/2020 19:10:00;DE PERNAS PRO AR 3;;B1900104200000;ORIGINAL;NÃO;BRASIL;5006493;CINE INTER SANTA INES 01;3;6000140;44834;44835;SANTA INÊS;MA;CINEINTER EXIBICOES CINEMATOGRAFICAS LTDA;35.477.354/0001-06
26/08/2020;26/08/2020 19:15:00;THE LION KING;O REI LEÃO;E1900267700000;DUBLADO;NÃO;ESTADOS UNIDOS;5006572;CINE 14 BIS DRIVE-IN;3;;5822;6623;GUAXUPÉ;MG;GUAXUPE PROMOCOES E EVENTOS LTDA;03.929.354/0001-03
26/08/2020;26/08/2020 19:30:00;BAD BOYS FOR LIFE;BAD BOYS PARA SEMPRE;E1900525600000;DUBLADO;NÃO;ESTADOS UNIDOS;5004823;KINOPLEX AMAZONAS SALA 05;0;6000037;1991;2393;MANAUS;AM;EMPRESA CINEMAS SÃO LUIZ S/A;33.497.660/0001-89
26/08/2020;26/08/2020 19:30:00;BLOODSHOT;BLOODSHOT;E1900579400000;DUBLADO;NÃO;ESTADOS UNIDOS;5002722;SALA CINE PLAYARTE MANAUARA 07;9;6000049;260;16356;MANAUS;AM;PLAYARTE CINEMAS LTDA.;60.434.149/0001-00
26/08/2020;26/08/2020 19:50:00;AQUAMAN;AQUAMAN;E1800433400000;DUBLADO;NÃO;ESTADOS UNIDOS;5002727;SALA CINE PLAYARTE MANAUARA 04;7;6000049;260;16356;MANAUS;AM;PLAYARTE CINEMAS LTDA.;60.434.149/0001-00
26/08/2020;26/08/2020 20:00:00;ALADDIN;ALADDIN;E1900188100000;DUBLADO;NÃO;ESTADOS UNIDOS;5002102;CINE DRIVEIN;100;;5465;6715;BRASÍLIA;DF;STARK'S CINEMA E LANCHONETE LTDA.;32.917.296/0001-04
26/08/2020;26/08/2020 20:00:00;BLOODSHOT;BLOODSHOT;E1900579400000;DUBLADO;NÃO;ESTADOS UNIDOS;5000079;KINOPLEX AMAZONAS SALA 01;28;6000037;1991;2393;MANAUS;AM;EMPRESA CINEMAS SÃO LUIZ S/A;33.497.660/0001-89
26/08/2020;26/08/2020 20:00:00;DOLITTLE;DOLITTLE;E1900437900000;DUBLADO;NÃO;ESTADOS UNIDOS;5006561;CINEART CACOAL SHOPPING SALA DRIVE-IN;3;;19535;37071;CACOAL;RO;CINE ART LTDA ME;07.083.456/0001-01
26/08/2020;26/08/2020 20:00:00;DOLITTLE;DOLITTLE;E1900437900000;DUBLADO;NÃO;ESTADOS UNIDOS;5006617;DRIVE - GYN SERRA DOURADA 01;16;6000039;45898;46312;GOIÂNIA;GO;DRIVE-GYN ENTRETENIMENTO LTDA;37.109.882/0001-38
26/08/2020;26/08/2020 20:00:00;THE INVISIBLE MAN;O HOMEM INVISÍVEL;E1900438600000;ORIGINAL;SIM;AUSTRÁLIA;5006620;CINEMAIS MONTES CLAROS DRIVE IN;8;6000017;2892;23844;MONTES CLAROS;MG;CINEMAIS CINEMAS LTDA;03.868.869/0001-40
26/08/2020;26/08/2020 20:10:00;BAD BOYS FOR LIFE;BAD BOYS PARA SEMPRE;E1900525600000;DUBLADO;NÃO;ESTADOS UNIDOS;5002723;SALA CINE PLAYARTE MANAUARA 03;8;6000049;260;16356;MANAUS;AM;PLAYARTE CINEMAS LTDA.;60.434.149/0001-00
26/08/2020;26/08/2020 20:15:00;FIFTY SHADES DARKER;CINQUENTA TONS MAIS ESCUROS;E1500757600000;ORIGINAL;SIM;ESTADOS UNIDOS;5006618;DRIVE - GYN SERRA DOURADA 02;5;6000039;45898;46312;GOIÂNIA;GO;DRIVE-GYN ENTRETENIMENTO LTDA;37.109.882/0001-38
26/08/2020;26/08/2020 20:15:00;THE MUMMY;A MÚMIA;E1500758800000;DUBLADO;NÃO;ESTADOS UNIDOS;5000081;KINOPLEX AMAZONAS SALA 03;4;6000037;1991;2393;MANAUS;AM;EMPRESA CINEMAS SÃO LUIZ S/A;33.497.660/0001-89
26/08/2020;26/08/2020 20:30:00;BLOODSHOT;BLOODSHOT;E1900579400000;DUBLADO;NÃO;ESTADOS UNIDOS;5002721;SALA CINE PLAYARTE MANAUARA 01;18;6000049;260;16356;MANAUS;AM;PLAYARTE CINEMAS LTDA.;60.434.149/0001-00
26/08/2020;26/08/2020 20:30:00;ONWARD;DOIS IRMÃOS: UMA JORNADA FANTÁSTICA;E1900366400000;DUBLADO;NÃO;ESTADOS UNIDOS;5004879;CIRCUITO CINEMAS PBAS- SALA 01;2;6000028;15568;27873;PARAUAPEBAS;PA;CIRCUITO ENTRETENIMENTO E CINEMAS LTDA;08.068.712/0001-54
26/08/2020;26/08/2020 20:30:00;OS ESPETACULARES;;B2000163800000;ORIGINAL;NÃO;BRASIL;5006571;CINESYSTEM AMÉRICAS DRIVE-IN;36;6000027;5348;28834;RIO DE JANEIRO;RJ;REDECINE - RIO CINEMATOGRAFICA S.A.;07.524.011/0001-10
26/08/2020;26/08/2020 20:30:00;QUEEN OF SPADES: THROUGH THE LOOKING GLASS;A MALDIÇÃO DO ESPELHO;E1900574500000;DUBLADO;NÃO;RÚSSIA;5004822;KINOPLEX AMAZONAS SALA 04;43;6000037;1991;2393;MANAUS;AM;EMPRESA CINEMAS SÃO LUIZ S/A;33.497.660/0001-89
26/08/2020;26/08/2020 20:30:00;VOLUME MORTO;;B2000101100000;ORIGINAL;NÃO;BRASIL;5006580;CINESYSTEM MORUMBI TOWN DRIVE-IN;10;6000027;22546;34941;SÃO PAULO;SP;REDECINE BRA CINEMATOGRÁFICA S.A.;15.422.993/0001-67
26/08/2020;26/08/2020 20:40:00;OS ESPETACULARES;;B2000163800000;ORIGINAL;NÃO;BRASIL;5006610;CINESYSTEM DRIVE-IN AEROPORTO VITÓRIA;5;6000027;22546;46257;VITÓRIA;ES;REDECINE BRA CINEMATOGRÁFICA S.A.;15.422.993/0001-67
26/08/2020;26/08/2020 20:45:00;JUSTICE LEAGUE;LIGA DA JUSTIÇA;E1700482600000;DUBLADO;NÃO;ESTADOS UNIDOS;5006579;CINESYSTEM BRÁS DRIVE-IN;2;6000027;22546;34941;SÃO PAULO;SP;REDECINE BRA CINEMATOGRÁFICA S.A.;15.422.993/0001-67
26/08/2020;26/08/2020 20:50:00;GRETEL & HANSEL (2020);MARIA E JOÃO - O CONTO DAS BRUXAS;E1900467000000;DUBLADO;NÃO;ESTADOS UNIDOS;5002726;SALA CINE PLAYARTE MANAUARA 06;12;6000049;260;16356;MANAUS;AM;PLAYARTE CINEMAS LTDA.;60.434.149/0001-00
26/08/2020;26/08/2020 20:50:00;JOHN WICK 3: PARABELLUM;JOHN WICK 3: PARABELLUM;E1900126300000;DUBLADO;NÃO;ESTADOS UNIDOS;5006494;CINE INTER SANTA INES 02;9;6000140;44834;44835;SANTA INÊS;MA;CINEINTER EXIBICOES CINEMATOGRAFICAS LTDA;35.477.354/0001-06
26/08/2020;26/08/2020 21:00:00;BLOODSHOT;BLOODSHOT;E1900579400000;DUBLADO;NÃO;ESTADOS UNIDOS;5006568;CINE + ARTE XANGRI-LÁ DRIVE-IN;4;6000103;32155;45890;XANGRI-LÁ;RS;EWERTON LUIS DE SOUZA BRANDOLT;23.288.683/0001-20
26/08/2020;26/08/2020 21:00:00;JOKER;CORINGA;E1900357300000;DUBLADO;NÃO;CANADÁ;5004881;CIRCUITO CINEMAS PBAS- SALA 03;1;6000028;15568;27873;PARAUAPEBAS;PA;CIRCUITO ENTRETENIMENTO E CINEMAS LTDA;08.068.712/0001-54
26/08/2020;26/08/2020 21:00:00;QUEEN OF SPADES: THROUGH THE LOOKING GLASS;A MALDIÇÃO DO ESPELHO;E1900574500000;DUBLADO;NÃO;RÚSSIA;5005931;MOBI CINE AÇAILÂNDIA SALA 03;2;6000040;38236;38237;AÇAILÂNDIA;MA;C A V LEMOS E CIA LTDA - ME;14.717.191/0001-11
26/08/2020;26/08/2020 21:00:01;DOLOR Y GLORIA;DOR E GLÓRIA;E1900161900000;ORIGINAL;SIM;ESPANHA;5006574;DRIVE IN CINEART ALPHAVILLE;16;6000013;437;45925;NOVA LIMA;MG;DELTA FILMES LTDA;01.735.159/0001-17
26/08/2020;26/08/2020 21:10:00;BAD BOYS 3;BAD BOYS 3;E1500757400000;DUBLADO;NÃO;ESTADOS UNIDOS;5005930;MOBI CINE AÇAILÂNDIA SALA 02;0;6000040;38236;38237;AÇAILÂNDIA;MA;C A V LEMOS E CIA LTDA - ME;14.717.191/0001-11
26/08/2020;26/08/2020 21:15:00;AQUAMAN;AQUAMAN;E1800433400000;ORIGINAL;SIM;ESTADOS UNIDOS;5006619;DRIVE - GYN SERRA DOURADA 03;4;6000039;45898;46312;GOIÂNIA;GO;DRIVE-GYN ENTRETENIMENTO LTDA;37.109.882/0001-38
26/08/2020;26/08/2020 21:15:00;MINHA MÃE É UMA PEÇA 3;;B1900576900000;ORIGINAL;NÃO;BRASIL;5004882;CIRCUITO CINEMAS PBAS- SALA 04;0;6000028;15568;27873;PARAUAPEBAS;PA;CIRCUITO ENTRETENIMENTO E CINEMAS LTDA;08.068.712/0001-54
26/08/2020;26/08/2020 21:20:00;BLOODSHOT;BLOODSHOT;E1900579400000;DUBLADO;NÃO;ESTADOS UNIDOS;5005929;MOBI CINE AÇAILÂNDIA SALA 01;2;6000040;38236;38237;AÇAILÂNDIA;MA;C A V LEMOS E CIA LTDA - ME;14.717.191/0001-11
26/08/2020;26/08/2020 21:20:00;JOKER;CORINGA;E1900357300000;DUBLADO;NÃO;CANADÁ;5006605;MULTICINE MOSSORÓ DRIVE IN;1;6000045;5935;17881;MOSSORÓ;RN;MULTICINE CINEMAS LTDA;07.609.246/0001-04
26/08/2020;26/08/2020 21:20:00;OS PARÇAS 2;;B1900487100000;ORIGINAL;NÃO;BRASIL;5006493;CINE INTER SANTA INES 01;7;6000140;44834;44835;SANTA INÊS;MA;CINEINTER EXIBICOES CINEMATOGRAFICAS LTDA;35.477.354/0001-06
26/08/2020;26/08/2020 21:30:00;BLOODSHOT;BLOODSHOT;E1900579400000;DUBLADO;NÃO;ESTADOS UNIDOS;5004880;CIRCUITO CINEMAS PBAS- SALA 02;6;6000028;15568;27873;PARAUAPEBAS;PA;CIRCUITO ENTRETENIMENTO E CINEMAS LTDA;08.068.712/0001-54
26/08/2020;26/08/2020 21:30:00;BOHEMIAN RHAPSODY;BOHEMIAN RHAPSODY;E1800251900000;DUBLADO;NÃO;ESTADOS UNIDOS;5006567;CINESHOW TUBARÃO DRIVE-IN;7;6000025;33770;33771;TUBARÃO;SC;TUBARÃO FILMES LTDA;24.971.903/0001-88
26/08/2020;26/08/2020 21:30:01;CREED II;CREED II;E1800555200000;DUBLADO;NÃO;ESTADOS UNIDOS;5006591;DRIVE IN SHOPPING VILLA LOBOS;0;6000006;2872;46069;SÃO PAULO;SP;EMPRESA CENTERPLEX DE CINEMAS LTDA;00.812.310/0001-00
26/08/2020;26/08/2020 22:00:00;FAST & FURIOUS PRESENTS: HOBBS & SHAW;VELOZES & FURIOSOS: HOBBS & SHAW;E1900264000000;DUBLADO;NÃO;ESTADOS UNIDOS;5006617;DRIVE - GYN SERRA DOURADA 01;4;6000039;45898;46312;GOIÂNIA;GO;DRIVE-GYN ENTRETENIMENTO LTDA;37.109.882/0001-38
26/08/2020;26/08/2020 22:15:00;JUSTICE LEAGUE;LIGA DA JUSTIÇA;E1700482600000;ORIGINAL;SIM;ESTADOS UNIDOS;5006580;CINESYSTEM MORUMBI TOWN DRIVE-IN;24;6000027;22546;34941;SÃO PAULO;SP;REDECINE BRA CINEMATOGRÁFICA S.A.;15.422.993/0001-67
26/08/2020;26/08/2020 22:30:00;JUSTICE LEAGUE;LIGA DA JUSTIÇA;E1700482600000;DUBLADO;NÃO;ESTADOS UNIDOS;5006571;CINESYSTEM AMÉRICAS DRIVE-IN;26;6000027;5348;28834;RIO DE JANEIRO;RJ;REDECINE - RIO CINEMATOGRAFICA S.A.;07.524.011/0001-10
26/08/2020;26/08/2020 22:30:00;JUSTICE LEAGUE;LIGA DA JUSTIÇA;E1700482600000;DUBLADO;NÃO;ESTADOS UNIDOS;5006610;CINESYSTEM DRIVE-IN AEROPORTO VITÓRIA;6;6000027;22546;46257;VITÓRIA;ES;REDECINE BRA CINEMATOGRÁFICA S.A.;15.422.993/0001-67
26/08/2020;26/08/2020 22:30:00;MISSION: IMPOSSIBLE - FALLOUT;MISSÃO: IMPOSSÍVEL - EFEITO FALLOUT;E1800243500000;ORIGINAL;SIM;ESTADOS UNIDOS;5006618;DRIVE - GYN SERRA DOURADA 02;5;6000039;45898;46312;GOIÂNIA;GO;DRIVE-GYN ENTRETENIMENTO LTDA;37.109.882/0001-38
26/08/2020;26/08/2020 22:30:00;VOLUME MORTO;;B2000101100000;ORIGINAL;NÃO;BRASIL;5002102;CINE DRIVEIN;100;;5465;6715;BRASÍLIA;DF;STARK'S CINEMA E LANCHONETE LTDA.;32.917.296/0001-04
26/08/2020;26/08/2020 23:30:00;BAD BOYS FOR LIFE;BAD BOYS PARA SEMPRE;E1900525600000;DUBLADO;NÃO;ESTADOS UNIDOS;5006568;CINE + ARTE XANGRI-LÁ DRIVE-IN;2;6000103;32155;45890;XANGRI-LÁ;RS;EWERTON LUIS DE SOUZA BRANDOLT;23.288.683/0001-20
27/08/2020;27/08/2020 13:00:00;ONWARD;DOIS IRMÃOS: UMA JORNADA FANTÁSTICA;E1900366400000;DUBLADO;NÃO;ESTADOS UNIDOS;5004879;CIRCUITO CINEMAS PBAS- SALA 01;0;6000028;15568;27873;PARAUAPEBAS;PA;CIRCUITO ENTRETENIMENTO E CINEMAS LTDA;08.068.712/0001-54
27/08/2020;27/08/2020 13:30:00;EL ROBO DEL SIGLO;O ROUBO DO SÉCULO;E2000030900000;ORIGINAL;SIM;ARGENTINA;5004881;CIRCUITO CINEMAS PBAS- SALA 03;1;6000028;15568;27873;PARAUAPEBAS;PA;CIRCUITO ENTRETENIMENTO E CINEMAS LTDA;08.068.712/0001-54
27/08/2020;27/08/2020 14:00:00;BLOODSHOT;BLOODSHOT;E1900579400000;DUBLADO;NÃO;ESTADOS UNIDOS;5004880;CIRCUITO CINEMAS PBAS- SALA 02;0;6000028;15568;27873;PARAUAPEBAS;PA;CIRCUITO ENTRETENIMENTO E CINEMAS LTDA;08.068.712/0001-54
27/08/2020;27/08/2020 14:30:00;SONIC THE HEDGEHOG;SONIC - O FILME;E2000012200000;DUBLADO;NÃO;CANADÁ;5004882;CIRCUITO CINEMAS PBAS- SALA 04;0;6000028;15568;27873;PARAUAPEBAS;PA;CIRCUITO ENTRETENIMENTO E CINEMAS LTDA;08.068.712/0001-54
27/08/2020;27/08/2020 14:30:00;SONIC THE HEDGEHOG;SONIC - O FILME;E2000012200000;DUBLADO;NÃO;CANADÁ;5002726;SALA CINE PLAYARTE MANAUARA 06;0;6000049;260;16356;MANAUS;AM;PLAYARTE CINEMAS LTDA.;60.434.149/0001-00
27/08/2020;27/08/2020 14:50:00;THE SECRET: DARE TO DREAM;O SEGREDO: OUSE SONHAR;E2000080600000;ORIGINAL;SIM;ESTADOS UNIDOS;5002727;SALA CINE PLAYARTE MANAUARA 04;5;6000049;260;16356;MANAUS;AM;PLAYARTE CINEMAS LTDA.;60.434.149/0001-00
27/08/2020;27/08/2020 15:00:00;DE PERNAS PRO AR 3;;B1900104200000;ORIGINAL;NÃO;BRASIL;5006493;CINE INTER SANTA INES 01;0;6000140;44834;44835;SANTA INÊS;MA;CINEINTER EXIBICOES CINEMATOGRAFICAS LTDA;35.477.354/0001-06
27/08/2020;27/08/2020 15:20:00;BLOODSHOT;BLOODSHOT;E1900579400000;DUBLADO;NÃO;ESTADOS UNIDOS;5002723;SALA CINE PLAYARTE MANAUARA 03;11;6000049;260;16356;MANAUS;AM;PLAYARTE CINEMAS LTDA.;60.434.149/0001-00
27/08/2020;27/08/2020 15:20:00;THE SECRET: DARE TO DREAM;O SEGREDO: OUSE SONHAR;E2000080600000;DUBLADO;NÃO;ESTADOS UNIDOS;5001149;CINE PORTO;0;;2351;2352;UBATUBA;SP;CINEMATOGRÁFICA LITORAL NORTE LTDA-EPP;04.165.613/0001-30
27/08/2020;27/08/2020 15:25:00;EL ROBO DEL SIGLO;O ROUBO DO SÉCULO;E2000030900000;ORIGINAL;SIM;ARGENTINA;5002722;SALA CINE PLAYARTE MANAUARA 07;0;6000049;260;16356;MANAUS;AM;PLAYARTE CINEMAS LTDA.;60.434.149/0001-00
27/08/2020;27/08/2020 15:30:00;ONWARD;DOIS IRMÃOS: UMA JORNADA FANTÁSTICA;E1900366400000;DUBLADO;NÃO;ESTADOS UNIDOS;5004879;CIRCUITO CINEMAS PBAS- SALA 01;2;6000028;15568;27873;PARAUAPEBAS;PA;CIRCUITO ENTRETENIMENTO E CINEMAS LTDA;08.068.712/0001-54
27/08/2020;27/08/2020 15:40:00;THE SECRET: DARE TO DREAM;O SEGREDO: OUSE SONHAR;E2000080600000;DUBLADO;NÃO;ESTADOS UNIDOS;5000079;KINOPLEX AMAZONAS SALA 01;8;6000037;1991;2393;MANAUS;AM;EMPRESA CINEMAS SÃO LUIZ S/A;33.497.660/0001-89
27/08/2020;27/08/2020 15:50:00;1917;1917;E1900439000000;DUBLADO;NÃO;ESTADOS UNIDOS;5000080;KINOPLEX AMAZONAS SALA 02;2;6000037;1991;2393;MANAUS;AM;EMPRESA CINEMAS SÃO LUIZ S/A;33.497.660/0001-89
27/08/2020;27/08/2020 15:50:00;THE SECRET: DARE TO DREAM;O SEGREDO: OUSE SONHAR;E2000080600000;DUBLADO;NÃO;ESTADOS UNIDOS;5002721;SALA CINE PLAYARTE MANAUARA 01;4;6000049;260;16356;MANAUS;AM;PLAYARTE CINEMAS LTDA.;60.434.149/0001-00
27/08/2020;27/08/2020 16:00:00;EL ROBO DEL SIGLO;O ROUBO DO SÉCULO;E2000030900000;ORIGINAL;SIM;ARGENTINA;5004881;CIRCUITO CINEMAS PBAS- SALA 03;1;6000028;15568;27873;PARAUAPEBAS;PA;CIRCUITO ENTRETENIMENTO E CINEMAS LTDA;08.068.712/0001-54
27/08/2020;27/08/2020 16:00:00;EL ROBO DEL SIGLO;O ROUBO DO SÉCULO;E2000030900000;ORIGINAL;SIM;ARGENTINA;5004823;KINOPLEX AMAZONAS SALA 05;0;6000037;1991;2393;MANAUS;AM;EMPRESA CINEMAS SÃO LUIZ S/A;33.497.660/0001-89
27/08/2020;27/08/2020 16:00:00;OS PARÇAS 2;;B1900487100000;ORIGINAL;NÃO;BRASIL;5006494;CINE INTER SANTA INES 02;0;6000140;44834;44835;SANTA INÊS;MA;CINEINTER EXIBICOES CINEMATOGRAFICAS LTDA;35.477.354/0001-06
27/08/2020;27/08/2020 16:30:00;BLOODSHOT;BLOODSHOT;E1900579400000;DUBLADO;NÃO;ESTADOS UNIDOS;5004880;CIRCUITO CINEMAS PBAS- SALA 02;0;6000028;15568;27873;PARAUAPEBAS;PA;CIRCUITO ENTRETENIMENTO E CINEMAS LTDA;08.068.712/0001-54
27/08/2020;27/08/2020 16:50:00;SONIC THE HEDGEHOG;SONIC - O FILME;E2000012200000;DUBLADO;NÃO;CANADÁ;5002726;SALA CINE PLAYARTE MANAUARA 06;13;6000049;260;16356;MANAUS;AM;PLAYARTE CINEMAS LTDA.;60.434.149/0001-00
27/08/2020;27/08/2020 17:00:00;SONIC THE HEDGEHOG;SONIC - O FILME;E2000012200000;DUBLADO;NÃO;CANADÁ;5004882;CIRCUITO CINEMAS PBAS- SALA 04;0;6000028;15568;27873;PARAUAPEBAS;PA;CIRCUITO ENTRETENIMENTO E CINEMAS LTDA;08.068.712/0001-54
27/08/2020;27/08/2020 17:10:00;JURASSIC WORLD: FALLEN KINGDOM;JURASSIC WORLD - REINO AMEAÇADO;E1800169900000;DUBLADO;NÃO;ESTADOS UNIDOS;5000081;KINOPLEX AMAZONAS SALA 03;16;6000037;1991;2393;MANAUS;AM;EMPRESA CINEMAS SÃO LUIZ S/A;33.497.660/0001-89
27/08/2020;27/08/2020 17:10:00;OS PARÇAS 2;;B1900487100000;ORIGINAL;NÃO;BRASIL;5006493;CINE INTER SANTA INES 01;0;6000140;44834;44835;SANTA INÊS;MA;CINEINTER EXIBICOES CINEMATOGRAFICAS LTDA;35.477.354/0001-06
27/08/2020;27/08/2020 17:15:00;ABIGAIL;ABIGAIL E A CIDADE PROIBIDA;E1900348700000;DUBLADO;NÃO;RÚSSIA;5002727;SALA CINE PLAYARTE MANAUARA 04;7;6000049;260;16356;MANAUS;AM;PLAYARTE CINEMAS LTDA.;60.434.149/0001-00
27/08/2020;27/08/2020 17:30:00;THE SECRET: DARE TO DREAM;O SEGREDO: OUSE SONHAR;E2000080600000;DUBLADO;NÃO;ESTADOS UNIDOS;5001149;CINE PORTO;0;;2351;2352;UBATUBA;SP;CINEMATOGRÁFICA LITORAL NORTE LTDA-EPP;04.165.613/0001-30
27/08/2020;27/08/2020 17:50:00;GRETEL & HANSEL (2020);MARIA E JOÃO - O CONTO DAS BRUXAS;E1900467000000;DUBLADO;NÃO;ESTADOS UNIDOS;5002723;SALA CINE PLAYARTE MANAUARA 03;13;6000049;260;16356;MANAUS;AM;PLAYARTE CINEMAS LTDA.;60.434.149/0001-00
27/08/2020;27/08/2020 18:00:00;EL ROBO DEL SIGLO;O ROUBO DO SÉCULO;E2000030900000;ORIGINAL;SIM;ARGENTINA;5002722;SALA CINE PLAYARTE MANAUARA 07;3;6000049;260;16356;MANAUS;AM;PLAYARTE CINEMAS LTDA.;60.434.149/0001-00
27/08/2020;27/08/2020 18:00:00;ONWARD;DOIS IRMÃOS: UMA JORNADA FANTÁSTICA;E1900366400000;DUBLADO;NÃO;ESTADOS UNIDOS;5004879;CIRCUITO CINEMAS PBAS- SALA 01;2;6000028;15568;27873;PARAUAPEBAS;PA;CIRCUITO ENTRETENIMENTO E CINEMAS LTDA;08.068.712/0001-54
27/08/2020;27/08/2020 18:00:00;THE SECRET LIFE OF PETS 2;PETS: A VIDA SECRETA DOS BICHOS 2;E1900162100000;ORIGINAL;NÃO;ESTADOS UNIDOS;5002102;CINE DRIVEIN;0;;5465;6715;BRASÍLIA;DF;STARK'S CINEMA E LANCHONETE LTDA.;32.917.296/0001-04
27/08/2020;27/08/2020 18:00:01;JUSTICE LEAGUE;LIGA DA JUSTIÇA;E1700482600000;DUBLADO;NÃO;ESTADOS UNIDOS;5006591;DRIVE IN SHOPPING VILLA LOBOS;2;6000006;2872;46069;SÃO PAULO;SP;EMPRESA CENTERPLEX DE CINEMAS LTDA;00.812.310/0001-00
27/08/2020;27/08/2020 18:10:00;COUNTDOWN;A HORA DA SUA MORTE;E1900400200000;DUBLADO;NÃO;HOLANDA;5000079;KINOPLEX AMAZONAS SALA 01;14;6000037;1991;2393;MANAUS;AM;EMPRESA CINEMAS SÃO LUIZ S/A;33.497.660/0001-89
27/08/2020;27/08/2020 18:10:00;JOHN WICK 3: PARABELLUM;JOHN WICK 3: PARABELLUM;E1900126300000;DUBLADO;NÃO;ESTADOS UNIDOS;5006494;CINE INTER SANTA INES 02;0;6000140;44834;44835;SANTA INÊS;MA;CINEINTER EXIBICOES CINEMATOGRAFICAS LTDA;35.477.354/0001-06
27/08/2020;27/08/2020 18:20:00;QUEEN OF SPADES: THROUGH THE LOOKING GLASS;A MALDIÇÃO DO ESPELHO;E1900574500000;DUBLADO;NÃO;RÚSSIA;5000080;KINOPLEX AMAZONAS SALA 02;14;6000037;1991;2393;MANAUS;AM;EMPRESA CINEMAS SÃO LUIZ S/A;33.497.660/0001-89
27/08/2020;27/08/2020 18:20:00;THE SECRET: DARE TO DREAM;O SEGREDO: OUSE SONHAR;E2000080600000;DUBLADO;NÃO;ESTADOS UNIDOS;5002721;SALA CINE PLAYARTE MANAUARA 01;2;6000049;260;16356;MANAUS;AM;PLAYARTE CINEMAS LTDA.;60.434.149/0001-00
27/08/2020;27/08/2020 18:30:00;ABOMINABLE;ABOMINÁVEL;E1900349400000;DUBLADO;NÃO;CHINA;5006568;CINE + ARTE XANGRI-LÁ DRIVE-IN;2;6000103;32155;45890;XANGRI-LÁ;RS;EWERTON LUIS DE SOUZA BRANDOLT;23.288.683/0001-20
27/08/2020;27/08/2020 18:30:00;DESPICABLE ME 3;MEU MALVADO FAVORITO 3;E1500759400000;DUBLADO;NÃO;ESTADOS UNIDOS;5006580;CINESYSTEM MORUMBI TOWN DRIVE-IN;7;6000027;22546;34941;SÃO PAULO;SP;REDECINE BRA CINEMATOGRÁFICA S.A.;15.422.993/0001-67
27/08/2020;27/08/2020 18:30:00;EL ROBO DEL SIGLO;O ROUBO DO SÉCULO;E2000030900000;ORIGINAL;SIM;ARGENTINA;5004881;CIRCUITO CINEMAS PBAS- SALA 03;2;6000028;15568;27873;PARAUAPEBAS;PA;CIRCUITO ENTRETENIMENTO E CINEMAS LTDA;08.068.712/0001-54
27/08/2020;27/08/2020 18:30:00;EL ROBO DEL SIGLO;O ROUBO DO SÉCULO;E2000030900000;ORIGINAL;SIM;ARGENTINA;5004823;KINOPLEX AMAZONAS SALA 05;0;6000037;1991;2393;MANAUS;AM;EMPRESA CINEMAS SÃO LUIZ S/A;33.497.660/0001-89
27/08/2020;27/08/2020 18:30:00;POKEMON DETECTIVE PIKACHU;POKÉMON DETETIVE PIKACHU;E1900062700000;DUBLADO;NÃO;ESTADOS UNIDOS;5006558;CINESYSTEM IGUATEMI FLN DRIVE-IN;0;6000027;22546;41695;FLORIANÓPOLIS;SC;REDECINE BRA CINEMATOGRÁFICA S.A.;15.422.993/0001-67
27/08/2020;27/08/2020 18:30:00;SING;SING - QUEM CANTA SEUS MALES ESPANTA;E1600360800000;DUBLADO;NÃO;ESTADOS UNIDOS;5006619;DRIVE - GYN SERRA DOURADA 03;2;6000039;45898;46312;GOIÂNIA;GO;DRIVE-GYN ENTRETENIMENTO LTDA;37.109.882/0001-38
27/08/2020;27/08/2020 18:30:00;STORKS;CEGONHAS - A HISTÓRIA QUE NÃO TE CONTARAM;E1600405300000;DUBLADO;NÃO;ESTADOS UNIDOS;5006571;CINESYSTEM AMÉRICAS DRIVE-IN;6;6000027;5348;28834;RIO DE JANEIRO;RJ;REDECINE - RIO CINEMATOGRAFICA S.A.;07.524.011/0001-10
27/08/2020;27/08/2020 18:30:00;THE SECRET: DARE TO DREAM;O SEGREDO: OUSE SONHAR;E2000080600000;DUBLADO;NÃO;ESTADOS UNIDOS;5004822;KINOPLEX AMAZONAS SALA 04;12;6000037;1991;2393;MANAUS;AM;EMPRESA CINEMAS SÃO LUIZ S/A;33.497.660/0001-89
27/08/2020;27/08/2020 18:35:00;JUMANJI: NEXT LEVEL;JUMANJI: PROXIMA FASE;E1900458100000;DUBLADO;NÃO;ESTADOS UNIDOS;5005930;MOBI CINE AÇAILÂNDIA SALA 02;4;6000040;38236;38237;AÇAILÂNDIA;MA;C A V LEMOS E CIA LTDA - ME;14.717.191/0001-11
27/08/2020;27/08/2020 18:35:00;MY SPY;APRENDIZ DE ESPIÃ;E1900289600000;DUBLADO;NÃO;ESTADOS UNIDOS;5006610;CINESYSTEM DRIVE-IN AEROPORTO VITÓRIA;5;6000027;22546;46257;VITÓRIA;ES;REDECINE BRA CINEMATOGRÁFICA S.A.;15.422.993/0001-67
27/08/2020;27/08/2020 18:40:00;JURASSIC WORLD: FALLEN KINGDOM;JURASSIC WORLD - REINO AMEAÇADO;E1800169900000;DUBLADO;NÃO;ESTADOS UNIDOS;5006618;DRIVE - GYN SERRA DOURADA 02;1;6000039;45898;46312;GOIÂNIA;GO;DRIVE-GYN ENTRETENIMENTO LTDA;37.109.882/0001-38
27/08/2020;27/08/2020 18:40:00;TRÊS VERÕES;;B1900410500000;ORIGINAL;NÃO;FRANÇA;5006574;DRIVE IN CINEART ALPHAVILLE;5;6000013;437;45925;NOVA LIMA;MG;DELTA FILMES LTDA;01.735.159/0001-17
27/08/2020;27/08/2020 18:50:00;MAMMA MIA! HERE WE GO AGAIN;MAMMA MIA! LÁ VAMOS NÓS DE NOVO;E1800169700000;ORIGINAL;SIM;ESTADOS UNIDOS;5006617;DRIVE - GYN SERRA DOURADA 01;0;6000039;45898;46312;GOIÂNIA;GO;DRIVE-GYN ENTRETENIMENTO LTDA;37.109.882/0001-38
27/08/2020;27/08/2020 19:00:00;BLOODSHOT;BLOODSHOT;E1900579400000;DUBLADO;NÃO;ESTADOS UNIDOS;5004880;CIRCUITO CINEMAS PBAS- SALA 02;18;6000028;15568;27873;PARAUAPEBAS;PA;CIRCUITO ENTRETENIMENTO E CINEMAS LTDA;08.068.712/0001-54
27/08/2020;27/08/2020 19:00:00;COCO;VIVA - A VIDA É UMA FESTA;E1700453400000;DUBLADO;NÃO;ESTADOS UNIDOS;5006567;CINESHOW TUBARÃO DRIVE-IN;3;6000025;33770;33771;TUBARÃO;SC;TUBARÃO FILMES LTDA;24.971.903/0001-88
27/08/2020;27/08/2020 19:00:00;JUMANJI: NEXT LEVEL;JUMANJI: PROXIMA FASE;E1900458100000;DUBLADO;NÃO;ESTADOS UNIDOS;5006605;MULTICINE MOSSORÓ DRIVE IN;2;6000045;5935;17881;MOSSORÓ;RN;MULTICINE CINEMAS LTDA;07.609.246/0001-04
27/08/2020;27/08/2020 19:00:00;MAMMA MIA! HERE WE GO AGAIN;MAMMA MIA! LÁ VAMOS NÓS DE NOVO;E1800169700000;ORIGINAL;SIM;ESTADOS UNIDOS;5006554;CINEPLUS XAXIM DRIVE-IN - PLANETA DRIVE-IN;12;6000023;15673;15674;CURITIBA;PR;VITOMAQ PRODUÇÕES ARTISTICAS E CINEMA LTDA - ME;07.617.254/0001-00
27/08/2020;27/08/2020 19:00:00;SMALLFOOT;PÉPEQUENO;E1800215200000;DUBLADO;NÃO;ESTADOS UNIDOS;5006579;CINESYSTEM BRÁS DRIVE-IN;0;6000027;22546;34941;SÃO PAULO;SP;REDECINE BRA CINEMATOGRÁFICA S.A.;15.422.993/0001-67
27/08/2020;27/08/2020 19:00:00;SONIC THE HEDGEHOG;SONIC - O FILME;E2000012200000;DUBLADO;NÃO;CANADÁ;5003450;CASTRO 1;2;6000023;12893;21049;CASTRO;PR;ESTILO PRODUÇÕES ARTISTICAS LTDA;03.293.165/0001-97
27/08/2020;27/08/2020 19:00:00;SONIC THE HEDGEHOG;SONIC - O FILME;E2000012200000;DUBLADO;NÃO;CANADÁ;5006602;TOPAZIO POLO SHOPPING DRIVE IN;31;6000057;2968;19182;INDAIATUBA;SP;LUI CINEMATOGRÁFICA LTDA.;71.912.711/0001-80
27/08/2020;27/08/2020 19:00:01;THE SECRET LIFE OF PETS 2;PETS: A VIDA SECRETA DOS BICHOS 2;E1900162100000;DUBLADO;NÃO;ESTADOS UNIDOS;5006560;CINE A ITAJUBÁ DRIVE-IN;2;6000008;15833;41725;ITAJUBÁ;MG;CINE A LTDA;10.894.937/0001-01
27/08/2020;27/08/2020 19:10:00;DE PERNAS PRO AR 3;;B1900104200000;ORIGINAL;NÃO;BRASIL;5006493;CINE INTER SANTA INES 01;6;6000140;44834;44835;SANTA INÊS;MA;CINEINTER EXIBICOES CINEMATOGRAFICAS LTDA;35.477.354/0001-06
27/08/2020;27/08/2020 19:10:00;THE SECRET: DARE TO DREAM;O SEGREDO: OUSE SONHAR;E2000080600000;ORIGINAL;SIM;ESTADOS UNIDOS;5002726;SALA CINE PLAYARTE MANAUARA 06;9;6000049;260;16356;MANAUS;AM;PLAYARTE CINEMAS LTDA.;60.434.149/0001-00
27/08/2020;27/08/2020 19:15:00;MINHA MÃE É UMA PEÇA 3;;B1900576900000;ORIGINAL;NÃO;BRASIL;5004882;CIRCUITO CINEMAS PBAS- SALA 04;1;6000028;15568;27873;PARAUAPEBAS;PA;CIRCUITO ENTRETENIMENTO E CINEMAS LTDA;08.068.712/0001-54
27/08/2020;27/08/2020 19:40:00;DOLITTLE;DOLITTLE;E1900437900000;DUBLADO;NÃO;ESTADOS UNIDOS;5002727;SALA CINE PLAYARTE MANAUARA 04;18;6000049;260;16356;MANAUS;AM;PLAYARTE CINEMAS LTDA.;60.434.149/0001-00
27/08/2020;27/08/2020 19:40:00;THE SECRET: DARE TO DREAM;O SEGREDO: OUSE SONHAR;E2000080600000;DUBLADO;NÃO;ESTADOS UNIDOS;5001149;CINE PORTO;4;;2351;2352;UBATUBA;SP;CINEMATOGRÁFICA LITORAL NORTE LTDA-EPP;04.165.613/0001-30
27/08/2020;27/08/2020 19:40:00;TRÊS VERÕES;;B1900410500000;ORIGINAL;NÃO;FRANÇA;5006578;CINE ARTE PAJUÇARA DRIVE-IN;14;;26591;26593;MACEIÓ;AL;ASSOCIAÇÃO CULTURAL ARTE PAJUÇARA - ACAP;19.442.911/0001-05
27/08/2020;27/08/2020 20:00:00;ALADDIN;ALADDIN;E1900188100000;ORIGINAL;NÃO;ESTADOS UNIDOS;5002102;CINE DRIVEIN;0;;5465;6715;BRASÍLIA;DF;STARK'S CINEMA E LANCHONETE LTDA.;32.917.296/0001-04
27/08/2020;27/08/2020 20:00:00;DOCTOR SLEEP;DOUTOR SONO;E1900463600000;DUBLADO;NÃO;ESTADOS UNIDOS;5002723;SALA CINE PLAYARTE MANAUARA 03;19;6000049;260;16356;MANAUS;AM;PLAYARTE CINEMAS LTDA.;60.434.149/0001-00
27/08/2020;27/08/2020 20:00:00;FORD V FERRARI;FORD VS FERRARI;E1900252200000;DUBLADO;NÃO;ESTADOS UNIDOS;5003451;CASTRO 2;3;6000023;12893;21049;CASTRO;PR;ESTILO PRODUÇÕES ARTISTICAS LTDA;03.293.165/0001-97
27/08/2020;27/08/2020 20:00:00;JOKER;CORINGA;E1900357300000;DUBLADO;NÃO;CANADÁ;5006620;CINEMAIS MONTES CLAROS DRIVE IN;5;6000017;2892;23844;MONTES CLAROS;MG;CINEMAIS CINEMAS LTDA;03.868.869/0001-40
27/08/2020;27/08/2020 20:00:00;THE SECRET: DARE TO DREAM;O SEGREDO: OUSE SONHAR;E2000080600000;DUBLADO;NÃO;ESTADOS UNIDOS;5000081;KINOPLEX AMAZONAS SALA 03;11;6000037;1991;2393;MANAUS;AM;EMPRESA CINEMAS SÃO LUIZ S/A;33.497.660/0001-89
27/08/2020;27/08/2020 20:25:00;EL ROBO DEL SIGLO;O ROUBO DO SÉCULO;E2000030900000;ORIGINAL;SIM;ARGENTINA;5006580;CINESYSTEM MORUMBI TOWN DRIVE-IN;32;6000027;22546;34941;SÃO PAULO;SP;REDECINE BRA CINEMATOGRÁFICA S.A.;15.422.993/0001-67
27/08/2020;27/08/2020 20:30:00;BACURAU;;B1900232600000;ORIGINAL;SIM;FRANÇA;5006572;CINE 14 BIS DRIVE-IN;5;;5822;6623;GUAXUPÉ;MG;GUAXUPE PROMOCOES E EVENTOS LTDA;03.929.354/0001-03
27/08/2020;27/08/2020 20:30:00;EL ROBO DEL SIGLO;O ROUBO DO SÉCULO;E2000030900000;ORIGINAL;SIM;ARGENTINA;5002722;SALA CINE PLAYARTE MANAUARA 07;12;6000049;260;16356;MANAUS;AM;PLAYARTE CINEMAS LTDA.;60.434.149/0001-00
27/08/2020;27/08/2020 20:30:00;JOKER;CORINGA;E1900357300000;DUBLADO;NÃO;CANADÁ;5004879;CIRCUITO CINEMAS PBAS- SALA 01;5;6000028;15568;27873;PARAUAPEBAS;PA;CIRCUITO ENTRETENIMENTO E CINEMAS LTDA;08.068.712/0001-54
27/08/2020;27/08/2020 20:30:00;MACABRO;;B1900618000000;ORIGINAL;NÃO;BRASIL;5006571;CINESYSTEM AMÉRICAS DRIVE-IN;2;6000027;5348;28834;RIO DE JANEIRO;RJ;REDECINE - RIO CINEMATOGRAFICA S.A.;07.524.011/0001-10
27/08/2020;27/08/2020 20:30:00;QUEEN OF SPADES: THROUGH THE LOOKING GLASS;A MALDIÇÃO DO ESPELHO;E1900574500000;DUBLADO;NÃO;RÚSSIA;5000079;KINOPLEX AMAZONAS SALA 01;18;6000037;1991;2393;MANAUS;AM;EMPRESA CINEMAS SÃO LUIZ S/A;33.497.660/0001-89
27/08/2020;27/08/2020 20:30:00;THE INVISIBLE MAN;O HOMEM INVISÍVEL;E1900438600000;ORIGINAL;SIM;AUSTRÁLIA;5006558;CINESYSTEM IGUATEMI FLN DRIVE-IN;0;6000027;22546;41695;FLORIANÓPOLIS;SC;REDECINE BRA CINEMATOGRÁFICA S.A.;15.422.993/0001-67
27/08/2020;27/08/2020 20:40:00;1917;1917;E1900439000000;DUBLADO;NÃO;ESTADOS UNIDOS;5006568;CINE + ARTE XANGRI-LÁ DRIVE-IN;3;6000103;32155;45890;XANGRI-LÁ;RS;EWERTON LUIS DE SOUZA BRANDOLT;23.288.683/0001-20
27/08/2020;27/08/2020 20:40:00;THE SUN IS ALSO A STAR;O SOL TAMBÉM É UMA ESTRELA;E1900164200000;DUBLADO;NÃO;ESTADOS UNIDOS;5006610;CINESYSTEM DRIVE-IN AEROPORTO VITÓRIA;4;6000027;22546;46257;VITÓRIA;ES;REDECINE BRA CINEMATOGRÁFICA S.A.;15.422.993/0001-67
27/08/2020;27/08/2020 20:45:00;FIFTY SHADES FREED;CINQUENTA TONS DE LIBERDADE;E1700536700000;ORIGINAL;SIM;ESTADOS UNIDOS;5006619;DRIVE - GYN SERRA DOURADA 03;1;6000039;45898;46312;GOIÂNIA;GO;DRIVE-GYN ENTRETENIMENTO LTDA;37.109.882/0001-38
27/08/2020;27/08/2020 20:50:00;EL ROBO DEL SIGLO;O ROUBO DO SÉCULO;E2000030900000;ORIGINAL;SIM;ARGENTINA;5000080;KINOPLEX AMAZONAS SALA 02;11;6000037;1991;2393;MANAUS;AM;EMPRESA CINEMAS SÃO LUIZ S/A;33.497.660/0001-89
27/08/2020;27/08/2020 20:50:00;JOHN WICK 3: PARABELLUM;JOHN WICK 3: PARABELLUM;E1900126300000;DUBLADO;NÃO;ESTADOS UNIDOS;5006494;CINE INTER SANTA INES 02;10;6000140;44834;44835;SANTA INÊS;MA;CINEINTER EXIBICOES CINEMATOGRAFICAS LTDA;35.477.354/0001-06
27/08/2020;27/08/2020 20:50:00;THE SECRET: DARE TO DREAM;O SEGREDO: OUSE SONHAR;E2000080600000;DUBLADO;NÃO;ESTADOS UNIDOS;5002721;SALA CINE PLAYARTE MANAUARA 01;6;6000049;260;16356;MANAUS;AM;PLAYARTE CINEMAS LTDA.;60.434.149/0001-00
27/08/2020;27/08/2020 21:00:00;BLOODSHOT;BLOODSHOT;E1900579400000;DUBLADO;NÃO;ESTADOS UNIDOS;5005930;MOBI CINE AÇAILÂNDIA SALA 02;0;6000040;38236;38237;AÇAILÂNDIA;MA;C A V LEMOS E CIA LTDA - ME;14.717.191/0001-11
27/08/2020;27/08/2020 21:00:00;EL AMOR MENOS PENSADO;UM AMOR INESPERADO;E1800483600000;ORIGINAL;SIM;ARGENTINA;5006617;DRIVE - GYN SERRA DOURADA 01;3;6000039;45898;46312;GOIÂNIA;GO;DRIVE-GYN ENTRETENIMENTO LTDA;37.109.882/0001-38
27/08/2020;27/08/2020 21:00:00;EL ROBO DEL SIGLO;O ROUBO DO SÉCULO;E2000030900000;ORIGINAL;SIM;ARGENTINA;5006560;CINE A ITAJUBÁ DRIVE-IN;1;6000008;15833;41725;ITAJUBÁ;MG;CINE A LTDA;10.894.937/0001-01
27/08/2020;27/08/2020 21:00:00;EL ROBO DEL SIGLO;O ROUBO DO SÉCULO;E2000030900000;ORIGINAL;SIM;ARGENTINA;5004881;CIRCUITO CINEMAS PBAS- SALA 03;0;6000028;15568;27873;PARAUAPEBAS;PA;CIRCUITO ENTRETENIMENTO E CINEMAS LTDA;08.068.712/0001-54
27/08/2020;27/08/2020 21:00:00;THE SECRET: DARE TO DREAM;O SEGREDO: OUSE SONHAR;E2000080600000;DUBLADO;NÃO;ESTADOS UNIDOS;5004822;KINOPLEX AMAZONAS SALA 04;8;6000037;1991;2393;MANAUS;AM;EMPRESA CINEMAS SÃO LUIZ S/A;33.497.660/0001-89
27/08/2020;27/08/2020 21:00:01;EL ROBO DEL SIGLO;O ROUBO DO SÉCULO;E2000030900000;ORIGINAL;SIM;ARGENTINA;5006574;DRIVE IN CINEART ALPHAVILLE;14;6000013;437;45925;NOVA LIMA;MG;DELTA FILMES LTDA;01.735.159/0001-17
27/08/2020;27/08/2020 21:10:00;THE INVISIBLE MAN;O HOMEM INVISÍVEL;E1900438600000;DUBLADO;NÃO;AUSTRÁLIA;5004823;KINOPLEX AMAZONAS SALA 05;0;6000037;1991;2393;MANAUS;AM;EMPRESA CINEMAS SÃO LUIZ S/A;33.497.660/0001-89
27/08/2020;27/08/2020 21:15:00;A QUIET PLACE;UM LUGAR SILENCIOSO;E1800074200000;ORIGINAL;SIM;ESTADOS UNIDOS;5006618;DRIVE - GYN SERRA DOURADA 02;3;6000039;45898;46312;GOIÂNIA;GO;DRIVE-GYN ENTRETENIMENTO LTDA;37.109.882/0001-38
27/08/2020;27/08/2020 21:15:00;A STAR IS BORN;NASCE UMA ESTRELA;E1800303500000;DUBLADO;NÃO;ESTADOS UNIDOS;5006579;CINESYSTEM BRÁS DRIVE-IN;5;6000027;22546;34941;SÃO PAULO;SP;REDECINE BRA CINEMATOGRÁFICA S.A.;15.422.993/0001-67
27/08/2020;27/08/2020 21:20:00;OS PARÇAS 2;;B1900487100000;ORIGINAL;NÃO;BRASIL;5006493;CINE INTER SANTA INES 01;0;6000140;44834;44835;SANTA INÊS;MA;CINEINTER EXIBICOES CINEMATOGRAFICAS LTDA;35.477.354/0001-06
27/08/2020;27/08/2020 21:30:00;300: RISE OF AN EMPIRE;300: A ASCENSÃO DO IMPÉRIO;E1500110200000;DUBLADO;NÃO;ESTADOS UNIDOS;5006591;DRIVE IN SHOPPING VILLA LOBOS;0;6000006;2872;46069;SÃO PAULO;SP;EMPRESA CENTERPLEX DE CINEMAS LTDA;00.812.310/0001-00
27/08/2020;27/08/2020 21:30:00;BAD BOYS FOR LIFE;BAD BOYS PARA SEMPRE;E1900525600000;DUBLADO;NÃO;ESTADOS UNIDOS;5006602;TOPAZIO POLO SHOPPING DRIVE IN;26;6000057;2968;19182;INDAIATUBA;SP;LUI CINEMATOGRÁFICA LTDA.;71.912.711/0001-80
27/08/2020;27/08/2020 21:30:00;BLOODSHOT;BLOODSHOT;E1900579400000;DUBLADO;NÃO;ESTADOS UNIDOS;5004880;CIRCUITO CINEMAS PBAS- SALA 02;0;6000028;15568;27873;PARAUAPEBAS;PA;CIRCUITO ENTRETENIMENTO E CINEMAS LTDA;08.068.712/0001-54
27/08/2020;27/08/2020 21:30:00;BOHEMIAN RHAPSODY;BOHEMIAN RHAPSODY;E1800251900000;DUBLADO;NÃO;ESTADOS UNIDOS;5006567;CINESHOW TUBARÃO DRIVE-IN;1;6000025;33770;33771;TUBARÃO;SC;TUBARÃO FILMES LTDA;24.971.903/0001-88
27/08/2020;27/08/2020 21:30:00;LOST IN TRANSLATION;ENCONTROS E DESENCONTROS;E1402598000000;ORIGINAL;SIM;ESTADOS UNIDOS;5006554;CINEPLUS XAXIM DRIVE-IN - PLANETA DRIVE-IN;12;6000023;15673;15674;CURITIBA;PR;VITOMAQ PRODUÇÕES ARTISTICAS E CINEMA LTDA - ME;07.617.254/0001-00
27/08/2020;27/08/2020 21:30:00;MINHA VIDA EM MARTE;;B1800539000000;ORIGINAL;NÃO;BRASIL;5006605;MULTICINE MOSSORÓ DRIVE IN;0;6000045;5935;17881;MOSSORÓ;RN;MULTICINE CINEMAS LTDA;07.609.246/0001-04
27/08/2020;27/08/2020 21:30:00;ONTEM HAVIA COISAS ESTRANHAS NO CÉU;;B1900231600000;ORIGINAL;NÃO;BRASIL;5006578;CINE ARTE PAJUÇARA DRIVE-IN;0;;26591;26593;MACEIÓ;AL;ASSOCIAÇÃO CULTURAL ARTE PAJUÇARA - ACAP;19.442.911/0001-05
27/08/2020;27/08/2020 21:45:00;MINHA MÃE É UMA PEÇA 3;;B1900576900000;ORIGINAL;NÃO;BRASIL;5004882;CIRCUITO CINEMAS PBAS- SALA 04;1;6000028;15568;27873;PARAUAPEBAS;PA;CIRCUITO ENTRETENIMENTO E CINEMAS LTDA;08.068.712/0001-54
27/08/2020;27/08/2020 22:30:00;EL ROBO DEL SIGLO;O ROUBO DO SÉCULO;E2000030900000;ORIGINAL;SIM;ARGENTINA;5002102;CINE DRIVEIN;0;;5465;6715;BRASÍLIA;DF;STARK'S CINEMA E LANCHONETE LTDA.;32.917.296/0001-04
27/08/2020;27/08/2020 22:30:00;JOKER;CORINGA;E1900357300000;DUBLADO;NÃO;CANADÁ;5006571;CINESYSTEM AMÉRICAS DRIVE-IN;11;6000027;5348;28834;RIO DE JANEIRO;RJ;REDECINE - RIO CINEMATOGRAFICA S.A.;07.524.011/0001-10
27/08/2020;27/08/2020 22:45:00;JURASSIC WORLD: FALLEN KINGDOM;JURASSIC WORLD - REINO AMEAÇADO;E1800169900000;DUBLADO;NÃO;ESTADOS UNIDOS;5006610;CINESYSTEM DRIVE-IN AEROPORTO VITÓRIA;0;6000027;22546;46257;VITÓRIA;ES;REDECINE BRA CINEMATOGRÁFICA S.A.;15.422.993/0001-67
27/08/2020;27/08/2020 22:45:00;JUST MERCY;LUTA POR JUSTIÇA;E1900587300000;ORIGINAL;SIM;ESTADOS UNIDOS;5006558;CINESYSTEM IGUATEMI FLN DRIVE-IN;0;6000027;22546;41695;FLORIANÓPOLIS;SC;REDECINE BRA CINEMATOGRÁFICA S.A.;15.422.993/0001-67
27/08/2020;27/08/2020 22:45:00;THE SHACK;A CABANA;E1700059700000;ORIGINAL;SIM;ESTADOS UNIDOS;5006580;CINESYSTEM MORUMBI TOWN DRIVE-IN;15;6000027;22546;34941;SÃO PAULO;SP;REDECINE BRA CINEMATOGRÁFICA S.A.;15.422.993/0001-67
27/08/2020;27/08/2020 23:00:00;THE INVISIBLE MAN;O HOMEM INVISÍVEL;E1900438600000;DUBLADO;NÃO;AUSTRÁLIA;5006568;CINE + ARTE XANGRI-LÁ DRIVE-IN;2;6000103;32155;45890;XANGRI-LÁ;RS;EWERTON LUIS DE SOUZA BRANDOLT;23.288.683/0001-20
28/08/2020;28/08/2020 13:00:00;ONWARD;DOIS IRMÃOS: UMA JORNADA FANTÁSTICA;E1900366400000;DUBLADO;NÃO;ESTADOS UNIDOS;5004879;CIRCUITO CINEMAS PBAS- SALA 01;0;6000028;15568;27873;PARAUAPEBAS;PA;CIRCUITO ENTRETENIMENTO E CINEMAS LTDA;08.068.712/0001-54
28/08/2020;28/08/2020 13:30:00;EL ROBO DEL SIGLO;O ROUBO DO SÉCULO;E2000030900000;ORIGINAL;SIM;ARGENTINA;5004881;CIRCUITO CINEMAS PBAS- SALA 03;0;6000028;15568;27873;PARAUAPEBAS;PA;CIRCUITO ENTRETENIMENTO E CINEMAS LTDA;08.068.712/0001-54
28/08/2020;28/08/2020 14:00:00;BLOODSHOT;BLOODSHOT;E1900579400000;DUBLADO;NÃO;ESTADOS UNIDOS;5004880;CIRCUITO CINEMAS PBAS- SALA 02;5;6000028;15568;27873;PARAUAPEBAS;PA;CIRCUITO ENTRETENIMENTO E CINEMAS LTDA;08.068.712/0001-54
28/08/2020;28/08/2020 14:30:00;SONIC THE HEDGEHOG;SONIC - O FILME;E2000012200000;DUBLADO;NÃO;CANADÁ;5004882;CIRCUITO CINEMAS PBAS- SALA 04;4;6000028;15568;27873;PARAUAPEBAS;PA;CIRCUITO ENTRETENIMENTO E CINEMAS LTDA;08.068.712/0001-54
28/08/2020;28/08/2020 14:30:00;SONIC THE HEDGEHOG;SONIC - O FILME;E2000012200000;DUBLADO;NÃO;CANADÁ;5002726;SALA CINE PLAYARTE MANAUARA 06;9;6000049;260;16356;MANAUS;AM;PLAYARTE CINEMAS LTDA.;60.434.149/0001-00
28/08/2020;28/08/2020 14:40:00;THE INVISIBLE MAN;O HOMEM INVISÍVEL;E1900438600000;DUBLADO;NÃO;AUSTRÁLIA;5002725;SALA CINE PLAYARTE MANAUARA 10;3;6000049;260;16356;MANAUS;AM;PLAYARTE CINEMAS LTDA.;60.434.149/0001-00
28/08/2020;28/08/2020 14:50:00;THE SECRET: DARE TO DREAM;O SEGREDO: OUSE SONHAR;E2000080600000;ORIGINAL;SIM;ESTADOS UNIDOS;5002727;SALA CINE PLAYARTE MANAUARA 04;6;6000049;260;16356;MANAUS;AM;PLAYARTE CINEMAS LTDA.;60.434.149/0001-00
28/08/2020;28/08/2020 15:20:00;BLOODSHOT;BLOODSHOT;E1900579400000;DUBLADO;NÃO;ESTADOS UNIDOS;5002723;SALA CINE PLAYARTE MANAUARA 03;13;6000049;260;16356;MANAUS;AM;PLAYARTE CINEMAS LTDA.;60.434.149/0001-00
28/08/2020;28/08/2020 15:20:00;THE SECRET: DARE TO DREAM;O SEGREDO: OUSE SONHAR;E2000080600000;DUBLADO;NÃO;ESTADOS UNIDOS;5001149;CINE PORTO;0;;2351;2352;UBATUBA;SP;CINEMATOGRÁFICA LITORAL NORTE LTDA-EPP;04.165.613/0001-30
28/08/2020;28/08/2020 15:25:00;EL ROBO DEL SIGLO;O ROUBO DO SÉCULO;E2000030900000;ORIGINAL;SIM;ARGENTINA;5002722;SALA CINE PLAYARTE MANAUARA 07;4;6000049;260;16356;MANAUS;AM;PLAYARTE CINEMAS LTDA.;60.434.149/0001-00
28/08/2020;28/08/2020 15:30:00;ONWARD;DOIS IRMÃOS: UMA JORNADA FANTÁSTICA;E1900366400000;DUBLADO;NÃO;ESTADOS UNIDOS;5004879;CIRCUITO CINEMAS PBAS- SALA 01;4;6000028;15568;27873;PARAUAPEBAS;PA;CIRCUITO ENTRETENIMENTO E CINEMAS LTDA;08.068.712/0001-54
28/08/2020;28/08/2020 15:30:00;TURMA DA MÔNICA - LAÇOS;;B1900235500000;ORIGINAL;NÃO;BRASIL;5006591;DRIVE IN SHOPPING VILLA LOBOS;5;6000006;2872;46069;SÃO PAULO;SP;EMPRESA CENTERPLEX DE CINEMAS LTDA;00.812.310/0001-00
28/08/2020;28/08/2020 15:40:00;THE SECRET: DARE TO DREAM;O SEGREDO: OUSE SONHAR;E2000080600000;DUBLADO;NÃO;ESTADOS UNIDOS;5000079;KINOPLEX AMAZONAS SALA 01;2;6000037;1991;2393;MANAUS;AM;EMPRESA CINEMAS SÃO LUIZ S/A;33.497.660/0001-89
28/08/2020;28/08/2020 15:50:00;1917;1917;E1900439000000;DUBLADO;NÃO;ESTADOS UNIDOS;5000080;KINOPLEX AMAZONAS SALA 02;10;6000037;1991;2393;MANAUS;AM;EMPRESA CINEMAS SÃO LUIZ S/A;33.497.660/0001-89
28/08/2020;28/08/2020 15:50:00;THE SECRET: DARE TO DREAM;O SEGREDO: OUSE SONHAR;E2000080600000;DUBLADO;NÃO;ESTADOS UNIDOS;5002721;SALA CINE PLAYARTE MANAUARA 01;2;6000049;260;16356;MANAUS;AM;PLAYARTE CINEMAS LTDA.;60.434.149/0001-00
28/08/2020;28/08/2020 16:00:00;EL ROBO DEL SIGLO;O ROUBO DO SÉCULO;E2000030900000;ORIGINAL;SIM;ARGENTINA;5004881;CIRCUITO CINEMAS PBAS- SALA 03;0;6000028;15568;27873;PARAUAPEBAS;PA;CIRCUITO ENTRETENIMENTO E CINEMAS LTDA;08.068.712/0001-54
28/08/2020;28/08/2020 16:00:00;EL ROBO DEL SIGLO;O ROUBO DO SÉCULO;E2000030900000;ORIGINAL;SIM;ARGENTINA;5004823;KINOPLEX AMAZONAS SALA 05;0;6000037;1991;2393;MANAUS;AM;EMPRESA CINEMAS SÃO LUIZ S/A;33.497.660/0001-89
28/08/2020;28/08/2020 16:30:00;BLOODSHOT;BLOODSHOT;E1900579400000;DUBLADO;NÃO;ESTADOS UNIDOS;5004880;CIRCUITO CINEMAS PBAS- SALA 02;5;6000028;15568;27873;PARAUAPEBAS;PA;CIRCUITO ENTRETENIMENTO E CINEMAS LTDA;08.068.712/0001-54
28/08/2020;28/08/2020 16:30:01;THE LEGO MOVIE 2: THE SECOND PART;UMA AVENTURA LEGO 2;E1900024100000;DUBLADO;NÃO;AUSTRÁLIA;5006629;TRANSAMERICA DRIVE IN;5;6000006;27814;46734;BARUERI;SP;CINEMATOGRÁFICA LIMEIRA LTDA;17.360.792/0001-08
28/08/2020;28/08/2020 16:50:00;LONG SHOT;CASAL IMPROVÁVEL;E1900126800000;DUBLADO;NÃO;ESTADOS UNIDOS;5006493;CINE INTER SANTA INES 01;0;6000140;44834;44835;SANTA INÊS;MA;CINEINTER EXIBICOES CINEMATOGRAFICAS LTDA;35.477.354/0001-06
28/08/2020;28/08/2020 16:50:00;SONIC THE HEDGEHOG;SONIC - O FILME;E2000012200000;DUBLADO;NÃO;CANADÁ;5002726;SALA CINE PLAYARTE MANAUARA 06;6;6000049;260;16356;MANAUS;AM;PLAYARTE CINEMAS LTDA.;60.434.149/0001-00
28/08/2020;28/08/2020 17:00:00;SONIC THE HEDGEHOG;SONIC - O FILME;E2000012200000;DUBLADO;NÃO;CANADÁ;5004882;CIRCUITO CINEMAS PBAS- SALA 04;0;6000028;15568;27873;PARAUAPEBAS;PA;CIRCUITO ENTRETENIMENTO E CINEMAS LTDA;08.068.712/0001-54
28/08/2020;28/08/2020 17:10:00;JURASSIC WORLD: FALLEN KINGDOM;JURASSIC WORLD - REINO AMEAÇADO;E1800169900000;DUBLADO;NÃO;ESTADOS UNIDOS;5000081;KINOPLEX AMAZONAS SALA 03;7;6000037;1991;2393;MANAUS;AM;EMPRESA CINEMAS SÃO LUIZ S/A;33.497.660/0001-89
28/08/2020;28/08/2020 17:15:00;ABIGAIL;ABIGAIL E A CIDADE PROIBIDA;E1900348700000;DUBLADO;NÃO;RÚSSIA;5002727;SALA CINE PLAYARTE MANAUARA 04;1;6000049;260;16356;MANAUS;AM;PLAYARTE CINEMAS LTDA.;60.434.149/0001-00
28/08/2020;28/08/2020 17:30:00;THE SECRET: DARE TO DREAM;O SEGREDO: OUSE SONHAR;E2000080600000;DUBLADO;NÃO;ESTADOS UNIDOS;5001149;CINE PORTO;0;;2351;2352;UBATUBA;SP;CINEMATOGRÁFICA LITORAL NORTE LTDA-EPP;04.165.613/0001-30
28/08/2020;28/08/2020 17:30:00;VOLUME MORTO;;B2000101100000;ORIGINAL;NÃO;BRASIL;5002725;SALA CINE PLAYARTE MANAUARA 10;0;6000049;260;16356;MANAUS;AM;PLAYARTE CINEMAS LTDA.;60.434.149/0001-00
28/08/2020;28/08/2020 17:50:00;GRETEL & HANSEL (2020);MARIA E JOÃO - O CONTO DAS BRUXAS;E1900467000000;DUBLADO;NÃO;ESTADOS UNIDOS;5002723;SALA CINE PLAYARTE MANAUARA 03;15;6000049;260;16356;MANAUS;AM;PLAYARTE CINEMAS LTDA.;60.434.149/0001-00
28/08/2020;28/08/2020 18:00:00;EL ROBO DEL SIGLO;O ROUBO DO SÉCULO;E2000030900000;ORIGINAL;SIM;ARGENTINA;5002722;SALA CINE PLAYARTE MANAUARA 07;5;6000049;260;16356;MANAUS;AM;PLAYARTE CINEMAS LTDA.;60.434.149/0001-00
28/08/2020;28/08/2020 18:00:00;ONWARD;DOIS IRMÃOS: UMA JORNADA FANTÁSTICA;E1900366400000;DUBLADO;NÃO;ESTADOS UNIDOS;5004879;CIRCUITO CINEMAS PBAS- SALA 01;1;6000028;15568;27873;PARAUAPEBAS;PA;CIRCUITO ENTRETENIMENTO E CINEMAS LTDA;08.068.712/0001-54
28/08/2020;28/08/2020 18:00:00;THE SECRET LIFE OF PETS 2;PETS: A VIDA SECRETA DOS BICHOS 2;E1900162100000;DUBLADO;NÃO;ESTADOS UNIDOS;5002102;CINE DRIVEIN;152;;5465;6715;BRASÍLIA;DF;STARK'S CINEMA E LANCHONETE LTDA.;32.917.296/0001-04
28/08/2020;28/08/2020 18:00:01;THE SHACK;A CABANA;E1700059700000;DUBLADO;NÃO;ESTADOS UNIDOS;5006591;DRIVE IN SHOPPING VILLA LOBOS;4;6000006;2872;46069;SÃO PAULO;SP;EMPRESA CENTERPLEX DE CINEMAS LTDA;00.812.310/0001-00
28/08/2020;28/08/2020 18:10:00;COUNTDOWN;A HORA DA SUA MORTE;E1900400200000;DUBLADO;NÃO;HOLANDA;5000079;KINOPLEX AMAZONAS SALA 01;4;6000037;1991;2393;MANAUS;AM;EMPRESA CINEMAS SÃO LUIZ S/A;33.497.660/0001-89
28/08/2020;28/08/2020 18:15:00;VOLUME MORTO;;B2000101100000;ORIGINAL;NÃO;BRASIL;5006578;CINE ARTE PAJUÇARA DRIVE-IN;0;;26591;26593;MACEIÓ;AL;ASSOCIAÇÃO CULTURAL ARTE PAJUÇARA - ACAP;19.442.911/0001-05
28/08/2020;28/08/2020 18:15:01;THE LION KING;O REI LEÃO;E1900267700000;DUBLADO;NÃO;ESTADOS UNIDOS;5006601;CINE DRIVE-IN ESPAÇO CINEMAX;9;;5944;6680;ITABIRA;MG;ESPAÇO CULTURAL CINE ATLETICO LTDA;06.981.108/0001-99
28/08/2020;28/08/2020 18:20:00;QUEEN OF SPADES: THROUGH THE LOOKING GLASS;A MALDIÇÃO DO ESPELHO;E1900574500000;DUBLADO;NÃO;RÚSSIA;5000080;KINOPLEX AMAZONAS SALA 02;11;6000037;1991;2393;MANAUS;AM;EMPRESA CINEMAS SÃO LUIZ S/A;33.497.660/0001-89
28/08/2020;28/08/2020 18:20:00;THE SECRET: DARE TO DREAM;O SEGREDO: OUSE SONHAR;E2000080600000;DUBLADO;NÃO;ESTADOS UNIDOS;5002721;SALA CINE PLAYARTE MANAUARA 01;4;6000049;260;16356;MANAUS;AM;PLAYARTE CINEMAS LTDA.;60.434.149/0001-00
28/08/2020;28/08/2020 18:30:00;ABOMINABLE;ABOMINÁVEL;E1900349400000;DUBLADO;NÃO;CHINA;5006568;CINE + ARTE XANGRI-LÁ DRIVE-IN;2;6000103;32155;45890;XANGRI-LÁ;RS;EWERTON LUIS DE SOUZA BRANDOLT;23.288.683/0001-20
28/08/2020;28/08/2020 18:30:00;ABOMINABLE;ABOMINÁVEL;E1900349400000;DUBLADO;NÃO;CHINA;5006571;CINESYSTEM AMÉRICAS DRIVE-IN;22;6000027;5348;28834;RIO DE JANEIRO;RJ;REDECINE - RIO CINEMATOGRAFICA S.A.;07.524.011/0001-10
28/08/2020;28/08/2020 18:30:00;DESPICABLE ME 3;MEU MALVADO FAVORITO 3;E1500759400000;DUBLADO;NÃO;ESTADOS UNIDOS;5006580;CINESYSTEM MORUMBI TOWN DRIVE-IN;9;6000027;22546;34941;SÃO PAULO;SP;REDECINE BRA CINEMATOGRÁFICA S.A.;15.422.993/0001-67
28/08/2020;28/08/2020 18:30:00;EL ROBO DEL SIGLO;O ROUBO DO SÉCULO;E2000030900000;ORIGINAL;SIM;ARGENTINA;5004881;CIRCUITO CINEMAS PBAS- SALA 03;0;6000028;15568;27873;PARAUAPEBAS;PA;CIRCUITO ENTRETENIMENTO E CINEMAS LTDA;08.068.712/0001-54
28/08/2020;28/08/2020 18:30:00;EL ROBO DEL SIGLO;O ROUBO DO SÉCULO;E2000030900000;ORIGINAL;SIM;ARGENTINA;5006574;DRIVE IN CINEART ALPHAVILLE;14;6000013;437;45925;NOVA LIMA;MG;DELTA FILMES LTDA;01.735.159/0001-17
28/08/2020;28/08/2020 18:30:00;EL ROBO DEL SIGLO;O ROUBO DO SÉCULO;E2000030900000;ORIGINAL;SIM;ARGENTINA;5004823;KINOPLEX AMAZONAS SALA 05;0;6000037;1991;2393;MANAUS;AM;EMPRESA CINEMAS SÃO LUIZ S/A;33.497.660/0001-89
28/08/2020;28/08/2020 18:30:00;SING;SING - QUEM CANTA SEUS MALES ESPANTA;E1600360800000;DUBLADO;NÃO;ESTADOS UNIDOS;5006619;DRIVE - GYN SERRA DOURADA 03;4;6000039;45898;46312;GOIÂNIA;GO;DRIVE-GYN ENTRETENIMENTO LTDA;37.109.882/0001-38
28/08/2020;28/08/2020 18:30:00;THE QUEEN´S CORGI;THE QUEEN'S CORGI;E1900148700000;DUBLADO;NÃO;BÉLGICA;5006610;CINESYSTEM DRIVE-IN AEROPORTO VITÓRIA;7;6000027;22546;46257;VITÓRIA;ES;REDECINE BRA CINEMATOGRÁFICA S.A.;15.422.993/0001-67
28/08/2020;28/08/2020 18:30:00;THE SECRET LIFE OF PETS 2;PETS: A VIDA SECRETA DOS BICHOS 2;E1900162100000;DUBLADO;NÃO;ESTADOS UNIDOS;5006558;CINESYSTEM IGUATEMI FLN DRIVE-IN;0;6000027;22546;41695;FLORIANÓPOLIS;SC;REDECINE BRA CINEMATOGRÁFICA S.A.;15.422.993/0001-67
28/08/2020;28/08/2020 18:30:00;THE SECRET: DARE TO DREAM;O SEGREDO: OUSE SONHAR;E2000080600000;DUBLADO;NÃO;ESTADOS UNIDOS;5004822;KINOPLEX AMAZONAS SALA 04;8;6000037;1991;2393;MANAUS;AM;EMPRESA CINEMAS SÃO LUIZ S/A;33.497.660/0001-89
28/08/2020;28/08/2020 18:30:01;AQUAMAN;AQUAMAN;E1800433400000;DUBLADO;NÃO;ESTADOS UNIDOS;5006595;CENTERPLEX ESTAÇÃO ATIBAIA DRIVE-IN;8;6000006;2836;2843;ATIBAIA;SP;EMPRESA SAO LUIZ DE CINEMAS LTDA - EM RECUPERACAO JUDICIAL;52.067.071/0001-05
28/08/2020;28/08/2020 18:35:00;JUMANJI: NEXT LEVEL;JUMANJI: PROXIMA FASE;E1900458100000;DUBLADO;NÃO;ESTADOS UNIDOS;5005930;MOBI CINE AÇAILÂNDIA SALA 02;0;6000040;38236;38237;AÇAILÂNDIA;MA;C A V LEMOS E CIA LTDA - ME;14.717.191/0001-11
28/08/2020;28/08/2020 18:40:00;JURASSIC WORLD: FALLEN KINGDOM;JURASSIC WORLD - REINO AMEAÇADO;E1800169900000;DUBLADO;NÃO;ESTADOS UNIDOS;5006618;DRIVE - GYN SERRA DOURADA 02;3;6000039;45898;46312;GOIÂNIA;GO;DRIVE-GYN ENTRETENIMENTO LTDA;37.109.882/0001-38
28/08/2020;28/08/2020 19:00:00;ABOMINABLE;ABOMINÁVEL;E1900349400000;DUBLADO;NÃO;CHINA;5006579;CINESYSTEM BRÁS DRIVE-IN;2;6000027;22546;34941;SÃO PAULO;SP;REDECINE BRA CINEMATOGRÁFICA S.A.;15.422.993/0001-67
28/08/2020;28/08/2020 19:00:00;BLOODSHOT;BLOODSHOT;E1900579400000;DUBLADO;NÃO;ESTADOS UNIDOS;5004880;CIRCUITO CINEMAS PBAS- SALA 02;3;6000028;15568;27873;PARAUAPEBAS;PA;CIRCUITO ENTRETENIMENTO E CINEMAS LTDA;08.068.712/0001-54
28/08/2020;28/08/2020 19:00:00;EL ROBO DEL SIGLO;O ROUBO DO SÉCULO;E2000030900000;ORIGINAL;SIM;ARGENTINA;5006560;CINE A ITAJUBÁ DRIVE-IN;2;6000008;15833;41725;ITAJUBÁ;MG;CINE A LTDA;10.894.937/0001-01
28/08/2020;28/08/2020 19:00:00;JOHN WICK 3: PARABELLUM;JOHN WICK 3: PARABELLUM;E1900126300000;DUBLADO;NÃO;ESTADOS UNIDOS;5006494;CINE INTER SANTA INES 02;9;6000140;44834;44835;SANTA INÊS;MA;CINEINTER EXIBICOES CINEMATOGRAFICAS LTDA;35.477.354/0001-06
28/08/2020;28/08/2020 19:00:00;SONIC THE HEDGEHOG;SONIC - O FILME;E2000012200000;DUBLADO;NÃO;CANADÁ;5006620;CINEMAIS MONTES CLAROS DRIVE IN;5;6000017;2892;23844;MONTES CLAROS;MG;CINEMAIS CINEMAS LTDA;03.868.869/0001-40
28/08/2020;28/08/2020 19:00:00;THE ADDAMS FAMILY;A FAMÍLIA ADDAMS;E1900349600000;DUBLADO;NÃO;CANADÁ;5006572;CINE 14 BIS DRIVE-IN;7;;5822;6623;GUAXUPÉ;MG;GUAXUPE PROMOCOES E EVENTOS LTDA;03.929.354/0001-03
28/08/2020;28/08/2020 19:00:00;THE JUNGLE BOOK;MOGLI - O MENINO LOBO;E1600127500000;DUBLADO;NÃO;ESTADOS UNIDOS;5006567;CINESHOW TUBARÃO DRIVE-IN;2;6000025;33770;33771;TUBARÃO;SC;TUBARÃO FILMES LTDA;24.971.903/0001-88
28/08/2020;28/08/2020 19:00:00;THE LION KING;O REI LEÃO;E1900267700000;DUBLADO;NÃO;ESTADOS UNIDOS;5006602;TOPAZIO POLO SHOPPING DRIVE IN;31;6000057;2968;19182;INDAIATUBA;SP;LUI CINEMATOGRÁFICA LTDA.;71.912.711/0001-80
28/08/2020;28/08/2020 19:05:00;HOW TO TRAIN YOUR DRAGON: THE HIDDEN WORLD;COMO TREINAR O SEU DRAGÃO 3;E1800532200000;DUBLADO;NÃO;ESTADOS UNIDOS;5006586;MULTICINE DRIVE IN - CIDADE JARDIM;5;6000045;5935;30736;GOIÂNIA;GO;MULTICINE CINEMAS LTDA;07.609.246/0001-04
28/08/2020;28/08/2020 19:10:00;DESPICABLE ME 3;MEU MALVADO FAVORITO 3;E1500759400000;DUBLADO;NÃO;ESTADOS UNIDOS;5006605;MULTICINE MOSSORÓ DRIVE IN;1;6000045;5935;17881;MOSSORÓ;RN;MULTICINE CINEMAS LTDA;07.609.246/0001-04
28/08/2020;28/08/2020 19:10:00;THE SECRET LIFE OF PETS 2;PETS: A VIDA SECRETA DOS BICHOS 2;E1900162100000;DUBLADO;NÃO;ESTADOS UNIDOS;5006606;CINE CAVALIERE ORLANDI DRIVE IN;0;;15009;15010;SOCORRO;SP;ORLANDI MARCHESE LTDA - ME;03.091.068/0001-11
28/08/2020;28/08/2020 19:10:00;THE SECRET: DARE TO DREAM;O SEGREDO: OUSE SONHAR;E2000080600000;ORIGINAL;SIM;ESTADOS UNIDOS;5002726;SALA CINE PLAYARTE MANAUARA 06;2;6000049;260;16356;MANAUS;AM;PLAYARTE CINEMAS LTDA.;60.434.149/0001-00
28/08/2020;28/08/2020 19:15:00;MINHA MÃE É UMA PEÇA 3;;B1900576900000;ORIGINAL;NÃO;BRASIL;5004882;CIRCUITO CINEMAS PBAS- SALA 04;2;6000028;15568;27873;PARAUAPEBAS;PA;CIRCUITO ENTRETENIMENTO E CINEMAS LTDA;08.068.712/0001-54
28/08/2020;28/08/2020 19:15:00;QUEEN OF SPADES: THROUGH THE LOOKING GLASS;A MALDIÇÃO DO ESPELHO;E1900574500000;DUBLADO;NÃO;RÚSSIA;5005931;MOBI CINE AÇAILÂNDIA SALA 03;2;6000040;38236;38237;AÇAILÂNDIA;MA;C A V LEMOS E CIA LTDA - ME;14.717.191/0001-11
28/08/2020;28/08/2020 19:25:00;JUMANJI: NEXT LEVEL;JUMANJI: PROXIMA FASE;E1900458100000;DUBLADO;NÃO;ESTADOS UNIDOS;5002725;SALA CINE PLAYARTE MANAUARA 10;22;6000049;260;16356;MANAUS;AM;PLAYARTE CINEMAS LTDA.;60.434.149/0001-00
28/08/2020;28/08/2020 19:40:00;DOLITTLE;DOLITTLE;E1900437900000;DUBLADO;NÃO;ESTADOS UNIDOS;5002727;SALA CINE PLAYARTE MANAUARA 04;6;6000049;260;16356;MANAUS;AM;PLAYARTE CINEMAS LTDA.;60.434.149/0001-00
28/08/2020;28/08/2020 19:40:00;THE SECRET: DARE TO DREAM;O SEGREDO: OUSE SONHAR;E2000080600000;DUBLADO;NÃO;ESTADOS UNIDOS;5001149;CINE PORTO;1;;2351;2352;UBATUBA;SP;CINEMATOGRÁFICA LITORAL NORTE LTDA-EPP;04.165.613/0001-30
28/08/2020;28/08/2020 20:00:00;ALADDIN;ALADDIN;E1900188100000;ORIGINAL;NÃO;ESTADOS UNIDOS;5002102;CINE DRIVEIN;152;;5465;6715;BRASÍLIA;DF;STARK'S CINEMA E LANCHONETE LTDA.;32.917.296/0001-04
28/08/2020;28/08/2020 20:00:00;BIRDS OF PREY (AND THE FANTABULOUS EMANCIPATION OF ONE HARLEY QUINN);AVES DE RAPINA (ARLEQUINA E SUA EMANCIPAÇÃO FANTABULOSA);E1900628800000;DUBLADO;NÃO;ESTADOS UNIDOS;5006623;CINEPLUS AUTOCINE SHOW DRIVE-IN;10;6000023;12893;46385;COLOMBO;PR;ESTILO PRODUÇÕES ARTISTICAS LTDA;03.293.165/0001-97
28/08/2020;28/08/2020 20:00:00;DOCTOR SLEEP;DOUTOR SONO;E1900463600000;DUBLADO;NÃO;ESTADOS UNIDOS;5002723;SALA CINE PLAYARTE MANAUARA 03;2;6000049;260;16356;MANAUS;AM;PLAYARTE CINEMAS LTDA.;60.434.149/0001-00
28/08/2020;28/08/2020 20:00:00;IT: CHAPTER TWO;IT - CAPÍTULO DOIS;E1900346500000;DUBLADO;NÃO;ESTADOS UNIDOS;5005024;CINE GLOBO SANTA ROSA;0;6000010;20979;29163;SANTA ROSA;RS;CINE GLOBO EXIBICOES CINEMATOGRAFICAS LTDA;14.805.201/0001-70
28/08/2020;28/08/2020 20:00:00;ONTEM HAVIA COISAS ESTRANHAS NO CÉU;;B1900231600000;ORIGINAL;NÃO;BRASIL;5006578;CINE ARTE PAJUÇARA DRIVE-IN;1;;26591;26593;MACEIÓ;AL;ASSOCIAÇÃO CULTURAL ARTE PAJUÇARA - ACAP;19.442.911/0001-05
28/08/2020;28/08/2020 20:00:00;THE SECRET: DARE TO DREAM;O SEGREDO: OUSE SONHAR;E2000080600000;DUBLADO;NÃO;ESTADOS UNIDOS;5000081;KINOPLEX AMAZONAS SALA 03;13;6000037;1991;2393;MANAUS;AM;EMPRESA CINEMAS SÃO LUIZ S/A;33.497.660/0001-89
28/08/2020;28/08/2020 20:10:00;AQUAMAN;AQUAMAN;E1800433400000;DUBLADO;NÃO;ESTADOS UNIDOS;5006558;CINESYSTEM IGUATEMI FLN DRIVE-IN;0;6000027;22546;41695;FLORIANÓPOLIS;SC;REDECINE BRA CINEMATOGRÁFICA S.A.;15.422.993/0001-67
28/08/2020;28/08/2020 20:20:00;WONDER;EXTRAORDINÁRIO;E1700451500000;DUBLADO;NÃO;ESTADOS UNIDOS;5006610;CINESYSTEM DRIVE-IN AEROPORTO VITÓRIA;16;6000027;22546;46257;VITÓRIA;ES;REDECINE BRA CINEMATOGRÁFICA S.A.;15.422.993/0001-67
28/08/2020;28/08/2020 20:25:00;EL ROBO DEL SIGLO;O ROUBO DO SÉCULO;E2000030900000;ORIGINAL;SIM;ARGENTINA;5006580;CINESYSTEM MORUMBI TOWN DRIVE-IN;67;6000027;22546;34941;SÃO PAULO;SP;REDECINE BRA CINEMATOGRÁFICA S.A.;15.422.993/0001-67
28/08/2020;28/08/2020 20:30:00;EL ROBO DEL SIGLO;O ROUBO DO SÉCULO;E2000030900000;ORIGINAL;SIM;ARGENTINA;5002722;SALA CINE PLAYARTE MANAUARA 07;7;6000049;260;16356;MANAUS;AM;PLAYARTE CINEMAS LTDA.;60.434.149/0001-00
28/08/2020;28/08/2020 20:30:00;JOKER;CORINGA;E1900357300000;DUBLADO;NÃO;CANADÁ;5004879;CIRCUITO CINEMAS PBAS- SALA 01;2;6000028;15568;27873;PARAUAPEBAS;PA;CIRCUITO ENTRETENIMENTO E CINEMAS LTDA;08.068.712/0001-54
28/08/2020;28/08/2020 20:30:00;MACABRO;;B1900618000000;ORIGINAL;NÃO;BRASIL;5006571;CINESYSTEM AMÉRICAS DRIVE-IN;26;6000027;5348;28834;RIO DE JANEIRO;RJ;REDECINE - RIO CINEMATOGRAFICA S.A.;07.524.011/0001-10
28/08/2020;28/08/2020 20:30:00;QUEEN OF SPADES: THROUGH THE LOOKING GLASS;A MALDIÇÃO DO ESPELHO;E1900574500000;DUBLADO;NÃO;RÚSSIA;5000079;KINOPLEX AMAZONAS SALA 01;25;6000037;1991;2393;MANAUS;AM;EMPRESA CINEMAS SÃO LUIZ S/A;33.497.660/0001-89
28/08/2020;28/08/2020 20:40:00;1917;1917;E1900439000000;DUBLADO;NÃO;ESTADOS UNIDOS;5006568;CINE + ARTE XANGRI-LÁ DRIVE-IN;6;6000103;32155;45890;XANGRI-LÁ;RS;EWERTON LUIS DE SOUZA BRANDOLT;23.288.683/0001-20
28/08/2020;28/08/2020 20:45:00;FIFTY SHADES FREED;CINQUENTA TONS DE LIBERDADE;E1700536700000;ORIGINAL;SIM;ESTADOS UNIDOS;5006619;DRIVE - GYN SERRA DOURADA 03;3;6000039;45898;46312;GOIÂNIA;GO;DRIVE-GYN ENTRETENIMENTO LTDA;37.109.882/0001-38
28/08/2020;28/08/2020 20:50:00;EL ROBO DEL SIGLO;O ROUBO DO SÉCULO;E2000030900000;ORIGINAL;SIM;ARGENTINA;5000080;KINOPLEX AMAZONAS SALA 02;6;6000037;1991;2393;MANAUS;AM;EMPRESA CINEMAS SÃO LUIZ S/A;33.497.660/0001-89
28/08/2020;28/08/2020 20:50:00;THE SECRET: DARE TO DREAM;O SEGREDO: OUSE SONHAR;E2000080600000;DUBLADO;NÃO;ESTADOS UNIDOS;5002721;SALA CINE PLAYARTE MANAUARA 01;2;6000049;260;16356;MANAUS;AM;PLAYARTE CINEMAS LTDA.;60.434.149/0001-00
28/08/2020;28/08/2020 21:00:00;A STAR IS BORN;NASCE UMA ESTRELA;E1800303500000;DUBLADO;NÃO;ESTADOS UNIDOS;5006601;CINE DRIVE-IN ESPAÇO CINEMAX;4;;5944;6680;ITABIRA;MG;ESPAÇO CULTURAL CINE ATLETICO LTDA;06.981.108/0001-99
28/08/2020;28/08/2020 21:00:00;BLOODSHOT;BLOODSHOT;E1900579400000;DUBLADO;NÃO;ESTADOS UNIDOS;5005930;MOBI CINE AÇAILÂNDIA SALA 02;2;6000040;38236;38237;AÇAILÂNDIA;MA;C A V LEMOS E CIA LTDA - ME;14.717.191/0001-11
28/08/2020;28/08/2020 21:00:00;EL ROBO DEL SIGLO;O ROUBO DO SÉCULO;E2000030900000;ORIGINAL;SIM;ARGENTINA;5004881;CIRCUITO CINEMAS PBAS- SALA 03;0;6000028;15568;27873;PARAUAPEBAS;PA;CIRCUITO ENTRETENIMENTO E CINEMAS LTDA;08.068.712/0001-54
28/08/2020;28/08/2020 21:00:00;JUSTICE LEAGUE;LIGA DA JUSTIÇA;E1700482600000;DUBLADO;NÃO;ESTADOS UNIDOS;5006606;CINE CAVALIERE ORLANDI DRIVE IN;1;;15009;15010;SOCORRO;SP;ORLANDI MARCHESE LTDA - ME;03.091.068/0001-11
28/08/2020;28/08/2020 21:00:00;LONG SHOT;CASAL IMPROVÁVEL;E1900126800000;DUBLADO;NÃO;ESTADOS UNIDOS;5006493;CINE INTER SANTA INES 01;0;6000140;44834;44835;SANTA INÊS;MA;CINEINTER EXIBICOES CINEMATOGRAFICAS LTDA;35.477.354/0001-06
28/08/2020;28/08/2020 21:00:00;QUEEN OF SPADES: THROUGH THE LOOKING GLASS;A MALDIÇÃO DO ESPELHO;E1900574500000;DUBLADO;NÃO;RÚSSIA;5005931;MOBI CINE AÇAILÂNDIA SALA 03;4;6000040;38236;38237;AÇAILÂNDIA;MA;C A V LEMOS E CIA LTDA - ME;14.717.191/0001-11
28/08/2020;28/08/2020 21:00:00;SPIDER-MAN: HOMECOMING;HOMEM-ARANHA - DE VOLTA AO LAR;E1500759500000;DUBLADO;NÃO;ESTADOS UNIDOS;5006572;CINE 14 BIS DRIVE-IN;5;;5822;6623;GUAXUPÉ;MG;GUAXUPE PROMOCOES E EVENTOS LTDA;03.929.354/0001-03
28/08/2020;28/08/2020 21:00:00;THE SECRET: DARE TO DREAM;O SEGREDO: OUSE SONHAR;E2000080600000;DUBLADO;NÃO;ESTADOS UNIDOS;5004822;KINOPLEX AMAZONAS SALA 04;11;6000037;1991;2393;MANAUS;AM;EMPRESA CINEMAS SÃO LUIZ S/A;33.497.660/0001-89
28/08/2020;28/08/2020 21:00:00;WONDER;EXTRAORDINÁRIO;E1700451500000;DUBLADO;NÃO;ESTADOS UNIDOS;5006579;CINESYSTEM BRÁS DRIVE-IN;12;6000027;22546;34941;SÃO PAULO;SP;REDECINE BRA CINEMATOGRÁFICA S.A.;15.422.993/0001-67
28/08/2020;28/08/2020 21:10:00;THE INVISIBLE MAN;O HOMEM INVISÍVEL;E1900438600000;DUBLADO;NÃO;AUSTRÁLIA;5004823;KINOPLEX AMAZONAS SALA 05;0;6000037;1991;2393;MANAUS;AM;EMPRESA CINEMAS SÃO LUIZ S/A;33.497.660/0001-89
28/08/2020;28/08/2020 21:10:01;1917;1917;E1900439000000;DUBLADO;NÃO;ESTADOS UNIDOS;5006574;DRIVE IN CINEART ALPHAVILLE;32;6000013;437;45925;NOVA LIMA;MG;DELTA FILMES LTDA;01.735.159/0001-17
28/08/2020;28/08/2020 21:15:00;A QUIET PLACE;UM LUGAR SILENCIOSO;E1800074200000;ORIGINAL;SIM;ESTADOS UNIDOS;5006618;DRIVE - GYN SERRA DOURADA 02;15;6000039;45898;46312;GOIÂNIA;GO;DRIVE-GYN ENTRETENIMENTO LTDA;37.109.882/0001-38
28/08/2020;28/08/2020 21:15:00;CALL OF THE WILD;O CHAMADO DA FLORESTA;E2000027000000;DUBLADO;NÃO;ESTADOS UNIDOS;5006620;CINEMAIS MONTES CLAROS DRIVE IN;3;6000017;2892;23844;MONTES CLAROS;MG;CINEMAIS CINEMAS LTDA;03.868.869/0001-40
28/08/2020;28/08/2020 21:15:00;JUMANJI: NEXT LEVEL;JUMANJI: PROXIMA FASE;E1900458100000;DUBLADO;NÃO;ESTADOS UNIDOS;5006586;MULTICINE DRIVE IN - CIDADE JARDIM;3;6000045;5935;30736;GOIÂNIA;GO;MULTICINE CINEMAS LTDA;07.609.246/0001-04
28/08/2020;28/08/2020 21:15:00;SUICIDE SQUAD;ESQUADRÃO SUICIDA;E1600434700000;DUBLADO;NÃO;ESTADOS UNIDOS;5006605;MULTICINE MOSSORÓ DRIVE IN;0;6000045;5935;17881;MOSSORÓ;RN;MULTICINE CINEMAS LTDA;07.609.246/0001-04
28/08/2020;28/08/2020 21:30:00;BLACK PANTHER;PANTERA NEGRA;E1700512400000;DUBLADO;NÃO;ESTADOS UNIDOS;5006567;CINESHOW TUBARÃO DRIVE-IN;6;6000025;33770;33771;TUBARÃO;SC;TUBARÃO FILMES LTDA;24.971.903/0001-88
28/08/2020;28/08/2020 21:30:00;BLOODSHOT;BLOODSHOT;E1900579400000;DUBLADO;NÃO;ESTADOS UNIDOS;5004880;CIRCUITO CINEMAS PBAS- SALA 02;0;6000028;15568;27873;PARAUAPEBAS;PA;CIRCUITO ENTRETENIMENTO E CINEMAS LTDA;08.068.712/0001-54
28/08/2020;28/08/2020 21:30:00;JOKER;CORINGA;E1900357300000;DUBLADO;NÃO;CANADÁ;5006595;CENTERPLEX ESTAÇÃO ATIBAIA DRIVE-IN;21;6000006;2836;2843;ATIBAIA;SP;EMPRESA SAO LUIZ DE CINEMAS LTDA - EM RECUPERACAO JUDICIAL;52.067.071/0001-05
28/08/2020;28/08/2020 21:30:00;SHAZAM!;SHAZAM!;E1900060900000;DUBLADO;NÃO;ESTADOS UNIDOS;5006602;TOPAZIO POLO SHOPPING DRIVE IN;25;6000057;2968;19182;INDAIATUBA;SP;LUI CINEMATOGRÁFICA LTDA.;71.912.711/0001-80
28/08/2020;28/08/2020 21:30:01;JIGSAW;JOGOS MORTAIS: JIGSAW;E1700451200000;DUBLADO;NÃO;CANADÁ;5006560;CINE A ITAJUBÁ DRIVE-IN;2;6000008;15833;41725;ITAJUBÁ;MG;CINE A LTDA;10.894.937/0001-01
28/08/2020;28/08/2020 21:45:00;MINHA MÃE É UMA PEÇA 3;;B1900576900000;ORIGINAL;NÃO;BRASIL;5004882;CIRCUITO CINEMAS PBAS- SALA 04;1;6000028;15568;27873;PARAUAPEBAS;PA;CIRCUITO ENTRETENIMENTO E CINEMAS LTDA;08.068.712/0001-54
28/08/2020;28/08/2020 22:30:00;EL ROBO DEL SIGLO;O ROUBO DO SÉCULO;E2000030900000;ORIGINAL;SIM;ARGENTINA;5002102;CINE DRIVEIN;152;;5465;6715;BRASÍLIA;DF;STARK'S CINEMA E LANCHONETE LTDA.;32.917.296/0001-04
28/08/2020;28/08/2020 22:30:00;JIGSAW;JOGOS MORTAIS: JIGSAW;E1700451200000;DUBLADO;NÃO;CANADÁ;5006591;DRIVE IN SHOPPING VILLA LOBOS;3;6000006;2872;46069;SÃO PAULO;SP;EMPRESA CENTERPLEX DE CINEMAS LTDA;00.812.310/0001-00
28/08/2020;28/08/2020 22:30:00;THE FATE OF THE FURIOUS;VELOZES E FURIOSOS 8;E1700045600000;DUBLADO;NÃO;FRANÇA;5006571;CINESYSTEM AMÉRICAS DRIVE-IN;14;6000027;5348;28834;RIO DE JANEIRO;RJ;REDECINE - RIO CINEMATOGRAFICA S.A.;07.524.011/0001-10
28/08/2020;28/08/2020 22:30:01;AMERICAN SNIPER;SNIPER AMERICANO;E1402739100000;DUBLADO;NÃO;ESTADOS UNIDOS;5006590;SUPER DRIVE IN;0;6000006;2872;46068;SÃO BERNARDO DO CAMPO;SP;EMPRESA CENTERPLEX DE CINEMAS LTDA;00.812.310/0001-00
28/08/2020;28/08/2020 22:30:01;IT: CHAPTER TWO;IT - CAPÍTULO DOIS;E1900346500000;DUBLADO;NÃO;ESTADOS UNIDOS;5006622;SUPER CINE ESPAÇO DAS AMÉRICAS DRIVE IN;15;6000006;2836;46340;SÃO PAULO;SP;EMPRESA SAO LUIZ DE CINEMAS LTDA - EM RECUPERACAO JUDICIAL;52.067.071/0001-05
28/08/2020;28/08/2020 22:35:00;THE HUSTLE;AS TRAPACEIRAS;E1900265600000;DUBLADO;NÃO;ESTADOS UNIDOS;5006610;CINESYSTEM DRIVE-IN AEROPORTO VITÓRIA;13;6000027;22546;46257;VITÓRIA;ES;REDECINE BRA CINEMATOGRÁFICA S.A.;15.422.993/0001-67
28/08/2020;28/08/2020 22:45:00;GRETEL & HANSEL (2020);MARIA E JOÃO - O CONTO DAS BRUXAS;E1900467000000;ORIGINAL;SIM;ESTADOS UNIDOS;5006558;CINESYSTEM IGUATEMI FLN DRIVE-IN;0;6000027;22546;41695;FLORIANÓPOLIS;SC;REDECINE BRA CINEMATOGRÁFICA S.A.;15.422.993/0001-67
28/08/2020;28/08/2020 22:45:00;THE SHACK;A CABANA;E1700059700000;ORIGINAL;SIM;ESTADOS UNIDOS;5006580;CINESYSTEM MORUMBI TOWN DRIVE-IN;32;6000027;22546;34941;SÃO PAULO;SP;REDECINE BRA CINEMATOGRÁFICA S.A.;15.422.993/0001-67
28/08/2020;28/08/2020 23:00:00;THE GRUDGE;O GRITO;E1900551300000;DUBLADO;NÃO;CANADÁ;5006623;CINEPLUS AUTOCINE SHOW DRIVE-IN;7;6000023;12893;46385;COLOMBO;PR;ESTILO PRODUÇÕES ARTISTICAS LTDA;03.293.165/0001-97
28/08/2020;28/08/2020 23:00:00;THE INVISIBLE MAN;O HOMEM INVISÍVEL;E1900438600000;DUBLADO;NÃO;AUSTRÁLIA;5006568;CINE + ARTE XANGRI-LÁ DRIVE-IN;4;6000103;32155;45890;XANGRI-LÁ;RS;EWERTON LUIS DE SOUZA BRANDOLT;23.288.683/0001-20
