DATA_EXIBICAO;SESSAO;TITULO_ORIGINAL;TITULO_BRASIL;CPB_ROE;AUDIO;LEGENDADA;PAIS_OBRA;REGISTRO_SALA;NOME_SALA;PUBLICO;REGISTRO_GRUPO_EXIBIDOR;REGISTRO_EXIBIDOR;REGISTRO_COMPLEXO;MUNICIPIO_SALA_COMPLEXO;UF_SALA_COMPLEXO;RAZAO_SOCIAL_EXIBIDORA;CNPJ_EXIBIDORA
29/03/2021;29/03/2021 13:00:00;TOM & JERRY;TOM & JERRY - O FILME;E2000553800000;DUBLADO;NÃO;ESTADOS UNIDOS;5002565;CINE CATARATAS 2;6;;15565;15566;FOZ DO IGUAÇU;PR;CINE CATARATAS LTDA;09.010.219/0001-46
29/03/2021;29/03/2021 14:00:00;LUCICREIDE VAI PRA MARTE;;B1900421800000;ORIGINAL;NÃO;BRASIL;5006063;CENTERPLEX BOULEVARD 05;0;6000006;40317;40318;VITÓRIA DA CONQUISTA;BA;CINE ELI BAHIA CINEMAS LTDA - EM RECUPERACAO JUDICIAL;30.096.740/0001-34
29/03/2021;29/03/2021 14:00:00;RAYA AND THE LAST DRAGON;RAYA E O ÚLTIMO DRAGÃO;E2100035300000;DUBLADO;NÃO;ESTADOS UNIDOS;5001634;CINE TERESINA 1;5;;2140;6595;TERESINA;PI;CINEMAS TERESINA LTDA;02.142.566/0001-83
29/03/2021;29/03/2021 14:00:00;TOM & JERRY;TOM & JERRY - O FILME;E2000553800000;DUBLADO;NÃO;ESTADOS UNIDOS;5006059;CENTERPLEX BOULEVARD 01;0;6000006;40317;40318;VITÓRIA DA CONQUISTA;BA;CINE ELI BAHIA CINEMAS LTDA - EM RECUPERACAO JUDICIAL;30.096.740/0001-34
29/03/2021;29/03/2021 14:00:00;WONDER WOMAN 1984;MULHER-MARAVILHA 1984;E2000170200000;DUBLADO;NÃO;CANADÁ;5005647;CINE TERESINA 4;9;;2140;6595;TERESINA;PI;CINEMAS TERESINA LTDA;02.142.566/0001-83
29/03/2021;29/03/2021 14:20:00;TOM & JERRY;TOM & JERRY - O FILME;E2000553800000;DUBLADO;NÃO;ESTADOS UNIDOS;5000172;KINOPLEX PARKSHOPPING 8;5;6000037;2364;2415;BRASÍLIA;DF;CINEMAS PARIS SEVERIANO RIBEIRO LTDA;31.611.189/0001-82
29/03/2021;29/03/2021 14:30:00;MONSTER HUNTER;MONSTER HUNTER;E2000403800000;DUBLADO;NÃO;ESTADOS UNIDOS;5006062;CENTERPLEX BOULEVARD 04;3;6000006;40317;40318;VITÓRIA DA CONQUISTA;BA;CINE ELI BAHIA CINEMAS LTDA - EM RECUPERACAO JUDICIAL;30.096.740/0001-34
29/03/2021;29/03/2021 14:40:00;I STILL BELIEVE;ENQUANTO ESTIVERMOS JUNTOS;E2000004700000;DUBLADO;NÃO;ESTADOS UNIDOS;5005565;KINOPLEX NOVA IGUAÇU SALA 04 PLATINUM;0;6000037;1991;33119;NOVA IGUAÇU;RJ;EMPRESA CINEMAS SÃO LUIZ S/A;33.497.660/0001-89
29/03/2021;29/03/2021 14:40:00;TOM & JERRY;TOM & JERRY - O FILME;E2000553800000;DUBLADO;NÃO;ESTADOS UNIDOS;5005270;MULTICINE SANTA MARIA SALA 01;0;6000045;5935;30733;BRASÍLIA;DF;MULTICINE CINEMAS LTDA;07.609.246/0001-04
29/03/2021;29/03/2021 15:00:00;DEPOIS A LOUCA SOU EU;;B2000078000000;DUBLADO;NÃO;BRASIL;5005206;CINÉPOLIS RIO POTY SALA 10;0;6000024;17266;30352;TERESINA;PI;CINEPOLIS OPERADORA DE CINEMAS DO BRASIL LTDA;09.652.820/0001-32
29/03/2021;29/03/2021 15:00:00;LUCICREIDE VAI PRA MARTE;;B1900421800000;ORIGINAL;NÃO;BRASIL;5006060;CENTERPLEX BOULEVARD 02;0;6000006;40317;40318;VITÓRIA DA CONQUISTA;BA;CINE ELI BAHIA CINEMAS LTDA - EM RECUPERACAO JUDICIAL;30.096.740/0001-34
29/03/2021;29/03/2021 15:00:00;RAYA AND THE LAST DRAGON;RAYA E O ÚLTIMO DRAGÃO;E2100035300000;DUBLADO;NÃO;ESTADOS UNIDOS;5002748;KINOPLEX BOULEVARD 01;2;6000037;1991;16402;BRASÍLIA;DF;EMPRESA CINEMAS SÃO LUIZ S/A;33.497.660/0001-89
29/03/2021;29/03/2021 15:00:00;RAYA AND THE LAST DRAGON;RAYA E O ÚLTIMO DRAGÃO;E2100035300000;DUBLADO;NÃO;ESTADOS UNIDOS;5000175;KINOPLEX PARKSHOPPING 3;10;6000037;2364;2415;BRASÍLIA;DF;CINEMAS PARIS SEVERIANO RIBEIRO LTDA;31.611.189/0001-82
29/03/2021;29/03/2021 15:00:00;RAYA AND THE LAST DRAGON;RAYA E O ÚLTIMO DRAGÃO;E2100035300000;DUBLADO;NÃO;ESTADOS UNIDOS;5000158;PÁTIO BRASIL 6;1;6000037;1991;2412;BRASÍLIA;DF;EMPRESA CINEMAS SÃO LUIZ S/A;33.497.660/0001-89
29/03/2021;29/03/2021 15:00:00;RAYA AND THE LAST DRAGON;RAYA E O ÚLTIMO DRAGÃO;E2100035300000;DUBLADO;NÃO;ESTADOS UNIDOS;5000151;TERRAÇO 4;0;6000037;1991;2411;BRASÍLIA;DF;EMPRESA CINEMAS SÃO LUIZ S/A;33.497.660/0001-89
29/03/2021;29/03/2021 15:00:00;TOM & JERRY;TOM & JERRY - O FILME;E2000553800000;DUBLADO;NÃO;ESTADOS UNIDOS;5005568;KINOPLEX NOVA IGUAÇU SALA 07;0;6000037;1991;33119;NOVA IGUAÇU;RJ;EMPRESA CINEMAS SÃO LUIZ S/A;33.497.660/0001-89
29/03/2021;29/03/2021 15:05:00;DRUK;DRUK - MAIS UMA RODADA;E2100078400000;ORIGINAL;SIM;DINAMARCA;5000167;KINOPLEX PARKSHOPPING 1;5;6000037;2364;2415;BRASÍLIA;DF;CINEMAS PARIS SEVERIANO RIBEIRO LTDA;31.611.189/0001-82
29/03/2021;29/03/2021 15:10:00;MONSTER HUNTER;MONSTER HUNTER;E2000403800000;DUBLADO;NÃO;ESTADOS UNIDOS;5002745;KINOPLEX BOULEVARD 02;2;6000037;1991;16402;BRASÍLIA;DF;EMPRESA CINEMAS SÃO LUIZ S/A;33.497.660/0001-89
29/03/2021;29/03/2021 15:10:00;MONSTER HUNTER;MONSTER HUNTER;E2000403800000;DUBLADO;NÃO;ESTADOS UNIDOS;5000168;KINOPLEX PARKSHOPPING 5;3;6000037;2364;2415;BRASÍLIA;DF;CINEMAS PARIS SEVERIANO RIBEIRO LTDA;31.611.189/0001-82
29/03/2021;29/03/2021 15:10:00;RAYA AND THE LAST DRAGON;RAYA E O ÚLTIMO DRAGÃO;E2100035300000;DUBLADO;NÃO;ESTADOS UNIDOS;5005563;KINOPLEX NOVA IGUAÇU SALA 02 KINOEVOLUTION;0;6000037;1991;33119;NOVA IGUAÇU;RJ;EMPRESA CINEMAS SÃO LUIZ S/A;33.497.660/0001-89
29/03/2021;29/03/2021 15:10:00;RAYA AND THE LAST DRAGON;RAYA E O ÚLTIMO DRAGÃO;E2100035300000;DUBLADO;NÃO;ESTADOS UNIDOS;5005272;MULTICINE SANTA MARIA SALA 03;0;6000045;5935;30733;BRASÍLIA;DF;MULTICINE CINEMAS LTDA;07.609.246/0001-04
29/03/2021;29/03/2021 15:10:00;RAYA AND THE LAST DRAGON;RAYA E O ÚLTIMO DRAGÃO;E2100035300000;DUBLADO;NÃO;ESTADOS UNIDOS;5004300;SALA VILA RICA 1 3D;0;;14637;14638;PRIMAVERA DO LESTE;MT;MAURICIO JOSE NICOLINO & CIA LTDA;05.724.035/0001-97
29/03/2021;29/03/2021 15:10:00;TOM & JERRY;TOM & JERRY - O FILME;E2000553800000;DUBLADO;NÃO;ESTADOS UNIDOS;5000057;KINOPLEX IGUAÇU TOP SALA 02;0;6000037;1991;2387;NOVA IGUAÇU;RJ;EMPRESA CINEMAS SÃO LUIZ S/A;33.497.660/0001-89
29/03/2021;29/03/2021 15:10:00;TOM & JERRY;TOM & JERRY - O FILME;E2000553800000;DUBLADO;NÃO;ESTADOS UNIDOS;5000157;PÁTIO BRASIL 5;0;6000037;1991;2412;BRASÍLIA;DF;EMPRESA CINEMAS SÃO LUIZ S/A;33.497.660/0001-89
29/03/2021;29/03/2021 15:10:00;TOM & JERRY;TOM & JERRY - O FILME;E2000553800000;DUBLADO;NÃO;ESTADOS UNIDOS;5000150;TERRAÇO 3;0;6000037;1991;2411;BRASÍLIA;DF;EMPRESA CINEMAS SÃO LUIZ S/A;33.497.660/0001-89
29/03/2021;29/03/2021 15:15:00;MONSTER HUNTER;MONSTER HUNTER;E2000403800000;DUBLADO;NÃO;ESTADOS UNIDOS;5000154;PÁTIO BRASIL 2;0;6000037;1991;2412;BRASÍLIA;DF;EMPRESA CINEMAS SÃO LUIZ S/A;33.497.660/0001-89
29/03/2021;29/03/2021 15:15:00;PINOCCHIO;PINÓQUIO;E2000294800000;DUBLADO;NÃO;FRANÇA;5000171;KINOPLEX PARKSHOPPING 2;4;6000037;2364;2415;BRASÍLIA;DF;CINEMAS PARIS SEVERIANO RIBEIRO LTDA;31.611.189/0001-82
29/03/2021;29/03/2021 15:15:00;TOM & JERRY;TOM & JERRY - O FILME;E2000553800000;DUBLADO;NÃO;ESTADOS UNIDOS;5006064;CENTERPLEX BOULEVARD 06;0;6000006;40317;40318;VITÓRIA DA CONQUISTA;BA;CINE ELI BAHIA CINEMAS LTDA - EM RECUPERACAO JUDICIAL;30.096.740/0001-34
29/03/2021;29/03/2021 15:15:00;TOM & JERRY;TOM & JERRY - O FILME;E2000553800000;DUBLADO;NÃO;ESTADOS UNIDOS;5005545;CINE COLOMBO RESENDE SALA 03;0;6000008;15833;33011;RESENDE;RJ;CINE A LTDA;10.894.937/0001-01
29/03/2021;29/03/2021 15:20:00;LUCICREIDE VAI PRA MARTE;;B1900421800000;ORIGINAL;NÃO;BRASIL;5000207;KINOPLEX GRANDE RIO 4;2;6000037;1991;2424;SÃO JOÃO DE MERITI;RJ;EMPRESA CINEMAS SÃO LUIZ S/A;33.497.660/0001-89
29/03/2021;29/03/2021 15:20:00;LUCICREIDE VAI PRA MARTE;;B1900421800000;ORIGINAL;NÃO;BRASIL;5005567;KINOPLEX NOVA IGUAÇU SALA 06;0;6000037;1991;33119;NOVA IGUAÇU;RJ;EMPRESA CINEMAS SÃO LUIZ S/A;33.497.660/0001-89
29/03/2021;29/03/2021 15:20:00;LUCICREIDE VAI PRA MARTE;;B1900421800000;ORIGINAL;NÃO;BRASIL;5001662;ORIENT CINEPLACE BOULEVARD SHOPPING - SALA 3;5;6000046;2869;6630;FEIRA DE SANTANA;BA;FEIRA PLEXCINE LTDA.;04.547.950/0001-91
29/03/2021;29/03/2021 15:20:00;MONSTER HUNTER;MONSTER HUNTER;E2000403800000;DUBLADO;NÃO;ESTADOS UNIDOS;5005648;CINE TERESINA 5;5;;2140;6595;TERESINA;PI;CINEMAS TERESINA LTDA;02.142.566/0001-83
29/03/2021;29/03/2021 15:20:00;MONSTER HUNTER;MONSTER HUNTER;E2000403800000;DUBLADO;NÃO;ESTADOS UNIDOS;5000149;TERRAÇO 2;1;6000037;1991;2411;BRASÍLIA;DF;EMPRESA CINEMAS SÃO LUIZ S/A;33.497.660/0001-89
29/03/2021;29/03/2021 15:20:00;RAYA AND THE LAST DRAGON;RAYA E O ÚLTIMO DRAGÃO;E2100035300000;DUBLADO;NÃO;ESTADOS UNIDOS;5001636;CINE TERESINA 3;13;;2140;6595;TERESINA;PI;CINEMAS TERESINA LTDA;02.142.566/0001-83
29/03/2021;29/03/2021 15:20:00;RAYA AND THE LAST DRAGON;RAYA E O ÚLTIMO DRAGÃO;E2100035300000;DUBLADO;NÃO;ESTADOS UNIDOS;5000056;KINOPLEX IGUAÇU TOP SALA 01 - KINOEVOLUTION;0;6000037;1991;2387;NOVA IGUAÇU;RJ;EMPRESA CINEMAS SÃO LUIZ S/A;33.497.660/0001-89
29/03/2021;29/03/2021 15:20:00;Z;AMIZADE MALDITA;E2000229400000;DUBLADO;NÃO;CANADÁ;5005724;KINOPLEX IGUAÇU TOP SALA 04;0;6000037;1991;2387;NOVA IGUAÇU;RJ;EMPRESA CINEMAS SÃO LUIZ S/A;33.497.660/0001-89
29/03/2021;29/03/2021 15:30:00;DEPOIS A LOUCA SOU EU;;B2000078000000;ORIGINAL;NÃO;BRASIL;5001638;CINE TERESINA 7;5;;2140;6595;TERESINA;PI;CINEMAS TERESINA LTDA;02.142.566/0001-83
29/03/2021;29/03/2021 15:30:00;RAYA AND THE LAST DRAGON;RAYA E O ÚLTIMO DRAGÃO;E2100035300000;DUBLADO;NÃO;ESTADOS UNIDOS;5000208;KINOPLEX GRANDE RIO 5;6;6000037;1991;2424;SÃO JOÃO DE MERITI;RJ;EMPRESA CINEMAS SÃO LUIZ S/A;33.497.660/0001-89
29/03/2021;29/03/2021 15:30:00;THE WIDOW;A VIÚVA DAS SOMBRAS;E2100005000000;DUBLADO;NÃO;RÚSSIA;5006061;CENTERPLEX BOULEVARD 03;2;6000006;40317;40318;VITÓRIA DA CONQUISTA;BA;CINE ELI BAHIA CINEMAS LTDA - EM RECUPERACAO JUDICIAL;30.096.740/0001-34
29/03/2021;29/03/2021 15:30:00;TOM & JERRY;TOM & JERRY - O FILME;E2000553800000;DUBLADO;NÃO;ESTADOS UNIDOS;5002747;KINOPLEX BOULEVARD 04;4;6000037;1991;16402;BRASÍLIA;DF;EMPRESA CINEMAS SÃO LUIZ S/A;33.497.660/0001-89
29/03/2021;29/03/2021 15:30:00;WONDER WOMAN 1984;MULHER-MARAVILHA 1984;E2000170200000;DUBLADO;NÃO;CANADÁ;5005543;CINE COLOMBO RESENDE SALA 01;2;6000008;15833;33011;RESENDE;RJ;CINE A LTDA;10.894.937/0001-01
29/03/2021;29/03/2021 15:40:00;MONSTER HUNTER;MONSTER HUNTER;E2000403800000;DUBLADO;NÃO;ESTADOS UNIDOS;5005562;KINOPLEX NOVA IGUAÇU SALA 01;0;6000037;1991;33119;NOVA IGUAÇU;RJ;EMPRESA CINEMAS SÃO LUIZ S/A;33.497.660/0001-89
29/03/2021;29/03/2021 15:40:00;TOM & JERRY;TOM & JERRY - O FILME;E2000553800000;DUBLADO;NÃO;ESTADOS UNIDOS;5001635;CINE TERESINA 2;4;;2140;6595;TERESINA;PI;CINEMAS TERESINA LTDA;02.142.566/0001-83
29/03/2021;29/03/2021 15:40:00;Z;AMIZADE MALDITA;E2000229400000;DUBLADO;NÃO;CANADÁ;5000206;KINOPLEX GRANDE RIO 3;6;6000037;1991;2424;SÃO JOÃO DE MERITI;RJ;EMPRESA CINEMAS SÃO LUIZ S/A;33.497.660/0001-89
29/03/2021;29/03/2021 15:45:00;LUCICREIDE VAI PRA MARTE;;B1900421800000;ORIGINAL;NÃO;BRASIL;5000155;PÁTIO BRASIL 3;0;6000037;1991;2412;BRASÍLIA;DF;EMPRESA CINEMAS SÃO LUIZ S/A;33.497.660/0001-89
29/03/2021;29/03/2021 15:45:00;THE WIDOW;A VIÚVA DAS SOMBRAS;E2100005000000;DUBLADO;NÃO;RÚSSIA;5005271;MULTICINE SANTA MARIA SALA 02;0;6000045;5935;30733;BRASÍLIA;DF;MULTICINE CINEMAS LTDA;07.609.246/0001-04
29/03/2021;29/03/2021 15:50:00;FOLLOW ME;SEM SAÍDA;E2100006300000;DUBLADO;NÃO;ESTADOS UNIDOS;5006645;PLAYARTE RORAIMA GARDEN SALA 04;2;6000049;39188;47248;BOA VISTA;RR;MULTIPLEX DO BRASIL ENTRETENIMENTO LTDA;27.595.833/0001-07
29/03/2021;29/03/2021 15:50:00;HONEST THIEF;LEGADO EXPLOSIVO;E2000416200000;DUBLADO;NÃO;ESTADOS UNIDOS;5005564;KINOPLEX NOVA IGUAÇU SALA 03 PLATINUM;0;6000037;1991;33119;NOVA IGUAÇU;RJ;EMPRESA CINEMAS SÃO LUIZ S/A;33.497.660/0001-89
29/03/2021;29/03/2021 15:50:00;LUCICREIDE VAI PRA MARTE;;B1900421800000;ORIGINAL;NÃO;BRASIL;5001637;CINE TERESINA 6;0;;2140;6595;TERESINA;PI;CINEMAS TERESINA LTDA;02.142.566/0001-83
29/03/2021;29/03/2021 15:50:00;TOM & JERRY;TOM & JERRY - O FILME;E2000553800000;DUBLADO;NÃO;ESTADOS UNIDOS;5000205;KINOPLEX GRANDE RIO 2;13;6000037;1991;2424;SÃO JOÃO DE MERITI;RJ;EMPRESA CINEMAS SÃO LUIZ S/A;33.497.660/0001-89
29/03/2021;29/03/2021 16:00:00;FOLLOW ME;SEM SAÍDA;E2100006300000;DUBLADO;NÃO;ESTADOS UNIDOS;5000204;KINOPLEX GRANDE RIO 1;10;6000037;1991;2424;SÃO JOÃO DE MERITI;RJ;EMPRESA CINEMAS SÃO LUIZ S/A;33.497.660/0001-89
29/03/2021;29/03/2021 16:00:00;FOLLOW ME;SEM SAÍDA;E2100006300000;DUBLADO;NÃO;ESTADOS UNIDOS;5005725;KINOPLEX IGUAÇU TOP SALA 05;0;6000037;1991;2387;NOVA IGUAÇU;RJ;EMPRESA CINEMAS SÃO LUIZ S/A;33.497.660/0001-89
29/03/2021;29/03/2021 16:00:00;RAYA AND THE LAST DRAGON;RAYA E O ÚLTIMO DRAGÃO;E2100035300000;DUBLADO;NÃO;ESTADOS UNIDOS;5001795;CINE ITAGUARI SALA 1;0;;5725;6588;SANTO ANTÔNIO DE JESUS;BA;IMPERIAL TURISMO E EVENTOS EIRELI;01.732.317/0001-85
29/03/2021;29/03/2021 16:00:00;RAYA AND THE LAST DRAGON;RAYA E O ÚLTIMO DRAGÃO;E2100035300000;DUBLADO;NÃO;ESTADOS UNIDOS;5006217;CINE LAGUNA 2;0;6000141;24511;24512;ALAGOINHAS;BA;VICTORY EVENTOS & TURISMO LTDA;05.607.525/0001-03
29/03/2021;29/03/2021 16:00:00;THE WIDOW;A VIÚVA DAS SOMBRAS;E2100005000000;DUBLADO;NÃO;RÚSSIA;5002746;KINOPLEX BOULEVARD 03;0;6000037;1991;16402;BRASÍLIA;DF;EMPRESA CINEMAS SÃO LUIZ S/A;33.497.660/0001-89
29/03/2021;29/03/2021 16:00:00;THE WIDOW;A VIÚVA DAS SOMBRAS;E2100005000000;DUBLADO;NÃO;RÚSSIA;5000153;PÁTIO BRASIL 1;6;6000037;1991;2412;BRASÍLIA;DF;EMPRESA CINEMAS SÃO LUIZ S/A;33.497.660/0001-89
29/03/2021;29/03/2021 16:00:00;TOM & JERRY;TOM & JERRY - O FILME;E2000553800000;DUBLADO;NÃO;ESTADOS UNIDOS;5004502;CINE GRACHER ESPAÇO HAVAN 2;5;6000032;5979;26111;BRUSQUE;SC;CINE GRACHER LTDA;07.272.690/0001-87
29/03/2021;29/03/2021 16:00:00;TOM & JERRY;TOM & JERRY - O FILME;E2000553800000;DUBLADO;NÃO;ESTADOS UNIDOS;5005204;CINÉPOLIS RIO POTY SALA 8;7;6000024;17266;30352;TERESINA;PI;CINEPOLIS OPERADORA DE CINEMAS DO BRASIL LTDA;09.652.820/0001-32
29/03/2021;29/03/2021 16:10:00;LUCICREIDE VAI PRA MARTE;;B1900421800000;ORIGINAL;NÃO;BRASIL;5000058;KINOPLEX IGUAÇU TOP SALA 03;0;6000037;1991;2387;NOVA IGUAÇU;RJ;EMPRESA CINEMAS SÃO LUIZ S/A;33.497.660/0001-89
29/03/2021;29/03/2021 16:10:00;THE WIDOW;A VIÚVA DAS SOMBRAS;E2100005000000;DUBLADO;NÃO;RÚSSIA;5005566;KINOPLEX NOVA IGUAÇU SALA 05;0;6000037;1991;33119;NOVA IGUAÇU;RJ;EMPRESA CINEMAS SÃO LUIZ S/A;33.497.660/0001-89
29/03/2021;29/03/2021 16:20:00;MONSTER HUNTER;MONSTER HUNTER;E2000403800000;DUBLADO;NÃO;ESTADOS UNIDOS;5002565;CINE CATARATAS 2;8;;15565;15566;FOZ DO IGUAÇU;PR;CINE CATARATAS LTDA;09.010.219/0001-46
29/03/2021;29/03/2021 16:20:00;THE WIDOW;A VIÚVA DAS SOMBRAS;E2100005000000;DUBLADO;NÃO;RÚSSIA;5000209;KINOPLEX GRANDE RIO 6;8;6000037;1991;2424;SÃO JOÃO DE MERITI;RJ;EMPRESA CINEMAS SÃO LUIZ S/A;33.497.660/0001-89
29/03/2021;29/03/2021 16:20:00;THE WIDOW;A VIÚVA DAS SOMBRAS;E2100005000000;DUBLADO;NÃO;RÚSSIA;5005726;KINOPLEX IGUAÇU TOP SALA 06;0;6000037;1991;2387;NOVA IGUAÇU;RJ;EMPRESA CINEMAS SÃO LUIZ S/A;33.497.660/0001-89
29/03/2021;29/03/2021 16:20:00;THE WIDOW;A VIÚVA DAS SOMBRAS;E2100005000000;DUBLADO;NÃO;RÚSSIA;5000166;KINOPLEX PARKSHOPPING 4;10;6000037;2364;2415;BRASÍLIA;DF;CINEMAS PARIS SEVERIANO RIBEIRO LTDA;31.611.189/0001-82
29/03/2021;29/03/2021 16:30:00;CHORÃO: MARGINAL ALADO;;B2000158900000;ORIGINAL;NÃO;BRASIL;5006644;PLAYARTE RORAIMA GARDEN SALA 03;2;6000049;39188;47248;BOA VISTA;RR;MULTIPLEX DO BRASIL ENTRETENIMENTO LTDA;27.595.833/0001-07
29/03/2021;29/03/2021 16:30:00;JUDAS AND THE BLACK MESSIAH;JUDAS E O MESSIAS NEGRO;E2100040400000;ORIGINAL;SIM;ESTADOS UNIDOS;5005199;CINÉPOLIS RIO POTY SALA 03-VIP;2;6000024;17266;30352;TERESINA;PI;CINEPOLIS OPERADORA DE CINEMAS DO BRASIL LTDA;09.652.820/0001-32
29/03/2021;29/03/2021 16:30:00;MONSTER HUNTER;MONSTER HUNTER;E2000403800000;DUBLADO;NÃO;ESTADOS UNIDOS;5004503;CINE GRACHER ESPAÇO HAVAN 3;4;6000032;5979;26111;BRUSQUE;SC;CINE GRACHER LTDA;07.272.690/0001-87
29/03/2021;29/03/2021 16:30:00;THE WIDOW;A VIÚVA DAS SOMBRAS;E2100005000000;DUBLADO;NÃO;RÚSSIA;5001634;CINE TERESINA 1;16;;2140;6595;TERESINA;PI;CINEMAS TERESINA LTDA;02.142.566/0001-83
29/03/2021;29/03/2021 16:30:00;WONDER WOMAN 1984;MULHER-MARAVILHA 1984;E2000170200000;DUBLADO;NÃO;CANADÁ;5000172;KINOPLEX PARKSHOPPING 8;0;6000037;2364;2415;BRASÍLIA;DF;CINEMAS PARIS SEVERIANO RIBEIRO LTDA;31.611.189/0001-82
29/03/2021;29/03/2021 16:45:00;THE WIDOW;A VIÚVA DAS SOMBRAS;E2100005000000;DUBLADO;NÃO;RÚSSIA;5006494;CINE INTER SANTA INES 02;0;6000140;44834;44835;SANTA INÊS;MA;CINEINTER EXIBICOES CINEMATOGRAFICAS LTDA;35.477.354/0001-06
29/03/2021;29/03/2021 16:50:00;TOM & JERRY;TOM & JERRY - O FILME;E2000553800000;DUBLADO;NÃO;ESTADOS UNIDOS;5005270;MULTICINE SANTA MARIA SALA 01;0;6000045;5935;30733;BRASÍLIA;DF;MULTICINE CINEMAS LTDA;07.609.246/0001-04
29/03/2021;29/03/2021 16:50:00;TOM & JERRY;TOM & JERRY - O FILME;E2000553800000;DUBLADO;NÃO;ESTADOS UNIDOS;5006643;PLAYARTE RORAIMA GARDEN SALA 02;0;6000049;39188;47248;BOA VISTA;RR;MULTIPLEX DO BRASIL ENTRETENIMENTO LTDA;27.595.833/0001-07
29/03/2021;29/03/2021 17:00:00;JUDAS AND THE BLACK MESSIAH;JUDAS E O MESSIAS NEGRO;E2100040400000;ORIGINAL;SIM;ESTADOS UNIDOS;5000169;KINOPLEX PARKSHOPPING 6;0;6000037;2364;2415;BRASÍLIA;DF;CINEMAS PARIS SEVERIANO RIBEIRO LTDA;31.611.189/0001-82
29/03/2021;29/03/2021 17:00:00;RAYA AND THE LAST DRAGON;RAYA E O ÚLTIMO DRAGÃO;E2100035300000;DUBLADO;NÃO;ESTADOS UNIDOS;5001860;CINE GRACHER LTDA;0;6000032;5979;6687;BRUSQUE;SC;CINE GRACHER LTDA;07.272.690/0001-87
29/03/2021;29/03/2021 17:00:00;WONDER WOMAN 1984;MULHER-MARAVILHA 1984;E2000170200000;DUBLADO;NÃO;CANADÁ;5005206;CINÉPOLIS RIO POTY SALA 10;2;6000024;17266;30352;TERESINA;PI;CINEPOLIS OPERADORA DE CINEMAS DO BRASIL LTDA;09.652.820/0001-32
29/03/2021;29/03/2021 17:10:00;WONDER WOMAN 1984;MULHER-MARAVILHA 1984;E2000170200000;DUBLADO;NÃO;CANADÁ;5005647;CINE TERESINA 4;7;;2140;6595;TERESINA;PI;CINEMAS TERESINA LTDA;02.142.566/0001-83
29/03/2021;29/03/2021 17:15:00;RAYA AND THE LAST DRAGON;RAYA E O ÚLTIMO DRAGÃO;E2100035300000;DUBLADO;NÃO;ESTADOS UNIDOS;5004300;SALA VILA RICA 1 3D;0;;14637;14638;PRIMAVERA DO LESTE;MT;MAURICIO JOSE NICOLINO & CIA LTDA;05.724.035/0001-97
29/03/2021;29/03/2021 17:20:00;RAYA AND THE LAST DRAGON;RAYA E O ÚLTIMO DRAGÃO;E2100035300000;DUBLADO;NÃO;ESTADOS UNIDOS;5006493;CINE INTER SANTA INES 01;0;6000140;44834;44835;SANTA INÊS;MA;CINEINTER EXIBICOES CINEMATOGRAFICAS LTDA;35.477.354/0001-06
29/03/2021;29/03/2021 17:20:00;TOM & JERRY;TOM & JERRY - O FILME;E2000553800000;DUBLADO;NÃO;ESTADOS UNIDOS;5005568;KINOPLEX NOVA IGUAÇU SALA 07;0;6000037;1991;33119;NOVA IGUAÇU;RJ;EMPRESA CINEMAS SÃO LUIZ S/A;33.497.660/0001-89
29/03/2021;29/03/2021 17:20:00;TOM & JERRY;TOM & JERRY - O FILME;E2000553800000;DUBLADO;NÃO;ESTADOS UNIDOS;5000157;PÁTIO BRASIL 5;0;6000037;1991;2412;BRASÍLIA;DF;EMPRESA CINEMAS SÃO LUIZ S/A;33.497.660/0001-89
29/03/2021;29/03/2021 17:20:00;WONDER WOMAN 1984;MULHER-MARAVILHA 1984;E2000170200000;DUBLADO;NÃO;CANADÁ;5005724;KINOPLEX IGUAÇU TOP SALA 04;0;6000037;1991;2387;NOVA IGUAÇU;RJ;EMPRESA CINEMAS SÃO LUIZ S/A;33.497.660/0001-89
29/03/2021;29/03/2021 17:20:00;WONDER WOMAN 1984;MULHER-MARAVILHA 1984;E2000170200000;DUBLADO;NÃO;CANADÁ;5005565;KINOPLEX NOVA IGUAÇU SALA 04 PLATINUM;0;6000037;1991;33119;NOVA IGUAÇU;RJ;EMPRESA CINEMAS SÃO LUIZ S/A;33.497.660/0001-89
29/03/2021;29/03/2021 17:25:00;RAYA AND THE LAST DRAGON;RAYA E O ÚLTIMO DRAGÃO;E2100035300000;DUBLADO;NÃO;ESTADOS UNIDOS;5002748;KINOPLEX BOULEVARD 01;3;6000037;1991;16402;BRASÍLIA;DF;EMPRESA CINEMAS SÃO LUIZ S/A;33.497.660/0001-89
29/03/2021;29/03/2021 17:25:00;RAYA AND THE LAST DRAGON;RAYA E O ÚLTIMO DRAGÃO;E2100035300000;DUBLADO;NÃO;ESTADOS UNIDOS;5000175;KINOPLEX PARKSHOPPING 3;8;6000037;2364;2415;BRASÍLIA;DF;CINEMAS PARIS SEVERIANO RIBEIRO LTDA;31.611.189/0001-82
29/03/2021;29/03/2021 17:25:00;RAYA AND THE LAST DRAGON;RAYA E O ÚLTIMO DRAGÃO;E2100035300000;DUBLADO;NÃO;ESTADOS UNIDOS;5000158;PÁTIO BRASIL 6;0;6000037;1991;2412;BRASÍLIA;DF;EMPRESA CINEMAS SÃO LUIZ S/A;33.497.660/0001-89
29/03/2021;29/03/2021 17:25:00;RAYA AND THE LAST DRAGON;RAYA E O ÚLTIMO DRAGÃO;E2100035300000;DUBLADO;NÃO;ESTADOS UNIDOS;5000151;TERRAÇO 4;4;6000037;1991;2411;BRASÍLIA;DF;EMPRESA CINEMAS SÃO LUIZ S/A;33.497.660/0001-89
29/03/2021;29/03/2021 17:30:00;MONSTER HUNTER;MONSTER HUNTER;E2000403800000;DUBLADO;NÃO;ESTADOS UNIDOS;5005200;CINÉPOLIS RIO POTY SALA 04-MACRO;8;6000024;17266;30352;TERESINA;PI;CINEPOLIS OPERADORA DE CINEMAS DO BRASIL LTDA;09.652.820/0001-32
29/03/2021;29/03/2021 17:30:00;MONSTER HUNTER;MONSTER HUNTER;E2000403800000;DUBLADO;NÃO;ESTADOS UNIDOS;5002745;KINOPLEX BOULEVARD 02;2;6000037;1991;16402;BRASÍLIA;DF;EMPRESA CINEMAS SÃO LUIZ S/A;33.497.660/0001-89
29/03/2021;29/03/2021 17:30:00;MONSTER HUNTER;MONSTER HUNTER;E2000403800000;DUBLADO;NÃO;ESTADOS UNIDOS;5000168;KINOPLEX PARKSHOPPING 5;2;6000037;2364;2415;BRASÍLIA;DF;CINEMAS PARIS SEVERIANO RIBEIRO LTDA;31.611.189/0001-82
29/03/2021;29/03/2021 17:30:00;RAYA AND THE LAST DRAGON;RAYA E O ÚLTIMO DRAGÃO;E2100035300000;DUBLADO;NÃO;ESTADOS UNIDOS;5005545;CINE COLOMBO RESENDE SALA 03;0;6000008;15833;33011;RESENDE;RJ;CINE A LTDA;10.894.937/0001-01
29/03/2021;29/03/2021 17:30:00;THE EMPTY MAN;O MENSAGEIRO DO ÚLTIMO DIA;E2000471300000;DUBLADO;NÃO;ESTADOS UNIDOS;5000207;KINOPLEX GRANDE RIO 4;17;6000037;1991;2424;SÃO JOÃO DE MERITI;RJ;EMPRESA CINEMAS SÃO LUIZ S/A;33.497.660/0001-89
29/03/2021;29/03/2021 17:30:00;THE EMPTY MAN;O MENSAGEIRO DO ÚLTIMO DIA;E2000471300000;DUBLADO;NÃO;ESTADOS UNIDOS;5005567;KINOPLEX NOVA IGUAÇU SALA 06;0;6000037;1991;33119;NOVA IGUAÇU;RJ;EMPRESA CINEMAS SÃO LUIZ S/A;33.497.660/0001-89
29/03/2021;29/03/2021 17:30:00;TOM & JERRY;TOM & JERRY - O FILME;E2000553800000;DUBLADO;NÃO;ESTADOS UNIDOS;5000057;KINOPLEX IGUAÇU TOP SALA 02;0;6000037;1991;2387;NOVA IGUAÇU;RJ;EMPRESA CINEMAS SÃO LUIZ S/A;33.497.660/0001-89
29/03/2021;29/03/2021 17:30:00;TOM & JERRY;TOM & JERRY - O FILME;E2000553800000;DUBLADO;NÃO;ESTADOS UNIDOS;5002355;SALA VILA RICA 2 CONVENCIONAL;0;;14637;14638;PRIMAVERA DO LESTE;MT;MAURICIO JOSE NICOLINO & CIA LTDA;05.724.035/0001-97
29/03/2021;29/03/2021 17:30:00;TOM & JERRY;TOM & JERRY - O FILME;E2000553800000;DUBLADO;NÃO;ESTADOS UNIDOS;5000150;TERRAÇO 3;0;6000037;1991;2411;BRASÍLIA;DF;EMPRESA CINEMAS SÃO LUIZ S/A;33.497.660/0001-89
29/03/2021;29/03/2021 17:40:00;JUDAS AND THE BLACK MESSIAH;JUDAS E O MESSIAS NEGRO;E2100040400000;ORIGINAL;SIM;ESTADOS UNIDOS;5001638;CINE TERESINA 7;4;;2140;6595;TERESINA;PI;CINEMAS TERESINA LTDA;02.142.566/0001-83
29/03/2021;29/03/2021 17:40:00;MONSTER HUNTER;MONSTER HUNTER;E2000403800000;DUBLADO;NÃO;ESTADOS UNIDOS;5000154;PÁTIO BRASIL 2;4;6000037;1991;2412;BRASÍLIA;DF;EMPRESA CINEMAS SÃO LUIZ S/A;33.497.660/0001-89
29/03/2021;29/03/2021 17:40:00;MONSTER HUNTER;MONSTER HUNTER;E2000403800000;ORIGINAL;SIM;ESTADOS UNIDOS;5000149;TERRAÇO 2;1;6000037;1991;2411;BRASÍLIA;DF;EMPRESA CINEMAS SÃO LUIZ S/A;33.497.660/0001-89
29/03/2021;29/03/2021 17:40:00;RAYA AND THE LAST DRAGON;RAYA E O ÚLTIMO DRAGÃO;E2100035300000;DUBLADO;NÃO;ESTADOS UNIDOS;5004912;CINE SHOW AGULHAS NEGRAS SALA 01;3;6000025;2977;28018;RESENDE;RJ;JUBARTE FILMES LTDA-ME;05.297.810/0001-75
29/03/2021;29/03/2021 17:40:00;RAYA AND THE LAST DRAGON;RAYA E O ÚLTIMO DRAGÃO;E2100035300000;DUBLADO;NÃO;ESTADOS UNIDOS;5005563;KINOPLEX NOVA IGUAÇU SALA 02 KINOEVOLUTION;0;6000037;1991;33119;NOVA IGUAÇU;RJ;EMPRESA CINEMAS SÃO LUIZ S/A;33.497.660/0001-89
29/03/2021;29/03/2021 17:40:00;THE WIDOW;A VIÚVA DAS SOMBRAS;E2100005000000;DUBLADO;NÃO;RÚSSIA;5001662;ORIENT CINEPLACE BOULEVARD SHOPPING - SALA 3;5;6000046;2869;6630;FEIRA DE SANTANA;BA;FEIRA PLEXCINE LTDA.;04.547.950/0001-91
29/03/2021;29/03/2021 17:40:00;TOM & JERRY;TOM & JERRY - O FILME;E2000553800000;DUBLADO;NÃO;ESTADOS UNIDOS;5000167;KINOPLEX PARKSHOPPING 1;6;6000037;2364;2415;BRASÍLIA;DF;CINEMAS PARIS SEVERIANO RIBEIRO LTDA;31.611.189/0001-82
29/03/2021;29/03/2021 17:45:00;LUCICREIDE VAI PRA MARTE;;B1900421800000;ORIGINAL;NÃO;BRASIL;5000155;PÁTIO BRASIL 3;1;6000037;1991;2412;BRASÍLIA;DF;EMPRESA CINEMAS SÃO LUIZ S/A;33.497.660/0001-89
29/03/2021;29/03/2021 17:50:00;HONEST THIEF;LEGADO EXPLOSIVO;E2000416200000;DUBLADO;NÃO;ESTADOS UNIDOS;5000206;KINOPLEX GRANDE RIO 3;16;6000037;1991;2424;SÃO JOÃO DE MERITI;RJ;EMPRESA CINEMAS SÃO LUIZ S/A;33.497.660/0001-89
29/03/2021;29/03/2021 17:50:00;LUCICREIDE VAI PRA MARTE;;B1900421800000;ORIGINAL;NÃO;BRASIL;5002747;KINOPLEX BOULEVARD 04;5;6000037;1991;16402;BRASÍLIA;DF;EMPRESA CINEMAS SÃO LUIZ S/A;33.497.660/0001-89
29/03/2021;29/03/2021 17:50:00;MONSTER HUNTER;MONSTER HUNTER;E2000403800000;ORIGINAL;SIM;ESTADOS UNIDOS;5005648;CINE TERESINA 5;0;;2140;6595;TERESINA;PI;CINEMAS TERESINA LTDA;02.142.566/0001-83
29/03/2021;29/03/2021 17:50:00;RAYA AND THE LAST DRAGON;RAYA E O ÚLTIMO DRAGÃO;E2100035300000;DUBLADO;NÃO;ESTADOS UNIDOS;5000056;KINOPLEX IGUAÇU TOP SALA 01 - KINOEVOLUTION;0;6000037;1991;2387;NOVA IGUAÇU;RJ;EMPRESA CINEMAS SÃO LUIZ S/A;33.497.660/0001-89
29/03/2021;29/03/2021 17:50:00;WONDER WOMAN 1984;MULHER-MARAVILHA 1984;E2000170200000;DUBLADO;NÃO;CANADÁ;5006645;PLAYARTE RORAIMA GARDEN SALA 04;2;6000049;39188;47248;BOA VISTA;RR;MULTIPLEX DO BRASIL ENTRETENIMENTO LTDA;27.595.833/0001-07
29/03/2021;29/03/2021 17:55:00;THE WIDOW;A VIÚVA DAS SOMBRAS;E2100005000000;DUBLADO;NÃO;RÚSSIA;5005271;MULTICINE SANTA MARIA SALA 02;1;6000045;5935;30733;BRASÍLIA;DF;MULTICINE CINEMAS LTDA;07.609.246/0001-04
29/03/2021;29/03/2021 18:00:00;LUCICREIDE VAI PRA MARTE;;B1900421800000;ORIGINAL;NÃO;BRASIL;5000171;KINOPLEX PARKSHOPPING 2;5;6000037;2364;2415;BRASÍLIA;DF;CINEMAS PARIS SEVERIANO RIBEIRO LTDA;31.611.189/0001-82
29/03/2021;29/03/2021 18:00:00;MONSTER HUNTER;MONSTER HUNTER;E2000403800000;DUBLADO;NÃO;ESTADOS UNIDOS;5000204;KINOPLEX GRANDE RIO 1;18;6000037;1991;2424;SÃO JOÃO DE MERITI;RJ;EMPRESA CINEMAS SÃO LUIZ S/A;33.497.660/0001-89
29/03/2021;29/03/2021 18:00:00;MONSTER HUNTER;MONSTER HUNTER;E2000403800000;DUBLADO;NÃO;ESTADOS UNIDOS;5005725;KINOPLEX IGUAÇU TOP SALA 05;0;6000037;1991;2387;NOVA IGUAÇU;RJ;EMPRESA CINEMAS SÃO LUIZ S/A;33.497.660/0001-89
29/03/2021;29/03/2021 18:00:00;MONSTER HUNTER;MONSTER HUNTER;E2000403800000;DUBLADO;NÃO;ESTADOS UNIDOS;5005562;KINOPLEX NOVA IGUAÇU SALA 01;0;6000037;1991;33119;NOVA IGUAÇU;RJ;EMPRESA CINEMAS SÃO LUIZ S/A;33.497.660/0001-89
29/03/2021;29/03/2021 18:00:00;RAYA AND THE LAST DRAGON;RAYA E O ÚLTIMO DRAGÃO;E2100035300000;DUBLADO;NÃO;ESTADOS UNIDOS;5006056;CINE GRACHER JOAÇABA SALA 01;3;6000032;5979;40234;JOAÇABA;SC;CINE GRACHER LTDA;07.272.690/0001-87
29/03/2021;29/03/2021 18:00:00;RAYA AND THE LAST DRAGON;RAYA E O ÚLTIMO DRAGÃO;E2100035300000;DUBLADO;NÃO;ESTADOS UNIDOS;5005290;CINE GRACHER PORTO UNIÃO SALA 01;0;6000032;5979;30780;PORTO UNIÃO;SC;CINE GRACHER LTDA;07.272.690/0001-87
29/03/2021;29/03/2021 18:00:00;RAYA AND THE LAST DRAGON;RAYA E O ÚLTIMO DRAGÃO;E2100035300000;DUBLADO;NÃO;ESTADOS UNIDOS;5001636;CINE TERESINA 3;0;;2140;6595;TERESINA;PI;CINEMAS TERESINA LTDA;02.142.566/0001-83
29/03/2021;29/03/2021 18:00:00;RAYA AND THE LAST DRAGON;RAYA E O ÚLTIMO DRAGÃO;E2100035300000;DUBLADO;NÃO;ESTADOS UNIDOS;5000208;KINOPLEX GRANDE RIO 5;15;6000037;1991;2424;SÃO JOÃO DE MERITI;RJ;EMPRESA CINEMAS SÃO LUIZ S/A;33.497.660/0001-89
29/03/2021;29/03/2021 18:00:00;THE WIDOW;A VIÚVA DAS SOMBRAS;E2100005000000;DUBLADO;NÃO;RÚSSIA;5005205;CINÉPOLIS RIO POTY SALA 9;9;6000024;17266;30352;TERESINA;PI;CINEPOLIS OPERADORA DE CINEMAS DO BRASIL LTDA;09.652.820/0001-32
29/03/2021;29/03/2021 18:00:00;THE WIDOW;A VIÚVA DAS SOMBRAS;E2100005000000;DUBLADO;NÃO;RÚSSIA;5000153;PÁTIO BRASIL 1;2;6000037;1991;2412;BRASÍLIA;DF;EMPRESA CINEMAS SÃO LUIZ S/A;33.497.660/0001-89
29/03/2021;29/03/2021 18:00:00;TOM & JERRY;TOM & JERRY - O FILME;E2000553800000;DUBLADO;NÃO;ESTADOS UNIDOS;5006057;CINE GRACHER JOAÇABA SALA 02;4;6000032;5979;40234;JOAÇABA;SC;CINE GRACHER LTDA;07.272.690/0001-87
29/03/2021;29/03/2021 18:00:00;TOM & JERRY;TOM & JERRY - O FILME;E2000553800000;DUBLADO;NÃO;ESTADOS UNIDOS;5005291;CINE GRACHER PORTO UNIÃO SALA 02;8;6000032;5979;30780;PORTO UNIÃO;SC;CINE GRACHER LTDA;07.272.690/0001-87
29/03/2021;29/03/2021 18:10:00;HONEST THIEF;LEGADO EXPLOSIVO;E2000416200000;DUBLADO;NÃO;ESTADOS UNIDOS;5000058;KINOPLEX IGUAÇU TOP SALA 03;0;6000037;1991;2387;NOVA IGUAÇU;RJ;EMPRESA CINEMAS SÃO LUIZ S/A;33.497.660/0001-89
29/03/2021;29/03/2021 18:10:00;HONEST THIEF;LEGADO EXPLOSIVO;E2000416200000;DUBLADO;NÃO;ESTADOS UNIDOS;5005564;KINOPLEX NOVA IGUAÇU SALA 03 PLATINUM;0;6000037;1991;33119;NOVA IGUAÇU;RJ;EMPRESA CINEMAS SÃO LUIZ S/A;33.497.660/0001-89
29/03/2021;29/03/2021 18:10:00;LUCICREIDE VAI PRA MARTE;;B1900421800000;ORIGINAL;NÃO;BRASIL;5001637;CINE TERESINA 6;0;;2140;6595;TERESINA;PI;CINEMAS TERESINA LTDA;02.142.566/0001-83
29/03/2021;29/03/2021 18:10:00;LUCICREIDE VAI PRA MARTE;;B1900421800000;DUBLADO;NÃO;BRASIL;5005208;CINÉPOLIS RIO POTY SALA 12;7;6000024;17266;30352;TERESINA;PI;CINEPOLIS OPERADORA DE CINEMAS DO BRASIL LTDA;09.652.820/0001-32
29/03/2021;29/03/2021 18:10:00;THE WIDOW;A VIÚVA DAS SOMBRAS;E2100005000000;DUBLADO;NÃO;RÚSSIA;5002746;KINOPLEX BOULEVARD 03;6;6000037;1991;16402;BRASÍLIA;DF;EMPRESA CINEMAS SÃO LUIZ S/A;33.497.660/0001-89
29/03/2021;29/03/2021 18:10:00;TOM & JERRY;TOM & JERRY - O FILME;E2000553800000;DUBLADO;NÃO;ESTADOS UNIDOS;5001635;CINE TERESINA 2;7;;2140;6595;TERESINA;PI;CINEMAS TERESINA LTDA;02.142.566/0001-83
29/03/2021;29/03/2021 18:10:00;TOM & JERRY;TOM & JERRY - O FILME;E2000553800000;DUBLADO;NÃO;ESTADOS UNIDOS;5000205;KINOPLEX GRANDE RIO 2;4;6000037;1991;2424;SÃO JOÃO DE MERITI;RJ;EMPRESA CINEMAS SÃO LUIZ S/A;33.497.660/0001-89
29/03/2021;29/03/2021 18:15:00;RAYA AND THE LAST DRAGON;RAYA E O ÚLTIMO DRAGÃO;E2100035300000;DUBLADO;NÃO;ESTADOS UNIDOS;5006001;CINE GRACHER INDAIAL - SALA 04;0;6000032;5979;39283;INDAIAL;SC;CINE GRACHER LTDA;07.272.690/0001-87
29/03/2021;29/03/2021 18:15:00;RAYA AND THE LAST DRAGON;RAYA E O ÚLTIMO DRAGÃO;E2100035300000;DUBLADO;NÃO;ESTADOS UNIDOS;5006086;CINE GRACHER PORTO BELO SALA 04;8;6000032;5979;40771;PORTO BELO;SC;CINE GRACHER LTDA;07.272.690/0001-87
29/03/2021;29/03/2021 18:15:00;RAYA AND THE LAST DRAGON;RAYA E O ÚLTIMO DRAGÃO;E2100035300000;DUBLADO;NÃO;ESTADOS UNIDOS;5006112;CINE GRACHER SÃO BENTO 02;8;6000032;5979;41056;SÃO BENTO DO SUL;SC;CINE GRACHER LTDA;07.272.690/0001-87
29/03/2021;29/03/2021 18:15:00;THE WIDOW;A VIÚVA DAS SOMBRAS;E2100005000000;DUBLADO;NÃO;RÚSSIA;5006058;CINE GRACHER JOAÇABA SALA 03;0;6000032;5979;40234;JOAÇABA;SC;CINE GRACHER LTDA;07.272.690/0001-87
29/03/2021;29/03/2021 18:15:00;THE WIDOW;A VIÚVA DAS SOMBRAS;E2100005000000;DUBLADO;NÃO;RÚSSIA;5005292;CINE GRACHER PORTO UNIÃO SALA 03;2;6000032;5979;30780;PORTO UNIÃO;SC;CINE GRACHER LTDA;07.272.690/0001-87
29/03/2021;29/03/2021 18:20:00;CHORÃO: MARGINAL ALADO;;B2000158900000;ORIGINAL;NÃO;BRASIL;5006644;PLAYARTE RORAIMA GARDEN SALA 03;0;6000049;39188;47248;BOA VISTA;RR;MULTIPLEX DO BRASIL ENTRETENIMENTO LTDA;27.595.833/0001-07
29/03/2021;29/03/2021 18:20:00;MONSTER HUNTER;MONSTER HUNTER;E2000403800000;DUBLADO;NÃO;ESTADOS UNIDOS;5002565;CINE CATARATAS 2;3;;15565;15566;FOZ DO IGUAÇU;PR;CINE CATARATAS LTDA;09.010.219/0001-46
29/03/2021;29/03/2021 18:20:00;THE WIDOW;A VIÚVA DAS SOMBRAS;E2100005000000;DUBLADO;NÃO;RÚSSIA;5000209;KINOPLEX GRANDE RIO 6;17;6000037;1991;2424;SÃO JOÃO DE MERITI;RJ;EMPRESA CINEMAS SÃO LUIZ S/A;33.497.660/0001-89
29/03/2021;29/03/2021 18:20:00;THE WIDOW;A VIÚVA DAS SOMBRAS;E2100005000000;DUBLADO;NÃO;RÚSSIA;5005726;KINOPLEX IGUAÇU TOP SALA 06;0;6000037;1991;2387;NOVA IGUAÇU;RJ;EMPRESA CINEMAS SÃO LUIZ S/A;33.497.660/0001-89
29/03/2021;29/03/2021 18:20:00;THE WIDOW;A VIÚVA DAS SOMBRAS;E2100005000000;DUBLADO;NÃO;RÚSSIA;5005566;KINOPLEX NOVA IGUAÇU SALA 05;0;6000037;1991;33119;NOVA IGUAÇU;RJ;EMPRESA CINEMAS SÃO LUIZ S/A;33.497.660/0001-89
29/03/2021;29/03/2021 18:20:00;THE WIDOW;A VIÚVA DAS SOMBRAS;E2100005000000;DUBLADO;NÃO;RÚSSIA;5000166;KINOPLEX PARKSHOPPING 4;2;6000037;2364;2415;BRASÍLIA;DF;CINEMAS PARIS SEVERIANO RIBEIRO LTDA;31.611.189/0001-82
29/03/2021;29/03/2021 18:30:00;MONSTER HUNTER;MONSTER HUNTER;E2000403800000;DUBLADO;NÃO;ESTADOS UNIDOS;5005543;CINE COLOMBO RESENDE SALA 01;0;6000008;15833;33011;RESENDE;RJ;CINE A LTDA;10.894.937/0001-01
29/03/2021;29/03/2021 18:30:00;MONSTER HUNTER;MONSTER HUNTER;E2000403800000;DUBLADO;NÃO;ESTADOS UNIDOS;5006000;CINE GRACHER INDAIAL - SALA 03;0;6000032;5979;39283;INDAIAL;SC;CINE GRACHER LTDA;07.272.690/0001-87
29/03/2021;29/03/2021 18:30:00;MONSTER HUNTER;MONSTER HUNTER;E2000403800000;DUBLADO;NÃO;ESTADOS UNIDOS;5006085;CINE GRACHER PORTO BELO SALA 03;4;6000032;5979;40771;PORTO BELO;SC;CINE GRACHER LTDA;07.272.690/0001-87
29/03/2021;29/03/2021 18:30:00;MONSTER HUNTER;MONSTER HUNTER;E2000403800000;DUBLADO;NÃO;ESTADOS UNIDOS;5006114;CINE GRACHER SÃO BENTO 04;3;6000032;5979;41056;SÃO BENTO DO SUL;SC;CINE GRACHER LTDA;07.272.690/0001-87
29/03/2021;29/03/2021 18:30:00;RAYA AND THE LAST DRAGON;RAYA E O ÚLTIMO DRAGÃO;E2100035300000;DUBLADO;NÃO;ESTADOS UNIDOS;5005272;MULTICINE SANTA MARIA SALA 03;6;6000045;5935;30733;BRASÍLIA;DF;MULTICINE CINEMAS LTDA;07.609.246/0001-04
29/03/2021;29/03/2021 18:30:00;THE WIDOW;A VIÚVA DAS SOMBRAS;E2100005000000;DUBLADO;NÃO;RÚSSIA;5006494;CINE INTER SANTA INES 02;1;6000140;44834;44835;SANTA INÊS;MA;CINEINTER EXIBICOES CINEMATOGRAFICAS LTDA;35.477.354/0001-06
29/03/2021;29/03/2021 18:30:00;THE WIDOW;A VIÚVA DAS SOMBRAS;E2100005000000;ORIGINAL;SIM;RÚSSIA;5001634;CINE TERESINA 1;4;;2140;6595;TERESINA;PI;CINEMAS TERESINA LTDA;02.142.566/0001-83
29/03/2021;29/03/2021 18:30:00;TOM & JERRY;TOM & JERRY - O FILME;E2000553800000;DUBLADO;NÃO;ESTADOS UNIDOS;5005998;CINE GRACHER INDAIAL - SALA 01;2;6000032;5979;39283;INDAIAL;SC;CINE GRACHER LTDA;07.272.690/0001-87
29/03/2021;29/03/2021 18:30:00;TOM & JERRY;TOM & JERRY - O FILME;E2000553800000;DUBLADO;NÃO;ESTADOS UNIDOS;5006083;CINE GRACHER PORTO BELO SALA 01;8;6000032;5979;40771;PORTO BELO;SC;CINE GRACHER LTDA;07.272.690/0001-87
29/03/2021;29/03/2021 18:30:00;TOM & JERRY;TOM & JERRY - O FILME;E2000553800000;DUBLADO;NÃO;ESTADOS UNIDOS;5006111;CINE GRACHER SÃO BENTO 01;4;6000032;5979;41056;SÃO BENTO DO SUL;SC;CINE GRACHER LTDA;07.272.690/0001-87
29/03/2021;29/03/2021 18:45:00;MONSTER HUNTER;MONSTER HUNTER;E2000403800000;DUBLADO;NÃO;ESTADOS UNIDOS;5001862;CINE GRACHER LTDA;5;6000032;5979;6687;BRUSQUE;SC;CINE GRACHER LTDA;07.272.690/0001-87
29/03/2021;29/03/2021 18:45:00;TOM & JERRY;TOM & JERRY - O FILME;E2000553800000;DUBLADO;NÃO;ESTADOS UNIDOS;5001861;CINE GRACHER LTDA;0;6000032;5979;6687;BRUSQUE;SC;CINE GRACHER LTDA;07.272.690/0001-87
29/03/2021;29/03/2021 19:00:00;MONSTER HUNTER;MONSTER HUNTER;E2000403800000;DUBLADO;NÃO;ESTADOS UNIDOS;5005270;MULTICINE SANTA MARIA SALA 01;3;6000045;5935;30733;BRASÍLIA;DF;MULTICINE CINEMAS LTDA;07.609.246/0001-04
29/03/2021;29/03/2021 19:00:00;RAYA AND THE LAST DRAGON;RAYA E O ÚLTIMO DRAGÃO;E2100035300000;DUBLADO;NÃO;ESTADOS UNIDOS;5002102;CINE DRIVEIN;0;;5465;6715;BRASÍLIA;DF;STARK'S CINEMA E LANCHONETE LTDA.;32.917.296/0001-04
29/03/2021;29/03/2021 19:00:00;THE WIDOW;A VIÚVA DAS SOMBRAS;E2100005000000;DUBLADO;NÃO;RÚSSIA;5004503;CINE GRACHER ESPAÇO HAVAN 3;4;6000032;5979;26111;BRUSQUE;SC;CINE GRACHER LTDA;07.272.690/0001-87
29/03/2021;29/03/2021 19:00:00;THE WITCHES;CONVENÇÃO DAS BRUXAS;E2000396100000;DUBLADO;NÃO;ESTADOS UNIDOS;5006643;PLAYARTE RORAIMA GARDEN SALA 02;4;6000049;39188;47248;BOA VISTA;RR;MULTIPLEX DO BRASIL ENTRETENIMENTO LTDA;27.595.833/0001-07
29/03/2021;29/03/2021 19:00:00;TOM & JERRY;TOM & JERRY - O FILME;E2000553800000;DUBLADO;NÃO;ESTADOS UNIDOS;5004502;CINE GRACHER ESPAÇO HAVAN 2;4;6000032;5979;26111;BRUSQUE;SC;CINE GRACHER LTDA;07.272.690/0001-87
29/03/2021;29/03/2021 19:30:00;WONDER WOMAN 1984;MULHER-MARAVILHA 1984;E2000170200000;DUBLADO;NÃO;CANADÁ;5001860;CINE GRACHER LTDA;10;6000032;5979;6687;BRUSQUE;SC;CINE GRACHER LTDA;07.272.690/0001-87
29/03/2021;29/03/2021 19:30:00;WONDER WOMAN 1984;MULHER-MARAVILHA 1984;E2000170200000;ORIGINAL;SIM;CANADÁ;5000172;KINOPLEX PARKSHOPPING 8;7;6000037;2364;2415;BRASÍLIA;DF;CINEMAS PARIS SEVERIANO RIBEIRO LTDA;31.611.189/0001-82
29/03/2021;29/03/2021 19:40:00;FOLLOW ME;SEM SAÍDA;E2100006300000;DUBLADO;NÃO;ESTADOS UNIDOS;5000157;PÁTIO BRASIL 5;0;6000037;1991;2412;BRASÍLIA;DF;EMPRESA CINEMAS SÃO LUIZ S/A;33.497.660/0001-89
29/03/2021;29/03/2021 19:40:00;JUDAS AND THE BLACK MESSIAH;JUDAS E O MESSIAS NEGRO;E2100040400000;ORIGINAL;SIM;ESTADOS UNIDOS;5000169;KINOPLEX PARKSHOPPING 6;6;6000037;2364;2415;BRASÍLIA;DF;CINEMAS PARIS SEVERIANO RIBEIRO LTDA;31.611.189/0001-82
29/03/2021;29/03/2021 19:40:00;MONSTER HUNTER;MONSTER HUNTER;E2000403800000;DUBLADO;NÃO;ESTADOS UNIDOS;5004913;CINE SHOW AGULHAS NEGRAS SALA 02;3;6000025;2977;28018;RESENDE;RJ;JUBARTE FILMES LTDA-ME;05.297.810/0001-75
29/03/2021;29/03/2021 19:40:00;PINOCCHIO;PINÓQUIO;E2000294800000;DUBLADO;NÃO;FRANÇA;5000150;TERRAÇO 3;2;6000037;1991;2411;BRASÍLIA;DF;EMPRESA CINEMAS SÃO LUIZ S/A;33.497.660/0001-89
29/03/2021;29/03/2021 19:45:00;LUCICREIDE VAI PRA MARTE;;B1900421800000;ORIGINAL;NÃO;BRASIL;5000155;PÁTIO BRASIL 3;2;6000037;1991;2412;BRASÍLIA;DF;EMPRESA CINEMAS SÃO LUIZ S/A;33.497.660/0001-89
29/03/2021;29/03/2021 19:45:00;MONSTER HUNTER;MONSTER HUNTER;E2000403800000;ORIGINAL;SIM;ESTADOS UNIDOS;5002745;KINOPLEX BOULEVARD 02;0;6000037;1991;16402;BRASÍLIA;DF;EMPRESA CINEMAS SÃO LUIZ S/A;33.497.660/0001-89
29/03/2021;29/03/2021 19:45:00;RAYA AND THE LAST DRAGON;RAYA E O ÚLTIMO DRAGÃO;E2100035300000;DUBLADO;NÃO;ESTADOS UNIDOS;5005545;CINE COLOMBO RESENDE SALA 03;2;6000008;15833;33011;RESENDE;RJ;CINE A LTDA;10.894.937/0001-01
29/03/2021;29/03/2021 19:45:00;RAYA AND THE LAST DRAGON;RAYA E O ÚLTIMO DRAGÃO;E2100035300000;DUBLADO;NÃO;ESTADOS UNIDOS;5006493;CINE INTER SANTA INES 01;8;6000140;44834;44835;SANTA INÊS;MA;CINEINTER EXIBICOES CINEMATOGRAFICAS LTDA;35.477.354/0001-06
29/03/2021;29/03/2021 19:50:00;MONSTER HUNTER;MONSTER HUNTER;E2000403800000;ORIGINAL;SIM;ESTADOS UNIDOS;5000168;KINOPLEX PARKSHOPPING 5;7;6000037;2364;2415;BRASÍLIA;DF;CINEMAS PARIS SEVERIANO RIBEIRO LTDA;31.611.189/0001-82
29/03/2021;29/03/2021 19:50:00;RAYA AND THE LAST DRAGON;RAYA E O ÚLTIMO DRAGÃO;E2100035300000;DUBLADO;NÃO;ESTADOS UNIDOS;5002748;KINOPLEX BOULEVARD 01;11;6000037;1991;16402;BRASÍLIA;DF;EMPRESA CINEMAS SÃO LUIZ S/A;33.497.660/0001-89
29/03/2021;29/03/2021 19:50:00;RAYA AND THE LAST DRAGON;RAYA E O ÚLTIMO DRAGÃO;E2100035300000;DUBLADO;NÃO;ESTADOS UNIDOS;5000175;KINOPLEX PARKSHOPPING 3;21;6000037;2364;2415;BRASÍLIA;DF;CINEMAS PARIS SEVERIANO RIBEIRO LTDA;31.611.189/0001-82
29/03/2021;29/03/2021 19:50:00;RAYA AND THE LAST DRAGON;RAYA E O ÚLTIMO DRAGÃO;E2100035300000;DUBLADO;NÃO;ESTADOS UNIDOS;5000158;PÁTIO BRASIL 6;5;6000037;1991;2412;BRASÍLIA;DF;EMPRESA CINEMAS SÃO LUIZ S/A;33.497.660/0001-89
29/03/2021;29/03/2021 19:50:00;RAYA AND THE LAST DRAGON;RAYA E O ÚLTIMO DRAGÃO;E2100035300000;DUBLADO;NÃO;ESTADOS UNIDOS;5000151;TERRAÇO 4;6;6000037;1991;2411;BRASÍLIA;DF;EMPRESA CINEMAS SÃO LUIZ S/A;33.497.660/0001-89
29/03/2021;29/03/2021 20:00:00;DRUK;DRUK - MAIS UMA RODADA;E2100078400000;ORIGINAL;SIM;DINAMARCA;5000167;KINOPLEX PARKSHOPPING 1;2;6000037;2364;2415;BRASÍLIA;DF;CINEMAS PARIS SEVERIANO RIBEIRO LTDA;31.611.189/0001-82
29/03/2021;29/03/2021 20:00:00;LUCICREIDE VAI PRA MARTE;;B1900421800000;ORIGINAL;NÃO;BRASIL;5002747;KINOPLEX BOULEVARD 04;2;6000037;1991;16402;BRASÍLIA;DF;EMPRESA CINEMAS SÃO LUIZ S/A;33.497.660/0001-89
29/03/2021;29/03/2021 20:00:00;MONSTER HUNTER;MONSTER HUNTER;E2000403800000;DUBLADO;NÃO;ESTADOS UNIDOS;5000154;PÁTIO BRASIL 2;4;6000037;1991;2412;BRASÍLIA;DF;EMPRESA CINEMAS SÃO LUIZ S/A;33.497.660/0001-89
29/03/2021;29/03/2021 20:00:00;MONSTER HUNTER;MONSTER HUNTER;E2000403800000;ORIGINAL;SIM;ESTADOS UNIDOS;5000149;TERRAÇO 2;2;6000037;1991;2411;BRASÍLIA;DF;EMPRESA CINEMAS SÃO LUIZ S/A;33.497.660/0001-89
29/03/2021;29/03/2021 20:00:00;THE WIDOW;A VIÚVA DAS SOMBRAS;E2100005000000;DUBLADO;NÃO;RÚSSIA;5004912;CINE SHOW AGULHAS NEGRAS SALA 01;2;6000025;2977;28018;RESENDE;RJ;JUBARTE FILMES LTDA-ME;05.297.810/0001-75
29/03/2021;29/03/2021 20:10:00;LUCICREIDE VAI PRA MARTE;;B1900421800000;ORIGINAL;NÃO;BRASIL;5000171;KINOPLEX PARKSHOPPING 2;3;6000037;2364;2415;BRASÍLIA;DF;CINEMAS PARIS SEVERIANO RIBEIRO LTDA;31.611.189/0001-82
29/03/2021;29/03/2021 20:10:00;THE WIDOW;A VIÚVA DAS SOMBRAS;E2100005000000;DUBLADO;NÃO;RÚSSIA;5002746;KINOPLEX BOULEVARD 03;2;6000037;1991;16402;BRASÍLIA;DF;EMPRESA CINEMAS SÃO LUIZ S/A;33.497.660/0001-89
29/03/2021;29/03/2021 20:10:00;THE WIDOW;A VIÚVA DAS SOMBRAS;E2100005000000;DUBLADO;NÃO;RÚSSIA;5000153;PÁTIO BRASIL 1;0;6000037;1991;2412;BRASÍLIA;DF;EMPRESA CINEMAS SÃO LUIZ S/A;33.497.660/0001-89
29/03/2021;29/03/2021 20:20:00;THE WIDOW;A VIÚVA DAS SOMBRAS;E2100005000000;DUBLADO;NÃO;RÚSSIA;5006494;CINE INTER SANTA INES 02;23;6000140;44834;44835;SANTA INÊS;MA;CINEINTER EXIBICOES CINEMATOGRAFICAS LTDA;35.477.354/0001-06
29/03/2021;29/03/2021 20:20:00;THE WIDOW;A VIÚVA DAS SOMBRAS;E2100005000000;DUBLADO;NÃO;RÚSSIA;5000166;KINOPLEX PARKSHOPPING 4;7;6000037;2364;2415;BRASÍLIA;DF;CINEMAS PARIS SEVERIANO RIBEIRO LTDA;31.611.189/0001-82
29/03/2021;29/03/2021 20:30:00;FOLLOW ME;SEM SAÍDA;E2100006300000;DUBLADO;NÃO;ESTADOS UNIDOS;5006057;CINE GRACHER JOAÇABA SALA 02;4;6000032;5979;40234;JOAÇABA;SC;CINE GRACHER LTDA;07.272.690/0001-87
29/03/2021;29/03/2021 20:30:00;FOLLOW ME;SEM SAÍDA;E2100006300000;DUBLADO;NÃO;ESTADOS UNIDOS;5005291;CINE GRACHER PORTO UNIÃO SALA 02;8;6000032;5979;30780;PORTO UNIÃO;SC;CINE GRACHER LTDA;07.272.690/0001-87
29/03/2021;29/03/2021 20:30:00;RAYA AND THE LAST DRAGON;RAYA E O ÚLTIMO DRAGÃO;E2100035300000;DUBLADO;NÃO;ESTADOS UNIDOS;5006056;CINE GRACHER JOAÇABA SALA 01;0;6000032;5979;40234;JOAÇABA;SC;CINE GRACHER LTDA;07.272.690/0001-87
29/03/2021;29/03/2021 20:30:00;RAYA AND THE LAST DRAGON;RAYA E O ÚLTIMO DRAGÃO;E2100035300000;DUBLADO;NÃO;ESTADOS UNIDOS;5005290;CINE GRACHER PORTO UNIÃO SALA 01;6;6000032;5979;30780;PORTO UNIÃO;SC;CINE GRACHER LTDA;07.272.690/0001-87
29/03/2021;29/03/2021 20:30:00;THE WIDOW;A VIÚVA DAS SOMBRAS;E2100005000000;DUBLADO;NÃO;RÚSSIA;5005543;CINE COLOMBO RESENDE SALA 01;0;6000008;15833;33011;RESENDE;RJ;CINE A LTDA;10.894.937/0001-01
29/03/2021;29/03/2021 20:30:00;THE WIDOW;A VIÚVA DAS SOMBRAS;E2100005000000;DUBLADO;NÃO;RÚSSIA;5006058;CINE GRACHER JOAÇABA SALA 03;2;6000032;5979;40234;JOAÇABA;SC;CINE GRACHER LTDA;07.272.690/0001-87
29/03/2021;29/03/2021 20:30:00;THE WIDOW;A VIÚVA DAS SOMBRAS;E2100005000000;DUBLADO;NÃO;RÚSSIA;5005292;CINE GRACHER PORTO UNIÃO SALA 03;0;6000032;5979;30780;PORTO UNIÃO;SC;CINE GRACHER LTDA;07.272.690/0001-87
29/03/2021;29/03/2021 20:45:00;FOLLOW ME;SEM SAÍDA;E2100006300000;DUBLADO;NÃO;ESTADOS UNIDOS;5006083;CINE GRACHER PORTO BELO SALA 01;0;6000032;5979;40771;PORTO BELO;SC;CINE GRACHER LTDA;07.272.690/0001-87
29/03/2021;29/03/2021 20:45:00;FOLLOW ME;SEM SAÍDA;E2100006300000;DUBLADO;NÃO;ESTADOS UNIDOS;5006111;CINE GRACHER SÃO BENTO 01;8;6000032;5979;41056;SÃO BENTO DO SUL;SC;CINE GRACHER LTDA;07.272.690/0001-87
29/03/2021;29/03/2021 20:45:00;RAYA AND THE LAST DRAGON;RAYA E O ÚLTIMO DRAGÃO;E2100035300000;DUBLADO;NÃO;ESTADOS UNIDOS;5006001;CINE GRACHER INDAIAL - SALA 04;1;6000032;5979;39283;INDAIAL;SC;CINE GRACHER LTDA;07.272.690/0001-87
29/03/2021;29/03/2021 20:45:00;RAYA AND THE LAST DRAGON;RAYA E O ÚLTIMO DRAGÃO;E2100035300000;DUBLADO;NÃO;ESTADOS UNIDOS;5006086;CINE GRACHER PORTO BELO SALA 04;14;6000032;5979;40771;PORTO BELO;SC;CINE GRACHER LTDA;07.272.690/0001-87
29/03/2021;29/03/2021 20:45:00;RAYA AND THE LAST DRAGON;RAYA E O ÚLTIMO DRAGÃO;E2100035300000;DUBLADO;NÃO;ESTADOS UNIDOS;5006112;CINE GRACHER SÃO BENTO 02;6;6000032;5979;41056;SÃO BENTO DO SUL;SC;CINE GRACHER LTDA;07.272.690/0001-87
29/03/2021;29/03/2021 20:45:00;THE WIDOW;A VIÚVA DAS SOMBRAS;E2100005000000;DUBLADO;NÃO;RÚSSIA;5006000;CINE GRACHER INDAIAL - SALA 03;4;6000032;5979;39283;INDAIAL;SC;CINE GRACHER LTDA;07.272.690/0001-87
29/03/2021;29/03/2021 20:45:00;THE WIDOW;A VIÚVA DAS SOMBRAS;E2100005000000;DUBLADO;NÃO;RÚSSIA;5006085;CINE GRACHER PORTO BELO SALA 03;2;6000032;5979;40771;PORTO BELO;SC;CINE GRACHER LTDA;07.272.690/0001-87
29/03/2021;29/03/2021 20:45:00;THE WIDOW;A VIÚVA DAS SOMBRAS;E2100005000000;DUBLADO;NÃO;RÚSSIA;5006114;CINE GRACHER SÃO BENTO 04;4;6000032;5979;41056;SÃO BENTO DO SUL;SC;CINE GRACHER LTDA;07.272.690/0001-87
29/03/2021;29/03/2021 20:45:00;TOM & JERRY;TOM & JERRY - O FILME;E2000553800000;DUBLADO;NÃO;ESTADOS UNIDOS;5005998;CINE GRACHER INDAIAL - SALA 01;2;6000032;5979;39283;INDAIAL;SC;CINE GRACHER LTDA;07.272.690/0001-87
29/03/2021;29/03/2021 21:00:00;TOM & JERRY;TOM & JERRY - O FILME;E2000553800000;DUBLADO;NÃO;ESTADOS UNIDOS;5004502;CINE GRACHER ESPAÇO HAVAN 2;2;6000032;5979;26111;BRUSQUE;SC;CINE GRACHER LTDA;07.272.690/0001-87
29/03/2021;29/03/2021 21:15:00;FOLLOW ME;SEM SAÍDA;E2100006300000;DUBLADO;NÃO;ESTADOS UNIDOS;5001862;CINE GRACHER LTDA;0;6000032;5979;6687;BRUSQUE;SC;CINE GRACHER LTDA;07.272.690/0001-87
29/03/2021;29/03/2021 21:15:00;THE WIDOW;A VIÚVA DAS SOMBRAS;E2100005000000;DUBLADO;NÃO;RÚSSIA;5004503;CINE GRACHER ESPAÇO HAVAN 3;2;6000032;5979;26111;BRUSQUE;SC;CINE GRACHER LTDA;07.272.690/0001-87
29/03/2021;29/03/2021 21:15:00;TOM & JERRY;TOM & JERRY - O FILME;E2000553800000;DUBLADO;NÃO;ESTADOS UNIDOS;5001861;CINE GRACHER LTDA;0;6000032;5979;6687;BRUSQUE;SC;CINE GRACHER LTDA;07.272.690/0001-87
30/03/2021;30/03/2021 13:00:00;TOM & JERRY;TOM & JERRY - O FILME;E2000553800000;DUBLADO;NÃO;ESTADOS UNIDOS;5002565;CINE CATARATAS 2;5;;15565;15566;FOZ DO IGUAÇU;PR;CINE CATARATAS LTDA;09.010.219/0001-46
30/03/2021;30/03/2021 14:00:00;LUCICREIDE VAI PRA MARTE;;B1900421800000;ORIGINAL;NÃO;BRASIL;5006063;CENTERPLEX BOULEVARD 05;0;6000006;40317;40318;VITÓRIA DA CONQUISTA;BA;CINE ELI BAHIA CINEMAS LTDA - EM RECUPERACAO JUDICIAL;30.096.740/0001-34
30/03/2021;30/03/2021 14:00:00;TOM & JERRY;TOM & JERRY - O FILME;E2000553800000;DUBLADO;NÃO;ESTADOS UNIDOS;5006059;CENTERPLEX BOULEVARD 01;0;6000006;40317;40318;VITÓRIA DA CONQUISTA;BA;CINE ELI BAHIA CINEMAS LTDA - EM RECUPERACAO JUDICIAL;30.096.740/0001-34
30/03/2021;30/03/2021 14:20:00;TOM & JERRY;TOM & JERRY - O FILME;E2000553800000;DUBLADO;NÃO;ESTADOS UNIDOS;5000172;KINOPLEX PARKSHOPPING 8;4;6000037;2364;2415;BRASÍLIA;DF;CINEMAS PARIS SEVERIANO RIBEIRO LTDA;31.611.189/0001-82
30/03/2021;30/03/2021 14:30:00;MONSTER HUNTER;MONSTER HUNTER;E2000403800000;DUBLADO;NÃO;ESTADOS UNIDOS;5006062;CENTERPLEX BOULEVARD 04;0;6000006;40317;40318;VITÓRIA DA CONQUISTA;BA;CINE ELI BAHIA CINEMAS LTDA - EM RECUPERACAO JUDICIAL;30.096.740/0001-34
30/03/2021;30/03/2021 14:40:00;TOM & JERRY;TOM & JERRY - O FILME;E2000553800000;DUBLADO;NÃO;ESTADOS UNIDOS;5005270;MULTICINE SANTA MARIA SALA 01;0;6000045;5935;30733;BRASÍLIA;DF;MULTICINE CINEMAS LTDA;07.609.246/0001-04
30/03/2021;30/03/2021 15:00:00;LUCICREIDE VAI PRA MARTE;;B1900421800000;ORIGINAL;NÃO;BRASIL;5006060;CENTERPLEX BOULEVARD 02;2;6000006;40317;40318;VITÓRIA DA CONQUISTA;BA;CINE ELI BAHIA CINEMAS LTDA - EM RECUPERACAO JUDICIAL;30.096.740/0001-34
30/03/2021;30/03/2021 15:00:00;PORTUÑOL;;B2000115500000;DUBLADO;NÃO;BRASIL;5002565;CINE CATARATAS 2;2;;15565;15566;FOZ DO IGUAÇU;PR;CINE CATARATAS LTDA;09.010.219/0001-46
30/03/2021;30/03/2021 15:00:00;RAYA AND THE LAST DRAGON;RAYA E O ÚLTIMO DRAGÃO;E2100035300000;DUBLADO;NÃO;ESTADOS UNIDOS;5002748;KINOPLEX BOULEVARD 01;2;6000037;1991;16402;BRASÍLIA;DF;EMPRESA CINEMAS SÃO LUIZ S/A;33.497.660/0001-89
30/03/2021;30/03/2021 15:00:00;RAYA AND THE LAST DRAGON;RAYA E O ÚLTIMO DRAGÃO;E2100035300000;DUBLADO;NÃO;ESTADOS UNIDOS;5000175;KINOPLEX PARKSHOPPING 3;2;6000037;2364;2415;BRASÍLIA;DF;CINEMAS PARIS SEVERIANO RIBEIRO LTDA;31.611.189/0001-82
30/03/2021;30/03/2021 15:00:00;RAYA AND THE LAST DRAGON;RAYA E O ÚLTIMO DRAGÃO;E2100035300000;DUBLADO;NÃO;ESTADOS UNIDOS;5000158;PÁTIO BRASIL 6;2;6000037;1991;2412;BRASÍLIA;DF;EMPRESA CINEMAS SÃO LUIZ S/A;33.497.660/0001-89
30/03/2021;30/03/2021 15:00:00;RAYA AND THE LAST DRAGON;RAYA E O ÚLTIMO DRAGÃO;E2100035300000;DUBLADO;NÃO;ESTADOS UNIDOS;5000151;TERRAÇO 4;1;6000037;1991;2411;BRASÍLIA;DF;EMPRESA CINEMAS SÃO LUIZ S/A;33.497.660/0001-89
30/03/2021;30/03/2021 15:05:00;DRUK;DRUK - MAIS UMA RODADA;E2100078400000;ORIGINAL;SIM;DINAMARCA;5000167;KINOPLEX PARKSHOPPING 1;3;6000037;2364;2415;BRASÍLIA;DF;CINEMAS PARIS SEVERIANO RIBEIRO LTDA;31.611.189/0001-82
30/03/2021;30/03/2021 15:10:00;MONSTER HUNTER;MONSTER HUNTER;E2000403800000;DUBLADO;NÃO;ESTADOS UNIDOS;5002745;KINOPLEX BOULEVARD 02;0;6000037;1991;16402;BRASÍLIA;DF;EMPRESA CINEMAS SÃO LUIZ S/A;33.497.660/0001-89
30/03/2021;30/03/2021 15:10:00;MONSTER HUNTER;MONSTER HUNTER;E2000403800000;DUBLADO;NÃO;ESTADOS UNIDOS;5000168;KINOPLEX PARKSHOPPING 5;1;6000037;2364;2415;BRASÍLIA;DF;CINEMAS PARIS SEVERIANO RIBEIRO LTDA;31.611.189/0001-82
30/03/2021;30/03/2021 15:10:00;RAYA AND THE LAST DRAGON;RAYA E O ÚLTIMO DRAGÃO;E2100035300000;DUBLADO;NÃO;ESTADOS UNIDOS;5005272;MULTICINE SANTA MARIA SALA 03;0;6000045;5935;30733;BRASÍLIA;DF;MULTICINE CINEMAS LTDA;07.609.246/0001-04
30/03/2021;30/03/2021 15:10:00;RAYA AND THE LAST DRAGON;RAYA E O ÚLTIMO DRAGÃO;E2100035300000;DUBLADO;NÃO;ESTADOS UNIDOS;5004300;SALA VILA RICA 1 3D;0;;14637;14638;PRIMAVERA DO LESTE;MT;MAURICIO JOSE NICOLINO & CIA LTDA;05.724.035/0001-97
30/03/2021;30/03/2021 15:10:00;TOM & JERRY;TOM & JERRY - O FILME;E2000553800000;DUBLADO;NÃO;ESTADOS UNIDOS;5000157;PÁTIO BRASIL 5;0;6000037;1991;2412;BRASÍLIA;DF;EMPRESA CINEMAS SÃO LUIZ S/A;33.497.660/0001-89
30/03/2021;30/03/2021 15:10:00;TOM & JERRY;TOM & JERRY - O FILME;E2000553800000;DUBLADO;NÃO;ESTADOS UNIDOS;5000150;TERRAÇO 3;0;6000037;1991;2411;BRASÍLIA;DF;EMPRESA CINEMAS SÃO LUIZ S/A;33.497.660/0001-89
30/03/2021;30/03/2021 15:15:00;MONSTER HUNTER;MONSTER HUNTER;E2000403800000;DUBLADO;NÃO;ESTADOS UNIDOS;5000154;PÁTIO BRASIL 2;2;6000037;1991;2412;BRASÍLIA;DF;EMPRESA CINEMAS SÃO LUIZ S/A;33.497.660/0001-89
30/03/2021;30/03/2021 15:15:00;PINOCCHIO;PINÓQUIO;E2000294800000;DUBLADO;NÃO;FRANÇA;5000171;KINOPLEX PARKSHOPPING 2;3;6000037;2364;2415;BRASÍLIA;DF;CINEMAS PARIS SEVERIANO RIBEIRO LTDA;31.611.189/0001-82
30/03/2021;30/03/2021 15:15:00;TOM & JERRY;TOM & JERRY - O FILME;E2000553800000;DUBLADO;NÃO;ESTADOS UNIDOS;5006064;CENTERPLEX BOULEVARD 06;3;6000006;40317;40318;VITÓRIA DA CONQUISTA;BA;CINE ELI BAHIA CINEMAS LTDA - EM RECUPERACAO JUDICIAL;30.096.740/0001-34
30/03/2021;30/03/2021 15:15:00;TOM & JERRY;TOM & JERRY - O FILME;E2000553800000;DUBLADO;NÃO;ESTADOS UNIDOS;5005545;CINE COLOMBO RESENDE SALA 03;0;6000008;15833;33011;RESENDE;RJ;CINE A LTDA;10.894.937/0001-01
30/03/2021;30/03/2021 15:20:00;LUCICREIDE VAI PRA MARTE;;B1900421800000;ORIGINAL;NÃO;BRASIL;5000207;KINOPLEX GRANDE RIO 4;0;6000037;1991;2424;SÃO JOÃO DE MERITI;RJ;EMPRESA CINEMAS SÃO LUIZ S/A;33.497.660/0001-89
30/03/2021;30/03/2021 15:20:00;LUCICREIDE VAI PRA MARTE;;B1900421800000;ORIGINAL;NÃO;BRASIL;5001662;ORIENT CINEPLACE BOULEVARD SHOPPING - SALA 3;5;6000046;2869;6630;FEIRA DE SANTANA;BA;FEIRA PLEXCINE LTDA.;04.547.950/0001-91
30/03/2021;30/03/2021 15:20:00;MONSTER HUNTER;MONSTER HUNTER;E2000403800000;DUBLADO;NÃO;ESTADOS UNIDOS;5000149;TERRAÇO 2;1;6000037;1991;2411;BRASÍLIA;DF;EMPRESA CINEMAS SÃO LUIZ S/A;33.497.660/0001-89
30/03/2021;30/03/2021 15:30:00;RAYA AND THE LAST DRAGON;RAYA E O ÚLTIMO DRAGÃO;E2100035300000;DUBLADO;NÃO;ESTADOS UNIDOS;5000208;KINOPLEX GRANDE RIO 5;8;6000037;1991;2424;SÃO JOÃO DE MERITI;RJ;EMPRESA CINEMAS SÃO LUIZ S/A;33.497.660/0001-89
30/03/2021;30/03/2021 15:30:00;THE WIDOW;A VIÚVA DAS SOMBRAS;E2100005000000;DUBLADO;NÃO;RÚSSIA;5006061;CENTERPLEX BOULEVARD 03;1;6000006;40317;40318;VITÓRIA DA CONQUISTA;BA;CINE ELI BAHIA CINEMAS LTDA - EM RECUPERACAO JUDICIAL;30.096.740/0001-34
30/03/2021;30/03/2021 15:30:00;TOM & JERRY;TOM & JERRY - O FILME;E2000553800000;DUBLADO;NÃO;ESTADOS UNIDOS;5002747;KINOPLEX BOULEVARD 04;2;6000037;1991;16402;BRASÍLIA;DF;EMPRESA CINEMAS SÃO LUIZ S/A;33.497.660/0001-89
30/03/2021;30/03/2021 15:30:00;WONDER WOMAN 1984;MULHER-MARAVILHA 1984;E2000170200000;DUBLADO;NÃO;CANADÁ;5005543;CINE COLOMBO RESENDE SALA 01;0;6000008;15833;33011;RESENDE;RJ;CINE A LTDA;10.894.937/0001-01
30/03/2021;30/03/2021 15:40:00;Z;AMIZADE MALDITA;E2000229400000;DUBLADO;NÃO;CANADÁ;5000206;KINOPLEX GRANDE RIO 3;10;6000037;1991;2424;SÃO JOÃO DE MERITI;RJ;EMPRESA CINEMAS SÃO LUIZ S/A;33.497.660/0001-89
30/03/2021;30/03/2021 15:45:00;LUCICREIDE VAI PRA MARTE;;B1900421800000;ORIGINAL;NÃO;BRASIL;5000155;PÁTIO BRASIL 3;0;6000037;1991;2412;BRASÍLIA;DF;EMPRESA CINEMAS SÃO LUIZ S/A;33.497.660/0001-89
30/03/2021;30/03/2021 15:45:00;THE WIDOW;A VIÚVA DAS SOMBRAS;E2100005000000;DUBLADO;NÃO;RÚSSIA;5005271;MULTICINE SANTA MARIA SALA 02;2;6000045;5935;30733;BRASÍLIA;DF;MULTICINE CINEMAS LTDA;07.609.246/0001-04
30/03/2021;30/03/2021 15:50:00;FOLLOW ME;SEM SAÍDA;E2100006300000;DUBLADO;NÃO;ESTADOS UNIDOS;5006645;PLAYARTE RORAIMA GARDEN SALA 04;2;6000049;39188;47248;BOA VISTA;RR;MULTIPLEX DO BRASIL ENTRETENIMENTO LTDA;27.595.833/0001-07
30/03/2021;30/03/2021 15:50:00;TOM & JERRY;TOM & JERRY - O FILME;E2000553800000;DUBLADO;NÃO;ESTADOS UNIDOS;5000205;KINOPLEX GRANDE RIO 2;17;6000037;1991;2424;SÃO JOÃO DE MERITI;RJ;EMPRESA CINEMAS SÃO LUIZ S/A;33.497.660/0001-89
30/03/2021;30/03/2021 16:00:00;FOLLOW ME;SEM SAÍDA;E2100006300000;DUBLADO;NÃO;ESTADOS UNIDOS;5000204;KINOPLEX GRANDE RIO 1;2;6000037;1991;2424;SÃO JOÃO DE MERITI;RJ;EMPRESA CINEMAS SÃO LUIZ S/A;33.497.660/0001-89
30/03/2021;30/03/2021 16:00:00;RAYA AND THE LAST DRAGON;RAYA E O ÚLTIMO DRAGÃO;E2100035300000;DUBLADO;NÃO;ESTADOS UNIDOS;5001795;CINE ITAGUARI SALA 1;2;;5725;6588;SANTO ANTÔNIO DE JESUS;BA;IMPERIAL TURISMO E EVENTOS EIRELI;01.732.317/0001-85
30/03/2021;30/03/2021 16:00:00;RAYA AND THE LAST DRAGON;RAYA E O ÚLTIMO DRAGÃO;E2100035300000;DUBLADO;NÃO;ESTADOS UNIDOS;5006217;CINE LAGUNA 2;5;6000141;24511;24512;ALAGOINHAS;BA;VICTORY EVENTOS & TURISMO LTDA;05.607.525/0001-03
30/03/2021;30/03/2021 16:00:00;THE WIDOW;A VIÚVA DAS SOMBRAS;E2100005000000;DUBLADO;NÃO;RÚSSIA;5002746;KINOPLEX BOULEVARD 03;5;6000037;1991;16402;BRASÍLIA;DF;EMPRESA CINEMAS SÃO LUIZ S/A;33.497.660/0001-89
30/03/2021;30/03/2021 16:00:00;THE WIDOW;A VIÚVA DAS SOMBRAS;E2100005000000;DUBLADO;NÃO;RÚSSIA;5000153;PÁTIO BRASIL 1;3;6000037;1991;2412;BRASÍLIA;DF;EMPRESA CINEMAS SÃO LUIZ S/A;33.497.660/0001-89
30/03/2021;30/03/2021 16:00:00;TOM & JERRY;TOM & JERRY - O FILME;E2000553800000;DUBLADO;NÃO;ESTADOS UNIDOS;5004502;CINE GRACHER ESPAÇO HAVAN 2;2;6000032;5979;26111;BRUSQUE;SC;CINE GRACHER LTDA;07.272.690/0001-87
30/03/2021;30/03/2021 16:20:00;MONSTER HUNTER;MONSTER HUNTER;E2000403800000;DUBLADO;NÃO;ESTADOS UNIDOS;5002565;CINE CATARATAS 2;13;;15565;15566;FOZ DO IGUAÇU;PR;CINE CATARATAS LTDA;09.010.219/0001-46
30/03/2021;30/03/2021 16:20:00;THE WIDOW;A VIÚVA DAS SOMBRAS;E2100005000000;DUBLADO;NÃO;RÚSSIA;5000209;KINOPLEX GRANDE RIO 6;11;6000037;1991;2424;SÃO JOÃO DE MERITI;RJ;EMPRESA CINEMAS SÃO LUIZ S/A;33.497.660/0001-89
30/03/2021;30/03/2021 16:20:00;THE WIDOW;A VIÚVA DAS SOMBRAS;E2100005000000;DUBLADO;NÃO;RÚSSIA;5000166;KINOPLEX PARKSHOPPING 4;0;6000037;2364;2415;BRASÍLIA;DF;CINEMAS PARIS SEVERIANO RIBEIRO LTDA;31.611.189/0001-82
30/03/2021;30/03/2021 16:30:00;CHORÃO: MARGINAL ALADO;;B2000158900000;ORIGINAL;NÃO;BRASIL;5006644;PLAYARTE RORAIMA GARDEN SALA 03;0;6000049;39188;47248;BOA VISTA;RR;MULTIPLEX DO BRASIL ENTRETENIMENTO LTDA;27.595.833/0001-07
30/03/2021;30/03/2021 16:30:00;MONSTER HUNTER;MONSTER HUNTER;E2000403800000;DUBLADO;NÃO;ESTADOS UNIDOS;5004503;CINE GRACHER ESPAÇO HAVAN 3;0;6000032;5979;26111;BRUSQUE;SC;CINE GRACHER LTDA;07.272.690/0001-87
30/03/2021;30/03/2021 16:30:00;WONDER WOMAN 1984;MULHER-MARAVILHA 1984;E2000170200000;DUBLADO;NÃO;CANADÁ;5000172;KINOPLEX PARKSHOPPING 8;2;6000037;2364;2415;BRASÍLIA;DF;CINEMAS PARIS SEVERIANO RIBEIRO LTDA;31.611.189/0001-82
30/03/2021;30/03/2021 16:45:00;THE WIDOW;A VIÚVA DAS SOMBRAS;E2100005000000;DUBLADO;NÃO;RÚSSIA;5006494;CINE INTER SANTA INES 02;2;6000140;44834;44835;SANTA INÊS;MA;CINEINTER EXIBICOES CINEMATOGRAFICAS LTDA;35.477.354/0001-06
30/03/2021;30/03/2021 16:50:00;TOM & JERRY;TOM & JERRY - O FILME;E2000553800000;DUBLADO;NÃO;ESTADOS UNIDOS;5005270;MULTICINE SANTA MARIA SALA 01;0;6000045;5935;30733;BRASÍLIA;DF;MULTICINE CINEMAS LTDA;07.609.246/0001-04
30/03/2021;30/03/2021 16:50:00;TOM & JERRY;TOM & JERRY - O FILME;E2000553800000;DUBLADO;NÃO;ESTADOS UNIDOS;5006643;PLAYARTE RORAIMA GARDEN SALA 02;5;6000049;39188;47248;BOA VISTA;RR;MULTIPLEX DO BRASIL ENTRETENIMENTO LTDA;27.595.833/0001-07
30/03/2021;30/03/2021 17:00:00;JUDAS AND THE BLACK MESSIAH;JUDAS E O MESSIAS NEGRO;E2100040400000;ORIGINAL;SIM;ESTADOS UNIDOS;5000169;KINOPLEX PARKSHOPPING 6;6;6000037;2364;2415;BRASÍLIA;DF;CINEMAS PARIS SEVERIANO RIBEIRO LTDA;31.611.189/0001-82
30/03/2021;30/03/2021 17:00:00;RAYA AND THE LAST DRAGON;RAYA E O ÚLTIMO DRAGÃO;E2100035300000;DUBLADO;NÃO;ESTADOS UNIDOS;5001860;CINE GRACHER LTDA;0;6000032;5979;6687;BRUSQUE;SC;CINE GRACHER LTDA;07.272.690/0001-87
30/03/2021;30/03/2021 17:15:00;RAYA AND THE LAST DRAGON;RAYA E O ÚLTIMO DRAGÃO;E2100035300000;DUBLADO;NÃO;ESTADOS UNIDOS;5004300;SALA VILA RICA 1 3D;7;;14637;14638;PRIMAVERA DO LESTE;MT;MAURICIO JOSE NICOLINO & CIA LTDA;05.724.035/0001-97
30/03/2021;30/03/2021 17:20:00;RAYA AND THE LAST DRAGON;RAYA E O ÚLTIMO DRAGÃO;E2100035300000;DUBLADO;NÃO;ESTADOS UNIDOS;5006493;CINE INTER SANTA INES 01;0;6000140;44834;44835;SANTA INÊS;MA;CINEINTER EXIBICOES CINEMATOGRAFICAS LTDA;35.477.354/0001-06
30/03/2021;30/03/2021 17:20:00;TOM & JERRY;TOM & JERRY - O FILME;E2000553800000;DUBLADO;NÃO;ESTADOS UNIDOS;5000157;PÁTIO BRASIL 5;6;6000037;1991;2412;BRASÍLIA;DF;EMPRESA CINEMAS SÃO LUIZ S/A;33.497.660/0001-89
30/03/2021;30/03/2021 17:25:00;RAYA AND THE LAST DRAGON;RAYA E O ÚLTIMO DRAGÃO;E2100035300000;DUBLADO;NÃO;ESTADOS UNIDOS;5002748;KINOPLEX BOULEVARD 01;1;6000037;1991;16402;BRASÍLIA;DF;EMPRESA CINEMAS SÃO LUIZ S/A;33.497.660/0001-89
30/03/2021;30/03/2021 17:25:00;RAYA AND THE LAST DRAGON;RAYA E O ÚLTIMO DRAGÃO;E2100035300000;DUBLADO;NÃO;ESTADOS UNIDOS;5000175;KINOPLEX PARKSHOPPING 3;6;6000037;2364;2415;BRASÍLIA;DF;CINEMAS PARIS SEVERIANO RIBEIRO LTDA;31.611.189/0001-82
30/03/2021;30/03/2021 17:25:00;RAYA AND THE LAST DRAGON;RAYA E O ÚLTIMO DRAGÃO;E2100035300000;DUBLADO;NÃO;ESTADOS UNIDOS;5000158;PÁTIO BRASIL 6;1;6000037;1991;2412;BRASÍLIA;DF;EMPRESA CINEMAS SÃO LUIZ S/A;33.497.660/0001-89
30/03/2021;30/03/2021 17:25:00;RAYA AND THE LAST DRAGON;RAYA E O ÚLTIMO DRAGÃO;E2100035300000;DUBLADO;NÃO;ESTADOS UNIDOS;5000151;TERRAÇO 4;6;6000037;1991;2411;BRASÍLIA;DF;EMPRESA CINEMAS SÃO LUIZ S/A;33.497.660/0001-89
30/03/2021;30/03/2021 17:30:00;MONSTER HUNTER;MONSTER HUNTER;E2000403800000;DUBLADO;NÃO;ESTADOS UNIDOS;5002745;KINOPLEX BOULEVARD 02;2;6000037;1991;16402;BRASÍLIA;DF;EMPRESA CINEMAS SÃO LUIZ S/A;33.497.660/0001-89
30/03/2021;30/03/2021 17:30:00;MONSTER HUNTER;MONSTER HUNTER;E2000403800000;DUBLADO;NÃO;ESTADOS UNIDOS;5000168;KINOPLEX PARKSHOPPING 5;0;6000037;2364;2415;BRASÍLIA;DF;CINEMAS PARIS SEVERIANO RIBEIRO LTDA;31.611.189/0001-82
30/03/2021;30/03/2021 17:30:00;RAYA AND THE LAST DRAGON;RAYA E O ÚLTIMO DRAGÃO;E2100035300000;DUBLADO;NÃO;ESTADOS UNIDOS;5005545;CINE COLOMBO RESENDE SALA 03;0;6000008;15833;33011;RESENDE;RJ;CINE A LTDA;10.894.937/0001-01
30/03/2021;30/03/2021 17:30:00;THE EMPTY MAN;O MENSAGEIRO DO ÚLTIMO DIA;E2000471300000;DUBLADO;NÃO;ESTADOS UNIDOS;5000207;KINOPLEX GRANDE RIO 4;16;6000037;1991;2424;SÃO JOÃO DE MERITI;RJ;EMPRESA CINEMAS SÃO LUIZ S/A;33.497.660/0001-89
30/03/2021;30/03/2021 17:30:00;TOM & JERRY;TOM & JERRY - O FILME;E2000553800000;DUBLADO;NÃO;ESTADOS UNIDOS;5002355;SALA VILA RICA 2 CONVENCIONAL;0;;14637;14638;PRIMAVERA DO LESTE;MT;MAURICIO JOSE NICOLINO & CIA LTDA;05.724.035/0001-97
30/03/2021;30/03/2021 17:30:00;TOM & JERRY;TOM & JERRY - O FILME;E2000553800000;DUBLADO;NÃO;ESTADOS UNIDOS;5000150;TERRAÇO 3;0;6000037;1991;2411;BRASÍLIA;DF;EMPRESA CINEMAS SÃO LUIZ S/A;33.497.660/0001-89
30/03/2021;30/03/2021 17:40:00;MONSTER HUNTER;MONSTER HUNTER;E2000403800000;DUBLADO;NÃO;ESTADOS UNIDOS;5000154;PÁTIO BRASIL 2;6;6000037;1991;2412;BRASÍLIA;DF;EMPRESA CINEMAS SÃO LUIZ S/A;33.497.660/0001-89
30/03/2021;30/03/2021 17:40:00;MONSTER HUNTER;MONSTER HUNTER;E2000403800000;ORIGINAL;SIM;ESTADOS UNIDOS;5000149;TERRAÇO 2;0;6000037;1991;2411;BRASÍLIA;DF;EMPRESA CINEMAS SÃO LUIZ S/A;33.497.660/0001-89
30/03/2021;30/03/2021 17:40:00;RAYA AND THE LAST DRAGON;RAYA E O ÚLTIMO DRAGÃO;E2100035300000;DUBLADO;NÃO;ESTADOS UNIDOS;5004912;CINE SHOW AGULHAS NEGRAS SALA 01;4;6000025;2977;28018;RESENDE;RJ;JUBARTE FILMES LTDA-ME;05.297.810/0001-75
30/03/2021;30/03/2021 17:40:00;THE WIDOW;A VIÚVA DAS SOMBRAS;E2100005000000;DUBLADO;NÃO;RÚSSIA;5001662;ORIENT CINEPLACE BOULEVARD SHOPPING - SALA 3;4;6000046;2869;6630;FEIRA DE SANTANA;BA;FEIRA PLEXCINE LTDA.;04.547.950/0001-91
30/03/2021;30/03/2021 17:40:00;TOM & JERRY;TOM & JERRY - O FILME;E2000553800000;DUBLADO;NÃO;ESTADOS UNIDOS;5000167;KINOPLEX PARKSHOPPING 1;5;6000037;2364;2415;BRASÍLIA;DF;CINEMAS PARIS SEVERIANO RIBEIRO LTDA;31.611.189/0001-82
30/03/2021;30/03/2021 17:45:00;LUCICREIDE VAI PRA MARTE;;B1900421800000;ORIGINAL;NÃO;BRASIL;5000155;PÁTIO BRASIL 3;2;6000037;1991;2412;BRASÍLIA;DF;EMPRESA CINEMAS SÃO LUIZ S/A;33.497.660/0001-89
30/03/2021;30/03/2021 17:50:00;HONEST THIEF;LEGADO EXPLOSIVO;E2000416200000;DUBLADO;NÃO;ESTADOS UNIDOS;5000206;KINOPLEX GRANDE RIO 3;8;6000037;1991;2424;SÃO JOÃO DE MERITI;RJ;EMPRESA CINEMAS SÃO LUIZ S/A;33.497.660/0001-89
30/03/2021;30/03/2021 17:50:00;LUCICREIDE VAI PRA MARTE;;B1900421800000;ORIGINAL;NÃO;BRASIL;5002747;KINOPLEX BOULEVARD 04;0;6000037;1991;16402;BRASÍLIA;DF;EMPRESA CINEMAS SÃO LUIZ S/A;33.497.660/0001-89
30/03/2021;30/03/2021 17:50:00;WONDER WOMAN 1984;MULHER-MARAVILHA 1984;E2000170200000;DUBLADO;NÃO;CANADÁ;5006645;PLAYARTE RORAIMA GARDEN SALA 04;3;6000049;39188;47248;BOA VISTA;RR;MULTIPLEX DO BRASIL ENTRETENIMENTO LTDA;27.595.833/0001-07
30/03/2021;30/03/2021 17:55:00;THE WIDOW;A VIÚVA DAS SOMBRAS;E2100005000000;DUBLADO;NÃO;RÚSSIA;5005271;MULTICINE SANTA MARIA SALA 02;2;6000045;5935;30733;BRASÍLIA;DF;MULTICINE CINEMAS LTDA;07.609.246/0001-04
30/03/2021;30/03/2021 18:00:00;LUCICREIDE VAI PRA MARTE;;B1900421800000;ORIGINAL;NÃO;BRASIL;5000171;KINOPLEX PARKSHOPPING 2;2;6000037;2364;2415;BRASÍLIA;DF;CINEMAS PARIS SEVERIANO RIBEIRO LTDA;31.611.189/0001-82
30/03/2021;30/03/2021 18:00:00;MONSTER HUNTER;MONSTER HUNTER;E2000403800000;DUBLADO;NÃO;ESTADOS UNIDOS;5000204;KINOPLEX GRANDE RIO 1;14;6000037;1991;2424;SÃO JOÃO DE MERITI;RJ;EMPRESA CINEMAS SÃO LUIZ S/A;33.497.660/0001-89
30/03/2021;30/03/2021 18:00:00;RAYA AND THE LAST DRAGON;RAYA E O ÚLTIMO DRAGÃO;E2100035300000;DUBLADO;NÃO;ESTADOS UNIDOS;5006056;CINE GRACHER JOAÇABA SALA 01;1;6000032;5979;40234;JOAÇABA;SC;CINE GRACHER LTDA;07.272.690/0001-87
30/03/2021;30/03/2021 18:00:00;RAYA AND THE LAST DRAGON;RAYA E O ÚLTIMO DRAGÃO;E2100035300000;DUBLADO;NÃO;ESTADOS UNIDOS;5005290;CINE GRACHER PORTO UNIÃO SALA 01;0;6000032;5979;30780;PORTO UNIÃO;SC;CINE GRACHER LTDA;07.272.690/0001-87
30/03/2021;30/03/2021 18:00:00;RAYA AND THE LAST DRAGON;RAYA E O ÚLTIMO DRAGÃO;E2100035300000;DUBLADO;NÃO;ESTADOS UNIDOS;5000208;KINOPLEX GRANDE RIO 5;17;6000037;1991;2424;SÃO JOÃO DE MERITI;RJ;EMPRESA CINEMAS SÃO LUIZ S/A;33.497.660/0001-89
30/03/2021;30/03/2021 18:00:00;RAYA AND THE LAST DRAGON;RAYA E O ÚLTIMO DRAGÃO;E2100035300000;DUBLADO;NÃO;ESTADOS UNIDOS;5005717;MAXI MOVIE UNAMAR 2;0;6000107;34615;34616;CABO FRIO;RJ;MF 3000 - EMPREENDIMENTOS E PARTICIPAÇÕES LTDA-ME;17.498.681/0001-62
30/03/2021;30/03/2021 18:00:00;THE WIDOW;A VIÚVA DAS SOMBRAS;E2100005000000;DUBLADO;NÃO;RÚSSIA;5000153;PÁTIO BRASIL 1;2;6000037;1991;2412;BRASÍLIA;DF;EMPRESA CINEMAS SÃO LUIZ S/A;33.497.660/0001-89
30/03/2021;30/03/2021 18:00:00;TOM & JERRY;TOM & JERRY - O FILME;E2000553800000;DUBLADO;NÃO;ESTADOS UNIDOS;5006057;CINE GRACHER JOAÇABA SALA 02;3;6000032;5979;40234;JOAÇABA;SC;CINE GRACHER LTDA;07.272.690/0001-87
30/03/2021;30/03/2021 18:00:00;TOM & JERRY;TOM & JERRY - O FILME;E2000553800000;DUBLADO;NÃO;ESTADOS UNIDOS;5005291;CINE GRACHER PORTO UNIÃO SALA 02;7;6000032;5979;30780;PORTO UNIÃO;SC;CINE GRACHER LTDA;07.272.690/0001-87
30/03/2021;30/03/2021 18:10:00;THE WIDOW;A VIÚVA DAS SOMBRAS;E2100005000000;DUBLADO;NÃO;RÚSSIA;5002746;KINOPLEX BOULEVARD 03;0;6000037;1991;16402;BRASÍLIA;DF;EMPRESA CINEMAS SÃO LUIZ S/A;33.497.660/0001-89
30/03/2021;30/03/2021 18:10:00;TOM & JERRY;TOM & JERRY - O FILME;E2000553800000;DUBLADO;NÃO;ESTADOS UNIDOS;5000205;KINOPLEX GRANDE RIO 2;4;6000037;1991;2424;SÃO JOÃO DE MERITI;RJ;EMPRESA CINEMAS SÃO LUIZ S/A;33.497.660/0001-89
30/03/2021;30/03/2021 18:15:00;RAYA AND THE LAST DRAGON;RAYA E O ÚLTIMO DRAGÃO;E2100035300000;DUBLADO;NÃO;ESTADOS UNIDOS;5006001;CINE GRACHER INDAIAL - SALA 04;3;6000032;5979;39283;INDAIAL;SC;CINE GRACHER LTDA;07.272.690/0001-87
30/03/2021;30/03/2021 18:15:00;RAYA AND THE LAST DRAGON;RAYA E O ÚLTIMO DRAGÃO;E2100035300000;DUBLADO;NÃO;ESTADOS UNIDOS;5006086;CINE GRACHER PORTO BELO SALA 04;0;6000032;5979;40771;PORTO BELO;SC;CINE GRACHER LTDA;07.272.690/0001-87
30/03/2021;30/03/2021 18:15:00;RAYA AND THE LAST DRAGON;RAYA E O ÚLTIMO DRAGÃO;E2100035300000;DUBLADO;NÃO;ESTADOS UNIDOS;5006112;CINE GRACHER SÃO BENTO 02;0;6000032;5979;41056;SÃO BENTO DO SUL;SC;CINE GRACHER LTDA;07.272.690/0001-87
30/03/2021;30/03/2021 18:15:00;THE WIDOW;A VIÚVA DAS SOMBRAS;E2100005000000;DUBLADO;NÃO;RÚSSIA;5006058;CINE GRACHER JOAÇABA SALA 03;0;6000032;5979;40234;JOAÇABA;SC;CINE GRACHER LTDA;07.272.690/0001-87
30/03/2021;30/03/2021 18:15:00;THE WIDOW;A VIÚVA DAS SOMBRAS;E2100005000000;DUBLADO;NÃO;RÚSSIA;5005292;CINE GRACHER PORTO UNIÃO SALA 03;0;6000032;5979;30780;PORTO UNIÃO;SC;CINE GRACHER LTDA;07.272.690/0001-87
30/03/2021;30/03/2021 18:20:00;CHORÃO: MARGINAL ALADO;;B2000158900000;ORIGINAL;NÃO;BRASIL;5006644;PLAYARTE RORAIMA GARDEN SALA 03;0;6000049;39188;47248;BOA VISTA;RR;MULTIPLEX DO BRASIL ENTRETENIMENTO LTDA;27.595.833/0001-07
30/03/2021;30/03/2021 18:20:00;MONSTER HUNTER;MONSTER HUNTER;E2000403800000;DUBLADO;NÃO;ESTADOS UNIDOS;5002565;CINE CATARATAS 2;2;;15565;15566;FOZ DO IGUAÇU;PR;CINE CATARATAS LTDA;09.010.219/0001-46
30/03/2021;30/03/2021 18:20:00;THE WIDOW;A VIÚVA DAS SOMBRAS;E2100005000000;DUBLADO;NÃO;RÚSSIA;5000209;KINOPLEX GRANDE RIO 6;8;6000037;1991;2424;SÃO JOÃO DE MERITI;RJ;EMPRESA CINEMAS SÃO LUIZ S/A;33.497.660/0001-89
30/03/2021;30/03/2021 18:20:00;THE WIDOW;A VIÚVA DAS SOMBRAS;E2100005000000;DUBLADO;NÃO;RÚSSIA;5000166;KINOPLEX PARKSHOPPING 4;0;6000037;2364;2415;BRASÍLIA;DF;CINEMAS PARIS SEVERIANO RIBEIRO LTDA;31.611.189/0001-82
30/03/2021;30/03/2021 18:30:00;MONSTER HUNTER;MONSTER HUNTER;E2000403800000;DUBLADO;NÃO;ESTADOS UNIDOS;5005543;CINE COLOMBO RESENDE SALA 01;2;6000008;15833;33011;RESENDE;RJ;CINE A LTDA;10.894.937/0001-01
30/03/2021;30/03/2021 18:30:00;MONSTER HUNTER;MONSTER HUNTER;E2000403800000;DUBLADO;NÃO;ESTADOS UNIDOS;5006000;CINE GRACHER INDAIAL - SALA 03;2;6000032;5979;39283;INDAIAL;SC;CINE GRACHER LTDA;07.272.690/0001-87
30/03/2021;30/03/2021 18:30:00;MONSTER HUNTER;MONSTER HUNTER;E2000403800000;DUBLADO;NÃO;ESTADOS UNIDOS;5006085;CINE GRACHER PORTO BELO SALA 03;0;6000032;5979;40771;PORTO BELO;SC;CINE GRACHER LTDA;07.272.690/0001-87
30/03/2021;30/03/2021 18:30:00;MONSTER HUNTER;MONSTER HUNTER;E2000403800000;DUBLADO;NÃO;ESTADOS UNIDOS;5006114;CINE GRACHER SÃO BENTO 04;0;6000032;5979;41056;SÃO BENTO DO SUL;SC;CINE GRACHER LTDA;07.272.690/0001-87
30/03/2021;30/03/2021 18:30:00;RAYA AND THE LAST DRAGON;RAYA E O ÚLTIMO DRAGÃO;E2100035300000;DUBLADO;NÃO;ESTADOS UNIDOS;5005272;MULTICINE SANTA MARIA SALA 03;5;6000045;5935;30733;BRASÍLIA;DF;MULTICINE CINEMAS LTDA;07.609.246/0001-04
30/03/2021;30/03/2021 18:30:00;THE WIDOW;A VIÚVA DAS SOMBRAS;E2100005000000;DUBLADO;NÃO;RÚSSIA;5006494;CINE INTER SANTA INES 02;0;6000140;44834;44835;SANTA INÊS;MA;CINEINTER EXIBICOES CINEMATOGRAFICAS LTDA;35.477.354/0001-06
30/03/2021;30/03/2021 18:30:00;TOM & JERRY;TOM & JERRY - O FILME;E2000553800000;DUBLADO;NÃO;ESTADOS UNIDOS;5005998;CINE GRACHER INDAIAL - SALA 01;0;6000032;5979;39283;INDAIAL;SC;CINE GRACHER LTDA;07.272.690/0001-87
30/03/2021;30/03/2021 18:30:00;TOM & JERRY;TOM & JERRY - O FILME;E2000553800000;DUBLADO;NÃO;ESTADOS UNIDOS;5006083;CINE GRACHER PORTO BELO SALA 01;2;6000032;5979;40771;PORTO BELO;SC;CINE GRACHER LTDA;07.272.690/0001-87
30/03/2021;30/03/2021 18:30:00;TOM & JERRY;TOM & JERRY - O FILME;E2000553800000;DUBLADO;NÃO;ESTADOS UNIDOS;5006111;CINE GRACHER SÃO BENTO 01;5;6000032;5979;41056;SÃO BENTO DO SUL;SC;CINE GRACHER LTDA;07.272.690/0001-87
30/03/2021;30/03/2021 18:30:00;TOM & JERRY;TOM & JERRY - O FILME;E2000553800000;DUBLADO;NÃO;ESTADOS UNIDOS;5005716;MAXI MOVIE UNAMAR 1;2;6000107;34615;34616;CABO FRIO;RJ;MF 3000 - EMPREENDIMENTOS E PARTICIPAÇÕES LTDA-ME;17.498.681/0001-62
30/03/2021;30/03/2021 18:45:00;MONSTER HUNTER;MONSTER HUNTER;E2000403800000;DUBLADO;NÃO;ESTADOS UNIDOS;5001862;CINE GRACHER LTDA;0;6000032;5979;6687;BRUSQUE;SC;CINE GRACHER LTDA;07.272.690/0001-87
30/03/2021;30/03/2021 18:45:00;TOM & JERRY;TOM & JERRY - O FILME;E2000553800000;DUBLADO;NÃO;ESTADOS UNIDOS;5001861;CINE GRACHER LTDA;4;6000032;5979;6687;BRUSQUE;SC;CINE GRACHER LTDA;07.272.690/0001-87
30/03/2021;30/03/2021 19:00:00;MONSTER HUNTER;MONSTER HUNTER;E2000403800000;DUBLADO;NÃO;ESTADOS UNIDOS;5005270;MULTICINE SANTA MARIA SALA 01;8;6000045;5935;30733;BRASÍLIA;DF;MULTICINE CINEMAS LTDA;07.609.246/0001-04
30/03/2021;30/03/2021 19:00:00;RAYA AND THE LAST DRAGON;RAYA E O ÚLTIMO DRAGÃO;E2100035300000;DUBLADO;NÃO;ESTADOS UNIDOS;5002102;CINE DRIVEIN;0;;5465;6715;BRASÍLIA;DF;STARK'S CINEMA E LANCHONETE LTDA.;32.917.296/0001-04
30/03/2021;30/03/2021 19:00:00;THE WIDOW;A VIÚVA DAS SOMBRAS;E2100005000000;DUBLADO;NÃO;RÚSSIA;5004503;CINE GRACHER ESPAÇO HAVAN 3;2;6000032;5979;26111;BRUSQUE;SC;CINE GRACHER LTDA;07.272.690/0001-87
30/03/2021;30/03/2021 19:00:00;THE WITCHES;CONVENÇÃO DAS BRUXAS;E2000396100000;DUBLADO;NÃO;ESTADOS UNIDOS;5006643;PLAYARTE RORAIMA GARDEN SALA 02;16;6000049;39188;47248;BOA VISTA;RR;MULTIPLEX DO BRASIL ENTRETENIMENTO LTDA;27.595.833/0001-07
30/03/2021;30/03/2021 19:00:00;TOM & JERRY;TOM & JERRY - O FILME;E2000553800000;DUBLADO;NÃO;ESTADOS UNIDOS;5004502;CINE GRACHER ESPAÇO HAVAN 2;0;6000032;5979;26111;BRUSQUE;SC;CINE GRACHER LTDA;07.272.690/0001-87
30/03/2021;30/03/2021 19:30:00;WONDER WOMAN 1984;MULHER-MARAVILHA 1984;E2000170200000;DUBLADO;NÃO;CANADÁ;5001860;CINE GRACHER LTDA;3;6000032;5979;6687;BRUSQUE;SC;CINE GRACHER LTDA;07.272.690/0001-87
30/03/2021;30/03/2021 19:30:00;WONDER WOMAN 1984;MULHER-MARAVILHA 1984;E2000170200000;ORIGINAL;SIM;CANADÁ;5000172;KINOPLEX PARKSHOPPING 8;2;6000037;2364;2415;BRASÍLIA;DF;CINEMAS PARIS SEVERIANO RIBEIRO LTDA;31.611.189/0001-82
30/03/2021;30/03/2021 19:40:00;FOLLOW ME;SEM SAÍDA;E2100006300000;DUBLADO;NÃO;ESTADOS UNIDOS;5000157;PÁTIO BRASIL 5;0;6000037;1991;2412;BRASÍLIA;DF;EMPRESA CINEMAS SÃO LUIZ S/A;33.497.660/0001-89
30/03/2021;30/03/2021 19:40:00;JUDAS AND THE BLACK MESSIAH;JUDAS E O MESSIAS NEGRO;E2100040400000;ORIGINAL;SIM;ESTADOS UNIDOS;5000169;KINOPLEX PARKSHOPPING 6;12;6000037;2364;2415;BRASÍLIA;DF;CINEMAS PARIS SEVERIANO RIBEIRO LTDA;31.611.189/0001-82
30/03/2021;30/03/2021 19:40:00;MONSTER HUNTER;MONSTER HUNTER;E2000403800000;DUBLADO;NÃO;ESTADOS UNIDOS;5004913;CINE SHOW AGULHAS NEGRAS SALA 02;3;6000025;2977;28018;RESENDE;RJ;JUBARTE FILMES LTDA-ME;05.297.810/0001-75
30/03/2021;30/03/2021 19:40:00;PINOCCHIO;PINÓQUIO;E2000294800000;DUBLADO;NÃO;FRANÇA;5000150;TERRAÇO 3;0;6000037;1991;2411;BRASÍLIA;DF;EMPRESA CINEMAS SÃO LUIZ S/A;33.497.660/0001-89
30/03/2021;30/03/2021 19:45:00;LUCICREIDE VAI PRA MARTE;;B1900421800000;ORIGINAL;NÃO;BRASIL;5000155;PÁTIO BRASIL 3;0;6000037;1991;2412;BRASÍLIA;DF;EMPRESA CINEMAS SÃO LUIZ S/A;33.497.660/0001-89
30/03/2021;30/03/2021 19:45:00;MONSTER HUNTER;MONSTER HUNTER;E2000403800000;ORIGINAL;SIM;ESTADOS UNIDOS;5002745;KINOPLEX BOULEVARD 02;7;6000037;1991;16402;BRASÍLIA;DF;EMPRESA CINEMAS SÃO LUIZ S/A;33.497.660/0001-89
30/03/2021;30/03/2021 19:45:00;RAYA AND THE LAST DRAGON;RAYA E O ÚLTIMO DRAGÃO;E2100035300000;DUBLADO;NÃO;ESTADOS UNIDOS;5005545;CINE COLOMBO RESENDE SALA 03;2;6000008;15833;33011;RESENDE;RJ;CINE A LTDA;10.894.937/0001-01
30/03/2021;30/03/2021 19:45:00;RAYA AND THE LAST DRAGON;RAYA E O ÚLTIMO DRAGÃO;E2100035300000;DUBLADO;NÃO;ESTADOS UNIDOS;5006493;CINE INTER SANTA INES 01;0;6000140;44834;44835;SANTA INÊS;MA;CINEINTER EXIBICOES CINEMATOGRAFICAS LTDA;35.477.354/0001-06
30/03/2021;30/03/2021 19:50:00;MONSTER HUNTER;MONSTER HUNTER;E2000403800000;ORIGINAL;SIM;ESTADOS UNIDOS;5000168;KINOPLEX PARKSHOPPING 5;2;6000037;2364;2415;BRASÍLIA;DF;CINEMAS PARIS SEVERIANO RIBEIRO LTDA;31.611.189/0001-82
30/03/2021;30/03/2021 19:50:00;RAYA AND THE LAST DRAGON;RAYA E O ÚLTIMO DRAGÃO;E2100035300000;DUBLADO;NÃO;ESTADOS UNIDOS;5002748;KINOPLEX BOULEVARD 01;2;6000037;1991;16402;BRASÍLIA;DF;EMPRESA CINEMAS SÃO LUIZ S/A;33.497.660/0001-89
30/03/2021;30/03/2021 19:50:00;RAYA AND THE LAST DRAGON;RAYA E O ÚLTIMO DRAGÃO;E2100035300000;DUBLADO;NÃO;ESTADOS UNIDOS;5000175;KINOPLEX PARKSHOPPING 3;3;6000037;2364;2415;BRASÍLIA;DF;CINEMAS PARIS SEVERIANO RIBEIRO LTDA;31.611.189/0001-82
30/03/2021;30/03/2021 19:50:00;RAYA AND THE LAST DRAGON;RAYA E O ÚLTIMO DRAGÃO;E2100035300000;DUBLADO;NÃO;ESTADOS UNIDOS;5000158;PÁTIO BRASIL 6;0;6000037;1991;2412;BRASÍLIA;DF;EMPRESA CINEMAS SÃO LUIZ S/A;33.497.660/0001-89
30/03/2021;30/03/2021 19:50:00;RAYA AND THE LAST DRAGON;RAYA E O ÚLTIMO DRAGÃO;E2100035300000;DUBLADO;NÃO;ESTADOS UNIDOS;5000151;TERRAÇO 4;2;6000037;1991;2411;BRASÍLIA;DF;EMPRESA CINEMAS SÃO LUIZ S/A;33.497.660/0001-89
30/03/2021;30/03/2021 20:00:00;DRUK;DRUK - MAIS UMA RODADA;E2100078400000;ORIGINAL;SIM;DINAMARCA;5000167;KINOPLEX PARKSHOPPING 1;13;6000037;2364;2415;BRASÍLIA;DF;CINEMAS PARIS SEVERIANO RIBEIRO LTDA;31.611.189/0001-82
30/03/2021;30/03/2021 20:00:00;LUCICREIDE VAI PRA MARTE;;B1900421800000;ORIGINAL;NÃO;BRASIL;5002747;KINOPLEX BOULEVARD 04;0;6000037;1991;16402;BRASÍLIA;DF;EMPRESA CINEMAS SÃO LUIZ S/A;33.497.660/0001-89
30/03/2021;30/03/2021 20:00:00;MONSTER HUNTER;MONSTER HUNTER;E2000403800000;DUBLADO;NÃO;ESTADOS UNIDOS;5000154;PÁTIO BRASIL 2;1;6000037;1991;2412;BRASÍLIA;DF;EMPRESA CINEMAS SÃO LUIZ S/A;33.497.660/0001-89
30/03/2021;30/03/2021 20:00:00;MONSTER HUNTER;MONSTER HUNTER;E2000403800000;ORIGINAL;SIM;ESTADOS UNIDOS;5000149;TERRAÇO 2;1;6000037;1991;2411;BRASÍLIA;DF;EMPRESA CINEMAS SÃO LUIZ S/A;33.497.660/0001-89
30/03/2021;30/03/2021 20:00:00;THE WIDOW;A VIÚVA DAS SOMBRAS;E2100005000000;DUBLADO;NÃO;RÚSSIA;5004912;CINE SHOW AGULHAS NEGRAS SALA 01;3;6000025;2977;28018;RESENDE;RJ;JUBARTE FILMES LTDA-ME;05.297.810/0001-75
30/03/2021;30/03/2021 20:10:00;LUCICREIDE VAI PRA MARTE;;B1900421800000;ORIGINAL;NÃO;BRASIL;5000171;KINOPLEX PARKSHOPPING 2;8;6000037;2364;2415;BRASÍLIA;DF;CINEMAS PARIS SEVERIANO RIBEIRO LTDA;31.611.189/0001-82
30/03/2021;30/03/2021 20:10:00;THE WIDOW;A VIÚVA DAS SOMBRAS;E2100005000000;DUBLADO;NÃO;RÚSSIA;5002746;KINOPLEX BOULEVARD 03;4;6000037;1991;16402;BRASÍLIA;DF;EMPRESA CINEMAS SÃO LUIZ S/A;33.497.660/0001-89
30/03/2021;30/03/2021 20:10:00;THE WIDOW;A VIÚVA DAS SOMBRAS;E2100005000000;DUBLADO;NÃO;RÚSSIA;5000153;PÁTIO BRASIL 1;6;6000037;1991;2412;BRASÍLIA;DF;EMPRESA CINEMAS SÃO LUIZ S/A;33.497.660/0001-89
30/03/2021;30/03/2021 20:20:00;THE WIDOW;A VIÚVA DAS SOMBRAS;E2100005000000;DUBLADO;NÃO;RÚSSIA;5006494;CINE INTER SANTA INES 02;15;6000140;44834;44835;SANTA INÊS;MA;CINEINTER EXIBICOES CINEMATOGRAFICAS LTDA;35.477.354/0001-06
30/03/2021;30/03/2021 20:20:00;THE WIDOW;A VIÚVA DAS SOMBRAS;E2100005000000;DUBLADO;NÃO;RÚSSIA;5000166;KINOPLEX PARKSHOPPING 4;0;6000037;2364;2415;BRASÍLIA;DF;CINEMAS PARIS SEVERIANO RIBEIRO LTDA;31.611.189/0001-82
30/03/2021;30/03/2021 20:20:00;TOM & JERRY;TOM & JERRY - O FILME;E2000553800000;DUBLADO;NÃO;ESTADOS UNIDOS;5002565;CINE CATARATAS 2;6;;15565;15566;FOZ DO IGUAÇU;PR;CINE CATARATAS LTDA;09.010.219/0001-46
30/03/2021;30/03/2021 20:30:00;FOLLOW ME;SEM SAÍDA;E2100006300000;DUBLADO;NÃO;ESTADOS UNIDOS;5006057;CINE GRACHER JOAÇABA SALA 02;1;6000032;5979;40234;JOAÇABA;SC;CINE GRACHER LTDA;07.272.690/0001-87
30/03/2021;30/03/2021 20:30:00;FOLLOW ME;SEM SAÍDA;E2100006300000;DUBLADO;NÃO;ESTADOS UNIDOS;5005291;CINE GRACHER PORTO UNIÃO SALA 02;0;6000032;5979;30780;PORTO UNIÃO;SC;CINE GRACHER LTDA;07.272.690/0001-87
30/03/2021;30/03/2021 20:30:00;RAYA AND THE LAST DRAGON;RAYA E O ÚLTIMO DRAGÃO;E2100035300000;DUBLADO;NÃO;ESTADOS UNIDOS;5006056;CINE GRACHER JOAÇABA SALA 01;0;6000032;5979;40234;JOAÇABA;SC;CINE GRACHER LTDA;07.272.690/0001-87
30/03/2021;30/03/2021 20:30:00;RAYA AND THE LAST DRAGON;RAYA E O ÚLTIMO DRAGÃO;E2100035300000;DUBLADO;NÃO;ESTADOS UNIDOS;5005290;CINE GRACHER PORTO UNIÃO SALA 01;2;6000032;5979;30780;PORTO UNIÃO;SC;CINE GRACHER LTDA;07.272.690/0001-87
30/03/2021;30/03/2021 20:30:00;THE WIDOW;A VIÚVA DAS SOMBRAS;E2100005000000;DUBLADO;NÃO;RÚSSIA;5005543;CINE COLOMBO RESENDE SALA 01;1;6000008;15833;33011;RESENDE;RJ;CINE A LTDA;10.894.937/0001-01
30/03/2021;30/03/2021 20:30:00;THE WIDOW;A VIÚVA DAS SOMBRAS;E2100005000000;DUBLADO;NÃO;RÚSSIA;5006058;CINE GRACHER JOAÇABA SALA 03;0;6000032;5979;40234;JOAÇABA;SC;CINE GRACHER LTDA;07.272.690/0001-87
30/03/2021;30/03/2021 20:30:00;THE WIDOW;A VIÚVA DAS SOMBRAS;E2100005000000;DUBLADO;NÃO;RÚSSIA;5005292;CINE GRACHER PORTO UNIÃO SALA 03;2;6000032;5979;30780;PORTO UNIÃO;SC;CINE GRACHER LTDA;07.272.690/0001-87
30/03/2021;30/03/2021 20:30:00;WONDER WOMAN 1984;MULHER-MARAVILHA 1984;E2000170200000;DUBLADO;NÃO;CANADÁ;5005717;MAXI MOVIE UNAMAR 2;0;6000107;34615;34616;CABO FRIO;RJ;MF 3000 - EMPREENDIMENTOS E PARTICIPAÇÕES LTDA-ME;17.498.681/0001-62
30/03/2021;30/03/2021 20:45:00;FOLLOW ME;SEM SAÍDA;E2100006300000;DUBLADO;NÃO;ESTADOS UNIDOS;5006083;CINE GRACHER PORTO BELO SALA 01;0;6000032;5979;40771;PORTO BELO;SC;CINE GRACHER LTDA;07.272.690/0001-87
30/03/2021;30/03/2021 20:45:00;FOLLOW ME;SEM SAÍDA;E2100006300000;DUBLADO;NÃO;ESTADOS UNIDOS;5006111;CINE GRACHER SÃO BENTO 01;1;6000032;5979;41056;SÃO BENTO DO SUL;SC;CINE GRACHER LTDA;07.272.690/0001-87
30/03/2021;30/03/2021 20:45:00;RAYA AND THE LAST DRAGON;RAYA E O ÚLTIMO DRAGÃO;E2100035300000;DUBLADO;NÃO;ESTADOS UNIDOS;5006001;CINE GRACHER INDAIAL - SALA 04;0;6000032;5979;39283;INDAIAL;SC;CINE GRACHER LTDA;07.272.690/0001-87
30/03/2021;30/03/2021 20:45:00;RAYA AND THE LAST DRAGON;RAYA E O ÚLTIMO DRAGÃO;E2100035300000;DUBLADO;NÃO;ESTADOS UNIDOS;5006086;CINE GRACHER PORTO BELO SALA 04;7;6000032;5979;40771;PORTO BELO;SC;CINE GRACHER LTDA;07.272.690/0001-87
30/03/2021;30/03/2021 20:45:00;RAYA AND THE LAST DRAGON;RAYA E O ÚLTIMO DRAGÃO;E2100035300000;DUBLADO;NÃO;ESTADOS UNIDOS;5006112;CINE GRACHER SÃO BENTO 02;0;6000032;5979;41056;SÃO BENTO DO SUL;SC;CINE GRACHER LTDA;07.272.690/0001-87
30/03/2021;30/03/2021 20:45:00;THE WIDOW;A VIÚVA DAS SOMBRAS;E2100005000000;DUBLADO;NÃO;RÚSSIA;5006000;CINE GRACHER INDAIAL - SALA 03;0;6000032;5979;39283;INDAIAL;SC;CINE GRACHER LTDA;07.272.690/0001-87
30/03/2021;30/03/2021 20:45:00;THE WIDOW;A VIÚVA DAS SOMBRAS;E2100005000000;DUBLADO;NÃO;RÚSSIA;5006085;CINE GRACHER PORTO BELO SALA 03;2;6000032;5979;40771;PORTO BELO;SC;CINE GRACHER LTDA;07.272.690/0001-87
30/03/2021;30/03/2021 20:45:00;THE WIDOW;A VIÚVA DAS SOMBRAS;E2100005000000;DUBLADO;NÃO;RÚSSIA;5006114;CINE GRACHER SÃO BENTO 04;2;6000032;5979;41056;SÃO BENTO DO SUL;SC;CINE GRACHER LTDA;07.272.690/0001-87
30/03/2021;30/03/2021 20:45:00;TOM & JERRY;TOM & JERRY - O FILME;E2000553800000;DUBLADO;NÃO;ESTADOS UNIDOS;5005998;CINE GRACHER INDAIAL - SALA 01;4;6000032;5979;39283;INDAIAL;SC;CINE GRACHER LTDA;07.272.690/0001-87
30/03/2021;30/03/2021 21:00:00;THE WIDOW;A VIÚVA DAS SOMBRAS;E2100005000000;DUBLADO;NÃO;RÚSSIA;5005716;MAXI MOVIE UNAMAR 1;0;6000107;34615;34616;CABO FRIO;RJ;MF 3000 - EMPREENDIMENTOS E PARTICIPAÇÕES LTDA-ME;17.498.681/0001-62
30/03/2021;30/03/2021 21:00:00;TOM & JERRY;TOM & JERRY - O FILME;E2000553800000;DUBLADO;NÃO;ESTADOS UNIDOS;5004502;CINE GRACHER ESPAÇO HAVAN 2;0;6000032;5979;26111;BRUSQUE;SC;CINE GRACHER LTDA;07.272.690/0001-87
30/03/2021;30/03/2021 21:15:00;FOLLOW ME;SEM SAÍDA;E2100006300000;DUBLADO;NÃO;ESTADOS UNIDOS;5001862;CINE GRACHER LTDA;4;6000032;5979;6687;BRUSQUE;SC;CINE GRACHER LTDA;07.272.690/0001-87
30/03/2021;30/03/2021 21:15:00;THE WIDOW;A VIÚVA DAS SOMBRAS;E2100005000000;DUBLADO;NÃO;RÚSSIA;5004503;CINE GRACHER ESPAÇO HAVAN 3;4;6000032;5979;26111;BRUSQUE;SC;CINE GRACHER LTDA;07.272.690/0001-87
30/03/2021;30/03/2021 21:15:00;TOM & JERRY;TOM & JERRY - O FILME;E2000553800000;DUBLADO;NÃO;ESTADOS UNIDOS;5001861;CINE GRACHER LTDA;0;6000032;5979;6687;BRUSQUE;SC;CINE GRACHER LTDA;07.272.690/0001-87
31/03/2021;31/03/2021 13:00:00;TOM & JERRY;TOM & JERRY - O FILME;E2000553800000;DUBLADO;NÃO;ESTADOS UNIDOS;5002565;CINE CATARATAS 2;2;;15565;15566;FOZ DO IGUAÇU;PR;CINE CATARATAS LTDA;09.010.219/0001-46
31/03/2021;31/03/2021 14:00:00;LUCICREIDE VAI PRA MARTE;;B1900421800000;ORIGINAL;NÃO;BRASIL;5006063;CENTERPLEX BOULEVARD 05;0;6000006;40317;40318;VITÓRIA DA CONQUISTA;BA;CINE ELI BAHIA CINEMAS LTDA - EM RECUPERACAO JUDICIAL;30.096.740/0001-34
31/03/2021;31/03/2021 14:00:00;TOM & JERRY;TOM & JERRY - O FILME;E2000553800000;DUBLADO;NÃO;ESTADOS UNIDOS;5006059;CENTERPLEX BOULEVARD 01;2;6000006;40317;40318;VITÓRIA DA CONQUISTA;BA;CINE ELI BAHIA CINEMAS LTDA - EM RECUPERACAO JUDICIAL;30.096.740/0001-34
31/03/2021;31/03/2021 14:20:00;TOM & JERRY;TOM & JERRY - O FILME;E2000553800000;DUBLADO;NÃO;ESTADOS UNIDOS;5000172;KINOPLEX PARKSHOPPING 8;3;6000037;2364;2415;BRASÍLIA;DF;CINEMAS PARIS SEVERIANO RIBEIRO LTDA;31.611.189/0001-82
31/03/2021;31/03/2021 14:30:00;MONSTER HUNTER;MONSTER HUNTER;E2000403800000;DUBLADO;NÃO;ESTADOS UNIDOS;5006062;CENTERPLEX BOULEVARD 04;0;6000006;40317;40318;VITÓRIA DA CONQUISTA;BA;CINE ELI BAHIA CINEMAS LTDA - EM RECUPERACAO JUDICIAL;30.096.740/0001-34
31/03/2021;31/03/2021 14:40:00;TOM & JERRY;TOM & JERRY - O FILME;E2000553800000;DUBLADO;NÃO;ESTADOS UNIDOS;5005270;MULTICINE SANTA MARIA SALA 01;0;6000045;5935;30733;BRASÍLIA;DF;MULTICINE CINEMAS LTDA;07.609.246/0001-04
31/03/2021;31/03/2021 15:00:00;LUCICREIDE VAI PRA MARTE;;B1900421800000;ORIGINAL;NÃO;BRASIL;5006060;CENTERPLEX BOULEVARD 02;4;6000006;40317;40318;VITÓRIA DA CONQUISTA;BA;CINE ELI BAHIA CINEMAS LTDA - EM RECUPERACAO JUDICIAL;30.096.740/0001-34
31/03/2021;31/03/2021 15:00:00;RAYA AND THE LAST DRAGON;RAYA E O ÚLTIMO DRAGÃO;E2100035300000;DUBLADO;NÃO;ESTADOS UNIDOS;5002748;KINOPLEX BOULEVARD 01;8;6000037;1991;16402;BRASÍLIA;DF;EMPRESA CINEMAS SÃO LUIZ S/A;33.497.660/0001-89
31/03/2021;31/03/2021 15:00:00;RAYA AND THE LAST DRAGON;RAYA E O ÚLTIMO DRAGÃO;E2100035300000;DUBLADO;NÃO;ESTADOS UNIDOS;5000175;KINOPLEX PARKSHOPPING 3;10;6000037;2364;2415;BRASÍLIA;DF;CINEMAS PARIS SEVERIANO RIBEIRO LTDA;31.611.189/0001-82
31/03/2021;31/03/2021 15:00:00;RAYA AND THE LAST DRAGON;RAYA E O ÚLTIMO DRAGÃO;E2100035300000;DUBLADO;NÃO;ESTADOS UNIDOS;5000158;PÁTIO BRASIL 6;3;6000037;1991;2412;BRASÍLIA;DF;EMPRESA CINEMAS SÃO LUIZ S/A;33.497.660/0001-89
31/03/2021;31/03/2021 15:00:00;RAYA AND THE LAST DRAGON;RAYA E O ÚLTIMO DRAGÃO;E2100035300000;DUBLADO;NÃO;ESTADOS UNIDOS;5000151;TERRAÇO 4;14;6000037;1991;2411;BRASÍLIA;DF;EMPRESA CINEMAS SÃO LUIZ S/A;33.497.660/0001-89
31/03/2021;31/03/2021 15:05:00;DRUK;DRUK - MAIS UMA RODADA;E2100078400000;ORIGINAL;SIM;DINAMARCA;5000167;KINOPLEX PARKSHOPPING 1;1;6000037;2364;2415;BRASÍLIA;DF;CINEMAS PARIS SEVERIANO RIBEIRO LTDA;31.611.189/0001-82
31/03/2021;31/03/2021 15:10:00;MONSTER HUNTER;MONSTER HUNTER;E2000403800000;DUBLADO;NÃO;ESTADOS UNIDOS;5002745;KINOPLEX BOULEVARD 02;2;6000037;1991;16402;BRASÍLIA;DF;EMPRESA CINEMAS SÃO LUIZ S/A;33.497.660/0001-89
31/03/2021;31/03/2021 15:10:00;MONSTER HUNTER;MONSTER HUNTER;E2000403800000;DUBLADO;NÃO;ESTADOS UNIDOS;5000168;KINOPLEX PARKSHOPPING 5;2;6000037;2364;2415;BRASÍLIA;DF;CINEMAS PARIS SEVERIANO RIBEIRO LTDA;31.611.189/0001-82
31/03/2021;31/03/2021 15:10:00;RAYA AND THE LAST DRAGON;RAYA E O ÚLTIMO DRAGÃO;E2100035300000;DUBLADO;NÃO;ESTADOS UNIDOS;5005272;MULTICINE SANTA MARIA SALA 03;8;6000045;5935;30733;BRASÍLIA;DF;MULTICINE CINEMAS LTDA;07.609.246/0001-04
31/03/2021;31/03/2021 15:10:00;RAYA AND THE LAST DRAGON;RAYA E O ÚLTIMO DRAGÃO;E2100035300000;DUBLADO;NÃO;ESTADOS UNIDOS;5004300;SALA VILA RICA 1 3D;0;;14637;14638;PRIMAVERA DO LESTE;MT;MAURICIO JOSE NICOLINO & CIA LTDA;05.724.035/0001-97
31/03/2021;31/03/2021 15:10:00;TOM & JERRY;TOM & JERRY - O FILME;E2000553800000;DUBLADO;NÃO;ESTADOS UNIDOS;5000157;PÁTIO BRASIL 5;0;6000037;1991;2412;BRASÍLIA;DF;EMPRESA CINEMAS SÃO LUIZ S/A;33.497.660/0001-89
31/03/2021;31/03/2021 15:10:00;TOM & JERRY;TOM & JERRY - O FILME;E2000553800000;DUBLADO;NÃO;ESTADOS UNIDOS;5000150;TERRAÇO 3;0;6000037;1991;2411;BRASÍLIA;DF;EMPRESA CINEMAS SÃO LUIZ S/A;33.497.660/0001-89
31/03/2021;31/03/2021 15:15:00;MONSTER HUNTER;MONSTER HUNTER;E2000403800000;DUBLADO;NÃO;ESTADOS UNIDOS;5000154;PÁTIO BRASIL 2;2;6000037;1991;2412;BRASÍLIA;DF;EMPRESA CINEMAS SÃO LUIZ S/A;33.497.660/0001-89
31/03/2021;31/03/2021 15:15:00;PINOCCHIO;PINÓQUIO;E2000294800000;DUBLADO;NÃO;FRANÇA;5000171;KINOPLEX PARKSHOPPING 2;6;6000037;2364;2415;BRASÍLIA;DF;CINEMAS PARIS SEVERIANO RIBEIRO LTDA;31.611.189/0001-82
31/03/2021;31/03/2021 15:15:00;TOM & JERRY;TOM & JERRY - O FILME;E2000553800000;DUBLADO;NÃO;ESTADOS UNIDOS;5006064;CENTERPLEX BOULEVARD 06;0;6000006;40317;40318;VITÓRIA DA CONQUISTA;BA;CINE ELI BAHIA CINEMAS LTDA - EM RECUPERACAO JUDICIAL;30.096.740/0001-34
31/03/2021;31/03/2021 15:15:00;TOM & JERRY;TOM & JERRY - O FILME;E2000553800000;DUBLADO;NÃO;ESTADOS UNIDOS;5005545;CINE COLOMBO RESENDE SALA 03;0;6000008;15833;33011;RESENDE;RJ;CINE A LTDA;10.894.937/0001-01
31/03/2021;31/03/2021 15:20:00;LUCICREIDE VAI PRA MARTE;;B1900421800000;ORIGINAL;NÃO;BRASIL;5000207;KINOPLEX GRANDE RIO 4;4;6000037;1991;2424;SÃO JOÃO DE MERITI;RJ;EMPRESA CINEMAS SÃO LUIZ S/A;33.497.660/0001-89
31/03/2021;31/03/2021 15:20:00;LUCICREIDE VAI PRA MARTE;;B1900421800000;ORIGINAL;NÃO;BRASIL;5001662;ORIENT CINEPLACE BOULEVARD SHOPPING - SALA 3;4;6000046;2869;6630;FEIRA DE SANTANA;BA;FEIRA PLEXCINE LTDA.;04.547.950/0001-91
31/03/2021;31/03/2021 15:20:00;MONSTER HUNTER;MONSTER HUNTER;E2000403800000;DUBLADO;NÃO;ESTADOS UNIDOS;5000149;TERRAÇO 2;5;6000037;1991;2411;BRASÍLIA;DF;EMPRESA CINEMAS SÃO LUIZ S/A;33.497.660/0001-89
31/03/2021;31/03/2021 15:30:00;RAYA AND THE LAST DRAGON;RAYA E O ÚLTIMO DRAGÃO;E2100035300000;DUBLADO;NÃO;ESTADOS UNIDOS;5000208;KINOPLEX GRANDE RIO 5;9;6000037;1991;2424;SÃO JOÃO DE MERITI;RJ;EMPRESA CINEMAS SÃO LUIZ S/A;33.497.660/0001-89
31/03/2021;31/03/2021 15:30:00;THE WIDOW;A VIÚVA DAS SOMBRAS;E2100005000000;DUBLADO;NÃO;RÚSSIA;5006061;CENTERPLEX BOULEVARD 03;1;6000006;40317;40318;VITÓRIA DA CONQUISTA;BA;CINE ELI BAHIA CINEMAS LTDA - EM RECUPERACAO JUDICIAL;30.096.740/0001-34
31/03/2021;31/03/2021 15:30:00;TOM & JERRY;TOM & JERRY - O FILME;E2000553800000;DUBLADO;NÃO;ESTADOS UNIDOS;5002747;KINOPLEX BOULEVARD 04;0;6000037;1991;16402;BRASÍLIA;DF;EMPRESA CINEMAS SÃO LUIZ S/A;33.497.660/0001-89
31/03/2021;31/03/2021 15:30:00;WONDER WOMAN 1984;MULHER-MARAVILHA 1984;E2000170200000;DUBLADO;NÃO;CANADÁ;5005543;CINE COLOMBO RESENDE SALA 01;2;6000008;15833;33011;RESENDE;RJ;CINE A LTDA;10.894.937/0001-01
31/03/2021;31/03/2021 15:40:00;Z;AMIZADE MALDITA;E2000229400000;DUBLADO;NÃO;CANADÁ;5000206;KINOPLEX GRANDE RIO 3;5;6000037;1991;2424;SÃO JOÃO DE MERITI;RJ;EMPRESA CINEMAS SÃO LUIZ S/A;33.497.660/0001-89
31/03/2021;31/03/2021 15:45:00;LUCICREIDE VAI PRA MARTE;;B1900421800000;ORIGINAL;NÃO;BRASIL;5000155;PÁTIO BRASIL 3;1;6000037;1991;2412;BRASÍLIA;DF;EMPRESA CINEMAS SÃO LUIZ S/A;33.497.660/0001-89
31/03/2021;31/03/2021 15:45:00;THE WIDOW;A VIÚVA DAS SOMBRAS;E2100005000000;DUBLADO;NÃO;RÚSSIA;5005271;MULTICINE SANTA MARIA SALA 02;0;6000045;5935;30733;BRASÍLIA;DF;MULTICINE CINEMAS LTDA;07.609.246/0001-04
31/03/2021;31/03/2021 15:50:00;FOLLOW ME;SEM SAÍDA;E2100006300000;DUBLADO;NÃO;ESTADOS UNIDOS;5006645;PLAYARTE RORAIMA GARDEN SALA 04;5;6000049;39188;47248;BOA VISTA;RR;MULTIPLEX DO BRASIL ENTRETENIMENTO LTDA;27.595.833/0001-07
31/03/2021;31/03/2021 15:50:00;TOM & JERRY;TOM & JERRY - O FILME;E2000553800000;DUBLADO;NÃO;ESTADOS UNIDOS;5000205;KINOPLEX GRANDE RIO 2;0;6000037;1991;2424;SÃO JOÃO DE MERITI;RJ;EMPRESA CINEMAS SÃO LUIZ S/A;33.497.660/0001-89
31/03/2021;31/03/2021 16:00:00;FOLLOW ME;SEM SAÍDA;E2100006300000;DUBLADO;NÃO;ESTADOS UNIDOS;5000204;KINOPLEX GRANDE RIO 1;2;6000037;1991;2424;SÃO JOÃO DE MERITI;RJ;EMPRESA CINEMAS SÃO LUIZ S/A;33.497.660/0001-89
31/03/2021;31/03/2021 16:00:00;RAYA AND THE LAST DRAGON;RAYA E O ÚLTIMO DRAGÃO;E2100035300000;DUBLADO;NÃO;ESTADOS UNIDOS;5001795;CINE ITAGUARI SALA 1;2;;5725;6588;SANTO ANTÔNIO DE JESUS;BA;IMPERIAL TURISMO E EVENTOS EIRELI;01.732.317/0001-85
31/03/2021;31/03/2021 16:00:00;RAYA AND THE LAST DRAGON;RAYA E O ÚLTIMO DRAGÃO;E2100035300000;DUBLADO;NÃO;ESTADOS UNIDOS;5006217;CINE LAGUNA 2;5;6000141;24511;24512;ALAGOINHAS;BA;VICTORY EVENTOS & TURISMO LTDA;05.607.525/0001-03
31/03/2021;31/03/2021 16:00:00;THE WIDOW;A VIÚVA DAS SOMBRAS;E2100005000000;DUBLADO;NÃO;RÚSSIA;5006484;CINE + ARTE SOMBRIO 01;0;6000103;44714;44715;SOMBRIO;SC;CINE + ARTE SOMBRIO LTDA;35.505.937/0001-01
31/03/2021;31/03/2021 16:00:00;THE WIDOW;A VIÚVA DAS SOMBRAS;E2100005000000;DUBLADO;NÃO;RÚSSIA;5002746;KINOPLEX BOULEVARD 03;10;6000037;1991;16402;BRASÍLIA;DF;EMPRESA CINEMAS SÃO LUIZ S/A;33.497.660/0001-89
31/03/2021;31/03/2021 16:00:00;THE WIDOW;A VIÚVA DAS SOMBRAS;E2100005000000;DUBLADO;NÃO;RÚSSIA;5000153;PÁTIO BRASIL 1;9;6000037;1991;2412;BRASÍLIA;DF;EMPRESA CINEMAS SÃO LUIZ S/A;33.497.660/0001-89
31/03/2021;31/03/2021 16:00:00;TOM & JERRY;TOM & JERRY - O FILME;E2000553800000;DUBLADO;NÃO;ESTADOS UNIDOS;5004502;CINE GRACHER ESPAÇO HAVAN 2;2;6000032;5979;26111;BRUSQUE;SC;CINE GRACHER LTDA;07.272.690/0001-87
31/03/2021;31/03/2021 16:20:00;MONSTER HUNTER;MONSTER HUNTER;E2000403800000;DUBLADO;NÃO;ESTADOS UNIDOS;5002565;CINE CATARATAS 2;7;;15565;15566;FOZ DO IGUAÇU;PR;CINE CATARATAS LTDA;09.010.219/0001-46
31/03/2021;31/03/2021 16:20:00;THE WIDOW;A VIÚVA DAS SOMBRAS;E2100005000000;DUBLADO;NÃO;RÚSSIA;5000209;KINOPLEX GRANDE RIO 6;3;6000037;1991;2424;SÃO JOÃO DE MERITI;RJ;EMPRESA CINEMAS SÃO LUIZ S/A;33.497.660/0001-89
31/03/2021;31/03/2021 16:20:00;THE WIDOW;A VIÚVA DAS SOMBRAS;E2100005000000;DUBLADO;NÃO;RÚSSIA;5000166;KINOPLEX PARKSHOPPING 4;0;6000037;2364;2415;BRASÍLIA;DF;CINEMAS PARIS SEVERIANO RIBEIRO LTDA;31.611.189/0001-82
31/03/2021;31/03/2021 16:30:00;CHORÃO: MARGINAL ALADO;;B2000158900000;ORIGINAL;NÃO;BRASIL;5006644;PLAYARTE RORAIMA GARDEN SALA 03;2;6000049;39188;47248;BOA VISTA;RR;MULTIPLEX DO BRASIL ENTRETENIMENTO LTDA;27.595.833/0001-07
31/03/2021;31/03/2021 16:30:00;MONSTER HUNTER;MONSTER HUNTER;E2000403800000;DUBLADO;NÃO;ESTADOS UNIDOS;5004503;CINE GRACHER ESPAÇO HAVAN 3;0;6000032;5979;26111;BRUSQUE;SC;CINE GRACHER LTDA;07.272.690/0001-87
31/03/2021;31/03/2021 16:30:00;WONDER WOMAN 1984;MULHER-MARAVILHA 1984;E2000170200000;DUBLADO;NÃO;CANADÁ;5000172;KINOPLEX PARKSHOPPING 8;8;6000037;2364;2415;BRASÍLIA;DF;CINEMAS PARIS SEVERIANO RIBEIRO LTDA;31.611.189/0001-82
31/03/2021;31/03/2021 16:45:00;THE WIDOW;A VIÚVA DAS SOMBRAS;E2100005000000;DUBLADO;NÃO;RÚSSIA;5006494;CINE INTER SANTA INES 02;4;6000140;44834;44835;SANTA INÊS;MA;CINEINTER EXIBICOES CINEMATOGRAFICAS LTDA;35.477.354/0001-06
31/03/2021;31/03/2021 16:50:00;TOM & JERRY;TOM & JERRY - O FILME;E2000553800000;DUBLADO;NÃO;ESTADOS UNIDOS;5005270;MULTICINE SANTA MARIA SALA 01;5;6000045;5935;30733;BRASÍLIA;DF;MULTICINE CINEMAS LTDA;07.609.246/0001-04
31/03/2021;31/03/2021 16:50:00;TOM & JERRY;TOM & JERRY - O FILME;E2000553800000;DUBLADO;NÃO;ESTADOS UNIDOS;5006643;PLAYARTE RORAIMA GARDEN SALA 02;10;6000049;39188;47248;BOA VISTA;RR;MULTIPLEX DO BRASIL ENTRETENIMENTO LTDA;27.595.833/0001-07
31/03/2021;31/03/2021 17:00:00;JUDAS AND THE BLACK MESSIAH;JUDAS E O MESSIAS NEGRO;E2100040400000;ORIGINAL;SIM;ESTADOS UNIDOS;5000169;KINOPLEX PARKSHOPPING 6;14;6000037;2364;2415;BRASÍLIA;DF;CINEMAS PARIS SEVERIANO RIBEIRO LTDA;31.611.189/0001-82
31/03/2021;31/03/2021 17:00:00;RAYA AND THE LAST DRAGON;RAYA E O ÚLTIMO DRAGÃO;E2100035300000;DUBLADO;NÃO;ESTADOS UNIDOS;5001860;CINE GRACHER LTDA;3;6000032;5979;6687;BRUSQUE;SC;CINE GRACHER LTDA;07.272.690/0001-87
31/03/2021;31/03/2021 17:15:00;RAYA AND THE LAST DRAGON;RAYA E O ÚLTIMO DRAGÃO;E2100035300000;DUBLADO;NÃO;ESTADOS UNIDOS;5004300;SALA VILA RICA 1 3D;3;;14637;14638;PRIMAVERA DO LESTE;MT;MAURICIO JOSE NICOLINO & CIA LTDA;05.724.035/0001-97
31/03/2021;31/03/2021 17:20:00;RAYA AND THE LAST DRAGON;RAYA E O ÚLTIMO DRAGÃO;E2100035300000;DUBLADO;NÃO;ESTADOS UNIDOS;5006493;CINE INTER SANTA INES 01;5;6000140;44834;44835;SANTA INÊS;MA;CINEINTER EXIBICOES CINEMATOGRAFICAS LTDA;35.477.354/0001-06
31/03/2021;31/03/2021 17:20:00;TOM & JERRY;TOM & JERRY - O FILME;E2000553800000;DUBLADO;NÃO;ESTADOS UNIDOS;5000157;PÁTIO BRASIL 5;2;6000037;1991;2412;BRASÍLIA;DF;EMPRESA CINEMAS SÃO LUIZ S/A;33.497.660/0001-89
31/03/2021;31/03/2021 17:25:00;RAYA AND THE LAST DRAGON;RAYA E O ÚLTIMO DRAGÃO;E2100035300000;DUBLADO;NÃO;ESTADOS UNIDOS;5002748;KINOPLEX BOULEVARD 01;6;6000037;1991;16402;BRASÍLIA;DF;EMPRESA CINEMAS SÃO LUIZ S/A;33.497.660/0001-89
31/03/2021;31/03/2021 17:25:00;RAYA AND THE LAST DRAGON;RAYA E O ÚLTIMO DRAGÃO;E2100035300000;DUBLADO;NÃO;ESTADOS UNIDOS;5000175;KINOPLEX PARKSHOPPING 3;7;6000037;2364;2415;BRASÍLIA;DF;CINEMAS PARIS SEVERIANO RIBEIRO LTDA;31.611.189/0001-82
31/03/2021;31/03/2021 17:25:00;RAYA AND THE LAST DRAGON;RAYA E O ÚLTIMO DRAGÃO;E2100035300000;DUBLADO;NÃO;ESTADOS UNIDOS;5000158;PÁTIO BRASIL 6;7;6000037;1991;2412;BRASÍLIA;DF;EMPRESA CINEMAS SÃO LUIZ S/A;33.497.660/0001-89
31/03/2021;31/03/2021 17:25:00;RAYA AND THE LAST DRAGON;RAYA E O ÚLTIMO DRAGÃO;E2100035300000;DUBLADO;NÃO;ESTADOS UNIDOS;5000151;TERRAÇO 4;0;6000037;1991;2411;BRASÍLIA;DF;EMPRESA CINEMAS SÃO LUIZ S/A;33.497.660/0001-89
31/03/2021;31/03/2021 17:30:00;MONSTER HUNTER;MONSTER HUNTER;E2000403800000;DUBLADO;NÃO;ESTADOS UNIDOS;5002745;KINOPLEX BOULEVARD 02;7;6000037;1991;16402;BRASÍLIA;DF;EMPRESA CINEMAS SÃO LUIZ S/A;33.497.660/0001-89
31/03/2021;31/03/2021 17:30:00;MONSTER HUNTER;MONSTER HUNTER;E2000403800000;DUBLADO;NÃO;ESTADOS UNIDOS;5000168;KINOPLEX PARKSHOPPING 5;5;6000037;2364;2415;BRASÍLIA;DF;CINEMAS PARIS SEVERIANO RIBEIRO LTDA;31.611.189/0001-82
31/03/2021;31/03/2021 17:30:00;RAYA AND THE LAST DRAGON;RAYA E O ÚLTIMO DRAGÃO;E2100035300000;DUBLADO;NÃO;ESTADOS UNIDOS;5005545;CINE COLOMBO RESENDE SALA 03;3;6000008;15833;33011;RESENDE;RJ;CINE A LTDA;10.894.937/0001-01
31/03/2021;31/03/2021 17:30:00;THE EMPTY MAN;O MENSAGEIRO DO ÚLTIMO DIA;E2000471300000;DUBLADO;NÃO;ESTADOS UNIDOS;5000207;KINOPLEX GRANDE RIO 4;18;6000037;1991;2424;SÃO JOÃO DE MERITI;RJ;EMPRESA CINEMAS SÃO LUIZ S/A;33.497.660/0001-89
31/03/2021;31/03/2021 17:30:00;TOM & JERRY;TOM & JERRY - O FILME;E2000553800000;DUBLADO;NÃO;ESTADOS UNIDOS;5004913;CINE SHOW AGULHAS NEGRAS SALA 02;6;6000025;2977;28018;RESENDE;RJ;JUBARTE FILMES LTDA-ME;05.297.810/0001-75
31/03/2021;31/03/2021 17:30:00;TOM & JERRY;TOM & JERRY - O FILME;E2000553800000;DUBLADO;NÃO;ESTADOS UNIDOS;5002355;SALA VILA RICA 2 CONVENCIONAL;0;;14637;14638;PRIMAVERA DO LESTE;MT;MAURICIO JOSE NICOLINO & CIA LTDA;05.724.035/0001-97
31/03/2021;31/03/2021 17:30:00;TOM & JERRY;TOM & JERRY - O FILME;E2000553800000;DUBLADO;NÃO;ESTADOS UNIDOS;5000150;TERRAÇO 3;0;6000037;1991;2411;BRASÍLIA;DF;EMPRESA CINEMAS SÃO LUIZ S/A;33.497.660/0001-89
31/03/2021;31/03/2021 17:40:00;MONSTER HUNTER;MONSTER HUNTER;E2000403800000;DUBLADO;NÃO;ESTADOS UNIDOS;5000154;PÁTIO BRASIL 2;4;6000037;1991;2412;BRASÍLIA;DF;EMPRESA CINEMAS SÃO LUIZ S/A;33.497.660/0001-89
31/03/2021;31/03/2021 17:40:00;MONSTER HUNTER;MONSTER HUNTER;E2000403800000;ORIGINAL;SIM;ESTADOS UNIDOS;5000149;TERRAÇO 2;2;6000037;1991;2411;BRASÍLIA;DF;EMPRESA CINEMAS SÃO LUIZ S/A;33.497.660/0001-89
31/03/2021;31/03/2021 17:40:00;RAYA AND THE LAST DRAGON;RAYA E O ÚLTIMO DRAGÃO;E2100035300000;DUBLADO;NÃO;ESTADOS UNIDOS;5004912;CINE SHOW AGULHAS NEGRAS SALA 01;3;6000025;2977;28018;RESENDE;RJ;JUBARTE FILMES LTDA-ME;05.297.810/0001-75
31/03/2021;31/03/2021 17:40:00;THE WIDOW;A VIÚVA DAS SOMBRAS;E2100005000000;DUBLADO;NÃO;RÚSSIA;5001662;ORIENT CINEPLACE BOULEVARD SHOPPING - SALA 3;7;6000046;2869;6630;FEIRA DE SANTANA;BA;FEIRA PLEXCINE LTDA.;04.547.950/0001-91
31/03/2021;31/03/2021 17:40:00;TOM & JERRY;TOM & JERRY - O FILME;E2000553800000;DUBLADO;NÃO;ESTADOS UNIDOS;5000167;KINOPLEX PARKSHOPPING 1;11;6000037;2364;2415;BRASÍLIA;DF;CINEMAS PARIS SEVERIANO RIBEIRO LTDA;31.611.189/0001-82
31/03/2021;31/03/2021 17:45:00;LUCICREIDE VAI PRA MARTE;;B1900421800000;ORIGINAL;NÃO;BRASIL;5000155;PÁTIO BRASIL 3;8;6000037;1991;2412;BRASÍLIA;DF;EMPRESA CINEMAS SÃO LUIZ S/A;33.497.660/0001-89
31/03/2021;31/03/2021 17:50:00;HONEST THIEF;LEGADO EXPLOSIVO;E2000416200000;DUBLADO;NÃO;ESTADOS UNIDOS;5000206;KINOPLEX GRANDE RIO 3;4;6000037;1991;2424;SÃO JOÃO DE MERITI;RJ;EMPRESA CINEMAS SÃO LUIZ S/A;33.497.660/0001-89
31/03/2021;31/03/2021 17:50:00;LUCICREIDE VAI PRA MARTE;;B1900421800000;ORIGINAL;NÃO;BRASIL;5002747;KINOPLEX BOULEVARD 04;0;6000037;1991;16402;BRASÍLIA;DF;EMPRESA CINEMAS SÃO LUIZ S/A;33.497.660/0001-89
31/03/2021;31/03/2021 17:50:00;WONDER WOMAN 1984;MULHER-MARAVILHA 1984;E2000170200000;DUBLADO;NÃO;CANADÁ;5006645;PLAYARTE RORAIMA GARDEN SALA 04;9;6000049;39188;47248;BOA VISTA;RR;MULTIPLEX DO BRASIL ENTRETENIMENTO LTDA;27.595.833/0001-07
31/03/2021;31/03/2021 17:55:00;THE WIDOW;A VIÚVA DAS SOMBRAS;E2100005000000;DUBLADO;NÃO;RÚSSIA;5005271;MULTICINE SANTA MARIA SALA 02;2;6000045;5935;30733;BRASÍLIA;DF;MULTICINE CINEMAS LTDA;07.609.246/0001-04
31/03/2021;31/03/2021 18:00:00;LUCICREIDE VAI PRA MARTE;;B1900421800000;ORIGINAL;NÃO;BRASIL;5000171;KINOPLEX PARKSHOPPING 2;7;6000037;2364;2415;BRASÍLIA;DF;CINEMAS PARIS SEVERIANO RIBEIRO LTDA;31.611.189/0001-82
31/03/2021;31/03/2021 18:00:00;MONSTER HUNTER;MONSTER HUNTER;E2000403800000;DUBLADO;NÃO;ESTADOS UNIDOS;5000204;KINOPLEX GRANDE RIO 1;15;6000037;1991;2424;SÃO JOÃO DE MERITI;RJ;EMPRESA CINEMAS SÃO LUIZ S/A;33.497.660/0001-89
31/03/2021;31/03/2021 18:00:00;RAYA AND THE LAST DRAGON;RAYA E O ÚLTIMO DRAGÃO;E2100035300000;DUBLADO;NÃO;ESTADOS UNIDOS;5006056;CINE GRACHER JOAÇABA SALA 01;0;6000032;5979;40234;JOAÇABA;SC;CINE GRACHER LTDA;07.272.690/0001-87
31/03/2021;31/03/2021 18:00:00;RAYA AND THE LAST DRAGON;RAYA E O ÚLTIMO DRAGÃO;E2100035300000;DUBLADO;NÃO;ESTADOS UNIDOS;5005290;CINE GRACHER PORTO UNIÃO SALA 01;0;6000032;5979;30780;PORTO UNIÃO;SC;CINE GRACHER LTDA;07.272.690/0001-87
31/03/2021;31/03/2021 18:00:00;RAYA AND THE LAST DRAGON;RAYA E O ÚLTIMO DRAGÃO;E2100035300000;DUBLADO;NÃO;ESTADOS UNIDOS;5000208;KINOPLEX GRANDE RIO 5;24;6000037;1991;2424;SÃO JOÃO DE MERITI;RJ;EMPRESA CINEMAS SÃO LUIZ S/A;33.497.660/0001-89
31/03/2021;31/03/2021 18:00:00;RAYA AND THE LAST DRAGON;RAYA E O ÚLTIMO DRAGÃO;E2100035300000;DUBLADO;NÃO;ESTADOS UNIDOS;5005717;MAXI MOVIE UNAMAR 2;2;6000107;34615;34616;CABO FRIO;RJ;MF 3000 - EMPREENDIMENTOS E PARTICIPAÇÕES LTDA-ME;17.498.681/0001-62
31/03/2021;31/03/2021 18:00:00;THE WIDOW;A VIÚVA DAS SOMBRAS;E2100005000000;DUBLADO;NÃO;RÚSSIA;5000153;PÁTIO BRASIL 1;5;6000037;1991;2412;BRASÍLIA;DF;EMPRESA CINEMAS SÃO LUIZ S/A;33.497.660/0001-89
31/03/2021;31/03/2021 18:00:00;TOM & JERRY;TOM & JERRY - O FILME;E2000553800000;DUBLADO;NÃO;ESTADOS UNIDOS;5006484;CINE + ARTE SOMBRIO 01;0;6000103;44714;44715;SOMBRIO;SC;CINE + ARTE SOMBRIO LTDA;35.505.937/0001-01
31/03/2021;31/03/2021 18:00:00;TOM & JERRY;TOM & JERRY - O FILME;E2000553800000;DUBLADO;NÃO;ESTADOS UNIDOS;5006057;CINE GRACHER JOAÇABA SALA 02;0;6000032;5979;40234;JOAÇABA;SC;CINE GRACHER LTDA;07.272.690/0001-87
31/03/2021;31/03/2021 18:00:00;TOM & JERRY;TOM & JERRY - O FILME;E2000553800000;DUBLADO;NÃO;ESTADOS UNIDOS;5005291;CINE GRACHER PORTO UNIÃO SALA 02;0;6000032;5979;30780;PORTO UNIÃO;SC;CINE GRACHER LTDA;07.272.690/0001-87
31/03/2021;31/03/2021 18:10:00;THE WIDOW;A VIÚVA DAS SOMBRAS;E2100005000000;DUBLADO;NÃO;RÚSSIA;5002746;KINOPLEX BOULEVARD 03;1;6000037;1991;16402;BRASÍLIA;DF;EMPRESA CINEMAS SÃO LUIZ S/A;33.497.660/0001-89
31/03/2021;31/03/2021 18:10:00;TOM & JERRY;TOM & JERRY - O FILME;E2000553800000;DUBLADO;NÃO;ESTADOS UNIDOS;5000205;KINOPLEX GRANDE RIO 2;12;6000037;1991;2424;SÃO JOÃO DE MERITI;RJ;EMPRESA CINEMAS SÃO LUIZ S/A;33.497.660/0001-89
31/03/2021;31/03/2021 18:15:00;RAYA AND THE LAST DRAGON;RAYA E O ÚLTIMO DRAGÃO;E2100035300000;DUBLADO;NÃO;ESTADOS UNIDOS;5006001;CINE GRACHER INDAIAL - SALA 04;3;6000032;5979;39283;INDAIAL;SC;CINE GRACHER LTDA;07.272.690/0001-87
31/03/2021;31/03/2021 18:15:00;RAYA AND THE LAST DRAGON;RAYA E O ÚLTIMO DRAGÃO;E2100035300000;DUBLADO;NÃO;ESTADOS UNIDOS;5006086;CINE GRACHER PORTO BELO SALA 04;0;6000032;5979;40771;PORTO BELO;SC;CINE GRACHER LTDA;07.272.690/0001-87
31/03/2021;31/03/2021 18:15:00;RAYA AND THE LAST DRAGON;RAYA E O ÚLTIMO DRAGÃO;E2100035300000;DUBLADO;NÃO;ESTADOS UNIDOS;5006112;CINE GRACHER SÃO BENTO 02;4;6000032;5979;41056;SÃO BENTO DO SUL;SC;CINE GRACHER LTDA;07.272.690/0001-87
31/03/2021;31/03/2021 18:15:00;THE WIDOW;A VIÚVA DAS SOMBRAS;E2100005000000;DUBLADO;NÃO;RÚSSIA;5006058;CINE GRACHER JOAÇABA SALA 03;0;6000032;5979;40234;JOAÇABA;SC;CINE GRACHER LTDA;07.272.690/0001-87
31/03/2021;31/03/2021 18:15:00;THE WIDOW;A VIÚVA DAS SOMBRAS;E2100005000000;DUBLADO;NÃO;RÚSSIA;5005292;CINE GRACHER PORTO UNIÃO SALA 03;0;6000032;5979;30780;PORTO UNIÃO;SC;CINE GRACHER LTDA;07.272.690/0001-87
31/03/2021;31/03/2021 18:20:00;CHORÃO: MARGINAL ALADO;;B2000158900000;ORIGINAL;NÃO;BRASIL;5006644;PLAYARTE RORAIMA GARDEN SALA 03;3;6000049;39188;47248;BOA VISTA;RR;MULTIPLEX DO BRASIL ENTRETENIMENTO LTDA;27.595.833/0001-07
31/03/2021;31/03/2021 18:20:00;MONSTER HUNTER;MONSTER HUNTER;E2000403800000;DUBLADO;NÃO;ESTADOS UNIDOS;5002565;CINE CATARATAS 2;7;;15565;15566;FOZ DO IGUAÇU;PR;CINE CATARATAS LTDA;09.010.219/0001-46
31/03/2021;31/03/2021 18:20:00;THE WIDOW;A VIÚVA DAS SOMBRAS;E2100005000000;DUBLADO;NÃO;RÚSSIA;5000209;KINOPLEX GRANDE RIO 6;10;6000037;1991;2424;SÃO JOÃO DE MERITI;RJ;EMPRESA CINEMAS SÃO LUIZ S/A;33.497.660/0001-89
31/03/2021;31/03/2021 18:20:00;THE WIDOW;A VIÚVA DAS SOMBRAS;E2100005000000;DUBLADO;NÃO;RÚSSIA;5000166;KINOPLEX PARKSHOPPING 4;0;6000037;2364;2415;BRASÍLIA;DF;CINEMAS PARIS SEVERIANO RIBEIRO LTDA;31.611.189/0001-82
31/03/2021;31/03/2021 18:30:00;MONSTER HUNTER;MONSTER HUNTER;E2000403800000;DUBLADO;NÃO;ESTADOS UNIDOS;5005543;CINE COLOMBO RESENDE SALA 01;0;6000008;15833;33011;RESENDE;RJ;CINE A LTDA;10.894.937/0001-01
31/03/2021;31/03/2021 18:30:00;MONSTER HUNTER;MONSTER HUNTER;E2000403800000;DUBLADO;NÃO;ESTADOS UNIDOS;5006000;CINE GRACHER INDAIAL - SALA 03;2;6000032;5979;39283;INDAIAL;SC;CINE GRACHER LTDA;07.272.690/0001-87
31/03/2021;31/03/2021 18:30:00;MONSTER HUNTER;MONSTER HUNTER;E2000403800000;DUBLADO;NÃO;ESTADOS UNIDOS;5006085;CINE GRACHER PORTO BELO SALA 03;0;6000032;5979;40771;PORTO BELO;SC;CINE GRACHER LTDA;07.272.690/0001-87
31/03/2021;31/03/2021 18:30:00;MONSTER HUNTER;MONSTER HUNTER;E2000403800000;DUBLADO;NÃO;ESTADOS UNIDOS;5006114;CINE GRACHER SÃO BENTO 04;0;6000032;5979;41056;SÃO BENTO DO SUL;SC;CINE GRACHER LTDA;07.272.690/0001-87
31/03/2021;31/03/2021 18:30:00;RAYA AND THE LAST DRAGON;RAYA E O ÚLTIMO DRAGÃO;E2100035300000;DUBLADO;NÃO;ESTADOS UNIDOS;5005272;MULTICINE SANTA MARIA SALA 03;0;6000045;5935;30733;BRASÍLIA;DF;MULTICINE CINEMAS LTDA;07.609.246/0001-04
31/03/2021;31/03/2021 18:30:00;THE WIDOW;A VIÚVA DAS SOMBRAS;E2100005000000;DUBLADO;NÃO;RÚSSIA;5006494;CINE INTER SANTA INES 02;3;6000140;44834;44835;SANTA INÊS;MA;CINEINTER EXIBICOES CINEMATOGRAFICAS LTDA;35.477.354/0001-06
31/03/2021;31/03/2021 18:30:00;TOM & JERRY;TOM & JERRY - O FILME;E2000553800000;DUBLADO;NÃO;ESTADOS UNIDOS;5005998;CINE GRACHER INDAIAL - SALA 01;2;6000032;5979;39283;INDAIAL;SC;CINE GRACHER LTDA;07.272.690/0001-87
31/03/2021;31/03/2021 18:30:00;TOM & JERRY;TOM & JERRY - O FILME;E2000553800000;DUBLADO;NÃO;ESTADOS UNIDOS;5006083;CINE GRACHER PORTO BELO SALA 01;0;6000032;5979;40771;PORTO BELO;SC;CINE GRACHER LTDA;07.272.690/0001-87
31/03/2021;31/03/2021 18:30:00;TOM & JERRY;TOM & JERRY - O FILME;E2000553800000;DUBLADO;NÃO;ESTADOS UNIDOS;5006111;CINE GRACHER SÃO BENTO 01;0;6000032;5979;41056;SÃO BENTO DO SUL;SC;CINE GRACHER LTDA;07.272.690/0001-87
31/03/2021;31/03/2021 18:30:00;TOM & JERRY;TOM & JERRY - O FILME;E2000553800000;DUBLADO;NÃO;ESTADOS UNIDOS;5005716;MAXI MOVIE UNAMAR 1;0;6000107;34615;34616;CABO FRIO;RJ;MF 3000 - EMPREENDIMENTOS E PARTICIPAÇÕES LTDA-ME;17.498.681/0001-62
31/03/2021;31/03/2021 18:45:00;MONSTER HUNTER;MONSTER HUNTER;E2000403800000;DUBLADO;NÃO;ESTADOS UNIDOS;5001862;CINE GRACHER LTDA;0;6000032;5979;6687;BRUSQUE;SC;CINE GRACHER LTDA;07.272.690/0001-87
31/03/2021;31/03/2021 18:45:00;RED SHOES AND THE SEVEN DWARF;SAPATINHO VERMELHO E OS SETE ANÕES;E2000138100000;DUBLADO;NÃO;CORÉIA DO SUL;5005289;GRUPO CINE FRAIBURGO;0;6000034;30763;30765;FRAIBURGO;SC;CINEMA FRAIBURGO LTDA;17.067.309/0001-00
31/03/2021;31/03/2021 18:45:00;TOM & JERRY;TOM & JERRY - O FILME;E2000553800000;DUBLADO;NÃO;ESTADOS UNIDOS;5001861;CINE GRACHER LTDA;2;6000032;5979;6687;BRUSQUE;SC;CINE GRACHER LTDA;07.272.690/0001-87
31/03/2021;31/03/2021 19:00:00;MONSTER HUNTER;MONSTER HUNTER;E2000403800000;DUBLADO;NÃO;ESTADOS UNIDOS;5005270;MULTICINE SANTA MARIA SALA 01;2;6000045;5935;30733;BRASÍLIA;DF;MULTICINE CINEMAS LTDA;07.609.246/0001-04
31/03/2021;31/03/2021 19:00:00;RAYA AND THE LAST DRAGON;RAYA E O ÚLTIMO DRAGÃO;E2100035300000;DUBLADO;NÃO;ESTADOS UNIDOS;5002102;CINE DRIVEIN;240;;5465;6715;BRASÍLIA;DF;STARK'S CINEMA E LANCHONETE LTDA.;32.917.296/0001-04
31/03/2021;31/03/2021 19:00:00;THE WIDOW;A VIÚVA DAS SOMBRAS;E2100005000000;DUBLADO;NÃO;RÚSSIA;5004503;CINE GRACHER ESPAÇO HAVAN 3;2;6000032;5979;26111;BRUSQUE;SC;CINE GRACHER LTDA;07.272.690/0001-87
31/03/2021;31/03/2021 19:00:00;THE WITCHES;CONVENÇÃO DAS BRUXAS;E2000396100000;DUBLADO;NÃO;ESTADOS UNIDOS;5006643;PLAYARTE RORAIMA GARDEN SALA 02;14;6000049;39188;47248;BOA VISTA;RR;MULTIPLEX DO BRASIL ENTRETENIMENTO LTDA;27.595.833/0001-07
31/03/2021;31/03/2021 19:00:00;TOM & JERRY;TOM & JERRY - O FILME;E2000553800000;DUBLADO;NÃO;ESTADOS UNIDOS;5004502;CINE GRACHER ESPAÇO HAVAN 2;5;6000032;5979;26111;BRUSQUE;SC;CINE GRACHER LTDA;07.272.690/0001-87
31/03/2021;31/03/2021 19:30:00;WONDER WOMAN 1984;MULHER-MARAVILHA 1984;E2000170200000;DUBLADO;NÃO;CANADÁ;5001860;CINE GRACHER LTDA;1;6000032;5979;6687;BRUSQUE;SC;CINE GRACHER LTDA;07.272.690/0001-87
31/03/2021;31/03/2021 19:30:00;WONDER WOMAN 1984;MULHER-MARAVILHA 1984;E2000170200000;ORIGINAL;SIM;CANADÁ;5000172;KINOPLEX PARKSHOPPING 8;8;6000037;2364;2415;BRASÍLIA;DF;CINEMAS PARIS SEVERIANO RIBEIRO LTDA;31.611.189/0001-82
31/03/2021;31/03/2021 19:40:00;FOLLOW ME;SEM SAÍDA;E2100006300000;DUBLADO;NÃO;ESTADOS UNIDOS;5000157;PÁTIO BRASIL 5;5;6000037;1991;2412;BRASÍLIA;DF;EMPRESA CINEMAS SÃO LUIZ S/A;33.497.660/0001-89
31/03/2021;31/03/2021 19:40:00;JUDAS AND THE BLACK MESSIAH;JUDAS E O MESSIAS NEGRO;E2100040400000;ORIGINAL;SIM;ESTADOS UNIDOS;5000169;KINOPLEX PARKSHOPPING 6;6;6000037;2364;2415;BRASÍLIA;DF;CINEMAS PARIS SEVERIANO RIBEIRO LTDA;31.611.189/0001-82
31/03/2021;31/03/2021 19:40:00;MONSTER HUNTER;MONSTER HUNTER;E2000403800000;DUBLADO;NÃO;ESTADOS UNIDOS;5004913;CINE SHOW AGULHAS NEGRAS SALA 02;3;6000025;2977;28018;RESENDE;RJ;JUBARTE FILMES LTDA-ME;05.297.810/0001-75
31/03/2021;31/03/2021 19:40:00;PINOCCHIO;PINÓQUIO;E2000294800000;DUBLADO;NÃO;FRANÇA;5000150;TERRAÇO 3;9;6000037;1991;2411;BRASÍLIA;DF;EMPRESA CINEMAS SÃO LUIZ S/A;33.497.660/0001-89
31/03/2021;31/03/2021 19:45:00;LUCICREIDE VAI PRA MARTE;;B1900421800000;ORIGINAL;NÃO;BRASIL;5000155;PÁTIO BRASIL 3;3;6000037;1991;2412;BRASÍLIA;DF;EMPRESA CINEMAS SÃO LUIZ S/A;33.497.660/0001-89
31/03/2021;31/03/2021 19:45:00;MONSTER HUNTER;MONSTER HUNTER;E2000403800000;ORIGINAL;SIM;ESTADOS UNIDOS;5002745;KINOPLEX BOULEVARD 02;7;6000037;1991;16402;BRASÍLIA;DF;EMPRESA CINEMAS SÃO LUIZ S/A;33.497.660/0001-89
31/03/2021;31/03/2021 19:45:00;RAYA AND THE LAST DRAGON;RAYA E O ÚLTIMO DRAGÃO;E2100035300000;DUBLADO;NÃO;ESTADOS UNIDOS;5005545;CINE COLOMBO RESENDE SALA 03;0;6000008;15833;33011;RESENDE;RJ;CINE A LTDA;10.894.937/0001-01
31/03/2021;31/03/2021 19:45:00;RAYA AND THE LAST DRAGON;RAYA E O ÚLTIMO DRAGÃO;E2100035300000;DUBLADO;NÃO;ESTADOS UNIDOS;5006493;CINE INTER SANTA INES 01;5;6000140;44834;44835;SANTA INÊS;MA;CINEINTER EXIBICOES CINEMATOGRAFICAS LTDA;35.477.354/0001-06
31/03/2021;31/03/2021 19:50:00;MONSTER HUNTER;MONSTER HUNTER;E2000403800000;ORIGINAL;SIM;ESTADOS UNIDOS;5000168;KINOPLEX PARKSHOPPING 5;4;6000037;2364;2415;BRASÍLIA;DF;CINEMAS PARIS SEVERIANO RIBEIRO LTDA;31.611.189/0001-82
31/03/2021;31/03/2021 19:50:00;RAYA AND THE LAST DRAGON;RAYA E O ÚLTIMO DRAGÃO;E2100035300000;DUBLADO;NÃO;ESTADOS UNIDOS;5002748;KINOPLEX BOULEVARD 01;12;6000037;1991;16402;BRASÍLIA;DF;EMPRESA CINEMAS SÃO LUIZ S/A;33.497.660/0001-89
31/03/2021;31/03/2021 19:50:00;RAYA AND THE LAST DRAGON;RAYA E O ÚLTIMO DRAGÃO;E2100035300000;DUBLADO;NÃO;ESTADOS UNIDOS;5000175;KINOPLEX PARKSHOPPING 3;12;6000037;2364;2415;BRASÍLIA;DF;CINEMAS PARIS SEVERIANO RIBEIRO LTDA;31.611.189/0001-82
31/03/2021;31/03/2021 19:50:00;RAYA AND THE LAST DRAGON;RAYA E O ÚLTIMO DRAGÃO;E2100035300000;DUBLADO;NÃO;ESTADOS UNIDOS;5000158;PÁTIO BRASIL 6;0;6000037;1991;2412;BRASÍLIA;DF;EMPRESA CINEMAS SÃO LUIZ S/A;33.497.660/0001-89
31/03/2021;31/03/2021 19:50:00;RAYA AND THE LAST DRAGON;RAYA E O ÚLTIMO DRAGÃO;E2100035300000;DUBLADO;NÃO;ESTADOS UNIDOS;5000151;TERRAÇO 4;12;6000037;1991;2411;BRASÍLIA;DF;EMPRESA CINEMAS SÃO LUIZ S/A;33.497.660/0001-89
31/03/2021;31/03/2021 20:00:00;DRUK;DRUK - MAIS UMA RODADA;E2100078400000;ORIGINAL;SIM;DINAMARCA;5000167;KINOPLEX PARKSHOPPING 1;8;6000037;2364;2415;BRASÍLIA;DF;CINEMAS PARIS SEVERIANO RIBEIRO LTDA;31.611.189/0001-82
31/03/2021;31/03/2021 20:00:00;LUCICREIDE VAI PRA MARTE;;B1900421800000;ORIGINAL;NÃO;BRASIL;5002747;KINOPLEX BOULEVARD 04;0;6000037;1991;16402;BRASÍLIA;DF;EMPRESA CINEMAS SÃO LUIZ S/A;33.497.660/0001-89
31/03/2021;31/03/2021 20:00:00;MONSTER HUNTER;MONSTER HUNTER;E2000403800000;DUBLADO;NÃO;ESTADOS UNIDOS;5000154;PÁTIO BRASIL 2;0;6000037;1991;2412;BRASÍLIA;DF;EMPRESA CINEMAS SÃO LUIZ S/A;33.497.660/0001-89
31/03/2021;31/03/2021 20:00:00;MONSTER HUNTER;MONSTER HUNTER;E2000403800000;ORIGINAL;SIM;ESTADOS UNIDOS;5000149;TERRAÇO 2;0;6000037;1991;2411;BRASÍLIA;DF;EMPRESA CINEMAS SÃO LUIZ S/A;33.497.660/0001-89
31/03/2021;31/03/2021 20:10:00;LUCICREIDE VAI PRA MARTE;;B1900421800000;ORIGINAL;NÃO;BRASIL;5000171;KINOPLEX PARKSHOPPING 2;7;6000037;2364;2415;BRASÍLIA;DF;CINEMAS PARIS SEVERIANO RIBEIRO LTDA;31.611.189/0001-82
31/03/2021;31/03/2021 20:10:00;THE WIDOW;A VIÚVA DAS SOMBRAS;E2100005000000;DUBLADO;NÃO;RÚSSIA;5002746;KINOPLEX BOULEVARD 03;8;6000037;1991;16402;BRASÍLIA;DF;EMPRESA CINEMAS SÃO LUIZ S/A;33.497.660/0001-89
31/03/2021;31/03/2021 20:10:00;THE WIDOW;A VIÚVA DAS SOMBRAS;E2100005000000;DUBLADO;NÃO;RÚSSIA;5000153;PÁTIO BRASIL 1;3;6000037;1991;2412;BRASÍLIA;DF;EMPRESA CINEMAS SÃO LUIZ S/A;33.497.660/0001-89
31/03/2021;31/03/2021 20:20:00;THE WIDOW;A VIÚVA DAS SOMBRAS;E2100005000000;DUBLADO;NÃO;RÚSSIA;5006494;CINE INTER SANTA INES 02;6;6000140;44834;44835;SANTA INÊS;MA;CINEINTER EXIBICOES CINEMATOGRAFICAS LTDA;35.477.354/0001-06
31/03/2021;31/03/2021 20:20:00;THE WIDOW;A VIÚVA DAS SOMBRAS;E2100005000000;DUBLADO;NÃO;RÚSSIA;5000166;KINOPLEX PARKSHOPPING 4;0;6000037;2364;2415;BRASÍLIA;DF;CINEMAS PARIS SEVERIANO RIBEIRO LTDA;31.611.189/0001-82
31/03/2021;31/03/2021 20:20:00;TOM & JERRY;TOM & JERRY - O FILME;E2000553800000;DUBLADO;NÃO;ESTADOS UNIDOS;5002565;CINE CATARATAS 2;19;;15565;15566;FOZ DO IGUAÇU;PR;CINE CATARATAS LTDA;09.010.219/0001-46
31/03/2021;31/03/2021 20:30:00;FOLLOW ME;SEM SAÍDA;E2100006300000;DUBLADO;NÃO;ESTADOS UNIDOS;5006057;CINE GRACHER JOAÇABA SALA 02;1;6000032;5979;40234;JOAÇABA;SC;CINE GRACHER LTDA;07.272.690/0001-87
31/03/2021;31/03/2021 20:30:00;FOLLOW ME;SEM SAÍDA;E2100006300000;DUBLADO;NÃO;ESTADOS UNIDOS;5005291;CINE GRACHER PORTO UNIÃO SALA 02;0;6000032;5979;30780;PORTO UNIÃO;SC;CINE GRACHER LTDA;07.272.690/0001-87
31/03/2021;31/03/2021 20:30:00;MONSTER HUNTER;MONSTER HUNTER;E2000403800000;DUBLADO;NÃO;ESTADOS UNIDOS;5006484;CINE + ARTE SOMBRIO 01;2;6000103;44714;44715;SOMBRIO;SC;CINE + ARTE SOMBRIO LTDA;35.505.937/0001-01
31/03/2021;31/03/2021 20:30:00;RAYA AND THE LAST DRAGON;RAYA E O ÚLTIMO DRAGÃO;E2100035300000;DUBLADO;NÃO;ESTADOS UNIDOS;5006056;CINE GRACHER JOAÇABA SALA 01;0;6000032;5979;40234;JOAÇABA;SC;CINE GRACHER LTDA;07.272.690/0001-87
31/03/2021;31/03/2021 20:30:00;RAYA AND THE LAST DRAGON;RAYA E O ÚLTIMO DRAGÃO;E2100035300000;DUBLADO;NÃO;ESTADOS UNIDOS;5005290;CINE GRACHER PORTO UNIÃO SALA 01;0;6000032;5979;30780;PORTO UNIÃO;SC;CINE GRACHER LTDA;07.272.690/0001-87
31/03/2021;31/03/2021 20:30:00;THE WIDOW;A VIÚVA DAS SOMBRAS;E2100005000000;DUBLADO;NÃO;RÚSSIA;5005543;CINE COLOMBO RESENDE SALA 01;2;6000008;15833;33011;RESENDE;RJ;CINE A LTDA;10.894.937/0001-01
31/03/2021;31/03/2021 20:30:00;THE WIDOW;A VIÚVA DAS SOMBRAS;E2100005000000;DUBLADO;NÃO;RÚSSIA;5006058;CINE GRACHER JOAÇABA SALA 03;10;6000032;5979;40234;JOAÇABA;SC;CINE GRACHER LTDA;07.272.690/0001-87
31/03/2021;31/03/2021 20:30:00;THE WIDOW;A VIÚVA DAS SOMBRAS;E2100005000000;DUBLADO;NÃO;RÚSSIA;5005292;CINE GRACHER PORTO UNIÃO SALA 03;4;6000032;5979;30780;PORTO UNIÃO;SC;CINE GRACHER LTDA;07.272.690/0001-87
31/03/2021;31/03/2021 20:30:00;WONDER WOMAN 1984;MULHER-MARAVILHA 1984;E2000170200000;DUBLADO;NÃO;CANADÁ;5005717;MAXI MOVIE UNAMAR 2;0;6000107;34615;34616;CABO FRIO;RJ;MF 3000 - EMPREENDIMENTOS E PARTICIPAÇÕES LTDA-ME;17.498.681/0001-62
31/03/2021;31/03/2021 20:40:00;THE WIDOW;A VIÚVA DAS SOMBRAS;E2100005000000;DUBLADO;NÃO;RÚSSIA;5005289;GRUPO CINE FRAIBURGO;0;6000034;30763;30765;FRAIBURGO;SC;CINEMA FRAIBURGO LTDA;17.067.309/0001-00
31/03/2021;31/03/2021 20:45:00;FOLLOW ME;SEM SAÍDA;E2100006300000;DUBLADO;NÃO;ESTADOS UNIDOS;5006083;CINE GRACHER PORTO BELO SALA 01;0;6000032;5979;40771;PORTO BELO;SC;CINE GRACHER LTDA;07.272.690/0001-87
31/03/2021;31/03/2021 20:45:00;FOLLOW ME;SEM SAÍDA;E2100006300000;DUBLADO;NÃO;ESTADOS UNIDOS;5006111;CINE GRACHER SÃO BENTO 01;0;6000032;5979;41056;SÃO BENTO DO SUL;SC;CINE GRACHER LTDA;07.272.690/0001-87
31/03/2021;31/03/2021 20:45:00;RAYA AND THE LAST DRAGON;RAYA E O ÚLTIMO DRAGÃO;E2100035300000;DUBLADO;NÃO;ESTADOS UNIDOS;5006001;CINE GRACHER INDAIAL - SALA 04;0;6000032;5979;39283;INDAIAL;SC;CINE GRACHER LTDA;07.272.690/0001-87
31/03/2021;31/03/2021 20:45:00;RAYA AND THE LAST DRAGON;RAYA E O ÚLTIMO DRAGÃO;E2100035300000;DUBLADO;NÃO;ESTADOS UNIDOS;5006086;CINE GRACHER PORTO BELO SALA 04;3;6000032;5979;40771;PORTO BELO;SC;CINE GRACHER LTDA;07.272.690/0001-87
31/03/2021;31/03/2021 20:45:00;RAYA AND THE LAST DRAGON;RAYA E O ÚLTIMO DRAGÃO;E2100035300000;DUBLADO;NÃO;ESTADOS UNIDOS;5006112;CINE GRACHER SÃO BENTO 02;0;6000032;5979;41056;SÃO BENTO DO SUL;SC;CINE GRACHER LTDA;07.272.690/0001-87
31/03/2021;31/03/2021 20:45:00;THE WIDOW;A VIÚVA DAS SOMBRAS;E2100005000000;DUBLADO;NÃO;RÚSSIA;5006000;CINE GRACHER INDAIAL - SALA 03;0;6000032;5979;39283;INDAIAL;SC;CINE GRACHER LTDA;07.272.690/0001-87
31/03/2021;31/03/2021 20:45:00;THE WIDOW;A VIÚVA DAS SOMBRAS;E2100005000000;DUBLADO;NÃO;RÚSSIA;5006085;CINE GRACHER PORTO BELO SALA 03;4;6000032;5979;40771;PORTO BELO;SC;CINE GRACHER LTDA;07.272.690/0001-87
31/03/2021;31/03/2021 20:45:00;THE WIDOW;A VIÚVA DAS SOMBRAS;E2100005000000;DUBLADO;NÃO;RÚSSIA;5006114;CINE GRACHER SÃO BENTO 04;0;6000032;5979;41056;SÃO BENTO DO SUL;SC;CINE GRACHER LTDA;07.272.690/0001-87
31/03/2021;31/03/2021 20:45:00;TOM & JERRY;TOM & JERRY - O FILME;E2000553800000;DUBLADO;NÃO;ESTADOS UNIDOS;5005998;CINE GRACHER INDAIAL - SALA 01;0;6000032;5979;39283;INDAIAL;SC;CINE GRACHER LTDA;07.272.690/0001-87
31/03/2021;31/03/2021 21:00:00;THE WIDOW;A VIÚVA DAS SOMBRAS;E2100005000000;DUBLADO;NÃO;RÚSSIA;5005716;MAXI MOVIE UNAMAR 1;7;6000107;34615;34616;CABO FRIO;RJ;MF 3000 - EMPREENDIMENTOS E PARTICIPAÇÕES LTDA-ME;17.498.681/0001-62
31/03/2021;31/03/2021 21:00:00;TOM & JERRY;TOM & JERRY - O FILME;E2000553800000;DUBLADO;NÃO;ESTADOS UNIDOS;5004502;CINE GRACHER ESPAÇO HAVAN 2;3;6000032;5979;26111;BRUSQUE;SC;CINE GRACHER LTDA;07.272.690/0001-87
31/03/2021;31/03/2021 21:15:00;FOLLOW ME;SEM SAÍDA;E2100006300000;DUBLADO;NÃO;ESTADOS UNIDOS;5001862;CINE GRACHER LTDA;0;6000032;5979;6687;BRUSQUE;SC;CINE GRACHER LTDA;07.272.690/0001-87
31/03/2021;31/03/2021 21:15:00;THE WIDOW;A VIÚVA DAS SOMBRAS;E2100005000000;DUBLADO;NÃO;RÚSSIA;5004503;CINE GRACHER ESPAÇO HAVAN 3;0;6000032;5979;26111;BRUSQUE;SC;CINE GRACHER LTDA;07.272.690/0001-87
31/03/2021;31/03/2021 21:15:00;TOM & JERRY;TOM & JERRY - O FILME;E2000553800000;DUBLADO;NÃO;ESTADOS UNIDOS;5001861;CINE GRACHER LTDA;0;6000032;5979;6687;BRUSQUE;SC;CINE GRACHER LTDA;07.272.690/0001-87
