DATA_EXIBICAO;SESSAO;TITULO_ORIGINAL;TITULO_BRASIL;CPB_ROE;AUDIO;LEGENDADA;PAIS_OBRA;REGISTRO_SALA;NOME_SALA;PUBLICO;REGISTRO_GRUPO_EXIBIDOR;REGISTRO_EXIBIDOR;REGISTRO_COMPLEXO;MUNICIPIO_SALA_COMPLEXO;UF_SALA_COMPLEXO;RAZAO_SOCIAL_EXIBIDORA;CNPJ_EXIBIDORA
15/08/2020;15/08/2020 13:00:00;JOKER;CORINGA;E1900357300000;DUBLADO;NÃO;CANADÁ;5004879;CIRCUITO CINEMAS PBAS- SALA 01;2;6000028;15568;27873;PARAUAPEBAS;PA;CIRCUITO ENTRETENIMENTO E CINEMAS LTDA;08.068.712/0001-54
15/08/2020;15/08/2020 13:00:00;MINHA MÃE É UMA PEÇA 3;;B1900576900000;ORIGINAL;NÃO;BRASIL;5004882;CIRCUITO CINEMAS PBAS- SALA 04;4;6000028;15568;27873;PARAUAPEBAS;PA;CIRCUITO ENTRETENIMENTO E CINEMAS LTDA;08.068.712/0001-54
15/08/2020;15/08/2020 13:00:01;THE LEGO BATMAN MOVIE;LEGO BATMAN;E1700025200000;DUBLADO;NÃO;ESTADOS UNIDOS;5006591;DRIVE IN SHOPPING VILLA LOBOS;4;6000006;2872;46069;SÃO PAULO;SP;EMPRESA CENTERPLEX DE CINEMAS LTDA;00.812.310/0001-00
15/08/2020;15/08/2020 13:40:00;SONIC THE HEDGEHOG;SONIC - O FILME;E2000012200000;DUBLADO;NÃO;CANADÁ;5004881;CIRCUITO CINEMAS PBAS- SALA 03;0;6000028;15568;27873;PARAUAPEBAS;PA;CIRCUITO ENTRETENIMENTO E CINEMAS LTDA;08.068.712/0001-54
15/08/2020;15/08/2020 14:00:00;BLOODSHOT;BLOODSHOT;E1900579400000;DUBLADO;NÃO;ESTADOS UNIDOS;5004880;CIRCUITO CINEMAS PBAS- SALA 02;0;6000028;15568;27873;PARAUAPEBAS;PA;CIRCUITO ENTRETENIMENTO E CINEMAS LTDA;08.068.712/0001-54
15/08/2020;15/08/2020 14:20:00;MEILLEUR RESTE À VENIR, LE;O MELHOR ESTÁ POR VIR;E2000004900000;ORIGINAL;SIM;BÉLGICA;5002722;SALA CINE PLAYARTE MANAUARA 07;6;6000049;260;16356;MANAUS;AM;PLAYARTE CINEMAS LTDA.;60.434.149/0001-00
15/08/2020;15/08/2020 14:40:00;BAD BOYS FOR LIFE;BAD BOYS PARA SEMPRE;E1900525600000;DUBLADO;NÃO;ESTADOS UNIDOS;5002726;SALA CINE PLAYARTE MANAUARA 06;10;6000049;260;16356;MANAUS;AM;PLAYARTE CINEMAS LTDA.;60.434.149/0001-00
15/08/2020;15/08/2020 15:00:00;DOLITTLE;DOLITTLE;E1900437900000;DUBLADO;NÃO;ESTADOS UNIDOS;5006589;MOVIEMAX-PLANETA DRIVE IN;47;6000109;16398;26188;RECIFE;PE;P.M.C. CINEMAS DO BRASIL LTDA;04.488.617/0001-59
15/08/2020;15/08/2020 15:00:00;JUMANJI: NEXT LEVEL;JUMANJI: PROXIMA FASE;E1900458100000;DUBLADO;NÃO;ESTADOS UNIDOS;5005930;MOBI CINE AÇAILÂNDIA SALA 02;2;6000040;38236;38237;AÇAILÂNDIA;MA;C A V LEMOS E CIA LTDA - ME;14.717.191/0001-11
15/08/2020;15/08/2020 15:10:00;BLOODSHOT;BLOODSHOT;E1900579400000;DUBLADO;NÃO;ESTADOS UNIDOS;5002721;SALA CINE PLAYARTE MANAUARA 01;28;6000049;260;16356;MANAUS;AM;PLAYARTE CINEMAS LTDA.;60.434.149/0001-00
15/08/2020;15/08/2020 15:30:00;BLOODSHOT;BLOODSHOT;E1900579400000;DUBLADO;NÃO;ESTADOS UNIDOS;5005929;MOBI CINE AÇAILÂNDIA SALA 01;2;6000040;38236;38237;AÇAILÂNDIA;MA;C A V LEMOS E CIA LTDA - ME;14.717.191/0001-11
15/08/2020;15/08/2020 15:30:00;MINHA MÃE É UMA PEÇA 3;;B1900576900000;ORIGINAL;NÃO;BRASIL;5004882;CIRCUITO CINEMAS PBAS- SALA 04;8;6000028;15568;27873;PARAUAPEBAS;PA;CIRCUITO ENTRETENIMENTO E CINEMAS LTDA;08.068.712/0001-54
15/08/2020;15/08/2020 15:30:00;OS ESPETACULARES;;B2000163800000;ORIGINAL;NÃO;BRASIL;5002727;SALA CINE PLAYARTE MANAUARA 04;6;6000049;260;16356;MANAUS;AM;PLAYARTE CINEMAS LTDA.;60.434.149/0001-00
15/08/2020;15/08/2020 15:45:00;JOKER;CORINGA;E1900357300000;DUBLADO;NÃO;CANADÁ;5004879;CIRCUITO CINEMAS PBAS- SALA 01;3;6000028;15568;27873;PARAUAPEBAS;PA;CIRCUITO ENTRETENIMENTO E CINEMAS LTDA;08.068.712/0001-54
15/08/2020;15/08/2020 16:00:00;JUMANJI: NEXT LEVEL;JUMANJI: PROXIMA FASE;E1900458100000;DUBLADO;NÃO;ESTADOS UNIDOS;5001149;CINE PORTO;2;;2351;2352;UBATUBA;SP;CINEMATOGRÁFICA LITORAL NORTE LTDA-EPP;04.165.613/0001-30
15/08/2020;15/08/2020 16:00:00;SONIC THE HEDGEHOG;SONIC - O FILME;E2000012200000;DUBLADO;NÃO;CANADÁ;5004881;CIRCUITO CINEMAS PBAS- SALA 03;0;6000028;15568;27873;PARAUAPEBAS;PA;CIRCUITO ENTRETENIMENTO E CINEMAS LTDA;08.068.712/0001-54
15/08/2020;15/08/2020 16:00:00;THE SECRET LIFE OF PETS 2;PETS: A VIDA SECRETA DOS BICHOS 2;E1900162100000;DUBLADO;NÃO;ESTADOS UNIDOS;5006554;CINEPLUS XAXIM DRIVE-IN - PLANETA DRIVE-IN;20;6000023;15673;15674;CURITIBA;PR;VITOMAQ PRODUÇÕES ARTISTICAS E CINEMA LTDA - ME;07.617.254/0001-00
15/08/2020;15/08/2020 16:20:00;QUEEN OF SPADES: THROUGH THE LOOKING GLASS;A MALDIÇÃO DO ESPELHO;E1900574500000;DUBLADO;NÃO;RÚSSIA;5005931;MOBI CINE AÇAILÂNDIA SALA 03;0;6000040;38236;38237;AÇAILÂNDIA;MA;C A V LEMOS E CIA LTDA - ME;14.717.191/0001-11
15/08/2020;15/08/2020 16:30:00;BLOODSHOT;BLOODSHOT;E1900579400000;DUBLADO;NÃO;ESTADOS UNIDOS;5004880;CIRCUITO CINEMAS PBAS- SALA 02;39;6000028;15568;27873;PARAUAPEBAS;PA;CIRCUITO ENTRETENIMENTO E CINEMAS LTDA;08.068.712/0001-54
15/08/2020;15/08/2020 16:30:00;DENTRO DA MINHA PELE;;B2000325100000;ORIGINAL;NÃO;BRASIL;5002723;SALA CINE PLAYARTE MANAUARA 03;2;6000049;260;16356;MANAUS;AM;PLAYARTE CINEMAS LTDA.;60.434.149/0001-00
15/08/2020;15/08/2020 16:30:00;HOW TO TRAIN YOUR DRAGON: THE HIDDEN WORLD;COMO TREINAR O SEU DRAGÃO 3;E1800532200000;DUBLADO;NÃO;ESTADOS UNIDOS;5006621;CINEPLUS PLANETA DRIVE IN PINHAIS;17;6000023;15673;46339;PINHAIS;PR;VITOMAQ PRODUÇÕES ARTISTICAS E CINEMA LTDA - ME;07.617.254/0001-00
15/08/2020;15/08/2020 16:50:00;MEILLEUR RESTE À VENIR, LE;O MELHOR ESTÁ POR VIR;E2000004900000;ORIGINAL;SIM;BÉLGICA;5002722;SALA CINE PLAYARTE MANAUARA 07;2;6000049;260;16356;MANAUS;AM;PLAYARTE CINEMAS LTDA.;60.434.149/0001-00
15/08/2020;15/08/2020 17:00:00;BIRDS OF PREY (AND THE FANTABULOUS EMANCIPATION OF ONE HARLEY QUINN);AVES DE RAPINA (ARLEQUINA E SUA EMANCIPAÇÃO FANTABULOSA);E1900628800000;DUBLADO;NÃO;ESTADOS UNIDOS;5006590;SUPER DRIVE IN;12;6000006;2872;46068;SÃO BERNARDO DO CAMPO;SP;EMPRESA CENTERPLEX DE CINEMAS LTDA;00.812.310/0001-00
15/08/2020;15/08/2020 17:20:00;BIRDS OF PREY (AND THE FANTABULOUS EMANCIPATION OF ONE HARLEY QUINN);AVES DE RAPINA (ARLEQUINA E SUA EMANCIPAÇÃO FANTABULOSA);E1900628800000;DUBLADO;NÃO;ESTADOS UNIDOS;5002726;SALA CINE PLAYARTE MANAUARA 06;31;6000049;260;16356;MANAUS;AM;PLAYARTE CINEMAS LTDA.;60.434.149/0001-00
15/08/2020;15/08/2020 17:30:00;JUMANJI: NEXT LEVEL;JUMANJI: PROXIMA FASE;E1900458100000;DUBLADO;NÃO;ESTADOS UNIDOS;5005930;MOBI CINE AÇAILÂNDIA SALA 02;7;6000040;38236;38237;AÇAILÂNDIA;MA;C A V LEMOS E CIA LTDA - ME;14.717.191/0001-11
15/08/2020;15/08/2020 17:40:00;MINHA MÃE É UMA PEÇA 3;;B1900576900000;ORIGINAL;NÃO;BRASIL;5002727;SALA CINE PLAYARTE MANAUARA 04;22;6000049;260;16356;MANAUS;AM;PLAYARTE CINEMAS LTDA.;60.434.149/0001-00
15/08/2020;15/08/2020 18:00:00;A STAR IS BORN;NASCE UMA ESTRELA;E1800303500000;DUBLADO;NÃO;ESTADOS UNIDOS;5004882;CIRCUITO CINEMAS PBAS- SALA 04;0;6000028;15568;27873;PARAUAPEBAS;PA;CIRCUITO ENTRETENIMENTO E CINEMAS LTDA;08.068.712/0001-54
15/08/2020;15/08/2020 18:00:00;BLOODSHOT;BLOODSHOT;E1900579400000;DUBLADO;NÃO;ESTADOS UNIDOS;5005929;MOBI CINE AÇAILÂNDIA SALA 01;16;6000040;38236;38237;AÇAILÂNDIA;MA;C A V LEMOS E CIA LTDA - ME;14.717.191/0001-11
15/08/2020;15/08/2020 18:00:00;BLOODSHOT;BLOODSHOT;E1900579400000;ORIGINAL;SIM;ESTADOS UNIDOS;5002721;SALA CINE PLAYARTE MANAUARA 01;11;6000049;260;16356;MANAUS;AM;PLAYARTE CINEMAS LTDA.;60.434.149/0001-00
15/08/2020;15/08/2020 18:00:00;ONWARD;DOIS IRMÃOS: UMA JORNADA FANTÁSTICA;E1900366400000;DUBLADO;NÃO;ESTADOS UNIDOS;5002102;CINE DRIVEIN;282;;5465;6715;BRASÍLIA;DF;STARK'S CINEMA E LANCHONETE LTDA.;32.917.296/0001-04
15/08/2020;15/08/2020 18:00:00;THE LION KING;O REI LEÃO;E1900267700000;DUBLADO;NÃO;ESTADOS UNIDOS;5006567;CINESHOW TUBARÃO DRIVE-IN;7;6000025;33770;33771;TUBARÃO;SC;TUBARÃO FILMES LTDA;24.971.903/0001-88
15/08/2020;15/08/2020 18:00:01;WONDER PARK;O PARQUE DOS SONHOS;E1900025300000;DUBLADO;NÃO;ESTADOS UNIDOS;5006575;DRIVE IN CINEART MIX GARDEN;28;6000013;437;45926;NOVA LIMA;MG;DELTA FILMES LTDA;01.735.159/0001-17
15/08/2020;15/08/2020 18:10:00;THE LION KING;O REI LEÃO;E1900267700000;DUBLADO;NÃO;ESTADOS UNIDOS;5006572;CINE 14 BIS DRIVE-IN;7;;5822;6623;GUAXUPÉ;MG;GUAXUPE PROMOCOES E EVENTOS LTDA;03.929.354/0001-03
15/08/2020;15/08/2020 18:15:00;BABY DRIVER;EM RITMO DE FUGA;E1500757900000;DUBLADO;NÃO;ESTADOS UNIDOS;5006618;DRIVE - GYN SERRA DOURADA 02;10;6000039;45898;46312;GOIÂNIA;GO;DRIVE-GYN ENTRETENIMENTO LTDA;37.109.882/0001-38
15/08/2020;15/08/2020 18:15:00;SONIC THE HEDGEHOG;SONIC - O FILME;E2000012200000;DUBLADO;NÃO;CANADÁ;5006605;MULTICINE MOSSORÓ DRIVE IN;7;6000045;5935;17881;MOSSORÓ;RN;MULTICINE CINEMAS LTDA;07.609.246/0001-04
15/08/2020;15/08/2020 18:15:00;TEEN TITANS GO! TO THE MOVIES;JOVENS TITÃS EM AÇÃO! NOS CINEMAS;E1800215000000;DUBLADO;NÃO;ESTADOS UNIDOS;5006600;DRIVE - GYN ESTAÇÃO DA MODA;2;6000039;45898;46149;GOIÂNIA;GO;DRIVE-GYN ENTRETENIMENTO LTDA;37.109.882/0001-38
15/08/2020;15/08/2020 18:15:00;TEEN TITANS GO! TO THE MOVIES;JOVENS TITÃS EM AÇÃO! NOS CINEMAS;E1800215000000;DUBLADO;NÃO;ESTADOS UNIDOS;5006619;DRIVE - GYN SERRA DOURADA 03;32;6000039;45898;46312;GOIÂNIA;GO;DRIVE-GYN ENTRETENIMENTO LTDA;37.109.882/0001-38
15/08/2020;15/08/2020 18:15:00;THE ADDAMS FAMILY;A FAMÍLIA ADDAMS;E1900349600000;DUBLADO;NÃO;CANADÁ;5006602;TOPAZIO POLO SHOPPING DRIVE IN;32;6000057;2968;19182;INDAIATUBA;SP;LUI CINEMATOGRÁFICA LTDA.;71.912.711/0001-80
15/08/2020;15/08/2020 18:20:00;QUEEN OF SPADES: THROUGH THE LOOKING GLASS;A MALDIÇÃO DO ESPELHO;E1900574500000;DUBLADO;NÃO;RÚSSIA;5005931;MOBI CINE AÇAILÂNDIA SALA 03;2;6000040;38236;38237;AÇAILÂNDIA;MA;C A V LEMOS E CIA LTDA - ME;14.717.191/0001-11
15/08/2020;15/08/2020 18:20:00;SONIC THE HEDGEHOG;SONIC - O FILME;E2000012200000;DUBLADO;NÃO;CANADÁ;5004881;CIRCUITO CINEMAS PBAS- SALA 03;4;6000028;15568;27873;PARAUAPEBAS;PA;CIRCUITO ENTRETENIMENTO E CINEMAS LTDA;08.068.712/0001-54
15/08/2020;15/08/2020 18:25:00;TEA PETS;OS BRINQUEDOS MÁGICOS;E1900314200000;DUBLADO;NÃO;CHINA;5006579;CINESYSTEM BRÁS DRIVE-IN;21;6000027;22546;34941;SÃO PAULO;SP;REDECINE BRA CINEMATOGRÁFICA S.A.;15.422.993/0001-67
15/08/2020;15/08/2020 18:30:00;JOKER;CORINGA;E1900357300000;DUBLADO;NÃO;CANADÁ;5004879;CIRCUITO CINEMAS PBAS- SALA 01;0;6000028;15568;27873;PARAUAPEBAS;PA;CIRCUITO ENTRETENIMENTO E CINEMAS LTDA;08.068.712/0001-54
15/08/2020;15/08/2020 18:30:00;JUMANJI: NEXT LEVEL;JUMANJI: PROXIMA FASE;E1900458100000;DUBLADO;NÃO;ESTADOS UNIDOS;5001149;CINE PORTO;4;;2351;2352;UBATUBA;SP;CINEMATOGRÁFICA LITORAL NORTE LTDA-EPP;04.165.613/0001-30
15/08/2020;15/08/2020 18:30:00;SHAZAM!;SHAZAM!;E1900060900000;DUBLADO;NÃO;ESTADOS UNIDOS;5006587;CENTERPLEX CINE ESTANCIA DRIVE PARK;13;6000006;27814;46014;SÃO BERNARDO DO CAMPO;SP;CINEMATOGRÁFICA LIMEIRA LTDA;17.360.792/0001-08
15/08/2020;15/08/2020 18:30:00;SMALLFOOT;PÉPEQUENO;E1800215200000;DUBLADO;NÃO;ESTADOS UNIDOS;5006610;CINESYSTEM DRIVE-IN AEROPORTO VITÓRIA;39;6000027;22546;46257;VITÓRIA;ES;REDECINE BRA CINEMATOGRÁFICA S.A.;15.422.993/0001-67
15/08/2020;15/08/2020 18:30:00;SPIDER-MAN: FAR FROM HOME;HOMEM-ARANHA LONGE DE CASA;E1900127700000;ORIGINAL;SIM;ESTADOS UNIDOS;5006589;MOVIEMAX-PLANETA DRIVE IN;23;6000109;16398;26188;RECIFE;PE;P.M.C. CINEMAS DO BRASIL LTDA;04.488.617/0001-59
15/08/2020;15/08/2020 18:30:00;TEEN TITANS GO! TO THE MOVIES;JOVENS TITÃS EM AÇÃO! NOS CINEMAS;E1800215000000;DUBLADO;NÃO;ESTADOS UNIDOS;5006571;CINESYSTEM AMÉRICAS DRIVE-IN;50;6000027;5348;28834;RIO DE JANEIRO;RJ;REDECINE - RIO CINEMATOGRAFICA S.A.;07.524.011/0001-10
15/08/2020;15/08/2020 18:30:00;THE LION KING;O REI LEÃO;E1900267700000;DUBLADO;NÃO;ESTADOS UNIDOS;5006560;CINE A ITAJUBÁ DRIVE-IN;5;6000008;15833;41725;ITAJUBÁ;MG;CINE A LTDA;10.894.937/0001-01
15/08/2020;15/08/2020 18:30:00;THE QUEEN´S CORGI;THE QUEEN'S CORGI;E1900148700000;DUBLADO;NÃO;BÉLGICA;5006580;CINESYSTEM MORUMBI TOWN DRIVE-IN;136;6000027;22546;34941;SÃO PAULO;SP;REDECINE BRA CINEMATOGRÁFICA S.A.;15.422.993/0001-67
15/08/2020;15/08/2020 18:30:00;THE SECRET LIFE OF PETS 2;PETS: A VIDA SECRETA DOS BICHOS 2;E1900162100000;DUBLADO;NÃO;ESTADOS UNIDOS;5006558;CINESYSTEM IGUATEMI FLN DRIVE-IN;0;6000027;22546;41695;FLORIANÓPOLIS;SC;REDECINE BRA CINEMATOGRÁFICA S.A.;15.422.993/0001-67
15/08/2020;15/08/2020 18:30:01;ZOOTOPIA;ZOOTOPIA: ESSA CIDADE É O BICHO;E1600038400000;DUBLADO;NÃO;ESTADOS UNIDOS;5006585;CENTERPLEX CAMPO DE MARTE DRIVE-IN;48;6000006;36999;37000;SÃO PAULO;SP;CINE ELI SP CINEMAS LTDA;27.676.231/0001-76
15/08/2020;15/08/2020 18:40:00;GRETEL & HANSEL (2020);MARIA E JOÃO - O CONTO DAS BRUXAS;E1900467000000;DUBLADO;NÃO;ESTADOS UNIDOS;5002723;SALA CINE PLAYARTE MANAUARA 03;43;6000049;260;16356;MANAUS;AM;PLAYARTE CINEMAS LTDA.;60.434.149/0001-00
15/08/2020;15/08/2020 18:40:00;SMALLFOOT;PÉPEQUENO;E1800215200000;DUBLADO;NÃO;ESTADOS UNIDOS;5006574;DRIVE IN CINEART ALPHAVILLE;42;6000013;437;45925;NOVA LIMA;MG;DELTA FILMES LTDA;01.735.159/0001-17
15/08/2020;15/08/2020 18:40:00;STITCHES;CICATRIZES;E2000012300000;ORIGINAL;SIM;SÉRVIA;5006578;CINE ARTE PAJUÇARA DRIVE-IN;8;;26591;26593;MACEIÓ;AL;ASSOCIAÇÃO CULTURAL ARTE PAJUÇARA - ACAP;19.442.911/0001-05
15/08/2020;15/08/2020 18:45:00;HOW TO TRAIN YOUR DRAGON: THE HIDDEN WORLD;COMO TREINAR O SEU DRAGÃO 3;E1800532200000;DUBLADO;NÃO;ESTADOS UNIDOS;5006620;CINEMAIS MONTES CLAROS DRIVE IN;16;6000017;2892;23844;MONTES CLAROS;MG;CINEMAIS CINEMAS LTDA;03.868.869/0001-40
15/08/2020;15/08/2020 19:00:00;BLOODSHOT;BLOODSHOT;E1900579400000;DUBLADO;NÃO;ESTADOS UNIDOS;5004880;CIRCUITO CINEMAS PBAS- SALA 02;11;6000028;15568;27873;PARAUAPEBAS;PA;CIRCUITO ENTRETENIMENTO E CINEMAS LTDA;08.068.712/0001-54
15/08/2020;15/08/2020 19:00:00;CAPTAIN MARVEL;CAPITÃ MARVEL;E1900011200000;ORIGINAL;SIM;ESTADOS UNIDOS;5006554;CINEPLUS XAXIM DRIVE-IN - PLANETA DRIVE-IN;32;6000023;15673;15674;CURITIBA;PR;VITOMAQ PRODUÇÕES ARTISTICAS E CINEMA LTDA - ME;07.617.254/0001-00
15/08/2020;15/08/2020 19:00:00;MALEFICENT: MISTRESS OF EVIL;MALÉVOLA: DONA DO MAL;E1900358800000;DUBLADO;NÃO;ESTADOS UNIDOS;5006621;CINEPLUS PLANETA DRIVE IN PINHAIS;24;6000023;15673;46339;PINHAIS;PR;VITOMAQ PRODUÇÕES ARTISTICAS E CINEMA LTDA - ME;07.617.254/0001-00
15/08/2020;15/08/2020 19:00:00;TEEN TITANS GO! TO THE MOVIES;JOVENS TITÃS EM AÇÃO! NOS CINEMAS;E1800215000000;DUBLADO;NÃO;ESTADOS UNIDOS;5006616;CINEMAIS LORENA DRIVE IN;3;6000017;2892;31517;LORENA;SP;CINEMAIS CINEMAS LTDA;03.868.869/0001-40
15/08/2020;15/08/2020 19:00:00;THE ADDAMS FAMILY;A FAMÍLIA ADDAMS;E1900349600000;DUBLADO;NÃO;CANADÁ;5006570;TOP CINEPLEX PAULÍNIA - DRIVE-IN;16;6000056;19398;19399;PAULÍNIA;SP;DIAS CINEMATOGRÁFICA LTDA-EPP;12.128.142/0001-18
15/08/2020;15/08/2020 19:00:00;THE LION KING;O REI LEÃO;E1900267700000;DUBLADO;NÃO;ESTADOS UNIDOS;5006551;CENTERPLEX LAPA DRIVE-IN - CINE CTN;87;6000006;2836;2842;SÃO PAULO;SP;EMPRESA SAO LUIZ DE CINEMAS LTDA - EM RECUPERACAO JUDICIAL;52.067.071/0001-05
15/08/2020;15/08/2020 19:00:00;THE LION KING;O REI LEÃO;E1900267700000;DUBLADO;NÃO;ESTADOS UNIDOS;5006606;CINE CAVALIERE ORLANDI DRIVE IN;6;;15009;15010;SOCORRO;SP;ORLANDI MARCHESE LTDA - ME;03.091.068/0001-11
15/08/2020;15/08/2020 19:00:00;WONDER PARK;O PARQUE DOS SONHOS;E1900025300000;DUBLADO;NÃO;ESTADOS UNIDOS;5003450;CASTRO 1;4;6000023;12893;21049;CASTRO;PR;ESTILO PRODUÇÕES ARTISTICAS LTDA;03.293.165/0001-97
15/08/2020;15/08/2020 19:10:00;DESPICABLE ME 3;MEU MALVADO FAVORITO 3;E1500759400000;DUBLADO;NÃO;ESTADOS UNIDOS;5006586;MULTICINE DRIVE IN - CIDADE JARDIM;9;6000045;5935;30736;GOIÂNIA;GO;MULTICINE CINEMAS LTDA;07.609.246/0001-04
15/08/2020;15/08/2020 19:20:00;GODZILLA - KING OF THE MONSTERS;GODZILLA II – REI DOS MONSTROS;E1900062600000;DUBLADO;NÃO;ESTADOS UNIDOS;5006590;SUPER DRIVE IN;5;6000006;2872;46068;SÃO BERNARDO DO CAMPO;SP;EMPRESA CENTERPLEX DE CINEMAS LTDA;00.812.310/0001-00
15/08/2020;15/08/2020 19:30:00;JUMANJI: NEXT LEVEL;JUMANJI: PROXIMA FASE;E1900458100000;DUBLADO;NÃO;ESTADOS UNIDOS;5002722;SALA CINE PLAYARTE MANAUARA 07;41;6000049;260;16356;MANAUS;AM;PLAYARTE CINEMAS LTDA.;60.434.149/0001-00
15/08/2020;15/08/2020 19:30:00;STORKS;CEGONHAS - A HISTÓRIA QUE NÃO TE CONTARAM;E1600405300000;DUBLADO;NÃO;ESTADOS UNIDOS;5006613;CINE HOS DRIVE-IN;12;;22207;22208;ADAMANTINA;SP;HADDAD - EMPREENDIMENTOS CINEMATOGRAFICOS E ARTISTICOS LTDA;15.705.606/0001-08
15/08/2020;15/08/2020 19:50:00;THE INVISIBLE MAN;O HOMEM INVISÍVEL;E1900438600000;DUBLADO;NÃO;AUSTRÁLIA;5002726;SALA CINE PLAYARTE MANAUARA 06;36;6000049;260;16356;MANAUS;AM;PLAYARTE CINEMAS LTDA.;60.434.149/0001-00
15/08/2020;15/08/2020 20:00:00;A STAR IS BORN;NASCE UMA ESTRELA;E1800303500000;ORIGINAL;SIM;ESTADOS UNIDOS;5006600;DRIVE - GYN ESTAÇÃO DA MODA;6;6000039;45898;46149;GOIÂNIA;GO;DRIVE-GYN ENTRETENIMENTO LTDA;37.109.882/0001-38
15/08/2020;15/08/2020 20:00:00;DOLITTLE;DOLITTLE;E1900437900000;DUBLADO;NÃO;ESTADOS UNIDOS;5006561;CINEART CACOAL SHOPPING SALA DRIVE-IN;4;;19535;37071;CACOAL;RO;CINE ART LTDA ME;07.083.456/0001-01
15/08/2020;15/08/2020 20:00:00;MINHA MÃE É UMA PEÇA 3;;B1900576900000;ORIGINAL;NÃO;BRASIL;5003451;CASTRO 2;3;6000023;12893;21049;CASTRO;PR;ESTILO PRODUÇÕES ARTISTICAS LTDA;03.293.165/0001-97
15/08/2020;15/08/2020 20:00:00;POKEMON DETECTIVE PIKACHU;POKÉMON DETETIVE PIKACHU;E1900062700000;DUBLADO;NÃO;ESTADOS UNIDOS;5002102;CINE DRIVEIN;282;;5465;6715;BRASÍLIA;DF;STARK'S CINEMA E LANCHONETE LTDA.;32.917.296/0001-04
15/08/2020;15/08/2020 20:10:00;BAD BOYS 3;BAD BOYS 3;E1500757400000;DUBLADO;NÃO;ESTADOS UNIDOS;5005930;MOBI CINE AÇAILÂNDIA SALA 02;0;6000040;38236;38237;AÇAILÂNDIA;MA;C A V LEMOS E CIA LTDA - ME;14.717.191/0001-11
15/08/2020;15/08/2020 20:10:00;OS ESPETACULARES;;B2000163800000;ORIGINAL;NÃO;BRASIL;5002727;SALA CINE PLAYARTE MANAUARA 04;8;6000049;260;16356;MANAUS;AM;PLAYARTE CINEMAS LTDA.;60.434.149/0001-00
15/08/2020;15/08/2020 20:15:00;BOHEMIAN RHAPSODY;BOHEMIAN RHAPSODY;E1800251900000;DUBLADO;NÃO;ESTADOS UNIDOS;5006602;TOPAZIO POLO SHOPPING DRIVE IN;30;6000057;2968;19182;INDAIATUBA;SP;LUI CINEMATOGRÁFICA LTDA.;71.912.711/0001-80
15/08/2020;15/08/2020 20:15:00;MINHA MÃE É UMA PEÇA 3;;B1900576900000;ORIGINAL;NÃO;BRASIL;5006605;MULTICINE MOSSORÓ DRIVE IN;7;6000045;5935;17881;MOSSORÓ;RN;MULTICINE CINEMAS LTDA;07.609.246/0001-04
15/08/2020;15/08/2020 20:20:00;POKEMON DETECTIVE PIKACHU;POKÉMON DETETIVE PIKACHU;E1900062700000;DUBLADO;NÃO;ESTADOS UNIDOS;5006558;CINESYSTEM IGUATEMI FLN DRIVE-IN;0;6000027;22546;41695;FLORIANÓPOLIS;SC;REDECINE BRA CINEMATOGRÁFICA S.A.;15.422.993/0001-67
15/08/2020;15/08/2020 20:20:00;QUEEN OF SPADES: THROUGH THE LOOKING GLASS;A MALDIÇÃO DO ESPELHO;E1900574500000;DUBLADO;NÃO;RÚSSIA;5005931;MOBI CINE AÇAILÂNDIA SALA 03;10;6000040;38236;38237;AÇAILÂNDIA;MA;C A V LEMOS E CIA LTDA - ME;14.717.191/0001-11
15/08/2020;15/08/2020 20:20:00;THE ADDAMS FAMILY;A FAMÍLIA ADDAMS;E1900349600000;DUBLADO;NÃO;CANADÁ;5006579;CINESYSTEM BRÁS DRIVE-IN;35;6000027;22546;34941;SÃO PAULO;SP;REDECINE BRA CINEMATOGRÁFICA S.A.;15.422.993/0001-67
15/08/2020;15/08/2020 20:25:00;DOLITTLE;DOLITTLE;E1900437900000;DUBLADO;NÃO;ESTADOS UNIDOS;5006580;CINESYSTEM MORUMBI TOWN DRIVE-IN;118;6000027;22546;34941;SÃO PAULO;SP;REDECINE BRA CINEMATOGRÁFICA S.A.;15.422.993/0001-67
15/08/2020;15/08/2020 20:25:00;MÚSICA PARA MORRER DE AMOR;;B1900341900000;ORIGINAL;NÃO;BRASIL;5006571;CINESYSTEM AMÉRICAS DRIVE-IN;8;6000027;5348;28834;RIO DE JANEIRO;RJ;REDECINE - RIO CINEMATOGRAFICA S.A.;07.524.011/0001-10
15/08/2020;15/08/2020 20:30:00;BABY DRIVER;EM RITMO DE FUGA;E1500757900000;ORIGINAL;SIM;ESTADOS UNIDOS;5006618;DRIVE - GYN SERRA DOURADA 02;24;6000039;45898;46312;GOIÂNIA;GO;DRIVE-GYN ENTRETENIMENTO LTDA;37.109.882/0001-38
15/08/2020;15/08/2020 20:30:00;BLOODSHOT;BLOODSHOT;E1900579400000;DUBLADO;NÃO;ESTADOS UNIDOS;5005929;MOBI CINE AÇAILÂNDIA SALA 01;6;6000040;38236;38237;AÇAILÂNDIA;MA;C A V LEMOS E CIA LTDA - ME;14.717.191/0001-11
15/08/2020;15/08/2020 20:30:00;BLOODSHOT;BLOODSHOT;E1900579400000;DUBLADO;NÃO;ESTADOS UNIDOS;5002721;SALA CINE PLAYARTE MANAUARA 01;35;6000049;260;16356;MANAUS;AM;PLAYARTE CINEMAS LTDA.;60.434.149/0001-00
15/08/2020;15/08/2020 20:30:00;DOLITTLE;DOLITTLE;E1900437900000;DUBLADO;NÃO;ESTADOS UNIDOS;5006610;CINESYSTEM DRIVE-IN AEROPORTO VITÓRIA;28;6000027;22546;46257;VITÓRIA;ES;REDECINE BRA CINEMATOGRÁFICA S.A.;15.422.993/0001-67
15/08/2020;15/08/2020 20:30:00;Mostras e Festivais;;G0000000000004;ORIGINAL;NÃO;;5006578;CINE ARTE PAJUÇARA DRIVE-IN;4;;26591;26593;MACEIÓ;AL;ASSOCIAÇÃO CULTURAL ARTE PAJUÇARA - ACAP;19.442.911/0001-05
15/08/2020;15/08/2020 20:30:00;Mostras e Festivais;;G0000000000004;ORIGINAL;SIM;;5006619;DRIVE - GYN SERRA DOURADA 03;8;6000039;45898;46312;GOIÂNIA;GO;DRIVE-GYN ENTRETENIMENTO LTDA;37.109.882/0001-38
15/08/2020;15/08/2020 20:30:01;BIRDS OF PREY (AND THE FANTABULOUS EMANCIPATION OF ONE HARLEY QUINN);AVES DE RAPINA (ARLEQUINA E SUA EMANCIPAÇÃO FANTABULOSA);E1900628800000;DUBLADO;NÃO;ESTADOS UNIDOS;5006575;DRIVE IN CINEART MIX GARDEN;64;6000013;437;45926;NOVA LIMA;MG;DELTA FILMES LTDA;01.735.159/0001-17
15/08/2020;15/08/2020 20:40:00;BIRDS OF PREY (AND THE FANTABULOUS EMANCIPATION OF ONE HARLEY QUINN);AVES DE RAPINA (ARLEQUINA E SUA EMANCIPAÇÃO FANTABULOSA);E1900628800000;DUBLADO;NÃO;ESTADOS UNIDOS;5004881;CIRCUITO CINEMAS PBAS- SALA 03;0;6000028;15568;27873;PARAUAPEBAS;PA;CIRCUITO ENTRETENIMENTO E CINEMAS LTDA;08.068.712/0001-54
15/08/2020;15/08/2020 20:40:00;CAPTAIN MARVEL;CAPITÃ MARVEL;E1900011200000;DUBLADO;NÃO;ESTADOS UNIDOS;5006567;CINESHOW TUBARÃO DRIVE-IN;8;6000025;33770;33771;TUBARÃO;SC;TUBARÃO FILMES LTDA;24.971.903/0001-88
15/08/2020;15/08/2020 20:50:00;GRETEL & HANSEL (2020);MARIA E JOÃO - O CONTO DAS BRUXAS;E1900467000000;DUBLADO;NÃO;ESTADOS UNIDOS;5002723;SALA CINE PLAYARTE MANAUARA 03;21;6000049;260;16356;MANAUS;AM;PLAYARTE CINEMAS LTDA.;60.434.149/0001-00
15/08/2020;15/08/2020 20:50:00;JOKER;CORINGA;E1900357300000;DUBLADO;NÃO;CANADÁ;5006616;CINEMAIS LORENA DRIVE IN;5;6000017;2892;31517;LORENA;SP;CINEMAIS CINEMAS LTDA;03.868.869/0001-40
15/08/2020;15/08/2020 21:00:00;A STAR IS BORN;NASCE UMA ESTRELA;E1800303500000;DUBLADO;NÃO;ESTADOS UNIDOS;5006572;CINE 14 BIS DRIVE-IN;13;;5822;6623;GUAXUPÉ;MG;GUAXUPE PROMOCOES E EVENTOS LTDA;03.929.354/0001-03
15/08/2020;15/08/2020 21:00:00;BATMAN VS SUPERMAN;BATMAN VS SUPERMAN: A ORIGEM DA JUSTIÇA;E1600053700000;DUBLADO;NÃO;ESTADOS UNIDOS;5006613;CINE HOS DRIVE-IN;12;;22207;22208;ADAMANTINA;SP;HADDAD - EMPREENDIMENTOS CINEMATOGRAFICOS E ARTISTICOS LTDA;15.705.606/0001-08
15/08/2020;15/08/2020 21:00:00;GREASE;GREASE - NOS TEMPOS DA BRILHANTINA;E1402644200000;DUBLADO;NÃO;ESTADOS UNIDOS;5006585;CENTERPLEX CAMPO DE MARTE DRIVE-IN;0;6000006;36999;37000;SÃO PAULO;SP;CINE ELI SP CINEMAS LTDA;27.676.231/0001-76
15/08/2020;15/08/2020 21:00:00;MINHA MÃE É UMA PEÇA 3;;B1900576900000;ORIGINAL;NÃO;BRASIL;5004882;CIRCUITO CINEMAS PBAS- SALA 04;1;6000028;15568;27873;PARAUAPEBAS;PA;CIRCUITO ENTRETENIMENTO E CINEMAS LTDA;08.068.712/0001-54
15/08/2020;15/08/2020 21:00:00;THE FATE OF THE FURIOUS;VELOZES E FURIOSOS 8;E1700045600000;DUBLADO;NÃO;FRANÇA;5006570;TOP CINEPLEX PAULÍNIA - DRIVE-IN;17;6000056;19398;19399;PAULÍNIA;SP;DIAS CINEMATOGRÁFICA LTDA-EPP;12.128.142/0001-18
15/08/2020;15/08/2020 21:00:01;BLOODSHOT;BLOODSHOT;E1900579400000;DUBLADO;NÃO;ESTADOS UNIDOS;5006587;CENTERPLEX CINE ESTANCIA DRIVE PARK;20;6000006;27814;46014;SÃO BERNARDO DO CAMPO;SP;CINEMATOGRÁFICA LIMEIRA LTDA;17.360.792/0001-08
15/08/2020;15/08/2020 21:00:01;JOKER;CORINGA;E1900357300000;DUBLADO;NÃO;CANADÁ;5006574;DRIVE IN CINEART ALPHAVILLE;34;6000013;437;45925;NOVA LIMA;MG;DELTA FILMES LTDA;01.735.159/0001-17
15/08/2020;15/08/2020 21:10:00;MINHA MÃE É UMA PEÇA 3;;B1900576900000;ORIGINAL;NÃO;BRASIL;5006620;CINEMAIS MONTES CLAROS DRIVE IN;18;6000017;2892;23844;MONTES CLAROS;MG;CINEMAIS CINEMAS LTDA;03.868.869/0001-40
15/08/2020;15/08/2020 21:15:00;JOKER;CORINGA;E1900357300000;DUBLADO;NÃO;CANADÁ;5004879;CIRCUITO CINEMAS PBAS- SALA 01;6;6000028;15568;27873;PARAUAPEBAS;PA;CIRCUITO ENTRETENIMENTO E CINEMAS LTDA;08.068.712/0001-54
15/08/2020;15/08/2020 21:20:00;JURASSIC WORLD: FALLEN KINGDOM;JURASSIC WORLD - REINO AMEAÇADO;E1800169900000;DUBLADO;NÃO;ESTADOS UNIDOS;5006586;MULTICINE DRIVE IN - CIDADE JARDIM;16;6000045;5935;30736;GOIÂNIA;GO;MULTICINE CINEMAS LTDA;07.609.246/0001-04
15/08/2020;15/08/2020 21:30:00;BLOODSHOT;BLOODSHOT;E1900579400000;DUBLADO;NÃO;ESTADOS UNIDOS;5004880;CIRCUITO CINEMAS PBAS- SALA 02;4;6000028;15568;27873;PARAUAPEBAS;PA;CIRCUITO ENTRETENIMENTO E CINEMAS LTDA;08.068.712/0001-54
15/08/2020;15/08/2020 21:30:00;BOHEMIAN RHAPSODY;BOHEMIAN RHAPSODY;E1800251900000;DUBLADO;NÃO;ESTADOS UNIDOS;5006551;CENTERPLEX LAPA DRIVE-IN - CINE CTN;91;6000006;2836;2842;SÃO PAULO;SP;EMPRESA SAO LUIZ DE CINEMAS LTDA - EM RECUPERACAO JUDICIAL;52.067.071/0001-05
15/08/2020;15/08/2020 21:30:00;BOHEMIAN RHAPSODY;BOHEMIAN RHAPSODY;E1800251900000;ORIGINAL;SIM;ESTADOS UNIDOS;5006560;CINE A ITAJUBÁ DRIVE-IN;6;6000008;15833;41725;ITAJUBÁ;MG;CINE A LTDA;10.894.937/0001-01
15/08/2020;15/08/2020 21:30:00;MINHA MÃE É UMA PEÇA 3;;B1900576900000;DUBLADO;NÃO;BRASIL;5006606;CINE CAVALIERE ORLANDI DRIVE IN;14;;15009;15010;SOCORRO;SP;ORLANDI MARCHESE LTDA - ME;03.091.068/0001-11
15/08/2020;15/08/2020 22:00:00;BIRDS OF PREY (AND THE FANTABULOUS EMANCIPATION OF ONE HARLEY QUINN);AVES DE RAPINA (ARLEQUINA E SUA EMANCIPAÇÃO FANTABULOSA);E1900628800000;DUBLADO;NÃO;ESTADOS UNIDOS;5006621;CINEPLUS PLANETA DRIVE IN PINHAIS;30;6000023;15673;46339;PINHAIS;PR;VITOMAQ PRODUÇÕES ARTISTICAS E CINEMA LTDA - ME;07.617.254/0001-00
15/08/2020;15/08/2020 22:00:00;CARCEREIROS - O FILMES;;B1900511300000;ORIGINAL;NÃO;BRASIL;5002102;CINE DRIVEIN;282;;5465;6715;BRASÍLIA;DF;STARK'S CINEMA E LANCHONETE LTDA.;32.917.296/0001-04
15/08/2020;15/08/2020 22:00:01;IT: CHAPTER TWO;IT - CAPÍTULO DOIS;E1900346500000;DUBLADO;NÃO;ESTADOS UNIDOS;5006590;SUPER DRIVE IN;18;6000006;2872;46068;SÃO BERNARDO DO CAMPO;SP;EMPRESA CENTERPLEX DE CINEMAS LTDA;00.812.310/0001-00
15/08/2020;15/08/2020 22:15:00;THE FATE OF THE FURIOUS;VELOZES E FURIOSOS 8;E1700045600000;DUBLADO;NÃO;FRANÇA;5006579;CINESYSTEM BRÁS DRIVE-IN;17;6000027;22546;34941;SÃO PAULO;SP;REDECINE BRA CINEMATOGRÁFICA S.A.;15.422.993/0001-67
15/08/2020;15/08/2020 22:30:00;1917;1917;E1900439000000;ORIGINAL;SIM;ESTADOS UNIDOS;5006558;CINESYSTEM IGUATEMI FLN DRIVE-IN;0;6000027;22546;41695;FLORIANÓPOLIS;SC;REDECINE BRA CINEMATOGRÁFICA S.A.;15.422.993/0001-67
15/08/2020;15/08/2020 22:30:00;A QUIET PLACE;UM LUGAR SILENCIOSO;E1800074200000;DUBLADO;NÃO;ESTADOS UNIDOS;5006605;MULTICINE MOSSORÓ DRIVE IN;3;6000045;5935;17881;MOSSORÓ;RN;MULTICINE CINEMAS LTDA;07.609.246/0001-04
15/08/2020;15/08/2020 22:30:00;HARRY POTTER AND THE DEATHLY HALLOWS - PART 1;HARRY POTTER E AS RELÍQUIAS DA MORTE - PARTE 1;E1500138700000;ORIGINAL;SIM;ESTADOS UNIDOS;5006580;CINESYSTEM MORUMBI TOWN DRIVE-IN;78;6000027;22546;34941;SÃO PAULO;SP;REDECINE BRA CINEMATOGRÁFICA S.A.;15.422.993/0001-67
15/08/2020;15/08/2020 22:30:00;LA LA LAND;LA LA LAND – CANTANDO ESTAÇÕES;E1600677400000;ORIGINAL;SIM;ESTADOS UNIDOS;5006571;CINESYSTEM AMÉRICAS DRIVE-IN;40;6000027;5348;28834;RIO DE JANEIRO;RJ;REDECINE - RIO CINEMATOGRAFICA S.A.;07.524.011/0001-10
15/08/2020;15/08/2020 22:30:01;A STAR IS BORN;NASCE UMA ESTRELA;E1800303500000;DUBLADO;NÃO;ESTADOS UNIDOS;5006622;SUPER CINE ESPAÇO DAS AMÉRICAS DRIVE IN;35;6000006;2836;46340;SÃO PAULO;SP;EMPRESA SAO LUIZ DE CINEMAS LTDA - EM RECUPERACAO JUDICIAL;52.067.071/0001-05
15/08/2020;15/08/2020 22:35:00;A STAR IS BORN;NASCE UMA ESTRELA;E1800303500000;DUBLADO;NÃO;ESTADOS UNIDOS;5006610;CINESYSTEM DRIVE-IN AEROPORTO VITÓRIA;13;6000027;22546;46257;VITÓRIA;ES;REDECINE BRA CINEMATOGRÁFICA S.A.;15.422.993/0001-67
15/08/2020;15/08/2020 22:40:00;OVERLORD;OPERAÇÃO OVERLORD;E1800381200000;DUBLADO;NÃO;ESTADOS UNIDOS;5006600;DRIVE - GYN ESTAÇÃO DA MODA;6;6000039;45898;46149;GOIÂNIA;GO;DRIVE-GYN ENTRETENIMENTO LTDA;37.109.882/0001-38
15/08/2020;15/08/2020 22:45:00;A STAR IS BORN;NASCE UMA ESTRELA;E1800303500000;ORIGINAL;SIM;ESTADOS UNIDOS;5006618;DRIVE - GYN SERRA DOURADA 02;18;6000039;45898;46312;GOIÂNIA;GO;DRIVE-GYN ENTRETENIMENTO LTDA;37.109.882/0001-38
15/08/2020;15/08/2020 22:50:00;AQUAMAN;AQUAMAN;E1800433400000;DUBLADO;NÃO;ESTADOS UNIDOS;5006591;DRIVE IN SHOPPING VILLA LOBOS;28;6000006;2872;46069;SÃO PAULO;SP;EMPRESA CENTERPLEX DE CINEMAS LTDA;00.812.310/0001-00
15/08/2020;15/08/2020 23:00:00;THE NUN;A FREIRA;E1800306100000;DUBLADO;NÃO;ESTADOS UNIDOS;5006602;TOPAZIO POLO SHOPPING DRIVE IN;31;6000057;2968;19182;INDAIATUBA;SP;LUI CINEMATOGRÁFICA LTDA.;71.912.711/0001-80
15/08/2020;15/08/2020 23:10:00;THE NUN;A FREIRA;E1800306100000;DUBLADO;NÃO;ESTADOS UNIDOS;5006575;DRIVE IN CINEART MIX GARDEN;24;6000013;437;45926;NOVA LIMA;MG;DELTA FILMES LTDA;01.735.159/0001-17
15/08/2020;15/08/2020 23:20:00;THE NUN;A FREIRA;E1800306100000;DUBLADO;NÃO;ESTADOS UNIDOS;5006567;CINESHOW TUBARÃO DRIVE-IN;7;6000025;33770;33771;TUBARÃO;SC;TUBARÃO FILMES LTDA;24.971.903/0001-88
16/08/2020;16/08/2020 13:00:00;JOKER;CORINGA;E1900357300000;DUBLADO;NÃO;CANADÁ;5004879;CIRCUITO CINEMAS PBAS- SALA 01;0;6000028;15568;27873;PARAUAPEBAS;PA;CIRCUITO ENTRETENIMENTO E CINEMAS LTDA;08.068.712/0001-54
16/08/2020;16/08/2020 13:00:00;MINHA MÃE É UMA PEÇA 3;;B1900576900000;ORIGINAL;NÃO;BRASIL;5004882;CIRCUITO CINEMAS PBAS- SALA 04;0;6000028;15568;27873;PARAUAPEBAS;PA;CIRCUITO ENTRETENIMENTO E CINEMAS LTDA;08.068.712/0001-54
16/08/2020;16/08/2020 13:40:00;SONIC THE HEDGEHOG;SONIC - O FILME;E2000012200000;DUBLADO;NÃO;CANADÁ;5004881;CIRCUITO CINEMAS PBAS- SALA 03;0;6000028;15568;27873;PARAUAPEBAS;PA;CIRCUITO ENTRETENIMENTO E CINEMAS LTDA;08.068.712/0001-54
16/08/2020;16/08/2020 14:00:00;BLOODSHOT;BLOODSHOT;E1900579400000;DUBLADO;NÃO;ESTADOS UNIDOS;5004880;CIRCUITO CINEMAS PBAS- SALA 02;11;6000028;15568;27873;PARAUAPEBAS;PA;CIRCUITO ENTRETENIMENTO E CINEMAS LTDA;08.068.712/0001-54
16/08/2020;16/08/2020 14:20:00;MEILLEUR RESTE À VENIR, LE;O MELHOR ESTÁ POR VIR;E2000004900000;ORIGINAL;SIM;BÉLGICA;5002722;SALA CINE PLAYARTE MANAUARA 07;3;6000049;260;16356;MANAUS;AM;PLAYARTE CINEMAS LTDA.;60.434.149/0001-00
16/08/2020;16/08/2020 14:40:00;BAD BOYS FOR LIFE;BAD BOYS PARA SEMPRE;E1900525600000;DUBLADO;NÃO;ESTADOS UNIDOS;5002726;SALA CINE PLAYARTE MANAUARA 06;19;6000049;260;16356;MANAUS;AM;PLAYARTE CINEMAS LTDA.;60.434.149/0001-00
16/08/2020;16/08/2020 15:00:00;DOLITTLE;DOLITTLE;E1900437900000;DUBLADO;NÃO;ESTADOS UNIDOS;5006589;MOVIEMAX-PLANETA DRIVE IN;54;6000109;16398;26188;RECIFE;PE;P.M.C. CINEMAS DO BRASIL LTDA;04.488.617/0001-59
16/08/2020;16/08/2020 15:00:00;JUMANJI: NEXT LEVEL;JUMANJI: PROXIMA FASE;E1900458100000;DUBLADO;NÃO;ESTADOS UNIDOS;5005930;MOBI CINE AÇAILÂNDIA SALA 02;9;6000040;38236;38237;AÇAILÂNDIA;MA;C A V LEMOS E CIA LTDA - ME;14.717.191/0001-11
16/08/2020;16/08/2020 15:10:00;BLOODSHOT;BLOODSHOT;E1900579400000;DUBLADO;NÃO;ESTADOS UNIDOS;5002721;SALA CINE PLAYARTE MANAUARA 01;32;6000049;260;16356;MANAUS;AM;PLAYARTE CINEMAS LTDA.;60.434.149/0001-00
16/08/2020;16/08/2020 15:30:00;BLOODSHOT;BLOODSHOT;E1900579400000;DUBLADO;NÃO;ESTADOS UNIDOS;5005929;MOBI CINE AÇAILÂNDIA SALA 01;2;6000040;38236;38237;AÇAILÂNDIA;MA;C A V LEMOS E CIA LTDA - ME;14.717.191/0001-11
16/08/2020;16/08/2020 15:30:00;MINHA MÃE É UMA PEÇA 3;;B1900576900000;ORIGINAL;NÃO;BRASIL;5004882;CIRCUITO CINEMAS PBAS- SALA 04;0;6000028;15568;27873;PARAUAPEBAS;PA;CIRCUITO ENTRETENIMENTO E CINEMAS LTDA;08.068.712/0001-54
16/08/2020;16/08/2020 15:30:00;OS ESPETACULARES;;B2000163800000;ORIGINAL;NÃO;BRASIL;5002727;SALA CINE PLAYARTE MANAUARA 04;13;6000049;260;16356;MANAUS;AM;PLAYARTE CINEMAS LTDA.;60.434.149/0001-00
16/08/2020;16/08/2020 15:45:00;JOKER;CORINGA;E1900357300000;DUBLADO;NÃO;CANADÁ;5004879;CIRCUITO CINEMAS PBAS- SALA 01;0;6000028;15568;27873;PARAUAPEBAS;PA;CIRCUITO ENTRETENIMENTO E CINEMAS LTDA;08.068.712/0001-54
16/08/2020;16/08/2020 16:00:00;ALADDIN;ALADDIN;E1900188100000;DUBLADO;NÃO;ESTADOS UNIDOS;5006554;CINEPLUS XAXIM DRIVE-IN - PLANETA DRIVE-IN;30;6000023;15673;15674;CURITIBA;PR;VITOMAQ PRODUÇÕES ARTISTICAS E CINEMA LTDA - ME;07.617.254/0001-00
16/08/2020;16/08/2020 16:00:00;JUMANJI: NEXT LEVEL;JUMANJI: PROXIMA FASE;E1900458100000;DUBLADO;NÃO;ESTADOS UNIDOS;5001149;CINE PORTO;0;;2351;2352;UBATUBA;SP;CINEMATOGRÁFICA LITORAL NORTE LTDA-EPP;04.165.613/0001-30
16/08/2020;16/08/2020 16:00:00;SONIC THE HEDGEHOG;SONIC - O FILME;E2000012200000;DUBLADO;NÃO;CANADÁ;5004881;CIRCUITO CINEMAS PBAS- SALA 03;17;6000028;15568;27873;PARAUAPEBAS;PA;CIRCUITO ENTRETENIMENTO E CINEMAS LTDA;08.068.712/0001-54
16/08/2020;16/08/2020 16:20:00;QUEEN OF SPADES: THROUGH THE LOOKING GLASS;A MALDIÇÃO DO ESPELHO;E1900574500000;DUBLADO;NÃO;RÚSSIA;5005931;MOBI CINE AÇAILÂNDIA SALA 03;0;6000040;38236;38237;AÇAILÂNDIA;MA;C A V LEMOS E CIA LTDA - ME;14.717.191/0001-11
16/08/2020;16/08/2020 16:30:00;BLOODSHOT;BLOODSHOT;E1900579400000;DUBLADO;NÃO;ESTADOS UNIDOS;5004880;CIRCUITO CINEMAS PBAS- SALA 02;1;6000028;15568;27873;PARAUAPEBAS;PA;CIRCUITO ENTRETENIMENTO E CINEMAS LTDA;08.068.712/0001-54
16/08/2020;16/08/2020 16:30:00;DENTRO DA MINHA PELE;;B2000325100000;ORIGINAL;NÃO;BRASIL;5002723;SALA CINE PLAYARTE MANAUARA 03;0;6000049;260;16356;MANAUS;AM;PLAYARTE CINEMAS LTDA.;60.434.149/0001-00
16/08/2020;16/08/2020 16:30:00;SONIC THE HEDGEHOG;SONIC - O FILME;E2000012200000;DUBLADO;NÃO;CANADÁ;5006621;CINEPLUS PLANETA DRIVE IN PINHAIS;39;6000023;15673;46339;PINHAIS;PR;VITOMAQ PRODUÇÕES ARTISTICAS E CINEMA LTDA - ME;07.617.254/0001-00
16/08/2020;16/08/2020 16:50:00;MEILLEUR RESTE À VENIR, LE;O MELHOR ESTÁ POR VIR;E2000004900000;ORIGINAL;SIM;BÉLGICA;5002722;SALA CINE PLAYARTE MANAUARA 07;7;6000049;260;16356;MANAUS;AM;PLAYARTE CINEMAS LTDA.;60.434.149/0001-00
16/08/2020;16/08/2020 17:20:00;BIRDS OF PREY (AND THE FANTABULOUS EMANCIPATION OF ONE HARLEY QUINN);AVES DE RAPINA (ARLEQUINA E SUA EMANCIPAÇÃO FANTABULOSA);E1900628800000;DUBLADO;NÃO;ESTADOS UNIDOS;5002726;SALA CINE PLAYARTE MANAUARA 06;11;6000049;260;16356;MANAUS;AM;PLAYARTE CINEMAS LTDA.;60.434.149/0001-00
16/08/2020;16/08/2020 17:30:00;JUMANJI: NEXT LEVEL;JUMANJI: PROXIMA FASE;E1900458100000;DUBLADO;NÃO;ESTADOS UNIDOS;5005930;MOBI CINE AÇAILÂNDIA SALA 02;3;6000040;38236;38237;AÇAILÂNDIA;MA;C A V LEMOS E CIA LTDA - ME;14.717.191/0001-11
16/08/2020;16/08/2020 17:30:00;MINHA VIDA EM MARTE;;B1800539000000;ORIGINAL;NÃO;BRASIL;5006590;SUPER DRIVE IN;7;6000006;2872;46068;SÃO BERNARDO DO CAMPO;SP;EMPRESA CENTERPLEX DE CINEMAS LTDA;00.812.310/0001-00
16/08/2020;16/08/2020 17:40:00;MINHA MÃE É UMA PEÇA 3;;B1900576900000;ORIGINAL;NÃO;BRASIL;5002727;SALA CINE PLAYARTE MANAUARA 04;20;6000049;260;16356;MANAUS;AM;PLAYARTE CINEMAS LTDA.;60.434.149/0001-00
16/08/2020;16/08/2020 18:00:00;A STAR IS BORN;NASCE UMA ESTRELA;E1800303500000;DUBLADO;NÃO;ESTADOS UNIDOS;5004882;CIRCUITO CINEMAS PBAS- SALA 04;0;6000028;15568;27873;PARAUAPEBAS;PA;CIRCUITO ENTRETENIMENTO E CINEMAS LTDA;08.068.712/0001-54
16/08/2020;16/08/2020 18:00:00;BLOODSHOT;BLOODSHOT;E1900579400000;DUBLADO;NÃO;ESTADOS UNIDOS;5005929;MOBI CINE AÇAILÂNDIA SALA 01;5;6000040;38236;38237;AÇAILÂNDIA;MA;C A V LEMOS E CIA LTDA - ME;14.717.191/0001-11
16/08/2020;16/08/2020 18:00:00;BLOODSHOT;BLOODSHOT;E1900579400000;ORIGINAL;SIM;ESTADOS UNIDOS;5002721;SALA CINE PLAYARTE MANAUARA 01;8;6000049;260;16356;MANAUS;AM;PLAYARTE CINEMAS LTDA.;60.434.149/0001-00
16/08/2020;16/08/2020 18:00:00;ONWARD;DOIS IRMÃOS: UMA JORNADA FANTÁSTICA;E1900366400000;DUBLADO;NÃO;ESTADOS UNIDOS;5002102;CINE DRIVEIN;225;;5465;6715;BRASÍLIA;DF;STARK'S CINEMA E LANCHONETE LTDA.;32.917.296/0001-04
16/08/2020;16/08/2020 18:10:00;THE LION KING;O REI LEÃO;E1900267700000;DUBLADO;NÃO;ESTADOS UNIDOS;5006572;CINE 14 BIS DRIVE-IN;4;;5822;6623;GUAXUPÉ;MG;GUAXUPE PROMOCOES E EVENTOS LTDA;03.929.354/0001-03
16/08/2020;16/08/2020 18:15:00;BABY DRIVER;EM RITMO DE FUGA;E1500757900000;DUBLADO;NÃO;ESTADOS UNIDOS;5006618;DRIVE - GYN SERRA DOURADA 02;4;6000039;45898;46312;GOIÂNIA;GO;DRIVE-GYN ENTRETENIMENTO LTDA;37.109.882/0001-38
16/08/2020;16/08/2020 18:15:00;HOW TO TRAIN YOUR DRAGON: THE HIDDEN WORLD;COMO TREINAR O SEU DRAGÃO 3;E1800532200000;DUBLADO;NÃO;ESTADOS UNIDOS;5006602;TOPAZIO POLO SHOPPING DRIVE IN;42;6000057;2968;19182;INDAIATUBA;SP;LUI CINEMATOGRÁFICA LTDA.;71.912.711/0001-80
16/08/2020;16/08/2020 18:15:00;SONIC THE HEDGEHOG;SONIC - O FILME;E2000012200000;DUBLADO;NÃO;CANADÁ;5006605;MULTICINE MOSSORÓ DRIVE IN;3;6000045;5935;17881;MOSSORÓ;RN;MULTICINE CINEMAS LTDA;07.609.246/0001-04
16/08/2020;16/08/2020 18:15:00;TEEN TITANS GO! TO THE MOVIES;JOVENS TITÃS EM AÇÃO! NOS CINEMAS;E1800215000000;DUBLADO;NÃO;ESTADOS UNIDOS;5006600;DRIVE - GYN ESTAÇÃO DA MODA;1;6000039;45898;46149;GOIÂNIA;GO;DRIVE-GYN ENTRETENIMENTO LTDA;37.109.882/0001-38
16/08/2020;16/08/2020 18:15:00;TEEN TITANS GO! TO THE MOVIES;JOVENS TITÃS EM AÇÃO! NOS CINEMAS;E1800215000000;DUBLADO;NÃO;ESTADOS UNIDOS;5006619;DRIVE - GYN SERRA DOURADA 03;38;6000039;45898;46312;GOIÂNIA;GO;DRIVE-GYN ENTRETENIMENTO LTDA;37.109.882/0001-38
16/08/2020;16/08/2020 18:15:01;YESTERDAY;YESTERDAY;E1900265700000;DUBLADO;NÃO;REINO UNIDO;5006617;DRIVE - GYN SERRA DOURADA 01;2;6000039;45898;46312;GOIÂNIA;GO;DRIVE-GYN ENTRETENIMENTO LTDA;37.109.882/0001-38
16/08/2020;16/08/2020 18:20:00;QUEEN OF SPADES: THROUGH THE LOOKING GLASS;A MALDIÇÃO DO ESPELHO;E1900574500000;DUBLADO;NÃO;RÚSSIA;5005931;MOBI CINE AÇAILÂNDIA SALA 03;9;6000040;38236;38237;AÇAILÂNDIA;MA;C A V LEMOS E CIA LTDA - ME;14.717.191/0001-11
16/08/2020;16/08/2020 18:20:00;SONIC THE HEDGEHOG;SONIC - O FILME;E2000012200000;DUBLADO;NÃO;CANADÁ;5004881;CIRCUITO CINEMAS PBAS- SALA 03;0;6000028;15568;27873;PARAUAPEBAS;PA;CIRCUITO ENTRETENIMENTO E CINEMAS LTDA;08.068.712/0001-54
16/08/2020;16/08/2020 18:25:00;TEA PETS;OS BRINQUEDOS MÁGICOS;E1900314200000;DUBLADO;NÃO;CHINA;5006579;CINESYSTEM BRÁS DRIVE-IN;7;6000027;22546;34941;SÃO PAULO;SP;REDECINE BRA CINEMATOGRÁFICA S.A.;15.422.993/0001-67
16/08/2020;16/08/2020 18:30:00;JOKER;CORINGA;E1900357300000;DUBLADO;NÃO;CANADÁ;5004879;CIRCUITO CINEMAS PBAS- SALA 01;13;6000028;15568;27873;PARAUAPEBAS;PA;CIRCUITO ENTRETENIMENTO E CINEMAS LTDA;08.068.712/0001-54
16/08/2020;16/08/2020 18:30:00;JUMANJI: NEXT LEVEL;JUMANJI: PROXIMA FASE;E1900458100000;DUBLADO;NÃO;ESTADOS UNIDOS;5001149;CINE PORTO;6;;2351;2352;UBATUBA;SP;CINEMATOGRÁFICA LITORAL NORTE LTDA-EPP;04.165.613/0001-30
16/08/2020;16/08/2020 18:30:00;ONWARD;DOIS IRMÃOS: UMA JORNADA FANTÁSTICA;E1900366400000;DUBLADO;NÃO;ESTADOS UNIDOS;5006560;CINE A ITAJUBÁ DRIVE-IN;10;6000008;15833;41725;ITAJUBÁ;MG;CINE A LTDA;10.894.937/0001-01
16/08/2020;16/08/2020 18:30:00;SMALLFOOT;PÉPEQUENO;E1800215200000;DUBLADO;NÃO;ESTADOS UNIDOS;5006610;CINESYSTEM DRIVE-IN AEROPORTO VITÓRIA;30;6000027;22546;46257;VITÓRIA;ES;REDECINE BRA CINEMATOGRÁFICA S.A.;15.422.993/0001-67
16/08/2020;16/08/2020 18:30:00;TEEN TITANS GO! TO THE MOVIES;JOVENS TITÃS EM AÇÃO! NOS CINEMAS;E1800215000000;DUBLADO;NÃO;ESTADOS UNIDOS;5006571;CINESYSTEM AMÉRICAS DRIVE-IN;27;6000027;5348;28834;RIO DE JANEIRO;RJ;REDECINE - RIO CINEMATOGRAFICA S.A.;07.524.011/0001-10
16/08/2020;16/08/2020 18:30:00;THE QUEEN´S CORGI;THE QUEEN'S CORGI;E1900148700000;DUBLADO;NÃO;BÉLGICA;5006580;CINESYSTEM MORUMBI TOWN DRIVE-IN;52;6000027;22546;34941;SÃO PAULO;SP;REDECINE BRA CINEMATOGRÁFICA S.A.;15.422.993/0001-67
16/08/2020;16/08/2020 18:30:00;THE SECRET LIFE OF PETS 2;PETS: A VIDA SECRETA DOS BICHOS 2;E1900162100000;DUBLADO;NÃO;ESTADOS UNIDOS;5006558;CINESYSTEM IGUATEMI FLN DRIVE-IN;0;6000027;22546;41695;FLORIANÓPOLIS;SC;REDECINE BRA CINEMATOGRÁFICA S.A.;15.422.993/0001-67
16/08/2020;16/08/2020 18:30:01;ONWARD;DOIS IRMÃOS: UMA JORNADA FANTÁSTICA;E1900366400000;DUBLADO;NÃO;ESTADOS UNIDOS;5006585;CENTERPLEX CAMPO DE MARTE DRIVE-IN;0;6000006;36999;37000;SÃO PAULO;SP;CINE ELI SP CINEMAS LTDA;27.676.231/0001-76
16/08/2020;16/08/2020 18:40:00;GRETEL & HANSEL (2020);MARIA E JOÃO - O CONTO DAS BRUXAS;E1900467000000;DUBLADO;NÃO;ESTADOS UNIDOS;5002723;SALA CINE PLAYARTE MANAUARA 03;51;6000049;260;16356;MANAUS;AM;PLAYARTE CINEMAS LTDA.;60.434.149/0001-00
16/08/2020;16/08/2020 18:40:00;STITCHES;CICATRIZES;E2000012300000;ORIGINAL;SIM;SÉRVIA;5006578;CINE ARTE PAJUÇARA DRIVE-IN;4;;26591;26593;MACEIÓ;AL;ASSOCIAÇÃO CULTURAL ARTE PAJUÇARA - ACAP;19.442.911/0001-05
16/08/2020;16/08/2020 18:40:01;WONDER PARK;O PARQUE DOS SONHOS;E1900025300000;DUBLADO;NÃO;ESTADOS UNIDOS;5006574;DRIVE IN CINEART ALPHAVILLE;30;6000013;437;45925;NOVA LIMA;MG;DELTA FILMES LTDA;01.735.159/0001-17
16/08/2020;16/08/2020 18:45:00;HOW TO TRAIN YOUR DRAGON: THE HIDDEN WORLD;COMO TREINAR O SEU DRAGÃO 3;E1800532200000;DUBLADO;NÃO;ESTADOS UNIDOS;5006620;CINEMAIS MONTES CLAROS DRIVE IN;8;6000017;2892;23844;MONTES CLAROS;MG;CINEMAIS CINEMAS LTDA;03.868.869/0001-40
16/08/2020;16/08/2020 18:50:00;COCO;VIVA - A VIDA É UMA FESTA;E1700453400000;DUBLADO;NÃO;ESTADOS UNIDOS;5006570;TOP CINEPLEX PAULÍNIA - DRIVE-IN;12;6000056;19398;19399;PAULÍNIA;SP;DIAS CINEMATOGRÁFICA LTDA-EPP;12.128.142/0001-18
16/08/2020;16/08/2020 19:00:00;BLOODSHOT;BLOODSHOT;E1900579400000;DUBLADO;NÃO;ESTADOS UNIDOS;5004880;CIRCUITO CINEMAS PBAS- SALA 02;18;6000028;15568;27873;PARAUAPEBAS;PA;CIRCUITO ENTRETENIMENTO E CINEMAS LTDA;08.068.712/0001-54
16/08/2020;16/08/2020 19:00:00;BOHEMIAN RHAPSODY;BOHEMIAN RHAPSODY;E1800251900000;ORIGINAL;SIM;ESTADOS UNIDOS;5006554;CINEPLUS XAXIM DRIVE-IN - PLANETA DRIVE-IN;21;6000023;15673;15674;CURITIBA;PR;VITOMAQ PRODUÇÕES ARTISTICAS E CINEMA LTDA - ME;07.617.254/0001-00
16/08/2020;16/08/2020 19:00:00;TEEN TITANS GO! TO THE MOVIES;JOVENS TITÃS EM AÇÃO! NOS CINEMAS;E1800215000000;DUBLADO;NÃO;ESTADOS UNIDOS;5006616;CINEMAIS LORENA DRIVE IN;1;6000017;2892;31517;LORENA;SP;CINEMAIS CINEMAS LTDA;03.868.869/0001-40
16/08/2020;16/08/2020 19:00:00;THE LION KING;O REI LEÃO;E1900267700000;DUBLADO;NÃO;ESTADOS UNIDOS;5006551;CENTERPLEX LAPA DRIVE-IN - CINE CTN;42;6000006;2836;2842;SÃO PAULO;SP;EMPRESA SAO LUIZ DE CINEMAS LTDA - EM RECUPERACAO JUDICIAL;52.067.071/0001-05
16/08/2020;16/08/2020 19:00:00;THE LION KING;O REI LEÃO;E1900267700000;DUBLADO;NÃO;ESTADOS UNIDOS;5006606;CINE CAVALIERE ORLANDI DRIVE IN;6;;15009;15010;SOCORRO;SP;ORLANDI MARCHESE LTDA - ME;03.091.068/0001-11
16/08/2020;16/08/2020 19:10:00;DESPICABLE ME 3;MEU MALVADO FAVORITO 3;E1500759400000;DUBLADO;NÃO;ESTADOS UNIDOS;5006586;MULTICINE DRIVE IN - CIDADE JARDIM;5;6000045;5935;30736;GOIÂNIA;GO;MULTICINE CINEMAS LTDA;07.609.246/0001-04
16/08/2020;16/08/2020 19:30:00;JUMANJI: NEXT LEVEL;JUMANJI: PROXIMA FASE;E1900458100000;DUBLADO;NÃO;ESTADOS UNIDOS;5002722;SALA CINE PLAYARTE MANAUARA 07;36;6000049;260;16356;MANAUS;AM;PLAYARTE CINEMAS LTDA.;60.434.149/0001-00
16/08/2020;16/08/2020 19:30:00;SPIDER-MAN: FAR FROM HOME;HOMEM-ARANHA LONGE DE CASA;E1900127700000;DUBLADO;NÃO;ESTADOS UNIDOS;5006587;CENTERPLEX CINE ESTANCIA DRIVE PARK;13;6000006;27814;46014;SÃO BERNARDO DO CAMPO;SP;CINEMATOGRÁFICA LIMEIRA LTDA;17.360.792/0001-08
16/08/2020;16/08/2020 19:50:00;POKEMON DETECTIVE PIKACHU;POKÉMON DETETIVE PIKACHU;E1900062700000;DUBLADO;NÃO;ESTADOS UNIDOS;5006590;SUPER DRIVE IN;11;6000006;2872;46068;SÃO BERNARDO DO CAMPO;SP;EMPRESA CENTERPLEX DE CINEMAS LTDA;00.812.310/0001-00
16/08/2020;16/08/2020 19:50:00;THE INVISIBLE MAN;O HOMEM INVISÍVEL;E1900438600000;DUBLADO;NÃO;AUSTRÁLIA;5002726;SALA CINE PLAYARTE MANAUARA 06;25;6000049;260;16356;MANAUS;AM;PLAYARTE CINEMAS LTDA.;60.434.149/0001-00
16/08/2020;16/08/2020 20:00:00;A STAR IS BORN;NASCE UMA ESTRELA;E1800303500000;ORIGINAL;SIM;ESTADOS UNIDOS;5006600;DRIVE - GYN ESTAÇÃO DA MODA;2;6000039;45898;46149;GOIÂNIA;GO;DRIVE-GYN ENTRETENIMENTO LTDA;37.109.882/0001-38
16/08/2020;16/08/2020 20:00:00;DOLITTLE;DOLITTLE;E1900437900000;DUBLADO;NÃO;ESTADOS UNIDOS;5006561;CINEART CACOAL SHOPPING SALA DRIVE-IN;3;;19535;37071;CACOAL;RO;CINE ART LTDA ME;07.083.456/0001-01
16/08/2020;16/08/2020 20:00:00;POKEMON DETECTIVE PIKACHU;POKÉMON DETETIVE PIKACHU;E1900062700000;DUBLADO;NÃO;ESTADOS UNIDOS;5002102;CINE DRIVEIN;225;;5465;6715;BRASÍLIA;DF;STARK'S CINEMA E LANCHONETE LTDA.;32.917.296/0001-04
16/08/2020;16/08/2020 20:10:00;BAD BOYS 3;BAD BOYS 3;E1500757400000;DUBLADO;NÃO;ESTADOS UNIDOS;5005930;MOBI CINE AÇAILÂNDIA SALA 02;4;6000040;38236;38237;AÇAILÂNDIA;MA;C A V LEMOS E CIA LTDA - ME;14.717.191/0001-11
16/08/2020;16/08/2020 20:10:00;OS ESPETACULARES;;B2000163800000;ORIGINAL;NÃO;BRASIL;5002727;SALA CINE PLAYARTE MANAUARA 04;4;6000049;260;16356;MANAUS;AM;PLAYARTE CINEMAS LTDA.;60.434.149/0001-00
16/08/2020;16/08/2020 20:15:00;MINHA MÃE É UMA PEÇA 3;;B1900576900000;ORIGINAL;NÃO;BRASIL;5006605;MULTICINE MOSSORÓ DRIVE IN;1;6000045;5935;17881;MOSSORÓ;RN;MULTICINE CINEMAS LTDA;07.609.246/0001-04
16/08/2020;16/08/2020 20:20:00;POKEMON DETECTIVE PIKACHU;POKÉMON DETETIVE PIKACHU;E1900062700000;DUBLADO;NÃO;ESTADOS UNIDOS;5006558;CINESYSTEM IGUATEMI FLN DRIVE-IN;0;6000027;22546;41695;FLORIANÓPOLIS;SC;REDECINE BRA CINEMATOGRÁFICA S.A.;15.422.993/0001-67
16/08/2020;16/08/2020 20:20:00;QUEEN OF SPADES: THROUGH THE LOOKING GLASS;A MALDIÇÃO DO ESPELHO;E1900574500000;DUBLADO;NÃO;RÚSSIA;5005931;MOBI CINE AÇAILÂNDIA SALA 03;2;6000040;38236;38237;AÇAILÂNDIA;MA;C A V LEMOS E CIA LTDA - ME;14.717.191/0001-11
16/08/2020;16/08/2020 20:20:00;THE ADDAMS FAMILY;A FAMÍLIA ADDAMS;E1900349600000;DUBLADO;NÃO;CANADÁ;5006579;CINESYSTEM BRÁS DRIVE-IN;5;6000027;22546;34941;SÃO PAULO;SP;REDECINE BRA CINEMATOGRÁFICA S.A.;15.422.993/0001-67
16/08/2020;16/08/2020 20:25:00;DOLITTLE;DOLITTLE;E1900437900000;DUBLADO;NÃO;ESTADOS UNIDOS;5006580;CINESYSTEM MORUMBI TOWN DRIVE-IN;79;6000027;22546;34941;SÃO PAULO;SP;REDECINE BRA CINEMATOGRÁFICA S.A.;15.422.993/0001-67
16/08/2020;16/08/2020 20:25:00;MÚSICA PARA MORRER DE AMOR;;B1900341900000;ORIGINAL;NÃO;BRASIL;5006571;CINESYSTEM AMÉRICAS DRIVE-IN;14;6000027;5348;28834;RIO DE JANEIRO;RJ;REDECINE - RIO CINEMATOGRAFICA S.A.;07.524.011/0001-10
16/08/2020;16/08/2020 20:30:00;BABY DRIVER;EM RITMO DE FUGA;E1500757900000;ORIGINAL;SIM;ESTADOS UNIDOS;5006618;DRIVE - GYN SERRA DOURADA 02;10;6000039;45898;46312;GOIÂNIA;GO;DRIVE-GYN ENTRETENIMENTO LTDA;37.109.882/0001-38
16/08/2020;16/08/2020 20:30:00;BLOODSHOT;BLOODSHOT;E1900579400000;DUBLADO;NÃO;ESTADOS UNIDOS;5005929;MOBI CINE AÇAILÂNDIA SALA 01;0;6000040;38236;38237;AÇAILÂNDIA;MA;C A V LEMOS E CIA LTDA - ME;14.717.191/0001-11
16/08/2020;16/08/2020 20:30:00;BLOODSHOT;BLOODSHOT;E1900579400000;DUBLADO;NÃO;ESTADOS UNIDOS;5002721;SALA CINE PLAYARTE MANAUARA 01;32;6000049;260;16356;MANAUS;AM;PLAYARTE CINEMAS LTDA.;60.434.149/0001-00
16/08/2020;16/08/2020 20:30:00;DOLITTLE;DOLITTLE;E1900437900000;DUBLADO;NÃO;ESTADOS UNIDOS;5006610;CINESYSTEM DRIVE-IN AEROPORTO VITÓRIA;16;6000027;22546;46257;VITÓRIA;ES;REDECINE BRA CINEMATOGRÁFICA S.A.;15.422.993/0001-67
16/08/2020;16/08/2020 20:30:00;Mostras e Festivais;;G0000000000004;ORIGINAL;NÃO;;5006578;CINE ARTE PAJUÇARA DRIVE-IN;5;;26591;26593;MACEIÓ;AL;ASSOCIAÇÃO CULTURAL ARTE PAJUÇARA - ACAP;19.442.911/0001-05
16/08/2020;16/08/2020 20:30:01;Mostras e Festivais;;G0000000000004;ORIGINAL;SIM;;5006619;DRIVE - GYN SERRA DOURADA 03;12;6000039;45898;46312;GOIÂNIA;GO;DRIVE-GYN ENTRETENIMENTO LTDA;37.109.882/0001-38
16/08/2020;16/08/2020 20:30:01;YESTERDAY;YESTERDAY;E1900265700000;ORIGINAL;SIM;REINO UNIDO;5006617;DRIVE - GYN SERRA DOURADA 01;23;6000039;45898;46312;GOIÂNIA;GO;DRIVE-GYN ENTRETENIMENTO LTDA;37.109.882/0001-38
16/08/2020;16/08/2020 20:40:00;BIRDS OF PREY (AND THE FANTABULOUS EMANCIPATION OF ONE HARLEY QUINN);AVES DE RAPINA (ARLEQUINA E SUA EMANCIPAÇÃO FANTABULOSA);E1900628800000;DUBLADO;NÃO;ESTADOS UNIDOS;5004881;CIRCUITO CINEMAS PBAS- SALA 03;7;6000028;15568;27873;PARAUAPEBAS;PA;CIRCUITO ENTRETENIMENTO E CINEMAS LTDA;08.068.712/0001-54
16/08/2020;16/08/2020 20:50:00;GRETEL & HANSEL (2020);MARIA E JOÃO - O CONTO DAS BRUXAS;E1900467000000;DUBLADO;NÃO;ESTADOS UNIDOS;5002723;SALA CINE PLAYARTE MANAUARA 03;40;6000049;260;16356;MANAUS;AM;PLAYARTE CINEMAS LTDA.;60.434.149/0001-00
16/08/2020;16/08/2020 20:50:00;JOKER;CORINGA;E1900357300000;DUBLADO;NÃO;CANADÁ;5006616;CINEMAIS LORENA DRIVE IN;7;6000017;2892;31517;LORENA;SP;CINEMAIS CINEMAS LTDA;03.868.869/0001-40
16/08/2020;16/08/2020 21:00:00;A STAR IS BORN;NASCE UMA ESTRELA;E1800303500000;DUBLADO;NÃO;ESTADOS UNIDOS;5006572;CINE 14 BIS DRIVE-IN;2;;5822;6623;GUAXUPÉ;MG;GUAXUPE PROMOCOES E EVENTOS LTDA;03.929.354/0001-03
16/08/2020;16/08/2020 21:00:00;A STAR IS BORN;NASCE UMA ESTRELA;E1800303500000;DUBLADO;NÃO;ESTADOS UNIDOS;5006602;TOPAZIO POLO SHOPPING DRIVE IN;13;6000057;2968;19182;INDAIATUBA;SP;LUI CINEMATOGRÁFICA LTDA.;71.912.711/0001-80
16/08/2020;16/08/2020 21:00:00;ANNABELLE COMES HOME;ANNABELLE 3: DE VOLTA PARA CASA;E1900234800000;ORIGINAL;SIM;ESTADOS UNIDOS;5006562;CINE QUINZE DRIVE-IN;7;6000012;15558;39450;GUARAPUAVA;PR;CINE QUINZE CINEMAS LTDA;04.752.934/0001-30
16/08/2020;16/08/2020 21:00:00;MINHA MÃE É UMA PEÇA 3;;B1900576900000;ORIGINAL;NÃO;BRASIL;5004882;CIRCUITO CINEMAS PBAS- SALA 04;0;6000028;15568;27873;PARAUAPEBAS;PA;CIRCUITO ENTRETENIMENTO E CINEMAS LTDA;08.068.712/0001-54
16/08/2020;16/08/2020 21:00:01;A STAR IS BORN;NASCE UMA ESTRELA;E1800303500000;DUBLADO;NÃO;ESTADOS UNIDOS;5006574;DRIVE IN CINEART ALPHAVILLE;16;6000013;437;45925;NOVA LIMA;MG;DELTA FILMES LTDA;01.735.159/0001-17
16/08/2020;16/08/2020 21:00:01;CAPTAIN MARVEL;CAPITÃ MARVEL;E1900011200000;DUBLADO;NÃO;ESTADOS UNIDOS;5006585;CENTERPLEX CAMPO DE MARTE DRIVE-IN;21;6000006;36999;37000;SÃO PAULO;SP;CINE ELI SP CINEMAS LTDA;27.676.231/0001-76
16/08/2020;16/08/2020 21:10:00;BIRDS OF PREY (AND THE FANTABULOUS EMANCIPATION OF ONE HARLEY QUINN);AVES DE RAPINA (ARLEQUINA E SUA EMANCIPAÇÃO FANTABULOSA);E1900628800000;DUBLADO;NÃO;ESTADOS UNIDOS;5006570;TOP CINEPLEX PAULÍNIA - DRIVE-IN;16;6000056;19398;19399;PAULÍNIA;SP;DIAS CINEMATOGRÁFICA LTDA-EPP;12.128.142/0001-18
16/08/2020;16/08/2020 21:10:00;MINHA MÃE É UMA PEÇA 3;;B1900576900000;ORIGINAL;NÃO;BRASIL;5006620;CINEMAIS MONTES CLAROS DRIVE IN;12;6000017;2892;23844;MONTES CLAROS;MG;CINEMAIS CINEMAS LTDA;03.868.869/0001-40
16/08/2020;16/08/2020 21:15:00;JOKER;CORINGA;E1900357300000;DUBLADO;NÃO;CANADÁ;5004879;CIRCUITO CINEMAS PBAS- SALA 01;0;6000028;15568;27873;PARAUAPEBAS;PA;CIRCUITO ENTRETENIMENTO E CINEMAS LTDA;08.068.712/0001-54
16/08/2020;16/08/2020 21:20:00;JURASSIC WORLD: FALLEN KINGDOM;JURASSIC WORLD - REINO AMEAÇADO;E1800169900000;DUBLADO;NÃO;ESTADOS UNIDOS;5006586;MULTICINE DRIVE IN - CIDADE JARDIM;11;6000045;5935;30736;GOIÂNIA;GO;MULTICINE CINEMAS LTDA;07.609.246/0001-04
16/08/2020;16/08/2020 21:30:00;BIRDS OF PREY (AND THE FANTABULOUS EMANCIPATION OF ONE HARLEY QUINN);AVES DE RAPINA (ARLEQUINA E SUA EMANCIPAÇÃO FANTABULOSA);E1900628800000;DUBLADO;NÃO;ESTADOS UNIDOS;5006551;CENTERPLEX LAPA DRIVE-IN - CINE CTN;53;6000006;2836;2842;SÃO PAULO;SP;EMPRESA SAO LUIZ DE CINEMAS LTDA - EM RECUPERACAO JUDICIAL;52.067.071/0001-05
16/08/2020;16/08/2020 21:30:00;BLOODSHOT;BLOODSHOT;E1900579400000;DUBLADO;NÃO;ESTADOS UNIDOS;5004880;CIRCUITO CINEMAS PBAS- SALA 02;18;6000028;15568;27873;PARAUAPEBAS;PA;CIRCUITO ENTRETENIMENTO E CINEMAS LTDA;08.068.712/0001-54
16/08/2020;16/08/2020 21:30:00;JOHN WICK 3: PARABELLUM;JOHN WICK 3: PARABELLUM;E1900126300000;ORIGINAL;SIM;ESTADOS UNIDOS;5006589;MOVIEMAX-PLANETA DRIVE IN;10;6000109;16398;26188;RECIFE;PE;P.M.C. CINEMAS DO BRASIL LTDA;04.488.617/0001-59
16/08/2020;16/08/2020 21:30:00;JOKER;CORINGA;E1900357300000;DUBLADO;NÃO;CANADÁ;5006591;DRIVE IN SHOPPING VILLA LOBOS;13;6000006;2872;46069;SÃO PAULO;SP;EMPRESA CENTERPLEX DE CINEMAS LTDA;00.812.310/0001-00
16/08/2020;16/08/2020 21:30:00;MINHA MÃE É UMA PEÇA 3;;B1900576900000;ORIGINAL;NÃO;BRASIL;5006560;CINE A ITAJUBÁ DRIVE-IN;12;6000008;15833;41725;ITAJUBÁ;MG;CINE A LTDA;10.894.937/0001-01
16/08/2020;16/08/2020 21:30:00;MINHA MÃE É UMA PEÇA 3;;B1900576900000;DUBLADO;NÃO;BRASIL;5006606;CINE CAVALIERE ORLANDI DRIVE IN;6;;15009;15010;SOCORRO;SP;ORLANDI MARCHESE LTDA - ME;03.091.068/0001-11
16/08/2020;16/08/2020 22:00:00;CARCEREIROS - O FILMES;;B1900511300000;ORIGINAL;NÃO;BRASIL;5002102;CINE DRIVEIN;225;;5465;6715;BRASÍLIA;DF;STARK'S CINEMA E LANCHONETE LTDA.;32.917.296/0001-04
16/08/2020;16/08/2020 22:00:01;DUNKIRK;DUNKIRK;E1700303100000;DUBLADO;NÃO;ESTADOS UNIDOS;5006590;SUPER DRIVE IN;1;6000006;2872;46068;SÃO BERNARDO DO CAMPO;SP;EMPRESA CENTERPLEX DE CINEMAS LTDA;00.812.310/0001-00
16/08/2020;16/08/2020 22:15:00;THE FATE OF THE FURIOUS;VELOZES E FURIOSOS 8;E1700045600000;DUBLADO;NÃO;FRANÇA;5006579;CINESYSTEM BRÁS DRIVE-IN;4;6000027;22546;34941;SÃO PAULO;SP;REDECINE BRA CINEMATOGRÁFICA S.A.;15.422.993/0001-67
16/08/2020;16/08/2020 22:30:00;1917;1917;E1900439000000;ORIGINAL;SIM;ESTADOS UNIDOS;5006558;CINESYSTEM IGUATEMI FLN DRIVE-IN;0;6000027;22546;41695;FLORIANÓPOLIS;SC;REDECINE BRA CINEMATOGRÁFICA S.A.;15.422.993/0001-67
16/08/2020;16/08/2020 22:30:00;A QUIET PLACE;UM LUGAR SILENCIOSO;E1800074200000;DUBLADO;NÃO;ESTADOS UNIDOS;5006605;MULTICINE MOSSORÓ DRIVE IN;1;6000045;5935;17881;MOSSORÓ;RN;MULTICINE CINEMAS LTDA;07.609.246/0001-04
16/08/2020;16/08/2020 22:30:00;HARRY POTTER AND THE DEATHLY HALLOWS - PART 1;HARRY POTTER E AS RELÍQUIAS DA MORTE - PARTE 1;E1500138700000;ORIGINAL;SIM;ESTADOS UNIDOS;5006580;CINESYSTEM MORUMBI TOWN DRIVE-IN;29;6000027;22546;34941;SÃO PAULO;SP;REDECINE BRA CINEMATOGRÁFICA S.A.;15.422.993/0001-67
16/08/2020;16/08/2020 22:30:00;LA LA LAND;LA LA LAND – CANTANDO ESTAÇÕES;E1600677400000;ORIGINAL;SIM;ESTADOS UNIDOS;5006571;CINESYSTEM AMÉRICAS DRIVE-IN;2;6000027;5348;28834;RIO DE JANEIRO;RJ;REDECINE - RIO CINEMATOGRAFICA S.A.;07.524.011/0001-10
16/08/2020;16/08/2020 22:35:00;A STAR IS BORN;NASCE UMA ESTRELA;E1800303500000;DUBLADO;NÃO;ESTADOS UNIDOS;5006610;CINESYSTEM DRIVE-IN AEROPORTO VITÓRIA;0;6000027;22546;46257;VITÓRIA;ES;REDECINE BRA CINEMATOGRÁFICA S.A.;15.422.993/0001-67
16/08/2020;16/08/2020 22:40:00;MÚSICA PARA MORRER DE AMOR;;B1900341900000;ORIGINAL;NÃO;BRASIL;5006600;DRIVE - GYN ESTAÇÃO DA MODA;0;6000039;45898;46149;GOIÂNIA;GO;DRIVE-GYN ENTRETENIMENTO LTDA;37.109.882/0001-38
16/08/2020;16/08/2020 22:45:00;A STAR IS BORN;NASCE UMA ESTRELA;E1800303500000;ORIGINAL;SIM;ESTADOS UNIDOS;5006618;DRIVE - GYN SERRA DOURADA 02;3;6000039;45898;46312;GOIÂNIA;GO;DRIVE-GYN ENTRETENIMENTO LTDA;37.109.882/0001-38
16/08/2020;16/08/2020 22:45:00;JACK REACHER: NEVER GO BACK;JACK RACHER: SEM RETORNO;E1600733400000;ORIGINAL;SIM;ESTADOS UNIDOS;5006617;DRIVE - GYN SERRA DOURADA 01;0;6000039;45898;46312;GOIÂNIA;GO;DRIVE-GYN ENTRETENIMENTO LTDA;37.109.882/0001-38
17/08/2020;17/08/2020 13:00:00;JOKER;CORINGA;E1900357300000;DUBLADO;NÃO;CANADÁ;5004879;CIRCUITO CINEMAS PBAS- SALA 01;0;6000028;15568;27873;PARAUAPEBAS;PA;CIRCUITO ENTRETENIMENTO E CINEMAS LTDA;08.068.712/0001-54
17/08/2020;17/08/2020 13:00:00;MINHA MÃE É UMA PEÇA 3;;B1900576900000;ORIGINAL;NÃO;BRASIL;5004882;CIRCUITO CINEMAS PBAS- SALA 04;0;6000028;15568;27873;PARAUAPEBAS;PA;CIRCUITO ENTRETENIMENTO E CINEMAS LTDA;08.068.712/0001-54
17/08/2020;17/08/2020 13:40:00;SONIC THE HEDGEHOG;SONIC - O FILME;E2000012200000;DUBLADO;NÃO;CANADÁ;5004881;CIRCUITO CINEMAS PBAS- SALA 03;0;6000028;15568;27873;PARAUAPEBAS;PA;CIRCUITO ENTRETENIMENTO E CINEMAS LTDA;08.068.712/0001-54
17/08/2020;17/08/2020 14:00:00;BLOODSHOT;BLOODSHOT;E1900579400000;DUBLADO;NÃO;ESTADOS UNIDOS;5004880;CIRCUITO CINEMAS PBAS- SALA 02;0;6000028;15568;27873;PARAUAPEBAS;PA;CIRCUITO ENTRETENIMENTO E CINEMAS LTDA;08.068.712/0001-54
17/08/2020;17/08/2020 14:20:00;MEILLEUR RESTE À VENIR, LE;O MELHOR ESTÁ POR VIR;E2000004900000;ORIGINAL;SIM;BÉLGICA;5002722;SALA CINE PLAYARTE MANAUARA 07;0;6000049;260;16356;MANAUS;AM;PLAYARTE CINEMAS LTDA.;60.434.149/0001-00
17/08/2020;17/08/2020 14:40:00;BAD BOYS FOR LIFE;BAD BOYS PARA SEMPRE;E1900525600000;DUBLADO;NÃO;ESTADOS UNIDOS;5002726;SALA CINE PLAYARTE MANAUARA 06;11;6000049;260;16356;MANAUS;AM;PLAYARTE CINEMAS LTDA.;60.434.149/0001-00
17/08/2020;17/08/2020 15:10:00;BLOODSHOT;BLOODSHOT;E1900579400000;DUBLADO;NÃO;ESTADOS UNIDOS;5002721;SALA CINE PLAYARTE MANAUARA 01;18;6000049;260;16356;MANAUS;AM;PLAYARTE CINEMAS LTDA.;60.434.149/0001-00
17/08/2020;17/08/2020 15:30:00;MINHA MÃE É UMA PEÇA 3;;B1900576900000;ORIGINAL;NÃO;BRASIL;5004882;CIRCUITO CINEMAS PBAS- SALA 04;5;6000028;15568;27873;PARAUAPEBAS;PA;CIRCUITO ENTRETENIMENTO E CINEMAS LTDA;08.068.712/0001-54
17/08/2020;17/08/2020 15:30:00;OS ESPETACULARES;;B2000163800000;ORIGINAL;NÃO;BRASIL;5002727;SALA CINE PLAYARTE MANAUARA 04;2;6000049;260;16356;MANAUS;AM;PLAYARTE CINEMAS LTDA.;60.434.149/0001-00
17/08/2020;17/08/2020 15:45:00;JOKER;CORINGA;E1900357300000;DUBLADO;NÃO;CANADÁ;5004879;CIRCUITO CINEMAS PBAS- SALA 01;0;6000028;15568;27873;PARAUAPEBAS;PA;CIRCUITO ENTRETENIMENTO E CINEMAS LTDA;08.068.712/0001-54
17/08/2020;17/08/2020 16:00:00;JUMANJI: NEXT LEVEL;JUMANJI: PROXIMA FASE;E1900458100000;DUBLADO;NÃO;ESTADOS UNIDOS;5001149;CINE PORTO;4;;2351;2352;UBATUBA;SP;CINEMATOGRÁFICA LITORAL NORTE LTDA-EPP;04.165.613/0001-30
17/08/2020;17/08/2020 16:00:00;SONIC THE HEDGEHOG;SONIC - O FILME;E2000012200000;DUBLADO;NÃO;CANADÁ;5004881;CIRCUITO CINEMAS PBAS- SALA 03;1;6000028;15568;27873;PARAUAPEBAS;PA;CIRCUITO ENTRETENIMENTO E CINEMAS LTDA;08.068.712/0001-54
17/08/2020;17/08/2020 16:30:00;BLOODSHOT;BLOODSHOT;E1900579400000;DUBLADO;NÃO;ESTADOS UNIDOS;5004880;CIRCUITO CINEMAS PBAS- SALA 02;5;6000028;15568;27873;PARAUAPEBAS;PA;CIRCUITO ENTRETENIMENTO E CINEMAS LTDA;08.068.712/0001-54
17/08/2020;17/08/2020 16:30:00;DENTRO DA MINHA PELE;;B2000325100000;ORIGINAL;NÃO;BRASIL;5002723;SALA CINE PLAYARTE MANAUARA 03;0;6000049;260;16356;MANAUS;AM;PLAYARTE CINEMAS LTDA.;60.434.149/0001-00
17/08/2020;17/08/2020 16:50:00;MEILLEUR RESTE À VENIR, LE;O MELHOR ESTÁ POR VIR;E2000004900000;ORIGINAL;SIM;BÉLGICA;5002722;SALA CINE PLAYARTE MANAUARA 07;2;6000049;260;16356;MANAUS;AM;PLAYARTE CINEMAS LTDA.;60.434.149/0001-00
17/08/2020;17/08/2020 17:20:00;BIRDS OF PREY (AND THE FANTABULOUS EMANCIPATION OF ONE HARLEY QUINN);AVES DE RAPINA (ARLEQUINA E SUA EMANCIPAÇÃO FANTABULOSA);E1900628800000;DUBLADO;NÃO;ESTADOS UNIDOS;5002726;SALA CINE PLAYARTE MANAUARA 06;1;6000049;260;16356;MANAUS;AM;PLAYARTE CINEMAS LTDA.;60.434.149/0001-00
17/08/2020;17/08/2020 17:40:00;MINHA MÃE É UMA PEÇA 3;;B1900576900000;ORIGINAL;NÃO;BRASIL;5002727;SALA CINE PLAYARTE MANAUARA 04;17;6000049;260;16356;MANAUS;AM;PLAYARTE CINEMAS LTDA.;60.434.149/0001-00
17/08/2020;17/08/2020 18:00:00;A STAR IS BORN;NASCE UMA ESTRELA;E1800303500000;DUBLADO;NÃO;ESTADOS UNIDOS;5004882;CIRCUITO CINEMAS PBAS- SALA 04;2;6000028;15568;27873;PARAUAPEBAS;PA;CIRCUITO ENTRETENIMENTO E CINEMAS LTDA;08.068.712/0001-54
17/08/2020;17/08/2020 18:00:00;BLOODSHOT;BLOODSHOT;E1900579400000;ORIGINAL;SIM;ESTADOS UNIDOS;5002721;SALA CINE PLAYARTE MANAUARA 01;12;6000049;260;16356;MANAUS;AM;PLAYARTE CINEMAS LTDA.;60.434.149/0001-00
17/08/2020;17/08/2020 18:00:00;ONWARD;DOIS IRMÃOS: UMA JORNADA FANTÁSTICA;E1900366400000;DUBLADO;NÃO;ESTADOS UNIDOS;5002102;CINE DRIVEIN;80;;5465;6715;BRASÍLIA;DF;STARK'S CINEMA E LANCHONETE LTDA.;32.917.296/0001-04
17/08/2020;17/08/2020 18:15:00;BABY DRIVER;EM RITMO DE FUGA;E1500757900000;DUBLADO;NÃO;ESTADOS UNIDOS;5006618;DRIVE - GYN SERRA DOURADA 02;3;6000039;45898;46312;GOIÂNIA;GO;DRIVE-GYN ENTRETENIMENTO LTDA;37.109.882/0001-38
17/08/2020;17/08/2020 18:15:00;TEEN TITANS GO! TO THE MOVIES;JOVENS TITÃS EM AÇÃO! NOS CINEMAS;E1800215000000;DUBLADO;NÃO;ESTADOS UNIDOS;5006600;DRIVE - GYN ESTAÇÃO DA MODA;0;6000039;45898;46149;GOIÂNIA;GO;DRIVE-GYN ENTRETENIMENTO LTDA;37.109.882/0001-38
17/08/2020;17/08/2020 18:15:00;TEEN TITANS GO! TO THE MOVIES;JOVENS TITÃS EM AÇÃO! NOS CINEMAS;E1800215000000;DUBLADO;NÃO;ESTADOS UNIDOS;5006619;DRIVE - GYN SERRA DOURADA 03;11;6000039;45898;46312;GOIÂNIA;GO;DRIVE-GYN ENTRETENIMENTO LTDA;37.109.882/0001-38
17/08/2020;17/08/2020 18:15:01;YESTERDAY;YESTERDAY;E1900265700000;ORIGINAL;SIM;REINO UNIDO;5006617;DRIVE - GYN SERRA DOURADA 01;0;6000039;45898;46312;GOIÂNIA;GO;DRIVE-GYN ENTRETENIMENTO LTDA;37.109.882/0001-38
17/08/2020;17/08/2020 18:20:00;SONIC THE HEDGEHOG;SONIC - O FILME;E2000012200000;DUBLADO;NÃO;CANADÁ;5004881;CIRCUITO CINEMAS PBAS- SALA 03;2;6000028;15568;27873;PARAUAPEBAS;PA;CIRCUITO ENTRETENIMENTO E CINEMAS LTDA;08.068.712/0001-54
17/08/2020;17/08/2020 18:30:00;JOKER;CORINGA;E1900357300000;DUBLADO;NÃO;CANADÁ;5004879;CIRCUITO CINEMAS PBAS- SALA 01;0;6000028;15568;27873;PARAUAPEBAS;PA;CIRCUITO ENTRETENIMENTO E CINEMAS LTDA;08.068.712/0001-54
17/08/2020;17/08/2020 18:30:00;JUMANJI: NEXT LEVEL;JUMANJI: PROXIMA FASE;E1900458100000;DUBLADO;NÃO;ESTADOS UNIDOS;5001149;CINE PORTO;6;;2351;2352;UBATUBA;SP;CINEMATOGRÁFICA LITORAL NORTE LTDA-EPP;04.165.613/0001-30
17/08/2020;17/08/2020 18:30:00;SMALLFOOT;PÉPEQUENO;E1800215200000;DUBLADO;NÃO;ESTADOS UNIDOS;5006610;CINESYSTEM DRIVE-IN AEROPORTO VITÓRIA;0;6000027;22546;46257;VITÓRIA;ES;REDECINE BRA CINEMATOGRÁFICA S.A.;15.422.993/0001-67
17/08/2020;17/08/2020 18:30:00;THE QUEEN´S CORGI;THE QUEEN'S CORGI;E1900148700000;DUBLADO;NÃO;BÉLGICA;5006580;CINESYSTEM MORUMBI TOWN DRIVE-IN;25;6000027;22546;34941;SÃO PAULO;SP;REDECINE BRA CINEMATOGRÁFICA S.A.;15.422.993/0001-67
17/08/2020;17/08/2020 18:40:00;GRETEL & HANSEL (2020);MARIA E JOÃO - O CONTO DAS BRUXAS;E1900467000000;DUBLADO;NÃO;ESTADOS UNIDOS;5002723;SALA CINE PLAYARTE MANAUARA 03;28;6000049;260;16356;MANAUS;AM;PLAYARTE CINEMAS LTDA.;60.434.149/0001-00
17/08/2020;17/08/2020 19:00:00;BLOODSHOT;BLOODSHOT;E1900579400000;DUBLADO;NÃO;ESTADOS UNIDOS;5004880;CIRCUITO CINEMAS PBAS- SALA 02;13;6000028;15568;27873;PARAUAPEBAS;PA;CIRCUITO ENTRETENIMENTO E CINEMAS LTDA;08.068.712/0001-54
17/08/2020;17/08/2020 19:00:00;THE ADDAMS FAMILY;A FAMÍLIA ADDAMS;E1900349600000;DUBLADO;NÃO;CANADÁ;5006570;TOP CINEPLEX PAULÍNIA - DRIVE-IN;4;6000056;19398;19399;PAULÍNIA;SP;DIAS CINEMATOGRÁFICA LTDA-EPP;12.128.142/0001-18
17/08/2020;17/08/2020 19:30:00;BLOODSHOT;BLOODSHOT;E1900579400000;DUBLADO;NÃO;ESTADOS UNIDOS;5006620;CINEMAIS MONTES CLAROS DRIVE IN;10;6000017;2892;23844;MONTES CLAROS;MG;CINEMAIS CINEMAS LTDA;03.868.869/0001-40
17/08/2020;17/08/2020 19:30:00;JUMANJI: NEXT LEVEL;JUMANJI: PROXIMA FASE;E1900458100000;DUBLADO;NÃO;ESTADOS UNIDOS;5002722;SALA CINE PLAYARTE MANAUARA 07;29;6000049;260;16356;MANAUS;AM;PLAYARTE CINEMAS LTDA.;60.434.149/0001-00
17/08/2020;17/08/2020 19:50:00;THE INVISIBLE MAN;O HOMEM INVISÍVEL;E1900438600000;DUBLADO;NÃO;AUSTRÁLIA;5002726;SALA CINE PLAYARTE MANAUARA 06;33;6000049;260;16356;MANAUS;AM;PLAYARTE CINEMAS LTDA.;60.434.149/0001-00
17/08/2020;17/08/2020 20:00:00;1917;1917;E1900439000000;DUBLADO;NÃO;ESTADOS UNIDOS;5006572;CINE 14 BIS DRIVE-IN;7;;5822;6623;GUAXUPÉ;MG;GUAXUPE PROMOCOES E EVENTOS LTDA;03.929.354/0001-03
17/08/2020;17/08/2020 20:00:00;A STAR IS BORN;NASCE UMA ESTRELA;E1800303500000;ORIGINAL;SIM;ESTADOS UNIDOS;5006600;DRIVE - GYN ESTAÇÃO DA MODA;3;6000039;45898;46149;GOIÂNIA;GO;DRIVE-GYN ENTRETENIMENTO LTDA;37.109.882/0001-38
17/08/2020;17/08/2020 20:00:00;POKEMON DETECTIVE PIKACHU;POKÉMON DETETIVE PIKACHU;E1900062700000;DUBLADO;NÃO;ESTADOS UNIDOS;5002102;CINE DRIVEIN;80;;5465;6715;BRASÍLIA;DF;STARK'S CINEMA E LANCHONETE LTDA.;32.917.296/0001-04
17/08/2020;17/08/2020 20:10:00;OS ESPETACULARES;;B2000163800000;ORIGINAL;NÃO;BRASIL;5002727;SALA CINE PLAYARTE MANAUARA 04;8;6000049;260;16356;MANAUS;AM;PLAYARTE CINEMAS LTDA.;60.434.149/0001-00
17/08/2020;17/08/2020 20:25:00;DOLITTLE;DOLITTLE;E1900437900000;DUBLADO;NÃO;ESTADOS UNIDOS;5006580;CINESYSTEM MORUMBI TOWN DRIVE-IN;45;6000027;22546;34941;SÃO PAULO;SP;REDECINE BRA CINEMATOGRÁFICA S.A.;15.422.993/0001-67
17/08/2020;17/08/2020 20:30:00;BABY DRIVER;EM RITMO DE FUGA;E1500757900000;ORIGINAL;SIM;ESTADOS UNIDOS;5006618;DRIVE - GYN SERRA DOURADA 02;1;6000039;45898;46312;GOIÂNIA;GO;DRIVE-GYN ENTRETENIMENTO LTDA;37.109.882/0001-38
17/08/2020;17/08/2020 20:30:00;BLOODSHOT;BLOODSHOT;E1900579400000;DUBLADO;NÃO;ESTADOS UNIDOS;5002721;SALA CINE PLAYARTE MANAUARA 01;36;6000049;260;16356;MANAUS;AM;PLAYARTE CINEMAS LTDA.;60.434.149/0001-00
17/08/2020;17/08/2020 20:30:00;DOLITTLE;DOLITTLE;E1900437900000;DUBLADO;NÃO;ESTADOS UNIDOS;5006610;CINESYSTEM DRIVE-IN AEROPORTO VITÓRIA;7;6000027;22546;46257;VITÓRIA;ES;REDECINE BRA CINEMATOGRÁFICA S.A.;15.422.993/0001-67
17/08/2020;17/08/2020 20:30:01;Mostras e Festivais;;G0000000000004;ORIGINAL;SIM;;5006619;DRIVE - GYN SERRA DOURADA 03;10;6000039;45898;46312;GOIÂNIA;GO;DRIVE-GYN ENTRETENIMENTO LTDA;37.109.882/0001-38
17/08/2020;17/08/2020 20:30:01;YESTERDAY;YESTERDAY;E1900265700000;ORIGINAL;SIM;REINO UNIDO;5006617;DRIVE - GYN SERRA DOURADA 01;8;6000039;45898;46312;GOIÂNIA;GO;DRIVE-GYN ENTRETENIMENTO LTDA;37.109.882/0001-38
17/08/2020;17/08/2020 20:40:00;BIRDS OF PREY (AND THE FANTABULOUS EMANCIPATION OF ONE HARLEY QUINN);AVES DE RAPINA (ARLEQUINA E SUA EMANCIPAÇÃO FANTABULOSA);E1900628800000;DUBLADO;NÃO;ESTADOS UNIDOS;5004881;CIRCUITO CINEMAS PBAS- SALA 03;2;6000028;15568;27873;PARAUAPEBAS;PA;CIRCUITO ENTRETENIMENTO E CINEMAS LTDA;08.068.712/0001-54
17/08/2020;17/08/2020 20:50:00;GRETEL & HANSEL (2020);MARIA E JOÃO - O CONTO DAS BRUXAS;E1900467000000;DUBLADO;NÃO;ESTADOS UNIDOS;5002723;SALA CINE PLAYARTE MANAUARA 03;30;6000049;260;16356;MANAUS;AM;PLAYARTE CINEMAS LTDA.;60.434.149/0001-00
17/08/2020;17/08/2020 21:00:00;MINHA MÃE É UMA PEÇA 3;;B1900576900000;ORIGINAL;NÃO;BRASIL;5004882;CIRCUITO CINEMAS PBAS- SALA 04;0;6000028;15568;27873;PARAUAPEBAS;PA;CIRCUITO ENTRETENIMENTO E CINEMAS LTDA;08.068.712/0001-54
17/08/2020;17/08/2020 21:00:00;THE FATE OF THE FURIOUS;VELOZES E FURIOSOS 8;E1700045600000;DUBLADO;NÃO;FRANÇA;5006570;TOP CINEPLEX PAULÍNIA - DRIVE-IN;2;6000056;19398;19399;PAULÍNIA;SP;DIAS CINEMATOGRÁFICA LTDA-EPP;12.128.142/0001-18
17/08/2020;17/08/2020 21:15:00;JOKER;CORINGA;E1900357300000;DUBLADO;NÃO;CANADÁ;5004879;CIRCUITO CINEMAS PBAS- SALA 01;0;6000028;15568;27873;PARAUAPEBAS;PA;CIRCUITO ENTRETENIMENTO E CINEMAS LTDA;08.068.712/0001-54
17/08/2020;17/08/2020 21:30:00;BLOODSHOT;BLOODSHOT;E1900579400000;DUBLADO;NÃO;ESTADOS UNIDOS;5004880;CIRCUITO CINEMAS PBAS- SALA 02;7;6000028;15568;27873;PARAUAPEBAS;PA;CIRCUITO ENTRETENIMENTO E CINEMAS LTDA;08.068.712/0001-54
17/08/2020;17/08/2020 22:00:00;CARCEREIROS - O FILMES;;B1900511300000;ORIGINAL;NÃO;BRASIL;5002102;CINE DRIVEIN;80;;5465;6715;BRASÍLIA;DF;STARK'S CINEMA E LANCHONETE LTDA.;32.917.296/0001-04
17/08/2020;17/08/2020 22:30:00;HARRY POTTER AND THE DEATHLY HALLOWS - PART 1;HARRY POTTER E AS RELÍQUIAS DA MORTE - PARTE 1;E1500138700000;ORIGINAL;SIM;ESTADOS UNIDOS;5006580;CINESYSTEM MORUMBI TOWN DRIVE-IN;16;6000027;22546;34941;SÃO PAULO;SP;REDECINE BRA CINEMATOGRÁFICA S.A.;15.422.993/0001-67
17/08/2020;17/08/2020 22:35:00;A STAR IS BORN;NASCE UMA ESTRELA;E1800303500000;DUBLADO;NÃO;ESTADOS UNIDOS;5006610;CINESYSTEM DRIVE-IN AEROPORTO VITÓRIA;5;6000027;22546;46257;VITÓRIA;ES;REDECINE BRA CINEMATOGRÁFICA S.A.;15.422.993/0001-67
17/08/2020;17/08/2020 22:40:00;OVERLORD;OPERAÇÃO OVERLORD;E1800381200000;DUBLADO;NÃO;ESTADOS UNIDOS;5006600;DRIVE - GYN ESTAÇÃO DA MODA;1;6000039;45898;46149;GOIÂNIA;GO;DRIVE-GYN ENTRETENIMENTO LTDA;37.109.882/0001-38
17/08/2020;17/08/2020 22:45:00;A STAR IS BORN;NASCE UMA ESTRELA;E1800303500000;ORIGINAL;SIM;ESTADOS UNIDOS;5006618;DRIVE - GYN SERRA DOURADA 02;4;6000039;45898;46312;GOIÂNIA;GO;DRIVE-GYN ENTRETENIMENTO LTDA;37.109.882/0001-38
17/08/2020;17/08/2020 22:45:00;JACK REACHER: NEVER GO BACK;JACK RACHER: SEM RETORNO;E1600733400000;ORIGINAL;SIM;ESTADOS UNIDOS;5006617;DRIVE - GYN SERRA DOURADA 01;1;6000039;45898;46312;GOIÂNIA;GO;DRIVE-GYN ENTRETENIMENTO LTDA;37.109.882/0001-38
18/08/2020;18/08/2020 13:00:00;JOKER;CORINGA;E1900357300000;DUBLADO;NÃO;CANADÁ;5004879;CIRCUITO CINEMAS PBAS- SALA 01;0;6000028;15568;27873;PARAUAPEBAS;PA;CIRCUITO ENTRETENIMENTO E CINEMAS LTDA;08.068.712/0001-54
18/08/2020;18/08/2020 13:00:00;MINHA MÃE É UMA PEÇA 3;;B1900576900000;ORIGINAL;NÃO;BRASIL;5004882;CIRCUITO CINEMAS PBAS- SALA 04;0;6000028;15568;27873;PARAUAPEBAS;PA;CIRCUITO ENTRETENIMENTO E CINEMAS LTDA;08.068.712/0001-54
18/08/2020;18/08/2020 13:40:00;SONIC THE HEDGEHOG;SONIC - O FILME;E2000012200000;DUBLADO;NÃO;CANADÁ;5004881;CIRCUITO CINEMAS PBAS- SALA 03;0;6000028;15568;27873;PARAUAPEBAS;PA;CIRCUITO ENTRETENIMENTO E CINEMAS LTDA;08.068.712/0001-54
18/08/2020;18/08/2020 14:00:00;BLOODSHOT;BLOODSHOT;E1900579400000;DUBLADO;NÃO;ESTADOS UNIDOS;5004880;CIRCUITO CINEMAS PBAS- SALA 02;4;6000028;15568;27873;PARAUAPEBAS;PA;CIRCUITO ENTRETENIMENTO E CINEMAS LTDA;08.068.712/0001-54
18/08/2020;18/08/2020 14:20:00;MEILLEUR RESTE À VENIR, LE;O MELHOR ESTÁ POR VIR;E2000004900000;ORIGINAL;SIM;BÉLGICA;5002722;SALA CINE PLAYARTE MANAUARA 07;0;6000049;260;16356;MANAUS;AM;PLAYARTE CINEMAS LTDA.;60.434.149/0001-00
18/08/2020;18/08/2020 14:40:00;BAD BOYS FOR LIFE;BAD BOYS PARA SEMPRE;E1900525600000;DUBLADO;NÃO;ESTADOS UNIDOS;5002726;SALA CINE PLAYARTE MANAUARA 06;18;6000049;260;16356;MANAUS;AM;PLAYARTE CINEMAS LTDA.;60.434.149/0001-00
18/08/2020;18/08/2020 15:10:00;BLOODSHOT;BLOODSHOT;E1900579400000;DUBLADO;NÃO;ESTADOS UNIDOS;5002721;SALA CINE PLAYARTE MANAUARA 01;14;6000049;260;16356;MANAUS;AM;PLAYARTE CINEMAS LTDA.;60.434.149/0001-00
18/08/2020;18/08/2020 15:30:00;MINHA MÃE É UMA PEÇA 3;;B1900576900000;ORIGINAL;NÃO;BRASIL;5004882;CIRCUITO CINEMAS PBAS- SALA 04;0;6000028;15568;27873;PARAUAPEBAS;PA;CIRCUITO ENTRETENIMENTO E CINEMAS LTDA;08.068.712/0001-54
18/08/2020;18/08/2020 15:30:00;OS ESPETACULARES;;B2000163800000;ORIGINAL;NÃO;BRASIL;5002727;SALA CINE PLAYARTE MANAUARA 04;2;6000049;260;16356;MANAUS;AM;PLAYARTE CINEMAS LTDA.;60.434.149/0001-00
18/08/2020;18/08/2020 15:45:00;JOKER;CORINGA;E1900357300000;DUBLADO;NÃO;CANADÁ;5004879;CIRCUITO CINEMAS PBAS- SALA 01;1;6000028;15568;27873;PARAUAPEBAS;PA;CIRCUITO ENTRETENIMENTO E CINEMAS LTDA;08.068.712/0001-54
18/08/2020;18/08/2020 16:00:00;JUMANJI: NEXT LEVEL;JUMANJI: PROXIMA FASE;E1900458100000;DUBLADO;NÃO;ESTADOS UNIDOS;5001149;CINE PORTO;0;;2351;2352;UBATUBA;SP;CINEMATOGRÁFICA LITORAL NORTE LTDA-EPP;04.165.613/0001-30
18/08/2020;18/08/2020 16:00:00;SONIC THE HEDGEHOG;SONIC - O FILME;E2000012200000;DUBLADO;NÃO;CANADÁ;5004881;CIRCUITO CINEMAS PBAS- SALA 03;1;6000028;15568;27873;PARAUAPEBAS;PA;CIRCUITO ENTRETENIMENTO E CINEMAS LTDA;08.068.712/0001-54
18/08/2020;18/08/2020 16:30:00;BLOODSHOT;BLOODSHOT;E1900579400000;DUBLADO;NÃO;ESTADOS UNIDOS;5004880;CIRCUITO CINEMAS PBAS- SALA 02;4;6000028;15568;27873;PARAUAPEBAS;PA;CIRCUITO ENTRETENIMENTO E CINEMAS LTDA;08.068.712/0001-54
18/08/2020;18/08/2020 16:30:00;DENTRO DA MINHA PELE;;B2000325100000;ORIGINAL;NÃO;BRASIL;5002723;SALA CINE PLAYARTE MANAUARA 03;2;6000049;260;16356;MANAUS;AM;PLAYARTE CINEMAS LTDA.;60.434.149/0001-00
18/08/2020;18/08/2020 16:50:00;MEILLEUR RESTE À VENIR, LE;O MELHOR ESTÁ POR VIR;E2000004900000;ORIGINAL;SIM;BÉLGICA;5002722;SALA CINE PLAYARTE MANAUARA 07;1;6000049;260;16356;MANAUS;AM;PLAYARTE CINEMAS LTDA.;60.434.149/0001-00
18/08/2020;18/08/2020 17:20:00;BIRDS OF PREY (AND THE FANTABULOUS EMANCIPATION OF ONE HARLEY QUINN);AVES DE RAPINA (ARLEQUINA E SUA EMANCIPAÇÃO FANTABULOSA);E1900628800000;DUBLADO;NÃO;ESTADOS UNIDOS;5002726;SALA CINE PLAYARTE MANAUARA 06;13;6000049;260;16356;MANAUS;AM;PLAYARTE CINEMAS LTDA.;60.434.149/0001-00
18/08/2020;18/08/2020 17:30:00;JUMANJI: NEXT LEVEL;JUMANJI: PROXIMA FASE;E1900458100000;DUBLADO;NÃO;ESTADOS UNIDOS;5005930;MOBI CINE AÇAILÂNDIA SALA 02;2;6000040;38236;38237;AÇAILÂNDIA;MA;C A V LEMOS E CIA LTDA - ME;14.717.191/0001-11
18/08/2020;18/08/2020 17:40:00;MINHA MÃE É UMA PEÇA 3;;B1900576900000;ORIGINAL;NÃO;BRASIL;5002727;SALA CINE PLAYARTE MANAUARA 04;6;6000049;260;16356;MANAUS;AM;PLAYARTE CINEMAS LTDA.;60.434.149/0001-00
18/08/2020;18/08/2020 18:00:00;A STAR IS BORN;NASCE UMA ESTRELA;E1800303500000;DUBLADO;NÃO;ESTADOS UNIDOS;5004882;CIRCUITO CINEMAS PBAS- SALA 04;0;6000028;15568;27873;PARAUAPEBAS;PA;CIRCUITO ENTRETENIMENTO E CINEMAS LTDA;08.068.712/0001-54
18/08/2020;18/08/2020 18:00:00;BLOODSHOT;BLOODSHOT;E1900579400000;DUBLADO;NÃO;ESTADOS UNIDOS;5005929;MOBI CINE AÇAILÂNDIA SALA 01;0;6000040;38236;38237;AÇAILÂNDIA;MA;C A V LEMOS E CIA LTDA - ME;14.717.191/0001-11
18/08/2020;18/08/2020 18:00:00;BLOODSHOT;BLOODSHOT;E1900579400000;ORIGINAL;SIM;ESTADOS UNIDOS;5002721;SALA CINE PLAYARTE MANAUARA 01;14;6000049;260;16356;MANAUS;AM;PLAYARTE CINEMAS LTDA.;60.434.149/0001-00
18/08/2020;18/08/2020 18:00:00;DOLITTLE;DOLITTLE;E1900437900000;DUBLADO;NÃO;ESTADOS UNIDOS;5006580;CINESYSTEM MORUMBI TOWN DRIVE-IN;25;6000027;22546;34941;SÃO PAULO;SP;REDECINE BRA CINEMATOGRÁFICA S.A.;15.422.993/0001-67
18/08/2020;18/08/2020 18:00:00;ONWARD;DOIS IRMÃOS: UMA JORNADA FANTÁSTICA;E1900366400000;DUBLADO;NÃO;ESTADOS UNIDOS;5002102;CINE DRIVEIN;51;;5465;6715;BRASÍLIA;DF;STARK'S CINEMA E LANCHONETE LTDA.;32.917.296/0001-04
18/08/2020;18/08/2020 18:00:00;THE LION KING;O REI LEÃO;E1900267700000;DUBLADO;NÃO;ESTADOS UNIDOS;5006567;CINESHOW TUBARÃO DRIVE-IN;60;6000025;33770;33771;TUBARÃO;SC;TUBARÃO FILMES LTDA;24.971.903/0001-88
18/08/2020;18/08/2020 18:15:00;BABY DRIVER;EM RITMO DE FUGA;E1500757900000;DUBLADO;NÃO;ESTADOS UNIDOS;5006618;DRIVE - GYN SERRA DOURADA 02;0;6000039;45898;46312;GOIÂNIA;GO;DRIVE-GYN ENTRETENIMENTO LTDA;37.109.882/0001-38
18/08/2020;18/08/2020 18:15:00;SONIC THE HEDGEHOG;SONIC - O FILME;E2000012200000;DUBLADO;NÃO;CANADÁ;5006605;MULTICINE MOSSORÓ DRIVE IN;2;6000045;5935;17881;MOSSORÓ;RN;MULTICINE CINEMAS LTDA;07.609.246/0001-04
18/08/2020;18/08/2020 18:15:00;TEEN TITANS GO! TO THE MOVIES;JOVENS TITÃS EM AÇÃO! NOS CINEMAS;E1800215000000;DUBLADO;NÃO;ESTADOS UNIDOS;5006600;DRIVE - GYN ESTAÇÃO DA MODA;3;6000039;45898;46149;GOIÂNIA;GO;DRIVE-GYN ENTRETENIMENTO LTDA;37.109.882/0001-38
18/08/2020;18/08/2020 18:15:00;TEEN TITANS GO! TO THE MOVIES;JOVENS TITÃS EM AÇÃO! NOS CINEMAS;E1800215000000;DUBLADO;NÃO;ESTADOS UNIDOS;5006619;DRIVE - GYN SERRA DOURADA 03;12;6000039;45898;46312;GOIÂNIA;GO;DRIVE-GYN ENTRETENIMENTO LTDA;37.109.882/0001-38
18/08/2020;18/08/2020 18:15:01;YESTERDAY;YESTERDAY;E1900265700000;ORIGINAL;SIM;REINO UNIDO;5006617;DRIVE - GYN SERRA DOURADA 01;6;6000039;45898;46312;GOIÂNIA;GO;DRIVE-GYN ENTRETENIMENTO LTDA;37.109.882/0001-38
18/08/2020;18/08/2020 18:20:00;QUEEN OF SPADES: THROUGH THE LOOKING GLASS;A MALDIÇÃO DO ESPELHO;E1900574500000;DUBLADO;NÃO;RÚSSIA;5005931;MOBI CINE AÇAILÂNDIA SALA 03;8;6000040;38236;38237;AÇAILÂNDIA;MA;C A V LEMOS E CIA LTDA - ME;14.717.191/0001-11
18/08/2020;18/08/2020 18:20:00;SONIC THE HEDGEHOG;SONIC - O FILME;E2000012200000;DUBLADO;NÃO;CANADÁ;5004881;CIRCUITO CINEMAS PBAS- SALA 03;1;6000028;15568;27873;PARAUAPEBAS;PA;CIRCUITO ENTRETENIMENTO E CINEMAS LTDA;08.068.712/0001-54
18/08/2020;18/08/2020 18:20:01;JOKER;CORINGA;E1900357300000;DUBLADO;NÃO;CANADÁ;5006574;DRIVE IN CINEART ALPHAVILLE;5;6000013;437;45925;NOVA LIMA;MG;DELTA FILMES LTDA;01.735.159/0001-17
18/08/2020;18/08/2020 18:30:00;JOKER;CORINGA;E1900357300000;DUBLADO;NÃO;CANADÁ;5004879;CIRCUITO CINEMAS PBAS- SALA 01;0;6000028;15568;27873;PARAUAPEBAS;PA;CIRCUITO ENTRETENIMENTO E CINEMAS LTDA;08.068.712/0001-54
18/08/2020;18/08/2020 18:30:00;JUMANJI: NEXT LEVEL;JUMANJI: PROXIMA FASE;E1900458100000;DUBLADO;NÃO;ESTADOS UNIDOS;5001149;CINE PORTO;0;;2351;2352;UBATUBA;SP;CINEMATOGRÁFICA LITORAL NORTE LTDA-EPP;04.165.613/0001-30
18/08/2020;18/08/2020 18:30:00;SMALLFOOT;PÉPEQUENO;E1800215200000;DUBLADO;NÃO;ESTADOS UNIDOS;5006610;CINESYSTEM DRIVE-IN AEROPORTO VITÓRIA;4;6000027;22546;46257;VITÓRIA;ES;REDECINE BRA CINEMATOGRÁFICA S.A.;15.422.993/0001-67
18/08/2020;18/08/2020 18:30:00;TEEN TITANS GO! TO THE MOVIES;JOVENS TITÃS EM AÇÃO! NOS CINEMAS;E1800215000000;DUBLADO;NÃO;ESTADOS UNIDOS;5006571;CINESYSTEM AMÉRICAS DRIVE-IN;18;6000027;5348;28834;RIO DE JANEIRO;RJ;REDECINE - RIO CINEMATOGRAFICA S.A.;07.524.011/0001-10
18/08/2020;18/08/2020 18:40:00;GRETEL & HANSEL (2020);MARIA E JOÃO - O CONTO DAS BRUXAS;E1900467000000;DUBLADO;NÃO;ESTADOS UNIDOS;5002723;SALA CINE PLAYARTE MANAUARA 03;22;6000049;260;16356;MANAUS;AM;PLAYARTE CINEMAS LTDA.;60.434.149/0001-00
18/08/2020;18/08/2020 18:40:00;STITCHES;CICATRIZES;E2000012300000;ORIGINAL;SIM;SÉRVIA;5006578;CINE ARTE PAJUÇARA DRIVE-IN;2;;26591;26593;MACEIÓ;AL;ASSOCIAÇÃO CULTURAL ARTE PAJUÇARA - ACAP;19.442.911/0001-05
18/08/2020;18/08/2020 18:50:00;COCO;VIVA - A VIDA É UMA FESTA;E1700453400000;DUBLADO;NÃO;ESTADOS UNIDOS;5006570;TOP CINEPLEX PAULÍNIA - DRIVE-IN;4;6000056;19398;19399;PAULÍNIA;SP;DIAS CINEMATOGRÁFICA LTDA-EPP;12.128.142/0001-18
18/08/2020;18/08/2020 19:00:00;BLOODSHOT;BLOODSHOT;E1900579400000;DUBLADO;NÃO;ESTADOS UNIDOS;5004880;CIRCUITO CINEMAS PBAS- SALA 02;20;6000028;15568;27873;PARAUAPEBAS;PA;CIRCUITO ENTRETENIMENTO E CINEMAS LTDA;08.068.712/0001-54
18/08/2020;18/08/2020 19:00:00;WONDER PARK;O PARQUE DOS SONHOS;E1900025300000;DUBLADO;NÃO;ESTADOS UNIDOS;5003450;CASTRO 1;4;6000023;12893;21049;CASTRO;PR;ESTILO PRODUÇÕES ARTISTICAS LTDA;03.293.165/0001-97
18/08/2020;18/08/2020 19:30:00;BLOODSHOT;BLOODSHOT;E1900579400000;DUBLADO;NÃO;ESTADOS UNIDOS;5006620;CINEMAIS MONTES CLAROS DRIVE IN;6;6000017;2892;23844;MONTES CLAROS;MG;CINEMAIS CINEMAS LTDA;03.868.869/0001-40
18/08/2020;18/08/2020 19:30:00;JUMANJI: NEXT LEVEL;JUMANJI: PROXIMA FASE;E1900458100000;DUBLADO;NÃO;ESTADOS UNIDOS;5002722;SALA CINE PLAYARTE MANAUARA 07;31;6000049;260;16356;MANAUS;AM;PLAYARTE CINEMAS LTDA.;60.434.149/0001-00
18/08/2020;18/08/2020 19:50:00;THE INVISIBLE MAN;O HOMEM INVISÍVEL;E1900438600000;DUBLADO;NÃO;AUSTRÁLIA;5002726;SALA CINE PLAYARTE MANAUARA 06;24;6000049;260;16356;MANAUS;AM;PLAYARTE CINEMAS LTDA.;60.434.149/0001-00
18/08/2020;18/08/2020 20:00:00;A STAR IS BORN;NASCE UMA ESTRELA;E1800303500000;ORIGINAL;SIM;ESTADOS UNIDOS;5006600;DRIVE - GYN ESTAÇÃO DA MODA;15;6000039;45898;46149;GOIÂNIA;GO;DRIVE-GYN ENTRETENIMENTO LTDA;37.109.882/0001-38
18/08/2020;18/08/2020 20:00:00;AQUAMAN;AQUAMAN;E1800433400000;DUBLADO;NÃO;ESTADOS UNIDOS;5006580;CINESYSTEM MORUMBI TOWN DRIVE-IN;28;6000027;22546;34941;SÃO PAULO;SP;REDECINE BRA CINEMATOGRÁFICA S.A.;15.422.993/0001-67
18/08/2020;18/08/2020 20:00:00;JUMANJI: NEXT LEVEL;JUMANJI: PROXIMA FASE;E1900458100000;DUBLADO;NÃO;ESTADOS UNIDOS;5006572;CINE 14 BIS DRIVE-IN;5;;5822;6623;GUAXUPÉ;MG;GUAXUPE PROMOCOES E EVENTOS LTDA;03.929.354/0001-03
18/08/2020;18/08/2020 20:00:00;MINHA MÃE É UMA PEÇA 3;;B1900576900000;ORIGINAL;NÃO;BRASIL;5003451;CASTRO 2;4;6000023;12893;21049;CASTRO;PR;ESTILO PRODUÇÕES ARTISTICAS LTDA;03.293.165/0001-97
18/08/2020;18/08/2020 20:00:00;POKEMON DETECTIVE PIKACHU;POKÉMON DETETIVE PIKACHU;E1900062700000;DUBLADO;NÃO;ESTADOS UNIDOS;5002102;CINE DRIVEIN;51;;5465;6715;BRASÍLIA;DF;STARK'S CINEMA E LANCHONETE LTDA.;32.917.296/0001-04
18/08/2020;18/08/2020 20:10:00;BAD BOYS 3;BAD BOYS 3;E1500757400000;DUBLADO;NÃO;ESTADOS UNIDOS;5005930;MOBI CINE AÇAILÂNDIA SALA 02;0;6000040;38236;38237;AÇAILÂNDIA;MA;C A V LEMOS E CIA LTDA - ME;14.717.191/0001-11
18/08/2020;18/08/2020 20:10:00;OS ESPETACULARES;;B2000163800000;ORIGINAL;NÃO;BRASIL;5002727;SALA CINE PLAYARTE MANAUARA 04;2;6000049;260;16356;MANAUS;AM;PLAYARTE CINEMAS LTDA.;60.434.149/0001-00
18/08/2020;18/08/2020 20:15:00;MINHA MÃE É UMA PEÇA 3;;B1900576900000;ORIGINAL;NÃO;BRASIL;5006605;MULTICINE MOSSORÓ DRIVE IN;3;6000045;5935;17881;MOSSORÓ;RN;MULTICINE CINEMAS LTDA;07.609.246/0001-04
18/08/2020;18/08/2020 20:20:00;QUEEN OF SPADES: THROUGH THE LOOKING GLASS;A MALDIÇÃO DO ESPELHO;E1900574500000;DUBLADO;NÃO;RÚSSIA;5005931;MOBI CINE AÇAILÂNDIA SALA 03;6;6000040;38236;38237;AÇAILÂNDIA;MA;C A V LEMOS E CIA LTDA - ME;14.717.191/0001-11
18/08/2020;18/08/2020 20:25:00;MÚSICA PARA MORRER DE AMOR;;B1900341900000;ORIGINAL;NÃO;BRASIL;5006571;CINESYSTEM AMÉRICAS DRIVE-IN;6;6000027;5348;28834;RIO DE JANEIRO;RJ;REDECINE - RIO CINEMATOGRAFICA S.A.;07.524.011/0001-10
18/08/2020;18/08/2020 20:30:00;BABY DRIVER;EM RITMO DE FUGA;E1500757900000;ORIGINAL;SIM;ESTADOS UNIDOS;5006618;DRIVE - GYN SERRA DOURADA 02;11;6000039;45898;46312;GOIÂNIA;GO;DRIVE-GYN ENTRETENIMENTO LTDA;37.109.882/0001-38
18/08/2020;18/08/2020 20:30:00;BLOODSHOT;BLOODSHOT;E1900579400000;DUBLADO;NÃO;ESTADOS UNIDOS;5005929;MOBI CINE AÇAILÂNDIA SALA 01;6;6000040;38236;38237;AÇAILÂNDIA;MA;C A V LEMOS E CIA LTDA - ME;14.717.191/0001-11
18/08/2020;18/08/2020 20:30:00;BLOODSHOT;BLOODSHOT;E1900579400000;DUBLADO;NÃO;ESTADOS UNIDOS;5002721;SALA CINE PLAYARTE MANAUARA 01;21;6000049;260;16356;MANAUS;AM;PLAYARTE CINEMAS LTDA.;60.434.149/0001-00
18/08/2020;18/08/2020 20:30:00;DOLITTLE;DOLITTLE;E1900437900000;DUBLADO;NÃO;ESTADOS UNIDOS;5006610;CINESYSTEM DRIVE-IN AEROPORTO VITÓRIA;6;6000027;22546;46257;VITÓRIA;ES;REDECINE BRA CINEMATOGRÁFICA S.A.;15.422.993/0001-67
18/08/2020;18/08/2020 20:30:00;Mostras e Festivais;;G0000000000004;ORIGINAL;NÃO;;5006578;CINE ARTE PAJUÇARA DRIVE-IN;2;;26591;26593;MACEIÓ;AL;ASSOCIAÇÃO CULTURAL ARTE PAJUÇARA - ACAP;19.442.911/0001-05
18/08/2020;18/08/2020 20:30:00;THE LION KING;O REI LEÃO;E1900267700000;DUBLADO;NÃO;ESTADOS UNIDOS;5006567;CINESHOW TUBARÃO DRIVE-IN;60;6000025;33770;33771;TUBARÃO;SC;TUBARÃO FILMES LTDA;24.971.903/0001-88
18/08/2020;18/08/2020 20:30:01;Mostras e Festivais;;G0000000000004;ORIGINAL;SIM;;5006619;DRIVE - GYN SERRA DOURADA 03;1;6000039;45898;46312;GOIÂNIA;GO;DRIVE-GYN ENTRETENIMENTO LTDA;37.109.882/0001-38
18/08/2020;18/08/2020 20:30:01;YESTERDAY;YESTERDAY;E1900265700000;ORIGINAL;SIM;REINO UNIDO;5006617;DRIVE - GYN SERRA DOURADA 01;13;6000039;45898;46312;GOIÂNIA;GO;DRIVE-GYN ENTRETENIMENTO LTDA;37.109.882/0001-38
18/08/2020;18/08/2020 20:40:00;BIRDS OF PREY (AND THE FANTABULOUS EMANCIPATION OF ONE HARLEY QUINN);AVES DE RAPINA (ARLEQUINA E SUA EMANCIPAÇÃO FANTABULOSA);E1900628800000;DUBLADO;NÃO;ESTADOS UNIDOS;5004881;CIRCUITO CINEMAS PBAS- SALA 03;8;6000028;15568;27873;PARAUAPEBAS;PA;CIRCUITO ENTRETENIMENTO E CINEMAS LTDA;08.068.712/0001-54
18/08/2020;18/08/2020 20:50:00;GRETEL & HANSEL (2020);MARIA E JOÃO - O CONTO DAS BRUXAS;E1900467000000;DUBLADO;NÃO;ESTADOS UNIDOS;5002723;SALA CINE PLAYARTE MANAUARA 03;14;6000049;260;16356;MANAUS;AM;PLAYARTE CINEMAS LTDA.;60.434.149/0001-00
18/08/2020;18/08/2020 21:00:00;MINHA MÃE É UMA PEÇA 3;;B1900576900000;ORIGINAL;NÃO;BRASIL;5004882;CIRCUITO CINEMAS PBAS- SALA 04;0;6000028;15568;27873;PARAUAPEBAS;PA;CIRCUITO ENTRETENIMENTO E CINEMAS LTDA;08.068.712/0001-54
18/08/2020;18/08/2020 21:00:01;A STAR IS BORN;NASCE UMA ESTRELA;E1800303500000;DUBLADO;NÃO;ESTADOS UNIDOS;5006574;DRIVE IN CINEART ALPHAVILLE;22;6000013;437;45925;NOVA LIMA;MG;DELTA FILMES LTDA;01.735.159/0001-17
18/08/2020;18/08/2020 21:10:00;BIRDS OF PREY (AND THE FANTABULOUS EMANCIPATION OF ONE HARLEY QUINN);AVES DE RAPINA (ARLEQUINA E SUA EMANCIPAÇÃO FANTABULOSA);E1900628800000;DUBLADO;NÃO;ESTADOS UNIDOS;5006570;TOP CINEPLEX PAULÍNIA - DRIVE-IN;4;6000056;19398;19399;PAULÍNIA;SP;DIAS CINEMATOGRÁFICA LTDA-EPP;12.128.142/0001-18
18/08/2020;18/08/2020 21:15:00;JOKER;CORINGA;E1900357300000;DUBLADO;NÃO;CANADÁ;5004879;CIRCUITO CINEMAS PBAS- SALA 01;1;6000028;15568;27873;PARAUAPEBAS;PA;CIRCUITO ENTRETENIMENTO E CINEMAS LTDA;08.068.712/0001-54
18/08/2020;18/08/2020 21:30:00;BLOODSHOT;BLOODSHOT;E1900579400000;DUBLADO;NÃO;ESTADOS UNIDOS;5004880;CIRCUITO CINEMAS PBAS- SALA 02;0;6000028;15568;27873;PARAUAPEBAS;PA;CIRCUITO ENTRETENIMENTO E CINEMAS LTDA;08.068.712/0001-54
18/08/2020;18/08/2020 22:00:00;CARCEREIROS - O FILMES;;B1900511300000;ORIGINAL;NÃO;BRASIL;5002102;CINE DRIVEIN;51;;5465;6715;BRASÍLIA;DF;STARK'S CINEMA E LANCHONETE LTDA.;32.917.296/0001-04
18/08/2020;18/08/2020 22:30:00;A QUIET PLACE;UM LUGAR SILENCIOSO;E1800074200000;DUBLADO;NÃO;ESTADOS UNIDOS;5006605;MULTICINE MOSSORÓ DRIVE IN;2;6000045;5935;17881;MOSSORÓ;RN;MULTICINE CINEMAS LTDA;07.609.246/0001-04
18/08/2020;18/08/2020 22:30:00;LA LA LAND;LA LA LAND – CANTANDO ESTAÇÕES;E1600677400000;ORIGINAL;SIM;ESTADOS UNIDOS;5006571;CINESYSTEM AMÉRICAS DRIVE-IN;19;6000027;5348;28834;RIO DE JANEIRO;RJ;REDECINE - RIO CINEMATOGRAFICA S.A.;07.524.011/0001-10
18/08/2020;18/08/2020 22:35:00;A STAR IS BORN;NASCE UMA ESTRELA;E1800303500000;DUBLADO;NÃO;ESTADOS UNIDOS;5006610;CINESYSTEM DRIVE-IN AEROPORTO VITÓRIA;2;6000027;22546;46257;VITÓRIA;ES;REDECINE BRA CINEMATOGRÁFICA S.A.;15.422.993/0001-67
18/08/2020;18/08/2020 22:40:00;OVERLORD;OPERAÇÃO OVERLORD;E1800381200000;DUBLADO;NÃO;ESTADOS UNIDOS;5006600;DRIVE - GYN ESTAÇÃO DA MODA;7;6000039;45898;46149;GOIÂNIA;GO;DRIVE-GYN ENTRETENIMENTO LTDA;37.109.882/0001-38
18/08/2020;18/08/2020 22:45:00;A STAR IS BORN;NASCE UMA ESTRELA;E1800303500000;ORIGINAL;SIM;ESTADOS UNIDOS;5006618;DRIVE - GYN SERRA DOURADA 02;11;6000039;45898;46312;GOIÂNIA;GO;DRIVE-GYN ENTRETENIMENTO LTDA;37.109.882/0001-38
18/08/2020;18/08/2020 22:45:00;HARRY POTTER AND THE DEATHLY HALLOWS - PART 1;HARRY POTTER E AS RELÍQUIAS DA MORTE - PARTE 1;E1500138700000;ORIGINAL;SIM;ESTADOS UNIDOS;5006580;CINESYSTEM MORUMBI TOWN DRIVE-IN;22;6000027;22546;34941;SÃO PAULO;SP;REDECINE BRA CINEMATOGRÁFICA S.A.;15.422.993/0001-67
18/08/2020;18/08/2020 22:45:00;JACK REACHER: NEVER GO BACK;JACK RACHER: SEM RETORNO;E1600733400000;ORIGINAL;SIM;ESTADOS UNIDOS;5006617;DRIVE - GYN SERRA DOURADA 01;2;6000039;45898;46312;GOIÂNIA;GO;DRIVE-GYN ENTRETENIMENTO LTDA;37.109.882/0001-38
19/08/2020;19/08/2020 13:00:00;JOKER;CORINGA;E1900357300000;DUBLADO;NÃO;CANADÁ;5004879;CIRCUITO CINEMAS PBAS- SALA 01;2;6000028;15568;27873;PARAUAPEBAS;PA;CIRCUITO ENTRETENIMENTO E CINEMAS LTDA;08.068.712/0001-54
19/08/2020;19/08/2020 13:00:00;MINHA MÃE É UMA PEÇA 3;;B1900576900000;ORIGINAL;NÃO;BRASIL;5004882;CIRCUITO CINEMAS PBAS- SALA 04;0;6000028;15568;27873;PARAUAPEBAS;PA;CIRCUITO ENTRETENIMENTO E CINEMAS LTDA;08.068.712/0001-54
19/08/2020;19/08/2020 13:40:00;SONIC THE HEDGEHOG;SONIC - O FILME;E2000012200000;DUBLADO;NÃO;CANADÁ;5004881;CIRCUITO CINEMAS PBAS- SALA 03;0;6000028;15568;27873;PARAUAPEBAS;PA;CIRCUITO ENTRETENIMENTO E CINEMAS LTDA;08.068.712/0001-54
19/08/2020;19/08/2020 14:00:00;BLOODSHOT;BLOODSHOT;E1900579400000;DUBLADO;NÃO;ESTADOS UNIDOS;5004880;CIRCUITO CINEMAS PBAS- SALA 02;0;6000028;15568;27873;PARAUAPEBAS;PA;CIRCUITO ENTRETENIMENTO E CINEMAS LTDA;08.068.712/0001-54
19/08/2020;19/08/2020 14:20:00;MEILLEUR RESTE À VENIR, LE;O MELHOR ESTÁ POR VIR;E2000004900000;ORIGINAL;SIM;BÉLGICA;5002722;SALA CINE PLAYARTE MANAUARA 07;2;6000049;260;16356;MANAUS;AM;PLAYARTE CINEMAS LTDA.;60.434.149/0001-00
19/08/2020;19/08/2020 14:30:00;TEA PETS;OS BRINQUEDOS MÁGICOS;E1900314200000;DUBLADO;NÃO;CHINA;5006597;CINE PLAYARTE MANAUARA DRIVE IN;62;6000049;260;16356;MANAUS;AM;PLAYARTE CINEMAS LTDA.;60.434.149/0001-00
19/08/2020;19/08/2020 14:40:00;BAD BOYS FOR LIFE;BAD BOYS PARA SEMPRE;E1900525600000;DUBLADO;NÃO;ESTADOS UNIDOS;5002726;SALA CINE PLAYARTE MANAUARA 06;2;6000049;260;16356;MANAUS;AM;PLAYARTE CINEMAS LTDA.;60.434.149/0001-00
19/08/2020;19/08/2020 15:10:00;BLOODSHOT;BLOODSHOT;E1900579400000;DUBLADO;NÃO;ESTADOS UNIDOS;5002721;SALA CINE PLAYARTE MANAUARA 01;5;6000049;260;16356;MANAUS;AM;PLAYARTE CINEMAS LTDA.;60.434.149/0001-00
19/08/2020;19/08/2020 15:30:00;MINHA MÃE É UMA PEÇA 3;;B1900576900000;ORIGINAL;NÃO;BRASIL;5004882;CIRCUITO CINEMAS PBAS- SALA 04;2;6000028;15568;27873;PARAUAPEBAS;PA;CIRCUITO ENTRETENIMENTO E CINEMAS LTDA;08.068.712/0001-54
19/08/2020;19/08/2020 15:30:00;OS ESPETACULARES;;B2000163800000;ORIGINAL;NÃO;BRASIL;5002727;SALA CINE PLAYARTE MANAUARA 04;0;6000049;260;16356;MANAUS;AM;PLAYARTE CINEMAS LTDA.;60.434.149/0001-00
19/08/2020;19/08/2020 15:45:00;JOKER;CORINGA;E1900357300000;DUBLADO;NÃO;CANADÁ;5004879;CIRCUITO CINEMAS PBAS- SALA 01;1;6000028;15568;27873;PARAUAPEBAS;PA;CIRCUITO ENTRETENIMENTO E CINEMAS LTDA;08.068.712/0001-54
19/08/2020;19/08/2020 16:00:00;JUMANJI: NEXT LEVEL;JUMANJI: PROXIMA FASE;E1900458100000;DUBLADO;NÃO;ESTADOS UNIDOS;5001149;CINE PORTO;0;;2351;2352;UBATUBA;SP;CINEMATOGRÁFICA LITORAL NORTE LTDA-EPP;04.165.613/0001-30
19/08/2020;19/08/2020 16:00:00;SONIC THE HEDGEHOG;SONIC - O FILME;E2000012200000;DUBLADO;NÃO;CANADÁ;5004881;CIRCUITO CINEMAS PBAS- SALA 03;0;6000028;15568;27873;PARAUAPEBAS;PA;CIRCUITO ENTRETENIMENTO E CINEMAS LTDA;08.068.712/0001-54
19/08/2020;19/08/2020 16:30:00;BLOODSHOT;BLOODSHOT;E1900579400000;DUBLADO;NÃO;ESTADOS UNIDOS;5004880;CIRCUITO CINEMAS PBAS- SALA 02;0;6000028;15568;27873;PARAUAPEBAS;PA;CIRCUITO ENTRETENIMENTO E CINEMAS LTDA;08.068.712/0001-54
19/08/2020;19/08/2020 16:30:00;DENTRO DA MINHA PELE;;B2000325100000;ORIGINAL;NÃO;BRASIL;5002723;SALA CINE PLAYARTE MANAUARA 03;2;6000049;260;16356;MANAUS;AM;PLAYARTE CINEMAS LTDA.;60.434.149/0001-00
19/08/2020;19/08/2020 16:40:00;MINHA MÃE É UMA PEÇA 3;;B1900576900000;ORIGINAL;NÃO;BRASIL;5006597;CINE PLAYARTE MANAUARA DRIVE IN;33;6000049;260;16356;MANAUS;AM;PLAYARTE CINEMAS LTDA.;60.434.149/0001-00
19/08/2020;19/08/2020 16:50:00;MEILLEUR RESTE À VENIR, LE;O MELHOR ESTÁ POR VIR;E2000004900000;ORIGINAL;SIM;BÉLGICA;5002722;SALA CINE PLAYARTE MANAUARA 07;2;6000049;260;16356;MANAUS;AM;PLAYARTE CINEMAS LTDA.;60.434.149/0001-00
19/08/2020;19/08/2020 17:20:00;BIRDS OF PREY (AND THE FANTABULOUS EMANCIPATION OF ONE HARLEY QUINN);AVES DE RAPINA (ARLEQUINA E SUA EMANCIPAÇÃO FANTABULOSA);E1900628800000;DUBLADO;NÃO;ESTADOS UNIDOS;5002726;SALA CINE PLAYARTE MANAUARA 06;9;6000049;260;16356;MANAUS;AM;PLAYARTE CINEMAS LTDA.;60.434.149/0001-00
19/08/2020;19/08/2020 17:40:00;MINHA MÃE É UMA PEÇA 3;;B1900576900000;ORIGINAL;NÃO;BRASIL;5002727;SALA CINE PLAYARTE MANAUARA 04;0;6000049;260;16356;MANAUS;AM;PLAYARTE CINEMAS LTDA.;60.434.149/0001-00
19/08/2020;19/08/2020 18:00:00;A STAR IS BORN;NASCE UMA ESTRELA;E1800303500000;DUBLADO;NÃO;ESTADOS UNIDOS;5004882;CIRCUITO CINEMAS PBAS- SALA 04;1;6000028;15568;27873;PARAUAPEBAS;PA;CIRCUITO ENTRETENIMENTO E CINEMAS LTDA;08.068.712/0001-54
19/08/2020;19/08/2020 18:00:00;BLOODSHOT;BLOODSHOT;E1900579400000;DUBLADO;NÃO;ESTADOS UNIDOS;5005929;MOBI CINE AÇAILÂNDIA SALA 01;0;6000040;38236;38237;AÇAILÂNDIA;MA;C A V LEMOS E CIA LTDA - ME;14.717.191/0001-11
19/08/2020;19/08/2020 18:00:00;BLOODSHOT;BLOODSHOT;E1900579400000;ORIGINAL;SIM;ESTADOS UNIDOS;5002721;SALA CINE PLAYARTE MANAUARA 01;12;6000049;260;16356;MANAUS;AM;PLAYARTE CINEMAS LTDA.;60.434.149/0001-00
19/08/2020;19/08/2020 18:00:00;ONWARD;DOIS IRMÃOS: UMA JORNADA FANTÁSTICA;E1900366400000;DUBLADO;NÃO;ESTADOS UNIDOS;5002102;CINE DRIVEIN;90;;5465;6715;BRASÍLIA;DF;STARK'S CINEMA E LANCHONETE LTDA.;32.917.296/0001-04
19/08/2020;19/08/2020 18:15:00;BABY DRIVER;EM RITMO DE FUGA;E1500757900000;DUBLADO;NÃO;ESTADOS UNIDOS;5006618;DRIVE - GYN SERRA DOURADA 02;3;6000039;45898;46312;GOIÂNIA;GO;DRIVE-GYN ENTRETENIMENTO LTDA;37.109.882/0001-38
19/08/2020;19/08/2020 18:15:00;Mostras e Festivais;;G0000000000004;ORIGINAL;SIM;;5006619;DRIVE - GYN SERRA DOURADA 03;3;6000039;45898;46312;GOIÂNIA;GO;DRIVE-GYN ENTRETENIMENTO LTDA;37.109.882/0001-38
19/08/2020;19/08/2020 18:15:00;SONIC THE HEDGEHOG;SONIC - O FILME;E2000012200000;DUBLADO;NÃO;CANADÁ;5006605;MULTICINE MOSSORÓ DRIVE IN;1;6000045;5935;17881;MOSSORÓ;RN;MULTICINE CINEMAS LTDA;07.609.246/0001-04
19/08/2020;19/08/2020 18:15:00;TEEN TITANS GO! TO THE MOVIES;JOVENS TITÃS EM AÇÃO! NOS CINEMAS;E1800215000000;DUBLADO;NÃO;ESTADOS UNIDOS;5006600;DRIVE - GYN ESTAÇÃO DA MODA;8;6000039;45898;46149;GOIÂNIA;GO;DRIVE-GYN ENTRETENIMENTO LTDA;37.109.882/0001-38
19/08/2020;19/08/2020 18:15:01;YESTERDAY;YESTERDAY;E1900265700000;ORIGINAL;SIM;REINO UNIDO;5006617;DRIVE - GYN SERRA DOURADA 01;4;6000039;45898;46312;GOIÂNIA;GO;DRIVE-GYN ENTRETENIMENTO LTDA;37.109.882/0001-38
19/08/2020;19/08/2020 18:20:00;QUEEN OF SPADES: THROUGH THE LOOKING GLASS;A MALDIÇÃO DO ESPELHO;E1900574500000;DUBLADO;NÃO;RÚSSIA;5005931;MOBI CINE AÇAILÂNDIA SALA 03;6;6000040;38236;38237;AÇAILÂNDIA;MA;C A V LEMOS E CIA LTDA - ME;14.717.191/0001-11
19/08/2020;19/08/2020 18:20:00;SONIC THE HEDGEHOG;SONIC - O FILME;E2000012200000;DUBLADO;NÃO;CANADÁ;5004881;CIRCUITO CINEMAS PBAS- SALA 03;10;6000028;15568;27873;PARAUAPEBAS;PA;CIRCUITO ENTRETENIMENTO E CINEMAS LTDA;08.068.712/0001-54
19/08/2020;19/08/2020 18:20:01;JUSTICE LEAGUE;LIGA DA JUSTIÇA;E1700482600000;DUBLADO;NÃO;ESTADOS UNIDOS;5006574;DRIVE IN CINEART ALPHAVILLE;13;6000013;437;45925;NOVA LIMA;MG;DELTA FILMES LTDA;01.735.159/0001-17
19/08/2020;19/08/2020 18:30:00;JOKER;CORINGA;E1900357300000;DUBLADO;NÃO;CANADÁ;5004879;CIRCUITO CINEMAS PBAS- SALA 01;1;6000028;15568;27873;PARAUAPEBAS;PA;CIRCUITO ENTRETENIMENTO E CINEMAS LTDA;08.068.712/0001-54
19/08/2020;19/08/2020 18:30:00;JUMANJI: NEXT LEVEL;JUMANJI: PROXIMA FASE;E1900458100000;DUBLADO;NÃO;ESTADOS UNIDOS;5001149;CINE PORTO;0;;2351;2352;UBATUBA;SP;CINEMATOGRÁFICA LITORAL NORTE LTDA-EPP;04.165.613/0001-30
19/08/2020;19/08/2020 18:30:00;SMALLFOOT;PÉPEQUENO;E1800215200000;DUBLADO;NÃO;ESTADOS UNIDOS;5006610;CINESYSTEM DRIVE-IN AEROPORTO VITÓRIA;2;6000027;22546;46257;VITÓRIA;ES;REDECINE BRA CINEMATOGRÁFICA S.A.;15.422.993/0001-67
19/08/2020;19/08/2020 18:30:00;TEEN TITANS GO! TO THE MOVIES;JOVENS TITÃS EM AÇÃO! NOS CINEMAS;E1800215000000;DUBLADO;NÃO;ESTADOS UNIDOS;5006571;CINESYSTEM AMÉRICAS DRIVE-IN;26;6000027;5348;28834;RIO DE JANEIRO;RJ;REDECINE - RIO CINEMATOGRAFICA S.A.;07.524.011/0001-10
19/08/2020;19/08/2020 18:30:00;THE QUEEN´S CORGI;THE QUEEN'S CORGI;E1900148700000;DUBLADO;NÃO;BÉLGICA;5006580;CINESYSTEM MORUMBI TOWN DRIVE-IN;25;6000027;22546;34941;SÃO PAULO;SP;REDECINE BRA CINEMATOGRÁFICA S.A.;15.422.993/0001-67
19/08/2020;19/08/2020 18:40:00;GRETEL & HANSEL (2020);MARIA E JOÃO - O CONTO DAS BRUXAS;E1900467000000;DUBLADO;NÃO;ESTADOS UNIDOS;5002723;SALA CINE PLAYARTE MANAUARA 03;32;6000049;260;16356;MANAUS;AM;PLAYARTE CINEMAS LTDA.;60.434.149/0001-00
19/08/2020;19/08/2020 18:40:00;STITCHES;CICATRIZES;E2000012300000;ORIGINAL;SIM;SÉRVIA;5006578;CINE ARTE PAJUÇARA DRIVE-IN;4;;26591;26593;MACEIÓ;AL;ASSOCIAÇÃO CULTURAL ARTE PAJUÇARA - ACAP;19.442.911/0001-05
19/08/2020;19/08/2020 18:50:00;DOLITTLE;DOLITTLE;E1900437900000;DUBLADO;NÃO;ESTADOS UNIDOS;5006602;TOPAZIO POLO SHOPPING DRIVE IN;25;6000057;2968;19182;INDAIATUBA;SP;LUI CINEMATOGRÁFICA LTDA.;71.912.711/0001-80
19/08/2020;19/08/2020 19:00:00;BLOODSHOT;BLOODSHOT;E1900579400000;DUBLADO;NÃO;ESTADOS UNIDOS;5004880;CIRCUITO CINEMAS PBAS- SALA 02;10;6000028;15568;27873;PARAUAPEBAS;PA;CIRCUITO ENTRETENIMENTO E CINEMAS LTDA;08.068.712/0001-54
19/08/2020;19/08/2020 19:00:00;IT: CHAPTER TWO;IT - CAPÍTULO DOIS;E1900346500000;DUBLADO;NÃO;ESTADOS UNIDOS;5006597;CINE PLAYARTE MANAUARA DRIVE IN;28;6000049;260;16356;MANAUS;AM;PLAYARTE CINEMAS LTDA.;60.434.149/0001-00
19/08/2020;19/08/2020 19:00:00;THE ADDAMS FAMILY;A FAMÍLIA ADDAMS;E1900349600000;DUBLADO;NÃO;CANADÁ;5006570;TOP CINEPLEX PAULÍNIA - DRIVE-IN;12;6000056;19398;19399;PAULÍNIA;SP;DIAS CINEMATOGRÁFICA LTDA-EPP;12.128.142/0001-18
19/08/2020;19/08/2020 19:00:00;THE LION KING;O REI LEÃO;E1900267700000;DUBLADO;NÃO;ESTADOS UNIDOS;5006567;CINESHOW TUBARÃO DRIVE-IN;4;6000025;33770;33771;TUBARÃO;SC;TUBARÃO FILMES LTDA;24.971.903/0001-88
19/08/2020;19/08/2020 19:00:01;OCEAN'S 8;OITO MULHERES E UM SEGREDO;E1800213600000;DUBLADO;NÃO;ESTADOS UNIDOS;5006591;DRIVE IN SHOPPING VILLA LOBOS;0;6000006;2872;46069;SÃO PAULO;SP;EMPRESA CENTERPLEX DE CINEMAS LTDA;00.812.310/0001-00
19/08/2020;19/08/2020 19:15:00;THE ADDAMS FAMILY;A FAMÍLIA ADDAMS;E1900349600000;DUBLADO;NÃO;CANADÁ;5006579;CINESYSTEM BRÁS DRIVE-IN;8;6000027;22546;34941;SÃO PAULO;SP;REDECINE BRA CINEMATOGRÁFICA S.A.;15.422.993/0001-67
19/08/2020;19/08/2020 19:30:00;JUMANJI: NEXT LEVEL;JUMANJI: PROXIMA FASE;E1900458100000;DUBLADO;NÃO;ESTADOS UNIDOS;5002722;SALA CINE PLAYARTE MANAUARA 07;20;6000049;260;16356;MANAUS;AM;PLAYARTE CINEMAS LTDA.;60.434.149/0001-00
19/08/2020;19/08/2020 19:30:00;QUEEN OF SPADES: THROUGH THE LOOKING GLASS;A MALDIÇÃO DO ESPELHO;E1900574500000;DUBLADO;NÃO;RÚSSIA;5006620;CINEMAIS MONTES CLAROS DRIVE IN;6;6000017;2892;23844;MONTES CLAROS;MG;CINEMAIS CINEMAS LTDA;03.868.869/0001-40
19/08/2020;19/08/2020 19:50:00;THE INVISIBLE MAN;O HOMEM INVISÍVEL;E1900438600000;DUBLADO;NÃO;AUSTRÁLIA;5002726;SALA CINE PLAYARTE MANAUARA 06;18;6000049;260;16356;MANAUS;AM;PLAYARTE CINEMAS LTDA.;60.434.149/0001-00
19/08/2020;19/08/2020 20:00:00;A STAR IS BORN;NASCE UMA ESTRELA;E1800303500000;DUBLADO;NÃO;ESTADOS UNIDOS;5006572;CINE 14 BIS DRIVE-IN;3;;5822;6623;GUAXUPÉ;MG;GUAXUPE PROMOCOES E EVENTOS LTDA;03.929.354/0001-03
19/08/2020;19/08/2020 20:00:00;A STAR IS BORN;NASCE UMA ESTRELA;E1800303500000;ORIGINAL;SIM;ESTADOS UNIDOS;5006600;DRIVE - GYN ESTAÇÃO DA MODA;1;6000039;45898;46149;GOIÂNIA;GO;DRIVE-GYN ENTRETENIMENTO LTDA;37.109.882/0001-38
19/08/2020;19/08/2020 20:00:00;DOLITTLE;DOLITTLE;E1900437900000;DUBLADO;NÃO;ESTADOS UNIDOS;5006561;CINEART CACOAL SHOPPING SALA DRIVE-IN;3;;19535;37071;CACOAL;RO;CINE ART LTDA ME;07.083.456/0001-01
19/08/2020;19/08/2020 20:00:00;POKEMON DETECTIVE PIKACHU;POKÉMON DETETIVE PIKACHU;E1900062700000;DUBLADO;NÃO;ESTADOS UNIDOS;5002102;CINE DRIVEIN;90;;5465;6715;BRASÍLIA;DF;STARK'S CINEMA E LANCHONETE LTDA.;32.917.296/0001-04
19/08/2020;19/08/2020 20:10:00;OS ESPETACULARES;;B2000163800000;ORIGINAL;NÃO;BRASIL;5002727;SALA CINE PLAYARTE MANAUARA 04;4;6000049;260;16356;MANAUS;AM;PLAYARTE CINEMAS LTDA.;60.434.149/0001-00
19/08/2020;19/08/2020 20:15:00;MINHA MÃE É UMA PEÇA 3;;B1900576900000;ORIGINAL;NÃO;BRASIL;5006605;MULTICINE MOSSORÓ DRIVE IN;2;6000045;5935;17881;MOSSORÓ;RN;MULTICINE CINEMAS LTDA;07.609.246/0001-04
19/08/2020;19/08/2020 20:20:00;QUEEN OF SPADES: THROUGH THE LOOKING GLASS;A MALDIÇÃO DO ESPELHO;E1900574500000;DUBLADO;NÃO;RÚSSIA;5005931;MOBI CINE AÇAILÂNDIA SALA 03;5;6000040;38236;38237;AÇAILÂNDIA;MA;C A V LEMOS E CIA LTDA - ME;14.717.191/0001-11
19/08/2020;19/08/2020 20:25:00;DOLITTLE;DOLITTLE;E1900437900000;DUBLADO;NÃO;ESTADOS UNIDOS;5006580;CINESYSTEM MORUMBI TOWN DRIVE-IN;40;6000027;22546;34941;SÃO PAULO;SP;REDECINE BRA CINEMATOGRÁFICA S.A.;15.422.993/0001-67
19/08/2020;19/08/2020 20:25:00;MÚSICA PARA MORRER DE AMOR;;B1900341900000;ORIGINAL;NÃO;BRASIL;5006571;CINESYSTEM AMÉRICAS DRIVE-IN;9;6000027;5348;28834;RIO DE JANEIRO;RJ;REDECINE - RIO CINEMATOGRAFICA S.A.;07.524.011/0001-10
19/08/2020;19/08/2020 20:30:00;BABY DRIVER;EM RITMO DE FUGA;E1500757900000;ORIGINAL;SIM;ESTADOS UNIDOS;5006618;DRIVE - GYN SERRA DOURADA 02;8;6000039;45898;46312;GOIÂNIA;GO;DRIVE-GYN ENTRETENIMENTO LTDA;37.109.882/0001-38
19/08/2020;19/08/2020 20:30:00;BLOODSHOT;BLOODSHOT;E1900579400000;DUBLADO;NÃO;ESTADOS UNIDOS;5005929;MOBI CINE AÇAILÂNDIA SALA 01;8;6000040;38236;38237;AÇAILÂNDIA;MA;C A V LEMOS E CIA LTDA - ME;14.717.191/0001-11
19/08/2020;19/08/2020 20:30:00;BLOODSHOT;BLOODSHOT;E1900579400000;DUBLADO;NÃO;ESTADOS UNIDOS;5002721;SALA CINE PLAYARTE MANAUARA 01;26;6000049;260;16356;MANAUS;AM;PLAYARTE CINEMAS LTDA.;60.434.149/0001-00
19/08/2020;19/08/2020 20:30:00;DOLITTLE;DOLITTLE;E1900437900000;DUBLADO;NÃO;ESTADOS UNIDOS;5006610;CINESYSTEM DRIVE-IN AEROPORTO VITÓRIA;2;6000027;22546;46257;VITÓRIA;ES;REDECINE BRA CINEMATOGRÁFICA S.A.;15.422.993/0001-67
19/08/2020;19/08/2020 20:30:00;Mostras e Festivais;;G0000000000004;ORIGINAL;NÃO;;5006578;CINE ARTE PAJUÇARA DRIVE-IN;2;;26591;26593;MACEIÓ;AL;ASSOCIAÇÃO CULTURAL ARTE PAJUÇARA - ACAP;19.442.911/0001-05
19/08/2020;19/08/2020 20:30:01;BOHEMIAN RHAPSODY;BOHEMIAN RHAPSODY;E1800251900000;DUBLADO;NÃO;ESTADOS UNIDOS;5006585;CENTERPLEX CAMPO DE MARTE DRIVE-IN;11;6000006;36999;37000;SÃO PAULO;SP;CINE ELI SP CINEMAS LTDA;27.676.231/0001-76
19/08/2020;19/08/2020 20:30:01;MÚSICA PARA MORRER DE AMOR;;B1900341900000;ORIGINAL;NÃO;BRASIL;5006617;DRIVE - GYN SERRA DOURADA 01;8;6000039;45898;46312;GOIÂNIA;GO;DRIVE-GYN ENTRETENIMENTO LTDA;37.109.882/0001-38
19/08/2020;19/08/2020 20:40:00;BIRDS OF PREY (AND THE FANTABULOUS EMANCIPATION OF ONE HARLEY QUINN);AVES DE RAPINA (ARLEQUINA E SUA EMANCIPAÇÃO FANTABULOSA);E1900628800000;DUBLADO;NÃO;ESTADOS UNIDOS;5004881;CIRCUITO CINEMAS PBAS- SALA 03;1;6000028;15568;27873;PARAUAPEBAS;PA;CIRCUITO ENTRETENIMENTO E CINEMAS LTDA;08.068.712/0001-54
19/08/2020;19/08/2020 20:50:00;GRETEL & HANSEL (2020);MARIA E JOÃO - O CONTO DAS BRUXAS;E1900467000000;DUBLADO;NÃO;ESTADOS UNIDOS;5002723;SALA CINE PLAYARTE MANAUARA 03;13;6000049;260;16356;MANAUS;AM;PLAYARTE CINEMAS LTDA.;60.434.149/0001-00
19/08/2020;19/08/2020 21:00:00;MINHA MÃE É UMA PEÇA 3;;B1900576900000;ORIGINAL;NÃO;BRASIL;5004882;CIRCUITO CINEMAS PBAS- SALA 04;1;6000028;15568;27873;PARAUAPEBAS;PA;CIRCUITO ENTRETENIMENTO E CINEMAS LTDA;08.068.712/0001-54
19/08/2020;19/08/2020 21:00:00;THE FATE OF THE FURIOUS;VELOZES E FURIOSOS 8;E1700045600000;DUBLADO;NÃO;FRANÇA;5006570;TOP CINEPLEX PAULÍNIA - DRIVE-IN;2;6000056;19398;19399;PAULÍNIA;SP;DIAS CINEMATOGRÁFICA LTDA-EPP;12.128.142/0001-18
19/08/2020;19/08/2020 21:00:01;JOKER;CORINGA;E1900357300000;DUBLADO;NÃO;CANADÁ;5006574;DRIVE IN CINEART ALPHAVILLE;22;6000013;437;45925;NOVA LIMA;MG;DELTA FILMES LTDA;01.735.159/0001-17
19/08/2020;19/08/2020 21:15:00;JOKER;CORINGA;E1900357300000;DUBLADO;NÃO;CANADÁ;5004879;CIRCUITO CINEMAS PBAS- SALA 01;2;6000028;15568;27873;PARAUAPEBAS;PA;CIRCUITO ENTRETENIMENTO E CINEMAS LTDA;08.068.712/0001-54
19/08/2020;19/08/2020 21:15:00;Mostras e Festivais;;G0000000000004;ORIGINAL;SIM;;5006619;DRIVE - GYN SERRA DOURADA 03;6;6000039;45898;46312;GOIÂNIA;GO;DRIVE-GYN ENTRETENIMENTO LTDA;37.109.882/0001-38
19/08/2020;19/08/2020 21:15:00;THE FATE OF THE FURIOUS;VELOZES E FURIOSOS 8;E1700045600000;DUBLADO;NÃO;FRANÇA;5006579;CINESYSTEM BRÁS DRIVE-IN;6;6000027;22546;34941;SÃO PAULO;SP;REDECINE BRA CINEMATOGRÁFICA S.A.;15.422.993/0001-67
19/08/2020;19/08/2020 21:30:00;BLOODSHOT;BLOODSHOT;E1900579400000;DUBLADO;NÃO;ESTADOS UNIDOS;5004880;CIRCUITO CINEMAS PBAS- SALA 02;7;6000028;15568;27873;PARAUAPEBAS;PA;CIRCUITO ENTRETENIMENTO E CINEMAS LTDA;08.068.712/0001-54
19/08/2020;19/08/2020 21:30:01;BATMAN: DARK KNIGHT RETURNS, THE PART 1;BATMAN: O CAVALEIRO DAS TREVAS - PARTE 1;E1500260300000;DUBLADO;NÃO;ESTADOS UNIDOS;5006591;DRIVE IN SHOPPING VILLA LOBOS;3;6000006;2872;46069;SÃO PAULO;SP;EMPRESA CENTERPLEX DE CINEMAS LTDA;00.812.310/0001-00
19/08/2020;19/08/2020 21:40:00;CAPTAIN MARVEL;CAPITÃ MARVEL;E1900011200000;DUBLADO;NÃO;ESTADOS UNIDOS;5006567;CINESHOW TUBARÃO DRIVE-IN;5;6000025;33770;33771;TUBARÃO;SC;TUBARÃO FILMES LTDA;24.971.903/0001-88
19/08/2020;19/08/2020 21:40:00;FIVE FEET APART;A CINCO PASSOS DE VOCÊ;E1900025700000;DUBLADO;NÃO;ESTADOS UNIDOS;5006602;TOPAZIO POLO SHOPPING DRIVE IN;16;6000057;2968;19182;INDAIATUBA;SP;LUI CINEMATOGRÁFICA LTDA.;71.912.711/0001-80
19/08/2020;19/08/2020 22:00:00;CARCEREIROS - O FILMES;;B1900511300000;ORIGINAL;NÃO;BRASIL;5002102;CINE DRIVEIN;90;;5465;6715;BRASÍLIA;DF;STARK'S CINEMA E LANCHONETE LTDA.;32.917.296/0001-04
19/08/2020;19/08/2020 22:20:00;AQUAMAN;AQUAMAN;E1800433400000;DUBLADO;NÃO;ESTADOS UNIDOS;5006597;CINE PLAYARTE MANAUARA DRIVE IN;27;6000049;260;16356;MANAUS;AM;PLAYARTE CINEMAS LTDA.;60.434.149/0001-00
19/08/2020;19/08/2020 22:30:00;A QUIET PLACE;UM LUGAR SILENCIOSO;E1800074200000;DUBLADO;NÃO;ESTADOS UNIDOS;5006605;MULTICINE MOSSORÓ DRIVE IN;0;6000045;5935;17881;MOSSORÓ;RN;MULTICINE CINEMAS LTDA;07.609.246/0001-04
19/08/2020;19/08/2020 22:30:00;HARRY POTTER AND THE DEATHLY HALLOWS - PART 1;HARRY POTTER E AS RELÍQUIAS DA MORTE - PARTE 1;E1500138700000;ORIGINAL;SIM;ESTADOS UNIDOS;5006580;CINESYSTEM MORUMBI TOWN DRIVE-IN;16;6000027;22546;34941;SÃO PAULO;SP;REDECINE BRA CINEMATOGRÁFICA S.A.;15.422.993/0001-67
19/08/2020;19/08/2020 22:30:00;LA LA LAND;LA LA LAND – CANTANDO ESTAÇÕES;E1600677400000;ORIGINAL;SIM;ESTADOS UNIDOS;5006571;CINESYSTEM AMÉRICAS DRIVE-IN;31;6000027;5348;28834;RIO DE JANEIRO;RJ;REDECINE - RIO CINEMATOGRAFICA S.A.;07.524.011/0001-10
19/08/2020;19/08/2020 22:35:00;A STAR IS BORN;NASCE UMA ESTRELA;E1800303500000;DUBLADO;NÃO;ESTADOS UNIDOS;5006610;CINESYSTEM DRIVE-IN AEROPORTO VITÓRIA;2;6000027;22546;46257;VITÓRIA;ES;REDECINE BRA CINEMATOGRÁFICA S.A.;15.422.993/0001-67
19/08/2020;19/08/2020 22:40:00;OVERLORD;OPERAÇÃO OVERLORD;E1800381200000;DUBLADO;NÃO;ESTADOS UNIDOS;5006600;DRIVE - GYN ESTAÇÃO DA MODA;2;6000039;45898;46149;GOIÂNIA;GO;DRIVE-GYN ENTRETENIMENTO LTDA;37.109.882/0001-38
19/08/2020;19/08/2020 22:45:00;A STAR IS BORN;NASCE UMA ESTRELA;E1800303500000;ORIGINAL;SIM;ESTADOS UNIDOS;5006618;DRIVE - GYN SERRA DOURADA 02;8;6000039;45898;46312;GOIÂNIA;GO;DRIVE-GYN ENTRETENIMENTO LTDA;37.109.882/0001-38
19/08/2020;19/08/2020 22:45:00;JACK REACHER: NEVER GO BACK;JACK RACHER: SEM RETORNO;E1600733400000;ORIGINAL;SIM;ESTADOS UNIDOS;5006617;DRIVE - GYN SERRA DOURADA 01;4;6000039;45898;46312;GOIÂNIA;GO;DRIVE-GYN ENTRETENIMENTO LTDA;37.109.882/0001-38
20/08/2020;20/08/2020 13:00:00;ONWARD;DOIS IRMÃOS: UMA JORNADA FANTÁSTICA;E1900366400000;DUBLADO;NÃO;ESTADOS UNIDOS;5004879;CIRCUITO CINEMAS PBAS- SALA 01;0;6000028;15568;27873;PARAUAPEBAS;PA;CIRCUITO ENTRETENIMENTO E CINEMAS LTDA;08.068.712/0001-54
20/08/2020;20/08/2020 13:40:00;SONIC THE HEDGEHOG;SONIC - O FILME;E2000012200000;DUBLADO;NÃO;CANADÁ;5004881;CIRCUITO CINEMAS PBAS- SALA 03;0;6000028;15568;27873;PARAUAPEBAS;PA;CIRCUITO ENTRETENIMENTO E CINEMAS LTDA;08.068.712/0001-54
20/08/2020;20/08/2020 13:45:00;MINHA MÃE É UMA PEÇA 3;;B1900576900000;ORIGINAL;NÃO;BRASIL;5004882;CIRCUITO CINEMAS PBAS- SALA 04;1;6000028;15568;27873;PARAUAPEBAS;PA;CIRCUITO ENTRETENIMENTO E CINEMAS LTDA;08.068.712/0001-54
20/08/2020;20/08/2020 14:00:00;BLOODSHOT;BLOODSHOT;E1900579400000;DUBLADO;NÃO;ESTADOS UNIDOS;5004880;CIRCUITO CINEMAS PBAS- SALA 02;2;6000028;15568;27873;PARAUAPEBAS;PA;CIRCUITO ENTRETENIMENTO E CINEMAS LTDA;08.068.712/0001-54
20/08/2020;20/08/2020 14:10:00;SHAZAM!;SHAZAM!;E1900060900000;DUBLADO;NÃO;ESTADOS UNIDOS;5002727;SALA CINE PLAYARTE MANAUARA 04;0;6000049;260;16356;MANAUS;AM;PLAYARTE CINEMAS LTDA.;60.434.149/0001-00
20/08/2020;20/08/2020 14:30:00;BIRDS OF PREY (AND THE FANTABULOUS EMANCIPATION OF ONE HARLEY QUINN);AVES DE RAPINA (ARLEQUINA E SUA EMANCIPAÇÃO FANTABULOSA);E1900628800000;DUBLADO;NÃO;ESTADOS UNIDOS;5002722;SALA CINE PLAYARTE MANAUARA 07;2;6000049;260;16356;MANAUS;AM;PLAYARTE CINEMAS LTDA.;60.434.149/0001-00
20/08/2020;20/08/2020 15:10:00;GRETEL & HANSEL (2020);MARIA E JOÃO - O CONTO DAS BRUXAS;E1900467000000;DUBLADO;NÃO;ESTADOS UNIDOS;5002723;SALA CINE PLAYARTE MANAUARA 03;6;6000049;260;16356;MANAUS;AM;PLAYARTE CINEMAS LTDA.;60.434.149/0001-00
20/08/2020;20/08/2020 15:30:00;BLOODSHOT;BLOODSHOT;E1900579400000;DUBLADO;NÃO;ESTADOS UNIDOS;5002721;SALA CINE PLAYARTE MANAUARA 01;4;6000049;260;16356;MANAUS;AM;PLAYARTE CINEMAS LTDA.;60.434.149/0001-00
20/08/2020;20/08/2020 15:30:00;ONWARD;DOIS IRMÃOS: UMA JORNADA FANTÁSTICA;E1900366400000;DUBLADO;NÃO;ESTADOS UNIDOS;5004879;CIRCUITO CINEMAS PBAS- SALA 01;0;6000028;15568;27873;PARAUAPEBAS;PA;CIRCUITO ENTRETENIMENTO E CINEMAS LTDA;08.068.712/0001-54
20/08/2020;20/08/2020 15:50:00;JUMANJI: NEXT LEVEL;JUMANJI: PROXIMA FASE;E1900458100000;DUBLADO;NÃO;ESTADOS UNIDOS;5002726;SALA CINE PLAYARTE MANAUARA 06;12;6000049;260;16356;MANAUS;AM;PLAYARTE CINEMAS LTDA.;60.434.149/0001-00
20/08/2020;20/08/2020 16:00:00;JUMANJI: NEXT LEVEL;JUMANJI: PROXIMA FASE;E1900458100000;DUBLADO;NÃO;ESTADOS UNIDOS;5000080;KINOPLEX AMAZONAS SALA 02;3;6000037;1991;2393;MANAUS;AM;EMPRESA CINEMAS SÃO LUIZ S/A;33.497.660/0001-89
20/08/2020;20/08/2020 16:00:00;ONWARD;DOIS IRMÃOS: UMA JORNADA FANTÁSTICA;E1900366400000;DUBLADO;NÃO;ESTADOS UNIDOS;5001149;CINE PORTO;0;;2351;2352;UBATUBA;SP;CINEMATOGRÁFICA LITORAL NORTE LTDA-EPP;04.165.613/0001-30
20/08/2020;20/08/2020 16:00:00;SONIC THE HEDGEHOG;SONIC - O FILME;E2000012200000;DUBLADO;NÃO;CANADÁ;5004881;CIRCUITO CINEMAS PBAS- SALA 03;0;6000028;15568;27873;PARAUAPEBAS;PA;CIRCUITO ENTRETENIMENTO E CINEMAS LTDA;08.068.712/0001-54
20/08/2020;20/08/2020 16:15:00;MINHA MÃE É UMA PEÇA 3;;B1900576900000;ORIGINAL;NÃO;BRASIL;5004882;CIRCUITO CINEMAS PBAS- SALA 04;1;6000028;15568;27873;PARAUAPEBAS;PA;CIRCUITO ENTRETENIMENTO E CINEMAS LTDA;08.068.712/0001-54
20/08/2020;20/08/2020 16:30:00;BLOODSHOT;BLOODSHOT;E1900579400000;DUBLADO;NÃO;ESTADOS UNIDOS;5004880;CIRCUITO CINEMAS PBAS- SALA 02;2;6000028;15568;27873;PARAUAPEBAS;PA;CIRCUITO ENTRETENIMENTO E CINEMAS LTDA;08.068.712/0001-54
20/08/2020;20/08/2020 16:30:00;QUEEN OF SPADES: THROUGH THE LOOKING GLASS;A MALDIÇÃO DO ESPELHO;E1900574500000;DUBLADO;NÃO;RÚSSIA;5004823;KINOPLEX AMAZONAS SALA 05;6;6000037;1991;2393;MANAUS;AM;EMPRESA CINEMAS SÃO LUIZ S/A;33.497.660/0001-89
20/08/2020;20/08/2020 16:50:00;JUSTICE LEAGUE;LIGA DA JUSTIÇA;E1700482600000;DUBLADO;NÃO;ESTADOS UNIDOS;5002722;SALA CINE PLAYARTE MANAUARA 07;0;6000049;260;16356;MANAUS;AM;PLAYARTE CINEMAS LTDA.;60.434.149/0001-00
20/08/2020;20/08/2020 17:00:00;FAST & FURIOUS PRESENTS: HOBBS & SHAW;VELOZES & FURIOSOS: HOBBS & SHAW;E1900264000000;DUBLADO;NÃO;ESTADOS UNIDOS;5000081;KINOPLEX AMAZONAS SALA 03;1;6000037;1991;2393;MANAUS;AM;EMPRESA CINEMAS SÃO LUIZ S/A;33.497.660/0001-89
20/08/2020;20/08/2020 17:00:00;THE INVISIBLE MAN;O HOMEM INVISÍVEL;E1900438600000;DUBLADO;NÃO;AUSTRÁLIA;5002727;SALA CINE PLAYARTE MANAUARA 04;14;6000049;260;16356;MANAUS;AM;PLAYARTE CINEMAS LTDA.;60.434.149/0001-00
20/08/2020;20/08/2020 17:20:00;MINHA MÃE É UMA PEÇA 3;;B1900576900000;ORIGINAL;NÃO;BRASIL;5000079;KINOPLEX AMAZONAS SALA 01;0;6000037;1991;2393;MANAUS;AM;EMPRESA CINEMAS SÃO LUIZ S/A;33.497.660/0001-89
20/08/2020;20/08/2020 17:20:00;SHAZAM!;SHAZAM!;E1900060900000;DUBLADO;NÃO;ESTADOS UNIDOS;5002723;SALA CINE PLAYARTE MANAUARA 03;0;6000049;260;16356;MANAUS;AM;PLAYARTE CINEMAS LTDA.;60.434.149/0001-00
20/08/2020;20/08/2020 18:00:00;BLOODSHOT;BLOODSHOT;E1900579400000;DUBLADO;NÃO;ESTADOS UNIDOS;5002721;SALA CINE PLAYARTE MANAUARA 01;6;6000049;260;16356;MANAUS;AM;PLAYARTE CINEMAS LTDA.;60.434.149/0001-00
20/08/2020;20/08/2020 18:00:00;GRETEL & HANSEL (2020);MARIA E JOÃO - O CONTO DAS BRUXAS;E1900467000000;DUBLADO;NÃO;ESTADOS UNIDOS;5004822;KINOPLEX AMAZONAS SALA 04;12;6000037;1991;2393;MANAUS;AM;EMPRESA CINEMAS SÃO LUIZ S/A;33.497.660/0001-89
20/08/2020;20/08/2020 18:00:00;ONWARD;DOIS IRMÃOS: UMA JORNADA FANTÁSTICA;E1900366400000;DUBLADO;NÃO;ESTADOS UNIDOS;5004879;CIRCUITO CINEMAS PBAS- SALA 01;0;6000028;15568;27873;PARAUAPEBAS;PA;CIRCUITO ENTRETENIMENTO E CINEMAS LTDA;08.068.712/0001-54
20/08/2020;20/08/2020 18:00:00;THE SECRET LIFE OF PETS 2;PETS: A VIDA SECRETA DOS BICHOS 2;E1900162100000;DUBLADO;NÃO;ESTADOS UNIDOS;5002102;CINE DRIVEIN;72;;5465;6715;BRASÍLIA;DF;STARK'S CINEMA E LANCHONETE LTDA.;32.917.296/0001-04
20/08/2020;20/08/2020 18:00:01;THE CHOICE;A ESCOLHA;E1600009500000;DUBLADO;NÃO;ESTADOS UNIDOS;5006591;DRIVE IN SHOPPING VILLA LOBOS;2;6000006;2872;46069;SÃO PAULO;SP;EMPRESA CENTERPLEX DE CINEMAS LTDA;00.812.310/0001-00
20/08/2020;20/08/2020 18:15:00;Mostras e Festivais;;G0000000000004;ORIGINAL;NÃO;;5006578;CINE ARTE PAJUÇARA DRIVE-IN;1;;26591;26593;MACEIÓ;AL;ASSOCIAÇÃO CULTURAL ARTE PAJUÇARA - ACAP;19.442.911/0001-05
20/08/2020;20/08/2020 18:15:00;THE ADDAMS FAMILY;A FAMÍLIA ADDAMS;E1900349600000;DUBLADO;NÃO;CANADÁ;5006617;DRIVE - GYN SERRA DOURADA 01;3;6000039;45898;46312;GOIÂNIA;GO;DRIVE-GYN ENTRETENIMENTO LTDA;37.109.882/0001-38
20/08/2020;20/08/2020 18:20:00;JOKER;CORINGA;E1900357300000;DUBLADO;NÃO;CANADÁ;5004881;CIRCUITO CINEMAS PBAS- SALA 03;3;6000028;15568;27873;PARAUAPEBAS;PA;CIRCUITO ENTRETENIMENTO E CINEMAS LTDA;08.068.712/0001-54
20/08/2020;20/08/2020 18:20:00;TEEN TITANS GO! TO THE MOVIES;JOVENS TITÃS EM AÇÃO! NOS CINEMAS;E1800215000000;DUBLADO;NÃO;ESTADOS UNIDOS;5006600;DRIVE - GYN ESTAÇÃO DA MODA;3;6000039;45898;46149;GOIÂNIA;GO;DRIVE-GYN ENTRETENIMENTO LTDA;37.109.882/0001-38
20/08/2020;20/08/2020 18:20:01;1917;1917;E1900439000000;ORIGINAL;SIM;ESTADOS UNIDOS;5006574;DRIVE IN CINEART ALPHAVILLE;10;6000013;437;45925;NOVA LIMA;MG;DELTA FILMES LTDA;01.735.159/0001-17
20/08/2020;20/08/2020 18:30:00;CINDERELA POP;;B1900048500000;ORIGINAL;NÃO;BRASIL;5006571;CINESYSTEM AMÉRICAS DRIVE-IN;11;6000027;5348;28834;RIO DE JANEIRO;RJ;REDECINE - RIO CINEMATOGRAFICA S.A.;07.524.011/0001-10
20/08/2020;20/08/2020 18:30:00;D.P.A. - DETETIVES DO PRÉDIO AZUL;;B1700328500000;ORIGINAL;NÃO;BRASIL;5006580;CINESYSTEM MORUMBI TOWN DRIVE-IN;0;6000027;22546;34941;SÃO PAULO;SP;REDECINE BRA CINEMATOGRÁFICA S.A.;15.422.993/0001-67
20/08/2020;20/08/2020 18:30:00;DOLITTLE;DOLITTLE;E1900437900000;DUBLADO;NÃO;ESTADOS UNIDOS;5006554;CINEPLUS XAXIM DRIVE-IN - PLANETA DRIVE-IN;15;6000023;15673;15674;CURITIBA;PR;VITOMAQ PRODUÇÕES ARTISTICAS E CINEMA LTDA - ME;07.617.254/0001-00
20/08/2020;20/08/2020 18:30:00;HOW TO TRAIN YOUR DRAGON: THE HIDDEN WORLD;COMO TREINAR O SEU DRAGÃO 3;E1800532200000;DUBLADO;NÃO;ESTADOS UNIDOS;5006610;CINESYSTEM DRIVE-IN AEROPORTO VITÓRIA;2;6000027;22546;46257;VITÓRIA;ES;REDECINE BRA CINEMATOGRÁFICA S.A.;15.422.993/0001-67
20/08/2020;20/08/2020 18:30:00;ONWARD;DOIS IRMÃOS: UMA JORNADA FANTÁSTICA;E1900366400000;DUBLADO;NÃO;ESTADOS UNIDOS;5006560;CINE A ITAJUBÁ DRIVE-IN;1;6000008;15833;41725;ITAJUBÁ;MG;CINE A LTDA;10.894.937/0001-01
20/08/2020;20/08/2020 18:30:00;ONWARD;DOIS IRMÃOS: UMA JORNADA FANTÁSTICA;E1900366400000;ORIGINAL;NÃO;ESTADOS UNIDOS;5001149;CINE PORTO;6;;2351;2352;UBATUBA;SP;CINEMATOGRÁFICA LITORAL NORTE LTDA-EPP;04.165.613/0001-30
20/08/2020;20/08/2020 18:30:00;POKEMON DETECTIVE PIKACHU;POKÉMON DETETIVE PIKACHU;E1900062700000;DUBLADO;NÃO;ESTADOS UNIDOS;5006558;CINESYSTEM IGUATEMI FLN DRIVE-IN;0;6000027;22546;41695;FLORIANÓPOLIS;SC;REDECINE BRA CINEMATOGRÁFICA S.A.;15.422.993/0001-67
20/08/2020;20/08/2020 18:30:00;STORKS;CEGONHAS - A HISTÓRIA QUE NÃO TE CONTARAM;E1600405300000;DUBLADO;NÃO;ESTADOS UNIDOS;5006618;DRIVE - GYN SERRA DOURADA 02;0;6000039;45898;46312;GOIÂNIA;GO;DRIVE-GYN ENTRETENIMENTO LTDA;37.109.882/0001-38
20/08/2020;20/08/2020 18:40:00;GRETEL & HANSEL (2020);MARIA E JOÃO - O CONTO DAS BRUXAS;E1900467000000;DUBLADO;NÃO;ESTADOS UNIDOS;5002726;SALA CINE PLAYARTE MANAUARA 06;5;6000049;260;16356;MANAUS;AM;PLAYARTE CINEMAS LTDA.;60.434.149/0001-00
20/08/2020;20/08/2020 18:45:00;BIRDS OF PREY (AND THE FANTABULOUS EMANCIPATION OF ONE HARLEY QUINN);AVES DE RAPINA (ARLEQUINA E SUA EMANCIPAÇÃO FANTABULOSA);E1900628800000;DUBLADO;NÃO;ESTADOS UNIDOS;5004882;CIRCUITO CINEMAS PBAS- SALA 04;2;6000028;15568;27873;PARAUAPEBAS;PA;CIRCUITO ENTRETENIMENTO E CINEMAS LTDA;08.068.712/0001-54
20/08/2020;20/08/2020 18:45:00;GODZILLA - KING OF THE MONSTERS;GODZILLA II – REI DOS MONSTROS;E1900062600000;DUBLADO;NÃO;ESTADOS UNIDOS;5006619;DRIVE - GYN SERRA DOURADA 03;1;6000039;45898;46312;GOIÂNIA;GO;DRIVE-GYN ENTRETENIMENTO LTDA;37.109.882/0001-38
20/08/2020;20/08/2020 19:00:00;BLOODSHOT;BLOODSHOT;E1900579400000;DUBLADO;NÃO;ESTADOS UNIDOS;5004880;CIRCUITO CINEMAS PBAS- SALA 02;2;6000028;15568;27873;PARAUAPEBAS;PA;CIRCUITO ENTRETENIMENTO E CINEMAS LTDA;08.068.712/0001-54
20/08/2020;20/08/2020 19:00:00;BLOODSHOT;BLOODSHOT;E1900579400000;DUBLADO;NÃO;ESTADOS UNIDOS;5005929;MOBI CINE AÇAILÂNDIA SALA 01;3;6000040;38236;38237;AÇAILÂNDIA;MA;C A V LEMOS E CIA LTDA - ME;14.717.191/0001-11
20/08/2020;20/08/2020 19:00:00;CALL OF THE WILD;O CHAMADO DA FLORESTA;E2000027000000;DUBLADO;NÃO;ESTADOS UNIDOS;5006602;TOPAZIO POLO SHOPPING DRIVE IN;22;6000057;2968;19182;INDAIATUBA;SP;LUI CINEMATOGRÁFICA LTDA.;71.912.711/0001-80
20/08/2020;20/08/2020 19:00:00;COCO;VIVA - A VIDA É UMA FESTA;E1700453400000;DUBLADO;NÃO;ESTADOS UNIDOS;5006567;CINESHOW TUBARÃO DRIVE-IN;4;6000025;33770;33771;TUBARÃO;SC;TUBARÃO FILMES LTDA;24.971.903/0001-88
20/08/2020;20/08/2020 19:00:00;COCO;VIVA - A VIDA É UMA FESTA;E1700453400000;DUBLADO;NÃO;ESTADOS UNIDOS;5006570;TOP CINEPLEX PAULÍNIA - DRIVE-IN;2;6000056;19398;19399;PAULÍNIA;SP;DIAS CINEMATOGRÁFICA LTDA-EPP;12.128.142/0001-18
20/08/2020;20/08/2020 19:00:00;MANOU THE SWIFT;VOANDO ALTO;E1900126900000;DUBLADO;NÃO;ALEMANHA;5006579;CINESYSTEM BRÁS DRIVE-IN;0;6000027;22546;34941;SÃO PAULO;SP;REDECINE BRA CINEMATOGRÁFICA S.A.;15.422.993/0001-67
20/08/2020;20/08/2020 19:00:00;QUEEN OF SPADES: THROUGH THE LOOKING GLASS;A MALDIÇÃO DO ESPELHO;E1900574500000;DUBLADO;NÃO;RÚSSIA;5005931;MOBI CINE AÇAILÂNDIA SALA 03;4;6000040;38236;38237;AÇAILÂNDIA;MA;C A V LEMOS E CIA LTDA - ME;14.717.191/0001-11
20/08/2020;20/08/2020 19:00:00;SPIES IN DISGUISE;UM ESPIÃO ANIMAL;E2000002000000;DUBLADO;NÃO;ESTADOS UNIDOS;5003450;CASTRO 1;3;6000023;12893;21049;CASTRO;PR;ESTILO PRODUÇÕES ARTISTICAS LTDA;03.293.165/0001-97
20/08/2020;20/08/2020 19:00:00;THE INVISIBLE MAN;O HOMEM INVISÍVEL;E1900438600000;DUBLADO;NÃO;AUSTRÁLIA;5000080;KINOPLEX AMAZONAS SALA 02;17;6000037;1991;2393;MANAUS;AM;EMPRESA CINEMAS SÃO LUIZ S/A;33.497.660/0001-89
20/08/2020;20/08/2020 19:15:00;THE SECRET LIFE OF PETS 2;PETS: A VIDA SECRETA DOS BICHOS 2;E1900162100000;DUBLADO;NÃO;ESTADOS UNIDOS;5006586;MULTICINE DRIVE IN - CIDADE JARDIM;2;6000045;5935;30736;GOIÂNIA;GO;MULTICINE CINEMAS LTDA;07.609.246/0001-04
20/08/2020;20/08/2020 19:15:00;WONDER PARK;O PARQUE DOS SONHOS;E1900025300000;DUBLADO;NÃO;ESTADOS UNIDOS;5006605;MULTICINE MOSSORÓ DRIVE IN;2;6000045;5935;17881;MOSSORÓ;RN;MULTICINE CINEMAS LTDA;07.609.246/0001-04
20/08/2020;20/08/2020 19:30:00;BAD BOYS FOR LIFE;BAD BOYS PARA SEMPRE;E1900525600000;DUBLADO;NÃO;ESTADOS UNIDOS;5004823;KINOPLEX AMAZONAS SALA 05;11;6000037;1991;2393;MANAUS;AM;EMPRESA CINEMAS SÃO LUIZ S/A;33.497.660/0001-89
20/08/2020;20/08/2020 19:30:00;BLOODSHOT;BLOODSHOT;E1900579400000;DUBLADO;NÃO;ESTADOS UNIDOS;5002722;SALA CINE PLAYARTE MANAUARA 07;4;6000049;260;16356;MANAUS;AM;PLAYARTE CINEMAS LTDA.;60.434.149/0001-00
20/08/2020;20/08/2020 19:30:00;JUMANJI: NEXT LEVEL;JUMANJI: PROXIMA FASE;E1900458100000;DUBLADO;NÃO;ESTADOS UNIDOS;5006620;CINEMAIS MONTES CLAROS DRIVE IN;9;6000017;2892;23844;MONTES CLAROS;MG;CINEMAIS CINEMAS LTDA;03.868.869/0001-40
20/08/2020;20/08/2020 19:50:00;AQUAMAN;AQUAMAN;E1800433400000;DUBLADO;NÃO;ESTADOS UNIDOS;5002727;SALA CINE PLAYARTE MANAUARA 04;3;6000049;260;16356;MANAUS;AM;PLAYARTE CINEMAS LTDA.;60.434.149/0001-00
20/08/2020;20/08/2020 20:00:00;ALADDIN;ALADDIN;E1900188100000;DUBLADO;NÃO;ESTADOS UNIDOS;5002102;CINE DRIVEIN;72;;5465;6715;BRASÍLIA;DF;STARK'S CINEMA E LANCHONETE LTDA.;32.917.296/0001-04
20/08/2020;20/08/2020 20:00:00;BLOODSHOT;BLOODSHOT;E1900579400000;DUBLADO;NÃO;ESTADOS UNIDOS;5000079;KINOPLEX AMAZONAS SALA 01;11;6000037;1991;2393;MANAUS;AM;EMPRESA CINEMAS SÃO LUIZ S/A;33.497.660/0001-89
20/08/2020;20/08/2020 20:00:00;GRETEL & HANSEL (2020);MARIA E JOÃO - O CONTO DAS BRUXAS;E1900467000000;DUBLADO;NÃO;ESTADOS UNIDOS;5003451;CASTRO 2;4;6000023;12893;21049;CASTRO;PR;ESTILO PRODUÇÕES ARTISTICAS LTDA;03.293.165/0001-97
20/08/2020;20/08/2020 20:00:01;JACK REACHER: NEVER GO BACK;JACK RACHER: SEM RETORNO;E1600733400000;ORIGINAL;SIM;ESTADOS UNIDOS;5006617;DRIVE - GYN SERRA DOURADA 01;2;6000039;45898;46312;GOIÂNIA;GO;DRIVE-GYN ENTRETENIMENTO LTDA;37.109.882/0001-38
20/08/2020;20/08/2020 20:10:00;A STAR IS BORN;NASCE UMA ESTRELA;E1800303500000;ORIGINAL;SIM;ESTADOS UNIDOS;5006600;DRIVE - GYN ESTAÇÃO DA MODA;9;6000039;45898;46149;GOIÂNIA;GO;DRIVE-GYN ENTRETENIMENTO LTDA;37.109.882/0001-38
20/08/2020;20/08/2020 20:10:00;BAD BOYS FOR LIFE;BAD BOYS PARA SEMPRE;E1900525600000;DUBLADO;NÃO;ESTADOS UNIDOS;5002723;SALA CINE PLAYARTE MANAUARA 03;16;6000049;260;16356;MANAUS;AM;PLAYARTE CINEMAS LTDA.;60.434.149/0001-00
20/08/2020;20/08/2020 20:15:00;THE MUMMY;A MÚMIA;E1500758800000;DUBLADO;NÃO;ESTADOS UNIDOS;5000081;KINOPLEX AMAZONAS SALA 03;4;6000037;1991;2393;MANAUS;AM;EMPRESA CINEMAS SÃO LUIZ S/A;33.497.660/0001-89
20/08/2020;20/08/2020 20:15:00;YESTERDAY;YESTERDAY;E1900265700000;ORIGINAL;SIM;REINO UNIDO;5006618;DRIVE - GYN SERRA DOURADA 02;5;6000039;45898;46312;GOIÂNIA;GO;DRIVE-GYN ENTRETENIMENTO LTDA;37.109.882/0001-38
20/08/2020;20/08/2020 20:20:00;VOLUME MORTO;;B2000101100000;ORIGINAL;NÃO;BRASIL;5006578;CINE ARTE PAJUÇARA DRIVE-IN;1;;26591;26593;MACEIÓ;AL;ASSOCIAÇÃO CULTURAL ARTE PAJUÇARA - ACAP;19.442.911/0001-05
20/08/2020;20/08/2020 20:30:00;A QUIET PLACE;UM LUGAR SILENCIOSO;E1800074200000;DUBLADO;NÃO;ESTADOS UNIDOS;5006572;CINE 14 BIS DRIVE-IN;2;;5822;6623;GUAXUPÉ;MG;GUAXUPE PROMOCOES E EVENTOS LTDA;03.929.354/0001-03
20/08/2020;20/08/2020 20:30:00;BLOODSHOT;BLOODSHOT;E1900579400000;DUBLADO;NÃO;ESTADOS UNIDOS;5002721;SALA CINE PLAYARTE MANAUARA 01;0;6000049;260;16356;MANAUS;AM;PLAYARTE CINEMAS LTDA.;60.434.149/0001-00
20/08/2020;20/08/2020 20:30:00;ONWARD;DOIS IRMÃOS: UMA JORNADA FANTÁSTICA;E1900366400000;DUBLADO;NÃO;ESTADOS UNIDOS;5004879;CIRCUITO CINEMAS PBAS- SALA 01;12;6000028;15568;27873;PARAUAPEBAS;PA;CIRCUITO ENTRETENIMENTO E CINEMAS LTDA;08.068.712/0001-54
20/08/2020;20/08/2020 20:30:00;OS ESPETACULARES;;B2000163800000;ORIGINAL;NÃO;BRASIL;5006571;CINESYSTEM AMÉRICAS DRIVE-IN;4;6000027;5348;28834;RIO DE JANEIRO;RJ;REDECINE - RIO CINEMATOGRAFICA S.A.;07.524.011/0001-10
20/08/2020;20/08/2020 20:30:00;QUEEN OF SPADES: THROUGH THE LOOKING GLASS;A MALDIÇÃO DO ESPELHO;E1900574500000;DUBLADO;NÃO;RÚSSIA;5004822;KINOPLEX AMAZONAS SALA 04;12;6000037;1991;2393;MANAUS;AM;EMPRESA CINEMAS SÃO LUIZ S/A;33.497.660/0001-89
20/08/2020;20/08/2020 20:30:00;VOLUME MORTO;;B2000101100000;ORIGINAL;NÃO;BRASIL;5006558;CINESYSTEM IGUATEMI FLN DRIVE-IN;0;6000027;22546;41695;FLORIANÓPOLIS;SC;REDECINE BRA CINEMATOGRÁFICA S.A.;15.422.993/0001-67
20/08/2020;20/08/2020 20:30:00;VOLUME MORTO;;B2000101100000;ORIGINAL;NÃO;BRASIL;5006580;CINESYSTEM MORUMBI TOWN DRIVE-IN;8;6000027;22546;34941;SÃO PAULO;SP;REDECINE BRA CINEMATOGRÁFICA S.A.;15.422.993/0001-67
20/08/2020;20/08/2020 20:40:00;OS ESPETACULARES;;B2000163800000;ORIGINAL;NÃO;BRASIL;5006610;CINESYSTEM DRIVE-IN AEROPORTO VITÓRIA;6;6000027;22546;46257;VITÓRIA;ES;REDECINE BRA CINEMATOGRÁFICA S.A.;15.422.993/0001-67
20/08/2020;20/08/2020 20:45:00;JUSTICE LEAGUE;LIGA DA JUSTIÇA;E1700482600000;DUBLADO;NÃO;ESTADOS UNIDOS;5006579;CINESYSTEM BRÁS DRIVE-IN;1;6000027;22546;34941;SÃO PAULO;SP;REDECINE BRA CINEMATOGRÁFICA S.A.;15.422.993/0001-67
20/08/2020;20/08/2020 20:50:00;GRETEL & HANSEL (2020);MARIA E JOÃO - O CONTO DAS BRUXAS;E1900467000000;DUBLADO;NÃO;ESTADOS UNIDOS;5002726;SALA CINE PLAYARTE MANAUARA 06;5;6000049;260;16356;MANAUS;AM;PLAYARTE CINEMAS LTDA.;60.434.149/0001-00
20/08/2020;20/08/2020 21:00:00;JOKER;CORINGA;E1900357300000;DUBLADO;NÃO;CANADÁ;5004881;CIRCUITO CINEMAS PBAS- SALA 03;3;6000028;15568;27873;PARAUAPEBAS;PA;CIRCUITO ENTRETENIMENTO E CINEMAS LTDA;08.068.712/0001-54
20/08/2020;20/08/2020 21:00:00;PARASITE;PARASITA;E1900453900000;ORIGINAL;SIM;CORÉIA DO SUL;5006554;CINEPLUS XAXIM DRIVE-IN - PLANETA DRIVE-IN;18;6000023;15673;15674;CURITIBA;PR;VITOMAQ PRODUÇÕES ARTISTICAS E CINEMA LTDA - ME;07.617.254/0001-00
20/08/2020;20/08/2020 21:00:00;QUEEN OF SPADES: THROUGH THE LOOKING GLASS;A MALDIÇÃO DO ESPELHO;E1900574500000;DUBLADO;NÃO;RÚSSIA;5005931;MOBI CINE AÇAILÂNDIA SALA 03;0;6000040;38236;38237;AÇAILÂNDIA;MA;C A V LEMOS E CIA LTDA - ME;14.717.191/0001-11
20/08/2020;20/08/2020 21:00:00;WONDER;EXTRAORDINÁRIO;E1700451500000;ORIGINAL;SIM;ESTADOS UNIDOS;5006560;CINE A ITAJUBÁ DRIVE-IN;3;6000008;15833;41725;ITAJUBÁ;MG;CINE A LTDA;10.894.937/0001-01
20/08/2020;20/08/2020 21:00:01;THE FATE OF THE FURIOUS;VELOZES E FURIOSOS 8;E1700045600000;DUBLADO;NÃO;FRANÇA;5006574;DRIVE IN CINEART ALPHAVILLE;12;6000013;437;45925;NOVA LIMA;MG;DELTA FILMES LTDA;01.735.159/0001-17
20/08/2020;20/08/2020 21:10:00;CAPTAIN MARVEL;CAPITÃ MARVEL;E1900011200000;DUBLADO;NÃO;ESTADOS UNIDOS;5006570;TOP CINEPLEX PAULÍNIA - DRIVE-IN;4;6000056;19398;19399;PAULÍNIA;SP;DIAS CINEMATOGRÁFICA LTDA-EPP;12.128.142/0001-18
20/08/2020;20/08/2020 21:15:00;AQUAMAN;AQUAMAN;E1800433400000;ORIGINAL;SIM;ESTADOS UNIDOS;5006619;DRIVE - GYN SERRA DOURADA 03;3;6000039;45898;46312;GOIÂNIA;GO;DRIVE-GYN ENTRETENIMENTO LTDA;37.109.882/0001-38
20/08/2020;20/08/2020 21:15:00;JURASSIC WORLD: FALLEN KINGDOM;JURASSIC WORLD - REINO AMEAÇADO;E1800169900000;DUBLADO;NÃO;ESTADOS UNIDOS;5006605;MULTICINE MOSSORÓ DRIVE IN;4;6000045;5935;17881;MOSSORÓ;RN;MULTICINE CINEMAS LTDA;07.609.246/0001-04
20/08/2020;20/08/2020 21:15:00;MINHA MÃE É UMA PEÇA 3;;B1900576900000;ORIGINAL;NÃO;BRASIL;5004882;CIRCUITO CINEMAS PBAS- SALA 04;1;6000028;15568;27873;PARAUAPEBAS;PA;CIRCUITO ENTRETENIMENTO E CINEMAS LTDA;08.068.712/0001-54
20/08/2020;20/08/2020 21:20:00;BLOODSHOT;BLOODSHOT;E1900579400000;DUBLADO;NÃO;ESTADOS UNIDOS;5005929;MOBI CINE AÇAILÂNDIA SALA 01;0;6000040;38236;38237;AÇAILÂNDIA;MA;C A V LEMOS E CIA LTDA - ME;14.717.191/0001-11
20/08/2020;20/08/2020 21:25:00;FAST & FURIOUS PRESENTS: HOBBS & SHAW;VELOZES & FURIOSOS: HOBBS & SHAW;E1900264000000;DUBLADO;NÃO;ESTADOS UNIDOS;5006586;MULTICINE DRIVE IN - CIDADE JARDIM;5;6000045;5935;30736;GOIÂNIA;GO;MULTICINE CINEMAS LTDA;07.609.246/0001-04
20/08/2020;20/08/2020 21:30:00;BLOODSHOT;BLOODSHOT;E1900579400000;DUBLADO;NÃO;ESTADOS UNIDOS;5004880;CIRCUITO CINEMAS PBAS- SALA 02;3;6000028;15568;27873;PARAUAPEBAS;PA;CIRCUITO ENTRETENIMENTO E CINEMAS LTDA;08.068.712/0001-54
20/08/2020;20/08/2020 21:30:00;BOHEMIAN RHAPSODY;BOHEMIAN RHAPSODY;E1800251900000;DUBLADO;NÃO;ESTADOS UNIDOS;5006567;CINESHOW TUBARÃO DRIVE-IN;1;6000025;33770;33771;TUBARÃO;SC;TUBARÃO FILMES LTDA;24.971.903/0001-88
20/08/2020;20/08/2020 21:30:00;MISSION: IMPOSSIBLE - FALLOUT;MISSÃO: IMPOSSÍVEL - EFEITO FALLOUT;E1800243500000;DUBLADO;NÃO;ESTADOS UNIDOS;5006602;TOPAZIO POLO SHOPPING DRIVE IN;18;6000057;2968;19182;INDAIATUBA;SP;LUI CINEMATOGRÁFICA LTDA.;71.912.711/0001-80
20/08/2020;20/08/2020 22:05:00;AQUAMAN;AQUAMAN;E1800433400000;DUBLADO;NÃO;ESTADOS UNIDOS;5006558;CINESYSTEM IGUATEMI FLN DRIVE-IN;0;6000027;22546;41695;FLORIANÓPOLIS;SC;REDECINE BRA CINEMATOGRÁFICA S.A.;15.422.993/0001-67
20/08/2020;20/08/2020 22:15:00;BABY DRIVER;EM RITMO DE FUGA;E1500757900000;DUBLADO;NÃO;ESTADOS UNIDOS;5006617;DRIVE - GYN SERRA DOURADA 01;4;6000039;45898;46312;GOIÂNIA;GO;DRIVE-GYN ENTRETENIMENTO LTDA;37.109.882/0001-38
20/08/2020;20/08/2020 22:15:00;JUSTICE LEAGUE;LIGA DA JUSTIÇA;E1700482600000;ORIGINAL;SIM;ESTADOS UNIDOS;5006580;CINESYSTEM MORUMBI TOWN DRIVE-IN;2;6000027;22546;34941;SÃO PAULO;SP;REDECINE BRA CINEMATOGRÁFICA S.A.;15.422.993/0001-67
20/08/2020;20/08/2020 22:30:00;ANNABELLE COMES HOME;ANNABELLE 3: DE VOLTA PARA CASA;E1900234800000;DUBLADO;NÃO;ESTADOS UNIDOS;5006591;DRIVE IN SHOPPING VILLA LOBOS;5;6000006;2872;46069;SÃO PAULO;SP;EMPRESA CENTERPLEX DE CINEMAS LTDA;00.812.310/0001-00
20/08/2020;20/08/2020 22:30:00;FIFTY SHADES DARKER;CINQUENTA TONS MAIS ESCUROS;E1500757600000;ORIGINAL;SIM;ESTADOS UNIDOS;5006618;DRIVE - GYN SERRA DOURADA 02;1;6000039;45898;46312;GOIÂNIA;GO;DRIVE-GYN ENTRETENIMENTO LTDA;37.109.882/0001-38
20/08/2020;20/08/2020 22:30:00;JUSTICE LEAGUE;LIGA DA JUSTIÇA;E1700482600000;DUBLADO;NÃO;ESTADOS UNIDOS;5006571;CINESYSTEM AMÉRICAS DRIVE-IN;2;6000027;5348;28834;RIO DE JANEIRO;RJ;REDECINE - RIO CINEMATOGRAFICA S.A.;07.524.011/0001-10
20/08/2020;20/08/2020 22:30:00;JUSTICE LEAGUE;LIGA DA JUSTIÇA;E1700482600000;DUBLADO;NÃO;ESTADOS UNIDOS;5006610;CINESYSTEM DRIVE-IN AEROPORTO VITÓRIA;2;6000027;22546;46257;VITÓRIA;ES;REDECINE BRA CINEMATOGRÁFICA S.A.;15.422.993/0001-67
20/08/2020;20/08/2020 22:30:00;VOLUME MORTO;;B2000101100000;ORIGINAL;NÃO;BRASIL;5002102;CINE DRIVEIN;72;;5465;6715;BRASÍLIA;DF;STARK'S CINEMA E LANCHONETE LTDA.;32.917.296/0001-04
21/08/2020;21/08/2020 13:00:00;ONWARD;DOIS IRMÃOS: UMA JORNADA FANTÁSTICA;E1900366400000;DUBLADO;NÃO;ESTADOS UNIDOS;5004879;CIRCUITO CINEMAS PBAS- SALA 01;0;6000028;15568;27873;PARAUAPEBAS;PA;CIRCUITO ENTRETENIMENTO E CINEMAS LTDA;08.068.712/0001-54
21/08/2020;21/08/2020 13:40:00;SONIC THE HEDGEHOG;SONIC - O FILME;E2000012200000;DUBLADO;NÃO;CANADÁ;5004881;CIRCUITO CINEMAS PBAS- SALA 03;2;6000028;15568;27873;PARAUAPEBAS;PA;CIRCUITO ENTRETENIMENTO E CINEMAS LTDA;08.068.712/0001-54
21/08/2020;21/08/2020 13:45:00;MINHA MÃE É UMA PEÇA 3;;B1900576900000;ORIGINAL;NÃO;BRASIL;5004882;CIRCUITO CINEMAS PBAS- SALA 04;0;6000028;15568;27873;PARAUAPEBAS;PA;CIRCUITO ENTRETENIMENTO E CINEMAS LTDA;08.068.712/0001-54
21/08/2020;21/08/2020 14:00:00;BLOODSHOT;BLOODSHOT;E1900579400000;DUBLADO;NÃO;ESTADOS UNIDOS;5004880;CIRCUITO CINEMAS PBAS- SALA 02;2;6000028;15568;27873;PARAUAPEBAS;PA;CIRCUITO ENTRETENIMENTO E CINEMAS LTDA;08.068.712/0001-54
21/08/2020;21/08/2020 14:10:00;SHAZAM!;SHAZAM!;E1900060900000;DUBLADO;NÃO;ESTADOS UNIDOS;5002727;SALA CINE PLAYARTE MANAUARA 04;2;6000049;260;16356;MANAUS;AM;PLAYARTE CINEMAS LTDA.;60.434.149/0001-00
21/08/2020;21/08/2020 14:30:00;BIRDS OF PREY (AND THE FANTABULOUS EMANCIPATION OF ONE HARLEY QUINN);AVES DE RAPINA (ARLEQUINA E SUA EMANCIPAÇÃO FANTABULOSA);E1900628800000;DUBLADO;NÃO;ESTADOS UNIDOS;5002722;SALA CINE PLAYARTE MANAUARA 07;2;6000049;260;16356;MANAUS;AM;PLAYARTE CINEMAS LTDA.;60.434.149/0001-00
21/08/2020;21/08/2020 15:10:00;GRETEL & HANSEL (2020);MARIA E JOÃO - O CONTO DAS BRUXAS;E1900467000000;DUBLADO;NÃO;ESTADOS UNIDOS;5002723;SALA CINE PLAYARTE MANAUARA 03;5;6000049;260;16356;MANAUS;AM;PLAYARTE CINEMAS LTDA.;60.434.149/0001-00
21/08/2020;21/08/2020 15:30:00;BLOODSHOT;BLOODSHOT;E1900579400000;DUBLADO;NÃO;ESTADOS UNIDOS;5002721;SALA CINE PLAYARTE MANAUARA 01;4;6000049;260;16356;MANAUS;AM;PLAYARTE CINEMAS LTDA.;60.434.149/0001-00
21/08/2020;21/08/2020 15:30:00;ONWARD;DOIS IRMÃOS: UMA JORNADA FANTÁSTICA;E1900366400000;DUBLADO;NÃO;ESTADOS UNIDOS;5004879;CIRCUITO CINEMAS PBAS- SALA 01;0;6000028;15568;27873;PARAUAPEBAS;PA;CIRCUITO ENTRETENIMENTO E CINEMAS LTDA;08.068.712/0001-54
21/08/2020;21/08/2020 15:30:01;PAN;PETER PAN;E1500684400000;DUBLADO;NÃO;ESTADOS UNIDOS;5006591;DRIVE IN SHOPPING VILLA LOBOS;2;6000006;2872;46069;SÃO PAULO;SP;EMPRESA CENTERPLEX DE CINEMAS LTDA;00.812.310/0001-00
21/08/2020;21/08/2020 15:50:00;JUMANJI: NEXT LEVEL;JUMANJI: PROXIMA FASE;E1900458100000;DUBLADO;NÃO;ESTADOS UNIDOS;5002726;SALA CINE PLAYARTE MANAUARA 06;9;6000049;260;16356;MANAUS;AM;PLAYARTE CINEMAS LTDA.;60.434.149/0001-00
21/08/2020;21/08/2020 16:00:00;JUMANJI: NEXT LEVEL;JUMANJI: PROXIMA FASE;E1900458100000;DUBLADO;NÃO;ESTADOS UNIDOS;5000080;KINOPLEX AMAZONAS SALA 02;3;6000037;1991;2393;MANAUS;AM;EMPRESA CINEMAS SÃO LUIZ S/A;33.497.660/0001-89
21/08/2020;21/08/2020 16:00:00;JUMANJI: NEXT LEVEL;JUMANJI: PROXIMA FASE;E1900458100000;DUBLADO;NÃO;ESTADOS UNIDOS;5005930;MOBI CINE AÇAILÂNDIA SALA 02;0;6000040;38236;38237;AÇAILÂNDIA;MA;C A V LEMOS E CIA LTDA - ME;14.717.191/0001-11
21/08/2020;21/08/2020 16:00:00;ONWARD;DOIS IRMÃOS: UMA JORNADA FANTÁSTICA;E1900366400000;DUBLADO;NÃO;ESTADOS UNIDOS;5001149;CINE PORTO;2;;2351;2352;UBATUBA;SP;CINEMATOGRÁFICA LITORAL NORTE LTDA-EPP;04.165.613/0001-30
21/08/2020;21/08/2020 16:00:00;SONIC THE HEDGEHOG;SONIC - O FILME;E2000012200000;DUBLADO;NÃO;CANADÁ;5004881;CIRCUITO CINEMAS PBAS- SALA 03;0;6000028;15568;27873;PARAUAPEBAS;PA;CIRCUITO ENTRETENIMENTO E CINEMAS LTDA;08.068.712/0001-54
21/08/2020;21/08/2020 16:15:00;MINHA MÃE É UMA PEÇA 3;;B1900576900000;ORIGINAL;NÃO;BRASIL;5004882;CIRCUITO CINEMAS PBAS- SALA 04;1;6000028;15568;27873;PARAUAPEBAS;PA;CIRCUITO ENTRETENIMENTO E CINEMAS LTDA;08.068.712/0001-54
21/08/2020;21/08/2020 16:30:00;BLOODSHOT;BLOODSHOT;E1900579400000;DUBLADO;NÃO;ESTADOS UNIDOS;5004880;CIRCUITO CINEMAS PBAS- SALA 02;0;6000028;15568;27873;PARAUAPEBAS;PA;CIRCUITO ENTRETENIMENTO E CINEMAS LTDA;08.068.712/0001-54
21/08/2020;21/08/2020 16:30:00;QUEEN OF SPADES: THROUGH THE LOOKING GLASS;A MALDIÇÃO DO ESPELHO;E1900574500000;DUBLADO;NÃO;RÚSSIA;5004823;KINOPLEX AMAZONAS SALA 05;4;6000037;1991;2393;MANAUS;AM;EMPRESA CINEMAS SÃO LUIZ S/A;33.497.660/0001-89
21/08/2020;21/08/2020 16:50:00;JUSTICE LEAGUE;LIGA DA JUSTIÇA;E1700482600000;DUBLADO;NÃO;ESTADOS UNIDOS;5002722;SALA CINE PLAYARTE MANAUARA 07;2;6000049;260;16356;MANAUS;AM;PLAYARTE CINEMAS LTDA.;60.434.149/0001-00
21/08/2020;21/08/2020 17:00:00;FAST & FURIOUS PRESENTS: HOBBS & SHAW;VELOZES & FURIOSOS: HOBBS & SHAW;E1900264000000;DUBLADO;NÃO;ESTADOS UNIDOS;5000081;KINOPLEX AMAZONAS SALA 03;0;6000037;1991;2393;MANAUS;AM;EMPRESA CINEMAS SÃO LUIZ S/A;33.497.660/0001-89
21/08/2020;21/08/2020 17:00:00;THE INVISIBLE MAN;O HOMEM INVISÍVEL;E1900438600000;DUBLADO;NÃO;AUSTRÁLIA;5002727;SALA CINE PLAYARTE MANAUARA 04;0;6000049;260;16356;MANAUS;AM;PLAYARTE CINEMAS LTDA.;60.434.149/0001-00
21/08/2020;21/08/2020 17:00:01;TURMA DA MÔNICA - LAÇOS;;B1900235500000;ORIGINAL;NÃO;BRASIL;5006590;SUPER DRIVE IN;0;6000006;2872;46068;SÃO BERNARDO DO CAMPO;SP;EMPRESA CENTERPLEX DE CINEMAS LTDA;00.812.310/0001-00
21/08/2020;21/08/2020 17:20:00;MINHA MÃE É UMA PEÇA 3;;B1900576900000;ORIGINAL;NÃO;BRASIL;5000079;KINOPLEX AMAZONAS SALA 01;2;6000037;1991;2393;MANAUS;AM;EMPRESA CINEMAS SÃO LUIZ S/A;33.497.660/0001-89
21/08/2020;21/08/2020 17:20:00;SHAZAM!;SHAZAM!;E1900060900000;DUBLADO;NÃO;ESTADOS UNIDOS;5002723;SALA CINE PLAYARTE MANAUARA 03;2;6000049;260;16356;MANAUS;AM;PLAYARTE CINEMAS LTDA.;60.434.149/0001-00
21/08/2020;21/08/2020 18:00:00;BLOODSHOT;BLOODSHOT;E1900579400000;DUBLADO;NÃO;ESTADOS UNIDOS;5002721;SALA CINE PLAYARTE MANAUARA 01;6;6000049;260;16356;MANAUS;AM;PLAYARTE CINEMAS LTDA.;60.434.149/0001-00
21/08/2020;21/08/2020 18:00:00;COCO;VIVA - A VIDA É UMA FESTA;E1700453400000;DUBLADO;NÃO;ESTADOS UNIDOS;5006567;CINESHOW TUBARÃO DRIVE-IN;3;6000025;33770;33771;TUBARÃO;SC;TUBARÃO FILMES LTDA;24.971.903/0001-88
21/08/2020;21/08/2020 18:00:00;GRETEL & HANSEL (2020);MARIA E JOÃO - O CONTO DAS BRUXAS;E1900467000000;DUBLADO;NÃO;ESTADOS UNIDOS;5004822;KINOPLEX AMAZONAS SALA 04;6;6000037;1991;2393;MANAUS;AM;EMPRESA CINEMAS SÃO LUIZ S/A;33.497.660/0001-89
21/08/2020;21/08/2020 18:00:00;ONWARD;DOIS IRMÃOS: UMA JORNADA FANTÁSTICA;E1900366400000;DUBLADO;NÃO;ESTADOS UNIDOS;5004879;CIRCUITO CINEMAS PBAS- SALA 01;0;6000028;15568;27873;PARAUAPEBAS;PA;CIRCUITO ENTRETENIMENTO E CINEMAS LTDA;08.068.712/0001-54
21/08/2020;21/08/2020 18:00:00;THE SECRET LIFE OF PETS 2;PETS: A VIDA SECRETA DOS BICHOS 2;E1900162100000;DUBLADO;NÃO;ESTADOS UNIDOS;5002102;CINE DRIVEIN;141;;5465;6715;BRASÍLIA;DF;STARK'S CINEMA E LANCHONETE LTDA.;32.917.296/0001-04
21/08/2020;21/08/2020 18:00:01;DUNKIRK;DUNKIRK;E1700303100000;DUBLADO;NÃO;ESTADOS UNIDOS;5006591;DRIVE IN SHOPPING VILLA LOBOS;1;6000006;2872;46069;SÃO PAULO;SP;EMPRESA CENTERPLEX DE CINEMAS LTDA;00.812.310/0001-00
21/08/2020;21/08/2020 18:15:00;Mostras e Festivais;;G0000000000004;ORIGINAL;NÃO;;5006578;CINE ARTE PAJUÇARA DRIVE-IN;1;;26591;26593;MACEIÓ;AL;ASSOCIAÇÃO CULTURAL ARTE PAJUÇARA - ACAP;19.442.911/0001-05
21/08/2020;21/08/2020 18:15:00;THE ADDAMS FAMILY;A FAMÍLIA ADDAMS;E1900349600000;DUBLADO;NÃO;CANADÁ;5006617;DRIVE - GYN SERRA DOURADA 01;1;6000039;45898;46312;GOIÂNIA;GO;DRIVE-GYN ENTRETENIMENTO LTDA;37.109.882/0001-38
21/08/2020;21/08/2020 18:20:00;JOKER;CORINGA;E1900357300000;DUBLADO;NÃO;CANADÁ;5004881;CIRCUITO CINEMAS PBAS- SALA 03;1;6000028;15568;27873;PARAUAPEBAS;PA;CIRCUITO ENTRETENIMENTO E CINEMAS LTDA;08.068.712/0001-54
21/08/2020;21/08/2020 18:20:00;TEEN TITANS GO! TO THE MOVIES;JOVENS TITÃS EM AÇÃO! NOS CINEMAS;E1800215000000;DUBLADO;NÃO;ESTADOS UNIDOS;5006600;DRIVE - GYN ESTAÇÃO DA MODA;1;6000039;45898;46149;GOIÂNIA;GO;DRIVE-GYN ENTRETENIMENTO LTDA;37.109.882/0001-38
21/08/2020;21/08/2020 18:30:00;ABOMINABLE;ABOMINÁVEL;E1900349400000;DUBLADO;NÃO;CHINA;5006580;CINESYSTEM MORUMBI TOWN DRIVE-IN;16;6000027;22546;34941;SÃO PAULO;SP;REDECINE BRA CINEMATOGRÁFICA S.A.;15.422.993/0001-67
21/08/2020;21/08/2020 18:30:00;DOLOR Y GLORIA;DOR E GLÓRIA;E1900161900000;ORIGINAL;SIM;ESPANHA;5006574;DRIVE IN CINEART ALPHAVILLE;6;6000013;437;45925;NOVA LIMA;MG;DELTA FILMES LTDA;01.735.159/0001-17
21/08/2020;21/08/2020 18:30:00;HARRY POTTER AND THE DEATHLY HALLOWS - PART 1;HARRY POTTER E AS RELÍQUIAS DA MORTE - PARTE 1;E1500138700000;DUBLADO;NÃO;ESTADOS UNIDOS;5006554;CINEPLUS XAXIM DRIVE-IN - PLANETA DRIVE-IN;50;6000023;15673;15674;CURITIBA;PR;VITOMAQ PRODUÇÕES ARTISTICAS E CINEMA LTDA - ME;07.617.254/0001-00
21/08/2020;21/08/2020 18:30:00;HOW TO TRAIN YOUR DRAGON: THE HIDDEN WORLD;COMO TREINAR O SEU DRAGÃO 3;E1800532200000;DUBLADO;NÃO;ESTADOS UNIDOS;5006610;CINESYSTEM DRIVE-IN AEROPORTO VITÓRIA;11;6000027;22546;46257;VITÓRIA;ES;REDECINE BRA CINEMATOGRÁFICA S.A.;15.422.993/0001-67
21/08/2020;21/08/2020 18:30:00;MANOU THE SWIFT;VOANDO ALTO;E1900126900000;DUBLADO;NÃO;ALEMANHA;5006579;CINESYSTEM BRÁS DRIVE-IN;0;6000027;22546;34941;SÃO PAULO;SP;REDECINE BRA CINEMATOGRÁFICA S.A.;15.422.993/0001-67
21/08/2020;21/08/2020 18:30:00;ONWARD;DOIS IRMÃOS: UMA JORNADA FANTÁSTICA;E1900366400000;ORIGINAL;NÃO;ESTADOS UNIDOS;5001149;CINE PORTO;3;;2351;2352;UBATUBA;SP;CINEMATOGRÁFICA LITORAL NORTE LTDA-EPP;04.165.613/0001-30
21/08/2020;21/08/2020 18:30:00;STORKS;CEGONHAS - A HISTÓRIA QUE NÃO TE CONTARAM;E1600405300000;DUBLADO;NÃO;ESTADOS UNIDOS;5006618;DRIVE - GYN SERRA DOURADA 02;2;6000039;45898;46312;GOIÂNIA;GO;DRIVE-GYN ENTRETENIMENTO LTDA;37.109.882/0001-38
21/08/2020;21/08/2020 18:30:00;THE ADDAMS FAMILY;A FAMÍLIA ADDAMS;E1900349600000;DUBLADO;NÃO;CANADÁ;5006571;CINESYSTEM AMÉRICAS DRIVE-IN;8;6000027;5348;28834;RIO DE JANEIRO;RJ;REDECINE - RIO CINEMATOGRAFICA S.A.;07.524.011/0001-10
21/08/2020;21/08/2020 18:30:00;VOLUME MORTO;;B2000101100000;ORIGINAL;NÃO;BRASIL;5006558;CINESYSTEM IGUATEMI FLN DRIVE-IN;0;6000027;22546;41695;FLORIANÓPOLIS;SC;REDECINE BRA CINEMATOGRÁFICA S.A.;15.422.993/0001-67
21/08/2020;21/08/2020 18:30:01;THE LION KING;O REI LEÃO;E1900267700000;DUBLADO;NÃO;ESTADOS UNIDOS;5006560;CINE A ITAJUBÁ DRIVE-IN;1;6000008;15833;41725;ITAJUBÁ;MG;CINE A LTDA;10.894.937/0001-01
21/08/2020;21/08/2020 18:35:00;JUMANJI: NEXT LEVEL;JUMANJI: PROXIMA FASE;E1900458100000;DUBLADO;NÃO;ESTADOS UNIDOS;5005930;MOBI CINE AÇAILÂNDIA SALA 02;2;6000040;38236;38237;AÇAILÂNDIA;MA;C A V LEMOS E CIA LTDA - ME;14.717.191/0001-11
21/08/2020;21/08/2020 18:40:00;GRETEL & HANSEL (2020);MARIA E JOÃO - O CONTO DAS BRUXAS;E1900467000000;DUBLADO;NÃO;ESTADOS UNIDOS;5002726;SALA CINE PLAYARTE MANAUARA 06;11;6000049;260;16356;MANAUS;AM;PLAYARTE CINEMAS LTDA.;60.434.149/0001-00
21/08/2020;21/08/2020 18:45:00;BIRDS OF PREY (AND THE FANTABULOUS EMANCIPATION OF ONE HARLEY QUINN);AVES DE RAPINA (ARLEQUINA E SUA EMANCIPAÇÃO FANTABULOSA);E1900628800000;DUBLADO;NÃO;ESTADOS UNIDOS;5004882;CIRCUITO CINEMAS PBAS- SALA 04;2;6000028;15568;27873;PARAUAPEBAS;PA;CIRCUITO ENTRETENIMENTO E CINEMAS LTDA;08.068.712/0001-54
21/08/2020;21/08/2020 18:45:00;GODZILLA - KING OF THE MONSTERS;GODZILLA II – REI DOS MONSTROS;E1900062600000;DUBLADO;NÃO;ESTADOS UNIDOS;5006619;DRIVE - GYN SERRA DOURADA 03;2;6000039;45898;46312;GOIÂNIA;GO;DRIVE-GYN ENTRETENIMENTO LTDA;37.109.882/0001-38
21/08/2020;21/08/2020 19:00:00;BIRDS OF PREY (AND THE FANTABULOUS EMANCIPATION OF ONE HARLEY QUINN);AVES DE RAPINA (ARLEQUINA E SUA EMANCIPAÇÃO FANTABULOSA);E1900628800000;DUBLADO;NÃO;ESTADOS UNIDOS;5006590;SUPER DRIVE IN;5;6000006;2872;46068;SÃO BERNARDO DO CAMPO;SP;EMPRESA CENTERPLEX DE CINEMAS LTDA;00.812.310/0001-00
21/08/2020;21/08/2020 19:00:00;BLOODSHOT;BLOODSHOT;E1900579400000;DUBLADO;NÃO;ESTADOS UNIDOS;5004880;CIRCUITO CINEMAS PBAS- SALA 02;6;6000028;15568;27873;PARAUAPEBAS;PA;CIRCUITO ENTRETENIMENTO E CINEMAS LTDA;08.068.712/0001-54
21/08/2020;21/08/2020 19:00:00;BLOODSHOT;BLOODSHOT;E1900579400000;DUBLADO;NÃO;ESTADOS UNIDOS;5005929;MOBI CINE AÇAILÂNDIA SALA 01;0;6000040;38236;38237;AÇAILÂNDIA;MA;C A V LEMOS E CIA LTDA - ME;14.717.191/0001-11
21/08/2020;21/08/2020 19:00:00;LA LA LAND;LA LA LAND – CANTANDO ESTAÇÕES;E1600677400000;ORIGINAL;SIM;ESTADOS UNIDOS;5006602;TOPAZIO POLO SHOPPING DRIVE IN;12;6000057;2968;19182;INDAIATUBA;SP;LUI CINEMATOGRÁFICA LTDA.;71.912.711/0001-80
21/08/2020;21/08/2020 19:00:00;QUEEN OF SPADES: THROUGH THE LOOKING GLASS;A MALDIÇÃO DO ESPELHO;E1900574500000;DUBLADO;NÃO;RÚSSIA;5005931;MOBI CINE AÇAILÂNDIA SALA 03;0;6000040;38236;38237;AÇAILÂNDIA;MA;C A V LEMOS E CIA LTDA - ME;14.717.191/0001-11
21/08/2020;21/08/2020 19:00:00;SPIES IN DISGUISE;UM ESPIÃO ANIMAL;E2000002000000;DUBLADO;NÃO;ESTADOS UNIDOS;5003450;CASTRO 1;3;6000023;12893;21049;CASTRO;PR;ESTILO PRODUÇÕES ARTISTICAS LTDA;03.293.165/0001-97
21/08/2020;21/08/2020 19:00:00;THE INVISIBLE MAN;O HOMEM INVISÍVEL;E1900438600000;DUBLADO;NÃO;AUSTRÁLIA;5000080;KINOPLEX AMAZONAS SALA 02;9;6000037;1991;2393;MANAUS;AM;EMPRESA CINEMAS SÃO LUIZ S/A;33.497.660/0001-89
21/08/2020;21/08/2020 19:00:00;THE LION KING;O REI LEÃO;E1900267700000;DUBLADO;NÃO;ESTADOS UNIDOS;5006572;CINE 14 BIS DRIVE-IN;2;;5822;6623;GUAXUPÉ;MG;GUAXUPE PROMOCOES E EVENTOS LTDA;03.929.354/0001-03
21/08/2020;21/08/2020 19:00:01;BAD BOYS FOR LIFE;BAD BOYS PARA SEMPRE;E1900525600000;DUBLADO;NÃO;ESTADOS UNIDOS;5006585;CENTERPLEX CAMPO DE MARTE DRIVE-IN;9;6000006;36999;37000;SÃO PAULO;SP;CINE ELI SP CINEMAS LTDA;27.676.231/0001-76
21/08/2020;21/08/2020 19:05:00;WONDER;EXTRAORDINÁRIO;E1700451500000;DUBLADO;NÃO;ESTADOS UNIDOS;5006605;MULTICINE MOSSORÓ DRIVE IN;2;6000045;5935;17881;MOSSORÓ;RN;MULTICINE CINEMAS LTDA;07.609.246/0001-04
21/08/2020;21/08/2020 19:15:00;THE SECRET LIFE OF PETS 2;PETS: A VIDA SECRETA DOS BICHOS 2;E1900162100000;DUBLADO;NÃO;ESTADOS UNIDOS;5006586;MULTICINE DRIVE IN - CIDADE JARDIM;1;6000045;5935;30736;GOIÂNIA;GO;MULTICINE CINEMAS LTDA;07.609.246/0001-04
21/08/2020;21/08/2020 19:30:00;BAD BOYS FOR LIFE;BAD BOYS PARA SEMPRE;E1900525600000;DUBLADO;NÃO;ESTADOS UNIDOS;5004823;KINOPLEX AMAZONAS SALA 05;5;6000037;1991;2393;MANAUS;AM;EMPRESA CINEMAS SÃO LUIZ S/A;33.497.660/0001-89
21/08/2020;21/08/2020 19:30:00;BLOODSHOT;BLOODSHOT;E1900579400000;DUBLADO;NÃO;ESTADOS UNIDOS;5002722;SALA CINE PLAYARTE MANAUARA 07;13;6000049;260;16356;MANAUS;AM;PLAYARTE CINEMAS LTDA.;60.434.149/0001-00
21/08/2020;21/08/2020 19:50:00;AQUAMAN;AQUAMAN;E1800433400000;DUBLADO;NÃO;ESTADOS UNIDOS;5002727;SALA CINE PLAYARTE MANAUARA 04;5;6000049;260;16356;MANAUS;AM;PLAYARTE CINEMAS LTDA.;60.434.149/0001-00
21/08/2020;21/08/2020 20:00:00;ALADDIN;ALADDIN;E1900188100000;DUBLADO;NÃO;ESTADOS UNIDOS;5002102;CINE DRIVEIN;141;;5465;6715;BRASÍLIA;DF;STARK'S CINEMA E LANCHONETE LTDA.;32.917.296/0001-04
21/08/2020;21/08/2020 20:00:00;BLOODSHOT;BLOODSHOT;E1900579400000;DUBLADO;NÃO;ESTADOS UNIDOS;5000079;KINOPLEX AMAZONAS SALA 01;3;6000037;1991;2393;MANAUS;AM;EMPRESA CINEMAS SÃO LUIZ S/A;33.497.660/0001-89
21/08/2020;21/08/2020 20:00:00;DOLITTLE;DOLITTLE;E1900437900000;DUBLADO;NÃO;ESTADOS UNIDOS;5006561;CINEART CACOAL SHOPPING SALA DRIVE-IN;2;;19535;37071;CACOAL;RO;CINE ART LTDA ME;07.083.456/0001-01
21/08/2020;21/08/2020 20:00:00;GRETEL & HANSEL (2020);MARIA E JOÃO - O CONTO DAS BRUXAS;E1900467000000;DUBLADO;NÃO;ESTADOS UNIDOS;5003451;CASTRO 2;4;6000023;12893;21049;CASTRO;PR;ESTILO PRODUÇÕES ARTISTICAS LTDA;03.293.165/0001-97
21/08/2020;21/08/2020 20:00:01;JACK REACHER: NEVER GO BACK;JACK RACHER: SEM RETORNO;E1600733400000;ORIGINAL;SIM;ESTADOS UNIDOS;5006617;DRIVE - GYN SERRA DOURADA 01;8;6000039;45898;46312;GOIÂNIA;GO;DRIVE-GYN ENTRETENIMENTO LTDA;37.109.882/0001-38
21/08/2020;21/08/2020 20:05:00;THE INVISIBLE MAN;O HOMEM INVISÍVEL;E1900438600000;ORIGINAL;SIM;AUSTRÁLIA;5006558;CINESYSTEM IGUATEMI FLN DRIVE-IN;0;6000027;22546;41695;FLORIANÓPOLIS;SC;REDECINE BRA CINEMATOGRÁFICA S.A.;15.422.993/0001-67
21/08/2020;21/08/2020 20:10:00;A STAR IS BORN;NASCE UMA ESTRELA;E1800303500000;ORIGINAL;SIM;ESTADOS UNIDOS;5006600;DRIVE - GYN ESTAÇÃO DA MODA;4;6000039;45898;46149;GOIÂNIA;GO;DRIVE-GYN ENTRETENIMENTO LTDA;37.109.882/0001-38
21/08/2020;21/08/2020 20:10:00;BAD BOYS FOR LIFE;BAD BOYS PARA SEMPRE;E1900525600000;DUBLADO;NÃO;ESTADOS UNIDOS;5002723;SALA CINE PLAYARTE MANAUARA 03;11;6000049;260;16356;MANAUS;AM;PLAYARTE CINEMAS LTDA.;60.434.149/0001-00
21/08/2020;21/08/2020 20:10:00;MORTAL ENGINES;MÁQUINAS MORTAIS;E1800532500000;DUBLADO;NÃO;ESTADOS UNIDOS;5006606;CINE CAVALIERE ORLANDI DRIVE IN;0;;15009;15010;SOCORRO;SP;ORLANDI MARCHESE LTDA - ME;03.091.068/0001-11
21/08/2020;21/08/2020 20:15:00;JUSTICE LEAGUE;LIGA DA JUSTIÇA;E1700482600000;DUBLADO;NÃO;ESTADOS UNIDOS;5006579;CINESYSTEM BRÁS DRIVE-IN;6;6000027;22546;34941;SÃO PAULO;SP;REDECINE BRA CINEMATOGRÁFICA S.A.;15.422.993/0001-67
21/08/2020;21/08/2020 20:15:00;THE MUMMY;A MÚMIA;E1500758800000;DUBLADO;NÃO;ESTADOS UNIDOS;5000081;KINOPLEX AMAZONAS SALA 03;2;6000037;1991;2393;MANAUS;AM;EMPRESA CINEMAS SÃO LUIZ S/A;33.497.660/0001-89
21/08/2020;21/08/2020 20:15:00;YESTERDAY;YESTERDAY;E1900265700000;ORIGINAL;SIM;REINO UNIDO;5006618;DRIVE - GYN SERRA DOURADA 02;11;6000039;45898;46312;GOIÂNIA;GO;DRIVE-GYN ENTRETENIMENTO LTDA;37.109.882/0001-38
21/08/2020;21/08/2020 20:20:00;VOLUME MORTO;;B2000101100000;ORIGINAL;NÃO;BRASIL;5006578;CINE ARTE PAJUÇARA DRIVE-IN;0;;26591;26593;MACEIÓ;AL;ASSOCIAÇÃO CULTURAL ARTE PAJUÇARA - ACAP;19.442.911/0001-05
21/08/2020;21/08/2020 20:25:00;BOHEMIAN RHAPSODY;BOHEMIAN RHAPSODY;E1800251900000;DUBLADO;NÃO;ESTADOS UNIDOS;5006567;CINESHOW TUBARÃO DRIVE-IN;1;6000025;33770;33771;TUBARÃO;SC;TUBARÃO FILMES LTDA;24.971.903/0001-88
21/08/2020;21/08/2020 20:30:00;BLOODSHOT;BLOODSHOT;E1900579400000;DUBLADO;NÃO;ESTADOS UNIDOS;5002721;SALA CINE PLAYARTE MANAUARA 01;6;6000049;260;16356;MANAUS;AM;PLAYARTE CINEMAS LTDA.;60.434.149/0001-00
21/08/2020;21/08/2020 20:30:00;ONWARD;DOIS IRMÃOS: UMA JORNADA FANTÁSTICA;E1900366400000;DUBLADO;NÃO;ESTADOS UNIDOS;5004879;CIRCUITO CINEMAS PBAS- SALA 01;0;6000028;15568;27873;PARAUAPEBAS;PA;CIRCUITO ENTRETENIMENTO E CINEMAS LTDA;08.068.712/0001-54
21/08/2020;21/08/2020 20:30:00;OS ESPETACULARES;;B2000163800000;ORIGINAL;NÃO;BRASIL;5006571;CINESYSTEM AMÉRICAS DRIVE-IN;14;6000027;5348;28834;RIO DE JANEIRO;RJ;REDECINE - RIO CINEMATOGRAFICA S.A.;07.524.011/0001-10
21/08/2020;21/08/2020 20:30:00;QUEEN OF SPADES: THROUGH THE LOOKING GLASS;A MALDIÇÃO DO ESPELHO;E1900574500000;DUBLADO;NÃO;RÚSSIA;5004822;KINOPLEX AMAZONAS SALA 04;31;6000037;1991;2393;MANAUS;AM;EMPRESA CINEMAS SÃO LUIZ S/A;33.497.660/0001-89
21/08/2020;21/08/2020 20:30:00;VOLUME MORTO;;B2000101100000;ORIGINAL;NÃO;BRASIL;5006580;CINESYSTEM MORUMBI TOWN DRIVE-IN;10;6000027;22546;34941;SÃO PAULO;SP;REDECINE BRA CINEMATOGRÁFICA S.A.;15.422.993/0001-67
21/08/2020;21/08/2020 20:40:00;OS ESPETACULARES;;B2000163800000;ORIGINAL;NÃO;BRASIL;5006610;CINESYSTEM DRIVE-IN AEROPORTO VITÓRIA;11;6000027;22546;46257;VITÓRIA;ES;REDECINE BRA CINEMATOGRÁFICA S.A.;15.422.993/0001-67
21/08/2020;21/08/2020 20:50:00;GRETEL & HANSEL (2020);MARIA E JOÃO - O CONTO DAS BRUXAS;E1900467000000;DUBLADO;NÃO;ESTADOS UNIDOS;5002726;SALA CINE PLAYARTE MANAUARA 06;13;6000049;260;16356;MANAUS;AM;PLAYARTE CINEMAS LTDA.;60.434.149/0001-00
21/08/2020;21/08/2020 21:00:00;1917;1917;E1900439000000;DUBLADO;NÃO;ESTADOS UNIDOS;5006574;DRIVE IN CINEART ALPHAVILLE;31;6000013;437;45925;NOVA LIMA;MG;DELTA FILMES LTDA;01.735.159/0001-17
21/08/2020;21/08/2020 21:00:00;A STAR IS BORN;NASCE UMA ESTRELA;E1800303500000;ORIGINAL;SIM;ESTADOS UNIDOS;5006621;CINEPLUS PLANETA DRIVE IN PINHAIS;25;6000023;15673;46339;PINHAIS;PR;VITOMAQ PRODUÇÕES ARTISTICAS E CINEMA LTDA - ME;07.617.254/0001-00
21/08/2020;21/08/2020 21:00:00;CAPTAIN MARVEL;CAPITÃ MARVEL;E1900011200000;DUBLADO;NÃO;ESTADOS UNIDOS;5006570;TOP CINEPLEX PAULÍNIA - DRIVE-IN;4;6000056;19398;19399;PAULÍNIA;SP;DIAS CINEMATOGRÁFICA LTDA-EPP;12.128.142/0001-18
21/08/2020;21/08/2020 21:00:00;JOKER;CORINGA;E1900357300000;DUBLADO;NÃO;CANADÁ;5004881;CIRCUITO CINEMAS PBAS- SALA 03;1;6000028;15568;27873;PARAUAPEBAS;PA;CIRCUITO ENTRETENIMENTO E CINEMAS LTDA;08.068.712/0001-54
21/08/2020;21/08/2020 21:00:00;QUEEN OF SPADES: THROUGH THE LOOKING GLASS;A MALDIÇÃO DO ESPELHO;E1900574500000;DUBLADO;NÃO;RÚSSIA;5005931;MOBI CINE AÇAILÂNDIA SALA 03;5;6000040;38236;38237;AÇAILÂNDIA;MA;C A V LEMOS E CIA LTDA - ME;14.717.191/0001-11
21/08/2020;21/08/2020 21:10:00;BAD BOYS 3;BAD BOYS 3;E1500757400000;DUBLADO;NÃO;ESTADOS UNIDOS;5005930;MOBI CINE AÇAILÂNDIA SALA 02;2;6000040;38236;38237;AÇAILÂNDIA;MA;C A V LEMOS E CIA LTDA - ME;14.717.191/0001-11
21/08/2020;21/08/2020 21:15:00;AQUAMAN;AQUAMAN;E1800433400000;ORIGINAL;SIM;ESTADOS UNIDOS;5006619;DRIVE - GYN SERRA DOURADA 03;6;6000039;45898;46312;GOIÂNIA;GO;DRIVE-GYN ENTRETENIMENTO LTDA;37.109.882/0001-38
21/08/2020;21/08/2020 21:15:00;BOHEMIAN RHAPSODY;BOHEMIAN RHAPSODY;E1800251900000;DUBLADO;NÃO;ESTADOS UNIDOS;5006560;CINE A ITAJUBÁ DRIVE-IN;2;6000008;15833;41725;ITAJUBÁ;MG;CINE A LTDA;10.894.937/0001-01
21/08/2020;21/08/2020 21:15:00;MINHA MÃE É UMA PEÇA 3;;B1900576900000;ORIGINAL;NÃO;BRASIL;5004882;CIRCUITO CINEMAS PBAS- SALA 04;1;6000028;15568;27873;PARAUAPEBAS;PA;CIRCUITO ENTRETENIMENTO E CINEMAS LTDA;08.068.712/0001-54
21/08/2020;21/08/2020 21:20:00;BLOODSHOT;BLOODSHOT;E1900579400000;DUBLADO;NÃO;ESTADOS UNIDOS;5005929;MOBI CINE AÇAILÂNDIA SALA 01;2;6000040;38236;38237;AÇAILÂNDIA;MA;C A V LEMOS E CIA LTDA - ME;14.717.191/0001-11
21/08/2020;21/08/2020 21:20:00;JOKER;CORINGA;E1900357300000;DUBLADO;NÃO;CANADÁ;5006605;MULTICINE MOSSORÓ DRIVE IN;2;6000045;5935;17881;MOSSORÓ;RN;MULTICINE CINEMAS LTDA;07.609.246/0001-04
21/08/2020;21/08/2020 21:20:00;YESTERDAY;YESTERDAY;E1900265700000;DUBLADO;NÃO;REINO UNIDO;5006620;CINEMAIS MONTES CLAROS DRIVE IN;7;6000017;2892;23844;MONTES CLAROS;MG;CINEMAIS CINEMAS LTDA;03.868.869/0001-40
21/08/2020;21/08/2020 21:25:00;FAST & FURIOUS PRESENTS: HOBBS & SHAW;VELOZES & FURIOSOS: HOBBS & SHAW;E1900264000000;DUBLADO;NÃO;ESTADOS UNIDOS;5006586;MULTICINE DRIVE IN - CIDADE JARDIM;6;6000045;5935;30736;GOIÂNIA;GO;MULTICINE CINEMAS LTDA;07.609.246/0001-04
21/08/2020;21/08/2020 21:30:00;BLOODSHOT;BLOODSHOT;E1900579400000;DUBLADO;NÃO;ESTADOS UNIDOS;5004880;CIRCUITO CINEMAS PBAS- SALA 02;6;6000028;15568;27873;PARAUAPEBAS;PA;CIRCUITO ENTRETENIMENTO E CINEMAS LTDA;08.068.712/0001-54
21/08/2020;21/08/2020 21:30:00;FORD V FERRARI;FORD VS FERRARI;E1900252200000;DUBLADO;NÃO;ESTADOS UNIDOS;5006585;CENTERPLEX CAMPO DE MARTE DRIVE-IN;10;6000006;36999;37000;SÃO PAULO;SP;CINE ELI SP CINEMAS LTDA;27.676.231/0001-76
21/08/2020;21/08/2020 21:30:00;LAST CHRISTMAS;UMA SEGUNDA CHANCE PARA AMAR;E1900436800000;DUBLADO;NÃO;ESTADOS UNIDOS;5006572;CINE 14 BIS DRIVE-IN;4;;5822;6623;GUAXUPÉ;MG;GUAXUPE PROMOCOES E EVENTOS LTDA;03.929.354/0001-03
21/08/2020;21/08/2020 21:40:00;CRAZY RICH ASIANS;PODRES DE RICOS;E1800303600000;DUBLADO;NÃO;ESTADOS UNIDOS;5006602;TOPAZIO POLO SHOPPING DRIVE IN;19;6000057;2968;19182;INDAIATUBA;SP;LUI CINEMATOGRÁFICA LTDA.;71.912.711/0001-80
21/08/2020;21/08/2020 22:00:00;BABY DRIVER;EM RITMO DE FUGA;E1500757900000;ORIGINAL;SIM;ESTADOS UNIDOS;5006554;CINEPLUS XAXIM DRIVE-IN - PLANETA DRIVE-IN;18;6000023;15673;15674;CURITIBA;PR;VITOMAQ PRODUÇÕES ARTISTICAS E CINEMA LTDA - ME;07.617.254/0001-00
21/08/2020;21/08/2020 22:00:01;ANNABELLE COMES HOME;ANNABELLE 3: DE VOLTA PARA CASA;E1900234800000;DUBLADO;NÃO;ESTADOS UNIDOS;5006622;SUPER CINE ESPAÇO DAS AMÉRICAS DRIVE IN;14;6000006;2836;46340;SÃO PAULO;SP;EMPRESA SAO LUIZ DE CINEMAS LTDA - EM RECUPERACAO JUDICIAL;52.067.071/0001-05
21/08/2020;21/08/2020 22:15:00;BABY DRIVER;EM RITMO DE FUGA;E1500757900000;DUBLADO;NÃO;ESTADOS UNIDOS;5006617;DRIVE - GYN SERRA DOURADA 01;5;6000039;45898;46312;GOIÂNIA;GO;DRIVE-GYN ENTRETENIMENTO LTDA;37.109.882/0001-38
21/08/2020;21/08/2020 22:15:00;NOW YOU SEE ME 2;TRUQUE DE MESTRE: O 2º ATO;E1700176500000;ORIGINAL;SIM;CANADÁ;5006580;CINESYSTEM MORUMBI TOWN DRIVE-IN;33;6000027;22546;34941;SÃO PAULO;SP;REDECINE BRA CINEMATOGRÁFICA S.A.;15.422.993/0001-67
21/08/2020;21/08/2020 22:20:01;A STAR IS BORN;NASCE UMA ESTRELA;E1800303500000;DUBLADO;NÃO;ESTADOS UNIDOS;5006590;SUPER DRIVE IN;12;6000006;2872;46068;SÃO BERNARDO DO CAMPO;SP;EMPRESA CENTERPLEX DE CINEMAS LTDA;00.812.310/0001-00
21/08/2020;21/08/2020 22:25:00;AQUAMAN;AQUAMAN;E1800433400000;DUBLADO;NÃO;ESTADOS UNIDOS;5006558;CINESYSTEM IGUATEMI FLN DRIVE-IN;0;6000027;22546;41695;FLORIANÓPOLIS;SC;REDECINE BRA CINEMATOGRÁFICA S.A.;15.422.993/0001-67
21/08/2020;21/08/2020 22:30:00;47 METERS DOWN: UNCAGED;MEDO PROFUNDO - O SEGUNDO ATAQUE;E1900302700000;DUBLADO;NÃO;REINO UNIDO;5006571;CINESYSTEM AMÉRICAS DRIVE-IN;10;6000027;5348;28834;RIO DE JANEIRO;RJ;REDECINE - RIO CINEMATOGRAFICA S.A.;07.524.011/0001-10
21/08/2020;21/08/2020 22:30:00;FIFTY SHADES DARKER;CINQUENTA TONS MAIS ESCUROS;E1500757600000;ORIGINAL;SIM;ESTADOS UNIDOS;5006618;DRIVE - GYN SERRA DOURADA 02;3;6000039;45898;46312;GOIÂNIA;GO;DRIVE-GYN ENTRETENIMENTO LTDA;37.109.882/0001-38
21/08/2020;21/08/2020 22:30:00;JUSTICE LEAGUE;LIGA DA JUSTIÇA;E1700482600000;DUBLADO;NÃO;ESTADOS UNIDOS;5006610;CINESYSTEM DRIVE-IN AEROPORTO VITÓRIA;5;6000027;22546;46257;VITÓRIA;ES;REDECINE BRA CINEMATOGRÁFICA S.A.;15.422.993/0001-67
21/08/2020;21/08/2020 22:30:00;RAMBO: LAST BLOOD;RAMBO: ATÉ O FIM;E1900310000000;DUBLADO;NÃO;ESTADOS UNIDOS;5006591;DRIVE IN SHOPPING VILLA LOBOS;2;6000006;2872;46069;SÃO PAULO;SP;EMPRESA CENTERPLEX DE CINEMAS LTDA;00.812.310/0001-00
21/08/2020;21/08/2020 22:30:00;THE CURSE OF LA LLORONA;A MALDIÇÃO DA CHORONA;E1800606100000;DUBLADO;NÃO;ESTADOS UNIDOS;5006606;CINE CAVALIERE ORLANDI DRIVE IN;0;;15009;15010;SOCORRO;SP;ORLANDI MARCHESE LTDA - ME;03.091.068/0001-11
21/08/2020;21/08/2020 22:30:00;VOLUME MORTO;;B2000101100000;ORIGINAL;NÃO;BRASIL;5002102;CINE DRIVEIN;141;;5465;6715;BRASÍLIA;DF;STARK'S CINEMA E LANCHONETE LTDA.;32.917.296/0001-04
21/08/2020;21/08/2020 22:40:00;JIGSAW;JOGOS MORTAIS: JIGSAW;E1700451200000;ORIGINAL;SIM;CANADÁ;5006579;CINESYSTEM BRÁS DRIVE-IN;6;6000027;22546;34941;SÃO PAULO;SP;REDECINE BRA CINEMATOGRÁFICA S.A.;15.422.993/0001-67
21/08/2020;21/08/2020 23:20:00;THE NUN;A FREIRA;E1800306100000;DUBLADO;NÃO;ESTADOS UNIDOS;5006567;CINESHOW TUBARÃO DRIVE-IN;6;6000025;33770;33771;TUBARÃO;SC;TUBARÃO FILMES LTDA;24.971.903/0001-88
