investimento_fsa,coproducao,fomento_indireto,publico_total,qtd_sessoes,dias_cartaz,renda_total,independente,cat_duracao,animacao,documentario,ficcao,variedades,videomusical
False,False,True,32324.0,1.0,1.0,218322.12,True,LONGA METRAGEM,False,False,True,False,False
False,False,False,7958.0,5.0,5.0,76670.28,True,LONGA METRAGEM,False,True,False,False,False
False,False,False,280.0,3.0,3.0,1476.0,True,LONGA METRAGEM,False,True,False,False,False
False,False,True,47413.0,1.0,1.0,203675.61,True,LONGA METRAGEM,False,False,True,False,False
False,False,True,8009.0,2.0,2.0,59887.0,True,LONGA METRAGEM,False,True,False,False,False
False,False,True,26623.0,1.0,1.0,243332.2,True,LONGA METRAGEM,False,False,True,False,False
False,False,False,2281.0,1.0,1.0,21229.39,True,LONGA METRAGEM,False,False,True,False,False
False,False,False,353.0,1.0,1.0,1788.5,True,LONGA METRAGEM,False,False,True,False,False
False,False,True,23017.0,15.0,15.0,86320.45,True,LONGA METRAGEM,False,False,True,False,False
False,False,True,16125.0,14.0,14.0,143806.29,True,LONGA METRAGEM,False,False,True,False,False
False,False,True,300560.0,2.0,2.0,2258009.0,True,LONGA METRAGEM,False,False,True,False,False
False,False,True,37468.0,2.0,2.0,372802.28,True,LONGA METRAGEM,False,False,True,False,False
False,False,False,67061.0,916.0,122.0,1001282.58,True,LONGA METRAGEM,False,False,True,False,False
True,False,True,160573.0,1.0,1.0,1365197.66,True,LONGA METRAGEM,False,False,True,False,False
False,False,True,0.0,14.0,1.0,0.0,False,LONGA METRAGEM,False,True,False,False,False
False,False,False,841.0,1.0,1.0,5402.5,True,LONGA METRAGEM,False,False,True,False,False
False,True,True,52485.0,50.0,6.0,408151.34,True,LONGA METRAGEM,False,True,False,False,False
False,False,False,195.0,75.0,36.0,3888.3,True,MÉDIA METRAGEM,False,True,False,False,False
False,False,False,0.0,1.0,1.0,0.0,True,MÉDIA METRAGEM,False,True,False,False,False
False,False,True,2005.0,260.0,92.0,17950.98,True,LONGA METRAGEM,False,False,True,False,False
False,False,True,4085116.0,1900.0,15.0,36439883.32,True,LONGA METRAGEM,False,False,True,False,False
False,True,True,1953.0,1.0,1.0,16421.45,True,LONGA METRAGEM,False,True,False,False,False
False,False,True,8328.0,2.0,2.0,67637.0,True,LONGA METRAGEM,False,False,True,False,False
False,False,True,301.0,42.0,28.0,3516.04,True,LONGA METRAGEM,False,False,True,False,False
False,False,False,25495.0,1.0,1.0,179553.88,True,LONGA METRAGEM,False,False,True,False,False
False,False,True,1897.0,1.0,1.0,16878.4,False,LONGA METRAGEM,False,True,False,False,False
False,False,False,37.0,6.0,6.0,917.24,True,MÉDIA METRAGEM,False,True,False,False,False
False,False,False,1262.0,1.0,1.0,11903.08,True,LONGA METRAGEM,False,True,False,False,False
False,False,True,8831.0,2.0,2.0,94502.95,True,LONGA METRAGEM,False,True,False,False,False
False,False,True,74901.0,3.0,3.0,863590.25,True,LONGA METRAGEM,False,True,False,False,False
False,False,False,0.0,1.0,1.0,0.0,True,LONGA METRAGEM,False,False,True,False,False
False,False,True,19079.0,2.0,2.0,173145.27,True,LONGA METRAGEM,False,False,True,False,False
False,False,True,22437.0,2.0,2.0,229714.74,True,LONGA METRAGEM,False,True,False,False,False
False,False,False,1026.0,37.0,34.0,9087.22,True,LONGA METRAGEM,False,True,False,False,False
False,False,False,955.0,4.0,4.0,4160.5,True,LONGA METRAGEM,False,True,False,False,False
True,False,True,2177555.0,1.0,1.0,20039215.11,True,LONGA METRAGEM,False,False,True,False,False
False,False,False,2068.0,21.0,21.0,17365.1,True,LONGA METRAGEM,False,False,True,False,False
False,False,False,291.0,5.0,5.0,3233.0,True,LONGA METRAGEM,False,True,False,False,False
False,False,False,1591.0,2.0,2.0,14828.67,False,LONGA METRAGEM,False,False,True,False,False
False,False,False,940.0,101.0,87.0,8993.86,False,LONGA METRAGEM,False,True,False,False,False
False,False,False,143.0,6.0,6.0,715.0,True,LONGA METRAGEM,False,True,False,False,False
False,False,False,1.0,1.0,1.0,79.76,True,MÉDIA METRAGEM,False,False,True,False,False
False,False,False,183.0,25.0,21.0,1275.0,True,LONGA METRAGEM,False,True,False,False,False
False,False,True,499.0,48.0,34.0,4028.0,True,LONGA METRAGEM,False,False,True,False,False
False,False,False,480.0,14.0,14.0,9571.2,False,CURTA METRAGEM,True,False,False,False,False
False,False,False,52.0,10.0,10.0,320.0,True,LONGA METRAGEM,False,True,False,False,False
False,False,False,358.0,52.0,52.0,7138.52,True,MÉDIA METRAGEM,False,True,False,False,False
True,False,False,8824.0,6.0,6.0,81755.73,True,LONGA METRAGEM,False,False,True,False,False
False,False,False,0.0,1.0,1.0,0.0,True,MÉDIA METRAGEM,False,False,True,False,False
False,False,False,1593.0,83.0,77.0,15288.0,True,LONGA METRAGEM,False,False,True,False,False
False,False,True,13993.0,14.0,14.0,64698.13,True,LONGA METRAGEM,False,False,True,False,False
False,False,False,264.0,43.0,36.0,2739.0,True,LONGA METRAGEM,False,True,False,False,False
False,False,True,11713.0,21.0,16.0,121369.63,True,LONGA METRAGEM,False,False,True,False,False
False,False,False,320489.0,1.0,1.0,3092649.38,False,LONGA METRAGEM,False,False,True,False,False
True,False,True,1243219.0,54.0,17.0,11903878.18,True,LONGA METRAGEM,False,False,True,False,False
False,False,False,1.0,1.0,1.0,19.94,True,MÉDIA METRAGEM,False,True,False,False,False
False,False,False,2810.0,8.0,8.0,24501.5,True,LONGA METRAGEM,False,False,True,False,False
False,False,True,6969.0,2.0,2.0,69866.25,True,LONGA METRAGEM,False,False,True,False,False
False,False,False,2616.0,58.0,58.0,21156.8,True,LONGA METRAGEM,False,False,True,False,False
False,False,True,67904.0,2.0,2.0,537596.12,True,LONGA METRAGEM,False,False,True,False,False
False,False,True,11081.0,8.0,8.0,92521.82,True,LONGA METRAGEM,False,True,False,False,False
False,True,True,8595.0,49.0,49.0,68288.87,True,LONGA METRAGEM,False,False,True,False,False
True,False,True,2499.0,137.0,21.0,34440.19,True,LONGA METRAGEM,False,False,True,False,False
True,False,False,6834.0,2.0,2.0,74994.64,True,LONGA METRAGEM,False,False,True,False,False
False,False,False,4.0,1.0,1.0,79.76,True,LONGA METRAGEM,False,False,True,False,False
True,False,True,1977.0,21.0,21.0,22172.45,True,LONGA METRAGEM,False,False,True,False,False
False,False,True,241.0,29.0,22.0,2946.55,True,LONGA METRAGEM,False,True,False,False,False
True,False,True,3417510.0,129.0,120.0,34712891.76,True,LONGA METRAGEM,False,False,True,False,False
False,False,True,16603.0,7.0,7.0,134147.41,True,LONGA METRAGEM,True,False,False,False,False
False,False,False,487646.0,71.0,51.0,5058248.8,True,LONGA METRAGEM,False,False,True,False,False
False,False,False,221.0,3.0,3.0,4406.740000000001,False,LONGA METRAGEM,False,True,False,False,False
False,False,False,970.0,4.0,4.0,8524.81,False,LONGA METRAGEM,False,False,True,False,False
True,False,True,592.0,16.0,16.0,7189.06,False,LONGA METRAGEM,False,False,True,False,False
False,False,True,4846317.0,10.0,10.0,50312354.36,True,LONGA METRAGEM,False,False,True,False,False
False,False,False,3269.0,8.0,8.0,24453.5,True,LONGA METRAGEM,False,True,False,False,False
False,False,False,370842.0,1.0,1.0,3880872.74,True,LONGA METRAGEM,False,False,True,False,False
False,False,True,58775.0,77.0,77.0,702215.83,True,LONGA METRAGEM,False,True,False,False,False
False,False,False,200.0,13.0,13.0,901.0,True,LONGA METRAGEM,False,True,False,False,False
False,False,True,21206.0,2.0,2.0,214485.09,True,LONGA METRAGEM,False,False,True,False,False
True,False,True,29873.0,48.0,48.0,260982.58,True,LONGA METRAGEM,False,False,True,False,False
True,False,True,275497.0,1.0,1.0,3402184.5,True,LONGA METRAGEM,False,False,True,False,False
False,True,True,5195.0,6.0,6.0,34922.9,True,LONGA METRAGEM,False,False,True,False,False
True,False,True,91798.0,2.0,2.0,1009429.37,True,LONGA METRAGEM,False,False,True,False,False
False,False,False,2440.0,170.0,36.0,27877.41,True,LONGA METRAGEM,False,True,False,False,False
False,False,False,9690.0,3.0,3.0,102831.13,True,LONGA METRAGEM,False,True,False,False,False
False,False,False,747.0,1.0,1.0,6899.22,True,LONGA METRAGEM,False,True,False,False,False
False,False,False,996.0,7.0,6.0,11425.02,True,LONGA METRAGEM,False,True,False,False,False
False,False,False,1626.0,9.0,9.0,21007.579999999998,True,LONGA METRAGEM,False,True,False,False,False
False,False,True,5509.0,139.0,139.0,52880.8,True,LONGA METRAGEM,False,True,False,False,False
False,False,True,1640.0,3.0,3.0,11253.9,True,LONGA METRAGEM,False,False,True,False,False
False,False,False,200.0,20.0,20.0,1260.0,True,LONGA METRAGEM,False,True,False,False,False
True,False,True,22661.0,471.0,42.0,281806.53,True,LONGA METRAGEM,False,False,True,False,False
False,False,False,367.0,12.0,12.0,1692.0,False,LONGA METRAGEM,False,True,False,False,False
False,False,False,221.0,1.0,1.0,1867.16,True,LONGA METRAGEM,False,False,True,False,False
False,False,False,316.0,6.0,6.0,3613.6,True,LONGA METRAGEM,False,False,True,False,False
False,False,False,29.0,2.0,2.0,578.26,False,MÉDIA METRAGEM,False,False,True,False,False
False,False,True,25085.0,1.0,1.0,262474.4,True,LONGA METRAGEM,False,True,False,False,False
False,False,True,95845.0,76.0,55.0,982725.3,True,LONGA METRAGEM,False,False,True,False,False
False,False,False,278.0,12.0,12.0,5543.320000000001,True,LONGA METRAGEM,False,False,True,False,False
False,False,True,7412.0,6.0,6.0,71933.36,True,LONGA METRAGEM,True,False,False,False,False
True,False,True,966.0,55.0,45.0,5224.5,True,LONGA METRAGEM,True,False,False,False,False
False,False,False,69641.0,1991.0,520.0,1388641.54,False,LONGA METRAGEM,False,False,False,False,True
False,True,True,22745.0,126.0,121.0,246246.07,True,LONGA METRAGEM,False,False,True,False,False
False,False,False,0.0,1.0,1.0,0.0,True,LONGA METRAGEM,False,False,True,False,False
False,False,True,70995.0,1.0,1.0,793467.49,True,LONGA METRAGEM,False,True,False,False,False
True,False,True,30679.0,2.0,2.0,297396.48,True,LONGA METRAGEM,True,False,False,False,False
False,True,False,37243.0,6.0,6.0,362595.26,True,LONGA METRAGEM,False,False,True,False,False
False,False,True,356.0,1.0,1.0,2479.33,True,LONGA METRAGEM,False,True,False,False,False
True,False,True,378087.0,3.0,3.0,3898549.67,True,LONGA METRAGEM,False,False,True,False,False
True,True,True,767.0,74.0,35.0,6889.91,True,LONGA METRAGEM,False,False,True,False,False
False,False,False,2640.0,1.0,1.0,17781.5,True,LONGA METRAGEM,False,True,False,False,False
False,False,True,351.0,28.0,28.0,2752.35,True,LONGA METRAGEM,False,False,True,False,False
False,False,False,1609.0,12.0,11.0,16092.77,True,LONGA METRAGEM,False,True,False,False,False
False,False,False,942.0,97.0,35.0,14199.54,True,LONGA METRAGEM,False,True,False,False,False
False,False,False,1179.0,75.0,68.0,9404.25,True,LONGA METRAGEM,False,False,True,False,False
False,True,True,4780.0,367.0,46.0,58339.37,True,LONGA METRAGEM,False,False,True,False,False
False,True,False,7526.0,70.0,33.0,76353.27,False,LONGA METRAGEM,False,False,True,False,False
False,False,False,568.0,25.0,25.0,7833.79,True,LONGA METRAGEM,False,False,True,False,False
True,False,True,1027.0,9.0,9.0,11809.54,True,LONGA METRAGEM,False,False,True,False,False
True,False,True,2266.0,84.0,57.0,22420.46,True,LONGA METRAGEM,False,False,True,False,False
True,False,True,14417.0,615.0,193.0,179392.18,True,LONGA METRAGEM,True,False,False,False,False
False,False,True,3978191.0,9782.0,106.0,45274441.66,True,LONGA METRAGEM,False,False,True,False,False
False,False,False,2798.0,220.0,64.0,32427.95,True,LONGA METRAGEM,False,False,True,False,False
False,False,True,11347.0,164.0,79.0,132139.06,True,LONGA METRAGEM,False,True,False,False,False
False,False,True,42811.0,645.0,73.0,550019.13,True,LONGA METRAGEM,False,False,True,False,False
False,False,True,817086.0,7137.0,91.0,8605812.48,True,LONGA METRAGEM,False,False,True,False,False
False,True,True,25936.0,311.0,62.0,372720.93,True,LONGA METRAGEM,False,False,True,False,False
False,False,False,2376.0,5.0,5.0,21972.6,True,LONGA METRAGEM,False,False,True,False,False
False,False,False,23.0,1.0,1.0,458.62,False,CURTA METRAGEM,False,False,False,False,True
False,False,True,1716774.0,918.0,51.0,18673695.63,True,LONGA METRAGEM,False,False,True,False,False
False,False,False,188.0,21.0,19.0,578.26,True,MÉDIA METRAGEM,False,False,True,False,False
True,False,False,991.0,13.0,11.0,12614.94,True,LONGA METRAGEM,False,False,True,False,False
False,False,False,5516.0,217.0,72.0,38663.75,True,LONGA METRAGEM,False,False,True,False,False
False,False,True,7563.0,424.0,85.0,80229.75,True,LONGA METRAGEM,False,True,False,False,False
True,True,True,3869.0,189.0,84.0,37372.93,True,LONGA METRAGEM,False,False,True,False,False
False,False,False,1946.0,11.0,11.0,15079.38,True,LONGA METRAGEM,False,False,True,False,False
True,False,True,504.0,30.0,21.0,7474.29,True,LONGA METRAGEM,False,False,True,False,False
False,False,False,491.0,91.0,54.0,5970.38,True,LONGA METRAGEM,False,False,True,False,False
False,False,False,11595.0,177.0,58.0,129769.46,True,LONGA METRAGEM,False,False,True,False,False
False,False,False,4890.0,6.0,6.0,37381.8,True,LONGA METRAGEM,False,False,True,False,False
False,False,True,1235.0,2.0,2.0,5677.85,True,LONGA METRAGEM,False,False,True,False,False
False,False,True,5296.0,5.0,5.0,53744.09,True,LONGA METRAGEM,False,True,False,False,False
False,False,False,3180.0,167.0,35.0,41418.1,False,LONGA METRAGEM,False,False,True,False,False
True,True,True,392.0,54.0,36.0,4791.27,True,LONGA METRAGEM,False,False,True,False,False
False,False,True,1970.0,310.0,92.0,24120.9,True,LONGA METRAGEM,False,False,True,False,False
False,False,False,675.0,57.0,53.0,4701.0,True,LONGA METRAGEM,False,True,False,False,False
False,False,True,2079.0,289.0,58.0,25215.7,True,LONGA METRAGEM,False,False,True,False,False
False,False,True,439.0,54.0,45.0,8753.66,True,MÉDIA METRAGEM,False,False,True,False,False
False,False,True,1355.0,109.0,54.0,14162.07,True,LONGA METRAGEM,False,False,True,False,False
False,True,False,4256.0,10.0,6.0,50125.34,False,LONGA METRAGEM,False,False,True,False,False
False,True,False,536.0,45.0,34.0,5447.5,True,LONGA METRAGEM,False,False,True,False,False
False,False,False,1505.0,41.0,35.0,17987.79,True,LONGA METRAGEM,False,False,True,False,False
False,False,False,745.0,55.0,30.0,5538.02,True,LONGA METRAGEM,False,True,False,False,False
False,False,True,3140771.0,114.0,30.0,34826391.63,True,LONGA METRAGEM,False,False,True,False,False
True,False,True,4605742.0,644.0,76.0,49579418.68,True,LONGA METRAGEM,False,False,True,False,False
True,False,True,163072.0,1471.0,77.0,1615129.0,True,LONGA METRAGEM,True,False,False,False,False
False,False,False,860.0,117.0,44.0,8530.29,True,LONGA METRAGEM,False,False,True,False,False
False,True,False,2283.0,115.0,56.0,28026.14,True,LONGA METRAGEM,False,True,False,False,False
False,False,True,1429862.0,9041.0,72.0,15888595.19,True,LONGA METRAGEM,False,False,True,False,False
False,False,False,1611.0,23.0,23.0,12323.13,True,LONGA METRAGEM,False,False,True,False,False
True,True,True,618.0,105.0,76.0,7624.21,True,LONGA METRAGEM,False,False,True,False,False
False,False,True,26710.0,956.0,161.0,346178.94,True,LONGA METRAGEM,False,False,True,False,False
False,False,False,2176.0,55.0,55.0,43389.44,True,MÉDIA METRAGEM,False,False,True,False,False
True,False,True,61366.0,1861.0,354.0,635793.33,True,LONGA METRAGEM,True,False,False,False,False
False,False,False,728.0,74.0,32.0,7703.95,True,LONGA METRAGEM,False,True,False,False,False
False,False,False,30127.0,13.0,11.0,328817.61,True,LONGA METRAGEM,False,True,False,False,False
False,False,False,189.0,30.0,30.0,1569.23,True,LONGA METRAGEM,False,False,True,False,False
True,False,True,4085518.0,11.0,6.0,43919194.33,True,LONGA METRAGEM,False,False,True,False,False
False,False,False,301.0,37.0,37.0,3051.73,True,LONGA METRAGEM,False,False,True,False,False
False,False,True,9435.0,439.0,91.0,103867.83,True,LONGA METRAGEM,False,True,False,False,False
False,False,False,13.0,3.0,3.0,30.0,True,LONGA METRAGEM,False,False,True,False,False
False,False,True,4693.0,178.0,29.0,53406.35,True,LONGA METRAGEM,False,False,True,False,False
True,False,True,4308.0,196.0,76.0,43907.16,True,LONGA METRAGEM,False,True,False,False,False
False,False,True,2603.0,5.0,4.0,31127.04,True,LONGA METRAGEM,False,True,False,False,False
False,False,False,338.0,51.0,44.0,2018.0,True,LONGA METRAGEM,False,True,False,False,False
False,False,True,2887.0,2.0,2.0,36875.48,True,LONGA METRAGEM,False,True,False,False,False
True,False,True,1827.0,7.0,7.0,11688.05,True,LONGA METRAGEM,False,True,False,False,False
False,False,False,7456.0,225.0,199.0,148672.64,False,CURTA METRAGEM,False,False,True,False,False
False,False,True,7731.0,361.0,46.0,86851.32,True,LONGA METRAGEM,False,False,True,False,False
True,False,True,622.0,78.0,25.0,4937.0,True,LONGA METRAGEM,False,False,True,False,False
False,False,False,91.0,5.0,5.0,903.0,True,LONGA METRAGEM,False,True,False,False,False
False,False,False,224.0,45.0,13.0,3631.37,True,LONGA METRAGEM,False,True,False,False,False
False,True,False,1570.0,2.0,2.0,18524.9,False,LONGA METRAGEM,False,True,False,False,False
False,False,True,1230.0,105.0,95.0,12682.0,True,LONGA METRAGEM,False,False,True,False,False
False,False,True,3970.0,301.0,98.0,51295.98,True,LONGA METRAGEM,False,False,True,False,False
False,False,False,100.0,6.0,6.0,1260.44,True,LONGA METRAGEM,False,True,False,False,False
False,False,True,2192.0,121.0,51.0,21416.16,True,LONGA METRAGEM,False,True,False,False,False
False,False,False,815.0,24.0,22.0,5909.28,True,LONGA METRAGEM,False,False,True,False,False
False,False,False,52.0,1.0,1.0,1468.5,True,LONGA METRAGEM,False,True,False,False,False
False,False,False,1128.0,43.0,32.0,6271.0,True,LONGA METRAGEM,False,True,False,False,False
True,False,True,1715803.0,2.0,2.0,18254049.24,True,LONGA METRAGEM,False,False,True,False,False
False,False,True,1623.0,80.0,57.0,17974.12,True,LONGA METRAGEM,False,True,False,False,False
True,False,True,46618.0,556.0,316.0,448762.43,True,LONGA METRAGEM,False,False,True,False,False
False,False,False,45.0,19.0,19.0,897.3000000000001,True,CURTA METRAGEM,False,False,False,False,True
False,False,False,385.0,21.0,21.0,6253.61,True,LONGA METRAGEM,False,True,False,False,False
True,False,True,571.0,55.0,32.0,8055.72,True,LONGA METRAGEM,False,False,True,False,False
False,False,True,1236.0,62.0,21.0,17102.01,True,LONGA METRAGEM,False,True,False,False,False
False,False,False,20.0,14.0,14.0,150.0,True,LONGA METRAGEM,False,False,True,False,False
False,False,False,157.0,14.0,14.0,1724.3,True,LONGA METRAGEM,False,False,True,False,False
False,False,True,1641.0,83.0,30.0,23196.64,True,LONGA METRAGEM,False,False,True,False,False
True,True,True,34358.0,1242.0,102.0,439151.77,True,LONGA METRAGEM,False,False,True,False,False
False,False,False,566.0,116.0,33.0,6036.66,True,LONGA METRAGEM,False,True,False,False,False
False,False,True,26550.0,721.0,56.0,310608.29,False,LONGA METRAGEM,False,False,True,False,False
False,False,False,13061.0,465.0,95.0,114221.88,True,LONGA METRAGEM,False,False,True,False,False
False,False,False,1390.0,247.0,52.0,17411.55,True,LONGA METRAGEM,False,True,False,False,False
False,False,False,1645.0,95.0,18.0,35167.27,True,LONGA METRAGEM,False,True,False,False,False
False,False,True,7370.0,166.0,68.0,80134.0,True,LONGA METRAGEM,False,False,True,False,False
True,False,True,348293.0,2524.0,55.0,4148146.83,True,LONGA METRAGEM,False,False,True,False,False
False,False,False,4849.0,110.0,25.0,59878.11,True,LONGA METRAGEM,False,False,True,False,False
False,False,True,1674.0,107.0,27.0,12534.3,True,LONGA METRAGEM,False,True,False,False,False
False,False,True,955841.0,5168.0,107.0,11339991.54,True,LONGA METRAGEM,False,False,True,False,False
True,True,True,79317.0,2402.0,91.0,979964.95,True,LONGA METRAGEM,False,False,True,False,False
True,False,False,5665.0,261.0,102.0,32087.71,True,LONGA METRAGEM,False,False,True,False,False
False,False,False,719.0,123.0,28.0,10008.88,True,LONGA METRAGEM,False,False,True,False,False
False,False,True,5293.0,401.0,84.0,50672.71,True,LONGA METRAGEM,False,False,True,False,False
False,False,False,37.0,7.0,7.0,545.0,True,LONGA METRAGEM,False,True,False,False,False
True,False,True,21696.0,771.0,49.0,222862.05,True,LONGA METRAGEM,True,False,False,False,False
False,False,False,1347.0,88.0,14.0,13902.03,True,LONGA METRAGEM,False,False,True,False,False
False,False,False,294.0,61.0,49.0,2804.0,True,LONGA METRAGEM,False,False,True,False,False
False,False,False,11211.0,441.0,79.0,142014.04,True,LONGA METRAGEM,False,False,True,False,False
False,False,True,1681.0,48.0,15.0,21400.33,True,LONGA METRAGEM,False,True,False,False,False
False,False,True,145890.0,1813.0,75.0,1888580.47,True,LONGA METRAGEM,False,False,True,False,False
False,False,False,19130.0,585.0,87.0,213293.63,True,LONGA METRAGEM,False,False,True,False,False
False,False,True,7222.0,479.0,82.0,94837.54,True,LONGA METRAGEM,False,True,False,False,False
False,False,False,278.0,23.0,23.0,6640.02,True,MÉDIA METRAGEM,False,False,True,False,False
False,False,False,104.0,14.0,14.0,1530.08,True,LONGA METRAGEM,True,False,False,False,False
False,False,False,2279.0,119.0,42.0,28511.88,True,LONGA METRAGEM,False,True,False,False,False
True,False,True,38075.0,738.0,125.0,524262.14,True,LONGA METRAGEM,False,False,True,False,False
False,False,False,3180.0,295.0,100.0,28712.82,True,LONGA METRAGEM,False,False,True,False,False
False,False,True,1999.0,109.0,63.0,19550.5,True,LONGA METRAGEM,False,True,False,False,False
False,False,False,7418.0,382.0,109.0,87099.19,True,LONGA METRAGEM,False,True,False,False,False
False,False,True,83413.0,942.0,42.0,983325.25,True,LONGA METRAGEM,False,False,True,False,False
False,False,False,3633.0,326.0,78.0,31770.34,True,LONGA METRAGEM,False,True,False,False,False
False,False,False,602.0,91.0,51.0,3760.03,True,LONGA METRAGEM,False,False,True,False,False
False,False,True,646224.0,4941.0,108.0,7793226.0,True,LONGA METRAGEM,False,False,True,False,False
False,False,False,3548.0,86.0,44.0,49546.21,True,LONGA METRAGEM,False,True,False,False,False
False,False,False,7968.0,524.0,102.0,96000.55,True,LONGA METRAGEM,False,False,True,False,False
False,False,True,1274.0,63.0,36.0,17983.5,True,LONGA METRAGEM,False,True,False,False,False
False,False,False,16247.0,541.0,140.0,185152.29,True,LONGA METRAGEM,False,False,True,False,False
False,False,False,426.0,42.0,42.0,8494.44,True,MÉDIA METRAGEM,False,False,True,False,False
False,False,True,11916.0,275.0,67.0,152438.03,True,LONGA METRAGEM,False,False,True,False,False
False,False,False,380.0,69.0,62.0,4536.42,True,LONGA METRAGEM,False,False,True,False,False
False,False,True,10280.0,605.0,114.0,120400.47,True,LONGA METRAGEM,False,True,False,False,False
False,False,False,587.0,58.0,14.0,8884.83,False,LONGA METRAGEM,False,True,False,False,False
False,True,True,234.0,28.0,14.0,3710.42,True,LONGA METRAGEM,False,False,True,False,False
False,False,False,1668.0,163.0,50.0,18130.71,True,LONGA METRAGEM,False,False,True,False,False
False,False,True,6911.0,403.0,70.0,81633.22,True,LONGA METRAGEM,False,False,True,False,False
True,False,True,70751.0,889.0,56.0,927138.44,True,LONGA METRAGEM,False,False,True,False,False
False,False,False,2264.0,82.0,33.0,30922.38,True,LONGA METRAGEM,False,True,False,False,False
False,False,True,427.0,14.0,14.0,5338.5,True,LONGA METRAGEM,False,False,True,False,False
False,False,True,3187.0,225.0,63.0,48018.21,False,LONGA METRAGEM,False,True,False,False,False
False,False,True,1208.0,105.0,44.0,10739.23,True,LONGA METRAGEM,False,False,True,False,False
True,False,True,47.0,10.0,10.0,288.0,True,LONGA METRAGEM,False,True,False,False,False
False,False,False,14.0,13.0,13.0,279.16,True,LONGA METRAGEM,False,True,False,False,False
True,True,True,508968.0,4461.0,147.0,6448691.54,True,LONGA METRAGEM,False,False,True,False,False
False,False,False,328.0,16.0,16.0,6540.320000000001,True,MÉDIA METRAGEM,False,True,False,False,False
False,False,False,307.0,58.0,58.0,3771.0,True,LONGA METRAGEM,False,False,True,False,False
False,False,False,1711.0,116.0,93.0,20728.5,True,LONGA METRAGEM,False,False,True,False,False
False,False,False,197.0,13.0,13.0,1825.5,True,LONGA METRAGEM,True,False,False,False,False
False,False,True,204825.0,2167.0,267.0,2394036.87,True,LONGA METRAGEM,False,False,True,False,False
False,False,True,4078.0,196.0,61.0,48711.96,True,LONGA METRAGEM,False,True,False,False,False
False,False,False,5659.0,574.0,73.0,73888.54,False,LONGA METRAGEM,False,True,False,False,False
True,False,True,3517.0,105.0,50.0,49818.28,True,LONGA METRAGEM,False,False,True,False,False
False,False,False,777.0,115.0,34.0,7940.96,True,LONGA METRAGEM,False,False,True,False,False
True,False,True,205157.0,2217.0,111.0,2373703.61,True,LONGA METRAGEM,False,False,True,False,False
False,False,True,81367.0,2070.0,56.0,910796.46,False,LONGA METRAGEM,False,False,True,False,False
False,False,True,521.0,98.0,14.0,6707.83,True,LONGA METRAGEM,False,False,True,False,False
False,False,True,179745.0,2525.0,63.0,2237498.32,True,LONGA METRAGEM,False,False,True,False,False
False,False,False,3706.0,390.0,48.0,48219.09,False,LONGA METRAGEM,False,True,False,False,False
False,False,True,25999.0,319.0,51.0,327317.11,True,LONGA METRAGEM,False,False,True,False,False
True,False,True,3726547.0,11895.0,121.0,45688069.53,True,LONGA METRAGEM,False,False,True,False,False
False,False,True,381889.0,4156.0,63.0,4171611.46,True,LONGA METRAGEM,False,False,True,False,False
False,True,False,1.0,1.0,1.0,19.94,True,LONGA METRAGEM,False,True,False,False,False
True,False,True,891.0,138.0,40.0,10153.18,True,LONGA METRAGEM,False,False,True,False,False
False,False,False,776.0,124.0,124.0,15473.44,True,CURTA METRAGEM,False,True,False,False,False
False,False,False,962.0,57.0,37.0,8972.66,True,LONGA METRAGEM,False,True,False,False,False
False,False,True,35.0,6.0,3.0,393.22,True,LONGA METRAGEM,False,True,False,False,False
False,False,False,263.0,35.0,35.0,5244.22,False,CURTA METRAGEM,False,False,False,False,True
True,False,True,2836.0,122.0,28.0,45857.25,True,LONGA METRAGEM,False,False,True,False,False
False,False,True,7804.0,307.0,49.0,107063.44,True,LONGA METRAGEM,False,False,True,False,False
False,False,False,533.0,4.0,4.0,8447.55,True,LONGA METRAGEM,False,False,True,False,False
False,False,True,2836.0,237.0,35.0,43868.34,True,LONGA METRAGEM,False,True,False,False,False
False,False,True,740.0,70.0,21.0,9678.4,False,LONGA METRAGEM,False,False,True,False,False
False,False,True,256046.0,2442.0,102.0,2948394.64,True,LONGA METRAGEM,False,False,True,False,False
True,False,True,154238.0,2384.0,146.0,2227284.34,True,LONGA METRAGEM,False,False,True,False,False
False,False,False,2722.0,201.0,63.0,30432.99,True,LONGA METRAGEM,False,False,True,False,False
False,False,True,2237776.0,11463.0,109.0,24827669.51,True,LONGA METRAGEM,False,False,True,False,False
False,False,True,92246.0,1287.0,84.0,998440.05,True,LONGA METRAGEM,False,False,True,False,False
False,False,False,9.0,2.0,2.0,179.46,True,LONGA METRAGEM,False,True,False,False,False
False,False,False,491.0,16.0,16.0,9790.54,True,CURTA METRAGEM,True,False,False,False,False
False,False,False,200.0,38.0,38.0,3988.0000000000005,True,MÉDIA METRAGEM,False,True,False,False,False
False,False,True,390.0,34.0,25.0,2776.0,True,LONGA METRAGEM,False,True,False,False,False
False,False,True,11532.0,577.0,90.0,132702.4,True,LONGA METRAGEM,False,False,True,False,False
True,False,True,22864.0,458.0,130.0,223420.21,True,LONGA METRAGEM,False,False,True,False,False
False,False,False,13324.0,651.0,76.0,152694.21,True,LONGA METRAGEM,False,True,False,False,False
False,False,True,8308.0,634.0,120.0,95432.86,True,LONGA METRAGEM,False,False,True,False,False
False,False,True,3293.0,296.0,118.0,34977.07,True,LONGA METRAGEM,False,False,True,False,False
True,False,True,80335.0,2348.0,21.0,1026924.65,True,LONGA METRAGEM,False,False,True,False,False
False,False,False,3225.0,139.0,108.0,64306.50000000001,True,MÉDIA METRAGEM,False,True,False,False,False
False,False,True,13028.0,582.0,70.0,168756.54,True,LONGA METRAGEM,False,False,True,False,False
False,False,False,4276.0,381.0,87.0,53735.87,True,LONGA METRAGEM,False,False,True,False,False
False,False,False,175.0,85.0,19.0,1942.42,True,LONGA METRAGEM,False,True,False,False,False
True,False,True,5513.0,307.0,62.0,69936.81,True,LONGA METRAGEM,False,False,True,False,False
False,False,True,1892337.0,9183.0,105.0,22614310.17,True,LONGA METRAGEM,False,False,True,False,False
False,False,False,1048.0,76.0,25.0,12157.17,True,LONGA METRAGEM,False,True,False,False,False
True,False,True,1793239.0,9801.0,132.0,21750981.39,True,LONGA METRAGEM,False,False,True,False,False
False,True,True,312.0,27.0,16.0,3913.0,True,LONGA METRAGEM,False,False,True,False,False
True,True,True,2319.0,130.0,32.0,24888.74,True,LONGA METRAGEM,False,False,True,False,False
False,False,False,58.0,8.0,8.0,766.3,True,LONGA METRAGEM,False,False,True,False,False
False,False,True,3119.0,167.0,39.0,43810.37,True,LONGA METRAGEM,False,True,False,False,False
False,False,True,269.0,26.0,26.0,1545.0,True,LONGA METRAGEM,False,True,False,False,False
False,False,True,1461.0,102.0,34.0,13035.68,True,LONGA METRAGEM,False,False,True,False,False
False,True,True,306.0,31.0,19.0,3458.0,True,LONGA METRAGEM,False,True,False,False,False
True,True,True,133086.0,1149.0,163.0,1728214.85,True,LONGA METRAGEM,False,False,True,False,False
False,False,True,11208.0,557.0,42.0,147516.61,True,LONGA METRAGEM,False,False,True,False,False
False,False,False,970.0,19.0,19.0,4875.0,True,LONGA METRAGEM,False,True,False,False,False
False,False,True,98990.0,3448.0,77.0,1239716.0,True,LONGA METRAGEM,False,False,True,False,False
True,True,True,3567.0,246.0,86.0,45020.9,True,LONGA METRAGEM,False,False,True,False,False
False,False,True,1776579.0,8806.0,182.0,20732500.0,True,LONGA METRAGEM,False,False,True,False,False
True,False,True,10044.0,350.0,46.0,122453.05,True,LONGA METRAGEM,False,False,True,False,False
False,False,True,1703.0,196.0,56.0,21221.91,True,LONGA METRAGEM,False,False,True,False,False
False,False,False,156.0,15.0,15.0,3110.6400000000003,True,MÉDIA METRAGEM,False,False,True,False,False
False,False,True,7434.0,531.0,74.0,94240.62,True,LONGA METRAGEM,False,True,False,False,False
False,False,True,1249.0,120.0,28.0,17330.87,True,LONGA METRAGEM,False,True,False,False,False
False,False,False,178.0,25.0,22.0,1486.0,False,LONGA METRAGEM,False,True,False,False,False
False,False,False,2288.0,211.0,77.0,29250.81,True,LONGA METRAGEM,False,False,True,False,False
False,False,False,366.0,29.0,8.0,4156.0,False,LONGA METRAGEM,False,False,True,False,False
False,False,True,1699.0,61.0,21.0,22981.07,True,LONGA METRAGEM,False,True,False,False,False
False,False,False,567.0,41.0,8.0,6306.56,True,LONGA METRAGEM,False,False,True,False,False
False,False,False,1350.0,71.0,22.0,6431.57,True,LONGA METRAGEM,False,True,False,False,False
False,False,False,14892.0,476.0,74.0,193057.4,True,LONGA METRAGEM,False,True,False,False,False
False,False,True,1676.0,238.0,42.0,21160.31,True,LONGA METRAGEM,False,True,False,False,False
False,False,True,777699.0,7369.0,70.0,10266056.05,True,LONGA METRAGEM,False,False,True,False,False
False,True,True,259283.0,4610.0,78.0,3040946.35,False,LONGA METRAGEM,False,False,True,False,False
True,False,True,21783.0,953.0,72.0,286907.0,True,LONGA METRAGEM,False,False,True,False,False
False,False,True,602.0,92.0,27.0,8333.0,True,LONGA METRAGEM,False,True,False,False,False
False,False,False,1228.0,43.0,29.0,9300.880000000001,True,LONGA METRAGEM,False,False,True,False,False
False,False,False,146.0,34.0,21.0,2205.35,True,LONGA METRAGEM,False,False,True,False,False
True,False,True,4184.0,332.0,51.0,59021.39,True,LONGA METRAGEM,False,False,True,False,False
False,False,True,3449.0,275.0,70.0,37026.66,True,LONGA METRAGEM,False,True,False,False,False
False,False,False,3667.0,252.0,56.0,37165.79,True,LONGA METRAGEM,False,False,True,False,False
False,False,False,2462.0,120.0,28.0,14091.52,True,LONGA METRAGEM,False,True,False,False,False
False,False,False,8109.0,494.0,104.0,90138.42,True,LONGA METRAGEM,False,False,True,False,False
False,True,True,538.0,60.0,13.0,6555.01,True,LONGA METRAGEM,False,False,True,False,False
False,False,True,1258720.0,8635.0,105.0,14756458.84,True,LONGA METRAGEM,False,False,True,False,False
False,False,False,1912.0,127.0,72.0,15350.15,False,LONGA METRAGEM,False,True,False,False,False
False,True,True,162.0,20.0,7.0,2424.19,True,LONGA METRAGEM,False,False,True,False,False
False,False,False,169.0,5.0,5.0,1328.08,True,LONGA METRAGEM,False,True,False,False,False
True,False,True,1372.0,114.0,63.0,17486.66,True,LONGA METRAGEM,False,True,False,False,False
False,False,False,969.0,101.0,14.0,13780.08,True,LONGA METRAGEM,False,False,True,False,False
False,False,False,2929.0,217.0,42.0,34047.56,True,LONGA METRAGEM,False,False,True,False,False
True,False,True,107590.0,2827.0,70.0,1427955.29,True,LONGA METRAGEM,False,False,True,False,False
False,False,False,3479.0,231.0,86.0,37168.66,True,LONGA METRAGEM,False,False,True,False,False
True,True,True,8581.0,421.0,21.0,110064.97,True,LONGA METRAGEM,False,False,True,False,False
False,False,False,157.0,48.0,30.0,1156.0,True,LONGA METRAGEM,False,False,True,False,False
True,True,False,1472.0,135.0,42.0,12119.59,True,LONGA METRAGEM,False,True,False,False,False
False,False,True,1001.0,152.0,33.0,17409.62,True,LONGA METRAGEM,False,True,False,False,False
False,False,True,1961.0,166.0,50.0,16925.19,True,LONGA METRAGEM,False,False,True,False,False
False,False,False,153.0,27.0,27.0,2161.0,True,LONGA METRAGEM,False,True,False,False,False
False,False,False,91.0,17.0,17.0,723.0,True,LONGA METRAGEM,False,True,False,False,False
True,False,True,2380.0,136.0,13.0,33137.07,True,LONGA METRAGEM,True,False,False,False,False
False,False,False,43.0,1.0,1.0,1137.5,True,LONGA METRAGEM,False,False,True,False,False
True,False,False,382.0,101.0,28.0,5223.19,True,LONGA METRAGEM,False,False,True,False,False
False,False,True,723.0,47.0,35.0,14416.62,True,MÉDIA METRAGEM,False,True,False,False,False
False,False,False,505.0,52.0,37.0,5949.0,True,LONGA METRAGEM,False,False,True,False,False
True,False,True,6655.0,140.0,29.0,97221.51,True,LONGA METRAGEM,False,False,True,False,False
False,False,True,3335670.0,16477.0,148.0,42263286.12,True,LONGA METRAGEM,False,False,True,False,False
False,True,True,4030.0,207.0,60.0,53501.93,True,LONGA METRAGEM,False,False,True,False,False
True,True,True,1217.0,80.0,17.0,16102.63,True,LONGA METRAGEM,False,False,True,False,False
False,False,True,545829.0,7607.0,47.0,6940418.06,True,LONGA METRAGEM,False,False,True,False,False
False,False,True,2152.0,110.0,23.0,32770.33,True,LONGA METRAGEM,False,True,False,False,False
False,False,False,11528.0,257.0,63.0,149805.59,True,LONGA METRAGEM,False,False,True,False,False
False,True,True,34781.0,766.0,98.0,410465.34,True,LONGA METRAGEM,False,False,True,False,False
False,False,False,2432.0,182.0,37.0,16899.8,True,LONGA METRAGEM,False,False,True,False,False
True,True,False,706.0,57.0,32.0,6038.23,True,LONGA METRAGEM,True,False,False,False,False
False,False,True,13849.0,496.0,94.0,192329.74,True,LONGA METRAGEM,False,False,True,False,False
False,False,False,809.0,100.0,63.0,8280.5,True,LONGA METRAGEM,False,True,False,False,False
True,True,True,4854.0,202.0,57.0,66952.18,True,LONGA METRAGEM,False,False,True,False,False
False,False,True,2404.0,236.0,48.0,34189.81,True,LONGA METRAGEM,False,False,True,False,False
True,False,False,347.0,2.0,1.0,4070.47,True,LONGA METRAGEM,False,True,False,False,False
False,False,True,2537628.0,22181.0,192.0,27221239.28,True,LONGA METRAGEM,False,False,True,False,False
False,False,True,126908.0,1397.0,135.0,1911070.8,True,LONGA METRAGEM,False,True,False,False,False
False,False,False,0.0,1.0,1.0,0.0,True,CURTA METRAGEM,False,True,False,False,False
False,False,True,1149.0,65.0,35.0,11667.67,True,LONGA METRAGEM,False,True,False,False,False
False,False,True,948.0,132.0,28.0,12223.5,True,LONGA METRAGEM,False,True,False,False,False
False,False,False,0.0,3.0,3.0,0.0,True,CURTA METRAGEM,False,False,True,False,False
False,False,False,523.0,30.0,19.0,6695.92,True,LONGA METRAGEM,False,False,True,False,False
False,False,True,7040.0,268.0,67.0,97644.47,True,LONGA METRAGEM,False,True,False,False,False
False,False,True,75133.0,1020.0,175.0,952434.35,True,LONGA METRAGEM,False,True,False,False,False
False,False,False,716.0,89.0,22.0,7772.36,True,LONGA METRAGEM,False,True,False,False,False
False,False,False,61.0,1.0,1.0,1216.3400000000001,True,MÉDIA METRAGEM,False,True,False,False,False
True,False,True,21768.0,1404.0,35.0,282661.93,True,LONGA METRAGEM,False,False,True,False,False
True,True,True,164589.0,4621.0,67.0,1982583.38,True,LONGA METRAGEM,False,False,True,False,False
False,False,True,1809.0,188.0,41.0,21657.66,True,LONGA METRAGEM,False,True,False,False,False
True,True,True,29925.0,1090.0,31.0,421006.83,True,LONGA METRAGEM,False,False,True,False,False
False,False,False,2290.0,203.0,75.0,26107.01,True,LONGA METRAGEM,False,False,True,False,False
True,False,False,2096.0,94.0,40.0,30777.17,True,LONGA METRAGEM,False,False,True,False,False
False,False,True,131220.0,3800.0,29.0,1654741.76,True,LONGA METRAGEM,False,False,True,False,False
False,False,True,438782.0,5901.0,35.0,5738814.7,True,LONGA METRAGEM,False,False,True,False,False
False,True,True,3834.0,148.0,59.0,40132.9,True,LONGA METRAGEM,False,False,True,False,False
False,False,False,199.0,36.0,36.0,3968.0600000000004,True,MÉDIA METRAGEM,False,False,True,False,False
False,False,False,4503.0,95.0,84.0,39724.0,True,LONGA METRAGEM,False,True,False,False,False
False,False,False,1193.0,173.0,54.0,14813.44,True,LONGA METRAGEM,False,False,True,False,False
False,True,False,392.0,42.0,24.0,3129.49,True,LONGA METRAGEM,False,True,False,False,False
False,False,False,478.0,70.0,48.0,6344.44,True,LONGA METRAGEM,False,True,False,False,False
False,False,False,150.0,17.0,16.0,1180.0,True,LONGA METRAGEM,False,False,True,False,False
False,False,True,18.0,8.0,8.0,282.73,True,LONGA METRAGEM,False,True,False,False,False
False,False,False,7680.0,147.0,74.0,114746.33,True,LONGA METRAGEM,False,True,False,False,False
False,False,False,1906.0,98.0,98.0,38005.64,True,MÉDIA METRAGEM,False,True,False,False,False
False,False,False,1214.0,48.0,48.0,24207.16,True,CURTA METRAGEM,False,False,True,False,False
False,False,True,634.0,85.0,28.0,6574.2,True,LONGA METRAGEM,False,False,True,False,False
False,False,False,33.0,5.0,5.0,658.0200000000001,True,MÉDIA METRAGEM,False,True,False,False,False
False,False,True,6689.0,302.0,63.0,74647.54,True,LONGA METRAGEM,False,True,False,False,False
False,False,False,335.0,28.0,28.0,6679.900000000001,True,LONGA METRAGEM,False,True,False,False,False
True,False,True,948542.0,13773.0,118.0,12186625.0,True,LONGA METRAGEM,False,False,True,False,False
False,False,False,10332.0,148.0,30.0,210134.28,False,LONGA METRAGEM,False,True,False,False,False
True,False,False,2486.0,218.0,34.0,32706.6,True,LONGA METRAGEM,False,False,True,False,False
False,False,False,215.0,25.0,20.0,2488.98,True,LONGA METRAGEM,False,True,False,False,False
True,True,True,9873.0,512.0,60.0,116368.43,True,LONGA METRAGEM,False,False,True,False,False
False,False,False,58176.0,813.0,49.0,758160.42,True,LONGA METRAGEM,False,False,True,False,False
False,False,True,2639935.0,14747.0,161.0,32941689.75,True,LONGA METRAGEM,False,False,True,False,False
False,False,True,19670.0,790.0,25.0,287574.9,True,LONGA METRAGEM,False,False,True,False,False
False,False,True,127.0,13.0,13.0,2042.07,False,LONGA METRAGEM,False,False,True,False,False
False,False,True,11833.0,585.0,37.0,155169.99,True,LONGA METRAGEM,False,False,True,False,False
False,False,False,19.0,2.0,2.0,378.86,True,MÉDIA METRAGEM,False,False,True,False,False
False,False,False,1438.0,119.0,65.0,18085.44,True,LONGA METRAGEM,False,False,True,False,False
False,False,False,158.0,20.0,20.0,3150.52,True,LONGA METRAGEM,False,False,True,False,False
False,False,False,117.0,5.0,5.0,994.0,True,LONGA METRAGEM,False,False,True,False,False
False,False,False,14415.0,219.0,42.0,287435.10000000003,True,MÉDIA METRAGEM,False,True,False,False,False
False,False,True,14337.0,960.0,44.0,184598.0,True,LONGA METRAGEM,False,False,True,False,False
False,False,True,1401.0,110.0,50.0,17391.89,True,LONGA METRAGEM,False,False,True,False,False
False,False,True,551.0,12.0,12.0,7112.88,True,LONGA METRAGEM,False,False,True,False,False
False,False,True,7331.0,285.0,85.0,94102.19,True,LONGA METRAGEM,False,False,True,False,False
False,False,False,0.0,2.0,2.0,0.0,True,LONGA METRAGEM,False,True,False,False,False
False,False,False,336.0,44.0,26.0,39.88,True,MÉDIA METRAGEM,False,False,True,False,False
False,False,False,247.0,30.0,12.0,2635.08,True,LONGA METRAGEM,False,True,False,False,False
False,False,False,537.0,129.0,21.0,6467.34,True,LONGA METRAGEM,False,True,False,False,False
False,False,False,1388.0,147.0,69.0,1455.6200000000001,True,MÉDIA METRAGEM,False,True,False,False,False
False,False,True,126841.0,2329.0,25.0,1587433.36,True,LONGA METRAGEM,False,False,True,False,False
True,False,True,348322.0,4574.0,49.0,4392871.68,True,LONGA METRAGEM,False,False,True,False,False
True,False,True,1601.0,178.0,55.0,18044.24,True,LONGA METRAGEM,False,False,True,False,False
False,False,True,2790.0,313.0,58.0,33480.07,True,LONGA METRAGEM,False,True,False,False,False
False,False,False,426.0,16.0,13.0,8494.44,True,CURTA METRAGEM,True,False,False,False,False
False,False,False,789.0,121.0,28.0,7675.75,True,LONGA METRAGEM,False,False,True,False,False
False,False,True,27.0,28.0,14.0,538.38,True,CURTA METRAGEM,True,False,False,False,False
False,False,False,442.0,48.0,35.0,6209.72,True,LONGA METRAGEM,False,True,False,False,False
True,False,False,7153.0,446.0,72.0,89674.13,True,LONGA METRAGEM,False,False,True,False,False
False,False,True,11965.0,69.0,26.0,178508.09,True,LONGA METRAGEM,False,True,False,False,False
False,False,True,16627.0,836.0,57.0,245948.16,True,LONGA METRAGEM,False,False,True,False,False
False,False,False,11163.0,485.0,93.0,102727.36,True,LONGA METRAGEM,False,False,True,False,False
False,False,True,687.0,154.0,33.0,8608.79,True,LONGA METRAGEM,False,True,False,False,False
False,False,True,34566.0,577.0,42.0,477345.14,True,LONGA METRAGEM,False,False,True,False,False
False,False,False,8.0,1.0,1.0,159.52,True,LONGA METRAGEM,False,False,True,False,False
True,True,True,12147.0,670.0,33.0,167481.2,True,LONGA METRAGEM,False,False,True,False,False
True,False,True,807827.0,9254.0,88.0,10017232.88,True,LONGA METRAGEM,False,False,True,False,False
False,False,True,5955.0,195.0,59.0,82195.08,True,LONGA METRAGEM,False,True,False,False,False
True,False,True,4188.0,363.0,61.0,60682.88,True,LONGA METRAGEM,False,False,True,False,False
True,False,True,493590.0,5128.0,160.0,6881297.79,True,LONGA METRAGEM,False,False,True,False,False
True,False,True,377670.0,4762.0,56.0,4979716.42,True,LONGA METRAGEM,False,False,True,False,False
False,False,False,2321.0,179.0,20.0,23670.4,True,LONGA METRAGEM,False,False,True,False,False
True,False,True,1638272.0,11880.0,73.0,21119066.91,True,LONGA METRAGEM,False,False,True,False,False
False,False,True,69.0,7.0,7.0,1375.8600000000001,True,LONGA METRAGEM,False,True,False,False,False
False,False,False,707.0,95.0,69.0,14097.580000000002,True,CURTA METRAGEM,False,False,True,False,False
False,False,False,0.0,1.0,1.0,0.0,True,MÉDIA METRAGEM,False,False,True,False,False
False,False,False,39548.0,1443.0,58.0,514528.72,True,LONGA METRAGEM,False,False,True,False,False
False,False,True,439410.0,7235.0,113.0,5159394.63,True,LONGA METRAGEM,False,False,True,False,False
False,False,True,102.0,21.0,14.0,1493.9,True,LONGA METRAGEM,False,True,False,False,False
False,False,False,5080.0,26.0,10.0,44764.81,True,LONGA METRAGEM,False,True,False,False,False
False,False,False,473.0,62.0,52.0,2936.0,True,LONGA METRAGEM,False,False,True,False,False
False,False,False,318.0,2.0,2.0,4948.16,True,LONGA METRAGEM,False,True,False,False,False
False,False,False,5519.0,347.0,59.0,73782.88,True,LONGA METRAGEM,False,True,False,False,False
False,False,False,351.0,26.0,26.0,6998.9400000000005,False,MÉDIA METRAGEM,False,True,False,False,False
False,False,False,105.0,14.0,14.0,660.0,True,LONGA METRAGEM,False,False,True,False,False
False,False,True,3023.0,223.0,65.0,36371.93,True,LONGA METRAGEM,False,False,True,False,False
False,False,True,16132.0,426.0,168.0,80640.5,True,LONGA METRAGEM,False,False,True,False,False
True,False,True,25816.0,1238.0,64.0,303608.0,True,LONGA METRAGEM,False,False,True,False,False
True,False,True,4234.0,352.0,64.0,42722.63,True,LONGA METRAGEM,False,True,False,False,False
False,False,True,3307837.0,17151.0,94.0,41803908.21,True,LONGA METRAGEM,False,False,True,False,False
True,False,True,923426.0,8266.0,48.0,12022063.96,True,LONGA METRAGEM,False,False,True,False,False
False,False,False,204.0,31.0,19.0,2919.5,True,LONGA METRAGEM,False,False,True,False,False
False,False,True,10.0,6.0,6.0,199.4,True,LONGA METRAGEM,False,True,False,False,False
False,False,False,1774.0,173.0,25.0,11383.44,True,LONGA METRAGEM,False,True,False,False,False
False,False,False,583.0,42.0,42.0,5888.15,True,LONGA METRAGEM,False,True,False,False,False
False,False,True,606.0,2.0,2.0,7543.39,True,LONGA METRAGEM,False,True,False,False,False
True,False,True,3392.0,184.0,39.0,41791.06,True,LONGA METRAGEM,False,False,True,False,False
False,False,True,14498.0,520.0,84.0,187626.54,True,LONGA METRAGEM,False,True,False,False,False
False,False,True,5944.0,21.0,7.0,53428.52,True,LONGA METRAGEM,False,True,False,False,False
False,False,False,159.0,26.0,21.0,2642.19,True,LONGA METRAGEM,False,True,False,False,False
True,False,False,11786.0,435.0,67.0,153437.21,True,LONGA METRAGEM,False,False,True,False,False
False,True,True,9101.0,403.0,101.0,70408.98,True,LONGA METRAGEM,False,False,True,False,False
True,False,True,45963.0,2028.0,65.0,654400.89,True,LONGA METRAGEM,False,False,True,False,False
False,False,True,1355.0,116.0,23.0,10351.93,True,LONGA METRAGEM,False,True,False,False,False
True,False,False,461.0,27.0,14.0,5858.28,True,LONGA METRAGEM,False,False,True,False,False
True,False,True,1695.0,59.0,35.0,26153.93,True,LONGA METRAGEM,False,False,True,False,False
True,False,True,5403.0,332.0,43.0,81674.69,True,LONGA METRAGEM,False,False,True,False,False
False,False,True,5190.0,255.0,100.0,64350.11,True,LONGA METRAGEM,False,True,False,False,False
False,False,False,2710.0,281.0,58.0,31808.01,True,LONGA METRAGEM,False,True,False,False,False
False,False,False,339.0,52.0,37.0,3547.1,True,LONGA METRAGEM,False,False,True,False,False
False,False,True,2515.0,249.0,30.0,34804.63,True,LONGA METRAGEM,False,False,True,False,False
False,False,False,9.0,1.0,1.0,179.46,True,MÉDIA METRAGEM,False,False,True,False,False
True,True,False,1621.0,104.0,48.0,23140.46,True,LONGA METRAGEM,False,False,True,False,False
False,False,False,390.0,3.0,3.0,2828.49,True,LONGA METRAGEM,False,True,False,False,False
False,False,False,147.0,18.0,18.0,2931.1800000000003,True,LONGA METRAGEM,False,True,False,False,False
False,False,False,0.0,2.0,2.0,0.0,False,MÉDIA METRAGEM,False,True,False,False,False
True,False,True,12975.0,752.0,24.0,174081.35,True,LONGA METRAGEM,False,False,True,False,False
False,False,False,7570.0,178.0,38.0,123232.92,True,LONGA METRAGEM,False,False,True,False,False
False,False,False,4333.0,235.0,58.0,29277.53,True,LONGA METRAGEM,False,False,True,False,False
True,False,True,1779.0,180.0,37.0,19693.81,True,LONGA METRAGEM,False,False,True,False,False
False,False,True,26445.0,1162.0,46.0,338752.2,True,LONGA METRAGEM,False,False,True,False,False
False,True,True,357024.0,3951.0,167.0,5272250.34,True,LONGA METRAGEM,False,False,True,False,False
False,False,False,19.0,2.0,2.0,378.86,True,LONGA METRAGEM,False,True,False,False,False
False,False,False,32053.0,617.0,96.0,451907.65,True,LONGA METRAGEM,False,True,False,False,False
False,False,True,2.0,1.0,1.0,39.88,True,LONGA METRAGEM,False,True,False,False,False
False,False,False,27.0,6.0,6.0,538.38,True,MÉDIA METRAGEM,False,True,False,False,False
True,False,False,746.0,109.0,49.0,11272.72,True,LONGA METRAGEM,False,False,True,False,False
False,True,True,91.0,8.0,8.0,1469.42,True,LONGA METRAGEM,False,True,False,False,False
False,False,False,309.0,85.0,18.0,4358.3,True,LONGA METRAGEM,False,False,True,False,False
True,False,True,10386.0,289.0,78.0,145579.73,True,LONGA METRAGEM,False,False,True,False,False
False,False,False,62.0,12.0,12.0,870.1,True,LONGA METRAGEM,False,True,False,False,False
False,False,True,698.0,20.0,14.0,5801.88,True,LONGA METRAGEM,False,True,False,False,False
True,False,True,112624.0,3689.0,46.0,1534609.18,True,LONGA METRAGEM,True,False,False,False,False
False,False,False,516.0,134.0,39.0,5899.37,True,LONGA METRAGEM,False,False,True,False,False
False,False,True,2525347.0,22271.0,116.0,28590845.61,True,LONGA METRAGEM,False,False,True,False,False
False,False,False,16408.0,348.0,91.0,240713.27,True,LONGA METRAGEM,False,True,False,False,False
False,False,False,432.0,96.0,18.0,6123.81,True,LONGA METRAGEM,False,False,True,False,False
False,False,True,38.0,1.0,1.0,757.72,True,LONGA METRAGEM,False,True,False,False,False
False,False,False,6958.0,404.0,69.0,90543.39,True,LONGA METRAGEM,False,True,False,False,False
False,False,False,4207.0,234.0,60.0,39101.34,True,LONGA METRAGEM,False,False,True,False,False
False,False,False,2815.0,572.0,105.0,56131.100000000006,True,CURTA METRAGEM,False,True,False,False,False
False,False,True,314.0,31.0,24.0,1833.0,True,LONGA METRAGEM,False,True,False,False,False
False,False,False,607.0,47.0,42.0,9371.800000000001,True,MÉDIA METRAGEM,False,True,False,False,False
False,False,False,4817.0,188.0,45.0,63480.11,True,LONGA METRAGEM,False,False,True,False,False
False,False,False,3532.0,162.0,78.0,47218.51,True,LONGA METRAGEM,False,True,False,False,False
True,False,True,2663.0,168.0,25.0,42132.53,True,LONGA METRAGEM,False,True,False,False,False
False,False,False,1206.0,73.0,23.0,17546.91,True,LONGA METRAGEM,False,True,False,False,False
False,False,True,32763.0,1143.0,49.0,501934.0,True,LONGA METRAGEM,False,False,True,False,False
False,False,False,53837.0,1493.0,70.0,724116.79,True,LONGA METRAGEM,False,False,True,False,False
False,False,True,1352.0,62.0,31.0,29850.18,True,MÉDIA METRAGEM,False,False,True,False,False
False,False,True,153234.0,4280.0,46.0,1935131.0,True,LONGA METRAGEM,False,False,True,False,False
True,False,True,1362.0,125.0,33.0,17377.15,True,LONGA METRAGEM,False,False,True,False,False
False,False,False,34127.0,977.0,128.0,254424.61,True,LONGA METRAGEM,False,True,False,False,False
False,False,False,283.0,35.0,35.0,1830.0,True,LONGA METRAGEM,False,True,False,False,False
False,False,True,1357.0,181.0,28.0,19172.65,True,LONGA METRAGEM,False,True,False,False,False
False,False,False,235.0,6.0,6.0,2120.0,True,LONGA METRAGEM,False,False,True,False,False
True,False,True,559896.0,4303.0,110.0,8493069.23,True,LONGA METRAGEM,False,False,True,False,False
False,False,True,2210.0,254.0,52.0,15577.84,True,LONGA METRAGEM,False,False,True,False,False
True,False,True,226978.0,6029.0,70.0,3196720.0,True,LONGA METRAGEM,False,False,True,False,False
False,False,True,109698.0,3079.0,46.0,1535091.72,True,LONGA METRAGEM,False,False,True,False,False
False,False,False,1556.0,77.0,71.0,16442.33,True,LONGA METRAGEM,False,True,False,False,False
True,True,True,30555.0,860.0,132.0,313646.51,True,LONGA METRAGEM,False,False,True,False,False
True,False,True,20147.0,637.0,164.0,318116.34,True,LONGA METRAGEM,False,True,False,False,False
False,False,False,62.0,8.0,8.0,371.2,True,LONGA METRAGEM,False,False,True,False,False
False,False,False,290.0,17.0,17.0,1417.5,True,LONGA METRAGEM,False,True,False,False,False
False,False,False,26.0,1.0,1.0,518.44,True,LONGA METRAGEM,False,True,False,False,False
False,False,True,559431.0,7024.0,62.0,6848306.92,True,LONGA METRAGEM,False,False,True,False,False
False,False,True,472.0,63.0,28.0,5177.96,True,LONGA METRAGEM,False,False,True,False,False
True,False,False,8982.0,392.0,65.0,125041.04,True,LONGA METRAGEM,False,False,True,False,False
False,False,False,0.0,1.0,1.0,0.0,True,MÉDIA METRAGEM,False,True,False,False,False
False,False,False,525.0,98.0,32.0,6552.44,True,LONGA METRAGEM,False,False,True,False,False
False,False,True,2266.0,15.0,15.0,45184.04,True,LONGA METRAGEM,False,False,True,False,False
False,False,False,0.0,1.0,1.0,0.0,True,LONGA METRAGEM,False,True,False,False,False
True,False,True,37679.0,1477.0,29.0,506245.24,True,LONGA METRAGEM,False,False,True,False,False
False,False,True,569.0,65.0,32.0,5379.03,True,LONGA METRAGEM,False,True,False,False,False
False,False,False,24835.0,1921.0,22.0,160357.48,True,MÉDIA METRAGEM,True,False,False,False,False
False,False,False,281.0,36.0,14.0,5603.14,False,MÉDIA METRAGEM,False,False,False,False,True
False,False,True,241.0,27.0,21.0,1951.0,True,LONGA METRAGEM,False,True,False,False,False
False,False,False,14.0,3.0,3.0,279.16,False,CURTA METRAGEM,False,False,False,False,True
False,False,False,760.0,50.0,36.0,9609.12,True,LONGA METRAGEM,False,False,True,False,False
False,False,False,10716.0,482.0,75.0,161799.88,True,LONGA METRAGEM,False,True,False,False,False
False,False,False,1411.0,174.0,30.0,14377.72,True,LONGA METRAGEM,False,False,True,False,False
False,False,False,24.0,2.0,2.0,478.56000000000006,True,MÉDIA METRAGEM,False,False,True,False,False
False,False,False,38.0,1.0,1.0,757.72,True,LONGA METRAGEM,False,False,True,False,False
False,False,True,236.0,12.0,12.0,3779.59,True,LONGA METRAGEM,False,True,False,False,False
False,False,False,4113.0,100.0,14.0,33727.79,True,LONGA METRAGEM,False,False,True,False,False
False,False,False,408.0,48.0,25.0,5512.25,True,LONGA METRAGEM,False,True,False,False,False
False,False,False,0.0,4.0,4.0,0.0,True,MÉDIA METRAGEM,False,False,True,False,False
False,False,True,1421.0,180.0,25.0,18896.65,True,LONGA METRAGEM,False,False,True,False,False
False,False,False,2681.0,267.0,65.0,17997.6,True,LONGA METRAGEM,False,True,False,False,False
False,False,False,238.0,7.0,7.0,2343.5,True,LONGA METRAGEM,False,False,True,False,False
False,False,False,0.0,9.0,9.0,0.0,True,LONGA METRAGEM,False,True,False,False,False
False,False,False,2115.0,60.0,32.0,15437.6,True,LONGA METRAGEM,False,False,True,False,False
False,False,False,169.0,4.0,4.0,3369.86,True,LONGA METRAGEM,False,True,False,False,False
False,False,False,19.0,1.0,1.0,378.86,True,LONGA METRAGEM,False,False,True,False,False
False,False,False,366.0,84.0,29.0,4729.34,True,LONGA METRAGEM,False,False,True,False,False
True,True,False,3223.0,200.0,69.0,35577.36,True,LONGA METRAGEM,False,False,True,False,False
False,False,False,8531.0,77.0,7.0,170108.14,False,MÉDIA METRAGEM,False,False,False,False,True
False,False,True,849.0,149.0,19.0,11512.14,True,LONGA METRAGEM,False,False,True,False,False
False,False,True,565916.0,7804.0,126.0,7793731.83,True,LONGA METRAGEM,False,False,True,False,False
False,False,False,0.0,1.0,1.0,0.0,True,LONGA METRAGEM,False,True,False,False,False
False,False,True,114.0,15.0,14.0,1520.34,True,LONGA METRAGEM,False,True,False,False,False
False,False,True,1714.0,198.0,30.0,22372.56,True,LONGA METRAGEM,False,True,False,False,False
False,False,False,6429.0,312.0,49.0,48641.58,True,LONGA METRAGEM,False,True,False,False,False
False,False,False,3157.0,61.0,47.0,62950.58,True,LONGA METRAGEM,False,False,True,False,False
True,False,True,7200.0,328.0,102.0,95123.58,True,LONGA METRAGEM,False,True,False,False,False
True,False,True,24044.0,663.0,61.0,377955.3,True,LONGA METRAGEM,False,False,True,False,False
False,False,True,515.0,16.0,16.0,4627.77,True,LONGA METRAGEM,False,True,False,False,False
False,False,True,240.0,28.0,21.0,1435.68,True,MÉDIA METRAGEM,False,True,False,False,False
False,False,True,9235788.0,17782.0,144.0,124695648.46,True,LONGA METRAGEM,False,False,True,False,False
False,False,False,1333.0,151.0,22.0,8917.72,True,LONGA METRAGEM,False,False,True,False,False
False,False,False,69753.0,54.0,21.0,893822.57,True,LONGA METRAGEM,False,False,True,False,False
True,True,True,6928.0,441.0,84.0,81680.87,True,LONGA METRAGEM,False,False,True,False,False
True,False,True,33461.0,1097.0,84.0,434613.08,True,LONGA METRAGEM,False,False,True,False,False
False,False,False,3049.0,75.0,52.0,40147.0,True,LONGA METRAGEM,False,False,True,False,False
False,False,False,639.0,62.0,62.0,12741.660000000002,True,LONGA METRAGEM,False,False,True,False,False
False,False,False,46.0,1.0,1.0,917.24,True,MÉDIA METRAGEM,False,True,False,False,False
False,False,False,238.0,12.0,12.0,2160.0,True,LONGA METRAGEM,False,True,False,False,False
False,False,False,26655.0,531.0,146.0,350408.88,False,LONGA METRAGEM,False,True,False,False,False
False,False,False,4457.0,607.0,21.0,54173.47,True,LONGA METRAGEM,False,False,True,False,False
True,False,True,4607.0,391.0,29.0,63300.48,True,LONGA METRAGEM,False,False,True,False,False
True,False,True,11856.0,411.0,47.0,153425.65,True,LONGA METRAGEM,False,False,True,False,False
False,False,False,35194.0,580.0,57.0,234170.91,True,LONGA METRAGEM,False,True,False,False,False
False,False,False,488.0,60.0,32.0,6554.13,True,LONGA METRAGEM,False,True,False,False,False
False,False,False,1055.0,44.0,16.0,18558.64,True,LONGA METRAGEM,False,False,True,False,False
True,False,True,82634.0,2989.0,72.0,1024437.54,True,LONGA METRAGEM,False,False,True,False,False
False,False,False,35.0,1.0,1.0,697.9000000000001,True,LONGA METRAGEM,False,False,True,False,False
False,False,True,22007.0,778.0,50.0,348365.26,True,LONGA METRAGEM,False,False,True,False,False
False,False,False,71.0,97.0,87.0,1415.74,True,CURTA METRAGEM,False,False,False,False,True
False,True,True,4654.0,255.0,54.0,32726.85,True,LONGA METRAGEM,False,False,True,False,False
False,False,False,0.0,2.0,2.0,0.0,True,LONGA METRAGEM,False,False,True,False,False
True,False,True,30209.0,1810.0,39.0,397360.64,True,LONGA METRAGEM,False,False,True,False,False
False,False,False,1200.0,187.0,139.0,23928.0,True,MÉDIA METRAGEM,False,False,True,False,False
True,False,True,610741.0,3167.0,80.0,7973943.72,True,LONGA METRAGEM,False,False,True,False,False
False,False,True,11236.0,543.0,88.0,142259.09,True,LONGA METRAGEM,False,False,True,False,False
False,False,False,0.0,3.0,3.0,0.0,True,LONGA METRAGEM,False,True,False,False,False
False,False,True,673269.0,7832.0,90.0,9148523.0,True,LONGA METRAGEM,False,False,True,False,False
True,False,False,496.0,83.0,23.0,2828.25,True,LONGA METRAGEM,False,False,True,False,False
False,False,True,90.0,7.0,7.0,1794.6000000000001,True,LONGA METRAGEM,False,True,False,False,False
False,False,False,709.0,47.0,19.0,5850.5,True,LONGA METRAGEM,False,True,False,False,False
False,False,False,578.0,23.0,20.0,8598.65,True,LONGA METRAGEM,False,False,True,False,False
False,False,False,11305479.0,22839.0,195.0,116833026.88,False,LONGA METRAGEM,False,False,True,False,False
False,False,True,8.0,7.0,7.0,159.52,True,LONGA METRAGEM,False,False,True,False,False
False,False,False,574.0,121.0,35.0,11445.560000000001,True,MÉDIA METRAGEM,False,True,False,False,False
False,False,True,401960.0,5106.0,47.0,5594424.97,True,LONGA METRAGEM,False,False,True,False,False
True,False,True,95129.0,1484.0,31.0,1152692.37,True,LONGA METRAGEM,False,False,True,False,False
False,False,True,5197.0,249.0,55.0,66005.52,True,LONGA METRAGEM,False,False,True,False,False
False,False,True,168.0,20.0,14.0,29929.940000000002,True,MÉDIA METRAGEM,False,True,False,False,False
False,False,True,5336.0,105.0,34.0,76393.14,True,LONGA METRAGEM,False,True,False,False,False
False,False,True,3146.0,233.0,50.0,38233.51,True,LONGA METRAGEM,False,True,False,False,False
False,False,False,60.0,55.0,55.0,1196.4,True,CURTA METRAGEM,False,False,True,False,False
False,True,True,15324.0,496.0,72.0,209170.77,True,LONGA METRAGEM,False,False,True,False,False
False,False,False,191.0,80.0,28.0,1870.29,True,LONGA METRAGEM,False,True,False,False,False
False,False,True,187055.0,393.0,27.0,2801967.64,True,LONGA METRAGEM,False,False,True,False,False
False,False,False,59.0,2.0,2.0,320.0,True,LONGA METRAGEM,False,False,True,False,False
True,False,True,8247.0,417.0,72.0,115856.26,True,LONGA METRAGEM,False,False,True,False,False
False,False,True,1471.0,199.0,47.0,18569.03,True,LONGA METRAGEM,False,False,True,False,False
False,False,True,454569.0,4145.0,67.0,6208337.13,False,LONGA METRAGEM,False,False,True,False,False
False,False,False,241.0,14.0,14.0,2042.63,True,LONGA METRAGEM,False,True,False,False,False
False,False,False,0.0,1.0,1.0,0.0,True,MÉDIA METRAGEM,False,False,True,False,False
False,False,False,22.0,3.0,3.0,438.68,True,CURTA METRAGEM,True,False,False,False,False
False,False,False,319.0,2.0,2.0,3761.76,True,LONGA METRAGEM,False,True,False,False,False
False,False,True,2189.0,165.0,86.0,25006.84,True,LONGA METRAGEM,False,False,True,False,False
True,False,True,12130.0,504.0,89.0,143450.9,True,LONGA METRAGEM,False,False,True,False,False
True,False,False,2034.0,251.0,49.0,14614.37,True,LONGA METRAGEM,False,False,True,False,False
False,False,False,1338.0,166.0,39.0,14542.93,True,LONGA METRAGEM,False,True,False,False,False
False,False,False,939.0,66.0,66.0,18723.66,True,LONGA METRAGEM,False,False,True,False,False
False,False,False,160.0,10.0,10.0,2386.06,True,LONGA METRAGEM,False,True,False,False,False
False,False,False,620.0,103.0,26.0,8394.64,False,LONGA METRAGEM,False,True,False,False,False
False,False,False,2511.0,194.0,22.0,38988.82,True,LONGA METRAGEM,False,True,False,False,False
False,False,True,39237.0,945.0,30.0,542520.79,True,LONGA METRAGEM,False,False,True,False,False
False,False,False,144.0,14.0,14.0,2871.36,True,MÉDIA METRAGEM,False,True,False,False,False
False,False,False,341.0,36.0,26.0,2628.5,True,LONGA METRAGEM,False,True,False,False,False
False,False,True,88.0,20.0,20.0,1754.72,True,LONGA METRAGEM,False,True,False,False,False
False,False,True,3526.0,131.0,103.0,34655.61,True,LONGA METRAGEM,False,True,False,False,False
False,False,False,1662.0,211.0,36.0,9790.98,True,LONGA METRAGEM,False,True,False,False,False
False,False,False,84051.0,2802.0,14.0,1028742.48,True,LONGA METRAGEM,False,False,True,False,False
False,False,False,1323.0,55.0,23.0,20999.47,True,LONGA METRAGEM,False,True,False,False,False
False,False,False,214.0,2.0,2.0,4267.16,True,LONGA METRAGEM,False,False,True,False,False
True,False,True,241184.0,2906.0,58.0,3347154.19,True,LONGA METRAGEM,False,False,True,False,False
False,False,False,700.0,47.0,29.0,4127.58,True,MÉDIA METRAGEM,False,False,True,False,False
False,False,True,10754.0,120.0,50.0,103195.0,True,LONGA METRAGEM,False,True,False,False,False
False,False,False,573.0,63.0,14.0,10049.42,True,LONGA METRAGEM,False,False,True,False,False
False,False,True,4590.0,321.0,28.0,60574.27,True,LONGA METRAGEM,False,False,True,False,False
False,False,False,3204.0,40.0,2.0,63887.76,False,MÉDIA METRAGEM,False,False,False,False,True
False,False,True,221.0,55.0,28.0,2341.1,True,LONGA METRAGEM,False,True,False,False,False
False,False,False,755.0,47.0,14.0,8447.6,True,LONGA METRAGEM,False,False,True,False,False
True,False,True,1121570.0,7737.0,82.0,14835057.9,True,LONGA METRAGEM,False,False,True,False,False
False,False,False,440.0,73.0,28.0,4463.89,True,LONGA METRAGEM,False,True,False,False,False
False,False,True,665999.0,9949.0,88.0,9028755.59,True,LONGA METRAGEM,False,False,True,False,False
False,False,True,1070434.0,7380.0,80.0,14245429.85,True,LONGA METRAGEM,False,False,True,False,False
True,False,True,103351.0,3053.0,67.0,1354911.48,True,LONGA METRAGEM,False,False,True,False,False
False,False,True,3228.0,193.0,49.0,49131.22,True,LONGA METRAGEM,False,False,True,False,False
False,False,False,3030.0,41.0,1.0,60418.200000000004,False,MÉDIA METRAGEM,False,False,True,False,False
True,False,True,7992.0,516.0,99.0,122476.29,True,LONGA METRAGEM,False,False,True,False,False
False,False,True,5857.0,443.0,61.0,79485.81,True,LONGA METRAGEM,False,False,True,False,False
False,True,True,1257.0,142.0,38.0,14361.12,True,LONGA METRAGEM,False,True,False,False,False
False,False,False,3355.0,105.0,105.0,66898.7,True,CURTA METRAGEM,False,False,True,False,False
True,True,True,14139.0,846.0,69.0,205326.89,True,LONGA METRAGEM,False,False,True,False,False
False,False,True,196.0,55.0,14.0,2905.88,True,LONGA METRAGEM,False,True,False,False,False
False,False,True,1722069.0,18533.0,72.0,21240910.24,True,LONGA METRAGEM,False,False,True,False,False
False,False,False,461.0,40.0,26.0,9192.34,True,CURTA METRAGEM,False,False,False,False,True
False,False,False,7.0,2.0,2.0,63.0,True,LONGA METRAGEM,False,True,False,False,False
False,False,False,2691.0,109.0,105.0,36380.86,True,LONGA METRAGEM,False,False,True,False,False
True,False,True,41967.0,241.0,31.0,583354.91,True,LONGA METRAGEM,False,False,True,False,False
True,False,False,2716.0,220.0,62.0,24711.65,True,LONGA METRAGEM,False,False,True,False,False
False,False,True,527.0,34.0,28.0,5591.31,True,LONGA METRAGEM,False,False,True,False,False
True,False,True,2921.0,391.0,45.0,43260.05,True,LONGA METRAGEM,False,False,True,False,False
True,False,True,1178.0,123.0,14.0,17096.66,True,LONGA METRAGEM,False,False,True,False,False
True,False,False,96.0,18.0,11.0,1065.99,True,LONGA METRAGEM,False,False,True,False,False
True,False,True,851.0,130.0,25.0,11262.8,True,LONGA METRAGEM,False,False,True,False,False
False,False,False,541.0,57.0,16.0,10787.54,True,CURTA METRAGEM,False,False,False,False,True
False,False,True,1641.0,273.0,68.0,14790.84,True,LONGA METRAGEM,False,True,False,False,False
False,False,False,544.0,83.0,8.0,7096.02,True,LONGA METRAGEM,False,True,False,False,False
False,True,True,5852.0,387.0,78.0,74640.45,True,LONGA METRAGEM,False,False,True,False,False
True,False,True,6696.0,766.0,23.0,92334.69,True,LONGA METRAGEM,False,False,True,False,False
False,False,False,168.0,6.0,6.0,3349.92,False,CURTA METRAGEM,False,False,False,False,True
False,False,True,413.0,190.0,146.0,8235.220000000001,True,LONGA METRAGEM,False,False,True,False,False
False,False,True,92873.0,3946.0,28.0,1192785.62,True,LONGA METRAGEM,False,False,True,False,False
False,False,False,1245.0,55.0,33.0,11054.67,True,LONGA METRAGEM,False,False,True,False,False
True,False,True,16232.0,732.0,25.0,281853.2,True,LONGA METRAGEM,False,False,True,False,False
True,False,False,472.0,93.0,27.0,7823.56,True,LONGA METRAGEM,False,True,False,False,False
False,False,False,768.0,87.0,41.0,8166.45,True,LONGA METRAGEM,False,False,True,False,False
False,False,True,27870.0,910.0,65.0,463559.59,True,LONGA METRAGEM,False,False,True,False,False
False,False,True,118.0,14.0,14.0,2238.32,True,LONGA METRAGEM,False,True,False,False,False
False,False,False,105.0,6.0,6.0,2093.7000000000003,True,LONGA METRAGEM,False,True,False,False,False
False,False,True,11565.0,598.0,87.0,161557.29,True,LONGA METRAGEM,False,False,True,False,False
True,True,True,11420.0,639.0,92.0,172733.63,True,LONGA METRAGEM,False,False,True,False,False
False,False,False,297.0,68.0,47.0,5922.18,True,LONGA METRAGEM,False,True,False,False,False
False,False,False,13064.0,663.0,71.0,97207.34,True,LONGA METRAGEM,False,False,True,False,False
False,False,False,126.0,12.0,12.0,2512.44,True,LONGA METRAGEM,False,True,False,False,False
False,False,False,857.0,8.0,4.0,17088.58,True,LONGA METRAGEM,False,True,False,False,False
False,False,False,786.0,76.0,28.0,11535.16,True,LONGA METRAGEM,False,False,True,False,False
False,False,False,6496.0,592.0,107.0,49245.42,True,LONGA METRAGEM,False,True,False,False,False
True,False,True,6138.0,412.0,85.0,92563.36,True,LONGA METRAGEM,False,False,True,False,False
True,False,True,249309.0,7792.0,126.0,3997911.0,True,LONGA METRAGEM,False,False,True,False,False
True,False,True,896.0,139.0,27.0,13373.67,True,LONGA METRAGEM,False,False,True,False,False
True,False,True,264.0,36.0,30.0,2502.0,True,LONGA METRAGEM,False,False,True,False,False
True,False,False,10356.0,488.0,77.0,110050.98,True,LONGA METRAGEM,False,False,True,False,False
False,False,True,1037.0,19.0,14.0,7241.6,True,LONGA METRAGEM,False,True,False,False,False
False,False,False,1627.0,294.0,54.0,10974.89,True,LONGA METRAGEM,False,True,False,False,False
True,False,True,48.0,1.0,1.0,1080.0,True,LONGA METRAGEM,False,False,True,False,False
False,False,True,488.0,43.0,16.0,3916.56,True,LONGA METRAGEM,False,True,False,False,False
True,False,True,155063.0,5919.0,58.0,2199472.96,True,LONGA METRAGEM,False,False,True,False,False
False,False,True,1226.0,82.0,24.0,16510.32,True,MÉDIA METRAGEM,False,True,False,False,False
False,False,False,171.0,34.0,34.0,3409.7400000000002,True,MÉDIA METRAGEM,False,True,False,False,False
False,False,True,438.0,5.0,3.0,3253.09,True,LONGA METRAGEM,False,True,False,False,False
False,False,False,193.0,14.0,14.0,3370.0,True,LONGA METRAGEM,False,True,False,False,False
False,False,False,5757.0,63.0,20.0,76256.5,True,LONGA METRAGEM,False,True,False,False,False
True,True,False,3316.0,289.0,43.0,43803.42,True,LONGA METRAGEM,False,False,True,False,False
False,False,True,3356.0,299.0,43.0,42937.3,True,LONGA METRAGEM,False,False,True,False,False
True,False,True,206905.0,3267.0,110.0,3510486.35,True,LONGA METRAGEM,False,False,True,False,False
True,False,True,506412.0,10021.0,74.0,6850270.39,True,LONGA METRAGEM,False,False,True,False,False
False,False,False,167.0,24.0,22.0,2304.97,True,LONGA METRAGEM,False,True,False,False,False
True,False,True,5181.0,500.0,89.0,75054.72,True,LONGA METRAGEM,False,False,True,False,False
False,False,False,0.0,1.0,1.0,0.0,True,CURTA METRAGEM,True,False,False,False,False
True,False,True,2538.0,258.0,50.0,24709.81,True,LONGA METRAGEM,False,True,False,False,False
False,False,False,169.0,4.0,4.0,3369.86,True,LONGA METRAGEM,False,False,True,False,False
False,False,True,1101.0,138.0,19.0,16427.71,True,LONGA METRAGEM,False,True,False,False,False
False,False,False,31486.0,2891.0,64.0,425784.47,True,LONGA METRAGEM,False,False,True,False,False
False,False,False,1447.0,221.0,26.0,9863.31,True,LONGA METRAGEM,False,True,False,False,False
True,False,True,20128.0,632.0,88.0,238036.18,True,LONGA METRAGEM,False,False,True,False,False
False,False,False,1394.0,77.0,30.0,7152.35,True,LONGA METRAGEM,False,True,False,False,False
False,False,True,1223055.0,15700.0,169.0,16122831.18,True,LONGA METRAGEM,False,False,True,False,False
False,False,True,2237.0,250.0,56.0,23846.7,True,LONGA METRAGEM,False,True,False,False,False
False,False,False,4724.0,254.0,53.0,65183.43,True,LONGA METRAGEM,False,True,False,False,False
False,False,False,390.0,46.0,31.0,4453.7,True,LONGA METRAGEM,False,True,False,False,False
True,False,False,21.0,3.0,3.0,418.74,True,LONGA METRAGEM,False,True,False,False,False
False,False,False,157.0,36.0,20.0,1379.04,True,LONGA METRAGEM,False,True,False,False,False
True,False,True,1456.0,172.0,32.0,16510.56,True,LONGA METRAGEM,False,False,True,False,False
False,False,True,487466.0,11109.0,92.0,6581359.0,True,LONGA METRAGEM,False,False,True,False,False
True,True,False,3652.0,167.0,57.0,50945.64,True,LONGA METRAGEM,False,False,True,False,False
True,False,True,46640.0,1382.0,49.0,640772.54,True,LONGA METRAGEM,False,False,True,False,False
True,False,True,292504.0,4705.0,88.0,3930701.25,True,LONGA METRAGEM,False,False,True,False,False
False,False,False,1238.0,165.0,50.0,14282.58,True,LONGA METRAGEM,False,False,True,False,False
False,False,False,1188.0,72.0,30.0,10648.4,True,LONGA METRAGEM,False,True,False,False,False
True,False,True,2364.0,295.0,56.0,23867.95,True,LONGA METRAGEM,False,True,False,False,False
True,False,True,58892.0,1758.0,66.0,947379.45,True,LONGA METRAGEM,False,False,True,False,False
False,False,False,12.0,1.0,1.0,239.28000000000003,True,LONGA METRAGEM,False,True,False,False,False
False,False,True,28.0,1.0,1.0,558.32,True,LONGA METRAGEM,False,True,False,False,False
False,False,False,311.0,12.0,12.0,2244.5,True,LONGA METRAGEM,False,True,False,False,False
False,True,True,3851.0,164.0,36.0,61386.42,True,LONGA METRAGEM,False,False,True,False,False
False,False,True,332.0,19.0,14.0,4991.09,True,LONGA METRAGEM,False,True,False,False,False
False,False,False,142.0,28.0,28.0,2831.48,True,LONGA METRAGEM,False,True,False,False,False
True,True,True,6280.0,360.0,40.0,77573.34,True,LONGA METRAGEM,False,True,False,False,False
True,False,True,2910050.0,18496.0,108.0,38814511.85,True,LONGA METRAGEM,False,False,True,False,False
False,False,True,18198.0,657.0,80.0,237905.05,True,LONGA METRAGEM,False,True,False,False,False
False,True,True,3337.0,243.0,40.0,52203.0,True,LONGA METRAGEM,False,False,True,False,False
False,False,False,307.0,32.0,32.0,6121.580000000001,True,CURTA METRAGEM,False,False,False,False,True
False,False,False,120.0,27.0,14.0,2432.6800000000003,True,MÉDIA METRAGEM,False,True,False,False,False
False,False,False,665.0,118.0,40.0,7863.68,True,LONGA METRAGEM,False,False,True,False,False
False,False,True,1638.0,172.0,23.0,19889.08,True,LONGA METRAGEM,False,True,False,False,False
True,True,False,42167.0,1533.0,103.0,698060.53,True,LONGA METRAGEM,False,False,True,False,False
False,False,True,75.0,1.0,1.0,327.6,True,LONGA METRAGEM,False,True,False,False,False
True,False,True,169485.0,6825.0,54.0,2400978.15,True,LONGA METRAGEM,False,False,True,False,False
True,False,True,85063.0,1808.0,42.0,1189017.34,True,LONGA METRAGEM,False,False,True,False,False
False,False,True,24.0,5.0,5.0,190.0,True,LONGA METRAGEM,False,True,False,False,False
False,False,False,182.0,1.0,1.0,3629.0800000000004,True,CURTA METRAGEM,False,False,False,False,True
False,False,False,224.0,50.0,19.0,4188.6,True,LONGA METRAGEM,False,True,False,False,False
True,True,True,3200.0,273.0,64.0,49750.21,True,LONGA METRAGEM,False,False,True,False,False
False,False,True,2482.0,246.0,36.0,32238.16,True,LONGA METRAGEM,False,True,False,False,False
True,False,True,34931.0,1635.0,67.0,474638.76,True,LONGA METRAGEM,True,False,False,False,False
False,False,False,3892.0,293.0,63.0,46222.04,True,LONGA METRAGEM,False,True,False,False,False
False,True,False,1420.0,98.0,46.0,22841.08,True,LONGA METRAGEM,False,True,False,False,False
False,False,False,380166.0,6240.0,50.0,4915838.38,True,LONGA METRAGEM,False,False,True,False,False
True,True,False,9610.0,655.0,59.0,80562.4,True,LONGA METRAGEM,False,False,True,False,False
False,False,False,2180.0,63.0,18.0,23575.07,True,LONGA METRAGEM,False,False,True,False,False
True,True,True,19671.0,908.0,90.0,276847.19,True,LONGA METRAGEM,False,False,True,False,False
True,False,True,87517.0,2315.0,64.0,1515200.75,True,LONGA METRAGEM,False,False,True,False,False
False,False,True,6.0,1.0,1.0,119.64000000000001,True,LONGA METRAGEM,False,True,False,False,False
True,True,True,5219.0,249.0,32.0,83403.52,True,LONGA METRAGEM,False,False,True,False,False
True,True,False,897.0,114.0,43.0,10802.2,True,LONGA METRAGEM,False,False,True,False,False
True,False,True,314292.0,9572.0,120.0,4344171.0,True,LONGA METRAGEM,True,False,False,False,False
False,False,False,295.0,7.0,7.0,5862.360000000001,True,MÉDIA METRAGEM,False,True,False,False,False
False,False,False,105.0,2.0,2.0,2093.7000000000003,True,MÉDIA METRAGEM,False,True,False,False,False
True,True,False,878.0,106.0,33.0,8536.33,True,LONGA METRAGEM,False,True,False,False,False
False,False,False,784.0,109.0,31.0,11842.49,False,LONGA METRAGEM,False,True,False,False,False
False,False,False,76.0,7.0,7.0,850.8,True,LONGA METRAGEM,False,True,False,False,False
False,False,False,2349.0,156.0,27.0,40662.25,True,LONGA METRAGEM,False,False,True,False,False
True,False,True,114382.0,3756.0,59.0,1540238.22,True,LONGA METRAGEM,False,False,True,False,False
False,False,False,189.0,41.0,20.0,2708.8,True,LONGA METRAGEM,False,False,True,False,False
False,False,False,117.0,14.0,14.0,1615.14,True,LONGA METRAGEM,False,True,False,False,False
False,False,True,1014.0,121.0,42.0,12363.95,True,LONGA METRAGEM,False,True,False,False,False
False,False,False,9.0,1.0,1.0,179.46,True,LONGA METRAGEM,False,True,False,False,False
False,False,False,408.0,20.0,20.0,6105.91,True,LONGA METRAGEM,False,True,False,False,False
False,False,False,275.0,7.0,7.0,5443.620000000001,True,MÉDIA METRAGEM,False,True,False,False,False
False,False,False,2308.0,140.0,39.0,19745.42,True,LONGA METRAGEM,False,True,False,False,False
True,False,False,19.0,1.0,1.0,378.86,True,LONGA METRAGEM,False,True,False,False,False
True,True,False,415.0,93.0,19.0,6387.75,True,LONGA METRAGEM,False,False,True,False,False
False,False,False,475.0,142.0,23.0,4140.2,True,LONGA METRAGEM,False,True,False,False,False
False,False,False,742153.0,12685.0,101.0,8986031.9,True,LONGA METRAGEM,False,False,True,False,False
True,False,True,110857.0,2809.0,45.0,1794357.09,True,LONGA METRAGEM,False,False,True,False,False
True,True,False,375.0,77.0,37.0,4298.21,True,LONGA METRAGEM,False,True,False,False,False
False,False,False,35.0,4.0,4.0,231.0,True,LONGA METRAGEM,False,True,False,False,False
False,False,True,10493.0,1258.0,19.0,141413.28,True,LONGA METRAGEM,False,False,True,False,False
True,False,False,379.0,95.0,22.0,5857.42,True,LONGA METRAGEM,False,True,False,False,False
False,False,False,10.0,1.0,1.0,199.4,True,MÉDIA METRAGEM,False,False,True,False,False
False,False,False,530.0,78.0,21.0,6435.58,True,LONGA METRAGEM,False,True,False,False,False
True,False,True,195992.0,5434.0,45.0,2648634.69,True,LONGA METRAGEM,False,False,True,False,False
True,True,False,7493.0,300.0,67.0,105228.8,True,LONGA METRAGEM,False,False,True,False,False
False,False,False,19205.0,535.0,159.0,282516.92,True,LONGA METRAGEM,False,True,False,False,False
True,False,False,608.0,8.0,8.0,8697.88,True,LONGA METRAGEM,False,False,True,False,False
False,False,False,2827.0,149.0,42.0,34808.92,True,LONGA METRAGEM,False,True,False,False,False
True,False,True,7923.0,474.0,25.0,108221.24,True,LONGA METRAGEM,False,False,True,False,False
False,False,False,1586.0,63.0,63.0,31624.840000000004,True,CURTA METRAGEM,False,True,False,False,False
False,False,False,8547.0,519.0,76.0,121895.32,True,LONGA METRAGEM,False,False,True,False,False
True,False,False,10057.0,534.0,56.0,167597.19,True,LONGA METRAGEM,False,False,True,False,False
True,False,False,11002.0,521.0,72.0,140890.94,True,LONGA METRAGEM,False,False,True,False,False
False,False,False,1207.0,54.0,52.0,10796.5,True,LONGA METRAGEM,False,True,False,False,False
True,False,False,1970.0,198.0,49.0,17547.81,True,LONGA METRAGEM,False,False,True,False,False
True,False,True,760.0,47.0,18.0,13605.85,True,LONGA METRAGEM,False,False,True,False,False
True,False,False,5154.0,218.0,58.0,69773.28,True,LONGA METRAGEM,False,True,False,False,False
True,False,True,295988.0,6045.0,149.0,4465798.97,True,LONGA METRAGEM,False,False,True,False,False
False,False,False,367.0,3.0,3.0,7317.9800000000005,False,LONGA METRAGEM,False,True,False,False,False
False,False,False,275.0,44.0,20.0,6919.18,True,MÉDIA METRAGEM,False,True,False,False,False
False,False,False,202.0,10.0,10.0,1904.5,True,LONGA METRAGEM,False,True,False,False,False
False,False,False,15031.0,350.0,69.0,277784.71,True,LONGA METRAGEM,False,True,False,False,False
False,False,False,171.0,9.0,8.0,3409.7400000000002,True,MÉDIA METRAGEM,True,False,False,False,False
True,False,True,45766.0,2357.0,77.0,711964.45,True,LONGA METRAGEM,False,False,True,False,False
True,False,False,810.0,78.0,21.0,9235.02,True,LONGA METRAGEM,False,True,False,False,False
False,False,True,87070.0,3717.0,29.0,1182424.09,True,LONGA METRAGEM,False,False,True,False,False
False,False,True,794.0,46.0,22.0,7190.7,True,LONGA METRAGEM,False,True,False,False,False
False,True,False,594.0,106.0,21.0,8672.0,True,LONGA METRAGEM,False,True,False,False,False
False,False,False,13384.0,541.0,70.0,234474.85,False,LONGA METRAGEM,False,True,False,False,False
True,False,False,2112.0,130.0,30.0,22418.34,True,LONGA METRAGEM,False,False,True,False,False
False,False,False,394.0,12.0,9.0,7020.0,True,LONGA METRAGEM,False,False,True,False,False
True,False,True,2596209.0,18898.0,112.0,36724093.87,True,LONGA METRAGEM,False,False,True,False,False
True,False,True,1585341.0,8158.0,98.0,21546621.67,True,LONGA METRAGEM,False,False,True,False,False
True,False,True,44.0,12.0,12.0,877.36,True,LONGA METRAGEM,True,False,False,False,False
False,True,True,5526.0,288.0,28.0,86118.67,True,LONGA METRAGEM,False,False,True,False,False
False,False,True,0.0,1.0,1.0,0.0,True,LONGA METRAGEM,False,True,False,False,False
False,False,True,17.0,1.0,1.0,240.0,True,LONGA METRAGEM,False,True,False,False,False
False,False,False,1737.0,113.0,44.0,13927.97,True,LONGA METRAGEM,False,False,True,False,False
False,False,False,2287.0,110.0,37.0,26410.59,True,LONGA METRAGEM,False,True,False,False,False
False,False,False,1089.0,198.0,53.0,7226.85,True,LONGA METRAGEM,False,True,False,False,False
True,False,False,27.0,2.0,2.0,538.38,True,LONGA METRAGEM,False,True,False,False,False
True,False,True,22144.0,1052.0,84.0,300329.17,True,LONGA METRAGEM,True,False,False,False,False
True,True,True,5251.0,411.0,77.0,38357.8,True,LONGA METRAGEM,False,False,True,False,False
True,True,True,7904.0,490.0,75.0,94212.96,True,LONGA METRAGEM,False,False,True,False,False
True,False,False,956.0,116.0,35.0,17771.78,True,LONGA METRAGEM,False,True,False,False,False
False,False,True,4603.0,465.0,77.0,70725.28,True,LONGA METRAGEM,False,True,False,False,False
False,False,False,1360480.0,12625.0,96.0,21553004.35,True,LONGA METRAGEM,False,False,True,False,False
False,False,False,211.0,111.0,98.0,4207.34,True,LONGA METRAGEM,False,False,True,False,False
False,False,True,309.0,46.0,30.0,6161.46,True,MÉDIA METRAGEM,False,True,False,False,False
True,True,True,13348.0,496.0,77.0,206149.42,True,LONGA METRAGEM,False,False,True,False,False
False,False,False,0.0,1.0,1.0,0.0,True,LONGA METRAGEM,False,True,False,False,False
False,False,True,483.0,104.0,21.0,7247.21,True,LONGA METRAGEM,False,False,True,False,False
False,False,False,139.0,36.0,16.0,1865.0,True,LONGA METRAGEM,False,False,True,False,False
False,False,False,0.0,1.0,1.0,0.0,False,LONGA METRAGEM,False,True,False,False,False
False,False,True,959.0,94.0,24.0,11635.26,True,LONGA METRAGEM,False,True,False,False,False
True,False,True,1646.0,306.0,68.0,17576.66,True,LONGA METRAGEM,False,False,True,False,False
False,False,True,2297.0,332.0,71.0,26425.23,True,LONGA METRAGEM,False,True,False,False,False
False,False,True,46968.0,1815.0,49.0,792144.36,True,LONGA METRAGEM,False,False,True,False,False
False,False,False,193.0,31.0,19.0,3340.11,True,LONGA METRAGEM,False,False,True,False,False
False,False,False,13.0,2.0,2.0,259.22,True,LONGA METRAGEM,False,False,True,False,False
False,False,False,401.0,36.0,14.0,3680.01,True,LONGA METRAGEM,False,False,True,False,False
False,False,False,130.0,13.0,13.0,2608.68,True,LONGA METRAGEM,False,True,False,False,False
False,False,True,33.0,2.0,2.0,132.0,True,LONGA METRAGEM,False,True,False,False,False
False,False,True,4244.0,26.0,13.0,62374.1,True,LONGA METRAGEM,False,True,False,False,False
False,False,False,73.0,2.0,2.0,1455.6200000000001,True,LONGA METRAGEM,False,True,False,False,False
False,False,False,13647.0,710.0,100.0,144302.85,True,LONGA METRAGEM,False,False,True,False,False
False,False,True,286.0,28.0,17.0,3240.86,True,LONGA METRAGEM,False,True,False,False,False
False,False,False,2.0,1.0,1.0,39.88,True,MÉDIA METRAGEM,False,True,False,False,False
False,False,False,180.0,25.0,25.0,3589.2000000000003,True,MÉDIA METRAGEM,False,False,True,False,False
True,False,True,26212.0,1447.0,36.0,396911.87,True,LONGA METRAGEM,False,False,True,False,False
True,False,False,1213.0,119.0,36.0,17600.36,True,LONGA METRAGEM,False,True,False,False,False
False,False,True,13142.0,621.0,49.0,225513.5,True,LONGA METRAGEM,False,False,True,False,False
False,False,False,15.0,1.0,1.0,299.1,True,LONGA METRAGEM,False,False,True,False,False
False,False,False,328.0,31.0,19.0,4707.48,True,LONGA METRAGEM,False,True,False,False,False
False,False,False,2305.0,181.0,14.0,35918.04,True,LONGA METRAGEM,False,False,True,False,False
False,False,True,93.0,9.0,9.0,665.0,True,LONGA METRAGEM,False,True,False,False,False
False,False,False,9429.0,485.0,70.0,73550.2,True,LONGA METRAGEM,False,True,False,False,False
False,False,False,136.0,31.0,31.0,2711.84,False,CURTA METRAGEM,False,False,False,False,True
False,False,True,1759.0,52.0,42.0,13530.96,True,LONGA METRAGEM,False,False,True,False,False
True,False,True,588.0,68.0,26.0,9435.11,True,LONGA METRAGEM,False,True,False,False,False
True,False,True,559584.0,6911.0,155.0,7728436.39,True,LONGA METRAGEM,False,False,True,False,False
False,True,True,3566.0,231.0,48.0,50056.14,True,LONGA METRAGEM,False,False,True,False,False
True,False,True,6798.0,403.0,45.0,53690.35,True,LONGA METRAGEM,False,False,True,False,False
True,True,True,10178.0,554.0,99.0,148150.37,True,LONGA METRAGEM,False,False,True,False,False
False,True,True,479.0,78.0,20.0,5973.87,True,LONGA METRAGEM,False,False,True,False,False
False,False,False,83.0,13.0,13.0,912.96,False,LONGA METRAGEM,False,True,False,False,False
False,False,False,0.0,1.0,1.0,0.0,True,MÉDIA METRAGEM,False,True,False,False,False
True,False,False,7906.0,651.0,90.0,100392.73,True,LONGA METRAGEM,False,False,True,False,False
True,True,True,10411.0,494.0,64.0,142427.41,True,LONGA METRAGEM,False,False,True,False,False
True,True,False,491.0,90.0,20.0,6905.83,True,LONGA METRAGEM,False,False,True,False,False
True,False,True,49147.0,4056.0,67.0,801025.64,True,LONGA METRAGEM,False,False,True,False,False
True,False,False,6894.0,430.0,128.0,91262.83,True,LONGA METRAGEM,False,True,False,False,False
True,False,False,35.0,7.0,7.0,697.9000000000001,True,MÉDIA METRAGEM,False,True,False,False,False
False,False,False,3293.0,140.0,51.0,31294.99,True,LONGA METRAGEM,False,False,True,False,False
True,False,True,5158.0,500.0,75.0,55578.87,True,LONGA METRAGEM,False,False,True,False,False
True,False,True,2384.0,253.0,46.0,32188.15,True,LONGA METRAGEM,True,False,False,False,False
True,True,False,2538.0,210.0,40.0,38427.17,True,LONGA METRAGEM,False,False,True,False,False
False,False,True,671.0,140.0,41.0,10006.22,True,LONGA METRAGEM,False,True,False,False,False
True,True,False,3018.0,350.0,35.0,50247.55,True,LONGA METRAGEM,False,False,True,False,False
False,False,False,317.0,41.0,14.0,5222.06,False,LONGA METRAGEM,False,True,False,False,False
False,False,False,571.0,93.0,41.0,6298.65,True,LONGA METRAGEM,False,True,False,False,False
False,False,False,507.0,150.0,16.0,4345.9,True,LONGA METRAGEM,False,False,True,False,False
False,False,False,0.0,1.0,1.0,0.0,True,MÉDIA METRAGEM,False,True,False,False,False
True,False,False,693.0,205.0,152.0,13818.42,True,LONGA METRAGEM,True,False,False,False,False
False,False,False,82.0,35.0,35.0,1635.0800000000002,True,LONGA METRAGEM,False,True,False,False,False
True,False,True,48.0,23.0,16.0,737.7800000000001,True,MÉDIA METRAGEM,False,False,True,False,False
True,True,True,229.0,1.0,1.0,1125.0,True,LONGA METRAGEM,True,False,False,False,False
False,False,True,473.0,62.0,8.0,4352.04,True,LONGA METRAGEM,False,True,False,False,False
True,False,False,1413.0,147.0,48.0,13578.29,True,LONGA METRAGEM,False,True,False,False,False
True,True,True,3195.0,249.0,46.0,43698.01,True,LONGA METRAGEM,False,False,True,False,False
True,False,True,3670.0,235.0,49.0,46772.33,True,LONGA METRAGEM,False,True,False,False,False
True,True,True,28531.0,1249.0,52.0,402747.61,True,LONGA METRAGEM,False,False,True,False,False
False,False,True,155.0,34.0,12.0,2884.15,True,LONGA METRAGEM,False,False,True,False,False
True,False,True,2841.0,310.0,55.0,47539.01,True,LONGA METRAGEM,False,False,True,False,False
False,False,True,709.0,181.0,37.0,6338.5,True,LONGA METRAGEM,False,True,False,False,False
True,False,True,1483.0,171.0,28.0,23661.38,True,LONGA METRAGEM,False,True,False,False,False
False,False,True,3843.0,280.0,47.0,49989.01,True,LONGA METRAGEM,False,True,False,False,False
True,False,False,2572.0,296.0,58.0,22443.55,True,LONGA METRAGEM,False,False,True,False,False
False,False,False,72919.0,3100.0,99.0,992170.9,True,LONGA METRAGEM,False,False,True,False,False
False,False,False,103.0,1.0,1.0,2053.82,True,LONGA METRAGEM,True,False,False,False,False
True,True,False,22645.0,715.0,107.0,359997.14,True,LONGA METRAGEM,False,False,True,False,False
True,False,False,31.0,3.0,3.0,618.14,True,LONGA METRAGEM,False,True,False,False,False
True,False,False,2940.0,215.0,44.0,39834.55,True,LONGA METRAGEM,False,True,False,False,False
False,False,False,0.0,1.0,1.0,0.0,True,MÉDIA METRAGEM,False,False,True,False,False
True,False,False,4881.0,222.0,47.0,41259.99,True,LONGA METRAGEM,False,False,True,False,False
True,False,True,3228.0,264.0,40.0,30329.57,True,LONGA METRAGEM,False,False,True,False,False
True,False,False,21.0,7.0,7.0,186.0,True,LONGA METRAGEM,False,False,True,False,False
True,True,True,39639.0,1364.0,137.0,599493.91,True,LONGA METRAGEM,False,False,True,False,False
False,False,False,81.0,1.0,1.0,1615.14,True,LONGA METRAGEM,False,False,True,False,False
True,False,False,17378.0,603.0,110.0,96142.37,True,LONGA METRAGEM,False,True,False,False,False
False,False,False,117.0,5.0,5.0,2332.98,True,MÉDIA METRAGEM,False,False,True,False,False
False,False,False,718.0,27.0,27.0,14316.92,True,MÉDIA METRAGEM,False,False,True,False,False
False,False,False,3749.0,128.0,43.0,86109.04,True,LONGA METRAGEM,False,True,False,False,False
False,False,False,56.0,1.0,1.0,1116.64,True,MÉDIA METRAGEM,False,True,False,False,False
False,False,False,103.0,6.0,6.0,2033.88,True,MÉDIA METRAGEM,False,True,False,False,False
False,False,True,179.0,56.0,35.0,3569.26,True,LONGA METRAGEM,False,True,False,False,False
False,False,False,29.0,1.0,1.0,578.26,True,CURTA METRAGEM,False,False,False,False,True
False,False,True,2071.0,251.0,52.0,27185.14,True,LONGA METRAGEM,False,False,True,False,False
True,False,True,1150.0,248.0,14.0,19435.86,True,LONGA METRAGEM,False,False,True,False,False
True,False,False,711.0,115.0,43.0,7590.45,True,LONGA METRAGEM,False,True,False,False,False
True,False,True,36195.0,3625.0,49.0,529851.5,False,LONGA METRAGEM,False,False,True,False,False
False,False,False,1300.0,7.0,4.0,13390.91,True,LONGA METRAGEM,False,True,False,False,False
True,False,True,82715.0,2919.0,22.0,1250624.59,True,LONGA METRAGEM,False,False,True,False,False
False,False,False,107.0,42.0,17.0,1766.98,True,LONGA METRAGEM,False,False,True,False,False
True,True,False,3815.0,343.0,55.0,42916.63,True,LONGA METRAGEM,False,False,True,False,False
False,False,False,195.0,14.0,14.0,3888.3,True,CURTA METRAGEM,False,False,True,False,False
True,False,True,169970.0,2021.0,61.0,2479402.79,True,LONGA METRAGEM,False,False,True,False,False
True,False,True,323.0,122.0,36.0,5412.66,True,LONGA METRAGEM,False,True,False,False,False
False,False,True,87.0,18.0,18.0,817.5,True,LONGA METRAGEM,False,True,False,False,False
False,False,False,345.0,37.0,27.0,3675.52,True,LONGA METRAGEM,False,True,False,False,False
False,False,False,26.0,1.0,1.0,518.44,True,CURTA METRAGEM,False,False,False,False,True
True,False,True,14.0,5.0,3.0,215.27,True,LONGA METRAGEM,False,False,True,False,False
False,False,True,477369.0,15553.0,109.0,6813803.12,True,LONGA METRAGEM,False,False,True,False,False
True,True,False,23.0,6.0,6.0,148.2,True,LONGA METRAGEM,False,False,True,False,False
False,False,True,59.0,26.0,12.0,1087.39,True,LONGA METRAGEM,False,True,False,False,False
False,False,False,789.0,57.0,35.0,8688.11,True,LONGA METRAGEM,False,True,False,False,False
True,False,True,16500.0,782.0,91.0,250185.8,True,LONGA METRAGEM,False,False,True,False,False
False,False,True,1326606.0,22082.0,100.0,18027026.89,True,LONGA METRAGEM,False,False,True,False,False
True,True,True,3830.0,264.0,81.0,53957.87,True,LONGA METRAGEM,False,False,True,False,False
False,False,False,8.0,4.0,4.0,95.0,True,LONGA METRAGEM,False,False,True,False,False
False,False,False,1928.0,210.0,38.0,16659.16,True,LONGA METRAGEM,False,True,False,False,False
False,True,True,3183.0,381.0,53.0,21114.92,True,LONGA METRAGEM,False,False,True,False,False
True,True,True,2684.0,281.0,49.0,33607.21,True,LONGA METRAGEM,False,False,True,False,False
False,False,True,829.0,46.0,41.0,8767.35,True,LONGA METRAGEM,False,True,False,False,False
True,False,True,876.0,96.0,37.0,7342.54,True,LONGA METRAGEM,False,True,False,False,False
False,False,True,2675.0,128.0,36.0,22088.13,True,LONGA METRAGEM,False,True,False,False,False
False,False,False,33.0,3.0,3.0,658.0200000000001,False,LONGA METRAGEM,False,False,True,False,False
True,False,False,553.0,91.0,27.0,8486.03,True,LONGA METRAGEM,False,False,True,False,False
True,False,False,9133.0,377.0,95.0,130030.16,True,LONGA METRAGEM,False,True,False,False,False
True,False,False,2210.0,141.0,41.0,25556.71,True,LONGA METRAGEM,False,True,False,False,False
False,False,False,351.0,80.0,35.0,4419.95,True,LONGA METRAGEM,False,True,False,False,False
False,False,True,27880.0,1190.0,68.0,362439.07,True,LONGA METRAGEM,False,False,True,False,False
False,False,True,26.0,6.0,6.0,216.6,True,LONGA METRAGEM,False,True,False,False,False
False,False,True,2182.0,166.0,53.0,30832.92,True,LONGA METRAGEM,False,True,False,False,False
False,False,False,144.0,59.0,20.0,2871.36,True,LONGA METRAGEM,False,True,False,False,False
True,False,True,1715.0,145.0,40.0,17689.5,True,LONGA METRAGEM,False,True,False,False,False
False,False,False,11.0,2.0,1.0,219.34,True,LONGA METRAGEM,False,True,False,False,False
True,False,False,203.0,30.0,18.0,774.15,True,LONGA METRAGEM,False,True,False,False,False
True,False,False,149.0,34.0,16.0,2580.96,True,LONGA METRAGEM,False,False,True,False,False
False,False,True,75.0,1.0,1.0,1495.5,True,MÉDIA METRAGEM,False,True,False,False,False
False,False,False,3936.0,251.0,38.0,53085.96,True,LONGA METRAGEM,False,True,False,False,False
False,False,False,781.0,189.0,32.0,7985.34,True,LONGA METRAGEM,False,False,True,False,False
False,False,False,1275.0,156.0,35.0,17661.54,True,LONGA METRAGEM,False,False,True,False,False
False,False,True,324.0,82.0,52.0,3683.37,True,LONGA METRAGEM,False,True,False,False,False
True,False,False,0.0,1.0,1.0,0.0,True,LONGA METRAGEM,False,True,False,False,False
True,False,False,131.0,26.0,20.0,1546.44,True,LONGA METRAGEM,False,False,True,False,False
False,False,False,873.0,137.0,54.0,14982.46,False,LONGA METRAGEM,False,True,False,False,False
True,False,False,3765.0,313.0,44.0,40214.82,True,LONGA METRAGEM,False,False,True,False,False
False,False,True,4174.0,91.0,21.0,64390.01,True,LONGA METRAGEM,False,False,True,False,False
False,False,False,1067.0,46.0,21.0,10261.38,True,LONGA METRAGEM,False,True,False,False,False
True,False,True,2771.0,221.0,19.0,33686.69,True,LONGA METRAGEM,False,False,True,False,False
False,False,True,284.0,12.0,12.0,5662.96,True,LONGA METRAGEM,False,True,False,False,False
True,True,False,1872.0,158.0,25.0,26954.12,True,LONGA METRAGEM,False,False,True,False,False
True,False,True,15993.0,572.0,87.0,223306.38,True,LONGA METRAGEM,False,False,True,False,False
True,False,True,36283.0,2686.0,66.0,533298.92,True,LONGA METRAGEM,False,False,True,False,False
False,False,False,1996.0,242.0,43.0,12121.14,True,LONGA METRAGEM,False,True,False,False,False
True,True,True,10076.0,491.0,92.0,138400.84,True,LONGA METRAGEM,False,False,True,False,False
True,False,False,1018.0,22.0,6.0,12399.8,True,LONGA METRAGEM,False,False,True,False,False
False,False,False,900.0,197.0,54.0,6692.29,True,LONGA METRAGEM,False,True,False,False,False
True,False,True,1420.0,161.0,21.0,23681.11,True,LONGA METRAGEM,False,True,False,False,False
True,False,True,1950.0,223.0,33.0,25176.87,True,LONGA METRAGEM,False,False,True,False,False
True,False,False,1072.0,187.0,34.0,10033.2,True,LONGA METRAGEM,False,False,True,False,False
True,False,True,1236.0,147.0,12.0,14948.1,True,LONGA METRAGEM,False,False,True,False,False
False,False,False,77.0,4.0,4.0,854.1,True,LONGA METRAGEM,False,True,False,False,False
True,False,True,2860.0,199.0,47.0,40761.24,True,LONGA METRAGEM,False,True,False,False,False
True,False,True,1429.0,154.0,24.0,14589.25,True,LONGA METRAGEM,False,True,False,False,False
False,False,False,9668.0,203.0,29.0,142665.0,True,LONGA METRAGEM,False,True,False,False,False
False,False,False,41.0,10.0,8.0,555.89,True,LONGA METRAGEM,False,True,False,False,False
False,False,True,5234820.0,28801.0,105.0,81112651.4,True,LONGA METRAGEM,False,False,True,False,False
True,False,False,543.0,60.0,42.0,5706.66,True,LONGA METRAGEM,False,True,False,False,False
True,False,True,1467.0,142.0,50.0,20519.88,True,LONGA METRAGEM,False,True,False,False,False
True,False,False,2959.0,250.0,58.0,35122.73,True,LONGA METRAGEM,False,False,True,False,False
False,False,True,26574.0,1650.0,56.0,420759.89,True,LONGA METRAGEM,False,False,True,False,False
True,False,True,92611.0,1849.0,88.0,1440498.83,True,LONGA METRAGEM,False,False,True,False,False
True,False,False,44.0,5.0,5.0,514.8,True,LONGA METRAGEM,False,False,True,False,False
False,False,True,14.0,1.0,1.0,279.16,True,LONGA METRAGEM,False,True,False,False,False
False,False,False,12173228.0,11561.0,72.0,120873559.85,False,LONGA METRAGEM,False,False,True,False,False
False,False,False,310.0,12.0,12.0,4046.48,True,LONGA METRAGEM,False,False,True,False,False
False,False,True,292740.0,8787.0,135.0,4182222.03,True,LONGA METRAGEM,False,False,True,False,False
False,False,False,155.0,15.0,5.0,1336.52,True,LONGA METRAGEM,False,False,True,False,False
True,False,True,58691.0,1477.0,45.0,912492.46,True,LONGA METRAGEM,False,False,True,False,False
False,False,True,126.0,7.0,7.0,800.0,True,LONGA METRAGEM,False,False,True,False,False
True,False,False,1085.0,146.0,54.0,13969.3,True,LONGA METRAGEM,False,False,True,False,False
True,False,True,579765.0,17099.0,105.0,8354062.3,True,LONGA METRAGEM,False,False,True,False,False
True,False,False,333.0,32.0,27.0,2700.86,True,LONGA METRAGEM,False,True,False,False,False
False,False,False,2947.0,518.0,40.0,33809.33,True,LONGA METRAGEM,False,False,True,False,False
False,False,False,6.0,2.0,2.0,70.2,True,LONGA METRAGEM,False,True,False,False,False
True,False,True,276658.0,10050.0,48.0,3933474.85,True,LONGA METRAGEM,False,False,True,False,False
False,False,False,596.0,132.0,11.0,5714.0,True,LONGA METRAGEM,False,True,False,False,False
True,True,True,51480.0,2781.0,58.0,836874.18,True,LONGA METRAGEM,False,False,True,False,False
True,False,True,11289.0,721.0,58.0,178904.07,True,LONGA METRAGEM,False,False,True,False,False
False,False,False,982.0,183.0,20.0,24506.260000000002,True,MÉDIA METRAGEM,False,False,True,False,False
True,False,True,11561.0,999.0,21.0,192240.03,True,LONGA METRAGEM,False,False,True,False,False
True,False,False,150.0,18.0,13.0,1815.1,True,LONGA METRAGEM,False,True,False,False,False
False,False,False,2068.0,357.0,84.0,18796.17,True,LONGA METRAGEM,False,False,True,False,False
True,False,True,1516.0,224.0,39.0,21077.59,True,LONGA METRAGEM,False,False,True,False,False
True,False,True,40793.0,1687.0,82.0,818899.17,True,LONGA METRAGEM,False,False,True,False,False
False,True,False,66137.0,1363.0,111.0,916586.7,True,LONGA METRAGEM,False,True,False,False,False
False,False,False,6234.0,464.0,51.0,100784.93,True,LONGA METRAGEM,False,True,False,False,False
False,False,False,1434.0,82.0,36.0,27773.01,True,LONGA METRAGEM,False,True,False,False,False
False,False,False,75.0,3.0,2.0,1495.5,True,LONGA METRAGEM,False,True,False,False,False
True,False,False,9104.0,998.0,34.0,111883.37,True,LONGA METRAGEM,False,False,True,False,False
False,False,False,2252.0,83.0,16.0,44904.880000000005,True,MÉDIA METRAGEM,True,False,False,False,False
False,False,False,5613.0,282.0,27.0,97683.92,True,LONGA METRAGEM,False,True,False,False,False
True,True,False,81.0,33.0,19.0,2132.67,True,LONGA METRAGEM,False,False,True,False,False
False,True,False,265.0,51.0,35.0,2729.0,True,LONGA METRAGEM,False,True,False,False,False
False,False,True,3854.0,227.0,30.0,34564.23,True,LONGA METRAGEM,False,True,False,False,False
True,False,False,514.0,116.0,25.0,7185.71,True,LONGA METRAGEM,False,False,True,False,False
True,False,True,181695.0,936.0,42.0,2341604.52,True,LONGA METRAGEM,False,False,True,False,False
False,False,False,133.0,7.0,7.0,2320.21,True,LONGA METRAGEM,False,False,True,False,False
False,False,True,570.0,52.0,44.0,7804.8,True,LONGA METRAGEM,False,True,False,False,False
False,False,True,290.0,25.0,14.0,5744.38,True,LONGA METRAGEM,False,True,False,False,False
False,False,True,3.0,1.0,1.0,56.37,True,LONGA METRAGEM,False,True,False,False,False
False,False,False,5836.0,174.0,119.0,116369.84000000001,True,CURTA METRAGEM,False,False,False,False,True
False,False,False,2088.0,203.0,48.0,20415.3,True,LONGA METRAGEM,False,False,True,False,False
True,False,True,21598.0,1224.0,109.0,321488.8,True,LONGA METRAGEM,False,False,True,False,False
False,False,False,239.0,3.0,3.0,1622.0,True,LONGA METRAGEM,False,True,False,False,False
True,False,False,163.0,6.0,6.0,6739.72,True,MÉDIA METRAGEM,False,True,False,False,False
True,True,False,33.0,1.0,1.0,343.0,True,LONGA METRAGEM,False,False,True,False,False
False,False,False,42.0,4.0,4.0,837.48,True,LONGA METRAGEM,False,True,False,False,False
False,False,True,52.0,11.0,11.0,1163.27,True,LONGA METRAGEM,False,True,False,False,False
False,False,False,38.0,1.0,1.0,757.72,True,MÉDIA METRAGEM,False,True,False,False,False
False,False,False,0.0,2.0,2.0,0.0,False,LONGA METRAGEM,False,False,True,False,False
False,False,False,21.0,4.0,4.0,418.74,True,LONGA METRAGEM,False,False,True,False,False
False,False,False,91.0,2.0,2.0,1196.4,True,MÉDIA METRAGEM,False,True,False,False,False
False,False,False,0.0,1.0,1.0,0.0,True,MÉDIA METRAGEM,False,False,True,False,False
True,True,True,2675.0,204.0,39.0,34433.41,True,LONGA METRAGEM,False,False,True,False,False
True,False,True,8250.0,490.0,35.0,137142.0,True,LONGA METRAGEM,False,False,True,False,False
False,False,True,63.0,18.0,5.0,955.83,True,LONGA METRAGEM,False,True,False,False,False
False,False,True,79.0,1.0,1.0,518.7,True,LONGA METRAGEM,False,True,False,False,False
False,False,True,1055.0,97.0,20.0,15163.13,True,LONGA METRAGEM,False,True,False,False,False
False,False,False,124.0,6.0,6.0,2137.2,True,LONGA METRAGEM,False,False,True,False,False
False,False,False,0.0,1.0,1.0,0.0,True,MÉDIA METRAGEM,False,False,True,False,False
False,False,False,275.0,7.0,7.0,5600.46,True,LONGA METRAGEM,False,True,False,False,False
True,False,True,13075.0,965.0,39.0,188694.0,True,LONGA METRAGEM,False,False,True,False,False
True,False,False,2011.0,139.0,50.0,24240.7,True,LONGA METRAGEM,False,True,False,False,False
True,False,False,922.0,97.0,42.0,12024.56,True,LONGA METRAGEM,False,True,False,False,False
True,False,True,65629.0,1667.0,57.0,1190011.69,True,LONGA METRAGEM,False,False,True,False,False
False,False,True,751.0,130.0,23.0,12921.21,True,LONGA METRAGEM,False,True,False,False,False
True,False,False,17.0,5.0,5.0,1296.1000000000001,True,MÉDIA METRAGEM,False,True,False,False,False
True,False,False,3284.0,231.0,74.0,33056.93,True,LONGA METRAGEM,False,False,True,False,False
True,True,True,4127.0,321.0,62.0,31291.94,True,LONGA METRAGEM,False,False,True,False,False
False,False,False,174.0,50.0,50.0,3469.5600000000004,False,CURTA METRAGEM,False,False,False,False,True
False,False,False,6274.0,375.0,47.0,122012.86,True,MÉDIA METRAGEM,False,False,True,False,False
True,False,True,54.0,16.0,12.0,808.86,True,LONGA METRAGEM,False,False,True,False,False
True,False,True,37296.0,2438.0,56.0,557308.25,True,LONGA METRAGEM,False,False,True,False,False
True,False,False,7508.0,470.0,63.0,57234.68,True,LONGA METRAGEM,False,False,True,False,False
True,False,True,14881.0,1069.0,57.0,240190.7,True,LONGA METRAGEM,False,False,True,False,False
True,True,False,428.0,34.0,34.0,7749.0,True,LONGA METRAGEM,False,True,False,False,False
True,False,False,8290.0,321.0,68.0,64352.88,True,LONGA METRAGEM,False,False,True,False,False
False,False,True,27703.0,489.0,49.0,390797.21,True,LONGA METRAGEM,False,False,True,False,False
True,False,True,2846.0,536.0,92.0,19985.85,True,LONGA METRAGEM,False,True,False,False,False
True,False,True,6424.0,315.0,61.0,82949.21,True,LONGA METRAGEM,False,True,False,False,False
False,False,False,95.0,23.0,23.0,1894.3000000000002,True,CURTA METRAGEM,False,True,False,False,False
False,False,False,914.0,86.0,14.0,15775.44,True,LONGA METRAGEM,False,True,False,False,False
True,False,True,30562.0,1627.0,41.0,462133.23,True,LONGA METRAGEM,False,False,True,False,False
True,False,True,1185518.0,21470.0,73.0,15763318.4,True,LONGA METRAGEM,False,False,True,False,False
False,False,True,1772.0,102.0,36.0,19224.81,True,LONGA METRAGEM,False,True,False,False,False
False,False,True,5737.0,595.0,57.0,87295.61,True,LONGA METRAGEM,False,False,True,False,False
False,False,True,1475.0,172.0,48.0,23736.0,True,LONGA METRAGEM,False,True,False,False,False
False,False,False,0.0,1.0,1.0,0.0,True,CURTA METRAGEM,False,False,True,False,False
False,False,False,674.0,163.0,22.0,6025.6,True,LONGA METRAGEM,False,True,False,False,False
True,False,False,204.0,8.0,6.0,2096.61,True,LONGA METRAGEM,False,True,False,False,False
False,False,False,3791.0,250.0,46.0,20888.17,True,LONGA METRAGEM,False,False,True,False,False
True,False,True,1008.0,152.0,27.0,13987.77,True,LONGA METRAGEM,False,False,True,False,False
True,False,True,86448.0,2012.0,30.0,909072.28,True,LONGA METRAGEM,False,False,True,False,False
False,False,True,644126.0,14211.0,161.0,9156569.63,True,LONGA METRAGEM,False,False,True,False,False
True,True,True,1075.0,147.0,35.0,14837.43,True,LONGA METRAGEM,False,False,True,False,False
False,False,False,310.0,24.0,17.0,4922.35,True,LONGA METRAGEM,False,False,True,False,False
True,True,False,6381.0,267.0,48.0,53498.43,True,LONGA METRAGEM,False,False,True,False,False
False,False,False,228.0,41.0,19.0,2804.25,True,LONGA METRAGEM,False,False,True,False,False
False,False,False,0.0,1.0,1.0,0.0,True,LONGA METRAGEM,False,True,False,False,False
False,True,True,208.0,1.0,1.0,3894.0,True,LONGA METRAGEM,False,True,False,False,False
False,False,False,388.0,38.0,38.0,498.50000000000006,True,MÉDIA METRAGEM,False,True,False,False,False
False,False,False,46.0,11.0,7.0,787.54,True,LONGA METRAGEM,False,False,True,False,False
True,False,False,51.0,6.0,6.0,271.7,True,LONGA METRAGEM,False,True,False,False,False
True,False,False,141.0,36.0,12.0,2006.07,True,LONGA METRAGEM,False,False,True,False,False
True,False,False,936.0,80.0,31.0,10950.0,True,LONGA METRAGEM,False,False,True,False,False
True,False,False,781.0,123.0,36.0,10571.34,True,LONGA METRAGEM,False,False,True,False,False
True,False,True,7472.0,893.0,14.0,121299.29,True,LONGA METRAGEM,False,False,True,False,False
True,True,False,529.0,140.0,28.0,7651.49,True,LONGA METRAGEM,False,False,True,False,False
False,False,True,3119.0,85.0,39.0,41394.23,True,LONGA METRAGEM,False,False,True,False,False
False,False,True,4910.0,287.0,32.0,35242.2,True,LONGA METRAGEM,False,True,False,False,False
False,False,True,684.0,8.0,8.0,6611.0,True,LONGA METRAGEM,False,True,False,False,False
True,False,False,1019.0,150.0,48.0,11426.29,True,LONGA METRAGEM,False,True,False,False,False
False,False,False,0.0,3.0,3.0,0.0,True,MÉDIA METRAGEM,False,False,True,False,False
True,False,False,13.0,4.0,4.0,190.0,True,LONGA METRAGEM,False,True,False,False,False
True,False,False,1824.0,119.0,35.0,13055.2,True,LONGA METRAGEM,False,False,True,False,False
False,False,False,5.0,3.0,3.0,99.7,True,CURTA METRAGEM,False,False,False,False,True
False,False,False,1455.0,174.0,13.0,12326.85,True,LONGA METRAGEM,False,False,True,False,False
True,False,False,45.0,14.0,7.0,881.55,True,LONGA METRAGEM,False,True,False,False,False
False,False,False,3.0,4.0,4.0,59.82000000000001,True,LONGA METRAGEM,False,True,False,False,False
False,False,False,895.0,66.0,22.0,11445.560000000001,True,MÉDIA METRAGEM,False,True,False,False,False
True,False,False,682.0,74.0,12.0,9889.32,True,LONGA METRAGEM,False,False,True,False,False
True,True,True,136419.0,3399.0,143.0,2310810.1,True,LONGA METRAGEM,False,False,True,False,False
False,False,False,1064.0,77.0,76.0,21216.16,True,LONGA METRAGEM,False,False,True,False,False
True,False,False,211.0,12.0,12.0,3773.87,True,LONGA METRAGEM,False,False,True,False,False
False,False,True,7393.0,359.0,57.0,108696.85,True,LONGA METRAGEM,False,True,False,False,False
True,False,False,925.0,47.0,31.0,8959.39,True,LONGA METRAGEM,False,False,True,False,False
True,False,False,2143.0,210.0,30.0,17499.7,True,LONGA METRAGEM,False,False,True,False,False
True,False,True,6387.0,547.0,40.0,112632.91,True,LONGA METRAGEM,False,False,True,False,False
False,False,True,3143.0,290.0,73.0,54482.58,True,LONGA METRAGEM,False,True,False,False,False
True,False,False,728.0,134.0,24.0,6111.37,True,LONGA METRAGEM,False,False,True,False,False
True,False,True,415.0,7.0,7.0,4150.0,True,LONGA METRAGEM,False,False,True,False,False
True,False,False,663.0,148.0,34.0,11628.7,True,LONGA METRAGEM,False,False,True,False,False
True,False,True,357.0,78.0,35.0,7042.2,True,LONGA METRAGEM,False,False,True,False,False
True,True,True,741938.0,2569.0,192.0,11368558.0,True,LONGA METRAGEM,False,False,True,False,False
True,False,False,264.0,33.0,17.0,2452.99,True,LONGA METRAGEM,False,False,True,False,False
True,False,True,5864.0,520.0,18.0,94670.99,True,LONGA METRAGEM,False,False,True,False,False
True,False,False,6.0,1.0,1.0,119.64000000000001,True,LONGA METRAGEM,False,True,False,False,False
True,False,False,11.0,3.0,3.0,102.0,True,LONGA METRAGEM,False,False,True,False,False
True,False,False,402.0,19.0,9.0,6077.63,True,LONGA METRAGEM,False,True,False,False,False
False,False,False,343.0,107.0,102.0,6839.42,False,LONGA METRAGEM,False,True,False,False,False
True,False,True,23.0,11.0,9.0,461.17,True,LONGA METRAGEM,False,True,False,False,False
False,False,True,1022.0,159.0,32.0,26719.600000000002,True,MÉDIA METRAGEM,False,False,True,False,False
False,True,False,77.0,36.0,12.0,1365.5,True,LONGA METRAGEM,False,False,True,False,False
True,True,False,345.0,62.0,24.0,3477.58,True,LONGA METRAGEM,False,False,True,False,False
True,True,False,162.0,130.0,116.0,3230.28,True,LONGA METRAGEM,False,False,True,False,False
True,False,True,122.0,14.0,7.0,1267.0,True,LONGA METRAGEM,False,False,True,False,False
False,False,False,27.0,9.0,6.0,412.03,True,LONGA METRAGEM,False,False,True,False,False
False,False,True,116.0,54.0,31.0,2002.27,True,LONGA METRAGEM,False,True,False,False,False
False,True,True,92.0,14.0,7.0,1081.51,True,LONGA METRAGEM,False,False,True,False,False
False,False,False,9924.0,529.0,378.0,197884.56000000003,False,MÉDIA METRAGEM,False,False,False,False,True
True,False,False,1128.0,430.0,202.0,22492.32,True,LONGA METRAGEM,False,False,True,False,False
False,False,False,193717.0,8143.0,39.0,2629225.46,False,LONGA METRAGEM,False,False,True,False,False
True,False,True,97.0,7.0,7.0,1225.0,True,LONGA METRAGEM,False,False,True,False,False
False,False,False,3898.0,181.0,48.0,45935.17,True,LONGA METRAGEM,False,True,False,False,False
True,False,False,30.0,14.0,14.0,598.2,True,LONGA METRAGEM,False,True,False,False,False
False,False,False,0.0,1.0,1.0,0.0,False,CURTA METRAGEM,False,False,True,False,False
True,False,False,37.0,19.0,14.0,253.59,True,LONGA METRAGEM,False,True,False,False,False
False,False,False,43.0,14.0,14.0,857.4200000000001,True,MÉDIA METRAGEM,False,True,False,False,False
True,True,True,212.0,60.0,23.0,3390.33,True,LONGA METRAGEM,False,False,True,False,False
True,False,True,476786.0,920.0,58.0,6435263.26,True,LONGA METRAGEM,False,False,True,False,False
True,True,True,61.0,13.0,13.0,1085.0,True,LONGA METRAGEM,False,False,True,False,False
True,False,False,66.0,29.0,15.0,920.28,True,LONGA METRAGEM,False,True,False,False,False
False,False,True,314.0,68.0,18.0,4781.9,True,LONGA METRAGEM,False,True,False,False,False
True,False,False,462.0,91.0,25.0,4824.59,True,LONGA METRAGEM,False,False,True,False,False
False,False,False,47.0,12.0,12.0,937.1800000000001,True,CURTA METRAGEM,False,False,False,False,True
False,False,False,330.0,23.0,19.0,4650.35,True,LONGA METRAGEM,False,True,False,False,False
False,False,False,1153.0,105.0,18.0,18397.97,True,LONGA METRAGEM,False,True,False,False,False
False,False,True,3587914.0,38917.0,108.0,55906712.28,True,LONGA METRAGEM,False,False,True,False,False
True,False,False,882.0,87.0,27.0,11755.03,True,LONGA METRAGEM,False,False,True,False,False
True,True,False,804.0,152.0,31.0,7923.35,True,LONGA METRAGEM,False,False,True,False,False
True,False,False,115.0,25.0,11.0,1756.48,True,LONGA METRAGEM,False,False,True,False,False
True,False,False,371.0,72.0,8.0,5119.74,True,LONGA METRAGEM,False,False,True,False,False
False,False,True,430704.0,8500.0,101.0,6807616.79,True,LONGA METRAGEM,False,False,True,False,False
True,True,True,35781.0,781.0,99.0,446201.11,True,LONGA METRAGEM,False,False,True,False,False
True,False,False,1985.0,71.0,29.0,14140.21,True,LONGA METRAGEM,False,True,False,False,False
False,False,True,64.0,1.0,1.0,1276.16,True,MÉDIA METRAGEM,False,False,True,False,False
False,False,True,245004.0,8890.0,85.0,3457852.05,True,LONGA METRAGEM,False,False,True,False,False
True,False,False,148.0,37.0,27.0,1668.76,True,LONGA METRAGEM,False,True,False,False,False
True,False,False,459.0,75.0,43.0,6058.08,True,LONGA METRAGEM,False,True,False,False,False
True,False,True,2834.0,18.0,8.0,19738.14,True,LONGA METRAGEM,False,True,False,False,False
False,False,False,147.0,18.0,18.0,2931.1800000000003,True,LONGA METRAGEM,False,True,False,False,False
True,False,False,10640.0,413.0,75.0,82744.39,True,LONGA METRAGEM,False,True,False,False,False
False,False,False,899.0,15.0,15.0,17926.06,True,LONGA METRAGEM,False,False,True,False,False
False,False,True,2860.0,273.0,23.0,27358.6,True,LONGA METRAGEM,False,False,True,False,False
False,False,True,1512.0,194.0,28.0,14194.08,True,LONGA METRAGEM,False,False,True,False,False
True,False,True,126718.0,5278.0,38.0,1704761.09,True,LONGA METRAGEM,False,False,True,False,False
True,False,False,55.0,8.0,8.0,1096.7,True,MÉDIA METRAGEM,False,True,False,False,False
False,False,False,274.0,20.0,20.0,2329.29,True,LONGA METRAGEM,False,False,True,False,False
True,False,False,97.0,28.0,13.0,1690.72,True,LONGA METRAGEM,False,True,False,False,False
False,False,True,57.0,27.0,13.0,1022.24,True,LONGA METRAGEM,False,True,False,False,False
False,False,True,156.0,56.0,25.0,2834.0,True,LONGA METRAGEM,False,True,False,False,False
False,False,False,1038.0,121.0,38.0,16493.66,True,LONGA METRAGEM,False,False,True,False,False
True,False,False,16.0,10.0,5.0,277.77,True,LONGA METRAGEM,False,True,False,False,False
True,False,True,541.0,48.0,12.0,7258.39,True,LONGA METRAGEM,False,True,False,False,False
False,False,False,8231.0,426.0,138.0,82693.88,True,LONGA METRAGEM,False,False,True,False,False
False,False,True,577.0,73.0,71.0,11505.380000000001,True,LONGA METRAGEM,False,True,False,False,False
True,False,False,900.0,120.0,31.0,11487.3,True,LONGA METRAGEM,False,True,False,False,False
True,False,False,8709.0,391.0,61.0,108699.87,True,LONGA METRAGEM,False,False,True,False,False
False,False,True,117058.0,5359.0,83.0,1986773.99,True,LONGA METRAGEM,False,False,True,False,False
True,False,False,171.0,47.0,13.0,3824.96,True,LONGA METRAGEM,False,False,True,False,False
False,False,False,5.0,2.0,2.0,1156.52,True,MÉDIA METRAGEM,False,False,True,False,False
False,False,False,293.0,32.0,16.0,2576.5,True,LONGA METRAGEM,False,True,False,False,False
True,False,True,1977.0,200.0,15.0,41012.67,True,LONGA METRAGEM,False,False,True,False,False
False,False,False,30.0,1.0,1.0,598.2,True,LONGA METRAGEM,False,True,False,False,False
False,False,True,37.0,18.0,6.0,523.5,False,LONGA METRAGEM,False,False,True,False,False
False,False,False,14224.0,217.0,74.0,283626.56,False,LONGA METRAGEM,True,False,False,False,False
False,False,False,95.0,13.0,13.0,1894.3000000000002,True,LONGA METRAGEM,False,True,False,False,False
True,False,False,44.0,14.0,6.0,740.78,True,LONGA METRAGEM,False,True,False,False,False
False,False,True,966.0,61.0,28.0,17396.79,True,LONGA METRAGEM,False,True,False,False,False
False,False,True,51.0,20.0,7.0,925.0,True,LONGA METRAGEM,False,True,False,False,False
True,False,True,749256.0,10508.0,90.0,11849901.0,True,LONGA METRAGEM,False,False,True,False,False
True,False,False,1012.0,151.0,26.0,10409.5,True,LONGA METRAGEM,False,False,True,False,False
True,True,False,61.0,17.0,17.0,586.56,True,LONGA METRAGEM,False,True,False,False,False
True,False,True,1233.0,142.0,35.0,19261.51,True,LONGA METRAGEM,False,False,True,False,False
False,False,True,27.0,10.0,9.0,465.71,True,LONGA METRAGEM,False,True,False,False,False
False,False,False,810.0,97.0,27.0,11863.28,True,LONGA METRAGEM,False,True,False,False,False
True,False,True,14826.0,1163.0,58.0,199928.12,True,LONGA METRAGEM,False,False,True,False,False
True,False,True,8991.0,1039.0,61.0,165814.1,True,LONGA METRAGEM,False,False,True,False,False
True,False,True,85.0,20.0,12.0,1284.55,True,LONGA METRAGEM,False,False,True,False,False
True,False,True,116.0,16.0,16.0,1595.0,True,LONGA METRAGEM,False,True,False,False,False
True,False,True,40922.0,2623.0,49.0,639161.21,True,LONGA METRAGEM,False,False,True,False,False
False,False,False,177.0,27.0,18.0,2470.37,True,LONGA METRAGEM,False,True,False,False,False
True,False,False,660.0,160.0,15.0,4631.6,True,LONGA METRAGEM,False,False,True,False,False
False,False,False,192.0,37.0,37.0,3828.4800000000005,False,LONGA METRAGEM,False,False,True,False,False
False,False,False,1189.0,45.0,15.0,21474.09,True,LONGA METRAGEM,False,True,False,False,False
False,False,True,18.0,1.0,1.0,307.13,True,LONGA METRAGEM,False,True,False,False,False
False,False,True,10938240.0,40659.0,194.0,169400632.11,True,LONGA METRAGEM,False,False,True,False,False
True,False,True,1183.0,174.0,14.0,20073.68,True,LONGA METRAGEM,False,False,True,False,False
False,False,False,65.0,2.0,1.0,1296.1000000000001,True,LONGA METRAGEM,False,True,False,False,False
True,False,False,307.0,20.0,20.0,2961.0,True,LONGA METRAGEM,False,False,True,False,False
False,False,False,7821.0,144.0,42.0,109021.49,True,LONGA METRAGEM,False,False,True,False,False
False,False,False,203.0,69.0,30.0,3468.3,True,LONGA METRAGEM,False,False,True,False,False
True,False,True,2388.0,323.0,61.0,22916.18,True,LONGA METRAGEM,False,True,False,False,False
True,False,True,70.0,18.0,12.0,1461.6,True,LONGA METRAGEM,False,False,True,False,False
False,False,False,6189465.0,9355.0,78.0,59750401.6,False,LONGA METRAGEM,False,False,True,False,False
True,False,True,8060.0,506.0,75.0,102125.09,True,LONGA METRAGEM,False,False,True,False,False
True,False,False,207.0,56.0,15.0,3589.5,True,LONGA METRAGEM,False,False,True,False,False
True,True,False,360.0,70.0,16.0,7358.87,True,LONGA METRAGEM,False,False,True,False,False
False,True,True,221.0,23.0,15.0,4165.74,True,LONGA METRAGEM,False,True,False,False,False
False,False,False,294.0,74.0,11.0,6617.57,True,LONGA METRAGEM,False,False,True,False,False
True,False,True,675.0,59.0,7.0,10563.39,True,LONGA METRAGEM,False,False,True,False,False
False,False,False,1654.0,112.0,18.0,18888.88,True,LONGA METRAGEM,False,True,False,False,False
True,False,False,237.0,21.0,21.0,4725.780000000001,True,LONGA METRAGEM,False,True,False,False,False
False,False,False,61000.0,2824.0,1101.0,1216340.0,True,LONGA METRAGEM,False,True,False,False,False
True,False,True,1392.0,109.0,13.0,14341.92,True,LONGA METRAGEM,False,True,False,False,False
True,True,False,113.0,28.0,12.0,2396.75,True,LONGA METRAGEM,False,False,True,False,False
False,False,False,1335.0,235.0,27.0,13807.93,True,LONGA METRAGEM,False,False,True,False,False
False,False,False,14.0,7.0,7.0,279.16,True,LONGA METRAGEM,False,False,True,False,False
True,False,True,2128.0,221.0,14.0,33886.58,True,LONGA METRAGEM,False,False,True,False,False
True,False,False,5503.0,577.0,42.0,95852.9,True,LONGA METRAGEM,False,False,True,False,False
False,False,False,1038.0,67.0,66.0,18979.0,True,LONGA METRAGEM,False,True,False,False,False
False,False,False,0.0,1.0,1.0,0.0,True,MÉDIA METRAGEM,False,False,True,False,False
True,False,False,11.0,1.0,1.0,737.7800000000001,True,MÉDIA METRAGEM,False,True,False,False,False
True,False,False,27.0,4.0,1.0,513.33,True,LONGA METRAGEM,True,False,False,False,False
False,False,False,23.0,6.0,6.0,412.0,True,LONGA METRAGEM,False,False,True,False,False
True,False,False,236.0,49.0,22.0,3080.28,True,LONGA METRAGEM,False,False,True,False,False
True,False,False,50.0,13.0,13.0,491.0,True,LONGA METRAGEM,False,False,True,False,False
False,False,False,144.0,130.0,116.0,2871.36,True,LONGA METRAGEM,False,True,False,False,False
True,False,False,435.0,75.0,22.0,5705.22,True,LONGA METRAGEM,False,False,True,False,False
False,False,False,248.0,13.0,13.0,4945.12,True,LONGA METRAGEM,False,False,True,False,False
True,False,False,1783.0,139.0,27.0,12026.22,True,LONGA METRAGEM,False,False,True,False,False
True,False,False,75.0,19.0,13.0,1178.19,True,LONGA METRAGEM,False,True,False,False,False
True,False,True,1312134.0,18132.0,88.0,18602352.39,True,LONGA METRAGEM,False,False,True,False,False
True,False,True,613.0,7.0,7.0,7956.0,True,LONGA METRAGEM,False,False,True,False,False
True,False,True,40.0,27.0,22.0,683.02,True,LONGA METRAGEM,False,False,True,False,False
True,False,True,85037.0,4120.0,34.0,1477074.39,True,LONGA METRAGEM,False,False,True,False,False
False,False,False,19.0,4.0,4.0,378.86,True,MÉDIA METRAGEM,False,False,True,False,False
True,False,False,92.0,7.0,7.0,996.3,True,LONGA METRAGEM,True,False,False,False,False
False,False,False,207.0,7.0,7.0,2940.0,True,LONGA METRAGEM,False,False,True,False,False
True,False,False,4511.0,492.0,83.0,63538.33,True,LONGA METRAGEM,False,False,True,False,False
True,False,False,11.0,8.0,6.0,259.22,True,MÉDIA METRAGEM,False,True,False,False,False
True,False,False,132.0,22.0,21.0,966.0,True,LONGA METRAGEM,False,True,False,False,False
False,False,False,85.0,5.0,5.0,1395.58,True,LONGA METRAGEM,False,True,False,False,False
False,False,False,4254.0,208.0,44.0,73525.33,True,LONGA METRAGEM,False,True,False,False,False
True,False,True,7427.0,480.0,69.0,90437.74,True,LONGA METRAGEM,False,False,True,False,False
True,False,True,5995.0,663.0,35.0,111465.87,True,LONGA METRAGEM,False,False,True,False,False
True,True,False,32.0,15.0,15.0,475.0,True,LONGA METRAGEM,False,True,False,False,False
True,False,False,38.0,6.0,6.0,493.26,True,LONGA METRAGEM,False,False,True,False,False
False,True,True,28.0,5.0,5.0,427.16,True,LONGA METRAGEM,False,False,True,False,False
True,False,False,1602.0,66.0,53.0,11739.25,True,LONGA METRAGEM,False,True,False,False,False
True,False,False,5619.0,319.0,48.0,57018.64,True,LONGA METRAGEM,False,False,True,False,False
True,False,True,16799.0,1412.0,74.0,280831.94,True,LONGA METRAGEM,False,False,True,False,False
True,True,True,75.0,42.0,23.0,1257.29,True,LONGA METRAGEM,False,False,True,False,False
True,False,False,135.0,26.0,23.0,1514.97,True,LONGA METRAGEM,False,False,True,False,False
False,True,True,34.0,5.0,5.0,750.0,True,LONGA METRAGEM,False,False,True,False,False
False,False,False,521.0,12.0,12.0,3305.0,True,LONGA METRAGEM,False,False,True,False,False
True,False,False,5812.0,123.0,32.0,53173.89,True,LONGA METRAGEM,False,False,True,False,False
False,False,True,740.0,81.0,15.0,10253.33,True,LONGA METRAGEM,False,True,False,False,False
False,False,False,68.0,2.0,2.0,1355.92,True,LONGA METRAGEM,False,True,False,False,False
True,False,False,786.0,96.0,30.0,7301.02,True,LONGA METRAGEM,False,True,False,False,False
False,False,False,0.0,1.0,1.0,0.0,False,MÉDIA METRAGEM,False,True,False,False,False
True,False,False,378.0,97.0,34.0,6164.54,True,LONGA METRAGEM,False,False,True,False,False
False,False,False,1143.0,131.0,47.0,18789.44,True,LONGA METRAGEM,False,True,False,False,False
False,False,False,22.0,2.0,2.0,438.68,True,MÉDIA METRAGEM,False,True,False,False,False
True,False,True,138.0,64.0,21.0,2523.64,True,LONGA METRAGEM,False,True,False,False,False
False,False,True,469143.0,11407.0,49.0,6925410.04,True,LONGA METRAGEM,False,False,True,False,False
False,False,True,3519.0,154.0,14.0,23578.4,True,LONGA METRAGEM,False,True,False,False,False
True,False,False,198.0,1.0,1.0,2567.0,True,LONGA METRAGEM,False,False,True,False,False
True,False,True,860.0,119.0,28.0,14080.47,True,LONGA METRAGEM,False,False,True,False,False
True,False,False,307.0,95.0,17.0,5061.43,True,LONGA METRAGEM,False,True,False,False,False
False,False,False,4.0,1.0,1.0,79.76,True,LONGA METRAGEM,False,True,False,False,False
True,True,False,125.0,32.0,21.0,1269.15,True,LONGA METRAGEM,False,False,True,False,False
True,False,True,2476.0,201.0,31.0,30152.17,True,LONGA METRAGEM,False,False,True,False,False
True,False,False,407.0,82.0,51.0,4467.35,True,LONGA METRAGEM,False,False,True,False,False
False,True,False,242.0,41.0,31.0,3090.7000000000003,True,MÉDIA METRAGEM,False,True,False,False,False
True,False,False,404.0,10.0,10.0,2730.0,True,LONGA METRAGEM,False,True,False,False,False
False,False,False,543.0,66.0,35.0,7040.94,True,LONGA METRAGEM,False,False,True,False,False
True,False,False,21.0,12.0,10.0,409.59,True,LONGA METRAGEM,False,True,False,False,False
True,False,False,46.0,11.0,6.0,897.3000000000001,True,MÉDIA METRAGEM,False,True,False,False,False
True,False,False,254.0,94.0,29.0,4105.95,True,LONGA METRAGEM,False,True,False,False,False
False,False,False,3079.0,224.0,27.0,43712.56,True,LONGA METRAGEM,False,True,False,False,False
False,True,False,2116.0,120.0,20.0,22036.38,True,LONGA METRAGEM,False,False,True,False,False
True,False,False,17.0,9.0,6.0,320.43,True,LONGA METRAGEM,False,True,False,False,False
True,False,False,33.0,15.0,6.0,481.96,True,LONGA METRAGEM,False,True,False,False,False
True,False,False,22.0,13.0,6.0,373.88,True,LONGA METRAGEM,False,True,False,False,False
True,False,False,19.0,8.0,6.0,331.01,True,LONGA METRAGEM,False,True,False,False,False
True,False,False,16.0,8.0,6.0,275.64,True,LONGA METRAGEM,False,True,False,False,False
True,False,True,431.0,14.0,11.0,3828.0,True,LONGA METRAGEM,False,False,True,False,False
True,False,True,15276.0,649.0,135.0,168529.09,True,LONGA METRAGEM,True,False,False,False,False
True,True,False,399.0,30.0,13.0,15545.64,True,LONGA METRAGEM,False,False,True,False,False
True,False,True,2129138.0,21874.0,283.0,30453059.16,True,LONGA METRAGEM,False,False,True,False,False
True,True,False,193.0,42.0,12.0,3043.43,True,LONGA METRAGEM,False,False,True,False,False
True,False,True,966.0,83.0,14.0,15713.82,True,LONGA METRAGEM,False,False,True,False,False
False,True,False,9114.0,431.0,59.0,168870.05,False,LONGA METRAGEM,False,True,False,False,False
True,False,False,321.0,69.0,30.0,4812.94,True,LONGA METRAGEM,False,True,False,False,False
True,False,False,672.0,95.0,21.0,15174.34,True,MÉDIA METRAGEM,False,True,False,False,False
False,False,True,776.0,142.0,12.0,10805.53,True,LONGA METRAGEM,False,False,True,False,False
False,False,False,464.0,32.0,26.0,6363.66,True,LONGA METRAGEM,False,True,False,False,False
False,False,True,803483.0,12058.0,50.0,11894965.62,True,LONGA METRAGEM,False,False,True,False,False
True,False,True,7478.0,1200.0,42.0,144622.02,True,LONGA METRAGEM,False,False,True,False,False
True,True,True,191.0,34.0,15.0,2682.71,True,LONGA METRAGEM,False,False,True,False,False
False,False,True,65.0,7.0,7.0,1296.1000000000001,True,LONGA METRAGEM,False,True,False,False,False
False,False,False,13.0,3.0,1.0,250.26,False,LONGA METRAGEM,False,False,True,False,False
True,True,False,185.0,29.0,19.0,1673.0,True,LONGA METRAGEM,False,True,False,False,False
True,False,True,1076.0,166.0,18.0,9206.2,True,LONGA METRAGEM,False,False,True,False,False
True,True,True,1037.0,209.0,19.0,21043.87,True,LONGA METRAGEM,False,False,True,False,False
True,False,False,132.0,36.0,19.0,1480.54,True,LONGA METRAGEM,False,True,False,False,False
False,False,True,31313.0,3773.0,37.0,486861.66,True,LONGA METRAGEM,False,False,True,False,False
True,True,False,918.0,116.0,39.0,9867.32,True,LONGA METRAGEM,False,True,False,False,False
True,True,False,251.0,111.0,90.0,5004.9400000000005,True,LONGA METRAGEM,False,False,True,False,False
True,False,False,56.0,16.0,15.0,640.0,True,LONGA METRAGEM,False,False,True,False,False
False,False,False,472.0,25.0,25.0,9411.68,False,LONGA METRAGEM,False,True,False,False,False
True,False,False,683.0,115.0,49.0,8719.86,True,LONGA METRAGEM,False,False,True,False,False
True,False,True,900.0,130.0,33.0,7404.78,True,LONGA METRAGEM,False,False,True,False,False
True,True,False,135.0,6.0,6.0,1620.0,True,LONGA METRAGEM,False,False,True,False,False
True,False,False,23527.0,886.0,79.0,416750.35,True,LONGA METRAGEM,False,False,True,False,False
False,False,True,50.0,21.0,21.0,879.13,True,LONGA METRAGEM,False,True,False,False,False
True,False,True,66466.0,3493.0,27.0,841066.57,True,LONGA METRAGEM,False,False,True,False,False
False,False,True,6.0,2.0,2.0,66.0,True,LONGA METRAGEM,False,True,False,False,False
True,False,True,3610.0,433.0,28.0,87874.36,True,LONGA METRAGEM,False,False,True,False,False
True,False,True,1209.0,128.0,56.0,13281.93,True,LONGA METRAGEM,False,False,True,False,False
True,False,False,318.0,37.0,37.0,7577.200000000001,True,MÉDIA METRAGEM,False,True,False,False,False
True,False,False,97.0,13.0,12.0,763.5,True,LONGA METRAGEM,False,False,True,False,False
True,False,False,3761.0,265.0,49.0,46915.13,True,LONGA METRAGEM,True,False,False,False,False
True,False,True,25802.0,2214.0,20.0,429867.98,True,LONGA METRAGEM,False,False,True,False,False
False,False,True,21.0,6.0,6.0,144.0,True,LONGA METRAGEM,False,True,False,False,False
True,True,False,389.0,100.0,19.0,6436.77,True,LONGA METRAGEM,False,False,True,False,False
True,False,False,604.0,111.0,26.0,9499.84,True,LONGA METRAGEM,False,False,True,False,False
True,False,True,11735.0,1843.0,56.0,194602.14,True,LONGA METRAGEM,False,False,True,False,False
False,False,False,4.0,5.0,5.0,79.76,True,LONGA METRAGEM,False,True,False,False,False
True,False,True,199.0,169.0,145.0,3968.0600000000004,True,LONGA METRAGEM,False,True,False,False,False
False,False,False,74.0,7.0,6.0,1129.14,True,LONGA METRAGEM,False,False,True,False,False
True,True,False,6.0,6.0,6.0,119.64000000000001,True,LONGA METRAGEM,False,False,True,False,False
True,False,True,4798.0,677.0,113.0,78513.23,True,LONGA METRAGEM,False,True,False,False,False
False,False,True,24.0,10.0,7.0,449.17,True,LONGA METRAGEM,False,True,False,False,False
True,False,False,2203.0,155.0,42.0,26849.5,True,LONGA METRAGEM,False,False,True,False,False
True,False,False,754.0,72.0,35.0,11556.5,True,LONGA METRAGEM,False,False,True,False,False
True,True,False,782.0,129.0,46.0,10041.12,True,LONGA METRAGEM,False,False,True,False,False
True,False,False,1339.0,117.0,38.0,16942.04,True,LONGA METRAGEM,False,True,False,False,False
False,False,True,133.0,33.0,22.0,2056.85,False,LONGA METRAGEM,False,True,False,False,False
False,True,True,349.0,85.0,25.0,2963.47,True,LONGA METRAGEM,False,False,True,False,False
True,False,True,636.0,39.0,32.0,11184.12,True,LONGA METRAGEM,False,True,False,False,False
True,True,False,134.0,35.0,16.0,2352.25,True,LONGA METRAGEM,False,False,True,False,False
True,False,True,5346.0,257.0,27.0,78672.15,True,LONGA METRAGEM,False,False,True,False,False
False,False,False,0.0,2.0,2.0,0.0,True,LONGA METRAGEM,False,True,False,False,False
False,False,False,118.0,4.0,4.0,985.0,True,LONGA METRAGEM,False,True,False,False,False
True,False,True,488.0,68.0,7.0,10525.15,True,LONGA METRAGEM,False,False,True,False,False
True,False,True,6593.0,1069.0,33.0,105462.25,True,LONGA METRAGEM,False,False,True,False,False
True,False,False,6.0,3.0,3.0,81.48,True,LONGA METRAGEM,False,True,False,False,False
True,False,True,13111.0,1511.0,56.0,240239.76,True,LONGA METRAGEM,False,False,True,False,False
True,False,False,80.0,26.0,14.0,650.07,True,LONGA METRAGEM,False,False,True,False,False
True,False,True,14442.0,1487.0,33.0,273392.33,True,LONGA METRAGEM,False,False,True,False,False
True,False,True,87.0,34.0,18.0,1535.88,True,LONGA METRAGEM,False,False,True,False,False
True,False,True,8556.0,574.0,92.0,118593.31,True,LONGA METRAGEM,False,True,False,False,False
True,False,True,406119.0,14532.0,129.0,7602613.22,True,LONGA METRAGEM,False,False,True,False,False
True,False,True,2260.0,170.0,47.0,45277.17,True,LONGA METRAGEM,False,False,True,False,False
False,False,True,14.0,1.0,1.0,268.78,True,LONGA METRAGEM,False,True,False,False,False
True,False,True,2797.0,96.0,19.0,30513.99,True,LONGA METRAGEM,False,True,False,False,False
True,True,False,32.0,19.0,11.0,233.28,True,LONGA METRAGEM,False,True,False,False,False
True,False,False,20.0,5.0,5.0,170.56,True,LONGA METRAGEM,False,True,False,False,False
True,False,False,1782.0,230.0,59.0,21335.07,True,LONGA METRAGEM,False,True,False,False,False
True,False,False,5770.0,218.0,29.0,75690.41,True,LONGA METRAGEM,False,False,True,False,False
True,True,False,30.0,6.0,6.0,205.2,True,LONGA METRAGEM,False,False,True,False,False
True,False,True,2894.0,635.0,14.0,49036.58,True,LONGA METRAGEM,False,False,True,False,False
True,False,False,1050.0,160.0,42.0,12643.48,True,LONGA METRAGEM,False,True,False,False,False
True,False,True,744.0,135.0,44.0,10393.68,True,LONGA METRAGEM,False,False,True,False,False
True,False,False,988.0,134.0,25.0,11602.19,True,LONGA METRAGEM,False,False,True,False,False
True,False,False,15.0,3.0,3.0,50.4,True,LONGA METRAGEM,False,False,True,False,False
True,False,False,556.0,94.0,33.0,7409.64,True,LONGA METRAGEM,False,True,False,False,False
True,False,False,286.0,50.0,16.0,4407.58,True,LONGA METRAGEM,False,False,True,False,False
True,False,True,88.0,20.0,11.0,1576.17,True,LONGA METRAGEM,False,True,False,False,False
False,False,True,2102.0,170.0,51.0,17665.84,True,LONGA METRAGEM,False,True,False,False,False
True,False,False,135.0,10.0,10.0,1632.84,True,LONGA METRAGEM,False,False,True,False,False
True,False,True,327976.0,8063.0,124.0,6215045.45,True,LONGA METRAGEM,False,False,True,False,False
True,False,False,103961.0,2233.0,213.0,1742582.97,True,LONGA METRAGEM,False,False,True,False,False
True,True,False,2270.0,138.0,46.0,20869.61,True,LONGA METRAGEM,False,False,True,False,False
True,False,True,908.0,165.0,155.0,18105.52,True,LONGA METRAGEM,False,False,True,False,False
True,True,True,22.0,8.0,8.0,433.0,True,LONGA METRAGEM,False,True,False,False,False
True,False,False,375.0,66.0,21.0,5542.8,True,LONGA METRAGEM,True,False,False,False,False
True,False,True,29995.0,1920.0,23.0,440563.12,True,LONGA METRAGEM,False,False,True,False,False
True,False,False,8.0,1.0,1.0,120.0,True,LONGA METRAGEM,True,False,False,False,False
False,False,False,45.0,7.0,7.0,897.3000000000001,True,LONGA METRAGEM,False,True,False,False,False
False,False,False,715.0,113.0,15.0,11169.04,True,LONGA METRAGEM,False,False,True,False,False
True,False,True,149091.0,6762.0,52.0,2211378.33,True,LONGA METRAGEM,False,False,True,False,False
True,False,True,36824.0,3273.0,28.0,686276.99,True,LONGA METRAGEM,False,False,True,False,False
True,False,True,21.0,6.0,6.0,294.39,True,LONGA METRAGEM,False,True,False,False,False
True,False,True,38.0,11.0,11.0,554.0,True,LONGA METRAGEM,False,True,False,False,False
True,False,False,141.0,13.0,13.0,1946.0,True,LONGA METRAGEM,False,True,False,False,False
True,False,True,109.0,7.0,7.0,1435.0,True,LONGA METRAGEM,False,False,True,False,False
False,True,True,139.0,42.0,16.0,2610.53,True,LONGA METRAGEM,False,False,True,False,False
True,False,False,62.0,17.0,17.0,1366.98,True,LONGA METRAGEM,False,False,True,False,False
True,True,True,4363.0,359.0,42.0,69931.66,True,LONGA METRAGEM,False,False,True,False,False
True,False,False,3290.0,374.0,339.0,53565.54,True,LONGA METRAGEM,False,False,True,False,False
False,False,False,38043.0,299.0,8.0,563029.48,True,LONGA METRAGEM,False,False,True,False,False
True,False,False,282.0,35.0,21.0,2803.0,True,LONGA METRAGEM,False,False,True,False,False
True,False,True,125868.0,6542.0,46.0,2412050.01,True,LONGA METRAGEM,False,False,True,False,False
False,False,False,86.0,16.0,11.0,1695.72,False,LONGA METRAGEM,False,False,True,False,False
True,False,False,92.0,9.0,9.0,714.0,True,LONGA METRAGEM,False,True,False,False,False
True,False,True,7777.0,464.0,72.0,113732.24,True,LONGA METRAGEM,False,False,True,False,False
True,False,True,162.0,26.0,26.0,1535.38,True,MÉDIA METRAGEM,False,True,False,False,False
True,True,True,151.0,48.0,8.0,2810.28,True,LONGA METRAGEM,False,True,False,False,False
True,False,False,381.0,76.0,20.0,5179.07,True,LONGA METRAGEM,False,True,False,False,False
True,False,False,56.0,6.0,6.0,347.7,True,LONGA METRAGEM,False,True,False,False,False
True,False,False,362.0,25.0,15.0,3004.0,True,LONGA METRAGEM,False,False,True,False,False
True,False,True,296.0,2.0,2.0,5102.32,True,LONGA METRAGEM,False,False,True,False,False
True,False,True,1074.0,212.0,18.0,23562.52,True,LONGA METRAGEM,False,False,True,False,False
True,False,False,601.0,70.0,20.0,9239.42,True,LONGA METRAGEM,False,False,True,False,False
False,False,False,642.0,123.0,32.0,6755.35,True,LONGA METRAGEM,False,True,False,False,False
True,False,False,643.0,107.0,32.0,8693.7,True,LONGA METRAGEM,False,True,False,False,False
True,False,False,58.0,19.0,9.0,1241.16,True,LONGA METRAGEM,False,False,True,False,False
True,False,False,1669.0,80.0,41.0,14657.56,True,LONGA METRAGEM,False,False,True,False,False
True,False,False,56.0,2.0,2.0,1116.64,True,LONGA METRAGEM,False,False,True,False,False
True,False,False,34.0,4.0,4.0,677.96,True,LONGA METRAGEM,False,True,False,False,False
True,False,False,256.0,28.0,17.0,2942.55,True,LONGA METRAGEM,False,False,True,False,False
False,False,True,114.0,31.0,31.0,697.9000000000001,True,MÉDIA METRAGEM,False,True,False,False,False
True,False,True,269362.0,10968.0,61.0,4537651.95,True,LONGA METRAGEM,False,False,True,False,False
False,False,False,123.0,20.0,20.0,2452.6200000000003,True,MÉDIA METRAGEM,False,False,True,False,False
False,False,False,0.0,1.0,1.0,0.0,True,MÉDIA METRAGEM,False,True,False,False,False
False,False,False,309.0,14.0,14.0,6161.46,False,MÉDIA METRAGEM,False,False,False,True,False
False,False,False,4.0,14.0,14.0,79.76,True,LONGA METRAGEM,False,True,False,False,False
True,False,True,13822.0,1486.0,38.0,254767.06,True,LONGA METRAGEM,False,False,True,False,False
True,False,True,868.0,161.0,32.0,14123.53,True,LONGA METRAGEM,False,False,True,False,False
False,False,True,11.0,2.0,1.0,244.75,True,LONGA METRAGEM,False,True,False,False,False
True,False,False,351.0,71.0,20.0,2666.96,True,LONGA METRAGEM,False,True,False,False,False
True,False,True,1076.0,85.0,24.0,5360.04,True,LONGA METRAGEM,False,False,True,False,False
False,False,True,264.0,19.0,18.0,5264.160000000001,True,MÉDIA METRAGEM,False,True,False,False,False
True,False,False,22.0,2.0,2.0,438.68,True,LONGA METRAGEM,False,False,True,False,False
True,False,False,148.0,6.0,6.0,810.5,True,LONGA METRAGEM,False,False,True,False,False
True,False,True,174.0,19.0,15.0,1685.0,True,LONGA METRAGEM,False,True,False,False,False
True,False,True,20499.0,538.0,10.0,332072.82,True,LONGA METRAGEM,False,False,True,False,False
True,False,True,620.0,75.0,61.0,7015.0,True,LONGA METRAGEM,False,False,True,False,False
True,False,True,7907.0,728.0,14.0,143306.19,True,LONGA METRAGEM,True,False,False,False,False
True,True,True,599.0,139.0,56.0,9472.49,True,LONGA METRAGEM,False,False,True,False,False
True,False,False,0.0,1.0,1.0,0.0,True,LONGA METRAGEM,False,True,False,False,False
True,False,False,27.0,7.0,6.0,587.33,True,LONGA METRAGEM,False,False,True,False,False
False,False,False,17.0,7.0,7.0,338.98,False,CURTA METRAGEM,False,False,False,False,True
True,False,True,77934.0,6276.0,55.0,1213918.55,True,LONGA METRAGEM,False,False,True,False,False
False,True,False,1156.0,215.0,35.0,19049.32,True,LONGA METRAGEM,False,False,True,False,False
False,False,False,242.0,41.0,31.0,1934.18,True,MÉDIA METRAGEM,False,False,True,False,False
True,False,False,171.0,29.0,7.0,3040.66,True,LONGA METRAGEM,False,False,True,False,False
True,False,False,739.0,87.0,43.0,12051.43,True,LONGA METRAGEM,False,False,True,False,False
False,False,False,0.0,1.0,1.0,0.0,True,LONGA METRAGEM,False,True,False,False,False
False,False,False,588.0,19.0,12.0,13038.16,True,LONGA METRAGEM,False,False,True,False,False
False,False,True,16.0,7.0,5.0,276.32,True,LONGA METRAGEM,False,True,False,False,False
False,True,True,57.0,17.0,13.0,1037.03,True,LONGA METRAGEM,False,True,False,False,False
True,False,False,1.0,1.0,1.0,12.0,True,LONGA METRAGEM,False,True,False,False,False
True,False,False,185.0,19.0,15.0,3688.9,True,MÉDIA METRAGEM,False,False,True,False,False
False,False,False,547.0,15.0,1.0,10907.18,True,LONGA METRAGEM,False,False,False,False,True
False,False,False,56.0,17.0,17.0,1116.64,True,LONGA METRAGEM,False,True,False,False,False
True,False,True,27285.0,2076.0,36.0,552625.82,True,LONGA METRAGEM,False,False,True,False,False
False,True,False,729.0,105.0,15.0,12620.21,False,LONGA METRAGEM,False,False,True,False,False
True,False,True,655.0,108.0,90.0,13060.7,True,LONGA METRAGEM,False,True,False,False,False
True,True,False,93.0,11.0,6.0,1011.87,True,LONGA METRAGEM,False,False,True,False,False
False,False,True,22967.0,2440.0,28.0,394715.6,True,LONGA METRAGEM,False,False,True,False,False
False,False,False,431.0,37.0,23.0,4393.7,True,LONGA METRAGEM,False,False,True,False,False
True,False,True,1951.0,220.0,67.0,25929.94,True,LONGA METRAGEM,False,False,True,False,False
True,False,False,389.0,48.0,14.0,5215.08,True,LONGA METRAGEM,False,False,True,False,False
True,False,True,3922.0,227.0,58.0,51771.13,True,LONGA METRAGEM,False,False,True,False,False
True,False,True,108.0,6.0,6.0,2504.0,True,LONGA METRAGEM,False,False,True,False,False
True,False,False,354.0,73.0,26.0,5932.54,True,LONGA METRAGEM,False,False,True,False,False
True,False,False,28.0,6.0,6.0,204.75,True,LONGA METRAGEM,False,True,False,False,False
True,False,True,7518.0,831.0,28.0,146432.45,True,LONGA METRAGEM,False,False,True,False,False
True,True,True,11852.0,671.0,45.0,191022.77,True,LONGA METRAGEM,False,False,True,False,False
True,False,False,1017.0,10.0,6.0,10216.0,True,LONGA METRAGEM,False,True,False,False,False
True,False,False,2447.0,178.0,49.0,38574.3,True,LONGA METRAGEM,False,True,False,False,False
True,False,False,1394.0,91.0,40.0,16015.1,True,LONGA METRAGEM,False,True,False,False,False
True,False,False,1189.0,186.0,48.0,21256.4,True,LONGA METRAGEM,False,True,False,False,False
False,False,False,51.0,4.0,1.0,1016.94,True,MÉDIA METRAGEM,False,False,True,False,False
True,False,True,95.0,24.0,7.0,1130.0,True,LONGA METRAGEM,False,False,True,False,False
False,False,False,1307.0,15.0,14.0,26061.58,True,LONGA METRAGEM,False,True,False,False,False
True,True,True,6205.0,471.0,76.0,111023.32,True,LONGA METRAGEM,False,False,True,False,False
False,False,False,263.0,61.0,25.0,3708.57,True,LONGA METRAGEM,False,True,False,False,False
False,True,True,1422.0,221.0,45.0,26411.46,True,LONGA METRAGEM,False,False,True,False,False
False,False,False,43.0,16.0,16.0,857.4200000000001,True,LONGA METRAGEM,False,False,True,False,False
False,False,True,1609.0,167.0,23.0,29035.43,True,LONGA METRAGEM,False,False,True,False,False
False,False,True,4.0,2.0,1.0,118.92,True,LONGA METRAGEM,False,False,True,False,False
False,False,False,0.0,1.0,1.0,0.0,True,MÉDIA METRAGEM,True,False,False,False,False
True,False,True,1565.0,228.0,39.0,25929.49,True,LONGA METRAGEM,True,False,False,False,False
False,False,True,258.0,14.0,14.0,5144.52,True,LONGA METRAGEM,False,True,False,False,False
True,False,False,1181.0,193.0,41.0,14750.54,True,LONGA METRAGEM,False,False,True,False,False
False,False,False,139.0,6.0,6.0,2771.6600000000003,False,LONGA METRAGEM,False,True,False,False,False
False,False,False,21.0,42.0,35.0,418.74,True,CURTA METRAGEM,False,False,False,False,True
False,False,False,48.0,10.0,6.0,192.0,True,LONGA METRAGEM,False,True,False,False,False
False,False,True,3.0,2.0,2.0,59.82000000000001,True,LONGA METRAGEM,False,True,False,False,False
False,False,False,477.0,39.0,39.0,9511.380000000001,True,LONGA METRAGEM,False,False,True,False,False
True,False,True,926.0,114.0,30.0,14509.62,True,LONGA METRAGEM,False,False,True,False,False
False,False,False,705.0,41.0,11.0,10335.67,True,LONGA METRAGEM,False,False,True,False,False
False,False,False,90.0,14.0,14.0,1794.6000000000001,True,CURTA METRAGEM,False,False,False,False,True
True,False,False,26.0,1.0,1.0,518.44,True,LONGA METRAGEM,False,True,False,False,False
False,False,False,709.0,60.0,52.0,14137.460000000001,True,LONGA METRAGEM,False,False,True,False,False
True,False,False,0.0,1.0,1.0,0.0,True,LONGA METRAGEM,False,False,True,False,False
True,True,False,9141.0,633.0,113.0,145378.13,True,LONGA METRAGEM,False,False,True,False,False
True,False,False,274.0,18.0,14.0,3280.76,True,LONGA METRAGEM,False,False,True,False,False
True,False,True,430120.0,13785.0,117.0,8264807.06,True,LONGA METRAGEM,False,False,True,False,False
False,False,True,507.0,127.0,38.0,6203.67,True,LONGA METRAGEM,False,True,False,False,False
True,False,True,383.0,112.0,93.0,7637.02,True,LONGA METRAGEM,False,False,True,False,False
True,False,True,34.0,14.0,5.0,227.0,True,LONGA METRAGEM,False,False,True,False,False
False,False,False,31.0,14.0,14.0,618.14,True,CURTA METRAGEM,False,False,False,False,True
True,False,False,44.0,9.0,9.0,877.36,True,LONGA METRAGEM,False,True,False,False,False
True,False,False,5546.0,400.0,77.0,111179.65,True,LONGA METRAGEM,False,False,True,False,False
True,False,True,2771.0,574.0,22.0,53573.06,True,LONGA METRAGEM,False,False,True,False,False
True,True,False,732.0,97.0,23.0,6894.62,True,LONGA METRAGEM,False,False,True,False,False
False,False,False,11.0,1.0,1.0,219.34,True,CURTA METRAGEM,True,False,False,False,False
True,True,False,55.0,19.0,8.0,857.56,True,LONGA METRAGEM,False,True,False,False,False
False,True,False,114.0,46.0,46.0,2273.1600000000003,True,MÉDIA METRAGEM,False,False,True,False,False
False,False,False,293.0,91.0,82.0,5842.42,True,MÉDIA METRAGEM,False,False,True,False,False
False,False,False,146.0,11.0,11.0,2334.7,True,LONGA METRAGEM,False,False,True,False,False
True,False,False,1321.0,161.0,52.0,12295.14,True,LONGA METRAGEM,False,False,True,False,False
True,False,True,554.0,130.0,27.0,7487.93,True,LONGA METRAGEM,False,False,True,False,False
True,False,True,8.0,3.0,3.0,173.16,True,LONGA METRAGEM,False,False,True,False,False
False,False,False,352.0,85.0,82.0,7018.88,True,MÉDIA METRAGEM,False,True,False,False,False
True,False,False,261.0,25.0,20.0,1140.0,True,LONGA METRAGEM,False,False,True,False,False
True,False,True,2430.0,358.0,65.0,37636.87,True,LONGA METRAGEM,False,True,False,False,False
True,False,True,250131.0,8504.0,51.0,4308595.98,True,LONGA METRAGEM,False,False,True,False,False
True,False,True,10.0,3.0,3.0,163.8,True,LONGA METRAGEM,False,False,True,False,False
False,True,False,978.0,139.0,31.0,12791.95,True,LONGA METRAGEM,False,False,True,False,False
True,True,False,305.0,19.0,19.0,3999.61,True,LONGA METRAGEM,False,False,True,False,False
True,True,False,89.0,11.0,4.0,1288.1,True,LONGA METRAGEM,False,False,True,False,False
True,False,True,209.0,59.0,34.0,4207.3,True,LONGA METRAGEM,False,True,False,False,False
False,False,False,58.0,5.0,2.0,1284.63,True,LONGA METRAGEM,False,True,False,False,False
True,False,True,24.0,9.0,9.0,367.6,True,LONGA METRAGEM,False,False,True,False,False
False,False,True,9586.0,437.0,64.0,190935.83,True,LONGA METRAGEM,False,True,False,False,False
True,False,False,49.0,7.0,7.0,502.5,True,LONGA METRAGEM,False,True,False,False,False
True,False,False,292.0,84.0,40.0,2293.56,True,LONGA METRAGEM,False,False,True,False,False
False,False,True,564.0,84.0,14.0,13340.41,True,LONGA METRAGEM,False,False,True,False,False
True,False,True,768.0,79.0,17.0,9179.8,True,LONGA METRAGEM,False,False,True,False,False
True,False,False,525.0,38.0,19.0,5084.32,True,LONGA METRAGEM,False,True,False,False,False
True,True,False,747.0,123.0,20.0,5822.95,True,LONGA METRAGEM,False,False,True,False,False
True,True,False,884.0,100.0,44.0,12273.43,True,LONGA METRAGEM,False,False,True,False,False
True,False,True,471858.0,8351.0,170.0,8388305.75,True,LONGA METRAGEM,False,False,True,False,False
False,False,True,887.0,144.0,34.0,16612.83,True,LONGA METRAGEM,False,False,True,False,False
False,False,True,88.0,41.0,18.0,1413.23,True,LONGA METRAGEM,False,True,False,False,False
False,False,False,145.0,2.0,2.0,2891.3,False,LONGA METRAGEM,False,False,True,False,False
False,False,False,504.0,65.0,25.0,5737.27,True,LONGA METRAGEM,False,False,True,False,False
False,False,False,3692.0,294.0,52.0,54433.06,True,LONGA METRAGEM,False,True,False,False,False
True,False,False,200.0,13.0,12.0,1771.74,True,LONGA METRAGEM,False,False,True,False,False
False,False,True,247.0,31.0,31.0,5375.0,True,LONGA METRAGEM,False,True,False,False,False
True,False,False,86.0,12.0,7.0,1617.21,True,LONGA METRAGEM,False,False,True,False,False
True,True,False,948.0,108.0,39.0,7324.75,True,LONGA METRAGEM,False,False,True,False,False
False,False,False,103.0,7.0,7.0,2053.82,True,LONGA METRAGEM,False,True,False,False,False
True,False,True,677.0,73.0,29.0,7813.11,True,LONGA METRAGEM,False,False,True,False,False
False,False,False,38.0,20.0,20.0,757.72,True,LONGA METRAGEM,False,True,False,False,False
True,False,False,583.0,86.0,32.0,7038.01,True,LONGA METRAGEM,False,False,True,False,False
False,False,True,896.0,42.0,14.0,11869.19,True,LONGA METRAGEM,False,False,True,False,False
True,False,True,818.0,196.0,21.0,16310.47,True,LONGA METRAGEM,False,False,True,False,False
True,True,False,6966.0,489.0,62.0,105540.26,True,LONGA METRAGEM,False,False,True,False,False
False,False,False,133.0,21.0,21.0,2652.02,False,CURTA METRAGEM,False,False,False,False,True
False,False,True,18.0,7.0,7.0,358.92,True,LONGA METRAGEM,False,False,True,False,False
True,False,True,1666.0,238.0,38.0,29992.16,True,LONGA METRAGEM,False,False,True,False,False
False,False,True,0.0,1.0,1.0,0.0,True,MÉDIA METRAGEM,False,True,False,False,False
True,True,False,91.0,25.0,11.0,1413.13,True,LONGA METRAGEM,False,True,False,False,False
True,True,True,217.0,10.0,10.0,3068.23,True,LONGA METRAGEM,False,False,True,False,False
True,False,False,5071.0,428.0,78.0,25154.44,True,LONGA METRAGEM,False,False,True,False,False
True,True,False,3458.0,293.0,72.0,47179.91,True,LONGA METRAGEM,False,False,True,False,False
True,True,False,78.0,5.0,5.0,914.5,True,LONGA METRAGEM,False,False,True,False,False
True,True,False,340.0,65.0,36.0,5593.1,True,LONGA METRAGEM,False,False,True,False,False
True,False,True,127619.0,6330.0,101.0,2270066.42,True,LONGA METRAGEM,False,False,True,False,False
True,False,True,399.0,65.0,23.0,6605.63,True,LONGA METRAGEM,False,False,True,False,False
True,False,False,732.0,49.0,27.0,10457.31,True,LONGA METRAGEM,False,True,False,False,False
False,False,False,55.0,19.0,19.0,1096.7,False,CURTA METRAGEM,False,False,False,False,True
True,False,True,14241.0,1570.0,21.0,261430.83,True,LONGA METRAGEM,False,False,True,False,False
True,False,True,3204.0,597.0,14.0,62398.03,True,LONGA METRAGEM,False,False,True,False,False
False,False,False,1316.0,16.0,16.0,6130.72,True,LONGA METRAGEM,False,False,True,False,False
False,False,False,114.0,219.0,179.0,2273.1600000000003,True,LONGA METRAGEM,False,True,False,False,False
False,False,True,1033.0,127.0,31.0,14863.17,True,LONGA METRAGEM,False,True,False,False,False
False,False,False,10.0,1.0,1.0,199.4,True,LONGA METRAGEM,False,False,True,False,False
False,False,False,216.0,1.0,1.0,3278.45,True,LONGA METRAGEM,False,True,False,False,False
True,True,False,604.0,121.0,20.0,5042.01,True,LONGA METRAGEM,False,False,True,False,False
True,False,False,1201.0,174.0,33.0,17158.83,True,LONGA METRAGEM,False,False,True,False,False
False,False,False,478.0,78.0,18.0,6728.17,True,LONGA METRAGEM,False,True,False,False,False
False,False,False,3162.0,448.0,377.0,63050.280000000006,True,CURTA METRAGEM,False,False,False,False,True
True,False,False,5118.0,470.0,45.0,76828.35,True,LONGA METRAGEM,True,False,False,False,False
True,False,False,37.0,10.0,10.0,616.0,True,LONGA METRAGEM,False,True,False,False,False
False,False,True,822864.0,25160.0,158.0,13525818.08,True,LONGA METRAGEM,False,False,True,False,False
True,False,True,868.0,225.0,178.0,17307.920000000002,True,LONGA METRAGEM,False,False,True,False,False
False,False,True,12.0,5.0,5.0,239.28000000000003,True,LONGA METRAGEM,True,False,False,False,False
True,False,False,266.0,28.0,28.0,5304.04,True,LONGA METRAGEM,False,True,False,False,False
False,False,False,37.0,17.0,7.0,542.06,False,LONGA METRAGEM,False,False,True,False,False
False,False,True,68.0,3.0,3.0,897.79,True,LONGA METRAGEM,False,True,False,False,False
False,False,False,26.0,4.0,4.0,518.44,True,LONGA METRAGEM,False,False,True,False,False
False,True,True,19.0,6.0,6.0,386.01,True,LONGA METRAGEM,False,False,True,False,False
False,True,False,160.0,15.0,15.0,3190.4,True,LONGA METRAGEM,False,False,True,False,False
False,False,False,7.0,6.0,6.0,139.58,True,LONGA METRAGEM,False,False,True,False,False
True,False,True,152.0,45.0,14.0,2635.25,True,LONGA METRAGEM,False,True,False,False,False
True,False,False,1122.0,11.0,11.0,17189.94,True,LONGA METRAGEM,False,True,False,False,False
False,False,False,56.0,11.0,11.0,1116.64,True,LONGA METRAGEM,False,True,False,False,False
True,False,False,1464.0,182.0,44.0,19345.56,True,LONGA METRAGEM,False,False,True,False,False
True,False,True,1411.0,124.0,33.0,17268.38,True,LONGA METRAGEM,True,False,False,False,False
True,False,True,74.0,1.0,1.0,625.0,True,LONGA METRAGEM,True,False,False,False,False
True,False,False,1055.0,138.0,51.0,15024.75,True,LONGA METRAGEM,False,False,True,False,False
False,False,False,2.0,5.0,5.0,39.88,True,MÉDIA METRAGEM,False,False,True,False,False
False,False,False,416.0,37.0,27.0,4083.01,True,LONGA METRAGEM,False,True,False,False,False
True,False,True,1017.0,96.0,35.0,13575.99,True,LONGA METRAGEM,False,False,True,False,False
False,False,False,1505.0,200.0,36.0,18676.62,True,LONGA METRAGEM,False,False,True,False,False
False,False,False,106.0,6.0,6.0,2113.6400000000003,True,MÉDIA METRAGEM,False,False,True,False,False
False,False,False,820.0,97.0,89.0,16350.800000000001,True,LONGA METRAGEM,False,False,True,False,False
False,False,False,0.0,1.0,1.0,0.0,True,LONGA METRAGEM,False,False,True,False,False
True,True,True,1624.0,301.0,10.0,30927.12,True,LONGA METRAGEM,False,False,True,False,False
True,False,True,2004.0,284.0,14.0,40538.06,True,LONGA METRAGEM,False,False,True,False,False
False,False,False,29164.0,1314.0,39.0,530737.67,True,LONGA METRAGEM,False,False,True,False,False
False,False,True,51.0,7.0,7.0,596.7,True,LONGA METRAGEM,False,True,False,False,False
True,False,False,28.0,11.0,11.0,558.32,True,LONGA METRAGEM,False,True,False,False,False
True,False,False,999.0,55.0,24.0,9450.59,True,LONGA METRAGEM,False,False,True,False,False
True,False,True,39952.0,2199.0,38.0,764642.91,True,LONGA METRAGEM,False,False,True,False,False
True,False,False,18.0,5.0,5.0,236.76,True,LONGA METRAGEM,False,False,True,False,False
False,False,False,13.0,5.0,3.0,179.0,True,LONGA METRAGEM,False,False,True,False,False
True,False,True,403.0,72.0,20.0,6250.24,True,LONGA METRAGEM,False,False,True,False,False
True,False,False,1303.0,144.0,14.0,26401.41,True,LONGA METRAGEM,False,False,True,False,False
False,False,False,90.0,26.0,10.0,1213.79,True,LONGA METRAGEM,False,True,False,False,False
False,True,False,12155.0,691.0,59.0,220947.68,True,LONGA METRAGEM,False,True,False,False,False
False,False,False,33.0,6.0,6.0,585.0,True,LONGA METRAGEM,False,True,False,False,False
False,False,False,305.0,47.0,47.0,6081.700000000001,True,CURTA METRAGEM,True,False,False,False,False
False,False,False,637.0,14.0,12.0,11952.0,True,LONGA METRAGEM,False,False,True,False,False
True,False,False,2349.0,11.0,10.0,42298.63,True,LONGA METRAGEM,False,False,True,False,False
True,False,True,1999.0,218.0,33.0,34871.49,True,LONGA METRAGEM,False,False,True,False,False
False,False,False,950.0,114.0,14.0,20783.51,True,LONGA METRAGEM,False,False,True,False,False
True,False,False,2407.0,144.0,110.0,34656.44,True,LONGA METRAGEM,False,True,False,False,False
True,False,False,2662.0,288.0,57.0,39100.7,True,LONGA METRAGEM,False,True,False,False,False
True,False,True,73426.0,1019.0,93.0,1211221.17,True,LONGA METRAGEM,False,False,True,False,False
True,False,True,3408.0,259.0,94.0,65521.36,True,LONGA METRAGEM,False,True,False,False,False
False,False,False,139.0,29.0,29.0,2771.6600000000003,True,CURTA METRAGEM,False,False,False,False,True
False,False,True,85.0,21.0,8.0,1354.75,True,LONGA METRAGEM,False,True,False,False,False
True,False,False,1048.0,159.0,35.0,12605.8,True,LONGA METRAGEM,True,False,False,False,False
True,False,False,1238.0,180.0,43.0,11665.59,True,LONGA METRAGEM,False,False,True,False,False
True,True,False,5493.0,390.0,89.0,94240.96,True,LONGA METRAGEM,False,False,True,False,False
True,False,False,878.0,107.0,39.0,10858.13,True,LONGA METRAGEM,False,False,True,False,False
True,False,False,50761.0,4843.0,34.0,857481.95,True,LONGA METRAGEM,True,False,False,False,False
True,False,False,8513.0,487.0,47.0,149660.31,True,LONGA METRAGEM,False,True,False,False,False
False,False,False,145.0,10.0,10.0,2891.3,False,LONGA METRAGEM,False,False,True,False,False
False,False,False,5348.0,1302.0,742.0,106639.12000000001,True,LONGA METRAGEM,False,False,True,False,False
True,False,False,426.0,45.0,23.0,6802.34,True,LONGA METRAGEM,False,False,True,False,False
True,False,False,1108.0,107.0,30.0,17605.85,True,LONGA METRAGEM,False,False,True,False,False
False,False,False,909.0,7.0,3.0,33638.78,True,MÉDIA METRAGEM,False,False,True,False,False
True,False,True,153466.0,3724.0,36.0,1702598.56,True,LONGA METRAGEM,False,False,True,False,False
True,False,False,331.0,63.0,17.0,3663.39,True,LONGA METRAGEM,False,True,False,False,False
False,False,True,159.0,46.0,22.0,2582.56,True,LONGA METRAGEM,False,False,True,False,False
False,True,False,334.0,30.0,30.0,6659.96,True,LONGA METRAGEM,False,True,False,False,False
False,False,False,2426.0,258.0,31.0,44633.74,True,LONGA METRAGEM,False,False,True,False,False
False,False,False,62.0,1.0,1.0,1236.28,True,LONGA METRAGEM,False,False,True,False,False
False,False,False,119.0,14.0,14.0,2372.86,True,MÉDIA METRAGEM,False,False,True,False,False
True,False,True,18297.0,1650.0,47.0,481818.37,True,LONGA METRAGEM,False,False,True,False,False
True,False,False,690.0,30.0,20.0,6603.32,True,LONGA METRAGEM,False,True,False,False,False
True,False,False,133.0,19.0,13.0,2100.4,True,LONGA METRAGEM,False,False,True,False,False
True,False,False,61.0,6.0,6.0,615.0,True,LONGA METRAGEM,False,True,False,False,False
True,False,False,1343.0,26.0,12.0,11592.21,True,LONGA METRAGEM,True,False,False,False,False
True,False,False,1066.0,128.0,35.0,23739.309999999998,True,LONGA METRAGEM,False,True,False,False,False
True,False,True,11517.0,1665.0,26.0,213433.0,True,LONGA METRAGEM,False,False,True,False,False
True,False,False,534.0,25.0,14.0,8692.0,True,LONGA METRAGEM,False,False,True,False,False
False,False,False,9.0,11.0,10.0,179.46,False,LONGA METRAGEM,False,True,False,False,False
False,False,False,9.0,1.0,1.0,179.46,True,LONGA METRAGEM,False,True,False,False,False
False,False,True,48.0,7.0,7.0,957.1200000000001,True,LONGA METRAGEM,False,True,False,False,False
True,False,True,4262.0,267.0,48.0,63021.94,True,LONGA METRAGEM,False,True,False,False,False
True,True,False,6.0,7.0,7.0,119.64000000000001,True,LONGA METRAGEM,False,False,True,False,False
True,False,False,598.0,94.0,34.0,9216.87,True,LONGA METRAGEM,False,True,False,False,False
False,True,False,185.0,28.0,13.0,2840.83,False,LONGA METRAGEM,False,True,False,False,False
False,False,False,30.0,7.0,7.0,598.2,False,CURTA METRAGEM,False,False,False,False,True
False,False,False,82.0,29.0,14.0,1424.34,True,LONGA METRAGEM,False,True,False,False,False
False,False,True,20464.0,916.0,90.0,298224.65,True,LONGA METRAGEM,False,True,False,False,False
True,False,True,1424.0,172.0,33.0,20265.31,True,LONGA METRAGEM,False,True,False,False,False
False,False,False,36375.0,3733.0,24.0,651415.04,True,LONGA METRAGEM,False,False,True,False,False
True,False,True,2329.0,137.0,35.0,21923.67,True,LONGA METRAGEM,False,False,True,False,False
False,False,False,448.0,47.0,47.0,8933.12,True,LONGA METRAGEM,False,True,False,False,False
True,False,True,17057.0,1311.0,45.0,354629.14,True,LONGA METRAGEM,True,False,False,False,False
False,False,False,976.0,79.0,21.0,12263.0,True,LONGA METRAGEM,False,True,False,False,False
False,True,False,196.0,2.0,2.0,3908.2400000000002,True,LONGA METRAGEM,False,True,False,False,False
False,False,False,572.0,28.0,28.0,11405.68,True,MÉDIA METRAGEM,False,False,True,False,False
False,False,False,9124.0,431.0,93.0,181067.85,False,LONGA METRAGEM,False,True,False,False,False
False,False,False,193.0,29.0,20.0,1989.69,True,LONGA METRAGEM,False,False,True,False,False
False,False,False,22853.0,132.0,42.0,423499.82,True,LONGA METRAGEM,False,False,True,False,False
False,False,False,398.0,34.0,31.0,5160.21,True,LONGA METRAGEM,False,False,True,False,False
False,False,False,462.0,47.0,25.0,4520.62,True,LONGA METRAGEM,False,True,False,False,False
False,False,False,0.0,3.0,3.0,0.0,True,CURTA METRAGEM,True,False,False,False,False
True,False,False,2020.0,200.0,47.0,25751.47,True,LONGA METRAGEM,False,True,False,False,False
True,False,False,10627.0,535.0,75.0,159340.71,True,LONGA METRAGEM,False,False,True,False,False
False,False,False,118.0,12.0,6.0,590.0,True,LONGA METRAGEM,False,True,False,False,False
False,False,False,40.0,11.0,8.0,730.49,True,LONGA METRAGEM,False,False,True,False,False
True,False,False,6963.0,442.0,59.0,105120.87,True,LONGA METRAGEM,False,False,True,False,False
False,False,True,89.0,7.0,7.0,1356.56,True,LONGA METRAGEM,False,True,False,False,False
True,False,False,299.0,11.0,11.0,1984.0,True,LONGA METRAGEM,False,False,True,False,False
True,False,True,11409.0,983.0,25.0,189973.7,True,LONGA METRAGEM,False,False,True,False,False
True,False,False,730.0,102.0,30.0,9415.57,True,LONGA METRAGEM,False,False,True,False,False
True,True,True,89.0,12.0,12.0,915.0,True,LONGA METRAGEM,False,False,True,False,False
True,False,False,202.0,34.0,28.0,4027.88,True,LONGA METRAGEM,False,False,True,False,False
False,False,False,4415.0,741.0,40.0,87815.85,True,LONGA METRAGEM,False,False,True,False,False
False,False,False,189.0,55.0,18.0,1895.25,True,LONGA METRAGEM,False,True,False,False,False
False,False,False,191.0,6.0,6.0,885.0,True,LONGA METRAGEM,False,False,True,False,False
False,False,False,67.0,4.0,4.0,1690.5,True,LONGA METRAGEM,False,False,True,False,False
False,False,True,163.0,14.0,14.0,2649.51,True,LONGA METRAGEM,False,True,False,False,False
False,False,False,2965.0,226.0,68.0,49706.6,True,LONGA METRAGEM,False,False,True,False,False
True,False,True,1210.0,222.0,32.0,18530.65,True,LONGA METRAGEM,False,False,True,False,False
False,False,True,73.0,5.0,5.0,1455.6200000000001,True,LONGA METRAGEM,False,True,False,False,False
False,False,False,414.0,106.0,21.0,8010.73,True,LONGA METRAGEM,False,True,False,False,False
True,True,True,3127.0,313.0,47.0,55815.7,True,LONGA METRAGEM,False,False,True,False,False
True,False,False,4454.0,300.0,73.0,60622.65,True,LONGA METRAGEM,False,False,True,False,False
False,False,True,345.0,30.0,30.0,3562.09,True,LONGA METRAGEM,False,True,False,False,False
False,False,False,37.0,4.0,4.0,370.0,True,LONGA METRAGEM,False,False,True,False,False
False,False,False,51330.0,1256.0,22.0,883700.75,True,LONGA METRAGEM,False,False,True,False,False
False,False,False,7.0,3.0,3.0,139.58,True,LONGA METRAGEM,False,True,False,False,False
False,False,False,227.0,68.0,33.0,2295.87,True,LONGA METRAGEM,False,True,False,False,False
True,False,True,3217.0,201.0,52.0,34864.38,True,LONGA METRAGEM,True,False,False,False,False
True,False,False,9849.0,1104.0,34.0,131517.48,True,LONGA METRAGEM,True,False,False,False,False
True,False,False,1084.0,111.0,49.0,12981.52,True,LONGA METRAGEM,False,True,False,False,False
True,False,False,258.0,40.0,24.0,5528.11,True,LONGA METRAGEM,False,False,True,False,False
False,False,True,2.0,1.0,1.0,39.58,True,LONGA METRAGEM,False,False,True,False,False
True,False,True,22984.0,2594.0,21.0,413238.67,True,LONGA METRAGEM,False,False,True,False,False
False,False,False,5625.0,267.0,68.0,67958.28,True,LONGA METRAGEM,False,True,False,False,False
False,True,False,75.0,1.0,1.0,1125.0,True,LONGA METRAGEM,False,False,True,False,False
False,False,False,310.0,58.0,18.0,4218.82,True,LONGA METRAGEM,False,True,False,False,False
False,False,True,1223.0,184.0,36.0,16200.34,True,LONGA METRAGEM,False,False,True,False,False
False,True,False,224.0,10.0,10.0,3248.0,True,LONGA METRAGEM,False,True,False,False,False
True,True,False,77.0,7.0,7.0,2020.0,True,LONGA METRAGEM,False,False,True,False,False
True,False,True,539.0,22.0,12.0,3003.64,True,LONGA METRAGEM,False,True,False,False,False
False,False,False,1656.0,163.0,30.0,14300.37,True,LONGA METRAGEM,False,False,True,False,False
True,False,True,15.0,1.0,1.0,181.95,True,LONGA METRAGEM,False,True,False,False,False
False,False,False,3834.0,700.0,18.0,67653.1,True,LONGA METRAGEM,False,False,True,False,False
True,False,False,493.0,73.0,12.0,8243.38,True,LONGA METRAGEM,False,True,False,False,False
True,False,True,765.0,193.0,27.0,15575.8,True,LONGA METRAGEM,False,False,True,False,False
False,False,False,8.0,6.0,6.0,159.52,False,LONGA METRAGEM,False,False,False,True,False
False,False,False,103.0,7.0,7.0,2053.82,False,CURTA METRAGEM,False,False,False,False,True
False,False,False,8.0,3.0,3.0,159.52,True,LONGA METRAGEM,False,True,False,False,False
True,False,True,2807.0,661.0,25.0,57733.38,True,LONGA METRAGEM,False,False,True,False,False
False,False,False,0.0,4.0,4.0,0.0,False,CURTA METRAGEM,True,False,False,False,False
True,False,False,139.0,7.0,7.0,825.0,True,LONGA METRAGEM,False,True,False,False,False
False,False,False,2.0,1.0,1.0,20.0,False,LONGA METRAGEM,False,True,False,False,False
False,False,False,40.0,36.0,36.0,797.6,True,CURTA METRAGEM,False,False,False,False,True
True,False,False,725.0,67.0,19.0,10284.0,True,LONGA METRAGEM,False,False,True,False,False
True,False,False,765.0,140.0,133.0,15254.1,True,LONGA METRAGEM,False,False,True,False,False
True,False,True,522782.0,13888.0,73.0,8598477.11,True,LONGA METRAGEM,False,False,True,False,False
False,False,False,18.0,1.0,1.0,358.92,True,LONGA METRAGEM,False,False,True,False,False
True,False,True,1773.0,254.0,64.0,29120.08,True,LONGA METRAGEM,False,False,True,False,False
False,True,False,342.0,69.0,33.0,3305.52,True,LONGA METRAGEM,False,True,False,False,False
True,False,True,517.0,79.0,22.0,8542.67,True,LONGA METRAGEM,False,True,False,False,False
False,True,False,1173.0,115.0,31.0,13723.12,True,LONGA METRAGEM,False,True,False,False,False
False,False,False,558.0,58.0,25.0,7771.09,True,LONGA METRAGEM,False,True,False,False,False
True,False,True,10844.0,1301.0,14.0,188089.51,True,LONGA METRAGEM,False,False,True,False,False
True,True,False,373.0,83.0,32.0,2897.89,True,LONGA METRAGEM,False,True,False,False,False
False,False,True,251.0,25.0,18.0,5525.95,True,LONGA METRAGEM,False,True,False,False,False
False,False,False,49974.0,5284.0,67.0,871598.01,True,LONGA METRAGEM,False,False,True,False,False
False,False,False,389.0,56.0,27.0,5510.32,True,LONGA METRAGEM,False,False,True,False,False
False,True,False,323.0,55.0,18.0,5189.74,True,LONGA METRAGEM,False,False,True,False,False
True,False,False,275.0,14.0,11.0,5084.93,True,LONGA METRAGEM,False,False,True,False,False
False,False,True,10.0,2.0,2.0,273.0,True,LONGA METRAGEM,False,True,False,False,False
True,True,True,526.0,83.0,29.0,8797.46,True,LONGA METRAGEM,False,False,True,False,False
False,False,False,21.0,6.0,6.0,418.74,True,CURTA METRAGEM,False,False,False,False,True
True,False,True,1377.0,167.0,39.0,20630.68,True,LONGA METRAGEM,False,False,True,False,False
True,False,False,5395.0,354.0,73.0,57744.44,True,LONGA METRAGEM,False,False,True,False,False
True,True,False,4338.0,264.0,55.0,54761.34,True,LONGA METRAGEM,False,False,True,False,False
False,False,True,2364.0,497.0,35.0,45309.99,True,LONGA METRAGEM,False,False,True,False,False
False,False,False,11.0,1.0,1.0,219.34,True,LONGA METRAGEM,False,True,False,False,False
True,False,False,8.0,6.0,6.0,115.0,True,LONGA METRAGEM,False,True,False,False,False
False,False,False,406.0,40.0,40.0,3727.0,True,LONGA METRAGEM,False,True,False,False,False
False,False,False,0.0,1.0,1.0,0.0,False,LONGA METRAGEM,False,True,False,False,False
False,True,False,182.0,22.0,22.0,3629.0800000000004,True,LONGA METRAGEM,False,True,False,False,False
True,False,True,520.0,87.0,38.0,8293.68,True,LONGA METRAGEM,False,False,True,False,False
True,False,False,1.0,2.0,2.0,19.94,True,LONGA METRAGEM,False,True,False,False,False
True,False,False,4033.0,565.0,38.0,91377.76,True,LONGA METRAGEM,False,False,True,False,False
False,False,False,65.0,21.0,21.0,1296.1000000000001,True,CURTA METRAGEM,False,True,False,False,False
False,True,True,63.0,5.0,5.0,1256.22,True,LONGA METRAGEM,False,False,True,False,False
True,False,True,9752.0,479.0,146.0,134832.28,True,LONGA METRAGEM,False,True,False,False,False
False,False,False,582.0,10.0,1.0,11605.08,False,LONGA METRAGEM,False,True,False,False,False
True,False,True,22504.0,1180.0,51.0,422177.57,True,LONGA METRAGEM,False,False,True,False,False
True,False,False,1001.0,86.0,42.0,6371.26,True,LONGA METRAGEM,False,True,False,False,False
False,False,False,3.0,1.0,1.0,59.82000000000001,False,LONGA METRAGEM,False,True,False,False,False
False,False,False,12.0,1.0,1.0,239.28000000000003,True,LONGA METRAGEM,False,True,False,False,False
True,False,True,103994.0,10199.0,34.0,1796583.13,True,LONGA METRAGEM,False,False,True,False,False
False,False,False,1407.0,163.0,36.0,15259.48,True,LONGA METRAGEM,False,True,False,False,False
False,False,False,159.0,19.0,12.0,3009.07,True,LONGA METRAGEM,False,True,False,False,False
True,False,False,400.0,42.0,20.0,5032.05,True,LONGA METRAGEM,False,True,False,False,False
False,False,False,0.0,2.0,2.0,0.0,True,MÉDIA METRAGEM,False,False,False,False,True
True,True,False,2248.0,273.0,31.0,32747.1,True,LONGA METRAGEM,False,False,True,False,False
True,True,True,4616.0,439.0,62.0,74814.94,True,LONGA METRAGEM,False,False,True,False,False
True,False,True,2910.0,206.0,43.0,27735.7,True,LONGA METRAGEM,True,False,False,False,False
False,False,False,2722.0,312.0,26.0,37008.8,True,LONGA METRAGEM,False,True,False,False,False
False,False,False,2.0,1.0,1.0,39.88,True,CURTA METRAGEM,False,False,True,False,False
False,False,False,472.0,98.0,23.0,6546.45,True,LONGA METRAGEM,False,True,False,False,False
True,False,True,4695.0,346.0,44.0,65177.67,True,LONGA METRAGEM,False,False,True,False,False
True,False,False,58.0,7.0,7.0,1156.52,True,LONGA METRAGEM,False,False,True,False,False
False,False,False,993.0,72.0,26.0,13003.0,True,LONGA METRAGEM,False,False,True,False,False
True,False,True,366.0,29.0,7.0,4368.8,True,LONGA METRAGEM,False,False,True,False,False
True,False,False,8041.0,1191.0,20.0,149305.83,True,LONGA METRAGEM,False,False,True,False,False
False,False,False,41.0,7.0,7.0,817.5400000000001,True,LONGA METRAGEM,False,False,True,False,False
False,False,False,6.0,1.0,1.0,119.64000000000001,True,LONGA METRAGEM,False,False,True,False,False
True,False,False,201.0,26.0,19.0,1980.57,True,LONGA METRAGEM,False,True,False,False,False
False,False,False,2185.0,218.0,39.0,27497.67,True,LONGA METRAGEM,False,True,False,False,False
True,False,False,64.0,11.0,11.0,1276.16,True,LONGA METRAGEM,False,True,False,False,False
True,False,False,62.0,17.0,10.0,286.0,True,LONGA METRAGEM,False,True,False,False,False
False,False,True,891.0,1104.0,595.0,17766.54,True,LONGA METRAGEM,False,False,True,False,False
True,False,True,15601.0,1367.0,49.0,274873.84,True,LONGA METRAGEM,False,False,True,False,False
True,False,False,91.0,6.0,6.0,910.0,True,LONGA METRAGEM,False,True,False,False,False
True,False,True,454.0,117.0,33.0,5797.17,True,LONGA METRAGEM,False,False,True,False,False
False,False,False,336.0,86.0,10.0,6527.13,True,LONGA METRAGEM,False,False,True,False,False
False,False,False,268.0,54.0,44.0,2415.0,True,LONGA METRAGEM,False,True,False,False,False
False,False,True,32.0,7.0,7.0,638.08,True,MÉDIA METRAGEM,False,True,False,False,False
True,False,False,513.0,20.0,15.0,7322.0,True,LONGA METRAGEM,False,True,False,False,False
False,False,False,3547.0,349.0,78.0,59033.74,True,LONGA METRAGEM,False,True,False,False,False
True,True,True,27.0,8.0,8.0,538.38,True,LONGA METRAGEM,False,False,True,False,False
True,False,False,83847.0,2838.0,138.0,1686841.0,True,LONGA METRAGEM,False,True,False,False,False
True,False,True,2126.0,144.0,20.0,47434.0,True,LONGA METRAGEM,False,False,True,False,False
False,False,False,47768.0,924.0,59.0,767672.4,True,LONGA METRAGEM,False,False,True,False,False
True,False,False,2293.0,243.0,59.0,20593.15,True,LONGA METRAGEM,False,False,True,False,False
True,False,False,834.0,103.0,101.0,16629.960000000003,True,LONGA METRAGEM,False,True,False,False,False
False,False,True,214.0,23.0,12.0,3755.94,True,LONGA METRAGEM,False,False,True,False,False
False,False,False,2244.0,225.0,48.0,24382.54,True,LONGA METRAGEM,False,False,True,False,False
False,False,True,17.0,6.0,6.0,338.98,True,LONGA METRAGEM,False,True,False,False,False
False,False,True,548.0,83.0,15.0,8125.22,True,LONGA METRAGEM,False,False,True,False,False
False,False,False,6.0,1.0,1.0,119.64000000000001,True,LONGA METRAGEM,False,True,False,False,False
False,False,False,669.0,61.0,61.0,13339.86,True,LONGA METRAGEM,False,False,True,False,False
True,True,False,1374.0,112.0,14.0,6914.65,True,LONGA METRAGEM,False,False,True,False,False
False,False,False,78.0,14.0,14.0,1555.3200000000002,True,LONGA METRAGEM,False,True,False,False,False
False,False,True,108.0,40.0,13.0,1828.31,False,LONGA METRAGEM,False,False,True,False,False
True,True,False,121.0,14.0,14.0,1320.0,True,LONGA METRAGEM,False,False,True,False,False
True,False,False,273.0,38.0,17.0,2717.6,True,LONGA METRAGEM,False,False,True,False,False
False,False,True,122730.0,7124.0,23.0,2320309.79,True,LONGA METRAGEM,False,False,True,False,False
False,False,False,24560.0,1598.0,35.0,557642.58,False,LONGA METRAGEM,False,False,True,False,False
True,False,False,251.0,43.0,30.0,3702.06,True,LONGA METRAGEM,False,False,True,False,False
True,False,False,11.0,4.0,4.0,149.0,True,LONGA METRAGEM,False,True,False,False,False
True,True,False,725.0,107.0,28.0,10644.33,True,LONGA METRAGEM,False,False,True,False,False
False,False,False,231.0,10.0,2.0,4878.19,True,LONGA METRAGEM,False,False,True,False,False
False,False,False,155.0,1.0,1.0,3090.7000000000003,True,LONGA METRAGEM,False,True,False,False,False
True,False,False,750.0,92.0,40.0,10399.03,True,LONGA METRAGEM,False,True,False,False,False
False,False,False,1215.0,82.0,26.0,9741.7,True,LONGA METRAGEM,False,False,True,False,False
True,False,True,128.0,20.0,20.0,1381.13,True,LONGA METRAGEM,False,True,False,False,False
True,False,False,1073.0,86.0,22.0,13525.1,True,LONGA METRAGEM,False,True,False,False,False
False,False,False,39862.0,3043.0,29.0,825815.63,True,LONGA METRAGEM,False,False,True,False,False
True,False,False,227.0,25.0,25.0,4526.38,True,LONGA METRAGEM,False,True,False,False,False
True,True,False,532.0,71.0,16.0,8777.34,True,LONGA METRAGEM,False,False,True,False,False
True,True,False,234.0,42.0,27.0,3465.0,True,LONGA METRAGEM,True,False,False,False,False
True,False,True,9653.0,1485.0,18.0,176711.61,True,LONGA METRAGEM,False,False,True,False,False
True,False,False,521.0,11.0,11.0,5272.21,True,LONGA METRAGEM,False,True,False,False,False
False,True,False,14.0,1.0,1.0,279.16,True,LONGA METRAGEM,False,True,False,False,False
False,False,False,287.0,14.0,14.0,5722.780000000001,True,MÉDIA METRAGEM,False,True,False,False,False
True,True,True,3032.0,256.0,48.0,35035.73,True,LONGA METRAGEM,False,False,True,False,False
True,False,True,617.0,90.0,30.0,6883.84,True,LONGA METRAGEM,False,False,True,False,False
False,False,False,5.0,7.0,7.0,99.7,False,MÉDIA METRAGEM,False,True,False,False,False
True,False,False,1068.0,67.0,34.0,9220.59,True,LONGA METRAGEM,False,False,True,False,False
True,False,False,3043.0,269.0,70.0,41391.39,True,LONGA METRAGEM,False,True,False,False,False
True,False,True,3165.0,197.0,21.0,55457.68,True,LONGA METRAGEM,False,False,True,False,False
False,False,False,268.0,48.0,16.0,2695.65,True,LONGA METRAGEM,False,True,False,False,False
True,False,False,364.0,363.0,327.0,3493.0,True,LONGA METRAGEM,False,False,True,False,False
False,False,True,878046.0,20454.0,67.0,16285045.56,True,LONGA METRAGEM,False,False,True,False,False
False,False,True,0.0,1.0,1.0,0.0,True,MÉDIA METRAGEM,False,False,True,False,False
True,False,True,2640.0,208.0,39.0,38361.24,True,LONGA METRAGEM,False,True,False,False,False
True,False,False,143.0,26.0,26.0,2851.42,True,LONGA METRAGEM,False,False,True,False,False
False,False,False,65.0,7.0,7.0,852.0,False,LONGA METRAGEM,False,True,False,False,False
False,False,False,1598.0,162.0,41.0,20419.46,True,LONGA METRAGEM,False,True,False,False,False
False,False,False,336.0,13.0,13.0,6699.84,True,LONGA METRAGEM,False,True,False,False,False
True,False,False,61.0,12.0,4.0,714.31,True,LONGA METRAGEM,False,False,True,False,False
True,False,True,167878.0,5635.0,108.0,3491435.04,True,LONGA METRAGEM,False,False,True,False,False
False,False,True,2301323.0,36609.0,88.0,43752745.73,True,LONGA METRAGEM,False,False,True,False,False
False,False,False,107.0,30.0,30.0,2133.58,True,CURTA METRAGEM,False,False,False,False,True
True,False,True,1091.0,76.0,44.0,12209.46,True,LONGA METRAGEM,False,True,False,False,False
False,False,False,173.0,22.0,14.0,3316.91,True,LONGA METRAGEM,False,False,True,False,False
False,False,False,247.0,18.0,18.0,4925.18,True,LONGA METRAGEM,False,True,False,False,False
True,False,True,492.0,4.0,4.0,4537.14,True,LONGA METRAGEM,True,False,False,False,False
True,False,True,215707.0,10118.0,77.0,4249904.44,True,LONGA METRAGEM,False,False,True,False,False
True,False,False,540.0,5.0,2.0,3678.5,True,LONGA METRAGEM,False,False,True,False,False
True,False,False,18950.0,689.0,90.0,210628.76,True,LONGA METRAGEM,False,True,False,False,False
True,True,False,80.0,18.0,12.0,1671.28,True,LONGA METRAGEM,True,False,False,False,False
False,False,True,371.0,79.0,15.0,7173.31,True,LONGA METRAGEM,False,True,False,False,False
False,False,True,1018.0,166.0,23.0,18218.11,True,LONGA METRAGEM,False,False,True,False,False
False,False,True,140414.0,4768.0,64.0,2962441.41,True,LONGA METRAGEM,False,False,True,False,False
False,False,False,320.0,23.0,17.0,6294.01,True,LONGA METRAGEM,False,False,True,False,False
False,False,False,280.0,7.0,7.0,5583.200000000001,False,CURTA METRAGEM,False,False,True,False,False
False,False,True,1649559.0,24775.0,79.0,32366041.76,True,LONGA METRAGEM,False,False,True,False,False
True,False,True,497862.0,7619.0,93.0,8419388.24,True,LONGA METRAGEM,False,False,True,False,False
False,True,False,107.0,12.0,12.0,2133.58,True,LONGA METRAGEM,False,False,True,False,False
False,False,False,409.0,20.0,20.0,5998.3,True,LONGA METRAGEM,False,False,True,False,False
False,False,True,19467.0,2457.0,14.0,338222.26,True,LONGA METRAGEM,False,False,True,False,False
False,False,False,806.0,40.0,40.0,16071.640000000001,True,LONGA METRAGEM,False,True,False,False,False
False,False,False,117.0,1.0,1.0,2332.98,True,LONGA METRAGEM,False,False,True,False,False
True,False,False,182.0,50.0,18.0,2280.49,True,LONGA METRAGEM,False,True,False,False,False
True,False,True,322.0,44.0,13.0,5645.79,True,LONGA METRAGEM,False,True,False,False,False
False,False,False,9853.0,557.0,86.0,149097.01,True,LONGA METRAGEM,False,False,True,False,False
False,False,False,0.0,1.0,1.0,0.0,True,LONGA METRAGEM,False,True,False,False,False
False,False,True,3.0,1.0,1.0,59.82000000000001,True,LONGA METRAGEM,False,False,True,False,False
False,False,False,9.0,1.0,1.0,179.46,False,LONGA METRAGEM,False,False,True,False,False
False,True,True,3990.0,603.0,76.0,77672.6,True,LONGA METRAGEM,False,False,True,False,False
True,False,False,4679.0,171.0,51.0,72237.11,True,LONGA METRAGEM,False,False,True,False,False
False,False,False,46800.0,4264.0,27.0,883700.5,True,LONGA METRAGEM,False,False,True,False,False
False,False,False,2188.0,652.0,420.0,43628.72,True,CURTA METRAGEM,False,False,True,False,False
False,False,True,199151.0,8761.0,45.0,4059762.48,True,LONGA METRAGEM,False,False,True,False,False
True,False,False,2528.0,216.0,39.0,33372.31,True,LONGA METRAGEM,False,False,True,False,False
True,False,False,3071.0,7.0,7.0,42330.38,True,LONGA METRAGEM,False,False,True,False,False
True,False,False,1071.0,114.0,48.0,10663.46,True,LONGA METRAGEM,False,False,True,False,False
False,False,False,5218.0,83.0,6.0,104046.92000000001,True,LONGA METRAGEM,False,False,False,False,True
False,False,False,1555.0,72.0,34.0,31462.56,True,LONGA METRAGEM,False,True,False,False,False
False,False,False,1461.0,56.0,38.0,16316.0,True,LONGA METRAGEM,False,True,False,False,False
False,False,True,427090.0,17737.0,94.0,7518738.37,True,LONGA METRAGEM,False,False,True,False,False
True,False,True,3162.0,419.0,48.0,43923.32,True,LONGA METRAGEM,False,True,False,False,False
False,False,False,86.0,9.0,9.0,1714.8400000000001,True,LONGA METRAGEM,False,True,False,False,False
True,False,False,67.0,2.0,2.0,1335.98,True,LONGA METRAGEM,False,True,False,False,False
False,True,True,11531.0,803.0,71.0,183949.7,True,LONGA METRAGEM,False,False,True,False,False
False,False,True,95265.0,5996.0,45.0,1737856.3,True,LONGA METRAGEM,False,False,True,False,False
True,False,False,272.0,26.0,13.0,3804.27,True,LONGA METRAGEM,False,True,False,False,False
True,False,True,137.0,7.0,7.0,1152.0,True,LONGA METRAGEM,False,True,False,False,False
False,False,False,14.0,8.0,6.0,279.16,False,CURTA METRAGEM,False,False,False,False,True
True,False,False,112.0,116.0,108.0,2233.28,True,LONGA METRAGEM,False,True,False,False,False
True,False,True,28629.0,4392.0,93.0,519003.18,True,LONGA METRAGEM,False,False,True,False,False
False,False,False,210510.0,8954.0,67.0,3922844.02,True,LONGA METRAGEM,False,False,True,False,False
True,True,False,5854.0,342.0,48.0,95500.63,True,LONGA METRAGEM,False,False,True,False,False
True,False,True,7672.0,550.0,50.0,124487.05,True,LONGA METRAGEM,False,False,True,False,False
True,False,False,590.0,57.0,22.0,5417.66,True,LONGA METRAGEM,False,False,True,False,False
False,False,True,1778.0,7.0,3.0,20545.18,True,LONGA METRAGEM,False,True,False,False,False
False,False,False,521.0,50.0,34.0,5385.9,True,LONGA METRAGEM,False,False,True,False,False
False,False,False,18.0,1.0,1.0,358.92,True,MÉDIA METRAGEM,False,False,True,False,False
False,False,True,101.0,3.0,3.0,2015.12,False,LONGA METRAGEM,False,True,False,False,False
True,False,False,548.0,53.0,20.0,4874.63,True,LONGA METRAGEM,False,False,True,False,False
True,False,False,0.0,1.0,1.0,0.0,True,MÉDIA METRAGEM,False,True,False,False,False
True,False,True,6104.0,390.0,54.0,87157.22,True,LONGA METRAGEM,False,False,True,False,False
False,False,False,2575.0,381.0,176.0,51345.5,True,CURTA METRAGEM,False,True,False,False,False
True,True,True,6882.0,428.0,21.0,121234.91,True,LONGA METRAGEM,False,False,True,False,False
True,False,False,72251.0,1835.0,105.0,1099911.28,True,LONGA METRAGEM,False,True,False,False,False
False,False,True,629.0,47.0,19.0,9329.25,True,LONGA METRAGEM,False,False,True,False,False
True,False,False,1328.0,125.0,33.0,11973.39,True,LONGA METRAGEM,False,False,True,False,False
False,False,False,657.0,27.0,23.0,12050.54,True,LONGA METRAGEM,False,True,False,False,False
False,False,True,80.0,10.0,2.0,1498.0,True,LONGA METRAGEM,False,True,False,False,False
True,False,True,8562.0,1259.0,14.0,158259.43,True,LONGA METRAGEM,False,False,True,False,False
False,False,False,4995.0,158.0,3.0,162010.57,False,LONGA METRAGEM,False,False,False,False,True
True,False,True,9101.0,2201.0,52.0,185196.65,True,LONGA METRAGEM,False,False,True,False,False
True,False,True,2717.0,298.0,31.0,52784.95,True,LONGA METRAGEM,False,False,True,False,False
True,True,False,925.0,102.0,33.0,11443.12,True,LONGA METRAGEM,False,False,True,False,False
True,False,True,312.0,38.0,26.0,4336.11,True,LONGA METRAGEM,False,True,False,False,False
True,False,True,20987.0,1043.0,99.0,365742.72,True,LONGA METRAGEM,False,False,True,False,False
False,False,False,572.0,37.0,18.0,7598.0,True,LONGA METRAGEM,False,True,False,False,False
False,False,True,142.0,48.0,6.0,3037.91,True,LONGA METRAGEM,False,False,True,False,False
False,False,True,8803.0,1120.0,148.0,90885.46,True,LONGA METRAGEM,True,False,False,False,False
True,False,False,26.0,14.0,7.0,514.52,True,LONGA METRAGEM,False,True,False,False,False
True,False,True,218.0,46.0,15.0,3296.76,True,LONGA METRAGEM,False,True,False,False,False
False,False,False,41.0,7.0,7.0,397.5,True,LONGA METRAGEM,False,True,False,False,False
True,False,False,12658.0,603.0,87.0,176830.25,True,LONGA METRAGEM,False,False,True,False,False
False,False,False,13924.0,260.0,10.0,210512.99,True,LONGA METRAGEM,False,False,True,False,False
True,False,False,731.0,75.0,36.0,6646.0,True,LONGA METRAGEM,False,True,False,False,False
True,False,True,11.0,7.0,5.0,240.31,True,LONGA METRAGEM,False,True,False,False,False
True,False,True,530.0,29.0,5.0,8847.38,True,LONGA METRAGEM,False,False,True,False,False
False,False,False,1147.0,173.0,12.0,22485.0,False,LONGA METRAGEM,False,False,True,False,False
False,False,True,590.0,3029.0,946.0,11764.6,True,LONGA METRAGEM,False,False,True,False,False
True,False,False,2423.0,206.0,46.0,23635.17,True,LONGA METRAGEM,False,True,False,False,False
False,False,True,55303.0,5715.0,26.0,1001579.62,True,LONGA METRAGEM,False,False,True,False,False
False,False,False,50.0,10.0,10.0,997.0000000000001,False,LONGA METRAGEM,False,True,False,False,False
False,False,True,162.0,6.0,6.0,1635.0,True,LONGA METRAGEM,False,True,False,False,False
False,False,False,19.0,3.0,3.0,378.86,True,LONGA METRAGEM,False,False,True,False,False
False,False,True,17557.0,1787.0,27.0,344139.22,True,LONGA METRAGEM,False,False,True,False,False
False,False,False,149.0,19.0,14.0,2430.27,True,LONGA METRAGEM,False,True,False,False,False
False,False,False,83.0,6.0,6.0,830.0,True,LONGA METRAGEM,False,True,False,False,False
True,False,False,6224.0,622.0,20.0,93323.1,True,LONGA METRAGEM,False,False,True,False,False
True,False,True,63560.0,4741.0,22.0,1205152.75,True,LONGA METRAGEM,False,False,True,False,False
False,False,False,4973.0,354.0,57.0,75508.43,True,LONGA METRAGEM,False,False,True,False,False
True,False,False,576.0,61.0,28.0,9599.66,True,LONGA METRAGEM,False,True,False,False,False
True,False,True,1849.0,16.0,16.0,29508.16,True,LONGA METRAGEM,False,True,False,False,False
False,False,False,510.0,53.0,53.0,10169.400000000001,True,CURTA METRAGEM,False,False,False,False,True
True,False,True,4817.0,666.0,14.0,91758.72,True,LONGA METRAGEM,False,False,True,False,False
False,False,False,2695.0,285.0,45.0,43624.62,True,LONGA METRAGEM,False,True,False,False,False
True,False,False,3481.0,342.0,62.0,51554.92,True,LONGA METRAGEM,False,False,True,False,False
True,False,True,236.0,5.0,5.0,4615.28,True,LONGA METRAGEM,False,True,False,False,False
True,False,False,0.0,1.0,1.0,0.0,True,MÉDIA METRAGEM,False,True,False,False,False
True,False,False,1373.0,129.0,26.0,16038.72,True,LONGA METRAGEM,False,False,True,False,False
True,False,False,37.0,7.0,7.0,359.27,True,LONGA METRAGEM,False,True,False,False,False
True,False,True,191945.0,5502.0,112.0,3454330.71,True,LONGA METRAGEM,False,False,True,False,False
True,False,False,6829.0,454.0,57.0,109804.68,True,LONGA METRAGEM,False,False,True,False,False
True,False,True,5860.0,435.0,57.0,108791.56,True,LONGA METRAGEM,False,False,True,False,False
False,False,False,27.0,1.0,1.0,224.0,True,LONGA METRAGEM,False,True,False,False,False
True,False,False,35.0,1.0,1.0,604.5,True,LONGA METRAGEM,False,False,True,False,False
True,False,False,655.0,49.0,31.0,9560.34,True,LONGA METRAGEM,False,False,True,False,False
False,True,False,148.0,1.0,1.0,2951.1200000000003,True,LONGA METRAGEM,False,True,False,False,False
False,False,False,8.0,3.0,3.0,159.52,True,LONGA METRAGEM,False,True,False,False,False
True,False,True,1370.0,331.0,14.0,28408.89,True,LONGA METRAGEM,False,False,True,False,False
False,False,False,243.0,38.0,24.0,2801.54,True,LONGA METRAGEM,False,False,True,False,False
True,False,True,5430.0,787.0,89.0,80689.92,True,LONGA METRAGEM,True,False,False,False,False
False,True,False,5857306.0,73704.0,185.0,118216149.31,True,LONGA METRAGEM,False,False,True,False,False
False,False,True,268.0,60.0,13.0,4654.22,True,LONGA METRAGEM,False,True,False,False,False
True,False,True,717.0,31.0,13.0,7579.13,True,LONGA METRAGEM,False,False,True,False,False
True,True,False,590.0,88.0,31.0,5841.37,True,LONGA METRAGEM,False,True,False,False,False
True,False,True,308.0,33.0,33.0,4494.22,True,LONGA METRAGEM,False,True,False,False,False
True,False,True,482.0,63.0,26.0,10947.61,True,LONGA METRAGEM,False,True,False,False,False
True,False,False,462.0,44.0,44.0,4922.27,True,LONGA METRAGEM,False,True,False,False,False
False,False,True,3001.0,195.0,53.0,49085.07,True,LONGA METRAGEM,False,True,False,False,False
False,False,True,17227.0,1815.0,22.0,346053.99,True,LONGA METRAGEM,False,False,True,False,False
False,True,False,7217.0,154.0,28.0,138561.12,True,LONGA METRAGEM,False,True,False,False,False
True,True,True,370913.0,14893.0,68.0,7379630.17,True,LONGA METRAGEM,True,False,False,False,False
False,False,False,1226.0,42.0,19.0,22586.02,True,LONGA METRAGEM,False,True,False,False,False
True,False,False,50.0,2.0,2.0,997.0000000000001,True,LONGA METRAGEM,True,False,False,False,False
False,False,False,734.0,126.0,43.0,9539.06,True,LONGA METRAGEM,False,True,False,False,False
True,False,True,7383.0,553.0,30.0,175249.77,True,LONGA METRAGEM,False,False,True,False,False
True,False,False,236.0,20.0,20.0,5076.71,True,LONGA METRAGEM,False,True,False,False,False
True,False,True,1391.0,179.0,36.0,16802.04,True,LONGA METRAGEM,False,True,False,False,False
False,False,False,4811.0,94.0,1.0,98737.69,True,LONGA METRAGEM,False,False,True,False,False
True,False,True,27040.0,2422.0,54.0,560889.18,True,LONGA METRAGEM,False,False,True,False,False
False,False,True,11100.0,2079.0,40.0,179154.51,True,LONGA METRAGEM,False,False,True,False,False
False,False,True,2397.0,151.0,25.0,12524.59,True,LONGA METRAGEM,False,False,True,False,False
True,True,True,25993.0,566.0,76.0,413643.84,True,LONGA METRAGEM,False,False,True,False,False
True,False,True,26286.0,2742.0,93.0,534893.84,True,LONGA METRAGEM,False,False,True,False,False
True,False,False,52.0,1.0,1.0,1036.88,True,LONGA METRAGEM,False,False,True,False,False
False,False,False,132.0,16.0,7.0,1831.25,True,LONGA METRAGEM,False,False,True,False,False
False,False,False,619.0,67.0,33.0,5315.1,True,LONGA METRAGEM,False,False,True,False,False
False,False,False,0.0,1.0,1.0,0.0,True,LONGA METRAGEM,False,True,False,False,False
False,False,False,0.0,2.0,2.0,0.0,True,CURTA METRAGEM,False,False,False,False,True
True,False,True,25913.0,3705.0,35.0,451426.08,True,LONGA METRAGEM,False,False,True,False,False
False,False,False,188.0,15.0,15.0,3748.7200000000003,True,LONGA METRAGEM,False,False,True,False,False
False,False,False,444.0,1.0,1.0,8853.36,False,LONGA METRAGEM,False,False,True,False,False
False,False,True,997770.0,26057.0,77.0,17286139.84,True,LONGA METRAGEM,False,False,True,False,False
False,False,False,0.0,1.0,1.0,0.0,False,MÉDIA METRAGEM,False,True,False,False,False
True,False,True,2643.0,165.0,30.0,24775.649999999998,True,LONGA METRAGEM,False,False,True,False,False
False,False,False,2939.0,13.0,1.0,64446.08,True,MÉDIA METRAGEM,False,False,False,False,True
False,False,True,11062.0,541.0,112.0,174615.25,True,LONGA METRAGEM,False,True,False,False,False
False,False,False,228.0,25.0,23.0,2532.38,True,MÉDIA METRAGEM,False,True,False,False,False
False,False,False,319.0,14.0,14.0,4011.65,True,LONGA METRAGEM,False,True,False,False,False
False,True,True,535.0,38.0,7.0,12686.02,True,LONGA METRAGEM,True,False,False,False,False
False,False,False,191.0,35.0,23.0,2510.51,True,LONGA METRAGEM,False,True,False,False,False
False,False,False,92.0,4.0,4.0,1834.48,True,LONGA METRAGEM,False,False,True,False,False
False,False,False,464.0,25.0,24.0,7638.8,False,LONGA METRAGEM,False,True,False,False,False
True,False,True,74950.0,4258.0,45.0,1555208.47,True,LONGA METRAGEM,False,False,True,False,False
False,False,False,36189.0,1458.0,33.0,761823.24,False,LONGA METRAGEM,False,False,True,False,False
True,True,True,3857.0,6.0,6.0,45861.87,True,LONGA METRAGEM,False,False,True,False,False
True,False,False,67.0,6.0,6.0,667.5,True,LONGA METRAGEM,False,False,True,False,False
True,True,False,251.0,64.0,23.0,2962.65,True,LONGA METRAGEM,False,False,True,False,False
False,True,True,27717.0,3214.0,49.0,518315.42,True,LONGA METRAGEM,False,False,True,False,False
False,False,False,11.0,4.0,4.0,219.34,False,LONGA METRAGEM,False,True,False,False,False
False,False,True,6774.0,397.0,49.0,103429.76,True,LONGA METRAGEM,False,True,False,False,False
True,False,True,605.0,74.0,14.0,9273.74,True,LONGA METRAGEM,False,False,True,False,False
False,False,False,29.0,7.0,7.0,578.26,True,MÉDIA METRAGEM,False,True,False,False,False
False,False,True,40335.0,2858.0,99.0,731847.08,True,LONGA METRAGEM,False,False,True,False,False
True,True,False,2915.0,240.0,40.0,32835.72,True,LONGA METRAGEM,False,False,True,False,False
False,False,False,183.0,19.0,19.0,2089.0,True,LONGA METRAGEM,False,True,False,False,False
True,False,True,646521.0,14622.0,89.0,13991250.21,True,LONGA METRAGEM,False,False,True,False,False
False,False,False,38.0,13.0,13.0,757.72,False,CURTA METRAGEM,False,False,False,False,True
False,False,False,19440.0,2788.0,26.0,372336.0,True,LONGA METRAGEM,False,False,True,False,False
False,False,False,39.0,16.0,7.0,864.17,True,LONGA METRAGEM,False,False,True,False,False
True,False,True,800.0,160.0,33.0,13438.44,True,LONGA METRAGEM,False,False,True,False,False
True,False,False,0.0,1.0,1.0,0.0,True,LONGA METRAGEM,False,True,False,False,False
True,False,False,1180.0,271.0,28.0,19266.51,True,LONGA METRAGEM,True,False,False,False,False
True,False,True,5915.0,327.0,66.0,61805.46,True,LONGA METRAGEM,False,False,True,False,False
True,True,False,14.0,4.0,4.0,208.0,True,LONGA METRAGEM,False,False,True,False,False
False,False,True,3358.0,308.0,37.0,51804.5,True,LONGA METRAGEM,False,False,True,False,False
False,False,False,100144.0,9900.0,147.0,1705511.15,True,LONGA METRAGEM,False,False,True,False,False
True,False,False,12240.0,582.0,97.0,178798.98,True,LONGA METRAGEM,False,True,False,False,False
True,False,False,5.0,1.0,1.0,99.7,True,LONGA METRAGEM,False,True,False,False,False
False,False,False,1203.0,37.0,9.0,23987.820000000003,False,LONGA METRAGEM,False,False,False,False,True
True,False,True,15913.0,2611.0,57.0,275892.0,True,LONGA METRAGEM,False,False,True,False,False
False,False,True,22669.0,867.0,92.0,448652.88,True,LONGA METRAGEM,False,False,True,False,False
True,False,False,10.0,3.0,3.0,199.4,True,LONGA METRAGEM,False,False,True,False,False
False,True,False,438.0,69.0,26.0,4881.4,True,LONGA METRAGEM,False,False,True,False,False
False,False,False,0.0,5.0,5.0,0.0,True,LONGA METRAGEM,False,True,False,False,False
True,False,True,253.0,22.0,14.0,5225.13,True,LONGA METRAGEM,False,True,False,False,False
False,False,False,488.0,51.0,26.0,6450.53,True,LONGA METRAGEM,False,True,False,False,False
True,False,False,346.0,12.0,12.0,3497.0,True,LONGA METRAGEM,False,True,False,False,False
True,False,False,757.0,76.0,35.0,14241.84,True,LONGA METRAGEM,False,True,False,False,False
True,False,True,22497.0,1939.0,75.0,400616.6,True,LONGA METRAGEM,False,False,True,False,False
True,False,False,0.0,1.0,1.0,0.0,True,LONGA METRAGEM,False,True,False,False,False
False,False,False,7547.0,90.0,1.0,119518.0,True,LONGA METRAGEM,False,True,False,False,False
False,False,True,97005.0,6927.0,36.0,1892443.04,True,LONGA METRAGEM,False,False,True,False,False
False,False,False,579.0,76.0,11.0,8877.32,True,LONGA METRAGEM,False,True,False,False,False
True,False,True,19436.0,1616.0,33.0,366141.03,True,LONGA METRAGEM,False,False,True,False,False
True,True,False,374.0,1.0,1.0,4973.27,True,LONGA METRAGEM,False,False,True,False,False
True,True,True,67387.0,3231.0,112.0,1138650.57,True,LONGA METRAGEM,False,False,True,False,False
False,False,False,1008.0,138.0,47.0,14819.7,True,LONGA METRAGEM,False,True,False,False,False
False,False,True,0.0,1.0,1.0,0.0,False,LONGA METRAGEM,False,True,False,False,False
True,False,False,1194.0,128.0,32.0,17656.02,True,LONGA METRAGEM,False,True,False,False,False
True,False,True,79.0,14.0,14.0,1252.02,True,LONGA METRAGEM,True,False,False,False,False
False,False,True,4442196.0,38781.0,64.0,85017641.7,True,LONGA METRAGEM,False,False,True,False,False
False,False,False,0.0,3.0,2.0,0.0,True,CURTA METRAGEM,False,False,True,False,False
True,False,False,55.0,7.0,7.0,1264.05,True,LONGA METRAGEM,False,True,False,False,False
True,False,True,3361.0,271.0,37.0,51023.74,True,LONGA METRAGEM,False,False,True,False,False
False,False,True,4923.0,272.0,81.0,92939.3,True,LONGA METRAGEM,False,False,True,False,False
False,False,False,1259.0,24.0,23.0,20007.43,True,LONGA METRAGEM,False,False,True,False,False
True,True,False,799.0,121.0,38.0,9049.21,True,LONGA METRAGEM,False,False,True,False,False
True,False,False,151.0,67.0,12.0,2592.65,True,LONGA METRAGEM,False,True,False,False,False
True,False,False,255.0,10.0,10.0,5084.700000000001,True,LONGA METRAGEM,False,False,True,False,False
True,False,False,70.0,4.0,4.0,620.0,True,LONGA METRAGEM,True,False,False,False,False
False,False,False,270.0,3.0,3.0,5383.8,True,MÉDIA METRAGEM,False,True,False,False,False
False,False,False,392.0,87.0,12.0,8284.0,True,LONGA METRAGEM,False,False,True,False,False
True,False,True,11709.0,845.0,67.0,183649.98,True,LONGA METRAGEM,False,False,True,False,False
False,False,False,197.0,8.0,7.0,3774.66,True,LONGA METRAGEM,False,False,True,False,False
True,True,True,12546.0,1491.0,18.0,259041.71,True,LONGA METRAGEM,False,False,True,False,False
True,False,True,1913522.0,27542.0,189.0,36468385.54,True,LONGA METRAGEM,False,False,True,False,False
True,False,True,1526.0,181.0,30.0,17507.77,True,LONGA METRAGEM,False,False,True,False,False
True,False,False,981.0,60.0,23.0,7691.31,True,LONGA METRAGEM,False,False,True,False,False
False,False,False,967.0,74.0,24.0,12708.12,True,LONGA METRAGEM,False,False,True,False,False
False,False,True,31027.0,3998.0,41.0,525756.73,True,LONGA METRAGEM,False,False,True,False,False
False,False,True,2778.0,374.0,34.0,44889.62,True,LONGA METRAGEM,False,False,True,False,False
False,False,False,381.0,21.0,21.0,7597.14,True,MÉDIA METRAGEM,False,False,True,False,False
True,True,False,1308.0,167.0,35.0,20284.63,True,LONGA METRAGEM,False,False,True,False,False
True,False,True,21683.0,3304.0,33.0,407400.37,True,LONGA METRAGEM,False,False,True,False,False
False,False,False,1053.0,62.0,62.0,20996.82,True,MÉDIA METRAGEM,False,True,False,False,False
False,False,False,1184.0,20.0,20.0,23608.960000000003,True,LONGA METRAGEM,False,False,True,False,False
True,True,False,361.0,37.0,17.0,3773.07,True,LONGA METRAGEM,False,False,True,False,False
False,False,False,2864.0,250.0,47.0,38268.69,True,LONGA METRAGEM,False,False,True,False,False
True,False,True,1233.0,99.0,54.0,25689.11,True,LONGA METRAGEM,False,True,False,False,False
False,False,True,47.0,100.0,100.0,886.37,True,LONGA METRAGEM,False,True,False,False,False
True,False,False,0.0,1.0,1.0,0.0,True,LONGA METRAGEM,False,True,False,False,False
False,False,False,199.0,14.0,14.0,3968.0600000000004,True,CURTA METRAGEM,False,False,False,False,True
False,False,False,774.0,146.0,39.0,10825.85,True,LONGA METRAGEM,False,False,True,False,False
True,False,False,154.0,24.0,18.0,1773.41,True,LONGA METRAGEM,False,True,False,False,False
False,False,True,126.0,11.0,11.0,3577.7,True,LONGA METRAGEM,False,True,False,False,False
False,False,False,819.0,49.0,26.0,8814.77,True,LONGA METRAGEM,False,True,False,False,False
False,False,False,367.0,52.0,11.0,7706.26,True,LONGA METRAGEM,False,False,True,False,False
False,False,False,6057.0,318.0,71.0,47052.96,True,LONGA METRAGEM,False,False,True,False,False
False,True,True,1225.0,36.0,9.0,24600.06,True,LONGA METRAGEM,False,False,True,False,False
True,True,False,5844.0,298.0,47.0,54815.49,True,LONGA METRAGEM,False,False,True,False,False
True,False,False,1351.0,194.0,17.0,26805.93,True,LONGA METRAGEM,False,False,True,False,False
True,False,False,30.0,1.0,1.0,598.2,True,LONGA METRAGEM,False,True,False,False,False
True,False,False,674.0,10.0,10.0,7742.4,True,LONGA METRAGEM,False,False,True,False,False
True,False,True,98233.0,8599.0,55.0,1380986.54,True,LONGA METRAGEM,False,False,True,False,False
False,False,False,136.0,70.0,63.0,2711.84,False,MÉDIA METRAGEM,False,False,False,True,False
False,False,True,500.0,9.0,9.0,9970.0,True,MÉDIA METRAGEM,False,True,False,False,False
True,True,True,319.0,52.0,19.0,6804.8,True,LONGA METRAGEM,False,False,True,False,False
True,False,True,109.0,17.0,11.0,2018.3,True,LONGA METRAGEM,False,True,False,False,False
False,False,False,398.0,60.0,28.0,11744.66,False,MÉDIA METRAGEM,False,False,True,False,False
True,False,False,557.0,36.0,34.0,6374.62,True,LONGA METRAGEM,False,False,True,False,False
True,False,False,459.0,94.0,30.0,6295.24,True,LONGA METRAGEM,False,True,False,False,False
True,False,True,2.0,2726.0,882.0,20.0,True,LONGA METRAGEM,False,True,False,False,False
True,False,True,1080.0,194.0,14.0,21989.82,True,LONGA METRAGEM,False,False,True,False,False
False,False,False,1403.0,189.0,37.0,21109.38,True,LONGA METRAGEM,False,False,True,False,False
False,False,False,0.0,1.0,1.0,0.0,False,CURTA METRAGEM,False,False,False,False,True
True,False,False,94.0,13.0,13.0,1874.3600000000001,True,LONGA METRAGEM,False,False,True,False,False
False,False,True,156436.0,10640.0,141.0,2757868.52,True,LONGA METRAGEM,False,False,True,False,False
True,False,True,205509.0,9607.0,56.0,3713906.48,True,LONGA METRAGEM,False,False,True,False,False
False,False,True,193630.0,6501.0,134.0,3404950.34,True,LONGA METRAGEM,False,False,True,False,False
False,False,False,23.0,1.0,1.0,458.62,True,LONGA METRAGEM,False,False,True,False,False
True,False,True,19564.0,621.0,42.0,227572.62,True,LONGA METRAGEM,False,False,True,False,False
False,False,True,115.0,17.0,11.0,1601.61,True,LONGA METRAGEM,False,True,False,False,False
True,False,True,141329.0,7840.0,49.0,2676971.98,True,LONGA METRAGEM,False,False,True,False,False
False,False,True,41887.0,1793.0,58.0,853185.01,True,LONGA METRAGEM,False,False,True,False,False
False,False,True,14232.0,1723.0,16.0,272518.06,True,LONGA METRAGEM,False,False,True,False,False
True,False,True,12914.0,1561.0,22.0,204525.4,True,LONGA METRAGEM,False,False,True,False,False
False,False,False,2687.0,47.0,3.0,78423.4,True,LONGA METRAGEM,False,False,False,False,True
True,True,False,16.0,2.0,2.0,319.04,True,LONGA METRAGEM,False,True,False,False,False
False,False,False,9559.0,1746.0,98.0,197964.32,True,MÉDIA METRAGEM,True,False,False,False,False
False,False,True,0.0,1.0,1.0,0.0,True,LONGA METRAGEM,False,True,False,False,False
False,False,True,12172.0,339.0,300.0,223105.45,True,LONGA METRAGEM,False,True,False,False,False
False,False,False,39005.0,2275.0,25.0,759767.46,True,LONGA METRAGEM,False,False,True,False,False
False,False,False,692.0,24.0,17.0,2717.88,True,LONGA METRAGEM,False,False,True,False,False
True,True,True,1310.0,140.0,42.0,20666.26,True,LONGA METRAGEM,False,False,True,False,False
False,False,False,330.0,11.0,11.0,3889.75,False,LONGA METRAGEM,False,True,False,False,False
True,False,True,109520.0,7063.0,831.0,2079266.76,True,LONGA METRAGEM,False,False,True,False,False
False,True,False,26.0,4.0,3.0,442.0,True,LONGA METRAGEM,False,False,True,False,False
True,False,False,1257.0,127.0,40.0,12590.03,True,LONGA METRAGEM,False,False,True,False,False
True,False,False,671.0,72.0,32.0,7240.76,True,LONGA METRAGEM,False,True,False,False,False
False,False,False,225.0,13.0,13.0,5026.0,True,LONGA METRAGEM,False,True,False,False,False
False,False,True,3276.0,216.0,36.0,58700.71,True,LONGA METRAGEM,False,False,True,False,False
True,False,True,142484.0,1456.0,7.0,1631510.68,True,LONGA METRAGEM,False,False,True,False,False
True,True,False,307.0,51.0,22.0,4299.91,True,LONGA METRAGEM,False,False,True,False,False
True,False,False,8673.0,512.0,22.0,151581.01,True,LONGA METRAGEM,False,True,False,False,False
False,False,False,431.0,10.0,9.0,6573.25,False,LONGA METRAGEM,False,True,False,False,False
True,False,True,16589.0,3069.0,43.0,306491.86,True,LONGA METRAGEM,False,False,True,False,False
False,False,False,38.0,9.0,9.0,692.78,True,LONGA METRAGEM,False,False,True,False,False
False,False,False,1834.0,7.0,1.0,32545.32,True,LONGA METRAGEM,False,False,True,False,False
False,False,False,0.0,1.0,1.0,0.0,False,LONGA METRAGEM,False,True,False,False,False
False,False,False,386.0,27.0,27.0,6417.45,True,LONGA METRAGEM,False,False,True,False,False
False,False,False,10.0,1.0,1.0,199.4,True,MÉDIA METRAGEM,False,False,True,False,False
False,False,False,0.0,1.0,1.0,0.0,True,CURTA METRAGEM,False,False,False,False,True
False,False,False,55.0,26.0,26.0,1096.7,True,LONGA METRAGEM,False,True,False,False,False
False,False,False,277801.0,10338.0,48.0,4943483.77,True,LONGA METRAGEM,False,False,True,False,False
False,False,False,93.0,4.0,4.0,1854.42,True,MÉDIA METRAGEM,False,True,False,False,False
False,False,False,101.0,6.0,6.0,2013.94,False,LONGA METRAGEM,False,False,False,False,True
False,False,False,16.0,1.0,1.0,319.04,True,LONGA METRAGEM,False,False,True,False,False
False,False,False,10.0,4.0,4.0,207.1,True,LONGA METRAGEM,False,True,False,False,False
True,False,False,2926.0,205.0,40.0,30211.1,True,LONGA METRAGEM,False,False,True,False,False
False,False,False,18.0,7.0,7.0,358.92,True,LONGA METRAGEM,False,False,True,False,False
True,False,False,21191.0,1896.0,11.0,329226.93,True,LONGA METRAGEM,False,False,True,False,False
True,True,True,20421.0,1031.0,90.0,372741.45,True,LONGA METRAGEM,False,False,True,False,False
False,False,True,30374.0,1151.0,83.0,555190.03,True,LONGA METRAGEM,False,True,False,False,False
True,False,True,7.0,276.0,241.0,70.0,True,LONGA METRAGEM,False,True,False,False,False
False,False,True,1960.0,2305.0,818.0,39082.4,True,LONGA METRAGEM,False,False,True,False,False
False,False,False,666.0,56.0,21.0,7444.16,True,LONGA METRAGEM,False,False,True,False,False
True,False,True,7995.0,344.0,62.0,88186.59,True,LONGA METRAGEM,False,False,True,False,False
True,False,True,113562.0,13084.0,1571.0,2226861.33,True,LONGA METRAGEM,False,False,True,False,False
False,False,False,416.0,11.0,10.0,6331.5,True,LONGA METRAGEM,False,True,False,False,False
True,True,True,180617.0,452.0,10.0,2929515.3,True,LONGA METRAGEM,False,False,True,False,False
False,False,False,33.0,1.0,1.0,658.0200000000001,True,LONGA METRAGEM,False,False,True,False,False
False,False,False,108.0,190.0,163.0,2418.24,True,LONGA METRAGEM,False,True,False,False,False
False,False,False,7.0,7.0,7.0,139.58,True,CURTA METRAGEM,False,False,False,False,True
False,False,False,1152.0,17.0,9.0,22970.88,False,LONGA METRAGEM,False,False,False,False,True
True,False,True,46264.0,1700.0,93.0,863482.51,True,LONGA METRAGEM,False,True,False,False,False
True,True,False,10795.0,741.0,350.0,231161.56,True,LONGA METRAGEM,False,False,True,False,False
False,False,False,43281.0,41.0,1.0,1399974.44,False,LONGA METRAGEM,False,False,False,False,True
False,False,False,662.0,61.0,16.0,6997.05,True,LONGA METRAGEM,False,True,False,False,False
True,False,True,67474.0,18275.0,2173.0,983391.3,True,LONGA METRAGEM,False,False,True,False,False
True,False,True,14035.0,815.0,74.0,276329.35,True,LONGA METRAGEM,False,True,False,False,False
False,False,False,0.0,1.0,1.0,0.0,False,MÉDIA METRAGEM,False,True,False,False,False
False,False,False,735713.0,19090.0,140.0,15621834.49,False,LONGA METRAGEM,False,False,True,False,False
False,False,False,799.0,92.0,27.0,7925.15,True,LONGA METRAGEM,False,True,False,False,False
False,False,False,314.0,7.0,7.0,6261.160000000001,False,CURTA METRAGEM,False,False,True,False,False
